t_s,idx,spos_ms,interval_pos,interval_len,interval_phase_ms,bpm,bpi,loop,nusers,remote_peak,upk0,upk1,upk2,upk3
0.101,0,83.000,3997,192000,3999.729,120.0,8,1,2,0.00000,0.00000,0.00000,0.00000,0.00000
0.101,1,83.000,4006,192000,3999.542,120.0,8,1,2,0.00000,0.00000,0.00000,0.00000,0.00000
0.101,2,83.000,3987,192000,3999.938,120.0,8,1,2,0.00000,0.00000,0.00000,0.00000,0.00000
0.203,0,185.000,8909,192000,3999.396,120.0,8,1,2,0.00000,0.00000,0.00000,0.00000,0.00000
0.203,1,186.000,8930,192000,3999.958,120.0,8,1,2,0.00000,0.00000,0.00000,0.00000,0.00000
0.203,2,185.000,8886,192000,3999.875,120.0,8,1,2,0.00000,0.00000,0.00000,0.00000,0.00000
0.304,0,286.000,13750,192000,3999.542,120.0,8,1,2,0.00000,0.00000,0.00000,0.00000,0.00000
0.304,1,287.000,13784,192000,3999.833,120.0,8,1,2,0.00000,0.00000,0.00000,0.00000,0.00000
0.304,2,285.000,13716,192000,3999.250,120.0,8,1,2,0.00000,0.00000,0.00000,0.00000,0.00000
0.405,0,387.000,18607,192000,3999.354,120.0,8,1,2,0.00000,0.00000,0.00000,0.00000,0.00000
0.405,1,388.000,18653,192000,3999.396,120.0,8,1,2,0.00000,0.00000,0.00000,0.00000,0.00000
0.405,2,386.000,18560,192000,3999.333,120.0,8,1,2,0.00000,0.00000,0.00000,0.00000,0.00000
0.508,0,490.000,23520,192000,0.000,120.0,8,1,2,0.00000,0.00000,0.00000,0.00000,0.00000
0.508,1,491.000,23578,192000,3999.792,120.0,8,1,2,0.00000,0.00000,0.00000,0.00000,0.00000
0.508,2,488.000,23460,192000,3999.250,120.0,8,1,2,0.00000,0.00000,0.00000,0.00000,0.00000
0.609,0,590.000,28364,192000,3999.083,120.0,8,1,2,0.00000,0.00000,0.00000,0.00000,0.00000
0.609,1,592.000,28435,192000,3999.604,120.0,8,1,2,0.00000,0.00000,0.00000,0.00000,0.00000
0.609,2,589.000,28293,192000,3999.562,120.0,8,1,2,0.00000,0.00000,0.00000,0.00000,0.00000
0.711,0,693.000,33277,192000,3999.729,120.0,8,1,2,0.00000,0.00000,0.00000,0.00000,0.00000
0.711,1,694.000,33359,192000,3999.021,120.0,8,1,2,0.00000,0.00000,0.00000,0.00000,0.00000
0.711,2,691.000,33193,192000,3999.479,120.0,8,1,2,0.00000,0.00000,0.00000,0.00000,0.00000
0.812,0,794.000,38139,192000,3999.438,120.0,8,1,2,0.00000,0.00000,0.00000,0.00000,0.00000
0.812,1,796.000,38234,192000,3999.458,120.0,8,1,2,0.00000,0.00000,0.00000,0.00000,0.00000
0.812,2,792.000,38043,192000,3999.438,120.0,8,1,2,0.00000,0.00000,0.00000,0.00000,0.00000
0.914,0,896.000,43014,192000,3999.875,120.0,8,1,2,0.00000,0.00000,0.00000,0.00000,0.00000
0.914,1,898.000,43121,192000,3999.646,120.0,8,1,2,0.00000,0.00000,0.00000,0.00000,0.00000
0.914,2,893.000,42906,192000,3999.125,120.0,8,1,2,0.00000,0.00000,0.00000,0.00000,0.00000
1.016,0,998.000,47915,192000,3999.771,120.0,8,1,2,0.00000,0.00000,0.00000,0.00000,0.00000
1.016,1,1000.000,48035,192000,3999.271,120.0,8,1,2,0.00000,0.00000,0.00000,0.00000,0.00000
1.016,2,995.000,47795,192000,3999.271,120.0,8,1,2,0.00000,0.00000,0.00000,0.00000,0.00000
1.117,0,1099.000,52765,192000,3999.729,120.0,8,1,2,0.00000,0.00000,0.00000,0.00000,0.00000
1.117,1,1102.000,52897,192000,3999.979,120.0,8,1,2,0.00000,0.00000,0.00000,0.00000,0.00000
1.117,2,1096.000,52633,192000,3999.479,120.0,8,1,2,0.00000,0.00000,0.00000,0.00000,0.00000
1.218,0,1200.000,57629,192000,3999.396,120.0,8,1,2,0.00000,0.00000,0.00000,0.00000,0.00000
1.218,1,1203.000,57773,192000,3999.396,120.0,8,1,2,0.00000,0.00000,0.00000,0.00000,0.00000
1.218,2,1197.000,57485,192000,3999.396,120.0,8,1,2,0.00000,0.00000,0.00000,0.00000,0.00000
1.319,0,1301.000,62475,192000,3999.438,120.0,8,1,2,0.00000,0.00000,0.00000,0.00000,0.00000
1.319,1,1304.000,62630,192000,3999.208,120.0,8,1,2,0.00000,0.00000,0.00000,0.00000,0.00000
1.319,2,1298.000,62318,192000,3999.708,120.0,8,1,2,0.00000,0.00000,0.00000,0.00000,0.00000
1.420,0,1402.000,67302,192000,3999.875,120.0,8,1,2,0.00000,0.00000,0.00000,0.00000,0.00000
1.420,1,1405.000,67470,192000,3999.375,120.0,8,1,2,0.00000,0.00000,0.00000,0.00000,0.00000
1.420,2,1398.000,67134,192000,3999.375,120.0,8,1,2,0.00000,0.00000,0.00000,0.00000,0.00000
1.522,0,1504.000,72229,192000,3999.229,120.0,8,1,2,0.00000,0.00000,0.00000,0.00000,0.00000
1.522,1,1508.000,72409,192000,3999.479,120.0,8,1,2,0.00000,0.00000,0.00000,0.00000,0.00000
1.522,2,1501.000,72048,192000,0.000,120.0,8,1,2,0.00000,0.00000,0.00000,0.00000,0.00000
1.623,0,1605.000,77042,192000,3999.958,120.0,8,1,2,0.00000,0.00000,0.00000,0.00000,0.00000
1.623,1,1609.000,77234,192000,3999.958,120.0,8,1,2,0.00000,0.00000,0.00000,0.00000,0.00000
1.623,2,1601.000,76849,192000,3999.979,120.0,8,1,2,0.00000,0.00000,0.00000,0.00000,0.00000
1.724,0,1706.000,81908,192000,3999.583,120.0,8,1,2,0.00000,0.00000,0.00000,0.00000,0.00000
1.724,1,1710.000,82112,192000,3999.333,120.0,8,1,2,0.00000,0.00000,0.00000,0.00000,0.00000
1.724,2,1702.000,81703,192000,3999.854,120.0,8,1,2,0.00000,0.00000,0.00000,0.00000,0.00000
1.825,0,1807.000,86739,192000,3999.938,120.0,8,1,2,0.00000,0.00000,0.00000,0.00000,0.00000
1.825,1,1811.000,86955,192000,3999.438,120.0,8,1,2,0.00000,0.00000,0.00000,0.00000,0.00000
1.825,2,1802.000,86522,192000,3999.458,120.0,8,1,2,0.00000,0.00000,0.00000,0.00000,0.00000
1.927,0,1909.000,91661,192000,3999.396,120.0,8,1,2,0.00000,0.00000,0.00000,0.00000,0.00000
1.927,1,1914.000,91890,192000,3999.625,120.0,8,1,2,0.00000,0.00000,0.00000,0.00000,0.00000
1.927,2,1904.000,91431,192000,3999.188,120.0,8,1,2,0.00000,0.00000,0.00000,0.00000,0.00000
2.029,0,2011.000,96554,192000,3999.458,120.0,8,1,2,0.00000,0.00000,0.00000,0.00000,0.00000
2.029,1,2016.000,96795,192000,3999.438,120.0,8,1,2,0.00000,0.00000,0.00000,0.00000,0.00000
2.029,2,2006.000,96312,192000,3999.500,120.0,8,1,2,0.00000,0.00000,0.00000,0.00000,0.00000
2.132,0,2114.000,101479,192000,3999.854,120.0,8,1,2,0.00000,0.00000,0.00000,0.00000,0.00000
2.132,1,2119.000,101732,192000,3999.583,120.0,8,1,2,0.00000,0.00000,0.00000,0.00000,0.00000
2.132,2,2108.000,101225,192000,3999.146,120.0,8,1,2,0.00000,0.00000,0.00000,0.00000,0.00000
2.232,0,2214.000,106291,192000,3999.604,120.0,8,1,2,0.00000,0.00000,0.00000,0.00000,0.00000
2.232,1,2219.000,106556,192000,3999.083,120.0,8,1,2,0.00000,0.00000,0.00000,0.00000,0.00000
2.232,2,2208.000,106025,192000,3999.146,120.0,8,1,2,0.00000,0.00000,0.00000,0.00000,0.00000
2.333,0,2315.000,111160,192000,3999.167,120.0,8,1,2,0.00000,0.00000,0.00000,0.00000,0.00000
2.333,1,2321.000,111437,192000,3999.396,120.0,8,1,2,0.00000,0.00000,0.00000,0.00000,0.00000
2.333,2,2310.000,110881,192000,3999.979,120.0,8,1,2,0.00000,0.00000,0.00000,0.00000,0.00000
2.434,0,2416.000,115985,192000,3999.646,120.0,8,1,2,0.00000,0.00000,0.00000,0.00000,0.00000
2.434,1,2422.000,116274,192000,3999.625,120.0,8,1,2,0.00000,0.00000,0.00000,0.00000,0.00000
2.434,2,2410.000,115695,192000,3999.688,120.0,8,1,2,0.00000,0.00000,0.00000,0.00000,0.00000
2.535,0,2517.000,120822,192000,3999.875,120.0,8,1,2,0.00000,0.00000,0.00000,0.00000,0.00000
2.535,1,2523.000,121124,192000,3999.583,120.0,8,1,2,0.00000,0.00000,0.00000,0.00000,0.00000
2.535,2,2510.000,120520,192000,3999.167,120.0,8,1,2,0.00000,0.00000,0.00000,0.00000,0.00000
2.637,0,2619.000,125735,192000,3999.521,120.0,8,1,2,0.00000,0.00000,0.00000,0.00000,0.00000
2.637,1,2626.000,126049,192000,3999.979,120.0,8,1,2,0.00000,0.00000,0.00000,0.00000,0.00000
2.637,2,2612.000,125420,192000,3999.083,120.0,8,1,2,0.00000,0.00000,0.00000,0.00000,0.00000
2.739,0,2721.000,130611,192000,3999.938,120.0,8,1,2,0.00000,0.00000,0.00000,0.00000,0.00000
2.739,1,2727.000,130937,192000,3999.146,120.0,8,1,2,0.00000,0.00000,0.00000,0.00000,0.00000
2.739,2,2714.000,130284,192000,3999.750,120.0,8,1,2,0.00000,0.00000,0.00000,0.00000,0.00000
2.840,0,2822.000,135470,192000,3999.708,120.0,8,1,2,0.00000,0.00000,0.00000,0.00000,0.00000
2.840,1,2829.000,135808,192000,3999.667,120.0,8,1,2,0.00000,0.00000,0.00000,0.00000,0.00000
2.840,2,2815.000,135131,192000,3999.771,120.0,8,1,2,0.00000,0.00000,0.00000,0.00000,0.00000
2.941,0,2923.000,140308,192000,3999.917,120.0,8,1,2,0.00000,0.00000,0.00000,0.00000,0.00000
2.941,1,2930.000,140659,192000,3999.604,120.0,8,1,2,0.00000,0.00000,0.00000,0.00000,0.00000
2.941,2,2915.000,139957,192000,3999.229,120.0,8,1,2,0.00000,0.00000,0.00000,0.00000,0.00000
3.044,0,3025.000,145247,192000,3999.021,120.0,8,1,2,0.00000,0.00000,0.00000,0.00000,0.00000
3.044,1,3033.000,145609,192000,3999.479,120.0,8,1,2,0.00000,0.00000,0.00000,0.00000,0.00000
3.044,2,3018.000,144883,192000,3999.604,120.0,8,1,2,0.00000,0.00000,0.00000,0.00000,0.00000
3.145,0,3127.000,150118,192000,3999.542,120.0,8,1,2,0.00000,0.00000,0.00000,0.00000,0.00000
3.145,1,3135.000,150493,192000,3999.729,120.0,8,1,2,0.00000,0.00000,0.00000,0.00000,0.00000
3.145,2,3119.000,149742,192000,3999.375,120.0,8,1,2,0.00000,0.00000,0.00000,0.00000,0.00000
3.247,0,3228.000,154991,192000,3999.021,120.0,8,1,2,0.00000,0.00000,0.00000,0.00000,0.00000
3.247,1,3237.000,155378,192000,3999.958,120.0,8,1,2,0.00000,0.00000,0.00000,0.00000,0.00000
3.247,2,3220.000,154603,192000,3999.104,120.0,8,1,2,0.00000,0.00000,0.00000,0.00000,0.00000
3.349,0,3331.000,159903,192000,3999.688,120.0,8,1,2,0.00000,0.00000,0.00000,0.00000,0.00000
3.349,1,3339.000,160302,192000,3999.375,120.0,8,1,2,0.00000,0.00000,0.00000,0.00000,0.00000
3.349,2,3322.000,159502,192000,3999.042,120.0,8,1,2,0.00000,0.00000,0.00000,0.00000,0.00000
3.450,0,3432.000,164753,192000,3999.646,120.0,8,1,2,0.00000,0.00000,0.00000,0.00000,0.00000
3.450,1,3440.000,165164,192000,3999.083,120.0,8,1,2,0.00000,0.00000,0.00000,0.00000,0.00000
3.450,2,3423.000,164340,192000,3999.250,120.0,8,1,2,0.00000,0.00000,0.00000,0.00000,0.00000
3.552,0,3533.000,169628,192000,3999.083,120.0,8,1,2,0.00000,0.00000,0.00000,0.00000,0.00000
3.552,1,3542.000,170051,192000,3999.271,120.0,8,1,2,0.00000,0.00000,0.00000,0.00000,0.00000
3.552,2,3525.000,169203,192000,3999.938,120.0,8,1,2,0.00000,0.00000,0.00000,0.00000,0.00000
3.652,0,3634.000,174434,192000,3999.958,120.0,8,1,2,0.00000,0.00000,0.00000,0.00000,0.00000
3.652,1,3643.000,174869,192000,3999.896,120.0,8,1,2,0.00000,0.00000,0.00000,0.00000,0.00000
3.652,2,3624.000,173997,192000,3999.062,120.0,8,1,2,0.00000,0.00000,0.00000,0.00000,0.00000
3.754,0,3736.000,179349,192000,3999.562,120.0,8,1,2,0.00000,0.00000,0.00000,0.00000,0.00000
3.754,1,3745.000,179797,192000,3999.229,120.0,8,1,2,0.00000,0.00000,0.00000,0.00000,0.00000
3.754,2,3727.000,178900,192000,3999.917,120.0,8,1,2,0.00000,0.00000,0.00000,0.00000,0.00000
3.855,0,3837.000,184183,192000,3999.854,120.0,8,1,2,0.00000,0.00000,0.00000,0.00000,0.00000
3.855,1,3846.000,184643,192000,3999.271,120.0,8,1,2,0.00000,0.00000,0.00000,0.00000,0.00000
3.855,2,3827.000,183722,192000,3999.458,120.0,8,1,2,0.00000,0.00000,0.00000,0.00000,0.00000
3.956,0,3938.000,189052,192000,3999.417,120.0,8,1,2,0.00000,0.00000,0.00000,0.00000,0.00000
3.956,1,3948.000,189524,192000,3999.583,120.0,8,1,2,0.00000,0.00000,0.00000,0.00000,0.00000
3.956,2,3928.000,188579,192000,3999.271,120.0,8,1,2,0.00000,0.00000,0.00000,0.00000,0.00000
4.057,0,4039.000,1877,192000,3999.896,120.0,8,2,2,0.00000,0.00000,0.00000,0.00000,0.00000
4.057,1,4049.000,2361,192000,3999.812,120.0,8,2,2,0.00000,0.00000,0.00000,0.00000,0.00000
4.057,2,4029.000,1392,192000,0.000,120.0,8,2,2,0.00000,0.00000,0.00000,0.00000,0.00000
4.159,0,4141.000,6771,192000,3999.938,120.0,8,2,2,0.00000,0.00000,0.00000,0.00000,0.00000
4.159,1,4151.000,7268,192000,3999.583,120.0,8,2,2,0.00000,0.00000,0.00000,0.00000,0.00000
4.159,2,4130.000,6274,192000,3999.292,120.0,8,2,2,0.00000,0.00000,0.00000,0.00000,0.00000
4.261,0,4242.000,11661,192000,3999.062,120.0,8,2,2,0.00000,0.00000,0.00000,0.00000,0.00000
4.261,1,4253.000,12170,192000,3999.458,120.0,8,2,2,0.00000,0.00000,0.00000,0.00000,0.00000
4.261,2,4232.000,11152,192000,3999.667,120.0,8,2,2,0.00000,0.00000,0.00000,0.00000,0.00000
4.362,0,4344.000,16521,192000,3999.812,120.0,8,2,2,0.00000,0.00000,0.00000,0.00000,0.00000
4.362,1,4355.000,17042,192000,3999.958,120.0,8,2,2,0.00000,0.00000,0.00000,0.00000,0.00000
4.362,2,4333.000,15999,192000,3999.688,120.0,8,2,2,0.00000,0.00000,0.00000,0.00000,0.00000
4.463,0,4445.000,21388,192000,3999.417,120.0,8,2,2,0.00000,0.00000,0.00000,0.00000,0.00000
4.463,1,4456.000,21921,192000,3999.312,120.0,8,2,2,0.00000,0.00000,0.00000,0.00000,0.00000
4.463,2,4434.000,20854,192000,3999.542,120.0,8,2,2,0.00000,0.00000,0.00000,0.00000,0.00000
4.563,0,4545.000,26195,192000,3999.271,120.0,8,2,2,0.00000,0.00000,0.00000,0.00000,0.00000
4.563,1,4557.000,26740,192000,3999.917,120.0,8,2,2,0.00000,0.00000,0.00000,0.00000,0.00000
4.563,2,4534.000,25649,192000,3999.646,120.0,8,2,2,0.00000,0.00000,0.00000,0.00000,0.00000
4.664,0,4645.000,31007,192000,3999.021,120.0,8,2,2,0.00000,0.00000,0.00000,0.00000,0.00000
4.664,1,4657.000,31563,192000,3999.438,120.0,8,2,2,0.00000,0.00000,0.00000,0.00000,0.00000
4.664,2,4634.000,30449,192000,3999.646,120.0,8,2,2,0.00000,0.00000,0.00000,0.00000,0.00000
4.765,0,4747.000,35885,192000,3999.396,120.0,8,2,2,0.00000,0.00000,0.00000,0.00000,0.00000
4.765,1,4759.000,36454,192000,3999.542,120.0,8,2,2,0.00000,0.00000,0.00000,0.00000,0.00000
4.765,2,4735.000,35315,192000,3999.271,120.0,8,2,2,0.00000,0.00000,0.00000,0.00000,0.00000
4.866,0,4848.000,40707,192000,3999.938,120.0,8,2,2,0.00000,0.00000,0.00000,0.00000,0.00000
4.866,1,4860.000,41288,192000,3999.833,120.0,8,2,2,0.00000,0.00000,0.00000,0.00000,0.00000
4.866,2,4835.000,40125,192000,3999.062,120.0,8,2,2,0.00000,0.00000,0.00000,0.00000,0.00000
4.968,0,4950.000,45613,192000,3999.729,120.0,8,2,2,0.00000,0.00000,0.00000,0.00000,0.00000
4.968,1,4962.000,46206,192000,3999.375,120.0,8,2,2,0.00000,0.00000,0.00000,0.00000,0.00000
4.968,2,4937.000,45018,192000,3999.125,120.0,8,2,2,0.00000,0.00000,0.00000,0.00000,0.00000
5.069,0,5051.000,50453,192000,3999.896,120.0,8,2,2,0.00000,0.00000,0.00000,0.00000,0.00000
5.069,1,5063.000,51058,192000,3999.292,120.0,8,2,2,0.00000,0.00000,0.00000,0.00000,0.00000
5.069,2,5038.000,49846,192000,3999.542,120.0,8,2,2,0.00000,0.00000,0.00000,0.00000,0.00000
5.169,0,5151.000,55270,192000,3999.542,120.0,8,2,2,0.00000,0.00000,0.00000,0.00000,0.00000
5.169,1,5164.000,55888,192000,3999.667,120.0,8,2,2,0.00000,0.00000,0.00000,0.00000,0.00000
5.169,2,5138.000,54652,192000,3999.417,120.0,8,2,2,0.00000,0.00000,0.00000,0.00000,0.00000
5.269,0,5251.000,60082,192000,3999.292,120.0,8,2,2,0.00000,0.00000,0.00000,0.00000,0.00000
5.269,1,5264.000,60711,192000,3999.188,120.0,8,2,2,0.00000,0.00000,0.00000,0.00000,0.00000
5.269,2,5238.000,59451,192000,3999.438,120.0,8,2,2,0.00000,0.00000,0.00000,0.00000,0.00000
5.370,0,5352.000,64903,192000,3999.854,120.0,8,2,2,0.00000,0.00000,0.00000,0.00000,0.00000
5.370,1,5365.000,65545,192000,3999.479,120.0,8,2,2,0.00000,0.00000,0.00000,0.00000,0.00000
5.370,2,5338.000,64261,192000,3999.229,120.0,8,2,2,0.00000,0.00000,0.00000,0.00000,0.00000
5.470,0,5452.000,69737,192000,3999.146,120.0,8,2,2,0.00000,0.00000,0.00000,0.00000,0.00000
5.470,1,5466.000,70391,192000,3999.521,120.0,8,2,2,0.00000,0.00000,0.00000,0.00000,0.00000
5.470,2,5439.000,69082,192000,3999.792,120.0,8,2,2,0.00000,0.00000,0.00000,0.00000,0.00000
5.572,0,5554.000,74618,192000,3999.458,120.0,8,2,2,0.00000,0.00000,0.00000,0.00000,0.00000
5.572,1,5568.000,75284,192000,3999.583,120.0,8,2,2,0.00000,0.00000,0.00000,0.00000,0.00000
5.572,2,5540.000,73951,192000,3999.354,120.0,8,2,2,0.00000,0.00000,0.00000,0.00000,0.00000
5.674,0,5655.000,79486,192000,3999.042,120.0,8,2,2,0.00000,0.00000,0.00000,0.00000,0.00000
5.674,1,5670.000,80164,192000,3999.917,120.0,8,2,2,0.00000,0.00000,0.00000,0.00000,0.00000
5.674,2,5641.000,78807,192000,3999.188,120.0,8,2,2,0.00000,0.00000,0.00000,0.00000,0.00000
5.775,0,5757.000,84338,192000,3999.958,120.0,8,2,2,0.00000,0.00000,0.00000,0.00000,0.00000
5.775,1,5771.000,85028,192000,3999.583,120.0,8,2,2,0.00000,0.00000,0.00000,0.00000,0.00000
5.775,2,5742.000,83647,192000,3999.354,120.0,8,2,2,0.00000,0.00000,0.00000,0.00000,0.00000
5.877,0,5859.000,89265,192000,3999.312,120.0,8,2,2,0.00000,0.00000,0.00000,0.00000,0.00000
5.877,1,5874.000,89968,192000,3999.667,120.0,8,2,2,0.00000,0.00000,0.00000,0.00000,0.00000
5.877,2,5845.000,88562,192000,3999.958,120.0,8,2,2,0.00000,0.00000,0.00000,0.00000,0.00000
5.980,0,5961.000,94172,192000,3999.083,120.0,8,2,2,0.00000,0.00000,0.00000,0.00000,0.00000
5.980,1,5976.000,94886,192000,3999.208,120.0,8,2,2,0.00000,0.00000,0.00000,0.00000,0.00000
5.980,2,5947.000,93456,192000,0.000,120.0,8,2,2,0.00000,0.00000,0.00000,0.00000,0.00000
6.082,0,6063.000,99071,192000,3999.021,120.0,8,2,2,0.00000,0.00000,0.00000,0.00000,0.00000
6.082,1,6079.000,99798,192000,3999.875,120.0,8,2,2,0.00000,0.00000,0.00000,0.00000,0.00000
6.082,2,6048.000,98343,192000,3999.188,120.0,8,2,2,0.00000,0.00000,0.00000,0.00000,0.00000
6.184,0,6165.000,103963,192000,3999.104,120.0,8,2,2,0.00000,0.00000,0.00000,0.00000,0.00000
6.184,1,6181.000,104703,192000,3999.688,120.0,8,2,2,0.00000,0.00000,0.00000,0.00000,0.00000
6.184,2,6150.000,103223,192000,3999.521,120.0,8,2,2,0.00000,0.00000,0.00000,0.00000,0.00000
6.286,0,6268.000,108891,192000,3999.438,120.0,8,2,2,0.00000,0.00000,0.00000,0.00000,0.00000
6.286,1,6284.000,109643,192000,3999.771,120.0,8,2,2,0.00000,0.00000,0.00000,0.00000,0.00000
6.286,2,6252.000,108139,192000,3999.104,120.0,8,2,2,0.00000,0.00000,0.00000,0.00000,0.00000
6.387,0,6369.000,113740,192000,3999.417,120.0,8,2,2,0.00000,0.00000,0.00000,0.00000,0.00000
6.387,1,6385.000,114504,192000,3999.500,120.0,8,2,2,0.00000,0.00000,0.00000,0.00000,0.00000
6.387,2,6353.000,112976,192000,3999.333,120.0,8,2,2,0.00000,0.00000,0.00000,0.00000,0.00000
6.488,0,6470.000,118561,192000,3999.979,120.0,8,2,2,0.00000,0.00000,0.00000,0.00000,0.00000
6.488,1,6486.000,119337,192000,3999.812,120.0,8,2,2,0.00000,0.00000,0.00000,0.00000,0.00000
6.488,2,6453.000,117784,192000,3999.167,120.0,8,2,2,0.00000,0.00000,0.00000,0.00000,0.00000
6.590,0,6572.000,123485,192000,3999.396,120.0,8,2,2,0.00000,0.00000,0.00000,0.00000,0.00000
6.590,1,6589.000,124273,192000,3999.979,120.0,8,2,2,0.00000,0.00000,0.00000,0.00000,0.00000
6.590,2,6556.000,122696,192000,3999.833,120.0,8,2,2,0.00000,0.00000,0.00000,0.00000,0.00000
6.692,0,6674.000,128356,192000,3999.917,120.0,8,2,2,0.00000,0.00000,0.00000,0.00000,0.00000
6.692,1,6690.000,129157,192000,3999.229,120.0,8,2,2,0.00000,0.00000,0.00000,0.00000,0.00000
6.692,2,6657.000,127555,192000,3999.604,120.0,8,2,2,0.00000,0.00000,0.00000,0.00000,0.00000
6.792,0,6774.000,133182,192000,3999.375,120.0,8,2,2,0.00000,0.00000,0.00000,0.00000,0.00000
6.792,1,6791.000,133994,192000,3999.458,120.0,8,2,2,0.00000,0.00000,0.00000,0.00000,0.00000
6.792,2,6757.000,132368,192000,3999.333,120.0,8,2,2,0.00000,0.00000,0.00000,0.00000,0.00000
6.894,0,6876.000,138053,192000,3999.896,120.0,8,2,2,0.00000,0.00000,0.00000,0.00000,0.00000
6.894,1,6893.000,138877,192000,3999.729,120.0,8,2,2,0.00000,0.00000,0.00000,0.00000,0.00000
6.894,2,6858.000,137227,192000,3999.104,120.0,8,2,2,0.00000,0.00000,0.00000,0.00000,0.00000
6.996,0,6978.000,142950,192000,3999.875,120.0,8,2,2,0.00000,0.00000,0.00000,0.00000,0.00000
6.996,1,6995.000,143787,192000,3999.438,120.0,8,2,2,0.00000,0.00000,0.00000,0.00000,0.00000
6.996,2,6960.000,142113,192000,3999.312,120.0,8,2,2,0.00000,0.00000,0.00000,0.00000,0.00000
7.098,0,7080.000,147868,192000,3999.417,120.0,8,2,2,0.00000,0.00000,0.00000,0.00000,0.00000
7.098,1,7098.000,148717,192000,3999.729,120.0,8,2,2,0.00000,0.00000,0.00000,0.00000,0.00000
7.098,2,7062.000,147018,192000,3999.125,120.0,8,2,2,0.00000,0.00000,0.00000,0.00000,0.00000
7.200,0,7182.000,152737,192000,3999.979,120.0,8,2,2,0.00000,0.00000,0.00000,0.00000,0.00000
7.200,1,7199.000,153598,192000,3999.042,120.0,8,2,2,0.00000,0.00000,0.00000,0.00000,0.00000
7.200,2,7164.000,151874,192000,3999.958,120.0,8,2,2,0.00000,0.00000,0.00000,0.00000,0.00000
7.302,0,7284.000,157648,192000,3999.667,120.0,8,2,2,0.00000,0.00000,0.00000,0.00000,0.00000
7.302,1,7302.000,158522,192000,3999.458,120.0,8,2,2,0.00000,0.00000,0.00000,0.00000,0.00000
7.302,2,7266.000,156774,192000,3999.875,120.0,8,2,2,0.00000,0.00000,0.00000,0.00000,0.00000
7.404,0,7386.000,162540,192000,3999.750,120.0,8,2,2,0.00000,0.00000,0.00000,0.00000,0.00000
7.404,1,7404.000,163426,192000,3999.292,120.0,8,2,2,0.00000,0.00000,0.00000,0.00000,0.00000
7.404,2,7367.000,161654,192000,3999.208,120.0,8,2,2,0.00000,0.00000,0.00000,0.00000,0.00000
7.505,0,7487.000,167416,192000,3999.167,120.0,8,2,2,0.00000,0.00000,0.00000,0.00000,0.00000
7.505,1,7506.000,168314,192000,3999.458,120.0,8,2,2,0.00000,0.00000,0.00000,0.00000,0.00000
7.505,2,7469.000,166517,192000,3999.896,120.0,8,2,2,0.00000,0.00000,0.00000,0.00000,0.00000
7.608,0,7590.000,172349,192000,3999.396,120.0,8,2,2,0.00000,0.00000,0.00000,0.00000,0.00000
7.608,1,7609.000,173260,192000,3999.417,120.0,8,2,2,0.00000,0.00000,0.00000,0.00000,0.00000
7.608,2,7571.000,171438,192000,3999.375,120.0,8,2,2,0.00000,0.00000,0.00000,0.00000,0.00000
7.711,0,7693.000,177267,192000,3999.938,120.0,8,2,2,0.00000,0.00000,0.00000,0.00000,0.00000
7.711,1,7712.000,178189,192000,3999.729,120.0,8,2,2,0.00000,0.00000,0.00000,0.00000,0.00000
7.711,2,7673.000,176343,192000,3999.188,120.0,8,2,2,0.00000,0.00000,0.00000,0.00000,0.00000
7.811,0,7793.000,182091,192000,3999.438,120.0,8,2,2,0.00000,0.00000,0.00000,0.00000,0.00000
7.811,1,7813.000,183025,192000,3999.979,120.0,8,2,2,0.00000,0.00000,0.00000,0.00000,0.00000
7.811,2,7774.000,181155,192000,3999.938,120.0,8,2,2,0.00000,0.00000,0.00000,0.00000,0.00000
7.912,0,7894.000,186912,192000,0.000,120.0,8,2,2,0.00000,0.00000,0.00000,0.00000,0.00000
7.912,1,7913.000,187859,192000,3999.271,120.0,8,2,2,0.00000,0.00000,0.00000,0.00000,0.00000
7.912,2,7874.000,185964,192000,3999.750,120.0,8,2,2,0.00000,0.00000,0.00000,0.00000,0.00000
8.012,0,7994.000,191718,192000,3999.875,120.0,8,2,2,0.00000,0.00000,0.00000,0.00000,0.00000
8.012,1,8014.000,677,192000,3999.896,120.0,8,3,2,0.00000,0.00000,0.00000,0.00000,0.00000
8.012,2,7974.000,190758,192000,3999.875,120.0,8,2,2,0.00000,0.00000,0.00000,0.00000,0.00000
8.113,0,8095.000,4593,192000,3999.312,120.0,8,3,2,0.00000,0.00000,0.00000,0.00000,0.00000
8.113,1,8115.000,5564,192000,3999.083,120.0,8,3,2,0.00000,0.00000,0.00000,0.00000,0.00000
8.113,2,8075.000,3621,192000,3999.562,120.0,8,3,2,0.00000,0.00000,0.00000,0.00000,0.00000
8.214,0,8196.000,9426,192000,3999.625,120.0,8,3,2,0.00000,0.00000,0.00000,0.00000,0.00000
8.214,1,8216.000,10409,192000,3999.146,120.0,8,3,2,0.00000,0.00000,0.00000,0.00000,0.00000
8.214,2,8175.000,8442,192000,3999.125,120.0,8,3,2,0.00000,0.00000,0.00000,0.00000,0.00000
8.317,0,8299.000,14366,192000,3999.708,120.0,8,3,2,0.00000,0.00000,0.00000,0.00000,0.00000
8.317,1,8320.000,15361,192000,3999.979,120.0,8,3,2,0.00000,0.00000,0.00000,0.00000,0.00000
8.317,2,8278.000,13369,192000,3999.479,120.0,8,3,2,0.00000,0.00000,0.00000,0.00000,0.00000
8.418,0,8400.000,19226,192000,3999.458,120.0,8,3,2,0.00000,0.00000,0.00000,0.00000,0.00000
8.418,1,8421.000,20234,192000,3999.458,120.0,8,3,2,0.00000,0.00000,0.00000,0.00000,0.00000
8.418,2,8379.000,18218,192000,3999.458,120.0,8,3,2,0.00000,0.00000,0.00000,0.00000,0.00000
8.520,0,8502.000,24118,192000,3999.542,120.0,8,3,2,0.00000,0.00000,0.00000,0.00000,0.00000
8.520,1,8523.000,25137,192000,3999.312,120.0,8,3,2,0.00000,0.00000,0.00000,0.00000,0.00000
8.520,2,8481.000,23097,192000,3999.812,120.0,8,3,2,0.00000,0.00000,0.00000,0.00000,0.00000
8.621,0,8603.000,28951,192000,3999.854,120.0,8,3,2,0.00000,0.00000,0.00000,0.00000,0.00000
8.621,1,8624.000,29983,192000,3999.354,120.0,8,3,2,0.00000,0.00000,0.00000,0.00000,0.00000
8.621,2,8581.000,27919,192000,3999.354,120.0,8,3,2,0.00000,0.00000,0.00000,0.00000,0.00000
8.722,0,8704.000,33807,192000,3999.688,120.0,8,3,2,0.00000,0.00000,0.00000,0.00000,0.00000
8.722,1,8726.000,34851,192000,3999.938,120.0,8,3,2,0.00000,0.00000,0.00000,0.00000,0.00000
8.722,2,8682.000,32762,192000,3999.458,120.0,8,3,2,0.00000,0.00000,0.00000,0.00000,0.00000
8.824,0,8806.000,38690,192000,3999.958,120.0,8,3,2,0.00000,0.00000,0.00000,0.00000,0.00000
8.824,1,8828.000,39746,192000,3999.958,120.0,8,3,2,0.00000,0.00000,0.00000,0.00000,0.00000
8.824,2,8784.000,37633,192000,3999.979,120.0,8,3,2,0.00000,0.00000,0.00000,0.00000,0.00000
8.925,0,8907.000,43547,192000,3999.771,120.0,8,3,2,0.00000,0.00000,0.00000,0.00000,0.00000
8.925,1,8929.000,44616,192000,3999.500,120.0,8,3,2,0.00000,0.00000,0.00000,0.00000,0.00000
8.925,2,8884.000,42478,192000,3999.042,120.0,8,3,2,0.00000,0.00000,0.00000,0.00000,0.00000
9.026,0,9008.000,48410,192000,3999.458,120.0,8,3,2,0.00000,0.00000,0.00000,0.00000,0.00000
9.026,1,9031.000,49490,192000,3999.958,120.0,8,3,2,0.00000,0.00000,0.00000,0.00000,0.00000
9.026,2,8986.000,47329,192000,3999.979,120.0,8,3,2,0.00000,0.00000,0.00000,0.00000,0.00000
9.128,0,9110.000,53297,192000,3999.646,120.0,8,3,2,0.00000,0.00000,0.00000,0.00000,0.00000
9.128,1,9133.000,54389,192000,3999.896,120.0,8,3,2,0.00000,0.00000,0.00000,0.00000,0.00000
9.128,2,9087.000,52203,192000,3999.438,120.0,8,3,2,0.00000,0.00000,0.00000,0.00000,0.00000
9.230,0,9212.000,58197,192000,3999.562,120.0,8,3,2,0.00000,0.00000,0.00000,0.00000,0.00000
9.230,1,9235.000,59302,192000,3999.542,120.0,8,3,2,0.00000,0.00000,0.00000,0.00000,0.00000
9.230,2,9189.000,57091,192000,3999.604,120.0,8,3,2,0.00000,0.00000,0.00000,0.00000,0.00000
9.332,0,9314.000,63099,192000,3999.438,120.0,8,3,2,0.00000,0.00000,0.00000,0.00000,0.00000
9.332,1,9337.000,64216,192000,3999.167,120.0,8,3,2,0.00000,0.00000,0.00000,0.00000,0.00000
9.332,2,9291.000,61981,192000,3999.729,120.0,8,3,2,0.00000,0.00000,0.00000,0.00000,0.00000
9.434,0,9415.000,67967,192000,3999.021,120.0,8,3,2,0.00000,0.00000,0.00000,0.00000,0.00000
9.434,1,9439.000,69096,192000,3999.500,120.0,8,3,2,0.00000,0.00000,0.00000,0.00000,0.00000
9.434,2,9392.000,66837,192000,3999.562,120.0,8,3,2,0.00000,0.00000,0.00000,0.00000,0.00000
9.536,0,9518.000,72901,192000,3999.229,120.0,8,3,2,0.00000,0.00000,0.00000,0.00000,0.00000
9.536,1,9542.000,74043,192000,3999.438,120.0,8,3,2,0.00000,0.00000,0.00000,0.00000,0.00000
9.536,2,9494.000,71758,192000,3999.042,120.0,8,3,2,0.00000,0.00000,0.00000,0.00000,0.00000
9.638,0,9620.000,77771,192000,3999.771,120.0,8,3,2,0.00000,0.00000,0.00000,0.00000,0.00000
9.638,1,9644.000,78925,192000,3999.729,120.0,8,3,2,0.00000,0.00000,0.00000,0.00000,0.00000
9.638,2,9596.000,76616,192000,3999.833,120.0,8,3,2,0.00000,0.00000,0.00000,0.00000,0.00000
9.741,0,9723.000,82729,192000,3999.479,120.0,8,3,2,0.00000,0.00000,0.00000,0.00000,0.00000
9.741,1,9747.000,83895,192000,3999.188,120.0,8,3,2,0.00000,0.00000,0.00000,0.00000,0.00000
9.741,2,9699.000,81562,192000,3999.792,120.0,8,3,2,0.00000,0.00000,0.00000,0.00000,0.00000
9.842,0,9824.000,87582,192000,3999.375,120.0,8,3,2,0.00000,0.00000,0.00000,0.00000,0.00000
9.842,1,9849.000,88760,192000,3999.833,120.0,8,3,2,0.00000,0.00000,0.00000,0.00000,0.00000
9.842,2,9800.000,86402,192000,3999.958,120.0,8,3,2,0.00000,0.00000,0.00000,0.00000,0.00000
9.944,0,9926.000,92472,192000,3999.500,120.0,8,3,2,0.00000,0.00000,0.00000,0.00000,0.00000
9.944,1,9951.000,93663,192000,3999.688,120.0,8,3,2,0.00000,0.00000,0.00000,0.00000,0.00000
9.944,2,9901.000,91281,192000,3999.312,120.0,8,3,2,0.00000,0.00000,0.00000,0.00000,0.00000
10.044,0,10026.000,97273,192000,3999.479,120.0,8,3,2,0.00000,0.00000,0.00000,0.00000,0.00000
10.044,1,10051.000,98476,192000,3999.417,120.0,8,3,2,0.00000,0.00000,0.00000,0.00000,0.00000
10.044,2,10001.000,96070,192000,3999.542,120.0,8,3,2,0.00000,0.00000,0.00000,0.00000,0.00000
10.146,0,10128.000,102178,192000,3999.292,120.0,8,3,2,0.00000,0.00000,0.00000,0.00000,0.00000
10.146,1,10154.000,103393,192000,3999.979,120.0,8,3,2,0.00000,0.00000,0.00000,0.00000,0.00000
10.146,2,10103.000,100962,192000,3999.625,120.0,8,3,2,0.00000,0.00000,0.00000,0.00000,0.00000
10.248,0,10230.000,107063,192000,3999.521,120.0,8,3,2,0.00000,0.00000,0.00000,0.00000,0.00000
10.248,1,10256.000,108290,192000,3999.958,120.0,8,3,2,0.00000,0.00000,0.00000,0.00000,0.00000
10.248,2,10204.000,105835,192000,3999.104,120.0,8,3,2,0.00000,0.00000,0.00000,0.00000,0.00000
10.350,0,10332.000,111949,192000,3999.729,120.0,8,3,2,0.00000,0.00000,0.00000,0.00000,0.00000
10.350,1,10358.000,113188,192000,3999.917,120.0,8,3,2,0.00000,0.00000,0.00000,0.00000,0.00000
10.350,2,10306.000,110708,192000,3999.583,120.0,8,3,2,0.00000,0.00000,0.00000,0.00000,0.00000
10.452,0,10434.000,116865,192000,3999.312,120.0,8,3,2,0.00000,0.00000,0.00000,0.00000,0.00000
10.452,1,10460.000,118116,192000,3999.250,120.0,8,3,2,0.00000,0.00000,0.00000,0.00000,0.00000
10.452,2,10408.000,115612,192000,3999.417,120.0,8,3,2,0.00000,0.00000,0.00000,0.00000,0.00000
10.552,0,10534.000,121671,192000,3999.188,120.0,8,3,2,0.00000,0.00000,0.00000,0.00000,0.00000
10.552,1,10561.000,122934,192000,3999.875,120.0,8,3,2,0.00000,0.00000,0.00000,0.00000,0.00000
10.552,2,10508.000,120406,192000,3999.542,120.0,8,3,2,0.00000,0.00000,0.00000,0.00000,0.00000
10.653,0,10635.000,126483,192000,3999.938,120.0,8,3,2,0.00000,0.00000,0.00000,0.00000,0.00000
10.653,1,10661.000,127759,192000,3999.354,120.0,8,3,2,0.00000,0.00000,0.00000,0.00000,0.00000
10.653,2,10608.000,125207,192000,3999.521,120.0,8,3,2,0.00000,0.00000,0.00000,0.00000,0.00000
10.754,0,10736.000,131352,192000,3999.500,120.0,8,3,2,0.00000,0.00000,0.00000,0.00000,0.00000
10.754,1,10763.000,132640,192000,3999.667,120.0,8,3,2,0.00000,0.00000,0.00000,0.00000,0.00000
10.754,2,10709.000,130063,192000,3999.354,120.0,8,3,2,0.00000,0.00000,0.00000,0.00000,0.00000
10.855,0,10837.000,136191,192000,3999.688,120.0,8,3,2,0.00000,0.00000,0.00000,0.00000,0.00000
10.855,1,10864.000,137491,192000,3999.604,120.0,8,3,2,0.00000,0.00000,0.00000,0.00000,0.00000
10.855,2,10810.000,134891,192000,3999.771,120.0,8,3,2,0.00000,0.00000,0.00000,0.00000,0.00000
10.956,0,10938.000,141050,192000,3999.458,120.0,8,3,2,0.00000,0.00000,0.00000,0.00000,0.00000
10.956,1,10965.000,142362,192000,3999.125,120.0,8,3,2,0.00000,0.00000,0.00000,0.00000,0.00000
10.956,2,10911.000,139737,192000,3999.812,120.0,8,3,2,0.00000,0.00000,0.00000,0.00000,0.00000
11.057,0,11039.000,145872,192000,0.000,120.0,8,3,2,0.00000,0.00000,0.00000,0.00000,0.00000
11.057,1,11066.000,147196,192000,3999.417,120.0,8,3,2,0.00000,0.00000,0.00000,0.00000,0.00000
11.057,2,11011.000,144547,192000,3999.604,120.0,8,3,2,0.00000,0.00000,0.00000,0.00000,0.00000
11.159,0,11141.000,150783,192000,3999.688,120.0,8,3,2,0.00000,0.00000,0.00000,0.00000,0.00000
11.159,1,11169.000,152119,192000,3999.854,120.0,8,3,2,0.00000,0.00000,0.00000,0.00000,0.00000
11.159,2,11113.000,149446,192000,3999.542,120.0,8,3,2,0.00000,0.00000,0.00000,0.00000,0.00000
11.262,0,11243.000,155711,192000,3999.021,120.0,8,3,2,0.00000,0.00000,0.00000,0.00000,0.00000
11.262,1,11272.000,157059,192000,3999.938,120.0,8,3,2,0.00000,0.00000,0.00000,0.00000,0.00000
11.262,2,11215.000,154361,192000,3999.146,120.0,8,3,2,0.00000,0.00000,0.00000,0.00000,0.00000
11.363,0,11345.000,160577,192000,3999.646,120.0,8,3,2,0.00000,0.00000,0.00000,0.00000,0.00000
11.363,1,11373.000,161938,192000,3999.292,120.0,8,3,2,0.00000,0.00000,0.00000,0.00000,0.00000
11.363,2,11316.000,159215,192000,3999.021,120.0,8,3,2,0.00000,0.00000,0.00000,0.00000,0.00000
11.464,0,11446.000,165420,192000,3999.750,120.0,8,3,2,0.00000,0.00000,0.00000,0.00000,0.00000
11.464,1,11474.000,166793,192000,3999.146,120.0,8,3,2,0.00000,0.00000,0.00000,0.00000,0.00000
11.464,2,11417.000,164046,192000,3999.375,120.0,8,3,2,0.00000,0.00000,0.00000,0.00000,0.00000
11.565,0,11547.000,170290,192000,3999.292,120.0,8,3,2,0.00000,0.00000,0.00000,0.00000,0.00000
11.565,1,11576.000,171675,192000,3999.438,120.0,8,3,2,0.00000,0.00000,0.00000,0.00000,0.00000
11.565,2,11518.000,168904,192000,3999.167,120.0,8,3,2,0.00000,0.00000,0.00000,0.00000,0.00000
11.666,0,11648.000,175132,192000,3999.417,120.0,8,3,2,0.00000,0.00000,0.00000,0.00000,0.00000
11.666,1,11677.000,176530,192000,3999.292,120.0,8,3,2,0.00000,0.00000,0.00000,0.00000,0.00000
11.666,2,11619.000,173734,192000,3999.542,120.0,8,3,2,0.00000,0.00000,0.00000,0.00000,0.00000
11.768,0,11750.000,180017,192000,3999.646,120.0,8,3,2,0.00000,0.00000,0.00000,0.00000,0.00000
11.768,1,11779.000,181426,192000,3999.292,120.0,8,3,2,0.00000,0.00000,0.00000,0.00000,0.00000
11.768,2,11720.000,178606,192000,3999.042,120.0,8,3,2,0.00000,0.00000,0.00000,0.00000,0.00000
11.869,0,11851.000,184876,192000,3999.417,120.0,8,3,2,0.00000,0.00000,0.00000,0.00000,0.00000
11.869,1,11881.000,186297,192000,3999.812,120.0,8,3,2,0.00000,0.00000,0.00000,0.00000,0.00000
11.869,2,11821.000,183453,192000,3999.062,120.0,8,3,2,0.00000,0.00000,0.00000,0.00000,0.00000
11.972,0,11954.000,189795,192000,3999.938,120.0,8,3,2,0.00000,0.00000,0.00000,0.00000,0.00000
11.972,1,11983.000,191229,192000,3999.062,120.0,8,3,2,0.00000,0.00000,0.00000,0.00000,0.00000
11.972,2,11924.000,188360,192000,3999.833,120.0,8,3,2,0.00000,0.00000,0.00000,0.00000,0.00000
12.074,0,12055.000,2685,192000,3999.062,120.0,8,4,2,0.00000,0.00000,0.00000,0.00000,0.00000
12.074,1,12086.000,4131,192000,3999.938,120.0,8,4,2,0.00000,0.00000,0.00000,0.00000,0.00000
12.074,2,12025.000,1238,192000,3999.208,120.0,8,4,2,0.00000,0.00000,0.00000,0.00000,0.00000
12.174,0,12156.000,7505,192000,3999.646,120.0,8,4,2,0.00000,0.00000,0.00000,0.00000,0.00000
12.174,1,12186.000,8963,192000,3999.271,120.0,8,4,2,0.00000,0.00000,0.00000,0.00000,0.00000
12.174,2,12125.000,6045,192000,3999.062,120.0,8,4,2,0.00000,0.00000,0.00000,0.00000,0.00000
12.275,0,12257.000,12349,192000,3999.729,120.0,8,4,2,0.00000,0.00000,0.00000,0.00000,0.00000
12.275,1,12287.000,13820,192000,3999.083,120.0,8,4,2,0.00000,0.00000,0.00000,0.00000,0.00000
12.275,2,12226.000,10878,192000,3999.375,120.0,8,4,2,0.00000,0.00000,0.00000,0.00000,0.00000
12.377,0,12359.000,17252,192000,3999.583,120.0,8,4,2,0.00000,0.00000,0.00000,0.00000,0.00000
12.377,1,12390.000,18734,192000,3999.708,120.0,8,4,2,0.00000,0.00000,0.00000,0.00000,0.00000
12.377,2,12328.000,15768,192000,3999.500,120.0,8,4,2,0.00000,0.00000,0.00000,0.00000,0.00000
12.478,0,12460.000,22111,192000,3999.354,120.0,8,4,2,0.00000,0.00000,0.00000,0.00000,0.00000
12.478,1,12491.000,23606,192000,3999.208,120.0,8,4,2,0.00000,0.00000,0.00000,0.00000,0.00000
12.478,2,12429.000,20615,192000,3999.521,120.0,8,4,2,0.00000,0.00000,0.00000,0.00000,0.00000
12.580,0,12562.000,26991,192000,3999.688,120.0,8,4,2,0.00000,0.00000,0.00000,0.00000,0.00000
12.580,1,12593.000,28498,192000,3999.292,120.0,8,4,2,0.00000,0.00000,0.00000,0.00000,0.00000
12.580,2,12530.000,25483,192000,3999.104,120.0,8,4,2,0.00000,0.00000,0.00000,0.00000,0.00000
12.682,0,12664.000,31872,192000,0.000,120.0,8,4,2,0.00000,0.00000,0.00000,0.00000,0.00000
12.682,1,12695.000,33391,192000,3999.354,120.0,8,4,2,0.00000,0.00000,0.00000,0.00000,0.00000
12.682,2,12632.000,30352,192000,3999.667,120.0,8,4,2,0.00000,0.00000,0.00000,0.00000,0.00000
12.784,0,12766.000,36782,192000,3999.708,120.0,8,4,2,0.00000,0.00000,0.00000,0.00000,0.00000
12.784,1,12798.000,38313,192000,3999.812,120.0,8,4,2,0.00000,0.00000,0.00000,0.00000,0.00000
12.784,2,12734.000,35250,192000,3999.625,120.0,8,4,2,0.00000,0.00000,0.00000,0.00000,0.00000
12.886,0,12868.000,41665,192000,3999.979,120.0,8,4,2,0.00000,0.00000,0.00000,0.00000,0.00000
12.886,1,12900.000,43209,192000,3999.812,120.0,8,4,2,0.00000,0.00000,0.00000,0.00000,0.00000
12.886,2,12835.000,40121,192000,3999.146,120.0,8,4,2,0.00000,0.00000,0.00000,0.00000,0.00000
12.988,0,12970.000,46587,192000,3999.438,120.0,8,4,2,0.00000,0.00000,0.00000,0.00000,0.00000
12.988,1,13002.000,48143,192000,3999.021,120.0,8,4,2,0.00000,0.00000,0.00000,0.00000,0.00000
12.988,2,12938.000,45030,192000,3999.875,120.0,8,4,2,0.00000,0.00000,0.00000,0.00000,0.00000
13.090,0,13072.000,51484,192000,3999.417,120.0,8,4,2,0.00000,0.00000,0.00000,0.00000,0.00000
13.090,1,13105.000,53052,192000,3999.750,120.0,8,4,2,0.00000,0.00000,0.00000,0.00000,0.00000
13.090,2,13039.000,49915,192000,3999.104,120.0,8,4,2,0.00000,0.00000,0.00000,0.00000,0.00000
13.193,0,13175.000,56437,192000,3999.229,120.0,8,4,2,0.00000,0.00000,0.00000,0.00000,0.00000
13.193,1,13208.000,58017,192000,3999.312,120.0,8,4,2,0.00000,0.00000,0.00000,0.00000,0.00000
13.193,2,13142.000,54855,192000,3999.188,120.0,8,4,2,0.00000,0.00000,0.00000,0.00000,0.00000
13.294,0,13276.000,61253,192000,3999.896,120.0,8,4,2,0.00000,0.00000,0.00000,0.00000,0.00000
13.294,1,13309.000,62846,192000,3999.708,120.0,8,4,2,0.00000,0.00000,0.00000,0.00000,0.00000
13.294,2,13242.000,59659,192000,3999.104,120.0,8,4,2,0.00000,0.00000,0.00000,0.00000,0.00000
13.396,0,13377.000,66143,192000,3999.021,120.0,8,4,2,0.00000,0.00000,0.00000,0.00000,0.00000
13.396,1,13411.000,67747,192000,3999.604,120.0,8,4,2,0.00000,0.00000,0.00000,0.00000,0.00000
13.396,2,13344.000,64537,192000,3999.479,120.0,8,4,2,0.00000,0.00000,0.00000,0.00000,0.00000
13.496,0,13478.000,70959,192000,3999.688,120.0,8,4,2,0.00000,0.00000,0.00000,0.00000,0.00000
13.496,1,13512.000,72576,192000,0.000,120.0,8,4,2,0.00000,0.00000,0.00000,0.00000,0.00000
13.496,2,13444.000,69341,192000,3999.396,120.0,8,4,2,0.00000,0.00000,0.00000,0.00000,0.00000
13.597,0,13579.000,75818,192000,3999.458,120.0,8,4,2,0.00000,0.00000,0.00000,0.00000,0.00000
13.597,1,13613.000,77447,192000,3999.521,120.0,8,4,2,0.00000,0.00000,0.00000,0.00000,0.00000
13.597,2,13545.000,74188,192000,3999.417,120.0,8,4,2,0.00000,0.00000,0.00000,0.00000,0.00000
13.700,0,13682.000,80762,192000,3999.458,120.0,8,4,2,0.00000,0.00000,0.00000,0.00000,0.00000
13.700,1,13716.000,82403,192000,3999.271,120.0,8,4,2,0.00000,0.00000,0.00000,0.00000,0.00000
13.700,2,13648.000,79120,192000,3999.667,120.0,8,4,2,0.00000,0.00000,0.00000,0.00000,0.00000
13.801,0,13783.000,85619,192000,3999.271,120.0,8,4,2,0.00000,0.00000,0.00000,0.00000,0.00000
13.801,1,13818.000,87272,192000,3999.833,120.0,8,4,2,0.00000,0.00000,0.00000,0.00000,0.00000
13.801,2,13749.000,83964,192000,3999.750,120.0,8,4,2,0.00000,0.00000,0.00000,0.00000,0.00000
13.903,0,13885.000,90514,192000,3999.292,120.0,8,4,2,0.00000,0.00000,0.00000,0.00000,0.00000
13.903,1,13920.000,92180,192000,3999.583,120.0,8,4,2,0.00000,0.00000,0.00000,0.00000,0.00000
13.903,2,13851.000,88848,192000,0.000,120.0,8,4,2,0.00000,0.00000,0.00000,0.00000,0.00000
14.004,0,13986.000,95368,192000,3999.167,120.0,8,4,2,0.00000,0.00000,0.00000,0.00000,0.00000
14.004,1,14021.000,97046,192000,3999.208,120.0,8,4,2,0.00000,0.00000,0.00000,0.00000,0.00000
14.004,2,13951.000,93689,192000,3999.146,120.0,8,4,2,0.00000,0.00000,0.00000,0.00000,0.00000
14.107,0,14089.000,100301,192000,3999.396,120.0,8,4,2,0.00000,0.00000,0.00000,0.00000,0.00000
14.107,1,14124.000,101991,192000,3999.188,120.0,8,4,2,0.00000,0.00000,0.00000,0.00000,0.00000
14.107,2,14054.000,98610,192000,3999.625,120.0,8,4,2,0.00000,0.00000,0.00000,0.00000,0.00000
14.210,0,14192.000,105241,192000,3999.479,120.0,8,4,2,0.00000,0.00000,0.00000,0.00000,0.00000
14.210,1,14227.000,106943,192000,3999.021,120.0,8,4,2,0.00000,0.00000,0.00000,0.00000,0.00000
14.210,2,14157.000,103537,192000,3999.979,120.0,8,4,2,0.00000,0.00000,0.00000,0.00000,0.00000
14.313,0,14295.000,110166,192000,3999.875,120.0,8,4,2,0.00000,0.00000,0.00000,0.00000,0.00000
14.313,1,14330.000,111881,192000,3999.146,120.0,8,4,2,0.00000,0.00000,0.00000,0.00000,0.00000
14.313,2,14259.000,108450,192000,3999.625,120.0,8,4,2,0.00000,0.00000,0.00000,0.00000,0.00000
14.414,0,14396.000,115013,192000,3999.896,120.0,8,4,2,0.00000,0.00000,0.00000,0.00000,0.00000
14.414,1,14432.000,116740,192000,3999.917,120.0,8,4,2,0.00000,0.00000,0.00000,0.00000,0.00000
14.414,2,14360.000,113285,192000,3999.896,120.0,8,4,2,0.00000,0.00000,0.00000,0.00000,0.00000
14.517,0,14499.000,119966,192000,3999.708,120.0,8,4,2,0.00000,0.00000,0.00000,0.00000,0.00000
14.517,1,14535.000,121705,192000,3999.479,120.0,8,4,2,0.00000,0.00000,0.00000,0.00000,0.00000
14.517,2,14463.000,118226,192000,3999.958,120.0,8,4,2,0.00000,0.00000,0.00000,0.00000,0.00000
14.619,0,14601.000,124849,192000,3999.979,120.0,8,4,2,0.00000,0.00000,0.00000,0.00000,0.00000
14.619,1,14637.000,126600,192000,3999.500,120.0,8,4,2,0.00000,0.00000,0.00000,0.00000,0.00000
14.619,2,14564.000,123096,192000,3999.500,120.0,8,4,2,0.00000,0.00000,0.00000,0.00000,0.00000
14.720,0,14702.000,129725,192000,3999.396,120.0,8,4,2,0.00000,0.00000,0.00000,0.00000,0.00000
14.720,1,14739.000,131489,192000,3999.646,120.0,8,4,2,0.00000,0.00000,0.00000,0.00000,0.00000
14.720,2,14665.000,127961,192000,3999.146,120.0,8,4,2,0.00000,0.00000,0.00000,0.00000,0.00000
14.823,0,14805.000,134662,192000,3999.542,120.0,8,4,2,0.00000,0.00000,0.00000,0.00000,0.00000
14.823,1,14842.000,136438,192000,3999.542,120.0,8,4,2,0.00000,0.00000,0.00000,0.00000,0.00000
14.823,2,14768.000,132885,192000,3999.562,120.0,8,4,2,0.00000,0.00000,0.00000,0.00000,0.00000
14.926,0,14908.000,139588,192000,3999.917,120.0,8,4,2,0.00000,0.00000,0.00000,0.00000,0.00000
14.926,1,14945.000,141376,192000,3999.667,120.0,8,4,2,0.00000,0.00000,0.00000,0.00000,0.00000
14.926,2,14870.000,137799,192000,3999.188,120.0,8,4,2,0.00000,0.00000,0.00000,0.00000,0.00000
15.028,0,15010.000,144510,192000,3999.375,120.0,8,4,2,0.00000,0.00000,0.00000,0.00000,0.00000
15.028,1,15048.000,146311,192000,3999.854,120.0,8,4,2,0.00000,0.00000,0.00000,0.00000,0.00000
15.028,2,14973.000,142708,192000,3999.917,120.0,8,4,2,0.00000,0.00000,0.00000,0.00000,0.00000
15.130,0,15112.000,149398,192000,3999.542,120.0,8,4,2,0.00000,0.00000,0.00000,0.00000,0.00000
15.130,1,15150.000,151211,192000,3999.771,120.0,8,4,2,0.00000,0.00000,0.00000,0.00000,0.00000
15.130,2,15074.000,147584,192000,3999.333,120.0,8,4,2,0.00000,0.00000,0.00000,0.00000,0.00000
15.232,0,15214.000,154299,192000,3999.438,120.0,8,4,2,0.00000,0.00000,0.00000,0.00000,0.00000
15.232,1,15252.000,156124,192000,3999.417,120.0,8,4,2,0.00000,0.00000,0.00000,0.00000,0.00000
15.232,2,15176.000,152473,192000,3999.479,120.0,8,4,2,0.00000,0.00000,0.00000,0.00000,0.00000
15.334,0,15316.000,159200,192000,3999.333,120.0,8,4,2,0.00000,0.00000,0.00000,0.00000,0.00000
15.334,1,15354.000,161038,192000,3999.042,120.0,8,4,2,0.00000,0.00000,0.00000,0.00000,0.00000
15.334,2,15278.000,157362,192000,3999.625,120.0,8,4,2,0.00000,0.00000,0.00000,0.00000,0.00000
15.434,0,15416.000,164006,192000,3999.208,120.0,8,4,2,0.00000,0.00000,0.00000,0.00000,0.00000
15.434,1,15455.000,165856,192000,3999.667,120.0,8,4,2,0.00000,0.00000,0.00000,0.00000,0.00000
15.434,2,15378.000,162156,192000,3999.750,120.0,8,4,2,0.00000,0.00000,0.00000,0.00000,0.00000
15.535,0,15517.000,168839,192000,3999.521,120.0,8,4,2,0.00000,0.00000,0.00000,0.00000,0.00000
15.535,1,15556.000,170700,192000,3999.750,120.0,8,4,2,0.00000,0.00000,0.00000,0.00000,0.00000
15.535,2,15478.000,166976,192000,3999.333,120.0,8,4,2,0.00000,0.00000,0.00000,0.00000,0.00000
15.638,0,15619.000,173757,192000,3999.062,120.0,8,4,2,0.00000,0.00000,0.00000,0.00000,0.00000
15.638,1,15658.000,175631,192000,3999.021,120.0,8,4,2,0.00000,0.00000,0.00000,0.00000,0.00000
15.638,2,15580.000,171882,192000,3999.125,120.0,8,4,2,0.00000,0.00000,0.00000,0.00000,0.00000
15.739,0,15721.000,178610,192000,3999.958,120.0,8,4,2,0.00000,0.00000,0.00000,0.00000,0.00000
15.739,1,15760.000,180496,192000,3999.667,120.0,8,4,2,0.00000,0.00000,0.00000,0.00000,0.00000
15.739,2,15681.000,176723,192000,3999.271,120.0,8,4,2,0.00000,0.00000,0.00000,0.00000,0.00000
15.840,0,15822.000,183475,192000,3999.604,120.0,8,4,2,0.00000,0.00000,0.00000,0.00000,0.00000
15.840,1,15861.000,185373,192000,3999.062,120.0,8,4,2,0.00000,0.00000,0.00000,0.00000,0.00000
15.840,2,15782.000,181576,192000,3999.167,120.0,8,4,2,0.00000,0.00000,0.00000,0.00000,0.00000
15.943,0,15924.000,188394,192000,3999.125,120.0,8,4,2,0.00000,0.00000,0.00000,0.00000,0.00000
15.943,1,15964.000,190304,192000,3999.333,120.0,8,4,2,0.00000,0.00000,0.00000,0.00000,0.00000
15.943,2,15885.000,186483,192000,3999.938,120.0,8,4,2,0.00000,0.00000,0.00000,0.00000,0.00000
16.043,0,16024.000,1195,192000,3999.104,120.0,8,5,2,0.12445,0.00000,0.12445,0.00000,0.00000
16.043,1,16064.000,3117,192000,3999.062,120.0,8,5,2,0.00000,0.00000,0.00000,0.00000,0.00000
16.043,2,15984.000,191271,192000,3999.188,120.0,8,4,2,0.00000,0.00000,0.00000,0.00000,0.00000
16.145,0,16127.000,6108,192000,3999.750,120.0,8,5,2,0.08131,0.00000,0.08131,0.00000,0.00000
16.145,1,16167.000,8043,192000,3999.438,120.0,8,5,2,0.00000,0.00000,0.00000,0.00000,0.00000
16.145,2,16086.000,4173,192000,3999.062,120.0,8,5,2,0.09603,0.00000,0.09603,0.00000,0.00000
16.246,0,16228.000,10957,192000,3999.729,120.0,8,5,2,0.05342,0.00000,0.05342,0.00000,0.00000
16.246,1,16268.000,12904,192000,3999.167,120.0,8,5,2,0.00000,0.00000,0.00000,0.00000,0.00000
16.246,2,16187.000,9009,192000,3999.312,120.0,8,5,2,0.06316,0.00000,0.06316,0.00000,0.00000
16.346,0,16328.000,15760,192000,3999.667,120.0,8,5,2,0.03523,0.00000,0.03523,0.00000,0.00000
16.346,1,16369.000,17718,192000,3999.875,120.0,8,5,2,0.00000,0.00000,0.00000,0.00000,0.00000
16.346,2,16287.000,13800,192000,3999.500,120.0,8,5,2,0.04170,0.00000,0.04170,0.00000,0.00000
16.448,0,16430.000,20660,192000,3999.583,120.0,8,5,2,0.02304,0.00000,0.02304,0.00000,0.00000
16.448,1,16471.000,22631,192000,3999.521,120.0,8,5,2,0.00000,0.00000,0.00000,0.00000,0.00000
16.448,2,16389.000,18688,192000,3999.667,120.0,8,5,2,0.02730,0.00000,0.02730,0.00000,0.00000
16.551,0,16532.000,25577,192000,3999.146,120.0,8,5,2,0.01505,0.00000,0.01505,0.00000,0.00000
16.551,1,16574.000,27560,192000,3999.833,120.0,8,5,2,0.00000,0.00000,0.00000,0.00000,0.00000
16.551,2,16491.000,23593,192000,3999.479,120.0,8,5,2,0.01785,0.00000,0.01785,0.00000,0.00000
16.651,0,16633.000,30398,192000,3999.708,120.0,8,5,2,0.00991,0.00000,0.00991,0.00000,0.00000
16.651,1,16674.000,32394,192000,3999.125,120.0,8,5,2,0.00000,0.00000,0.00000,0.00000,0.00000
16.651,2,16591.000,28402,192000,3999.292,120.0,8,5,2,0.01177,0.00000,0.01177,0.00000,0.00000
16.753,0,16735.000,35308,192000,3999.417,120.0,8,5,2,0.00648,0.00000,0.00648,0.00000,0.00000
16.753,1,16777.000,37316,192000,3999.583,120.0,8,5,2,0.00000,0.00000,0.00000,0.00000,0.00000
16.753,2,16693.000,33300,192000,3999.250,120.0,8,5,2,0.00770,0.00000,0.00770,0.00000,0.00000
16.854,0,16836.000,40141,192000,3999.729,120.0,8,5,2,0.00426,0.00000,0.00426,0.00000,0.00000
16.854,1,16878.000,42161,192000,3999.646,120.0,8,5,2,0.00000,0.00000,0.00000,0.00000,0.00000
16.854,2,16794.000,38121,192000,3999.812,120.0,8,5,2,0.00507,0.00000,0.00507,0.00000,0.00000
16.955,0,16937.000,45016,192000,3999.167,120.0,8,5,2,0.00279,0.00000,0.00279,0.00000,0.00000
16.955,1,16980.000,47048,192000,3999.833,120.0,8,5,2,0.00000,0.00000,0.00000,0.00000,0.00000
16.955,2,16895.000,42983,192000,3999.521,120.0,8,5,2,0.00333,0.00000,0.00333,0.00000,0.00000
17.058,0,17039.000,49919,192000,3999.021,120.0,8,5,2,0.00183,0.00000,0.00183,0.00000,0.00000
17.058,1,17082.000,51963,192000,3999.438,120.0,8,5,2,0.00000,0.00000,0.00000,0.00000,0.00000
17.058,2,16997.000,47873,192000,3999.646,120.0,8,5,2,0.00218,0.00000,0.00218,0.00000,0.00000
17.160,0,17141.000,54815,192000,3999.021,120.0,8,5,2,0.00119,0.00000,0.00119,0.00000,0.00000
17.160,1,17184.000,56872,192000,3999.167,120.0,8,5,2,0.00000,0.00000,0.00000,0.00000,0.00000
17.160,2,17099.000,52758,192000,3999.875,120.0,8,5,2,0.00143,0.00000,0.00143,0.00000,0.00000
17.260,0,17242.000,59641,192000,3999.479,120.0,8,5,2,0.00079,0.00000,0.00079,0.00000,0.00000
17.260,1,17285.000,61710,192000,3999.375,120.0,8,5,2,0.00000,0.00000,0.00000,0.00000,0.00000
17.260,2,17199.000,57572,192000,3999.583,120.0,8,5,2,0.00094,0.00000,0.00094,0.00000,0.00000
17.363,0,17345.000,64573,192000,3999.729,120.0,8,5,2,0.00051,0.00000,0.00051,0.00000,0.00000
17.363,1,17388.000,66654,192000,3999.375,120.0,8,5,2,0.00000,0.00000,0.00000,0.00000,0.00000
17.363,2,17301.000,62491,192000,3999.104,120.0,8,5,2,0.00061,0.00000,0.00061,0.00000,0.00000
17.463,0,17445.000,69375,192000,3999.688,120.0,8,5,2,0.00034,0.00000,0.00034,0.00000,0.00000
17.463,1,17488.000,71468,192000,3999.083,120.0,8,5,2,0.00000,0.00000,0.00000,0.00000,0.00000
17.463,2,17401.000,67281,192000,3999.312,120.0,8,5,2,0.00041,0.00000,0.00041,0.00000,0.00000
17.565,0,17547.000,74260,192000,3999.917,120.0,8,5,2,0.00022,0.00000,0.00022,0.00000,0.00000
17.565,1,17590.000,76365,192000,3999.062,120.0,8,5,2,0.00000,0.00000,0.00000,0.00000,0.00000
17.565,2,17503.000,72154,192000,3999.792,120.0,8,5,2,0.00027,0.00000,0.00027,0.00000,0.00000
17.665,0,17647.000,79087,192000,3999.354,120.0,8,5,2,0.00015,0.00000,0.00015,0.00000,0.00000
17.665,1,17691.000,81204,192000,3999.250,120.0,8,5,2,0.00000,0.00000,0.00000,0.00000,0.00000
17.665,2,17603.000,76969,192000,3999.479,120.0,8,5,2,0.00018,0.00000,0.00018,0.00000,0.00000
17.766,0,17747.000,83903,192000,3999.021,120.0,8,5,2,0.00010,0.00000,0.00010,0.00000,0.00000
17.766,1,17792.000,86032,192000,3999.667,120.0,8,5,2,0.00000,0.00000,0.00000,0.00000,0.00000
17.766,2,17703.000,81773,192000,3999.396,120.0,8,5,2,0.00012,0.00000,0.00012,0.00000,0.00000
17.868,0,17850.000,88829,192000,3999.396,120.0,8,5,2,0.00006,0.00000,0.00006,0.00000,0.00000
17.868,1,17895.000,90971,192000,3999.771,120.0,8,5,2,0.00000,0.00000,0.00000,0.00000,0.00000
17.868,2,17805.000,86687,192000,3999.021,120.0,8,5,2,0.00008,0.00000,0.00008,0.00000,0.00000
17.970,0,17952.000,93725,192000,3999.396,120.0,8,5,2,0.00004,0.00000,0.00004,0.00000,0.00000
17.970,1,17997.000,95879,192000,3999.521,120.0,8,5,2,0.00000,0.00000,0.00000,0.00000,0.00000
17.970,2,17907.000,91570,192000,3999.292,120.0,8,5,2,0.00005,0.00000,0.00005,0.00000,0.00000
18.071,0,18052.000,98542,192000,3999.042,120.0,8,5,2,0.00003,0.00000,0.00003,0.00000,0.00000
18.071,1,18098.000,100708,192000,3999.917,120.0,8,5,2,0.00000,0.00000,0.00000,0.00000,0.00000
18.071,2,18007.000,96375,192000,3999.188,120.0,8,5,2,0.00003,0.00000,0.00003,0.00000,0.00000
18.172,0,18154.000,103423,192000,3999.354,120.0,8,5,2,0.00002,0.00000,0.00002,0.00000,0.00000
18.172,1,18200.000,105601,192000,3999.979,120.0,8,5,2,0.00000,0.00000,0.00000,0.00000,0.00000
18.172,2,18109.000,101244,192000,3999.750,120.0,8,5,2,0.00002,0.00000,0.00002,0.00000,0.00000
18.274,0,18256.000,108290,192000,3999.958,120.0,8,5,2,0.00001,0.00000,0.00001,0.00000,0.00000
18.274,1,18301.000,110480,192000,3999.333,120.0,8,5,2,0.00000,0.00000,0.00000,0.00000,0.00000
18.274,2,18210.000,106099,192000,3999.604,120.0,8,5,2,0.00001,0.00000,0.00001,0.00000,0.00000
18.374,0,18356.000,113096,192000,3999.833,120.0,8,5,2,0.00001,0.00000,0.00001,0.00000,0.00000
18.374,1,18402.000,115298,192000,3999.958,120.0,8,5,2,0.00000,0.00000,0.00000,0.00000,0.00000
18.374,2,18310.000,110893,192000,3999.729,120.0,8,5,2,0.00001,0.00000,0.00001,0.00000,0.00000
18.475,0,18457.000,117966,192000,3999.375,120.0,8,5,2,0.00001,0.00000,0.00001,0.00000,0.00000
18.475,1,18503.000,120181,192000,3999.229,120.0,8,5,2,0.00000,0.00000,0.00000,0.00000,0.00000
18.475,2,18411.000,115751,192000,3999.521,120.0,8,5,2,0.00001,0.00000,0.00001,0.00000,0.00000
18.577,0,18559.000,122872,192000,3999.167,120.0,8,5,2,0.00000,0.00000,0.00000,0.00000,0.00000
18.577,1,18606.000,125098,192000,3999.792,120.0,8,5,2,0.00000,0.00000,0.00000,0.00000,0.00000
18.577,2,18513.000,120644,192000,3999.583,120.0,8,5,2,0.00000,0.00000,0.00000,0.00000,0.00000
18.678,0,18660.000,127702,192000,3999.542,120.0,8,5,2,0.00000,0.00000,0.00000,0.00000,0.00000
18.678,1,18707.000,129940,192000,3999.917,120.0,8,5,2,0.00000,0.00000,0.00000,0.00000,0.00000
18.678,2,18613.000,125462,192000,3999.208,120.0,8,5,2,0.00000,0.00000,0.00000,0.00000,0.00000
18.780,0,18762.000,132586,192000,3999.792,120.0,8,5,2,0.00000,0.00000,0.00000,0.00000,0.00000
18.780,1,18809.000,134837,192000,3999.896,120.0,8,5,2,0.00000,0.00000,0.00000,0.00000,0.00000
18.780,2,18715.000,130334,192000,3999.708,120.0,8,5,2,0.00000,0.00000,0.00000,0.00000,0.00000
18.881,0,18863.000,137452,192000,3999.417,120.0,8,5,2,0.00000,0.00000,0.00000,0.00000,0.00000
18.881,1,18910.000,139715,192000,3999.271,120.0,8,5,2,0.00000,0.00000,0.00000,0.00000,0.00000
18.881,2,18816.000,135188,192000,3999.583,120.0,8,5,2,0.00000,0.00000,0.00000,0.00000,0.00000
18.982,0,18964.000,142278,192000,3999.875,120.0,8,5,2,0.00000,0.00000,0.00000,0.00000,0.00000
18.982,1,19011.000,144553,192000,3999.479,120.0,8,5,2,0.00000,0.00000,0.00000,0.00000,0.00000
18.982,2,18916.000,140002,192000,3999.292,120.0,8,5,2,0.00000,0.00000,0.00000,0.00000,0.00000
19.083,0,19065.000,147139,192000,3999.604,120.0,8,5,2,0.00000,0.00000,0.00000,0.00000,0.00000
19.083,1,19113.000,149427,192000,3999.938,120.0,8,5,2,0.00000,0.00000,0.00000,0.00000,0.00000
19.083,2,19017.000,144851,192000,3999.271,120.0,8,5,2,0.00000,0.00000,0.00000,0.00000,0.00000
19.185,0,19167.000,152032,192000,3999.667,120.0,8,5,2,0.00000,0.00000,0.00000,0.00000,0.00000
19.185,1,19215.000,154332,192000,3999.750,120.0,8,5,2,0.00000,0.00000,0.00000,0.00000,0.00000
19.185,2,19119.000,149732,192000,3999.583,120.0,8,5,2,0.00000,0.00000,0.00000,0.00000,0.00000
19.285,0,19267.000,156845,192000,3999.396,120.0,8,5,2,0.00000,0.00000,0.00000,0.00000,0.00000
19.285,1,19315.000,159157,192000,3999.229,120.0,8,5,2,0.00000,0.00000,0.00000,0.00000,0.00000
19.285,2,19219.000,154533,192000,3999.562,120.0,8,5,2,0.00000,0.00000,0.00000,0.00000,0.00000
19.386,0,19367.000,161662,192000,3999.042,120.0,8,5,2,0.00000,0.00000,0.00000,0.00000,0.00000
19.386,1,19416.000,163985,192000,3999.646,120.0,8,5,2,0.00000,0.00000,0.00000,0.00000,0.00000
19.386,2,19319.000,159337,192000,3999.479,120.0,8,5,2,0.00000,0.00000,0.00000,0.00000,0.00000
19.488,0,19470.000,166560,192000,0.000,120.0,8,5,2,0.00000,0.00000,0.00000,0.00000,0.00000
19.488,1,19518.000,168896,192000,3999.333,120.0,8,5,2,0.00000,0.00000,0.00000,0.00000,0.00000
19.488,2,19421.000,164223,192000,3999.688,120.0,8,5,2,0.00000,0.00000,0.00000,0.00000,0.00000
19.588,0,19570.000,171397,192000,3999.229,120.0,8,5,2,0.00000,0.00000,0.00000,0.00000,0.00000
19.588,1,19619.000,173745,192000,3999.312,120.0,8,5,2,0.00000,0.00000,0.00000,0.00000,0.00000
19.588,2,19521.000,169048,192000,3999.167,120.0,8,5,2,0.00000,0.00000,0.00000,0.00000,0.00000
19.690,0,19672.000,176284,192000,3999.417,120.0,8,5,2,0.00000,0.00000,0.00000,0.00000,0.00000
19.690,1,19721.000,178644,192000,3999.250,120.0,8,5,2,0.00000,0.00000,0.00000,0.00000,0.00000
19.690,2,19623.000,173923,192000,3999.604,120.0,8,5,2,0.00000,0.00000,0.00000,0.00000,0.00000
19.793,0,19775.000,181225,192000,3999.479,120.0,8,5,2,0.00000,0.00000,0.00000,0.00000,0.00000
19.793,1,19824.000,183598,192000,3999.042,120.0,8,5,2,0.00000,0.00000,0.00000,0.00000,0.00000
19.793,2,19726.000,178852,192000,3999.917,120.0,8,5,2,0.00000,0.00000,0.00000,0.00000,0.00000
19.894,0,19876.000,186055,192000,3999.854,120.0,8,5,2,0.00000,0.00000,0.00000,0.00000,0.00000
19.894,1,19925.000,188440,192000,3999.167,120.0,8,5,2,0.00000,0.00000,0.00000,0.00000,0.00000
19.894,2,19826.000,183670,192000,3999.542,120.0,8,5,2,0.00000,0.00000,0.00000,0.00000,0.00000
19.994,0,19976.000,190857,192000,3999.812,120.0,8,5,2,0.00000,0.00000,0.00000,0.00000,0.00000
19.994,1,20026.000,1254,192000,3999.875,120.0,8,6,2,0.12418,0.12418,0.12387,0.00000,0.00000
19.994,2,19926.000,188460,192000,3999.750,120.0,8,5,2,0.00000,0.00000,0.00000,0.00000,0.00000
20.097,0,20079.000,3792,192000,0.000,120.0,8,6,2,0.09938,0.09938,0.00000,0.00000,0.00000
20.097,1,20129.000,6201,192000,3999.812,120.0,8,6,2,0.08089,0.08089,0.08069,0.00000,0.00000
20.097,2,20028.000,1382,192000,3999.208,120.0,8,6,2,0.12250,0.12250,0.00000,0.00000,0.00000
20.197,0,20179.000,8603,192000,3999.771,120.0,8,6,2,0.06551,0.06551,0.00000,0.00000,0.00000
20.197,1,20229.000,11024,192000,3999.333,120.0,8,6,2,0.05326,0.05326,0.05313,0.00000,0.00000
20.197,2,20128.000,6181,192000,3999.229,120.0,8,6,2,0.08083,0.08083,0.00000,0.00000,0.00000
20.299,0,20280.000,13482,192000,3999.125,120.0,8,6,2,0.04292,0.04292,0.00000,0.00000,0.00000
20.299,1,20331.000,15915,192000,3999.438,120.0,8,6,2,0.03486,0.03486,0.03478,0.00000,0.00000
20.299,2,20230.000,11048,192000,3999.833,120.0,8,6,2,0.05302,0.05302,0.00000,0.00000,0.00000
20.400,0,20382.000,18373,192000,3999.229,120.0,8,6,2,0.02810,0.02810,0.00000,0.00000,0.00000
20.400,1,20433.000,20818,192000,3999.292,120.0,8,6,2,0.02280,0.02280,0.02274,0.00000,0.00000
20.400,2,20331.000,15926,192000,3999.208,120.0,8,6,2,0.03474,0.03474,0.00000,0.00000,0.00000
20.501,0,20483.000,23194,192000,3999.792,120.0,8,6,2,0.01850,0.01850,0.00000,0.00000,0.00000
20.501,1,20534.000,25652,192000,3999.583,120.0,8,6,2,0.01500,0.01500,0.01496,0.00000,0.00000
20.501,2,20432.000,20736,192000,0.000,120.0,8,6,2,0.02290,0.02290,0.00000,0.00000,0.00000
20.603,0,20584.000,28076,192000,3999.083,120.0,8,6,2,0.01212,0.01212,0.00000,0.00000,0.00000
20.603,1,20636.000,30545,192000,3999.646,120.0,8,6,2,0.00981,0.00981,0.00979,0.00000,0.00000
20.603,2,20533.000,25605,192000,3999.562,120.0,8,6,2,0.01502,0.01502,0.00000,0.00000,0.00000
20.705,0,20687.000,32998,192000,3999.542,120.0,8,6,2,0.00791,0.00791,0.00000,0.00000,0.00000
20.705,1,20739.000,35480,192000,3999.833,120.0,8,6,2,0.00640,0.00640,0.00638,0.00000,0.00000
20.705,2,20635.000,30515,192000,3999.271,120.0,8,6,2,0.00982,0.00982,0.00000,0.00000,0.00000
20.807,0,20789.000,37901,192000,3999.396,120.0,8,6,2,0.00517,0.00517,0.00000,0.00000,0.00000
20.807,1,20841.000,40395,192000,3999.438,120.0,8,6,2,0.00418,0.00418,0.00417,0.00000,0.00000
20.807,2,20737.000,35406,192000,3999.375,120.0,8,6,2,0.00642,0.00642,0.00000,0.00000,0.00000
20.908,0,20890.000,42760,192000,3999.167,120.0,8,6,2,0.00340,0.00340,0.00000,0.00000,0.00000
20.908,1,20943.000,45266,192000,3999.958,120.0,8,6,2,0.00274,0.00274,0.00273,0.00000,0.00000
20.908,2,20838.000,40252,192000,3999.417,120.0,8,6,2,0.00422,0.00422,0.00000,0.00000,0.00000
21.009,0,20991.000,47594,192000,3999.458,120.0,8,6,2,0.00223,0.00223,0.00000,0.00000,0.00000
21.009,1,21044.000,50112,192000,0.000,120.0,8,6,2,0.00180,0.00180,0.00180,0.00000,0.00000
21.009,2,20939.000,45074,192000,3999.958,120.0,8,6,2,0.00278,0.00278,0.00000,0.00000,0.00000
21.109,0,21091.000,52408,192000,3999.167,120.0,8,6,2,0.00147,0.00147,0.00000,0.00000,0.00000
21.109,1,21144.000,54938,192000,3999.458,120.0,8,6,2,0.00119,0.00119,0.00118,0.00000,0.00000
21.109,2,21039.000,49877,192000,3999.896,120.0,8,6,2,0.00183,0.00183,0.00000,0.00000,0.00000
21.210,0,21192.000,57216,192000,0.000,120.0,8,6,2,0.00097,0.00097,0.00000,0.00000,0.00000
21.210,1,21244.000,59759,192000,3999.021,120.0,8,6,2,0.00078,0.00078,0.00078,0.00000,0.00000
21.210,2,21139.000,54673,192000,3999.979,120.0,8,6,2,0.00121,0.00121,0.00000,0.00000,0.00000
21.312,0,21294.000,62135,192000,3999.521,120.0,8,6,2,0.00063,0.00063,0.00000,0.00000,0.00000
21.312,1,21347.000,64690,192000,3999.292,120.0,8,6,2,0.00051,0.00051,0.00051,0.00000,0.00000
21.312,2,21241.000,59579,192000,3999.771,120.0,8,6,2,0.00079,0.00079,0.00000,0.00000,0.00000
21.412,0,21394.000,66943,192000,3999.354,120.0,8,6,2,0.00042,0.00042,0.00000,0.00000,0.00000
21.412,1,21448.000,69509,192000,3999.896,120.0,8,6,2,0.00034,0.00034,0.00033,0.00000,0.00000
21.412,2,21341.000,64375,192000,3999.854,120.0,8,6,2,0.00052,0.00052,0.00000,0.00000,0.00000
21.513,0,21495.000,71769,192000,3999.812,120.0,8,6,2,0.00028,0.00028,0.00000,0.00000,0.00000
21.513,1,21548.000,74348,192000,3999.083,120.0,8,6,2,0.00022,0.00022,0.00022,0.00000,0.00000
21.513,2,21441.000,69189,192000,3999.562,120.0,8,6,2,0.00034,0.00034,0.00000,0.00000,0.00000
21.613,0,21595.000,76577,192000,3999.646,120.0,8,6,2,0.00018,0.00018,0.00000,0.00000,0.00000
21.613,1,21649.000,79168,192000,3999.667,120.0,8,6,2,0.00015,0.00015,0.00014,0.00000,0.00000
21.613,2,21541.000,73985,192000,3999.646,120.0,8,6,2,0.00023,0.00023,0.00000,0.00000,0.00000
21.713,0,21695.000,81390,192000,3999.375,120.0,8,6,2,0.00012,0.00012,0.00000,0.00000,0.00000
21.713,1,21749.000,83993,192000,3999.146,120.0,8,6,2,0.00010,0.00010,0.00010,0.00000,0.00000
21.713,2,21641.000,78786,192000,3999.625,120.0,8,6,2,0.00015,0.00015,0.00000,0.00000,0.00000
21.814,0,21796.000,86223,192000,3999.688,120.0,8,6,2,0.00008,0.00008,0.00000,0.00000,0.00000
21.814,1,21850.000,88838,192000,3999.208,120.0,8,6,2,0.00006,0.00006,0.00006,0.00000,0.00000
21.814,2,21741.000,83607,192000,3999.188,120.0,8,6,2,0.00010,0.00010,0.00000,0.00000,0.00000
21.916,0,21898.000,91136,192000,3999.333,120.0,8,6,2,0.00005,0.00005,0.00000,0.00000,0.00000
21.916,1,21953.000,93763,192000,3999.604,120.0,8,6,2,0.00004,0.00004,0.00004,0.00000,0.00000
21.916,2,21843.000,88508,192000,3999.083,120.0,8,6,2,0.00006,0.00006,0.00000,0.00000,0.00000
22.018,0,22000.000,96009,192000,3999.812,120.0,8,6,2,0.00003,0.00003,0.00000,0.00000,0.00000
22.018,1,22055.000,98648,192000,3999.833,120.0,8,6,2,0.00003,0.00003,0.00003,0.00000,0.00000
22.018,2,21945.000,93368,192000,3999.833,120.0,8,6,2,0.00004,0.00004,0.00000,0.00000,0.00000
22.119,0,22101.000,100851,192000,3999.938,120.0,8,6,2,0.00002,0.00002,0.00000,0.00000,0.00000
22.119,1,22156.000,103502,192000,3999.708,120.0,8,6,2,0.00002,0.00002,0.00002,0.00000,0.00000
22.119,2,22045.000,98198,192000,3999.208,120.0,8,6,2,0.00003,0.00003,0.00000,0.00000,0.00000
22.221,0,22203.000,105764,192000,3999.583,120.0,8,6,2,0.00001,0.00001,0.00000,0.00000,0.00000
22.221,1,22258.000,108428,192000,3999.083,120.0,8,6,2,0.00001,0.00001,0.00001,0.00000,0.00000
22.221,2,22147.000,103099,192000,3999.104,120.0,8,6,2,0.00002,0.00002,0.00000,0.00000,0.00000
22.323,0,22304.000,110637,192000,3999.062,120.0,8,6,2,0.00001,0.00001,0.00000,0.00000,0.00000
22.323,1,22360.000,113313,192000,3999.312,120.0,8,6,2,0.00001,0.00001,0.00001,0.00000,0.00000
22.323,2,22249.000,107960,192000,3999.833,120.0,8,6,2,0.00001,0.00001,0.00000,0.00000,0.00000
22.424,0,22406.000,115495,192000,3999.854,120.0,8,6,2,0.00001,0.00001,0.00000,0.00000,0.00000
22.424,1,22462.000,118183,192000,3999.854,120.0,8,6,2,0.00000,0.00000,0.00000,0.00000,0.00000
22.424,2,22350.000,112806,192000,3999.875,120.0,8,6,2,0.00001,0.00001,0.00000,0.00000,0.00000
22.526,0,22508.000,120412,192000,3999.417,120.0,8,6,2,0.00000,0.00000,0.00000,0.00000,0.00000
22.526,1,22564.000,123113,192000,3999.146,120.0,8,6,2,0.00000,0.00000,0.00000,0.00000,0.00000
22.526,2,22452.000,117711,192000,3999.688,120.0,8,6,2,0.00001,0.00001,0.00000,0.00000,0.00000
22.627,0,22609.000,125270,192000,3999.208,120.0,8,6,2,0.00000,0.00000,0.00000,0.00000,0.00000
22.627,1,22666.000,127982,192000,3999.708,120.0,8,6,2,0.00000,0.00000,0.00000,0.00000,0.00000
22.627,2,22553.000,122556,192000,3999.750,120.0,8,6,2,0.00000,0.00000,0.00000,0.00000,0.00000
22.728,0,22710.000,130084,192000,3999.917,120.0,8,6,2,0.00000,0.00000,0.00000,0.00000,0.00000
22.728,1,22766.000,132808,192000,3999.167,120.0,8,6,2,0.00000,0.00000,0.00000,0.00000,0.00000
22.728,2,22653.000,127358,192000,3999.708,120.0,8,6,2,0.00000,0.00000,0.00000,0.00000,0.00000
22.829,0,22811.000,134961,192000,3999.312,120.0,8,6,2,0.00000,0.00000,0.00000,0.00000,0.00000
22.829,1,22868.000,137698,192000,3999.292,120.0,8,6,2,0.00000,0.00000,0.00000,0.00000,0.00000
22.829,2,22754.000,132223,192000,3999.354,120.0,8,6,2,0.00000,0.00000,0.00000,0.00000,0.00000
22.931,0,22913.000,139851,192000,3999.438,120.0,8,6,2,0.00000,0.00000,0.00000,0.00000,0.00000
22.931,1,22970.000,142600,192000,3999.167,120.0,8,6,2,0.00000,0.00000,0.00000,0.00000,0.00000
22.931,2,22856.000,137100,192000,3999.750,120.0,8,6,2,0.00000,0.00000,0.00000,0.00000,0.00000
23.032,0,23014.000,144711,192000,3999.188,120.0,8,6,2,0.00000,0.00000,0.00000,0.00000,0.00000
23.032,1,23072.000,147472,192000,3999.667,120.0,8,6,2,0.00000,0.00000,0.00000,0.00000,0.00000
23.032,2,22957.000,141949,192000,3999.729,120.0,8,6,2,0.00000,0.00000,0.00000,0.00000,0.00000
23.134,0,23116.000,149593,192000,3999.479,120.0,8,6,2,0.00000,0.00000,0.00000,0.00000,0.00000
23.134,1,23174.000,152367,192000,3999.688,120.0,8,6,2,0.00000,0.00000,0.00000,0.00000,0.00000
23.134,2,23058.000,146819,192000,3999.271,120.0,8,6,2,0.00000,0.00000,0.00000,0.00000,0.00000
23.237,0,23219.000,154537,192000,3999.479,120.0,8,6,2,0.00000,0.00000,0.00000,0.00000,0.00000
23.237,1,23277.000,157322,192000,3999.458,120.0,8,6,2,0.00000,0.00000,0.00000,0.00000,0.00000
23.237,2,23161.000,151750,192000,3999.542,120.0,8,6,2,0.00000,0.00000,0.00000,0.00000,0.00000
23.338,0,23319.000,159358,192000,3999.042,120.0,8,6,2,0.00000,0.00000,0.00000,0.00000,0.00000
23.338,1,23378.000,162156,192000,3999.750,120.0,8,6,2,0.00000,0.00000,0.00000,0.00000,0.00000
23.338,2,23261.000,156559,192000,3999.354,120.0,8,6,2,0.00000,0.00000,0.00000,0.00000,0.00000
23.438,0,23420.000,164163,192000,3999.938,120.0,8,6,2,0.00000,0.00000,0.00000,0.00000,0.00000
23.438,1,23478.000,166973,192000,3999.396,120.0,8,6,2,0.00000,0.00000,0.00000,0.00000,0.00000
23.438,2,23361.000,161353,192000,3999.479,120.0,8,6,2,0.00000,0.00000,0.00000,0.00000,0.00000
23.538,0,23520.000,168968,192000,3999.833,120.0,8,6,2,0.00000,0.00000,0.00000,0.00000,0.00000
23.538,1,23578.000,171789,192000,3999.062,120.0,8,6,2,0.00000,0.00000,0.00000,0.00000,0.00000
23.538,2,23461.000,166145,192000,3999.646,120.0,8,6,2,0.00000,0.00000,0.00000,0.00000,0.00000
23.640,0,23622.000,173878,192000,3999.542,120.0,8,6,2,0.00000,0.00000,0.00000,0.00000,0.00000
23.640,1,23681.000,176712,192000,3999.500,120.0,8,6,2,0.00000,0.00000,0.00000,0.00000,0.00000
23.640,2,23563.000,171043,192000,3999.604,120.0,8,6,2,0.00000,0.00000,0.00000,0.00000,0.00000
23.741,0,23723.000,178734,192000,3999.375,120.0,8,6,2,0.00000,0.00000,0.00000,0.00000,0.00000
23.741,1,23782.000,181581,192000,3999.062,120.0,8,6,2,0.00000,0.00000,0.00000,0.00000,0.00000
23.741,2,23664.000,175887,192000,3999.688,120.0,8,6,2,0.00000,0.00000,0.00000,0.00000,0.00000
23.843,0,23825.000,183623,192000,3999.521,120.0,8,6,2,0.00000,0.00000,0.00000,0.00000,0.00000
23.843,1,23885.000,186482,192000,3999.958,120.0,8,6,2,0.00000,0.00000,0.00000,0.00000,0.00000
23.843,2,23765.000,180764,192000,3999.083,120.0,8,6,2,0.00000,0.00000,0.00000,0.00000,0.00000
23.945,0,23927.000,188530,192000,3999.292,120.0,8,6,2,0.00000,0.00000,0.00000,0.00000,0.00000
23.945,1,23987.000,191401,192000,3999.479,120.0,8,6,2,0.00000,0.00000,0.00000,0.00000,0.00000
23.945,2,23867.000,185659,192000,3999.104,120.0,8,6,2,0.00000,0.00000,0.00000,0.00000,0.00000
24.046,0,24027.000,1343,192000,3999.021,120.0,8,7,2,0.00000,0.00000,0.00000,0.00000,0.00000
24.046,1,24088.000,4226,192000,3999.958,120.0,8,7,2,0.00000,0.00000,0.00000,0.00000,0.00000
24.046,2,23967.000,190459,192000,3999.104,120.0,8,6,2,0.00000,0.00000,0.00000,0.00000,0.00000
24.146,0,24128.000,6173,192000,3999.396,120.0,8,7,2,0.00000,0.00000,0.00000,0.00000,0.00000
24.146,1,24188.000,9068,192000,3999.083,120.0,8,7,2,0.00000,0.00000,0.00000,0.00000,0.00000
24.146,2,24068.000,3277,192000,3999.729,120.0,8,7,2,0.00000,0.00000,0.00000,0.00000,0.00000
24.248,0,24230.000,11066,192000,3999.458,120.0,8,7,2,0.00000,0.00000,0.00000,0.00000,0.00000
24.248,1,24291.000,13973,192000,3999.896,120.0,8,7,2,0.00000,0.00000,0.00000,0.00000,0.00000
24.248,2,24169.000,8158,192000,3999.042,120.0,8,7,2,0.00000,0.00000,0.00000,0.00000,0.00000
24.351,0,24333.000,16001,192000,3999.646,120.0,8,7,2,0.00000,0.00000,0.00000,0.00000,0.00000
24.351,1,24394.000,18920,192000,3999.833,120.0,8,7,2,0.00000,0.00000,0.00000,0.00000,0.00000
24.351,2,24272.000,13080,192000,3999.500,120.0,8,7,2,0.00000,0.00000,0.00000,0.00000,0.00000
24.453,0,24435.000,20911,192000,3999.354,120.0,8,7,2,0.00000,0.00000,0.00000,0.00000,0.00000
24.453,1,24496.000,23843,192000,3999.271,120.0,8,7,2,0.00000,0.00000,0.00000,0.00000,0.00000
24.453,2,24374.000,17979,192000,3999.438,120.0,8,7,2,0.00000,0.00000,0.00000,0.00000,0.00000
24.554,0,24536.000,25739,192000,3999.771,120.0,8,7,2,0.00000,0.00000,0.00000,0.00000,0.00000
24.554,1,24597.000,28683,192000,3999.438,120.0,8,7,2,0.00000,0.00000,0.00000,0.00000,0.00000
24.554,2,24474.000,22794,192000,3999.125,120.0,8,7,2,0.00000,0.00000,0.00000,0.00000,0.00000
24.657,0,24639.000,30674,192000,3999.958,120.0,8,7,2,0.00000,0.00000,0.00000,0.00000,0.00000
24.657,1,24700.000,33630,192000,3999.375,120.0,8,7,2,0.00000,0.00000,0.00000,0.00000,0.00000
24.657,2,24577.000,27717,192000,3999.562,120.0,8,7,2,0.00000,0.00000,0.00000,0.00000,0.00000
24.758,0,24740.000,35551,192000,3999.354,120.0,8,7,2,0.00000,0.00000,0.00000,0.00000,0.00000
24.758,1,24802.000,38519,192000,3999.521,120.0,8,7,2,0.00000,0.00000,0.00000,0.00000,0.00000
24.758,2,24678.000,32582,192000,3999.208,120.0,8,7,2,0.00000,0.00000,0.00000,0.00000,0.00000
24.860,0,24842.000,40456,192000,3999.167,120.0,8,7,2,0.00000,0.00000,0.00000,0.00000,0.00000
24.860,1,24904.000,43437,192000,3999.062,120.0,8,7,2,0.00000,0.00000,0.00000,0.00000,0.00000
24.860,2,24780.000,37475,192000,3999.271,120.0,8,7,2,0.00000,0.00000,0.00000,0.00000,0.00000
24.963,0,24945.000,45386,192000,3999.458,120.0,8,7,2,0.00000,0.00000,0.00000,0.00000,0.00000
24.963,1,25007.000,48379,192000,3999.104,120.0,8,7,2,0.00000,0.00000,0.00000,0.00000,0.00000
24.963,2,24883.000,42392,192000,3999.833,120.0,8,7,2,0.00000,0.00000,0.00000,0.00000,0.00000
25.063,0,25045.000,50191,192000,3999.354,120.0,8,7,2,0.00000,0.00000,0.00000,0.00000,0.00000
25.063,1,25108.000,53195,192000,3999.771,120.0,8,7,2,0.00000,0.00000,0.00000,0.00000,0.00000
25.063,2,24983.000,47185,192000,3999.979,120.0,8,7,2,0.00000,0.00000,0.00000,0.00000,0.00000
25.166,0,25147.000,55100,192000,3999.083,120.0,8,7,2,0.00000,0.00000,0.00000,0.00000,0.00000
25.166,1,25210.000,58117,192000,3999.229,120.0,8,7,2,0.00000,0.00000,0.00000,0.00000,0.00000
25.166,2,25085.000,52082,192000,3999.958,120.0,8,7,2,0.00000,0.00000,0.00000,0.00000,0.00000
25.268,0,25250.000,60030,192000,3999.375,120.0,8,7,2,0.00000,0.00000,0.00000,0.00000,0.00000
25.268,1,25313.000,63059,192000,3999.271,120.0,8,7,2,0.00000,0.00000,0.00000,0.00000,0.00000
25.268,2,25187.000,56999,192000,3999.521,120.0,8,7,2,0.00000,0.00000,0.00000,0.00000,0.00000
25.371,0,25353.000,64961,192000,3999.646,120.0,8,7,2,0.00000,0.00000,0.00000,0.00000,0.00000
25.371,1,25416.000,68003,192000,3999.271,120.0,8,7,2,0.00000,0.00000,0.00000,0.00000,0.00000
25.371,2,25289.000,61918,192000,3999.042,120.0,8,7,2,0.00000,0.00000,0.00000,0.00000,0.00000
25.473,0,25455.000,69875,192000,3999.271,120.0,8,7,2,0.00000,0.00000,0.00000,0.00000,0.00000
25.473,1,25519.000,72929,192000,3999.646,120.0,8,7,2,0.00000,0.00000,0.00000,0.00000,0.00000
25.473,2,25392.000,66820,192000,3999.917,120.0,8,7,2,0.00000,0.00000,0.00000,0.00000,0.00000
25.575,0,25557.000,74775,192000,3999.188,120.0,8,7,2,0.00000,0.00000,0.00000,0.00000,0.00000
25.575,1,25621.000,77841,192000,3999.312,120.0,8,7,2,0.00000,0.00000,0.00000,0.00000,0.00000
25.575,2,25493.000,71708,192000,3999.083,120.0,8,7,2,0.00000,0.00000,0.00000,0.00000,0.00000
25.676,0,25658.000,79599,192000,3999.688,120.0,8,7,2,0.00000,0.00000,0.00000,0.00000,0.00000
25.676,1,25722.000,82678,192000,3999.542,120.0,8,7,2,0.00000,0.00000,0.00000,0.00000,0.00000
25.676,2,25594.000,76520,192000,3999.833,120.0,8,7,2,0.00000,0.00000,0.00000,0.00000,0.00000
25.778,0,25760.000,84519,192000,3999.188,120.0,8,7,2,0.00000,0.00000,0.00000,0.00000,0.00000
25.778,1,25825.000,87610,192000,3999.792,120.0,8,7,2,0.00000,0.00000,0.00000,0.00000,0.00000
25.778,2,25696.000,81427,192000,3999.604,120.0,8,7,2,0.00000,0.00000,0.00000,0.00000,0.00000
25.881,0,25863.000,89445,192000,3999.562,120.0,8,7,2,0.00000,0.00000,0.00000,0.00000,0.00000
25.881,1,25928.000,92548,192000,3999.917,120.0,8,7,2,0.00000,0.00000,0.00000,0.00000,0.00000
25.881,2,25798.000,86341,192000,3999.229,120.0,8,7,2,0.00000,0.00000,0.00000,0.00000,0.00000
25.983,0,25964.000,94314,192000,3999.125,120.0,8,7,2,0.00000,0.00000,0.00000,0.00000,0.00000
25.983,1,26029.000,97429,192000,3999.229,120.0,8,7,2,0.00000,0.00000,0.00000,0.00000,0.00000
25.983,2,25899.000,91197,192000,3999.062,120.0,8,7,2,0.00000,0.00000,0.00000,0.00000,0.00000
26.085,0,26067.000,99234,192000,3999.625,120.0,8,7,2,0.00000,0.00000,0.00000,0.00000,0.00000
26.085,1,26132.000,102361,192000,3999.479,120.0,8,7,2,0.00000,0.00000,0.00000,0.00000,0.00000
26.085,2,26002.000,96105,192000,3999.812,120.0,8,7,2,0.00000,0.00000,0.00000,0.00000,0.00000
26.188,0,26170.000,104170,192000,3999.792,120.0,8,7,2,0.00000,0.00000,0.00000,0.00000,0.00000
26.188,1,26235.000,107310,192000,3999.375,120.0,8,7,2,0.00000,0.00000,0.00000,0.00000,0.00000
26.188,2,26104.000,101029,192000,3999.229,120.0,8,7,2,0.00000,0.00000,0.00000,0.00000,0.00000
26.289,0,26271.000,109010,192000,3999.958,120.0,8,7,2,0.00000,0.00000,0.00000,0.00000,0.00000
26.289,1,26336.000,112162,192000,3999.292,120.0,8,7,2,0.00000,0.00000,0.00000,0.00000,0.00000
26.289,2,26205.000,105858,192000,3999.625,120.0,8,7,2,0.00000,0.00000,0.00000,0.00000,0.00000
26.391,0,26373.000,113908,192000,3999.917,120.0,8,7,2,0.00000,0.00000,0.00000,0.00000,0.00000
26.391,1,26439.000,117073,192000,3999.979,120.0,8,7,2,0.00000,0.00000,0.00000,0.00000,0.00000
26.391,2,26307.000,110743,192000,3999.854,120.0,8,7,2,0.00000,0.00000,0.00000,0.00000,0.00000
26.491,0,26473.000,118727,192000,3999.521,120.0,8,7,2,0.00000,0.00000,0.00000,0.00000,0.00000
26.491,1,26539.000,121903,192000,3999.354,120.0,8,7,2,0.00000,0.00000,0.00000,0.00000,0.00000
26.491,2,26407.000,115550,192000,3999.708,120.0,8,7,2,0.00000,0.00000,0.00000,0.00000,0.00000
26.592,0,26574.000,123560,192000,3999.833,120.0,8,7,2,0.00000,0.00000,0.00000,0.00000,0.00000
26.592,1,26640.000,126748,192000,3999.417,120.0,8,7,2,0.00000,0.00000,0.00000,0.00000,0.00000
26.592,2,26507.000,120371,192000,3999.271,120.0,8,7,2,0.00000,0.00000,0.00000,0.00000,0.00000
26.692,0,26674.000,128377,192000,3999.479,120.0,8,7,2,0.00000,0.00000,0.00000,0.00000,0.00000
26.692,1,26741.000,131578,192000,3999.792,120.0,8,7,2,0.00000,0.00000,0.00000,0.00000,0.00000
26.692,2,26607.000,125176,192000,3999.167,120.0,8,7,2,0.00000,0.00000,0.00000,0.00000,0.00000
26.794,0,26776.000,133286,192000,3999.208,120.0,8,7,2,0.00000,0.00000,0.00000,0.00000,0.00000
26.794,1,26843.000,136499,192000,3999.271,120.0,8,7,2,0.00000,0.00000,0.00000,0.00000,0.00000
26.794,2,26709.000,130073,192000,3999.146,120.0,8,7,2,0.00000,0.00000,0.00000,0.00000,0.00000
26.897,0,26879.000,138197,192000,3999.896,120.0,8,7,2,0.00000,0.00000,0.00000,0.00000,0.00000
26.897,1,26946.000,141422,192000,3999.708,120.0,8,7,2,0.00000,0.00000,0.00000,0.00000,0.00000
26.897,2,26811.000,134971,192000,3999.104,120.0,8,7,2,0.00000,0.00000,0.00000,0.00000,0.00000
26.998,0,26980.000,143058,192000,3999.625,120.0,8,7,2,0.00000,0.00000,0.00000,0.00000,0.00000
26.998,1,27047.000,146295,192000,3999.188,120.0,8,7,2,0.00000,0.00000,0.00000,0.00000,0.00000
26.998,2,26912.000,139820,192000,3999.083,120.0,8,7,2,0.00000,0.00000,0.00000,0.00000,0.00000
27.100,0,27081.000,147932,192000,3999.083,120.0,8,7,2,0.00000,0.00000,0.00000,0.00000,0.00000
27.100,1,27149.000,151181,192000,3999.396,120.0,8,7,2,0.00000,0.00000,0.00000,0.00000,0.00000
27.100,2,27014.000,144681,192000,3999.812,120.0,8,7,2,0.00000,0.00000,0.00000,0.00000,0.00000
27.200,0,27182.000,152737,192000,3999.979,120.0,8,7,2,0.00000,0.00000,0.00000,0.00000,0.00000
27.200,1,27249.000,155998,192000,3999.042,120.0,8,7,2,0.00000,0.00000,0.00000,0.00000,0.00000
27.200,2,27114.000,149474,192000,3999.958,120.0,8,7,2,0.00000,0.00000,0.00000,0.00000,0.00000
27.300,0,27282.000,157554,192000,3999.625,120.0,8,7,2,0.00000,0.00000,0.00000,0.00000,0.00000
27.300,1,27350.000,160828,192000,3999.417,120.0,8,7,2,0.00000,0.00000,0.00000,0.00000,0.00000
27.300,2,27214.000,154280,192000,3999.833,120.0,8,7,2,0.00000,0.00000,0.00000,0.00000,0.00000
27.400,0,27382.000,162376,192000,3999.167,120.0,8,7,2,0.00000,0.00000,0.00000,0.00000,0.00000
27.400,1,27451.000,165661,192000,3999.729,120.0,8,7,2,0.00000,0.00000,0.00000,0.00000,0.00000
27.400,2,27314.000,159089,192000,3999.646,120.0,8,7,2,0.00000,0.00000,0.00000,0.00000,0.00000
27.502,0,27484.000,167270,192000,3999.208,120.0,8,7,2,0.00000,0.00000,0.00000,0.00000,0.00000
27.502,1,27553.000,170567,192000,3999.521,120.0,8,7,2,0.00000,0.00000,0.00000,0.00000,0.00000
27.502,2,27416.000,163971,192000,3999.938,120.0,8,7,2,0.00000,0.00000,0.00000,0.00000,0.00000
27.603,0,27585.000,172091,192000,3999.771,120.0,8,7,2,0.00000,0.00000,0.00000,0.00000,0.00000
27.603,1,27654.000,175400,192000,3999.833,120.0,8,7,2,0.00000,0.00000,0.00000,0.00000,0.00000
27.603,2,27516.000,168780,192000,3999.750,120.0,8,7,2,0.00000,0.00000,0.00000,0.00000,0.00000
27.703,0,27685.000,176891,192000,3999.771,120.0,8,7,2,0.00000,0.00000,0.00000,0.00000,0.00000
27.703,1,27754.000,180212,192000,3999.583,120.0,8,7,2,0.00000,0.00000,0.00000,0.00000,0.00000
27.703,2,27616.000,173568,192000,0.000,120.0,8,7,2,0.00000,0.00000,0.00000,0.00000,0.00000
27.804,0,27786.000,181753,192000,3999.479,120.0,8,7,2,0.00000,0.00000,0.00000,0.00000,0.00000
27.804,1,27855.000,185087,192000,3999.021,120.0,8,7,2,0.00000,0.00000,0.00000,0.00000,0.00000
27.804,2,27717.000,178418,192000,3999.958,120.0,8,7,2,0.00000,0.00000,0.00000,0.00000,0.00000
27.906,0,27887.000,186620,192000,3999.083,120.0,8,7,2,0.00000,0.00000,0.00000,0.00000,0.00000
27.906,1,27957.000,189966,192000,3999.375,120.0,8,7,2,0.00000,0.00000,0.00000,0.00000,0.00000
27.906,2,27818.000,183273,192000,3999.812,120.0,8,7,2,0.00000,0.00000,0.00000,0.00000,0.00000
28.006,0,27988.000,191450,192000,3999.458,120.0,8,7,2,0.00000,0.00000,0.00000,0.00000,0.00000
28.006,1,28058.000,2808,192000,3999.500,120.0,8,8,2,0.00000,0.00000,0.00000,0.00000,0.00000
28.006,2,27918.000,188091,192000,3999.438,120.0,8,7,2,0.00000,0.00000,0.00000,0.00000,0.00000
28.107,0,28089.000,4287,192000,3999.688,120.0,8,8,2,0.09492,0.00000,0.09492,0.00000,0.00000
28.107,1,28159.000,7657,192000,3999.479,120.0,8,8,2,0.00000,0.00000,0.00000,0.00000,0.00000
28.107,2,28019.000,916,192000,3999.917,120.0,8,8,2,0.12520,0.00000,0.12520,0.00000,0.00000
28.208,0,28190.000,9133,192000,3999.729,120.0,8,8,2,0.06237,0.00000,0.06237,0.00000,0.00000
28.208,1,28260.000,12515,192000,3999.271,120.0,8,8,2,0.00000,0.00000,0.00000,0.00000,0.00000
28.208,2,28119.000,5750,192000,3999.208,120.0,8,8,2,0.08389,0.00000,0.08389,0.00000,0.00000
28.309,0,28291.000,13999,192000,3999.354,120.0,8,8,2,0.04092,0.00000,0.04092,0.00000,0.00000
28.309,1,28362.000,17394,192000,3999.625,120.0,8,8,2,0.00000,0.00000,0.00000,0.00000,0.00000
28.309,2,28220.000,10604,192000,3999.083,120.0,8,8,2,0.05509,0.00000,0.05509,0.00000,0.00000
28.410,0,28392.000,18827,192000,3999.771,120.0,8,8,2,0.02693,0.00000,0.02693,0.00000,0.00000
28.410,1,28463.000,22234,192000,3999.792,120.0,8,8,2,0.00000,0.00000,0.00000,0.00000,0.00000
28.410,2,28321.000,15420,192000,3999.750,120.0,8,8,2,0.03629,0.00000,0.03629,0.00000,0.00000
28.511,0,28493.000,23680,192000,3999.667,120.0,8,8,2,0.01768,0.00000,0.01768,0.00000,0.00000
28.511,1,28564.000,27099,192000,3999.438,120.0,8,8,2,0.00000,0.00000,0.00000,0.00000,0.00000
28.511,2,28422.000,20260,192000,3999.917,120.0,8,8,2,0.02386,0.00000,0.02386,0.00000,0.00000
28.614,0,28596.000,28620,192000,3999.750,120.0,8,8,2,0.01153,0.00000,0.01153,0.00000,0.00000
28.614,1,28667.000,32051,192000,3999.271,120.0,8,8,2,0.00000,0.00000,0.00000,0.00000,0.00000
28.614,2,28524.000,25188,192000,3999.250,120.0,8,8,2,0.01557,0.00000,0.01557,0.00000,0.00000
28.716,0,28698.000,33504,192000,0.000,120.0,8,8,2,0.00755,0.00000,0.00755,0.00000,0.00000
28.716,1,28769.000,36947,192000,3999.271,120.0,8,8,2,0.00000,0.00000,0.00000,0.00000,0.00000
28.716,2,28626.000,30059,192000,3999.771,120.0,8,8,2,0.01021,0.00000,0.01021,0.00000,0.00000
28.817,0,28798.000,38351,192000,3999.021,120.0,8,8,2,0.00496,0.00000,0.00496,0.00000,0.00000
28.817,1,28870.000,41806,192000,3999.042,120.0,8,8,2,0.00000,0.00000,0.00000,0.00000,0.00000
28.817,2,28726.000,34895,192000,3999.021,120.0,8,8,2,0.00671,0.00000,0.00671,0.00000,0.00000
28.918,0,28900.000,43207,192000,3999.854,120.0,8,8,2,0.00326,0.00000,0.00326,0.00000,0.00000
28.918,1,28972.000,46675,192000,3999.604,120.0,8,8,2,0.00000,0.00000,0.00000,0.00000,0.00000
28.918,2,28827.000,39739,192000,3999.104,120.0,8,8,2,0.00441,0.00000,0.00441,0.00000,0.00000
29.020,0,29002.000,48125,192000,3999.396,120.0,8,8,2,0.00213,0.00000,0.00213,0.00000,0.00000
29.020,1,29075.000,51605,192000,3999.896,120.0,8,8,2,0.00000,0.00000,0.00000,0.00000,0.00000
29.020,2,28930.000,44644,192000,3999.917,120.0,8,8,2,0.00289,0.00000,0.00289,0.00000,0.00000
29.121,0,29103.000,52959,192000,3999.688,120.0,8,8,2,0.00140,0.00000,0.00140,0.00000,0.00000
29.121,1,29176.000,56451,192000,3999.938,120.0,8,8,2,0.00000,0.00000,0.00000,0.00000,0.00000
29.121,2,29030.000,49466,192000,3999.458,120.0,8,8,2,0.00190,0.00000,0.00190,0.00000,0.00000
29.223,0,29205.000,57857,192000,3999.646,120.0,8,8,2,0.00092,0.00000,0.00092,0.00000,0.00000
29.223,1,29278.000,61361,192000,3999.646,120.0,8,8,2,0.00000,0.00000,0.00000,0.00000,0.00000
29.223,2,29132.000,54352,192000,3999.667,120.0,8,8,2,0.00124,0.00000,0.00124,0.00000,0.00000
29.323,0,29305.000,62680,192000,3999.167,120.0,8,8,2,0.00060,0.00000,0.00060,0.00000,0.00000
29.323,1,29379.000,66196,192000,3999.917,120.0,8,8,2,0.00000,0.00000,0.00000,0.00000,0.00000
29.323,2,29232.000,59163,192000,3999.438,120.0,8,8,2,0.00082,0.00000,0.00082,0.00000,0.00000
29.426,0,29408.000,67588,192000,3999.917,120.0,8,8,2,0.00039,0.00000,0.00039,0.00000,0.00000
29.426,1,29481.000,71116,192000,3999.417,120.0,8,8,2,0.00000,0.00000,0.00000,0.00000,0.00000
29.426,2,29334.000,64058,192000,3999.458,120.0,8,8,2,0.00054,0.00000,0.00054,0.00000,0.00000
29.528,0,29510.000,72517,192000,3999.229,120.0,8,8,2,0.00026,0.00000,0.00026,0.00000,0.00000
29.528,1,29584.000,76058,192000,3999.458,120.0,8,8,2,0.00000,0.00000,0.00000,0.00000,0.00000
29.528,2,29436.000,68975,192000,3999.021,120.0,8,8,2,0.00035,0.00000,0.00035,0.00000,0.00000
29.629,0,29611.000,77342,192000,3999.708,120.0,8,8,2,0.00017,0.00000,0.00017,0.00000,0.00000
29.629,1,29685.000,80895,192000,3999.688,120.0,8,8,2,0.00000,0.00000,0.00000,0.00000,0.00000
29.629,2,29537.000,73788,192000,3999.750,120.0,8,8,2,0.00023,0.00000,0.00023,0.00000,0.00000
29.732,0,29714.000,82290,192000,3999.625,120.0,8,8,2,0.00011,0.00000,0.00011,0.00000,0.00000
29.732,1,29788.000,85855,192000,3999.354,120.0,8,8,2,0.00000,0.00000,0.00000,0.00000,0.00000
29.732,2,29640.000,78724,192000,3999.917,120.0,8,8,2,0.00015,0.00000,0.00015,0.00000,0.00000
29.832,0,29814.000,87090,192000,3999.625,120.0,8,8,2,0.00007,0.00000,0.00007,0.00000,0.00000
29.832,1,29888.000,90667,192000,3999.104,120.0,8,8,2,0.00000,0.00000,0.00000,0.00000,0.00000
29.832,2,29739.000,83512,192000,3999.167,120.0,8,8,2,0.00010,0.00000,0.00010,0.00000,0.00000
29.935,0,29917.000,92045,192000,3999.396,120.0,8,8,2,0.00005,0.00000,0.00005,0.00000,0.00000
29.935,1,29992.000,95634,192000,3999.625,120.0,8,8,2,0.00000,0.00000,0.00000,0.00000,0.00000
29.935,2,29842.000,88454,192000,3999.208,120.0,8,8,2,0.00006,0.00000,0.00006,0.00000,0.00000
30.037,0,30018.000,96908,192000,3999.083,120.0,8,8,2,0.00003,0.00000,0.00003,0.00000,0.00000
30.037,1,30093.000,100509,192000,3999.062,120.0,8,8,2,0.00000,0.00000,0.00000,0.00000,0.00000
30.037,2,29943.000,93305,192000,3999.146,120.0,8,8,2,0.00004,0.00000,0.00004,0.00000,0.00000
30.138,0,30119.000,101757,192000,3999.062,120.0,8,8,2,0.00002,0.00000,0.00002,0.00000,0.00000
30.138,1,30195.000,105371,192000,3999.771,120.0,8,8,2,0.00000,0.00000,0.00000,0.00000,0.00000
30.138,2,30044.000,98142,192000,3999.375,120.0,8,8,2,0.00003,0.00000,0.00003,0.00000,0.00000
30.239,0,30221.000,106647,192000,3999.188,120.0,8,8,2,0.00001,0.00000,0.00001,0.00000,0.00000
30.239,1,30297.000,110273,192000,3999.646,120.0,8,8,2,0.00000,0.00000,0.00000,0.00000,0.00000
30.239,2,30146.000,103020,192000,3999.750,120.0,8,8,2,0.00002,0.00000,0.00002,0.00000,0.00000
30.342,0,30324.000,111571,192000,3999.604,120.0,8,8,2,0.00001,0.00000,0.00001,0.00000,0.00000
30.342,1,30400.000,115210,192000,3999.792,120.0,8,8,2,0.00000,0.00000,0.00000,0.00000,0.00000
30.342,2,30248.000,107932,192000,3999.417,120.0,8,8,2,0.00001,0.00000,0.00001,0.00000,0.00000
30.445,0,30427.000,116506,192000,3999.792,120.0,8,8,2,0.00001,0.00000,0.00001,0.00000,0.00000
30.445,1,30503.000,120157,192000,3999.729,120.0,8,8,2,0.00000,0.00000,0.00000,0.00000,0.00000
30.445,2,30351.000,112854,192000,3999.875,120.0,8,8,2,0.00001,0.00000,0.00001,0.00000,0.00000
30.546,0,30528.000,121345,192000,3999.979,120.0,8,8,2,0.00000,0.00000,0.00000,0.00000,0.00000
30.546,1,30604.000,125008,192000,3999.667,120.0,8,8,2,0.00000,0.00000,0.00000,0.00000,0.00000
30.546,2,30451.000,117681,192000,3999.312,120.0,8,8,2,0.00001,0.00000,0.00001,0.00000,0.00000
30.646,0,30628.000,126163,192000,3999.604,120.0,8,8,2,0.00000,0.00000,0.00000,0.00000,0.00000
30.646,1,30704.000,129838,192000,3999.042,120.0,8,8,2,0.00000,0.00000,0.00000,0.00000,0.00000
30.646,2,30551.000,122487,192000,3999.188,120.0,8,8,2,0.00000,0.00000,0.00000,0.00000,0.00000
30.749,0,30731.000,131100,192000,3999.750,120.0,8,8,2,0.00000,0.00000,0.00000,0.00000,0.00000
30.749,1,30808.000,134787,192000,3999.938,120.0,8,8,2,0.00000,0.00000,0.00000,0.00000,0.00000
30.749,2,30654.000,127412,192000,3999.583,120.0,8,8,2,0.00000,0.00000,0.00000,0.00000,0.00000
30.849,0,30831.000,135915,192000,3999.438,120.0,8,8,2,0.00000,0.00000,0.00000,0.00000,0.00000
30.849,1,30908.000,139614,192000,3999.375,120.0,8,8,2,0.00000,0.00000,0.00000,0.00000,0.00000
30.849,2,30754.000,132215,192000,3999.521,120.0,8,8,2,0.00000,0.00000,0.00000,0.00000,0.00000
30.949,0,30931.000,140724,192000,3999.250,120.0,8,8,2,0.00000,0.00000,0.00000,0.00000,0.00000
30.949,1,31009.000,144435,192000,3999.938,120.0,8,8,2,0.00000,0.00000,0.00000,0.00000,0.00000
30.949,2,30854.000,137011,192000,3999.604,120.0,8,8,2,0.00000,0.00000,0.00000,0.00000,0.00000
31.049,0,31031.000,145529,192000,3999.146,120.0,8,8,2,0.00000,0.00000,0.00000,0.00000,0.00000
31.049,1,31109.000,149252,192000,3999.583,120.0,8,8,2,0.00000,0.00000,0.00000,0.00000,0.00000
31.049,2,30954.000,141805,192000,3999.729,120.0,8,8,2,0.00000,0.00000,0.00000,0.00000,0.00000
31.152,0,31134.000,150470,192000,3999.208,120.0,8,8,2,0.00000,0.00000,0.00000,0.00000,0.00000
31.152,1,31212.000,154206,192000,3999.375,120.0,8,8,2,0.00000,0.00000,0.00000,0.00000,0.00000
31.152,2,31056.000,146733,192000,3999.062,120.0,8,8,2,0.00000,0.00000,0.00000,0.00000,0.00000
31.255,0,31237.000,155379,192000,3999.938,120.0,8,8,2,0.00000,0.00000,0.00000,0.00000,0.00000
31.255,1,31315.000,159127,192000,3999.854,120.0,8,8,2,0.00000,0.00000,0.00000,0.00000,0.00000
31.255,2,31158.000,151630,192000,3999.042,120.0,8,8,2,0.00000,0.00000,0.00000,0.00000,0.00000
31.357,0,31339.000,160285,192000,3999.729,120.0,8,8,2,0.00000,0.00000,0.00000,0.00000,0.00000
31.357,1,31417.000,164045,192000,3999.396,120.0,8,8,2,0.00000,0.00000,0.00000,0.00000,0.00000
31.357,2,31260.000,156523,192000,3999.104,120.0,8,8,2,0.00000,0.00000,0.00000,0.00000,0.00000
31.458,0,31440.000,165124,192000,3999.917,120.0,8,8,2,0.00000,0.00000,0.00000,0.00000,0.00000
31.458,1,31518.000,168896,192000,3999.333,120.0,8,8,2,0.00000,0.00000,0.00000,0.00000,0.00000
31.458,2,31361.000,161351,192000,3999.521,120.0,8,8,2,0.00000,0.00000,0.00000,0.00000,0.00000
31.559,0,31541.000,170005,192000,3999.229,120.0,8,8,2,0.00000,0.00000,0.00000,0.00000,0.00000
31.559,1,31620.000,173789,192000,3999.396,120.0,8,8,2,0.00000,0.00000,0.00000,0.00000,0.00000
31.559,2,31462.000,166219,192000,3999.104,120.0,8,8,2,0.00000,0.00000,0.00000,0.00000,0.00000
31.662,0,31644.000,174919,192000,3999.854,120.0,8,8,2,0.00000,0.00000,0.00000,0.00000,0.00000
31.662,1,31723.000,178716,192000,3999.750,120.0,8,8,2,0.00000,0.00000,0.00000,0.00000,0.00000
31.662,2,31565.000,171121,192000,3999.979,120.0,8,8,2,0.00000,0.00000,0.00000,0.00000,0.00000
31.764,0,31746.000,179841,192000,3999.312,120.0,8,8,2,0.00000,0.00000,0.00000,0.00000,0.00000
31.764,1,31826.000,183650,192000,3999.958,120.0,8,8,2,0.00000,0.00000,0.00000,0.00000,0.00000
31.764,2,31667.000,176031,192000,3999.688,120.0,8,8,2,0.00000,0.00000,0.00000,0.00000,0.00000
31.867,0,31849.000,184753,192000,3999.979,120.0,8,8,2,0.00000,0.00000,0.00000,0.00000,0.00000
31.867,1,31928.000,188575,192000,3999.354,120.0,8,8,2,0.00000,0.00000,0.00000,0.00000,0.00000
31.867,2,31769.000,180931,192000,3999.604,120.0,8,8,2,0.00000,0.00000,0.00000,0.00000,0.00000
31.970,0,31951.000,189692,192000,3999.083,120.0,8,8,2,0.00000,0.00000,0.00000,0.00000,0.00000
31.970,1,32031.000,1525,192000,3999.229,120.0,8,9,2,0.12061,0.12061,0.12017,0.00000,0.00000
31.970,2,31872.000,185857,192000,3999.979,120.0,8,8,2,0.00000,0.00000,0.00000,0.00000,0.00000
32.071,0,32053.000,2544,192000,0.000,120.0,8,9,2,0.11078,0.11078,0.00000,0.00000,0.00000
32.071,1,32133.000,6390,192000,3999.875,120.0,8,9,2,0.07913,0.07913,0.07883,0.00000,0.00000
32.071,2,31972.000,190698,192000,3999.125,120.0,8,8,2,0.00000,0.00000,0.00000,0.00000,0.00000
32.173,0,32155.000,7477,192000,3999.229,120.0,8,9,2,0.07225,0.07225,0.00000,0.00000,0.00000
32.173,1,32236.000,11335,192000,3999.854,120.0,8,9,2,0.05155,0.05155,0.05136,0.00000,0.00000
32.173,2,32075.000,3618,192000,3999.625,120.0,8,9,2,0.10085,0.10085,0.00000,0.00000,0.00000
32.276,0,32258.000,12418,192000,3999.292,120.0,8,9,2,0.04709,0.04709,0.00000,0.00000,0.00000
32.276,1,32339.000,16289,192000,3999.646,120.0,8,9,2,0.03356,0.03356,0.03344,0.00000,0.00000
32.276,2,32178.000,8547,192000,3999.938,120.0,8,9,2,0.06580,0.06580,0.00000,0.00000,0.00000
32.378,0,32360.000,17292,192000,3999.750,120.0,8,9,2,0.03087,0.03087,0.00000,0.00000,0.00000
32.378,1,32441.000,21175,192000,3999.854,120.0,8,9,2,0.02198,0.02198,0.02190,0.00000,0.00000
32.378,2,32279.000,13409,192000,3999.646,120.0,8,9,2,0.04318,0.04318,0.00000,0.00000,0.00000
32.480,0,32462.000,22186,192000,3999.792,120.0,8,9,2,0.02020,0.02020,0.00000,0.00000,0.00000
32.480,1,32543.000,26081,192000,3999.646,120.0,8,9,2,0.01437,0.01437,0.01431,0.00000,0.00000
32.480,2,32381.000,18290,192000,3999.958,120.0,8,9,2,0.02829,0.02829,0.00000,0.00000,0.00000
32.581,0,32562.000,27022,192000,3999.042,120.0,8,9,2,0.01329,0.01329,0.00000,0.00000,0.00000
32.581,1,32644.000,30929,192000,3999.646,120.0,8,9,2,0.00944,0.00944,0.00940,0.00000,0.00000
32.581,2,32481.000,23114,192000,3999.458,120.0,8,9,2,0.01862,0.01862,0.00000,0.00000,0.00000
32.681,0,32663.000,31853,192000,3999.396,120.0,8,9,2,0.00874,0.00874,0.00000,0.00000,0.00000
32.681,1,32745.000,35772,192000,3999.750,120.0,8,9,2,0.00620,0.00620,0.00618,0.00000,0.00000
32.681,2,32581.000,27933,192000,3999.062,120.0,8,9,2,0.01227,0.01227,0.00000,0.00000,0.00000
32.782,0,32763.000,36668,192000,3999.083,120.0,8,9,2,0.00576,0.00576,0.00000,0.00000,0.00000
32.782,1,32845.000,40599,192000,3999.188,120.0,8,9,2,0.00408,0.00408,0.00407,0.00000,0.00000
32.782,2,32682.000,32736,192000,0.000,120.0,8,9,2,0.00809,0.00809,0.00000,0.00000,0.00000
32.885,0,32866.000,41610,192000,3999.125,120.0,8,9,2,0.00375,0.00375,0.00000,0.00000,0.00000
32.885,1,32949.000,45553,192000,3999.979,120.0,8,9,2,0.00266,0.00266,0.00265,0.00000,0.00000
32.885,2,32784.000,37665,192000,3999.312,120.0,8,9,2,0.00528,0.00528,0.00000,0.00000,0.00000
32.987,0,32969.000,46552,192000,3999.167,120.0,8,9,2,0.00245,0.00245,0.00000,0.00000,0.00000
32.987,1,33052.000,50508,192000,3999.750,120.0,8,9,2,0.00173,0.00173,0.00172,0.00000,0.00000
32.987,2,32887.000,42595,192000,3999.604,120.0,8,9,2,0.00344,0.00344,0.00000,0.00000,0.00000
33.089,0,33071.000,51447,192000,3999.188,120.0,8,9,2,0.00160,0.00160,0.00000,0.00000,0.00000
33.089,1,33154.000,55415,192000,3999.521,120.0,8,9,2,0.00113,0.00113,0.00113,0.00000,0.00000
33.089,2,32989.000,47478,192000,3999.875,120.0,8,9,2,0.00226,0.00226,0.00000,0.00000,0.00000
33.192,0,33174.000,56353,192000,3999.979,120.0,8,9,2,0.00105,0.00105,0.00000,0.00000,0.00000
33.192,1,33256.000,60333,192000,3999.062,120.0,8,9,2,0.00074,0.00074,0.00074,0.00000,0.00000
33.192,2,33091.000,52372,192000,3999.917,120.0,8,9,2,0.00148,0.00148,0.00000,0.00000,0.00000
33.292,0,33274.000,61156,192000,3999.917,120.0,8,9,2,0.00069,0.00069,0.00000,0.00000,0.00000
33.292,1,33357.000,65149,192000,3999.729,120.0,8,9,2,0.00049,0.00049,0.00048,0.00000,0.00000
33.292,2,33190.000,57163,192000,3999.104,120.0,8,9,2,0.00097,0.00097,0.00000,0.00000,0.00000
33.396,0,33377.000,66139,192000,3999.104,120.0,8,9,2,0.00045,0.00045,0.00000,0.00000,0.00000
33.396,1,33461.000,70144,192000,3999.667,120.0,8,9,2,0.00032,0.00032,0.00031,0.00000,0.00000
33.396,2,33294.000,62133,192000,3999.562,120.0,8,9,2,0.00063,0.00063,0.00000,0.00000,0.00000
33.497,0,33479.000,71019,192000,3999.438,120.0,8,9,2,0.00029,0.00029,0.00000,0.00000,0.00000
33.497,1,33563.000,75036,192000,3999.750,120.0,8,9,2,0.00021,0.00021,0.00021,0.00000,0.00000
33.497,2,33395.000,67001,192000,3999.146,120.0,8,9,2,0.00042,0.00042,0.00000,0.00000,0.00000
33.598,0,33580.000,75869,192000,3999.396,120.0,8,9,2,0.00019,0.00019,0.00000,0.00000,0.00000
33.598,1,33664.000,79898,192000,3999.458,120.0,8,9,2,0.00014,0.00014,0.00014,0.00000,0.00000
33.598,2,33496.000,71839,192000,3999.354,120.0,8,9,2,0.00027,0.00027,0.00000,0.00000,0.00000
33.699,0,33681.000,80689,192000,3999.979,120.0,8,9,2,0.00013,0.00013,0.00000,0.00000,0.00000
33.699,1,33765.000,84730,192000,3999.792,120.0,8,9,2,0.00009,0.00009,0.00009,0.00000,0.00000
33.699,2,33596.000,76647,192000,3999.188,120.0,8,9,2,0.00018,0.00018,0.00000,0.00000,0.00000
33.799,0,33781.000,85503,192000,3999.688,120.0,8,9,2,0.00008,0.00008,0.00000,0.00000,0.00000
33.799,1,33865.000,89556,192000,3999.250,120.0,8,9,2,0.00006,0.00006,0.00006,0.00000,0.00000
33.799,2,33696.000,81449,192000,3999.146,120.0,8,9,2,0.00012,0.00012,0.00000,0.00000,0.00000
33.902,0,33884.000,90433,192000,3999.979,120.0,8,9,2,0.00005,0.00005,0.00000,0.00000,0.00000
33.902,1,33968.000,94498,192000,3999.292,120.0,8,9,2,0.00004,0.00004,0.00004,0.00000,0.00000
33.902,2,33799.000,86366,192000,3999.708,120.0,8,9,2,0.00008,0.00008,0.00000,0.00000,0.00000
34.003,0,33985.000,95286,192000,3999.875,120.0,8,9,2,0.00004,0.00004,0.00000,0.00000,0.00000
34.003,1,34070.000,99364,192000,3999.917,120.0,8,9,2,0.00003,0.00003,0.00003,0.00000,0.00000
34.003,2,33900.000,91208,192000,3999.833,120.0,8,9,2,0.00005,0.00005,0.00000,0.00000,0.00000
34.106,0,34087.000,100219,192000,3999.104,120.0,8,9,2,0.00002,0.00002,0.00000,0.00000,0.00000
34.106,1,34173.000,104309,192000,3999.896,120.0,8,9,2,0.00002,0.00002,0.00002,0.00000,0.00000
34.106,2,34002.000,96129,192000,3999.312,120.0,8,9,2,0.00003,0.00003,0.00000,0.00000,0.00000
34.206,0,34187.000,105023,192000,3999.021,120.0,8,9,2,0.00002,0.00002,0.00000,0.00000,0.00000
34.206,1,34273.000,109125,192000,3999.562,120.0,8,9,2,0.00001,0.00001,0.00001,0.00000,0.00000
34.206,2,34102.000,100920,192000,3999.500,120.0,8,9,2,0.00002,0.00002,0.00000,0.00000,0.00000
34.308,0,34290.000,109924,192000,3999.917,120.0,8,9,2,0.00001,0.00001,0.00000,0.00000,0.00000
34.308,1,34375.000,114038,192000,3999.208,120.0,8,9,2,0.00001,0.00001,0.00001,0.00000,0.00000
34.308,2,34204.000,105808,192000,3999.667,120.0,8,9,2,0.00001,0.00001,0.00000,0.00000,0.00000
34.409,0,34391.000,114807,192000,3999.188,120.0,8,9,2,0.00001,0.00001,0.00000,0.00000,0.00000
34.409,1,34477.000,118934,192000,3999.208,120.0,8,9,2,0.00000,0.00000,0.00000,0.00000,0.00000
34.409,2,34305.000,110680,192000,3999.167,120.0,8,9,2,0.00001,0.00001,0.00000,0.00000,0.00000
34.510,0,34492.000,119618,192000,3999.958,120.0,8,9,2,0.00000,0.00000,0.00000,0.00000,0.00000
34.510,1,34578.000,123757,192000,3999.729,120.0,8,9,2,0.00000,0.00000,0.00000,0.00000,0.00000
34.510,2,34405.000,115479,192000,3999.188,120.0,8,9,2,0.00001,0.00001,0.00000,0.00000,0.00000
34.611,0,34593.000,124473,192000,3999.812,120.0,8,9,2,0.00000,0.00000,0.00000,0.00000,0.00000
34.611,1,34679.000,128623,192000,3999.354,120.0,8,9,2,0.00000,0.00000,0.00000,0.00000,0.00000
34.611,2,34506.000,120321,192000,3999.312,120.0,8,9,2,0.00000,0.00000,0.00000,0.00000,0.00000
34.714,0,34695.000,129405,192000,3999.062,120.0,8,9,2,0.00000,0.00000,0.00000,0.00000,0.00000
34.714,1,34782.000,133568,192000,3999.333,120.0,8,9,2,0.00000,0.00000,0.00000,0.00000,0.00000
34.714,2,34609.000,125241,192000,3999.812,120.0,8,9,2,0.00000,0.00000,0.00000,0.00000,0.00000
34.818,0,34800.000,134426,192000,3999.458,120.0,8,9,2,0.00000,0.00000,0.00000,0.00000,0.00000
34.818,1,34887.000,138601,192000,3999.479,120.0,8,9,2,0.00000,0.00000,0.00000,0.00000,0.00000
34.818,2,34713.000,130249,192000,3999.479,120.0,8,9,2,0.00000,0.00000,0.00000,0.00000,0.00000
34.921,0,34903.000,139349,192000,3999.896,120.0,8,9,2,0.00000,0.00000,0.00000,0.00000,0.00000
34.921,1,34990.000,143537,192000,3999.646,120.0,8,9,2,0.00000,0.00000,0.00000,0.00000,0.00000
34.921,2,34815.000,135160,192000,3999.167,120.0,8,9,2,0.00000,0.00000,0.00000,0.00000,0.00000
35.021,0,35003.000,144176,192000,3999.333,120.0,8,9,2,0.00000,0.00000,0.00000,0.00000,0.00000
35.021,1,35091.000,148376,192000,3999.833,120.0,8,9,2,0.00000,0.00000,0.00000,0.00000,0.00000
35.021,2,34916.000,139975,192000,3999.854,120.0,8,9,2,0.00000,0.00000,0.00000,0.00000,0.00000
35.122,0,35104.000,149016,192000,3999.500,120.0,8,9,2,0.00000,0.00000,0.00000,0.00000,0.00000
35.122,1,35192.000,153228,192000,3999.750,120.0,8,9,2,0.00000,0.00000,0.00000,0.00000,0.00000
35.122,2,35016.000,144803,192000,3999.271,120.0,8,9,2,0.00000,0.00000,0.00000,0.00000,0.00000
35.222,0,35204.000,153817,192000,3999.479,120.0,8,9,2,0.00000,0.00000,0.00000,0.00000,0.00000
35.222,1,35292.000,158041,192000,3999.479,120.0,8,9,2,0.00000,0.00000,0.00000,0.00000,0.00000
35.222,2,35116.000,149592,192000,3999.500,120.0,8,9,2,0.00000,0.00000,0.00000,0.00000,0.00000
35.324,0,35306.000,158723,192000,3999.271,120.0,8,9,2,0.00000,0.00000,0.00000,0.00000,0.00000
35.324,1,35394.000,162959,192000,3999.021,120.0,8,9,2,0.00000,0.00000,0.00000,0.00000,0.00000
35.324,2,35218.000,154486,192000,3999.542,120.0,8,9,2,0.00000,0.00000,0.00000,0.00000,0.00000
35.427,0,35409.000,163640,192000,3999.833,120.0,8,9,2,0.00000,0.00000,0.00000,0.00000,0.00000
35.427,1,35497.000,167888,192000,3999.333,120.0,8,9,2,0.00000,0.00000,0.00000,0.00000,0.00000
35.427,2,35320.000,159390,192000,3999.375,120.0,8,9,2,0.00000,0.00000,0.00000,0.00000,0.00000
35.529,0,35511.000,168544,192000,3999.667,120.0,8,9,2,0.00000,0.00000,0.00000,0.00000,0.00000
35.529,1,35600.000,172805,192000,3999.896,120.0,8,9,2,0.00000,0.00000,0.00000,0.00000,0.00000
35.529,2,35422.000,164282,192000,3999.458,120.0,8,9,2,0.00000,0.00000,0.00000,0.00000,0.00000
35.630,0,35611.000,173375,192000,3999.021,120.0,8,9,2,0.00000,0.00000,0.00000,0.00000,0.00000
35.630,1,35701.000,177648,192000,0.000,120.0,8,9,2,0.00000,0.00000,0.00000,0.00000,0.00000
35.630,2,35522.000,169101,192000,3999.062,120.0,8,9,2,0.00000,0.00000,0.00000,0.00000,0.00000
35.732,0,35714.000,178307,192000,3999.271,120.0,8,9,2,0.00000,0.00000,0.00000,0.00000,0.00000
35.732,1,35804.000,182592,192000,0.000,120.0,8,9,2,0.00000,0.00000,0.00000,0.00000,0.00000
35.732,2,35625.000,174021,192000,3999.562,120.0,8,9,2,0.00000,0.00000,0.00000,0.00000,0.00000
35.833,0,35815.000,183158,192000,3999.208,120.0,8,9,2,0.00000,0.00000,0.00000,0.00000,0.00000
35.833,1,35905.000,187455,192000,3999.688,120.0,8,9,2,0.00000,0.00000,0.00000,0.00000,0.00000
35.833,2,35726.000,178859,192000,3999.771,120.0,8,9,2,0.00000,0.00000,0.00000,0.00000,0.00000
35.937,0,35918.000,188110,192000,3999.042,120.0,8,9,2,0.00000,0.00000,0.00000,0.00000,0.00000
35.937,1,36008.000,419,192000,3999.271,120.0,8,10,2,0.00000,0.00000,0.00000,0.00000,0.00000
35.937,2,35829.000,183799,192000,3999.854,120.0,8,9,2,0.00000,0.00000,0.00000,0.00000,0.00000
36.039,0,36021.000,1008,192000,0.000,120.0,8,10,2,0.00000,0.00000,0.00000,0.00000,0.00000
36.039,1,36111.000,5330,192000,3999.958,120.0,8,10,2,0.00000,0.00000,0.00000,0.00000,0.00000
36.039,2,35930.000,188686,192000,3999.042,120.0,8,9,2,0.00000,0.00000,0.00000,0.00000,0.00000
36.140,0,36122.000,5896,192000,3999.167,120.0,8,10,2,0.00000,0.00000,0.00000,0.00000,0.00000
36.140,1,36213.000,10230,192000,3999.875,120.0,8,10,2,0.00000,0.00000,0.00000,0.00000,0.00000
36.140,2,36032.000,1561,192000,3999.479,120.0,8,10,2,0.00000,0.00000,0.00000,0.00000,0.00000
36.242,0,36224.000,10786,192000,3999.292,120.0,8,10,2,0.00000,0.00000,0.00000,0.00000,0.00000
36.242,1,36315.000,15132,192000,3999.750,120.0,8,10,2,0.00000,0.00000,0.00000,0.00000,0.00000
36.242,2,36134.000,6439,192000,3999.854,120.0,8,10,2,0.00000,0.00000,0.00000,0.00000,0.00000
36.344,0,36326.000,15681,192000,3999.312,120.0,8,10,2,0.00000,0.00000,0.00000,0.00000,0.00000
36.344,1,36417.000,20040,192000,3999.500,120.0,8,10,2,0.00000,0.00000,0.00000,0.00000,0.00000
36.344,2,36235.000,11322,192000,3999.125,120.0,8,10,2,0.00000,0.00000,0.00000,0.00000,0.00000
36.447,0,36429.000,20613,192000,3999.562,120.0,8,10,2,0.00000,0.00000,0.00000,0.00000,0.00000
36.447,1,36520.000,24984,192000,3999.500,120.0,8,10,2,0.00000,0.00000,0.00000,0.00000,0.00000
36.447,2,36338.000,16241,192000,3999.646,120.0,8,10,2,0.00000,0.00000,0.00000,0.00000,0.00000
36.549,0,36531.000,25521,192000,3999.312,120.0,8,10,2,0.00000,0.00000,0.00000,0.00000,0.00000
36.549,1,36623.000,29904,192000,0.000,120.0,8,10,2,0.00000,0.00000,0.00000,0.00000,0.00000
36.549,2,36440.000,21137,192000,3999.646,120.0,8,10,2,0.00000,0.00000,0.00000,0.00000,0.00000
36.651,0,36633.000,30405,192000,3999.562,120.0,8,10,2,0.00000,0.00000,0.00000,0.00000,0.00000
36.651,1,36725.000,34800,192000,0.000,120.0,8,10,2,0.00000,0.00000,0.00000,0.00000,0.00000
36.651,2,36541.000,26008,192000,3999.167,120.0,8,10,2,0.00000,0.00000,0.00000,0.00000,0.00000
36.751,0,36733.000,35224,192000,3999.167,120.0,8,10,2,0.00000,0.00000,0.00000,0.00000,0.00000
36.751,1,36825.000,39631,192000,3999.354,120.0,8,10,2,0.00000,0.00000,0.00000,0.00000,0.00000
36.751,2,36641.000,30815,192000,3999.021,120.0,8,10,2,0.00000,0.00000,0.00000,0.00000,0.00000
36.853,0,36834.000,40078,192000,3999.042,120.0,8,10,2,0.00000,0.00000,0.00000,0.00000,0.00000
36.853,1,36927.000,44498,192000,3999.958,120.0,8,10,2,0.00000,0.00000,0.00000,0.00000,0.00000
36.853,2,36742.000,35658,192000,3999.125,120.0,8,10,2,0.00000,0.00000,0.00000,0.00000,0.00000
36.955,0,36937.000,45013,192000,3999.229,120.0,8,10,2,0.00000,0.00000,0.00000,0.00000,0.00000
36.955,1,37030.000,49445,192000,3999.896,120.0,8,10,2,0.00000,0.00000,0.00000,0.00000,0.00000
36.955,2,36845.000,40580,192000,3999.583,120.0,8,10,2,0.00000,0.00000,0.00000,0.00000,0.00000
37.057,0,37039.000,49906,192000,3999.292,120.0,8,10,2,0.00000,0.00000,0.00000,0.00000,0.00000
37.057,1,37132.000,54350,192000,3999.708,120.0,8,10,2,0.00000,0.00000,0.00000,0.00000,0.00000
37.057,2,36947.000,45461,192000,3999.896,120.0,8,10,2,0.00000,0.00000,0.00000,0.00000,0.00000
37.160,0,37142.000,54831,192000,3999.688,120.0,8,10,2,0.00000,0.00000,0.00000,0.00000,0.00000
37.160,1,37235.000,59288,192000,3999.833,120.0,8,10,2,0.00000,0.00000,0.00000,0.00000,0.00000
37.160,2,37049.000,50374,192000,3999.542,120.0,8,10,2,0.00000,0.00000,0.00000,0.00000,0.00000
37.261,0,37243.000,59676,192000,3999.750,120.0,8,10,2,0.00000,0.00000,0.00000,0.00000,0.00000
37.261,1,37336.000,64145,192000,3999.646,120.0,8,10,2,0.00000,0.00000,0.00000,0.00000,0.00000
37.261,2,37150.000,55207,192000,3999.854,120.0,8,10,2,0.00000,0.00000,0.00000,0.00000,0.00000
37.362,0,37344.000,64551,192000,3999.188,120.0,8,10,2,0.00000,0.00000,0.00000,0.00000,0.00000
37.362,1,37438.000,69032,192000,3999.833,120.0,8,10,2,0.00000,0.00000,0.00000,0.00000,0.00000
37.362,2,37251.000,60069,192000,3999.562,120.0,8,10,2,0.00000,0.00000,0.00000,0.00000,0.00000
37.464,0,37446.000,69417,192000,3999.812,120.0,8,10,2,0.00000,0.00000,0.00000,0.00000,0.00000
37.464,1,37539.000,73910,192000,3999.208,120.0,8,10,2,0.00000,0.00000,0.00000,0.00000,0.00000
37.464,2,37352.000,64923,192000,3999.438,120.0,8,10,2,0.00000,0.00000,0.00000,0.00000,0.00000
37.565,0,37547.000,74286,192000,3999.375,120.0,8,10,2,0.00000,0.00000,0.00000,0.00000,0.00000
37.565,1,37641.000,78791,192000,3999.521,120.0,8,10,2,0.00000,0.00000,0.00000,0.00000,0.00000
37.565,2,37453.000,69780,192000,3999.250,120.0,8,10,2,0.00000,0.00000,0.00000,0.00000,0.00000
37.666,0,37648.000,79120,192000,3999.667,120.0,8,10,2,0.00000,0.00000,0.00000,0.00000,0.00000
37.666,1,37742.000,83637,192000,3999.562,120.0,8,10,2,0.00000,0.00000,0.00000,0.00000,0.00000
37.666,2,37554.000,74601,192000,3999.812,120.0,8,10,2,0.00000,0.00000,0.00000,0.00000,0.00000
37.767,0,37749.000,83985,192000,3999.312,120.0,8,10,2,0.00000,0.00000,0.00000,0.00000,0.00000
37.767,1,37844.000,88514,192000,3999.958,120.0,8,10,2,0.00000,0.00000,0.00000,0.00000,0.00000
37.767,2,37655.000,79455,192000,3999.688,120.0,8,10,2,0.00000,0.00000,0.00000,0.00000,0.00000
37.868,0,37849.000,88796,192000,3999.083,120.0,8,10,2,0.00000,0.00000,0.00000,0.00000,0.00000
37.868,1,37944.000,93338,192000,3999.458,120.0,8,10,2,0.00000,0.00000,0.00000,0.00000,0.00000
37.868,2,37755.000,84254,192000,3999.708,120.0,8,10,2,0.00000,0.00000,0.00000,0.00000,0.00000
37.969,0,37951.000,93687,192000,3999.188,120.0,8,10,2,0.00000,0.00000,0.00000,0.00000,0.00000
37.969,1,38046.000,98240,192000,3999.333,120.0,8,10,2,0.00000,0.00000,0.00000,0.00000,0.00000
37.969,2,37856.000,89132,192000,3999.083,120.0,8,10,2,0.00000,0.00000,0.00000,0.00000,0.00000
38.070,0,38052.000,98533,192000,3999.229,120.0,8,10,2,0.00000,0.00000,0.00000,0.00000,0.00000
38.070,1,38147.000,103098,192000,3999.125,120.0,8,10,2,0.00000,0.00000,0.00000,0.00000,0.00000
38.070,2,37957.000,93966,192000,3999.375,120.0,8,10,2,0.00000,0.00000,0.00000,0.00000,0.00000
38.171,0,38153.000,103356,192000,3999.750,120.0,8,10,2,0.00000,0.00000,0.00000,0.00000,0.00000
38.171,1,38248.000,107934,192000,3999.375,120.0,8,10,2,0.00000,0.00000,0.00000,0.00000,0.00000
38.171,2,38057.000,98777,192000,3999.146,120.0,8,10,2,0.00000,0.00000,0.00000,0.00000,0.00000
38.272,0,38254.000,108220,192000,3999.417,120.0,8,10,2,0.00000,0.00000,0.00000,0.00000,0.00000
38.272,1,38350.000,112810,192000,3999.792,120.0,8,10,2,0.00000,0.00000,0.00000,0.00000,0.00000
38.272,2,38158.000,103629,192000,3999.062,120.0,8,10,2,0.00000,0.00000,0.00000,0.00000,0.00000
38.373,0,38355.000,113068,192000,3999.417,120.0,8,10,2,0.00000,0.00000,0.00000,0.00000,0.00000
38.373,1,38451.000,117670,192000,3999.542,120.0,8,10,2,0.00000,0.00000,0.00000,0.00000,0.00000
38.373,2,38259.000,108465,192000,3999.312,120.0,8,10,2,0.00000,0.00000,0.00000,0.00000,0.00000
38.474,0,38455.000,117885,192000,3999.062,120.0,8,10,2,0.00000,0.00000,0.00000,0.00000,0.00000
38.474,1,38552.000,122499,192000,3999.938,120.0,8,10,2,0.00000,0.00000,0.00000,0.00000,0.00000
38.474,2,38359.000,113270,192000,3999.208,120.0,8,10,2,0.00000,0.00000,0.00000,0.00000,0.00000
38.574,0,38556.000,122719,192000,3999.354,120.0,8,10,2,0.00000,0.00000,0.00000,0.00000,0.00000
38.574,1,38653.000,127345,192000,3999.979,120.0,8,10,2,0.00000,0.00000,0.00000,0.00000,0.00000
38.574,2,38460.000,118091,192000,3999.771,120.0,8,10,2,0.00000,0.00000,0.00000,0.00000,0.00000
38.677,0,38659.000,127636,192000,3999.917,120.0,8,10,2,0.00000,0.00000,0.00000,0.00000,0.00000
38.677,1,38755.000,132274,192000,3999.292,120.0,8,10,2,0.00000,0.00000,0.00000,0.00000,0.00000
38.677,2,38562.000,122996,192000,3999.583,120.0,8,10,2,0.00000,0.00000,0.00000,0.00000,0.00000
38.777,0,38759.000,132453,192000,3999.562,120.0,8,10,2,0.00000,0.00000,0.00000,0.00000,0.00000
38.777,1,38856.000,137103,192000,3999.688,120.0,8,10,2,0.00000,0.00000,0.00000,0.00000,0.00000
38.777,2,38662.000,127801,192000,3999.479,120.0,8,10,2,0.00000,0.00000,0.00000,0.00000,0.00000
38.880,0,38862.000,137382,192000,3999.875,120.0,8,10,2,0.00000,0.00000,0.00000,0.00000,0.00000
38.880,1,38959.000,142045,192000,3999.729,120.0,8,10,2,0.00000,0.00000,0.00000,0.00000,0.00000
38.880,2,38764.000,132718,192000,3999.042,120.0,8,10,2,0.00000,0.00000,0.00000,0.00000,0.00000
38.983,0,38964.000,142315,192000,3999.104,120.0,8,10,2,0.00000,0.00000,0.00000,0.00000,0.00000
38.983,1,39062.000,146991,192000,3999.688,120.0,8,10,2,0.00000,0.00000,0.00000,0.00000,0.00000
38.983,2,38867.000,137639,192000,3999.521,120.0,8,10,2,0.00000,0.00000,0.00000,0.00000,0.00000
39.085,0,39067.000,147238,192000,3999.542,120.0,8,10,2,0.00000,0.00000,0.00000,0.00000,0.00000
39.085,1,39165.000,151925,192000,3999.896,120.0,8,10,2,0.00000,0.00000,0.00000,0.00000,0.00000
39.085,2,38969.000,142549,192000,3999.229,120.0,8,10,2,0.00000,0.00000,0.00000,0.00000,0.00000
39.188,0,39170.000,152176,192000,3999.667,120.0,8,10,2,0.00000,0.00000,0.00000,0.00000,0.00000
39.188,1,39268.000,156876,192000,3999.750,120.0,8,10,2,0.00000,0.00000,0.00000,0.00000,0.00000
39.188,2,39072.000,147475,192000,3999.604,120.0,8,10,2,0.00000,0.00000,0.00000,0.00000,0.00000
39.289,0,39270.000,157002,192000,3999.125,120.0,8,10,2,0.00000,0.00000,0.00000,0.00000,0.00000
39.289,1,39369.000,161714,192000,3999.958,120.0,8,10,2,0.00000,0.00000,0.00000,0.00000,0.00000
39.289,2,39172.000,152289,192000,3999.312,120.0,8,10,2,0.00000,0.00000,0.00000,0.00000,0.00000
39.390,0,39371.000,161852,192000,3999.083,120.0,8,10,2,0.00000,0.00000,0.00000,0.00000,0.00000
39.390,1,39470.000,166576,192000,3999.667,120.0,8,10,2,0.00000,0.00000,0.00000,0.00000,0.00000
39.390,2,39273.000,157127,192000,3999.521,120.0,8,10,2,0.00000,0.00000,0.00000,0.00000,0.00000
39.491,0,39473.000,166726,192000,3999.542,120.0,8,10,2,0.00000,0.00000,0.00000,0.00000,0.00000
39.491,1,39572.000,171463,192000,3999.854,120.0,8,10,2,0.00000,0.00000,0.00000,0.00000,0.00000
39.491,2,39374.000,161989,192000,3999.229,120.0,8,10,2,0.00000,0.00000,0.00000,0.00000,0.00000
39.593,0,39575.000,171624,192000,3999.500,120.0,8,10,2,0.00000,0.00000,0.00000,0.00000,0.00000
39.593,1,39674.000,176373,192000,3999.562,120.0,8,10,2,0.00000,0.00000,0.00000,0.00000,0.00000
39.593,2,39476.000,166875,192000,3999.438,120.0,8,10,2,0.00000,0.00000,0.00000,0.00000,0.00000
39.694,0,39676.000,176477,192000,3999.396,120.0,8,10,2,0.00000,0.00000,0.00000,0.00000,0.00000
39.694,1,39775.000,181237,192000,3999.229,120.0,8,10,2,0.00000,0.00000,0.00000,0.00000,0.00000
39.694,2,39577.000,171715,192000,3999.604,120.0,8,10,2,0.00000,0.00000,0.00000,0.00000,0.00000
39.795,0,39777.000,181298,192000,3999.958,120.0,8,10,2,0.00000,0.00000,0.00000,0.00000,0.00000
39.795,1,39876.000,186071,192000,3999.521,120.0,8,10,2,0.00000,0.00000,0.00000,0.00000,0.00000
39.795,2,39677.000,176524,192000,3999.417,120.0,8,10,2,0.00000,0.00000,0.00000,0.00000,0.00000
39.897,0,39879.000,186232,192000,3999.167,120.0,8,10,2,0.00000,0.00000,0.00000,0.00000,0.00000
39.897,1,39979.000,191017,192000,3999.479,120.0,8,10,2,0.00000,0.00000,0.00000,0.00000,0.00000
39.897,2,39780.000,181446,192000,3999.875,120.0,8,10,2,0.00000,0.00000,0.00000,0.00000,0.00000
39.999,0,39981.000,191121,192000,3999.312,120.0,8,10,2,0.00000,0.00000,0.00000,0.00000,0.00000
39.999,1,40081.000,3918,192000,3999.375,120.0,8,11,2,0.00000,0.00000,0.00000,0.00000,0.00000
39.999,2,39881.000,186323,192000,3999.271,120.0,8,10,2,0.00000,0.00000,0.00000,0.00000,0.00000
40.101,0,40083.000,4008,192000,3999.500,120.0,8,11,2,0.09755,0.00000,0.09755,0.00000,0.00000
40.101,1,40183.000,8817,192000,3999.312,120.0,8,11,2,0.00000,0.00000,0.00000,0.00000,0.00000
40.101,2,39983.000,191197,192000,3999.729,120.0,8,10,2,0.00000,0.00000,0.00000,0.00000,0.00000
40.203,0,40185.000,8910,192000,3999.375,120.0,8,11,2,0.06379,0.00000,0.06379,0.00000,0.00000
40.203,1,40286.000,13732,192000,3999.917,120.0,8,11,2,0.00000,0.00000,0.00000,0.00000,0.00000
40.203,2,40085.000,4087,192000,3999.854,120.0,8,11,2,0.09719,0.00000,0.09719,0.00000,0.00000
40.304,0,40286.000,13756,192000,3999.417,120.0,8,11,2,0.04192,0.00000,0.04192,0.00000,0.00000
40.304,1,40387.000,18590,192000,3999.708,120.0,8,11,2,0.00000,0.00000,0.00000,0.00000,0.00000
40.304,2,40185.000,8922,192000,3999.125,120.0,8,11,2,0.06392,0.00000,0.06392,0.00000,0.00000
40.405,0,40387.000,18601,192000,3999.479,120.0,8,11,2,0.02755,0.00000,0.02755,0.00000,0.00000
40.405,1,40488.000,23447,192000,3999.521,120.0,8,11,2,0.00000,0.00000,0.00000,0.00000,0.00000
40.405,2,40286.000,13754,192000,3999.458,120.0,8,11,2,0.04206,0.00000,0.04206,0.00000,0.00000
40.507,0,40489.000,23474,192000,3999.958,120.0,8,11,2,0.01806,0.00000,0.01806,0.00000,0.00000
40.507,1,40590.000,28332,192000,3999.750,120.0,8,11,2,0.00000,0.00000,0.00000,0.00000,0.00000
40.507,2,40387.000,18615,192000,3999.188,120.0,8,11,2,0.02760,0.00000,0.02760,0.00000,0.00000
40.607,0,40589.000,28283,192000,3999.771,120.0,8,11,2,0.01191,0.00000,0.01191,0.00000,0.00000
40.607,1,40690.000,33154,192000,3999.292,120.0,8,11,2,0.00000,0.00000,0.00000,0.00000,0.00000
40.607,2,40487.000,23412,192000,3999.250,120.0,8,11,2,0.01822,0.00000,0.01822,0.00000,0.00000
40.707,0,40689.000,33113,192000,3999.146,120.0,8,11,2,0.00784,0.00000,0.00784,0.00000,0.00000
40.707,1,40791.000,37995,192000,3999.438,120.0,8,11,2,0.00000,0.00000,0.00000,0.00000,0.00000
40.707,2,40588.000,28230,192000,3999.875,120.0,8,11,2,0.01200,0.00000,0.01200,0.00000,0.00000
40.808,0,40790.000,37951,192000,3999.354,120.0,8,11,2,0.00515,0.00000,0.00515,0.00000,0.00000
40.808,1,40892.000,42846,192000,3999.375,120.0,8,11,2,0.00000,0.00000,0.00000,0.00000,0.00000
40.808,2,40688.000,33056,192000,3999.333,120.0,8,11,2,0.00790,0.00000,0.00790,0.00000,0.00000
40.909,0,40891.000,42803,192000,3999.271,120.0,8,11,2,0.00338,0.00000,0.00338,0.00000,0.00000
40.909,1,40993.000,47709,192000,3999.062,120.0,8,11,2,0.00000,0.00000,0.00000,0.00000,0.00000
40.909,2,40789.000,37895,192000,3999.521,120.0,8,11,2,0.00519,0.00000,0.00519,0.00000,0.00000
41.011,0,40993.000,47672,192000,3999.833,120.0,8,11,2,0.00222,0.00000,0.00222,0.00000,0.00000
41.011,1,41095.000,52590,192000,3999.375,120.0,8,11,2,0.00000,0.00000,0.00000,0.00000,0.00000
41.011,2,40890.000,42752,192000,3999.333,120.0,8,11,2,0.00341,0.00000,0.00341,0.00000,0.00000
41.112,0,41094.000,52543,192000,3999.354,120.0,8,11,2,0.00146,0.00000,0.00146,0.00000,0.00000
41.112,1,41197.000,57474,192000,3999.625,120.0,8,11,2,0.00000,0.00000,0.00000,0.00000,0.00000
41.112,2,40991.000,47611,192000,3999.104,120.0,8,11,2,0.00224,0.00000,0.00224,0.00000,0.00000
41.213,0,41195.000,57389,192000,3999.396,120.0,8,11,2,0.00096,0.00000,0.00096,0.00000,0.00000
41.213,1,41298.000,62332,192000,3999.417,120.0,8,11,2,0.00000,0.00000,0.00000,0.00000,0.00000
41.213,2,41092.000,52445,192000,3999.396,120.0,8,11,2,0.00147,0.00000,0.00147,0.00000,0.00000
41.316,0,41298.000,62329,192000,3999.479,120.0,8,11,2,0.00062,0.00000,0.00062,0.00000,0.00000
41.316,1,41401.000,67284,192000,3999.250,120.0,8,11,2,0.00000,0.00000,0.00000,0.00000,0.00000
41.316,2,41195.000,57373,192000,3999.729,120.0,8,11,2,0.00096,0.00000,0.00096,0.00000,0.00000
41.419,0,41400.000,67243,192000,3999.104,120.0,8,11,2,0.00041,0.00000,0.00041,0.00000,0.00000
41.419,1,41504.000,72211,192000,3999.604,120.0,8,11,2,0.00000,0.00000,0.00000,0.00000,0.00000
41.419,2,41297.000,62275,192000,3999.604,120.0,8,11,2,0.00063,0.00000,0.00063,0.00000,0.00000
41.521,0,41503.000,72165,192000,3999.562,120.0,8,11,2,0.00027,0.00000,0.00027,0.00000,0.00000
41.521,1,41607.000,77145,192000,3999.812,120.0,8,11,2,0.00000,0.00000,0.00000,0.00000,0.00000
41.521,2,41399.000,67184,192000,3999.333,120.0,8,11,2,0.00041,0.00000,0.00041,0.00000,0.00000
41.623,0,41605.000,77064,192000,3999.500,120.0,8,11,2,0.00017,0.00000,0.00017,0.00000,0.00000
41.623,1,41709.000,82056,192000,3999.500,120.0,8,11,2,0.00000,0.00000,0.00000,0.00000,0.00000
41.623,2,41501.000,72071,192000,3999.521,120.0,8,11,2,0.00027,0.00000,0.00027,0.00000,0.00000
41.726,0,41707.000,81980,192000,3999.083,120.0,8,11,2,0.00011,0.00000,0.00011,0.00000,0.00000
41.726,1,41812.000,86984,192000,3999.833,120.0,8,11,2,0.00000,0.00000,0.00000,0.00000,0.00000
41.726,2,41603.000,76974,192000,3999.375,120.0,8,11,2,0.00018,0.00000,0.00018,0.00000,0.00000
41.827,0,41809.000,86845,192000,3999.729,120.0,8,11,2,0.00007,0.00000,0.00007,0.00000,0.00000
41.827,1,41913.000,91861,192000,3999.229,120.0,8,11,2,0.00000,0.00000,0.00000,0.00000,0.00000
41.827,2,41704.000,81827,192000,3999.271,120.0,8,11,2,0.00012,0.00000,0.00012,0.00000,0.00000
41.929,0,41910.000,91725,192000,3999.062,120.0,8,11,2,0.00005,0.00000,0.00005,0.00000,0.00000
41.929,1,42015.000,96754,192000,3999.292,120.0,8,11,2,0.00000,0.00000,0.00000,0.00000,0.00000
41.929,2,41806.000,86696,192000,3999.833,120.0,8,11,2,0.00008,0.00000,0.00008,0.00000,0.00000
42.029,0,42011.000,96557,192000,3999.396,120.0,8,11,2,0.00003,0.00000,0.00003,0.00000,0.00000
42.029,1,42116.000,101598,192000,3999.375,120.0,8,11,2,0.00000,0.00000,0.00000,0.00000,0.00000
42.029,2,41906.000,91515,192000,3999.438,120.0,8,11,2,0.00005,0.00000,0.00005,0.00000,0.00000
42.130,0,42112.000,101377,192000,3999.979,120.0,8,11,2,0.00002,0.00000,0.00002,0.00000,0.00000
42.130,1,42217.000,106430,192000,3999.708,120.0,8,11,2,0.00000,0.00000,0.00000,0.00000,0.00000
42.130,2,42006.000,96324,192000,3999.250,120.0,8,11,2,0.00003,0.00000,0.00003,0.00000,0.00000
42.230,0,42212.000,106216,192000,3999.167,120.0,8,11,2,0.00001,0.00000,0.00001,0.00000,0.00000
42.230,1,42318.000,111281,192000,3999.646,120.0,8,11,2,0.00000,0.00000,0.00000,0.00000,0.00000
42.230,2,42107.000,101150,192000,3999.708,120.0,8,11,2,0.00002,0.00000,0.00002,0.00000,0.00000
42.332,0,42313.000,111066,192000,3999.125,120.0,8,11,2,0.00001,0.00000,0.00001,0.00000,0.00000
42.332,1,42419.000,116143,192000,3999.354,120.0,8,11,2,0.00000,0.00000,0.00000,0.00000,0.00000
42.332,2,42208.000,105988,192000,3999.917,120.0,8,11,2,0.00001,0.00000,0.00001,0.00000,0.00000
42.433,0,42415.000,115922,192000,3999.958,120.0,8,11,2,0.00001,0.00000,0.00001,0.00000,0.00000
42.433,1,42521.000,121012,192000,3999.917,120.0,8,11,2,0.00000,0.00000,0.00000,0.00000,0.00000
42.433,2,42309.000,110832,192000,0.000,120.0,8,11,2,0.00001,0.00000,0.00001,0.00000,0.00000
42.534,0,42516.000,120783,192000,3999.688,120.0,8,11,2,0.00000,0.00000,0.00000,0.00000,0.00000
42.534,1,42622.000,125884,192000,3999.417,120.0,8,11,2,0.00000,0.00000,0.00000,0.00000,0.00000
42.534,2,42410.000,115680,192000,0.000,120.0,8,11,2,0.00001,0.00000,0.00001,0.00000,0.00000
42.635,0,42617.000,125630,192000,3999.708,120.0,8,11,2,0.00000,0.00000,0.00000,0.00000,0.00000
42.635,1,42723.000,130744,192000,3999.167,120.0,8,11,2,0.00000,0.00000,0.00000,0.00000,0.00000
42.635,2,42510.000,120516,192000,3999.250,120.0,8,11,2,0.00000,0.00000,0.00000,0.00000,0.00000
42.736,0,42718.000,130482,192000,3999.625,120.0,8,11,2,0.00000,0.00000,0.00000,0.00000,0.00000
42.736,1,42825.000,135607,192000,3999.854,120.0,8,11,2,0.00000,0.00000,0.00000,0.00000,0.00000
42.736,2,42611.000,125355,192000,3999.438,120.0,8,11,2,0.00000,0.00000,0.00000,0.00000,0.00000
42.838,0,42819.000,135353,192000,3999.146,120.0,8,11,2,0.00000,0.00000,0.00000,0.00000,0.00000
42.838,1,42926.000,140491,192000,3999.104,120.0,8,11,2,0.00000,0.00000,0.00000,0.00000,0.00000
42.838,2,42712.000,130215,192000,3999.188,120.0,8,11,2,0.00000,0.00000,0.00000,0.00000,0.00000
42.938,0,42920.000,140166,192000,3999.875,120.0,8,11,2,0.00000,0.00000,0.00000,0.00000,0.00000
42.938,1,43027.000,145316,192000,3999.583,120.0,8,11,2,0.00000,0.00000,0.00000,0.00000,0.00000
42.938,2,42812.000,135015,192000,3999.188,120.0,8,11,2,0.00000,0.00000,0.00000,0.00000,0.00000
43.038,0,43020.000,144999,192000,3999.188,120.0,8,11,2,0.00000,0.00000,0.00000,0.00000,0.00000
43.038,1,43128.000,150161,192000,3999.646,120.0,8,11,2,0.00000,0.00000,0.00000,0.00000,0.00000
43.038,2,42913.000,139836,192000,3999.750,120.0,8,11,2,0.00000,0.00000,0.00000,0.00000,0.00000
43.140,0,43122.000,149856,192000,0.000,120.0,8,11,2,0.00000,0.00000,0.00000,0.00000,0.00000
43.140,1,43229.000,155030,192000,3999.208,120.0,8,11,2,0.00000,0.00000,0.00000,0.00000,0.00000
43.140,2,43014.000,144681,192000,3999.812,120.0,8,11,2,0.00000,0.00000,0.00000,0.00000,0.00000
43.244,0,43225.000,154847,192000,3999.021,120.0,8,11,2,0.00000,0.00000,0.00000,0.00000,0.00000
43.244,1,43334.000,160033,192000,3999.979,120.0,8,11,2,0.00000,0.00000,0.00000,0.00000,0.00000
43.244,2,43117.000,149659,192000,3999.104,120.0,8,11,2,0.00000,0.00000,0.00000,0.00000,0.00000
43.345,0,43327.000,159697,192000,3999.979,120.0,8,11,2,0.00000,0.00000,0.00000,0.00000,0.00000
43.345,1,43435.000,164896,192000,3999.667,120.0,8,11,2,0.00000,0.00000,0.00000,0.00000,0.00000
43.345,2,43218.000,154498,192000,3999.292,120.0,8,11,2,0.00000,0.00000,0.00000,0.00000,0.00000
43.446,0,43428.000,164553,192000,3999.812,120.0,8,11,2,0.00000,0.00000,0.00000,0.00000,0.00000
43.446,1,43536.000,169763,192000,3999.271,120.0,8,11,2,0.00000,0.00000,0.00000,0.00000,0.00000
43.446,2,43319.000,159341,192000,3999.396,120.0,8,11,2,0.00000,0.00000,0.00000,0.00000,0.00000
43.548,0,43530.000,169450,192000,3999.792,120.0,8,11,2,0.00000,0.00000,0.00000,0.00000,0.00000
43.548,1,43639.000,174673,192000,3999.979,120.0,8,11,2,0.00000,0.00000,0.00000,0.00000,0.00000
43.548,2,43421.000,164226,192000,3999.625,120.0,8,11,2,0.00000,0.00000,0.00000,0.00000,0.00000
43.650,0,43631.000,174334,192000,3999.042,120.0,8,11,2,0.00000,0.00000,0.00000,0.00000,0.00000
43.650,1,43741.000,179569,192000,3999.979,120.0,8,11,2,0.00000,0.00000,0.00000,0.00000,0.00000
43.650,2,43522.000,169098,192000,3999.125,120.0,8,11,2,0.00000,0.00000,0.00000,0.00000,0.00000
43.752,0,43734.000,179239,192000,3999.854,120.0,8,11,2,0.00000,0.00000,0.00000,0.00000,0.00000
43.752,1,43843.000,184487,192000,3999.521,120.0,8,11,2,0.00000,0.00000,0.00000,0.00000,0.00000
43.752,2,43624.000,173991,192000,3999.188,120.0,8,11,2,0.00000,0.00000,0.00000,0.00000,0.00000
43.854,0,43835.000,184125,192000,3999.062,120.0,8,11,2,0.00000,0.00000,0.00000,0.00000,0.00000
43.854,1,43945.000,189384,192000,3999.500,120.0,8,11,2,0.00000,0.00000,0.00000,0.00000,0.00000
43.854,2,43726.000,178864,192000,3999.667,120.0,8,11,2,0.00000,0.00000,0.00000,0.00000,0.00000
43.955,0,43936.000,188973,192000,3999.062,120.0,8,11,2,0.00000,0.00000,0.00000,0.00000,0.00000
43.955,1,44046.000,2244,192000,3999.250,120.0,8,12,2,0.11369,0.11369,0.11362,0.00000,0.00000
43.955,2,43827.000,183700,192000,3999.917,120.0,8,11,2,0.00000,0.00000,0.00000,0.00000,0.00000
44.057,0,44039.000,1892,192000,3999.583,120.0,8,12,2,0.11692,0.11692,0.00000,0.00000,0.00000
44.057,1,44149.000,7176,192000,3999.500,120.0,8,12,2,0.07415,0.07415,0.07411,0.00000,0.00000
44.057,2,43929.000,188606,192000,3999.708,120.0,8,11,2,0.00000,0.00000,0.00000,0.00000,0.00000
44.159,0,44141.000,6796,192000,3999.417,120.0,8,12,2,0.07645,0.07645,0.00000,0.00000,0.00000
44.159,1,44251.000,12093,192000,3999.062,120.0,8,12,2,0.04843,0.04843,0.04840,0.00000,0.00000
44.159,2,44031.000,1499,192000,3999.771,120.0,8,12,2,0.12114,0.12114,0.00000,0.00000,0.00000
44.262,0,44244.000,11729,192000,3999.646,120.0,8,12,2,0.04986,0.04986,0.00000,0.00000,0.00000
44.262,1,44354.000,17037,192000,3999.062,120.0,8,12,2,0.03156,0.03156,0.03154,0.00000,0.00000
44.262,2,44133.000,6419,192000,3999.271,120.0,8,12,2,0.07909,0.07909,0.00000,0.00000,0.00000
44.364,0,44346.000,16647,192000,3999.188,120.0,8,12,2,0.03256,0.03256,0.00000,0.00000,0.00000
44.364,1,44457.000,21968,192000,3999.333,120.0,8,12,2,0.02058,0.02058,0.02057,0.00000,0.00000
44.364,2,44235.000,11325,192000,3999.062,120.0,8,12,2,0.05171,0.05171,0.00000,0.00000,0.00000
44.466,0,44448.000,21517,192000,3999.729,120.0,8,12,2,0.02135,0.02135,0.00000,0.00000,0.00000
44.466,1,44559.000,26850,192000,3999.625,120.0,8,12,2,0.01348,0.01348,0.01348,0.00000,0.00000
44.466,2,44337.000,16183,192000,3999.854,120.0,8,12,2,0.03394,0.03394,0.00000,0.00000,0.00000
44.566,0,44548.000,26320,192000,3999.667,120.0,8,12,2,0.01408,0.01408,0.00000,0.00000,0.00000
44.566,1,44659.000,31665,192000,3999.312,120.0,8,12,2,0.00888,0.00888,0.00888,0.00000,0.00000
44.566,2,44436.000,20974,192000,3999.042,120.0,8,12,2,0.02241,0.02241,0.00000,0.00000,0.00000
44.668,0,44650.000,31210,192000,3999.792,120.0,8,12,2,0.00922,0.00922,0.00000,0.00000,0.00000
44.668,1,44761.000,36568,192000,3999.167,120.0,8,12,2,0.00581,0.00581,0.00581,0.00000,0.00000
44.668,2,44538.000,25852,192000,3999.417,120.0,8,12,2,0.01469,0.01469,0.00000,0.00000,0.00000
44.769,0,44750.000,36045,192000,3999.062,120.0,8,12,2,0.00606,0.00606,0.00000,0.00000,0.00000
44.769,1,44862.000,41414,192000,3999.208,120.0,8,12,2,0.00382,0.00382,0.00382,0.00000,0.00000
44.769,2,44639.000,30674,192000,3999.958,120.0,8,12,2,0.00967,0.00967,0.00000,0.00000,0.00000
44.871,0,44852.000,40940,192000,3999.083,120.0,8,12,2,0.00397,0.00397,0.00000,0.00000,0.00000
44.871,1,44965.000,46322,192000,3999.958,120.0,8,12,2,0.00250,0.00250,0.00249,0.00000,0.00000
44.871,2,44740.000,35558,192000,3999.208,120.0,8,12,2,0.00633,0.00633,0.00000,0.00000,0.00000
44.973,0,44955.000,45868,192000,3999.417,120.0,8,12,2,0.00259,0.00259,0.00000,0.00000,0.00000
44.973,1,45067.000,51262,192000,3999.042,120.0,8,12,2,0.00163,0.00163,0.00163,0.00000,0.00000
44.973,2,44843.000,40473,192000,3999.812,120.0,8,12,2,0.00414,0.00414,0.00000,0.00000,0.00000
45.075,0,45057.000,50750,192000,3999.708,120.0,8,12,2,0.00170,0.00170,0.00000,0.00000,0.00000
45.075,1,45169.000,56157,192000,3999.062,120.0,8,12,2,0.00106,0.00106,0.00106,0.00000,0.00000
45.075,2,44944.000,45343,192000,3999.354,120.0,8,12,2,0.00271,0.00271,0.00000,0.00000,0.00000
45.176,0,45158.000,55619,192000,3999.271,120.0,8,12,2,0.00111,0.00111,0.00000,0.00000,0.00000
45.176,1,45271.000,61037,192000,3999.396,120.0,8,12,2,0.00070,0.00070,0.00070,0.00000,0.00000
45.176,2,45045.000,50199,192000,3999.188,120.0,8,12,2,0.00178,0.00178,0.00000,0.00000,0.00000
45.277,0,45259.000,60448,192000,3999.667,120.0,8,12,2,0.00073,0.00073,0.00000,0.00000,0.00000
45.277,1,45372.000,65879,192000,3999.521,120.0,8,12,2,0.00046,0.00046,0.00046,0.00000,0.00000
45.277,2,45146.000,55017,192000,3999.812,120.0,8,12,2,0.00117,0.00117,0.00000,0.00000,0.00000
45.378,0,45360.000,65312,192000,3999.333,120.0,8,12,2,0.00048,0.00048,0.00000,0.00000,0.00000
45.378,1,45474.000,70755,192000,3999.938,120.0,8,12,2,0.00030,0.00030,0.00030,0.00000,0.00000
45.378,2,45247.000,59868,192000,3999.750,120.0,8,12,2,0.00077,0.00077,0.00000,0.00000,0.00000
45.480,0,45462.000,70177,192000,3999.979,120.0,8,12,2,0.00032,0.00032,0.00000,0.00000,0.00000
45.480,1,45575.000,75632,192000,3999.333,120.0,8,12,2,0.00020,0.00020,0.00020,0.00000,0.00000
45.480,2,45348.000,64721,192000,3999.646,120.0,8,12,2,0.00051,0.00051,0.00000,0.00000,0.00000
45.581,0,45563.000,75032,192000,3999.833,120.0,8,12,2,0.00021,0.00021,0.00000,0.00000,0.00000
45.581,1,45677.000,80499,192000,3999.938,120.0,8,12,2,0.00013,0.00013,0.00013,0.00000,0.00000
45.581,2,45449.000,69564,192000,3999.750,120.0,8,12,2,0.00033,0.00033,0.00000,0.00000,0.00000
45.681,0,45663.000,79836,192000,3999.750,120.0,8,12,2,0.00014,0.00014,0.00000,0.00000,0.00000
45.681,1,45777.000,85315,192000,3999.604,120.0,8,12,2,0.00009,0.00009,0.00009,0.00000,0.00000
45.681,2,45549.000,74356,192000,3999.917,120.0,8,12,2,0.00022,0.00022,0.00000,0.00000,0.00000
45.782,0,45764.000,84681,192000,3999.812,120.0,8,12,2,0.00009,0.00009,0.00000,0.00000,0.00000
45.782,1,45878.000,90172,192000,3999.417,120.0,8,12,2,0.00006,0.00006,0.00006,0.00000,0.00000
45.782,2,45649.000,79189,192000,3999.229,120.0,8,12,2,0.00014,0.00014,0.00000,0.00000,0.00000
45.884,0,45865.000,89563,192000,3999.104,120.0,8,12,2,0.00006,0.00006,0.00000,0.00000,0.00000
45.884,1,45980.000,95066,192000,3999.458,120.0,8,12,2,0.00004,0.00004,0.00004,0.00000,0.00000
45.884,2,45751.000,84059,192000,3999.771,120.0,8,12,2,0.00009,0.00009,0.00000,0.00000,0.00000
45.985,0,45967.000,94432,192000,3999.667,120.0,8,12,2,0.00004,0.00004,0.00000,0.00000,0.00000
45.985,1,46082.000,99947,192000,3999.771,120.0,8,12,2,0.00002,0.00002,0.00002,0.00000,0.00000
45.985,2,45852.000,88915,192000,3999.604,120.0,8,12,2,0.00006,0.00006,0.00000,0.00000,0.00000
46.087,0,46068.000,99306,192000,3999.125,120.0,8,12,2,0.00003,0.00003,0.00000,0.00000,0.00000
46.087,1,46184.000,104833,192000,3999.979,120.0,8,12,2,0.00002,0.00002,0.00002,0.00000,0.00000
46.087,2,45953.000,93777,192000,3999.312,120.0,8,12,2,0.00004,0.00004,0.00000,0.00000,0.00000
46.189,0,46171.000,104218,192000,3999.792,120.0,8,12,2,0.00002,0.00002,0.00000,0.00000,0.00000
46.189,1,46286.000,109758,192000,3999.375,120.0,8,12,2,0.00001,0.00001,0.00001,0.00000,0.00000
46.189,2,46055.000,98677,192000,3999.229,120.0,8,12,2,0.00003,0.00003,0.00000,0.00000,0.00000
46.291,0,46273.000,109136,192000,3999.333,120.0,8,12,2,0.00001,0.00001,0.00000,0.00000,0.00000
46.291,1,46389.000,114688,192000,3999.667,120.0,8,12,2,0.00001,0.00001,0.00001,0.00000,0.00000
46.291,2,46157.000,103583,192000,3999.021,120.0,8,12,2,0.00002,0.00002,0.00000,0.00000,0.00000
46.392,0,46374.000,113986,192000,3999.292,120.0,8,12,2,0.00001,0.00001,0.00000,0.00000,0.00000
46.392,1,46490.000,119550,192000,3999.375,120.0,8,12,2,0.00000,0.00000,0.00000,0.00000,0.00000
46.392,2,46258.000,108421,192000,3999.229,120.0,8,12,2,0.00001,0.00001,0.00000,0.00000,0.00000
46.495,0,46477.000,118920,192000,3999.500,120.0,8,12,2,0.00000,0.00000,0.00000,0.00000,0.00000
46.495,1,46593.000,124496,192000,3999.333,120.0,8,12,2,0.00000,0.00000,0.00000,0.00000,0.00000
46.495,2,46361.000,113342,192000,3999.708,120.0,8,12,2,0.00001,0.00001,0.00000,0.00000,0.00000
46.597,0,46579.000,123802,192000,3999.792,120.0,8,12,2,0.00000,0.00000,0.00000,0.00000,0.00000
46.597,1,46695.000,129391,192000,3999.354,120.0,8,12,2,0.00000,0.00000,0.00000,0.00000,0.00000
46.597,2,46462.000,118212,192000,3999.250,120.0,8,12,2,0.00000,0.00000,0.00000,0.00000,0.00000
46.698,0,46680.000,128674,192000,3999.292,120.0,8,12,2,0.00000,0.00000,0.00000,0.00000,0.00000
46.698,1,46797.000,134275,192000,3999.604,120.0,8,12,2,0.00000,0.00000,0.00000,0.00000,0.00000
46.698,2,46564.000,123072,192000,0.000,120.0,8,12,2,0.00000,0.00000,0.00000,0.00000,0.00000
46.799,0,46781.000,133490,192000,3999.958,120.0,8,12,2,0.00000,0.00000,0.00000,0.00000,0.00000
46.799,1,46897.000,139103,192000,3999.021,120.0,8,12,2,0.00000,0.00000,0.00000,0.00000,0.00000
46.799,2,46664.000,127876,192000,3999.917,120.0,8,12,2,0.00000,0.00000,0.00000,0.00000,0.00000
46.902,0,46884.000,138455,192000,3999.521,120.0,8,12,2,0.00000,0.00000,0.00000,0.00000,0.00000
46.902,1,47001.000,144080,192000,3999.333,120.0,8,12,2,0.00000,0.00000,0.00000,0.00000,0.00000
46.902,2,46767.000,132828,192000,3999.750,120.0,8,12,2,0.00000,0.00000,0.00000,0.00000,0.00000
47.004,0,46986.000,143340,192000,3999.750,120.0,8,12,2,0.00000,0.00000,0.00000,0.00000,0.00000
47.004,1,47103.000,148978,192000,3999.292,120.0,8,12,2,0.00000,0.00000,0.00000,0.00000,0.00000
47.004,2,46868.000,137702,192000,3999.208,120.0,8,12,2,0.00000,0.00000,0.00000,0.00000,0.00000
47.105,0,47087.000,148189,192000,3999.729,120.0,8,12,2,0.00000,0.00000,0.00000,0.00000,0.00000
47.105,1,47204.000,153838,192000,3999.042,120.0,8,12,2,0.00000,0.00000,0.00000,0.00000,0.00000
47.105,2,46969.000,142538,192000,3999.458,120.0,8,12,2,0.00000,0.00000,0.00000,0.00000,0.00000
47.207,0,47189.000,153102,192000,3999.375,120.0,8,12,2,0.00000,0.00000,0.00000,0.00000,0.00000
47.207,1,47307.000,158765,192000,3999.396,120.0,8,12,2,0.00000,0.00000,0.00000,0.00000,0.00000
47.207,2,47071.000,147439,192000,3999.354,120.0,8,12,2,0.00000,0.00000,0.00000,0.00000,0.00000
47.310,0,47292.000,158046,192000,3999.375,120.0,8,12,2,0.00000,0.00000,0.00000,0.00000,0.00000
47.310,1,47410.000,163720,192000,3999.167,120.0,8,12,2,0.00000,0.00000,0.00000,0.00000,0.00000
47.310,2,47174.000,152370,192000,3999.625,120.0,8,12,2,0.00000,0.00000,0.00000,0.00000,0.00000
47.411,0,47392.000,162860,192000,3999.083,120.0,8,12,2,0.00000,0.00000,0.00000,0.00000,0.00000
47.411,1,47511.000,168546,192000,3999.625,120.0,8,12,2,0.00000,0.00000,0.00000,0.00000,0.00000
47.411,2,47274.000,157172,192000,3999.583,120.0,8,12,2,0.00000,0.00000,0.00000,0.00000,0.00000
47.514,0,47495.000,167802,192000,3999.125,120.0,8,12,2,0.00000,0.00000,0.00000,0.00000,0.00000
47.514,1,47614.000,173500,192000,3999.417,120.0,8,12,2,0.00000,0.00000,0.00000,0.00000,0.00000
47.514,2,47377.000,162102,192000,3999.875,120.0,8,12,2,0.00000,0.00000,0.00000,0.00000,0.00000
47.615,0,47597.000,172668,192000,3999.750,120.0,8,12,2,0.00000,0.00000,0.00000,0.00000,0.00000
47.615,1,47716.000,178379,192000,3999.771,120.0,8,12,2,0.00000,0.00000,0.00000,0.00000,0.00000
47.615,2,47478.000,166956,192000,3999.750,120.0,8,12,2,0.00000,0.00000,0.00000,0.00000,0.00000
47.718,0,47700.000,177608,192000,3999.833,120.0,8,12,2,0.00000,0.00000,0.00000,0.00000,0.00000
47.718,1,47819.000,183332,192000,3999.583,120.0,8,12,2,0.00000,0.00000,0.00000,0.00000,0.00000
47.718,2,47580.000,171884,192000,3999.083,120.0,8,12,2,0.00000,0.00000,0.00000,0.00000,0.00000
47.819,0,47800.000,182445,192000,3999.062,120.0,8,12,2,0.00000,0.00000,0.00000,0.00000,0.00000
47.819,1,47920.000,188181,192000,3999.562,120.0,8,12,2,0.00000,0.00000,0.00000,0.00000,0.00000
47.819,2,47681.000,176709,192000,3999.562,120.0,8,12,2,0.00000,0.00000,0.00000,0.00000,0.00000
47.919,0,47901.000,187254,192000,3999.875,120.0,8,12,2,0.00000,0.00000,0.00000,0.00000,0.00000
47.919,1,48020.000,1001,192000,3999.146,120.0,8,13,2,0.00000,0.00000,0.00000,0.00000,0.00000
47.919,2,47781.000,181505,192000,3999.646,120.0,8,12,2,0.00000,0.00000,0.00000,0.00000,0.00000
48.021,0,48003.000,159,192000,3999.688,120.0,8,13,2,0.00000,0.00000,0.00000,0.00000,0.00000
48.021,1,48123.000,5919,192000,3999.688,120.0,8,13,2,0.00000,0.00000,0.00000,0.00000,0.00000
48.021,2,47883.000,186398,192000,3999.708,120.0,8,12,2,0.00000,0.00000,0.00000,0.00000,0.00000
48.122,0,48103.000,4989,192000,3999.062,120.0,8,13,2,0.00000,0.00000,0.00000,0.00000,0.00000
48.122,1,48224.000,10761,192000,3999.812,120.0,8,13,2,0.00000,0.00000,0.00000,0.00000,0.00000
48.122,2,47983.000,191216,192000,3999.333,120.0,8,12,2,0.00000,0.00000,0.00000,0.00000,0.00000
48.223,0,48205.000,9869,192000,3999.396,120.0,8,13,2,0.00000,0.00000,0.00000,0.00000,0.00000
48.223,1,48326.000,15653,192000,3999.896,120.0,8,13,2,0.00000,0.00000,0.00000,0.00000,0.00000
48.223,2,48085.000,4084,192000,3999.917,120.0,8,13,2,0.00000,0.00000,0.00000,0.00000,0.00000
48.326,0,48307.000,14783,192000,3999.021,120.0,8,13,2,0.00000,0.00000,0.00000,0.00000,0.00000
48.326,1,48428.000,20579,192000,3999.271,120.0,8,13,2,0.00000,0.00000,0.00000,0.00000,0.00000
48.326,2,48187.000,8986,192000,3999.792,120.0,8,13,2,0.00000,0.00000,0.00000,0.00000,0.00000
48.428,0,48410.000,19718,192000,3999.208,120.0,8,13,2,0.00000,0.00000,0.00000,0.00000,0.00000
48.428,1,48531.000,25526,192000,3999.208,120.0,8,13,2,0.00000,0.00000,0.00000,0.00000,0.00000
48.428,2,48289.000,13908,192000,3999.250,120.0,8,13,2,0.00000,0.00000,0.00000,0.00000,0.00000
48.530,0,48512.000,24612,192000,3999.250,120.0,8,13,2,0.00000,0.00000,0.00000,0.00000,0.00000
48.530,1,48634.000,30432,192000,0.000,120.0,8,13,2,0.00000,0.00000,0.00000,0.00000,0.00000
48.530,2,48391.000,18790,192000,3999.542,120.0,8,13,2,0.00000,0.00000,0.00000,0.00000,0.00000
48.633,0,48615.000,29527,192000,3999.854,120.0,8,13,2,0.00000,0.00000,0.00000,0.00000,0.00000
48.633,1,48736.000,35360,192000,3999.333,120.0,8,13,2,0.00000,0.00000,0.00000,0.00000,0.00000
48.633,2,48493.000,23693,192000,3999.396,120.0,8,13,2,0.00000,0.00000,0.00000,0.00000,0.00000
48.735,0,48717.000,34422,192000,3999.875,120.0,8,13,2,0.00000,0.00000,0.00000,0.00000,0.00000
48.735,1,48838.000,40268,192000,3999.083,120.0,8,13,2,0.00000,0.00000,0.00000,0.00000,0.00000
48.735,2,48595.000,28576,192000,3999.667,120.0,8,13,2,0.00000,0.00000,0.00000,0.00000,0.00000
48.837,0,48818.000,39307,192000,3999.104,120.0,8,13,2,0.00000,0.00000,0.00000,0.00000,0.00000
48.837,1,48940.000,45165,192000,3999.062,120.0,8,13,2,0.00000,0.00000,0.00000,0.00000,0.00000
48.837,2,48696.000,33449,192000,3999.146,120.0,8,13,2,0.00000,0.00000,0.00000,0.00000,0.00000
48.938,0,48920.000,44191,192000,3999.354,120.0,8,13,2,0.00000,0.00000,0.00000,0.00000,0.00000
48.938,1,49042.000,50061,192000,3999.062,120.0,8,13,2,0.00000,0.00000,0.00000,0.00000,0.00000
48.938,2,48798.000,38320,192000,3999.667,120.0,8,13,2,0.00000,0.00000,0.00000,0.00000,0.00000
49.040,0,49022.000,49062,192000,3999.875,120.0,8,13,2,0.00000,0.00000,0.00000,0.00000,0.00000
49.040,1,49144.000,54944,192000,3999.333,120.0,8,13,2,0.00000,0.00000,0.00000,0.00000,0.00000
49.040,2,48899.000,43179,192000,3999.438,120.0,8,13,2,0.00000,0.00000,0.00000,0.00000,0.00000
49.141,0,49122.000,53898,192000,3999.125,120.0,8,13,2,0.00000,0.00000,0.00000,0.00000,0.00000
49.141,1,49245.000,59792,192000,3999.333,120.0,8,13,2,0.00000,0.00000,0.00000,0.00000,0.00000
49.141,2,49000.000,48003,192000,3999.938,120.0,8,13,2,0.00000,0.00000,0.00000,0.00000,0.00000
49.242,0,49224.000,58786,192000,3999.292,120.0,8,13,2,0.00000,0.00000,0.00000,0.00000,0.00000
49.242,1,49347.000,64692,192000,3999.250,120.0,8,13,2,0.00000,0.00000,0.00000,0.00000,0.00000
49.242,2,49101.000,52878,192000,3999.375,120.0,8,13,2,0.00000,0.00000,0.00000,0.00000,0.00000
49.344,0,49326.000,63684,192000,3999.250,120.0,8,13,2,0.00000,0.00000,0.00000,0.00000,0.00000
49.344,1,49450.000,69602,192000,3999.958,120.0,8,13,2,0.00000,0.00000,0.00000,0.00000,0.00000
49.344,2,49203.000,57764,192000,3999.583,120.0,8,13,2,0.00000,0.00000,0.00000,0.00000,0.00000
49.446,0,49427.000,68540,192000,3999.083,120.0,8,13,2,0.00000,0.00000,0.00000,0.00000,0.00000
49.446,1,49551.000,74471,192000,3999.521,120.0,8,13,2,0.00000,0.00000,0.00000,0.00000,0.00000
49.446,2,49304.000,62609,192000,3999.646,120.0,8,13,2,0.00000,0.00000,0.00000,0.00000,0.00000
49.547,0,49529.000,73411,192000,3999.604,120.0,8,13,2,0.00000,0.00000,0.00000,0.00000,0.00000
49.547,1,49653.000,79354,192000,3999.792,120.0,8,13,2,0.00000,0.00000,0.00000,0.00000,0.00000
49.547,2,49405.000,67467,192000,3999.438,120.0,8,13,2,0.00000,0.00000,0.00000,0.00000,0.00000
49.648,0,49630.000,78244,192000,3999.917,120.0,8,13,2,0.00000,0.00000,0.00000,0.00000,0.00000
49.648,1,49754.000,84199,192000,3999.854,120.0,8,13,2,0.00000,0.00000,0.00000,0.00000,0.00000
49.648,2,49506.000,72288,192000,0.000,120.0,8,13,2,0.00000,0.00000,0.00000,0.00000,0.00000
49.750,0,49732.000,83149,192000,3999.729,120.0,8,13,2,0.00000,0.00000,0.00000,0.00000,0.00000
49.750,1,49856.000,89116,192000,3999.417,120.0,8,13,2,0.00000,0.00000,0.00000,0.00000,0.00000
49.750,2,49607.000,77180,192000,3999.083,120.0,8,13,2,0.00000,0.00000,0.00000,0.00000,0.00000
49.851,0,49833.000,88021,192000,3999.229,120.0,8,13,2,0.00000,0.00000,0.00000,0.00000,0.00000
49.851,1,49958.000,94001,192000,3999.646,120.0,8,13,2,0.00000,0.00000,0.00000,0.00000,0.00000
49.851,2,49709.000,82041,192000,3999.812,120.0,8,13,2,0.00000,0.00000,0.00000,0.00000,0.00000
49.954,0,49935.000,92924,192000,3999.083,120.0,8,13,2,0.00000,0.00000,0.00000,0.00000,0.00000
49.954,1,50060.000,98916,192000,3999.250,120.0,8,13,2,0.00000,0.00000,0.00000,0.00000,0.00000
49.954,2,49811.000,86931,192000,3999.938,120.0,8,13,2,0.00000,0.00000,0.00000,0.00000,0.00000
50.055,0,50037.000,97805,192000,3999.396,120.0,8,13,2,0.00000,0.00000,0.00000,0.00000,0.00000
50.055,1,50162.000,103809,192000,3999.312,120.0,8,13,2,0.00000,0.00000,0.00000,0.00000,0.00000
50.055,2,49912.000,91800,192000,3999.500,120.0,8,13,2,0.00000,0.00000,0.00000,0.00000,0.00000
50.157,0,50139.000,102675,192000,3999.938,120.0,8,13,2,0.00000,0.00000,0.00000,0.00000,0.00000
50.157,1,50264.000,108691,192000,3999.604,120.0,8,13,2,0.00000,0.00000,0.00000,0.00000,0.00000
50.157,2,50013.000,96658,192000,3999.292,120.0,8,13,2,0.00000,0.00000,0.00000,0.00000,0.00000
50.258,0,50240.000,107527,192000,3999.854,120.0,8,13,2,0.00000,0.00000,0.00000,0.00000,0.00000
50.258,1,50365.000,113556,192000,3999.250,120.0,8,13,2,0.00000,0.00000,0.00000,0.00000,0.00000
50.258,2,50114.000,101498,192000,3999.458,120.0,8,13,2,0.00000,0.00000,0.00000,0.00000,0.00000
50.360,0,50342.000,112428,192000,3999.750,120.0,8,13,2,0.00000,0.00000,0.00000,0.00000,0.00000
50.360,1,50468.000,118469,192000,3999.896,120.0,8,13,2,0.00000,0.00000,0.00000,0.00000,0.00000
50.360,2,50216.000,106387,192000,3999.604,120.0,8,13,2,0.00000,0.00000,0.00000,0.00000,0.00000
50.462,0,50444.000,117342,192000,3999.375,120.0,8,13,2,0.00000,0.00000,0.00000,0.00000,0.00000
50.462,1,50570.000,123394,192000,3999.292,120.0,8,13,2,0.00000,0.00000,0.00000,0.00000,0.00000
50.462,2,50318.000,111288,192000,3999.500,120.0,8,13,2,0.00000,0.00000,0.00000,0.00000,0.00000
50.563,0,50545.000,122179,192000,3999.604,120.0,8,13,2,0.00000,0.00000,0.00000,0.00000,0.00000
50.563,1,50671.000,128244,192000,3999.250,120.0,8,13,2,0.00000,0.00000,0.00000,0.00000,0.00000
50.563,2,50419.000,116114,192000,3999.958,120.0,8,13,2,0.00000,0.00000,0.00000,0.00000,0.00000
50.665,0,50646.000,127054,192000,3999.042,120.0,8,13,2,0.00000,0.00000,0.00000,0.00000,0.00000
50.665,1,50773.000,133131,192000,3999.438,120.0,8,13,2,0.00000,0.00000,0.00000,0.00000,0.00000
50.665,2,50520.000,120976,192000,3999.667,120.0,8,13,2,0.00000,0.00000,0.00000,0.00000,0.00000
50.765,0,50747.000,131892,192000,3999.250,120.0,8,13,2,0.00000,0.00000,0.00000,0.00000,0.00000
50.765,1,50874.000,137981,192000,3999.396,120.0,8,13,2,0.00000,0.00000,0.00000,0.00000,0.00000
50.765,2,50620.000,125802,192000,3999.125,120.0,8,13,2,0.00000,0.00000,0.00000,0.00000,0.00000
50.867,0,50849.000,136777,192000,3999.479,120.0,8,13,2,0.00000,0.00000,0.00000,0.00000,0.00000
50.867,1,50976.000,142878,192000,3999.375,120.0,8,13,2,0.00000,0.00000,0.00000,0.00000,0.00000
50.867,2,50722.000,130675,192000,3999.604,120.0,8,13,2,0.00000,0.00000,0.00000,0.00000,0.00000
50.967,0,50949.000,141584,192000,3999.333,120.0,8,13,2,0.00000,0.00000,0.00000,0.00000,0.00000
50.967,1,51077.000,147698,192000,3999.958,120.0,8,13,2,0.00000,0.00000,0.00000,0.00000,0.00000
50.967,2,50822.000,135470,192000,3999.708,120.0,8,13,2,0.00000,0.00000,0.00000,0.00000,0.00000
51.069,0,51051.000,146468,192000,3999.583,120.0,8,13,2,0.00000,0.00000,0.00000,0.00000,0.00000
51.069,1,51179.000,152594,192000,3999.958,120.0,8,13,2,0.00000,0.00000,0.00000,0.00000,0.00000
51.069,2,50923.000,140342,192000,3999.208,120.0,8,13,2,0.00000,0.00000,0.00000,0.00000,0.00000
51.170,0,51152.000,151335,192000,3999.188,120.0,8,13,2,0.00000,0.00000,0.00000,0.00000,0.00000
51.170,1,51280.000,157473,192000,3999.312,120.0,8,13,2,0.00000,0.00000,0.00000,0.00000,0.00000
51.170,2,51024.000,145196,192000,3999.083,120.0,8,13,2,0.00000,0.00000,0.00000,0.00000,0.00000
51.272,0,51254.000,156198,192000,3999.875,120.0,8,13,2,0.00000,0.00000,0.00000,0.00000,0.00000
51.272,1,51382.000,162348,192000,3999.750,120.0,8,13,2,0.00000,0.00000,0.00000,0.00000,0.00000
51.272,2,51125.000,150047,192000,3999.021,120.0,8,13,2,0.00000,0.00000,0.00000,0.00000,0.00000
51.373,0,51354.000,161038,192000,3999.042,120.0,8,13,2,0.00000,0.00000,0.00000,0.00000,0.00000
51.373,1,51483.000,167200,192000,3999.667,120.0,8,13,2,0.00000,0.00000,0.00000,0.00000,0.00000
51.373,2,51226.000,154875,192000,3999.438,120.0,8,13,2,0.00000,0.00000,0.00000,0.00000,0.00000
51.475,0,51457.000,165943,192000,3999.854,120.0,8,13,2,0.00000,0.00000,0.00000,0.00000,0.00000
51.475,1,51585.000,172118,192000,3999.208,120.0,8,13,2,0.00000,0.00000,0.00000,0.00000,0.00000
51.475,2,51328.000,159768,192000,3999.500,120.0,8,13,2,0.00000,0.00000,0.00000,0.00000,0.00000
51.576,0,51558.000,170793,192000,3999.812,120.0,8,13,2,0.00000,0.00000,0.00000,0.00000,0.00000
51.576,1,51687.000,176980,192000,3999.917,120.0,8,13,2,0.00000,0.00000,0.00000,0.00000,0.00000
51.576,2,51429.000,164606,192000,3999.708,120.0,8,13,2,0.00000,0.00000,0.00000,0.00000,0.00000
51.677,0,51659.000,175638,192000,3999.875,120.0,8,13,2,0.00000,0.00000,0.00000,0.00000,0.00000
51.677,1,51788.000,181836,192000,3999.750,120.0,8,13,2,0.00000,0.00000,0.00000,0.00000,0.00000
51.677,2,51529.000,169438,192000,3999.042,120.0,8,13,2,0.00000,0.00000,0.00000,0.00000,0.00000
51.777,0,51759.000,180472,192000,3999.167,120.0,8,13,2,0.00000,0.00000,0.00000,0.00000,0.00000
51.777,1,51889.000,186683,192000,3999.771,120.0,8,13,2,0.00000,0.00000,0.00000,0.00000,0.00000
51.777,2,51630.000,174261,192000,3999.562,120.0,8,13,2,0.00000,0.00000,0.00000,0.00000,0.00000
51.879,0,51861.000,185332,192000,3999.917,120.0,8,13,2,0.00000,0.00000,0.00000,0.00000,0.00000
51.879,1,51990.000,191555,192000,3999.271,120.0,8,13,2,0.00000,0.00000,0.00000,0.00000,0.00000
51.879,2,51731.000,179109,192000,3999.562,120.0,8,13,2,0.00000,0.00000,0.00000,0.00000,0.00000
51.981,0,51963.000,190247,192000,3999.521,120.0,8,13,2,0.00000,0.00000,0.00000,0.00000,0.00000
51.981,1,52093.000,4482,192000,3999.625,120.0,8,14,2,0.00000,0.00000,0.00000,0.00000,0.00000
51.981,2,51833.000,184011,192000,3999.438,120.0,8,13,2,0.00000,0.00000,0.00000,0.00000,0.00000
52.082,0,52064.000,3113,192000,3999.146,120.0,8,14,2,0.10539,0.00000,0.10539,0.00000,0.00000
52.082,1,52195.000,9360,192000,0.000,120.0,8,14,2,0.00000,0.00000,0.00000,0.00000,0.00000
52.082,2,51934.000,188865,192000,3999.312,120.0,8,13,2,0.00000,0.00000,0.00000,0.00000,0.00000
52.184,0,52166.000,7990,192000,3999.542,120.0,8,14,2,0.06907,0.00000,0.06907,0.00000,0.00000
52.184,1,52296.000,14249,192000,3999.146,120.0,8,14,2,0.00000,0.00000,0.00000,0.00000,0.00000
52.184,2,52036.000,1729,192000,3999.979,120.0,8,14,2,0.11884,0.00000,0.11884,0.00000,0.00000
52.285,0,52267.000,12840,192000,3999.500,120.0,8,14,2,0.04537,0.00000,0.04537,0.00000,0.00000
52.285,1,52398.000,19112,192000,3999.833,120.0,8,14,2,0.00000,0.00000,0.00000,0.00000,0.00000
52.285,2,52136.000,6568,192000,3999.167,120.0,8,14,2,0.07814,0.00000,0.07814,0.00000,0.00000
52.385,0,52367.000,17656,192000,3999.167,120.0,8,14,2,0.02989,0.00000,0.02989,0.00000,0.00000
52.385,1,52498.000,23939,192000,3999.271,120.0,8,14,2,0.00000,0.00000,0.00000,0.00000,0.00000
52.385,2,52236.000,11371,192000,3999.104,120.0,8,14,2,0.05154,0.00000,0.05154,0.00000,0.00000
52.487,0,52469.000,22545,192000,3999.312,120.0,8,14,2,0.01957,0.00000,0.01957,0.00000,0.00000
52.487,1,52600.000,28841,192000,3999.146,120.0,8,14,2,0.00000,0.00000,0.00000,0.00000,0.00000
52.487,2,52338.000,16248,192000,3999.500,120.0,8,14,2,0.03378,0.00000,0.03378,0.00000,0.00000
52.589,0,52571.000,27414,192000,3999.875,120.0,8,14,2,0.01283,0.00000,0.01283,0.00000,0.00000
52.589,1,52702.000,33722,192000,3999.458,120.0,8,14,2,0.00000,0.00000,0.00000,0.00000,0.00000
52.589,2,52439.000,21105,192000,3999.312,120.0,8,14,2,0.02217,0.00000,0.02217,0.00000,0.00000
52.690,0,52672.000,32283,192000,3999.438,120.0,8,14,2,0.00842,0.00000,0.00842,0.00000,0.00000
52.690,1,52804.000,38603,192000,3999.771,120.0,8,14,2,0.00000,0.00000,0.00000,0.00000,0.00000
52.690,2,52540.000,25962,192000,3999.125,120.0,8,14,2,0.01456,0.00000,0.01456,0.00000,0.00000
52.792,0,52774.000,37168,192000,3999.667,120.0,8,14,2,0.00551,0.00000,0.00551,0.00000,0.00000
52.792,1,52906.000,43501,192000,3999.729,120.0,8,14,2,0.00000,0.00000,0.00000,0.00000,0.00000
52.792,2,52642.000,30835,192000,3999.604,120.0,8,14,2,0.00954,0.00000,0.00954,0.00000,0.00000
52.893,0,52875.000,42041,192000,3999.146,120.0,8,14,2,0.00361,0.00000,0.00361,0.00000,0.00000
52.893,1,53008.000,48386,192000,3999.958,120.0,8,14,2,0.00000,0.00000,0.00000,0.00000,0.00000
52.893,2,52743.000,35696,192000,3999.333,120.0,8,14,2,0.00626,0.00000,0.00626,0.00000,0.00000
52.996,0,52978.000,46953,192000,3999.812,120.0,8,14,2,0.00236,0.00000,0.00236,0.00000,0.00000
52.996,1,53110.000,53309,192000,3999.396,120.0,8,14,2,0.00000,0.00000,0.00000,0.00000,0.00000
52.996,2,52845.000,40595,192000,3999.271,120.0,8,14,2,0.00410,0.00000,0.00410,0.00000,0.00000
53.096,0,53078.000,51756,192000,3999.750,120.0,8,14,2,0.00156,0.00000,0.00156,0.00000,0.00000
53.096,1,53210.000,58124,192000,3999.083,120.0,8,14,2,0.00000,0.00000,0.00000,0.00000,0.00000
53.096,2,52945.000,45386,192000,3999.458,120.0,8,14,2,0.00271,0.00000,0.00271,0.00000,0.00000
53.197,0,53179.000,56620,192000,3999.417,120.0,8,14,2,0.00102,0.00000,0.00102,0.00000,0.00000
53.197,1,53312.000,63001,192000,3999.479,120.0,8,14,2,0.00000,0.00000,0.00000,0.00000,0.00000
53.197,2,53046.000,50238,192000,3999.375,120.0,8,14,2,0.00178,0.00000,0.00178,0.00000,0.00000
53.298,0,53279.000,61438,192000,3999.042,120.0,8,14,2,0.00067,0.00000,0.00067,0.00000,0.00000
53.298,1,53413.000,67831,192000,3999.854,120.0,8,14,2,0.00000,0.00000,0.00000,0.00000,0.00000
53.298,2,53146.000,55044,192000,3999.250,120.0,8,14,2,0.00117,0.00000,0.00117,0.00000,0.00000
53.400,0,53382.000,66351,192000,3999.688,120.0,8,14,2,0.00044,0.00000,0.00044,0.00000,0.00000
53.400,1,53515.000,72757,192000,3999.229,120.0,8,14,2,0.00000,0.00000,0.00000,0.00000,0.00000
53.400,2,53248.000,59945,192000,3999.146,120.0,8,14,2,0.00077,0.00000,0.00077,0.00000,0.00000
53.502,0,53484.000,71253,192000,3999.562,120.0,8,14,2,0.00029,0.00000,0.00029,0.00000,0.00000
53.502,1,53618.000,77670,192000,3999.875,120.0,8,14,2,0.00000,0.00000,0.00000,0.00000,0.00000
53.502,2,53350.000,64834,192000,3999.292,120.0,8,14,2,0.00050,0.00000,0.00050,0.00000,0.00000
53.603,0,53585.000,76088,192000,3999.833,120.0,8,14,2,0.00019,0.00000,0.00019,0.00000,0.00000
53.603,1,53719.000,82517,192000,3999.896,120.0,8,14,2,0.00000,0.00000,0.00000,0.00000,0.00000
53.603,2,53451.000,69657,192000,3999.812,120.0,8,14,2,0.00033,0.00000,0.00033,0.00000,0.00000
53.704,0,53685.000,80923,192000,3999.104,120.0,8,14,2,0.00012,0.00000,0.00012,0.00000,0.00000
53.704,1,53820.000,87365,192000,3999.896,120.0,8,14,2,0.00000,0.00000,0.00000,0.00000,0.00000
53.704,2,53551.000,74481,192000,3999.312,120.0,8,14,2,0.00022,0.00000,0.00022,0.00000,0.00000
53.806,0,53788.000,85861,192000,3999.229,120.0,8,14,2,0.00008,0.00000,0.00008,0.00000,0.00000
53.806,1,53923.000,92316,192000,3999.750,120.0,8,14,2,0.00000,0.00000,0.00000,0.00000,0.00000
53.806,2,53654.000,79406,192000,3999.708,120.0,8,14,2,0.00014,0.00000,0.00014,0.00000,0.00000
53.908,0,53890.000,90757,192000,3999.229,120.0,8,14,2,0.00005,0.00000,0.00005,0.00000,0.00000
53.908,1,54025.000,97223,192000,3999.521,120.0,8,14,2,0.00000,0.00000,0.00000,0.00000,0.00000
53.908,2,53756.000,84290,192000,3999.958,120.0,8,14,2,0.00009,0.00000,0.00009,0.00000,0.00000
54.009,0,53990.000,95565,192000,3999.062,120.0,8,14,2,0.00003,0.00000,0.00003,0.00000,0.00000
54.009,1,54125.000,102043,192000,3999.104,120.0,8,14,2,0.00000,0.00000,0.00000,0.00000,0.00000
54.009,2,53855.000,89085,192000,3999.062,120.0,8,14,2,0.00006,0.00000,0.00006,0.00000,0.00000
54.110,0,54092.000,100447,192000,3999.354,120.0,8,14,2,0.00002,0.00000,0.00002,0.00000,0.00000
54.110,1,54227.000,106937,192000,3999.146,120.0,8,14,2,0.00000,0.00000,0.00000,0.00000,0.00000
54.110,2,53957.000,93955,192000,3999.604,120.0,8,14,2,0.00004,0.00000,0.00004,0.00000,0.00000
54.211,0,54193.000,105273,192000,3999.812,120.0,8,14,2,0.00002,0.00000,0.00002,0.00000,0.00000
54.211,1,54328.000,111775,192000,3999.354,120.0,8,14,2,0.00000,0.00000,0.00000,0.00000,0.00000
54.211,2,54057.000,98769,192000,3999.312,120.0,8,14,2,0.00003,0.00000,0.00003,0.00000,0.00000
54.314,0,54296.000,110213,192000,3999.896,120.0,8,14,2,0.00001,0.00000,0.00001,0.00000,0.00000
54.314,1,54431.000,116728,192000,3999.167,120.0,8,14,2,0.00000,0.00000,0.00000,0.00000,0.00000
54.314,2,54160.000,103697,192000,3999.646,120.0,8,14,2,0.00002,0.00000,0.00002,0.00000,0.00000
54.414,0,54396.000,115039,192000,3999.354,120.0,8,14,2,0.00001,0.00000,0.00001,0.00000,0.00000
54.414,1,54532.000,121566,192000,3999.375,120.0,8,14,2,0.00000,0.00000,0.00000,0.00000,0.00000
54.414,2,54260.000,108511,192000,3999.354,120.0,8,14,2,0.00001,0.00000,0.00001,0.00000,0.00000
54.516,0,54498.000,119933,192000,3999.396,120.0,8,14,2,0.00000,0.00000,0.00000,0.00000,0.00000
54.516,1,54634.000,126472,192000,3999.167,120.0,8,14,2,0.00000,0.00000,0.00000,0.00000,0.00000
54.516,2,54362.000,113393,192000,3999.646,120.0,8,14,2,0.00001,0.00000,0.00001,0.00000,0.00000
54.617,0,54599.000,124771,192000,3999.604,120.0,8,14,2,0.00000,0.00000,0.00000,0.00000,0.00000
54.617,1,54735.000,131322,192000,3999.125,120.0,8,14,2,0.00000,0.00000,0.00000,0.00000,0.00000
54.617,2,54462.000,118218,192000,3999.125,120.0,8,14,2,0.00000,0.00000,0.00000,0.00000,0.00000
54.720,0,54702.000,129709,192000,3999.729,120.0,8,14,2,0.00000,0.00000,0.00000,0.00000,0.00000
54.720,1,54839.000,136272,192000,0.000,120.0,8,14,2,0.00000,0.00000,0.00000,0.00000,0.00000
54.720,2,54565.000,123144,192000,3999.500,120.0,8,14,2,0.00000,0.00000,0.00000,0.00000,0.00000
54.821,0,54803.000,134550,192000,3999.875,120.0,8,14,2,0.00000,0.00000,0.00000,0.00000,0.00000
54.821,1,54940.000,141125,192000,3999.896,120.0,8,14,2,0.00000,0.00000,0.00000,0.00000,0.00000
54.821,2,54666.000,127973,192000,3999.896,120.0,8,14,2,0.00000,0.00000,0.00000,0.00000,0.00000
54.923,0,54905.000,139468,192000,3999.417,120.0,8,14,2,0.00000,0.00000,0.00000,0.00000,0.00000
54.923,1,55042.000,146056,192000,3999.167,120.0,8,14,2,0.00000,0.00000,0.00000,0.00000,0.00000
54.923,2,54768.000,132879,192000,3999.688,120.0,8,14,2,0.00000,0.00000,0.00000,0.00000,0.00000
55.026,0,55008.000,144416,192000,3999.333,120.0,8,14,2,0.00000,0.00000,0.00000,0.00000,0.00000
55.026,1,55146.000,151017,192000,3999.812,120.0,8,14,2,0.00000,0.00000,0.00000,0.00000,0.00000
55.026,2,54871.000,137815,192000,3999.854,120.0,8,14,2,0.00000,0.00000,0.00000,0.00000,0.00000
55.127,0,55108.000,149230,192000,3999.042,120.0,8,14,2,0.00000,0.00000,0.00000,0.00000,0.00000
55.127,1,55246.000,155843,192000,3999.271,120.0,8,14,2,0.00000,0.00000,0.00000,0.00000,0.00000
55.127,2,54971.000,142617,192000,3999.812,120.0,8,14,2,0.00000,0.00000,0.00000,0.00000,0.00000
55.228,0,55210.000,154119,192000,3999.188,120.0,8,14,2,0.00000,0.00000,0.00000,0.00000,0.00000
55.228,1,55348.000,160743,192000,3999.188,120.0,8,14,2,0.00000,0.00000,0.00000,0.00000,0.00000
55.228,2,55072.000,147493,192000,3999.229,120.0,8,14,2,0.00000,0.00000,0.00000,0.00000,0.00000
55.331,0,55313.000,159044,192000,3999.583,120.0,8,14,2,0.00000,0.00000,0.00000,0.00000,0.00000
55.331,1,55451.000,165681,192000,3999.312,120.0,8,14,2,0.00000,0.00000,0.00000,0.00000,0.00000
55.331,2,55175.000,152406,192000,3999.875,120.0,8,14,2,0.00000,0.00000,0.00000,0.00000,0.00000
55.433,0,55415.000,163959,192000,3999.188,120.0,8,14,2,0.00000,0.00000,0.00000,0.00000,0.00000
55.433,1,55554.000,170608,192000,3999.667,120.0,8,14,2,0.00000,0.00000,0.00000,0.00000,0.00000
55.433,2,55277.000,157309,192000,3999.729,120.0,8,14,2,0.00000,0.00000,0.00000,0.00000,0.00000
55.534,0,55516.000,168782,192000,3999.708,120.0,8,14,2,0.00000,0.00000,0.00000,0.00000,0.00000
55.534,1,55655.000,175443,192000,3999.938,120.0,8,14,2,0.00000,0.00000,0.00000,0.00000,0.00000
55.534,2,55377.000,162119,192000,3999.521,120.0,8,14,2,0.00000,0.00000,0.00000,0.00000,0.00000
55.635,0,55617.000,173651,192000,3999.271,120.0,8,14,2,0.00000,0.00000,0.00000,0.00000,0.00000
55.635,1,55756.000,180324,192000,3999.250,120.0,8,14,2,0.00000,0.00000,0.00000,0.00000,0.00000
55.635,2,55478.000,166976,192000,3999.333,120.0,8,14,2,0.00000,0.00000,0.00000,0.00000,0.00000
55.738,0,55720.000,178569,192000,3999.812,120.0,8,14,2,0.00000,0.00000,0.00000,0.00000,0.00000
55.738,1,55859.000,185255,192000,3999.521,120.0,8,14,2,0.00000,0.00000,0.00000,0.00000,0.00000
55.738,2,55580.000,171883,192000,3999.104,120.0,8,14,2,0.00000,0.00000,0.00000,0.00000,0.00000
55.840,0,55822.000,183474,192000,3999.625,120.0,8,14,2,0.00000,0.00000,0.00000,0.00000,0.00000
55.840,1,55961.000,190172,192000,3999.083,120.0,8,14,2,0.00000,0.00000,0.00000,0.00000,0.00000
55.840,2,55682.000,176774,192000,3999.208,120.0,8,14,2,0.00000,0.00000,0.00000,0.00000,0.00000
55.943,0,55925.000,188403,192000,3999.938,120.0,8,14,2,0.00000,0.00000,0.00000,0.00000,0.00000
55.943,1,56064.000,3114,192000,3999.125,120.0,8,15,2,0.10566,0.10566,0.10536,0.00000,0.00000
55.943,2,55785.000,181692,192000,3999.750,120.0,8,14,2,0.00000,0.00000,0.00000,0.00000,0.00000
56.043,0,56025.000,1211,192000,3999.771,120.0,8,15,2,0.12429,0.12429,0.00000,0.00000,0.00000
56.043,1,56165.000,7933,192000,3999.729,120.0,8,15,2,0.06960,0.06960,0.06940,0.00000,0.00000
56.043,2,55885.000,186487,192000,3999.854,120.0,8,14,2,0.00000,0.00000,0.00000,0.00000,0.00000
56.145,0,56127.000,6133,192000,3999.229,120.0,8,15,2,0.08114,0.08114,0.00000,0.00000,0.00000
56.145,1,56268.000,12868,192000,3999.917,120.0,8,15,2,0.04538,0.04538,0.04525,0.00000,0.00000
56.145,2,55987.000,191397,192000,3999.562,120.0,8,14,2,0.00000,0.00000,0.00000,0.00000,0.00000
56.246,0,56228.000,10959,192000,3999.688,120.0,8,15,2,0.05341,0.05341,0.00000,0.00000,0.00000
56.246,1,56368.000,17706,192000,3999.125,120.0,8,15,2,0.02984,0.02984,0.02976,0.00000,0.00000
56.246,2,56087.000,4211,192000,3999.271,120.0,8,15,2,0.09602,0.09602,0.00000,0.00000,0.00000
56.348,0,56329.000,15836,192000,3999.083,120.0,8,15,2,0.03500,0.03500,0.00000,0.00000,0.00000
56.348,1,56470.000,22595,192000,3999.271,120.0,8,15,2,0.01954,0.01954,0.01948,0.00000,0.00000
56.348,2,56189.000,9076,192000,3999.917,120.0,8,15,2,0.06300,0.06300,0.00000,0.00000,0.00000
56.449,0,56431.000,20701,192000,3999.729,120.0,8,15,2,0.02296,0.02296,0.00000,0.00000,0.00000
56.449,1,56572.000,27472,192000,3999.667,120.0,8,15,2,0.01280,0.01280,0.01277,0.00000,0.00000
56.449,2,56290.000,13929,192000,3999.812,120.0,8,15,2,0.04137,0.04137,0.00000,0.00000,0.00000
56.550,0,56532.000,25549,192000,3999.729,120.0,8,15,2,0.01509,0.01509,0.00000,0.00000,0.00000
56.550,1,56673.000,32333,192000,3999.396,120.0,8,15,2,0.00840,0.00840,0.00838,0.00000,0.00000
56.550,2,56390.000,18765,192000,3999.062,120.0,8,15,2,0.02721,0.02721,0.00000,0.00000,0.00000
56.651,0,56633.000,30420,192000,3999.250,120.0,8,15,2,0.00989,0.00989,0.00000,0.00000,0.00000
56.651,1,56775.000,37216,192000,3999.667,120.0,8,15,2,0.00550,0.00550,0.00549,0.00000,0.00000
56.651,2,56492.000,23624,192000,3999.833,120.0,8,15,2,0.01786,0.01786,0.00000,0.00000,0.00000
56.752,0,56734.000,35269,192000,3999.229,120.0,8,15,2,0.00650,0.00650,0.00000,0.00000,0.00000
56.752,1,56876.000,42076,192000,3999.417,120.0,8,15,2,0.00361,0.00361,0.00360,0.00000,0.00000
56.752,2,56592.000,28460,192000,3999.083,120.0,8,15,2,0.01175,0.01175,0.00000,0.00000,0.00000
56.853,0,56835.000,40121,192000,3999.146,120.0,8,15,2,0.00427,0.00427,0.00000,0.00000,0.00000
56.853,1,56977.000,46941,192000,3999.062,120.0,8,15,2,0.00237,0.00237,0.00236,0.00000,0.00000
56.853,2,56693.000,33300,192000,3999.250,120.0,8,15,2,0.00772,0.00772,0.00000,0.00000,0.00000
56.955,0,56937.000,44997,192000,3999.562,120.0,8,15,2,0.00280,0.00280,0.00000,0.00000,0.00000
56.955,1,57079.000,51829,192000,3999.229,120.0,8,15,2,0.00155,0.00155,0.00155,0.00000,0.00000
56.955,2,56795.000,38164,192000,3999.917,120.0,8,15,2,0.00507,0.00507,0.00000,0.00000,0.00000
57.055,0,57037.000,49816,192000,3999.167,120.0,8,15,2,0.00184,0.00184,0.00000,0.00000,0.00000
57.055,1,57180.000,56660,192000,3999.583,120.0,8,15,2,0.00102,0.00102,0.00102,0.00000,0.00000
57.055,2,56895.000,42971,192000,3999.771,120.0,8,15,2,0.00334,0.00334,0.00000,0.00000,0.00000
57.156,0,57138.000,54642,192000,3999.625,120.0,8,15,2,0.00121,0.00121,0.00000,0.00000,0.00000
57.156,1,57281.000,61498,192000,3999.792,120.0,8,15,2,0.00067,0.00067,0.00067,0.00000,0.00000
57.156,2,56995.000,47785,192000,3999.479,120.0,8,15,2,0.00220,0.00220,0.00000,0.00000,0.00000
57.258,0,57240.000,59530,192000,3999.792,120.0,8,15,2,0.00079,0.00079,0.00000,0.00000,0.00000
57.258,1,57383.000,66398,192000,3999.708,120.0,8,15,2,0.00044,0.00044,0.00044,0.00000,0.00000
57.258,2,57097.000,52661,192000,3999.896,120.0,8,15,2,0.00144,0.00144,0.00000,0.00000,0.00000
57.359,0,57341.000,64385,192000,3999.646,120.0,8,15,2,0.00052,0.00052,0.00000,0.00000,0.00000
57.359,1,57484.000,71266,192000,3999.292,120.0,8,15,2,0.00029,0.00029,0.00029,0.00000,0.00000
57.359,2,57198.000,57504,192000,0.000,120.0,8,15,2,0.00095,0.00095,0.00000,0.00000,0.00000
57.460,0,57442.000,69240,192000,3999.500,120.0,8,15,2,0.00034,0.00034,0.00000,0.00000,0.00000
57.460,1,57586.000,76133,192000,3999.896,120.0,8,15,2,0.00019,0.00019,0.00019,0.00000,0.00000
57.460,2,57298.000,62347,192000,3999.104,120.0,8,15,2,0.00062,0.00062,0.00000,0.00000,0.00000
57.560,0,57542.000,74045,192000,3999.396,120.0,8,15,2,0.00023,0.00023,0.00000,0.00000,0.00000
57.560,1,57686.000,80949,192000,3999.562,120.0,8,15,2,0.00012,0.00012,0.00012,0.00000,0.00000
57.560,2,57398.000,67139,192000,3999.271,120.0,8,15,2,0.00041,0.00041,0.00000,0.00000,0.00000
57.663,0,57645.000,78971,192000,3999.771,120.0,8,15,2,0.00015,0.00015,0.00000,0.00000,0.00000
57.663,1,57789.000,85888,192000,3999.667,120.0,8,15,2,0.00008,0.00008,0.00008,0.00000,0.00000
57.663,2,57501.000,72054,192000,3999.875,120.0,8,15,2,0.00027,0.00027,0.00000,0.00000,0.00000
57.764,0,57746.000,83816,192000,3999.833,120.0,8,15,2,0.00010,0.00010,0.00000,0.00000,0.00000
57.764,1,57890.000,90745,192000,3999.479,120.0,8,15,2,0.00005,0.00005,0.00005,0.00000,0.00000
57.764,2,57601.000,76886,192000,3999.208,120.0,8,15,2,0.00018,0.00018,0.00000,0.00000,0.00000
57.867,0,57849.000,88755,192000,3999.938,120.0,8,15,2,0.00006,0.00006,0.00000,0.00000,0.00000
57.867,1,57993.000,95696,192000,3999.333,120.0,8,15,2,0.00003,0.00003,0.00003,0.00000,0.00000
57.867,2,57704.000,81812,192000,3999.583,120.0,8,15,2,0.00012,0.00012,0.00000,0.00000,0.00000
57.967,0,57949.000,93572,192000,3999.583,120.0,8,15,2,0.00004,0.00004,0.00000,0.00000,0.00000
57.967,1,58094.000,100525,192000,3999.729,120.0,8,15,2,0.00002,0.00002,0.00002,0.00000,0.00000
57.967,2,57804.000,86617,192000,3999.479,120.0,8,15,2,0.00008,0.00008,0.00000,0.00000,0.00000
58.070,0,58052.000,98496,192000,0.000,120.0,8,15,2,0.00003,0.00003,0.00000,0.00000,0.00000
58.070,1,58197.000,105461,192000,3999.896,120.0,8,15,2,0.00001,0.00001,0.00001,0.00000,0.00000
58.070,2,57906.000,91529,192000,3999.146,120.0,8,15,2,0.00005,0.00005,0.00000,0.00000,0.00000
58.170,0,58152.000,103315,192000,3999.604,120.0,8,15,2,0.00002,0.00002,0.00000,0.00000,0.00000
58.170,1,58297.000,110293,192000,3999.229,120.0,8,15,2,0.00001,0.00001,0.00001,0.00000,0.00000
58.170,2,58007.000,96337,192000,3999.979,120.0,8,15,2,0.00003,0.00003,0.00000,0.00000,0.00000
58.273,0,58255.000,108256,192000,3999.667,120.0,8,15,2,0.00001,0.00001,0.00000,0.00000,0.00000
58.273,1,58400.000,115246,192000,3999.042,120.0,8,15,2,0.00001,0.00001,0.00001,0.00000,0.00000
58.273,2,58109.000,101265,192000,3999.312,120.0,8,15,2,0.00002,0.00002,0.00000,0.00000,0.00000
58.375,0,58357.000,113141,192000,3999.896,120.0,8,15,2,0.00001,0.00001,0.00000,0.00000,0.00000
58.375,1,58503.000,120144,192000,0.000,120.0,8,15,2,0.00000,0.00000,0.00000,0.00000,0.00000
58.375,2,58211.000,106138,192000,3999.792,120.0,8,15,2,0.00001,0.00001,0.00000,0.00000,0.00000
58.477,0,58459.000,118043,192000,3999.771,120.0,8,15,2,0.00000,0.00000,0.00000,0.00000,0.00000
58.477,1,58605.000,125057,192000,3999.646,120.0,8,15,2,0.00000,0.00000,0.00000,0.00000,0.00000
58.477,2,58313.000,111027,192000,3999.938,120.0,8,15,2,0.00001,0.00001,0.00000,0.00000,0.00000
58.577,0,58559.000,122861,192000,3999.396,120.0,8,15,2,0.00000,0.00000,0.00000,0.00000,0.00000
58.577,1,58706.000,129888,192000,0.000,120.0,8,15,2,0.00000,0.00000,0.00000,0.00000,0.00000
58.577,2,58413.000,115834,192000,3999.792,120.0,8,15,2,0.00001,0.00001,0.00000,0.00000,0.00000
58.678,0,58660.000,127711,192000,3999.354,120.0,8,15,2,0.00000,0.00000,0.00000,0.00000,0.00000
58.678,1,58807.000,134750,192000,3999.708,120.0,8,15,2,0.00000,0.00000,0.00000,0.00000,0.00000
58.678,2,58514.000,120672,192000,0.000,120.0,8,15,2,0.00000,0.00000,0.00000,0.00000,0.00000
58.778,0,58760.000,132517,192000,3999.229,120.0,8,15,2,0.00000,0.00000,0.00000,0.00000,0.00000
58.778,1,58907.000,139568,192000,3999.333,120.0,8,15,2,0.00000,0.00000,0.00000,0.00000,0.00000
58.778,2,58613.000,125465,192000,3999.146,120.0,8,15,2,0.00000,0.00000,0.00000,0.00000,0.00000
58.879,0,58861.000,137349,192000,3999.562,120.0,8,15,2,0.00000,0.00000,0.00000,0.00000,0.00000
58.879,1,59008.000,144412,192000,3999.417,120.0,8,15,2,0.00000,0.00000,0.00000,0.00000,0.00000
58.879,2,58714.000,130286,192000,3999.708,120.0,8,15,2,0.00000,0.00000,0.00000,0.00000,0.00000
58.981,0,58963.000,142231,192000,3999.854,120.0,8,15,2,0.00000,0.00000,0.00000,0.00000,0.00000
58.981,1,59110.000,149306,192000,3999.458,120.0,8,15,2,0.00000,0.00000,0.00000,0.00000,0.00000
58.981,2,58815.000,135155,192000,3999.271,120.0,8,15,2,0.00000,0.00000,0.00000,0.00000,0.00000
59.081,0,59063.000,147051,192000,3999.438,120.0,8,15,2,0.00000,0.00000,0.00000,0.00000,0.00000
59.081,1,59211.000,154138,192000,3999.792,120.0,8,15,2,0.00000,0.00000,0.00000,0.00000,0.00000
59.081,2,58915.000,139963,192000,3999.104,120.0,8,15,2,0.00000,0.00000,0.00000,0.00000,0.00000
59.184,0,59166.000,151981,192000,3999.729,120.0,8,15,2,0.00000,0.00000,0.00000,0.00000,0.00000
59.184,1,59314.000,159081,192000,3999.812,120.0,8,15,2,0.00000,0.00000,0.00000,0.00000,0.00000
59.184,2,59018.000,144881,192000,3999.646,120.0,8,15,2,0.00000,0.00000,0.00000,0.00000,0.00000
59.286,0,59268.000,156904,192000,3999.167,120.0,8,15,2,0.00000,0.00000,0.00000,0.00000,0.00000
59.286,1,59417.000,164016,192000,0.000,120.0,8,15,2,0.00000,0.00000,0.00000,0.00000,0.00000
59.286,2,59120.000,149792,192000,3999.333,120.0,8,15,2,0.00000,0.00000,0.00000,0.00000,0.00000
59.388,0,59370.000,161767,192000,3999.854,120.0,8,15,2,0.00000,0.00000,0.00000,0.00000,0.00000
59.388,1,59518.000,168891,192000,3999.438,120.0,8,15,2,0.00000,0.00000,0.00000,0.00000,0.00000
59.388,2,59221.000,154643,192000,3999.271,120.0,8,15,2,0.00000,0.00000,0.00000,0.00000,0.00000
59.489,0,59471.000,166636,192000,3999.417,120.0,8,15,2,0.00000,0.00000,0.00000,0.00000,0.00000
59.489,1,59620.000,173772,192000,3999.750,120.0,8,15,2,0.00000,0.00000,0.00000,0.00000,0.00000
59.489,2,59322.000,159499,192000,3999.104,120.0,8,15,2,0.00000,0.00000,0.00000,0.00000,0.00000
59.591,0,59573.000,171504,192000,0.000,120.0,8,15,2,0.00000,0.00000,0.00000,0.00000,0.00000
59.591,1,59721.000,178652,192000,3999.083,120.0,8,15,2,0.00000,0.00000,0.00000,0.00000,0.00000
59.591,2,59424.000,164355,192000,3999.938,120.0,8,15,2,0.00000,0.00000,0.00000,0.00000,0.00000
59.694,0,59676.000,176451,192000,3999.938,120.0,8,15,2,0.00000,0.00000,0.00000,0.00000,0.00000
59.694,1,59825.000,183612,192000,3999.750,120.0,8,15,2,0.00000,0.00000,0.00000,0.00000,0.00000
59.694,2,59526.000,169290,192000,3999.125,120.0,8,15,2,0.00000,0.00000,0.00000,0.00000,0.00000
59.794,0,59776.000,181255,192000,3999.854,120.0,8,15,2,0.00000,0.00000,0.00000,0.00000,0.00000
59.794,1,59925.000,188428,192000,3999.417,120.0,8,15,2,0.00000,0.00000,0.00000,0.00000,0.00000
59.794,2,59626.000,174081,192000,3999.312,120.0,8,15,2,0.00000,0.00000,0.00000,0.00000,0.00000
59.894,0,59876.000,186071,192000,3999.521,120.0,8,15,2,0.00000,0.00000,0.00000,0.00000,0.00000
59.894,1,60026.000,1256,192000,3999.833,120.0,8,16,2,0.00000,0.00000,0.00000,0.00000,0.00000
59.894,2,59726.000,178886,192000,3999.208,120.0,8,15,2,0.00000,0.00000,0.00000,0.00000,0.00000
59.996,0,59977.000,190943,192000,3999.021,120.0,8,15,2,0.00000,0.00000,0.00000,0.00000,0.00000
59.996,1,60127.000,6140,192000,3999.083,120.0,8,16,2,0.00000,0.00000,0.00000,0.00000,0.00000
59.996,2,59828.000,183745,192000,3999.979,120.0,8,15,2,0.00000,0.00000,0.00000,0.00000,0.00000
60.097,0,60079.000,3794,192000,3999.958,120.0,8,16,2,0.00000,0.00000,0.00000,0.00000,0.00000
60.097,1,60229.000,11003,192000,3999.771,120.0,8,16,2,0.00000,0.00000,0.00000,0.00000,0.00000
60.097,2,59928.000,188584,192000,3999.167,120.0,8,15,2,0.00000,0.00000,0.00000,0.00000,0.00000
60.198,0,60179.000,8635,192000,3999.104,120.0,8,16,2,0.00000,0.00000,0.00000,0.00000,0.00000
60.198,1,60330.000,15856,192000,3999.667,120.0,8,16,2,0.00000,0.00000,0.00000,0.00000,0.00000
60.198,2,60029.000,1413,192000,3999.562,120.0,8,16,2,0.00000,0.00000,0.00000,0.00000,0.00000
60.300,0,60282.000,13543,192000,3999.854,120.0,8,16,2,0.00000,0.00000,0.00000,0.00000,0.00000
60.300,1,60432.000,20776,192000,3999.167,120.0,8,16,2,0.00000,0.00000,0.00000,0.00000,0.00000
60.300,2,60131.000,6309,192000,3999.562,120.0,8,16,2,0.00000,0.00000,0.00000,0.00000,0.00000
60.403,0,60385.000,18483,192000,3999.938,120.0,8,16,2,0.00000,0.00000,0.00000,0.00000,0.00000
60.403,1,60536.000,25728,192000,0.000,120.0,8,16,2,0.00000,0.00000,0.00000,0.00000,0.00000
60.403,2,60234.000,11236,192000,3999.917,120.0,8,16,2,0.00000,0.00000,0.00000,0.00000,0.00000
60.505,0,60487.000,23394,192000,3999.625,120.0,8,16,2,0.00000,0.00000,0.00000,0.00000,0.00000
60.505,1,60638.000,30652,192000,3999.417,120.0,8,16,2,0.00000,0.00000,0.00000,0.00000,0.00000
60.505,2,60336.000,16135,192000,3999.854,120.0,8,16,2,0.00000,0.00000,0.00000,0.00000,0.00000
60.607,0,60589.000,28293,192000,3999.562,120.0,8,16,2,0.00000,0.00000,0.00000,0.00000,0.00000
60.607,1,60740.000,35563,192000,3999.104,120.0,8,16,2,0.00000,0.00000,0.00000,0.00000,0.00000
60.607,2,60437.000,21022,192000,3999.042,120.0,8,16,2,0.00000,0.00000,0.00000,0.00000,0.00000
60.710,0,60692.000,33234,192000,3999.625,120.0,8,16,2,0.00000,0.00000,0.00000,0.00000,0.00000
60.710,1,60844.000,40517,192000,3999.896,120.0,8,16,2,0.00000,0.00000,0.00000,0.00000,0.00000
60.710,2,60540.000,25951,192000,3999.354,120.0,8,16,2,0.00000,0.00000,0.00000,0.00000,0.00000
60.811,0,60793.000,38071,192000,3999.854,120.0,8,16,2,0.00000,0.00000,0.00000,0.00000,0.00000
60.811,1,60945.000,45365,192000,3999.896,120.0,8,16,2,0.00000,0.00000,0.00000,0.00000,0.00000
60.811,2,60641.000,30775,192000,3999.854,120.0,8,16,2,0.00000,0.00000,0.00000,0.00000,0.00000
60.912,0,60894.000,42919,192000,3999.854,120.0,8,16,2,0.00000,0.00000,0.00000,0.00000,0.00000
60.912,1,61046.000,50225,192000,3999.646,120.0,8,16,2,0.00000,0.00000,0.00000,0.00000,0.00000
60.912,2,60741.000,35611,192000,3999.104,120.0,8,16,2,0.00000,0.00000,0.00000,0.00000,0.00000
61.012,0,60994.000,47741,192000,3999.396,120.0,8,16,2,0.00000,0.00000,0.00000,0.00000,0.00000
61.012,1,61147.000,55060,192000,3999.917,120.0,8,16,2,0.00000,0.00000,0.00000,0.00000,0.00000
61.012,2,60842.000,40421,192000,3999.896,120.0,8,16,2,0.00000,0.00000,0.00000,0.00000,0.00000
61.113,0,61095.000,52577,192000,3999.646,120.0,8,16,2,0.00000,0.00000,0.00000,0.00000,0.00000
61.113,1,61248.000,59908,192000,3999.917,120.0,8,16,2,0.00000,0.00000,0.00000,0.00000,0.00000
61.113,2,60942.000,45245,192000,3999.396,120.0,8,16,2,0.00000,0.00000,0.00000,0.00000,0.00000
61.215,0,61197.000,57466,192000,3999.792,120.0,8,16,2,0.00000,0.00000,0.00000,0.00000,0.00000
61.215,1,61350.000,64809,192000,3999.812,120.0,8,16,2,0.00000,0.00000,0.00000,0.00000,0.00000
61.215,2,61044.000,50122,192000,3999.792,120.0,8,16,2,0.00000,0.00000,0.00000,0.00000,0.00000
61.316,0,61297.000,62301,192000,3999.062,120.0,8,16,2,0.00000,0.00000,0.00000,0.00000,0.00000
61.316,1,61451.000,69656,192000,3999.833,120.0,8,16,2,0.00000,0.00000,0.00000,0.00000,0.00000
61.316,2,61144.000,54945,192000,3999.312,120.0,8,16,2,0.00000,0.00000,0.00000,0.00000,0.00000
61.416,0,61398.000,67107,192000,3999.938,120.0,8,16,2,0.00000,0.00000,0.00000,0.00000,0.00000
61.416,1,61551.000,74474,192000,3999.458,120.0,8,16,2,0.00000,0.00000,0.00000,0.00000,0.00000
61.416,2,61244.000,59739,192000,3999.438,120.0,8,16,2,0.00000,0.00000,0.00000,0.00000,0.00000
61.516,0,61498.000,71934,192000,3999.375,120.0,8,16,2,0.00000,0.00000,0.00000,0.00000,0.00000
61.516,1,61652.000,79313,192000,3999.646,120.0,8,16,2,0.00000,0.00000,0.00000,0.00000,0.00000
61.516,2,61344.000,64554,192000,3999.125,120.0,8,16,2,0.00000,0.00000,0.00000,0.00000,0.00000
61.617,0,61599.000,76772,192000,3999.583,120.0,8,16,2,0.00000,0.00000,0.00000,0.00000,0.00000
61.617,1,61753.000,84163,192000,3999.604,120.0,8,16,2,0.00000,0.00000,0.00000,0.00000,0.00000
61.617,2,61445.000,69380,192000,3999.583,120.0,8,16,2,0.00000,0.00000,0.00000,0.00000,0.00000
61.718,0,61700.000,81601,192000,3999.979,120.0,8,16,2,0.00000,0.00000,0.00000,0.00000,0.00000
61.718,1,61854.000,89004,192000,3999.750,120.0,8,16,2,0.00000,0.00000,0.00000,0.00000,0.00000
61.718,2,61545.000,74196,192000,3999.250,120.0,8,16,2,0.00000,0.00000,0.00000,0.00000,0.00000
61.818,0,61800.000,86403,192000,3999.938,120.0,8,16,2,0.00000,0.00000,0.00000,0.00000,0.00000
61.818,1,61954.000,93818,192000,3999.458,120.0,8,16,2,0.00000,0.00000,0.00000,0.00000,0.00000
61.818,2,61645.000,78986,192000,3999.458,120.0,8,16,2,0.00000,0.00000,0.00000,0.00000,0.00000
61.919,0,61901.000,91277,192000,3999.396,120.0,8,16,2,0.00000,0.00000,0.00000,0.00000,0.00000
61.919,1,62056.000,98705,192000,3999.646,120.0,8,16,2,0.00000,0.00000,0.00000,0.00000,0.00000
61.919,2,61746.000,83849,192000,3999.146,120.0,8,16,2,0.00000,0.00000,0.00000,0.00000,0.00000
62.022,0,62003.000,96190,192000,3999.042,120.0,8,16,2,0.00000,0.00000,0.00000,0.00000,0.00000
62.022,1,62158.000,103630,192000,3999.042,120.0,8,16,2,0.00000,0.00000,0.00000,0.00000,0.00000
62.022,2,61848.000,88749,192000,3999.062,120.0,8,16,2,0.00000,0.00000,0.00000,0.00000,0.00000
62.123,0,62105.000,101046,192000,3999.875,120.0,8,16,2,0.00000,0.00000,0.00000,0.00000,0.00000
62.123,1,62260.000,108498,192000,3999.625,120.0,8,16,2,0.00000,0.00000,0.00000,0.00000,0.00000
62.123,2,61949.000,93593,192000,3999.146,120.0,8,16,2,0.00000,0.00000,0.00000,0.00000,0.00000
62.225,0,62207.000,105943,192000,3999.854,120.0,8,16,2,0.00000,0.00000,0.00000,0.00000,0.00000
62.225,1,62362.000,113408,192000,3999.333,120.0,8,16,2,0.00000,0.00000,0.00000,0.00000,0.00000
62.225,2,62051.000,98478,192000,3999.375,120.0,8,16,2,0.00000,0.00000,0.00000,0.00000,0.00000
62.327,0,62309.000,110857,192000,3999.479,120.0,8,16,2,0.00000,0.00000,0.00000,0.00000,0.00000
62.327,1,62465.000,118334,192000,3999.708,120.0,8,16,2,0.00000,0.00000,0.00000,0.00000,0.00000
62.327,2,62153.000,103380,192000,3999.250,120.0,8,16,2,0.00000,0.00000,0.00000,0.00000,0.00000
62.427,0,62409.000,115670,192000,3999.208,120.0,8,16,2,0.00000,0.00000,0.00000,0.00000,0.00000
62.427,1,62565.000,123159,192000,3999.188,120.0,8,16,2,0.00000,0.00000,0.00000,0.00000,0.00000
62.427,2,62253.000,108181,192000,3999.229,120.0,8,16,2,0.00000,0.00000,0.00000,0.00000,0.00000
62.530,0,62512.000,120604,192000,3999.417,120.0,8,16,2,0.00000,0.00000,0.00000,0.00000,0.00000
62.530,1,62668.000,128105,192000,3999.146,120.0,8,16,2,0.00000,0.00000,0.00000,0.00000,0.00000
62.530,2,62356.000,113102,192000,3999.708,120.0,8,16,2,0.00000,0.00000,0.00000,0.00000,0.00000
62.631,0,62612.000,125421,192000,3999.062,120.0,8,16,2,0.00000,0.00000,0.00000,0.00000,0.00000
62.631,1,62769.000,132934,192000,3999.542,120.0,8,16,2,0.00000,0.00000,0.00000,0.00000,0.00000
62.631,2,62456.000,117907,192000,3999.604,120.0,8,16,2,0.00000,0.00000,0.00000,0.00000,0.00000
62.731,0,62712.000,130222,192000,3999.042,120.0,8,16,2,0.00000,0.00000,0.00000,0.00000,0.00000
62.731,1,62869.000,137747,192000,3999.271,120.0,8,16,2,0.00000,0.00000,0.00000,0.00000,0.00000
62.731,2,62556.000,122696,192000,3999.833,120.0,8,16,2,0.00000,0.00000,0.00000,0.00000,0.00000
62.833,0,62815.000,135161,192000,3999.146,120.0,8,16,2,0.00000,0.00000,0.00000,0.00000,0.00000
62.833,1,62972.000,142698,192000,3999.125,120.0,8,16,2,0.00000,0.00000,0.00000,0.00000,0.00000
62.833,2,62658.000,127623,192000,3999.188,120.0,8,16,2,0.00000,0.00000,0.00000,0.00000,0.00000
62.935,0,62917.000,140028,192000,3999.750,120.0,8,16,2,0.00000,0.00000,0.00000,0.00000,0.00000
62.935,1,63074.000,147578,192000,3999.458,120.0,8,16,2,0.00000,0.00000,0.00000,0.00000,0.00000
62.935,2,62759.000,132478,192000,3999.042,120.0,8,16,2,0.00000,0.00000,0.00000,0.00000,0.00000
63.036,0,63018.000,144871,192000,3999.854,120.0,8,16,2,0.00000,0.00000,0.00000,0.00000,0.00000
63.036,1,63175.000,152433,192000,3999.312,120.0,8,16,2,0.00000,0.00000,0.00000,0.00000,0.00000
63.036,2,62860.000,137309,192000,3999.396,120.0,8,16,2,0.00000,0.00000,0.00000,0.00000,0.00000
63.137,0,63119.000,149733,192000,3999.562,120.0,8,16,2,0.00000,0.00000,0.00000,0.00000,0.00000
63.137,1,63277.000,157307,192000,3999.771,120.0,8,16,2,0.00000,0.00000,0.00000,0.00000,0.00000
63.137,2,62961.000,142159,192000,3999.354,120.0,8,16,2,0.00000,0.00000,0.00000,0.00000,0.00000
63.237,0,63219.000,154553,192000,3999.146,120.0,8,16,2,0.00000,0.00000,0.00000,0.00000,0.00000
63.237,1,63377.000,162139,192000,3999.104,120.0,8,16,2,0.00000,0.00000,0.00000,0.00000,0.00000
63.237,2,63061.000,146966,192000,3999.208,120.0,8,16,2,0.00000,0.00000,0.00000,0.00000,0.00000
63.338,0,63320.000,159379,192000,3999.604,120.0,8,16,2,0.00000,0.00000,0.00000,0.00000,0.00000
63.338,1,63478.000,166976,192000,3999.333,120.0,8,16,2,0.00000,0.00000,0.00000,0.00000,0.00000
63.338,2,63162.000,151780,192000,3999.917,120.0,8,16,2,0.00000,0.00000,0.00000,0.00000,0.00000
63.440,0,63422.000,164262,192000,3999.875,120.0,8,16,2,0.00000,0.00000,0.00000,0.00000,0.00000
63.440,1,63580.000,171872,192000,3999.333,120.0,8,16,2,0.00000,0.00000,0.00000,0.00000,0.00000
63.440,2,63263.000,156651,192000,3999.438,120.0,8,16,2,0.00000,0.00000,0.00000,0.00000,0.00000
63.541,0,63523.000,169126,192000,3999.542,120.0,8,16,2,0.00000,0.00000,0.00000,0.00000,0.00000
63.541,1,63682.000,176748,192000,3999.750,120.0,8,16,2,0.00000,0.00000,0.00000,0.00000,0.00000
63.541,2,63364.000,161503,192000,3999.354,120.0,8,16,2,0.00000,0.00000,0.00000,0.00000,0.00000
63.642,0,63624.000,173992,192000,3999.167,120.0,8,16,2,0.00000,0.00000,0.00000,0.00000,0.00000
63.642,1,63783.000,181627,192000,3999.104,120.0,8,16,2,0.00000,0.00000,0.00000,0.00000,0.00000
63.642,2,63465.000,166357,192000,3999.229,120.0,8,16,2,0.00000,0.00000,0.00000,0.00000,0.00000
63.744,0,63726.000,178850,192000,3999.958,120.0,8,16,2,0.00000,0.00000,0.00000,0.00000,0.00000
63.744,1,63885.000,186496,192000,3999.667,120.0,8,16,2,0.00000,0.00000,0.00000,0.00000,0.00000
63.744,2,63566.000,171202,192000,3999.292,120.0,8,16,2,0.00000,0.00000,0.00000,0.00000,0.00000
63.845,0,63827.000,183718,192000,3999.542,120.0,8,16,2,0.00000,0.00000,0.00000,0.00000,0.00000
63.845,1,63987.000,191376,192000,0.000,120.0,8,16,2,0.00000,0.00000,0.00000,0.00000,0.00000
63.845,2,63667.000,176058,192000,3999.125,120.0,8,16,2,0.00000,0.00000,0.00000,0.00000,0.00000
63.946,0,63928.000,188572,192000,3999.417,120.0,8,16,2,0.00000,0.00000,0.00000,0.00000,0.00000
63.946,1,64088.000,4243,192000,3999.604,120.0,8,17,2,0.00000,0.00000,0.00000,0.00000,0.00000
63.946,2,63768.000,180901,192000,3999.229,120.0,8,16,2,0.00000,0.00000,0.00000,0.00000,0.00000
64.048,0,64030.000,1477,192000,3999.229,120.0,8,17,2,0.12152,0.00000,0.12152,0.00000,0.00000
64.048,1,64190.000,9160,192000,3999.167,120.0,8,17,2,0.00000,0.00000,0.00000,0.00000,0.00000
64.048,2,63870.000,185793,192000,3999.312,120.0,8,16,2,0.00000,0.00000,0.00000,0.00000,0.00000
64.151,0,64132.000,6381,192000,3999.062,120.0,8,17,2,0.07946,0.00000,0.07946,0.00000,0.00000
64.151,1,64293.000,14077,192000,3999.729,120.0,8,17,2,0.00000,0.00000,0.00000,0.00000,0.00000
64.151,2,63972.000,190685,192000,3999.396,120.0,8,16,2,0.00000,0.00000,0.00000,0.00000,0.00000
64.252,0,64234.000,11248,192000,3999.667,120.0,8,17,2,0.05212,0.00000,0.05212,0.00000,0.00000
64.252,1,64394.000,18956,192000,3999.083,120.0,8,17,2,0.00000,0.00000,0.00000,0.00000,0.00000
64.252,2,64073.000,3540,192000,3999.250,120.0,8,17,2,0.10140,0.00000,0.10140,0.00000,0.00000
64.354,0,64336.000,16154,192000,3999.458,120.0,8,17,2,0.03407,0.00000,0.03407,0.00000,0.00000
64.354,1,64497.000,23873,192000,3999.646,120.0,8,17,2,0.00000,0.00000,0.00000,0.00000,0.00000
64.354,2,64175.000,8433,192000,3999.312,120.0,8,17,2,0.06636,0.00000,0.06636,0.00000,0.00000
64.456,0,64437.000,21020,192000,3999.083,120.0,8,17,2,0.02235,0.00000,0.02235,0.00000,0.00000
64.456,1,64599.000,28752,192000,0.000,120.0,8,17,2,0.00000,0.00000,0.00000,0.00000,0.00000
64.456,2,64276.000,13287,192000,3999.188,120.0,8,17,2,0.04358,0.00000,0.04358,0.00000,0.00000
64.557,0,64538.000,25866,192000,3999.125,120.0,8,17,2,0.01469,0.00000,0.01469,0.00000,0.00000
64.557,1,64700.000,33610,192000,3999.792,120.0,8,17,2,0.00000,0.00000,0.00000,0.00000,0.00000
64.557,2,64377.000,18120,192000,3999.500,120.0,8,17,2,0.02867,0.00000,0.02867,0.00000,0.00000
64.657,0,64639.000,30672,192000,0.000,120.0,8,17,2,0.00968,0.00000,0.00968,0.00000,0.00000
64.657,1,64800.000,38428,192000,3999.417,120.0,8,17,2,0.00000,0.00000,0.00000,0.00000,0.00000
64.657,2,64477.000,22915,192000,3999.604,120.0,8,17,2,0.01892,0.00000,0.01892,0.00000,0.00000
64.757,0,64739.000,35488,192000,3999.667,120.0,8,17,2,0.00638,0.00000,0.00638,0.00000,0.00000
64.757,1,64901.000,43256,192000,3999.833,120.0,8,17,2,0.00000,0.00000,0.00000,0.00000,0.00000
64.757,2,64577.000,27719,192000,3999.521,120.0,8,17,2,0.01248,0.00000,0.01248,0.00000,0.00000
64.860,0,64841.000,40410,192000,3999.125,120.0,8,17,2,0.00417,0.00000,0.00417,0.00000,0.00000
64.860,1,65003.000,48191,192000,3999.021,120.0,8,17,2,0.00000,0.00000,0.00000,0.00000,0.00000
64.860,2,64679.000,32629,192000,3999.229,120.0,8,17,2,0.00816,0.00000,0.00816,0.00000,0.00000
64.960,0,64941.000,45211,192000,3999.104,120.0,8,17,2,0.00275,0.00000,0.00275,0.00000,0.00000
64.960,1,65104.000,53003,192000,3999.771,120.0,8,17,2,0.00000,0.00000,0.00000,0.00000,0.00000
64.960,2,64779.000,37418,192000,3999.458,120.0,8,17,2,0.00539,0.00000,0.00539,0.00000,0.00000
65.060,0,65042.000,50050,192000,3999.292,120.0,8,17,2,0.00181,0.00000,0.00181,0.00000,0.00000
65.060,1,65205.000,57854,192000,3999.708,120.0,8,17,2,0.00000,0.00000,0.00000,0.00000,0.00000
65.060,2,64880.000,42244,192000,3999.917,120.0,8,17,2,0.00355,0.00000,0.00355,0.00000,0.00000
65.163,0,65144.000,54959,192000,3999.021,120.0,8,17,2,0.00118,0.00000,0.00118,0.00000,0.00000
65.163,1,65307.000,62776,192000,3999.167,120.0,8,17,2,0.00000,0.00000,0.00000,0.00000,0.00000
65.163,2,64982.000,47141,192000,3999.896,120.0,8,17,2,0.00232,0.00000,0.00232,0.00000,0.00000
65.264,0,65246.000,59830,192000,3999.542,120.0,8,17,2,0.00077,0.00000,0.00077,0.00000,0.00000
65.264,1,65409.000,67659,192000,3999.438,120.0,8,17,2,0.00000,0.00000,0.00000,0.00000,0.00000
65.264,2,65083.000,52000,192000,3999.667,120.0,8,17,2,0.00152,0.00000,0.00152,0.00000,0.00000
65.366,0,65347.000,64699,192000,3999.104,120.0,8,17,2,0.00051,0.00000,0.00051,0.00000,0.00000
65.366,1,65511.000,72540,192000,3999.750,120.0,8,17,2,0.00000,0.00000,0.00000,0.00000,0.00000
65.366,2,65184.000,56857,192000,3999.479,120.0,8,17,2,0.00100,0.00000,0.00100,0.00000,0.00000
65.467,0,65449.000,69576,192000,3999.500,120.0,8,17,2,0.00033,0.00000,0.00033,0.00000,0.00000
65.467,1,65613.000,77429,192000,3999.896,120.0,8,17,2,0.00000,0.00000,0.00000,0.00000,0.00000
65.467,2,65285.000,61721,192000,3999.146,120.0,8,17,2,0.00066,0.00000,0.00066,0.00000,0.00000
65.568,0,65549.000,74394,192000,3999.125,120.0,8,17,2,0.00022,0.00000,0.00022,0.00000,0.00000
65.568,1,65713.000,82259,192000,3999.271,120.0,8,17,2,0.00000,0.00000,0.00000,0.00000,0.00000
65.568,2,65385.000,66527,192000,3999.021,120.0,8,17,2,0.00043,0.00000,0.00043,0.00000,0.00000
65.668,0,65649.000,79198,192000,3999.042,120.0,8,17,2,0.00014,0.00000,0.00014,0.00000,0.00000
65.668,1,65814.000,87076,192000,3999.917,120.0,8,17,2,0.00000,0.00000,0.00000,0.00000,0.00000
65.668,2,65485.000,71320,192000,3999.167,120.0,8,17,2,0.00029,0.00000,0.00029,0.00000,0.00000
65.769,0,65750.000,84044,192000,3999.083,120.0,8,17,2,0.00010,0.00000,0.00010,0.00000,0.00000
65.769,1,65915.000,91933,192000,3999.729,120.0,8,17,2,0.00000,0.00000,0.00000,0.00000,0.00000
65.769,2,65586.000,76153,192000,3999.479,120.0,8,17,2,0.00019,0.00000,0.00019,0.00000,0.00000
65.869,0,65851.000,88872,192000,3999.500,120.0,8,17,2,0.00006,0.00000,0.00006,0.00000,0.00000
65.869,1,66016.000,96773,192000,3999.896,120.0,8,17,2,0.00000,0.00000,0.00000,0.00000,0.00000
65.869,2,65686.000,80969,192000,3999.146,120.0,8,17,2,0.00012,0.00000,0.00012,0.00000,0.00000
65.970,0,65952.000,93713,192000,3999.646,120.0,8,17,2,0.00004,0.00000,0.00004,0.00000,0.00000
65.970,1,66117.000,101626,192000,3999.792,120.0,8,17,2,0.00000,0.00000,0.00000,0.00000,0.00000
65.970,2,65787.000,85798,192000,3999.542,120.0,8,17,2,0.00008,0.00000,0.00008,0.00000,0.00000
66.071,0,66053.000,98552,192000,3999.833,120.0,8,17,2,0.00003,0.00000,0.00003,0.00000,0.00000
66.071,1,66218.000,106478,192000,3999.708,120.0,8,17,2,0.00000,0.00000,0.00000,0.00000,0.00000
66.071,2,65888.000,90625,192000,3999.979,120.0,8,17,2,0.00005,0.00000,0.00005,0.00000,0.00000
66.171,0,66153.000,103354,192000,3999.792,120.0,8,17,2,0.00002,0.00000,0.00002,0.00000,0.00000
66.171,1,66318.000,111292,192000,3999.417,120.0,8,17,2,0.00000,0.00000,0.00000,0.00000,0.00000
66.171,2,65987.000,95415,192000,3999.188,120.0,8,17,2,0.00004,0.00000,0.00004,0.00000,0.00000
66.271,0,66253.000,108158,192000,3999.708,120.0,8,17,2,0.00001,0.00000,0.00001,0.00000,0.00000
66.271,1,66418.000,116108,192000,3999.083,120.0,8,17,2,0.00000,0.00000,0.00000,0.00000,0.00000
66.271,2,66087.000,100207,192000,3999.354,120.0,8,17,2,0.00002,0.00000,0.00002,0.00000,0.00000
66.373,0,66354.000,113036,192000,3999.083,120.0,8,17,2,0.00001,0.00000,0.00001,0.00000,0.00000
66.373,1,66520.000,120998,192000,3999.208,120.0,8,17,2,0.00000,0.00000,0.00000,0.00000,0.00000
66.373,2,66189.000,105073,192000,3999.979,120.0,8,17,2,0.00002,0.00000,0.00002,0.00000,0.00000
66.474,0,66456.000,117893,192000,3999.896,120.0,8,17,2,0.00001,0.00000,0.00001,0.00000,0.00000
66.474,1,66622.000,125867,192000,3999.771,120.0,8,17,2,0.00000,0.00000,0.00000,0.00000,0.00000
66.474,2,66289.000,109918,192000,3999.042,120.0,8,17,2,0.00001,0.00000,0.00001,0.00000,0.00000
66.575,0,66557.000,122754,192000,3999.625,120.0,8,17,2,0.00000,0.00000,0.00000,0.00000,0.00000
66.575,1,66723.000,130740,192000,3999.250,120.0,8,17,2,0.00000,0.00000,0.00000,0.00000,0.00000
66.575,2,66390.000,114767,192000,3999.021,120.0,8,17,2,0.00001,0.00000,0.00001,0.00000,0.00000
66.675,0,66657.000,127566,192000,3999.375,120.0,8,17,2,0.00000,0.00000,0.00000,0.00000,0.00000
66.675,1,66824.000,135564,192000,3999.750,120.0,8,17,2,0.00000,0.00000,0.00000,0.00000,0.00000
66.675,2,66490.000,119566,192000,3999.042,120.0,8,17,2,0.00000,0.00000,0.00000,0.00000,0.00000
66.775,0,66757.000,132372,192000,3999.250,120.0,8,17,2,0.00000,0.00000,0.00000,0.00000,0.00000
66.775,1,66924.000,140383,192000,3999.354,120.0,8,17,2,0.00000,0.00000,0.00000,0.00000,0.00000
66.775,2,66590.000,124361,192000,3999.146,120.0,8,17,2,0.00000,0.00000,0.00000,0.00000,0.00000
66.876,0,66858.000,137223,192000,3999.188,120.0,8,17,2,0.00000,0.00000,0.00000,0.00000,0.00000
66.876,1,67025.000,145246,192000,3999.042,120.0,8,17,2,0.00000,0.00000,0.00000,0.00000,0.00000
66.876,2,66691.000,129200,192000,3999.333,120.0,8,17,2,0.00000,0.00000,0.00000,0.00000,0.00000
66.978,0,66959.000,142078,192000,3999.042,120.0,8,17,2,0.00000,0.00000,0.00000,0.00000,0.00000
66.978,1,67127.000,150113,192000,3999.646,120.0,8,17,2,0.00000,0.00000,0.00000,0.00000,0.00000
66.978,2,66792.000,134042,192000,3999.458,120.0,8,17,2,0.00000,0.00000,0.00000,0.00000,0.00000
67.079,0,67061.000,146931,192000,3999.938,120.0,8,17,2,0.00000,0.00000,0.00000,0.00000,0.00000
67.079,1,67228.000,154978,192000,3999.292,120.0,8,17,2,0.00000,0.00000,0.00000,0.00000,0.00000
67.079,2,66893.000,138883,192000,3999.604,120.0,8,17,2,0.00000,0.00000,0.00000,0.00000,0.00000
67.179,0,67161.000,151745,192000,3999.646,120.0,8,17,2,0.00000,0.00000,0.00000,0.00000,0.00000
67.179,1,67329.000,159804,192000,3999.750,120.0,8,17,2,0.00000,0.00000,0.00000,0.00000,0.00000
67.179,2,66993.000,143686,192000,3999.542,120.0,8,17,2,0.00000,0.00000,0.00000,0.00000,0.00000
67.279,0,67261.000,156553,192000,3999.479,120.0,8,17,2,0.00000,0.00000,0.00000,0.00000,0.00000
67.279,1,67429.000,164624,192000,3999.333,120.0,8,17,2,0.00000,0.00000,0.00000,0.00000,0.00000
67.279,2,67093.000,148481,192000,3999.646,120.0,8,17,2,0.00000,0.00000,0.00000,0.00000,0.00000
67.379,0,67361.000,161364,192000,3999.250,120.0,8,17,2,0.00000,0.00000,0.00000,0.00000,0.00000
67.379,1,67530.000,169447,192000,3999.854,120.0,8,17,2,0.00000,0.00000,0.00000,0.00000,0.00000
67.379,2,67193.000,153280,192000,3999.667,120.0,8,17,2,0.00000,0.00000,0.00000,0.00000,0.00000
67.481,0,67463.000,166242,192000,3999.625,120.0,8,17,2,0.00000,0.00000,0.00000,0.00000,0.00000
67.481,1,67632.000,174337,192000,3999.979,120.0,8,17,2,0.00000,0.00000,0.00000,0.00000,0.00000
67.481,2,67294.000,158146,192000,3999.292,120.0,8,17,2,0.00000,0.00000,0.00000,0.00000,0.00000
67.584,0,67565.000,171164,192000,3999.083,120.0,8,17,2,0.00000,0.00000,0.00000,0.00000,0.00000
67.584,1,67734.000,179271,192000,3999.188,120.0,8,17,2,0.00000,0.00000,0.00000,0.00000,0.00000
67.584,2,67397.000,163056,192000,0.000,120.0,8,17,2,0.00000,0.00000,0.00000,0.00000,0.00000
67.686,0,67668.000,176098,192000,3999.292,120.0,8,17,2,0.00000,0.00000,0.00000,0.00000,0.00000
67.686,1,67837.000,184218,192000,3999.125,120.0,8,17,2,0.00000,0.00000,0.00000,0.00000,0.00000
67.686,2,67499.000,167978,192000,3999.458,120.0,8,17,2,0.00000,0.00000,0.00000,0.00000,0.00000
67.787,0,67769.000,180923,192000,3999.771,120.0,8,17,2,0.00000,0.00000,0.00000,0.00000,0.00000
67.787,1,67938.000,189055,192000,3999.354,120.0,8,17,2,0.00000,0.00000,0.00000,0.00000,0.00000
67.787,2,67599.000,172790,192000,3999.208,120.0,8,17,2,0.00000,0.00000,0.00000,0.00000,0.00000
67.887,0,67869.000,185737,192000,3999.479,120.0,8,17,2,0.00000,0.00000,0.00000,0.00000,0.00000
67.887,1,68039.000,1881,192000,3999.812,120.0,8,18,2,0.11683,0.11683,0.11658,0.00000,0.00000
67.887,2,67699.000,177592,192000,3999.167,120.0,8,17,2,0.00000,0.00000,0.00000,0.00000,0.00000
67.987,0,67969.000,190549,192000,3999.229,120.0,8,17,2,0.00000,0.00000,0.00000,0.00000,0.00000
67.987,1,68139.000,6705,192000,3999.312,120.0,8,18,2,0.07692,0.07692,0.07675,0.00000,0.00000
67.987,2,67799.000,182392,192000,3999.167,120.0,8,17,2,0.00000,0.00000,0.00000,0.00000,0.00000
68.089,0,68071.000,3410,192000,3999.958,120.0,8,18,2,0.10290,0.10290,0.00000,0.00000,0.00000
68.089,1,68241.000,11578,192000,3999.792,120.0,8,18,2,0.05043,0.05043,0.05032,0.00000,0.00000
68.089,2,67900.000,187241,192000,3999.146,120.0,8,17,2,0.00000,0.00000,0.00000,0.00000,0.00000
68.191,0,68173.000,8316,192000,3999.750,120.0,8,18,2,0.06727,0.06727,0.00000,0.00000,0.00000
68.191,1,68343.000,16496,192000,3999.333,120.0,8,18,2,0.03293,0.03293,0.03286,0.00000,0.00000
68.191,2,68002.000,135,192000,3999.188,120.0,8,18,2,0.00381,0.00381,0.00000,0.00000,0.00000
68.292,0,68274.000,13161,192000,3999.812,120.0,8,18,2,0.04421,0.04421,0.00000,0.00000,0.00000
68.292,1,68444.000,21353,192000,3999.146,120.0,8,18,2,0.02162,0.02162,0.02157,0.00000,0.00000
68.292,2,68103.000,4968,192000,3999.500,120.0,8,18,2,0.08964,0.08964,0.00000,0.00000,0.00000
68.394,0,68375.000,18046,192000,3999.042,120.0,8,18,2,0.02895,0.02895,0.00000,0.00000,0.00000
68.394,1,68546.000,26251,192000,3999.104,120.0,8,18,2,0.01414,0.01414,0.01411,0.00000,0.00000
68.394,2,68205.000,9841,192000,3999.979,120.0,8,18,2,0.05877,0.05877,0.00000,0.00000,0.00000
68.496,0,68478.000,22963,192000,3999.604,120.0,8,18,2,0.01891,0.01891,0.00000,0.00000,0.00000
68.496,1,68649.000,31179,192000,3999.438,120.0,8,18,2,0.00923,0.00923,0.00921,0.00000,0.00000
68.496,2,68307.000,14745,192000,3999.812,120.0,8,18,2,0.03843,0.03843,0.00000,0.00000,0.00000
68.596,0,68578.000,27767,192000,3999.521,120.0,8,18,2,0.01247,0.01247,0.00000,0.00000,0.00000
68.596,1,68749.000,35996,192000,3999.083,120.0,8,18,2,0.00608,0.00608,0.00607,0.00000,0.00000
68.596,2,68407.000,19537,192000,3999.979,120.0,8,18,2,0.02537,0.02537,0.00000,0.00000,0.00000
68.696,0,68678.000,32575,192000,3999.354,120.0,8,18,2,0.00822,0.00822,0.00000,0.00000,0.00000
68.696,1,68850.000,40816,192000,3999.667,120.0,8,18,2,0.00400,0.00400,0.00400,0.00000,0.00000
68.696,2,68506.000,24333,192000,3999.062,120.0,8,18,2,0.01674,0.01674,0.00000,0.00000,0.00000
68.798,0,68780.000,37457,192000,3999.646,120.0,8,18,2,0.00539,0.00539,0.00000,0.00000,0.00000
68.798,1,68952.000,45710,192000,3999.708,120.0,8,18,2,0.00262,0.00262,0.00261,0.00000,0.00000
68.798,2,68608.000,29203,192000,3999.604,120.0,8,18,2,0.01098,0.01098,0.00000,0.00000,0.00000
68.899,0,68880.000,42282,192000,3999.125,120.0,8,18,2,0.00355,0.00355,0.00000,0.00000,0.00000
68.899,1,69053.000,50547,192000,3999.938,120.0,8,18,2,0.00172,0.00172,0.00172,0.00000,0.00000
68.899,2,68708.000,34016,192000,3999.333,120.0,8,18,2,0.00724,0.00724,0.00000,0.00000,0.00000
69.000,0,68982.000,47155,192000,3999.604,120.0,8,18,2,0.00232,0.00232,0.00000,0.00000,0.00000
69.000,1,69154.000,55432,192000,3999.167,120.0,8,18,2,0.00113,0.00113,0.00113,0.00000,0.00000
69.000,2,68809.000,38877,192000,3999.062,120.0,8,18,2,0.00475,0.00475,0.00000,0.00000,0.00000
69.100,0,69082.000,51957,192000,3999.562,120.0,8,18,2,0.00153,0.00153,0.00000,0.00000,0.00000
69.100,1,69255.000,60246,192000,3999.875,120.0,8,18,2,0.00074,0.00074,0.00074,0.00000,0.00000
69.100,2,68909.000,43666,192000,3999.292,120.0,8,18,2,0.00314,0.00314,0.00000,0.00000,0.00000
69.200,0,69182.000,56765,192000,3999.396,120.0,8,18,2,0.00101,0.00101,0.00000,0.00000,0.00000
69.200,1,69355.000,65067,192000,3999.438,120.0,8,18,2,0.00049,0.00049,0.00049,0.00000,0.00000
69.200,2,69009.000,48463,192000,3999.354,120.0,8,18,2,0.00207,0.00207,0.00000,0.00000,0.00000
69.301,0,69283.000,61589,192000,3999.896,120.0,8,18,2,0.00067,0.00067,0.00000,0.00000,0.00000
69.301,1,69456.000,69903,192000,3999.688,120.0,8,18,2,0.00032,0.00032,0.00032,0.00000,0.00000
69.301,2,69109.000,53275,192000,3999.104,120.0,8,18,2,0.00136,0.00136,0.00000,0.00000,0.00000
69.403,0,69384.000,66476,192000,3999.083,120.0,8,18,2,0.00044,0.00044,0.00000,0.00000,0.00000
69.403,1,69558.000,74801,192000,3999.646,120.0,8,18,2,0.00021,0.00021,0.00021,0.00000,0.00000
69.403,2,69211.000,58149,192000,3999.562,120.0,8,18,2,0.00089,0.00089,0.00000,0.00000,0.00000
69.504,0,69486.000,71362,192000,3999.292,120.0,8,18,2,0.00029,0.00029,0.00000,0.00000,0.00000
69.504,1,69660.000,79700,192000,3999.583,120.0,8,18,2,0.00014,0.00014,0.00014,0.00000,0.00000
69.504,2,69313.000,63024,192000,0.000,120.0,8,18,2,0.00059,0.00059,0.00000,0.00000,0.00000
69.605,0,69587.000,76187,192000,3999.771,120.0,8,18,2,0.00019,0.00019,0.00000,0.00000,0.00000
69.605,1,69761.000,84537,192000,3999.812,120.0,8,18,2,0.00009,0.00009,0.00009,0.00000,0.00000
69.605,2,69413.000,67836,192000,3999.750,120.0,8,18,2,0.00039,0.00039,0.00000,0.00000,0.00000
69.705,0,69687.000,81011,192000,3999.271,120.0,8,18,2,0.00012,0.00012,0.00000,0.00000,0.00000
69.705,1,69861.000,89373,192000,3999.062,120.0,8,18,2,0.00006,0.00006,0.00006,0.00000,0.00000
69.705,2,69513.000,72648,192000,3999.500,120.0,8,18,2,0.00025,0.00025,0.00000,0.00000,0.00000
69.807,0,69789.000,85884,192000,3999.750,120.0,8,18,2,0.00008,0.00008,0.00000,0.00000,0.00000
69.807,1,69963.000,94258,192000,3999.292,120.0,8,18,2,0.00004,0.00004,0.00004,0.00000,0.00000
69.807,2,69614.000,77509,192000,3999.229,120.0,8,18,2,0.00017,0.00017,0.00000,0.00000,0.00000
69.910,0,69891.000,90811,192000,3999.104,120.0,8,18,2,0.00005,0.00005,0.00000,0.00000,0.00000
69.910,1,70066.000,99198,192000,3999.375,120.0,8,18,2,0.00003,0.00003,0.00003,0.00000,0.00000
69.910,2,69717.000,82424,192000,3999.833,120.0,8,18,2,0.00011,0.00011,0.00000,0.00000,0.00000
70.010,0,69992.000,95657,192000,3999.146,120.0,8,18,2,0.00003,0.00003,0.00000,0.00000,0.00000
70.010,1,70167.000,104055,192000,3999.188,120.0,8,18,2,0.00002,0.00002,0.00002,0.00000,0.00000
70.010,2,69817.000,87257,192000,3999.146,120.0,8,18,2,0.00007,0.00007,0.00000,0.00000,0.00000
70.112,0,70094.000,100533,192000,3999.562,120.0,8,18,2,0.00002,0.00002,0.00000,0.00000,0.00000
70.112,1,70269.000,108944,192000,3999.333,120.0,8,18,2,0.00001,0.00001,0.00001,0.00000,0.00000
70.112,2,69919.000,92121,192000,3999.812,120.0,8,18,2,0.00005,0.00005,0.00000,0.00000,0.00000
70.214,0,70196.000,105434,192000,3999.458,120.0,8,18,2,0.00001,0.00001,0.00000,0.00000,0.00000
70.214,1,70372.000,113857,192000,3999.979,120.0,8,18,2,0.00001,0.00001,0.00001,0.00000,0.00000
70.214,2,70021.000,97010,192000,3999.958,120.0,8,18,2,0.00003,0.00003,0.00000,0.00000,0.00000
70.317,0,70298.000,110349,192000,3999.062,120.0,8,18,2,0.00001,0.00001,0.00000,0.00000,0.00000
70.317,1,70474.000,118785,192000,3999.312,120.0,8,18,2,0.00000,0.00000,0.00000,0.00000,0.00000
70.317,2,70123.000,101913,192000,3999.812,120.0,8,18,2,0.00002,0.00002,0.00000,0.00000,0.00000
70.421,0,70403.000,115344,192000,0.000,120.0,8,18,2,0.00001,0.00001,0.00000,0.00000,0.00000
70.421,1,70579.000,123792,192000,0.000,120.0,8,18,2,0.00000,0.00000,0.00000,0.00000,0.00000
70.421,2,70226.000,106895,192000,3999.021,120.0,8,18,2,0.00001,0.00001,0.00000,0.00000,0.00000
70.521,0,70503.000,120155,192000,3999.771,120.0,8,18,2,0.00000,0.00000,0.00000,0.00000,0.00000
70.521,1,70679.000,128615,192000,3999.521,120.0,8,18,2,0.00000,0.00000,0.00000,0.00000,0.00000
70.521,2,70326.000,111694,192000,3999.042,120.0,8,18,2,0.00001,0.00001,0.00000,0.00000,0.00000
70.623,0,70605.000,125079,192000,3999.188,120.0,8,18,2,0.00000,0.00000,0.00000,0.00000,0.00000
70.623,1,70782.000,133551,192000,3999.688,120.0,8,18,2,0.00000,0.00000,0.00000,0.00000,0.00000
70.623,2,70429.000,116606,192000,3999.708,120.0,8,18,2,0.00001,0.00001,0.00000,0.00000,0.00000
70.724,0,70706.000,129897,192000,3999.812,120.0,8,18,2,0.00000,0.00000,0.00000,0.00000,0.00000
70.724,1,70882.000,138381,192000,3999.062,120.0,8,18,2,0.00000,0.00000,0.00000,0.00000,0.00000
70.724,2,70529.000,121412,192000,3999.583,120.0,8,18,2,0.00000,0.00000,0.00000,0.00000,0.00000
70.824,0,70806.000,134701,192000,3999.729,120.0,8,18,2,0.00000,0.00000,0.00000,0.00000,0.00000
70.824,1,70983.000,143197,192000,3999.729,120.0,8,18,2,0.00000,0.00000,0.00000,0.00000,0.00000
70.824,2,70629.000,126203,192000,3999.771,120.0,8,18,2,0.00000,0.00000,0.00000,0.00000,0.00000
70.924,0,70906.000,139509,192000,3999.562,120.0,8,18,2,0.00000,0.00000,0.00000,0.00000,0.00000
70.924,1,71083.000,148017,192000,3999.312,120.0,8,18,2,0.00000,0.00000,0.00000,0.00000,0.00000
70.924,2,70729.000,131000,192000,3999.833,120.0,8,18,2,0.00000,0.00000,0.00000,0.00000,0.00000
71.024,0,71006.000,144316,192000,3999.417,120.0,8,18,2,0.00000,0.00000,0.00000,0.00000,0.00000
71.024,1,71184.000,152836,192000,3999.917,120.0,8,18,2,0.00000,0.00000,0.00000,0.00000,0.00000
71.024,2,70829.000,135794,192000,3999.958,120.0,8,18,2,0.00000,0.00000,0.00000,0.00000,0.00000
71.125,0,71107.000,149138,192000,3999.958,120.0,8,18,2,0.00000,0.00000,0.00000,0.00000,0.00000
71.125,1,71284.000,157671,192000,3999.188,120.0,8,18,2,0.00000,0.00000,0.00000,0.00000,0.00000
71.125,2,70929.000,140605,192000,3999.729,120.0,8,18,2,0.00000,0.00000,0.00000,0.00000,0.00000
71.226,0,71208.000,153985,192000,3999.979,120.0,8,18,2,0.00000,0.00000,0.00000,0.00000,0.00000
71.226,1,71386.000,162529,192000,3999.979,120.0,8,18,2,0.00000,0.00000,0.00000,0.00000,0.00000
71.226,2,71030.000,145440,192000,0.000,120.0,8,18,2,0.00000,0.00000,0.00000,0.00000,0.00000
71.327,0,71309.000,158863,192000,3999.354,120.0,8,18,2,0.00000,0.00000,0.00000,0.00000,0.00000
71.327,1,71487.000,167420,192000,3999.083,120.0,8,18,2,0.00000,0.00000,0.00000,0.00000,0.00000
71.327,2,71131.000,150306,192000,3999.625,120.0,8,18,2,0.00000,0.00000,0.00000,0.00000,0.00000
71.429,0,71411.000,163730,192000,3999.958,120.0,8,18,2,0.00000,0.00000,0.00000,0.00000,0.00000
71.429,1,71589.000,172299,192000,3999.438,120.0,8,18,2,0.00000,0.00000,0.00000,0.00000,0.00000
71.429,2,71232.000,155161,192000,3999.479,120.0,8,18,2,0.00000,0.00000,0.00000,0.00000,0.00000
71.530,0,71511.000,168570,192000,3999.125,120.0,8,18,2,0.00000,0.00000,0.00000,0.00000,0.00000
71.530,1,71690.000,177150,192000,3999.375,120.0,8,18,2,0.00000,0.00000,0.00000,0.00000,0.00000
71.530,2,71333.000,159988,192000,3999.917,120.0,8,18,2,0.00000,0.00000,0.00000,0.00000,0.00000
71.632,0,71613.000,173470,192000,3999.042,120.0,8,18,2,0.00000,0.00000,0.00000,0.00000,0.00000
71.632,1,71792.000,182063,192000,3999.021,120.0,8,18,2,0.00000,0.00000,0.00000,0.00000,0.00000
71.632,2,71434.000,164875,192000,3999.104,120.0,8,18,2,0.00000,0.00000,0.00000,0.00000,0.00000
71.733,0,71715.000,178336,192000,3999.667,120.0,8,18,2,0.00000,0.00000,0.00000,0.00000,0.00000
71.733,1,71894.000,186942,192000,3999.375,120.0,8,18,2,0.00000,0.00000,0.00000,0.00000,0.00000
71.733,2,71536.000,169730,192000,3999.958,120.0,8,18,2,0.00000,0.00000,0.00000,0.00000,0.00000
71.835,0,71817.000,183223,192000,3999.854,120.0,8,18,2,0.00000,0.00000,0.00000,0.00000,0.00000
71.835,1,71996.000,191841,192000,3999.312,120.0,8,18,2,0.00000,0.00000,0.00000,0.00000,0.00000
71.835,2,71637.000,174605,192000,3999.396,120.0,8,18,2,0.00000,0.00000,0.00000,0.00000,0.00000
71.936,0,71918.000,188099,192000,3999.271,120.0,8,18,2,0.00000,0.00000,0.00000,0.00000,0.00000
71.936,1,72098.000,4729,192000,3999.479,120.0,8,19,2,0.00000,0.00000,0.00000,0.00000,0.00000
71.936,2,71738.000,179469,192000,3999.062,120.0,8,18,2,0.00000,0.00000,0.00000,0.00000,0.00000
72.037,0,72019.000,948,192000,3999.250,120.0,8,19,2,0.00000,0.00000,0.00000,0.00000,0.00000
72.037,1,72199.000,9590,192000,3999.208,120.0,8,19,2,0.00000,0.00000,0.00000,0.00000,0.00000
72.037,2,71839.000,184305,192000,3999.312,120.0,8,18,2,0.00000,0.00000,0.00000,0.00000,0.00000
72.138,0,72120.000,5798,192000,3999.208,120.0,8,19,2,0.00000,0.00000,0.00000,0.00000,0.00000
72.138,1,72301.000,14452,192000,3999.917,120.0,8,19,2,0.00000,0.00000,0.00000,0.00000,0.00000
72.138,2,71940.000,189143,192000,3999.521,120.0,8,18,2,0.00000,0.00000,0.00000,0.00000,0.00000
72.240,0,72222.000,10687,192000,3999.354,120.0,8,19,2,0.00000,0.00000,0.00000,0.00000,0.00000
72.240,1,72403.000,19353,192000,3999.812,120.0,8,19,2,0.00000,0.00000,0.00000,0.00000,0.00000
72.240,2,72042.000,2020,192000,3999.917,120.0,8,19,2,0.00000,0.00000,0.00000,0.00000,0.00000
72.342,0,72324.000,15557,192000,3999.896,120.0,8,19,2,0.00000,0.00000,0.00000,0.00000,0.00000
72.342,1,72504.000,24235,192000,3999.104,120.0,8,19,2,0.00000,0.00000,0.00000,0.00000,0.00000
72.342,2,72143.000,6878,192000,3999.708,120.0,8,19,2,0.00000,0.00000,0.00000,0.00000,0.00000
72.444,0,72426.000,20489,192000,3999.146,120.0,8,19,2,0.00000,0.00000,0.00000,0.00000,0.00000
72.444,1,72607.000,29180,192000,3999.083,120.0,8,19,2,0.00000,0.00000,0.00000,0.00000,0.00000
72.444,2,72245.000,11797,192000,3999.229,120.0,8,19,2,0.00000,0.00000,0.00000,0.00000,0.00000
72.547,0,72528.000,25386,192000,3999.125,120.0,8,19,2,0.00000,0.00000,0.00000,0.00000,0.00000
72.547,1,72710.000,34088,192000,3999.833,120.0,8,19,2,0.00000,0.00000,0.00000,0.00000,0.00000
72.547,2,72347.000,16682,192000,3999.458,120.0,8,19,2,0.00000,0.00000,0.00000,0.00000,0.00000
72.648,0,72630.000,30264,192000,3999.500,120.0,8,19,2,0.00000,0.00000,0.00000,0.00000,0.00000
72.648,1,72812.000,38980,192000,3999.917,120.0,8,19,2,0.00000,0.00000,0.00000,0.00000,0.00000
72.648,2,72448.000,21548,192000,3999.083,120.0,8,19,2,0.00000,0.00000,0.00000,0.00000,0.00000
72.749,0,72731.000,35103,192000,3999.688,120.0,8,19,2,0.00000,0.00000,0.00000,0.00000,0.00000
72.749,1,72913.000,43830,192000,3999.875,120.0,8,19,2,0.00000,0.00000,0.00000,0.00000,0.00000
72.749,2,72549.000,26375,192000,3999.521,120.0,8,19,2,0.00000,0.00000,0.00000,0.00000,0.00000
72.850,0,72832.000,39967,192000,3999.354,120.0,8,19,2,0.00000,0.00000,0.00000,0.00000,0.00000
72.850,1,73014.000,48707,192000,3999.271,120.0,8,19,2,0.00000,0.00000,0.00000,0.00000,0.00000
72.850,2,72650.000,31227,192000,3999.438,120.0,8,19,2,0.00000,0.00000,0.00000,0.00000,0.00000
72.951,0,72933.000,44821,192000,3999.229,120.0,8,19,2,0.00000,0.00000,0.00000,0.00000,0.00000
72.951,1,73116.000,53572,192000,3999.917,120.0,8,19,2,0.00000,0.00000,0.00000,0.00000,0.00000
72.951,2,72751.000,36068,192000,3999.583,120.0,8,19,2,0.00000,0.00000,0.00000,0.00000,0.00000
73.052,0,73034.000,49665,192000,3999.312,120.0,8,19,2,0.00000,0.00000,0.00000,0.00000,0.00000
73.052,1,73217.000,58428,192000,3999.750,120.0,8,19,2,0.00000,0.00000,0.00000,0.00000,0.00000
73.052,2,72852.000,40900,192000,3999.917,120.0,8,19,2,0.00000,0.00000,0.00000,0.00000,0.00000
73.153,0,73135.000,54494,192000,3999.708,120.0,8,19,2,0.00000,0.00000,0.00000,0.00000,0.00000
73.153,1,73318.000,63269,192000,3999.896,120.0,8,19,2,0.00000,0.00000,0.00000,0.00000,0.00000
73.153,2,72952.000,45717,192000,3999.562,120.0,8,19,2,0.00000,0.00000,0.00000,0.00000,0.00000
73.254,0,73236.000,59350,192000,3999.542,120.0,8,19,2,0.00000,0.00000,0.00000,0.00000,0.00000
73.254,1,73419.000,68137,192000,3999.479,120.0,8,19,2,0.00000,0.00000,0.00000,0.00000,0.00000
73.254,2,73053.000,50561,192000,3999.646,120.0,8,19,2,0.00000,0.00000,0.00000,0.00000,0.00000
73.355,0,73337.000,64194,192000,3999.625,120.0,8,19,2,0.00000,0.00000,0.00000,0.00000,0.00000
73.355,1,73520.000,72993,192000,3999.312,120.0,8,19,2,0.00000,0.00000,0.00000,0.00000,0.00000
73.355,2,73154.000,55393,192000,3999.979,120.0,8,19,2,0.00000,0.00000,0.00000,0.00000,0.00000
73.456,0,73438.000,69055,192000,3999.354,120.0,8,19,2,0.00000,0.00000,0.00000,0.00000,0.00000
73.456,1,73622.000,77867,192000,3999.771,120.0,8,19,2,0.00000,0.00000,0.00000,0.00000,0.00000
73.456,2,73255.000,60242,192000,3999.958,120.0,8,19,2,0.00000,0.00000,0.00000,0.00000,0.00000
73.558,0,73540.000,73938,192000,3999.625,120.0,8,19,2,0.00000,0.00000,0.00000,0.00000,0.00000
73.558,1,73724.000,82762,192000,3999.792,120.0,8,19,2,0.00000,0.00000,0.00000,0.00000,0.00000
73.558,2,73356.000,65113,192000,3999.479,120.0,8,19,2,0.00000,0.00000,0.00000,0.00000,0.00000
73.661,0,73643.000,78869,192000,3999.896,120.0,8,19,2,0.00000,0.00000,0.00000,0.00000,0.00000
73.661,1,73827.000,87706,192000,3999.792,120.0,8,19,2,0.00000,0.00000,0.00000,0.00000,0.00000
73.661,2,73459.000,70032,192000,0.000,120.0,8,19,2,0.00000,0.00000,0.00000,0.00000,0.00000
73.763,0,73745.000,83774,192000,3999.708,120.0,8,19,2,0.00000,0.00000,0.00000,0.00000,0.00000
73.763,1,73929.000,92623,192000,3999.354,120.0,8,19,2,0.00000,0.00000,0.00000,0.00000,0.00000
73.763,2,73560.000,74924,192000,3999.083,120.0,8,19,2,0.00000,0.00000,0.00000,0.00000,0.00000
73.865,0,73847.000,88691,192000,3999.271,120.0,8,19,2,0.00000,0.00000,0.00000,0.00000,0.00000
73.865,1,74032.000,97552,192000,3999.667,120.0,8,19,2,0.00000,0.00000,0.00000,0.00000,0.00000
73.865,2,73663.000,79829,192000,3999.896,120.0,8,19,2,0.00000,0.00000,0.00000,0.00000,0.00000
73.966,0,73947.000,93500,192000,3999.083,120.0,8,19,2,0.00000,0.00000,0.00000,0.00000,0.00000
73.966,1,74132.000,102373,192000,3999.229,120.0,8,19,2,0.00000,0.00000,0.00000,0.00000,0.00000
73.966,2,73763.000,84626,192000,3999.958,120.0,8,19,2,0.00000,0.00000,0.00000,0.00000,0.00000
74.067,0,74049.000,98352,192000,0.000,120.0,8,19,2,0.00000,0.00000,0.00000,0.00000,0.00000
74.067,1,74234.000,107237,192000,3999.896,120.0,8,19,2,0.00000,0.00000,0.00000,0.00000,0.00000
74.067,2,73863.000,89465,192000,3999.146,120.0,8,19,2,0.00000,0.00000,0.00000,0.00000,0.00000
74.168,0,74149.000,103199,192000,3999.021,120.0,8,19,2,0.00000,0.00000,0.00000,0.00000,0.00000
74.168,1,74335.000,112096,192000,3999.667,120.0,8,19,2,0.00000,0.00000,0.00000,0.00000,0.00000
74.168,2,73964.000,94300,192000,3999.417,120.0,8,19,2,0.00000,0.00000,0.00000,0.00000,0.00000
74.268,0,74250.000,108002,192000,3999.958,120.0,8,19,2,0.00000,0.00000,0.00000,0.00000,0.00000
74.268,1,74435.000,116911,192000,3999.354,120.0,8,19,2,0.00000,0.00000,0.00000,0.00000,0.00000
74.268,2,74064.000,99091,192000,3999.604,120.0,8,19,2,0.00000,0.00000,0.00000,0.00000,0.00000
74.368,0,74350.000,112827,192000,3999.438,120.0,8,19,2,0.00000,0.00000,0.00000,0.00000,0.00000
74.368,1,74536.000,121748,192000,3999.583,120.0,8,19,2,0.00000,0.00000,0.00000,0.00000,0.00000
74.368,2,74164.000,103905,192000,3999.312,120.0,8,19,2,0.00000,0.00000,0.00000,0.00000,0.00000
74.469,0,74450.000,117646,192000,3999.042,120.0,8,19,2,0.00000,0.00000,0.00000,0.00000,0.00000
74.469,1,74637.000,126580,192000,3999.917,120.0,8,19,2,0.00000,0.00000,0.00000,0.00000,0.00000
74.469,2,74264.000,108712,192000,3999.167,120.0,8,19,2,0.00000,0.00000,0.00000,0.00000,0.00000
74.571,0,74553.000,122563,192000,3999.604,120.0,8,19,2,0.00000,0.00000,0.00000,0.00000,0.00000
74.571,1,74739.000,131509,192000,3999.229,120.0,8,19,2,0.00000,0.00000,0.00000,0.00000,0.00000
74.571,2,74367.000,113617,192000,3999.979,120.0,8,19,2,0.00000,0.00000,0.00000,0.00000,0.00000
74.672,0,74654.000,127422,192000,3999.375,120.0,8,19,2,0.00000,0.00000,0.00000,0.00000,0.00000
74.672,1,74841.000,136380,192000,3999.750,120.0,8,19,2,0.00000,0.00000,0.00000,0.00000,0.00000
74.672,2,74467.000,118463,192000,3999.021,120.0,8,19,2,0.00000,0.00000,0.00000,0.00000,0.00000
74.773,0,74755.000,132259,192000,3999.604,120.0,8,19,2,0.00000,0.00000,0.00000,0.00000,0.00000
74.773,1,74942.000,141229,192000,3999.729,120.0,8,19,2,0.00000,0.00000,0.00000,0.00000,0.00000
74.773,2,74568.000,123288,192000,3999.500,120.0,8,19,2,0.00000,0.00000,0.00000,0.00000,0.00000
74.874,0,74856.000,137100,192000,3999.750,120.0,8,19,2,0.00000,0.00000,0.00000,0.00000,0.00000
74.874,1,75043.000,146082,192000,3999.625,120.0,8,19,2,0.00000,0.00000,0.00000,0.00000,0.00000
74.874,2,74669.000,128117,192000,3999.896,120.0,8,19,2,0.00000,0.00000,0.00000,0.00000,0.00000
74.975,0,74956.000,141935,192000,3999.021,120.0,8,19,2,0.00000,0.00000,0.00000,0.00000,0.00000
74.975,1,75144.000,150929,192000,3999.646,120.0,8,19,2,0.00000,0.00000,0.00000,0.00000,0.00000
74.975,2,74769.000,132939,192000,3999.438,120.0,8,19,2,0.00000,0.00000,0.00000,0.00000,0.00000
75.076,0,75057.000,146781,192000,3999.062,120.0,8,19,2,0.00000,0.00000,0.00000,0.00000,0.00000
75.076,1,75245.000,155788,192000,3999.417,120.0,8,19,2,0.00000,0.00000,0.00000,0.00000,0.00000
75.076,2,74870.000,137774,192000,3999.708,120.0,8,19,2,0.00000,0.00000,0.00000,0.00000,0.00000
75.177,0,75158.000,151630,192000,3999.042,120.0,8,19,2,0.00000,0.00000,0.00000,0.00000,0.00000
75.177,1,75346.000,160649,192000,3999.146,120.0,8,19,2,0.00000,0.00000,0.00000,0.00000,0.00000
75.177,2,74971.000,142611,192000,3999.938,120.0,8,19,2,0.00000,0.00000,0.00000,0.00000,0.00000
75.278,0,75260.000,156483,192000,3999.938,120.0,8,19,2,0.00000,0.00000,0.00000,0.00000,0.00000
75.278,1,75448.000,165514,192000,3999.792,120.0,8,19,2,0.00000,0.00000,0.00000,0.00000,0.00000
75.278,2,75071.000,147452,192000,3999.083,120.0,8,19,2,0.00000,0.00000,0.00000,0.00000,0.00000
75.378,0,75360.000,161303,192000,3999.521,120.0,8,19,2,0.00000,0.00000,0.00000,0.00000,0.00000
75.378,1,75548.000,170346,192000,3999.125,120.0,8,19,2,0.00000,0.00000,0.00000,0.00000,0.00000
75.378,2,75172.000,152259,192000,3999.938,120.0,8,19,2,0.00000,0.00000,0.00000,0.00000,0.00000
75.481,0,75463.000,166249,192000,3999.479,120.0,8,19,2,0.00000,0.00000,0.00000,0.00000,0.00000
75.481,1,75652.000,175304,192000,3999.833,120.0,8,19,2,0.00000,0.00000,0.00000,0.00000,0.00000
75.481,2,75274.000,157193,192000,3999.146,120.0,8,19,2,0.00000,0.00000,0.00000,0.00000,0.00000
75.582,0,75564.000,171105,192000,3999.312,120.0,8,19,2,0.00000,0.00000,0.00000,0.00000,0.00000
75.582,1,75753.000,180173,192000,3999.396,120.0,8,19,2,0.00000,0.00000,0.00000,0.00000,0.00000
75.582,2,75375.000,162037,192000,3999.229,120.0,8,19,2,0.00000,0.00000,0.00000,0.00000,0.00000
75.683,0,75665.000,175928,192000,3999.833,120.0,8,19,2,0.00000,0.00000,0.00000,0.00000,0.00000
75.683,1,75854.000,185008,192000,3999.667,120.0,8,19,2,0.00000,0.00000,0.00000,0.00000,0.00000
75.683,2,75476.000,166848,192000,0.000,120.0,8,19,2,0.00000,0.00000,0.00000,0.00000,0.00000
75.785,0,75767.000,180836,192000,3999.583,120.0,8,19,2,0.00000,0.00000,0.00000,0.00000,0.00000
75.785,1,75956.000,189927,192000,3999.188,120.0,8,19,2,0.00000,0.00000,0.00000,0.00000,0.00000
75.785,2,75577.000,171743,192000,3999.021,120.0,8,19,2,0.00000,0.00000,0.00000,0.00000,0.00000
75.886,0,75868.000,185701,192000,3999.229,120.0,8,19,2,0.00000,0.00000,0.00000,0.00000,0.00000
75.886,1,76058.000,2805,192000,3999.562,120.0,8,20,2,0.00000,0.00000,0.00000,0.00000,0.00000
75.886,2,75679.000,176597,192000,3999.896,120.0,8,19,2,0.00000,0.00000,0.00000,0.00000,0.00000
75.989,0,75971.000,190608,192000,0.000,120.0,8,19,2,0.00000,0.00000,0.00000,0.00000,0.00000
75.989,1,76160.000,7724,192000,3999.083,120.0,8,20,2,0.00000,0.00000,0.00000,0.00000,0.00000
75.989,2,75781.000,181491,192000,3999.938,120.0,8,19,2,0.00000,0.00000,0.00000,0.00000,0.00000
76.090,0,76072.000,3496,192000,3999.167,120.0,8,20,2,0.10202,0.00000,0.10202,0.00000,0.00000
76.090,1,76263.000,12624,192000,0.000,120.0,8,20,2,0.00000,0.00000,0.00000,0.00000,0.00000
76.090,2,75882.000,186367,192000,3999.354,120.0,8,19,2,0.00000,0.00000,0.00000,0.00000,0.00000
76.193,0,76175.000,8408,192000,3999.833,120.0,8,20,2,0.06666,0.00000,0.06666,0.00000,0.00000
76.193,1,76365.000,17548,192000,3999.417,120.0,8,20,2,0.00000,0.00000,0.00000,0.00000,0.00000
76.193,2,75984.000,191266,192000,3999.292,120.0,8,19,2,0.00000,0.00000,0.00000,0.00000,0.00000
76.294,0,76276.000,13280,192000,3999.333,120.0,8,20,2,0.04370,0.00000,0.04370,0.00000,0.00000
76.294,1,76467.000,22433,192000,3999.646,120.0,8,20,2,0.00000,0.00000,0.00000,0.00000,0.00000
76.294,2,76085.000,4126,192000,3999.042,120.0,8,20,2,0.09682,0.00000,0.09682,0.00000,0.00000
76.394,0,76376.000,18083,192000,3999.271,120.0,8,20,2,0.02883,0.00000,0.02883,0.00000,0.00000
76.394,1,76567.000,27248,192000,3999.333,120.0,8,20,2,0.00000,0.00000,0.00000,0.00000,0.00000
76.394,2,76185.000,8918,192000,3999.208,120.0,8,20,2,0.06392,0.00000,0.06392,0.00000,0.00000
76.496,0,76478.000,22956,192000,3999.750,120.0,8,20,2,0.01890,0.00000,0.01890,0.00000,0.00000
76.496,1,76669.000,32133,192000,3999.562,120.0,8,20,2,0.00000,0.00000,0.00000,0.00000,0.00000
76.496,2,76287.000,13779,192000,3999.938,120.0,8,20,2,0.04195,0.00000,0.04195,0.00000,0.00000
76.598,0,76580.000,27880,192000,3999.167,120.0,8,20,2,0.01234,0.00000,0.01234,0.00000,0.00000
76.598,1,76772.000,37069,192000,3999.729,120.0,8,20,2,0.00000,0.00000,0.00000,0.00000,0.00000
76.598,2,76389.000,18689,192000,3999.646,120.0,8,20,2,0.02741,0.00000,0.02741,0.00000,0.00000
76.699,0,76681.000,32707,192000,3999.604,120.0,8,20,2,0.00812,0.00000,0.00812,0.00000,0.00000
76.699,1,76873.000,41908,192000,3999.917,120.0,8,20,2,0.00000,0.00000,0.00000,0.00000,0.00000
76.699,2,76489.000,23504,192000,3999.333,120.0,8,20,2,0.01806,0.00000,0.01806,0.00000,0.00000
76.802,0,76784.000,37652,192000,3999.583,120.0,8,20,2,0.00529,0.00000,0.00529,0.00000,0.00000
76.802,1,76976.000,46865,192000,3999.646,120.0,8,20,2,0.00000,0.00000,0.00000,0.00000,0.00000
76.802,2,76592.000,28437,192000,3999.562,120.0,8,20,2,0.01178,0.00000,0.01178,0.00000,0.00000
76.905,0,76886.000,42573,192000,3999.062,120.0,8,20,2,0.00345,0.00000,0.00345,0.00000,0.00000
76.905,1,77079.000,51798,192000,3999.875,120.0,8,20,2,0.00000,0.00000,0.00000,0.00000,0.00000
76.905,2,76694.000,33346,192000,3999.292,120.0,8,20,2,0.00770,0.00000,0.00770,0.00000,0.00000
77.007,0,76989.000,47484,192000,3999.750,120.0,8,20,2,0.00226,0.00000,0.00226,0.00000,0.00000
77.007,1,77181.000,56722,192000,3999.292,120.0,8,20,2,0.00000,0.00000,0.00000,0.00000,0.00000
77.007,2,76796.000,38245,192000,3999.229,120.0,8,20,2,0.00504,0.00000,0.00504,0.00000,0.00000
77.108,0,77090.000,52329,192000,3999.812,120.0,8,20,2,0.00148,0.00000,0.00148,0.00000,0.00000
77.108,1,77282.000,61579,192000,3999.104,120.0,8,20,2,0.00000,0.00000,0.00000,0.00000,0.00000
77.108,2,76897.000,43078,192000,3999.542,120.0,8,20,2,0.00331,0.00000,0.00331,0.00000,0.00000
77.210,0,77192.000,57243,192000,3999.438,120.0,8,20,2,0.00097,0.00000,0.00097,0.00000,0.00000
77.210,1,77385.000,66506,192000,3999.458,120.0,8,20,2,0.00000,0.00000,0.00000,0.00000,0.00000
77.210,2,76999.000,47980,192000,3999.417,120.0,8,20,2,0.00217,0.00000,0.00217,0.00000,0.00000
77.311,0,77293.000,62101,192000,3999.229,120.0,8,20,2,0.00064,0.00000,0.00064,0.00000,0.00000
77.311,1,77486.000,71375,192000,3999.021,120.0,8,20,2,0.00000,0.00000,0.00000,0.00000,0.00000
77.311,2,77100.000,52825,192000,3999.479,120.0,8,20,2,0.00142,0.00000,0.00142,0.00000,0.00000
77.413,0,77395.000,66971,192000,3999.771,120.0,8,20,2,0.00042,0.00000,0.00042,0.00000,0.00000
77.413,1,77588.000,76258,192000,3999.292,120.0,8,20,2,0.00000,0.00000,0.00000,0.00000,0.00000
77.413,2,77201.000,57683,192000,3999.271,120.0,8,20,2,0.00093,0.00000,0.00093,0.00000,0.00000
77.515,0,77497.000,71857,192000,3999.979,120.0,8,20,2,0.00027,0.00000,0.00027,0.00000,0.00000
77.515,1,77690.000,81156,192000,3999.250,120.0,8,20,2,0.00000,0.00000,0.00000,0.00000,0.00000
77.515,2,77303.000,62557,192000,3999.729,120.0,8,20,2,0.00061,0.00000,0.00061,0.00000,0.00000
77.616,0,77598.000,76728,192000,3999.500,120.0,8,20,2,0.00018,0.00000,0.00018,0.00000,0.00000
77.616,1,77792.000,86039,192000,3999.521,120.0,8,20,2,0.00000,0.00000,0.00000,0.00000,0.00000
77.616,2,77404.000,67416,192000,3999.500,120.0,8,20,2,0.00040,0.00000,0.00040,0.00000,0.00000
77.718,0,77700.000,81617,192000,3999.646,120.0,8,20,2,0.00012,0.00000,0.00012,0.00000,0.00000
77.718,1,77894.000,90941,192000,3999.396,120.0,8,20,2,0.00000,0.00000,0.00000,0.00000,0.00000
77.718,2,77506.000,72293,192000,3999.896,120.0,8,20,2,0.00026,0.00000,0.00026,0.00000,0.00000
77.819,0,77801.000,86451,192000,3999.938,120.0,8,20,2,0.00008,0.00000,0.00008,0.00000,0.00000
77.819,1,77995.000,95787,192000,3999.438,120.0,8,20,2,0.00000,0.00000,0.00000,0.00000,0.00000
77.819,2,77606.000,77114,192000,3999.458,120.0,8,20,2,0.00017,0.00000,0.00017,0.00000,0.00000
77.920,0,77902.000,91334,192000,3999.208,120.0,8,20,2,0.00005,0.00000,0.00005,0.00000,0.00000
77.920,1,78097.000,100682,192000,3999.458,120.0,8,20,2,0.00000,0.00000,0.00000,0.00000,0.00000
77.920,2,77708.000,81985,192000,3999.979,120.0,8,20,2,0.00011,0.00000,0.00011,0.00000,0.00000
78.022,0,78004.000,96206,192000,3999.708,120.0,8,20,2,0.00003,0.00000,0.00003,0.00000,0.00000
78.022,1,78199.000,105566,192000,3999.708,120.0,8,20,2,0.00000,0.00000,0.00000,0.00000,0.00000
78.022,2,77809.000,86845,192000,3999.729,120.0,8,20,2,0.00007,0.00000,0.00007,0.00000,0.00000
78.123,0,78105.000,101062,192000,3999.542,120.0,8,20,2,0.00002,0.00000,0.00002,0.00000,0.00000
78.123,1,78300.000,110434,192000,3999.292,120.0,8,20,2,0.00000,0.00000,0.00000,0.00000,0.00000
78.123,2,77910.000,91689,192000,3999.812,120.0,8,20,2,0.00005,0.00000,0.00005,0.00000,0.00000
78.225,0,78207.000,105955,192000,3999.604,120.0,8,20,2,0.00001,0.00000,0.00001,0.00000,0.00000
78.225,1,78402.000,115340,192000,3999.083,120.0,8,20,2,0.00000,0.00000,0.00000,0.00000,0.00000
78.225,2,78011.000,96570,192000,3999.125,120.0,8,20,2,0.00003,0.00000,0.00003,0.00000,0.00000
78.326,0,78308.000,110811,192000,3999.438,120.0,8,20,2,0.00001,0.00000,0.00001,0.00000,0.00000
78.326,1,78504.000,120207,192000,3999.688,120.0,8,20,2,0.00000,0.00000,0.00000,0.00000,0.00000
78.326,2,78112.000,101413,192000,3999.229,120.0,8,20,2,0.00002,0.00000,0.00002,0.00000,0.00000
78.427,0,78408.000,115626,192000,3999.125,120.0,8,20,2,0.00001,0.00000,0.00001,0.00000,0.00000
78.427,1,78604.000,125034,192000,3999.125,120.0,8,20,2,0.00000,0.00000,0.00000,0.00000,0.00000
78.427,2,78212.000,106216,192000,3999.167,120.0,8,20,2,0.00001,0.00000,0.00001,0.00000,0.00000
78.527,0,78509.000,120457,192000,3999.479,120.0,8,20,2,0.00000,0.00000,0.00000,0.00000,0.00000
78.527,1,78705.000,129877,192000,3999.229,120.0,8,20,2,0.00000,0.00000,0.00000,0.00000,0.00000
78.527,2,78313.000,111035,192000,3999.771,120.0,8,20,2,0.00001,0.00000,0.00001,0.00000,0.00000
78.628,0,78610.000,125298,192000,3999.625,120.0,8,20,2,0.00000,0.00000,0.00000,0.00000,0.00000
78.628,1,78806.000,134730,192000,3999.125,120.0,8,20,2,0.00000,0.00000,0.00000,0.00000,0.00000
78.628,2,78413.000,115864,192000,3999.167,120.0,8,20,2,0.00001,0.00000,0.00001,0.00000,0.00000
78.729,0,78710.000,130122,192000,3999.125,120.0,8,20,2,0.00000,0.00000,0.00000,0.00000,0.00000
78.729,1,78907.000,139567,192000,3999.354,120.0,8,20,2,0.00000,0.00000,0.00000,0.00000,0.00000
78.729,2,78514.000,120676,192000,3999.917,120.0,8,20,2,0.00000,0.00000,0.00000,0.00000,0.00000
78.830,0,78812.000,134984,192000,3999.833,120.0,8,20,2,0.00000,0.00000,0.00000,0.00000,0.00000
78.830,1,79009.000,144441,192000,3999.812,120.0,8,20,2,0.00000,0.00000,0.00000,0.00000,0.00000
78.830,2,78615.000,125526,192000,3999.875,120.0,8,20,2,0.00000,0.00000,0.00000,0.00000,0.00000
78.931,0,78913.000,139846,192000,3999.542,120.0,8,20,2,0.00000,0.00000,0.00000,0.00000,0.00000
78.931,1,79110.000,149315,192000,3999.271,120.0,8,20,2,0.00000,0.00000,0.00000,0.00000,0.00000
78.931,2,78716.000,130376,192000,3999.833,120.0,8,20,2,0.00000,0.00000,0.00000,0.00000,0.00000
79.033,0,79015.000,144727,192000,3999.854,120.0,8,20,2,0.00000,0.00000,0.00000,0.00000,0.00000
79.033,1,79212.000,154209,192000,3999.312,120.0,8,20,2,0.00000,0.00000,0.00000,0.00000,0.00000
79.033,2,78817.000,135245,192000,3999.396,120.0,8,20,2,0.00000,0.00000,0.00000,0.00000,0.00000
79.134,0,79116.000,149569,192000,3999.979,120.0,8,20,2,0.00000,0.00000,0.00000,0.00000,0.00000
79.134,1,79313.000,159062,192000,3999.208,120.0,8,20,2,0.00000,0.00000,0.00000,0.00000,0.00000
79.134,2,78918.000,140074,192000,3999.792,120.0,8,20,2,0.00000,0.00000,0.00000,0.00000,0.00000
79.235,0,79217.000,154457,192000,3999.146,120.0,8,20,2,0.00000,0.00000,0.00000,0.00000,0.00000
79.235,1,79415.000,163962,192000,3999.125,120.0,8,20,2,0.00000,0.00000,0.00000,0.00000,0.00000
79.235,2,79019.000,144950,192000,3999.208,120.0,8,20,2,0.00000,0.00000,0.00000,0.00000,0.00000
79.336,0,79318.000,159276,192000,3999.750,120.0,8,20,2,0.00000,0.00000,0.00000,0.00000,0.00000
79.336,1,79516.000,168793,192000,3999.479,120.0,8,20,2,0.00000,0.00000,0.00000,0.00000,0.00000
79.336,2,79119.000,149757,192000,3999.062,120.0,8,20,2,0.00000,0.00000,0.00000,0.00000,0.00000
79.439,0,79420.000,164207,192000,3999.021,120.0,8,20,2,0.00000,0.00000,0.00000,0.00000,0.00000
79.439,1,79619.000,173737,192000,3999.479,120.0,8,20,2,0.00000,0.00000,0.00000,0.00000,0.00000
79.439,2,79222.000,154676,192000,3999.583,120.0,8,20,2,0.00000,0.00000,0.00000,0.00000,0.00000
79.540,0,79522.000,169096,192000,3999.167,120.0,8,20,2,0.00000,0.00000,0.00000,0.00000,0.00000
79.540,1,79721.000,178639,192000,3999.354,120.0,8,20,2,0.00000,0.00000,0.00000,0.00000,0.00000
79.540,2,79324.000,159553,192000,3999.979,120.0,8,20,2,0.00000,0.00000,0.00000,0.00000,0.00000
79.642,0,79624.000,173954,192000,3999.958,120.0,8,20,2,0.00000,0.00000,0.00000,0.00000,0.00000
79.642,1,79823.000,183508,192000,3999.917,120.0,8,20,2,0.00000,0.00000,0.00000,0.00000,0.00000
79.642,2,79424.000,164398,192000,3999.042,120.0,8,20,2,0.00000,0.00000,0.00000,0.00000,0.00000
79.745,0,79727.000,178931,192000,3999.271,120.0,8,20,2,0.00000,0.00000,0.00000,0.00000,0.00000
79.745,1,79927.000,188497,192000,3999.979,120.0,8,20,2,0.00000,0.00000,0.00000,0.00000,0.00000
79.745,2,79528.000,169363,192000,3999.604,120.0,8,20,2,0.00000,0.00000,0.00000,0.00000,0.00000
79.846,0,79828.000,183755,192000,3999.771,120.0,8,20,2,0.00000,0.00000,0.00000,0.00000,0.00000
79.846,1,80027.000,1334,192000,3999.208,120.0,8,21,2,0.12285,0.12285,0.12278,0.00000,0.00000
79.846,2,79628.000,174175,192000,3999.354,120.0,8,20,2,0.00000,0.00000,0.00000,0.00000,0.00000
79.950,0,79932.000,188737,192000,3999.979,120.0,8,20,2,0.00000,0.00000,0.00000,0.00000,0.00000
79.950,1,80131.000,6328,192000,3999.167,120.0,8,21,2,0.07970,0.07970,0.07965,0.00000,0.00000
79.950,2,79732.000,179145,192000,3999.812,120.0,8,20,2,0.00000,0.00000,0.00000,0.00000,0.00000
80.050,0,80032.000,1543,192000,3999.854,120.0,8,21,2,0.12032,0.12032,0.00000,0.00000,0.00000
80.050,1,80232.000,11147,192000,3999.771,120.0,8,21,2,0.05249,0.05249,0.05246,0.00000,0.00000
80.050,2,79832.000,183939,192000,3999.938,120.0,8,20,2,0.00000,0.00000,0.00000,0.00000,0.00000
80.152,0,80134.000,6441,192000,3999.812,120.0,8,21,2,0.07871,0.07871,0.00000,0.00000,0.00000
80.152,1,80334.000,16056,192000,3999.500,120.0,8,21,2,0.03431,0.03431,0.03429,0.00000,0.00000
80.152,2,79933.000,188824,192000,3999.167,120.0,8,20,2,0.00000,0.00000,0.00000,0.00000,0.00000
80.254,0,80236.000,11365,192000,3999.229,120.0,8,21,2,0.05138,0.05138,0.00000,0.00000,0.00000
80.254,1,80437.000,20993,192000,3999.646,120.0,8,21,2,0.02237,0.02237,0.02235,0.00000,0.00000
80.254,2,80036.000,1736,192000,3999.833,120.0,8,21,2,0.11843,0.11843,0.00000,0.00000,0.00000
80.358,0,80340.000,16321,192000,3999.979,120.0,8,21,2,0.03344,0.03344,0.00000,0.00000,0.00000
80.358,1,80540.000,25961,192000,3999.146,120.0,8,21,2,0.01454,0.01454,0.01454,0.00000,0.00000
80.358,2,80139.000,6680,192000,3999.833,120.0,8,21,2,0.07717,0.07717,0.00000,0.00000,0.00000
80.458,0,80440.000,21124,192000,3999.917,120.0,8,21,2,0.02206,0.02206,0.00000,0.00000,0.00000
80.458,1,80641.000,30776,192000,3999.833,120.0,8,21,2,0.00958,0.00958,0.00958,0.00000,0.00000
80.458,2,80238.000,11471,192000,3999.021,120.0,8,21,2,0.05095,0.05095,0.00000,0.00000,0.00000
80.559,0,80541.000,25991,192000,3999.521,120.0,8,21,2,0.01447,0.01447,0.00000,0.00000,0.00000
80.559,1,80742.000,35656,192000,3999.167,120.0,8,21,2,0.00628,0.00628,0.00628,0.00000,0.00000
80.559,2,80340.000,16326,192000,3999.875,120.0,8,21,2,0.03346,0.03346,0.00000,0.00000,0.00000
80.660,0,80642.000,30846,192000,3999.375,120.0,8,21,2,0.00950,0.00950,0.00000,0.00000,0.00000
80.660,1,80844.000,40522,192000,3999.792,120.0,8,21,2,0.00412,0.00412,0.00412,0.00000,0.00000
80.660,2,80441.000,21168,192000,0.000,120.0,8,21,2,0.02199,0.02199,0.00000,0.00000,0.00000
80.762,0,80744.000,35750,192000,3999.208,120.0,8,21,2,0.00621,0.00621,0.00000,0.00000,0.00000
80.762,1,80946.000,45438,192000,3999.375,120.0,8,21,2,0.00269,0.00269,0.00269,0.00000,0.00000
80.762,2,80542.000,26060,192000,3999.083,120.0,8,21,2,0.01439,0.01439,0.00000,0.00000,0.00000
80.864,0,80846.000,40618,192000,3999.792,120.0,8,21,2,0.00407,0.00407,0.00000,0.00000,0.00000
80.864,1,81048.000,50319,192000,3999.688,120.0,8,21,2,0.00176,0.00176,0.00176,0.00000,0.00000
80.864,2,80644.000,30916,192000,3999.917,120.0,8,21,2,0.00945,0.00945,0.00000,0.00000,0.00000
80.967,0,80949.000,45554,192000,3999.958,120.0,8,21,2,0.00266,0.00266,0.00000,0.00000,0.00000
80.967,1,81151.000,55268,192000,3999.583,120.0,8,21,2,0.00115,0.00115,0.00115,0.00000,0.00000
80.967,2,80746.000,35840,192000,3999.333,120.0,8,21,2,0.00617,0.00617,0.00000,0.00000,0.00000
81.067,0,81049.000,50359,192000,3999.854,120.0,8,21,2,0.00175,0.00175,0.00000,0.00000,0.00000
81.067,1,81251.000,60084,192000,3999.250,120.0,8,21,2,0.00076,0.00076,0.00076,0.00000,0.00000
81.067,2,80846.000,40632,192000,3999.500,120.0,8,21,2,0.00407,0.00407,0.00000,0.00000,0.00000
81.167,0,81149.000,55190,192000,3999.208,120.0,8,21,2,0.00115,0.00115,0.00000,0.00000,0.00000
81.167,1,81352.000,64927,192000,3999.354,120.0,8,21,2,0.00050,0.00050,0.00050,0.00000,0.00000
81.167,2,80946.000,45451,192000,3999.104,120.0,8,21,2,0.00268,0.00268,0.00000,0.00000,0.00000
81.270,0,81251.000,60095,192000,3999.021,120.0,8,21,2,0.00075,0.00075,0.00000,0.00000,0.00000
81.270,1,81455.000,69844,192000,3999.917,120.0,8,21,2,0.00032,0.00032,0.00032,0.00000,0.00000
81.270,2,81048.000,50344,192000,3999.167,120.0,8,21,2,0.00176,0.00176,0.00000,0.00000,0.00000
81.371,0,81353.000,64976,192000,3999.333,120.0,8,21,2,0.00049,0.00049,0.00000,0.00000,0.00000
81.371,1,81557.000,74738,192000,3999.958,120.0,8,21,2,0.00021,0.00021,0.00021,0.00000,0.00000
81.371,2,81150.000,55213,192000,3999.729,120.0,8,21,2,0.00115,0.00115,0.00000,0.00000,0.00000
81.474,0,81456.000,69901,192000,3999.729,120.0,8,21,2,0.00032,0.00032,0.00000,0.00000,0.00000
81.474,1,81659.000,79675,192000,3999.104,120.0,8,21,2,0.00014,0.00014,0.00014,0.00000,0.00000
81.474,2,81252.000,60126,192000,3999.375,120.0,8,21,2,0.00075,0.00075,0.00000,0.00000,0.00000
81.575,0,81556.000,74733,192000,3999.062,120.0,8,21,2,0.00021,0.00021,0.00000,0.00000,0.00000
81.575,1,81760.000,84520,192000,3999.167,120.0,8,21,2,0.00009,0.00009,0.00009,0.00000,0.00000
81.575,2,81353.000,64946,192000,3999.958,120.0,8,21,2,0.00050,0.00050,0.00000,0.00000,0.00000
81.675,0,81657.000,79536,192000,0.000,120.0,8,21,2,0.00014,0.00014,0.00000,0.00000,0.00000
81.675,1,81861.000,89334,192000,3999.875,120.0,8,21,2,0.00006,0.00006,0.00006,0.00000,0.00000
81.675,2,81452.000,69736,192000,3999.167,120.0,8,21,2,0.00033,0.00033,0.00000,0.00000,0.00000
81.777,0,81759.000,84464,192000,3999.333,120.0,8,21,2,0.00009,0.00009,0.00000,0.00000,0.00000
81.777,1,81964.000,94274,192000,3999.958,120.0,8,21,2,0.00004,0.00004,0.00004,0.00000,0.00000
81.777,2,81555.000,74652,192000,3999.750,120.0,8,21,2,0.00021,0.00021,0.00000,0.00000,0.00000
81.879,0,81861.000,89355,192000,3999.438,120.0,8,21,2,0.00006,0.00006,0.00000,0.00000,0.00000
81.879,1,82066.000,99177,192000,3999.812,120.0,8,21,2,0.00003,0.00003,0.00003,0.00000,0.00000
81.879,2,81656.000,79531,192000,3999.104,120.0,8,21,2,0.00014,0.00014,0.00000,0.00000,0.00000
81.979,0,81961.000,94164,192000,3999.250,120.0,8,21,2,0.00004,0.00004,0.00000,0.00000,0.00000
81.979,1,82166.000,103999,192000,3999.354,120.0,8,21,2,0.00002,0.00002,0.00002,0.00000,0.00000
81.979,2,81756.000,84328,192000,3999.167,120.0,8,21,2,0.00009,0.00009,0.00000,0.00000,0.00000
82.080,0,82062.000,98991,192000,3999.688,120.0,8,21,2,0.00003,0.00003,0.00000,0.00000,0.00000
82.080,1,82267.000,108838,192000,3999.542,120.0,8,21,2,0.00001,0.00001,0.00001,0.00000,0.00000
82.080,2,81857.000,89143,192000,3999.854,120.0,8,21,2,0.00006,0.00006,0.00000,0.00000,0.00000
82.181,0,82162.000,103820,192000,3999.083,120.0,8,21,2,0.00002,0.00002,0.00000,0.00000,0.00000
82.181,1,82368.000,113679,192000,3999.688,120.0,8,21,2,0.00001,0.00001,0.00001,0.00000,0.00000
82.181,2,81957.000,93960,192000,3999.500,120.0,8,21,2,0.00004,0.00004,0.00000,0.00000,0.00000
82.282,0,82264.000,108677,192000,3999.896,120.0,8,21,2,0.00001,0.00001,0.00000,0.00000,0.00000
82.282,1,82469.000,118549,192000,3999.229,120.0,8,21,2,0.00000,0.00000,0.00000,0.00000,0.00000
82.282,2,82058.000,98805,192000,3999.562,120.0,8,21,2,0.00003,0.00003,0.00000,0.00000,0.00000
82.384,0,82366.000,113592,192000,3999.500,120.0,8,21,2,0.00001,0.00001,0.00000,0.00000,0.00000
82.384,1,82572.000,123475,192000,3999.604,120.0,8,21,2,0.00000,0.00000,0.00000,0.00000,0.00000
82.384,2,82160.000,103708,192000,3999.417,120.0,8,21,2,0.00002,0.00002,0.00000,0.00000,0.00000
82.485,0,82466.000,118414,192000,3999.042,120.0,8,21,2,0.00000,0.00000,0.00000,0.00000,0.00000
82.485,1,82673.000,128309,192000,3999.896,120.0,8,21,2,0.00000,0.00000,0.00000,0.00000,0.00000
82.485,2,82260.000,108517,192000,3999.229,120.0,8,21,2,0.00001,0.00001,0.00000,0.00000,0.00000
82.587,0,82569.000,123328,192000,3999.667,120.0,8,21,2,0.00000,0.00000,0.00000,0.00000,0.00000
82.587,1,82775.000,133236,192000,3999.250,120.0,8,21,2,0.00000,0.00000,0.00000,0.00000,0.00000
82.587,2,82362.000,113419,192000,3999.104,120.0,8,21,2,0.00001,0.00001,0.00000,0.00000,0.00000
82.690,0,82671.000,128253,192000,3999.062,120.0,8,21,2,0.00000,0.00000,0.00000,0.00000,0.00000
82.690,1,82878.000,138174,192000,3999.375,120.0,8,21,2,0.00000,0.00000,0.00000,0.00000,0.00000
82.690,2,82465.000,118332,192000,3999.750,120.0,8,21,2,0.00000,0.00000,0.00000,0.00000,0.00000
82.790,0,82772.000,133085,192000,3999.396,120.0,8,21,2,0.00000,0.00000,0.00000,0.00000,0.00000
82.790,1,82979.000,143017,192000,3999.479,120.0,8,21,2,0.00000,0.00000,0.00000,0.00000,0.00000
82.790,2,82565.000,123152,192000,3999.333,120.0,8,21,2,0.00000,0.00000,0.00000,0.00000,0.00000
82.892,0,82874.000,137963,192000,3999.771,120.0,8,21,2,0.00000,0.00000,0.00000,0.00000,0.00000
82.892,1,83081.000,147908,192000,3999.583,120.0,8,21,2,0.00000,0.00000,0.00000,0.00000,0.00000
82.892,2,82667.000,128018,192000,3999.958,120.0,8,21,2,0.00000,0.00000,0.00000,0.00000,0.00000
82.994,0,82976.000,142883,192000,3999.271,120.0,8,21,2,0.00000,0.00000,0.00000,0.00000,0.00000
82.994,1,83184.000,152839,192000,3999.854,120.0,8,21,2,0.00000,0.00000,0.00000,0.00000,0.00000
82.994,2,82769.000,132925,192000,3999.729,120.0,8,21,2,0.00000,0.00000,0.00000,0.00000,0.00000
83.095,0,83076.000,147692,192000,3999.083,120.0,8,21,2,0.00000,0.00000,0.00000,0.00000,0.00000
83.095,1,83284.000,157661,192000,3999.396,120.0,8,21,2,0.00000,0.00000,0.00000,0.00000,0.00000
83.095,2,82869.000,137722,192000,3999.792,120.0,8,21,2,0.00000,0.00000,0.00000,0.00000,0.00000
83.197,0,83178.000,152589,192000,3999.062,120.0,8,21,2,0.00000,0.00000,0.00000,0.00000,0.00000
83.197,1,83386.000,162570,192000,3999.125,120.0,8,21,2,0.00000,0.00000,0.00000,0.00000,0.00000
83.197,2,82970.000,142607,192000,3999.021,120.0,8,21,2,0.00000,0.00000,0.00000,0.00000,0.00000
83.299,0,83281.000,157504,192000,3999.667,120.0,8,21,2,0.00000,0.00000,0.00000,0.00000,0.00000
83.299,1,83489.000,167497,192000,3999.479,120.0,8,21,2,0.00000,0.00000,0.00000,0.00000,0.00000
83.299,2,83073.000,147510,192000,3999.875,120.0,8,21,2,0.00000,0.00000,0.00000,0.00000,0.00000
83.399,0,83381.000,162306,192000,3999.625,120.0,8,21,2,0.00000,0.00000,0.00000,0.00000,0.00000
83.399,1,83589.000,172311,192000,3999.188,120.0,8,21,2,0.00000,0.00000,0.00000,0.00000,0.00000
83.399,2,83172.000,152300,192000,3999.083,120.0,8,21,2,0.00000,0.00000,0.00000,0.00000,0.00000
83.501,0,83483.000,167224,192000,3999.167,120.0,8,21,2,0.00000,0.00000,0.00000,0.00000,0.00000
83.501,1,83692.000,177242,192000,3999.458,120.0,8,21,2,0.00000,0.00000,0.00000,0.00000,0.00000
83.501,2,83275.000,157206,192000,3999.875,120.0,8,21,2,0.00000,0.00000,0.00000,0.00000,0.00000
83.609,0,83590.000,172364,192000,3999.083,120.0,8,21,2,0.00000,0.00000,0.00000,0.00000,0.00000
83.609,1,83799.000,182395,192000,3999.104,120.0,8,21,2,0.00000,0.00000,0.00000,0.00000,0.00000
83.609,2,83381.000,162333,192000,3999.062,120.0,8,21,2,0.00000,0.00000,0.00000,0.00000,0.00000
83.709,0,83691.000,177173,192000,3999.896,120.0,8,21,2,0.00000,0.00000,0.00000,0.00000,0.00000
83.709,1,83900.000,187216,192000,3999.667,120.0,8,21,2,0.00000,0.00000,0.00000,0.00000,0.00000
83.709,2,83481.000,167130,192000,3999.125,120.0,8,21,2,0.00000,0.00000,0.00000,0.00000,0.00000
83.811,0,83793.000,182069,192000,3999.896,120.0,8,21,2,0.00000,0.00000,0.00000,0.00000,0.00000
83.811,1,84002.000,123,192000,3999.438,120.0,8,22,2,0.00000,0.00000,0.00000,0.00000,0.00000
83.811,2,83583.000,172013,192000,3999.396,120.0,8,21,2,0.00000,0.00000,0.00000,0.00000,0.00000
83.913,0,83895.000,186971,192000,3999.771,120.0,8,21,2,0.00000,0.00000,0.00000,0.00000,0.00000
83.913,1,84104.000,5038,192000,3999.042,120.0,8,22,2,0.00000,0.00000,0.00000,0.00000,0.00000
83.913,2,83685.000,176903,192000,3999.521,120.0,8,21,2,0.00000,0.00000,0.00000,0.00000,0.00000
84.013,0,83995.000,191774,192000,3999.708,120.0,8,21,2,0.00000,0.00000,0.00000,0.00000,0.00000
84.013,1,84205.000,9852,192000,3999.750,120.0,8,22,2,0.00000,0.00000,0.00000,0.00000,0.00000
84.013,2,83785.000,181694,192000,3999.708,120.0,8,21,2,0.00000,0.00000,0.00000,0.00000,0.00000
84.116,0,84098.000,4718,192000,3999.708,120.0,8,22,2,0.00000,0.00000,0.00000,0.00000,0.00000
84.116,1,84308.000,14810,192000,3999.458,120.0,8,22,2,0.00000,0.00000,0.00000,0.00000,0.00000
84.116,2,83888.000,186626,192000,3999.958,120.0,8,21,2,0.00000,0.00000,0.00000,0.00000,0.00000
84.217,0,84199.000,9571,192000,3999.604,120.0,8,22,2,0.00000,0.00000,0.00000,0.00000,0.00000
84.217,1,84409.000,19675,192000,3999.104,120.0,8,22,2,0.00000,0.00000,0.00000,0.00000,0.00000
84.217,2,83988.000,191467,192000,3999.104,120.0,8,21,2,0.00000,0.00000,0.00000,0.00000,0.00000
84.317,0,84299.000,14387,192000,3999.271,120.0,8,22,2,0.00000,0.00000,0.00000,0.00000,0.00000
84.317,1,84510.000,24503,192000,3999.521,120.0,8,22,2,0.00000,0.00000,0.00000,0.00000,0.00000
84.317,2,84088.000,4271,192000,3999.021,120.0,8,22,2,0.00000,0.00000,0.00000,0.00000,0.00000
84.419,0,84401.000,19282,192000,3999.292,120.0,8,22,2,0.00000,0.00000,0.00000,0.00000,0.00000
84.419,1,84612.000,29410,192000,3999.292,120.0,8,22,2,0.00000,0.00000,0.00000,0.00000,0.00000
84.419,2,84190.000,9154,192000,3999.292,120.0,8,22,2,0.00000,0.00000,0.00000,0.00000,0.00000
84.521,0,84503.000,24171,192000,3999.438,120.0,8,22,2,0.00000,0.00000,0.00000,0.00000,0.00000
84.521,1,84714.000,34311,192000,3999.188,120.0,8,22,2,0.00000,0.00000,0.00000,0.00000,0.00000
84.521,2,84292.000,14030,192000,3999.708,120.0,8,22,2,0.00000,0.00000,0.00000,0.00000,0.00000
84.624,0,84606.000,29094,192000,3999.875,120.0,8,22,2,0.00000,0.00000,0.00000,0.00000,0.00000
84.624,1,84817.000,39246,192000,3999.375,120.0,8,22,2,0.00000,0.00000,0.00000,0.00000,0.00000
84.624,2,84394.000,18940,192000,3999.417,120.0,8,22,2,0.00000,0.00000,0.00000,0.00000,0.00000
84.726,0,84708.000,34025,192000,3999.146,120.0,8,22,2,0.00000,0.00000,0.00000,0.00000,0.00000
84.726,1,84920.000,44189,192000,3999.396,120.0,8,22,2,0.00000,0.00000,0.00000,0.00000,0.00000
84.726,2,84497.000,23860,192000,3999.917,120.0,8,22,2,0.00000,0.00000,0.00000,0.00000,0.00000
84.827,0,84809.000,38864,192000,3999.333,120.0,8,22,2,0.00000,0.00000,0.00000,0.00000,0.00000
84.827,1,85021.000,49041,192000,3999.312,120.0,8,22,2,0.00000,0.00000,0.00000,0.00000,0.00000
84.827,2,84597.000,28687,192000,3999.354,120.0,8,22,2,0.00000,0.00000,0.00000,0.00000,0.00000
84.928,0,84910.000,43699,192000,3999.604,120.0,8,22,2,0.00000,0.00000,0.00000,0.00000,0.00000
84.928,1,85122.000,53887,192000,3999.354,120.0,8,22,2,0.00000,0.00000,0.00000,0.00000,0.00000
84.928,2,84698.000,33509,192000,3999.896,120.0,8,22,2,0.00000,0.00000,0.00000,0.00000,0.00000
85.029,0,85010.000,48523,192000,3999.104,120.0,8,22,2,0.00000,0.00000,0.00000,0.00000,0.00000
85.029,1,85223.000,58724,192000,3999.583,120.0,8,22,2,0.00000,0.00000,0.00000,0.00000,0.00000
85.029,2,84798.000,38321,192000,3999.646,120.0,8,22,2,0.00000,0.00000,0.00000,0.00000,0.00000
85.129,0,85110.000,53324,192000,3999.083,120.0,8,22,2,0.00000,0.00000,0.00000,0.00000,0.00000
85.129,1,85323.000,63537,192000,3999.312,120.0,8,22,2,0.00000,0.00000,0.00000,0.00000,0.00000
85.129,2,84898.000,43111,192000,3999.854,120.0,8,22,2,0.00000,0.00000,0.00000,0.00000,0.00000
85.230,0,85212.000,58203,192000,3999.438,120.0,8,22,2,0.00000,0.00000,0.00000,0.00000,0.00000
85.230,1,85425.000,68428,192000,3999.417,120.0,8,22,2,0.00000,0.00000,0.00000,0.00000,0.00000
85.230,2,84999.000,47978,192000,3999.458,120.0,8,22,2,0.00000,0.00000,0.00000,0.00000,0.00000
85.332,0,85314.000,63102,192000,3999.375,120.0,8,22,2,0.00000,0.00000,0.00000,0.00000,0.00000
85.332,1,85527.000,73339,192000,3999.104,120.0,8,22,2,0.00000,0.00000,0.00000,0.00000,0.00000
85.332,2,85101.000,52864,192000,3999.667,120.0,8,22,2,0.00000,0.00000,0.00000,0.00000,0.00000
85.435,0,85417.000,68041,192000,3999.479,120.0,8,22,2,0.00000,0.00000,0.00000,0.00000,0.00000
85.435,1,85631.000,78291,192000,3999.938,120.0,8,22,2,0.00000,0.00000,0.00000,0.00000,0.00000
85.435,2,85203.000,57791,192000,3999.021,120.0,8,22,2,0.00000,0.00000,0.00000,0.00000,0.00000
85.535,0,85517.000,72848,192000,3999.333,120.0,8,22,2,0.00000,0.00000,0.00000,0.00000,0.00000
85.535,1,85731.000,83110,192000,3999.542,120.0,8,22,2,0.00000,0.00000,0.00000,0.00000,0.00000
85.535,2,85303.000,62586,192000,3999.125,120.0,8,22,2,0.00000,0.00000,0.00000,0.00000,0.00000
85.636,0,85618.000,77703,192000,3999.188,120.0,8,22,2,0.00000,0.00000,0.00000,0.00000,0.00000
85.636,1,85832.000,87977,192000,3999.146,120.0,8,22,2,0.00000,0.00000,0.00000,0.00000,0.00000
85.636,2,85404.000,67429,192000,3999.229,120.0,8,22,2,0.00000,0.00000,0.00000,0.00000,0.00000
85.739,0,85721.000,82622,192000,3999.708,120.0,8,22,2,0.00000,0.00000,0.00000,0.00000,0.00000
85.739,1,85935.000,92908,192000,3999.417,120.0,8,22,2,0.00000,0.00000,0.00000,0.00000,0.00000
85.739,2,85506.000,72335,192000,3999.021,120.0,8,22,2,0.00000,0.00000,0.00000,0.00000,0.00000
85.841,0,85823.000,87513,192000,3999.812,120.0,8,22,2,0.00000,0.00000,0.00000,0.00000,0.00000
85.841,1,86037.000,97811,192000,3999.271,120.0,8,22,2,0.00000,0.00000,0.00000,0.00000,0.00000
85.841,2,85608.000,77214,192000,3999.375,120.0,8,22,2,0.00000,0.00000,0.00000,0.00000,0.00000
85.943,0,85925.000,92438,192000,3999.208,120.0,8,22,2,0.00000,0.00000,0.00000,0.00000,0.00000
85.943,1,86140.000,102748,192000,3999.417,120.0,8,22,2,0.00000,0.00000,0.00000,0.00000,0.00000
85.943,2,85710.000,82126,192000,3999.042,120.0,8,22,2,0.00000,0.00000,0.00000,0.00000,0.00000
86.044,0,86026.000,97265,192000,3999.646,120.0,8,22,2,0.00000,0.00000,0.00000,0.00000,0.00000
86.044,1,86241.000,107588,192000,3999.583,120.0,8,22,2,0.00000,0.00000,0.00000,0.00000,0.00000
86.044,2,85811.000,86942,192000,3999.708,120.0,8,22,2,0.00000,0.00000,0.00000,0.00000,0.00000
86.145,0,86127.000,102115,192000,3999.604,120.0,8,22,2,0.00000,0.00000,0.00000,0.00000,0.00000
86.145,1,86342.000,112449,192000,3999.312,120.0,8,22,2,0.00000,0.00000,0.00000,0.00000,0.00000
86.145,2,85912.000,91779,192000,3999.938,120.0,8,22,2,0.00000,0.00000,0.00000,0.00000,0.00000
86.246,0,86228.000,106955,192000,3999.771,120.0,8,22,2,0.00000,0.00000,0.00000,0.00000,0.00000
86.246,1,86443.000,117302,192000,3999.208,120.0,8,22,2,0.00000,0.00000,0.00000,0.00000,0.00000
86.246,2,86012.000,96608,192000,3999.333,120.0,8,22,2,0.00000,0.00000,0.00000,0.00000,0.00000
86.347,0,86329.000,111818,192000,3999.458,120.0,8,22,2,0.00000,0.00000,0.00000,0.00000,0.00000
86.347,1,86545.000,122177,192000,3999.646,120.0,8,22,2,0.00000,0.00000,0.00000,0.00000,0.00000
86.347,2,86113.000,101459,192000,3999.271,120.0,8,22,2,0.00000,0.00000,0.00000,0.00000,0.00000
86.448,0,86430.000,116667,192000,3999.438,120.0,8,22,2,0.00000,0.00000,0.00000,0.00000,0.00000
86.448,1,86646.000,127038,192000,3999.375,120.0,8,22,2,0.00000,0.00000,0.00000,0.00000,0.00000
86.448,2,86214.000,106295,192000,3999.521,120.0,8,22,2,0.00000,0.00000,0.00000,0.00000,0.00000
86.551,0,86533.000,121589,192000,3999.896,120.0,8,22,2,0.00000,0.00000,0.00000,0.00000,0.00000
86.551,1,86749.000,131972,192000,3999.583,120.0,8,22,2,0.00000,0.00000,0.00000,0.00000,0.00000
86.551,2,86316.000,111205,192000,3999.229,120.0,8,22,2,0.00000,0.00000,0.00000,0.00000,0.00000
86.652,0,86633.000,126428,192000,3999.083,120.0,8,22,2,0.00000,0.00000,0.00000,0.00000,0.00000
86.652,1,86850.000,136823,192000,3999.521,120.0,8,22,2,0.00000,0.00000,0.00000,0.00000,0.00000
86.652,2,86417.000,116032,192000,3999.667,120.0,8,22,2,0.00000,0.00000,0.00000,0.00000,0.00000
86.752,0,86734.000,131246,192000,3999.708,120.0,8,22,2,0.00000,0.00000,0.00000,0.00000,0.00000
86.752,1,86951.000,141653,192000,3999.896,120.0,8,22,2,0.00000,0.00000,0.00000,0.00000,0.00000
86.752,2,86517.000,120837,192000,3999.562,120.0,8,22,2,0.00000,0.00000,0.00000,0.00000,0.00000
86.853,0,86835.000,136107,192000,3999.438,120.0,8,22,2,0.00000,0.00000,0.00000,0.00000,0.00000
86.853,1,87052.000,146526,192000,3999.375,120.0,8,22,2,0.00000,0.00000,0.00000,0.00000,0.00000
86.853,2,86618.000,125686,192000,3999.542,120.0,8,22,2,0.00000,0.00000,0.00000,0.00000,0.00000
86.953,0,86935.000,140908,192000,3999.417,120.0,8,22,2,0.00000,0.00000,0.00000,0.00000,0.00000
86.953,1,87152.000,151340,192000,3999.083,120.0,8,22,2,0.00000,0.00000,0.00000,0.00000,0.00000
86.953,2,86718.000,130475,192000,3999.771,120.0,8,22,2,0.00000,0.00000,0.00000,0.00000,0.00000
87.054,0,87036.000,145749,192000,3999.562,120.0,8,22,2,0.00000,0.00000,0.00000,0.00000,0.00000
87.054,1,87254.000,156193,192000,3999.979,120.0,8,22,2,0.00000,0.00000,0.00000,0.00000,0.00000
87.054,2,86818.000,135304,192000,3999.167,120.0,8,22,2,0.00000,0.00000,0.00000,0.00000,0.00000
87.155,0,87137.000,150606,192000,3999.375,120.0,8,22,2,0.00000,0.00000,0.00000,0.00000,0.00000
87.155,1,87355.000,161062,192000,3999.542,120.0,8,22,2,0.00000,0.00000,0.00000,0.00000,0.00000
87.155,2,86919.000,140150,192000,3999.208,120.0,8,22,2,0.00000,0.00000,0.00000,0.00000,0.00000
87.256,0,87238.000,155453,192000,3999.396,120.0,8,22,2,0.00000,0.00000,0.00000,0.00000,0.00000
87.256,1,87456.000,165921,192000,3999.312,120.0,8,22,2,0.00000,0.00000,0.00000,0.00000,0.00000
87.256,2,87020.000,144984,192000,3999.500,120.0,8,22,2,0.00000,0.00000,0.00000,0.00000,0.00000
87.358,0,87340.000,160333,192000,3999.729,120.0,8,22,2,0.00000,0.00000,0.00000,0.00000,0.00000
87.358,1,87558.000,170813,192000,3999.396,120.0,8,22,2,0.00000,0.00000,0.00000,0.00000,0.00000
87.358,2,87121.000,149852,192000,3999.083,120.0,8,22,2,0.00000,0.00000,0.00000,0.00000,0.00000
87.460,0,87442.000,165246,192000,3999.375,120.0,8,22,2,0.00000,0.00000,0.00000,0.00000,0.00000
87.460,1,87661.000,175739,192000,3999.771,120.0,8,22,2,0.00000,0.00000,0.00000,0.00000,0.00000
87.460,2,87224.000,154753,192000,3999.979,120.0,8,22,2,0.00000,0.00000,0.00000,0.00000,0.00000
87.561,0,87542.000,170061,192000,3999.062,120.0,8,22,2,0.00000,0.00000,0.00000,0.00000,0.00000
87.561,1,87761.000,180565,192000,3999.229,120.0,8,22,2,0.00000,0.00000,0.00000,0.00000,0.00000
87.561,2,87324.000,159555,192000,3999.938,120.0,8,22,2,0.00000,0.00000,0.00000,0.00000,0.00000
87.663,0,87645.000,174971,192000,3999.771,120.0,8,22,2,0.00000,0.00000,0.00000,0.00000,0.00000
87.663,1,87864.000,185488,192000,3999.667,120.0,8,22,2,0.00000,0.00000,0.00000,0.00000,0.00000
87.663,2,87426.000,164454,192000,3999.875,120.0,8,22,2,0.00000,0.00000,0.00000,0.00000,0.00000
87.765,0,87747.000,179891,192000,3999.271,120.0,8,22,2,0.00000,0.00000,0.00000,0.00000,0.00000
87.765,1,87967.000,190420,192000,3999.917,120.0,8,22,2,0.00000,0.00000,0.00000,0.00000,0.00000
87.765,2,87528.000,169361,192000,3999.646,120.0,8,22,2,0.00000,0.00000,0.00000,0.00000,0.00000
87.868,0,87850.000,184802,192000,3999.958,120.0,8,22,2,0.00000,0.00000,0.00000,0.00000,0.00000
87.868,1,88069.000,3343,192000,3999.354,120.0,8,23,2,0.00000,0.00000,0.00000,0.00000,0.00000
87.868,2,87630.000,174259,192000,3999.604,120.0,8,22,2,0.00000,0.00000,0.00000,0.00000,0.00000
87.969,0,87951.000,189673,192000,3999.479,120.0,8,22,2,0.00000,0.00000,0.00000,0.00000,0.00000
87.969,1,88171.000,8227,192000,3999.604,120.0,8,23,2,0.00000,0.00000,0.00000,0.00000,0.00000
87.969,2,87731.000,179119,192000,3999.354,120.0,8,22,2,0.00000,0.00000,0.00000,0.00000,0.00000
88.072,0,88054.000,2593,192000,3999.979,120.0,8,23,2,0.11045,0.00000,0.11045,0.00000,0.00000
88.072,1,88274.000,13158,192000,3999.875,120.0,8,23,2,0.00000,0.00000,0.00000,0.00000,0.00000
88.072,2,87833.000,184026,192000,3999.125,120.0,8,22,2,0.00000,0.00000,0.00000,0.00000,0.00000
88.174,0,88156.000,7512,192000,3999.500,120.0,8,23,2,0.07212,0.00000,0.07212,0.00000,0.00000
88.174,1,88376.000,18090,192000,3999.125,120.0,8,23,2,0.00000,0.00000,0.00000,0.00000,0.00000
88.174,2,87936.000,188933,192000,3999.896,120.0,8,22,2,0.00000,0.00000,0.00000,0.00000,0.00000
88.276,0,88258.000,12417,192000,3999.312,120.0,8,23,2,0.04715,0.00000,0.04715,0.00000,0.00000
88.276,1,88479.000,23008,192000,3999.667,120.0,8,23,2,0.00000,0.00000,0.00000,0.00000,0.00000
88.276,2,88038.000,1826,192000,3999.958,120.0,8,23,2,0.11740,0.00000,0.11740,0.00000,0.00000
88.379,0,88360.000,17325,192000,3999.062,120.0,8,23,2,0.03082,0.00000,0.03082,0.00000,0.00000
88.379,1,88581.000,27928,192000,3999.167,120.0,8,23,2,0.00000,0.00000,0.00000,0.00000,0.00000
88.379,2,88140.000,6722,192000,3999.958,120.0,8,23,2,0.07682,0.00000,0.07682,0.00000,0.00000
88.479,0,88461.000,22161,192000,3999.312,120.0,8,23,2,0.02027,0.00000,0.02027,0.00000,0.00000
88.479,1,88682.000,32776,192000,3999.167,120.0,8,23,2,0.00000,0.00000,0.00000,0.00000,0.00000
88.479,2,88240.000,11545,192000,3999.479,120.0,8,23,2,0.05058,0.00000,0.05058,0.00000,0.00000
88.582,0,88564.000,27081,192000,3999.812,120.0,8,23,2,0.01323,0.00000,0.01323,0.00000,0.00000
88.582,1,88785.000,37708,192000,3999.417,120.0,8,23,2,0.00000,0.00000,0.00000,0.00000,0.00000
88.582,2,88342.000,16453,192000,3999.229,120.0,8,23,2,0.03306,0.00000,0.03306,0.00000,0.00000
88.683,0,88665.000,31928,192000,3999.833,120.0,8,23,2,0.00870,0.00000,0.00870,0.00000,0.00000
88.683,1,88886.000,42568,192000,3999.167,120.0,8,23,2,0.00000,0.00000,0.00000,0.00000,0.00000
88.683,2,88443.000,21288,192000,3999.500,120.0,8,23,2,0.02174,0.00000,0.02174,0.00000,0.00000
88.784,0,88766.000,36803,192000,3999.271,120.0,8,23,2,0.00570,0.00000,0.00570,0.00000,0.00000
88.784,1,88988.000,47455,192000,3999.354,120.0,8,23,2,0.00000,0.00000,0.00000,0.00000,0.00000
88.784,2,88544.000,26151,192000,3999.188,120.0,8,23,2,0.01427,0.00000,0.01427,0.00000,0.00000
88.887,0,88869.000,41730,192000,3999.625,120.0,8,23,2,0.00372,0.00000,0.00372,0.00000,0.00000
88.887,1,89091.000,52394,192000,3999.458,120.0,8,23,2,0.00000,0.00000,0.00000,0.00000,0.00000
88.887,2,88647.000,31065,192000,3999.812,120.0,8,23,2,0.00932,0.00000,0.00932,0.00000,0.00000
88.987,0,88969.000,46542,192000,3999.375,120.0,8,23,2,0.00245,0.00000,0.00245,0.00000,0.00000
88.987,1,89192.000,57218,192000,3999.958,120.0,8,23,2,0.00000,0.00000,0.00000,0.00000,0.00000
88.987,2,88747.000,35865,192000,3999.812,120.0,8,23,2,0.00615,0.00000,0.00615,0.00000,0.00000
89.089,0,89070.000,51403,192000,3999.104,120.0,8,23,2,0.00161,0.00000,0.00161,0.00000,0.00000
89.089,1,89293.000,62091,192000,3999.438,120.0,8,23,2,0.00000,0.00000,0.00000,0.00000,0.00000
89.089,2,88848.000,40714,192000,3999.792,120.0,8,23,2,0.00404,0.00000,0.00404,0.00000,0.00000
89.190,0,89172.000,56272,192000,3999.667,120.0,8,23,2,0.00106,0.00000,0.00106,0.00000,0.00000
89.190,1,89395.000,66973,192000,3999.729,120.0,8,23,2,0.00000,0.00000,0.00000,0.00000,0.00000
89.190,2,88949.000,45571,192000,3999.604,120.0,8,23,2,0.00265,0.00000,0.00265,0.00000,0.00000
89.291,0,89273.000,61104,192000,0.000,120.0,8,23,2,0.00069,0.00000,0.00069,0.00000,0.00000
89.291,1,89496.000,71816,192000,3999.833,120.0,8,23,2,0.00000,0.00000,0.00000,0.00000,0.00000
89.291,2,89049.000,50391,192000,3999.188,120.0,8,23,2,0.00175,0.00000,0.00175,0.00000,0.00000
89.391,0,89373.000,65910,192000,3999.875,120.0,8,23,2,0.00046,0.00000,0.00046,0.00000,0.00000
89.391,1,89596.000,76634,192000,3999.458,120.0,8,23,2,0.00000,0.00000,0.00000,0.00000,0.00000
89.391,2,89149.000,55185,192000,3999.312,120.0,8,23,2,0.00115,0.00000,0.00115,0.00000,0.00000
89.492,0,89474.000,70790,192000,3999.208,120.0,8,23,2,0.00030,0.00000,0.00030,0.00000,0.00000
89.492,1,89698.000,81527,192000,3999.521,120.0,8,23,2,0.00000,0.00000,0.00000,0.00000,0.00000
89.492,2,89251.000,60053,192000,3999.896,120.0,8,23,2,0.00076,0.00000,0.00076,0.00000,0.00000
89.593,0,89575.000,75629,192000,3999.396,120.0,8,23,2,0.00020,0.00000,0.00020,0.00000,0.00000
89.593,1,89799.000,86378,192000,3999.458,120.0,8,23,2,0.00000,0.00000,0.00000,0.00000,0.00000
89.593,2,89351.000,64880,192000,3999.333,120.0,8,23,2,0.00050,0.00000,0.00050,0.00000,0.00000
89.696,0,89678.000,80572,192000,3999.417,120.0,8,23,2,0.00013,0.00000,0.00013,0.00000,0.00000
89.696,1,89902.000,91333,192000,3999.229,120.0,8,23,2,0.00000,0.00000,0.00000,0.00000,0.00000
89.696,2,89454.000,69810,192000,3999.625,120.0,8,23,2,0.00032,0.00000,0.00032,0.00000,0.00000
89.796,0,89778.000,85373,192000,3999.396,120.0,8,23,2,0.00008,0.00000,0.00008,0.00000,0.00000
89.796,1,90003.000,96146,192000,3999.958,120.0,8,23,2,0.00000,0.00000,0.00000,0.00000,0.00000
89.796,2,89554.000,74599,192000,3999.854,120.0,8,23,2,0.00021,0.00000,0.00021,0.00000,0.00000
89.897,0,89879.000,90204,192000,3999.750,120.0,8,23,2,0.00006,0.00000,0.00006,0.00000,0.00000
89.897,1,90103.000,100989,192000,3999.062,120.0,8,23,2,0.00000,0.00000,0.00000,0.00000,0.00000
89.897,2,89654.000,79418,192000,3999.458,120.0,8,23,2,0.00014,0.00000,0.00014,0.00000,0.00000
89.999,0,89980.000,95082,192000,3999.125,120.0,8,23,2,0.00004,0.00000,0.00004,0.00000,0.00000
89.999,1,90205.000,105879,192000,3999.188,120.0,8,23,2,0.00000,0.00000,0.00000,0.00000,0.00000
89.999,2,89755.000,84284,192000,3999.083,120.0,8,23,2,0.00009,0.00000,0.00009,0.00000,0.00000
90.101,0,90083.000,99994,192000,3999.792,120.0,8,23,2,0.00002,0.00000,0.00002,0.00000,0.00000
90.101,1,90308.000,110803,192000,3999.604,120.0,8,23,2,0.00000,0.00000,0.00000,0.00000,0.00000
90.101,2,89857.000,89183,192000,3999.021,120.0,8,23,2,0.00006,0.00000,0.00006,0.00000,0.00000
90.202,0,90183.000,104830,192000,3999.042,120.0,8,23,2,0.00002,0.00000,0.00002,0.00000,0.00000
90.202,1,90409.000,115652,192000,3999.583,120.0,8,23,2,0.00000,0.00000,0.00000,0.00000,0.00000
90.202,2,89958.000,94008,192000,3999.500,120.0,8,23,2,0.00004,0.00000,0.00004,0.00000,0.00000
90.302,0,90284.000,109654,192000,3999.542,120.0,8,23,2,0.00001,0.00000,0.00001,0.00000,0.00000
90.302,1,90510.000,120487,192000,3999.854,120.0,8,23,2,0.00000,0.00000,0.00000,0.00000,0.00000
90.302,2,90058.000,98819,192000,3999.271,120.0,8,23,2,0.00003,0.00000,0.00003,0.00000,0.00000
90.403,0,90385.000,114509,192000,3999.396,120.0,8,23,2,0.00001,0.00000,0.00001,0.00000,0.00000
90.403,1,90611.000,125355,192000,3999.438,120.0,8,23,2,0.00000,0.00000,0.00000,0.00000,0.00000
90.403,2,90159.000,103662,192000,3999.375,120.0,8,23,2,0.00002,0.00000,0.00002,0.00000,0.00000
90.504,0,90486.000,119329,192000,3999.979,120.0,8,23,2,0.00000,0.00000,0.00000,0.00000,0.00000
90.504,1,90712.000,130187,192000,3999.771,120.0,8,23,2,0.00000,0.00000,0.00000,0.00000,0.00000
90.504,2,90259.000,108470,192000,3999.208,120.0,8,23,2,0.00001,0.00000,0.00001,0.00000,0.00000
90.606,0,90588.000,124226,192000,3999.958,120.0,8,23,2,0.00000,0.00000,0.00000,0.00000,0.00000
90.606,1,90814.000,135096,192000,3999.500,120.0,8,23,2,0.00000,0.00000,0.00000,0.00000,0.00000
90.606,2,90361.000,113355,192000,3999.438,120.0,8,23,2,0.00001,0.00000,0.00001,0.00000,0.00000
90.708,0,90690.000,129121,192000,3999.979,120.0,8,23,2,0.00000,0.00000,0.00000,0.00000,0.00000
90.708,1,90916.000,140003,192000,3999.271,120.0,8,23,2,0.00000,0.00000,0.00000,0.00000,0.00000
90.708,2,90463.000,118237,192000,3999.729,120.0,8,23,2,0.00000,0.00000,0.00000,0.00000,0.00000
90.809,0,90791.000,133994,192000,3999.458,120.0,8,23,2,0.00000,0.00000,0.00000,0.00000,0.00000
90.809,1,91018.000,144889,192000,3999.479,120.0,8,23,2,0.00000,0.00000,0.00000,0.00000,0.00000
90.809,2,90564.000,123099,192000,3999.438,120.0,8,23,2,0.00000,0.00000,0.00000,0.00000,0.00000
90.912,0,90894.000,138914,192000,3999.958,120.0,8,23,2,0.00000,0.00000,0.00000,0.00000,0.00000
90.912,1,91121.000,149820,192000,3999.750,120.0,8,23,2,0.00000,0.00000,0.00000,0.00000,0.00000
90.912,2,90666.000,128006,192000,3999.208,120.0,8,23,2,0.00000,0.00000,0.00000,0.00000,0.00000
91.014,0,90995.000,143802,192000,3999.125,120.0,8,23,2,0.00000,0.00000,0.00000,0.00000,0.00000
91.014,1,91223.000,154721,192000,3999.646,120.0,8,23,2,0.00000,0.00000,0.00000,0.00000,0.00000
91.014,2,90768.000,132883,192000,3999.604,120.0,8,23,2,0.00000,0.00000,0.00000,0.00000,0.00000
91.114,0,91096.000,148634,192000,3999.458,120.0,8,23,2,0.00000,0.00000,0.00000,0.00000,0.00000
91.114,1,91324.000,159565,192000,3999.729,120.0,8,23,2,0.00000,0.00000,0.00000,0.00000,0.00000
91.114,2,90868.000,137702,192000,3999.208,120.0,8,23,2,0.00000,0.00000,0.00000,0.00000,0.00000
91.216,0,91198.000,153511,192000,3999.854,120.0,8,23,2,0.00000,0.00000,0.00000,0.00000,0.00000
91.216,1,91426.000,164454,192000,3999.875,120.0,8,23,2,0.00000,0.00000,0.00000,0.00000,0.00000
91.216,2,90970.000,142567,192000,3999.854,120.0,8,23,2,0.00000,0.00000,0.00000,0.00000,0.00000
91.316,0,91298.000,158338,192000,3999.292,120.0,8,23,2,0.00000,0.00000,0.00000,0.00000,0.00000
91.316,1,91526.000,169294,192000,3999.042,120.0,8,23,2,0.00000,0.00000,0.00000,0.00000,0.00000
91.316,2,91070.000,147382,192000,3999.542,120.0,8,23,2,0.00000,0.00000,0.00000,0.00000,0.00000
91.419,0,91401.000,163250,192000,3999.958,120.0,8,23,2,0.00000,0.00000,0.00000,0.00000,0.00000
91.419,1,91629.000,174217,192000,3999.479,120.0,8,23,2,0.00000,0.00000,0.00000,0.00000,0.00000
91.419,2,91172.000,152281,192000,3999.479,120.0,8,23,2,0.00000,0.00000,0.00000,0.00000,0.00000
91.521,0,91503.000,168170,192000,3999.458,120.0,8,23,2,0.00000,0.00000,0.00000,0.00000,0.00000
91.521,1,91732.000,179150,192000,3999.708,120.0,8,23,2,0.00000,0.00000,0.00000,0.00000,0.00000
91.521,2,91274.000,157189,192000,3999.229,120.0,8,23,2,0.00000,0.00000,0.00000,0.00000,0.00000
91.621,0,91603.000,172976,192000,3999.333,120.0,8,23,2,0.00000,0.00000,0.00000,0.00000,0.00000
91.621,1,91832.000,183967,192000,3999.354,120.0,8,23,2,0.00000,0.00000,0.00000,0.00000,0.00000
91.621,2,91374.000,161983,192000,3999.354,120.0,8,23,2,0.00000,0.00000,0.00000,0.00000,0.00000
91.724,0,91706.000,177912,192000,3999.500,120.0,8,23,2,0.00000,0.00000,0.00000,0.00000,0.00000
91.724,1,91935.000,188917,192000,3999.229,120.0,8,23,2,0.00000,0.00000,0.00000,0.00000,0.00000
91.724,2,91477.000,166907,192000,3999.771,120.0,8,23,2,0.00000,0.00000,0.00000,0.00000,0.00000
91.826,0,91808.000,182817,192000,3999.312,120.0,8,23,2,0.00000,0.00000,0.00000,0.00000,0.00000
91.826,1,92038.000,1833,192000,3999.812,120.0,8,24,2,0.11782,0.11782,0.11775,0.00000,0.00000
91.826,2,91579.000,171799,192000,3999.854,120.0,8,23,2,0.00000,0.00000,0.00000,0.00000,0.00000
91.929,0,91911.000,187743,192000,3999.688,120.0,8,23,2,0.00000,0.00000,0.00000,0.00000,0.00000
91.929,1,92141.000,6772,192000,3999.917,120.0,8,24,2,0.07680,0.07680,0.07676,0.00000,0.00000
91.929,2,91681.000,176714,192000,3999.458,120.0,8,23,2,0.00000,0.00000,0.00000,0.00000,0.00000
92.033,0,92015.000,724,192000,3999.917,120.0,8,24,2,0.10591,0.10591,0.00000,0.00000,0.00000
92.033,1,92245.000,11765,192000,3999.896,120.0,8,24,2,0.04983,0.04983,0.04980,0.00000,0.00000
92.033,2,91785.000,181681,192000,3999.979,120.0,8,23,2,0.00000,0.00000,0.00000,0.00000,0.00000
92.133,0,92115.000,5560,192000,3999.167,120.0,8,24,2,0.08498,0.08498,0.00000,0.00000,0.00000
92.133,1,92346.000,16613,192000,3999.896,120.0,8,24,2,0.03274,0.03274,0.03272,0.00000,0.00000
92.133,2,91885.000,186506,192000,3999.458,120.0,8,23,2,0.00000,0.00000,0.00000,0.00000,0.00000
92.235,0,92217.000,10420,192000,3999.917,120.0,8,24,2,0.05577,0.05577,0.00000,0.00000,0.00000
92.235,1,92447.000,21485,192000,3999.396,120.0,8,24,2,0.02147,0.02147,0.02145,0.00000,0.00000
92.235,2,91986.000,191353,192000,3999.479,120.0,8,23,2,0.00000,0.00000,0.00000,0.00000,0.00000
92.335,0,92317.000,15228,192000,3999.750,120.0,8,24,2,0.03677,0.03677,0.00000,0.00000,0.00000
92.335,1,92548.000,26305,192000,3999.979,120.0,8,24,2,0.01414,0.01414,0.01413,0.00000,0.00000
92.335,2,92086.000,4149,192000,3999.562,120.0,8,24,2,0.09579,0.09579,0.00000,0.00000,0.00000
92.437,0,92419.000,20146,192000,3999.292,120.0,8,24,2,0.02401,0.02401,0.00000,0.00000,0.00000
92.437,1,92650.000,31236,192000,3999.250,120.0,8,24,2,0.00922,0.00922,0.00922,0.00000,0.00000
92.437,2,92188.000,9055,192000,3999.354,120.0,8,24,2,0.06262,0.06262,0.00000,0.00000,0.00000
92.540,0,92522.000,25075,192000,3999.604,120.0,8,24,2,0.01567,0.01567,0.00000,0.00000,0.00000
92.540,1,92753.000,36177,192000,3999.312,120.0,8,24,2,0.00601,0.00601,0.00601,0.00000,0.00000
92.540,2,92291.000,13972,192000,3999.917,120.0,8,24,2,0.04090,0.04090,0.00000,0.00000,0.00000
92.643,0,92625.000,30009,192000,3999.812,120.0,8,24,2,0.01022,0.01022,0.00000,0.00000,0.00000
92.643,1,92856.000,41123,192000,3999.271,120.0,8,24,2,0.00392,0.00392,0.00391,0.00000,0.00000
92.643,2,92393.000,18893,192000,3999.396,120.0,8,24,2,0.02670,0.02670,0.00000,0.00000,0.00000
92.745,0,92727.000,34899,192000,3999.938,120.0,8,24,2,0.00669,0.00669,0.00000,0.00000,0.00000
92.745,1,92958.000,46026,192000,3999.125,120.0,8,24,2,0.00256,0.00256,0.00256,0.00000,0.00000
92.745,2,92495.000,23772,192000,3999.750,120.0,8,24,2,0.01750,0.01750,0.00000,0.00000,0.00000
92.847,0,92829.000,39817,192000,3999.479,120.0,8,24,2,0.00437,0.00437,0.00000,0.00000,0.00000
92.847,1,93061.000,50956,192000,3999.417,120.0,8,24,2,0.00167,0.00167,0.00167,0.00000,0.00000
92.847,2,92597.000,28677,192000,3999.562,120.0,8,24,2,0.01144,0.01144,0.00000,0.00000,0.00000
92.949,0,92930.000,44682,192000,3999.125,120.0,8,24,2,0.00287,0.00287,0.00000,0.00000,0.00000
92.949,1,93163.000,55833,192000,3999.812,120.0,8,24,2,0.00109,0.00109,0.00109,0.00000,0.00000
92.949,2,92698.000,33529,192000,3999.479,120.0,8,24,2,0.00751,0.00751,0.00000,0.00000,0.00000
93.049,0,93031.000,49525,192000,3999.229,120.0,8,24,2,0.00188,0.00188,0.00000,0.00000,0.00000
93.049,1,93264.000,60688,192000,3999.667,120.0,8,24,2,0.00072,0.00072,0.00072,0.00000,0.00000
93.049,2,92799.000,38360,192000,3999.833,120.0,8,24,2,0.00494,0.00494,0.00000,0.00000,0.00000
93.151,0,93133.000,54389,192000,3999.896,120.0,8,24,2,0.00124,0.00124,0.00000,0.00000,0.00000
93.151,1,93365.000,65564,192000,3999.083,120.0,8,24,2,0.00047,0.00047,0.00047,0.00000,0.00000
93.151,2,92900.000,43212,192000,3999.750,120.0,8,24,2,0.00325,0.00325,0.00000,0.00000,0.00000
93.251,0,93233.000,59192,192000,3999.833,120.0,8,24,2,0.00082,0.00082,0.00000,0.00000,0.00000
93.251,1,93466.000,70380,192000,3999.750,120.0,8,24,2,0.00031,0.00031,0.00031,0.00000,0.00000
93.251,2,93000.000,48004,192000,3999.917,120.0,8,24,2,0.00214,0.00214,0.00000,0.00000,0.00000
93.351,0,93333.000,64007,192000,3999.521,120.0,8,24,2,0.00054,0.00054,0.00000,0.00000,0.00000
93.351,1,93566.000,75206,192000,3999.208,120.0,8,24,2,0.00020,0.00020,0.00020,0.00000,0.00000
93.351,2,93100.000,52807,192000,3999.854,120.0,8,24,2,0.00141,0.00141,0.00000,0.00000,0.00000
93.452,0,93434.000,68873,192000,3999.146,120.0,8,24,2,0.00035,0.00035,0.00000,0.00000,0.00000
93.452,1,93668.000,80084,192000,3999.583,120.0,8,24,2,0.00013,0.00013,0.00013,0.00000,0.00000
93.452,2,93201.000,57660,192000,3999.750,120.0,8,24,2,0.00093,0.00093,0.00000,0.00000,0.00000
93.553,0,93535.000,73715,192000,3999.271,120.0,8,24,2,0.00023,0.00023,0.00000,0.00000,0.00000
93.553,1,93769.000,84939,192000,3999.438,120.0,8,24,2,0.00009,0.00009,0.00009,0.00000,0.00000
93.553,2,93301.000,62491,192000,3999.104,120.0,8,24,2,0.00061,0.00061,0.00000,0.00000,0.00000
93.653,0,93635.000,78515,192000,3999.271,120.0,8,24,2,0.00015,0.00015,0.00000,0.00000,0.00000
93.653,1,93869.000,89751,192000,3999.188,120.0,8,24,2,0.00006,0.00006,0.00006,0.00000,0.00000
93.653,2,93401.000,67279,192000,3999.354,120.0,8,24,2,0.00040,0.00040,0.00000,0.00000,0.00000
93.756,0,93738.000,83441,192000,3999.646,120.0,8,24,2,0.00010,0.00010,0.00000,0.00000,0.00000
93.756,1,93972.000,94689,192000,3999.312,120.0,8,24,2,0.00004,0.00004,0.00004,0.00000,0.00000
93.756,2,93504.000,72192,192000,0.000,120.0,8,24,2,0.00026,0.00026,0.00000,0.00000,0.00000
93.857,0,93839.000,88291,192000,3999.604,120.0,8,24,2,0.00007,0.00007,0.00000,0.00000,0.00000
93.857,1,94073.000,99551,192000,3999.021,120.0,8,24,2,0.00002,0.00002,0.00002,0.00000,0.00000
93.857,2,93604.000,77030,192000,3999.208,120.0,8,24,2,0.00017,0.00017,0.00000,0.00000,0.00000
93.958,0,93940.000,93153,192000,3999.312,120.0,8,24,2,0.00004,0.00004,0.00000,0.00000,0.00000
93.958,1,94175.000,104425,192000,3999.479,120.0,8,24,2,0.00002,0.00002,0.00002,0.00000,0.00000
93.958,2,93705.000,81880,192000,3999.167,120.0,8,24,2,0.00011,0.00011,0.00000,0.00000,0.00000
94.059,0,94041.000,98000,192000,3999.333,120.0,8,24,2,0.00003,0.00003,0.00000,0.00000,0.00000
94.059,1,94276.000,109284,192000,3999.250,120.0,8,24,2,0.00001,0.00001,0.00001,0.00000,0.00000
94.059,2,93806.000,86714,192000,3999.458,120.0,8,24,2,0.00007,0.00007,0.00000,0.00000,0.00000
94.161,0,94143.000,102903,192000,3999.188,120.0,8,24,2,0.00002,0.00002,0.00000,0.00000,0.00000
94.161,1,94379.000,114200,192000,3999.833,120.0,8,24,2,0.00001,0.00001,0.00001,0.00000,0.00000
94.161,2,93908.000,91605,192000,3999.562,120.0,8,24,2,0.00005,0.00005,0.00000,0.00000,0.00000
94.262,0,94243.000,107709,192000,3999.062,120.0,8,24,2,0.00001,0.00001,0.00000,0.00000,0.00000
94.262,1,94479.000,119018,192000,3999.458,120.0,8,24,2,0.00000,0.00000,0.00000,0.00000,0.00000
94.262,2,94008.000,96399,192000,3999.688,120.0,8,24,2,0.00003,0.00003,0.00000,0.00000,0.00000
94.364,0,94346.000,112648,192000,3999.167,120.0,8,24,2,0.00001,0.00001,0.00000,0.00000,0.00000
94.364,1,94582.000,123969,192000,3999.312,120.0,8,24,2,0.00000,0.00000,0.00000,0.00000,0.00000
94.364,2,94110.000,101326,192000,3999.042,120.0,8,24,2,0.00002,0.00002,0.00000,0.00000,0.00000
94.466,0,94448.000,117514,192000,3999.792,120.0,8,24,2,0.00001,0.00001,0.00000,0.00000,0.00000
94.466,1,94684.000,128847,192000,3999.688,120.0,8,24,2,0.00000,0.00000,0.00000,0.00000,0.00000
94.466,2,94212.000,106180,192000,3999.917,120.0,8,24,2,0.00001,0.00001,0.00000,0.00000,0.00000
94.569,0,94551.000,122450,192000,3999.958,120.0,8,24,2,0.00000,0.00000,0.00000,0.00000,0.00000
94.569,1,94787.000,133795,192000,3999.604,120.0,8,24,2,0.00000,0.00000,0.00000,0.00000,0.00000
94.569,2,94314.000,111103,192000,3999.354,120.0,8,24,2,0.00001,0.00001,0.00000,0.00000,0.00000
94.670,0,94652.000,127333,192000,3999.229,120.0,8,24,2,0.00000,0.00000,0.00000,0.00000,0.00000
94.670,1,94889.000,138691,192000,3999.604,120.0,8,24,2,0.00000,0.00000,0.00000,0.00000,0.00000
94.670,2,94416.000,115974,192000,3999.875,120.0,8,24,2,0.00001,0.00001,0.00000,0.00000,0.00000
94.771,0,94753.000,132159,192000,3999.688,120.0,8,24,2,0.00000,0.00000,0.00000,0.00000,0.00000
94.771,1,94990.000,143529,192000,3999.812,120.0,8,24,2,0.00000,0.00000,0.00000,0.00000,0.00000
94.771,2,94516.000,120789,192000,3999.562,120.0,8,24,2,0.00000,0.00000,0.00000,0.00000,0.00000
94.873,0,94855.000,137052,192000,3999.750,120.0,8,24,2,0.00000,0.00000,0.00000,0.00000,0.00000
94.873,1,95092.000,148434,192000,3999.625,120.0,8,24,2,0.00000,0.00000,0.00000,0.00000,0.00000
94.873,2,94618.000,125669,192000,3999.896,120.0,8,24,2,0.00000,0.00000,0.00000,0.00000,0.00000
94.976,0,94957.000,141977,192000,3999.146,120.0,8,24,2,0.00000,0.00000,0.00000,0.00000,0.00000
94.976,1,95195.000,153372,192000,3999.750,120.0,8,24,2,0.00000,0.00000,0.00000,0.00000,0.00000
94.976,2,94720.000,130582,192000,3999.542,120.0,8,24,2,0.00000,0.00000,0.00000,0.00000,0.00000
95.077,0,95059.000,146833,192000,3999.979,120.0,8,24,2,0.00000,0.00000,0.00000,0.00000,0.00000
95.077,1,95296.000,158240,192000,3999.333,120.0,8,24,2,0.00000,0.00000,0.00000,0.00000,0.00000
95.077,2,94821.000,135426,192000,3999.625,120.0,8,24,2,0.00000,0.00000,0.00000,0.00000,0.00000
95.178,0,95160.000,151715,192000,3999.271,120.0,8,24,2,0.00000,0.00000,0.00000,0.00000,0.00000
95.178,1,95398.000,163134,192000,3999.375,120.0,8,24,2,0.00000,0.00000,0.00000,0.00000,0.00000
95.178,2,94922.000,140296,192000,3999.167,120.0,8,24,2,0.00000,0.00000,0.00000,0.00000,0.00000
95.281,0,95262.000,156618,192000,3999.125,120.0,8,24,2,0.00000,0.00000,0.00000,0.00000,0.00000
95.281,1,95501.000,168049,192000,3999.979,120.0,8,24,2,0.00000,0.00000,0.00000,0.00000,0.00000
95.281,2,95024.000,145186,192000,3999.292,120.0,8,24,2,0.00000,0.00000,0.00000,0.00000,0.00000
95.381,0,95363.000,161445,192000,3999.562,120.0,8,24,2,0.00000,0.00000,0.00000,0.00000,0.00000
95.381,1,95601.000,172888,192000,3999.167,120.0,8,24,2,0.00000,0.00000,0.00000,0.00000,0.00000
95.381,2,95125.000,150001,192000,3999.979,120.0,8,24,2,0.00000,0.00000,0.00000,0.00000,0.00000
95.482,0,95464.000,166297,192000,3999.479,120.0,8,24,2,0.00000,0.00000,0.00000,0.00000,0.00000
95.482,1,95703.000,177752,192000,3999.833,120.0,8,24,2,0.00000,0.00000,0.00000,0.00000,0.00000
95.482,2,95225.000,154841,192000,3999.146,120.0,8,24,2,0.00000,0.00000,0.00000,0.00000,0.00000
95.584,0,95566.000,171173,192000,3999.896,120.0,8,24,2,0.00000,0.00000,0.00000,0.00000,0.00000
95.584,1,95805.000,182640,192000,0.000,120.0,8,24,2,0.00000,0.00000,0.00000,0.00000,0.00000
95.584,2,95327.000,159705,192000,3999.812,120.0,8,24,2,0.00000,0.00000,0.00000,0.00000,0.00000
95.686,0,95668.000,176081,192000,3999.646,120.0,8,24,2,0.00000,0.00000,0.00000,0.00000,0.00000
95.686,1,95907.000,187561,192000,3999.479,120.0,8,24,2,0.00000,0.00000,0.00000,0.00000,0.00000
95.686,2,95429.000,164601,192000,3999.812,120.0,8,24,2,0.00000,0.00000,0.00000,0.00000,0.00000
95.790,0,95772.000,181085,192000,3999.396,120.0,8,24,2,0.00000,0.00000,0.00000,0.00000,0.00000
95.790,1,96012.000,577,192000,3999.979,120.0,8,25,2,0.00000,0.00000,0.00000,0.00000,0.00000
95.790,2,95533.000,169592,192000,3999.833,120.0,8,24,2,0.00000,0.00000,0.00000,0.00000,0.00000
95.891,0,95873.000,185940,192000,3999.250,120.0,8,24,2,0.00000,0.00000,0.00000,0.00000,0.00000
95.891,1,96113.000,5444,192000,3999.583,120.0,8,25,2,0.00000,0.00000,0.00000,0.00000,0.00000
95.891,2,95634.000,174435,192000,3999.938,120.0,8,24,2,0.00000,0.00000,0.00000,0.00000,0.00000
95.993,0,95975.000,190808,192000,3999.833,120.0,8,24,2,0.00000,0.00000,0.00000,0.00000,0.00000
95.993,1,96215.000,10324,192000,3999.917,120.0,8,25,2,0.00000,0.00000,0.00000,0.00000,0.00000
95.993,2,95735.000,179290,192000,3999.792,120.0,8,24,2,0.00000,0.00000,0.00000,0.00000,0.00000
96.094,0,96076.000,3686,192000,3999.208,120.0,8,25,2,0.00000,0.00000,0.00000,0.00000,0.00000
96.094,1,96316.000,15214,192000,3999.042,120.0,8,25,2,0.00000,0.00000,0.00000,0.00000,0.00000
96.094,2,95836.000,184156,192000,3999.417,120.0,8,24,2,0.00000,0.00000,0.00000,0.00000,0.00000
96.196,0,96178.000,8550,192000,3999.875,120.0,8,25,2,0.00000,0.00000,0.00000,0.00000,0.00000
96.196,1,96418.000,20090,192000,3999.458,120.0,8,25,2,0.00000,0.00000,0.00000,0.00000,0.00000
96.196,2,95937.000,189008,192000,3999.333,120.0,8,24,2,0.00000,0.00000,0.00000,0.00000,0.00000
96.298,0,96280.000,13452,192000,3999.750,120.0,8,25,2,0.00000,0.00000,0.00000,0.00000,0.00000
96.298,1,96520.000,25005,192000,3999.062,120.0,8,25,2,0.00000,0.00000,0.00000,0.00000,0.00000
96.298,2,96039.000,1898,192000,3999.458,120.0,8,25,2,0.00000,0.00000,0.00000,0.00000,0.00000
96.401,0,96382.000,18383,192000,3999.021,120.0,8,25,2,0.00000,0.00000,0.00000,0.00000,0.00000
96.401,1,96623.000,29948,192000,3999.083,120.0,8,25,2,0.00000,0.00000,0.00000,0.00000,0.00000
96.401,2,96142.000,6816,192000,0.000,120.0,8,25,2,0.00000,0.00000,0.00000,0.00000,0.00000
96.503,0,96485.000,23297,192000,3999.646,120.0,8,25,2,0.00000,0.00000,0.00000,0.00000,0.00000
96.503,1,96726.000,34875,192000,3999.438,120.0,8,25,2,0.00000,0.00000,0.00000,0.00000,0.00000
96.503,2,96244.000,11718,192000,3999.875,120.0,8,25,2,0.00000,0.00000,0.00000,0.00000,0.00000
96.604,0,96586.000,28152,192000,3999.500,120.0,8,25,2,0.00000,0.00000,0.00000,0.00000,0.00000
96.604,1,96827.000,39742,192000,3999.042,120.0,8,25,2,0.00000,0.00000,0.00000,0.00000,0.00000
96.604,2,96345.000,16561,192000,3999.979,120.0,8,25,2,0.00000,0.00000,0.00000,0.00000,0.00000
96.705,0,96686.000,32972,192000,3999.083,120.0,8,25,2,0.00000,0.00000,0.00000,0.00000,0.00000
96.705,1,96928.000,44574,192000,3999.375,120.0,8,25,2,0.00000,0.00000,0.00000,0.00000,0.00000
96.705,2,96445.000,21370,192000,3999.792,120.0,8,25,2,0.00000,0.00000,0.00000,0.00000,0.00000
96.805,0,96786.000,37773,192000,3999.062,120.0,8,25,2,0.00000,0.00000,0.00000,0.00000,0.00000
96.805,1,97028.000,49386,192000,3999.125,120.0,8,25,2,0.00000,0.00000,0.00000,0.00000,0.00000
96.805,2,96544.000,26158,192000,3999.042,120.0,8,25,2,0.00000,0.00000,0.00000,0.00000,0.00000
96.905,0,96887.000,42606,192000,3999.375,120.0,8,25,2,0.00000,0.00000,0.00000,0.00000,0.00000
96.905,1,97129.000,54232,192000,3999.167,120.0,8,25,2,0.00000,0.00000,0.00000,0.00000,0.00000
96.905,2,96645.000,30979,192000,3999.604,120.0,8,25,2,0.00000,0.00000,0.00000,0.00000,0.00000
97.007,0,96989.000,47476,192000,3999.917,120.0,8,25,2,0.00000,0.00000,0.00000,0.00000,0.00000
97.007,1,97231.000,59115,192000,3999.438,120.0,8,25,2,0.00000,0.00000,0.00000,0.00000,0.00000
97.007,2,96746.000,35837,192000,3999.396,120.0,8,25,2,0.00000,0.00000,0.00000,0.00000,0.00000
97.108,0,97090.000,52330,192000,3999.792,120.0,8,25,2,0.00000,0.00000,0.00000,0.00000,0.00000
97.108,1,97332.000,63980,192000,3999.083,120.0,8,25,2,0.00000,0.00000,0.00000,0.00000,0.00000
97.108,2,96847.000,40679,192000,3999.521,120.0,8,25,2,0.00000,0.00000,0.00000,0.00000,0.00000
97.209,0,97190.000,57166,192000,3999.042,120.0,8,25,2,0.00000,0.00000,0.00000,0.00000,0.00000
97.209,1,97433.000,68828,192000,3999.083,120.0,8,25,2,0.00000,0.00000,0.00000,0.00000,0.00000
97.209,2,96947.000,45502,192000,3999.042,120.0,8,25,2,0.00000,0.00000,0.00000,0.00000,0.00000
97.309,0,97291.000,61980,192000,3999.750,120.0,8,25,2,0.00000,0.00000,0.00000,0.00000,0.00000
97.309,1,97534.000,73654,192000,3999.542,120.0,8,25,2,0.00000,0.00000,0.00000,0.00000,0.00000
97.309,2,97048.000,50305,192000,3999.979,120.0,8,25,2,0.00000,0.00000,0.00000,0.00000,0.00000
97.410,0,97392.000,66830,192000,3999.708,120.0,8,25,2,0.00000,0.00000,0.00000,0.00000,0.00000
97.410,1,97635.000,78517,192000,3999.229,120.0,8,25,2,0.00000,0.00000,0.00000,0.00000,0.00000
97.410,2,97148.000,55143,192000,3999.188,120.0,8,25,2,0.00000,0.00000,0.00000,0.00000,0.00000
97.512,0,97494.000,71748,192000,3999.250,120.0,8,25,2,0.00000,0.00000,0.00000,0.00000,0.00000
97.512,1,97738.000,83446,192000,3999.542,120.0,8,25,2,0.00000,0.00000,0.00000,0.00000,0.00000
97.512,2,97251.000,60048,192000,0.000,120.0,8,25,2,0.00000,0.00000,0.00000,0.00000,0.00000
97.613,0,97595.000,76566,192000,3999.875,120.0,8,25,2,0.00000,0.00000,0.00000,0.00000,0.00000
97.613,1,97839.000,88277,192000,3999.896,120.0,8,25,2,0.00000,0.00000,0.00000,0.00000,0.00000
97.613,2,97351.000,64854,192000,3999.875,120.0,8,25,2,0.00000,0.00000,0.00000,0.00000,0.00000
97.715,0,97696.000,81450,192000,3999.125,120.0,8,25,2,0.00000,0.00000,0.00000,0.00000,0.00000
97.715,1,97941.000,93173,192000,3999.896,120.0,8,25,2,0.00000,0.00000,0.00000,0.00000,0.00000
97.715,2,97452.000,69726,192000,3999.375,120.0,8,25,2,0.00000,0.00000,0.00000,0.00000,0.00000
97.817,0,97799.000,86382,192000,3999.375,120.0,8,25,2,0.00000,0.00000,0.00000,0.00000,0.00000
97.817,1,98044.000,98117,192000,3999.896,120.0,8,25,2,0.00000,0.00000,0.00000,0.00000,0.00000
97.817,2,97555.000,74646,192000,3999.875,120.0,8,25,2,0.00000,0.00000,0.00000,0.00000,0.00000
97.918,0,97900.000,91225,192000,3999.479,120.0,8,25,2,0.00000,0.00000,0.00000,0.00000,0.00000
97.918,1,98145.000,102972,192000,3999.750,120.0,8,25,2,0.00000,0.00000,0.00000,0.00000,0.00000
97.918,2,97655.000,79476,192000,3999.250,120.0,8,25,2,0.00000,0.00000,0.00000,0.00000,0.00000
98.019,0,98001.000,96088,192000,3999.167,120.0,8,25,2,0.00000,0.00000,0.00000,0.00000,0.00000
98.019,1,98246.000,107847,192000,3999.188,120.0,8,25,2,0.00000,0.00000,0.00000,0.00000,0.00000
98.019,2,97756.000,84327,192000,3999.188,120.0,8,25,2,0.00000,0.00000,0.00000,0.00000,0.00000
98.121,0,98103.000,100984,192000,3999.167,120.0,8,25,2,0.00000,0.00000,0.00000,0.00000,0.00000
98.121,1,98349.000,112756,192000,3999.917,120.0,8,25,2,0.00000,0.00000,0.00000,0.00000,0.00000
98.121,2,97858.000,89211,192000,3999.438,120.0,8,25,2,0.00000,0.00000,0.00000,0.00000,0.00000
98.222,0,98204.000,105812,192000,3999.583,120.0,8,25,2,0.00000,0.00000,0.00000,0.00000,0.00000
98.222,1,98449.000,117596,192000,3999.083,120.0,8,25,2,0.00000,0.00000,0.00000,0.00000,0.00000
98.222,2,97958.000,94027,192000,3999.104,120.0,8,25,2,0.00000,0.00000,0.00000,0.00000,0.00000
98.323,0,98305.000,110676,192000,3999.250,120.0,8,25,2,0.00000,0.00000,0.00000,0.00000,0.00000
98.323,1,98551.000,122473,192000,3999.479,120.0,8,25,2,0.00000,0.00000,0.00000,0.00000,0.00000
98.323,2,98059.000,98879,192000,3999.021,120.0,8,25,2,0.00000,0.00000,0.00000,0.00000,0.00000
98.426,0,98407.000,115580,192000,3999.083,120.0,8,25,2,0.00000,0.00000,0.00000,0.00000,0.00000
98.426,1,98653.000,127388,192000,3999.083,120.0,8,25,2,0.00000,0.00000,0.00000,0.00000,0.00000
98.426,2,98161.000,103771,192000,3999.104,120.0,8,25,2,0.00000,0.00000,0.00000,0.00000,0.00000
98.527,0,98509.000,120443,192000,3999.771,120.0,8,25,2,0.00000,0.00000,0.00000,0.00000,0.00000
98.527,1,98755.000,132264,192000,3999.500,120.0,8,25,2,0.00000,0.00000,0.00000,0.00000,0.00000
98.527,2,98262.000,108622,192000,3999.042,120.0,8,25,2,0.00000,0.00000,0.00000,0.00000,0.00000
98.628,0,98610.000,125295,192000,3999.688,120.0,8,25,2,0.00000,0.00000,0.00000,0.00000,0.00000
98.628,1,98856.000,137128,192000,3999.167,120.0,8,25,2,0.00000,0.00000,0.00000,0.00000,0.00000
98.628,2,98363.000,113462,192000,3999.208,120.0,8,25,2,0.00000,0.00000,0.00000,0.00000,0.00000
98.729,0,98711.000,130146,192000,3999.625,120.0,8,25,2,0.00000,0.00000,0.00000,0.00000,0.00000
98.729,1,98958.000,141991,192000,3999.854,120.0,8,25,2,0.00000,0.00000,0.00000,0.00000,0.00000
98.729,2,98464.000,118300,192000,3999.417,120.0,8,25,2,0.00000,0.00000,0.00000,0.00000,0.00000
98.829,0,98811.000,134968,192000,3999.167,120.0,8,25,2,0.00000,0.00000,0.00000,0.00000,0.00000
98.829,1,99058.000,146825,192000,3999.146,120.0,8,25,2,0.00000,0.00000,0.00000,0.00000,0.00000
98.829,2,98564.000,123110,192000,3999.208,120.0,8,25,2,0.00000,0.00000,0.00000,0.00000,0.00000
98.931,0,98913.000,139830,192000,3999.875,120.0,8,25,2,0.00000,0.00000,0.00000,0.00000,0.00000
98.931,1,99160.000,151699,192000,3999.604,120.0,8,25,2,0.00000,0.00000,0.00000,0.00000,0.00000
98.931,2,98665.000,127960,192000,3999.167,120.0,8,25,2,0.00000,0.00000,0.00000,0.00000,0.00000
99.034,0,99015.000,144763,192000,3999.104,120.0,8,25,2,0.00000,0.00000,0.00000,0.00000,0.00000
99.034,1,99263.000,156644,192000,3999.583,120.0,8,25,2,0.00000,0.00000,0.00000,0.00000,0.00000
99.034,2,98768.000,132880,192000,3999.667,120.0,8,25,2,0.00000,0.00000,0.00000,0.00000,0.00000
99.135,0,99117.000,149642,192000,3999.458,120.0,8,25,2,0.00000,0.00000,0.00000,0.00000,0.00000
99.135,1,99365.000,161536,192000,3999.667,120.0,8,25,2,0.00000,0.00000,0.00000,0.00000,0.00000
99.135,2,98869.000,137748,192000,3999.250,120.0,8,25,2,0.00000,0.00000,0.00000,0.00000,0.00000
99.237,0,99219.000,154524,192000,3999.750,120.0,8,25,2,0.00000,0.00000,0.00000,0.00000,0.00000
99.237,1,99467.000,166429,192000,3999.729,120.0,8,25,2,0.00000,0.00000,0.00000,0.00000,0.00000
99.237,2,98971.000,142617,192000,3999.812,120.0,8,25,2,0.00000,0.00000,0.00000,0.00000,0.00000
99.339,0,99321.000,159432,192000,3999.500,120.0,8,25,2,0.00000,0.00000,0.00000,0.00000,0.00000
99.339,1,99569.000,171350,192000,3999.208,120.0,8,25,2,0.00000,0.00000,0.00000,0.00000,0.00000
99.339,2,99073.000,147513,192000,3999.812,120.0,8,25,2,0.00000,0.00000,0.00000,0.00000,0.00000
99.439,0,99421.000,164234,192000,3999.458,120.0,8,25,2,0.00000,0.00000,0.00000,0.00000,0.00000
99.439,1,99670.000,176164,192000,3999.917,120.0,8,25,2,0.00000,0.00000,0.00000,0.00000,0.00000
99.439,2,99172.000,152303,192000,3999.021,120.0,8,25,2,0.00000,0.00000,0.00000,0.00000,0.00000
99.541,0,99523.000,169107,192000,3999.938,120.0,8,25,2,0.00000,0.00000,0.00000,0.00000,0.00000
99.541,1,99771.000,181049,192000,3999.146,120.0,8,25,2,0.00000,0.00000,0.00000,0.00000,0.00000
99.541,2,99274.000,157164,192000,3999.750,120.0,8,25,2,0.00000,0.00000,0.00000,0.00000,0.00000
99.642,0,99624.000,173953,192000,3999.979,120.0,8,25,2,0.00000,0.00000,0.00000,0.00000,0.00000
99.642,1,99873.000,185908,192000,3999.917,120.0,8,25,2,0.00000,0.00000,0.00000,0.00000,0.00000
99.642,2,99374.000,161998,192000,3999.042,120.0,8,25,2,0.00000,0.00000,0.00000,0.00000,0.00000
99.742,0,99724.000,178784,192000,3999.333,120.0,8,25,2,0.00000,0.00000,0.00000,0.00000,0.00000
99.742,1,99973.000,190750,192000,3999.042,120.0,8,25,2,0.00000,0.00000,0.00000,0.00000,0.00000
99.742,2,99475.000,166817,192000,3999.646,120.0,8,25,2,0.00000,0.00000,0.00000,0.00000,0.00000
99.843,0,99825.000,183608,192000,3999.833,120.0,8,25,2,0.00000,0.00000,0.00000,0.00000,0.00000
99.843,1,100074.000,3586,192000,3999.292,120.0,8,26,2,0.00000,0.00000,0.00000,0.00000,0.00000
99.843,2,99575.000,171628,192000,3999.417,120.0,8,25,2,0.00000,0.00000,0.00000,0.00000,0.00000
99.944,0,99926.000,188468,192000,3999.583,120.0,8,25,2,0.00000,0.00000,0.00000,0.00000,0.00000
99.944,1,100176.000,8458,192000,3999.792,120.0,8,26,2,0.00000,0.00000,0.00000,0.00000,0.00000
99.944,2,99676.000,176476,192000,3999.417,120.0,8,25,2,0.00000,0.00000,0.00000,0.00000,0.00000
100.047,0,100029.000,1393,192000,3999.979,120.0,8,26,2,0.12284,0.00000,0.12284,0.00000,0.00000
100.047,1,100279.000,13396,192000,3999.917,120.0,8,26,2,0.00000,0.00000,0.00000,0.00000,0.00000
100.047,2,99778.000,181389,192000,3999.062,120.0,8,25,2,0.00000,0.00000,0.00000,0.00000,0.00000
100.149,0,100131.000,6288,192000,0.000,120.0,8,26,2,0.08038,0.00000,0.08038,0.00000,0.00000
100.149,1,100381.000,18303,192000,3999.688,120.0,8,26,2,0.00000,0.00000,0.00000,0.00000,0.00000
100.149,2,99880.000,186271,192000,3999.354,120.0,8,25,2,0.00000,0.00000,0.00000,0.00000,0.00000
100.250,0,100232.000,11142,192000,3999.875,120.0,8,26,2,0.05279,0.00000,0.05279,0.00000,0.00000
100.250,1,100482.000,23169,192000,3999.312,120.0,8,26,2,0.00000,0.00000,0.00000,0.00000,0.00000
100.250,2,99981.000,191114,192000,3999.458,120.0,8,25,2,0.00000,0.00000,0.00000,0.00000,0.00000
100.352,0,100334.000,16062,192000,3999.375,120.0,8,26,2,0.03446,0.00000,0.03446,0.00000,0.00000
100.352,1,100585.000,28102,192000,3999.542,120.0,8,26,2,0.00000,0.00000,0.00000,0.00000,0.00000
100.352,2,100083.000,4022,192000,3999.208,120.0,8,26,2,0.09787,0.00000,0.09787,0.00000,0.00000
100.454,0,100436.000,20961,192000,3999.312,120.0,8,26,2,0.02254,0.00000,0.02254,0.00000,0.00000
100.454,1,100687.000,33013,192000,3999.229,120.0,8,26,2,0.00000,0.00000,0.00000,0.00000,0.00000
100.454,2,100185.000,8909,192000,3999.396,120.0,8,26,2,0.06409,0.00000,0.06409,0.00000,0.00000
100.555,0,100537.000,25794,192000,3999.625,120.0,8,26,2,0.01483,0.00000,0.01483,0.00000,0.00000
100.555,1,100788.000,37858,192000,3999.292,120.0,8,26,2,0.00000,0.00000,0.00000,0.00000,0.00000
100.555,2,100286.000,13729,192000,3999.979,120.0,8,26,2,0.04221,0.00000,0.04221,0.00000,0.00000
100.657,0,100639.000,30675,192000,3999.938,120.0,8,26,2,0.00972,0.00000,0.00972,0.00000,0.00000
100.657,1,100890.000,42751,192000,3999.354,120.0,8,26,2,0.00000,0.00000,0.00000,0.00000,0.00000
100.657,2,100387.000,18597,192000,3999.562,120.0,8,26,2,0.02768,0.00000,0.02768,0.00000,0.00000
100.759,0,100741.000,35575,192000,3999.854,120.0,8,26,2,0.00636,0.00000,0.00636,0.00000,0.00000
100.759,1,100992.000,47663,192000,3999.021,120.0,8,26,2,0.00000,0.00000,0.00000,0.00000,0.00000
100.759,2,100489.000,23485,192000,3999.729,120.0,8,26,2,0.01813,0.00000,0.01813,0.00000,0.00000
100.861,0,100843.000,40502,192000,3999.208,120.0,8,26,2,0.00415,0.00000,0.00415,0.00000,0.00000
100.861,1,101095.000,52603,192000,3999.104,120.0,8,26,2,0.00000,0.00000,0.00000,0.00000,0.00000
100.861,2,100591.000,28400,192000,3999.333,120.0,8,26,2,0.01184,0.00000,0.01184,0.00000,0.00000
100.963,0,100945.000,45367,192000,3999.854,120.0,8,26,2,0.00272,0.00000,0.00272,0.00000,0.00000
100.963,1,101197.000,57480,192000,3999.500,120.0,8,26,2,0.00000,0.00000,0.00000,0.00000,0.00000
100.963,2,100692.000,33254,192000,3999.208,120.0,8,26,2,0.00777,0.00000,0.00777,0.00000,0.00000
101.066,0,101048.000,50305,192000,3999.979,120.0,8,26,2,0.00177,0.00000,0.00177,0.00000,0.00000
101.066,1,101300.000,62430,192000,3999.375,120.0,8,26,2,0.00000,0.00000,0.00000,0.00000,0.00000
101.066,2,100795.000,38179,192000,3999.604,120.0,8,26,2,0.00507,0.00000,0.00507,0.00000,0.00000
101.168,0,101150.000,55232,192000,3999.333,120.0,8,26,2,0.00116,0.00000,0.00116,0.00000,0.00000
101.168,1,101403.000,67370,192000,3999.458,120.0,8,26,2,0.00000,0.00000,0.00000,0.00000,0.00000
101.168,2,100897.000,43094,192000,3999.208,120.0,8,26,2,0.00331,0.00000,0.00331,0.00000,0.00000
101.269,0,101251.000,60084,192000,3999.250,120.0,8,26,2,0.00076,0.00000,0.00076,0.00000,0.00000
101.269,1,101504.000,72234,192000,3999.125,120.0,8,26,2,0.00000,0.00000,0.00000,0.00000,0.00000
101.269,2,100998.000,47933,192000,3999.396,120.0,8,26,2,0.00218,0.00000,0.00218,0.00000,0.00000
101.375,0,101357.000,65161,192000,3999.479,120.0,8,26,2,0.00049,0.00000,0.00049,0.00000,0.00000
101.375,1,101610.000,77323,192000,3999.104,120.0,8,26,2,0.00000,0.00000,0.00000,0.00000,0.00000
101.375,2,101104.000,52998,192000,3999.875,120.0,8,26,2,0.00141,0.00000,0.00141,0.00000,0.00000
101.476,0,101458.000,69992,192000,3999.833,120.0,8,26,2,0.00032,0.00000,0.00032,0.00000,0.00000
101.476,1,101711.000,82166,192000,3999.208,120.0,8,26,2,0.00000,0.00000,0.00000,0.00000,0.00000
101.476,2,101204.000,57817,192000,3999.479,120.0,8,26,2,0.00093,0.00000,0.00093,0.00000,0.00000
101.578,0,101560.000,74912,192000,3999.333,120.0,8,26,2,0.00021,0.00000,0.00021,0.00000,0.00000
101.578,1,101814.000,87099,192000,3999.438,120.0,8,26,2,0.00000,0.00000,0.00000,0.00000,0.00000
101.578,2,101306.000,62724,192000,3999.250,120.0,8,26,2,0.00061,0.00000,0.00061,0.00000,0.00000
101.681,0,101662.000,79822,192000,3999.042,120.0,8,26,2,0.00014,0.00000,0.00014,0.00000,0.00000
101.681,1,101917.000,92021,192000,3999.896,120.0,8,26,2,0.00000,0.00000,0.00000,0.00000,0.00000
101.681,2,101408.000,67622,192000,3999.208,120.0,8,26,2,0.00040,0.00000,0.00040,0.00000,0.00000
101.782,0,101764.000,84712,192000,3999.167,120.0,8,26,2,0.00009,0.00000,0.00009,0.00000,0.00000
101.782,1,102019.000,96923,192000,3999.771,120.0,8,26,2,0.00000,0.00000,0.00000,0.00000,0.00000
101.782,2,101510.000,72500,192000,3999.583,120.0,8,26,2,0.00026,0.00000,0.00026,0.00000,0.00000
101.885,0,101867.000,89632,192000,3999.667,120.0,8,26,2,0.00006,0.00000,0.00006,0.00000,0.00000
101.885,1,102121.000,101855,192000,3999.021,120.0,8,26,2,0.00000,0.00000,0.00000,0.00000,0.00000
101.885,2,101612.000,77407,192000,3999.354,120.0,8,26,2,0.00017,0.00000,0.00017,0.00000,0.00000
101.988,0,101970.000,94560,192000,0.000,120.0,8,26,2,0.00004,0.00000,0.00004,0.00000,0.00000
101.988,1,102224.000,106795,192000,3999.104,120.0,8,26,2,0.00000,0.00000,0.00000,0.00000,0.00000
101.988,2,101715.000,82323,192000,3999.938,120.0,8,26,2,0.00011,0.00000,0.00011,0.00000,0.00000
102.088,0,102070.000,99364,192000,3999.917,120.0,8,26,2,0.00003,0.00000,0.00003,0.00000,0.00000
102.088,1,102325.000,111612,192000,3999.750,120.0,8,26,2,0.00000,0.00000,0.00000,0.00000,0.00000
102.088,2,101814.000,87115,192000,3999.104,120.0,8,26,2,0.00007,0.00000,0.00007,0.00000,0.00000
102.191,0,102173.000,104316,192000,3999.750,120.0,8,26,2,0.00002,0.00000,0.00002,0.00000,0.00000
102.191,1,102428.000,116576,192000,3999.333,120.0,8,26,2,0.00000,0.00000,0.00000,0.00000,0.00000
102.191,2,101917.000,92055,192000,3999.188,120.0,8,26,2,0.00005,0.00000,0.00005,0.00000,0.00000
102.293,0,102275.000,109212,192000,3999.750,120.0,8,26,2,0.00001,0.00000,0.00001,0.00000,0.00000
102.293,1,102530.000,121484,192000,3999.083,120.0,8,26,2,0.00000,0.00000,0.00000,0.00000,0.00000
102.293,2,102019.000,96939,192000,3999.438,120.0,8,26,2,0.00003,0.00000,0.00003,0.00000,0.00000
102.393,0,102375.000,114041,192000,3999.146,120.0,8,26,2,0.00001,0.00000,0.00001,0.00000,0.00000
102.393,1,102631.000,126325,192000,3999.229,120.0,8,26,2,0.00000,0.00000,0.00000,0.00000,0.00000
102.393,2,102119.000,101755,192000,3999.104,120.0,8,26,2,0.00002,0.00000,0.00002,0.00000,0.00000
102.495,0,102477.000,118918,192000,3999.542,120.0,8,26,2,0.00000,0.00000,0.00000,0.00000,0.00000
102.495,1,102733.000,131215,192000,3999.354,120.0,8,26,2,0.00000,0.00000,0.00000,0.00000,0.00000
102.495,2,102221.000,106621,192000,3999.729,120.0,8,26,2,0.00001,0.00000,0.00001,0.00000,0.00000
102.597,0,102579.000,123802,192000,3999.792,120.0,8,26,2,0.00000,0.00000,0.00000,0.00000,0.00000
102.597,1,102835.000,136111,192000,3999.354,120.0,8,26,2,0.00000,0.00000,0.00000,0.00000,0.00000
102.597,2,102322.000,111492,192000,3999.250,120.0,8,26,2,0.00001,0.00000,0.00001,0.00000,0.00000
102.699,0,102681.000,128688,192000,0.000,120.0,8,26,2,0.00000,0.00000,0.00000,0.00000,0.00000
102.699,1,102937.000,141009,192000,3999.312,120.0,8,26,2,0.00000,0.00000,0.00000,0.00000,0.00000
102.699,2,102424.000,116365,192000,3999.729,120.0,8,26,2,0.00001,0.00000,0.00001,0.00000,0.00000
102.799,0,102781.000,133520,192000,3999.333,120.0,8,26,2,0.00000,0.00000,0.00000,0.00000,0.00000
102.799,1,103038.000,145854,192000,3999.375,120.0,8,26,2,0.00000,0.00000,0.00000,0.00000,0.00000
102.799,2,102524.000,121186,192000,3999.292,120.0,8,26,2,0.00000,0.00000,0.00000,0.00000,0.00000
102.901,0,102883.000,138391,192000,3999.854,120.0,8,26,2,0.00000,0.00000,0.00000,0.00000,0.00000
102.901,1,103140.000,150736,192000,3999.667,120.0,8,26,2,0.00000,0.00000,0.00000,0.00000,0.00000
102.901,2,102625.000,126044,192000,3999.083,120.0,8,26,2,0.00000,0.00000,0.00000,0.00000,0.00000
103.002,0,102984.000,143260,192000,3999.417,120.0,8,26,2,0.00000,0.00000,0.00000,0.00000,0.00000
103.002,1,103242.000,155618,192000,3999.958,120.0,8,26,2,0.00000,0.00000,0.00000,0.00000,0.00000
103.002,2,102727.000,130902,192000,3999.875,120.0,8,26,2,0.00000,0.00000,0.00000,0.00000,0.00000
103.103,0,103085.000,148096,192000,3999.667,120.0,8,26,2,0.00000,0.00000,0.00000,0.00000,0.00000
103.103,1,103343.000,160466,192000,3999.958,120.0,8,26,2,0.00000,0.00000,0.00000,0.00000,0.00000
103.103,2,102827.000,135725,192000,3999.396,120.0,8,26,2,0.00000,0.00000,0.00000,0.00000,0.00000
103.204,0,103186.000,152934,192000,3999.875,120.0,8,26,2,0.00000,0.00000,0.00000,0.00000,0.00000
103.204,1,103444.000,165316,192000,3999.917,120.0,8,26,2,0.00000,0.00000,0.00000,0.00000,0.00000
103.204,2,102928.000,140551,192000,3999.854,120.0,8,26,2,0.00000,0.00000,0.00000,0.00000,0.00000
103.306,0,103288.000,157846,192000,3999.542,120.0,8,26,2,0.00000,0.00000,0.00000,0.00000,0.00000
103.306,1,103546.000,170240,192000,3999.333,120.0,8,26,2,0.00000,0.00000,0.00000,0.00000,0.00000
103.306,2,103030.000,145451,192000,3999.771,120.0,8,26,2,0.00000,0.00000,0.00000,0.00000,0.00000
103.408,0,103390.000,162724,192000,3999.917,120.0,8,26,2,0.00000,0.00000,0.00000,0.00000,0.00000
103.408,1,103648.000,175131,192000,3999.438,120.0,8,26,2,0.00000,0.00000,0.00000,0.00000,0.00000
103.408,2,103131.000,150317,192000,3999.396,120.0,8,26,2,0.00000,0.00000,0.00000,0.00000,0.00000
103.510,0,103492.000,167633,192000,3999.646,120.0,8,26,2,0.00000,0.00000,0.00000,0.00000,0.00000
103.510,1,103751.000,180052,192000,3999.917,120.0,8,26,2,0.00000,0.00000,0.00000,0.00000,0.00000
103.510,2,103233.000,155214,192000,3999.375,120.0,8,26,2,0.00000,0.00000,0.00000,0.00000,0.00000
103.612,0,103594.000,172529,192000,3999.646,120.0,8,26,2,0.00000,0.00000,0.00000,0.00000,0.00000
103.612,1,103853.000,184960,192000,3999.667,120.0,8,26,2,0.00000,0.00000,0.00000,0.00000,0.00000
103.612,2,103335.000,160097,192000,3999.646,120.0,8,26,2,0.00000,0.00000,0.00000,0.00000,0.00000
103.712,0,103694.000,177351,192000,3999.188,120.0,8,26,2,0.00000,0.00000,0.00000,0.00000,0.00000
103.712,1,103954.000,189794,192000,3999.958,120.0,8,26,2,0.00000,0.00000,0.00000,0.00000,0.00000
103.712,2,103435.000,164907,192000,3999.438,120.0,8,26,2,0.00000,0.00000,0.00000,0.00000,0.00000
103.814,0,103796.000,182246,192000,3999.208,120.0,8,26,2,0.00000,0.00000,0.00000,0.00000,0.00000
103.814,1,104056.000,2701,192000,3999.729,120.0,8,27,2,0.10939,0.10939,0.10911,0.00000,0.00000
103.814,2,103537.000,169790,192000,3999.708,120.0,8,26,2,0.00000,0.00000,0.00000,0.00000,0.00000
103.916,0,103898.000,187131,192000,3999.438,120.0,8,26,2,0.00000,0.00000,0.00000,0.00000,0.00000
103.916,1,104158.000,7598,192000,3999.708,120.0,8,27,2,0.07156,0.07156,0.07139,0.00000,0.00000
103.916,2,103638.000,174663,192000,3999.188,120.0,8,26,2,0.00000,0.00000,0.00000,0.00000,0.00000
104.018,0,104000.000,5,192000,3999.896,120.0,8,27,2,0.00000,0.00000,0.00000,0.00000,0.00000
104.018,1,104260.000,12484,192000,3999.917,120.0,8,27,2,0.04686,0.04686,0.04675,0.00000,0.00000
104.018,2,103740.000,179525,192000,3999.896,120.0,8,26,2,0.00000,0.00000,0.00000,0.00000,0.00000
104.120,0,104102.000,4903,192000,3999.854,120.0,8,27,2,0.09053,0.09053,0.00000,0.00000,0.00000
104.120,1,104362.000,17395,192000,3999.604,120.0,8,27,2,0.03062,0.03062,0.03055,0.00000,0.00000
104.120,2,103841.000,184410,192000,3999.125,120.0,8,26,2,0.00000,0.00000,0.00000,0.00000,0.00000
104.222,0,104204.000,9802,192000,3999.792,120.0,8,27,2,0.05922,0.05922,0.00000,0.00000,0.00000
104.222,1,104464.000,22306,192000,3999.292,120.0,8,27,2,0.02001,0.02001,0.01996,0.00000,0.00000
104.222,2,103943.000,189297,192000,3999.312,120.0,8,26,2,0.00000,0.00000,0.00000,0.00000,0.00000
104.325,0,104307.000,14754,192000,3999.625,120.0,8,27,2,0.03856,0.03856,0.00000,0.00000,0.00000
104.325,1,104568.000,27271,192000,3999.854,120.0,8,27,2,0.01301,0.01301,0.01298,0.00000,0.00000
104.325,2,104046.000,2237,192000,3999.396,120.0,8,27,2,0.11388,0.11388,0.00000,0.00000,0.00000
104.426,0,104408.000,19591,192000,3999.854,120.0,8,27,2,0.02536,0.02536,0.00000,0.00000,0.00000
104.426,1,104669.000,32119,192000,3999.854,120.0,8,27,2,0.00855,0.00855,0.00853,0.00000,0.00000
104.426,2,104147.000,7061,192000,3999.896,120.0,8,27,2,0.07497,0.07497,0.00000,0.00000,0.00000
104.527,0,104508.000,24426,192000,3999.125,120.0,8,27,2,0.01668,0.01668,0.00000,0.00000,0.00000
104.527,1,104770.000,36967,192000,3999.854,120.0,8,27,2,0.00562,0.00562,0.00560,0.00000,0.00000
104.527,2,104247.000,11885,192000,3999.396,120.0,8,27,2,0.04936,0.04936,0.00000,0.00000,0.00000
104.630,0,104611.000,29375,192000,3999.021,120.0,8,27,2,0.01086,0.01086,0.00000,0.00000,0.00000
104.630,1,104873.000,41927,192000,3999.521,120.0,8,27,2,0.00366,0.00366,0.00365,0.00000,0.00000
104.630,2,104350.000,16821,192000,3999.562,120.0,8,27,2,0.03218,0.03218,0.00000,0.00000,0.00000
104.730,0,104712.000,34178,192000,3999.958,120.0,8,27,2,0.00716,0.00716,0.00000,0.00000,0.00000
104.730,1,104973.000,46743,192000,3999.188,120.0,8,27,2,0.00241,0.00241,0.00240,0.00000,0.00000
104.730,2,104450.000,21612,192000,3999.750,120.0,8,27,2,0.02125,0.02125,0.00000,0.00000,0.00000
104.832,0,104814.000,39091,192000,3999.604,120.0,8,27,2,0.00468,0.00468,0.00000,0.00000,0.00000
104.832,1,105076.000,51668,192000,3999.583,120.0,8,27,2,0.00157,0.00157,0.00157,0.00000,0.00000
104.832,2,104552.000,26513,192000,3999.646,120.0,8,27,2,0.01390,0.01390,0.00000,0.00000,0.00000
104.935,0,104917.000,44021,192000,3999.896,120.0,8,27,2,0.00305,0.00305,0.00000,0.00000,0.00000
104.935,1,105179.000,56611,192000,3999.604,120.0,8,27,2,0.00102,0.00102,0.00102,0.00000,0.00000
104.935,2,104654.000,31431,192000,3999.188,120.0,8,27,2,0.00908,0.00908,0.00000,0.00000,0.00000
105.037,0,105019.000,48917,192000,3999.896,120.0,8,27,2,0.00200,0.00200,0.00000,0.00000,0.00000
105.037,1,105281.000,61519,192000,3999.354,120.0,8,27,2,0.00067,0.00067,0.00067,0.00000,0.00000
105.037,2,104756.000,36314,192000,3999.458,120.0,8,27,2,0.00595,0.00595,0.00000,0.00000,0.00000
105.138,0,105119.000,53758,192000,3999.042,120.0,8,27,2,0.00131,0.00131,0.00000,0.00000,0.00000
105.138,1,105382.000,66372,192000,3999.250,120.0,8,27,2,0.00044,0.00044,0.00044,0.00000,0.00000
105.138,2,104857.000,41144,192000,3999.833,120.0,8,27,2,0.00391,0.00391,0.00000,0.00000,0.00000
105.238,0,105220.000,58589,192000,3999.396,120.0,8,27,2,0.00086,0.00086,0.00000,0.00000,0.00000
105.238,1,105483.000,71215,192000,3999.354,120.0,8,27,2,0.00029,0.00029,0.00029,0.00000,0.00000
105.238,2,104957.000,45962,192000,3999.458,120.0,8,27,2,0.00258,0.00258,0.00000,0.00000,0.00000
105.340,0,105322.000,63483,192000,3999.438,120.0,8,27,2,0.00057,0.00057,0.00000,0.00000,0.00000
105.340,1,105585.000,76121,192000,3999.146,120.0,8,27,2,0.00019,0.00019,0.00019,0.00000,0.00000
105.340,2,105059.000,50844,192000,3999.750,120.0,8,27,2,0.00169,0.00169,0.00000,0.00000,0.00000
105.442,0,105424.000,68358,192000,3999.875,120.0,8,27,2,0.00037,0.00037,0.00000,0.00000,0.00000
105.442,1,105687.000,81009,192000,3999.312,120.0,8,27,2,0.00012,0.00012,0.00012,0.00000,0.00000
105.442,2,105160.000,55707,192000,3999.438,120.0,8,27,2,0.00111,0.00111,0.00000,0.00000,0.00000
105.543,0,105525.000,73222,192000,3999.542,120.0,8,27,2,0.00024,0.00024,0.00000,0.00000,0.00000
105.543,1,105789.000,85885,192000,3999.729,120.0,8,27,2,0.00008,0.00008,0.00008,0.00000,0.00000
105.543,2,105261.000,60559,192000,3999.354,120.0,8,27,2,0.00073,0.00073,0.00000,0.00000,0.00000
105.645,0,105627.000,78103,192000,3999.854,120.0,8,27,2,0.00016,0.00016,0.00000,0.00000,0.00000
105.645,1,105891.000,90778,192000,3999.792,120.0,8,27,2,0.00005,0.00005,0.00005,0.00000,0.00000
105.645,2,105363.000,65428,192000,3999.917,120.0,8,27,2,0.00048,0.00048,0.00000,0.00000,0.00000
105.746,0,105728.000,82966,192000,3999.542,120.0,8,27,2,0.00010,0.00010,0.00000,0.00000,0.00000
105.746,1,105992.000,95653,192000,3999.229,120.0,8,27,2,0.00003,0.00003,0.00003,0.00000,0.00000
105.746,2,105464.000,70278,192000,3999.875,120.0,8,27,2,0.00031,0.00031,0.00000,0.00000,0.00000
105.848,0,105830.000,87842,192000,3999.958,120.0,8,27,2,0.00007,0.00007,0.00000,0.00000,0.00000
105.848,1,106094.000,100541,192000,3999.396,120.0,8,27,2,0.00002,0.00002,0.00002,0.00000,0.00000
105.848,2,105565.000,75142,192000,3999.542,120.0,8,27,2,0.00021,0.00021,0.00000,0.00000,0.00000
105.949,0,105931.000,92701,192000,3999.729,120.0,8,27,2,0.00004,0.00004,0.00000,0.00000,0.00000
105.949,1,106196.000,105412,192000,3999.917,120.0,8,27,2,0.00001,0.00001,0.00001,0.00000,0.00000
105.949,2,105666.000,79989,192000,3999.562,120.0,8,27,2,0.00014,0.00014,0.00000,0.00000,0.00000
106.052,0,106034.000,97637,192000,3999.896,120.0,8,27,2,0.00003,0.00003,0.00000,0.00000,0.00000
106.052,1,106299.000,110360,192000,3999.833,120.0,8,27,2,0.00001,0.00001,0.00001,0.00000,0.00000
106.052,2,105769.000,84912,192000,0.000,120.0,8,27,2,0.00009,0.00009,0.00000,0.00000,0.00000
106.154,0,106136.000,102532,192000,3999.917,120.0,8,27,2,0.00002,0.00002,0.00000,0.00000,0.00000
106.154,1,106401.000,115267,192000,3999.604,120.0,8,27,2,0.00001,0.00001,0.00001,0.00000,0.00000
106.154,2,105870.000,89795,192000,3999.271,120.0,8,27,2,0.00006,0.00006,0.00000,0.00000,0.00000
106.256,0,106237.000,107419,192000,3999.104,120.0,8,27,2,0.00001,0.00001,0.00000,0.00000,0.00000
106.256,1,106503.000,120167,192000,3999.521,120.0,8,27,2,0.00000,0.00000,0.00000,0.00000,0.00000
106.256,2,105972.000,94670,192000,3999.708,120.0,8,27,2,0.00004,0.00004,0.00000,0.00000,0.00000
106.357,0,106339.000,112275,192000,3999.938,120.0,8,27,2,0.00001,0.00001,0.00000,0.00000,0.00000
106.357,1,106604.000,125035,192000,3999.104,120.0,8,27,2,0.00000,0.00000,0.00000,0.00000,0.00000
106.357,2,106073.000,99514,192000,3999.792,120.0,8,27,2,0.00002,0.00002,0.00000,0.00000,0.00000
106.459,0,106441.000,117177,192000,3999.812,120.0,8,27,2,0.00001,0.00001,0.00000,0.00000,0.00000
106.459,1,106707.000,129950,192000,3999.708,120.0,8,27,2,0.00000,0.00000,0.00000,0.00000,0.00000
106.459,2,106175.000,104404,192000,3999.917,120.0,8,27,2,0.00002,0.00002,0.00000,0.00000,0.00000
106.560,0,106542.000,122047,192000,3999.354,120.0,8,27,2,0.00000,0.00000,0.00000,0.00000,0.00000
106.560,1,106808.000,134831,192000,3999.021,120.0,8,27,2,0.00000,0.00000,0.00000,0.00000,0.00000
106.560,2,106276.000,109261,192000,3999.729,120.0,8,27,2,0.00001,0.00001,0.00000,0.00000,0.00000
106.663,0,106644.000,126957,192000,3999.062,120.0,8,27,2,0.00000,0.00000,0.00000,0.00000,0.00000
106.663,1,106911.000,139754,192000,3999.458,120.0,8,27,2,0.00000,0.00000,0.00000,0.00000,0.00000
106.663,2,106378.000,114160,192000,3999.667,120.0,8,27,2,0.00001,0.00001,0.00000,0.00000,0.00000
106.765,0,106747.000,131860,192000,3999.917,120.0,8,27,2,0.00000,0.00000,0.00000,0.00000,0.00000
106.765,1,107013.000,144669,192000,3999.062,120.0,8,27,2,0.00000,0.00000,0.00000,0.00000,0.00000
106.765,2,106480.000,119050,192000,3999.792,120.0,8,27,2,0.00000,0.00000,0.00000,0.00000,0.00000
106.866,0,106848.000,136732,192000,3999.417,120.0,8,27,2,0.00000,0.00000,0.00000,0.00000,0.00000
106.866,1,107115.000,149553,192000,3999.312,120.0,8,27,2,0.00000,0.00000,0.00000,0.00000,0.00000
106.866,2,106581.000,123909,192000,3999.562,120.0,8,27,2,0.00000,0.00000,0.00000,0.00000,0.00000
106.967,0,106949.000,141580,192000,3999.417,120.0,8,27,2,0.00000,0.00000,0.00000,0.00000,0.00000
106.967,1,107216.000,154414,192000,3999.042,120.0,8,27,2,0.00000,0.00000,0.00000,0.00000,0.00000
106.967,2,106682.000,128746,192000,3999.792,120.0,8,27,2,0.00000,0.00000,0.00000,0.00000,0.00000
107.068,0,107050.000,146413,192000,3999.729,120.0,8,27,2,0.00000,0.00000,0.00000,0.00000,0.00000
107.068,1,107317.000,159259,192000,3999.104,120.0,8,27,2,0.00000,0.00000,0.00000,0.00000,0.00000
107.068,2,106782.000,133567,192000,3999.354,120.0,8,27,2,0.00000,0.00000,0.00000,0.00000,0.00000
107.170,0,107152.000,151333,192000,3999.229,120.0,8,27,2,0.00000,0.00000,0.00000,0.00000,0.00000
107.170,1,107420.000,164190,192000,3999.375,120.0,8,27,2,0.00000,0.00000,0.00000,0.00000,0.00000
107.170,2,106884.000,138474,192000,3999.125,120.0,8,27,2,0.00000,0.00000,0.00000,0.00000,0.00000
107.272,0,107254.000,156218,192000,3999.458,120.0,8,27,2,0.00000,0.00000,0.00000,0.00000,0.00000
107.272,1,107522.000,169088,192000,3999.333,120.0,8,27,2,0.00000,0.00000,0.00000,0.00000,0.00000
107.272,2,106986.000,143347,192000,3999.604,120.0,8,27,2,0.00000,0.00000,0.00000,0.00000,0.00000
107.374,0,107355.000,161086,192000,3999.042,120.0,8,27,2,0.00000,0.00000,0.00000,0.00000,0.00000
107.374,1,107624.000,173969,192000,3999.646,120.0,8,27,2,0.00000,0.00000,0.00000,0.00000,0.00000
107.374,2,107087.000,148203,192000,3999.438,120.0,8,27,2,0.00000,0.00000,0.00000,0.00000,0.00000
107.475,0,107457.000,165961,192000,3999.479,120.0,8,27,2,0.00000,0.00000,0.00000,0.00000,0.00000
107.475,1,107726.000,178855,192000,3999.854,120.0,8,27,2,0.00000,0.00000,0.00000,0.00000,0.00000
107.475,2,107188.000,153066,192000,3999.125,120.0,8,27,2,0.00000,0.00000,0.00000,0.00000,0.00000
107.576,0,107558.000,170802,192000,3999.625,120.0,8,27,2,0.00000,0.00000,0.00000,0.00000,0.00000
107.576,1,107827.000,183708,192000,3999.750,120.0,8,27,2,0.00000,0.00000,0.00000,0.00000,0.00000
107.576,2,107289.000,157895,192000,3999.521,120.0,8,27,2,0.00000,0.00000,0.00000,0.00000,0.00000
107.677,0,107659.000,175648,192000,3999.667,120.0,8,27,2,0.00000,0.00000,0.00000,0.00000,0.00000
107.677,1,107928.000,188566,192000,3999.542,120.0,8,27,2,0.00000,0.00000,0.00000,0.00000,0.00000
107.677,2,107390.000,162728,192000,3999.833,120.0,8,27,2,0.00000,0.00000,0.00000,0.00000,0.00000
107.779,0,107761.000,180559,192000,3999.354,120.0,8,27,2,0.00000,0.00000,0.00000,0.00000,0.00000
107.779,1,108031.000,1490,192000,3999.958,120.0,8,28,2,0.00000,0.00000,0.00000,0.00000,0.00000
107.779,2,107492.000,167627,192000,3999.771,120.0,8,27,2,0.00000,0.00000,0.00000,0.00000,0.00000
107.881,0,107863.000,185454,192000,3999.375,120.0,8,27,2,0.00000,0.00000,0.00000,0.00000,0.00000
107.881,1,108133.000,6397,192000,3999.729,120.0,8,28,2,0.00000,0.00000,0.00000,0.00000,0.00000
107.881,2,107593.000,172510,192000,3999.042,120.0,8,27,2,0.00000,0.00000,0.00000,0.00000,0.00000
107.984,0,107965.000,190362,192000,3999.125,120.0,8,27,2,0.00000,0.00000,0.00000,0.00000,0.00000
107.984,1,108235.000,11317,192000,3999.229,120.0,8,28,2,0.00000,0.00000,0.00000,0.00000,0.00000
107.984,2,107695.000,177405,192000,3999.062,120.0,8,27,2,0.00000,0.00000,0.00000,0.00000,0.00000
108.086,0,108068.000,3296,192000,3999.333,120.0,8,28,2,0.00000,0.00000,0.00000,0.00000,0.00000
108.086,1,108338.000,16264,192000,3999.167,120.0,8,28,2,0.00000,0.00000,0.00000,0.00000,0.00000
108.086,2,107798.000,182328,192000,3999.500,120.0,8,27,2,0.00000,0.00000,0.00000,0.00000,0.00000
108.188,0,108170.000,8166,192000,3999.875,120.0,8,28,2,0.00000,0.00000,0.00000,0.00000,0.00000
108.188,1,108440.000,21146,192000,3999.458,120.0,8,28,2,0.00000,0.00000,0.00000,0.00000,0.00000
108.188,2,107899.000,187186,192000,3999.292,120.0,8,27,2,0.00000,0.00000,0.00000,0.00000,0.00000
108.290,0,108272.000,13090,192000,3999.292,120.0,8,28,2,0.00000,0.00000,0.00000,0.00000,0.00000
108.290,1,108543.000,26082,192000,3999.625,120.0,8,28,2,0.00000,0.00000,0.00000,0.00000,0.00000
108.290,2,108002.000,97,192000,3999.979,120.0,8,28,2,0.00000,0.00000,0.00000,0.00000,0.00000
108.393,0,108375.000,18019,192000,3999.604,120.0,8,28,2,0.00000,0.00000,0.00000,0.00000,0.00000
108.393,1,108646.000,31023,192000,3999.688,120.0,8,28,2,0.00000,0.00000,0.00000,0.00000,0.00000
108.393,2,108104.000,5013,192000,3999.562,120.0,8,28,2,0.00000,0.00000,0.00000,0.00000,0.00000
108.494,0,108476.000,22879,192000,3999.354,120.0,8,28,2,0.00000,0.00000,0.00000,0.00000,0.00000
108.494,1,108747.000,35896,192000,3999.167,120.0,8,28,2,0.00000,0.00000,0.00000,0.00000,0.00000
108.494,2,108205.000,9862,192000,3999.542,120.0,8,28,2,0.00000,0.00000,0.00000,0.00000,0.00000
108.594,0,108576.000,27681,192000,3999.312,120.0,8,28,2,0.00000,0.00000,0.00000,0.00000,0.00000
108.594,1,108848.000,40709,192000,3999.896,120.0,8,28,2,0.00000,0.00000,0.00000,0.00000,0.00000
108.594,2,108305.000,14651,192000,3999.771,120.0,8,28,2,0.00000,0.00000,0.00000,0.00000,0.00000
108.695,0,108676.000,32495,192000,3999.021,120.0,8,28,2,0.00000,0.00000,0.00000,0.00000,0.00000
108.695,1,108948.000,45536,192000,3999.333,120.0,8,28,2,0.00000,0.00000,0.00000,0.00000,0.00000
108.695,2,108405.000,19454,192000,3999.708,120.0,8,28,2,0.00000,0.00000,0.00000,0.00000,0.00000
108.798,0,108780.000,37445,192000,3999.896,120.0,8,28,2,0.00000,0.00000,0.00000,0.00000,0.00000
108.798,1,109052.000,50498,192000,3999.958,120.0,8,28,2,0.00000,0.00000,0.00000,0.00000,0.00000
108.798,2,108508.000,24391,192000,3999.854,120.0,8,28,2,0.00000,0.00000,0.00000,0.00000,0.00000
108.898,0,108880.000,42269,192000,3999.396,120.0,8,28,2,0.00000,0.00000,0.00000,0.00000,0.00000
108.898,1,109152.000,55334,192000,3999.208,120.0,8,28,2,0.00000,0.00000,0.00000,0.00000,0.00000
108.898,2,108608.000,29203,192000,3999.604,120.0,8,28,2,0.00000,0.00000,0.00000,0.00000,0.00000
109.000,0,108982.000,47153,192000,3999.646,120.0,8,28,2,0.00000,0.00000,0.00000,0.00000,0.00000
109.000,1,109254.000,60231,192000,3999.188,120.0,8,28,2,0.00000,0.00000,0.00000,0.00000,0.00000
109.000,2,108709.000,34075,192000,3999.104,120.0,8,28,2,0.00000,0.00000,0.00000,0.00000,0.00000
109.100,0,109082.000,51965,192000,3999.396,120.0,8,28,2,0.00000,0.00000,0.00000,0.00000,0.00000
109.100,1,109355.000,65054,192000,3999.708,120.0,8,28,2,0.00000,0.00000,0.00000,0.00000,0.00000
109.100,2,108809.000,38874,192000,3999.125,120.0,8,28,2,0.00000,0.00000,0.00000,0.00000,0.00000
109.202,0,109184.000,56853,192000,3999.562,120.0,8,28,2,0.00000,0.00000,0.00000,0.00000,0.00000
109.202,1,109457.000,69954,192000,3999.625,120.0,8,28,2,0.00000,0.00000,0.00000,0.00000,0.00000
109.202,2,108911.000,43750,192000,3999.542,120.0,8,28,2,0.00000,0.00000,0.00000,0.00000,0.00000
109.303,0,109285.000,61698,192000,3999.625,120.0,8,28,2,0.00000,0.00000,0.00000,0.00000,0.00000
109.303,1,109558.000,74812,192000,3999.417,120.0,8,28,2,0.00000,0.00000,0.00000,0.00000,0.00000
109.303,2,109012.000,48583,192000,3999.854,120.0,8,28,2,0.00000,0.00000,0.00000,0.00000,0.00000
109.404,0,109386.000,66549,192000,3999.562,120.0,8,28,2,0.00000,0.00000,0.00000,0.00000,0.00000
109.404,1,109659.000,79675,192000,3999.104,120.0,8,28,2,0.00000,0.00000,0.00000,0.00000,0.00000
109.404,2,109112.000,53422,192000,3999.042,120.0,8,28,2,0.00000,0.00000,0.00000,0.00000,0.00000
109.505,0,109487.000,71401,192000,3999.479,120.0,8,28,2,0.00000,0.00000,0.00000,0.00000,0.00000
109.505,1,109761.000,84539,192000,3999.771,120.0,8,28,2,0.00000,0.00000,0.00000,0.00000,0.00000
109.505,2,109213.000,58263,192000,3999.188,120.0,8,28,2,0.00000,0.00000,0.00000,0.00000,0.00000
109.607,0,109589.000,76274,192000,3999.958,120.0,8,28,2,0.00000,0.00000,0.00000,0.00000,0.00000
109.607,1,109863.000,89425,192000,3999.979,120.0,8,28,2,0.00000,0.00000,0.00000,0.00000,0.00000
109.607,2,109315.000,63123,192000,3999.938,120.0,8,28,2,0.00000,0.00000,0.00000,0.00000,0.00000
109.707,0,109689.000,81083,192000,3999.771,120.0,8,28,2,0.00000,0.00000,0.00000,0.00000,0.00000
109.707,1,109963.000,94246,192000,3999.542,120.0,8,28,2,0.00000,0.00000,0.00000,0.00000,0.00000
109.707,2,109415.000,67920,192000,0.000,120.0,8,28,2,0.00000,0.00000,0.00000,0.00000,0.00000
109.808,0,109789.000,85915,192000,3999.104,120.0,8,28,2,0.00000,0.00000,0.00000,0.00000,0.00000
109.808,1,110064.000,99089,192000,3999.646,120.0,8,28,2,0.00000,0.00000,0.00000,0.00000,0.00000
109.808,2,109515.000,72739,192000,3999.604,120.0,8,28,2,0.00000,0.00000,0.00000,0.00000,0.00000
109.909,0,109891.000,90779,192000,3999.771,120.0,8,28,2,0.00000,0.00000,0.00000,0.00000,0.00000
109.909,1,110165.000,103965,192000,3999.062,120.0,8,28,2,0.00000,0.00000,0.00000,0.00000,0.00000
109.909,2,109616.000,77591,192000,3999.521,120.0,8,28,2,0.00000,0.00000,0.00000,0.00000,0.00000
110.010,0,109992.000,95620,192000,3999.917,120.0,8,28,2,0.00000,0.00000,0.00000,0.00000,0.00000
110.010,1,110267.000,108819,192000,3999.938,120.0,8,28,2,0.00000,0.00000,0.00000,0.00000,0.00000
110.010,2,109717.000,82421,192000,3999.896,120.0,8,28,2,0.00000,0.00000,0.00000,0.00000,0.00000
110.110,0,110092.000,100454,192000,3999.208,120.0,8,28,2,0.00000,0.00000,0.00000,0.00000,0.00000
110.110,1,110368.000,113665,192000,3999.979,120.0,8,28,2,0.00000,0.00000,0.00000,0.00000,0.00000
110.110,2,109817.000,87242,192000,3999.458,120.0,8,28,2,0.00000,0.00000,0.00000,0.00000,0.00000
110.212,0,110194.000,105352,192000,3999.167,120.0,8,28,2,0.00000,0.00000,0.00000,0.00000,0.00000
110.212,1,110470.000,118574,192000,3999.708,120.0,8,28,2,0.00000,0.00000,0.00000,0.00000,0.00000
110.212,2,109919.000,92128,192000,3999.667,120.0,8,28,2,0.00000,0.00000,0.00000,0.00000,0.00000
110.315,0,110297.000,110261,192000,3999.896,120.0,8,28,2,0.00000,0.00000,0.00000,0.00000,0.00000
110.315,1,110572.000,123496,192000,3999.167,120.0,8,28,2,0.00000,0.00000,0.00000,0.00000,0.00000
110.315,2,110021.000,97024,192000,3999.667,120.0,8,28,2,0.00000,0.00000,0.00000,0.00000,0.00000
110.417,0,110399.000,115190,192000,3999.208,120.0,8,28,2,0.00000,0.00000,0.00000,0.00000,0.00000
110.417,1,110675.000,128437,192000,3999.229,120.0,8,28,2,0.00000,0.00000,0.00000,0.00000,0.00000
110.417,2,110123.000,101942,192000,3999.208,120.0,8,28,2,0.00000,0.00000,0.00000,0.00000,0.00000
110.519,0,110501.000,120062,192000,3999.708,120.0,8,28,2,0.00000,0.00000,0.00000,0.00000,0.00000
110.519,1,110777.000,133322,192000,3999.458,120.0,8,28,2,0.00000,0.00000,0.00000,0.00000,0.00000
110.519,2,110225.000,106801,192000,3999.979,120.0,8,28,2,0.00000,0.00000,0.00000,0.00000,0.00000
110.619,0,110601.000,124873,192000,3999.479,120.0,8,28,2,0.00000,0.00000,0.00000,0.00000,0.00000
110.619,1,110878.000,138145,192000,3999.979,120.0,8,28,2,0.00000,0.00000,0.00000,0.00000,0.00000
110.619,2,110325.000,111601,192000,3999.979,120.0,8,28,2,0.00000,0.00000,0.00000,0.00000,0.00000
110.721,0,110703.000,129758,192000,3999.708,120.0,8,28,2,0.00000,0.00000,0.00000,0.00000,0.00000
110.721,1,110980.000,143041,192000,3999.979,120.0,8,28,2,0.00000,0.00000,0.00000,0.00000,0.00000
110.721,2,110426.000,116473,192000,3999.479,120.0,8,28,2,0.00000,0.00000,0.00000,0.00000,0.00000
110.822,0,110804.000,134620,192000,3999.417,120.0,8,28,2,0.00000,0.00000,0.00000,0.00000,0.00000
110.822,1,111081.000,147916,192000,3999.417,120.0,8,28,2,0.00000,0.00000,0.00000,0.00000,0.00000
110.822,2,110527.000,121323,192000,3999.438,120.0,8,28,2,0.00000,0.00000,0.00000,0.00000,0.00000
110.924,0,110906.000,139491,192000,3999.938,120.0,8,28,2,0.00000,0.00000,0.00000,0.00000,0.00000
110.924,1,111183.000,152799,192000,3999.688,120.0,8,28,2,0.00000,0.00000,0.00000,0.00000,0.00000
110.924,2,110628.000,126182,192000,3999.208,120.0,8,28,2,0.00000,0.00000,0.00000,0.00000,0.00000
111.024,0,111006.000,144294,192000,3999.875,120.0,8,28,2,0.00000,0.00000,0.00000,0.00000,0.00000
111.024,1,111283.000,157614,192000,3999.375,120.0,8,28,2,0.00000,0.00000,0.00000,0.00000,0.00000
111.024,2,110728.000,130973,192000,3999.396,120.0,8,28,2,0.00000,0.00000,0.00000,0.00000,0.00000
111.126,0,111108.000,149211,192000,3999.438,120.0,8,28,2,0.00000,0.00000,0.00000,0.00000,0.00000
111.126,1,111386.000,162544,192000,3999.667,120.0,8,28,2,0.00000,0.00000,0.00000,0.00000,0.00000
111.126,2,110830.000,135878,192000,3999.208,120.0,8,28,2,0.00000,0.00000,0.00000,0.00000,0.00000
111.226,0,111208.000,154019,192000,3999.271,120.0,8,28,2,0.00000,0.00000,0.00000,0.00000,0.00000
111.226,1,111486.000,167363,192000,3999.271,120.0,8,28,2,0.00000,0.00000,0.00000,0.00000,0.00000
111.226,2,110930.000,140673,192000,3999.312,120.0,8,28,2,0.00000,0.00000,0.00000,0.00000,0.00000
111.329,0,111310.000,158925,192000,3999.062,120.0,8,28,2,0.00000,0.00000,0.00000,0.00000,0.00000
111.329,1,111589.000,172282,192000,3999.792,120.0,8,28,2,0.00000,0.00000,0.00000,0.00000,0.00000
111.329,2,111032.000,145567,192000,3999.354,120.0,8,28,2,0.00000,0.00000,0.00000,0.00000,0.00000
111.431,0,111413.000,163855,192000,3999.354,120.0,8,28,2,0.00000,0.00000,0.00000,0.00000,0.00000
111.431,1,111692.000,177224,192000,3999.833,120.0,8,28,2,0.00000,0.00000,0.00000,0.00000,0.00000
111.431,2,111135.000,150485,192000,3999.896,120.0,8,28,2,0.00000,0.00000,0.00000,0.00000,0.00000
111.532,0,111513.000,168666,192000,3999.125,120.0,8,28,2,0.00000,0.00000,0.00000,0.00000,0.00000
111.532,1,111792.000,182047,192000,3999.354,120.0,8,28,2,0.00000,0.00000,0.00000,0.00000,0.00000
111.532,2,111235.000,155284,192000,3999.917,120.0,8,28,2,0.00000,0.00000,0.00000,0.00000,0.00000
111.633,0,111615.000,173539,192000,3999.604,120.0,8,28,2,0.00000,0.00000,0.00000,0.00000,0.00000
111.633,1,111894.000,186933,192000,3999.562,120.0,8,28,2,0.00000,0.00000,0.00000,0.00000,0.00000
111.633,2,111336.000,160145,192000,3999.646,120.0,8,28,2,0.00000,0.00000,0.00000,0.00000,0.00000
111.734,0,111716.000,178384,192000,3999.667,120.0,8,28,2,0.00000,0.00000,0.00000,0.00000,0.00000
111.734,1,111995.000,191789,192000,3999.396,120.0,8,28,2,0.00000,0.00000,0.00000,0.00000,0.00000
111.734,2,111437.000,164977,192000,3999.979,120.0,8,28,2,0.00000,0.00000,0.00000,0.00000,0.00000
111.836,0,111818.000,183276,192000,3999.750,120.0,8,28,2,0.00000,0.00000,0.00000,0.00000,0.00000
111.836,1,112097.000,4693,192000,3999.229,120.0,8,29,2,0.00000,0.00000,0.00000,0.00000,0.00000
111.836,2,111538.000,169857,192000,3999.312,120.0,8,28,2,0.00000,0.00000,0.00000,0.00000,0.00000
111.937,0,111919.000,188122,192000,3999.792,120.0,8,28,2,0.00000,0.00000,0.00000,0.00000,0.00000
111.937,1,112198.000,9551,192000,3999.021,120.0,8,29,2,0.00000,0.00000,0.00000,0.00000,0.00000
111.937,2,111639.000,174691,192000,3999.604,120.0,8,28,2,0.00000,0.00000,0.00000,0.00000,0.00000
112.039,0,112021.000,1042,192000,3999.292,120.0,8,29,2,0.12595,0.00000,0.12595,0.00000,0.00000
112.039,1,112301.000,14484,192000,3999.250,120.0,8,29,2,0.00000,0.00000,0.00000,0.00000,0.00000
112.039,2,111741.000,179599,192000,3999.354,120.0,8,28,2,0.00000,0.00000,0.00000,0.00000,0.00000
112.142,0,112124.000,5956,192000,3999.917,120.0,8,29,2,0.08228,0.00000,0.08228,0.00000,0.00000
112.142,1,112404.000,19410,192000,3999.625,120.0,8,29,2,0.00000,0.00000,0.00000,0.00000,0.00000
112.142,2,111843.000,184501,192000,3999.229,120.0,8,28,2,0.00000,0.00000,0.00000,0.00000,0.00000
112.243,0,112225.000,10800,192000,0.000,120.0,8,29,2,0.05408,0.00000,0.05408,0.00000,0.00000
112.243,1,112505.000,24266,192000,3999.458,120.0,8,29,2,0.00000,0.00000,0.00000,0.00000,0.00000
112.243,2,111944.000,189332,192000,3999.583,120.0,8,28,2,0.00000,0.00000,0.00000,0.00000,0.00000
112.344,0,112326.000,15669,192000,3999.562,120.0,8,29,2,0.03546,0.00000,0.03546,0.00000,0.00000
112.344,1,112607.000,29148,192000,3999.750,120.0,8,29,2,0.00000,0.00000,0.00000,0.00000,0.00000
112.344,2,112045.000,2190,192000,3999.375,120.0,8,29,2,0.11439,0.00000,0.11439,0.00000,0.00000
112.445,0,112427.000,20537,192000,3999.146,120.0,8,29,2,0.02326,0.00000,0.02326,0.00000,0.00000
112.445,1,112708.000,34028,192000,3999.083,120.0,8,29,2,0.00000,0.00000,0.00000,0.00000,0.00000
112.445,2,112146.000,7045,192000,3999.229,120.0,8,29,2,0.07511,0.00000,0.07511,0.00000,0.00000
112.547,0,112529.000,25410,192000,3999.625,120.0,8,29,2,0.01525,0.00000,0.01525,0.00000,0.00000
112.547,1,112810.000,38913,192000,3999.312,120.0,8,29,2,0.00000,0.00000,0.00000,0.00000,0.00000
112.547,2,112248.000,11906,192000,3999.958,120.0,8,29,2,0.04929,0.00000,0.04929,0.00000,0.00000
112.650,0,112632.000,30362,192000,3999.458,120.0,8,29,2,0.00993,0.00000,0.00993,0.00000,0.00000
112.650,1,112914.000,43877,192000,3999.896,120.0,8,29,2,0.00000,0.00000,0.00000,0.00000,0.00000
112.650,2,112350.000,16846,192000,3999.042,120.0,8,29,2,0.03213,0.00000,0.03213,0.00000,0.00000
112.752,0,112733.000,35229,192000,3999.062,120.0,8,29,2,0.00651,0.00000,0.00651,0.00000,0.00000
112.752,1,113015.000,48756,192000,3999.250,120.0,8,29,2,0.00000,0.00000,0.00000,0.00000,0.00000
112.752,2,112452.000,21700,192000,3999.917,120.0,8,29,2,0.02110,0.00000,0.02110,0.00000,0.00000
112.853,0,112835.000,40104,192000,3999.500,120.0,8,29,2,0.00427,0.00000,0.00427,0.00000,0.00000
112.853,1,113117.000,53643,192000,3999.438,120.0,8,29,2,0.00000,0.00000,0.00000,0.00000,0.00000
112.853,2,112553.000,26563,192000,3999.604,120.0,8,29,2,0.01384,0.00000,0.01384,0.00000,0.00000
112.954,0,112936.000,44946,192000,3999.625,120.0,8,29,2,0.00281,0.00000,0.00281,0.00000,0.00000
112.954,1,113218.000,58497,192000,3999.312,120.0,8,29,2,0.00000,0.00000,0.00000,0.00000,0.00000
112.954,2,112654.000,31393,192000,3999.979,120.0,8,29,2,0.00911,0.00000,0.00911,0.00000,0.00000
113.055,0,113037.000,49778,192000,3999.958,120.0,8,29,2,0.00185,0.00000,0.00185,0.00000,0.00000
113.055,1,113319.000,63341,192000,3999.396,120.0,8,29,2,0.00000,0.00000,0.00000,0.00000,0.00000
113.055,2,112754.000,36213,192000,3999.562,120.0,8,29,2,0.00600,0.00000,0.00600,0.00000,0.00000
113.155,0,113137.000,54616,192000,3999.167,120.0,8,29,2,0.00121,0.00000,0.00121,0.00000,0.00000
113.155,1,113420.000,68192,192000,3999.333,120.0,8,29,2,0.00000,0.00000,0.00000,0.00000,0.00000
113.155,2,112854.000,41039,192000,3999.021,120.0,8,29,2,0.00395,0.00000,0.00395,0.00000,0.00000
113.256,0,113238.000,59463,192000,3999.188,120.0,8,29,2,0.00080,0.00000,0.00080,0.00000,0.00000
113.256,1,113521.000,73051,192000,3999.104,120.0,8,29,2,0.00000,0.00000,0.00000,0.00000,0.00000
113.256,2,112955.000,45874,192000,3999.292,120.0,8,29,2,0.00260,0.00000,0.00260,0.00000,0.00000
113.358,0,113340.000,64329,192000,3999.812,120.0,8,29,2,0.00052,0.00000,0.00052,0.00000,0.00000
113.358,1,113623.000,77929,192000,3999.479,120.0,8,29,2,0.00000,0.00000,0.00000,0.00000,0.00000
113.358,2,113056.000,50728,192000,3999.167,120.0,8,29,2,0.00171,0.00000,0.00171,0.00000,0.00000
113.459,0,113441.000,69207,192000,3999.188,120.0,8,29,2,0.00034,0.00000,0.00034,0.00000,0.00000
113.459,1,113725.000,82820,192000,3999.583,120.0,8,29,2,0.00000,0.00000,0.00000,0.00000,0.00000
113.459,2,113158.000,55594,192000,3999.792,120.0,8,29,2,0.00112,0.00000,0.00112,0.00000,0.00000
113.560,0,113542.000,74035,192000,3999.604,120.0,8,29,2,0.00023,0.00000,0.00023,0.00000,0.00000
113.560,1,113826.000,87660,192000,3999.750,120.0,8,29,2,0.00000,0.00000,0.00000,0.00000,0.00000
113.560,2,113258.000,60410,192000,3999.458,120.0,8,29,2,0.00074,0.00000,0.00074,0.00000,0.00000
113.662,0,113644.000,78912,192000,0.000,120.0,8,29,2,0.00015,0.00000,0.00015,0.00000,0.00000
113.662,1,113928.000,92548,192000,3999.917,120.0,8,29,2,0.00000,0.00000,0.00000,0.00000,0.00000
113.662,2,113359.000,65274,192000,3999.125,120.0,8,29,2,0.00048,0.00000,0.00048,0.00000,0.00000
113.763,0,113745.000,83779,192000,3999.604,120.0,8,29,2,0.00010,0.00000,0.00010,0.00000,0.00000
113.763,1,114029.000,97428,192000,3999.250,120.0,8,29,2,0.00000,0.00000,0.00000,0.00000,0.00000
113.763,2,113461.000,70129,192000,3999.979,120.0,8,29,2,0.00032,0.00000,0.00032,0.00000,0.00000
113.865,0,113847.000,88671,192000,3999.688,120.0,8,29,2,0.00006,0.00000,0.00006,0.00000,0.00000
113.865,1,114131.000,102332,192000,3999.083,120.0,8,29,2,0.00000,0.00000,0.00000,0.00000,0.00000
113.865,2,113562.000,75009,192000,3999.312,120.0,8,29,2,0.00021,0.00000,0.00021,0.00000,0.00000
113.966,0,113948.000,93533,192000,3999.396,120.0,8,29,2,0.00004,0.00000,0.00004,0.00000,0.00000
113.966,1,114233.000,107206,192000,3999.542,120.0,8,29,2,0.00000,0.00000,0.00000,0.00000,0.00000
113.966,2,113663.000,79859,192000,3999.271,120.0,8,29,2,0.00014,0.00000,0.00014,0.00000,0.00000
114.066,0,114048.000,98344,192000,3999.167,120.0,8,29,2,0.00003,0.00000,0.00003,0.00000,0.00000
114.066,1,114333.000,112029,192000,3999.062,120.0,8,29,2,0.00000,0.00000,0.00000,0.00000,0.00000
114.066,2,113763.000,84658,192000,3999.292,120.0,8,29,2,0.00009,0.00000,0.00009,0.00000,0.00000
114.168,0,114150.000,103224,192000,3999.500,120.0,8,29,2,0.00002,0.00000,0.00002,0.00000,0.00000
114.168,1,114435.000,116921,192000,3999.146,120.0,8,29,2,0.00000,0.00000,0.00000,0.00000,0.00000
114.168,2,113865.000,89525,192000,3999.896,120.0,8,29,2,0.00006,0.00000,0.00006,0.00000,0.00000
114.271,0,114253.000,108147,192000,3999.938,120.0,8,29,2,0.00001,0.00000,0.00001,0.00000,0.00000
114.271,1,114538.000,121857,192000,3999.312,120.0,8,29,2,0.00000,0.00000,0.00000,0.00000,0.00000
114.271,2,113967.000,94436,192000,3999.583,120.0,8,29,2,0.00004,0.00000,0.00004,0.00000,0.00000
114.371,0,114353.000,112963,192000,3999.604,120.0,8,29,2,0.00001,0.00000,0.00001,0.00000,0.00000
114.371,1,114639.000,126685,192000,3999.729,120.0,8,29,2,0.00000,0.00000,0.00000,0.00000,0.00000
114.371,2,114067.000,99240,192000,3999.500,120.0,8,29,2,0.00003,0.00000,0.00003,0.00000,0.00000
114.473,0,114455.000,117873,192000,3999.312,120.0,8,29,2,0.00001,0.00000,0.00001,0.00000,0.00000
114.473,1,114741.000,131607,192000,3999.188,120.0,8,29,2,0.00000,0.00000,0.00000,0.00000,0.00000
114.473,2,114169.000,104138,192000,3999.458,120.0,8,29,2,0.00002,0.00000,0.00002,0.00000,0.00000
114.573,0,114555.000,122677,192000,3999.229,120.0,8,29,2,0.00000,0.00000,0.00000,0.00000,0.00000
114.573,1,114842.000,136423,192000,3999.854,120.0,8,29,2,0.00000,0.00000,0.00000,0.00000,0.00000
114.573,2,114269.000,108929,192000,3999.646,120.0,8,29,2,0.00001,0.00000,0.00001,0.00000,0.00000
114.675,0,114657.000,127554,192000,3999.625,120.0,8,29,2,0.00000,0.00000,0.00000,0.00000,0.00000
114.675,1,114944.000,141312,192000,0.000,120.0,8,29,2,0.00000,0.00000,0.00000,0.00000,0.00000
114.675,2,114370.000,113794,192000,3999.292,120.0,8,29,2,0.00001,0.00000,0.00001,0.00000,0.00000
114.776,0,114758.000,132389,192000,3999.896,120.0,8,29,2,0.00000,0.00000,0.00000,0.00000,0.00000
114.776,1,115044.000,146159,192000,3999.021,120.0,8,29,2,0.00000,0.00000,0.00000,0.00000,0.00000
114.776,2,114471.000,118617,192000,3999.812,120.0,8,29,2,0.00000,0.00000,0.00000,0.00000,0.00000
114.876,0,114858.000,137223,192000,3999.188,120.0,8,29,2,0.00000,0.00000,0.00000,0.00000,0.00000
114.876,1,115145.000,151006,192000,3999.042,120.0,8,29,2,0.00000,0.00000,0.00000,0.00000,0.00000
114.876,2,114571.000,123440,192000,3999.333,120.0,8,29,2,0.00000,0.00000,0.00000,0.00000,0.00000
114.978,0,114960.000,142115,192000,3999.271,120.0,8,29,2,0.00000,0.00000,0.00000,0.00000,0.00000
114.978,1,115248.000,155910,192000,3999.875,120.0,8,29,2,0.00000,0.00000,0.00000,0.00000,0.00000
114.978,2,114673.000,128320,192000,3999.667,120.0,8,29,2,0.00000,0.00000,0.00000,0.00000,0.00000
115.081,0,115063.000,147049,192000,3999.479,120.0,8,29,2,0.00000,0.00000,0.00000,0.00000,0.00000
115.081,1,115351.000,160856,192000,3999.833,120.0,8,29,2,0.00000,0.00000,0.00000,0.00000,0.00000
115.081,2,114775.000,133241,192000,3999.146,120.0,8,29,2,0.00000,0.00000,0.00000,0.00000,0.00000
115.183,0,115165.000,151949,192000,3999.396,120.0,8,29,2,0.00000,0.00000,0.00000,0.00000,0.00000
115.183,1,115453.000,165768,192000,3999.500,120.0,8,29,2,0.00000,0.00000,0.00000,0.00000,0.00000
115.183,2,114877.000,138128,192000,3999.333,120.0,8,29,2,0.00000,0.00000,0.00000,0.00000,0.00000
115.286,0,115268.000,156873,192000,3999.812,120.0,8,29,2,0.00000,0.00000,0.00000,0.00000,0.00000
115.286,1,115556.000,170705,192000,3999.646,120.0,8,29,2,0.00000,0.00000,0.00000,0.00000,0.00000
115.286,2,114980.000,143041,192000,3999.979,120.0,8,29,2,0.00000,0.00000,0.00000,0.00000,0.00000
115.387,0,115369.000,161726,192000,3999.708,120.0,8,29,2,0.00000,0.00000,0.00000,0.00000,0.00000
115.387,1,115657.000,175570,192000,3999.292,120.0,8,29,2,0.00000,0.00000,0.00000,0.00000,0.00000
115.387,2,115080.000,147882,192000,3999.125,120.0,8,29,2,0.00000,0.00000,0.00000,0.00000,0.00000
115.488,0,115470.000,166591,192000,3999.354,120.0,8,29,2,0.00000,0.00000,0.00000,0.00000,0.00000
115.488,1,115759.000,180447,192000,3999.688,120.0,8,29,2,0.00000,0.00000,0.00000,0.00000,0.00000
115.488,2,115181.000,152735,192000,3999.021,120.0,8,29,2,0.00000,0.00000,0.00000,0.00000,0.00000
115.589,0,115571.000,171419,192000,3999.771,120.0,8,29,2,0.00000,0.00000,0.00000,0.00000,0.00000
115.589,1,115860.000,185286,192000,3999.875,120.0,8,29,2,0.00000,0.00000,0.00000,0.00000,0.00000
115.589,2,115282.000,157550,192000,3999.708,120.0,8,29,2,0.00000,0.00000,0.00000,0.00000,0.00000
115.690,0,115672.000,176257,192000,3999.979,120.0,8,29,2,0.00000,0.00000,0.00000,0.00000,0.00000
115.690,1,115961.000,190137,192000,3999.812,120.0,8,29,2,0.00000,0.00000,0.00000,0.00000,0.00000
115.690,2,115382.000,162376,192000,3999.167,120.0,8,29,2,0.00000,0.00000,0.00000,0.00000,0.00000
115.791,0,115773.000,181113,192000,3999.812,120.0,8,29,2,0.00000,0.00000,0.00000,0.00000,0.00000
115.791,1,116062.000,3005,192000,3999.396,120.0,8,30,2,0.10663,0.10663,0.10637,0.00000,0.00000
115.791,2,115483.000,167220,192000,3999.250,120.0,8,29,2,0.00000,0.00000,0.00000,0.00000,0.00000
115.893,0,115875.000,186016,192000,3999.667,120.0,8,29,2,0.00000,0.00000,0.00000,0.00000,0.00000
115.893,1,116165.000,7921,192000,3999.979,120.0,8,30,2,0.06965,0.06965,0.06948,0.00000,0.00000
115.893,2,115585.000,172111,192000,3999.354,120.0,8,29,2,0.00000,0.00000,0.00000,0.00000,0.00000
115.995,0,115977.000,190916,192000,3999.583,120.0,8,29,2,0.00000,0.00000,0.00000,0.00000,0.00000
115.995,1,116267.000,12832,192000,3999.667,120.0,8,30,2,0.04551,0.04551,0.04540,0.00000,0.00000
115.995,2,115687.000,176998,192000,3999.542,120.0,8,29,2,0.00000,0.00000,0.00000,0.00000,0.00000
116.097,0,116079.000,3804,192000,3999.750,120.0,8,30,2,0.09934,0.09934,0.00000,0.00000,0.00000
116.097,1,116369.000,17733,192000,3999.562,120.0,8,30,2,0.02976,0.02976,0.02969,0.00000,0.00000
116.097,2,115789.000,181874,192000,3999.958,120.0,8,29,2,0.00000,0.00000,0.00000,0.00000,0.00000
116.199,0,116181.000,8714,192000,3999.458,120.0,8,30,2,0.06492,0.06492,0.00000,0.00000,0.00000
116.199,1,116471.000,22655,192000,3999.021,120.0,8,30,2,0.01943,0.01943,0.01938,0.00000,0.00000
116.199,2,115891.000,186772,192000,3999.917,120.0,8,29,2,0.00000,0.00000,0.00000,0.00000,0.00000
116.302,0,116284.000,13647,192000,3999.688,120.0,8,30,2,0.04234,0.04234,0.00000,0.00000,0.00000
116.302,1,116575.000,27601,192000,3999.979,120.0,8,30,2,0.01266,0.01266,0.01263,0.00000,0.00000
116.302,2,115993.000,191693,192000,3999.396,120.0,8,29,2,0.00000,0.00000,0.00000,0.00000,0.00000
116.403,0,116385.000,18515,192000,3999.271,120.0,8,30,2,0.02777,0.02777,0.00000,0.00000,0.00000
116.403,1,116676.000,32481,192000,3999.312,120.0,8,30,2,0.00829,0.00829,0.00827,0.00000,0.00000
116.403,2,116094.000,4549,192000,3999.229,120.0,8,30,2,0.09307,0.09307,0.00000,0.00000,0.00000
116.505,0,116487.000,23402,192000,3999.458,120.0,8,30,2,0.01818,0.01818,0.00000,0.00000,0.00000
116.505,1,116778.000,37380,192000,3999.250,120.0,8,30,2,0.00543,0.00543,0.00541,0.00000,0.00000
116.505,2,116196.000,9423,192000,3999.688,120.0,8,30,2,0.06101,0.06101,0.00000,0.00000,0.00000
116.607,0,116589.000,28293,192000,3999.562,120.0,8,30,2,0.01190,0.01190,0.00000,0.00000,0.00000
116.607,1,116880.000,42283,192000,3999.104,120.0,8,30,2,0.00355,0.00355,0.00354,0.00000,0.00000
116.607,2,116297.000,14301,192000,3999.062,120.0,8,30,2,0.03998,0.03998,0.00000,0.00000,0.00000
116.710,0,116692.000,33233,192000,3999.646,120.0,8,30,2,0.00776,0.00776,0.00000,0.00000,0.00000
116.710,1,116984.000,47235,192000,3999.938,120.0,8,30,2,0.00231,0.00231,0.00230,0.00000,0.00000
116.710,2,116400.000,19229,192000,3999.396,120.0,8,30,2,0.02609,0.02609,0.00000,0.00000,0.00000
116.813,0,116795.000,38160,192000,0.000,120.0,8,30,2,0.00506,0.00506,0.00000,0.00000,0.00000
116.813,1,117086.000,52175,192000,3999.021,120.0,8,30,2,0.00151,0.00151,0.00150,0.00000,0.00000
116.813,2,116503.000,24145,192000,3999.979,120.0,8,30,2,0.01704,0.01704,0.00000,0.00000,0.00000
116.913,0,116895.000,42998,192000,3999.208,120.0,8,30,2,0.00333,0.00333,0.00000,0.00000,0.00000
116.913,1,117188.000,57025,192000,3999.979,120.0,8,30,2,0.00099,0.00099,0.00099,0.00000,0.00000
116.913,2,116603.000,28970,192000,3999.458,120.0,8,30,2,0.01122,0.01122,0.00000,0.00000,0.00000
117.016,0,116998.000,47909,192000,3999.896,120.0,8,30,2,0.00218,0.00218,0.00000,0.00000,0.00000
117.016,1,117290.000,61948,192000,3999.417,120.0,8,30,2,0.00065,0.00065,0.00064,0.00000,0.00000
117.016,2,116705.000,33868,192000,3999.417,120.0,8,30,2,0.00734,0.00734,0.00000,0.00000,0.00000
117.119,0,117101.000,52849,192000,3999.979,120.0,8,30,2,0.00142,0.00142,0.00000,0.00000,0.00000
117.119,1,117393.000,66900,192000,3999.250,120.0,8,30,2,0.00042,0.00042,0.00042,0.00000,0.00000
117.119,2,116808.000,38796,192000,3999.750,120.0,8,30,2,0.00479,0.00479,0.00000,0.00000,0.00000
117.221,0,117203.000,57785,192000,3999.146,120.0,8,30,2,0.00092,0.00092,0.00000,0.00000,0.00000
117.221,1,117496.000,71849,192000,3999.146,120.0,8,30,2,0.00027,0.00027,0.00027,0.00000,0.00000
117.221,2,116910.000,43720,192000,3999.167,120.0,8,30,2,0.00312,0.00312,0.00000,0.00000,0.00000
117.322,0,117304.000,62602,192000,3999.792,120.0,8,30,2,0.00061,0.00061,0.00000,0.00000,0.00000
117.322,1,117597.000,76678,192000,3999.542,120.0,8,30,2,0.00018,0.00018,0.00018,0.00000,0.00000
117.322,2,117010.000,48526,192000,3999.042,120.0,8,30,2,0.00206,0.00206,0.00000,0.00000,0.00000
117.423,0,117405.000,67476,192000,3999.250,120.0,8,30,2,0.00040,0.00040,0.00000,0.00000,0.00000
117.423,1,117699.000,81564,192000,3999.750,120.0,8,30,2,0.00012,0.00012,0.00012,0.00000,0.00000
117.423,2,117112.000,53387,192000,3999.771,120.0,8,30,2,0.00135,0.00135,0.00000,0.00000,0.00000
117.524,0,117506.000,72316,192000,3999.417,120.0,8,30,2,0.00026,0.00026,0.00000,0.00000,0.00000
117.524,1,117800.000,86416,192000,3999.667,120.0,8,30,2,0.00008,0.00008,0.00008,0.00000,0.00000
117.524,2,117212.000,58215,192000,3999.188,120.0,8,30,2,0.00089,0.00089,0.00000,0.00000,0.00000
117.627,0,117609.000,77251,192000,3999.604,120.0,8,30,2,0.00017,0.00017,0.00000,0.00000,0.00000
117.627,1,117903.000,91363,192000,3999.604,120.0,8,30,2,0.00005,0.00005,0.00005,0.00000,0.00000
117.627,2,117315.000,63137,192000,3999.646,120.0,8,30,2,0.00058,0.00058,0.00000,0.00000,0.00000
117.728,0,117710.000,82088,192000,3999.833,120.0,8,30,2,0.00011,0.00011,0.00000,0.00000,0.00000
117.728,1,118004.000,96213,192000,3999.562,120.0,8,30,2,0.00003,0.00003,0.00003,0.00000,0.00000
117.728,2,117415.000,67963,192000,3999.104,120.0,8,30,2,0.00038,0.00038,0.00000,0.00000,0.00000
117.830,0,117812.000,86999,192000,3999.521,120.0,8,30,2,0.00007,0.00007,0.00000,0.00000,0.00000
117.830,1,118107.000,101136,192000,0.000,120.0,8,30,2,0.00002,0.00002,0.00002,0.00000,0.00000
117.830,2,117517.000,72861,192000,3999.062,120.0,8,30,2,0.00025,0.00025,0.00000,0.00000,0.00000
117.932,0,117914.000,91909,192000,3999.229,120.0,8,30,2,0.00005,0.00005,0.00000,0.00000,0.00000
117.932,1,118209.000,106059,192000,3999.438,120.0,8,30,2,0.00001,0.00001,0.00001,0.00000,0.00000
117.932,2,117619.000,77759,192000,3999.021,120.0,8,30,2,0.00016,0.00016,0.00000,0.00000,0.00000
118.036,0,118017.000,96862,192000,3999.042,120.0,8,30,2,0.00003,0.00003,0.00000,0.00000,0.00000
118.036,1,118312.000,111023,192000,3999.021,120.0,8,30,2,0.00001,0.00001,0.00001,0.00000,0.00000
118.036,2,117722.000,82699,192000,3999.104,120.0,8,30,2,0.00011,0.00011,0.00000,0.00000,0.00000
118.137,0,118118.000,101711,192000,3999.021,120.0,8,30,2,0.00002,0.00002,0.00000,0.00000,0.00000
118.137,1,118414.000,115885,192000,3999.729,120.0,8,30,2,0.00001,0.00001,0.00001,0.00000,0.00000
118.137,2,117823.000,87536,192000,3999.333,120.0,8,30,2,0.00007,0.00007,0.00000,0.00000,0.00000
118.237,0,118219.000,106519,192000,3999.854,120.0,8,30,2,0.00001,0.00001,0.00000,0.00000,0.00000
118.237,1,118514.000,120704,192000,3999.333,120.0,8,30,2,0.00000,0.00000,0.00000,0.00000,0.00000
118.237,2,117923.000,92332,192000,3999.417,120.0,8,30,2,0.00005,0.00005,0.00000,0.00000,0.00000
118.339,0,118320.000,111402,192000,3999.125,120.0,8,30,2,0.00001,0.00001,0.00000,0.00000,0.00000
118.339,1,118616.000,125600,192000,3999.333,120.0,8,30,2,0.00000,0.00000,0.00000,0.00000,0.00000
118.339,2,118025.000,97203,192000,3999.938,120.0,8,30,2,0.00003,0.00003,0.00000,0.00000,0.00000
118.441,0,118422.000,116303,192000,3999.021,120.0,8,30,2,0.00001,0.00001,0.00000,0.00000,0.00000
118.441,1,118719.000,130514,192000,3999.958,120.0,8,30,2,0.00000,0.00000,0.00000,0.00000,0.00000
118.441,2,118126.000,102092,192000,3999.083,120.0,8,30,2,0.00002,0.00002,0.00000,0.00000,0.00000
118.541,0,118523.000,121132,192000,3999.417,120.0,8,30,2,0.00000,0.00000,0.00000,0.00000,0.00000
118.541,1,118819.000,135354,192000,3999.125,120.0,8,30,2,0.00000,0.00000,0.00000,0.00000,0.00000
118.541,2,118227.000,106909,192000,3999.729,120.0,8,30,2,0.00001,0.00001,0.00000,0.00000,0.00000
118.643,0,118625.000,126034,192000,3999.292,120.0,8,30,2,0.00000,0.00000,0.00000,0.00000,0.00000
118.643,1,118922.000,140268,192000,3999.750,120.0,8,30,2,0.00000,0.00000,0.00000,0.00000,0.00000
118.643,2,118329.000,111798,192000,3999.875,120.0,8,30,2,0.00001,0.00001,0.00000,0.00000,0.00000
118.744,0,118726.000,130857,192000,3999.812,120.0,8,30,2,0.00000,0.00000,0.00000,0.00000,0.00000
118.744,1,119023.000,145104,192000,0.000,120.0,8,30,2,0.00000,0.00000,0.00000,0.00000,0.00000
118.744,2,118429.000,116610,192000,3999.625,120.0,8,30,2,0.00001,0.00001,0.00000,0.00000,0.00000
118.845,0,118827.000,135701,192000,3999.896,120.0,8,30,2,0.00000,0.00000,0.00000,0.00000,0.00000
118.845,1,119124.000,149959,192000,3999.854,120.0,8,30,2,0.00000,0.00000,0.00000,0.00000,0.00000
118.845,2,118530.000,121441,192000,3999.979,120.0,8,30,2,0.00000,0.00000,0.00000,0.00000,0.00000
118.946,0,118928.000,140570,192000,3999.458,120.0,8,30,2,0.00000,0.00000,0.00000,0.00000,0.00000
118.946,1,119225.000,154841,192000,3999.146,120.0,8,30,2,0.00000,0.00000,0.00000,0.00000,0.00000
118.946,2,118631.000,126298,192000,3999.792,120.0,8,30,2,0.00000,0.00000,0.00000,0.00000,0.00000
119.046,0,119028.000,145377,192000,3999.312,120.0,8,30,2,0.00000,0.00000,0.00000,0.00000,0.00000
119.046,1,119326.000,159660,192000,3999.750,120.0,8,30,2,0.00000,0.00000,0.00000,0.00000,0.00000
119.046,2,118731.000,131093,192000,3999.896,120.0,8,30,2,0.00000,0.00000,0.00000,0.00000,0.00000
119.148,0,119130.000,150278,192000,3999.208,120.0,8,30,2,0.00000,0.00000,0.00000,0.00000,0.00000
119.148,1,119428.000,164573,192000,3999.396,120.0,8,30,2,0.00000,0.00000,0.00000,0.00000,0.00000
119.148,2,118832.000,135982,192000,3999.042,120.0,8,30,2,0.00000,0.00000,0.00000,0.00000,0.00000
119.249,0,119231.000,155098,192000,3999.792,120.0,8,30,2,0.00000,0.00000,0.00000,0.00000,0.00000
119.249,1,119529.000,169405,192000,3999.729,120.0,8,30,2,0.00000,0.00000,0.00000,0.00000,0.00000
119.249,2,118933.000,140790,192000,3999.875,120.0,8,30,2,0.00000,0.00000,0.00000,0.00000,0.00000
119.350,0,119332.000,159945,192000,3999.812,120.0,8,30,2,0.00000,0.00000,0.00000,0.00000,0.00000
119.350,1,119630.000,174265,192000,3999.479,120.0,8,30,2,0.00000,0.00000,0.00000,0.00000,0.00000
119.350,2,119033.000,145625,192000,3999.146,120.0,8,30,2,0.00000,0.00000,0.00000,0.00000,0.00000
119.451,0,119433.000,164801,192000,3999.646,120.0,8,30,2,0.00000,0.00000,0.00000,0.00000,0.00000
119.451,1,119731.000,179132,192000,3999.083,120.0,8,30,2,0.00000,0.00000,0.00000,0.00000,0.00000
119.451,2,119134.000,150468,192000,3999.250,120.0,8,30,2,0.00000,0.00000,0.00000,0.00000,0.00000
119.551,0,119533.000,169617,192000,3999.312,120.0,8,30,2,0.00000,0.00000,0.00000,0.00000,0.00000
119.551,1,119832.000,183961,192000,3999.479,120.0,8,30,2,0.00000,0.00000,0.00000,0.00000,0.00000
119.551,2,119234.000,155273,192000,3999.146,120.0,8,30,2,0.00000,0.00000,0.00000,0.00000,0.00000
119.654,0,119636.000,174559,192000,3999.354,120.0,8,30,2,0.00000,0.00000,0.00000,0.00000,0.00000
119.654,1,119935.000,188915,192000,3999.271,120.0,8,30,2,0.00000,0.00000,0.00000,0.00000,0.00000
119.654,2,119337.000,160202,192000,3999.458,120.0,8,30,2,0.00000,0.00000,0.00000,0.00000,0.00000
119.756,0,119738.000,179460,192000,3999.250,120.0,8,30,2,0.00000,0.00000,0.00000,0.00000,0.00000
119.756,1,120038.000,1828,192000,3999.917,120.0,8,31,2,0.00000,0.00000,0.00000,0.00000,0.00000
119.756,2,119439.000,165091,192000,3999.604,120.0,8,30,2,0.00000,0.00000,0.00000,0.00000,0.00000
119.857,0,119839.000,184289,192000,3999.646,120.0,8,30,2,0.00000,0.00000,0.00000,0.00000,0.00000
119.857,1,120138.000,6669,192000,3999.062,120.0,8,31,2,0.00000,0.00000,0.00000,0.00000,0.00000
119.857,2,119539.000,169908,192000,3999.250,120.0,8,30,2,0.00000,0.00000,0.00000,0.00000,0.00000
119.959,0,119941.000,189184,192000,3999.667,120.0,8,30,2,0.00000,0.00000,0.00000,0.00000,0.00000
119.959,1,120241.000,11576,192000,3999.833,120.0,8,31,2,0.00000,0.00000,0.00000,0.00000,0.00000
119.959,2,119641.000,174790,192000,3999.542,120.0,8,30,2,0.00000,0.00000,0.00000,0.00000,0.00000
