t_s,idx,spos_ms,interval_pos,interval_len,interval_phase_ms,bpm,bpi,loop,nusers,remote_peak,upk0,upk1,upk2,upk3
0.102,0,86.000,4173,192000,3999.062,120.0,8,1,2,0.00000,0.00000,0.00000,0.00000,0.00000
0.102,1,86.000,4173,192000,3999.062,120.0,8,1,2,0.00000,0.00000,0.00000,0.00000,0.00000
0.204,0,188.000,9050,192000,3999.458,120.0,8,1,2,0.00000,0.00000,0.00000,0.00000,0.00000
0.204,1,188.000,9050,192000,3999.458,120.0,8,1,2,0.00000,0.00000,0.00000,0.00000,0.00000
0.304,0,288.000,13858,192000,3999.292,120.0,8,1,2,0.00000,0.00000,0.00000,0.00000,0.00000
0.304,1,288.000,13858,192000,3999.292,120.0,8,1,2,0.00000,0.00000,0.00000,0.00000,0.00000
0.405,0,389.000,18699,192000,3999.438,120.0,8,1,2,0.00000,0.00000,0.00000,0.00000,0.00000
0.405,1,389.000,18699,192000,3999.438,120.0,8,1,2,0.00000,0.00000,0.00000,0.00000,0.00000
0.506,0,490.000,23550,192000,3999.375,120.0,8,1,2,0.00000,0.00000,0.00000,0.00000,0.00000
0.506,1,490.000,23550,192000,3999.375,120.0,8,1,2,0.00000,0.00000,0.00000,0.00000,0.00000
0.608,0,592.000,28460,192000,3999.083,120.0,8,1,2,0.00000,0.00000,0.00000,0.00000,0.00000
0.608,1,592.000,28460,192000,3999.083,120.0,8,1,2,0.00000,0.00000,0.00000,0.00000,0.00000
0.710,0,694.000,33339,192000,3999.438,120.0,8,1,2,0.00000,0.00000,0.00000,0.00000,0.00000
0.710,1,694.000,33339,192000,3999.438,120.0,8,1,2,0.00000,0.00000,0.00000,0.00000,0.00000
0.812,0,796.000,38227,192000,3999.604,120.0,8,1,2,0.00000,0.00000,0.00000,0.00000,0.00000
0.812,1,796.000,38227,192000,3999.604,120.0,8,1,2,0.00000,0.00000,0.00000,0.00000,0.00000
0.914,0,898.000,43126,192000,3999.542,120.0,8,1,2,0.00000,0.00000,0.00000,0.00000,0.00000
0.914,1,898.000,43126,192000,3999.542,120.0,8,1,2,0.00000,0.00000,0.00000,0.00000,0.00000
1.016,0,1000.000,48043,192000,3999.104,120.0,8,1,2,0.00000,0.00000,0.00000,0.00000,0.00000
1.016,1,1000.000,48043,192000,3999.104,120.0,8,1,2,0.00000,0.00000,0.00000,0.00000,0.00000
1.016,2,19.000,916,192000,3999.917,120.0,8,1,2,0.00000,0.00000,0.00000,0.00000,0.00000
1.118,0,1102.000,52929,192000,3999.312,120.0,8,1,2,0.00000,0.00000,0.00000,0.00000,0.00000
1.118,1,1102.000,52929,192000,3999.312,120.0,8,1,2,0.00000,0.00000,0.00000,0.00000,0.00000
1.118,2,120.000,5802,192000,3999.125,120.0,8,1,2,0.00000,0.00000,0.00000,0.00000,0.00000
1.221,0,1205.000,57846,192000,3999.875,120.0,8,1,2,0.00000,0.00000,0.00000,0.00000,0.00000
1.221,1,1205.000,57846,192000,3999.875,120.0,8,1,2,0.00000,0.00000,0.00000,0.00000,0.00000
1.221,2,223.000,10719,192000,3999.688,120.0,8,1,2,0.00000,0.00000,0.00000,0.00000,0.00000
1.321,0,1305.000,62678,192000,3999.208,120.0,8,1,2,0.00000,0.00000,0.00000,0.00000,0.00000
1.321,1,1305.000,62678,192000,3999.208,120.0,8,1,2,0.00000,0.00000,0.00000,0.00000,0.00000
1.321,2,323.000,15551,192000,3999.021,120.0,8,1,2,0.00000,0.00000,0.00000,0.00000,0.00000
1.422,0,1406.000,67513,192000,3999.479,120.0,8,1,2,0.00000,0.00000,0.00000,0.00000,0.00000
1.422,1,1406.000,67513,192000,3999.479,120.0,8,1,2,0.00000,0.00000,0.00000,0.00000,0.00000
1.422,2,424.000,20386,192000,3999.292,120.0,8,1,2,0.00000,0.00000,0.00000,0.00000,0.00000
1.522,0,1507.000,72339,192000,3999.938,120.0,8,1,2,0.00000,0.00000,0.00000,0.00000,0.00000
1.522,1,1507.000,72339,192000,3999.938,120.0,8,1,2,0.00000,0.00000,0.00000,0.00000,0.00000
1.522,2,525.000,25212,192000,3999.750,120.0,8,1,2,0.00000,0.00000,0.00000,0.00000,0.00000
1.627,0,1611.000,77346,192000,3999.625,120.0,8,1,2,0.00000,0.00000,0.00000,0.00000,0.00000
1.627,1,1611.000,77346,192000,3999.625,120.0,8,1,2,0.00000,0.00000,0.00000,0.00000,0.00000
1.627,2,629.000,30219,192000,3999.438,120.0,8,1,2,0.00000,0.00000,0.00000,0.00000,0.00000
1.730,0,1714.000,82280,192000,3999.833,120.0,8,1,2,0.00000,0.00000,0.00000,0.00000,0.00000
1.730,1,1714.000,82280,192000,3999.833,120.0,8,1,2,0.00000,0.00000,0.00000,0.00000,0.00000
1.730,2,732.000,35153,192000,3999.646,120.0,8,1,2,0.00000,0.00000,0.00000,0.00000,0.00000
1.831,0,1815.000,87161,192000,3999.146,120.0,8,1,2,0.00000,0.00000,0.00000,0.00000,0.00000
1.831,1,1815.000,87161,192000,3999.146,120.0,8,1,2,0.00000,0.00000,0.00000,0.00000,0.00000
1.831,2,834.000,40034,192000,3999.958,120.0,8,1,2,0.00000,0.00000,0.00000,0.00000,0.00000
1.933,0,1917.000,92033,192000,3999.646,120.0,8,1,2,0.00000,0.00000,0.00000,0.00000,0.00000
1.933,1,1917.000,92033,192000,3999.646,120.0,8,1,2,0.00000,0.00000,0.00000,0.00000,0.00000
1.933,2,935.000,44906,192000,3999.458,120.0,8,1,2,0.00000,0.00000,0.00000,0.00000,0.00000
2.034,0,2018.000,96888,192000,3999.500,120.0,8,1,2,0.00000,0.00000,0.00000,0.00000,0.00000
2.034,1,2018.000,96888,192000,3999.500,120.0,8,1,2,0.00000,0.00000,0.00000,0.00000,0.00000
2.034,2,1036.000,49761,192000,3999.312,120.0,8,1,2,0.00000,0.00000,0.00000,0.00000,0.00000
2.136,0,2120.000,101772,192000,3999.750,120.0,8,1,2,0.00000,0.00000,0.00000,0.00000,0.00000
2.136,1,2120.000,101772,192000,3999.750,120.0,8,1,2,0.00000,0.00000,0.00000,0.00000,0.00000
2.136,2,1138.000,54645,192000,3999.562,120.0,8,1,2,0.00000,0.00000,0.00000,0.00000,0.00000
2.236,0,2220.000,106579,192000,3999.604,120.0,8,1,2,0.00000,0.00000,0.00000,0.00000,0.00000
2.236,1,2220.000,106579,192000,3999.604,120.0,8,1,2,0.00000,0.00000,0.00000,0.00000,0.00000
2.236,2,1238.000,59452,192000,3999.417,120.0,8,1,2,0.00000,0.00000,0.00000,0.00000,0.00000
2.336,0,2320.000,111395,192000,3999.271,120.0,8,1,2,0.00000,0.00000,0.00000,0.00000,0.00000
2.336,1,2320.000,111395,192000,3999.271,120.0,8,1,2,0.00000,0.00000,0.00000,0.00000,0.00000
2.336,2,1338.000,64268,192000,3999.083,120.0,8,1,2,0.00000,0.00000,0.00000,0.00000,0.00000
2.437,0,2421.000,116239,192000,3999.354,120.0,8,1,2,0.00000,0.00000,0.00000,0.00000,0.00000
2.437,1,2421.000,116239,192000,3999.354,120.0,8,1,2,0.00000,0.00000,0.00000,0.00000,0.00000
2.437,2,1439.000,69112,192000,3999.167,120.0,8,1,2,0.00000,0.00000,0.00000,0.00000,0.00000
2.537,0,2521.000,121044,192000,3999.250,120.0,8,1,2,0.00000,0.00000,0.00000,0.00000,0.00000
2.537,1,2521.000,121044,192000,3999.250,120.0,8,1,2,0.00000,0.00000,0.00000,0.00000,0.00000
2.537,2,1539.000,73917,192000,3999.062,120.0,8,1,2,0.00000,0.00000,0.00000,0.00000,0.00000
2.638,0,2622.000,125873,192000,3999.646,120.0,8,1,2,0.00000,0.00000,0.00000,0.00000,0.00000
2.638,1,2622.000,125873,192000,3999.646,120.0,8,1,2,0.00000,0.00000,0.00000,0.00000,0.00000
2.638,2,1640.000,78746,192000,3999.458,120.0,8,1,2,0.00000,0.00000,0.00000,0.00000,0.00000
2.738,0,2722.000,130673,192000,3999.646,120.0,8,1,2,0.00000,0.00000,0.00000,0.00000,0.00000
2.738,1,2722.000,130673,192000,3999.646,120.0,8,1,2,0.00000,0.00000,0.00000,0.00000,0.00000
2.738,2,1740.000,83546,192000,3999.458,120.0,8,1,2,0.00000,0.00000,0.00000,0.00000,0.00000
2.840,0,2825.000,135602,192000,3999.958,120.0,8,1,2,0.00000,0.00000,0.00000,0.00000,0.00000
2.840,1,2825.000,135602,192000,3999.958,120.0,8,1,2,0.00000,0.00000,0.00000,0.00000,0.00000
2.840,2,1843.000,88475,192000,3999.771,120.0,8,1,2,0.00000,0.00000,0.00000,0.00000,0.00000
2.941,0,2925.000,140410,192000,3999.792,120.0,8,1,2,0.00000,0.00000,0.00000,0.00000,0.00000
2.941,1,2925.000,140410,192000,3999.792,120.0,8,1,2,0.00000,0.00000,0.00000,0.00000,0.00000
2.941,2,1943.000,93283,192000,3999.604,120.0,8,1,2,0.00000,0.00000,0.00000,0.00000,0.00000
3.043,0,3027.000,145319,192000,3999.521,120.0,8,1,2,0.00000,0.00000,0.00000,0.00000,0.00000
3.043,1,3027.000,145319,192000,3999.521,120.0,8,1,2,0.00000,0.00000,0.00000,0.00000,0.00000
3.043,2,2045.000,98192,192000,3999.333,120.0,8,1,2,0.00000,0.00000,0.00000,0.00000,0.00000
3.143,0,3127.000,150143,192000,3999.021,120.0,8,1,2,0.00000,0.00000,0.00000,0.00000,0.00000
3.143,1,3127.000,150143,192000,3999.021,120.0,8,1,2,0.00000,0.00000,0.00000,0.00000,0.00000
3.143,2,2146.000,103016,192000,3999.833,120.0,8,1,2,0.00000,0.00000,0.00000,0.00000,0.00000
3.244,0,3228.000,154971,192000,3999.438,120.0,8,1,2,0.00000,0.00000,0.00000,0.00000,0.00000
3.244,1,3228.000,154971,192000,3999.438,120.0,8,1,2,0.00000,0.00000,0.00000,0.00000,0.00000
3.244,2,2246.000,107844,192000,3999.250,120.0,8,1,2,0.00000,0.00000,0.00000,0.00000,0.00000
3.346,0,3330.000,159848,192000,3999.833,120.0,8,1,2,0.00000,0.00000,0.00000,0.00000,0.00000
3.346,1,3330.000,159848,192000,3999.833,120.0,8,1,2,0.00000,0.00000,0.00000,0.00000,0.00000
3.346,2,2348.000,112721,192000,3999.646,120.0,8,1,2,0.00000,0.00000,0.00000,0.00000,0.00000
3.448,0,3432.000,164745,192000,3999.812,120.0,8,1,2,0.00000,0.00000,0.00000,0.00000,0.00000
3.448,1,3432.000,164745,192000,3999.812,120.0,8,1,2,0.00000,0.00000,0.00000,0.00000,0.00000
3.448,2,2450.000,117618,192000,3999.625,120.0,8,1,2,0.00000,0.00000,0.00000,0.00000,0.00000
3.550,0,3534.000,169664,192000,3999.333,120.0,8,1,2,0.00000,0.00000,0.00000,0.00000,0.00000
3.550,1,3534.000,169664,192000,3999.333,120.0,8,1,2,0.00000,0.00000,0.00000,0.00000,0.00000
3.550,2,2552.000,122537,192000,3999.146,120.0,8,1,2,0.00000,0.00000,0.00000,0.00000,0.00000
3.652,0,3636.000,174537,192000,3999.812,120.0,8,1,2,0.00000,0.00000,0.00000,0.00000,0.00000
3.652,1,3636.000,174537,192000,3999.812,120.0,8,1,2,0.00000,0.00000,0.00000,0.00000,0.00000
3.652,2,2654.000,127410,192000,3999.625,120.0,8,1,2,0.00000,0.00000,0.00000,0.00000,0.00000
3.753,0,3737.000,179421,192000,3999.062,120.0,8,1,2,0.00000,0.00000,0.00000,0.00000,0.00000
3.753,1,3737.000,179421,192000,3999.062,120.0,8,1,2,0.00000,0.00000,0.00000,0.00000,0.00000
3.753,2,2756.000,132294,192000,3999.875,120.0,8,1,2,0.00000,0.00000,0.00000,0.00000,0.00000
3.855,0,3839.000,184314,192000,3999.125,120.0,8,1,2,0.00000,0.00000,0.00000,0.00000,0.00000
3.855,1,3839.000,184314,192000,3999.125,120.0,8,1,2,0.00000,0.00000,0.00000,0.00000,0.00000
3.855,2,2858.000,137187,192000,3999.938,120.0,8,1,2,0.00000,0.00000,0.00000,0.00000,0.00000
3.957,0,3941.000,189181,192000,3999.729,120.0,8,1,2,0.00000,0.00000,0.00000,0.00000,0.00000
3.957,1,3941.000,189181,192000,3999.729,120.0,8,1,2,0.00000,0.00000,0.00000,0.00000,0.00000
3.957,2,2959.000,142054,192000,3999.542,120.0,8,1,2,0.00000,0.00000,0.00000,0.00000,0.00000
4.059,0,4043.000,2105,192000,3999.146,120.0,8,2,2,0.00000,0.00000,0.00000,0.00000,0.00000
4.059,1,4043.000,2105,192000,3999.146,120.0,8,2,2,0.00000,0.00000,0.00000,0.00000,0.00000
4.059,2,3062.000,146978,192000,3999.958,120.0,8,1,2,0.00000,0.00000,0.00000,0.00000,0.00000
4.161,0,4145.000,6969,192000,3999.812,120.0,8,2,2,0.00000,0.00000,0.00000,0.00000,0.00000
4.161,1,4145.000,6969,192000,3999.812,120.0,8,2,2,0.00000,0.00000,0.00000,0.00000,0.00000
4.161,2,3163.000,151842,192000,3999.625,120.0,8,1,2,0.00000,0.00000,0.00000,0.00000,0.00000
4.262,0,4246.000,11848,192000,3999.167,120.0,8,2,2,0.00000,0.00000,0.00000,0.00000,0.00000
4.262,1,4246.000,11848,192000,3999.167,120.0,8,2,2,0.00000,0.00000,0.00000,0.00000,0.00000
4.262,2,3265.000,156721,192000,3999.979,120.0,8,1,2,0.00000,0.00000,0.00000,0.00000,0.00000
4.362,0,4346.000,16651,192000,3999.104,120.0,8,2,2,0.00000,0.00000,0.00000,0.00000,0.00000
4.362,1,4346.000,16651,192000,3999.104,120.0,8,2,2,0.00000,0.00000,0.00000,0.00000,0.00000
4.362,2,3365.000,161524,192000,3999.917,120.0,8,1,2,0.00000,0.00000,0.00000,0.00000,0.00000
4.465,0,4449.000,21574,192000,3999.542,120.0,8,2,2,0.00000,0.00000,0.00000,0.00000,0.00000
4.465,1,4449.000,21574,192000,3999.542,120.0,8,2,2,0.00000,0.00000,0.00000,0.00000,0.00000
4.465,2,3467.000,166447,192000,3999.354,120.0,8,1,2,0.00000,0.00000,0.00000,0.00000,0.00000
4.566,0,4550.000,26417,192000,3999.646,120.0,8,2,2,0.00000,0.00000,0.00000,0.00000,0.00000
4.566,1,4550.000,26417,192000,3999.646,120.0,8,2,2,0.00000,0.00000,0.00000,0.00000,0.00000
4.566,2,3568.000,171290,192000,3999.458,120.0,8,1,2,0.00000,0.00000,0.00000,0.00000,0.00000
4.667,0,4651.000,31292,192000,3999.083,120.0,8,2,2,0.00000,0.00000,0.00000,0.00000,0.00000
4.667,1,4651.000,31292,192000,3999.083,120.0,8,2,2,0.00000,0.00000,0.00000,0.00000,0.00000
4.667,2,3670.000,176165,192000,3999.896,120.0,8,1,2,0.00000,0.00000,0.00000,0.00000,0.00000
4.770,0,4754.000,36209,192000,3999.646,120.0,8,2,2,0.00000,0.00000,0.00000,0.00000,0.00000
4.770,1,4754.000,36209,192000,3999.646,120.0,8,2,2,0.00000,0.00000,0.00000,0.00000,0.00000
4.770,2,3772.000,181082,192000,3999.458,120.0,8,1,2,0.00000,0.00000,0.00000,0.00000,0.00000
4.871,0,4855.000,41056,192000,3999.667,120.0,8,2,2,0.00000,0.00000,0.00000,0.00000,0.00000
4.871,1,4855.000,41056,192000,3999.667,120.0,8,2,2,0.00000,0.00000,0.00000,0.00000,0.00000
4.871,2,3873.000,185929,192000,3999.479,120.0,8,1,2,0.00000,0.00000,0.00000,0.00000,0.00000
4.974,0,4958.000,45997,192000,3999.729,120.0,8,2,2,0.00000,0.00000,0.00000,0.00000,0.00000
4.974,1,4958.000,45997,192000,3999.729,120.0,8,2,2,0.00000,0.00000,0.00000,0.00000,0.00000
4.974,2,3976.000,190870,192000,3999.542,120.0,8,1,2,0.00000,0.00000,0.00000,0.00000,0.00000
5.075,0,5059.000,50877,192000,3999.062,120.0,8,2,2,0.00000,0.00000,0.00000,0.00000,0.00000
5.075,1,5059.000,50877,192000,3999.062,120.0,8,2,2,0.00000,0.00000,0.00000,0.00000,0.00000
5.075,2,4078.000,3750,192000,3999.875,120.0,8,2,2,0.00000,0.00000,0.00000,0.00000,0.00000
5.177,0,5161.000,55751,192000,3999.521,120.0,8,2,2,0.00000,0.00000,0.00000,0.00000,0.00000
5.177,1,5161.000,55751,192000,3999.521,120.0,8,2,2,0.00000,0.00000,0.00000,0.00000,0.00000
5.177,2,4179.000,8624,192000,3999.333,120.0,8,2,2,0.00000,0.00000,0.00000,0.00000,0.00000
5.279,0,5263.000,60638,192000,3999.708,120.0,8,2,2,0.00000,0.00000,0.00000,0.00000,0.00000
5.279,1,5263.000,60638,192000,3999.708,120.0,8,2,2,0.00000,0.00000,0.00000,0.00000,0.00000
5.279,2,4281.000,13511,192000,3999.521,120.0,8,2,2,0.00000,0.00000,0.00000,0.00000,0.00000
5.381,0,5365.000,65540,192000,3999.583,120.0,8,2,2,0.00000,0.00000,0.00000,0.00000,0.00000
5.381,1,5365.000,65540,192000,3999.583,120.0,8,2,2,0.00000,0.00000,0.00000,0.00000,0.00000
5.381,2,4383.000,18413,192000,3999.396,120.0,8,2,2,0.00000,0.00000,0.00000,0.00000,0.00000
5.481,0,5465.000,70351,192000,3999.354,120.0,8,2,2,0.00000,0.00000,0.00000,0.00000,0.00000
5.481,1,5465.000,70351,192000,3999.354,120.0,8,2,2,0.00000,0.00000,0.00000,0.00000,0.00000
5.481,2,4483.000,23224,192000,3999.167,120.0,8,2,2,0.00000,0.00000,0.00000,0.00000,0.00000
5.581,0,5565.000,75159,192000,3999.188,120.0,8,2,2,0.00000,0.00000,0.00000,0.00000,0.00000
5.581,1,5565.000,75159,192000,3999.188,120.0,8,2,2,0.00000,0.00000,0.00000,0.00000,0.00000
5.581,2,4584.000,28032,192000,0.000,120.0,8,2,2,0.00000,0.00000,0.00000,0.00000,0.00000
5.681,0,5665.000,79966,192000,3999.042,120.0,8,2,2,0.00000,0.00000,0.00000,0.00000,0.00000
5.681,1,5665.000,79966,192000,3999.042,120.0,8,2,2,0.00000,0.00000,0.00000,0.00000,0.00000
5.681,2,4684.000,32839,192000,3999.854,120.0,8,2,2,0.00000,0.00000,0.00000,0.00000,0.00000
5.783,0,5767.000,84823,192000,3999.854,120.0,8,2,2,0.00000,0.00000,0.00000,0.00000,0.00000
5.783,1,5767.000,84823,192000,3999.854,120.0,8,2,2,0.00000,0.00000,0.00000,0.00000,0.00000
5.783,2,4785.000,37696,192000,3999.667,120.0,8,2,2,0.00000,0.00000,0.00000,0.00000,0.00000
5.883,0,5868.000,89664,192000,0.000,120.0,8,2,2,0.00000,0.00000,0.00000,0.00000,0.00000
5.883,1,5868.000,89664,192000,0.000,120.0,8,2,2,0.00000,0.00000,0.00000,0.00000,0.00000
5.883,2,4886.000,42537,192000,3999.812,120.0,8,2,2,0.00000,0.00000,0.00000,0.00000,0.00000
5.984,0,5969.000,94512,192000,0.000,120.0,8,2,2,0.00000,0.00000,0.00000,0.00000,0.00000
5.984,1,5969.000,94512,192000,0.000,120.0,8,2,2,0.00000,0.00000,0.00000,0.00000,0.00000
5.984,2,4987.000,47385,192000,3999.812,120.0,8,2,2,0.00000,0.00000,0.00000,0.00000,0.00000
6.086,0,6070.000,99399,192000,3999.188,120.0,8,2,2,0.00000,0.00000,0.00000,0.00000,0.00000
6.086,1,6070.000,99399,192000,3999.188,120.0,8,2,2,0.00000,0.00000,0.00000,0.00000,0.00000
6.086,2,5089.000,52272,192000,0.000,120.0,8,2,2,0.00000,0.00000,0.00000,0.00000,0.00000
6.188,0,6172.000,104284,192000,3999.417,120.0,8,2,2,0.00000,0.00000,0.00000,0.00000,0.00000
6.188,1,6172.000,104284,192000,3999.417,120.0,8,2,2,0.00000,0.00000,0.00000,0.00000,0.00000
6.188,2,5190.000,57157,192000,3999.229,120.0,8,2,2,0.00000,0.00000,0.00000,0.00000,0.00000
6.288,0,6273.000,109108,192000,3999.917,120.0,8,2,2,0.00000,0.00000,0.00000,0.00000,0.00000
6.288,1,6273.000,109108,192000,3999.917,120.0,8,2,2,0.00000,0.00000,0.00000,0.00000,0.00000
6.288,2,5291.000,61981,192000,3999.729,120.0,8,2,2,0.00000,0.00000,0.00000,0.00000,0.00000
6.390,0,6374.000,113988,192000,3999.250,120.0,8,2,2,0.00000,0.00000,0.00000,0.00000,0.00000
6.390,1,6374.000,113988,192000,3999.250,120.0,8,2,2,0.00000,0.00000,0.00000,0.00000,0.00000
6.390,2,5392.000,66861,192000,3999.062,120.0,8,2,2,0.00000,0.00000,0.00000,0.00000,0.00000
6.493,0,6477.000,118905,192000,3999.812,120.0,8,2,2,0.00000,0.00000,0.00000,0.00000,0.00000
6.493,1,6477.000,118905,192000,3999.812,120.0,8,2,2,0.00000,0.00000,0.00000,0.00000,0.00000
6.493,2,5495.000,71778,192000,3999.625,120.0,8,2,2,0.00000,0.00000,0.00000,0.00000,0.00000
6.594,0,6578.000,123787,192000,3999.104,120.0,8,2,2,0.00000,0.00000,0.00000,0.00000,0.00000
6.594,1,6578.000,123787,192000,3999.104,120.0,8,2,2,0.00000,0.00000,0.00000,0.00000,0.00000
6.594,2,5597.000,76660,192000,3999.917,120.0,8,2,2,0.00000,0.00000,0.00000,0.00000,0.00000
6.695,0,6679.000,128626,192000,3999.292,120.0,8,2,2,0.00000,0.00000,0.00000,0.00000,0.00000
6.695,1,6679.000,128626,192000,3999.292,120.0,8,2,2,0.00000,0.00000,0.00000,0.00000,0.00000
6.695,2,5697.000,81499,192000,3999.104,120.0,8,2,2,0.00000,0.00000,0.00000,0.00000,0.00000
6.798,0,6782.000,133549,192000,3999.729,120.0,8,2,2,0.00000,0.00000,0.00000,0.00000,0.00000
6.798,1,6782.000,133549,192000,3999.729,120.0,8,2,2,0.00000,0.00000,0.00000,0.00000,0.00000
6.798,2,5800.000,86422,192000,3999.542,120.0,8,2,2,0.00000,0.00000,0.00000,0.00000,0.00000
6.900,0,6885.000,138484,192000,3999.917,120.0,8,2,2,0.00000,0.00000,0.00000,0.00000,0.00000
6.900,1,6885.000,138484,192000,3999.917,120.0,8,2,2,0.00000,0.00000,0.00000,0.00000,0.00000
6.900,2,5903.000,91357,192000,3999.729,120.0,8,2,2,0.00000,0.00000,0.00000,0.00000,0.00000
7.003,0,6987.000,143392,192000,3999.667,120.0,8,2,2,0.00000,0.00000,0.00000,0.00000,0.00000
7.003,1,6987.000,143392,192000,3999.667,120.0,8,2,2,0.00000,0.00000,0.00000,0.00000,0.00000
7.003,2,6005.000,96265,192000,3999.479,120.0,8,2,2,0.00000,0.00000,0.00000,0.00000,0.00000
7.117,0,7101.000,148856,192000,3999.833,120.0,8,2,2,0.00000,0.00000,0.00000,0.00000,0.00000
7.117,1,7101.000,148856,192000,3999.833,120.0,8,2,2,0.00000,0.00000,0.00000,0.00000,0.00000
7.117,2,6119.000,101729,192000,3999.646,120.0,8,2,2,0.00000,0.00000,0.00000,0.00000,0.00000
7.218,0,7202.000,153722,192000,3999.458,120.0,8,2,2,0.00000,0.00000,0.00000,0.00000,0.00000
7.218,1,7202.000,153722,192000,3999.458,120.0,8,2,2,0.00000,0.00000,0.00000,0.00000,0.00000
7.218,2,6220.000,106595,192000,3999.271,120.0,8,2,2,0.00000,0.00000,0.00000,0.00000,0.00000
7.318,0,7302.000,158530,192000,3999.292,120.0,8,2,2,0.00000,0.00000,0.00000,0.00000,0.00000
7.318,1,7302.000,158530,192000,3999.292,120.0,8,2,2,0.00000,0.00000,0.00000,0.00000,0.00000
7.318,2,6320.000,111403,192000,3999.104,120.0,8,2,2,0.00000,0.00000,0.00000,0.00000,0.00000
7.421,0,7405.000,163459,192000,3999.604,120.0,8,2,2,0.00000,0.00000,0.00000,0.00000,0.00000
7.421,1,7405.000,163459,192000,3999.604,120.0,8,2,2,0.00000,0.00000,0.00000,0.00000,0.00000
7.421,2,6423.000,116332,192000,3999.417,120.0,8,2,2,0.00000,0.00000,0.00000,0.00000,0.00000
7.523,0,7507.000,168351,192000,3999.688,120.0,8,2,2,0.00000,0.00000,0.00000,0.00000,0.00000
7.523,1,7507.000,168351,192000,3999.688,120.0,8,2,2,0.00000,0.00000,0.00000,0.00000,0.00000
7.523,2,6525.000,121224,192000,3999.500,120.0,8,2,2,0.00000,0.00000,0.00000,0.00000,0.00000
7.624,0,7608.000,173209,192000,3999.479,120.0,8,2,2,0.00000,0.00000,0.00000,0.00000,0.00000
7.624,1,7608.000,173209,192000,3999.479,120.0,8,2,2,0.00000,0.00000,0.00000,0.00000,0.00000
7.624,2,6626.000,126082,192000,3999.292,120.0,8,2,2,0.00000,0.00000,0.00000,0.00000,0.00000
7.725,0,7709.000,178041,192000,3999.812,120.0,8,2,2,0.00000,0.00000,0.00000,0.00000,0.00000
7.725,1,7709.000,178041,192000,3999.812,120.0,8,2,2,0.00000,0.00000,0.00000,0.00000,0.00000
7.725,2,6727.000,130914,192000,3999.625,120.0,8,2,2,0.00000,0.00000,0.00000,0.00000,0.00000
7.826,0,7810.000,182925,192000,3999.062,120.0,8,2,2,0.00000,0.00000,0.00000,0.00000,0.00000
7.826,1,7810.000,182925,192000,3999.062,120.0,8,2,2,0.00000,0.00000,0.00000,0.00000,0.00000
7.826,2,6829.000,135798,192000,3999.875,120.0,8,2,2,0.00000,0.00000,0.00000,0.00000,0.00000
7.929,0,7913.000,187860,192000,3999.250,120.0,8,2,2,0.00000,0.00000,0.00000,0.00000,0.00000
7.929,1,7913.000,187860,192000,3999.250,120.0,8,2,2,0.00000,0.00000,0.00000,0.00000,0.00000
7.929,2,6931.000,140733,192000,3999.062,120.0,8,2,2,0.00000,0.00000,0.00000,0.00000,0.00000
8.035,0,8019.000,950,192000,3999.208,120.0,8,3,2,0.00000,0.00000,0.00000,0.00000,0.00000
8.035,1,8019.000,950,192000,3999.208,120.0,8,3,2,0.00000,0.00000,0.00000,0.00000,0.00000
8.035,2,7037.000,145823,192000,3999.021,120.0,8,2,2,0.00000,0.00000,0.00000,0.00000,0.00000
8.136,0,8120.000,5785,192000,3999.479,120.0,8,3,2,0.00000,0.00000,0.00000,0.00000,0.00000
8.136,1,8120.000,5785,192000,3999.479,120.0,8,3,2,0.00000,0.00000,0.00000,0.00000,0.00000
8.136,2,7138.000,150658,192000,3999.292,120.0,8,2,2,0.00000,0.00000,0.00000,0.00000,0.00000
8.237,0,8221.000,10652,192000,3999.083,120.0,8,3,2,0.00000,0.00000,0.00000,0.00000,0.00000
8.237,1,8221.000,10652,192000,3999.083,120.0,8,3,2,0.00000,0.00000,0.00000,0.00000,0.00000
8.237,2,7240.000,155525,192000,3999.896,120.0,8,2,2,0.00000,0.00000,0.00000,0.00000,0.00000
8.338,0,8322.000,15496,192000,3999.167,120.0,8,3,2,0.00000,0.00000,0.00000,0.00000,0.00000
8.338,1,8322.000,15496,192000,3999.167,120.0,8,3,2,0.00000,0.00000,0.00000,0.00000,0.00000
8.338,2,7341.000,160369,192000,3999.979,120.0,8,2,2,0.00000,0.00000,0.00000,0.00000,0.00000
8.440,0,8425.000,20405,192000,3999.896,120.0,8,3,2,0.00000,0.00000,0.00000,0.00000,0.00000
8.440,1,8425.000,20405,192000,3999.896,120.0,8,3,2,0.00000,0.00000,0.00000,0.00000,0.00000
8.440,2,7443.000,165278,192000,3999.708,120.0,8,2,2,0.00000,0.00000,0.00000,0.00000,0.00000
8.541,0,8525.000,25221,192000,3999.562,120.0,8,3,2,0.00000,0.00000,0.00000,0.00000,0.00000
8.541,1,8525.000,25221,192000,3999.562,120.0,8,3,2,0.00000,0.00000,0.00000,0.00000,0.00000
8.541,2,7543.000,170094,192000,3999.375,120.0,8,2,2,0.00000,0.00000,0.00000,0.00000,0.00000
8.644,0,8628.000,30150,192000,3999.875,120.0,8,3,2,0.00000,0.00000,0.00000,0.00000,0.00000
8.644,1,8628.000,30150,192000,3999.875,120.0,8,3,2,0.00000,0.00000,0.00000,0.00000,0.00000
8.644,2,7646.000,175023,192000,3999.688,120.0,8,2,2,0.00000,0.00000,0.00000,0.00000,0.00000
8.746,0,8730.000,35068,192000,3999.417,120.0,8,3,2,0.00000,0.00000,0.00000,0.00000,0.00000
8.746,1,8730.000,35068,192000,3999.417,120.0,8,3,2,0.00000,0.00000,0.00000,0.00000,0.00000
8.746,2,7748.000,179941,192000,3999.229,120.0,8,2,2,0.00000,0.00000,0.00000,0.00000,0.00000
8.849,0,8833.000,39999,192000,3999.688,120.0,8,3,2,0.00000,0.00000,0.00000,0.00000,0.00000
8.849,1,8833.000,39999,192000,3999.688,120.0,8,3,2,0.00000,0.00000,0.00000,0.00000,0.00000
8.849,2,7851.000,184872,192000,3999.500,120.0,8,2,2,0.00000,0.00000,0.00000,0.00000,0.00000
8.949,0,8934.000,44835,192000,3999.938,120.0,8,3,2,0.00000,0.00000,0.00000,0.00000,0.00000
8.949,1,8934.000,44835,192000,3999.938,120.0,8,3,2,0.00000,0.00000,0.00000,0.00000,0.00000
8.949,2,7952.000,189708,192000,3999.750,120.0,8,2,2,0.00000,0.00000,0.00000,0.00000,0.00000
9.050,0,9034.000,49669,192000,3999.229,120.0,8,3,2,0.00000,0.00000,0.00000,0.00000,0.00000
9.050,1,9034.000,49669,192000,3999.229,120.0,8,3,2,0.00000,0.00000,0.00000,0.00000,0.00000
9.050,2,8052.000,2542,192000,3999.042,120.0,8,3,2,0.00000,0.00000,0.00000,0.00000,0.00000
9.151,0,9135.000,54502,192000,3999.542,120.0,8,3,2,0.00000,0.00000,0.00000,0.00000,0.00000
9.151,1,9135.000,54502,192000,3999.542,120.0,8,3,2,0.00000,0.00000,0.00000,0.00000,0.00000
9.151,2,8153.000,7375,192000,3999.354,120.0,8,3,2,0.00000,0.00000,0.00000,0.00000,0.00000
9.254,0,9238.000,59430,192000,3999.875,120.0,8,3,2,0.00000,0.00000,0.00000,0.00000,0.00000
9.254,1,9238.000,59430,192000,3999.875,120.0,8,3,2,0.00000,0.00000,0.00000,0.00000,0.00000
9.254,2,8256.000,12303,192000,3999.688,120.0,8,3,2,0.00000,0.00000,0.00000,0.00000,0.00000
9.355,0,9339.000,64285,192000,3999.729,120.0,8,3,2,0.00000,0.00000,0.00000,0.00000,0.00000
9.355,1,9339.000,64285,192000,3999.729,120.0,8,3,2,0.00000,0.00000,0.00000,0.00000,0.00000
9.355,2,8357.000,17158,192000,3999.542,120.0,8,3,2,0.00000,0.00000,0.00000,0.00000,0.00000
9.457,0,9441.000,69204,192000,3999.250,120.0,8,3,2,0.00000,0.00000,0.00000,0.00000,0.00000
9.457,1,9441.000,69204,192000,3999.250,120.0,8,3,2,0.00000,0.00000,0.00000,0.00000,0.00000
9.457,2,8459.000,22077,192000,3999.062,120.0,8,3,2,0.00000,0.00000,0.00000,0.00000,0.00000
9.558,0,9543.000,74065,192000,3999.979,120.0,8,3,2,0.00000,0.00000,0.00000,0.00000,0.00000
9.558,1,9543.000,74065,192000,3999.979,120.0,8,3,2,0.00000,0.00000,0.00000,0.00000,0.00000
9.558,2,8561.000,26938,192000,3999.792,120.0,8,3,2,0.00000,0.00000,0.00000,0.00000,0.00000
9.660,0,9644.000,78957,192000,3999.062,120.0,8,3,2,0.00000,0.00000,0.00000,0.00000,0.00000
9.660,1,9644.000,78957,192000,3999.062,120.0,8,3,2,0.00000,0.00000,0.00000,0.00000,0.00000
9.660,2,8663.000,31830,192000,3999.875,120.0,8,3,2,0.00000,0.00000,0.00000,0.00000,0.00000
9.761,0,9745.000,83801,192000,3999.146,120.0,8,3,2,0.00000,0.00000,0.00000,0.00000,0.00000
9.761,1,9745.000,83801,192000,3999.146,120.0,8,3,2,0.00000,0.00000,0.00000,0.00000,0.00000
9.761,2,8764.000,36674,192000,3999.958,120.0,8,3,2,0.00000,0.00000,0.00000,0.00000,0.00000
9.862,0,9847.000,88659,192000,3999.938,120.0,8,3,2,0.00000,0.00000,0.00000,0.00000,0.00000
9.862,1,9847.000,88659,192000,3999.938,120.0,8,3,2,0.00000,0.00000,0.00000,0.00000,0.00000
9.862,2,8865.000,41532,192000,3999.750,120.0,8,3,2,0.00000,0.00000,0.00000,0.00000,0.00000
9.964,0,9948.000,93512,192000,3999.833,120.0,8,3,2,0.00000,0.00000,0.00000,0.00000,0.00000
9.964,1,9948.000,93512,192000,3999.833,120.0,8,3,2,0.00000,0.00000,0.00000,0.00000,0.00000
9.964,2,8966.000,46385,192000,3999.646,120.0,8,3,2,0.00000,0.00000,0.00000,0.00000,0.00000
10.064,0,10048.000,98344,192000,3999.167,120.0,8,3,2,0.00000,0.00000,0.00000,0.00000,0.00000
10.064,1,10048.000,98344,192000,3999.167,120.0,8,3,2,0.00000,0.00000,0.00000,0.00000,0.00000
10.064,2,9067.000,51217,192000,3999.979,120.0,8,3,2,0.00000,0.00000,0.00000,0.00000,0.00000
10.166,0,10150.000,103241,192000,3999.146,120.0,8,3,2,0.00000,0.00000,0.00000,0.00000,0.00000
10.166,1,10150.000,103241,192000,3999.146,120.0,8,3,2,0.00000,0.00000,0.00000,0.00000,0.00000
10.166,2,9169.000,56114,192000,3999.958,120.0,8,3,2,0.00000,0.00000,0.00000,0.00000,0.00000
10.267,0,10252.000,108099,192000,3999.938,120.0,8,3,2,0.00000,0.00000,0.00000,0.00000,0.00000
10.267,1,10252.000,108099,192000,3999.938,120.0,8,3,2,0.00000,0.00000,0.00000,0.00000,0.00000
10.267,2,9270.000,60972,192000,3999.750,120.0,8,3,2,0.00000,0.00000,0.00000,0.00000,0.00000
10.369,0,10353.000,112955,192000,3999.771,120.0,8,3,2,0.00000,0.00000,0.00000,0.00000,0.00000
10.369,1,10353.000,112955,192000,3999.771,120.0,8,3,2,0.00000,0.00000,0.00000,0.00000,0.00000
10.369,2,9371.000,65828,192000,3999.583,120.0,8,3,2,0.00000,0.00000,0.00000,0.00000,0.00000
10.469,0,10454.000,117794,192000,3999.958,120.0,8,3,2,0.00000,0.00000,0.00000,0.00000,0.00000
10.469,1,10454.000,117794,192000,3999.958,120.0,8,3,2,0.00000,0.00000,0.00000,0.00000,0.00000
10.469,2,9472.000,70667,192000,3999.771,120.0,8,3,2,0.00000,0.00000,0.00000,0.00000,0.00000
10.571,0,10555.000,122654,192000,3999.708,120.0,8,3,2,0.00000,0.00000,0.00000,0.00000,0.00000
10.571,1,10555.000,122654,192000,3999.708,120.0,8,3,2,0.00000,0.00000,0.00000,0.00000,0.00000
10.571,2,9573.000,75527,192000,3999.521,120.0,8,3,2,0.00000,0.00000,0.00000,0.00000,0.00000
10.673,0,10657.000,127565,192000,3999.396,120.0,8,3,2,0.00000,0.00000,0.00000,0.00000,0.00000
10.673,1,10657.000,127565,192000,3999.396,120.0,8,3,2,0.00000,0.00000,0.00000,0.00000,0.00000
10.673,2,9675.000,80438,192000,3999.208,120.0,8,3,2,0.00000,0.00000,0.00000,0.00000,0.00000
10.773,0,10757.000,132379,192000,3999.104,120.0,8,3,2,0.00000,0.00000,0.00000,0.00000,0.00000
10.773,1,10757.000,132379,192000,3999.104,120.0,8,3,2,0.00000,0.00000,0.00000,0.00000,0.00000
10.773,2,9776.000,85252,192000,3999.917,120.0,8,3,2,0.00000,0.00000,0.00000,0.00000,0.00000
10.874,0,10858.000,137224,192000,3999.167,120.0,8,3,2,0.00000,0.00000,0.00000,0.00000,0.00000
10.874,1,10858.000,137224,192000,3999.167,120.0,8,3,2,0.00000,0.00000,0.00000,0.00000,0.00000
10.874,2,9877.000,90097,192000,3999.979,120.0,8,3,2,0.00000,0.00000,0.00000,0.00000,0.00000
10.975,0,10959.000,142066,192000,3999.292,120.0,8,3,2,0.00000,0.00000,0.00000,0.00000,0.00000
10.975,1,10959.000,142066,192000,3999.292,120.0,8,3,2,0.00000,0.00000,0.00000,0.00000,0.00000
10.975,2,9977.000,94939,192000,3999.104,120.0,8,3,2,0.00000,0.00000,0.00000,0.00000,0.00000
11.076,0,11060.000,146900,192000,3999.583,120.0,8,3,2,0.00000,0.00000,0.00000,0.00000,0.00000
11.076,1,11060.000,146900,192000,3999.583,120.0,8,3,2,0.00000,0.00000,0.00000,0.00000,0.00000
11.076,2,10078.000,99773,192000,3999.396,120.0,8,3,2,0.00000,0.00000,0.00000,0.00000,0.00000
11.177,0,11161.000,151744,192000,3999.667,120.0,8,3,2,0.00000,0.00000,0.00000,0.00000,0.00000
11.177,1,11161.000,151744,192000,3999.667,120.0,8,3,2,0.00000,0.00000,0.00000,0.00000,0.00000
11.177,2,10179.000,104617,192000,3999.479,120.0,8,3,2,0.00000,0.00000,0.00000,0.00000,0.00000
11.279,0,11263.000,156660,192000,3999.250,120.0,8,3,2,0.00000,0.00000,0.00000,0.00000,0.00000
11.279,1,11263.000,156660,192000,3999.250,120.0,8,3,2,0.00000,0.00000,0.00000,0.00000,0.00000
11.279,2,10281.000,109533,192000,3999.062,120.0,8,3,2,0.00000,0.00000,0.00000,0.00000,0.00000
11.382,0,11366.000,161584,192000,3999.667,120.0,8,3,2,0.00000,0.00000,0.00000,0.00000,0.00000
11.382,1,11366.000,161584,192000,3999.667,120.0,8,3,2,0.00000,0.00000,0.00000,0.00000,0.00000
11.382,2,10384.000,114457,192000,3999.479,120.0,8,3,2,0.00000,0.00000,0.00000,0.00000,0.00000
11.482,0,11467.000,166416,192000,0.000,120.0,8,3,2,0.00000,0.00000,0.00000,0.00000,0.00000
11.482,1,11467.000,166416,192000,0.000,120.0,8,3,2,0.00000,0.00000,0.00000,0.00000,0.00000
11.482,2,10485.000,119289,192000,3999.812,120.0,8,3,2,0.00000,0.00000,0.00000,0.00000,0.00000
11.583,0,11567.000,171241,192000,3999.479,120.0,8,3,2,0.00000,0.00000,0.00000,0.00000,0.00000
11.583,1,11567.000,171241,192000,3999.479,120.0,8,3,2,0.00000,0.00000,0.00000,0.00000,0.00000
11.583,2,10585.000,124114,192000,3999.292,120.0,8,3,2,0.00000,0.00000,0.00000,0.00000,0.00000
11.683,0,11667.000,176056,192000,3999.167,120.0,8,3,2,0.00000,0.00000,0.00000,0.00000,0.00000
11.683,1,11667.000,176056,192000,3999.167,120.0,8,3,2,0.00000,0.00000,0.00000,0.00000,0.00000
11.683,2,10686.000,128929,192000,3999.979,120.0,8,3,2,0.00000,0.00000,0.00000,0.00000,0.00000
11.785,0,11769.000,180943,192000,3999.354,120.0,8,3,2,0.00000,0.00000,0.00000,0.00000,0.00000
11.785,1,11769.000,180943,192000,3999.354,120.0,8,3,2,0.00000,0.00000,0.00000,0.00000,0.00000
11.785,2,10787.000,133816,192000,3999.167,120.0,8,3,2,0.00000,0.00000,0.00000,0.00000,0.00000
11.885,0,11869.000,185759,192000,3999.021,120.0,8,3,2,0.00000,0.00000,0.00000,0.00000,0.00000
11.885,1,11869.000,185759,192000,3999.021,120.0,8,3,2,0.00000,0.00000,0.00000,0.00000,0.00000
11.885,2,10888.000,138632,192000,3999.833,120.0,8,3,2,0.00000,0.00000,0.00000,0.00000,0.00000
11.986,0,11970.000,190597,192000,3999.229,120.0,8,3,2,0.00000,0.00000,0.00000,0.00000,0.00000
11.986,1,11970.000,190597,192000,3999.229,120.0,8,3,2,0.00000,0.00000,0.00000,0.00000,0.00000
11.986,2,10988.000,143470,192000,3999.042,120.0,8,3,2,0.00000,0.00000,0.00000,0.00000,0.00000
12.087,0,12071.000,3449,192000,3999.146,120.0,8,4,2,0.00000,0.00000,0.00000,0.00000,0.00000
12.087,1,12071.000,3449,192000,3999.146,120.0,8,4,2,0.00000,0.00000,0.00000,0.00000,0.00000
12.087,2,11090.000,148322,192000,3999.958,120.0,8,3,2,0.00000,0.00000,0.00000,0.00000,0.00000
12.190,0,12174.000,8378,192000,3999.458,120.0,8,4,2,0.00000,0.00000,0.00000,0.00000,0.00000
12.190,1,12174.000,8378,192000,3999.458,120.0,8,4,2,0.00000,0.00000,0.00000,0.00000,0.00000
12.190,2,11192.000,153251,192000,3999.271,120.0,8,3,2,0.00000,0.00000,0.00000,0.00000,0.00000
12.293,0,12277.000,13306,192000,3999.792,120.0,8,4,2,0.00000,0.00000,0.00000,0.00000,0.00000
12.293,1,12277.000,13306,192000,3999.792,120.0,8,4,2,0.00000,0.00000,0.00000,0.00000,0.00000
12.293,2,11295.000,158179,192000,3999.604,120.0,8,3,2,0.00000,0.00000,0.00000,0.00000,0.00000
12.394,0,12379.000,18194,192000,3999.958,120.0,8,4,2,0.00000,0.00000,0.00000,0.00000,0.00000
12.394,1,12379.000,18194,192000,3999.958,120.0,8,4,2,0.00000,0.00000,0.00000,0.00000,0.00000
12.394,2,11397.000,163067,192000,3999.771,120.0,8,3,2,0.00000,0.00000,0.00000,0.00000,0.00000
12.497,0,12481.000,23108,192000,3999.583,120.0,8,4,2,0.00000,0.00000,0.00000,0.00000,0.00000
12.497,1,12481.000,23108,192000,3999.583,120.0,8,4,2,0.00000,0.00000,0.00000,0.00000,0.00000
12.497,2,11499.000,167981,192000,3999.396,120.0,8,3,2,0.00000,0.00000,0.00000,0.00000,0.00000
12.597,0,12581.000,27918,192000,3999.375,120.0,8,4,2,0.00000,0.00000,0.00000,0.00000,0.00000
12.597,1,12581.000,27918,192000,3999.375,120.0,8,4,2,0.00000,0.00000,0.00000,0.00000,0.00000
12.597,2,11599.000,172791,192000,3999.188,120.0,8,3,2,0.00000,0.00000,0.00000,0.00000,0.00000
12.699,0,12683.000,32797,192000,3999.729,120.0,8,4,2,0.00000,0.00000,0.00000,0.00000,0.00000
12.699,1,12683.000,32797,192000,3999.729,120.0,8,4,2,0.00000,0.00000,0.00000,0.00000,0.00000
12.699,2,11701.000,177670,192000,3999.542,120.0,8,3,2,0.00000,0.00000,0.00000,0.00000,0.00000
12.799,0,12783.000,37627,192000,3999.104,120.0,8,4,2,0.00000,0.00000,0.00000,0.00000,0.00000
12.799,1,12783.000,37627,192000,3999.104,120.0,8,4,2,0.00000,0.00000,0.00000,0.00000,0.00000
12.799,2,11802.000,182500,192000,3999.917,120.0,8,3,2,0.00000,0.00000,0.00000,0.00000,0.00000
12.902,0,12886.000,42555,192000,3999.438,120.0,8,4,2,0.00000,0.00000,0.00000,0.00000,0.00000
12.902,1,12886.000,42555,192000,3999.438,120.0,8,4,2,0.00000,0.00000,0.00000,0.00000,0.00000
12.902,2,11904.000,187428,192000,3999.250,120.0,8,3,2,0.00000,0.00000,0.00000,0.00000,0.00000
13.006,0,12990.000,47564,192000,3999.083,120.0,8,4,2,0.00000,0.00000,0.00000,0.00000,0.00000
13.006,1,12990.000,47564,192000,3999.083,120.0,8,4,2,0.00000,0.00000,0.00000,0.00000,0.00000
13.006,2,12009.000,437,192000,3999.896,120.0,8,4,2,0.00000,0.00000,0.00000,0.00000,0.00000
13.107,0,13091.000,52402,192000,3999.292,120.0,8,4,2,0.00000,0.00000,0.00000,0.00000,0.00000
13.107,1,13091.000,52402,192000,3999.292,120.0,8,4,2,0.00000,0.00000,0.00000,0.00000,0.00000
13.107,2,12109.000,5275,192000,3999.104,120.0,8,4,2,0.00000,0.00000,0.00000,0.00000,0.00000
13.209,0,13194.000,57317,192000,3999.896,120.0,8,4,2,0.00000,0.00000,0.00000,0.00000,0.00000
13.209,1,13194.000,57317,192000,3999.896,120.0,8,4,2,0.00000,0.00000,0.00000,0.00000,0.00000
13.209,2,12212.000,10190,192000,3999.708,120.0,8,4,2,0.00000,0.00000,0.00000,0.00000,0.00000
13.312,0,13296.000,62240,192000,3999.333,120.0,8,4,2,0.00000,0.00000,0.00000,0.00000,0.00000
13.312,1,13296.000,62240,192000,3999.333,120.0,8,4,2,0.00000,0.00000,0.00000,0.00000,0.00000
13.312,2,12314.000,15113,192000,3999.146,120.0,8,4,2,0.00000,0.00000,0.00000,0.00000,0.00000
13.413,0,13397.000,67080,192000,3999.500,120.0,8,4,2,0.00000,0.00000,0.00000,0.00000,0.00000
13.413,1,13397.000,67080,192000,3999.500,120.0,8,4,2,0.00000,0.00000,0.00000,0.00000,0.00000
13.413,2,12415.000,19953,192000,3999.312,120.0,8,4,2,0.00000,0.00000,0.00000,0.00000,0.00000
13.515,0,13499.000,71981,192000,3999.396,120.0,8,4,2,0.00000,0.00000,0.00000,0.00000,0.00000
13.515,1,13499.000,71981,192000,3999.396,120.0,8,4,2,0.00000,0.00000,0.00000,0.00000,0.00000
13.515,2,12517.000,24854,192000,3999.208,120.0,8,4,2,0.00000,0.00000,0.00000,0.00000,0.00000
13.616,0,13600.000,76837,192000,3999.229,120.0,8,4,2,0.00000,0.00000,0.00000,0.00000,0.00000
13.616,1,13600.000,76837,192000,3999.229,120.0,8,4,2,0.00000,0.00000,0.00000,0.00000,0.00000
13.616,2,12618.000,29710,192000,3999.042,120.0,8,4,2,0.00000,0.00000,0.00000,0.00000,0.00000
13.719,0,13703.000,81779,192000,3999.271,120.0,8,4,2,0.00000,0.00000,0.00000,0.00000,0.00000
13.719,1,13703.000,81779,192000,3999.271,120.0,8,4,2,0.00000,0.00000,0.00000,0.00000,0.00000
13.719,2,12721.000,34652,192000,3999.083,120.0,8,4,2,0.00000,0.00000,0.00000,0.00000,0.00000
13.821,0,13805.000,86673,192000,3999.312,120.0,8,4,2,0.00000,0.00000,0.00000,0.00000,0.00000
13.821,1,13805.000,86673,192000,3999.312,120.0,8,4,2,0.00000,0.00000,0.00000,0.00000,0.00000
13.821,2,12823.000,39546,192000,3999.125,120.0,8,4,2,0.00000,0.00000,0.00000,0.00000,0.00000
13.921,0,13906.000,91492,192000,3999.917,120.0,8,4,2,0.00000,0.00000,0.00000,0.00000,0.00000
13.921,1,13906.000,91492,192000,3999.917,120.0,8,4,2,0.00000,0.00000,0.00000,0.00000,0.00000
13.921,2,12924.000,44365,192000,3999.729,120.0,8,4,2,0.00000,0.00000,0.00000,0.00000,0.00000
14.023,0,14007.000,96375,192000,3999.188,120.0,8,4,2,0.00000,0.00000,0.00000,0.00000,0.00000
14.023,1,14007.000,96375,192000,3999.188,120.0,8,4,2,0.00000,0.00000,0.00000,0.00000,0.00000
14.023,2,13026.000,49248,192000,0.000,120.0,8,4,2,0.00000,0.00000,0.00000,0.00000,0.00000
14.125,0,14110.000,101281,192000,3999.979,120.0,8,4,2,0.00000,0.00000,0.00000,0.00000,0.00000
14.125,1,14110.000,101281,192000,3999.979,120.0,8,4,2,0.00000,0.00000,0.00000,0.00000,0.00000
14.125,2,13128.000,54154,192000,3999.792,120.0,8,4,2,0.00000,0.00000,0.00000,0.00000,0.00000
14.227,0,14211.000,106167,192000,3999.188,120.0,8,4,2,0.00000,0.00000,0.00000,0.00000,0.00000
14.227,1,14211.000,106167,192000,3999.188,120.0,8,4,2,0.00000,0.00000,0.00000,0.00000,0.00000
14.227,2,13230.000,59040,192000,0.000,120.0,8,4,2,0.00000,0.00000,0.00000,0.00000,0.00000
14.328,0,14312.000,110988,192000,3999.750,120.0,8,4,2,0.00000,0.00000,0.00000,0.00000,0.00000
14.328,1,14312.000,110988,192000,3999.750,120.0,8,4,2,0.00000,0.00000,0.00000,0.00000,0.00000
14.328,2,13330.000,63861,192000,3999.562,120.0,8,4,2,0.00000,0.00000,0.00000,0.00000,0.00000
14.429,0,14413.000,115870,192000,3999.042,120.0,8,4,2,0.00000,0.00000,0.00000,0.00000,0.00000
14.429,1,14413.000,115870,192000,3999.042,120.0,8,4,2,0.00000,0.00000,0.00000,0.00000,0.00000
14.429,2,13432.000,68743,192000,3999.854,120.0,8,4,2,0.00000,0.00000,0.00000,0.00000,0.00000
14.532,0,14517.000,120819,192000,3999.938,120.0,8,4,2,0.00000,0.00000,0.00000,0.00000,0.00000
14.532,1,14517.000,120819,192000,3999.938,120.0,8,4,2,0.00000,0.00000,0.00000,0.00000,0.00000
14.532,2,13535.000,73692,192000,3999.750,120.0,8,4,2,0.00000,0.00000,0.00000,0.00000,0.00000
14.635,0,14619.000,125735,192000,3999.521,120.0,8,4,2,0.00000,0.00000,0.00000,0.00000,0.00000
14.635,1,14619.000,125735,192000,3999.521,120.0,8,4,2,0.00000,0.00000,0.00000,0.00000,0.00000
14.635,2,13637.000,78608,192000,3999.333,120.0,8,4,2,0.00000,0.00000,0.00000,0.00000,0.00000
14.735,0,14719.000,130550,192000,3999.208,120.0,8,4,2,0.00000,0.00000,0.00000,0.00000,0.00000
14.735,1,14719.000,130550,192000,3999.208,120.0,8,4,2,0.00000,0.00000,0.00000,0.00000,0.00000
14.735,2,13737.000,83423,192000,3999.021,120.0,8,4,2,0.00000,0.00000,0.00000,0.00000,0.00000
14.837,0,14821.000,135424,192000,3999.667,120.0,8,4,2,0.00000,0.00000,0.00000,0.00000,0.00000
14.837,1,14821.000,135424,192000,3999.667,120.0,8,4,2,0.00000,0.00000,0.00000,0.00000,0.00000
14.837,2,13839.000,88297,192000,3999.479,120.0,8,4,2,0.00000,0.00000,0.00000,0.00000,0.00000
14.938,0,14923.000,140306,192000,3999.958,120.0,8,4,2,0.00000,0.00000,0.00000,0.00000,0.00000
14.938,1,14923.000,140306,192000,3999.958,120.0,8,4,2,0.00000,0.00000,0.00000,0.00000,0.00000
14.938,2,13941.000,93179,192000,3999.771,120.0,8,4,2,0.00000,0.00000,0.00000,0.00000,0.00000
15.041,0,15025.000,145219,192000,3999.604,120.0,8,4,2,0.00000,0.00000,0.00000,0.00000,0.00000
15.041,1,15025.000,145219,192000,3999.604,120.0,8,4,2,0.00000,0.00000,0.00000,0.00000,0.00000
15.041,2,14043.000,98092,192000,3999.417,120.0,8,4,2,0.00000,0.00000,0.00000,0.00000,0.00000
15.143,0,15127.000,150106,192000,3999.792,120.0,8,4,2,0.00000,0.00000,0.00000,0.00000,0.00000
15.143,1,15127.000,150106,192000,3999.792,120.0,8,4,2,0.00000,0.00000,0.00000,0.00000,0.00000
15.143,2,14145.000,102979,192000,3999.604,120.0,8,4,2,0.00000,0.00000,0.00000,0.00000,0.00000
15.244,0,15228.000,154956,192000,3999.750,120.0,8,4,2,0.00000,0.00000,0.00000,0.00000,0.00000
15.244,1,15228.000,154956,192000,3999.750,120.0,8,4,2,0.00000,0.00000,0.00000,0.00000,0.00000
15.244,2,14246.000,107829,192000,3999.562,120.0,8,4,2,0.00000,0.00000,0.00000,0.00000,0.00000
15.346,0,15330.000,159856,192000,3999.667,120.0,8,4,2,0.00000,0.00000,0.00000,0.00000,0.00000
15.346,1,15330.000,159856,192000,3999.667,120.0,8,4,2,0.00000,0.00000,0.00000,0.00000,0.00000
15.346,2,14348.000,112729,192000,3999.479,120.0,8,4,2,0.00000,0.00000,0.00000,0.00000,0.00000
15.446,0,15430.000,164685,192000,3999.062,120.0,8,4,2,0.00000,0.00000,0.00000,0.00000,0.00000
15.446,1,15430.000,164685,192000,3999.062,120.0,8,4,2,0.00000,0.00000,0.00000,0.00000,0.00000
15.446,2,14449.000,117558,192000,3999.875,120.0,8,4,2,0.00000,0.00000,0.00000,0.00000,0.00000
15.547,0,15531.000,169535,192000,3999.021,120.0,8,4,2,0.00000,0.00000,0.00000,0.00000,0.00000
15.547,1,15531.000,169535,192000,3999.021,120.0,8,4,2,0.00000,0.00000,0.00000,0.00000,0.00000
15.547,2,14550.000,122408,192000,3999.833,120.0,8,4,2,0.00000,0.00000,0.00000,0.00000,0.00000
15.649,0,15633.000,174400,192000,3999.667,120.0,8,4,2,0.00000,0.00000,0.00000,0.00000,0.00000
15.649,1,15633.000,174400,192000,3999.667,120.0,8,4,2,0.00000,0.00000,0.00000,0.00000,0.00000
15.649,2,14651.000,127273,192000,3999.479,120.0,8,4,2,0.00000,0.00000,0.00000,0.00000,0.00000
15.749,0,15733.000,179202,192000,3999.625,120.0,8,4,2,0.00000,0.00000,0.00000,0.00000,0.00000
15.749,1,15733.000,179202,192000,3999.625,120.0,8,4,2,0.00000,0.00000,0.00000,0.00000,0.00000
15.749,2,14751.000,132075,192000,3999.438,120.0,8,4,2,0.00000,0.00000,0.00000,0.00000,0.00000
15.849,0,15833.000,184007,192000,3999.521,120.0,8,4,2,0.00000,0.00000,0.00000,0.00000,0.00000
15.849,1,15833.000,184007,192000,3999.521,120.0,8,4,2,0.00000,0.00000,0.00000,0.00000,0.00000
15.849,2,14851.000,136880,192000,3999.333,120.0,8,4,2,0.00000,0.00000,0.00000,0.00000,0.00000
15.951,0,15935.000,188892,192000,3999.750,120.0,8,4,2,0.00000,0.00000,0.00000,0.00000,0.00000
15.951,1,15935.000,188892,192000,3999.750,120.0,8,4,2,0.00000,0.00000,0.00000,0.00000,0.00000
15.951,2,14953.000,141765,192000,3999.562,120.0,8,4,2,0.00000,0.00000,0.00000,0.00000,0.00000
16.053,0,16037.000,1809,192000,3999.312,120.0,8,5,2,0.00000,0.00000,0.00000,0.00000,0.00000
16.053,1,16037.000,1809,192000,3999.312,120.0,8,5,2,0.00000,0.00000,0.00000,0.00000,0.00000
16.053,2,15055.000,146682,192000,3999.125,120.0,8,4,2,0.00000,0.00000,0.00000,0.00000,0.00000
16.156,0,16140.000,6745,192000,3999.479,120.0,8,5,2,0.00000,0.00000,0.00000,0.00000,0.00000
16.156,1,16140.000,6745,192000,3999.479,120.0,8,5,2,0.00000,0.00000,0.00000,0.00000,0.00000
16.156,2,15158.000,151618,192000,3999.292,120.0,8,4,2,0.00000,0.00000,0.00000,0.00000,0.00000
16.259,0,16243.000,11696,192000,3999.333,120.0,8,5,2,0.00000,0.00000,0.00000,0.00000,0.00000
16.259,1,16243.000,11696,192000,3999.333,120.0,8,5,2,0.00000,0.00000,0.00000,0.00000,0.00000
16.259,2,15261.000,156569,192000,3999.146,120.0,8,4,2,0.00000,0.00000,0.00000,0.00000,0.00000
16.361,0,16345.000,16571,192000,3999.771,120.0,8,5,2,0.00000,0.00000,0.00000,0.00000,0.00000
16.361,1,16345.000,16571,192000,3999.771,120.0,8,5,2,0.00000,0.00000,0.00000,0.00000,0.00000
16.361,2,15363.000,161444,192000,3999.583,120.0,8,4,2,0.00000,0.00000,0.00000,0.00000,0.00000
16.464,0,16448.000,21521,192000,3999.646,120.0,8,5,2,0.00000,0.00000,0.00000,0.00000,0.00000
16.464,1,16448.000,21521,192000,3999.646,120.0,8,5,2,0.00000,0.00000,0.00000,0.00000,0.00000
16.464,2,15466.000,166394,192000,3999.458,120.0,8,4,2,0.00000,0.00000,0.00000,0.00000,0.00000
16.565,0,16550.000,26402,192000,3999.958,120.0,8,5,2,0.00000,0.00000,0.00000,0.00000,0.00000
16.565,1,16550.000,26402,192000,3999.958,120.0,8,5,2,0.00000,0.00000,0.00000,0.00000,0.00000
16.565,2,15568.000,171275,192000,3999.771,120.0,8,4,2,0.00000,0.00000,0.00000,0.00000,0.00000
16.666,0,16650.000,31237,192000,3999.229,120.0,8,5,2,0.00000,0.00000,0.00000,0.00000,0.00000
16.666,1,16650.000,31237,192000,3999.229,120.0,8,5,2,0.00000,0.00000,0.00000,0.00000,0.00000
16.666,2,15668.000,176110,192000,3999.042,120.0,8,4,2,0.00000,0.00000,0.00000,0.00000,0.00000
16.766,0,16750.000,36045,192000,3999.062,120.0,8,5,2,0.00000,0.00000,0.00000,0.00000,0.00000
16.766,1,16750.000,36045,192000,3999.062,120.0,8,5,2,0.00000,0.00000,0.00000,0.00000,0.00000
16.766,2,15769.000,180918,192000,3999.875,120.0,8,4,2,0.00000,0.00000,0.00000,0.00000,0.00000
16.869,0,16853.000,40980,192000,3999.250,120.0,8,5,2,0.00000,0.00000,0.00000,0.00000,0.00000
16.869,1,16853.000,40980,192000,3999.250,120.0,8,5,2,0.00000,0.00000,0.00000,0.00000,0.00000
16.869,2,15871.000,185853,192000,3999.062,120.0,8,4,2,0.00000,0.00000,0.00000,0.00000,0.00000
16.971,0,16955.000,45882,192000,3999.125,120.0,8,5,2,0.00000,0.00000,0.00000,0.00000,0.00000
16.971,1,16955.000,45882,192000,3999.125,120.0,8,5,2,0.00000,0.00000,0.00000,0.00000,0.00000
16.971,2,15974.000,190755,192000,3999.938,120.0,8,4,2,0.00000,0.00000,0.00000,0.00000,0.00000
17.073,0,17057.000,50749,192000,3999.729,120.0,8,5,2,0.00000,0.00000,0.00000,0.00000,0.00000
17.073,1,17057.000,50749,192000,3999.729,120.0,8,5,2,0.00000,0.00000,0.00000,0.00000,0.00000
17.073,2,16075.000,3622,192000,3999.542,120.0,8,5,2,0.10081,0.10024,0.10081,0.00000,0.00000
17.174,0,17158.000,55622,192000,3999.208,120.0,8,5,2,0.00000,0.00000,0.00000,0.00000,0.00000
17.174,1,17158.000,55622,192000,3999.208,120.0,8,5,2,0.00000,0.00000,0.00000,0.00000,0.00000
17.174,2,16176.000,8495,192000,3999.021,120.0,8,5,2,0.06609,0.06571,0.06609,0.00000,0.00000
17.275,0,17260.000,60485,192000,3999.896,120.0,8,5,2,0.00000,0.00000,0.00000,0.00000,0.00000
17.275,1,17260.000,60485,192000,3999.896,120.0,8,5,2,0.00000,0.00000,0.00000,0.00000,0.00000
17.275,2,16278.000,13358,192000,3999.708,120.0,8,5,2,0.04337,0.04312,0.04337,0.00000,0.00000
17.377,0,17361.000,65350,192000,3999.542,120.0,8,5,2,0.00000,0.00000,0.00000,0.00000,0.00000
17.377,1,17361.000,65350,192000,3999.542,120.0,8,5,2,0.00000,0.00000,0.00000,0.00000,0.00000
17.377,2,16379.000,18223,192000,3999.354,120.0,8,5,2,0.02845,0.02829,0.02845,0.00000,0.00000
17.479,0,17463.000,70233,192000,3999.812,120.0,8,5,2,0.00000,0.00000,0.00000,0.00000,0.00000
17.479,1,17463.000,70233,192000,3999.812,120.0,8,5,2,0.00000,0.00000,0.00000,0.00000,0.00000
17.479,2,16481.000,23106,192000,3999.625,120.0,8,5,2,0.01864,0.01853,0.01864,0.00000,0.00000
17.580,0,17564.000,75078,192000,3999.875,120.0,8,5,2,0.00000,0.00000,0.00000,0.00000,0.00000
17.580,1,17564.000,75078,192000,3999.875,120.0,8,5,2,0.00000,0.00000,0.00000,0.00000,0.00000
17.580,2,16582.000,27951,192000,3999.688,120.0,8,5,2,0.01225,0.01218,0.01225,0.00000,0.00000
17.682,0,17666.000,79991,192000,3999.521,120.0,8,5,2,0.00000,0.00000,0.00000,0.00000,0.00000
17.682,1,17666.000,79991,192000,3999.521,120.0,8,5,2,0.00000,0.00000,0.00000,0.00000,0.00000
17.682,2,16684.000,32864,192000,3999.333,120.0,8,5,2,0.00800,0.00796,0.00800,0.00000,0.00000
17.782,0,17766.000,84812,192000,3999.083,120.0,8,5,2,0.00000,0.00000,0.00000,0.00000,0.00000
17.782,1,17766.000,84812,192000,3999.083,120.0,8,5,2,0.00000,0.00000,0.00000,0.00000,0.00000
17.782,2,16785.000,37685,192000,3999.896,120.0,8,5,2,0.00527,0.00524,0.00527,0.00000,0.00000
17.884,0,17869.000,89712,192000,0.000,120.0,8,5,2,0.00000,0.00000,0.00000,0.00000,0.00000
17.884,1,17869.000,89712,192000,0.000,120.0,8,5,2,0.00000,0.00000,0.00000,0.00000,0.00000
17.884,2,16887.000,42585,192000,3999.812,120.0,8,5,2,0.00345,0.00343,0.00345,0.00000,0.00000
17.985,0,17969.000,94525,192000,3999.729,120.0,8,5,2,0.00000,0.00000,0.00000,0.00000,0.00000
17.985,1,17969.000,94525,192000,3999.729,120.0,8,5,2,0.00000,0.00000,0.00000,0.00000,0.00000
17.985,2,16987.000,47398,192000,3999.542,120.0,8,5,2,0.00227,0.00226,0.00227,0.00000,0.00000
18.085,0,18069.000,99349,192000,3999.229,120.0,8,5,2,0.00000,0.00000,0.00000,0.00000,0.00000
18.085,1,18069.000,99349,192000,3999.229,120.0,8,5,2,0.00000,0.00000,0.00000,0.00000,0.00000
18.085,2,17087.000,52222,192000,3999.042,120.0,8,5,2,0.00150,0.00149,0.00150,0.00000,0.00000
18.188,0,18172.000,104269,192000,3999.729,120.0,8,5,2,0.00000,0.00000,0.00000,0.00000,0.00000
18.188,1,18172.000,104269,192000,3999.729,120.0,8,5,2,0.00000,0.00000,0.00000,0.00000,0.00000
18.188,2,17190.000,57142,192000,3999.542,120.0,8,5,2,0.00098,0.00097,0.00098,0.00000,0.00000
18.288,0,18272.000,109078,192000,3999.542,120.0,8,5,2,0.00000,0.00000,0.00000,0.00000,0.00000
18.288,1,18272.000,109078,192000,3999.542,120.0,8,5,2,0.00000,0.00000,0.00000,0.00000,0.00000
18.288,2,17290.000,61951,192000,3999.354,120.0,8,5,2,0.00064,0.00064,0.00064,0.00000,0.00000
18.390,0,18374.000,113998,192000,3999.042,120.0,8,5,2,0.00000,0.00000,0.00000,0.00000,0.00000
18.390,1,18374.000,113998,192000,3999.042,120.0,8,5,2,0.00000,0.00000,0.00000,0.00000,0.00000
18.390,2,17393.000,66871,192000,3999.854,120.0,8,5,2,0.00042,0.00042,0.00042,0.00000,0.00000
18.491,0,18475.000,118807,192000,3999.854,120.0,8,5,2,0.00000,0.00000,0.00000,0.00000,0.00000
18.491,1,18475.000,118807,192000,3999.854,120.0,8,5,2,0.00000,0.00000,0.00000,0.00000,0.00000
18.491,2,17493.000,71680,192000,3999.667,120.0,8,5,2,0.00028,0.00028,0.00028,0.00000,0.00000
18.593,0,18577.000,123712,192000,3999.667,120.0,8,5,2,0.00000,0.00000,0.00000,0.00000,0.00000
18.593,1,18577.000,123712,192000,3999.667,120.0,8,5,2,0.00000,0.00000,0.00000,0.00000,0.00000
18.593,2,17595.000,76585,192000,3999.479,120.0,8,5,2,0.00018,0.00018,0.00018,0.00000,0.00000
18.694,0,18679.000,128597,192000,3999.896,120.0,8,5,2,0.00000,0.00000,0.00000,0.00000,0.00000
18.694,1,18679.000,128597,192000,3999.896,120.0,8,5,2,0.00000,0.00000,0.00000,0.00000,0.00000
18.694,2,17697.000,81470,192000,3999.708,120.0,8,5,2,0.00012,0.00012,0.00012,0.00000,0.00000
18.795,0,18779.000,133404,192000,3999.750,120.0,8,5,2,0.00000,0.00000,0.00000,0.00000,0.00000
18.795,1,18779.000,133404,192000,3999.750,120.0,8,5,2,0.00000,0.00000,0.00000,0.00000,0.00000
18.795,2,17797.000,86277,192000,3999.562,120.0,8,5,2,0.00008,0.00008,0.00008,0.00000,0.00000
18.895,0,18879.000,138218,192000,3999.458,120.0,8,5,2,0.00000,0.00000,0.00000,0.00000,0.00000
18.895,1,18879.000,138218,192000,3999.458,120.0,8,5,2,0.00000,0.00000,0.00000,0.00000,0.00000
18.895,2,17897.000,91091,192000,3999.271,120.0,8,5,2,0.00005,0.00005,0.00005,0.00000,0.00000
18.996,0,18980.000,143083,192000,3999.104,120.0,8,5,2,0.00000,0.00000,0.00000,0.00000,0.00000
18.996,1,18980.000,143083,192000,3999.104,120.0,8,5,2,0.00000,0.00000,0.00000,0.00000,0.00000
18.996,2,17999.000,95956,192000,3999.917,120.0,8,5,2,0.00003,0.00003,0.00003,0.00000,0.00000
19.099,0,19083.000,148016,192000,3999.333,120.0,8,5,2,0.00000,0.00000,0.00000,0.00000,0.00000
19.099,1,19083.000,148016,192000,3999.333,120.0,8,5,2,0.00000,0.00000,0.00000,0.00000,0.00000
19.099,2,18101.000,100889,192000,3999.146,120.0,8,5,2,0.00002,0.00002,0.00002,0.00000,0.00000
19.200,0,19184.000,152862,192000,3999.375,120.0,8,5,2,0.00000,0.00000,0.00000,0.00000,0.00000
19.200,1,19184.000,152862,192000,3999.375,120.0,8,5,2,0.00000,0.00000,0.00000,0.00000,0.00000
19.200,2,18202.000,105735,192000,3999.188,120.0,8,5,2,0.00001,0.00001,0.00001,0.00000,0.00000
19.302,0,19286.000,157739,192000,3999.771,120.0,8,5,2,0.00000,0.00000,0.00000,0.00000,0.00000
19.302,1,19286.000,157739,192000,3999.771,120.0,8,5,2,0.00000,0.00000,0.00000,0.00000,0.00000
19.302,2,18304.000,110612,192000,3999.583,120.0,8,5,2,0.00001,0.00001,0.00001,0.00000,0.00000
19.402,0,19386.000,162556,192000,3999.417,120.0,8,5,2,0.00000,0.00000,0.00000,0.00000,0.00000
19.402,1,19386.000,162556,192000,3999.417,120.0,8,5,2,0.00000,0.00000,0.00000,0.00000,0.00000
19.402,2,18404.000,115429,192000,3999.229,120.0,8,5,2,0.00001,0.00001,0.00001,0.00000,0.00000
19.505,0,19489.000,167485,192000,3999.729,120.0,8,5,2,0.00000,0.00000,0.00000,0.00000,0.00000
19.505,1,19489.000,167485,192000,3999.729,120.0,8,5,2,0.00000,0.00000,0.00000,0.00000,0.00000
19.505,2,18507.000,120358,192000,3999.542,120.0,8,5,2,0.00000,0.00000,0.00000,0.00000,0.00000
19.608,0,19592.000,172425,192000,3999.812,120.0,8,5,2,0.00000,0.00000,0.00000,0.00000,0.00000
19.608,1,19592.000,172425,192000,3999.812,120.0,8,5,2,0.00000,0.00000,0.00000,0.00000,0.00000
19.608,2,18610.000,125298,192000,3999.625,120.0,8,5,2,0.00000,0.00000,0.00000,0.00000,0.00000
19.710,0,19694.000,177353,192000,3999.146,120.0,8,5,2,0.00000,0.00000,0.00000,0.00000,0.00000
19.710,1,19694.000,177353,192000,3999.146,120.0,8,5,2,0.00000,0.00000,0.00000,0.00000,0.00000
19.710,2,18713.000,130226,192000,3999.958,120.0,8,5,2,0.00000,0.00000,0.00000,0.00000,0.00000
19.810,0,19794.000,182157,192000,3999.062,120.0,8,5,2,0.00000,0.00000,0.00000,0.00000,0.00000
19.810,1,19794.000,182157,192000,3999.062,120.0,8,5,2,0.00000,0.00000,0.00000,0.00000,0.00000
19.810,2,18813.000,135030,192000,3999.875,120.0,8,5,2,0.00000,0.00000,0.00000,0.00000,0.00000
19.912,0,19896.000,187055,192000,3999.021,120.0,8,5,2,0.00000,0.00000,0.00000,0.00000,0.00000
19.912,1,19896.000,187055,192000,3999.021,120.0,8,5,2,0.00000,0.00000,0.00000,0.00000,0.00000
19.912,2,18915.000,139928,192000,3999.833,120.0,8,5,2,0.00000,0.00000,0.00000,0.00000,0.00000
20.013,0,19997.000,191897,192000,3999.146,120.0,8,5,2,0.00000,0.00000,0.00000,0.00000,0.00000
20.013,1,19997.000,191897,192000,3999.146,120.0,8,5,2,0.00000,0.00000,0.00000,0.00000,0.00000
20.013,2,19016.000,144770,192000,3999.958,120.0,8,5,2,0.00000,0.00000,0.00000,0.00000,0.00000
20.114,0,20098.000,4721,192000,3999.646,120.0,8,6,2,0.09170,0.09167,0.09170,0.00000,0.00000
20.114,1,20098.000,4721,192000,3999.646,120.0,8,6,2,0.09167,0.09167,0.09141,0.00000,0.00000
20.114,2,19116.000,149594,192000,3999.458,120.0,8,5,2,0.00000,0.00000,0.00000,0.00000,0.00000
20.214,0,20198.000,9544,192000,3999.167,120.0,8,6,2,0.06038,0.06036,0.06038,0.00000,0.00000
20.214,1,20198.000,9544,192000,3999.167,120.0,8,6,2,0.06036,0.06036,0.06019,0.00000,0.00000
20.214,2,19217.000,154417,192000,3999.979,120.0,8,5,2,0.00000,0.00000,0.00000,0.00000,0.00000
20.315,0,20299.000,14378,192000,3999.458,120.0,8,6,2,0.03972,0.03971,0.03972,0.00000,0.00000
20.315,1,20299.000,14378,192000,3999.458,120.0,8,6,2,0.03971,0.03971,0.03959,0.00000,0.00000
20.315,2,19317.000,159251,192000,3999.271,120.0,8,5,2,0.00000,0.00000,0.00000,0.00000,0.00000
20.415,0,20399.000,19193,192000,3999.146,120.0,8,6,2,0.02617,0.02616,0.02617,0.00000,0.00000
20.415,1,20399.000,19193,192000,3999.146,120.0,8,6,2,0.02616,0.02616,0.02609,0.00000,0.00000
20.415,2,19418.000,164066,192000,3999.958,120.0,8,5,2,0.00000,0.00000,0.00000,0.00000,0.00000
20.516,0,20500.000,24013,192000,3999.729,120.0,8,6,2,0.01724,0.01723,0.01724,0.00000,0.00000
20.516,1,20500.000,24013,192000,3999.729,120.0,8,6,2,0.01723,0.01723,0.01718,0.00000,0.00000
20.516,2,19518.000,168886,192000,3999.542,120.0,8,5,2,0.00000,0.00000,0.00000,0.00000,0.00000
20.616,0,20600.000,28813,192000,3999.729,120.0,8,6,2,0.01137,0.01137,0.01137,0.00000,0.00000
20.616,1,20600.000,28813,192000,3999.729,120.0,8,6,2,0.01137,0.01137,0.01134,0.00000,0.00000
20.616,2,19618.000,173686,192000,3999.542,120.0,8,5,2,0.00000,0.00000,0.00000,0.00000,0.00000
20.718,0,20702.000,33733,192000,3999.229,120.0,8,6,2,0.00742,0.00742,0.00742,0.00000,0.00000
20.718,1,20702.000,33733,192000,3999.229,120.0,8,6,2,0.00742,0.00742,0.00740,0.00000,0.00000
20.718,2,19720.000,178606,192000,3999.042,120.0,8,5,2,0.00000,0.00000,0.00000,0.00000,0.00000
20.819,0,20803.000,38582,192000,3999.208,120.0,8,6,2,0.00488,0.00488,0.00488,0.00000,0.00000
20.819,1,20803.000,38582,192000,3999.208,120.0,8,6,2,0.00488,0.00488,0.00486,0.00000,0.00000
20.819,2,19821.000,183455,192000,3999.021,120.0,8,5,2,0.00000,0.00000,0.00000,0.00000,0.00000
20.919,0,20903.000,43389,192000,3999.062,120.0,8,6,2,0.00322,0.00322,0.00322,0.00000,0.00000
20.919,1,20903.000,43389,192000,3999.062,120.0,8,6,2,0.00322,0.00322,0.00321,0.00000,0.00000
20.919,2,19922.000,188262,192000,3999.875,120.0,8,5,2,0.00000,0.00000,0.00000,0.00000,0.00000
21.020,0,21004.000,48219,192000,3999.438,120.0,8,6,2,0.00212,0.00212,0.00212,0.00000,0.00000
21.020,1,21004.000,48219,192000,3999.438,120.0,8,6,2,0.00212,0.00212,0.00211,0.00000,0.00000
21.020,2,20022.000,1092,192000,3999.250,120.0,8,6,2,0.00000,0.00000,0.00000,0.00000,0.00000
21.123,0,21107.000,53157,192000,3999.562,120.0,8,6,2,0.00138,0.00138,0.00138,0.00000,0.00000
21.123,1,21107.000,53157,192000,3999.562,120.0,8,6,2,0.00138,0.00138,0.00138,0.00000,0.00000
21.123,2,20125.000,6030,192000,3999.375,120.0,8,6,2,0.00000,0.00000,0.00000,0.00000,0.00000
21.224,0,21208.000,58003,192000,3999.604,120.0,8,6,2,0.00091,0.00091,0.00091,0.00000,0.00000
21.224,1,21208.000,58003,192000,3999.604,120.0,8,6,2,0.00091,0.00091,0.00090,0.00000,0.00000
21.224,2,20226.000,10876,192000,3999.417,120.0,8,6,2,0.00000,0.00000,0.00000,0.00000,0.00000
21.324,0,21309.000,62836,192000,3999.917,120.0,8,6,2,0.00060,0.00060,0.00060,0.00000,0.00000
21.324,1,21309.000,62836,192000,3999.917,120.0,8,6,2,0.00060,0.00060,0.00059,0.00000,0.00000
21.324,2,20327.000,15709,192000,3999.729,120.0,8,6,2,0.00000,0.00000,0.00000,0.00000,0.00000
21.426,0,21410.000,67713,192000,3999.312,120.0,8,6,2,0.00039,0.00039,0.00039,0.00000,0.00000
21.426,1,21410.000,67713,192000,3999.312,120.0,8,6,2,0.00039,0.00039,0.00039,0.00000,0.00000
21.426,2,20428.000,20586,192000,3999.125,120.0,8,6,2,0.00000,0.00000,0.00000,0.00000,0.00000
21.528,0,21512.000,72588,192000,3999.750,120.0,8,6,2,0.00026,0.00026,0.00026,0.00000,0.00000
21.528,1,21512.000,72588,192000,3999.750,120.0,8,6,2,0.00026,0.00026,0.00026,0.00000,0.00000
21.528,2,20530.000,25461,192000,3999.562,120.0,8,6,2,0.00000,0.00000,0.00000,0.00000,0.00000
21.629,0,21613.000,77433,192000,3999.812,120.0,8,6,2,0.00017,0.00017,0.00017,0.00000,0.00000
21.629,1,21613.000,77433,192000,3999.812,120.0,8,6,2,0.00017,0.00017,0.00017,0.00000,0.00000
21.629,2,20631.000,30306,192000,3999.625,120.0,8,6,2,0.00000,0.00000,0.00000,0.00000,0.00000
21.732,0,21716.000,82381,192000,3999.729,120.0,8,6,2,0.00011,0.00011,0.00011,0.00000,0.00000
21.732,1,21716.000,82381,192000,3999.729,120.0,8,6,2,0.00011,0.00011,0.00011,0.00000,0.00000
21.732,2,20734.000,35254,192000,3999.542,120.0,8,6,2,0.00000,0.00000,0.00000,0.00000,0.00000
21.833,0,21817.000,87230,192000,3999.708,120.0,8,6,2,0.00007,0.00007,0.00007,0.00000,0.00000
21.833,1,21817.000,87230,192000,3999.708,120.0,8,6,2,0.00007,0.00007,0.00007,0.00000,0.00000
21.833,2,20835.000,40103,192000,3999.521,120.0,8,6,2,0.00000,0.00000,0.00000,0.00000,0.00000
21.933,0,21917.000,92041,192000,3999.479,120.0,8,6,2,0.00005,0.00005,0.00005,0.00000,0.00000
21.933,1,21917.000,92041,192000,3999.479,120.0,8,6,2,0.00005,0.00005,0.00005,0.00000,0.00000
21.933,2,20935.000,44914,192000,3999.292,120.0,8,6,2,0.00000,0.00000,0.00000,0.00000,0.00000
22.034,0,22018.000,96908,192000,3999.083,120.0,8,6,2,0.00003,0.00003,0.00003,0.00000,0.00000
22.034,1,22018.000,96908,192000,3999.083,120.0,8,6,2,0.00003,0.00003,0.00003,0.00000,0.00000
22.034,2,21037.000,49781,192000,3999.896,120.0,8,6,2,0.00000,0.00000,0.00000,0.00000,0.00000
22.134,0,22119.000,101715,192000,3999.938,120.0,8,6,2,0.00002,0.00002,0.00002,0.00000,0.00000
22.134,1,22119.000,101715,192000,3999.938,120.0,8,6,2,0.00002,0.00002,0.00002,0.00000,0.00000
22.134,2,21137.000,54588,192000,3999.750,120.0,8,6,2,0.00000,0.00000,0.00000,0.00000,0.00000
22.235,0,22219.000,106531,192000,3999.604,120.0,8,6,2,0.00001,0.00001,0.00001,0.00000,0.00000
22.235,1,22219.000,106531,192000,3999.604,120.0,8,6,2,0.00001,0.00001,0.00001,0.00000,0.00000
22.235,2,21237.000,59404,192000,3999.417,120.0,8,6,2,0.00000,0.00000,0.00000,0.00000,0.00000
22.337,0,22321.000,111433,192000,3999.479,120.0,8,6,2,0.00001,0.00001,0.00001,0.00000,0.00000
22.337,1,22321.000,111433,192000,3999.479,120.0,8,6,2,0.00001,0.00001,0.00001,0.00000,0.00000
22.337,2,21339.000,64306,192000,3999.292,120.0,8,6,2,0.00000,0.00000,0.00000,0.00000,0.00000
22.440,0,22424.000,116376,192000,3999.500,120.0,8,6,2,0.00001,0.00001,0.00001,0.00000,0.00000
22.440,1,22424.000,116376,192000,3999.500,120.0,8,6,2,0.00001,0.00001,0.00001,0.00000,0.00000
22.440,2,21442.000,69249,192000,3999.312,120.0,8,6,2,0.00000,0.00000,0.00000,0.00000,0.00000
22.540,0,22524.000,121179,192000,3999.438,120.0,8,6,2,0.00000,0.00000,0.00000,0.00000,0.00000
22.540,1,22524.000,121179,192000,3999.438,120.0,8,6,2,0.00000,0.00000,0.00000,0.00000,0.00000
22.540,2,21542.000,74052,192000,3999.250,120.0,8,6,2,0.00000,0.00000,0.00000,0.00000,0.00000
22.641,0,22625.000,126031,192000,3999.354,120.0,8,6,2,0.00000,0.00000,0.00000,0.00000,0.00000
22.641,1,22625.000,126031,192000,3999.354,120.0,8,6,2,0.00000,0.00000,0.00000,0.00000,0.00000
22.641,2,21643.000,78904,192000,3999.167,120.0,8,6,2,0.00000,0.00000,0.00000,0.00000,0.00000
22.743,0,22727.000,130935,192000,3999.188,120.0,8,6,2,0.00000,0.00000,0.00000,0.00000,0.00000
22.743,1,22727.000,130935,192000,3999.188,120.0,8,6,2,0.00000,0.00000,0.00000,0.00000,0.00000
22.743,2,21746.000,83808,192000,0.000,120.0,8,6,2,0.00000,0.00000,0.00000,0.00000,0.00000
22.844,0,22828.000,135761,192000,3999.646,120.0,8,6,2,0.00000,0.00000,0.00000,0.00000,0.00000
22.844,1,22828.000,135761,192000,3999.646,120.0,8,6,2,0.00000,0.00000,0.00000,0.00000,0.00000
22.844,2,21846.000,88634,192000,3999.458,120.0,8,6,2,0.00000,0.00000,0.00000,0.00000,0.00000
22.946,0,22930.000,140646,192000,3999.875,120.0,8,6,2,0.00000,0.00000,0.00000,0.00000,0.00000
22.946,1,22930.000,140646,192000,3999.875,120.0,8,6,2,0.00000,0.00000,0.00000,0.00000,0.00000
22.946,2,21948.000,93519,192000,3999.688,120.0,8,6,2,0.00000,0.00000,0.00000,0.00000,0.00000
23.046,0,23030.000,145481,192000,3999.146,120.0,8,6,2,0.00000,0.00000,0.00000,0.00000,0.00000
23.046,1,23030.000,145481,192000,3999.146,120.0,8,6,2,0.00000,0.00000,0.00000,0.00000,0.00000
23.046,2,22049.000,98354,192000,3999.958,120.0,8,6,2,0.00000,0.00000,0.00000,0.00000,0.00000
23.149,0,23133.000,150418,192000,3999.292,120.0,8,6,2,0.00000,0.00000,0.00000,0.00000,0.00000
23.149,1,23133.000,150418,192000,3999.292,120.0,8,6,2,0.00000,0.00000,0.00000,0.00000,0.00000
23.149,2,22151.000,103291,192000,3999.104,120.0,8,6,2,0.00000,0.00000,0.00000,0.00000,0.00000
23.251,0,23236.000,155332,192000,3999.917,120.0,8,6,2,0.00000,0.00000,0.00000,0.00000,0.00000
23.251,1,23236.000,155332,192000,3999.917,120.0,8,6,2,0.00000,0.00000,0.00000,0.00000,0.00000
23.251,2,22254.000,108205,192000,3999.729,120.0,8,6,2,0.00000,0.00000,0.00000,0.00000,0.00000
23.354,0,23338.000,160235,192000,3999.771,120.0,8,6,2,0.00000,0.00000,0.00000,0.00000,0.00000
23.354,1,23338.000,160235,192000,3999.771,120.0,8,6,2,0.00000,0.00000,0.00000,0.00000,0.00000
23.354,2,22356.000,113108,192000,3999.583,120.0,8,6,2,0.00000,0.00000,0.00000,0.00000,0.00000
23.456,0,23440.000,165139,192000,3999.604,120.0,8,6,2,0.00000,0.00000,0.00000,0.00000,0.00000
23.456,1,23440.000,165139,192000,3999.604,120.0,8,6,2,0.00000,0.00000,0.00000,0.00000,0.00000
23.456,2,22458.000,118012,192000,3999.417,120.0,8,6,2,0.00000,0.00000,0.00000,0.00000,0.00000
23.556,0,23540.000,169958,192000,3999.208,120.0,8,6,2,0.00000,0.00000,0.00000,0.00000,0.00000
23.556,1,23540.000,169958,192000,3999.208,120.0,8,6,2,0.00000,0.00000,0.00000,0.00000,0.00000
23.556,2,22558.000,122831,192000,3999.021,120.0,8,6,2,0.00000,0.00000,0.00000,0.00000,0.00000
23.657,0,23641.000,174782,192000,3999.708,120.0,8,6,2,0.00000,0.00000,0.00000,0.00000,0.00000
23.657,1,23641.000,174782,192000,3999.708,120.0,8,6,2,0.00000,0.00000,0.00000,0.00000,0.00000
23.657,2,22659.000,127655,192000,3999.521,120.0,8,6,2,0.00000,0.00000,0.00000,0.00000,0.00000
23.757,0,23742.000,179619,192000,3999.938,120.0,8,6,2,0.00000,0.00000,0.00000,0.00000,0.00000
23.757,1,23742.000,179619,192000,3999.938,120.0,8,6,2,0.00000,0.00000,0.00000,0.00000,0.00000
23.757,2,22760.000,132492,192000,3999.750,120.0,8,6,2,0.00000,0.00000,0.00000,0.00000,0.00000
23.860,0,23844.000,184548,192000,3999.250,120.0,8,6,2,0.00000,0.00000,0.00000,0.00000,0.00000
23.860,1,23844.000,184548,192000,3999.250,120.0,8,6,2,0.00000,0.00000,0.00000,0.00000,0.00000
23.860,2,22862.000,137421,192000,3999.062,120.0,8,6,2,0.00000,0.00000,0.00000,0.00000,0.00000
23.961,0,23945.000,189387,192000,3999.438,120.0,8,6,2,0.00000,0.00000,0.00000,0.00000,0.00000
23.961,1,23945.000,189387,192000,3999.438,120.0,8,6,2,0.00000,0.00000,0.00000,0.00000,0.00000
23.961,2,22963.000,142260,192000,3999.250,120.0,8,6,2,0.00000,0.00000,0.00000,0.00000,0.00000
24.062,0,24047.000,2262,192000,3999.875,120.0,8,7,2,0.00000,0.00000,0.00000,0.00000,0.00000
24.062,1,24047.000,2262,192000,3999.875,120.0,8,7,2,0.00000,0.00000,0.00000,0.00000,0.00000
24.062,2,23065.000,147135,192000,3999.688,120.0,8,6,2,0.00000,0.00000,0.00000,0.00000,0.00000
24.164,0,24148.000,7116,192000,3999.750,120.0,8,7,2,0.00000,0.00000,0.00000,0.00000,0.00000
24.164,1,24148.000,7116,192000,3999.750,120.0,8,7,2,0.00000,0.00000,0.00000,0.00000,0.00000
24.164,2,23166.000,151989,192000,3999.562,120.0,8,6,2,0.00000,0.00000,0.00000,0.00000,0.00000
24.265,0,24249.000,11990,192000,3999.208,120.0,8,7,2,0.00000,0.00000,0.00000,0.00000,0.00000
24.265,1,24249.000,11990,192000,3999.208,120.0,8,7,2,0.00000,0.00000,0.00000,0.00000,0.00000
24.265,2,23267.000,156863,192000,3999.021,120.0,8,6,2,0.00000,0.00000,0.00000,0.00000,0.00000
24.366,0,24350.000,16840,192000,3999.167,120.0,8,7,2,0.00000,0.00000,0.00000,0.00000,0.00000
24.366,1,24350.000,16840,192000,3999.167,120.0,8,7,2,0.00000,0.00000,0.00000,0.00000,0.00000
24.366,2,23369.000,161713,192000,3999.979,120.0,8,6,2,0.00000,0.00000,0.00000,0.00000,0.00000
24.469,0,24453.000,21787,192000,3999.104,120.0,8,7,2,0.00000,0.00000,0.00000,0.00000,0.00000
24.469,1,24453.000,21787,192000,3999.104,120.0,8,7,2,0.00000,0.00000,0.00000,0.00000,0.00000
24.469,2,23472.000,166660,192000,3999.917,120.0,8,6,2,0.00000,0.00000,0.00000,0.00000,0.00000
24.572,0,24556.000,26722,192000,3999.292,120.0,8,7,2,0.00000,0.00000,0.00000,0.00000,0.00000
24.572,1,24556.000,26722,192000,3999.292,120.0,8,7,2,0.00000,0.00000,0.00000,0.00000,0.00000
24.572,2,23574.000,171595,192000,3999.104,120.0,8,6,2,0.00000,0.00000,0.00000,0.00000,0.00000
24.674,0,24659.000,31632,192000,0.000,120.0,8,7,2,0.00000,0.00000,0.00000,0.00000,0.00000
24.674,1,24659.000,31632,192000,0.000,120.0,8,7,2,0.00000,0.00000,0.00000,0.00000,0.00000
24.674,2,23677.000,176505,192000,3999.812,120.0,8,6,2,0.00000,0.00000,0.00000,0.00000,0.00000
24.775,0,24759.000,36448,192000,3999.667,120.0,8,7,2,0.00000,0.00000,0.00000,0.00000,0.00000
24.775,1,24759.000,36448,192000,3999.667,120.0,8,7,2,0.00000,0.00000,0.00000,0.00000,0.00000
24.775,2,23777.000,181321,192000,3999.479,120.0,8,6,2,0.00000,0.00000,0.00000,0.00000,0.00000
24.876,0,24861.000,41332,192000,3999.917,120.0,8,7,2,0.00000,0.00000,0.00000,0.00000,0.00000
24.876,1,24861.000,41332,192000,3999.917,120.0,8,7,2,0.00000,0.00000,0.00000,0.00000,0.00000
24.876,2,23879.000,186205,192000,3999.729,120.0,8,6,2,0.00000,0.00000,0.00000,0.00000,0.00000
24.979,0,24963.000,46236,192000,3999.750,120.0,8,7,2,0.00000,0.00000,0.00000,0.00000,0.00000
24.979,1,24963.000,46236,192000,3999.750,120.0,8,7,2,0.00000,0.00000,0.00000,0.00000,0.00000
24.979,2,23981.000,191109,192000,3999.562,120.0,8,6,2,0.00000,0.00000,0.00000,0.00000,0.00000
25.082,0,25066.000,51198,192000,3999.375,120.0,8,7,2,0.00000,0.00000,0.00000,0.00000,0.00000
25.082,1,25066.000,51198,192000,3999.375,120.0,8,7,2,0.00000,0.00000,0.00000,0.00000,0.00000
25.082,2,24084.000,4071,192000,3999.188,120.0,8,7,2,0.00000,0.00000,0.00000,0.00000,0.00000
25.185,0,25169.000,56131,192000,3999.604,120.0,8,7,2,0.00000,0.00000,0.00000,0.00000,0.00000
25.185,1,25169.000,56131,192000,3999.604,120.0,8,7,2,0.00000,0.00000,0.00000,0.00000,0.00000
25.185,2,24187.000,9004,192000,3999.417,120.0,8,7,2,0.00000,0.00000,0.00000,0.00000,0.00000
25.287,0,25271.000,61032,192000,3999.500,120.0,8,7,2,0.00000,0.00000,0.00000,0.00000,0.00000
25.287,1,25271.000,61032,192000,3999.500,120.0,8,7,2,0.00000,0.00000,0.00000,0.00000,0.00000
25.287,2,24289.000,13905,192000,3999.312,120.0,8,7,2,0.00000,0.00000,0.00000,0.00000,0.00000
25.389,0,25373.000,65913,192000,3999.812,120.0,8,7,2,0.00000,0.00000,0.00000,0.00000,0.00000
25.389,1,25373.000,65913,192000,3999.812,120.0,8,7,2,0.00000,0.00000,0.00000,0.00000,0.00000
25.389,2,24391.000,18786,192000,3999.625,120.0,8,7,2,0.00000,0.00000,0.00000,0.00000,0.00000
25.491,0,25475.000,70832,192000,3999.333,120.0,8,7,2,0.00000,0.00000,0.00000,0.00000,0.00000
25.491,1,25475.000,70832,192000,3999.333,120.0,8,7,2,0.00000,0.00000,0.00000,0.00000,0.00000
25.491,2,24493.000,23705,192000,3999.146,120.0,8,7,2,0.00000,0.00000,0.00000,0.00000,0.00000
25.594,0,25578.000,75769,192000,3999.479,120.0,8,7,2,0.00000,0.00000,0.00000,0.00000,0.00000
25.594,1,25578.000,75769,192000,3999.479,120.0,8,7,2,0.00000,0.00000,0.00000,0.00000,0.00000
25.594,2,24596.000,28642,192000,3999.292,120.0,8,7,2,0.00000,0.00000,0.00000,0.00000,0.00000
25.695,0,25680.000,80640,192000,0.000,120.0,8,7,2,0.00000,0.00000,0.00000,0.00000,0.00000
25.695,1,25680.000,80640,192000,0.000,120.0,8,7,2,0.00000,0.00000,0.00000,0.00000,0.00000
25.695,2,24698.000,33513,192000,3999.812,120.0,8,7,2,0.00000,0.00000,0.00000,0.00000,0.00000
25.797,0,25781.000,85503,192000,3999.688,120.0,8,7,2,0.00000,0.00000,0.00000,0.00000,0.00000
25.797,1,25781.000,85503,192000,3999.688,120.0,8,7,2,0.00000,0.00000,0.00000,0.00000,0.00000
25.797,2,24799.000,38376,192000,3999.500,120.0,8,7,2,0.00000,0.00000,0.00000,0.00000,0.00000
25.897,0,25881.000,90323,192000,3999.271,120.0,8,7,2,0.00000,0.00000,0.00000,0.00000,0.00000
25.897,1,25881.000,90323,192000,3999.271,120.0,8,7,2,0.00000,0.00000,0.00000,0.00000,0.00000
25.897,2,24899.000,43196,192000,3999.083,120.0,8,7,2,0.00000,0.00000,0.00000,0.00000,0.00000
25.999,0,25983.000,95227,192000,3999.104,120.0,8,7,2,0.00000,0.00000,0.00000,0.00000,0.00000
25.999,1,25983.000,95227,192000,3999.104,120.0,8,7,2,0.00000,0.00000,0.00000,0.00000,0.00000
25.999,2,25002.000,48100,192000,3999.917,120.0,8,7,2,0.00000,0.00000,0.00000,0.00000,0.00000
26.100,0,26084.000,100049,192000,3999.646,120.0,8,7,2,0.00000,0.00000,0.00000,0.00000,0.00000
26.100,1,26084.000,100049,192000,3999.646,120.0,8,7,2,0.00000,0.00000,0.00000,0.00000,0.00000
26.100,2,25102.000,52922,192000,3999.458,120.0,8,7,2,0.00000,0.00000,0.00000,0.00000,0.00000
26.202,0,26186.000,104937,192000,3999.812,120.0,8,7,2,0.00000,0.00000,0.00000,0.00000,0.00000
26.202,1,26186.000,104937,192000,3999.812,120.0,8,7,2,0.00000,0.00000,0.00000,0.00000,0.00000
26.202,2,25204.000,57810,192000,3999.625,120.0,8,7,2,0.00000,0.00000,0.00000,0.00000,0.00000
26.303,0,26287.000,109806,192000,3999.375,120.0,8,7,2,0.00000,0.00000,0.00000,0.00000,0.00000
26.303,1,26287.000,109806,192000,3999.375,120.0,8,7,2,0.00000,0.00000,0.00000,0.00000,0.00000
26.303,2,25305.000,62679,192000,3999.188,120.0,8,7,2,0.00000,0.00000,0.00000,0.00000,0.00000
26.406,0,26390.000,114751,192000,3999.354,120.0,8,7,2,0.00000,0.00000,0.00000,0.00000,0.00000
26.406,1,26390.000,114751,192000,3999.354,120.0,8,7,2,0.00000,0.00000,0.00000,0.00000,0.00000
26.406,2,25408.000,67624,192000,3999.167,120.0,8,7,2,0.00000,0.00000,0.00000,0.00000,0.00000
26.508,0,26492.000,119630,192000,3999.708,120.0,8,7,2,0.00000,0.00000,0.00000,0.00000,0.00000
26.508,1,26492.000,119630,192000,3999.708,120.0,8,7,2,0.00000,0.00000,0.00000,0.00000,0.00000
26.508,2,25510.000,72503,192000,3999.521,120.0,8,7,2,0.00000,0.00000,0.00000,0.00000,0.00000
26.610,0,26594.000,124528,192000,3999.667,120.0,8,7,2,0.00000,0.00000,0.00000,0.00000,0.00000
26.610,1,26594.000,124528,192000,3999.667,120.0,8,7,2,0.00000,0.00000,0.00000,0.00000,0.00000
26.610,2,25612.000,77401,192000,3999.479,120.0,8,7,2,0.00000,0.00000,0.00000,0.00000,0.00000
26.712,0,26696.000,129440,192000,3999.333,120.0,8,7,2,0.00000,0.00000,0.00000,0.00000,0.00000
26.712,1,26696.000,129440,192000,3999.333,120.0,8,7,2,0.00000,0.00000,0.00000,0.00000,0.00000
26.712,2,25714.000,82313,192000,3999.146,120.0,8,7,2,0.00000,0.00000,0.00000,0.00000,0.00000
26.813,0,26797.000,134277,192000,3999.562,120.0,8,7,2,0.00000,0.00000,0.00000,0.00000,0.00000
26.813,1,26797.000,134277,192000,3999.562,120.0,8,7,2,0.00000,0.00000,0.00000,0.00000,0.00000
26.813,2,25815.000,87150,192000,3999.375,120.0,8,7,2,0.00000,0.00000,0.00000,0.00000,0.00000
26.913,0,26897.000,139077,192000,3999.562,120.0,8,7,2,0.00000,0.00000,0.00000,0.00000,0.00000
26.913,1,26897.000,139077,192000,3999.562,120.0,8,7,2,0.00000,0.00000,0.00000,0.00000,0.00000
26.913,2,25915.000,91950,192000,3999.375,120.0,8,7,2,0.00000,0.00000,0.00000,0.00000,0.00000
27.015,0,26999.000,143994,192000,3999.125,120.0,8,7,2,0.00000,0.00000,0.00000,0.00000,0.00000
27.015,1,26999.000,143994,192000,3999.125,120.0,8,7,2,0.00000,0.00000,0.00000,0.00000,0.00000
27.015,2,26018.000,96867,192000,3999.938,120.0,8,7,2,0.00000,0.00000,0.00000,0.00000,0.00000
27.116,0,27100.000,148845,192000,3999.062,120.0,8,7,2,0.00000,0.00000,0.00000,0.00000,0.00000
27.116,1,27100.000,148845,192000,3999.062,120.0,8,7,2,0.00000,0.00000,0.00000,0.00000,0.00000
27.116,2,26119.000,101718,192000,3999.875,120.0,8,7,2,0.00000,0.00000,0.00000,0.00000,0.00000
27.218,0,27202.000,153726,192000,3999.375,120.0,8,7,2,0.00000,0.00000,0.00000,0.00000,0.00000
27.218,1,27202.000,153726,192000,3999.375,120.0,8,7,2,0.00000,0.00000,0.00000,0.00000,0.00000
27.218,2,26220.000,106599,192000,3999.188,120.0,8,7,2,0.00000,0.00000,0.00000,0.00000,0.00000
27.319,0,27303.000,158555,192000,3999.771,120.0,8,7,2,0.00000,0.00000,0.00000,0.00000,0.00000
27.319,1,27303.000,158555,192000,3999.771,120.0,8,7,2,0.00000,0.00000,0.00000,0.00000,0.00000
27.319,2,26321.000,111428,192000,3999.583,120.0,8,7,2,0.00000,0.00000,0.00000,0.00000,0.00000
27.421,0,27405.000,163460,192000,3999.583,120.0,8,7,2,0.00000,0.00000,0.00000,0.00000,0.00000
27.421,1,27405.000,163460,192000,3999.583,120.0,8,7,2,0.00000,0.00000,0.00000,0.00000,0.00000
27.421,2,26423.000,116333,192000,3999.396,120.0,8,7,2,0.00000,0.00000,0.00000,0.00000,0.00000
27.521,0,27505.000,168271,192000,3999.354,120.0,8,7,2,0.00000,0.00000,0.00000,0.00000,0.00000
27.521,1,27505.000,168271,192000,3999.354,120.0,8,7,2,0.00000,0.00000,0.00000,0.00000,0.00000
27.521,2,26523.000,121144,192000,3999.167,120.0,8,7,2,0.00000,0.00000,0.00000,0.00000,0.00000
27.631,0,27615.000,173564,192000,3999.083,120.0,8,7,2,0.00000,0.00000,0.00000,0.00000,0.00000
27.631,1,27615.000,173564,192000,3999.083,120.0,8,7,2,0.00000,0.00000,0.00000,0.00000,0.00000
27.631,2,26634.000,126437,192000,3999.896,120.0,8,7,2,0.00000,0.00000,0.00000,0.00000,0.00000
27.732,0,27716.000,178408,192000,3999.167,120.0,8,7,2,0.00000,0.00000,0.00000,0.00000,0.00000
27.732,1,27716.000,178408,192000,3999.167,120.0,8,7,2,0.00000,0.00000,0.00000,0.00000,0.00000
27.732,2,26735.000,131281,192000,3999.979,120.0,8,7,2,0.00000,0.00000,0.00000,0.00000,0.00000
27.835,0,27819.000,183341,192000,3999.396,120.0,8,7,2,0.00000,0.00000,0.00000,0.00000,0.00000
27.835,1,27819.000,183341,192000,3999.396,120.0,8,7,2,0.00000,0.00000,0.00000,0.00000,0.00000
27.835,2,26837.000,136214,192000,3999.208,120.0,8,7,2,0.00000,0.00000,0.00000,0.00000,0.00000
27.938,0,27922.000,188268,192000,3999.750,120.0,8,7,2,0.00000,0.00000,0.00000,0.00000,0.00000
27.938,1,27922.000,188268,192000,3999.750,120.0,8,7,2,0.00000,0.00000,0.00000,0.00000,0.00000
27.938,2,26940.000,141141,192000,3999.562,120.0,8,7,2,0.00000,0.00000,0.00000,0.00000,0.00000
28.039,0,28023.000,1125,192000,3999.562,120.0,8,8,2,0.00000,0.00000,0.00000,0.00000,0.00000
28.039,1,28023.000,1125,192000,3999.562,120.0,8,8,2,0.00000,0.00000,0.00000,0.00000,0.00000
28.039,2,27041.000,145998,192000,3999.375,120.0,8,7,2,0.00000,0.00000,0.00000,0.00000,0.00000
28.141,0,28125.000,6008,192000,3999.833,120.0,8,8,2,0.00000,0.00000,0.00000,0.00000,0.00000
28.141,1,28125.000,6008,192000,3999.833,120.0,8,8,2,0.00000,0.00000,0.00000,0.00000,0.00000
28.141,2,27143.000,150881,192000,3999.646,120.0,8,7,2,0.00000,0.00000,0.00000,0.00000,0.00000
28.241,0,28225.000,10831,192000,3999.354,120.0,8,8,2,0.00000,0.00000,0.00000,0.00000,0.00000
28.241,1,28225.000,10831,192000,3999.354,120.0,8,8,2,0.00000,0.00000,0.00000,0.00000,0.00000
28.241,2,27243.000,155704,192000,3999.167,120.0,8,7,2,0.00000,0.00000,0.00000,0.00000,0.00000
28.343,0,28327.000,15725,192000,3999.396,120.0,8,8,2,0.00000,0.00000,0.00000,0.00000,0.00000
28.343,1,28327.000,15725,192000,3999.396,120.0,8,8,2,0.00000,0.00000,0.00000,0.00000,0.00000
28.343,2,27345.000,160598,192000,3999.208,120.0,8,7,2,0.00000,0.00000,0.00000,0.00000,0.00000
28.443,0,28427.000,20536,192000,3999.167,120.0,8,8,2,0.00000,0.00000,0.00000,0.00000,0.00000
28.443,1,28427.000,20536,192000,3999.167,120.0,8,8,2,0.00000,0.00000,0.00000,0.00000,0.00000
28.443,2,27446.000,165409,192000,3999.979,120.0,8,7,2,0.00000,0.00000,0.00000,0.00000,0.00000
28.544,0,28529.000,25392,192000,0.000,120.0,8,8,2,0.00000,0.00000,0.00000,0.00000,0.00000
28.544,1,28529.000,25392,192000,0.000,120.0,8,8,2,0.00000,0.00000,0.00000,0.00000,0.00000
28.544,2,27547.000,170265,192000,3999.812,120.0,8,7,2,0.00000,0.00000,0.00000,0.00000,0.00000
28.646,0,28630.000,30258,192000,3999.625,120.0,8,8,2,0.00000,0.00000,0.00000,0.00000,0.00000
28.646,1,28630.000,30258,192000,3999.625,120.0,8,8,2,0.00000,0.00000,0.00000,0.00000,0.00000
28.646,2,27648.000,175131,192000,3999.438,120.0,8,7,2,0.00000,0.00000,0.00000,0.00000,0.00000
28.747,0,28731.000,35122,192000,3999.292,120.0,8,8,2,0.00000,0.00000,0.00000,0.00000,0.00000
28.747,1,28731.000,35122,192000,3999.292,120.0,8,8,2,0.00000,0.00000,0.00000,0.00000,0.00000
28.747,2,27749.000,179995,192000,3999.104,120.0,8,7,2,0.00000,0.00000,0.00000,0.00000,0.00000
28.849,0,28833.000,39993,192000,3999.812,120.0,8,8,2,0.00000,0.00000,0.00000,0.00000,0.00000
28.849,1,28833.000,39993,192000,3999.812,120.0,8,8,2,0.00000,0.00000,0.00000,0.00000,0.00000
28.849,2,27851.000,184866,192000,3999.625,120.0,8,7,2,0.00000,0.00000,0.00000,0.00000,0.00000
28.949,0,28933.000,44816,192000,3999.333,120.0,8,8,2,0.00000,0.00000,0.00000,0.00000,0.00000
28.949,1,28933.000,44816,192000,3999.333,120.0,8,8,2,0.00000,0.00000,0.00000,0.00000,0.00000
28.949,2,27951.000,189689,192000,3999.146,120.0,8,7,2,0.00000,0.00000,0.00000,0.00000,0.00000
29.052,0,29036.000,49744,192000,3999.667,120.0,8,8,2,0.00000,0.00000,0.00000,0.00000,0.00000
29.052,1,29036.000,49744,192000,3999.667,120.0,8,8,2,0.00000,0.00000,0.00000,0.00000,0.00000
29.052,2,28054.000,2617,192000,3999.479,120.0,8,8,2,0.11009,0.10967,0.11009,0.00000,0.00000
29.152,0,29136.000,54556,192000,3999.417,120.0,8,8,2,0.00000,0.00000,0.00000,0.00000,0.00000
29.152,1,29136.000,54556,192000,3999.417,120.0,8,8,2,0.00000,0.00000,0.00000,0.00000,0.00000
29.152,2,28154.000,7429,192000,3999.229,120.0,8,8,2,0.07256,0.07228,0.07256,0.00000,0.00000
29.253,0,29237.000,59421,192000,3999.062,120.0,8,8,2,0.00000,0.00000,0.00000,0.00000,0.00000
29.253,1,29237.000,59421,192000,3999.062,120.0,8,8,2,0.00000,0.00000,0.00000,0.00000,0.00000
29.253,2,28256.000,12294,192000,3999.875,120.0,8,8,2,0.04760,0.04742,0.04760,0.00000,0.00000
29.354,0,29338.000,64243,192000,3999.604,120.0,8,8,2,0.00000,0.00000,0.00000,0.00000,0.00000
29.354,1,29338.000,64243,192000,3999.604,120.0,8,8,2,0.00000,0.00000,0.00000,0.00000,0.00000
29.354,2,28356.000,17116,192000,3999.417,120.0,8,8,2,0.03135,0.03123,0.03135,0.00000,0.00000
29.455,0,29439.000,69089,192000,3999.646,120.0,8,8,2,0.00000,0.00000,0.00000,0.00000,0.00000
29.455,1,29439.000,69089,192000,3999.646,120.0,8,8,2,0.00000,0.00000,0.00000,0.00000,0.00000
29.455,2,28457.000,21962,192000,3999.458,120.0,8,8,2,0.02060,0.02052,0.02060,0.00000,0.00000
29.557,0,29542.000,74019,192000,3999.938,120.0,8,8,2,0.00000,0.00000,0.00000,0.00000,0.00000
29.557,1,29542.000,74019,192000,3999.938,120.0,8,8,2,0.00000,0.00000,0.00000,0.00000,0.00000
29.557,2,28560.000,26892,192000,3999.750,120.0,8,8,2,0.01344,0.01339,0.01344,0.00000,0.00000
29.658,0,29642.000,78862,192000,3999.042,120.0,8,8,2,0.00000,0.00000,0.00000,0.00000,0.00000
29.658,1,29642.000,78862,192000,3999.042,120.0,8,8,2,0.00000,0.00000,0.00000,0.00000,0.00000
29.658,2,28661.000,31735,192000,3999.854,120.0,8,8,2,0.00883,0.00880,0.00883,0.00000,0.00000
29.759,0,29743.000,83705,192000,3999.146,120.0,8,8,2,0.00000,0.00000,0.00000,0.00000,0.00000
29.759,1,29743.000,83705,192000,3999.146,120.0,8,8,2,0.00000,0.00000,0.00000,0.00000,0.00000
29.759,2,28762.000,36578,192000,3999.958,120.0,8,8,2,0.00581,0.00578,0.00581,0.00000,0.00000
29.862,0,29846.000,88630,192000,3999.542,120.0,8,8,2,0.00000,0.00000,0.00000,0.00000,0.00000
29.862,1,29846.000,88630,192000,3999.542,120.0,8,8,2,0.00000,0.00000,0.00000,0.00000,0.00000
29.862,2,28864.000,41503,192000,3999.354,120.0,8,8,2,0.00379,0.00377,0.00379,0.00000,0.00000
29.963,0,29947.000,93497,192000,3999.146,120.0,8,8,2,0.00000,0.00000,0.00000,0.00000,0.00000
29.963,1,29947.000,93497,192000,3999.146,120.0,8,8,2,0.00000,0.00000,0.00000,0.00000,0.00000
29.963,2,28966.000,46370,192000,3999.958,120.0,8,8,2,0.00249,0.00248,0.00249,0.00000,0.00000
30.066,0,30050.000,98418,192000,3999.625,120.0,8,8,2,0.00000,0.00000,0.00000,0.00000,0.00000
30.066,1,30050.000,98418,192000,3999.625,120.0,8,8,2,0.00000,0.00000,0.00000,0.00000,0.00000
30.066,2,29068.000,51291,192000,3999.438,120.0,8,8,2,0.00162,0.00162,0.00162,0.00000,0.00000
30.168,0,30152.000,103333,192000,3999.229,120.0,8,8,2,0.00000,0.00000,0.00000,0.00000,0.00000
30.168,1,30152.000,103333,192000,3999.229,120.0,8,8,2,0.00000,0.00000,0.00000,0.00000,0.00000
30.168,2,29170.000,56206,192000,3999.042,120.0,8,8,2,0.00106,0.00106,0.00106,0.00000,0.00000
30.269,0,30253.000,108173,192000,3999.396,120.0,8,8,2,0.00000,0.00000,0.00000,0.00000,0.00000
30.269,1,30253.000,108173,192000,3999.396,120.0,8,8,2,0.00000,0.00000,0.00000,0.00000,0.00000
30.269,2,29271.000,61046,192000,3999.208,120.0,8,8,2,0.00070,0.00069,0.00070,0.00000,0.00000
30.371,0,30355.000,113057,192000,3999.646,120.0,8,8,2,0.00000,0.00000,0.00000,0.00000,0.00000
30.371,1,30355.000,113057,192000,3999.646,120.0,8,8,2,0.00000,0.00000,0.00000,0.00000,0.00000
30.371,2,29373.000,65930,192000,3999.458,120.0,8,8,2,0.00046,0.00045,0.00046,0.00000,0.00000
30.471,0,30455.000,117885,192000,3999.062,120.0,8,8,2,0.00000,0.00000,0.00000,0.00000,0.00000
30.471,1,30455.000,117885,192000,3999.062,120.0,8,8,2,0.00000,0.00000,0.00000,0.00000,0.00000
30.471,2,29474.000,70758,192000,3999.875,120.0,8,8,2,0.00030,0.00030,0.00030,0.00000,0.00000
30.573,0,30557.000,122767,192000,3999.354,120.0,8,8,2,0.00000,0.00000,0.00000,0.00000,0.00000
30.573,1,30557.000,122767,192000,3999.354,120.0,8,8,2,0.00000,0.00000,0.00000,0.00000,0.00000
30.573,2,29575.000,75640,192000,3999.167,120.0,8,8,2,0.00020,0.00020,0.00020,0.00000,0.00000
30.674,0,30658.000,127621,192000,3999.229,120.0,8,8,2,0.00000,0.00000,0.00000,0.00000,0.00000
30.674,1,30658.000,127621,192000,3999.229,120.0,8,8,2,0.00000,0.00000,0.00000,0.00000,0.00000
30.674,2,29676.000,80494,192000,3999.042,120.0,8,8,2,0.00013,0.00013,0.00013,0.00000,0.00000
30.775,0,30759.000,132454,192000,3999.542,120.0,8,8,2,0.00000,0.00000,0.00000,0.00000,0.00000
30.775,1,30759.000,132454,192000,3999.542,120.0,8,8,2,0.00000,0.00000,0.00000,0.00000,0.00000
30.775,2,29777.000,85327,192000,3999.354,120.0,8,8,2,0.00009,0.00008,0.00009,0.00000,0.00000
30.876,0,30861.000,137332,192000,3999.917,120.0,8,8,2,0.00000,0.00000,0.00000,0.00000,0.00000
30.876,1,30861.000,137332,192000,3999.917,120.0,8,8,2,0.00000,0.00000,0.00000,0.00000,0.00000
30.876,2,29879.000,90205,192000,3999.729,120.0,8,8,2,0.00006,0.00006,0.00006,0.00000,0.00000
30.976,0,30961.000,142133,192000,3999.896,120.0,8,8,2,0.00000,0.00000,0.00000,0.00000,0.00000
30.976,1,30961.000,142133,192000,3999.896,120.0,8,8,2,0.00000,0.00000,0.00000,0.00000,0.00000
30.976,2,29979.000,95006,192000,3999.708,120.0,8,8,2,0.00004,0.00004,0.00004,0.00000,0.00000
31.077,0,31061.000,146935,192000,3999.854,120.0,8,8,2,0.00000,0.00000,0.00000,0.00000,0.00000
31.077,1,31061.000,146935,192000,3999.854,120.0,8,8,2,0.00000,0.00000,0.00000,0.00000,0.00000
31.077,2,30079.000,99808,192000,3999.667,120.0,8,8,2,0.00002,0.00002,0.00002,0.00000,0.00000
31.179,0,31163.000,151835,192000,3999.771,120.0,8,8,2,0.00000,0.00000,0.00000,0.00000,0.00000
31.179,1,31163.000,151835,192000,3999.771,120.0,8,8,2,0.00000,0.00000,0.00000,0.00000,0.00000
31.179,2,30181.000,104708,192000,3999.583,120.0,8,8,2,0.00002,0.00002,0.00002,0.00000,0.00000
31.281,0,31265.000,156762,192000,3999.125,120.0,8,8,2,0.00000,0.00000,0.00000,0.00000,0.00000
31.281,1,31265.000,156762,192000,3999.125,120.0,8,8,2,0.00000,0.00000,0.00000,0.00000,0.00000
31.281,2,30284.000,109635,192000,3999.938,120.0,8,8,2,0.00001,0.00001,0.00001,0.00000,0.00000
31.382,0,31366.000,161582,192000,3999.708,120.0,8,8,2,0.00000,0.00000,0.00000,0.00000,0.00000
31.382,1,31366.000,161582,192000,3999.708,120.0,8,8,2,0.00000,0.00000,0.00000,0.00000,0.00000
31.382,2,30384.000,114455,192000,3999.521,120.0,8,8,2,0.00001,0.00001,0.00001,0.00000,0.00000
31.484,0,31468.000,166479,192000,3999.688,120.0,8,8,2,0.00000,0.00000,0.00000,0.00000,0.00000
31.484,1,31468.000,166479,192000,3999.688,120.0,8,8,2,0.00000,0.00000,0.00000,0.00000,0.00000
31.484,2,30486.000,119352,192000,3999.500,120.0,8,8,2,0.00000,0.00000,0.00000,0.00000,0.00000
31.586,0,31570.000,171367,192000,3999.854,120.0,8,8,2,0.00000,0.00000,0.00000,0.00000,0.00000
31.586,1,31570.000,171367,192000,3999.854,120.0,8,8,2,0.00000,0.00000,0.00000,0.00000,0.00000
31.586,2,30588.000,124240,192000,3999.667,120.0,8,8,2,0.00000,0.00000,0.00000,0.00000,0.00000
31.687,0,31672.000,176256,192000,0.000,120.0,8,8,2,0.00000,0.00000,0.00000,0.00000,0.00000
31.687,1,31672.000,176256,192000,0.000,120.0,8,8,2,0.00000,0.00000,0.00000,0.00000,0.00000
31.687,2,30690.000,129129,192000,3999.812,120.0,8,8,2,0.00000,0.00000,0.00000,0.00000,0.00000
31.790,0,31774.000,181180,192000,3999.417,120.0,8,8,2,0.00000,0.00000,0.00000,0.00000,0.00000
31.790,1,31774.000,181180,192000,3999.417,120.0,8,8,2,0.00000,0.00000,0.00000,0.00000,0.00000
31.790,2,30792.000,134053,192000,3999.229,120.0,8,8,2,0.00000,0.00000,0.00000,0.00000,0.00000
31.893,0,31877.000,186103,192000,3999.854,120.0,8,8,2,0.00000,0.00000,0.00000,0.00000,0.00000
31.893,1,31877.000,186103,192000,3999.854,120.0,8,8,2,0.00000,0.00000,0.00000,0.00000,0.00000
31.893,2,30895.000,138976,192000,3999.667,120.0,8,8,2,0.00000,0.00000,0.00000,0.00000,0.00000
31.994,0,31978.000,190953,192000,3999.812,120.0,8,8,2,0.00000,0.00000,0.00000,0.00000,0.00000
31.994,1,31978.000,190953,192000,3999.812,120.0,8,8,2,0.00000,0.00000,0.00000,0.00000,0.00000
31.994,2,30996.000,143826,192000,3999.625,120.0,8,8,2,0.00000,0.00000,0.00000,0.00000,0.00000
32.094,0,32078.000,3783,192000,3999.188,120.0,8,9,2,0.09972,0.09972,0.09944,0.00000,0.00000
32.094,1,32078.000,3783,192000,3999.188,120.0,8,9,2,0.09972,0.09972,0.09875,0.00000,0.00000
32.094,2,31097.000,148656,192000,0.000,120.0,8,8,2,0.00000,0.00000,0.00000,0.00000,0.00000
32.197,0,32181.000,8708,192000,3999.583,120.0,8,9,2,0.06508,0.06508,0.06490,0.00000,0.00000
32.197,1,32181.000,8708,192000,3999.583,120.0,8,9,2,0.06508,0.06508,0.06445,0.00000,0.00000
32.197,2,31199.000,153581,192000,3999.396,120.0,8,8,2,0.00000,0.00000,0.00000,0.00000,0.00000
32.299,0,32283.000,13608,192000,3999.500,120.0,8,9,2,0.04257,0.04257,0.04245,0.00000,0.00000
32.299,1,32283.000,13608,192000,3999.500,120.0,8,9,2,0.04257,0.04257,0.04215,0.00000,0.00000
32.299,2,31301.000,158481,192000,3999.312,120.0,8,8,2,0.00000,0.00000,0.00000,0.00000,0.00000
32.401,0,32385.000,18527,192000,3999.021,120.0,8,9,2,0.02780,0.02780,0.02772,0.00000,0.00000
32.401,1,32385.000,18527,192000,3999.021,120.0,8,9,2,0.02780,0.02780,0.02753,0.00000,0.00000
32.401,2,31404.000,163400,192000,3999.833,120.0,8,8,2,0.00000,0.00000,0.00000,0.00000,0.00000
32.504,0,32489.000,23475,192000,3999.938,120.0,8,9,2,0.01811,0.01811,0.01805,0.00000,0.00000
32.504,1,32489.000,23475,192000,3999.938,120.0,8,9,2,0.01811,0.01811,0.01793,0.00000,0.00000
32.504,2,31507.000,168348,192000,3999.750,120.0,8,8,2,0.00000,0.00000,0.00000,0.00000,0.00000
32.607,0,32591.000,28393,192000,3999.479,120.0,8,9,2,0.01182,0.01182,0.01179,0.00000,0.00000
32.607,1,32591.000,28393,192000,3999.479,120.0,8,9,2,0.01182,0.01182,0.01171,0.00000,0.00000
32.607,2,31609.000,173266,192000,3999.292,120.0,8,8,2,0.00000,0.00000,0.00000,0.00000,0.00000
32.707,0,32691.000,33198,192000,3999.375,120.0,8,9,2,0.00780,0.00780,0.00778,0.00000,0.00000
32.707,1,32691.000,33198,192000,3999.375,120.0,8,9,2,0.00780,0.00780,0.00772,0.00000,0.00000
32.707,2,31709.000,178071,192000,3999.188,120.0,8,8,2,0.00000,0.00000,0.00000,0.00000,0.00000
32.808,0,32792.000,38040,192000,3999.500,120.0,8,9,2,0.00513,0.00513,0.00511,0.00000,0.00000
32.808,1,32792.000,38040,192000,3999.500,120.0,8,9,2,0.00513,0.00513,0.00508,0.00000,0.00000
32.808,2,31810.000,182913,192000,3999.312,120.0,8,8,2,0.00000,0.00000,0.00000,0.00000,0.00000
32.910,0,32894.000,42947,192000,3999.271,120.0,8,9,2,0.00335,0.00335,0.00334,0.00000,0.00000
32.910,1,32894.000,42947,192000,3999.271,120.0,8,9,2,0.00335,0.00335,0.00332,0.00000,0.00000
32.910,2,31912.000,187820,192000,3999.083,120.0,8,8,2,0.00000,0.00000,0.00000,0.00000,0.00000
33.013,0,32997.000,47886,192000,3999.375,120.0,8,9,2,0.00218,0.00218,0.00218,0.00000,0.00000
33.013,1,32997.000,47886,192000,3999.375,120.0,8,9,2,0.00218,0.00218,0.00216,0.00000,0.00000
33.013,2,32015.000,759,192000,3999.188,120.0,8,9,2,0.00000,0.00000,0.00000,0.00000,0.00000
33.114,0,33098.000,52721,192000,3999.646,120.0,8,9,2,0.00144,0.00144,0.00143,0.00000,0.00000
33.114,1,33098.000,52721,192000,3999.646,120.0,8,9,2,0.00144,0.00144,0.00142,0.00000,0.00000
33.114,2,32116.000,5594,192000,3999.458,120.0,8,9,2,0.00000,0.00000,0.00000,0.00000,0.00000
33.215,0,33200.000,57604,192000,3999.917,120.0,8,9,2,0.00094,0.00094,0.00094,0.00000,0.00000
33.215,1,33200.000,57604,192000,3999.917,120.0,8,9,2,0.00094,0.00094,0.00093,0.00000,0.00000
33.215,2,32218.000,10477,192000,3999.729,120.0,8,9,2,0.00000,0.00000,0.00000,0.00000,0.00000
33.318,0,33303.000,62544,192000,0.000,120.0,8,9,2,0.00061,0.00061,0.00061,0.00000,0.00000
33.318,1,33303.000,62544,192000,0.000,120.0,8,9,2,0.00061,0.00061,0.00061,0.00000,0.00000
33.318,2,32321.000,15417,192000,3999.812,120.0,8,9,2,0.00000,0.00000,0.00000,0.00000,0.00000
33.419,0,33403.000,67361,192000,3999.646,120.0,8,9,2,0.00040,0.00040,0.00040,0.00000,0.00000
33.419,1,33403.000,67361,192000,3999.646,120.0,8,9,2,0.00040,0.00040,0.00040,0.00000,0.00000
33.419,2,32421.000,20234,192000,3999.458,120.0,8,9,2,0.00000,0.00000,0.00000,0.00000,0.00000
33.520,0,33504.000,72204,192000,3999.750,120.0,8,9,2,0.00027,0.00027,0.00026,0.00000,0.00000
33.520,1,33504.000,72204,192000,3999.750,120.0,8,9,2,0.00027,0.00027,0.00026,0.00000,0.00000
33.520,2,32522.000,25077,192000,3999.562,120.0,8,9,2,0.00000,0.00000,0.00000,0.00000,0.00000
33.620,0,33604.000,77008,192000,3999.667,120.0,8,9,2,0.00018,0.00018,0.00017,0.00000,0.00000
33.620,1,33604.000,77008,192000,3999.667,120.0,8,9,2,0.00018,0.00018,0.00017,0.00000,0.00000
33.620,2,32622.000,29881,192000,3999.479,120.0,8,9,2,0.00000,0.00000,0.00000,0.00000,0.00000
33.721,0,33705.000,81854,192000,3999.708,120.0,8,9,2,0.00012,0.00012,0.00011,0.00000,0.00000
33.721,1,33705.000,81854,192000,3999.708,120.0,8,9,2,0.00012,0.00012,0.00011,0.00000,0.00000
33.721,2,32723.000,34727,192000,3999.521,120.0,8,9,2,0.00000,0.00000,0.00000,0.00000,0.00000
33.823,0,33807.000,86776,192000,3999.167,120.0,8,9,2,0.00008,0.00008,0.00007,0.00000,0.00000
33.823,1,33807.000,86776,192000,3999.167,120.0,8,9,2,0.00008,0.00008,0.00007,0.00000,0.00000
33.823,2,32826.000,39649,192000,3999.979,120.0,8,9,2,0.00000,0.00000,0.00000,0.00000,0.00000
33.925,0,33909.000,91677,192000,3999.062,120.0,8,9,2,0.00005,0.00005,0.00005,0.00000,0.00000
33.925,1,33909.000,91677,192000,3999.062,120.0,8,9,2,0.00005,0.00005,0.00005,0.00000,0.00000
33.925,2,32928.000,44550,192000,3999.875,120.0,8,9,2,0.00000,0.00000,0.00000,0.00000,0.00000
34.028,0,34012.000,96597,192000,3999.562,120.0,8,9,2,0.00003,0.00003,0.00003,0.00000,0.00000
34.028,1,34012.000,96597,192000,3999.562,120.0,8,9,2,0.00003,0.00003,0.00003,0.00000,0.00000
34.028,2,33030.000,49470,192000,3999.375,120.0,8,9,2,0.00000,0.00000,0.00000,0.00000,0.00000
34.130,0,34114.000,101508,192000,3999.250,120.0,8,9,2,0.00002,0.00002,0.00002,0.00000,0.00000
34.130,1,34114.000,101508,192000,3999.250,120.0,8,9,2,0.00002,0.00002,0.00002,0.00000,0.00000
34.130,2,33132.000,54381,192000,3999.062,120.0,8,9,2,0.00000,0.00000,0.00000,0.00000,0.00000
34.233,0,34217.000,106436,192000,3999.583,120.0,8,9,2,0.00001,0.00001,0.00001,0.00000,0.00000
34.233,1,34217.000,106436,192000,3999.583,120.0,8,9,2,0.00001,0.00001,0.00001,0.00000,0.00000
34.233,2,33235.000,59309,192000,3999.396,120.0,8,9,2,0.00000,0.00000,0.00000,0.00000,0.00000
34.333,0,34317.000,111243,192000,3999.438,120.0,8,9,2,0.00001,0.00001,0.00001,0.00000,0.00000
34.333,1,34317.000,111243,192000,3999.438,120.0,8,9,2,0.00001,0.00001,0.00001,0.00000,0.00000
34.333,2,33335.000,64116,192000,3999.250,120.0,8,9,2,0.00000,0.00000,0.00000,0.00000,0.00000
34.435,0,34420.000,116161,192000,3999.979,120.0,8,9,2,0.00001,0.00001,0.00001,0.00000,0.00000
34.435,1,34420.000,116161,192000,3999.979,120.0,8,9,2,0.00001,0.00001,0.00001,0.00000,0.00000
34.435,2,33438.000,69034,192000,3999.792,120.0,8,9,2,0.00000,0.00000,0.00000,0.00000,0.00000
34.537,0,34522.000,121056,192000,0.000,120.0,8,9,2,0.00000,0.00000,0.00000,0.00000,0.00000
34.537,1,34522.000,121056,192000,0.000,120.0,8,9,2,0.00000,0.00000,0.00000,0.00000,0.00000
34.537,2,33540.000,73929,192000,3999.812,120.0,8,9,2,0.00000,0.00000,0.00000,0.00000,0.00000
34.638,0,34622.000,125894,192000,3999.208,120.0,8,9,2,0.00000,0.00000,0.00000,0.00000,0.00000
34.638,1,34622.000,125894,192000,3999.208,120.0,8,9,2,0.00000,0.00000,0.00000,0.00000,0.00000
34.638,2,33640.000,78767,192000,3999.021,120.0,8,9,2,0.00000,0.00000,0.00000,0.00000,0.00000
34.739,0,34723.000,130744,192000,3999.167,120.0,8,9,2,0.00000,0.00000,0.00000,0.00000,0.00000
34.739,1,34723.000,130744,192000,3999.167,120.0,8,9,2,0.00000,0.00000,0.00000,0.00000,0.00000
34.739,2,33742.000,83617,192000,3999.979,120.0,8,9,2,0.00000,0.00000,0.00000,0.00000,0.00000
34.840,0,34824.000,135568,192000,3999.667,120.0,8,9,2,0.00000,0.00000,0.00000,0.00000,0.00000
34.840,1,34824.000,135568,192000,3999.667,120.0,8,9,2,0.00000,0.00000,0.00000,0.00000,0.00000
34.840,2,33842.000,88441,192000,3999.479,120.0,8,9,2,0.00000,0.00000,0.00000,0.00000,0.00000
34.940,0,34925.000,140401,192000,3999.979,120.0,8,9,2,0.00000,0.00000,0.00000,0.00000,0.00000
34.940,1,34925.000,140401,192000,3999.979,120.0,8,9,2,0.00000,0.00000,0.00000,0.00000,0.00000
34.940,2,33943.000,93274,192000,3999.792,120.0,8,9,2,0.00000,0.00000,0.00000,0.00000,0.00000
35.042,0,35027.000,145300,192000,3999.917,120.0,8,9,2,0.00000,0.00000,0.00000,0.00000,0.00000
35.042,1,35027.000,145300,192000,3999.917,120.0,8,9,2,0.00000,0.00000,0.00000,0.00000,0.00000
35.042,2,34045.000,98173,192000,3999.729,120.0,8,9,2,0.00000,0.00000,0.00000,0.00000,0.00000
35.144,0,35128.000,150166,192000,3999.542,120.0,8,9,2,0.00000,0.00000,0.00000,0.00000,0.00000
35.144,1,35128.000,150166,192000,3999.542,120.0,8,9,2,0.00000,0.00000,0.00000,0.00000,0.00000
35.144,2,34146.000,103039,192000,3999.354,120.0,8,9,2,0.00000,0.00000,0.00000,0.00000,0.00000
35.246,0,35230.000,155084,192000,3999.083,120.0,8,9,2,0.00000,0.00000,0.00000,0.00000,0.00000
35.246,1,35230.000,155084,192000,3999.083,120.0,8,9,2,0.00000,0.00000,0.00000,0.00000,0.00000
35.246,2,34249.000,107957,192000,3999.896,120.0,8,9,2,0.00000,0.00000,0.00000,0.00000,0.00000
35.349,0,35333.000,160003,192000,3999.604,120.0,8,9,2,0.00000,0.00000,0.00000,0.00000,0.00000
35.349,1,35333.000,160003,192000,3999.604,120.0,8,9,2,0.00000,0.00000,0.00000,0.00000,0.00000
35.349,2,34351.000,112876,192000,3999.417,120.0,8,9,2,0.00000,0.00000,0.00000,0.00000,0.00000
35.450,0,35434.000,164869,192000,3999.229,120.0,8,9,2,0.00000,0.00000,0.00000,0.00000,0.00000
35.450,1,35434.000,164869,192000,3999.229,120.0,8,9,2,0.00000,0.00000,0.00000,0.00000,0.00000
35.450,2,34452.000,117742,192000,3999.042,120.0,8,9,2,0.00000,0.00000,0.00000,0.00000,0.00000
35.552,0,35536.000,169773,192000,3999.062,120.0,8,9,2,0.00000,0.00000,0.00000,0.00000,0.00000
35.552,1,35536.000,169773,192000,3999.062,120.0,8,9,2,0.00000,0.00000,0.00000,0.00000,0.00000
35.552,2,34555.000,122646,192000,3999.875,120.0,8,9,2,0.00000,0.00000,0.00000,0.00000,0.00000
35.655,0,35639.000,174684,192000,3999.750,120.0,8,9,2,0.00000,0.00000,0.00000,0.00000,0.00000
35.655,1,35639.000,174684,192000,3999.750,120.0,8,9,2,0.00000,0.00000,0.00000,0.00000,0.00000
35.655,2,34657.000,127557,192000,3999.562,120.0,8,9,2,0.00000,0.00000,0.00000,0.00000,0.00000
35.757,0,35741.000,179590,192000,3999.542,120.0,8,9,2,0.00000,0.00000,0.00000,0.00000,0.00000
35.757,1,35741.000,179590,192000,3999.542,120.0,8,9,2,0.00000,0.00000,0.00000,0.00000,0.00000
35.757,2,34759.000,132463,192000,3999.354,120.0,8,9,2,0.00000,0.00000,0.00000,0.00000,0.00000
35.858,0,35842.000,184458,192000,3999.125,120.0,8,9,2,0.00000,0.00000,0.00000,0.00000,0.00000
35.858,1,35842.000,184458,192000,3999.125,120.0,8,9,2,0.00000,0.00000,0.00000,0.00000,0.00000
35.858,2,34861.000,137331,192000,3999.938,120.0,8,9,2,0.00000,0.00000,0.00000,0.00000,0.00000
35.960,0,35944.000,189335,192000,3999.521,120.0,8,9,2,0.00000,0.00000,0.00000,0.00000,0.00000
35.960,1,35944.000,189335,192000,3999.521,120.0,8,9,2,0.00000,0.00000,0.00000,0.00000,0.00000
35.960,2,34962.000,142208,192000,3999.333,120.0,8,9,2,0.00000,0.00000,0.00000,0.00000,0.00000
36.062,0,36047.000,2260,192000,3999.917,120.0,8,10,2,0.00000,0.00000,0.00000,0.00000,0.00000
36.062,1,36047.000,2260,192000,3999.917,120.0,8,10,2,0.00000,0.00000,0.00000,0.00000,0.00000
36.062,2,35065.000,147133,192000,3999.729,120.0,8,9,2,0.00000,0.00000,0.00000,0.00000,0.00000
36.165,0,36150.000,7203,192000,3999.938,120.0,8,10,2,0.00000,0.00000,0.00000,0.00000,0.00000
36.165,1,36150.000,7203,192000,3999.938,120.0,8,10,2,0.00000,0.00000,0.00000,0.00000,0.00000
36.165,2,35168.000,152076,192000,3999.750,120.0,8,9,2,0.00000,0.00000,0.00000,0.00000,0.00000
36.266,0,36250.000,12028,192000,3999.417,120.0,8,10,2,0.00000,0.00000,0.00000,0.00000,0.00000
36.266,1,36250.000,12028,192000,3999.417,120.0,8,10,2,0.00000,0.00000,0.00000,0.00000,0.00000
36.266,2,35268.000,156901,192000,3999.229,120.0,8,9,2,0.00000,0.00000,0.00000,0.00000,0.00000
36.367,0,36351.000,16884,192000,3999.250,120.0,8,10,2,0.00000,0.00000,0.00000,0.00000,0.00000
36.367,1,36351.000,16884,192000,3999.250,120.0,8,10,2,0.00000,0.00000,0.00000,0.00000,0.00000
36.367,2,35369.000,161757,192000,3999.062,120.0,8,9,2,0.00000,0.00000,0.00000,0.00000,0.00000
36.470,0,36454.000,21820,192000,3999.417,120.0,8,10,2,0.00000,0.00000,0.00000,0.00000,0.00000
36.470,1,36454.000,21820,192000,3999.417,120.0,8,10,2,0.00000,0.00000,0.00000,0.00000,0.00000
36.470,2,35472.000,166693,192000,3999.229,120.0,8,9,2,0.00000,0.00000,0.00000,0.00000,0.00000
36.572,0,36556.000,26716,192000,3999.417,120.0,8,10,2,0.00000,0.00000,0.00000,0.00000,0.00000
36.572,1,36556.000,26716,192000,3999.417,120.0,8,10,2,0.00000,0.00000,0.00000,0.00000,0.00000
36.572,2,35574.000,171589,192000,3999.229,120.0,8,9,2,0.00000,0.00000,0.00000,0.00000,0.00000
36.673,0,36658.000,31584,192000,0.000,120.0,8,10,2,0.00000,0.00000,0.00000,0.00000,0.00000
36.673,1,36658.000,31584,192000,0.000,120.0,8,10,2,0.00000,0.00000,0.00000,0.00000,0.00000
36.673,2,35676.000,176457,192000,3999.812,120.0,8,9,2,0.00000,0.00000,0.00000,0.00000,0.00000
36.774,0,36758.000,36405,192000,3999.562,120.0,8,10,2,0.00000,0.00000,0.00000,0.00000,0.00000
36.774,1,36758.000,36405,192000,3999.562,120.0,8,10,2,0.00000,0.00000,0.00000,0.00000,0.00000
36.774,2,35776.000,181278,192000,3999.375,120.0,8,9,2,0.00000,0.00000,0.00000,0.00000,0.00000
36.876,0,36860.000,41290,192000,3999.792,120.0,8,10,2,0.00000,0.00000,0.00000,0.00000,0.00000
36.876,1,36860.000,41290,192000,3999.792,120.0,8,10,2,0.00000,0.00000,0.00000,0.00000,0.00000
36.876,2,35878.000,186163,192000,3999.604,120.0,8,9,2,0.00000,0.00000,0.00000,0.00000,0.00000
36.977,0,36961.000,46136,192000,3999.833,120.0,8,10,2,0.00000,0.00000,0.00000,0.00000,0.00000
36.977,1,36961.000,46136,192000,3999.833,120.0,8,10,2,0.00000,0.00000,0.00000,0.00000,0.00000
36.977,2,35979.000,191009,192000,3999.646,120.0,8,9,2,0.00000,0.00000,0.00000,0.00000,0.00000
37.077,0,37061.000,50966,192000,3999.208,120.0,8,10,2,0.00000,0.00000,0.00000,0.00000,0.00000
37.077,1,37061.000,50966,192000,3999.208,120.0,8,10,2,0.00000,0.00000,0.00000,0.00000,0.00000
37.077,2,36079.000,3839,192000,3999.021,120.0,8,10,2,0.00000,0.00000,0.00000,0.00000,0.00000
37.178,0,37162.000,55807,192000,3999.354,120.0,8,10,2,0.00000,0.00000,0.00000,0.00000,0.00000
37.178,1,37162.000,55807,192000,3999.354,120.0,8,10,2,0.00000,0.00000,0.00000,0.00000,0.00000
37.178,2,36180.000,8680,192000,3999.167,120.0,8,10,2,0.00000,0.00000,0.00000,0.00000,0.00000
37.279,0,37263.000,60651,192000,3999.438,120.0,8,10,2,0.00000,0.00000,0.00000,0.00000,0.00000
37.279,1,37263.000,60651,192000,3999.438,120.0,8,10,2,0.00000,0.00000,0.00000,0.00000,0.00000
37.279,2,36281.000,13524,192000,3999.250,120.0,8,10,2,0.00000,0.00000,0.00000,0.00000,0.00000
37.382,0,37366.000,65575,192000,3999.854,120.0,8,10,2,0.00000,0.00000,0.00000,0.00000,0.00000
37.382,1,37366.000,65575,192000,3999.854,120.0,8,10,2,0.00000,0.00000,0.00000,0.00000,0.00000
37.382,2,36384.000,18448,192000,3999.667,120.0,8,10,2,0.00000,0.00000,0.00000,0.00000,0.00000
37.483,0,37467.000,70452,192000,3999.250,120.0,8,10,2,0.00000,0.00000,0.00000,0.00000,0.00000
37.483,1,37467.000,70452,192000,3999.250,120.0,8,10,2,0.00000,0.00000,0.00000,0.00000,0.00000
37.483,2,36485.000,23325,192000,3999.062,120.0,8,10,2,0.00000,0.00000,0.00000,0.00000,0.00000
37.584,0,37568.000,75293,192000,3999.396,120.0,8,10,2,0.00000,0.00000,0.00000,0.00000,0.00000
37.584,1,37568.000,75293,192000,3999.396,120.0,8,10,2,0.00000,0.00000,0.00000,0.00000,0.00000
37.584,2,36586.000,28166,192000,3999.208,120.0,8,10,2,0.00000,0.00000,0.00000,0.00000,0.00000
37.685,0,37669.000,80122,192000,3999.792,120.0,8,10,2,0.00000,0.00000,0.00000,0.00000,0.00000
37.685,1,37669.000,80122,192000,3999.792,120.0,8,10,2,0.00000,0.00000,0.00000,0.00000,0.00000
37.685,2,36687.000,32995,192000,3999.604,120.0,8,10,2,0.00000,0.00000,0.00000,0.00000,0.00000
37.785,0,37769.000,84926,192000,3999.708,120.0,8,10,2,0.00000,0.00000,0.00000,0.00000,0.00000
37.785,1,37769.000,84926,192000,3999.708,120.0,8,10,2,0.00000,0.00000,0.00000,0.00000,0.00000
37.785,2,36787.000,37799,192000,3999.521,120.0,8,10,2,0.00000,0.00000,0.00000,0.00000,0.00000
37.887,0,37871.000,89845,192000,3999.229,120.0,8,10,2,0.00000,0.00000,0.00000,0.00000,0.00000
37.887,1,37871.000,89845,192000,3999.229,120.0,8,10,2,0.00000,0.00000,0.00000,0.00000,0.00000
37.887,2,36889.000,42718,192000,3999.042,120.0,8,10,2,0.00000,0.00000,0.00000,0.00000,0.00000
37.988,0,37972.000,94688,192000,3999.333,120.0,8,10,2,0.00000,0.00000,0.00000,0.00000,0.00000
37.988,1,37972.000,94688,192000,3999.333,120.0,8,10,2,0.00000,0.00000,0.00000,0.00000,0.00000
37.988,2,36990.000,47561,192000,3999.146,120.0,8,10,2,0.00000,0.00000,0.00000,0.00000,0.00000
38.090,0,38074.000,99568,192000,3999.667,120.0,8,10,2,0.00000,0.00000,0.00000,0.00000,0.00000
38.090,1,38074.000,99568,192000,3999.667,120.0,8,10,2,0.00000,0.00000,0.00000,0.00000,0.00000
38.090,2,37092.000,52441,192000,3999.479,120.0,8,10,2,0.00000,0.00000,0.00000,0.00000,0.00000
38.190,0,38174.000,104396,192000,3999.083,120.0,8,10,2,0.00000,0.00000,0.00000,0.00000,0.00000
38.190,1,38174.000,104396,192000,3999.083,120.0,8,10,2,0.00000,0.00000,0.00000,0.00000,0.00000
38.190,2,37193.000,57269,192000,3999.896,120.0,8,10,2,0.00000,0.00000,0.00000,0.00000,0.00000
38.291,0,38275.000,109231,192000,3999.354,120.0,8,10,2,0.00000,0.00000,0.00000,0.00000,0.00000
38.291,1,38275.000,109231,192000,3999.354,120.0,8,10,2,0.00000,0.00000,0.00000,0.00000,0.00000
38.291,2,37293.000,62104,192000,3999.167,120.0,8,10,2,0.00000,0.00000,0.00000,0.00000,0.00000
38.394,0,38378.000,114177,192000,3999.312,120.0,8,10,2,0.00000,0.00000,0.00000,0.00000,0.00000
38.394,1,38378.000,114177,192000,3999.312,120.0,8,10,2,0.00000,0.00000,0.00000,0.00000,0.00000
38.394,2,37396.000,67050,192000,3999.125,120.0,8,10,2,0.00000,0.00000,0.00000,0.00000,0.00000
38.496,0,38480.000,119056,192000,3999.667,120.0,8,10,2,0.00000,0.00000,0.00000,0.00000,0.00000
38.496,1,38480.000,119056,192000,3999.667,120.0,8,10,2,0.00000,0.00000,0.00000,0.00000,0.00000
38.496,2,37498.000,71929,192000,3999.479,120.0,8,10,2,0.00000,0.00000,0.00000,0.00000,0.00000
38.598,0,38582.000,123968,192000,3999.333,120.0,8,10,2,0.00000,0.00000,0.00000,0.00000,0.00000
38.598,1,38582.000,123968,192000,3999.333,120.0,8,10,2,0.00000,0.00000,0.00000,0.00000,0.00000
38.598,2,37600.000,76841,192000,3999.146,120.0,8,10,2,0.00000,0.00000,0.00000,0.00000,0.00000
38.700,0,38684.000,128867,192000,3999.271,120.0,8,10,2,0.00000,0.00000,0.00000,0.00000,0.00000
38.700,1,38684.000,128867,192000,3999.271,120.0,8,10,2,0.00000,0.00000,0.00000,0.00000,0.00000
38.700,2,37702.000,81740,192000,3999.083,120.0,8,10,2,0.00000,0.00000,0.00000,0.00000,0.00000
38.802,0,38786.000,133767,192000,3999.188,120.0,8,10,2,0.00000,0.00000,0.00000,0.00000,0.00000
38.802,1,38786.000,133767,192000,3999.188,120.0,8,10,2,0.00000,0.00000,0.00000,0.00000,0.00000
38.802,2,37805.000,86640,192000,0.000,120.0,8,10,2,0.00000,0.00000,0.00000,0.00000,0.00000
38.903,0,38888.000,138629,192000,3999.896,120.0,8,10,2,0.00000,0.00000,0.00000,0.00000,0.00000
38.903,1,38888.000,138629,192000,3999.896,120.0,8,10,2,0.00000,0.00000,0.00000,0.00000,0.00000
38.903,2,37906.000,91502,192000,3999.708,120.0,8,10,2,0.00000,0.00000,0.00000,0.00000,0.00000
39.005,0,38989.000,143502,192000,3999.375,120.0,8,10,2,0.00000,0.00000,0.00000,0.00000,0.00000
39.005,1,38989.000,143502,192000,3999.375,120.0,8,10,2,0.00000,0.00000,0.00000,0.00000,0.00000
39.005,2,38007.000,96375,192000,3999.188,120.0,8,10,2,0.00000,0.00000,0.00000,0.00000,0.00000
39.106,0,39091.000,148371,192000,3999.938,120.0,8,10,2,0.00000,0.00000,0.00000,0.00000,0.00000
39.106,1,39091.000,148371,192000,3999.938,120.0,8,10,2,0.00000,0.00000,0.00000,0.00000,0.00000
39.106,2,38109.000,101244,192000,3999.750,120.0,8,10,2,0.00000,0.00000,0.00000,0.00000,0.00000
39.208,0,39192.000,153258,192000,3999.125,120.0,8,10,2,0.00000,0.00000,0.00000,0.00000,0.00000
39.208,1,39192.000,153258,192000,3999.125,120.0,8,10,2,0.00000,0.00000,0.00000,0.00000,0.00000
39.208,2,38211.000,106131,192000,3999.938,120.0,8,10,2,0.00000,0.00000,0.00000,0.00000,0.00000
39.309,0,39294.000,158117,192000,3999.896,120.0,8,10,2,0.00000,0.00000,0.00000,0.00000,0.00000
39.309,1,39294.000,158117,192000,3999.896,120.0,8,10,2,0.00000,0.00000,0.00000,0.00000,0.00000
39.309,2,38312.000,110990,192000,3999.708,120.0,8,10,2,0.00000,0.00000,0.00000,0.00000,0.00000
39.410,0,39395.000,162962,192000,3999.958,120.0,8,10,2,0.00000,0.00000,0.00000,0.00000,0.00000
39.410,1,39395.000,162962,192000,3999.958,120.0,8,10,2,0.00000,0.00000,0.00000,0.00000,0.00000
39.410,2,38413.000,115835,192000,3999.771,120.0,8,10,2,0.00000,0.00000,0.00000,0.00000,0.00000
39.513,0,39497.000,167875,192000,3999.604,120.0,8,10,2,0.00000,0.00000,0.00000,0.00000,0.00000
39.513,1,39497.000,167875,192000,3999.604,120.0,8,10,2,0.00000,0.00000,0.00000,0.00000,0.00000
39.513,2,38515.000,120748,192000,3999.417,120.0,8,10,2,0.00000,0.00000,0.00000,0.00000,0.00000
39.614,0,39598.000,172721,192000,3999.646,120.0,8,10,2,0.00000,0.00000,0.00000,0.00000,0.00000
39.614,1,39598.000,172721,192000,3999.646,120.0,8,10,2,0.00000,0.00000,0.00000,0.00000,0.00000
39.614,2,38616.000,125594,192000,3999.458,120.0,8,10,2,0.00000,0.00000,0.00000,0.00000,0.00000
39.715,0,39699.000,177562,192000,3999.792,120.0,8,10,2,0.00000,0.00000,0.00000,0.00000,0.00000
39.715,1,39699.000,177562,192000,3999.792,120.0,8,10,2,0.00000,0.00000,0.00000,0.00000,0.00000
39.715,2,38717.000,130435,192000,3999.604,120.0,8,10,2,0.00000,0.00000,0.00000,0.00000,0.00000
39.816,0,39800.000,182419,192000,3999.604,120.0,8,10,2,0.00000,0.00000,0.00000,0.00000,0.00000
39.816,1,39800.000,182419,192000,3999.604,120.0,8,10,2,0.00000,0.00000,0.00000,0.00000,0.00000
39.816,2,38818.000,135292,192000,3999.417,120.0,8,10,2,0.00000,0.00000,0.00000,0.00000,0.00000
39.916,0,39901.000,187251,192000,3999.938,120.0,8,10,2,0.00000,0.00000,0.00000,0.00000,0.00000
39.916,1,39901.000,187251,192000,3999.938,120.0,8,10,2,0.00000,0.00000,0.00000,0.00000,0.00000
39.916,2,38919.000,140124,192000,3999.750,120.0,8,10,2,0.00000,0.00000,0.00000,0.00000,0.00000
40.018,0,40003.000,144,192000,0.000,120.0,8,11,2,0.00000,0.00000,0.00000,0.00000,0.00000
40.018,1,40003.000,144,192000,0.000,120.0,8,11,2,0.00000,0.00000,0.00000,0.00000,0.00000
40.018,2,39021.000,145017,192000,3999.812,120.0,8,10,2,0.00000,0.00000,0.00000,0.00000,0.00000
40.120,0,40105.000,5044,192000,3999.917,120.0,8,11,2,0.00000,0.00000,0.00000,0.00000,0.00000
40.120,1,40105.000,5044,192000,3999.917,120.0,8,11,2,0.00000,0.00000,0.00000,0.00000,0.00000
40.120,2,39123.000,149917,192000,3999.729,120.0,8,10,2,0.00000,0.00000,0.00000,0.00000,0.00000
40.223,0,40207.000,9974,192000,3999.208,120.0,8,11,2,0.00000,0.00000,0.00000,0.00000,0.00000
40.223,1,40207.000,9974,192000,3999.208,120.0,8,11,2,0.00000,0.00000,0.00000,0.00000,0.00000
40.223,2,39225.000,154847,192000,3999.021,120.0,8,10,2,0.00000,0.00000,0.00000,0.00000,0.00000
40.324,0,40308.000,14817,192000,3999.312,120.0,8,11,2,0.00000,0.00000,0.00000,0.00000,0.00000
40.324,1,40308.000,14817,192000,3999.312,120.0,8,11,2,0.00000,0.00000,0.00000,0.00000,0.00000
40.324,2,39326.000,159690,192000,3999.125,120.0,8,10,2,0.00000,0.00000,0.00000,0.00000,0.00000
40.425,0,40409.000,19642,192000,3999.792,120.0,8,11,2,0.00000,0.00000,0.00000,0.00000,0.00000
40.425,1,40409.000,19642,192000,3999.792,120.0,8,11,2,0.00000,0.00000,0.00000,0.00000,0.00000
40.425,2,39427.000,164515,192000,3999.604,120.0,8,10,2,0.00000,0.00000,0.00000,0.00000,0.00000
40.525,0,40509.000,24445,192000,3999.729,120.0,8,11,2,0.00000,0.00000,0.00000,0.00000,0.00000
40.525,1,40509.000,24445,192000,3999.729,120.0,8,11,2,0.00000,0.00000,0.00000,0.00000,0.00000
40.525,2,39527.000,169318,192000,3999.542,120.0,8,10,2,0.00000,0.00000,0.00000,0.00000,0.00000
40.627,0,40611.000,29361,192000,3999.312,120.0,8,11,2,0.00000,0.00000,0.00000,0.00000,0.00000
40.627,1,40611.000,29361,192000,3999.312,120.0,8,11,2,0.00000,0.00000,0.00000,0.00000,0.00000
40.627,2,39629.000,174234,192000,3999.125,120.0,8,10,2,0.00000,0.00000,0.00000,0.00000,0.00000
40.729,0,40713.000,34264,192000,3999.167,120.0,8,11,2,0.00000,0.00000,0.00000,0.00000,0.00000
40.729,1,40713.000,34264,192000,3999.167,120.0,8,11,2,0.00000,0.00000,0.00000,0.00000,0.00000
40.729,2,39732.000,179137,192000,3999.979,120.0,8,10,2,0.00000,0.00000,0.00000,0.00000,0.00000
40.830,0,40814.000,39081,192000,3999.812,120.0,8,11,2,0.00000,0.00000,0.00000,0.00000,0.00000
40.830,1,40814.000,39081,192000,3999.812,120.0,8,11,2,0.00000,0.00000,0.00000,0.00000,0.00000
40.830,2,39832.000,183954,192000,3999.625,120.0,8,10,2,0.00000,0.00000,0.00000,0.00000,0.00000
40.930,0,40914.000,43888,192000,3999.667,120.0,8,11,2,0.00000,0.00000,0.00000,0.00000,0.00000
40.930,1,40914.000,43888,192000,3999.667,120.0,8,11,2,0.00000,0.00000,0.00000,0.00000,0.00000
40.930,2,39932.000,188761,192000,3999.479,120.0,8,10,2,0.00000,0.00000,0.00000,0.00000,0.00000
41.031,0,41015.000,48727,192000,3999.854,120.0,8,11,2,0.00000,0.00000,0.00000,0.00000,0.00000
41.031,1,41015.000,48727,192000,3999.854,120.0,8,11,2,0.00000,0.00000,0.00000,0.00000,0.00000
41.031,2,40033.000,1600,192000,3999.667,120.0,8,11,2,0.11987,0.11969,0.11987,0.00000,0.00000
41.133,0,41117.000,53627,192000,3999.771,120.0,8,11,2,0.00000,0.00000,0.00000,0.00000,0.00000
41.133,1,41117.000,53627,192000,3999.771,120.0,8,11,2,0.00000,0.00000,0.00000,0.00000,0.00000
41.133,2,40135.000,6500,192000,3999.583,120.0,8,11,2,0.07840,0.07828,0.07840,0.00000,0.00000
41.234,0,41218.000,58500,192000,3999.250,120.0,8,11,2,0.00000,0.00000,0.00000,0.00000,0.00000
41.234,1,41218.000,58500,192000,3999.250,120.0,8,11,2,0.00000,0.00000,0.00000,0.00000,0.00000
41.234,2,40236.000,11373,192000,3999.062,120.0,8,11,2,0.05140,0.05132,0.05140,0.00000,0.00000
41.339,0,41323.000,63526,192000,3999.542,120.0,8,11,2,0.00000,0.00000,0.00000,0.00000,0.00000
41.339,1,41323.000,63526,192000,3999.542,120.0,8,11,2,0.00000,0.00000,0.00000,0.00000,0.00000
41.339,2,40341.000,16399,192000,3999.354,120.0,8,11,2,0.03325,0.03320,0.03325,0.00000,0.00000
41.441,0,41426.000,68448,192000,0.000,120.0,8,11,2,0.00000,0.00000,0.00000,0.00000,0.00000
41.441,1,41426.000,68448,192000,0.000,120.0,8,11,2,0.00000,0.00000,0.00000,0.00000,0.00000
41.441,2,40444.000,21321,192000,3999.812,120.0,8,11,2,0.02171,0.02168,0.02171,0.00000,0.00000
41.543,0,41527.000,73340,192000,3999.083,120.0,8,11,2,0.00000,0.00000,0.00000,0.00000,0.00000
41.543,1,41527.000,73340,192000,3999.083,120.0,8,11,2,0.00000,0.00000,0.00000,0.00000,0.00000
41.543,2,40546.000,26213,192000,3999.896,120.0,8,11,2,0.01421,0.01419,0.01421,0.00000,0.00000
41.646,0,41630.000,78252,192000,3999.750,120.0,8,11,2,0.00000,0.00000,0.00000,0.00000,0.00000
41.646,1,41630.000,78252,192000,3999.750,120.0,8,11,2,0.00000,0.00000,0.00000,0.00000,0.00000
41.646,2,40648.000,31125,192000,3999.562,120.0,8,11,2,0.00928,0.00927,0.00928,0.00000,0.00000
41.746,0,41730.000,83055,192000,3999.688,120.0,8,11,2,0.00000,0.00000,0.00000,0.00000,0.00000
41.746,1,41730.000,83055,192000,3999.688,120.0,8,11,2,0.00000,0.00000,0.00000,0.00000,0.00000
41.746,2,40748.000,35928,192000,3999.500,120.0,8,11,2,0.00612,0.00611,0.00612,0.00000,0.00000
41.847,0,41831.000,87914,192000,3999.458,120.0,8,11,2,0.00000,0.00000,0.00000,0.00000,0.00000
41.847,1,41831.000,87914,192000,3999.458,120.0,8,11,2,0.00000,0.00000,0.00000,0.00000,0.00000
41.847,2,40849.000,40787,192000,3999.271,120.0,8,11,2,0.00402,0.00401,0.00402,0.00000,0.00000
41.948,0,41932.000,92747,192000,3999.771,120.0,8,11,2,0.00000,0.00000,0.00000,0.00000,0.00000
41.948,1,41932.000,92747,192000,3999.771,120.0,8,11,2,0.00000,0.00000,0.00000,0.00000,0.00000
41.948,2,40950.000,45620,192000,3999.583,120.0,8,11,2,0.00264,0.00264,0.00264,0.00000,0.00000
42.050,0,42034.000,97678,192000,3999.042,120.0,8,11,2,0.00000,0.00000,0.00000,0.00000,0.00000
42.050,1,42034.000,97678,192000,3999.042,120.0,8,11,2,0.00000,0.00000,0.00000,0.00000,0.00000
42.050,2,41053.000,50551,192000,3999.854,120.0,8,11,2,0.00172,0.00172,0.00172,0.00000,0.00000
42.150,0,42135.000,102485,192000,3999.896,120.0,8,11,2,0.00000,0.00000,0.00000,0.00000,0.00000
42.150,1,42135.000,102485,192000,3999.896,120.0,8,11,2,0.00000,0.00000,0.00000,0.00000,0.00000
42.150,2,41153.000,55358,192000,3999.708,120.0,8,11,2,0.00114,0.00114,0.00114,0.00000,0.00000
42.252,0,42236.000,107351,192000,3999.521,120.0,8,11,2,0.00000,0.00000,0.00000,0.00000,0.00000
42.252,1,42236.000,107351,192000,3999.521,120.0,8,11,2,0.00000,0.00000,0.00000,0.00000,0.00000
42.252,2,41254.000,60224,192000,3999.333,120.0,8,11,2,0.00075,0.00074,0.00075,0.00000,0.00000
42.354,0,42339.000,112272,192000,0.000,120.0,8,11,2,0.00000,0.00000,0.00000,0.00000,0.00000
42.354,1,42339.000,112272,192000,0.000,120.0,8,11,2,0.00000,0.00000,0.00000,0.00000,0.00000
42.354,2,41357.000,65145,192000,3999.812,120.0,8,11,2,0.00049,0.00049,0.00049,0.00000,0.00000
42.457,0,42441.000,117196,192000,3999.417,120.0,8,11,2,0.00000,0.00000,0.00000,0.00000,0.00000
42.457,1,42441.000,117196,192000,3999.417,120.0,8,11,2,0.00000,0.00000,0.00000,0.00000,0.00000
42.457,2,41459.000,70069,192000,3999.229,120.0,8,11,2,0.00032,0.00032,0.00032,0.00000,0.00000
42.558,0,42542.000,122028,192000,3999.750,120.0,8,11,2,0.00000,0.00000,0.00000,0.00000,0.00000
42.558,1,42542.000,122028,192000,3999.750,120.0,8,11,2,0.00000,0.00000,0.00000,0.00000,0.00000
42.558,2,41560.000,74901,192000,3999.562,120.0,8,11,2,0.00021,0.00021,0.00021,0.00000,0.00000
42.659,0,42643.000,126892,192000,3999.417,120.0,8,11,2,0.00000,0.00000,0.00000,0.00000,0.00000
42.659,1,42643.000,126892,192000,3999.417,120.0,8,11,2,0.00000,0.00000,0.00000,0.00000,0.00000
42.659,2,41661.000,79765,192000,3999.229,120.0,8,11,2,0.00014,0.00014,0.00014,0.00000,0.00000
42.761,0,42745.000,131779,192000,3999.604,120.0,8,11,2,0.00000,0.00000,0.00000,0.00000,0.00000
42.761,1,42745.000,131779,192000,3999.604,120.0,8,11,2,0.00000,0.00000,0.00000,0.00000,0.00000
42.761,2,41763.000,84652,192000,3999.417,120.0,8,11,2,0.00009,0.00009,0.00009,0.00000,0.00000
42.863,0,42847.000,136686,192000,3999.375,120.0,8,11,2,0.00000,0.00000,0.00000,0.00000,0.00000
42.863,1,42847.000,136686,192000,3999.375,120.0,8,11,2,0.00000,0.00000,0.00000,0.00000,0.00000
42.863,2,41865.000,89559,192000,3999.188,120.0,8,11,2,0.00006,0.00006,0.00006,0.00000,0.00000
42.964,0,42949.000,141556,192000,3999.917,120.0,8,11,2,0.00000,0.00000,0.00000,0.00000,0.00000
42.964,1,42949.000,141556,192000,3999.917,120.0,8,11,2,0.00000,0.00000,0.00000,0.00000,0.00000
42.964,2,41967.000,94429,192000,3999.729,120.0,8,11,2,0.00004,0.00004,0.00004,0.00000,0.00000
43.065,0,43049.000,146384,192000,3999.333,120.0,8,11,2,0.00000,0.00000,0.00000,0.00000,0.00000
43.065,1,43049.000,146384,192000,3999.333,120.0,8,11,2,0.00000,0.00000,0.00000,0.00000,0.00000
43.065,2,42067.000,99257,192000,3999.146,120.0,8,11,2,0.00003,0.00003,0.00003,0.00000,0.00000
43.165,0,43149.000,151188,192000,3999.250,120.0,8,11,2,0.00000,0.00000,0.00000,0.00000,0.00000
43.165,1,43149.000,151188,192000,3999.250,120.0,8,11,2,0.00000,0.00000,0.00000,0.00000,0.00000
43.165,2,42167.000,104061,192000,3999.062,120.0,8,11,2,0.00002,0.00002,0.00002,0.00000,0.00000
43.268,0,43252.000,156119,192000,3999.521,120.0,8,11,2,0.00000,0.00000,0.00000,0.00000,0.00000
43.268,1,43252.000,156119,192000,3999.521,120.0,8,11,2,0.00000,0.00000,0.00000,0.00000,0.00000
43.268,2,42270.000,108992,192000,3999.333,120.0,8,11,2,0.00001,0.00001,0.00001,0.00000,0.00000
43.368,0,43352.000,160928,192000,3999.333,120.0,8,11,2,0.00000,0.00000,0.00000,0.00000,0.00000
43.368,1,43352.000,160928,192000,3999.333,120.0,8,11,2,0.00000,0.00000,0.00000,0.00000,0.00000
43.368,2,42370.000,113801,192000,3999.146,120.0,8,11,2,0.00001,0.00001,0.00001,0.00000,0.00000
43.471,0,43455.000,165854,192000,3999.708,120.0,8,11,2,0.00000,0.00000,0.00000,0.00000,0.00000
43.471,1,43455.000,165854,192000,3999.708,120.0,8,11,2,0.00000,0.00000,0.00000,0.00000,0.00000
43.471,2,42473.000,118727,192000,3999.521,120.0,8,11,2,0.00000,0.00000,0.00000,0.00000,0.00000
43.571,0,43555.000,170654,192000,3999.708,120.0,8,11,2,0.00000,0.00000,0.00000,0.00000,0.00000
43.571,1,43555.000,170654,192000,3999.708,120.0,8,11,2,0.00000,0.00000,0.00000,0.00000,0.00000
43.571,2,42573.000,123527,192000,3999.521,120.0,8,11,2,0.00000,0.00000,0.00000,0.00000,0.00000
43.673,0,43658.000,175586,192000,3999.958,120.0,8,11,2,0.00000,0.00000,0.00000,0.00000,0.00000
43.673,1,43658.000,175586,192000,3999.958,120.0,8,11,2,0.00000,0.00000,0.00000,0.00000,0.00000
43.673,2,42676.000,128459,192000,3999.771,120.0,8,11,2,0.00000,0.00000,0.00000,0.00000,0.00000
43.776,0,43760.000,180487,192000,3999.854,120.0,8,11,2,0.00000,0.00000,0.00000,0.00000,0.00000
43.776,1,43760.000,180487,192000,3999.854,120.0,8,11,2,0.00000,0.00000,0.00000,0.00000,0.00000
43.776,2,42778.000,133360,192000,3999.667,120.0,8,11,2,0.00000,0.00000,0.00000,0.00000,0.00000
43.876,0,43860.000,185315,192000,3999.271,120.0,8,11,2,0.00000,0.00000,0.00000,0.00000,0.00000
43.876,1,43860.000,185315,192000,3999.271,120.0,8,11,2,0.00000,0.00000,0.00000,0.00000,0.00000
43.876,2,42878.000,138188,192000,3999.083,120.0,8,11,2,0.00000,0.00000,0.00000,0.00000,0.00000
43.978,0,43962.000,190188,192000,3999.750,120.0,8,11,2,0.00000,0.00000,0.00000,0.00000,0.00000
43.978,1,43962.000,190188,192000,3999.750,120.0,8,11,2,0.00000,0.00000,0.00000,0.00000,0.00000
43.978,2,42980.000,143061,192000,3999.562,120.0,8,11,2,0.00000,0.00000,0.00000,0.00000,0.00000
44.080,0,44064.000,3119,192000,3999.021,120.0,8,12,2,0.10557,0.10557,0.10528,0.00000,0.00000
44.080,1,44064.000,3119,192000,3999.021,120.0,8,12,2,0.10566,0.10557,0.10566,0.00000,0.00000
44.080,2,43083.000,147992,192000,3999.833,120.0,8,11,2,0.00000,0.00000,0.00000,0.00000,0.00000
44.181,0,44165.000,7962,192000,3999.125,120.0,8,12,2,0.06939,0.06939,0.06920,0.00000,0.00000
44.181,1,44165.000,7962,192000,3999.125,120.0,8,12,2,0.06945,0.06939,0.06945,0.00000,0.00000
44.181,2,43184.000,152835,192000,3999.938,120.0,8,11,2,0.00000,0.00000,0.00000,0.00000,0.00000
44.283,0,44267.000,12828,192000,3999.750,120.0,8,12,2,0.04552,0.04552,0.04539,0.00000,0.00000
44.283,1,44267.000,12828,192000,3999.750,120.0,8,12,2,0.04556,0.04552,0.04556,0.00000,0.00000
44.283,2,43285.000,157701,192000,3999.562,120.0,8,11,2,0.00000,0.00000,0.00000,0.00000,0.00000
44.385,0,44369.000,17727,192000,3999.688,120.0,8,12,2,0.02978,0.02978,0.02969,0.00000,0.00000
44.385,1,44369.000,17727,192000,3999.688,120.0,8,12,2,0.02980,0.02978,0.02980,0.00000,0.00000
44.385,2,43387.000,162600,192000,3999.500,120.0,8,11,2,0.00000,0.00000,0.00000,0.00000,0.00000
44.486,0,44470.000,22586,192000,3999.458,120.0,8,12,2,0.01954,0.01954,0.01949,0.00000,0.00000
44.486,1,44470.000,22586,192000,3999.458,120.0,8,12,2,0.01956,0.01954,0.01956,0.00000,0.00000
44.486,2,43488.000,167459,192000,3999.271,120.0,8,11,2,0.00000,0.00000,0.00000,0.00000,0.00000
44.587,0,44571.000,27436,192000,3999.417,120.0,8,12,2,0.01284,0.01284,0.01280,0.00000,0.00000
44.587,1,44571.000,27436,192000,3999.417,120.0,8,12,2,0.01285,0.01284,0.01285,0.00000,0.00000
44.587,2,43589.000,172309,192000,3999.229,120.0,8,11,2,0.00000,0.00000,0.00000,0.00000,0.00000
44.689,0,44674.000,32352,192000,0.000,120.0,8,12,2,0.00839,0.00839,0.00836,0.00000,0.00000
44.689,1,44674.000,32352,192000,0.000,120.0,8,12,2,0.00839,0.00839,0.00839,0.00000,0.00000
44.689,2,43692.000,177225,192000,3999.812,120.0,8,11,2,0.00000,0.00000,0.00000,0.00000,0.00000
44.790,0,44774.000,37190,192000,3999.208,120.0,8,12,2,0.00551,0.00551,0.00550,0.00000,0.00000
44.790,1,44774.000,37190,192000,3999.208,120.0,8,12,2,0.00552,0.00551,0.00552,0.00000,0.00000
44.790,2,43792.000,182063,192000,3999.021,120.0,8,11,2,0.00000,0.00000,0.00000,0.00000,0.00000
44.892,0,44876.000,42071,192000,3999.521,120.0,8,12,2,0.00361,0.00361,0.00360,0.00000,0.00000
44.892,1,44876.000,42071,192000,3999.521,120.0,8,12,2,0.00362,0.00361,0.00362,0.00000,0.00000
44.892,2,43894.000,186944,192000,3999.333,120.0,8,11,2,0.00000,0.00000,0.00000,0.00000,0.00000
44.995,0,44979.000,47021,192000,3999.396,120.0,8,12,2,0.00235,0.00235,0.00235,0.00000,0.00000
44.995,1,44979.000,47021,192000,3999.396,120.0,8,12,2,0.00235,0.00235,0.00235,0.00000,0.00000
44.995,2,43997.000,191894,192000,3999.208,120.0,8,11,2,0.00000,0.00000,0.00000,0.00000,0.00000
45.096,0,45080.000,51848,192000,3999.833,120.0,8,12,2,0.00155,0.00155,0.00154,0.00000,0.00000
45.096,1,45080.000,51848,192000,3999.833,120.0,8,12,2,0.00155,0.00155,0.00155,0.00000,0.00000
45.096,2,44098.000,4721,192000,3999.646,120.0,8,12,2,0.00000,0.00000,0.00000,0.00000,0.00000
45.197,0,45182.000,56741,192000,3999.896,120.0,8,12,2,0.00101,0.00101,0.00101,0.00000,0.00000
45.197,1,45182.000,56741,192000,3999.896,120.0,8,12,2,0.00101,0.00101,0.00101,0.00000,0.00000
45.197,2,44200.000,9614,192000,3999.708,120.0,8,12,2,0.00000,0.00000,0.00000,0.00000,0.00000
45.299,0,45284.000,61637,192000,3999.896,120.0,8,12,2,0.00066,0.00066,0.00066,0.00000,0.00000
45.299,1,45284.000,61637,192000,3999.896,120.0,8,12,2,0.00066,0.00066,0.00066,0.00000,0.00000
45.299,2,44302.000,14510,192000,3999.708,120.0,8,12,2,0.00000,0.00000,0.00000,0.00000,0.00000
45.401,0,45385.000,66505,192000,3999.479,120.0,8,12,2,0.00043,0.00043,0.00043,0.00000,0.00000
45.401,1,45385.000,66505,192000,3999.479,120.0,8,12,2,0.00044,0.00043,0.00044,0.00000,0.00000
45.401,2,44403.000,19378,192000,3999.292,120.0,8,12,2,0.00000,0.00000,0.00000,0.00000,0.00000
45.504,0,45488.000,71433,192000,3999.812,120.0,8,12,2,0.00028,0.00028,0.00028,0.00000,0.00000
45.504,1,45488.000,71433,192000,3999.812,120.0,8,12,2,0.00028,0.00028,0.00028,0.00000,0.00000
45.504,2,44506.000,24306,192000,3999.625,120.0,8,12,2,0.00000,0.00000,0.00000,0.00000,0.00000
45.604,0,45588.000,76241,192000,3999.646,120.0,8,12,2,0.00019,0.00019,0.00019,0.00000,0.00000
45.604,1,45588.000,76241,192000,3999.646,120.0,8,12,2,0.00019,0.00019,0.00019,0.00000,0.00000
45.604,2,44606.000,29114,192000,3999.458,120.0,8,12,2,0.00000,0.00000,0.00000,0.00000,0.00000
45.704,0,45688.000,81066,192000,3999.125,120.0,8,12,2,0.00012,0.00012,0.00012,0.00000,0.00000
45.704,1,45688.000,81066,192000,3999.125,120.0,8,12,2,0.00012,0.00012,0.00012,0.00000,0.00000
45.704,2,44707.000,33939,192000,3999.938,120.0,8,12,2,0.00000,0.00000,0.00000,0.00000,0.00000
45.805,0,45790.000,85920,192000,0.000,120.0,8,12,2,0.00008,0.00008,0.00008,0.00000,0.00000
45.805,1,45790.000,85920,192000,0.000,120.0,8,12,2,0.00008,0.00008,0.00008,0.00000,0.00000
45.805,2,44808.000,38793,192000,3999.812,120.0,8,12,2,0.00000,0.00000,0.00000,0.00000,0.00000
45.907,0,45891.000,90779,192000,3999.771,120.0,8,12,2,0.00005,0.00005,0.00005,0.00000,0.00000
45.907,1,45891.000,90779,192000,3999.771,120.0,8,12,2,0.00005,0.00005,0.00005,0.00000,0.00000
45.907,2,44909.000,43652,192000,3999.583,120.0,8,12,2,0.00000,0.00000,0.00000,0.00000,0.00000
46.008,0,45992.000,95624,192000,3999.833,120.0,8,12,2,0.00003,0.00003,0.00003,0.00000,0.00000
46.008,1,45992.000,95624,192000,3999.833,120.0,8,12,2,0.00003,0.00003,0.00003,0.00000,0.00000
46.008,2,45010.000,48497,192000,3999.646,120.0,8,12,2,0.00000,0.00000,0.00000,0.00000,0.00000
46.112,0,46096.000,100619,192000,3999.771,120.0,8,12,2,0.00002,0.00002,0.00002,0.00000,0.00000
46.112,1,46096.000,100619,192000,3999.771,120.0,8,12,2,0.00002,0.00002,0.00002,0.00000,0.00000
46.112,2,45114.000,53492,192000,3999.583,120.0,8,12,2,0.00000,0.00000,0.00000,0.00000,0.00000
46.214,0,46198.000,105522,192000,3999.625,120.0,8,12,2,0.00001,0.00001,0.00001,0.00000,0.00000
46.214,1,46198.000,105522,192000,3999.625,120.0,8,12,2,0.00001,0.00001,0.00001,0.00000,0.00000
46.214,2,45216.000,58395,192000,3999.438,120.0,8,12,2,0.00000,0.00000,0.00000,0.00000,0.00000
46.315,0,46299.000,110361,192000,3999.812,120.0,8,12,2,0.00001,0.00001,0.00001,0.00000,0.00000
46.315,1,46299.000,110361,192000,3999.812,120.0,8,12,2,0.00001,0.00001,0.00001,0.00000,0.00000
46.315,2,45317.000,63234,192000,3999.625,120.0,8,12,2,0.00000,0.00000,0.00000,0.00000,0.00000
46.417,0,46401.000,115287,192000,3999.188,120.0,8,12,2,0.00001,0.00001,0.00001,0.00000,0.00000
46.417,1,46401.000,115287,192000,3999.188,120.0,8,12,2,0.00001,0.00001,0.00001,0.00000,0.00000
46.417,2,45420.000,68160,192000,0.000,120.0,8,12,2,0.00000,0.00000,0.00000,0.00000,0.00000
46.519,0,46503.000,120183,192000,3999.188,120.0,8,12,2,0.00000,0.00000,0.00000,0.00000,0.00000
46.519,1,46503.000,120183,192000,3999.188,120.0,8,12,2,0.00000,0.00000,0.00000,0.00000,0.00000
46.519,2,45522.000,73056,192000,0.000,120.0,8,12,2,0.00000,0.00000,0.00000,0.00000,0.00000
46.621,0,46606.000,125089,192000,3999.979,120.0,8,12,2,0.00000,0.00000,0.00000,0.00000,0.00000
46.621,1,46606.000,125089,192000,3999.979,120.0,8,12,2,0.00000,0.00000,0.00000,0.00000,0.00000
46.621,2,45624.000,77962,192000,3999.792,120.0,8,12,2,0.00000,0.00000,0.00000,0.00000,0.00000
46.724,0,46708.000,130008,192000,3999.500,120.0,8,12,2,0.00000,0.00000,0.00000,0.00000,0.00000
46.724,1,46708.000,130008,192000,3999.500,120.0,8,12,2,0.00000,0.00000,0.00000,0.00000,0.00000
46.724,2,45726.000,82881,192000,3999.312,120.0,8,12,2,0.00000,0.00000,0.00000,0.00000,0.00000
46.824,0,46809.000,134835,192000,3999.938,120.0,8,12,2,0.00000,0.00000,0.00000,0.00000,0.00000
46.824,1,46809.000,134835,192000,3999.938,120.0,8,12,2,0.00000,0.00000,0.00000,0.00000,0.00000
46.824,2,45827.000,87708,192000,3999.750,120.0,8,12,2,0.00000,0.00000,0.00000,0.00000,0.00000
46.926,0,46910.000,139689,192000,3999.812,120.0,8,12,2,0.00000,0.00000,0.00000,0.00000,0.00000
46.926,1,46910.000,139689,192000,3999.812,120.0,8,12,2,0.00000,0.00000,0.00000,0.00000,0.00000
46.926,2,45928.000,92562,192000,3999.625,120.0,8,12,2,0.00000,0.00000,0.00000,0.00000,0.00000
47.026,0,47010.000,144506,192000,3999.458,120.0,8,12,2,0.00000,0.00000,0.00000,0.00000,0.00000
47.026,1,47010.000,144506,192000,3999.458,120.0,8,12,2,0.00000,0.00000,0.00000,0.00000,0.00000
47.026,2,46028.000,97379,192000,3999.271,120.0,8,12,2,0.00000,0.00000,0.00000,0.00000,0.00000
47.129,0,47113.000,149447,192000,3999.521,120.0,8,12,2,0.00000,0.00000,0.00000,0.00000,0.00000
47.129,1,47113.000,149447,192000,3999.521,120.0,8,12,2,0.00000,0.00000,0.00000,0.00000,0.00000
47.129,2,46131.000,102320,192000,3999.333,120.0,8,12,2,0.00000,0.00000,0.00000,0.00000,0.00000
47.232,0,47216.000,154379,192000,3999.771,120.0,8,12,2,0.00000,0.00000,0.00000,0.00000,0.00000
47.232,1,47216.000,154379,192000,3999.771,120.0,8,12,2,0.00000,0.00000,0.00000,0.00000,0.00000
47.232,2,46234.000,107252,192000,3999.583,120.0,8,12,2,0.00000,0.00000,0.00000,0.00000,0.00000
47.332,0,47316.000,159188,192000,3999.583,120.0,8,12,2,0.00000,0.00000,0.00000,0.00000,0.00000
47.332,1,47316.000,159188,192000,3999.583,120.0,8,12,2,0.00000,0.00000,0.00000,0.00000,0.00000
47.332,2,46334.000,112061,192000,3999.396,120.0,8,12,2,0.00000,0.00000,0.00000,0.00000,0.00000
47.432,0,47416.000,164004,192000,3999.250,120.0,8,12,2,0.00000,0.00000,0.00000,0.00000,0.00000
47.432,1,47416.000,164004,192000,3999.250,120.0,8,12,2,0.00000,0.00000,0.00000,0.00000,0.00000
47.432,2,46434.000,116877,192000,3999.062,120.0,8,12,2,0.00000,0.00000,0.00000,0.00000,0.00000
47.532,0,47517.000,168818,192000,3999.958,120.0,8,12,2,0.00000,0.00000,0.00000,0.00000,0.00000
47.532,1,47517.000,168818,192000,3999.958,120.0,8,12,2,0.00000,0.00000,0.00000,0.00000,0.00000
47.532,2,46535.000,121691,192000,3999.771,120.0,8,12,2,0.00000,0.00000,0.00000,0.00000,0.00000
47.633,0,47617.000,173632,192000,3999.667,120.0,8,12,2,0.00000,0.00000,0.00000,0.00000,0.00000
47.633,1,47617.000,173632,192000,3999.667,120.0,8,12,2,0.00000,0.00000,0.00000,0.00000,0.00000
47.633,2,46635.000,126505,192000,3999.479,120.0,8,12,2,0.00000,0.00000,0.00000,0.00000,0.00000
47.735,0,47719.000,178550,192000,3999.208,120.0,8,12,2,0.00000,0.00000,0.00000,0.00000,0.00000
47.735,1,47719.000,178550,192000,3999.208,120.0,8,12,2,0.00000,0.00000,0.00000,0.00000,0.00000
47.735,2,46737.000,131423,192000,3999.021,120.0,8,12,2,0.00000,0.00000,0.00000,0.00000,0.00000
47.837,0,47822.000,183461,192000,3999.896,120.0,8,12,2,0.00000,0.00000,0.00000,0.00000,0.00000
47.837,1,47822.000,183461,192000,3999.896,120.0,8,12,2,0.00000,0.00000,0.00000,0.00000,0.00000
47.837,2,46840.000,136334,192000,3999.708,120.0,8,12,2,0.00000,0.00000,0.00000,0.00000,0.00000
47.940,0,47924.000,188378,192000,3999.458,120.0,8,12,2,0.00000,0.00000,0.00000,0.00000,0.00000
47.940,1,47924.000,188378,192000,3999.458,120.0,8,12,2,0.00000,0.00000,0.00000,0.00000,0.00000
47.940,2,46942.000,141251,192000,3999.271,120.0,8,12,2,0.00000,0.00000,0.00000,0.00000,0.00000
48.040,0,48024.000,1188,192000,3999.250,120.0,8,13,2,0.00000,0.00000,0.00000,0.00000,0.00000
48.040,1,48024.000,1188,192000,3999.250,120.0,8,13,2,0.00000,0.00000,0.00000,0.00000,0.00000
48.040,2,47042.000,146061,192000,3999.062,120.0,8,12,2,0.00000,0.00000,0.00000,0.00000,0.00000
48.143,0,48127.000,6120,192000,3999.500,120.0,8,13,2,0.00000,0.00000,0.00000,0.00000,0.00000
48.143,1,48127.000,6120,192000,3999.500,120.0,8,13,2,0.00000,0.00000,0.00000,0.00000,0.00000
48.143,2,47145.000,150993,192000,3999.312,120.0,8,12,2,0.00000,0.00000,0.00000,0.00000,0.00000
48.245,0,48229.000,11027,192000,3999.271,120.0,8,13,2,0.00000,0.00000,0.00000,0.00000,0.00000
48.245,1,48229.000,11027,192000,3999.271,120.0,8,13,2,0.00000,0.00000,0.00000,0.00000,0.00000
48.245,2,47247.000,155900,192000,3999.083,120.0,8,12,2,0.00000,0.00000,0.00000,0.00000,0.00000
48.345,0,48329.000,15829,192000,3999.229,120.0,8,13,2,0.00000,0.00000,0.00000,0.00000,0.00000
48.345,1,48329.000,15829,192000,3999.229,120.0,8,13,2,0.00000,0.00000,0.00000,0.00000,0.00000
48.345,2,47347.000,160702,192000,3999.042,120.0,8,12,2,0.00000,0.00000,0.00000,0.00000,0.00000
48.448,0,48432.000,20757,192000,3999.562,120.0,8,13,2,0.00000,0.00000,0.00000,0.00000,0.00000
48.448,1,48432.000,20757,192000,3999.562,120.0,8,13,2,0.00000,0.00000,0.00000,0.00000,0.00000
48.448,2,47450.000,165630,192000,3999.375,120.0,8,12,2,0.00000,0.00000,0.00000,0.00000,0.00000
48.550,0,48534.000,25658,192000,3999.458,120.0,8,13,2,0.00000,0.00000,0.00000,0.00000,0.00000
48.550,1,48534.000,25658,192000,3999.458,120.0,8,13,2,0.00000,0.00000,0.00000,0.00000,0.00000
48.550,2,47552.000,170531,192000,3999.271,120.0,8,12,2,0.00000,0.00000,0.00000,0.00000,0.00000
48.652,0,48636.000,30566,192000,3999.208,120.0,8,13,2,0.00000,0.00000,0.00000,0.00000,0.00000
48.652,1,48636.000,30566,192000,3999.208,120.0,8,13,2,0.00000,0.00000,0.00000,0.00000,0.00000
48.652,2,47654.000,175439,192000,3999.021,120.0,8,12,2,0.00000,0.00000,0.00000,0.00000,0.00000
48.754,0,48738.000,35467,192000,3999.104,120.0,8,13,2,0.00000,0.00000,0.00000,0.00000,0.00000
48.754,1,48738.000,35467,192000,3999.104,120.0,8,13,2,0.00000,0.00000,0.00000,0.00000,0.00000
48.754,2,47757.000,180340,192000,3999.917,120.0,8,12,2,0.00000,0.00000,0.00000,0.00000,0.00000
48.854,0,48838.000,40271,192000,3999.021,120.0,8,13,2,0.00000,0.00000,0.00000,0.00000,0.00000
48.854,1,48838.000,40271,192000,3999.021,120.0,8,13,2,0.00000,0.00000,0.00000,0.00000,0.00000
48.854,2,47857.000,185144,192000,3999.833,120.0,8,12,2,0.00000,0.00000,0.00000,0.00000,0.00000
48.956,0,48940.000,45130,192000,3999.792,120.0,8,13,2,0.00000,0.00000,0.00000,0.00000,0.00000
48.956,1,48940.000,45130,192000,3999.792,120.0,8,13,2,0.00000,0.00000,0.00000,0.00000,0.00000
48.956,2,47958.000,190003,192000,3999.604,120.0,8,12,2,0.00000,0.00000,0.00000,0.00000,0.00000
49.057,0,49041.000,50013,192000,3999.062,120.0,8,13,2,0.00000,0.00000,0.00000,0.00000,0.00000
49.057,1,49041.000,50013,192000,3999.062,120.0,8,13,2,0.00000,0.00000,0.00000,0.00000,0.00000
49.057,2,48060.000,2886,192000,3999.875,120.0,8,13,2,0.00000,0.00000,0.00000,0.00000,0.00000
49.159,0,49143.000,54884,192000,3999.583,120.0,8,13,2,0.00000,0.00000,0.00000,0.00000,0.00000
49.159,1,49143.000,54884,192000,3999.583,120.0,8,13,2,0.00000,0.00000,0.00000,0.00000,0.00000
49.159,2,48161.000,7757,192000,3999.396,120.0,8,13,2,0.00000,0.00000,0.00000,0.00000,0.00000
49.260,0,49244.000,59750,192000,3999.208,120.0,8,13,2,0.00000,0.00000,0.00000,0.00000,0.00000
49.260,1,49244.000,59750,192000,3999.208,120.0,8,13,2,0.00000,0.00000,0.00000,0.00000,0.00000
49.260,2,48262.000,12623,192000,3999.021,120.0,8,13,2,0.00000,0.00000,0.00000,0.00000,0.00000
49.361,0,49345.000,64571,192000,3999.771,120.0,8,13,2,0.00000,0.00000,0.00000,0.00000,0.00000
49.361,1,49345.000,64571,192000,3999.771,120.0,8,13,2,0.00000,0.00000,0.00000,0.00000,0.00000
49.361,2,48363.000,17444,192000,3999.583,120.0,8,13,2,0.00000,0.00000,0.00000,0.00000,0.00000
49.462,0,49446.000,69414,192000,3999.875,120.0,8,13,2,0.00000,0.00000,0.00000,0.00000,0.00000
49.462,1,49446.000,69414,192000,3999.875,120.0,8,13,2,0.00000,0.00000,0.00000,0.00000,0.00000
49.462,2,48464.000,22287,192000,3999.688,120.0,8,13,2,0.00000,0.00000,0.00000,0.00000,0.00000
49.564,0,49548.000,74316,192000,3999.750,120.0,8,13,2,0.00000,0.00000,0.00000,0.00000,0.00000
49.564,1,49548.000,74316,192000,3999.750,120.0,8,13,2,0.00000,0.00000,0.00000,0.00000,0.00000
49.564,2,48566.000,27189,192000,3999.562,120.0,8,13,2,0.00000,0.00000,0.00000,0.00000,0.00000
49.665,0,49649.000,79160,192000,3999.833,120.0,8,13,2,0.00000,0.00000,0.00000,0.00000,0.00000
49.665,1,49649.000,79160,192000,3999.833,120.0,8,13,2,0.00000,0.00000,0.00000,0.00000,0.00000
49.665,2,48667.000,32033,192000,3999.646,120.0,8,13,2,0.00000,0.00000,0.00000,0.00000,0.00000
49.766,0,49751.000,84050,192000,3999.958,120.0,8,13,2,0.00000,0.00000,0.00000,0.00000,0.00000
49.766,1,49751.000,84050,192000,3999.958,120.0,8,13,2,0.00000,0.00000,0.00000,0.00000,0.00000
49.766,2,48769.000,36923,192000,3999.771,120.0,8,13,2,0.00000,0.00000,0.00000,0.00000,0.00000
49.868,0,49852.000,88905,192000,3999.812,120.0,8,13,2,0.00000,0.00000,0.00000,0.00000,0.00000
49.868,1,49852.000,88905,192000,3999.812,120.0,8,13,2,0.00000,0.00000,0.00000,0.00000,0.00000
49.868,2,48870.000,41778,192000,3999.625,120.0,8,13,2,0.00000,0.00000,0.00000,0.00000,0.00000
49.968,0,49952.000,93705,192000,3999.812,120.0,8,13,2,0.00000,0.00000,0.00000,0.00000,0.00000
49.968,1,49952.000,93705,192000,3999.812,120.0,8,13,2,0.00000,0.00000,0.00000,0.00000,0.00000
49.968,2,48970.000,46578,192000,3999.625,120.0,8,13,2,0.00000,0.00000,0.00000,0.00000,0.00000
50.070,0,50054.000,98634,192000,3999.125,120.0,8,13,2,0.00000,0.00000,0.00000,0.00000,0.00000
50.070,1,50054.000,98634,192000,3999.125,120.0,8,13,2,0.00000,0.00000,0.00000,0.00000,0.00000
50.070,2,49073.000,51507,192000,3999.938,120.0,8,13,2,0.00000,0.00000,0.00000,0.00000,0.00000
50.171,0,50155.000,103446,192000,3999.875,120.0,8,13,2,0.00000,0.00000,0.00000,0.00000,0.00000
50.171,1,50155.000,103446,192000,3999.875,120.0,8,13,2,0.00000,0.00000,0.00000,0.00000,0.00000
50.171,2,49173.000,56319,192000,3999.688,120.0,8,13,2,0.00000,0.00000,0.00000,0.00000,0.00000
50.271,0,50255.000,108257,192000,3999.646,120.0,8,13,2,0.00000,0.00000,0.00000,0.00000,0.00000
50.271,1,50255.000,108257,192000,3999.646,120.0,8,13,2,0.00000,0.00000,0.00000,0.00000,0.00000
50.271,2,49273.000,61130,192000,3999.458,120.0,8,13,2,0.00000,0.00000,0.00000,0.00000,0.00000
50.372,0,50356.000,113100,192000,3999.750,120.0,8,13,2,0.00000,0.00000,0.00000,0.00000,0.00000
50.372,1,50356.000,113100,192000,3999.750,120.0,8,13,2,0.00000,0.00000,0.00000,0.00000,0.00000
50.372,2,49374.000,65973,192000,3999.562,120.0,8,13,2,0.00000,0.00000,0.00000,0.00000,0.00000
50.472,0,50456.000,117932,192000,3999.083,120.0,8,13,2,0.00000,0.00000,0.00000,0.00000,0.00000
50.472,1,50456.000,117932,192000,3999.083,120.0,8,13,2,0.00000,0.00000,0.00000,0.00000,0.00000
50.472,2,49475.000,70805,192000,3999.896,120.0,8,13,2,0.00000,0.00000,0.00000,0.00000,0.00000
50.574,0,50558.000,122794,192000,3999.792,120.0,8,13,2,0.00000,0.00000,0.00000,0.00000,0.00000
50.574,1,50558.000,122794,192000,3999.792,120.0,8,13,2,0.00000,0.00000,0.00000,0.00000,0.00000
50.574,2,49576.000,75667,192000,3999.604,120.0,8,13,2,0.00000,0.00000,0.00000,0.00000,0.00000
50.676,0,50660.000,127711,192000,3999.354,120.0,8,13,2,0.00000,0.00000,0.00000,0.00000,0.00000
50.676,1,50660.000,127711,192000,3999.354,120.0,8,13,2,0.00000,0.00000,0.00000,0.00000,0.00000
50.676,2,49678.000,80584,192000,3999.167,120.0,8,13,2,0.00000,0.00000,0.00000,0.00000,0.00000
50.779,0,50763.000,132631,192000,3999.854,120.0,8,13,2,0.00000,0.00000,0.00000,0.00000,0.00000
50.779,1,50763.000,132631,192000,3999.854,120.0,8,13,2,0.00000,0.00000,0.00000,0.00000,0.00000
50.779,2,49781.000,85504,192000,3999.667,120.0,8,13,2,0.00000,0.00000,0.00000,0.00000,0.00000
50.879,0,50863.000,137449,192000,3999.479,120.0,8,13,2,0.00000,0.00000,0.00000,0.00000,0.00000
50.879,1,50863.000,137449,192000,3999.479,120.0,8,13,2,0.00000,0.00000,0.00000,0.00000,0.00000
50.879,2,49881.000,90322,192000,3999.292,120.0,8,13,2,0.00000,0.00000,0.00000,0.00000,0.00000
50.980,0,50964.000,142307,192000,3999.271,120.0,8,13,2,0.00000,0.00000,0.00000,0.00000,0.00000
50.980,1,50964.000,142307,192000,3999.271,120.0,8,13,2,0.00000,0.00000,0.00000,0.00000,0.00000
50.980,2,49982.000,95180,192000,3999.083,120.0,8,13,2,0.00000,0.00000,0.00000,0.00000,0.00000
51.081,0,51066.000,147168,192000,0.000,120.0,8,13,2,0.00000,0.00000,0.00000,0.00000,0.00000
51.081,1,51066.000,147168,192000,0.000,120.0,8,13,2,0.00000,0.00000,0.00000,0.00000,0.00000
51.081,2,50084.000,100041,192000,3999.812,120.0,8,13,2,0.00000,0.00000,0.00000,0.00000,0.00000
51.184,0,51168.000,152073,192000,3999.812,120.0,8,13,2,0.00000,0.00000,0.00000,0.00000,0.00000
51.184,1,51168.000,152073,192000,3999.812,120.0,8,13,2,0.00000,0.00000,0.00000,0.00000,0.00000
51.184,2,50186.000,104946,192000,3999.625,120.0,8,13,2,0.00000,0.00000,0.00000,0.00000,0.00000
51.286,0,51270.000,156985,192000,3999.479,120.0,8,13,2,0.00000,0.00000,0.00000,0.00000,0.00000
51.286,1,51270.000,156985,192000,3999.479,120.0,8,13,2,0.00000,0.00000,0.00000,0.00000,0.00000
51.286,2,50288.000,109858,192000,3999.292,120.0,8,13,2,0.00000,0.00000,0.00000,0.00000,0.00000
51.389,0,51373.000,161931,192000,3999.438,120.0,8,13,2,0.00000,0.00000,0.00000,0.00000,0.00000
51.389,1,51373.000,161931,192000,3999.438,120.0,8,13,2,0.00000,0.00000,0.00000,0.00000,0.00000
51.389,2,50391.000,114804,192000,3999.250,120.0,8,13,2,0.00000,0.00000,0.00000,0.00000,0.00000
51.490,0,51474.000,166785,192000,3999.312,120.0,8,13,2,0.00000,0.00000,0.00000,0.00000,0.00000
51.490,1,51474.000,166785,192000,3999.312,120.0,8,13,2,0.00000,0.00000,0.00000,0.00000,0.00000
51.490,2,50492.000,119658,192000,3999.125,120.0,8,13,2,0.00000,0.00000,0.00000,0.00000,0.00000
51.593,0,51577.000,171706,192000,3999.792,120.0,8,13,2,0.00000,0.00000,0.00000,0.00000,0.00000
51.593,1,51577.000,171706,192000,3999.792,120.0,8,13,2,0.00000,0.00000,0.00000,0.00000,0.00000
51.593,2,50595.000,124579,192000,3999.604,120.0,8,13,2,0.00000,0.00000,0.00000,0.00000,0.00000
51.694,0,51678.000,176582,192000,3999.208,120.0,8,13,2,0.00000,0.00000,0.00000,0.00000,0.00000
51.694,1,51678.000,176582,192000,3999.208,120.0,8,13,2,0.00000,0.00000,0.00000,0.00000,0.00000
51.694,2,50696.000,129455,192000,3999.021,120.0,8,13,2,0.00000,0.00000,0.00000,0.00000,0.00000
51.796,0,51780.000,181456,192000,3999.667,120.0,8,13,2,0.00000,0.00000,0.00000,0.00000,0.00000
51.796,1,51780.000,181456,192000,3999.667,120.0,8,13,2,0.00000,0.00000,0.00000,0.00000,0.00000
51.796,2,50798.000,134329,192000,3999.479,120.0,8,13,2,0.00000,0.00000,0.00000,0.00000,0.00000
51.897,0,51881.000,186310,192000,3999.542,120.0,8,13,2,0.00000,0.00000,0.00000,0.00000,0.00000
51.897,1,51881.000,186310,192000,3999.542,120.0,8,13,2,0.00000,0.00000,0.00000,0.00000,0.00000
51.897,2,50899.000,139183,192000,3999.354,120.0,8,13,2,0.00000,0.00000,0.00000,0.00000,0.00000
51.999,0,51984.000,191233,192000,3999.979,120.0,8,13,2,0.00000,0.00000,0.00000,0.00000,0.00000
51.999,1,51984.000,191233,192000,3999.979,120.0,8,13,2,0.00000,0.00000,0.00000,0.00000,0.00000
51.999,2,51002.000,144106,192000,3999.792,120.0,8,13,2,0.00000,0.00000,0.00000,0.00000,0.00000
52.102,0,52086.000,4140,192000,3999.750,120.0,8,14,2,0.00000,0.00000,0.00000,0.00000,0.00000
52.102,1,52086.000,4140,192000,3999.750,120.0,8,14,2,0.00000,0.00000,0.00000,0.00000,0.00000
52.102,2,51104.000,149013,192000,3999.562,120.0,8,13,2,0.00000,0.00000,0.00000,0.00000,0.00000
52.205,0,52189.000,9087,192000,3999.688,120.0,8,14,2,0.00000,0.00000,0.00000,0.00000,0.00000
52.205,1,52189.000,9087,192000,3999.688,120.0,8,14,2,0.00000,0.00000,0.00000,0.00000,0.00000
52.205,2,51207.000,153960,192000,3999.500,120.0,8,13,2,0.00000,0.00000,0.00000,0.00000,0.00000
52.306,0,52290.000,13964,192000,3999.083,120.0,8,14,2,0.00000,0.00000,0.00000,0.00000,0.00000
52.306,1,52290.000,13964,192000,3999.083,120.0,8,14,2,0.00000,0.00000,0.00000,0.00000,0.00000
52.306,2,51309.000,158837,192000,3999.896,120.0,8,13,2,0.00000,0.00000,0.00000,0.00000,0.00000
52.409,0,52393.000,18893,192000,3999.396,120.0,8,14,2,0.00000,0.00000,0.00000,0.00000,0.00000
52.409,1,52393.000,18893,192000,3999.396,120.0,8,14,2,0.00000,0.00000,0.00000,0.00000,0.00000
52.409,2,51411.000,163766,192000,3999.208,120.0,8,13,2,0.00000,0.00000,0.00000,0.00000,0.00000
52.509,0,52494.000,23716,192000,3999.917,120.0,8,14,2,0.00000,0.00000,0.00000,0.00000,0.00000
52.509,1,52494.000,23716,192000,3999.917,120.0,8,14,2,0.00000,0.00000,0.00000,0.00000,0.00000
52.509,2,51512.000,168589,192000,3999.729,120.0,8,13,2,0.00000,0.00000,0.00000,0.00000,0.00000
52.610,0,52594.000,28521,192000,3999.812,120.0,8,14,2,0.00000,0.00000,0.00000,0.00000,0.00000
52.610,1,52594.000,28521,192000,3999.812,120.0,8,14,2,0.00000,0.00000,0.00000,0.00000,0.00000
52.610,2,51612.000,173394,192000,3999.625,120.0,8,13,2,0.00000,0.00000,0.00000,0.00000,0.00000
52.710,0,52694.000,33359,192000,3999.021,120.0,8,14,2,0.00000,0.00000,0.00000,0.00000,0.00000
52.710,1,52694.000,33359,192000,3999.021,120.0,8,14,2,0.00000,0.00000,0.00000,0.00000,0.00000
52.710,2,51713.000,178232,192000,3999.833,120.0,8,13,2,0.00000,0.00000,0.00000,0.00000,0.00000
52.812,0,52796.000,38219,192000,3999.771,120.0,8,14,2,0.00000,0.00000,0.00000,0.00000,0.00000
52.812,1,52796.000,38219,192000,3999.771,120.0,8,14,2,0.00000,0.00000,0.00000,0.00000,0.00000
52.812,2,51814.000,183092,192000,3999.583,120.0,8,13,2,0.00000,0.00000,0.00000,0.00000,0.00000
52.913,0,52897.000,43075,192000,3999.604,120.0,8,14,2,0.00000,0.00000,0.00000,0.00000,0.00000
52.913,1,52897.000,43075,192000,3999.604,120.0,8,14,2,0.00000,0.00000,0.00000,0.00000,0.00000
52.913,2,51915.000,187948,192000,3999.417,120.0,8,13,2,0.00000,0.00000,0.00000,0.00000,0.00000
53.017,0,53001.000,48070,192000,3999.542,120.0,8,14,2,0.00000,0.00000,0.00000,0.00000,0.00000
53.017,1,53001.000,48070,192000,3999.542,120.0,8,14,2,0.00000,0.00000,0.00000,0.00000,0.00000
53.017,2,52019.000,943,192000,3999.354,120.0,8,14,2,0.12576,0.12576,0.12555,0.00000,0.00000
53.118,0,53103.000,52949,192000,3999.896,120.0,8,14,2,0.00000,0.00000,0.00000,0.00000,0.00000
53.118,1,53103.000,52949,192000,3999.896,120.0,8,14,2,0.00000,0.00000,0.00000,0.00000,0.00000
53.118,2,52121.000,5822,192000,3999.708,120.0,8,14,2,0.08365,0.08333,0.08365,0.00000,0.00000
53.220,0,53204.000,57811,192000,3999.604,120.0,8,14,2,0.00000,0.00000,0.00000,0.00000,0.00000
53.220,1,53204.000,57811,192000,3999.604,120.0,8,14,2,0.00000,0.00000,0.00000,0.00000,0.00000
53.220,2,52222.000,10684,192000,3999.417,120.0,8,14,2,0.05489,0.05468,0.05489,0.00000,0.00000
53.322,0,53306.000,62711,192000,3999.521,120.0,8,14,2,0.00000,0.00000,0.00000,0.00000,0.00000
53.322,1,53306.000,62711,192000,3999.521,120.0,8,14,2,0.00000,0.00000,0.00000,0.00000,0.00000
53.322,2,52324.000,15584,192000,3999.333,120.0,8,14,2,0.03590,0.03577,0.03590,0.00000,0.00000
53.424,0,53408.000,67606,192000,3999.542,120.0,8,14,2,0.00000,0.00000,0.00000,0.00000,0.00000
53.424,1,53408.000,67606,192000,3999.542,120.0,8,14,2,0.00000,0.00000,0.00000,0.00000,0.00000
53.424,2,52426.000,20479,192000,3999.354,120.0,8,14,2,0.02349,0.02340,0.02349,0.00000,0.00000
53.525,0,53510.000,72481,192000,3999.979,120.0,8,14,2,0.00000,0.00000,0.00000,0.00000,0.00000
53.525,1,53510.000,72481,192000,3999.979,120.0,8,14,2,0.00000,0.00000,0.00000,0.00000,0.00000
53.525,2,52528.000,25354,192000,3999.792,120.0,8,14,2,0.01540,0.01534,0.01540,0.00000,0.00000
53.627,0,53611.000,77342,192000,3999.708,120.0,8,14,2,0.00000,0.00000,0.00000,0.00000,0.00000
53.627,1,53611.000,77342,192000,3999.708,120.0,8,14,2,0.00000,0.00000,0.00000,0.00000,0.00000
53.627,2,52629.000,30215,192000,3999.521,120.0,8,14,2,0.01011,0.01007,0.01011,0.00000,0.00000
53.729,0,53714.000,82277,192000,3999.896,120.0,8,14,2,0.00000,0.00000,0.00000,0.00000,0.00000
53.729,1,53714.000,82277,192000,3999.896,120.0,8,14,2,0.00000,0.00000,0.00000,0.00000,0.00000
53.729,2,52732.000,35150,192000,3999.708,120.0,8,14,2,0.00659,0.00657,0.00659,0.00000,0.00000
53.832,0,53816.000,87178,192000,3999.792,120.0,8,14,2,0.00000,0.00000,0.00000,0.00000,0.00000
53.832,1,53816.000,87178,192000,3999.792,120.0,8,14,2,0.00000,0.00000,0.00000,0.00000,0.00000
53.832,2,52834.000,40051,192000,3999.604,120.0,8,14,2,0.00431,0.00429,0.00431,0.00000,0.00000
53.933,0,53917.000,92045,192000,3999.396,120.0,8,14,2,0.00000,0.00000,0.00000,0.00000,0.00000
53.933,1,53917.000,92045,192000,3999.396,120.0,8,14,2,0.00000,0.00000,0.00000,0.00000,0.00000
53.933,2,52935.000,44918,192000,3999.208,120.0,8,14,2,0.00283,0.00282,0.00283,0.00000,0.00000
54.034,0,54018.000,96892,192000,3999.417,120.0,8,14,2,0.00000,0.00000,0.00000,0.00000,0.00000
54.034,1,54018.000,96892,192000,3999.417,120.0,8,14,2,0.00000,0.00000,0.00000,0.00000,0.00000
54.034,2,53036.000,49765,192000,3999.229,120.0,8,14,2,0.00186,0.00185,0.00186,0.00000,0.00000
54.136,0,54120.000,101781,192000,3999.562,120.0,8,14,2,0.00000,0.00000,0.00000,0.00000,0.00000
54.136,1,54120.000,101781,192000,3999.562,120.0,8,14,2,0.00000,0.00000,0.00000,0.00000,0.00000
54.136,2,53138.000,54654,192000,3999.375,120.0,8,14,2,0.00122,0.00121,0.00122,0.00000,0.00000
54.237,0,54221.000,106626,192000,3999.625,120.0,8,14,2,0.00000,0.00000,0.00000,0.00000,0.00000
54.237,1,54221.000,106626,192000,3999.625,120.0,8,14,2,0.00000,0.00000,0.00000,0.00000,0.00000
54.237,2,53239.000,59499,192000,3999.438,120.0,8,14,2,0.00080,0.00080,0.00080,0.00000,0.00000
54.339,0,54323.000,111551,192000,3999.021,120.0,8,14,2,0.00000,0.00000,0.00000,0.00000,0.00000
54.339,1,54323.000,111551,192000,3999.021,120.0,8,14,2,0.00000,0.00000,0.00000,0.00000,0.00000
54.339,2,53342.000,64424,192000,3999.833,120.0,8,14,2,0.00052,0.00052,0.00052,0.00000,0.00000
54.442,0,54426.000,116479,192000,3999.354,120.0,8,14,2,0.00000,0.00000,0.00000,0.00000,0.00000
54.442,1,54426.000,116479,192000,3999.354,120.0,8,14,2,0.00000,0.00000,0.00000,0.00000,0.00000
54.442,2,53444.000,69352,192000,3999.167,120.0,8,14,2,0.00034,0.00034,0.00034,0.00000,0.00000
54.543,0,54527.000,121328,192000,3999.333,120.0,8,14,2,0.00000,0.00000,0.00000,0.00000,0.00000
54.543,1,54527.000,121328,192000,3999.333,120.0,8,14,2,0.00000,0.00000,0.00000,0.00000,0.00000
54.543,2,53545.000,74201,192000,3999.146,120.0,8,14,2,0.00022,0.00022,0.00022,0.00000,0.00000
54.644,0,54629.000,126198,192000,3999.875,120.0,8,14,2,0.00000,0.00000,0.00000,0.00000,0.00000
54.644,1,54629.000,126198,192000,3999.875,120.0,8,14,2,0.00000,0.00000,0.00000,0.00000,0.00000
54.644,2,53647.000,79071,192000,3999.688,120.0,8,14,2,0.00015,0.00015,0.00015,0.00000,0.00000
54.745,0,54729.000,131037,192000,3999.062,120.0,8,14,2,0.00000,0.00000,0.00000,0.00000,0.00000
54.745,1,54729.000,131037,192000,3999.062,120.0,8,14,2,0.00000,0.00000,0.00000,0.00000,0.00000
54.745,2,53748.000,83910,192000,3999.875,120.0,8,14,2,0.00010,0.00010,0.00010,0.00000,0.00000
54.847,0,54832.000,135941,192000,3999.896,120.0,8,14,2,0.00000,0.00000,0.00000,0.00000,0.00000
54.847,1,54832.000,135941,192000,3999.896,120.0,8,14,2,0.00000,0.00000,0.00000,0.00000,0.00000
54.847,2,53850.000,88814,192000,3999.708,120.0,8,14,2,0.00006,0.00006,0.00006,0.00000,0.00000
54.949,0,54933.000,140807,192000,3999.521,120.0,8,14,2,0.00000,0.00000,0.00000,0.00000,0.00000
54.949,1,54933.000,140807,192000,3999.521,120.0,8,14,2,0.00000,0.00000,0.00000,0.00000,0.00000
54.949,2,53951.000,93680,192000,3999.333,120.0,8,14,2,0.00004,0.00004,0.00004,0.00000,0.00000
55.050,0,55035.000,145683,192000,3999.938,120.0,8,14,2,0.00000,0.00000,0.00000,0.00000,0.00000
55.050,1,55035.000,145683,192000,3999.938,120.0,8,14,2,0.00000,0.00000,0.00000,0.00000,0.00000
55.050,2,54053.000,98556,192000,3999.750,120.0,8,14,2,0.00003,0.00003,0.00003,0.00000,0.00000
55.153,0,55137.000,150603,192000,3999.438,120.0,8,14,2,0.00000,0.00000,0.00000,0.00000,0.00000
55.153,1,55137.000,150603,192000,3999.438,120.0,8,14,2,0.00000,0.00000,0.00000,0.00000,0.00000
55.153,2,54155.000,103476,192000,3999.250,120.0,8,14,2,0.00002,0.00002,0.00002,0.00000,0.00000
55.255,0,55239.000,155488,192000,3999.667,120.0,8,14,2,0.00000,0.00000,0.00000,0.00000,0.00000
55.255,1,55239.000,155488,192000,3999.667,120.0,8,14,2,0.00000,0.00000,0.00000,0.00000,0.00000
55.255,2,54257.000,108361,192000,3999.479,120.0,8,14,2,0.00001,0.00001,0.00001,0.00000,0.00000
55.356,0,55340.000,160362,192000,3999.125,120.0,8,14,2,0.00000,0.00000,0.00000,0.00000,0.00000
55.356,1,55340.000,160362,192000,3999.125,120.0,8,14,2,0.00000,0.00000,0.00000,0.00000,0.00000
55.356,2,54359.000,113235,192000,3999.938,120.0,8,14,2,0.00001,0.00001,0.00001,0.00000,0.00000
55.458,0,55442.000,165245,192000,3999.396,120.0,8,14,2,0.00000,0.00000,0.00000,0.00000,0.00000
55.458,1,55442.000,165245,192000,3999.396,120.0,8,14,2,0.00000,0.00000,0.00000,0.00000,0.00000
55.458,2,54460.000,118118,192000,3999.208,120.0,8,14,2,0.00000,0.00000,0.00000,0.00000,0.00000
55.558,0,55542.000,170049,192000,3999.312,120.0,8,14,2,0.00000,0.00000,0.00000,0.00000,0.00000
55.558,1,55542.000,170049,192000,3999.312,120.0,8,14,2,0.00000,0.00000,0.00000,0.00000,0.00000
55.558,2,54560.000,122922,192000,3999.125,120.0,8,14,2,0.00000,0.00000,0.00000,0.00000,0.00000
55.661,0,55645.000,174977,192000,3999.646,120.0,8,14,2,0.00000,0.00000,0.00000,0.00000,0.00000
55.661,1,55645.000,174977,192000,3999.646,120.0,8,14,2,0.00000,0.00000,0.00000,0.00000,0.00000
55.661,2,54663.000,127850,192000,3999.458,120.0,8,14,2,0.00000,0.00000,0.00000,0.00000,0.00000
55.763,0,55747.000,179867,192000,3999.771,120.0,8,14,2,0.00000,0.00000,0.00000,0.00000,0.00000
55.763,1,55747.000,179867,192000,3999.771,120.0,8,14,2,0.00000,0.00000,0.00000,0.00000,0.00000
55.763,2,54765.000,132740,192000,3999.583,120.0,8,14,2,0.00000,0.00000,0.00000,0.00000,0.00000
55.864,0,55848.000,184725,192000,3999.562,120.0,8,14,2,0.00000,0.00000,0.00000,0.00000,0.00000
55.864,1,55848.000,184725,192000,3999.562,120.0,8,14,2,0.00000,0.00000,0.00000,0.00000,0.00000
55.864,2,54866.000,137598,192000,3999.375,120.0,8,14,2,0.00000,0.00000,0.00000,0.00000,0.00000
55.964,0,55948.000,189547,192000,3999.104,120.0,8,14,2,0.00000,0.00000,0.00000,0.00000,0.00000
55.964,1,55948.000,189547,192000,3999.104,120.0,8,14,2,0.00000,0.00000,0.00000,0.00000,0.00000
55.964,2,54967.000,142420,192000,3999.917,120.0,8,14,2,0.00000,0.00000,0.00000,0.00000,0.00000
56.065,0,56049.000,2376,192000,3999.500,120.0,8,15,2,0.11237,0.11198,0.11237,0.00000,0.00000
56.065,1,56049.000,2376,192000,3999.500,120.0,8,15,2,0.11198,0.11198,0.11172,0.00000,0.00000
56.065,2,55067.000,147249,192000,3999.312,120.0,8,14,2,0.00000,0.00000,0.00000,0.00000,0.00000
56.166,0,56150.000,7243,192000,3999.104,120.0,8,15,2,0.07371,0.07345,0.07371,0.00000,0.00000
56.166,1,56150.000,7243,192000,3999.104,120.0,8,15,2,0.07345,0.07345,0.07328,0.00000,0.00000
56.166,2,55169.000,152116,192000,3999.917,120.0,8,14,2,0.00000,0.00000,0.00000,0.00000,0.00000
56.267,0,56251.000,12088,192000,3999.167,120.0,8,15,2,0.04844,0.04827,0.04844,0.00000,0.00000
56.267,1,56251.000,12088,192000,3999.167,120.0,8,15,2,0.04827,0.04827,0.04816,0.00000,0.00000
56.267,2,55270.000,156961,192000,3999.979,120.0,8,14,2,0.00000,0.00000,0.00000,0.00000,0.00000
56.369,0,56353.000,16967,192000,3999.521,120.0,8,15,2,0.03174,0.03163,0.03174,0.00000,0.00000
56.369,1,56353.000,16967,192000,3999.521,120.0,8,15,2,0.03163,0.03163,0.03156,0.00000,0.00000
56.369,2,55371.000,161840,192000,3999.333,120.0,8,14,2,0.00000,0.00000,0.00000,0.00000,0.00000
56.469,0,56453.000,21785,192000,3999.146,120.0,8,15,2,0.02091,0.02084,0.02091,0.00000,0.00000
56.469,1,56453.000,21785,192000,3999.146,120.0,8,15,2,0.02084,0.02084,0.02079,0.00000,0.00000
56.469,2,55472.000,166658,192000,3999.958,120.0,8,14,2,0.00000,0.00000,0.00000,0.00000,0.00000
56.570,0,56554.000,26635,192000,3999.104,120.0,8,15,2,0.01374,0.01369,0.01374,0.00000,0.00000
56.570,1,56554.000,26635,192000,3999.104,120.0,8,15,2,0.01369,0.01369,0.01366,0.00000,0.00000
56.570,2,55573.000,171508,192000,3999.917,120.0,8,14,2,0.00000,0.00000,0.00000,0.00000,0.00000
56.672,0,56656.000,31508,192000,3999.583,120.0,8,15,2,0.00900,0.00897,0.00900,0.00000,0.00000
56.672,1,56656.000,31508,192000,3999.583,120.0,8,15,2,0.00897,0.00897,0.00895,0.00000,0.00000
56.672,2,55674.000,176381,192000,3999.396,120.0,8,14,2,0.00000,0.00000,0.00000,0.00000,0.00000
56.774,0,56758.000,36425,192000,3999.146,120.0,8,15,2,0.00588,0.00586,0.00588,0.00000,0.00000
56.774,1,56758.000,36425,192000,3999.146,120.0,8,15,2,0.00586,0.00586,0.00585,0.00000,0.00000
56.774,2,55777.000,181298,192000,3999.958,120.0,8,14,2,0.00000,0.00000,0.00000,0.00000,0.00000
56.877,0,56861.000,41366,192000,3999.208,120.0,8,15,2,0.00383,0.00382,0.00383,0.00000,0.00000
56.877,1,56861.000,41366,192000,3999.208,120.0,8,15,2,0.00382,0.00382,0.00381,0.00000,0.00000
56.877,2,55879.000,186239,192000,3999.021,120.0,8,14,2,0.00000,0.00000,0.00000,0.00000,0.00000
56.979,0,56963.000,46257,192000,3999.312,120.0,8,15,2,0.00251,0.00250,0.00251,0.00000,0.00000
56.979,1,56963.000,46257,192000,3999.312,120.0,8,15,2,0.00250,0.00250,0.00249,0.00000,0.00000
56.979,2,55981.000,191130,192000,3999.125,120.0,8,14,2,0.00000,0.00000,0.00000,0.00000,0.00000
57.082,0,57066.000,51187,192000,3999.604,120.0,8,15,2,0.00164,0.00163,0.00164,0.00000,0.00000
57.082,1,57066.000,51187,192000,3999.604,120.0,8,15,2,0.00163,0.00163,0.00163,0.00000,0.00000
57.082,2,56084.000,4060,192000,3999.417,120.0,8,15,2,0.00000,0.00000,0.00000,0.00000,0.00000
57.182,0,57167.000,56017,192000,3999.979,120.0,8,15,2,0.00108,0.00107,0.00108,0.00000,0.00000
57.182,1,57167.000,56017,192000,3999.979,120.0,8,15,2,0.00107,0.00107,0.00107,0.00000,0.00000
57.182,2,56185.000,8890,192000,3999.792,120.0,8,15,2,0.00000,0.00000,0.00000,0.00000,0.00000
57.284,0,57269.000,60913,192000,3999.979,120.0,8,15,2,0.00070,0.00070,0.00070,0.00000,0.00000
57.284,1,57269.000,60913,192000,3999.979,120.0,8,15,2,0.00070,0.00070,0.00070,0.00000,0.00000
57.284,2,56287.000,13786,192000,3999.792,120.0,8,15,2,0.00000,0.00000,0.00000,0.00000,0.00000
57.386,0,57370.000,65798,192000,3999.208,120.0,8,15,2,0.00046,0.00046,0.00046,0.00000,0.00000
57.386,1,57370.000,65798,192000,3999.208,120.0,8,15,2,0.00046,0.00046,0.00046,0.00000,0.00000
57.386,2,56388.000,18671,192000,3999.021,120.0,8,15,2,0.00000,0.00000,0.00000,0.00000,0.00000
57.487,0,57471.000,70620,192000,3999.750,120.0,8,15,2,0.00030,0.00030,0.00030,0.00000,0.00000
57.487,1,57471.000,70620,192000,3999.750,120.0,8,15,2,0.00030,0.00030,0.00030,0.00000,0.00000
57.487,2,56489.000,23493,192000,3999.562,120.0,8,15,2,0.00000,0.00000,0.00000,0.00000,0.00000
57.589,0,57573.000,75544,192000,3999.167,120.0,8,15,2,0.00020,0.00020,0.00020,0.00000,0.00000
57.589,1,57573.000,75544,192000,3999.167,120.0,8,15,2,0.00020,0.00020,0.00020,0.00000,0.00000
57.589,2,56592.000,28417,192000,3999.979,120.0,8,15,2,0.00000,0.00000,0.00000,0.00000,0.00000
57.690,0,57674.000,80386,192000,3999.292,120.0,8,15,2,0.00013,0.00013,0.00013,0.00000,0.00000
57.690,1,57674.000,80386,192000,3999.292,120.0,8,15,2,0.00013,0.00013,0.00013,0.00000,0.00000
57.690,2,56692.000,33259,192000,3999.104,120.0,8,15,2,0.00000,0.00000,0.00000,0.00000,0.00000
57.792,0,57776.000,85268,192000,3999.583,120.0,8,15,2,0.00009,0.00009,0.00009,0.00000,0.00000
57.792,1,57776.000,85268,192000,3999.583,120.0,8,15,2,0.00009,0.00009,0.00008,0.00000,0.00000
57.792,2,56794.000,38141,192000,3999.396,120.0,8,15,2,0.00000,0.00000,0.00000,0.00000,0.00000
57.894,0,57878.000,90179,192000,3999.271,120.0,8,15,2,0.00006,0.00006,0.00006,0.00000,0.00000
57.894,1,57878.000,90179,192000,3999.271,120.0,8,15,2,0.00006,0.00006,0.00006,0.00000,0.00000
57.894,2,56896.000,43052,192000,3999.083,120.0,8,15,2,0.00000,0.00000,0.00000,0.00000,0.00000
57.995,0,57979.000,95022,192000,3999.375,120.0,8,15,2,0.00004,0.00004,0.00004,0.00000,0.00000
57.995,1,57979.000,95022,192000,3999.375,120.0,8,15,2,0.00004,0.00004,0.00004,0.00000,0.00000
57.995,2,56997.000,47895,192000,3999.188,120.0,8,15,2,0.00000,0.00000,0.00000,0.00000,0.00000
58.097,0,58081.000,99896,192000,3999.833,120.0,8,15,2,0.00002,0.00002,0.00002,0.00000,0.00000
58.097,1,58081.000,99896,192000,3999.833,120.0,8,15,2,0.00002,0.00002,0.00002,0.00000,0.00000
58.097,2,57099.000,52769,192000,3999.646,120.0,8,15,2,0.00000,0.00000,0.00000,0.00000,0.00000
58.198,0,58182.000,104778,192000,3999.125,120.0,8,15,2,0.00002,0.00002,0.00002,0.00000,0.00000
58.198,1,58182.000,104778,192000,3999.125,120.0,8,15,2,0.00002,0.00002,0.00002,0.00000,0.00000
58.198,2,57201.000,57651,192000,3999.938,120.0,8,15,2,0.00000,0.00000,0.00000,0.00000,0.00000
58.300,0,58284.000,109662,192000,3999.375,120.0,8,15,2,0.00001,0.00001,0.00001,0.00000,0.00000
58.300,1,58284.000,109662,192000,3999.375,120.0,8,15,2,0.00001,0.00001,0.00001,0.00000,0.00000
58.300,2,57302.000,62535,192000,3999.188,120.0,8,15,2,0.00000,0.00000,0.00000,0.00000,0.00000
58.402,0,58386.000,114558,192000,3999.375,120.0,8,15,2,0.00001,0.00001,0.00001,0.00000,0.00000
58.402,1,58386.000,114558,192000,3999.375,120.0,8,15,2,0.00001,0.00001,0.00001,0.00000,0.00000
58.402,2,57404.000,67431,192000,3999.188,120.0,8,15,2,0.00000,0.00000,0.00000,0.00000,0.00000
58.503,0,58487.000,119416,192000,3999.167,120.0,8,15,2,0.00000,0.00000,0.00000,0.00000,0.00000
58.503,1,58487.000,119416,192000,3999.167,120.0,8,15,2,0.00000,0.00000,0.00000,0.00000,0.00000
58.503,2,57506.000,72289,192000,3999.979,120.0,8,15,2,0.00000,0.00000,0.00000,0.00000,0.00000
58.603,0,58588.000,124225,192000,3999.979,120.0,8,15,2,0.00000,0.00000,0.00000,0.00000,0.00000
58.603,1,58588.000,124225,192000,3999.979,120.0,8,15,2,0.00000,0.00000,0.00000,0.00000,0.00000
58.603,2,57606.000,77098,192000,3999.792,120.0,8,15,2,0.00000,0.00000,0.00000,0.00000,0.00000
58.705,0,58689.000,129085,192000,3999.729,120.0,8,15,2,0.00000,0.00000,0.00000,0.00000,0.00000
58.705,1,58689.000,129085,192000,3999.729,120.0,8,15,2,0.00000,0.00000,0.00000,0.00000,0.00000
58.705,2,57707.000,81958,192000,3999.542,120.0,8,15,2,0.00000,0.00000,0.00000,0.00000,0.00000
58.808,0,58792.000,134023,192000,3999.854,120.0,8,15,2,0.00000,0.00000,0.00000,0.00000,0.00000
58.808,1,58792.000,134023,192000,3999.854,120.0,8,15,2,0.00000,0.00000,0.00000,0.00000,0.00000
58.808,2,57810.000,86896,192000,3999.667,120.0,8,15,2,0.00000,0.00000,0.00000,0.00000,0.00000
58.908,0,58892.000,138849,192000,3999.312,120.0,8,15,2,0.00000,0.00000,0.00000,0.00000,0.00000
58.908,1,58892.000,138849,192000,3999.312,120.0,8,15,2,0.00000,0.00000,0.00000,0.00000,0.00000
58.908,2,57910.000,91722,192000,3999.125,120.0,8,15,2,0.00000,0.00000,0.00000,0.00000,0.00000
59.009,0,58993.000,143674,192000,3999.792,120.0,8,15,2,0.00000,0.00000,0.00000,0.00000,0.00000
59.009,1,58993.000,143674,192000,3999.792,120.0,8,15,2,0.00000,0.00000,0.00000,0.00000,0.00000
59.009,2,58011.000,96547,192000,3999.604,120.0,8,15,2,0.00000,0.00000,0.00000,0.00000,0.00000
59.109,0,59094.000,148517,192000,3999.896,120.0,8,15,2,0.00000,0.00000,0.00000,0.00000,0.00000
59.109,1,59094.000,148517,192000,3999.896,120.0,8,15,2,0.00000,0.00000,0.00000,0.00000,0.00000
59.109,2,58112.000,101390,192000,3999.708,120.0,8,15,2,0.00000,0.00000,0.00000,0.00000,0.00000
59.212,0,59196.000,153418,192000,3999.792,120.0,8,15,2,0.00000,0.00000,0.00000,0.00000,0.00000
59.212,1,59196.000,153418,192000,3999.792,120.0,8,15,2,0.00000,0.00000,0.00000,0.00000,0.00000
59.212,2,58214.000,106291,192000,3999.604,120.0,8,15,2,0.00000,0.00000,0.00000,0.00000,0.00000
59.312,0,59296.000,158227,192000,3999.604,120.0,8,15,2,0.00000,0.00000,0.00000,0.00000,0.00000
59.312,1,59296.000,158227,192000,3999.604,120.0,8,15,2,0.00000,0.00000,0.00000,0.00000,0.00000
59.312,2,58314.000,111100,192000,3999.417,120.0,8,15,2,0.00000,0.00000,0.00000,0.00000,0.00000
59.414,0,59398.000,163134,192000,3999.375,120.0,8,15,2,0.00000,0.00000,0.00000,0.00000,0.00000
59.414,1,59398.000,163134,192000,3999.375,120.0,8,15,2,0.00000,0.00000,0.00000,0.00000,0.00000
59.414,2,58416.000,116007,192000,3999.188,120.0,8,15,2,0.00000,0.00000,0.00000,0.00000,0.00000
59.516,0,59500.000,168045,192000,3999.062,120.0,8,15,2,0.00000,0.00000,0.00000,0.00000,0.00000
59.516,1,59500.000,168045,192000,3999.062,120.0,8,15,2,0.00000,0.00000,0.00000,0.00000,0.00000
59.516,2,58519.000,120918,192000,3999.875,120.0,8,15,2,0.00000,0.00000,0.00000,0.00000,0.00000
59.619,0,59603.000,172967,192000,3999.521,120.0,8,15,2,0.00000,0.00000,0.00000,0.00000,0.00000
59.619,1,59603.000,172967,192000,3999.521,120.0,8,15,2,0.00000,0.00000,0.00000,0.00000,0.00000
59.619,2,58621.000,125840,192000,3999.333,120.0,8,15,2,0.00000,0.00000,0.00000,0.00000,0.00000
59.721,0,59705.000,177871,192000,3999.354,120.0,8,15,2,0.00000,0.00000,0.00000,0.00000,0.00000
59.721,1,59705.000,177871,192000,3999.354,120.0,8,15,2,0.00000,0.00000,0.00000,0.00000,0.00000
59.721,2,58723.000,130744,192000,3999.167,120.0,8,15,2,0.00000,0.00000,0.00000,0.00000,0.00000
59.822,0,59807.000,182740,192000,3999.917,120.0,8,15,2,0.00000,0.00000,0.00000,0.00000,0.00000
59.822,1,59807.000,182740,192000,3999.917,120.0,8,15,2,0.00000,0.00000,0.00000,0.00000,0.00000
59.822,2,58825.000,135613,192000,3999.729,120.0,8,15,2,0.00000,0.00000,0.00000,0.00000,0.00000
59.923,0,59907.000,187551,192000,3999.688,120.0,8,15,2,0.00000,0.00000,0.00000,0.00000,0.00000
59.923,1,59907.000,187551,192000,3999.688,120.0,8,15,2,0.00000,0.00000,0.00000,0.00000,0.00000
59.923,2,58925.000,140424,192000,3999.500,120.0,8,15,2,0.00000,0.00000,0.00000,0.00000,0.00000
60.027,0,60011.000,547,192000,3999.604,120.0,8,16,2,0.00000,0.00000,0.00000,0.00000,0.00000
60.027,1,60011.000,547,192000,3999.604,120.0,8,16,2,0.00000,0.00000,0.00000,0.00000,0.00000
60.027,2,59029.000,145420,192000,3999.417,120.0,8,15,2,0.00000,0.00000,0.00000,0.00000,0.00000
60.127,0,60111.000,5367,192000,3999.188,120.0,8,16,2,0.00000,0.00000,0.00000,0.00000,0.00000
60.127,1,60111.000,5367,192000,3999.188,120.0,8,16,2,0.00000,0.00000,0.00000,0.00000,0.00000
60.127,2,59130.000,150240,192000,0.000,120.0,8,15,2,0.00000,0.00000,0.00000,0.00000,0.00000
60.230,0,60214.000,10290,192000,3999.625,120.0,8,16,2,0.00000,0.00000,0.00000,0.00000,0.00000
60.230,1,60214.000,10290,192000,3999.625,120.0,8,16,2,0.00000,0.00000,0.00000,0.00000,0.00000
60.230,2,59232.000,155163,192000,3999.438,120.0,8,15,2,0.00000,0.00000,0.00000,0.00000,0.00000
60.331,0,60315.000,15149,192000,3999.396,120.0,8,16,2,0.00000,0.00000,0.00000,0.00000,0.00000
60.331,1,60315.000,15149,192000,3999.396,120.0,8,16,2,0.00000,0.00000,0.00000,0.00000,0.00000
60.331,2,59333.000,160022,192000,3999.208,120.0,8,15,2,0.00000,0.00000,0.00000,0.00000,0.00000
60.432,0,60417.000,20017,192000,3999.979,120.0,8,16,2,0.00000,0.00000,0.00000,0.00000,0.00000
60.432,1,60417.000,20017,192000,3999.979,120.0,8,16,2,0.00000,0.00000,0.00000,0.00000,0.00000
60.432,2,59435.000,164890,192000,3999.792,120.0,8,15,2,0.00000,0.00000,0.00000,0.00000,0.00000
60.536,0,60520.000,24967,192000,3999.854,120.0,8,16,2,0.00000,0.00000,0.00000,0.00000,0.00000
60.536,1,60520.000,24967,192000,3999.854,120.0,8,16,2,0.00000,0.00000,0.00000,0.00000,0.00000
60.536,2,59538.000,169840,192000,3999.667,120.0,8,15,2,0.00000,0.00000,0.00000,0.00000,0.00000
60.638,0,60622.000,29896,192000,3999.167,120.0,8,16,2,0.00000,0.00000,0.00000,0.00000,0.00000
60.638,1,60622.000,29896,192000,3999.167,120.0,8,16,2,0.00000,0.00000,0.00000,0.00000,0.00000
60.638,2,59641.000,174769,192000,3999.979,120.0,8,15,2,0.00000,0.00000,0.00000,0.00000,0.00000
60.740,0,60724.000,34767,192000,3999.688,120.0,8,16,2,0.00000,0.00000,0.00000,0.00000,0.00000
60.740,1,60724.000,34767,192000,3999.688,120.0,8,16,2,0.00000,0.00000,0.00000,0.00000,0.00000
60.740,2,59742.000,179640,192000,3999.500,120.0,8,15,2,0.00000,0.00000,0.00000,0.00000,0.00000
60.842,0,60827.000,39697,192000,3999.979,120.0,8,16,2,0.00000,0.00000,0.00000,0.00000,0.00000
60.842,1,60827.000,39697,192000,3999.979,120.0,8,16,2,0.00000,0.00000,0.00000,0.00000,0.00000
60.842,2,59845.000,184570,192000,3999.792,120.0,8,15,2,0.00000,0.00000,0.00000,0.00000,0.00000
60.945,0,60929.000,44619,192000,3999.438,120.0,8,16,2,0.00000,0.00000,0.00000,0.00000,0.00000
60.945,1,60929.000,44619,192000,3999.438,120.0,8,16,2,0.00000,0.00000,0.00000,0.00000,0.00000
60.945,2,59947.000,189492,192000,3999.250,120.0,8,15,2,0.00000,0.00000,0.00000,0.00000,0.00000
61.047,0,61031.000,49519,192000,3999.354,120.0,8,16,2,0.00000,0.00000,0.00000,0.00000,0.00000
61.047,1,61031.000,49519,192000,3999.354,120.0,8,16,2,0.00000,0.00000,0.00000,0.00000,0.00000
61.047,2,60049.000,2392,192000,3999.167,120.0,8,16,2,0.00000,0.00000,0.00000,0.00000,0.00000
61.148,0,61132.000,54344,192000,3999.833,120.0,8,16,2,0.00000,0.00000,0.00000,0.00000,0.00000
61.148,1,61132.000,54344,192000,3999.833,120.0,8,16,2,0.00000,0.00000,0.00000,0.00000,0.00000
61.148,2,60150.000,7217,192000,3999.646,120.0,8,16,2,0.00000,0.00000,0.00000,0.00000,0.00000
61.249,0,61233.000,59222,192000,3999.208,120.0,8,16,2,0.00000,0.00000,0.00000,0.00000,0.00000
61.249,1,61233.000,59222,192000,3999.208,120.0,8,16,2,0.00000,0.00000,0.00000,0.00000,0.00000
61.249,2,60251.000,12095,192000,3999.021,120.0,8,16,2,0.00000,0.00000,0.00000,0.00000,0.00000
61.351,0,61335.000,64102,192000,3999.542,120.0,8,16,2,0.00000,0.00000,0.00000,0.00000,0.00000
61.351,1,61335.000,64102,192000,3999.542,120.0,8,16,2,0.00000,0.00000,0.00000,0.00000,0.00000
61.351,2,60353.000,16975,192000,3999.354,120.0,8,16,2,0.00000,0.00000,0.00000,0.00000,0.00000
61.451,0,61436.000,68931,192000,3999.938,120.0,8,16,2,0.00000,0.00000,0.00000,0.00000,0.00000
61.451,1,61436.000,68931,192000,3999.938,120.0,8,16,2,0.00000,0.00000,0.00000,0.00000,0.00000
61.451,2,60454.000,21804,192000,3999.750,120.0,8,16,2,0.00000,0.00000,0.00000,0.00000,0.00000
61.555,0,61539.000,73882,192000,3999.792,120.0,8,16,2,0.00000,0.00000,0.00000,0.00000,0.00000
61.555,1,61539.000,73882,192000,3999.792,120.0,8,16,2,0.00000,0.00000,0.00000,0.00000,0.00000
61.555,2,60557.000,26755,192000,3999.604,120.0,8,16,2,0.00000,0.00000,0.00000,0.00000,0.00000
61.657,0,61641.000,78779,192000,3999.771,120.0,8,16,2,0.00000,0.00000,0.00000,0.00000,0.00000
61.657,1,61641.000,78779,192000,3999.771,120.0,8,16,2,0.00000,0.00000,0.00000,0.00000,0.00000
61.657,2,60659.000,31652,192000,3999.583,120.0,8,16,2,0.00000,0.00000,0.00000,0.00000,0.00000
61.757,0,61741.000,83609,192000,3999.146,120.0,8,16,2,0.00000,0.00000,0.00000,0.00000,0.00000
61.757,1,61741.000,83609,192000,3999.146,120.0,8,16,2,0.00000,0.00000,0.00000,0.00000,0.00000
61.757,2,60760.000,36482,192000,3999.958,120.0,8,16,2,0.00000,0.00000,0.00000,0.00000,0.00000
61.859,0,61843.000,88477,192000,3999.729,120.0,8,16,2,0.00000,0.00000,0.00000,0.00000,0.00000
61.859,1,61843.000,88477,192000,3999.729,120.0,8,16,2,0.00000,0.00000,0.00000,0.00000,0.00000
61.859,2,60861.000,41350,192000,3999.542,120.0,8,16,2,0.00000,0.00000,0.00000,0.00000,0.00000
61.961,0,61945.000,93386,192000,3999.458,120.0,8,16,2,0.00000,0.00000,0.00000,0.00000,0.00000
61.961,1,61945.000,93386,192000,3999.458,120.0,8,16,2,0.00000,0.00000,0.00000,0.00000,0.00000
61.961,2,60963.000,46259,192000,3999.271,120.0,8,16,2,0.00000,0.00000,0.00000,0.00000,0.00000
62.062,0,62046.000,98225,192000,3999.646,120.0,8,16,2,0.00000,0.00000,0.00000,0.00000,0.00000
62.062,1,62046.000,98225,192000,3999.646,120.0,8,16,2,0.00000,0.00000,0.00000,0.00000,0.00000
62.062,2,61064.000,51098,192000,3999.458,120.0,8,16,2,0.00000,0.00000,0.00000,0.00000,0.00000
62.163,0,62147.000,103082,192000,3999.458,120.0,8,16,2,0.00000,0.00000,0.00000,0.00000,0.00000
62.163,1,62147.000,103082,192000,3999.458,120.0,8,16,2,0.00000,0.00000,0.00000,0.00000,0.00000
62.163,2,61165.000,55955,192000,3999.271,120.0,8,16,2,0.00000,0.00000,0.00000,0.00000,0.00000
62.264,0,62248.000,107912,192000,3999.833,120.0,8,16,2,0.00000,0.00000,0.00000,0.00000,0.00000
62.264,1,62248.000,107912,192000,3999.833,120.0,8,16,2,0.00000,0.00000,0.00000,0.00000,0.00000
62.264,2,61266.000,60785,192000,3999.646,120.0,8,16,2,0.00000,0.00000,0.00000,0.00000,0.00000
62.366,0,62350.000,112825,192000,3999.479,120.0,8,16,2,0.00000,0.00000,0.00000,0.00000,0.00000
62.366,1,62350.000,112825,192000,3999.479,120.0,8,16,2,0.00000,0.00000,0.00000,0.00000,0.00000
62.366,2,61368.000,65698,192000,3999.292,120.0,8,16,2,0.00000,0.00000,0.00000,0.00000,0.00000
62.466,0,62450.000,117631,192000,3999.354,120.0,8,16,2,0.00000,0.00000,0.00000,0.00000,0.00000
62.466,1,62450.000,117631,192000,3999.354,120.0,8,16,2,0.00000,0.00000,0.00000,0.00000,0.00000
62.466,2,61468.000,70504,192000,3999.167,120.0,8,16,2,0.00000,0.00000,0.00000,0.00000,0.00000
62.568,0,62552.000,122528,192000,3999.333,120.0,8,16,2,0.00000,0.00000,0.00000,0.00000,0.00000
62.568,1,62552.000,122528,192000,3999.333,120.0,8,16,2,0.00000,0.00000,0.00000,0.00000,0.00000
62.568,2,61570.000,75401,192000,3999.146,120.0,8,16,2,0.00000,0.00000,0.00000,0.00000,0.00000
62.669,0,62653.000,127361,192000,3999.646,120.0,8,16,2,0.00000,0.00000,0.00000,0.00000,0.00000
62.669,1,62653.000,127361,192000,3999.646,120.0,8,16,2,0.00000,0.00000,0.00000,0.00000,0.00000
62.669,2,61671.000,80234,192000,3999.458,120.0,8,16,2,0.00000,0.00000,0.00000,0.00000,0.00000
62.769,0,62753.000,132182,192000,3999.208,120.0,8,16,2,0.00000,0.00000,0.00000,0.00000,0.00000
62.769,1,62753.000,132182,192000,3999.208,120.0,8,16,2,0.00000,0.00000,0.00000,0.00000,0.00000
62.769,2,61771.000,85055,192000,3999.021,120.0,8,16,2,0.00000,0.00000,0.00000,0.00000,0.00000
62.869,0,62853.000,136988,192000,3999.083,120.0,8,16,2,0.00000,0.00000,0.00000,0.00000,0.00000
62.869,1,62853.000,136988,192000,3999.083,120.0,8,16,2,0.00000,0.00000,0.00000,0.00000,0.00000
62.869,2,61872.000,89861,192000,3999.896,120.0,8,16,2,0.00000,0.00000,0.00000,0.00000,0.00000
62.971,0,62955.000,141848,192000,3999.833,120.0,8,16,2,0.00000,0.00000,0.00000,0.00000,0.00000
62.971,1,62955.000,141848,192000,3999.833,120.0,8,16,2,0.00000,0.00000,0.00000,0.00000,0.00000
62.971,2,61973.000,94721,192000,3999.646,120.0,8,16,2,0.00000,0.00000,0.00000,0.00000,0.00000
63.076,0,63060.000,146908,192000,3999.417,120.0,8,16,2,0.00000,0.00000,0.00000,0.00000,0.00000
63.076,1,63060.000,146908,192000,3999.417,120.0,8,16,2,0.00000,0.00000,0.00000,0.00000,0.00000
63.076,2,62078.000,99781,192000,3999.229,120.0,8,16,2,0.00000,0.00000,0.00000,0.00000,0.00000
63.178,0,63162.000,151790,192000,3999.708,120.0,8,16,2,0.00000,0.00000,0.00000,0.00000,0.00000
63.178,1,63162.000,151790,192000,3999.708,120.0,8,16,2,0.00000,0.00000,0.00000,0.00000,0.00000
63.178,2,62180.000,104663,192000,3999.521,120.0,8,16,2,0.00000,0.00000,0.00000,0.00000,0.00000
63.279,0,63263.000,156638,192000,3999.708,120.0,8,16,2,0.00000,0.00000,0.00000,0.00000,0.00000
63.279,1,63263.000,156638,192000,3999.708,120.0,8,16,2,0.00000,0.00000,0.00000,0.00000,0.00000
63.279,2,62281.000,109511,192000,3999.521,120.0,8,16,2,0.00000,0.00000,0.00000,0.00000,0.00000
63.379,0,63363.000,161465,192000,3999.146,120.0,8,16,2,0.00000,0.00000,0.00000,0.00000,0.00000
63.379,1,63363.000,161465,192000,3999.146,120.0,8,16,2,0.00000,0.00000,0.00000,0.00000,0.00000
63.379,2,62382.000,114338,192000,3999.958,120.0,8,16,2,0.00000,0.00000,0.00000,0.00000,0.00000
63.479,0,63463.000,166269,192000,3999.062,120.0,8,16,2,0.00000,0.00000,0.00000,0.00000,0.00000
63.479,1,63463.000,166269,192000,3999.062,120.0,8,16,2,0.00000,0.00000,0.00000,0.00000,0.00000
63.479,2,62482.000,119142,192000,3999.875,120.0,8,16,2,0.00000,0.00000,0.00000,0.00000,0.00000
63.582,0,63566.000,171178,192000,3999.792,120.0,8,16,2,0.00000,0.00000,0.00000,0.00000,0.00000
63.582,1,63566.000,171178,192000,3999.792,120.0,8,16,2,0.00000,0.00000,0.00000,0.00000,0.00000
63.582,2,62584.000,124051,192000,3999.604,120.0,8,16,2,0.00000,0.00000,0.00000,0.00000,0.00000
63.684,0,63669.000,176114,192000,3999.958,120.0,8,16,2,0.00000,0.00000,0.00000,0.00000,0.00000
63.684,1,63669.000,176114,192000,3999.958,120.0,8,16,2,0.00000,0.00000,0.00000,0.00000,0.00000
63.684,2,62687.000,128987,192000,3999.771,120.0,8,16,2,0.00000,0.00000,0.00000,0.00000,0.00000
63.785,0,63769.000,180954,192000,3999.125,120.0,8,16,2,0.00000,0.00000,0.00000,0.00000,0.00000
63.785,1,63769.000,180954,192000,3999.125,120.0,8,16,2,0.00000,0.00000,0.00000,0.00000,0.00000
63.785,2,62788.000,133827,192000,3999.938,120.0,8,16,2,0.00000,0.00000,0.00000,0.00000,0.00000
63.887,0,63871.000,185820,192000,3999.750,120.0,8,16,2,0.00000,0.00000,0.00000,0.00000,0.00000
63.887,1,63871.000,185820,192000,3999.750,120.0,8,16,2,0.00000,0.00000,0.00000,0.00000,0.00000
63.887,2,62889.000,138693,192000,3999.562,120.0,8,16,2,0.00000,0.00000,0.00000,0.00000,0.00000
63.987,0,63971.000,190621,192000,3999.729,120.0,8,16,2,0.00000,0.00000,0.00000,0.00000,0.00000
63.987,1,63971.000,190621,192000,3999.729,120.0,8,16,2,0.00000,0.00000,0.00000,0.00000,0.00000
63.987,2,62989.000,143494,192000,3999.542,120.0,8,16,2,0.00000,0.00000,0.00000,0.00000,0.00000
64.089,0,64073.000,3524,192000,3999.583,120.0,8,17,2,0.00000,0.00000,0.00000,0.00000,0.00000
64.089,1,64073.000,3524,192000,3999.583,120.0,8,17,2,0.00000,0.00000,0.00000,0.00000,0.00000
64.089,2,63091.000,148397,192000,3999.396,120.0,8,16,2,0.00000,0.00000,0.00000,0.00000,0.00000
64.190,0,64174.000,8395,192000,3999.104,120.0,8,17,2,0.00000,0.00000,0.00000,0.00000,0.00000
64.190,1,64174.000,8395,192000,3999.104,120.0,8,17,2,0.00000,0.00000,0.00000,0.00000,0.00000
64.190,2,63193.000,153268,192000,3999.917,120.0,8,16,2,0.00000,0.00000,0.00000,0.00000,0.00000
64.291,0,64275.000,13216,192000,3999.667,120.0,8,17,2,0.00000,0.00000,0.00000,0.00000,0.00000
64.291,1,64275.000,13216,192000,3999.667,120.0,8,17,2,0.00000,0.00000,0.00000,0.00000,0.00000
64.291,2,63293.000,158089,192000,3999.479,120.0,8,16,2,0.00000,0.00000,0.00000,0.00000,0.00000
64.393,0,64377.000,18121,192000,3999.479,120.0,8,17,2,0.00000,0.00000,0.00000,0.00000,0.00000
64.393,1,64377.000,18121,192000,3999.479,120.0,8,17,2,0.00000,0.00000,0.00000,0.00000,0.00000
64.393,2,63395.000,162994,192000,3999.292,120.0,8,16,2,0.00000,0.00000,0.00000,0.00000,0.00000
64.493,0,64477.000,22936,192000,3999.167,120.0,8,17,2,0.00000,0.00000,0.00000,0.00000,0.00000
64.493,1,64477.000,22936,192000,3999.167,120.0,8,17,2,0.00000,0.00000,0.00000,0.00000,0.00000
64.493,2,63496.000,167809,192000,3999.979,120.0,8,16,2,0.00000,0.00000,0.00000,0.00000,0.00000
64.595,0,64579.000,27819,192000,3999.438,120.0,8,17,2,0.00000,0.00000,0.00000,0.00000,0.00000
64.595,1,64579.000,27819,192000,3999.438,120.0,8,17,2,0.00000,0.00000,0.00000,0.00000,0.00000
64.595,2,63597.000,172692,192000,3999.250,120.0,8,16,2,0.00000,0.00000,0.00000,0.00000,0.00000
64.698,0,64682.000,32754,192000,3999.625,120.0,8,17,2,0.00000,0.00000,0.00000,0.00000,0.00000
64.698,1,64682.000,32754,192000,3999.625,120.0,8,17,2,0.00000,0.00000,0.00000,0.00000,0.00000
64.698,2,63700.000,177627,192000,3999.438,120.0,8,16,2,0.00000,0.00000,0.00000,0.00000,0.00000
64.798,0,64782.000,37569,192000,3999.312,120.0,8,17,2,0.00000,0.00000,0.00000,0.00000,0.00000
64.798,1,64782.000,37569,192000,3999.312,120.0,8,17,2,0.00000,0.00000,0.00000,0.00000,0.00000
64.798,2,63800.000,182442,192000,3999.125,120.0,8,16,2,0.00000,0.00000,0.00000,0.00000,0.00000
64.901,0,64885.000,42503,192000,3999.521,120.0,8,17,2,0.00000,0.00000,0.00000,0.00000,0.00000
64.901,1,64885.000,42503,192000,3999.521,120.0,8,17,2,0.00000,0.00000,0.00000,0.00000,0.00000
64.901,2,63903.000,187376,192000,3999.333,120.0,8,16,2,0.00000,0.00000,0.00000,0.00000,0.00000
65.002,0,64986.000,47363,192000,3999.271,120.0,8,17,2,0.00000,0.00000,0.00000,0.00000,0.00000
65.002,1,64986.000,47363,192000,3999.271,120.0,8,17,2,0.00000,0.00000,0.00000,0.00000,0.00000
65.002,2,64004.000,236,192000,3999.083,120.0,8,17,2,0.01608,0.01475,0.01608,0.00000,0.00000
65.104,0,65088.000,52270,192000,3999.042,120.0,8,17,2,0.00000,0.00000,0.00000,0.00000,0.00000
65.104,1,65088.000,52270,192000,3999.042,120.0,8,17,2,0.00000,0.00000,0.00000,0.00000,0.00000
65.104,2,64107.000,5143,192000,3999.854,120.0,8,17,2,0.08862,0.08828,0.08862,0.00000,0.00000
65.205,0,65190.000,57120,192000,0.000,120.0,8,17,2,0.00000,0.00000,0.00000,0.00000,0.00000
65.205,1,65190.000,57120,192000,0.000,120.0,8,17,2,0.00000,0.00000,0.00000,0.00000,0.00000
65.205,2,64208.000,9993,192000,3999.812,120.0,8,17,2,0.05821,0.05799,0.05821,0.00000,0.00000
65.307,0,65292.000,62017,192000,3999.979,120.0,8,17,2,0.00000,0.00000,0.00000,0.00000,0.00000
65.307,1,65292.000,62017,192000,3999.979,120.0,8,17,2,0.00000,0.00000,0.00000,0.00000,0.00000
65.307,2,64310.000,14890,192000,3999.792,120.0,8,17,2,0.03809,0.03794,0.03809,0.00000,0.00000
65.408,0,65392.000,66831,192000,3999.688,120.0,8,17,2,0.00000,0.00000,0.00000,0.00000,0.00000
65.408,1,65392.000,66831,192000,3999.688,120.0,8,17,2,0.00000,0.00000,0.00000,0.00000,0.00000
65.408,2,64410.000,19704,192000,3999.500,120.0,8,17,2,0.02510,0.02500,0.02510,0.00000,0.00000
65.508,0,65493.000,71665,192000,3999.979,120.0,8,17,2,0.00000,0.00000,0.00000,0.00000,0.00000
65.508,1,65493.000,71665,192000,3999.979,120.0,8,17,2,0.00000,0.00000,0.00000,0.00000,0.00000
65.508,2,64511.000,24538,192000,3999.792,120.0,8,17,2,0.01651,0.01645,0.01651,0.00000,0.00000
65.610,0,65594.000,76557,192000,3999.062,120.0,8,17,2,0.00000,0.00000,0.00000,0.00000,0.00000
65.610,1,65594.000,76557,192000,3999.062,120.0,8,17,2,0.00000,0.00000,0.00000,0.00000,0.00000
65.610,2,64613.000,29430,192000,3999.875,120.0,8,17,2,0.01081,0.01076,0.01081,0.00000,0.00000
65.712,0,65696.000,81430,192000,3999.542,120.0,8,17,2,0.00000,0.00000,0.00000,0.00000,0.00000
65.712,1,65696.000,81430,192000,3999.542,120.0,8,17,2,0.00000,0.00000,0.00000,0.00000,0.00000
65.712,2,64714.000,34303,192000,3999.354,120.0,8,17,2,0.00708,0.00706,0.00708,0.00000,0.00000
65.813,0,65797.000,86294,192000,3999.208,120.0,8,17,2,0.00000,0.00000,0.00000,0.00000,0.00000
65.813,1,65797.000,86294,192000,3999.208,120.0,8,17,2,0.00000,0.00000,0.00000,0.00000,0.00000
65.813,2,64815.000,39167,192000,3999.021,120.0,8,17,2,0.00465,0.00463,0.00465,0.00000,0.00000
65.914,0,65898.000,91150,192000,3999.042,120.0,8,17,2,0.00000,0.00000,0.00000,0.00000,0.00000
65.914,1,65898.000,91150,192000,3999.042,120.0,8,17,2,0.00000,0.00000,0.00000,0.00000,0.00000
65.914,2,64917.000,44023,192000,3999.854,120.0,8,17,2,0.00305,0.00304,0.00305,0.00000,0.00000
66.017,0,66001.000,96076,192000,3999.417,120.0,8,17,2,0.00000,0.00000,0.00000,0.00000,0.00000
66.017,1,66001.000,96076,192000,3999.417,120.0,8,17,2,0.00000,0.00000,0.00000,0.00000,0.00000
66.017,2,65019.000,48949,192000,3999.229,120.0,8,17,2,0.00199,0.00198,0.00199,0.00000,0.00000
66.119,0,66103.000,100981,192000,3999.229,120.0,8,17,2,0.00000,0.00000,0.00000,0.00000,0.00000
66.119,1,66103.000,100981,192000,3999.229,120.0,8,17,2,0.00000,0.00000,0.00000,0.00000,0.00000
66.119,2,65121.000,53854,192000,3999.042,120.0,8,17,2,0.00130,0.00130,0.00130,0.00000,0.00000
66.222,0,66206.000,105901,192000,3999.729,120.0,8,17,2,0.00000,0.00000,0.00000,0.00000,0.00000
66.222,1,66206.000,105901,192000,3999.729,120.0,8,17,2,0.00000,0.00000,0.00000,0.00000,0.00000
66.222,2,65224.000,58774,192000,3999.542,120.0,8,17,2,0.00085,0.00085,0.00085,0.00000,0.00000
66.323,0,66307.000,110753,192000,3999.646,120.0,8,17,2,0.00000,0.00000,0.00000,0.00000,0.00000
66.323,1,66307.000,110753,192000,3999.646,120.0,8,17,2,0.00000,0.00000,0.00000,0.00000,0.00000
66.323,2,65325.000,63626,192000,3999.458,120.0,8,17,2,0.00056,0.00056,0.00056,0.00000,0.00000
66.424,0,66408.000,115616,192000,3999.333,120.0,8,17,2,0.00000,0.00000,0.00000,0.00000,0.00000
66.424,1,66408.000,115616,192000,3999.333,120.0,8,17,2,0.00000,0.00000,0.00000,0.00000,0.00000
66.424,2,65426.000,68489,192000,3999.146,120.0,8,17,2,0.00037,0.00036,0.00037,0.00000,0.00000
66.525,0,66509.000,120446,192000,3999.708,120.0,8,17,2,0.00000,0.00000,0.00000,0.00000,0.00000
66.525,1,66509.000,120446,192000,3999.708,120.0,8,17,2,0.00000,0.00000,0.00000,0.00000,0.00000
66.525,2,65527.000,73319,192000,3999.521,120.0,8,17,2,0.00024,0.00024,0.00024,0.00000,0.00000
66.625,0,66609.000,125253,192000,3999.562,120.0,8,17,2,0.00000,0.00000,0.00000,0.00000,0.00000
66.625,1,66609.000,125253,192000,3999.562,120.0,8,17,2,0.00000,0.00000,0.00000,0.00000,0.00000
66.625,2,65627.000,78126,192000,3999.375,120.0,8,17,2,0.00016,0.00016,0.00016,0.00000,0.00000
66.725,0,66709.000,130064,192000,3999.333,120.0,8,17,2,0.00000,0.00000,0.00000,0.00000,0.00000
66.725,1,66709.000,130064,192000,3999.333,120.0,8,17,2,0.00000,0.00000,0.00000,0.00000,0.00000
66.725,2,65727.000,82937,192000,3999.146,120.0,8,17,2,0.00010,0.00010,0.00010,0.00000,0.00000
66.826,0,66810.000,134908,192000,3999.417,120.0,8,17,2,0.00000,0.00000,0.00000,0.00000,0.00000
66.826,1,66810.000,134908,192000,3999.417,120.0,8,17,2,0.00000,0.00000,0.00000,0.00000,0.00000
66.826,2,65828.000,87781,192000,3999.229,120.0,8,17,2,0.00007,0.00007,0.00007,0.00000,0.00000
66.928,0,66912.000,139782,192000,3999.875,120.0,8,17,2,0.00000,0.00000,0.00000,0.00000,0.00000
66.928,1,66912.000,139782,192000,3999.875,120.0,8,17,2,0.00000,0.00000,0.00000,0.00000,0.00000
66.928,2,65930.000,92655,192000,3999.688,120.0,8,17,2,0.00005,0.00004,0.00005,0.00000,0.00000
67.031,0,67015.000,144732,192000,3999.750,120.0,8,17,2,0.00000,0.00000,0.00000,0.00000,0.00000
67.031,1,67015.000,144732,192000,3999.750,120.0,8,17,2,0.00000,0.00000,0.00000,0.00000,0.00000
67.031,2,66033.000,97605,192000,3999.562,120.0,8,17,2,0.00003,0.00003,0.00003,0.00000,0.00000
67.132,0,67116.000,149609,192000,3999.146,120.0,8,17,2,0.00000,0.00000,0.00000,0.00000,0.00000
67.132,1,67116.000,149609,192000,3999.146,120.0,8,17,2,0.00000,0.00000,0.00000,0.00000,0.00000
67.132,2,66135.000,102482,192000,3999.958,120.0,8,17,2,0.00002,0.00002,0.00002,0.00000,0.00000
67.232,0,67217.000,154419,192000,3999.938,120.0,8,17,2,0.00000,0.00000,0.00000,0.00000,0.00000
67.232,1,67217.000,154419,192000,3999.938,120.0,8,17,2,0.00000,0.00000,0.00000,0.00000,0.00000
67.232,2,66235.000,107292,192000,3999.750,120.0,8,17,2,0.00001,0.00001,0.00001,0.00000,0.00000
67.334,0,67318.000,159306,192000,3999.125,120.0,8,17,2,0.00000,0.00000,0.00000,0.00000,0.00000
67.334,1,67318.000,159306,192000,3999.125,120.0,8,17,2,0.00000,0.00000,0.00000,0.00000,0.00000
67.334,2,66337.000,112179,192000,3999.938,120.0,8,17,2,0.00001,0.00001,0.00001,0.00000,0.00000
67.435,0,67419.000,164118,192000,3999.875,120.0,8,17,2,0.00000,0.00000,0.00000,0.00000,0.00000
67.435,1,67419.000,164118,192000,3999.875,120.0,8,17,2,0.00000,0.00000,0.00000,0.00000,0.00000
67.435,2,66437.000,116991,192000,3999.688,120.0,8,17,2,0.00001,0.00001,0.00001,0.00000,0.00000
67.536,0,67520.000,168979,192000,3999.604,120.0,8,17,2,0.00000,0.00000,0.00000,0.00000,0.00000
67.536,1,67520.000,168979,192000,3999.604,120.0,8,17,2,0.00000,0.00000,0.00000,0.00000,0.00000
67.536,2,66538.000,121852,192000,3999.417,120.0,8,17,2,0.00000,0.00000,0.00000,0.00000,0.00000
67.637,0,67621.000,173852,192000,3999.083,120.0,8,17,2,0.00000,0.00000,0.00000,0.00000,0.00000
67.637,1,67621.000,173852,192000,3999.083,120.0,8,17,2,0.00000,0.00000,0.00000,0.00000,0.00000
67.637,2,66640.000,126725,192000,3999.896,120.0,8,17,2,0.00000,0.00000,0.00000,0.00000,0.00000
67.738,0,67722.000,178672,192000,3999.667,120.0,8,17,2,0.00000,0.00000,0.00000,0.00000,0.00000
67.738,1,67722.000,178672,192000,3999.667,120.0,8,17,2,0.00000,0.00000,0.00000,0.00000,0.00000
67.738,2,66740.000,131545,192000,3999.479,120.0,8,17,2,0.00000,0.00000,0.00000,0.00000,0.00000
67.838,0,67822.000,183478,192000,3999.542,120.0,8,17,2,0.00000,0.00000,0.00000,0.00000,0.00000
67.838,1,67822.000,183478,192000,3999.542,120.0,8,17,2,0.00000,0.00000,0.00000,0.00000,0.00000
67.838,2,66840.000,136351,192000,3999.354,120.0,8,17,2,0.00000,0.00000,0.00000,0.00000,0.00000
67.939,0,67924.000,188353,192000,3999.979,120.0,8,17,2,0.00000,0.00000,0.00000,0.00000,0.00000
67.939,1,67924.000,188353,192000,3999.979,120.0,8,17,2,0.00000,0.00000,0.00000,0.00000,0.00000
67.939,2,66942.000,141226,192000,3999.792,120.0,8,17,2,0.00000,0.00000,0.00000,0.00000,0.00000
68.041,0,68025.000,1242,192000,3999.125,120.0,8,18,2,0.12439,0.12431,0.12439,0.00000,0.00000
68.041,1,68025.000,1242,192000,3999.125,120.0,8,18,2,0.12431,0.12431,0.12400,0.00000,0.00000
68.041,2,67044.000,146115,192000,3999.938,120.0,8,17,2,0.00000,0.00000,0.00000,0.00000,0.00000
68.142,0,68127.000,6096,192000,0.000,120.0,8,18,2,0.08168,0.08163,0.08168,0.00000,0.00000
68.142,1,68127.000,6096,192000,0.000,120.0,8,18,2,0.08163,0.08163,0.08143,0.00000,0.00000
68.142,2,67145.000,150969,192000,3999.812,120.0,8,17,2,0.00000,0.00000,0.00000,0.00000,0.00000
68.243,0,68227.000,10908,192000,3999.750,120.0,8,18,2,0.05383,0.05380,0.05383,0.00000,0.00000
68.243,1,68227.000,10908,192000,3999.750,120.0,8,18,2,0.05380,0.05380,0.05367,0.00000,0.00000
68.243,2,67245.000,155781,192000,3999.562,120.0,8,17,2,0.00000,0.00000,0.00000,0.00000,0.00000
68.345,0,68329.000,15798,192000,3999.875,120.0,8,18,2,0.03524,0.03522,0.03524,0.00000,0.00000
68.345,1,68329.000,15798,192000,3999.875,120.0,8,18,2,0.03522,0.03522,0.03513,0.00000,0.00000
68.345,2,67347.000,160671,192000,3999.688,120.0,8,17,2,0.00000,0.00000,0.00000,0.00000,0.00000
68.446,0,68430.000,20673,192000,3999.312,120.0,8,18,2,0.02310,0.02309,0.02310,0.00000,0.00000
68.446,1,68430.000,20673,192000,3999.312,120.0,8,18,2,0.02309,0.02309,0.02303,0.00000,0.00000
68.446,2,67448.000,165546,192000,3999.125,120.0,8,17,2,0.00000,0.00000,0.00000,0.00000,0.00000
68.547,0,68532.000,25541,192000,3999.896,120.0,8,18,2,0.01515,0.01514,0.01515,0.00000,0.00000
68.547,1,68532.000,25541,192000,3999.896,120.0,8,18,2,0.01514,0.01514,0.01510,0.00000,0.00000
68.547,2,67550.000,170414,192000,3999.708,120.0,8,17,2,0.00000,0.00000,0.00000,0.00000,0.00000
68.649,0,68633.000,30393,192000,3999.812,120.0,8,18,2,0.00995,0.00994,0.00995,0.00000,0.00000
68.649,1,68633.000,30393,192000,3999.812,120.0,8,18,2,0.00994,0.00994,0.00992,0.00000,0.00000
68.649,2,67651.000,175266,192000,3999.625,120.0,8,17,2,0.00000,0.00000,0.00000,0.00000,0.00000
68.749,0,68733.000,35217,192000,3999.312,120.0,8,18,2,0.00655,0.00655,0.00655,0.00000,0.00000
68.749,1,68733.000,35217,192000,3999.312,120.0,8,18,2,0.00655,0.00655,0.00653,0.00000,0.00000
68.749,2,67751.000,180090,192000,3999.125,120.0,8,17,2,0.00000,0.00000,0.00000,0.00000,0.00000
68.850,0,68834.000,40075,192000,3999.104,120.0,8,18,2,0.00430,0.00430,0.00430,0.00000,0.00000
68.850,1,68834.000,40075,192000,3999.104,120.0,8,18,2,0.00430,0.00430,0.00429,0.00000,0.00000
68.850,2,67853.000,184948,192000,3999.917,120.0,8,17,2,0.00000,0.00000,0.00000,0.00000,0.00000
68.951,0,68935.000,44900,192000,3999.583,120.0,8,18,2,0.00283,0.00283,0.00283,0.00000,0.00000
68.951,1,68935.000,44900,192000,3999.583,120.0,8,18,2,0.00283,0.00283,0.00282,0.00000,0.00000
68.951,2,67953.000,189773,192000,3999.396,120.0,8,17,2,0.00000,0.00000,0.00000,0.00000,0.00000
69.053,0,69037.000,49823,192000,3999.021,120.0,8,18,2,0.00185,0.00185,0.00185,0.00000,0.00000
69.053,1,69037.000,49823,192000,3999.021,120.0,8,18,2,0.00185,0.00185,0.00184,0.00000,0.00000
69.053,2,68056.000,2696,192000,3999.833,120.0,8,18,2,0.00000,0.00000,0.00000,0.00000,0.00000
69.156,0,69140.000,54735,192000,3999.688,120.0,8,18,2,0.00121,0.00121,0.00121,0.00000,0.00000
69.156,1,69140.000,54735,192000,3999.688,120.0,8,18,2,0.00121,0.00121,0.00120,0.00000,0.00000
69.156,2,68158.000,7608,192000,3999.500,120.0,8,18,2,0.00000,0.00000,0.00000,0.00000,0.00000
69.257,0,69241.000,59597,192000,3999.396,120.0,8,18,2,0.00079,0.00079,0.00079,0.00000,0.00000
69.257,1,69241.000,59597,192000,3999.396,120.0,8,18,2,0.00079,0.00079,0.00079,0.00000,0.00000
69.257,2,68259.000,12470,192000,3999.208,120.0,8,18,2,0.00000,0.00000,0.00000,0.00000,0.00000
69.360,0,69344.000,64520,192000,3999.833,120.0,8,18,2,0.00052,0.00052,0.00052,0.00000,0.00000
69.360,1,69344.000,64520,192000,3999.833,120.0,8,18,2,0.00052,0.00052,0.00052,0.00000,0.00000
69.360,2,68362.000,17393,192000,3999.646,120.0,8,18,2,0.00000,0.00000,0.00000,0.00000,0.00000
69.460,0,69444.000,69321,192000,3999.812,120.0,8,18,2,0.00034,0.00034,0.00034,0.00000,0.00000
69.460,1,69444.000,69321,192000,3999.812,120.0,8,18,2,0.00034,0.00034,0.00034,0.00000,0.00000
69.460,2,68462.000,22194,192000,3999.625,120.0,8,18,2,0.00000,0.00000,0.00000,0.00000,0.00000
69.560,0,69544.000,74134,192000,3999.542,120.0,8,18,2,0.00022,0.00022,0.00022,0.00000,0.00000
69.560,1,69544.000,74134,192000,3999.542,120.0,8,18,2,0.00022,0.00022,0.00022,0.00000,0.00000
69.560,2,68562.000,27007,192000,3999.354,120.0,8,18,2,0.00000,0.00000,0.00000,0.00000,0.00000
69.661,0,69645.000,78970,192000,3999.792,120.0,8,18,2,0.00015,0.00015,0.00015,0.00000,0.00000
69.661,1,69645.000,78970,192000,3999.792,120.0,8,18,2,0.00015,0.00015,0.00015,0.00000,0.00000
69.661,2,68663.000,31843,192000,3999.604,120.0,8,18,2,0.00000,0.00000,0.00000,0.00000,0.00000
69.762,0,69746.000,83853,192000,3999.062,120.0,8,18,2,0.00010,0.00010,0.00010,0.00000,0.00000
69.762,1,69746.000,83853,192000,3999.062,120.0,8,18,2,0.00010,0.00010,0.00010,0.00000,0.00000
69.762,2,68765.000,36726,192000,3999.875,120.0,8,18,2,0.00000,0.00000,0.00000,0.00000,0.00000
69.863,0,69847.000,88692,192000,3999.250,120.0,8,18,2,0.00006,0.00006,0.00006,0.00000,0.00000
69.863,1,69847.000,88692,192000,3999.250,120.0,8,18,2,0.00006,0.00006,0.00006,0.00000,0.00000
69.863,2,68865.000,41565,192000,3999.062,120.0,8,18,2,0.00000,0.00000,0.00000,0.00000,0.00000
69.965,0,69949.000,93590,192000,3999.208,120.0,8,18,2,0.00004,0.00004,0.00004,0.00000,0.00000
69.965,1,69949.000,93590,192000,3999.208,120.0,8,18,2,0.00004,0.00004,0.00004,0.00000,0.00000
69.965,2,68967.000,46463,192000,3999.021,120.0,8,18,2,0.00000,0.00000,0.00000,0.00000,0.00000
70.067,0,70051.000,98469,192000,3999.562,120.0,8,18,2,0.00003,0.00003,0.00003,0.00000,0.00000
70.067,1,70051.000,98469,192000,3999.562,120.0,8,18,2,0.00003,0.00003,0.00003,0.00000,0.00000
70.067,2,69069.000,51342,192000,3999.375,120.0,8,18,2,0.00000,0.00000,0.00000,0.00000,0.00000
70.170,0,70154.000,103403,192000,3999.771,120.0,8,18,2,0.00002,0.00002,0.00002,0.00000,0.00000
70.170,1,70154.000,103403,192000,3999.771,120.0,8,18,2,0.00002,0.00002,0.00002,0.00000,0.00000
70.170,2,69172.000,56276,192000,3999.583,120.0,8,18,2,0.00000,0.00000,0.00000,0.00000,0.00000
70.271,0,70255.000,108257,192000,3999.646,120.0,8,18,2,0.00001,0.00001,0.00001,0.00000,0.00000
70.271,1,70255.000,108257,192000,3999.646,120.0,8,18,2,0.00001,0.00001,0.00001,0.00000,0.00000
70.271,2,69273.000,61130,192000,3999.458,120.0,8,18,2,0.00000,0.00000,0.00000,0.00000,0.00000
70.371,0,70355.000,113065,192000,3999.479,120.0,8,18,2,0.00001,0.00001,0.00001,0.00000,0.00000
70.371,1,70355.000,113065,192000,3999.479,120.0,8,18,2,0.00001,0.00001,0.00001,0.00000,0.00000
70.371,2,69373.000,65938,192000,3999.292,120.0,8,18,2,0.00000,0.00000,0.00000,0.00000,0.00000
70.473,0,70457.000,117981,192000,3999.062,120.0,8,18,2,0.00001,0.00001,0.00001,0.00000,0.00000
70.473,1,70457.000,117981,192000,3999.062,120.0,8,18,2,0.00001,0.00001,0.00001,0.00000,0.00000
70.473,2,69476.000,70854,192000,3999.875,120.0,8,18,2,0.00000,0.00000,0.00000,0.00000,0.00000
70.575,0,70559.000,122875,192000,3999.104,120.0,8,18,2,0.00000,0.00000,0.00000,0.00000,0.00000
70.575,1,70559.000,122875,192000,3999.104,120.0,8,18,2,0.00000,0.00000,0.00000,0.00000,0.00000
70.575,2,69578.000,75748,192000,3999.917,120.0,8,18,2,0.00000,0.00000,0.00000,0.00000,0.00000
70.676,0,70660.000,127688,192000,3999.833,120.0,8,18,2,0.00000,0.00000,0.00000,0.00000,0.00000
70.676,1,70660.000,127688,192000,3999.833,120.0,8,18,2,0.00000,0.00000,0.00000,0.00000,0.00000
70.676,2,69678.000,80561,192000,3999.646,120.0,8,18,2,0.00000,0.00000,0.00000,0.00000,0.00000
70.777,0,70761.000,132554,192000,3999.458,120.0,8,18,2,0.00000,0.00000,0.00000,0.00000,0.00000
70.777,1,70761.000,132554,192000,3999.458,120.0,8,18,2,0.00000,0.00000,0.00000,0.00000,0.00000
70.777,2,69779.000,85427,192000,3999.271,120.0,8,18,2,0.00000,0.00000,0.00000,0.00000,0.00000
70.877,0,70862.000,137380,192000,3999.917,120.0,8,18,2,0.00000,0.00000,0.00000,0.00000,0.00000
70.877,1,70862.000,137380,192000,3999.917,120.0,8,18,2,0.00000,0.00000,0.00000,0.00000,0.00000
70.877,2,69880.000,90253,192000,3999.729,120.0,8,18,2,0.00000,0.00000,0.00000,0.00000,0.00000
70.979,0,70963.000,142262,192000,3999.208,120.0,8,18,2,0.00000,0.00000,0.00000,0.00000,0.00000
70.979,1,70963.000,142262,192000,3999.208,120.0,8,18,2,0.00000,0.00000,0.00000,0.00000,0.00000
70.979,2,69981.000,95135,192000,3999.021,120.0,8,18,2,0.00000,0.00000,0.00000,0.00000,0.00000
71.080,0,71064.000,147104,192000,3999.333,120.0,8,18,2,0.00000,0.00000,0.00000,0.00000,0.00000
71.080,1,71064.000,147104,192000,3999.333,120.0,8,18,2,0.00000,0.00000,0.00000,0.00000,0.00000
71.080,2,70082.000,99977,192000,3999.146,120.0,8,18,2,0.00000,0.00000,0.00000,0.00000,0.00000
71.181,0,71165.000,151955,192000,3999.271,120.0,8,18,2,0.00000,0.00000,0.00000,0.00000,0.00000
71.181,1,71165.000,151955,192000,3999.271,120.0,8,18,2,0.00000,0.00000,0.00000,0.00000,0.00000
71.181,2,70183.000,104828,192000,3999.083,120.0,8,18,2,0.00000,0.00000,0.00000,0.00000,0.00000
71.283,0,71267.000,156849,192000,3999.312,120.0,8,18,2,0.00000,0.00000,0.00000,0.00000,0.00000
71.283,1,71267.000,156849,192000,3999.312,120.0,8,18,2,0.00000,0.00000,0.00000,0.00000,0.00000
71.283,2,70285.000,109722,192000,3999.125,120.0,8,18,2,0.00000,0.00000,0.00000,0.00000,0.00000
71.385,0,71370.000,161761,192000,3999.979,120.0,8,18,2,0.00000,0.00000,0.00000,0.00000,0.00000
71.385,1,71370.000,161761,192000,3999.979,120.0,8,18,2,0.00000,0.00000,0.00000,0.00000,0.00000
71.385,2,70388.000,114634,192000,3999.792,120.0,8,18,2,0.00000,0.00000,0.00000,0.00000,0.00000
71.487,0,71471.000,166636,192000,3999.417,120.0,8,18,2,0.00000,0.00000,0.00000,0.00000,0.00000
71.487,1,71471.000,166636,192000,3999.417,120.0,8,18,2,0.00000,0.00000,0.00000,0.00000,0.00000
71.487,2,70489.000,119509,192000,3999.229,120.0,8,18,2,0.00000,0.00000,0.00000,0.00000,0.00000
71.588,0,71572.000,171488,192000,3999.333,120.0,8,18,2,0.00000,0.00000,0.00000,0.00000,0.00000
71.588,1,71572.000,171488,192000,3999.333,120.0,8,18,2,0.00000,0.00000,0.00000,0.00000,0.00000
71.588,2,70590.000,124361,192000,3999.146,120.0,8,18,2,0.00000,0.00000,0.00000,0.00000,0.00000
71.690,0,71674.000,176374,192000,3999.542,120.0,8,18,2,0.00000,0.00000,0.00000,0.00000,0.00000
71.690,1,71674.000,176374,192000,3999.542,120.0,8,18,2,0.00000,0.00000,0.00000,0.00000,0.00000
71.690,2,70692.000,129247,192000,3999.354,120.0,8,18,2,0.00000,0.00000,0.00000,0.00000,0.00000
71.790,0,71775.000,181204,192000,3999.917,120.0,8,18,2,0.00000,0.00000,0.00000,0.00000,0.00000
71.790,1,71775.000,181204,192000,3999.917,120.0,8,18,2,0.00000,0.00000,0.00000,0.00000,0.00000
71.790,2,70793.000,134077,192000,3999.729,120.0,8,18,2,0.00000,0.00000,0.00000,0.00000,0.00000
71.893,0,71877.000,186132,192000,3999.250,120.0,8,18,2,0.00000,0.00000,0.00000,0.00000,0.00000
71.893,1,71877.000,186132,192000,3999.250,120.0,8,18,2,0.00000,0.00000,0.00000,0.00000,0.00000
71.893,2,70895.000,139005,192000,3999.062,120.0,8,18,2,0.00000,0.00000,0.00000,0.00000,0.00000
71.994,0,71978.000,190960,192000,3999.667,120.0,8,18,2,0.00000,0.00000,0.00000,0.00000,0.00000
71.994,1,71978.000,190960,192000,3999.667,120.0,8,18,2,0.00000,0.00000,0.00000,0.00000,0.00000
71.994,2,70996.000,143833,192000,3999.479,120.0,8,18,2,0.00000,0.00000,0.00000,0.00000,0.00000
72.096,0,72080.000,3858,192000,3999.625,120.0,8,19,2,0.00000,0.00000,0.00000,0.00000,0.00000
72.096,1,72080.000,3858,192000,3999.625,120.0,8,19,2,0.00000,0.00000,0.00000,0.00000,0.00000
72.096,2,71098.000,148731,192000,3999.438,120.0,8,18,2,0.00000,0.00000,0.00000,0.00000,0.00000
72.197,0,72182.000,8737,192000,3999.979,120.0,8,19,2,0.00000,0.00000,0.00000,0.00000,0.00000
72.197,1,72182.000,8737,192000,3999.979,120.0,8,19,2,0.00000,0.00000,0.00000,0.00000,0.00000
72.197,2,71200.000,153610,192000,3999.792,120.0,8,18,2,0.00000,0.00000,0.00000,0.00000,0.00000
72.299,0,72284.000,13635,192000,3999.938,120.0,8,19,2,0.00000,0.00000,0.00000,0.00000,0.00000
72.299,1,72284.000,13635,192000,3999.938,120.0,8,19,2,0.00000,0.00000,0.00000,0.00000,0.00000
72.299,2,71302.000,158508,192000,3999.750,120.0,8,18,2,0.00000,0.00000,0.00000,0.00000,0.00000
72.402,0,72386.000,18544,192000,3999.667,120.0,8,19,2,0.00000,0.00000,0.00000,0.00000,0.00000
72.402,1,72386.000,18544,192000,3999.667,120.0,8,19,2,0.00000,0.00000,0.00000,0.00000,0.00000
72.402,2,71404.000,163417,192000,3999.479,120.0,8,18,2,0.00000,0.00000,0.00000,0.00000,0.00000
72.503,0,72488.000,23426,192000,3999.958,120.0,8,19,2,0.00000,0.00000,0.00000,0.00000,0.00000
72.503,1,72488.000,23426,192000,3999.958,120.0,8,19,2,0.00000,0.00000,0.00000,0.00000,0.00000
72.503,2,71506.000,168299,192000,3999.771,120.0,8,18,2,0.00000,0.00000,0.00000,0.00000,0.00000
72.605,0,72589.000,28306,192000,3999.292,120.0,8,19,2,0.00000,0.00000,0.00000,0.00000,0.00000
72.605,1,72589.000,28306,192000,3999.292,120.0,8,19,2,0.00000,0.00000,0.00000,0.00000,0.00000
72.605,2,71607.000,173179,192000,3999.104,120.0,8,18,2,0.00000,0.00000,0.00000,0.00000,0.00000
72.706,0,72691.000,33173,192000,3999.896,120.0,8,19,2,0.00000,0.00000,0.00000,0.00000,0.00000
72.706,1,72691.000,33173,192000,3999.896,120.0,8,19,2,0.00000,0.00000,0.00000,0.00000,0.00000
72.706,2,71709.000,178046,192000,3999.708,120.0,8,18,2,0.00000,0.00000,0.00000,0.00000,0.00000
72.808,0,72792.000,38041,192000,3999.479,120.0,8,19,2,0.00000,0.00000,0.00000,0.00000,0.00000
72.808,1,72792.000,38041,192000,3999.479,120.0,8,19,2,0.00000,0.00000,0.00000,0.00000,0.00000
72.808,2,71810.000,182914,192000,3999.292,120.0,8,18,2,0.00000,0.00000,0.00000,0.00000,0.00000
72.909,0,72893.000,42890,192000,3999.458,120.0,8,19,2,0.00000,0.00000,0.00000,0.00000,0.00000
72.909,1,72893.000,42890,192000,3999.458,120.0,8,19,2,0.00000,0.00000,0.00000,0.00000,0.00000
72.909,2,71911.000,187763,192000,3999.271,120.0,8,18,2,0.00000,0.00000,0.00000,0.00000,0.00000
73.010,0,72994.000,47749,192000,3999.229,120.0,8,19,2,0.00000,0.00000,0.00000,0.00000,0.00000
73.010,1,72994.000,47749,192000,3999.229,120.0,8,19,2,0.00000,0.00000,0.00000,0.00000,0.00000
73.010,2,72012.000,622,192000,3999.042,120.0,8,19,2,0.00000,0.00000,0.00000,0.00000,0.00000
73.111,0,73096.000,52609,192000,3999.979,120.0,8,19,2,0.00000,0.00000,0.00000,0.00000,0.00000
73.111,1,73096.000,52609,192000,3999.979,120.0,8,19,2,0.00000,0.00000,0.00000,0.00000,0.00000
73.111,2,72114.000,5482,192000,3999.792,120.0,8,19,2,0.00000,0.00000,0.00000,0.00000,0.00000
73.213,0,73197.000,57498,192000,3999.125,120.0,8,19,2,0.00000,0.00000,0.00000,0.00000,0.00000
73.213,1,73197.000,57498,192000,3999.125,120.0,8,19,2,0.00000,0.00000,0.00000,0.00000,0.00000
73.213,2,72216.000,10371,192000,3999.938,120.0,8,19,2,0.00000,0.00000,0.00000,0.00000,0.00000
73.315,0,73299.000,62390,192000,3999.208,120.0,8,19,2,0.00000,0.00000,0.00000,0.00000,0.00000
73.315,1,73299.000,62390,192000,3999.208,120.0,8,19,2,0.00000,0.00000,0.00000,0.00000,0.00000
73.315,2,72317.000,15263,192000,3999.021,120.0,8,19,2,0.00000,0.00000,0.00000,0.00000,0.00000
73.416,0,73400.000,67224,192000,3999.500,120.0,8,19,2,0.00000,0.00000,0.00000,0.00000,0.00000
73.416,1,73400.000,67224,192000,3999.500,120.0,8,19,2,0.00000,0.00000,0.00000,0.00000,0.00000
73.416,2,72418.000,20097,192000,3999.312,120.0,8,19,2,0.00000,0.00000,0.00000,0.00000,0.00000
73.518,0,73502.000,72132,192000,3999.250,120.0,8,19,2,0.00000,0.00000,0.00000,0.00000,0.00000
73.518,1,73502.000,72132,192000,3999.250,120.0,8,19,2,0.00000,0.00000,0.00000,0.00000,0.00000
73.518,2,72520.000,25005,192000,3999.062,120.0,8,19,2,0.00000,0.00000,0.00000,0.00000,0.00000
73.621,0,73605.000,77065,192000,3999.479,120.0,8,19,2,0.00000,0.00000,0.00000,0.00000,0.00000
73.621,1,73605.000,77065,192000,3999.479,120.0,8,19,2,0.00000,0.00000,0.00000,0.00000,0.00000
73.621,2,72623.000,29938,192000,3999.292,120.0,8,19,2,0.00000,0.00000,0.00000,0.00000,0.00000
73.722,0,73706.000,81900,192000,3999.750,120.0,8,19,2,0.00000,0.00000,0.00000,0.00000,0.00000
73.722,1,73706.000,81900,192000,3999.750,120.0,8,19,2,0.00000,0.00000,0.00000,0.00000,0.00000
73.722,2,72724.000,34773,192000,3999.562,120.0,8,19,2,0.00000,0.00000,0.00000,0.00000,0.00000
73.823,0,73807.000,86778,192000,3999.125,120.0,8,19,2,0.00000,0.00000,0.00000,0.00000,0.00000
73.823,1,73807.000,86778,192000,3999.125,120.0,8,19,2,0.00000,0.00000,0.00000,0.00000,0.00000
73.823,2,72826.000,39651,192000,3999.938,120.0,8,19,2,0.00000,0.00000,0.00000,0.00000,0.00000
73.925,0,73910.000,91684,192000,3999.917,120.0,8,19,2,0.00000,0.00000,0.00000,0.00000,0.00000
73.925,1,73910.000,91684,192000,3999.917,120.0,8,19,2,0.00000,0.00000,0.00000,0.00000,0.00000
73.925,2,72928.000,44557,192000,3999.729,120.0,8,19,2,0.00000,0.00000,0.00000,0.00000,0.00000
74.027,0,74011.000,96569,192000,3999.146,120.0,8,19,2,0.00000,0.00000,0.00000,0.00000,0.00000
74.027,1,74011.000,96569,192000,3999.146,120.0,8,19,2,0.00000,0.00000,0.00000,0.00000,0.00000
74.027,2,73030.000,49442,192000,3999.958,120.0,8,19,2,0.00000,0.00000,0.00000,0.00000,0.00000
74.130,0,74114.000,101517,192000,3999.062,120.0,8,19,2,0.00000,0.00000,0.00000,0.00000,0.00000
74.130,1,74114.000,101517,192000,3999.062,120.0,8,19,2,0.00000,0.00000,0.00000,0.00000,0.00000
74.130,2,73133.000,54390,192000,3999.875,120.0,8,19,2,0.00000,0.00000,0.00000,0.00000,0.00000
74.231,0,74215.000,106350,192000,3999.375,120.0,8,19,2,0.00000,0.00000,0.00000,0.00000,0.00000
74.231,1,74215.000,106350,192000,3999.375,120.0,8,19,2,0.00000,0.00000,0.00000,0.00000,0.00000
74.231,2,73233.000,59223,192000,3999.188,120.0,8,19,2,0.00000,0.00000,0.00000,0.00000,0.00000
74.332,0,74317.000,111221,192000,3999.896,120.0,8,19,2,0.00000,0.00000,0.00000,0.00000,0.00000
74.332,1,74317.000,111221,192000,3999.896,120.0,8,19,2,0.00000,0.00000,0.00000,0.00000,0.00000
74.332,2,73335.000,64094,192000,3999.708,120.0,8,19,2,0.00000,0.00000,0.00000,0.00000,0.00000
74.434,0,74419.000,116116,192000,3999.917,120.0,8,19,2,0.00000,0.00000,0.00000,0.00000,0.00000
74.434,1,74419.000,116116,192000,3999.917,120.0,8,19,2,0.00000,0.00000,0.00000,0.00000,0.00000
74.434,2,73437.000,68989,192000,3999.729,120.0,8,19,2,0.00000,0.00000,0.00000,0.00000,0.00000
74.537,0,74521.000,121038,192000,3999.375,120.0,8,19,2,0.00000,0.00000,0.00000,0.00000,0.00000
74.537,1,74521.000,121038,192000,3999.375,120.0,8,19,2,0.00000,0.00000,0.00000,0.00000,0.00000
74.537,2,73539.000,73911,192000,3999.188,120.0,8,19,2,0.00000,0.00000,0.00000,0.00000,0.00000
74.638,0,74622.000,125875,192000,3999.604,120.0,8,19,2,0.00000,0.00000,0.00000,0.00000,0.00000
74.638,1,74622.000,125875,192000,3999.604,120.0,8,19,2,0.00000,0.00000,0.00000,0.00000,0.00000
74.638,2,73640.000,78748,192000,3999.417,120.0,8,19,2,0.00000,0.00000,0.00000,0.00000,0.00000
74.740,0,74724.000,130764,192000,3999.750,120.0,8,19,2,0.00000,0.00000,0.00000,0.00000,0.00000
74.740,1,74724.000,130764,192000,3999.750,120.0,8,19,2,0.00000,0.00000,0.00000,0.00000,0.00000
74.740,2,73742.000,83637,192000,3999.562,120.0,8,19,2,0.00000,0.00000,0.00000,0.00000,0.00000
74.841,0,74825.000,135639,192000,3999.188,120.0,8,19,2,0.00000,0.00000,0.00000,0.00000,0.00000
74.841,1,74825.000,135639,192000,3999.188,120.0,8,19,2,0.00000,0.00000,0.00000,0.00000,0.00000
74.841,2,73844.000,88512,192000,0.000,120.0,8,19,2,0.00000,0.00000,0.00000,0.00000,0.00000
74.944,0,74928.000,140559,192000,3999.688,120.0,8,19,2,0.00000,0.00000,0.00000,0.00000,0.00000
74.944,1,74928.000,140559,192000,3999.688,120.0,8,19,2,0.00000,0.00000,0.00000,0.00000,0.00000
74.944,2,73946.000,93432,192000,3999.500,120.0,8,19,2,0.00000,0.00000,0.00000,0.00000,0.00000
75.044,0,75028.000,145379,192000,3999.271,120.0,8,19,2,0.00000,0.00000,0.00000,0.00000,0.00000
75.044,1,75028.000,145379,192000,3999.271,120.0,8,19,2,0.00000,0.00000,0.00000,0.00000,0.00000
75.044,2,74046.000,98252,192000,3999.083,120.0,8,19,2,0.00000,0.00000,0.00000,0.00000,0.00000
75.145,0,75129.000,150201,192000,3999.812,120.0,8,19,2,0.00000,0.00000,0.00000,0.00000,0.00000
75.145,1,75129.000,150201,192000,3999.812,120.0,8,19,2,0.00000,0.00000,0.00000,0.00000,0.00000
75.145,2,74147.000,103074,192000,3999.625,120.0,8,19,2,0.00000,0.00000,0.00000,0.00000,0.00000
75.245,0,75229.000,155010,192000,3999.625,120.0,8,19,2,0.00000,0.00000,0.00000,0.00000,0.00000
75.245,1,75229.000,155010,192000,3999.625,120.0,8,19,2,0.00000,0.00000,0.00000,0.00000,0.00000
75.245,2,74247.000,107883,192000,3999.438,120.0,8,19,2,0.00000,0.00000,0.00000,0.00000,0.00000
75.346,0,75330.000,159874,192000,3999.292,120.0,8,19,2,0.00000,0.00000,0.00000,0.00000,0.00000
75.346,1,75330.000,159874,192000,3999.292,120.0,8,19,2,0.00000,0.00000,0.00000,0.00000,0.00000
75.346,2,74348.000,112747,192000,3999.104,120.0,8,19,2,0.00000,0.00000,0.00000,0.00000,0.00000
75.447,0,75431.000,164719,192000,3999.354,120.0,8,19,2,0.00000,0.00000,0.00000,0.00000,0.00000
75.447,1,75431.000,164719,192000,3999.354,120.0,8,19,2,0.00000,0.00000,0.00000,0.00000,0.00000
75.447,2,74449.000,117592,192000,3999.167,120.0,8,19,2,0.00000,0.00000,0.00000,0.00000,0.00000
75.548,0,75532.000,169578,192000,3999.125,120.0,8,19,2,0.00000,0.00000,0.00000,0.00000,0.00000
75.548,1,75532.000,169578,192000,3999.125,120.0,8,19,2,0.00000,0.00000,0.00000,0.00000,0.00000
75.548,2,74551.000,122451,192000,3999.938,120.0,8,19,2,0.00000,0.00000,0.00000,0.00000,0.00000
75.650,0,75634.000,174460,192000,3999.417,120.0,8,19,2,0.00000,0.00000,0.00000,0.00000,0.00000
75.650,1,75634.000,174460,192000,3999.417,120.0,8,19,2,0.00000,0.00000,0.00000,0.00000,0.00000
75.650,2,74652.000,127333,192000,3999.229,120.0,8,19,2,0.00000,0.00000,0.00000,0.00000,0.00000
75.754,0,75739.000,179475,192000,3999.938,120.0,8,19,2,0.00000,0.00000,0.00000,0.00000,0.00000
75.754,1,75739.000,179475,192000,3999.938,120.0,8,19,2,0.00000,0.00000,0.00000,0.00000,0.00000
75.754,2,74757.000,132348,192000,3999.750,120.0,8,19,2,0.00000,0.00000,0.00000,0.00000,0.00000
75.857,0,75841.000,184394,192000,3999.458,120.0,8,19,2,0.00000,0.00000,0.00000,0.00000,0.00000
75.857,1,75841.000,184394,192000,3999.458,120.0,8,19,2,0.00000,0.00000,0.00000,0.00000,0.00000
75.857,2,74859.000,137267,192000,3999.271,120.0,8,19,2,0.00000,0.00000,0.00000,0.00000,0.00000
75.958,0,75942.000,189250,192000,3999.292,120.0,8,19,2,0.00000,0.00000,0.00000,0.00000,0.00000
75.958,1,75942.000,189250,192000,3999.292,120.0,8,19,2,0.00000,0.00000,0.00000,0.00000,0.00000
75.958,2,74960.000,142123,192000,3999.104,120.0,8,19,2,0.00000,0.00000,0.00000,0.00000,0.00000
76.060,0,76044.000,2151,192000,3999.188,120.0,8,20,2,0.00000,0.00000,0.00000,0.00000,0.00000
76.060,1,76044.000,2151,192000,3999.188,120.0,8,20,2,0.00000,0.00000,0.00000,0.00000,0.00000
76.060,2,75063.000,147024,192000,0.000,120.0,8,19,2,0.00000,0.00000,0.00000,0.00000,0.00000
76.162,0,76146.000,7047,192000,3999.188,120.0,8,20,2,0.00000,0.00000,0.00000,0.00000,0.00000
76.162,1,76146.000,7047,192000,3999.188,120.0,8,20,2,0.00000,0.00000,0.00000,0.00000,0.00000
76.162,2,75165.000,151920,192000,0.000,120.0,8,19,2,0.00000,0.00000,0.00000,0.00000,0.00000
76.264,0,76248.000,11927,192000,3999.521,120.0,8,20,2,0.00000,0.00000,0.00000,0.00000,0.00000
76.264,1,76248.000,11927,192000,3999.521,120.0,8,20,2,0.00000,0.00000,0.00000,0.00000,0.00000
76.264,2,75266.000,156800,192000,3999.333,120.0,8,19,2,0.00000,0.00000,0.00000,0.00000,0.00000
76.366,0,76350.000,16808,192000,3999.833,120.0,8,20,2,0.00000,0.00000,0.00000,0.00000,0.00000
76.366,1,76350.000,16808,192000,3999.833,120.0,8,20,2,0.00000,0.00000,0.00000,0.00000,0.00000
76.366,2,75368.000,161681,192000,3999.646,120.0,8,19,2,0.00000,0.00000,0.00000,0.00000,0.00000
76.467,0,76451.000,21687,192000,3999.188,120.0,8,20,2,0.00000,0.00000,0.00000,0.00000,0.00000
76.467,1,76451.000,21687,192000,3999.188,120.0,8,20,2,0.00000,0.00000,0.00000,0.00000,0.00000
76.467,2,75470.000,166560,192000,0.000,120.0,8,19,2,0.00000,0.00000,0.00000,0.00000,0.00000
76.568,0,76552.000,26516,192000,3999.583,120.0,8,20,2,0.00000,0.00000,0.00000,0.00000,0.00000
76.568,1,76552.000,26516,192000,3999.583,120.0,8,20,2,0.00000,0.00000,0.00000,0.00000,0.00000
76.568,2,75570.000,171389,192000,3999.396,120.0,8,19,2,0.00000,0.00000,0.00000,0.00000,0.00000
76.669,0,76653.000,31378,192000,3999.292,120.0,8,20,2,0.00000,0.00000,0.00000,0.00000,0.00000
76.669,1,76653.000,31378,192000,3999.292,120.0,8,20,2,0.00000,0.00000,0.00000,0.00000,0.00000
76.669,2,75671.000,176251,192000,3999.104,120.0,8,19,2,0.00000,0.00000,0.00000,0.00000,0.00000
76.771,0,76755.000,36262,192000,3999.542,120.0,8,20,2,0.00000,0.00000,0.00000,0.00000,0.00000
76.771,1,76755.000,36262,192000,3999.542,120.0,8,20,2,0.00000,0.00000,0.00000,0.00000,0.00000
76.771,2,75773.000,181135,192000,3999.354,120.0,8,19,2,0.00000,0.00000,0.00000,0.00000,0.00000
76.871,0,76855.000,41076,192000,3999.250,120.0,8,20,2,0.00000,0.00000,0.00000,0.00000,0.00000
76.871,1,76855.000,41076,192000,3999.250,120.0,8,20,2,0.00000,0.00000,0.00000,0.00000,0.00000
76.871,2,75873.000,185949,192000,3999.062,120.0,8,19,2,0.00000,0.00000,0.00000,0.00000,0.00000
76.974,0,76958.000,46002,192000,3999.625,120.0,8,20,2,0.00000,0.00000,0.00000,0.00000,0.00000
76.974,1,76958.000,46002,192000,3999.625,120.0,8,20,2,0.00000,0.00000,0.00000,0.00000,0.00000
76.974,2,75976.000,190875,192000,3999.438,120.0,8,19,2,0.00000,0.00000,0.00000,0.00000,0.00000
77.076,0,77060.000,50924,192000,3999.083,120.0,8,20,2,0.00000,0.00000,0.00000,0.00000,0.00000
77.076,1,77060.000,50924,192000,3999.083,120.0,8,20,2,0.00000,0.00000,0.00000,0.00000,0.00000
77.076,2,76079.000,3797,192000,3999.896,120.0,8,20,2,0.09937,0.09871,0.09937,0.00000,0.00000
77.177,0,77162.000,55777,192000,3999.979,120.0,8,20,2,0.00000,0.00000,0.00000,0.00000,0.00000
77.177,1,77162.000,55777,192000,3999.979,120.0,8,20,2,0.00000,0.00000,0.00000,0.00000,0.00000
77.177,2,76180.000,8650,192000,3999.792,120.0,8,20,2,0.06526,0.06483,0.06526,0.00000,0.00000
77.279,0,77263.000,60644,192000,3999.583,120.0,8,20,2,0.00000,0.00000,0.00000,0.00000,0.00000
77.279,1,77263.000,60644,192000,3999.583,120.0,8,20,2,0.00000,0.00000,0.00000,0.00000,0.00000
77.279,2,76281.000,13517,192000,3999.396,120.0,8,20,2,0.04280,0.04252,0.04280,0.00000,0.00000
77.380,0,77364.000,65489,192000,3999.646,120.0,8,20,2,0.00000,0.00000,0.00000,0.00000,0.00000
77.380,1,77364.000,65489,192000,3999.646,120.0,8,20,2,0.00000,0.00000,0.00000,0.00000,0.00000
77.380,2,76382.000,18362,192000,3999.458,120.0,8,20,2,0.02813,0.02794,0.02813,0.00000,0.00000
77.481,0,77465.000,70337,192000,3999.646,120.0,8,20,2,0.00000,0.00000,0.00000,0.00000,0.00000
77.481,1,77465.000,70337,192000,3999.646,120.0,8,20,2,0.00000,0.00000,0.00000,0.00000,0.00000
77.481,2,76483.000,23210,192000,3999.458,120.0,8,20,2,0.01848,0.01836,0.01848,0.00000,0.00000
77.581,0,77566.000,75173,192000,3999.896,120.0,8,20,2,0.00000,0.00000,0.00000,0.00000,0.00000
77.581,1,77566.000,75173,192000,3999.896,120.0,8,20,2,0.00000,0.00000,0.00000,0.00000,0.00000
77.581,2,76584.000,28046,192000,3999.708,120.0,8,20,2,0.01216,0.01208,0.01216,0.00000,0.00000
77.682,0,77666.000,80001,192000,3999.312,120.0,8,20,2,0.00000,0.00000,0.00000,0.00000,0.00000
77.682,1,77666.000,80001,192000,3999.312,120.0,8,20,2,0.00000,0.00000,0.00000,0.00000,0.00000
77.682,2,76684.000,32874,192000,3999.125,120.0,8,20,2,0.00800,0.00795,0.00800,0.00000,0.00000
77.784,0,77769.000,84916,192000,3999.917,120.0,8,20,2,0.00000,0.00000,0.00000,0.00000,0.00000
77.784,1,77769.000,84916,192000,3999.917,120.0,8,20,2,0.00000,0.00000,0.00000,0.00000,0.00000
77.784,2,76787.000,37789,192000,3999.729,120.0,8,20,2,0.00523,0.00519,0.00523,0.00000,0.00000
77.885,0,77869.000,89719,192000,3999.854,120.0,8,20,2,0.00000,0.00000,0.00000,0.00000,0.00000
77.885,1,77869.000,89719,192000,3999.854,120.0,8,20,2,0.00000,0.00000,0.00000,0.00000,0.00000
77.885,2,76887.000,42592,192000,3999.667,120.0,8,20,2,0.00345,0.00342,0.00345,0.00000,0.00000
77.985,0,77969.000,94532,192000,3999.583,120.0,8,20,2,0.00000,0.00000,0.00000,0.00000,0.00000
77.985,1,77969.000,94532,192000,3999.583,120.0,8,20,2,0.00000,0.00000,0.00000,0.00000,0.00000
77.985,2,76987.000,47405,192000,3999.396,120.0,8,20,2,0.00227,0.00226,0.00227,0.00000,0.00000
78.086,0,78070.000,99395,192000,3999.271,120.0,8,20,2,0.00000,0.00000,0.00000,0.00000,0.00000
78.086,1,78070.000,99395,192000,3999.271,120.0,8,20,2,0.00000,0.00000,0.00000,0.00000,0.00000
78.086,2,77088.000,52268,192000,3999.083,120.0,8,20,2,0.00149,0.00148,0.00149,0.00000,0.00000
78.189,0,78173.000,104311,192000,3999.854,120.0,8,20,2,0.00000,0.00000,0.00000,0.00000,0.00000
78.189,1,78173.000,104311,192000,3999.854,120.0,8,20,2,0.00000,0.00000,0.00000,0.00000,0.00000
78.189,2,77191.000,57184,192000,3999.667,120.0,8,20,2,0.00097,0.00097,0.00097,0.00000,0.00000
78.290,0,78274.000,109164,192000,3999.750,120.0,8,20,2,0.00000,0.00000,0.00000,0.00000,0.00000
78.290,1,78274.000,109164,192000,3999.750,120.0,8,20,2,0.00000,0.00000,0.00000,0.00000,0.00000
78.290,2,77292.000,62037,192000,3999.562,120.0,8,20,2,0.00064,0.00064,0.00064,0.00000,0.00000
78.391,0,78375.000,114039,192000,3999.188,120.0,8,20,2,0.00000,0.00000,0.00000,0.00000,0.00000
78.391,1,78375.000,114039,192000,3999.188,120.0,8,20,2,0.00000,0.00000,0.00000,0.00000,0.00000
78.391,2,77394.000,66912,192000,0.000,120.0,8,20,2,0.00042,0.00042,0.00042,0.00000,0.00000
78.494,0,78478.000,118959,192000,3999.688,120.0,8,20,2,0.00000,0.00000,0.00000,0.00000,0.00000
78.494,1,78478.000,118959,192000,3999.688,120.0,8,20,2,0.00000,0.00000,0.00000,0.00000,0.00000
78.494,2,77496.000,71832,192000,3999.500,120.0,8,20,2,0.00027,0.00027,0.00027,0.00000,0.00000
78.594,0,78578.000,123761,192000,3999.646,120.0,8,20,2,0.00000,0.00000,0.00000,0.00000,0.00000
78.594,1,78578.000,123761,192000,3999.646,120.0,8,20,2,0.00000,0.00000,0.00000,0.00000,0.00000
78.594,2,77596.000,76634,192000,3999.458,120.0,8,20,2,0.00018,0.00018,0.00018,0.00000,0.00000
78.696,0,78681.000,128693,192000,3999.896,120.0,8,20,2,0.00000,0.00000,0.00000,0.00000,0.00000
78.696,1,78681.000,128693,192000,3999.896,120.0,8,20,2,0.00000,0.00000,0.00000,0.00000,0.00000
78.696,2,77699.000,81566,192000,3999.708,120.0,8,20,2,0.00012,0.00012,0.00012,0.00000,0.00000
78.798,0,78782.000,133558,192000,3999.542,120.0,8,20,2,0.00000,0.00000,0.00000,0.00000,0.00000
78.798,1,78782.000,133558,192000,3999.542,120.0,8,20,2,0.00000,0.00000,0.00000,0.00000,0.00000
78.798,2,77800.000,86431,192000,3999.354,120.0,8,20,2,0.00008,0.00008,0.00008,0.00000,0.00000
78.898,0,78882.000,138380,192000,3999.083,120.0,8,20,2,0.00000,0.00000,0.00000,0.00000,0.00000
78.898,1,78882.000,138380,192000,3999.083,120.0,8,20,2,0.00000,0.00000,0.00000,0.00000,0.00000
78.898,2,77901.000,91253,192000,3999.896,120.0,8,20,2,0.00005,0.00005,0.00005,0.00000,0.00000
79.001,0,78985.000,143313,192000,3999.312,120.0,8,20,2,0.00000,0.00000,0.00000,0.00000,0.00000
79.001,1,78985.000,143313,192000,3999.312,120.0,8,20,2,0.00000,0.00000,0.00000,0.00000,0.00000
79.001,2,78003.000,96186,192000,3999.125,120.0,8,20,2,0.00003,0.00003,0.00003,0.00000,0.00000
79.101,0,79085.000,148122,192000,3999.125,120.0,8,20,2,0.00000,0.00000,0.00000,0.00000,0.00000
79.101,1,79085.000,148122,192000,3999.125,120.0,8,20,2,0.00000,0.00000,0.00000,0.00000,0.00000
79.101,2,78104.000,100995,192000,3999.938,120.0,8,20,2,0.00002,0.00002,0.00002,0.00000,0.00000
79.204,0,79188.000,153046,192000,3999.542,120.0,8,20,2,0.00000,0.00000,0.00000,0.00000,0.00000
79.204,1,79188.000,153046,192000,3999.542,120.0,8,20,2,0.00000,0.00000,0.00000,0.00000,0.00000
79.204,2,78206.000,105919,192000,3999.354,120.0,8,20,2,0.00001,0.00001,0.00001,0.00000,0.00000
79.306,0,79291.000,157970,192000,3999.958,120.0,8,20,2,0.00000,0.00000,0.00000,0.00000,0.00000
79.306,1,79291.000,157970,192000,3999.958,120.0,8,20,2,0.00000,0.00000,0.00000,0.00000,0.00000
79.306,2,78309.000,110843,192000,3999.771,120.0,8,20,2,0.00001,0.00001,0.00001,0.00000,0.00000
79.407,0,79391.000,162776,192000,3999.833,120.0,8,20,2,0.00000,0.00000,0.00000,0.00000,0.00000
79.407,1,79391.000,162776,192000,3999.833,120.0,8,20,2,0.00000,0.00000,0.00000,0.00000,0.00000
79.407,2,78409.000,115649,192000,3999.646,120.0,8,20,2,0.00001,0.00001,0.00001,0.00000,0.00000
79.507,0,79492.000,167619,192000,3999.938,120.0,8,20,2,0.00000,0.00000,0.00000,0.00000,0.00000
79.507,1,79492.000,167619,192000,3999.938,120.0,8,20,2,0.00000,0.00000,0.00000,0.00000,0.00000
79.507,2,78510.000,120492,192000,3999.750,120.0,8,20,2,0.00000,0.00000,0.00000,0.00000,0.00000
79.608,0,79592.000,172441,192000,3999.479,120.0,8,20,2,0.00000,0.00000,0.00000,0.00000,0.00000
79.608,1,79592.000,172441,192000,3999.479,120.0,8,20,2,0.00000,0.00000,0.00000,0.00000,0.00000
79.608,2,78610.000,125314,192000,3999.292,120.0,8,20,2,0.00000,0.00000,0.00000,0.00000,0.00000
79.708,0,79693.000,177267,192000,3999.938,120.0,8,20,2,0.00000,0.00000,0.00000,0.00000,0.00000
79.708,1,79693.000,177267,192000,3999.938,120.0,8,20,2,0.00000,0.00000,0.00000,0.00000,0.00000
79.708,2,78711.000,130140,192000,3999.750,120.0,8,20,2,0.00000,0.00000,0.00000,0.00000,0.00000
79.810,0,79794.000,182119,192000,3999.854,120.0,8,20,2,0.00000,0.00000,0.00000,0.00000,0.00000
79.810,1,79794.000,182119,192000,3999.854,120.0,8,20,2,0.00000,0.00000,0.00000,0.00000,0.00000
79.810,2,78812.000,134992,192000,3999.667,120.0,8,20,2,0.00000,0.00000,0.00000,0.00000,0.00000
79.910,0,79894.000,186934,192000,3999.542,120.0,8,20,2,0.00000,0.00000,0.00000,0.00000,0.00000
79.910,1,79894.000,186934,192000,3999.542,120.0,8,20,2,0.00000,0.00000,0.00000,0.00000,0.00000
79.910,2,78912.000,139807,192000,3999.354,120.0,8,20,2,0.00000,0.00000,0.00000,0.00000,0.00000
80.012,0,79996.000,191815,192000,3999.854,120.0,8,20,2,0.00000,0.00000,0.00000,0.00000,0.00000
80.012,1,79996.000,191815,192000,3999.854,120.0,8,20,2,0.00000,0.00000,0.00000,0.00000,0.00000
80.012,2,79014.000,144688,192000,3999.667,120.0,8,20,2,0.00000,0.00000,0.00000,0.00000,0.00000
80.113,0,80097.000,4669,192000,3999.729,120.0,8,21,2,0.09218,0.09209,0.09218,0.00000,0.00000
80.113,1,80097.000,4669,192000,3999.729,120.0,8,21,2,0.09209,0.09209,0.09204,0.00000,0.00000
80.113,2,79115.000,149542,192000,3999.542,120.0,8,20,2,0.00000,0.00000,0.00000,0.00000,0.00000
80.214,0,80198.000,9537,192000,3999.312,120.0,8,21,2,0.06046,0.06040,0.06046,0.00000,0.00000
80.214,1,80198.000,9537,192000,3999.312,120.0,8,21,2,0.06040,0.06040,0.06036,0.00000,0.00000
80.214,2,79216.000,154410,192000,3999.125,120.0,8,20,2,0.00000,0.00000,0.00000,0.00000,0.00000
80.314,0,80299.000,14356,192000,3999.917,120.0,8,21,2,0.03982,0.03978,0.03982,0.00000,0.00000
80.314,1,80299.000,14356,192000,3999.917,120.0,8,21,2,0.03978,0.03978,0.03976,0.00000,0.00000
80.314,2,79317.000,159229,192000,3999.729,120.0,8,20,2,0.00000,0.00000,0.00000,0.00000,0.00000
80.417,0,80401.000,19281,192000,3999.312,120.0,8,21,2,0.02599,0.02596,0.02599,0.00000,0.00000
80.417,1,80401.000,19281,192000,3999.312,120.0,8,21,2,0.02596,0.02596,0.02595,0.00000,0.00000
80.417,2,79419.000,164154,192000,3999.125,120.0,8,20,2,0.00000,0.00000,0.00000,0.00000,0.00000
80.520,0,80504.000,24210,192000,3999.625,120.0,8,21,2,0.01696,0.01694,0.01696,0.00000,0.00000
80.520,1,80504.000,24210,192000,3999.625,120.0,8,21,2,0.01694,0.01694,0.01693,0.00000,0.00000
80.520,2,79522.000,169083,192000,3999.438,120.0,8,20,2,0.00000,0.00000,0.00000,0.00000,0.00000
80.622,0,80606.000,29110,192000,3999.542,120.0,8,21,2,0.01109,0.01108,0.01109,0.00000,0.00000
80.622,1,80606.000,29110,192000,3999.542,120.0,8,21,2,0.01108,0.01108,0.01107,0.00000,0.00000
80.622,2,79624.000,173983,192000,3999.354,120.0,8,20,2,0.00000,0.00000,0.00000,0.00000,0.00000
80.724,0,80708.000,34024,192000,3999.167,120.0,8,21,2,0.00724,0.00724,0.00724,0.00000,0.00000
80.724,1,80708.000,34024,192000,3999.167,120.0,8,21,2,0.00724,0.00724,0.00723,0.00000,0.00000
80.724,2,79727.000,178897,192000,3999.979,120.0,8,20,2,0.00000,0.00000,0.00000,0.00000,0.00000
80.824,0,80808.000,38827,192000,3999.104,120.0,8,21,2,0.00478,0.00477,0.00478,0.00000,0.00000
80.824,1,80808.000,38827,192000,3999.104,120.0,8,21,2,0.00477,0.00477,0.00477,0.00000,0.00000
80.824,2,79827.000,183700,192000,3999.917,120.0,8,20,2,0.00000,0.00000,0.00000,0.00000,0.00000
80.926,0,80910.000,43720,192000,3999.167,120.0,8,21,2,0.00313,0.00312,0.00313,0.00000,0.00000
80.926,1,80910.000,43720,192000,3999.167,120.0,8,21,2,0.00312,0.00312,0.00312,0.00000,0.00000
80.926,2,79929.000,188593,192000,3999.979,120.0,8,20,2,0.00000,0.00000,0.00000,0.00000,0.00000
81.028,0,81012.000,48622,192000,3999.042,120.0,8,21,2,0.00205,0.00204,0.00205,0.00000,0.00000
81.028,1,81012.000,48622,192000,3999.042,120.0,8,21,2,0.00204,0.00204,0.00204,0.00000,0.00000
81.028,2,80031.000,1495,192000,3999.854,120.0,8,21,2,0.00000,0.00000,0.00000,0.00000,0.00000
81.129,0,81113.000,53450,192000,3999.458,120.0,8,21,2,0.00135,0.00134,0.00135,0.00000,0.00000
81.129,1,81113.000,53450,192000,3999.458,120.0,8,21,2,0.00134,0.00134,0.00134,0.00000,0.00000
81.129,2,80131.000,6323,192000,3999.271,120.0,8,21,2,0.00000,0.00000,0.00000,0.00000,0.00000
81.233,0,81217.000,58449,192000,3999.312,120.0,8,21,2,0.00087,0.00087,0.00087,0.00000,0.00000
81.233,1,81217.000,58449,192000,3999.312,120.0,8,21,2,0.00087,0.00087,0.00087,0.00000,0.00000
81.233,2,80235.000,11322,192000,3999.125,120.0,8,21,2,0.00000,0.00000,0.00000,0.00000,0.00000
81.336,0,81320.000,63381,192000,3999.562,120.0,8,21,2,0.00057,0.00057,0.00057,0.00000,0.00000
81.336,1,81320.000,63381,192000,3999.562,120.0,8,21,2,0.00057,0.00057,0.00057,0.00000,0.00000
81.336,2,80338.000,16254,192000,3999.375,120.0,8,21,2,0.00000,0.00000,0.00000,0.00000,0.00000
81.437,0,81421.000,68232,192000,3999.500,120.0,8,21,2,0.00037,0.00037,0.00037,0.00000,0.00000
81.437,1,81421.000,68232,192000,3999.500,120.0,8,21,2,0.00037,0.00037,0.00037,0.00000,0.00000
81.437,2,80439.000,21105,192000,3999.312,120.0,8,21,2,0.00000,0.00000,0.00000,0.00000,0.00000
81.538,0,81522.000,73098,192000,3999.125,120.0,8,21,2,0.00025,0.00025,0.00025,0.00000,0.00000
81.538,1,81522.000,73098,192000,3999.125,120.0,8,21,2,0.00025,0.00025,0.00024,0.00000,0.00000
81.538,2,80541.000,25971,192000,3999.938,120.0,8,21,2,0.00000,0.00000,0.00000,0.00000,0.00000
81.641,0,81625.000,78006,192000,3999.875,120.0,8,21,2,0.00016,0.00016,0.00016,0.00000,0.00000
81.641,1,81625.000,78006,192000,3999.875,120.0,8,21,2,0.00016,0.00016,0.00016,0.00000,0.00000
81.641,2,80643.000,30879,192000,3999.688,120.0,8,21,2,0.00000,0.00000,0.00000,0.00000,0.00000
81.741,0,81725.000,82807,192000,3999.854,120.0,8,21,2,0.00011,0.00011,0.00011,0.00000,0.00000
81.741,1,81725.000,82807,192000,3999.854,120.0,8,21,2,0.00011,0.00011,0.00011,0.00000,0.00000
81.741,2,80743.000,35680,192000,3999.667,120.0,8,21,2,0.00000,0.00000,0.00000,0.00000,0.00000
81.843,0,81827.000,87733,192000,3999.229,120.0,8,21,2,0.00007,0.00007,0.00007,0.00000,0.00000
81.843,1,81827.000,87733,192000,3999.229,120.0,8,21,2,0.00007,0.00007,0.00007,0.00000,0.00000
81.843,2,80845.000,40606,192000,3999.042,120.0,8,21,2,0.00000,0.00000,0.00000,0.00000,0.00000
81.946,0,81930.000,92663,192000,3999.521,120.0,8,21,2,0.00005,0.00004,0.00005,0.00000,0.00000
81.946,1,81930.000,92663,192000,3999.521,120.0,8,21,2,0.00004,0.00004,0.00004,0.00000,0.00000
81.946,2,80948.000,45536,192000,3999.333,120.0,8,21,2,0.00000,0.00000,0.00000,0.00000,0.00000
82.047,0,82031.000,97495,192000,3999.854,120.0,8,21,2,0.00003,0.00003,0.00003,0.00000,0.00000
82.047,1,82031.000,97495,192000,3999.854,120.0,8,21,2,0.00003,0.00003,0.00003,0.00000,0.00000
82.047,2,81049.000,50368,192000,3999.667,120.0,8,21,2,0.00000,0.00000,0.00000,0.00000,0.00000
82.150,0,82134.000,102441,192000,3999.812,120.0,8,21,2,0.00002,0.00002,0.00002,0.00000,0.00000
82.150,1,82134.000,102441,192000,3999.812,120.0,8,21,2,0.00002,0.00002,0.00002,0.00000,0.00000
82.150,2,81152.000,55314,192000,3999.625,120.0,8,21,2,0.00000,0.00000,0.00000,0.00000,0.00000
82.251,0,82235.000,107287,192000,3999.854,120.0,8,21,2,0.00001,0.00001,0.00001,0.00000,0.00000
82.251,1,82235.000,107287,192000,3999.854,120.0,8,21,2,0.00001,0.00001,0.00001,0.00000,0.00000
82.251,2,81253.000,60160,192000,3999.667,120.0,8,21,2,0.00000,0.00000,0.00000,0.00000,0.00000
82.354,0,82338.000,112236,192000,3999.750,120.0,8,21,2,0.00001,0.00001,0.00001,0.00000,0.00000
82.354,1,82338.000,112236,192000,3999.750,120.0,8,21,2,0.00001,0.00001,0.00001,0.00000,0.00000
82.354,2,81356.000,65109,192000,3999.562,120.0,8,21,2,0.00000,0.00000,0.00000,0.00000,0.00000
82.454,0,82438.000,117062,192000,3999.208,120.0,8,21,2,0.00001,0.00001,0.00001,0.00000,0.00000
82.454,1,82438.000,117062,192000,3999.208,120.0,8,21,2,0.00001,0.00001,0.00001,0.00000,0.00000
82.454,2,81456.000,69935,192000,3999.021,120.0,8,21,2,0.00000,0.00000,0.00000,0.00000,0.00000
82.557,0,82541.000,122005,192000,3999.229,120.0,8,21,2,0.00000,0.00000,0.00000,0.00000,0.00000
82.557,1,82541.000,122005,192000,3999.229,120.0,8,21,2,0.00000,0.00000,0.00000,0.00000,0.00000
82.557,2,81559.000,74878,192000,3999.042,120.0,8,21,2,0.00000,0.00000,0.00000,0.00000,0.00000
82.660,0,82644.000,126930,192000,3999.625,120.0,8,21,2,0.00000,0.00000,0.00000,0.00000,0.00000
82.660,1,82644.000,126930,192000,3999.625,120.0,8,21,2,0.00000,0.00000,0.00000,0.00000,0.00000
82.660,2,81662.000,79803,192000,3999.438,120.0,8,21,2,0.00000,0.00000,0.00000,0.00000,0.00000
82.760,0,82744.000,131754,192000,3999.125,120.0,8,21,2,0.00000,0.00000,0.00000,0.00000,0.00000
82.760,1,82744.000,131754,192000,3999.125,120.0,8,21,2,0.00000,0.00000,0.00000,0.00000,0.00000
82.760,2,81763.000,84627,192000,3999.938,120.0,8,21,2,0.00000,0.00000,0.00000,0.00000,0.00000
82.863,0,82847.000,136688,192000,3999.333,120.0,8,21,2,0.00000,0.00000,0.00000,0.00000,0.00000
82.863,1,82847.000,136688,192000,3999.333,120.0,8,21,2,0.00000,0.00000,0.00000,0.00000,0.00000
82.863,2,81865.000,89561,192000,3999.146,120.0,8,21,2,0.00000,0.00000,0.00000,0.00000,0.00000
82.965,0,82949.000,141588,192000,3999.250,120.0,8,21,2,0.00000,0.00000,0.00000,0.00000,0.00000
82.965,1,82949.000,141588,192000,3999.250,120.0,8,21,2,0.00000,0.00000,0.00000,0.00000,0.00000
82.965,2,81967.000,94461,192000,3999.062,120.0,8,21,2,0.00000,0.00000,0.00000,0.00000,0.00000
83.066,0,83050.000,146444,192000,3999.083,120.0,8,21,2,0.00000,0.00000,0.00000,0.00000,0.00000
83.066,1,83050.000,146444,192000,3999.083,120.0,8,21,2,0.00000,0.00000,0.00000,0.00000,0.00000
83.066,2,82069.000,99317,192000,3999.896,120.0,8,21,2,0.00000,0.00000,0.00000,0.00000,0.00000
83.169,0,83153.000,151383,192000,3999.188,120.0,8,21,2,0.00000,0.00000,0.00000,0.00000,0.00000
83.169,1,83153.000,151383,192000,3999.188,120.0,8,21,2,0.00000,0.00000,0.00000,0.00000,0.00000
83.169,2,82172.000,104256,192000,0.000,120.0,8,21,2,0.00000,0.00000,0.00000,0.00000,0.00000
83.269,0,83254.000,156193,192000,3999.979,120.0,8,21,2,0.00000,0.00000,0.00000,0.00000,0.00000
83.269,1,83254.000,156193,192000,3999.979,120.0,8,21,2,0.00000,0.00000,0.00000,0.00000,0.00000
83.269,2,82272.000,109066,192000,3999.792,120.0,8,21,2,0.00000,0.00000,0.00000,0.00000,0.00000
83.370,0,83354.000,161024,192000,3999.333,120.0,8,21,2,0.00000,0.00000,0.00000,0.00000,0.00000
83.370,1,83354.000,161024,192000,3999.333,120.0,8,21,2,0.00000,0.00000,0.00000,0.00000,0.00000
83.370,2,82372.000,113897,192000,3999.146,120.0,8,21,2,0.00000,0.00000,0.00000,0.00000,0.00000
83.470,0,83454.000,165833,192000,3999.146,120.0,8,21,2,0.00000,0.00000,0.00000,0.00000,0.00000
83.470,1,83454.000,165833,192000,3999.146,120.0,8,21,2,0.00000,0.00000,0.00000,0.00000,0.00000
83.470,2,82473.000,118706,192000,3999.958,120.0,8,21,2,0.00000,0.00000,0.00000,0.00000,0.00000
83.573,0,83557.000,170765,192000,3999.396,120.0,8,21,2,0.00000,0.00000,0.00000,0.00000,0.00000
83.573,1,83557.000,170765,192000,3999.396,120.0,8,21,2,0.00000,0.00000,0.00000,0.00000,0.00000
83.573,2,82575.000,123638,192000,3999.208,120.0,8,21,2,0.00000,0.00000,0.00000,0.00000,0.00000
83.673,0,83658.000,175588,192000,3999.917,120.0,8,21,2,0.00000,0.00000,0.00000,0.00000,0.00000
83.673,1,83658.000,175588,192000,3999.917,120.0,8,21,2,0.00000,0.00000,0.00000,0.00000,0.00000
83.673,2,82676.000,128461,192000,3999.729,120.0,8,21,2,0.00000,0.00000,0.00000,0.00000,0.00000
83.774,0,83759.000,180433,192000,3999.979,120.0,8,21,2,0.00000,0.00000,0.00000,0.00000,0.00000
83.774,1,83759.000,180433,192000,3999.979,120.0,8,21,2,0.00000,0.00000,0.00000,0.00000,0.00000
83.774,2,82777.000,133306,192000,3999.792,120.0,8,21,2,0.00000,0.00000,0.00000,0.00000,0.00000
83.876,0,83860.000,185311,192000,3999.354,120.0,8,21,2,0.00000,0.00000,0.00000,0.00000,0.00000
83.876,1,83860.000,185311,192000,3999.354,120.0,8,21,2,0.00000,0.00000,0.00000,0.00000,0.00000
83.876,2,82878.000,138184,192000,3999.167,120.0,8,21,2,0.00000,0.00000,0.00000,0.00000,0.00000
83.977,0,83961.000,190138,192000,3999.792,120.0,8,21,2,0.00000,0.00000,0.00000,0.00000,0.00000
83.977,1,83961.000,190138,192000,3999.792,120.0,8,21,2,0.00000,0.00000,0.00000,0.00000,0.00000
83.977,2,82979.000,143011,192000,3999.604,120.0,8,21,2,0.00000,0.00000,0.00000,0.00000,0.00000
84.077,0,84061.000,2968,192000,3999.167,120.0,8,22,2,0.00000,0.00000,0.00000,0.00000,0.00000
84.077,1,84061.000,2968,192000,3999.167,120.0,8,22,2,0.00000,0.00000,0.00000,0.00000,0.00000
84.077,2,83080.000,147841,192000,3999.979,120.0,8,21,2,0.00000,0.00000,0.00000,0.00000,0.00000
84.178,0,84162.000,7797,192000,3999.562,120.0,8,22,2,0.00000,0.00000,0.00000,0.00000,0.00000
84.178,1,84162.000,7797,192000,3999.562,120.0,8,22,2,0.00000,0.00000,0.00000,0.00000,0.00000
84.178,2,83180.000,152670,192000,3999.375,120.0,8,21,2,0.00000,0.00000,0.00000,0.00000,0.00000
84.280,0,84264.000,12695,192000,3999.521,120.0,8,22,2,0.00000,0.00000,0.00000,0.00000,0.00000
84.280,1,84264.000,12695,192000,3999.521,120.0,8,22,2,0.00000,0.00000,0.00000,0.00000,0.00000
84.280,2,83282.000,157568,192000,3999.333,120.0,8,21,2,0.00000,0.00000,0.00000,0.00000,0.00000
84.381,0,84365.000,17533,192000,3999.729,120.0,8,22,2,0.00000,0.00000,0.00000,0.00000,0.00000
84.381,1,84365.000,17533,192000,3999.729,120.0,8,22,2,0.00000,0.00000,0.00000,0.00000,0.00000
84.381,2,83383.000,162406,192000,3999.542,120.0,8,21,2,0.00000,0.00000,0.00000,0.00000,0.00000
84.483,0,84467.000,22456,192000,3999.167,120.0,8,22,2,0.00000,0.00000,0.00000,0.00000,0.00000
84.483,1,84467.000,22456,192000,3999.167,120.0,8,22,2,0.00000,0.00000,0.00000,0.00000,0.00000
84.483,2,83486.000,167329,192000,3999.979,120.0,8,21,2,0.00000,0.00000,0.00000,0.00000,0.00000
84.585,0,84569.000,27358,192000,3999.042,120.0,8,22,2,0.00000,0.00000,0.00000,0.00000,0.00000
84.585,1,84569.000,27358,192000,3999.042,120.0,8,22,2,0.00000,0.00000,0.00000,0.00000,0.00000
84.585,2,83588.000,172231,192000,3999.854,120.0,8,21,2,0.00000,0.00000,0.00000,0.00000,0.00000
84.686,0,84670.000,32205,192000,3999.062,120.0,8,22,2,0.00000,0.00000,0.00000,0.00000,0.00000
84.686,1,84670.000,32205,192000,3999.062,120.0,8,22,2,0.00000,0.00000,0.00000,0.00000,0.00000
84.686,2,83689.000,177078,192000,3999.875,120.0,8,21,2,0.00000,0.00000,0.00000,0.00000,0.00000
84.787,0,84772.000,37058,192000,3999.958,120.0,8,22,2,0.00000,0.00000,0.00000,0.00000,0.00000
84.787,1,84772.000,37058,192000,3999.958,120.0,8,22,2,0.00000,0.00000,0.00000,0.00000,0.00000
84.787,2,83790.000,181931,192000,3999.771,120.0,8,21,2,0.00000,0.00000,0.00000,0.00000,0.00000
84.890,0,84874.000,41980,192000,3999.417,120.0,8,22,2,0.00000,0.00000,0.00000,0.00000,0.00000
84.890,1,84874.000,41980,192000,3999.417,120.0,8,22,2,0.00000,0.00000,0.00000,0.00000,0.00000
84.890,2,83892.000,186853,192000,3999.229,120.0,8,21,2,0.00000,0.00000,0.00000,0.00000,0.00000
84.991,0,84975.000,46840,192000,3999.167,120.0,8,22,2,0.00000,0.00000,0.00000,0.00000,0.00000
84.991,1,84975.000,46840,192000,3999.167,120.0,8,22,2,0.00000,0.00000,0.00000,0.00000,0.00000
84.991,2,83994.000,191713,192000,3999.979,120.0,8,21,2,0.00000,0.00000,0.00000,0.00000,0.00000
85.092,0,85077.000,51698,192000,3999.958,120.0,8,22,2,0.00000,0.00000,0.00000,0.00000,0.00000
85.092,1,85077.000,51698,192000,3999.958,120.0,8,22,2,0.00000,0.00000,0.00000,0.00000,0.00000
85.092,2,84095.000,4571,192000,3999.771,120.0,8,22,2,0.00000,0.00000,0.00000,0.00000,0.00000
85.193,0,85177.000,56517,192000,3999.562,120.0,8,22,2,0.00000,0.00000,0.00000,0.00000,0.00000
85.193,1,85177.000,56517,192000,3999.562,120.0,8,22,2,0.00000,0.00000,0.00000,0.00000,0.00000
85.193,2,84195.000,9390,192000,3999.375,120.0,8,22,2,0.00000,0.00000,0.00000,0.00000,0.00000
85.295,0,85279.000,61419,192000,3999.438,120.0,8,22,2,0.00000,0.00000,0.00000,0.00000,0.00000
85.295,1,85279.000,61419,192000,3999.438,120.0,8,22,2,0.00000,0.00000,0.00000,0.00000,0.00000
85.295,2,84297.000,14292,192000,3999.250,120.0,8,22,2,0.00000,0.00000,0.00000,0.00000,0.00000
85.398,0,85382.000,66348,192000,3999.750,120.0,8,22,2,0.00000,0.00000,0.00000,0.00000,0.00000
85.398,1,85382.000,66348,192000,3999.750,120.0,8,22,2,0.00000,0.00000,0.00000,0.00000,0.00000
85.398,2,84400.000,19221,192000,3999.562,120.0,8,22,2,0.00000,0.00000,0.00000,0.00000,0.00000
85.498,0,85483.000,71186,192000,3999.958,120.0,8,22,2,0.00000,0.00000,0.00000,0.00000,0.00000
85.498,1,85483.000,71186,192000,3999.958,120.0,8,22,2,0.00000,0.00000,0.00000,0.00000,0.00000
85.498,2,84501.000,24059,192000,3999.771,120.0,8,22,2,0.00000,0.00000,0.00000,0.00000,0.00000
85.599,0,85583.000,75993,192000,3999.812,120.0,8,22,2,0.00000,0.00000,0.00000,0.00000,0.00000
85.599,1,85583.000,75993,192000,3999.812,120.0,8,22,2,0.00000,0.00000,0.00000,0.00000,0.00000
85.599,2,84601.000,28866,192000,3999.625,120.0,8,22,2,0.00000,0.00000,0.00000,0.00000,0.00000
85.699,0,85683.000,80823,192000,3999.188,120.0,8,22,2,0.00000,0.00000,0.00000,0.00000,0.00000
85.699,1,85683.000,80823,192000,3999.188,120.0,8,22,2,0.00000,0.00000,0.00000,0.00000,0.00000
85.699,2,84702.000,33696,192000,0.000,120.0,8,22,2,0.00000,0.00000,0.00000,0.00000,0.00000
85.800,0,85784.000,85677,192000,3999.062,120.0,8,22,2,0.00000,0.00000,0.00000,0.00000,0.00000
85.800,1,85784.000,85677,192000,3999.062,120.0,8,22,2,0.00000,0.00000,0.00000,0.00000,0.00000
85.800,2,84803.000,38550,192000,3999.875,120.0,8,22,2,0.00000,0.00000,0.00000,0.00000,0.00000
85.903,0,85887.000,90603,192000,3999.438,120.0,8,22,2,0.00000,0.00000,0.00000,0.00000,0.00000
85.903,1,85887.000,90603,192000,3999.438,120.0,8,22,2,0.00000,0.00000,0.00000,0.00000,0.00000
85.903,2,84905.000,43476,192000,3999.250,120.0,8,22,2,0.00000,0.00000,0.00000,0.00000,0.00000
86.005,0,85990.000,95523,192000,3999.938,120.0,8,22,2,0.00000,0.00000,0.00000,0.00000,0.00000
86.005,1,85990.000,95523,192000,3999.938,120.0,8,22,2,0.00000,0.00000,0.00000,0.00000,0.00000
86.005,2,85008.000,48396,192000,3999.750,120.0,8,22,2,0.00000,0.00000,0.00000,0.00000,0.00000
86.108,0,86092.000,100426,192000,3999.792,120.0,8,22,2,0.00000,0.00000,0.00000,0.00000,0.00000
86.108,1,86092.000,100426,192000,3999.792,120.0,8,22,2,0.00000,0.00000,0.00000,0.00000,0.00000
86.108,2,85110.000,53299,192000,3999.604,120.0,8,22,2,0.00000,0.00000,0.00000,0.00000,0.00000
86.210,0,86194.000,105357,192000,3999.062,120.0,8,22,2,0.00000,0.00000,0.00000,0.00000,0.00000
86.210,1,86194.000,105357,192000,3999.062,120.0,8,22,2,0.00000,0.00000,0.00000,0.00000,0.00000
86.210,2,85213.000,58230,192000,3999.875,120.0,8,22,2,0.00000,0.00000,0.00000,0.00000,0.00000
86.312,0,86296.000,110229,192000,3999.562,120.0,8,22,2,0.00000,0.00000,0.00000,0.00000,0.00000
86.312,1,86296.000,110229,192000,3999.562,120.0,8,22,2,0.00000,0.00000,0.00000,0.00000,0.00000
86.312,2,85314.000,63102,192000,3999.375,120.0,8,22,2,0.00000,0.00000,0.00000,0.00000,0.00000
86.412,0,86396.000,115055,192000,3999.021,120.0,8,22,2,0.00000,0.00000,0.00000,0.00000,0.00000
86.412,1,86396.000,115055,192000,3999.021,120.0,8,22,2,0.00000,0.00000,0.00000,0.00000,0.00000
86.412,2,85415.000,67928,192000,3999.833,120.0,8,22,2,0.00000,0.00000,0.00000,0.00000,0.00000
86.514,0,86498.000,119917,192000,3999.729,120.0,8,22,2,0.00000,0.00000,0.00000,0.00000,0.00000
86.514,1,86498.000,119917,192000,3999.729,120.0,8,22,2,0.00000,0.00000,0.00000,0.00000,0.00000
86.514,2,85516.000,72790,192000,3999.542,120.0,8,22,2,0.00000,0.00000,0.00000,0.00000,0.00000
86.615,0,86599.000,124765,192000,3999.729,120.0,8,22,2,0.00000,0.00000,0.00000,0.00000,0.00000
86.615,1,86599.000,124765,192000,3999.729,120.0,8,22,2,0.00000,0.00000,0.00000,0.00000,0.00000
86.615,2,85617.000,77638,192000,3999.542,120.0,8,22,2,0.00000,0.00000,0.00000,0.00000,0.00000
86.715,0,86699.000,129580,192000,3999.417,120.0,8,22,2,0.00000,0.00000,0.00000,0.00000,0.00000
86.715,1,86699.000,129580,192000,3999.417,120.0,8,22,2,0.00000,0.00000,0.00000,0.00000,0.00000
86.715,2,85717.000,82453,192000,3999.229,120.0,8,22,2,0.00000,0.00000,0.00000,0.00000,0.00000
86.815,0,86799.000,134390,192000,3999.208,120.0,8,22,2,0.00000,0.00000,0.00000,0.00000,0.00000
86.815,1,86799.000,134390,192000,3999.208,120.0,8,22,2,0.00000,0.00000,0.00000,0.00000,0.00000
86.815,2,85817.000,87263,192000,3999.021,120.0,8,22,2,0.00000,0.00000,0.00000,0.00000,0.00000
86.918,0,86902.000,139320,192000,3999.500,120.0,8,22,2,0.00000,0.00000,0.00000,0.00000,0.00000
86.918,1,86902.000,139320,192000,3999.500,120.0,8,22,2,0.00000,0.00000,0.00000,0.00000,0.00000
86.918,2,85920.000,92193,192000,3999.312,120.0,8,22,2,0.00000,0.00000,0.00000,0.00000,0.00000
87.018,0,87002.000,144128,192000,3999.333,120.0,8,22,2,0.00000,0.00000,0.00000,0.00000,0.00000
87.018,1,87002.000,144128,192000,3999.333,120.0,8,22,2,0.00000,0.00000,0.00000,0.00000,0.00000
87.018,2,86020.000,97001,192000,3999.146,120.0,8,22,2,0.00000,0.00000,0.00000,0.00000,0.00000
87.121,0,87105.000,149052,192000,3999.750,120.0,8,22,2,0.00000,0.00000,0.00000,0.00000,0.00000
87.121,1,87105.000,149052,192000,3999.750,120.0,8,22,2,0.00000,0.00000,0.00000,0.00000,0.00000
87.121,2,86123.000,101925,192000,3999.562,120.0,8,22,2,0.00000,0.00000,0.00000,0.00000,0.00000
87.222,0,87206.000,153923,192000,3999.271,120.0,8,22,2,0.00000,0.00000,0.00000,0.00000,0.00000
87.222,1,87206.000,153923,192000,3999.271,120.0,8,22,2,0.00000,0.00000,0.00000,0.00000,0.00000
87.222,2,86224.000,106796,192000,3999.083,120.0,8,22,2,0.00000,0.00000,0.00000,0.00000,0.00000
87.324,0,87308.000,158790,192000,3999.875,120.0,8,22,2,0.00000,0.00000,0.00000,0.00000,0.00000
87.324,1,87308.000,158790,192000,3999.875,120.0,8,22,2,0.00000,0.00000,0.00000,0.00000,0.00000
87.324,2,86326.000,111663,192000,3999.688,120.0,8,22,2,0.00000,0.00000,0.00000,0.00000,0.00000
87.424,0,87408.000,163598,192000,3999.708,120.0,8,22,2,0.00000,0.00000,0.00000,0.00000,0.00000
87.424,1,87408.000,163598,192000,3999.708,120.0,8,22,2,0.00000,0.00000,0.00000,0.00000,0.00000
87.424,2,86426.000,116471,192000,3999.521,120.0,8,22,2,0.00000,0.00000,0.00000,0.00000,0.00000
87.525,0,87509.000,168457,192000,3999.479,120.0,8,22,2,0.00000,0.00000,0.00000,0.00000,0.00000
87.525,1,87509.000,168457,192000,3999.479,120.0,8,22,2,0.00000,0.00000,0.00000,0.00000,0.00000
87.525,2,86527.000,121330,192000,3999.292,120.0,8,22,2,0.00000,0.00000,0.00000,0.00000,0.00000
87.626,0,87610.000,173317,192000,3999.229,120.0,8,22,2,0.00000,0.00000,0.00000,0.00000,0.00000
87.626,1,87610.000,173317,192000,3999.229,120.0,8,22,2,0.00000,0.00000,0.00000,0.00000,0.00000
87.626,2,86628.000,126190,192000,3999.042,120.0,8,22,2,0.00000,0.00000,0.00000,0.00000,0.00000
87.727,0,87711.000,178149,192000,3999.562,120.0,8,22,2,0.00000,0.00000,0.00000,0.00000,0.00000
87.727,1,87711.000,178149,192000,3999.562,120.0,8,22,2,0.00000,0.00000,0.00000,0.00000,0.00000
87.727,2,86729.000,131022,192000,3999.375,120.0,8,22,2,0.00000,0.00000,0.00000,0.00000,0.00000
87.827,0,87811.000,182961,192000,3999.312,120.0,8,22,2,0.00000,0.00000,0.00000,0.00000,0.00000
87.827,1,87811.000,182961,192000,3999.312,120.0,8,22,2,0.00000,0.00000,0.00000,0.00000,0.00000
87.827,2,86829.000,135834,192000,3999.125,120.0,8,22,2,0.00000,0.00000,0.00000,0.00000,0.00000
87.930,0,87914.000,187885,192000,3999.729,120.0,8,22,2,0.00000,0.00000,0.00000,0.00000,0.00000
87.930,1,87914.000,187885,192000,3999.729,120.0,8,22,2,0.00000,0.00000,0.00000,0.00000,0.00000
87.930,2,86932.000,140758,192000,3999.542,120.0,8,22,2,0.00000,0.00000,0.00000,0.00000,0.00000
88.031,0,88015.000,736,192000,3999.667,120.0,8,23,2,0.00000,0.00000,0.00000,0.00000,0.00000
88.031,1,88015.000,736,192000,3999.667,120.0,8,23,2,0.00000,0.00000,0.00000,0.00000,0.00000
88.031,2,87033.000,145609,192000,3999.479,120.0,8,22,2,0.00000,0.00000,0.00000,0.00000,0.00000
88.132,0,88116.000,5577,192000,3999.812,120.0,8,23,2,0.00000,0.00000,0.00000,0.00000,0.00000
88.132,1,88116.000,5577,192000,3999.812,120.0,8,23,2,0.00000,0.00000,0.00000,0.00000,0.00000
88.132,2,87134.000,150450,192000,3999.625,120.0,8,22,2,0.00000,0.00000,0.00000,0.00000,0.00000
88.233,0,88217.000,10422,192000,3999.875,120.0,8,23,2,0.00000,0.00000,0.00000,0.00000,0.00000
88.233,1,88217.000,10422,192000,3999.875,120.0,8,23,2,0.00000,0.00000,0.00000,0.00000,0.00000
88.233,2,87235.000,155295,192000,3999.688,120.0,8,22,2,0.00000,0.00000,0.00000,0.00000,0.00000
88.333,0,88317.000,15222,192000,3999.875,120.0,8,23,2,0.00000,0.00000,0.00000,0.00000,0.00000
88.333,1,88317.000,15222,192000,3999.875,120.0,8,23,2,0.00000,0.00000,0.00000,0.00000,0.00000
88.333,2,87335.000,160095,192000,3999.688,120.0,8,22,2,0.00000,0.00000,0.00000,0.00000,0.00000
88.433,0,88417.000,20053,192000,3999.229,120.0,8,23,2,0.00000,0.00000,0.00000,0.00000,0.00000
88.433,1,88417.000,20053,192000,3999.229,120.0,8,23,2,0.00000,0.00000,0.00000,0.00000,0.00000
88.433,2,87435.000,164926,192000,3999.042,120.0,8,22,2,0.00000,0.00000,0.00000,0.00000,0.00000
88.534,0,88518.000,24911,192000,3999.021,120.0,8,23,2,0.00000,0.00000,0.00000,0.00000,0.00000
88.534,1,88518.000,24911,192000,3999.021,120.0,8,23,2,0.00000,0.00000,0.00000,0.00000,0.00000
88.534,2,87537.000,169784,192000,3999.833,120.0,8,22,2,0.00000,0.00000,0.00000,0.00000,0.00000
88.635,0,88619.000,29720,192000,3999.833,120.0,8,23,2,0.00000,0.00000,0.00000,0.00000,0.00000
88.635,1,88619.000,29720,192000,3999.833,120.0,8,23,2,0.00000,0.00000,0.00000,0.00000,0.00000
88.635,2,87637.000,174593,192000,3999.646,120.0,8,22,2,0.00000,0.00000,0.00000,0.00000,0.00000
88.735,0,88719.000,34538,192000,3999.458,120.0,8,23,2,0.00000,0.00000,0.00000,0.00000,0.00000
88.735,1,88719.000,34538,192000,3999.458,120.0,8,23,2,0.00000,0.00000,0.00000,0.00000,0.00000
88.735,2,87737.000,179411,192000,3999.271,120.0,8,22,2,0.00000,0.00000,0.00000,0.00000,0.00000
88.836,0,88820.000,39375,192000,3999.688,120.0,8,23,2,0.00000,0.00000,0.00000,0.00000,0.00000
88.836,1,88820.000,39375,192000,3999.688,120.0,8,23,2,0.00000,0.00000,0.00000,0.00000,0.00000
88.836,2,87838.000,184248,192000,3999.500,120.0,8,22,2,0.00000,0.00000,0.00000,0.00000,0.00000
88.936,0,88920.000,44191,192000,3999.354,120.0,8,23,2,0.00000,0.00000,0.00000,0.00000,0.00000
88.936,1,88920.000,44191,192000,3999.354,120.0,8,23,2,0.00000,0.00000,0.00000,0.00000,0.00000
88.936,2,87938.000,189064,192000,3999.167,120.0,8,22,2,0.00000,0.00000,0.00000,0.00000,0.00000
89.037,0,89021.000,49024,192000,3999.667,120.0,8,23,2,0.00000,0.00000,0.00000,0.00000,0.00000
89.037,1,89021.000,49024,192000,3999.667,120.0,8,23,2,0.00000,0.00000,0.00000,0.00000,0.00000
89.037,2,88039.000,1897,192000,3999.479,120.0,8,23,2,0.11710,0.11692,0.11710,0.00000,0.00000
89.138,0,89122.000,53868,192000,3999.750,120.0,8,23,2,0.00000,0.00000,0.00000,0.00000,0.00000
89.138,1,89122.000,53868,192000,3999.750,120.0,8,23,2,0.00000,0.00000,0.00000,0.00000,0.00000
89.138,2,88140.000,6741,192000,3999.562,120.0,8,23,2,0.07696,0.07684,0.07696,0.00000,0.00000
89.239,0,89223.000,58751,192000,3999.021,120.0,8,23,2,0.00000,0.00000,0.00000,0.00000,0.00000
89.239,1,89223.000,58751,192000,3999.021,120.0,8,23,2,0.00000,0.00000,0.00000,0.00000,0.00000
89.239,2,88242.000,11624,192000,3999.833,120.0,8,23,2,0.05041,0.05034,0.05041,0.00000,0.00000
89.342,0,89326.000,63683,192000,3999.271,120.0,8,23,2,0.00000,0.00000,0.00000,0.00000,0.00000
89.342,1,89326.000,63683,192000,3999.271,120.0,8,23,2,0.00000,0.00000,0.00000,0.00000,0.00000
89.342,2,88344.000,16556,192000,3999.083,120.0,8,23,2,0.03288,0.03283,0.03288,0.00000,0.00000
89.443,0,89427.000,68520,192000,3999.500,120.0,8,23,2,0.00000,0.00000,0.00000,0.00000,0.00000
89.443,1,89427.000,68520,192000,3999.500,120.0,8,23,2,0.00000,0.00000,0.00000,0.00000,0.00000
89.443,2,88445.000,21393,192000,3999.312,120.0,8,23,2,0.02162,0.02159,0.02162,0.00000,0.00000
89.544,0,89528.000,73376,192000,3999.333,120.0,8,23,2,0.00000,0.00000,0.00000,0.00000,0.00000
89.544,1,89528.000,73376,192000,3999.333,120.0,8,23,2,0.00000,0.00000,0.00000,0.00000,0.00000
89.544,2,88546.000,26249,192000,3999.146,120.0,8,23,2,0.01420,0.01418,0.01420,0.00000,0.00000
89.645,0,89629.000,78228,192000,3999.250,120.0,8,23,2,0.00000,0.00000,0.00000,0.00000,0.00000
89.645,1,89629.000,78228,192000,3999.250,120.0,8,23,2,0.00000,0.00000,0.00000,0.00000,0.00000
89.645,2,88647.000,31101,192000,3999.062,120.0,8,23,2,0.00932,0.00931,0.00932,0.00000,0.00000
89.746,0,89730.000,83065,192000,3999.479,120.0,8,23,2,0.00000,0.00000,0.00000,0.00000,0.00000
89.746,1,89730.000,83065,192000,3999.479,120.0,8,23,2,0.00000,0.00000,0.00000,0.00000,0.00000
89.746,2,88748.000,35938,192000,3999.292,120.0,8,23,2,0.00613,0.00612,0.00613,0.00000,0.00000
89.848,0,89832.000,87978,192000,3999.125,120.0,8,23,2,0.00000,0.00000,0.00000,0.00000,0.00000
89.848,1,89832.000,87978,192000,3999.125,120.0,8,23,2,0.00000,0.00000,0.00000,0.00000,0.00000
89.848,2,88851.000,40851,192000,3999.938,120.0,8,23,2,0.00401,0.00400,0.00401,0.00000,0.00000
89.949,0,89933.000,92800,192000,3999.667,120.0,8,23,2,0.00000,0.00000,0.00000,0.00000,0.00000
89.949,1,89933.000,92800,192000,3999.667,120.0,8,23,2,0.00000,0.00000,0.00000,0.00000,0.00000
89.949,2,88951.000,45673,192000,3999.479,120.0,8,23,2,0.00264,0.00263,0.00264,0.00000,0.00000
90.051,0,90035.000,97722,192000,3999.125,120.0,8,23,2,0.00000,0.00000,0.00000,0.00000,0.00000
90.051,1,90035.000,97722,192000,3999.125,120.0,8,23,2,0.00000,0.00000,0.00000,0.00000,0.00000
90.051,2,89054.000,50595,192000,3999.938,120.0,8,23,2,0.00172,0.00172,0.00172,0.00000,0.00000
90.153,0,90137.000,102603,192000,3999.438,120.0,8,23,2,0.00000,0.00000,0.00000,0.00000,0.00000
90.153,1,90137.000,102603,192000,3999.438,120.0,8,23,2,0.00000,0.00000,0.00000,0.00000,0.00000
90.153,2,89155.000,55476,192000,3999.250,120.0,8,23,2,0.00113,0.00113,0.00113,0.00000,0.00000
90.255,0,90240.000,107521,192000,3999.979,120.0,8,23,2,0.00000,0.00000,0.00000,0.00000,0.00000
90.255,1,90240.000,107521,192000,3999.979,120.0,8,23,2,0.00000,0.00000,0.00000,0.00000,0.00000
90.255,2,89258.000,60394,192000,3999.792,120.0,8,23,2,0.00074,0.00074,0.00074,0.00000,0.00000
90.357,0,90341.000,112392,192000,3999.500,120.0,8,23,2,0.00000,0.00000,0.00000,0.00000,0.00000
90.357,1,90341.000,112392,192000,3999.500,120.0,8,23,2,0.00000,0.00000,0.00000,0.00000,0.00000
90.357,2,89359.000,65265,192000,3999.312,120.0,8,23,2,0.00048,0.00048,0.00048,0.00000,0.00000
90.458,0,90442.000,117237,192000,3999.562,120.0,8,23,2,0.00000,0.00000,0.00000,0.00000,0.00000
90.458,1,90442.000,117237,192000,3999.562,120.0,8,23,2,0.00000,0.00000,0.00000,0.00000,0.00000
90.458,2,89460.000,70110,192000,3999.375,120.0,8,23,2,0.00032,0.00032,0.00032,0.00000,0.00000
90.559,0,90543.000,122089,192000,3999.479,120.0,8,23,2,0.00000,0.00000,0.00000,0.00000,0.00000
90.559,1,90543.000,122089,192000,3999.479,120.0,8,23,2,0.00000,0.00000,0.00000,0.00000,0.00000
90.559,2,89561.000,74962,192000,3999.292,120.0,8,23,2,0.00021,0.00021,0.00021,0.00000,0.00000
90.659,0,90644.000,126917,192000,3999.896,120.0,8,23,2,0.00000,0.00000,0.00000,0.00000,0.00000
90.659,1,90644.000,126917,192000,3999.896,120.0,8,23,2,0.00000,0.00000,0.00000,0.00000,0.00000
90.659,2,89662.000,79790,192000,3999.708,120.0,8,23,2,0.00014,0.00014,0.00014,0.00000,0.00000
90.762,0,90747.000,131860,192000,3999.917,120.0,8,23,2,0.00000,0.00000,0.00000,0.00000,0.00000
90.762,1,90747.000,131860,192000,3999.917,120.0,8,23,2,0.00000,0.00000,0.00000,0.00000,0.00000
90.762,2,89765.000,84733,192000,3999.729,120.0,8,23,2,0.00009,0.00009,0.00009,0.00000,0.00000
90.865,0,90849.000,136789,192000,3999.229,120.0,8,23,2,0.00000,0.00000,0.00000,0.00000,0.00000
90.865,1,90849.000,136789,192000,3999.229,120.0,8,23,2,0.00000,0.00000,0.00000,0.00000,0.00000
90.865,2,89867.000,89662,192000,3999.042,120.0,8,23,2,0.00006,0.00006,0.00006,0.00000,0.00000
90.966,0,90950.000,141633,192000,3999.312,120.0,8,23,2,0.00000,0.00000,0.00000,0.00000,0.00000
90.966,1,90950.000,141633,192000,3999.312,120.0,8,23,2,0.00000,0.00000,0.00000,0.00000,0.00000
90.966,2,89968.000,94506,192000,3999.125,120.0,8,23,2,0.00004,0.00004,0.00004,0.00000,0.00000
91.066,0,91050.000,146436,192000,3999.250,120.0,8,23,2,0.00000,0.00000,0.00000,0.00000,0.00000
91.066,1,91050.000,146436,192000,3999.250,120.0,8,23,2,0.00000,0.00000,0.00000,0.00000,0.00000
91.066,2,90068.000,99309,192000,3999.062,120.0,8,23,2,0.00003,0.00003,0.00003,0.00000,0.00000
91.168,0,91152.000,151327,192000,3999.354,120.0,8,23,2,0.00000,0.00000,0.00000,0.00000,0.00000
91.168,1,91152.000,151327,192000,3999.354,120.0,8,23,2,0.00000,0.00000,0.00000,0.00000,0.00000
91.168,2,90170.000,104200,192000,3999.167,120.0,8,23,2,0.00002,0.00002,0.00002,0.00000,0.00000
91.268,0,91252.000,156132,192000,3999.250,120.0,8,23,2,0.00000,0.00000,0.00000,0.00000,0.00000
91.268,1,91252.000,156132,192000,3999.250,120.0,8,23,2,0.00000,0.00000,0.00000,0.00000,0.00000
91.268,2,90270.000,109005,192000,3999.062,120.0,8,23,2,0.00001,0.00001,0.00001,0.00000,0.00000
91.369,0,91353.000,160983,192000,3999.188,120.0,8,23,2,0.00000,0.00000,0.00000,0.00000,0.00000
91.369,1,91353.000,160983,192000,3999.188,120.0,8,23,2,0.00000,0.00000,0.00000,0.00000,0.00000
91.369,2,90372.000,113856,192000,0.000,120.0,8,23,2,0.00001,0.00001,0.00001,0.00000,0.00000
91.470,0,91454.000,165814,192000,3999.542,120.0,8,23,2,0.00000,0.00000,0.00000,0.00000,0.00000
91.470,1,91454.000,165814,192000,3999.542,120.0,8,23,2,0.00000,0.00000,0.00000,0.00000,0.00000
91.470,2,90472.000,118687,192000,3999.354,120.0,8,23,2,0.00000,0.00000,0.00000,0.00000,0.00000
91.570,0,91554.000,170629,192000,3999.229,120.0,8,23,2,0.00000,0.00000,0.00000,0.00000,0.00000
91.570,1,91554.000,170629,192000,3999.229,120.0,8,23,2,0.00000,0.00000,0.00000,0.00000,0.00000
91.570,2,90572.000,123502,192000,3999.042,120.0,8,23,2,0.00000,0.00000,0.00000,0.00000,0.00000
91.670,0,91654.000,175431,192000,3999.188,120.0,8,23,2,0.00000,0.00000,0.00000,0.00000,0.00000
91.670,1,91654.000,175431,192000,3999.188,120.0,8,23,2,0.00000,0.00000,0.00000,0.00000,0.00000
91.670,2,90673.000,128304,192000,0.000,120.0,8,23,2,0.00000,0.00000,0.00000,0.00000,0.00000
91.772,0,91756.000,180300,192000,3999.750,120.0,8,23,2,0.00000,0.00000,0.00000,0.00000,0.00000
91.772,1,91756.000,180300,192000,3999.750,120.0,8,23,2,0.00000,0.00000,0.00000,0.00000,0.00000
91.772,2,90774.000,133173,192000,3999.562,120.0,8,23,2,0.00000,0.00000,0.00000,0.00000,0.00000
91.872,0,91856.000,185120,192000,3999.333,120.0,8,23,2,0.00000,0.00000,0.00000,0.00000,0.00000
91.872,1,91856.000,185120,192000,3999.333,120.0,8,23,2,0.00000,0.00000,0.00000,0.00000,0.00000
91.872,2,90874.000,137993,192000,3999.146,120.0,8,23,2,0.00000,0.00000,0.00000,0.00000,0.00000
91.974,0,91959.000,190034,192000,3999.958,120.0,8,23,2,0.00000,0.00000,0.00000,0.00000,0.00000
91.974,1,91959.000,190034,192000,3999.958,120.0,8,23,2,0.00000,0.00000,0.00000,0.00000,0.00000
91.974,2,90977.000,142907,192000,3999.771,120.0,8,23,2,0.00000,0.00000,0.00000,0.00000,0.00000
92.083,0,92067.000,3242,192000,3999.458,120.0,8,24,2,0.10458,0.10451,0.10458,0.00000,0.00000
92.083,1,92067.000,3242,192000,3999.458,120.0,8,24,2,0.10451,0.10451,0.10425,0.00000,0.00000
92.083,2,91085.000,148115,192000,3999.271,120.0,8,23,2,0.00000,0.00000,0.00000,0.00000,0.00000
92.185,0,92169.000,8123,192000,3999.771,120.0,8,24,2,0.06851,0.06847,0.06851,0.00000,0.00000
92.185,1,92169.000,8123,192000,3999.771,120.0,8,24,2,0.06847,0.06847,0.06830,0.00000,0.00000
92.185,2,91187.000,152996,192000,3999.583,120.0,8,23,2,0.00000,0.00000,0.00000,0.00000,0.00000
92.286,0,92270.000,12974,192000,3999.708,120.0,8,24,2,0.04500,0.04497,0.04500,0.00000,0.00000
92.286,1,92270.000,12974,192000,3999.708,120.0,8,24,2,0.04497,0.04497,0.04486,0.00000,0.00000
92.286,2,91288.000,157847,192000,3999.521,120.0,8,23,2,0.00000,0.00000,0.00000,0.00000,0.00000
92.389,0,92373.000,17924,192000,3999.583,120.0,8,24,2,0.02931,0.02929,0.02931,0.00000,0.00000
92.389,1,92373.000,17924,192000,3999.583,120.0,8,24,2,0.02929,0.02929,0.02922,0.00000,0.00000
92.389,2,91391.000,162797,192000,3999.396,120.0,8,23,2,0.00000,0.00000,0.00000,0.00000,0.00000
92.490,0,92474.000,22787,192000,3999.271,120.0,8,24,2,0.01923,0.01922,0.01923,0.00000,0.00000
92.490,1,92474.000,22787,192000,3999.271,120.0,8,24,2,0.01922,0.01922,0.01917,0.00000,0.00000
92.490,2,91492.000,167660,192000,3999.083,120.0,8,23,2,0.00000,0.00000,0.00000,0.00000,0.00000
92.591,0,92575.000,27618,192000,3999.625,120.0,8,24,2,0.01265,0.01265,0.01265,0.00000,0.00000
92.591,1,92575.000,27618,192000,3999.625,120.0,8,24,2,0.01265,0.01265,0.01261,0.00000,0.00000
92.591,2,91593.000,172491,192000,3999.438,120.0,8,23,2,0.00000,0.00000,0.00000,0.00000,0.00000
92.692,0,92676.000,32490,192000,3999.125,120.0,8,24,2,0.00830,0.00829,0.00830,0.00000,0.00000
92.692,1,92676.000,32490,192000,3999.125,120.0,8,24,2,0.00829,0.00829,0.00827,0.00000,0.00000
92.692,2,91695.000,177363,192000,3999.938,120.0,8,23,2,0.00000,0.00000,0.00000,0.00000,0.00000
92.794,0,92778.000,37368,192000,3999.500,120.0,8,24,2,0.00544,0.00543,0.00544,0.00000,0.00000
92.794,1,92778.000,37368,192000,3999.500,120.0,8,24,2,0.00543,0.00543,0.00542,0.00000,0.00000
92.794,2,91796.000,182241,192000,3999.312,120.0,8,23,2,0.00000,0.00000,0.00000,0.00000,0.00000
92.895,0,92879.000,42213,192000,3999.562,120.0,8,24,2,0.00357,0.00357,0.00357,0.00000,0.00000
92.895,1,92879.000,42213,192000,3999.562,120.0,8,24,2,0.00357,0.00357,0.00356,0.00000,0.00000
92.895,2,91897.000,187086,192000,3999.375,120.0,8,23,2,0.00000,0.00000,0.00000,0.00000,0.00000
92.996,0,92980.000,47056,192000,3999.667,120.0,8,24,2,0.00235,0.00235,0.00235,0.00000,0.00000
92.996,1,92980.000,47056,192000,3999.667,120.0,8,24,2,0.00235,0.00235,0.00234,0.00000,0.00000
92.996,2,91998.000,191929,192000,3999.479,120.0,8,23,2,0.00000,0.00000,0.00000,0.00000,0.00000
93.099,0,93084.000,52036,192000,3999.917,120.0,8,24,2,0.00153,0.00152,0.00153,0.00000,0.00000
93.099,1,93084.000,52036,192000,3999.917,120.0,8,24,2,0.00152,0.00152,0.00152,0.00000,0.00000
93.099,2,92102.000,4909,192000,3999.729,120.0,8,24,2,0.00000,0.00000,0.00000,0.00000,0.00000
93.202,0,93186.000,56935,192000,3999.854,120.0,8,24,2,0.00100,0.00100,0.00100,0.00000,0.00000
93.202,1,93186.000,56935,192000,3999.854,120.0,8,24,2,0.00100,0.00100,0.00099,0.00000,0.00000
93.202,2,92204.000,9808,192000,3999.667,120.0,8,24,2,0.00000,0.00000,0.00000,0.00000,0.00000
93.303,0,93287.000,61814,192000,3999.208,120.0,8,24,2,0.00065,0.00065,0.00065,0.00000,0.00000
93.303,1,93287.000,61814,192000,3999.208,120.0,8,24,2,0.00065,0.00065,0.00065,0.00000,0.00000
93.303,2,92305.000,14687,192000,3999.021,120.0,8,24,2,0.00000,0.00000,0.00000,0.00000,0.00000
93.405,0,93390.000,66722,192000,3999.958,120.0,8,24,2,0.00043,0.00043,0.00043,0.00000,0.00000
93.405,1,93390.000,66722,192000,3999.958,120.0,8,24,2,0.00043,0.00043,0.00043,0.00000,0.00000
93.405,2,92408.000,19595,192000,3999.771,120.0,8,24,2,0.00000,0.00000,0.00000,0.00000,0.00000
93.507,0,93492.000,71620,192000,3999.917,120.0,8,24,2,0.00028,0.00028,0.00028,0.00000,0.00000
93.507,1,93492.000,71620,192000,3999.917,120.0,8,24,2,0.00028,0.00028,0.00028,0.00000,0.00000
93.507,2,92510.000,24493,192000,3999.729,120.0,8,24,2,0.00000,0.00000,0.00000,0.00000,0.00000
93.610,0,93594.000,76554,192000,3999.125,120.0,8,24,2,0.00018,0.00018,0.00018,0.00000,0.00000
93.610,1,93594.000,76554,192000,3999.125,120.0,8,24,2,0.00018,0.00018,0.00018,0.00000,0.00000
93.610,2,92613.000,29427,192000,3999.938,120.0,8,24,2,0.00000,0.00000,0.00000,0.00000,0.00000
93.711,0,93695.000,81399,192000,3999.188,120.0,8,24,2,0.00012,0.00012,0.00012,0.00000,0.00000
93.711,1,93695.000,81399,192000,3999.188,120.0,8,24,2,0.00012,0.00012,0.00012,0.00000,0.00000
93.711,2,92714.000,34272,192000,0.000,120.0,8,24,2,0.00000,0.00000,0.00000,0.00000,0.00000
93.813,0,93797.000,86303,192000,3999.021,120.0,8,24,2,0.00008,0.00008,0.00008,0.00000,0.00000
93.813,1,93797.000,86303,192000,3999.021,120.0,8,24,2,0.00008,0.00008,0.00008,0.00000,0.00000
93.813,2,92816.000,39176,192000,3999.833,120.0,8,24,2,0.00000,0.00000,0.00000,0.00000,0.00000
93.914,0,93898.000,91127,192000,3999.521,120.0,8,24,2,0.00005,0.00005,0.00005,0.00000,0.00000
93.914,1,93898.000,91127,192000,3999.521,120.0,8,24,2,0.00005,0.00005,0.00005,0.00000,0.00000
93.914,2,92916.000,44000,192000,3999.333,120.0,8,24,2,0.00000,0.00000,0.00000,0.00000,0.00000
94.016,0,94000.000,96029,192000,3999.396,120.0,8,24,2,0.00003,0.00003,0.00003,0.00000,0.00000
94.016,1,94000.000,96029,192000,3999.396,120.0,8,24,2,0.00003,0.00003,0.00003,0.00000,0.00000
94.016,2,93018.000,48902,192000,3999.208,120.0,8,24,2,0.00000,0.00000,0.00000,0.00000,0.00000
94.118,0,94102.000,100940,192000,3999.083,120.0,8,24,2,0.00002,0.00002,0.00002,0.00000,0.00000
94.118,1,94102.000,100940,192000,3999.083,120.0,8,24,2,0.00002,0.00002,0.00002,0.00000,0.00000
94.118,2,93121.000,53813,192000,3999.896,120.0,8,24,2,0.00000,0.00000,0.00000,0.00000,0.00000
94.219,0,94203.000,105761,192000,3999.646,120.0,8,24,2,0.00001,0.00001,0.00001,0.00000,0.00000
94.219,1,94203.000,105761,192000,3999.646,120.0,8,24,2,0.00001,0.00001,0.00001,0.00000,0.00000
94.219,2,93221.000,58634,192000,3999.458,120.0,8,24,2,0.00000,0.00000,0.00000,0.00000,0.00000
94.321,0,94305.000,110676,192000,3999.250,120.0,8,24,2,0.00001,0.00001,0.00001,0.00000,0.00000
94.321,1,94305.000,110676,192000,3999.250,120.0,8,24,2,0.00001,0.00001,0.00001,0.00000,0.00000
94.321,2,93323.000,63549,192000,3999.062,120.0,8,24,2,0.00000,0.00000,0.00000,0.00000,0.00000
94.423,0,94407.000,115580,192000,3999.083,120.0,8,24,2,0.00001,0.00001,0.00001,0.00000,0.00000
94.423,1,94407.000,115580,192000,3999.083,120.0,8,24,2,0.00001,0.00001,0.00001,0.00000,0.00000
94.423,2,93426.000,68453,192000,3999.896,120.0,8,24,2,0.00000,0.00000,0.00000,0.00000,0.00000
94.526,0,94510.000,120518,192000,3999.208,120.0,8,24,2,0.00000,0.00000,0.00000,0.00000,0.00000
94.526,1,94510.000,120518,192000,3999.208,120.0,8,24,2,0.00000,0.00000,0.00000,0.00000,0.00000
94.526,2,93528.000,73391,192000,3999.021,120.0,8,24,2,0.00000,0.00000,0.00000,0.00000,0.00000
94.627,0,94612.000,125380,192000,3999.917,120.0,8,24,2,0.00000,0.00000,0.00000,0.00000,0.00000
94.627,1,94612.000,125380,192000,3999.917,120.0,8,24,2,0.00000,0.00000,0.00000,0.00000,0.00000
94.627,2,93630.000,78253,192000,3999.729,120.0,8,24,2,0.00000,0.00000,0.00000,0.00000,0.00000
94.729,0,94713.000,130271,192000,3999.021,120.0,8,24,2,0.00000,0.00000,0.00000,0.00000,0.00000
94.729,1,94713.000,130271,192000,3999.021,120.0,8,24,2,0.00000,0.00000,0.00000,0.00000,0.00000
94.729,2,93732.000,83144,192000,3999.833,120.0,8,24,2,0.00000,0.00000,0.00000,0.00000,0.00000
94.830,0,94814.000,135107,192000,3999.271,120.0,8,24,2,0.00000,0.00000,0.00000,0.00000,0.00000
94.830,1,94814.000,135107,192000,3999.271,120.0,8,24,2,0.00000,0.00000,0.00000,0.00000,0.00000
94.830,2,93832.000,87980,192000,3999.083,120.0,8,24,2,0.00000,0.00000,0.00000,0.00000,0.00000
94.930,0,94915.000,139925,192000,3999.896,120.0,8,24,2,0.00000,0.00000,0.00000,0.00000,0.00000
94.930,1,94915.000,139925,192000,3999.896,120.0,8,24,2,0.00000,0.00000,0.00000,0.00000,0.00000
94.930,2,93933.000,92798,192000,3999.708,120.0,8,24,2,0.00000,0.00000,0.00000,0.00000,0.00000
95.031,0,95015.000,144755,192000,3999.271,120.0,8,24,2,0.00000,0.00000,0.00000,0.00000,0.00000
95.031,1,95015.000,144755,192000,3999.271,120.0,8,24,2,0.00000,0.00000,0.00000,0.00000,0.00000
95.031,2,94033.000,97628,192000,3999.083,120.0,8,24,2,0.00000,0.00000,0.00000,0.00000,0.00000
95.133,0,95117.000,149638,192000,3999.542,120.0,8,24,2,0.00000,0.00000,0.00000,0.00000,0.00000
95.133,1,95117.000,149638,192000,3999.542,120.0,8,24,2,0.00000,0.00000,0.00000,0.00000,0.00000
95.133,2,94135.000,102511,192000,3999.354,120.0,8,24,2,0.00000,0.00000,0.00000,0.00000,0.00000
95.235,0,95219.000,154540,192000,3999.417,120.0,8,24,2,0.00000,0.00000,0.00000,0.00000,0.00000
95.235,1,95219.000,154540,192000,3999.417,120.0,8,24,2,0.00000,0.00000,0.00000,0.00000,0.00000
95.235,2,94237.000,107413,192000,3999.229,120.0,8,24,2,0.00000,0.00000,0.00000,0.00000,0.00000
95.337,0,95321.000,159432,192000,3999.500,120.0,8,24,2,0.00000,0.00000,0.00000,0.00000,0.00000
95.337,1,95321.000,159432,192000,3999.500,120.0,8,24,2,0.00000,0.00000,0.00000,0.00000,0.00000
95.337,2,94339.000,112305,192000,3999.312,120.0,8,24,2,0.00000,0.00000,0.00000,0.00000,0.00000
95.439,0,95423.000,164330,192000,3999.458,120.0,8,24,2,0.00000,0.00000,0.00000,0.00000,0.00000
95.439,1,95423.000,164330,192000,3999.458,120.0,8,24,2,0.00000,0.00000,0.00000,0.00000,0.00000
95.439,2,94441.000,117203,192000,3999.271,120.0,8,24,2,0.00000,0.00000,0.00000,0.00000,0.00000
95.541,0,95525.000,169220,192000,3999.583,120.0,8,24,2,0.00000,0.00000,0.00000,0.00000,0.00000
95.541,1,95525.000,169220,192000,3999.583,120.0,8,24,2,0.00000,0.00000,0.00000,0.00000,0.00000
95.541,2,94543.000,122093,192000,3999.396,120.0,8,24,2,0.00000,0.00000,0.00000,0.00000,0.00000
95.643,0,95627.000,174115,192000,3999.604,120.0,8,24,2,0.00000,0.00000,0.00000,0.00000,0.00000
95.643,1,95627.000,174115,192000,3999.604,120.0,8,24,2,0.00000,0.00000,0.00000,0.00000,0.00000
95.643,2,94645.000,126988,192000,3999.417,120.0,8,24,2,0.00000,0.00000,0.00000,0.00000,0.00000
95.745,0,95729.000,179036,192000,3999.083,120.0,8,24,2,0.00000,0.00000,0.00000,0.00000,0.00000
95.745,1,95729.000,179036,192000,3999.083,120.0,8,24,2,0.00000,0.00000,0.00000,0.00000,0.00000
95.745,2,94748.000,131909,192000,3999.896,120.0,8,24,2,0.00000,0.00000,0.00000,0.00000,0.00000
95.847,0,95831.000,183925,192000,3999.229,120.0,8,24,2,0.00000,0.00000,0.00000,0.00000,0.00000
95.847,1,95831.000,183925,192000,3999.229,120.0,8,24,2,0.00000,0.00000,0.00000,0.00000,0.00000
95.847,2,94849.000,136798,192000,3999.042,120.0,8,24,2,0.00000,0.00000,0.00000,0.00000,0.00000
95.950,0,95934.000,188862,192000,3999.375,120.0,8,24,2,0.00000,0.00000,0.00000,0.00000,0.00000
95.950,1,95934.000,188862,192000,3999.375,120.0,8,24,2,0.00000,0.00000,0.00000,0.00000,0.00000
95.950,2,94952.000,141735,192000,3999.188,120.0,8,24,2,0.00000,0.00000,0.00000,0.00000,0.00000
96.051,0,96035.000,1703,192000,3999.521,120.0,8,25,2,0.00000,0.00000,0.00000,0.00000,0.00000
96.051,1,96035.000,1703,192000,3999.521,120.0,8,25,2,0.00000,0.00000,0.00000,0.00000,0.00000
96.051,2,95053.000,146576,192000,3999.333,120.0,8,24,2,0.00000,0.00000,0.00000,0.00000,0.00000
96.152,0,96136.000,6559,192000,3999.354,120.0,8,25,2,0.00000,0.00000,0.00000,0.00000,0.00000
96.152,1,96136.000,6559,192000,3999.354,120.0,8,25,2,0.00000,0.00000,0.00000,0.00000,0.00000
96.152,2,95154.000,151432,192000,3999.167,120.0,8,24,2,0.00000,0.00000,0.00000,0.00000,0.00000
96.252,0,96236.000,11365,192000,3999.229,120.0,8,25,2,0.00000,0.00000,0.00000,0.00000,0.00000
96.252,1,96236.000,11365,192000,3999.229,120.0,8,25,2,0.00000,0.00000,0.00000,0.00000,0.00000
96.252,2,95254.000,156238,192000,3999.042,120.0,8,24,2,0.00000,0.00000,0.00000,0.00000,0.00000
96.354,0,96338.000,16236,192000,3999.750,120.0,8,25,2,0.00000,0.00000,0.00000,0.00000,0.00000
96.354,1,96338.000,16236,192000,3999.750,120.0,8,25,2,0.00000,0.00000,0.00000,0.00000,0.00000
96.354,2,95356.000,161109,192000,3999.562,120.0,8,24,2,0.00000,0.00000,0.00000,0.00000,0.00000
96.456,0,96440.000,21135,192000,3999.688,120.0,8,25,2,0.00000,0.00000,0.00000,0.00000,0.00000
96.456,1,96440.000,21135,192000,3999.688,120.0,8,25,2,0.00000,0.00000,0.00000,0.00000,0.00000
96.456,2,95458.000,166008,192000,3999.500,120.0,8,24,2,0.00000,0.00000,0.00000,0.00000,0.00000
96.557,0,96541.000,25986,192000,3999.625,120.0,8,25,2,0.00000,0.00000,0.00000,0.00000,0.00000
96.557,1,96541.000,25986,192000,3999.625,120.0,8,25,2,0.00000,0.00000,0.00000,0.00000,0.00000
96.557,2,95559.000,170859,192000,3999.438,120.0,8,24,2,0.00000,0.00000,0.00000,0.00000,0.00000
96.657,0,96641.000,30809,192000,3999.146,120.0,8,25,2,0.00000,0.00000,0.00000,0.00000,0.00000
96.657,1,96641.000,30809,192000,3999.146,120.0,8,25,2,0.00000,0.00000,0.00000,0.00000,0.00000
96.657,2,95660.000,175682,192000,3999.958,120.0,8,24,2,0.00000,0.00000,0.00000,0.00000,0.00000
96.757,0,96742.000,35620,192000,3999.917,120.0,8,25,2,0.00000,0.00000,0.00000,0.00000,0.00000
96.757,1,96742.000,35620,192000,3999.917,120.0,8,25,2,0.00000,0.00000,0.00000,0.00000,0.00000
96.757,2,95760.000,180493,192000,3999.729,120.0,8,24,2,0.00000,0.00000,0.00000,0.00000,0.00000
96.858,0,96843.000,40468,192000,3999.917,120.0,8,25,2,0.00000,0.00000,0.00000,0.00000,0.00000
96.858,1,96843.000,40468,192000,3999.917,120.0,8,25,2,0.00000,0.00000,0.00000,0.00000,0.00000
96.858,2,95861.000,185341,192000,3999.729,120.0,8,24,2,0.00000,0.00000,0.00000,0.00000,0.00000
96.960,0,96944.000,45341,192000,3999.396,120.0,8,25,2,0.00000,0.00000,0.00000,0.00000,0.00000
96.960,1,96944.000,45341,192000,3999.396,120.0,8,25,2,0.00000,0.00000,0.00000,0.00000,0.00000
96.960,2,95962.000,190214,192000,3999.208,120.0,8,24,2,0.00000,0.00000,0.00000,0.00000,0.00000
97.060,0,97044.000,50158,192000,3999.042,120.0,8,25,2,0.00000,0.00000,0.00000,0.00000,0.00000
97.060,1,97044.000,50158,192000,3999.042,120.0,8,25,2,0.00000,0.00000,0.00000,0.00000,0.00000
97.060,2,96063.000,3031,192000,3999.854,120.0,8,25,2,0.00000,0.00000,0.00000,0.00000,0.00000
97.163,0,97147.000,55096,192000,3999.167,120.0,8,25,2,0.00000,0.00000,0.00000,0.00000,0.00000
97.163,1,97147.000,55096,192000,3999.167,120.0,8,25,2,0.00000,0.00000,0.00000,0.00000,0.00000
97.163,2,96166.000,7969,192000,3999.979,120.0,8,25,2,0.00000,0.00000,0.00000,0.00000,0.00000
97.265,0,97249.000,59966,192000,3999.708,120.0,8,25,2,0.00000,0.00000,0.00000,0.00000,0.00000
97.265,1,97249.000,59966,192000,3999.708,120.0,8,25,2,0.00000,0.00000,0.00000,0.00000,0.00000
97.265,2,96267.000,12839,192000,3999.521,120.0,8,25,2,0.00000,0.00000,0.00000,0.00000,0.00000
97.365,0,97349.000,64779,192000,3999.438,120.0,8,25,2,0.00000,0.00000,0.00000,0.00000,0.00000
97.365,1,97349.000,64779,192000,3999.438,120.0,8,25,2,0.00000,0.00000,0.00000,0.00000,0.00000
97.365,2,96367.000,17652,192000,3999.250,120.0,8,25,2,0.00000,0.00000,0.00000,0.00000,0.00000
97.465,0,97449.000,69594,192000,3999.125,120.0,8,25,2,0.00000,0.00000,0.00000,0.00000,0.00000
97.465,1,97449.000,69594,192000,3999.125,120.0,8,25,2,0.00000,0.00000,0.00000,0.00000,0.00000
97.465,2,96468.000,22467,192000,3999.938,120.0,8,25,2,0.00000,0.00000,0.00000,0.00000,0.00000
97.568,0,97552.000,74518,192000,3999.542,120.0,8,25,2,0.00000,0.00000,0.00000,0.00000,0.00000
97.568,1,97552.000,74518,192000,3999.542,120.0,8,25,2,0.00000,0.00000,0.00000,0.00000,0.00000
97.568,2,96570.000,27391,192000,3999.354,120.0,8,25,2,0.00000,0.00000,0.00000,0.00000,0.00000
97.670,0,97655.000,79442,192000,3999.958,120.0,8,25,2,0.00000,0.00000,0.00000,0.00000,0.00000
97.670,1,97655.000,79442,192000,3999.958,120.0,8,25,2,0.00000,0.00000,0.00000,0.00000,0.00000
97.670,2,96673.000,32315,192000,3999.771,120.0,8,25,2,0.00000,0.00000,0.00000,0.00000,0.00000
97.773,0,97757.000,84361,192000,3999.479,120.0,8,25,2,0.00000,0.00000,0.00000,0.00000,0.00000
97.773,1,97757.000,84361,192000,3999.479,120.0,8,25,2,0.00000,0.00000,0.00000,0.00000,0.00000
97.773,2,96775.000,37234,192000,3999.292,120.0,8,25,2,0.00000,0.00000,0.00000,0.00000,0.00000
97.875,0,97860.000,89280,192000,0.000,120.0,8,25,2,0.00000,0.00000,0.00000,0.00000,0.00000
97.875,1,97860.000,89280,192000,0.000,120.0,8,25,2,0.00000,0.00000,0.00000,0.00000,0.00000
97.875,2,96878.000,42153,192000,3999.812,120.0,8,25,2,0.00000,0.00000,0.00000,0.00000,0.00000
97.975,0,97960.000,94084,192000,3999.917,120.0,8,25,2,0.00000,0.00000,0.00000,0.00000,0.00000
97.975,1,97960.000,94084,192000,3999.917,120.0,8,25,2,0.00000,0.00000,0.00000,0.00000,0.00000
97.975,2,96978.000,46957,192000,3999.729,120.0,8,25,2,0.00000,0.00000,0.00000,0.00000,0.00000
98.076,0,98060.000,98909,192000,3999.396,120.0,8,25,2,0.00000,0.00000,0.00000,0.00000,0.00000
98.076,1,98060.000,98909,192000,3999.396,120.0,8,25,2,0.00000,0.00000,0.00000,0.00000,0.00000
98.076,2,97078.000,51782,192000,3999.208,120.0,8,25,2,0.00000,0.00000,0.00000,0.00000,0.00000
98.177,0,98161.000,103762,192000,3999.292,120.0,8,25,2,0.00000,0.00000,0.00000,0.00000,0.00000
98.177,1,98161.000,103762,192000,3999.292,120.0,8,25,2,0.00000,0.00000,0.00000,0.00000,0.00000
98.177,2,97179.000,56635,192000,3999.104,120.0,8,25,2,0.00000,0.00000,0.00000,0.00000,0.00000
98.279,0,98263.000,108638,192000,3999.708,120.0,8,25,2,0.00000,0.00000,0.00000,0.00000,0.00000
98.279,1,98263.000,108638,192000,3999.708,120.0,8,25,2,0.00000,0.00000,0.00000,0.00000,0.00000
98.279,2,97281.000,61511,192000,3999.521,120.0,8,25,2,0.00000,0.00000,0.00000,0.00000,0.00000
98.379,0,98363.000,113441,192000,3999.646,120.0,8,25,2,0.00000,0.00000,0.00000,0.00000,0.00000
98.379,1,98363.000,113441,192000,3999.646,120.0,8,25,2,0.00000,0.00000,0.00000,0.00000,0.00000
98.379,2,97381.000,66314,192000,3999.458,120.0,8,25,2,0.00000,0.00000,0.00000,0.00000,0.00000
98.481,0,98465.000,118350,192000,3999.375,120.0,8,25,2,0.00000,0.00000,0.00000,0.00000,0.00000
98.481,1,98465.000,118350,192000,3999.375,120.0,8,25,2,0.00000,0.00000,0.00000,0.00000,0.00000
98.481,2,97483.000,71223,192000,3999.188,120.0,8,25,2,0.00000,0.00000,0.00000,0.00000,0.00000
98.584,0,98568.000,123274,192000,3999.792,120.0,8,25,2,0.00000,0.00000,0.00000,0.00000,0.00000
98.584,1,98568.000,123274,192000,3999.792,120.0,8,25,2,0.00000,0.00000,0.00000,0.00000,0.00000
98.584,2,97586.000,76147,192000,3999.604,120.0,8,25,2,0.00000,0.00000,0.00000,0.00000,0.00000
98.686,0,98670.000,128177,192000,3999.646,120.0,8,25,2,0.00000,0.00000,0.00000,0.00000,0.00000
98.686,1,98670.000,128177,192000,3999.646,120.0,8,25,2,0.00000,0.00000,0.00000,0.00000,0.00000
98.686,2,97688.000,81050,192000,3999.458,120.0,8,25,2,0.00000,0.00000,0.00000,0.00000,0.00000
98.787,0,98771.000,133044,192000,3999.250,120.0,8,25,2,0.00000,0.00000,0.00000,0.00000,0.00000
98.787,1,98771.000,133044,192000,3999.250,120.0,8,25,2,0.00000,0.00000,0.00000,0.00000,0.00000
98.787,2,97789.000,85917,192000,3999.062,120.0,8,25,2,0.00000,0.00000,0.00000,0.00000,0.00000
98.890,0,98874.000,137962,192000,3999.792,120.0,8,25,2,0.00000,0.00000,0.00000,0.00000,0.00000
98.890,1,98874.000,137962,192000,3999.792,120.0,8,25,2,0.00000,0.00000,0.00000,0.00000,0.00000
98.890,2,97892.000,90835,192000,3999.604,120.0,8,25,2,0.00000,0.00000,0.00000,0.00000,0.00000
98.991,0,98975.000,142814,192000,3999.708,120.0,8,25,2,0.00000,0.00000,0.00000,0.00000,0.00000
98.991,1,98975.000,142814,192000,3999.708,120.0,8,25,2,0.00000,0.00000,0.00000,0.00000,0.00000
98.991,2,97993.000,95687,192000,3999.521,120.0,8,25,2,0.00000,0.00000,0.00000,0.00000,0.00000
99.093,0,99078.000,147744,192000,0.000,120.0,8,25,2,0.00000,0.00000,0.00000,0.00000,0.00000
99.093,1,99078.000,147744,192000,0.000,120.0,8,25,2,0.00000,0.00000,0.00000,0.00000,0.00000
99.093,2,98096.000,100617,192000,3999.812,120.0,8,25,2,0.00000,0.00000,0.00000,0.00000,0.00000
99.193,0,99178.000,152549,192000,3999.896,120.0,8,25,2,0.00000,0.00000,0.00000,0.00000,0.00000
99.193,1,99178.000,152549,192000,3999.896,120.0,8,25,2,0.00000,0.00000,0.00000,0.00000,0.00000
99.193,2,98196.000,105422,192000,3999.708,120.0,8,25,2,0.00000,0.00000,0.00000,0.00000,0.00000
99.294,0,99278.000,157375,192000,3999.354,120.0,8,25,2,0.00000,0.00000,0.00000,0.00000,0.00000
99.294,1,99278.000,157375,192000,3999.354,120.0,8,25,2,0.00000,0.00000,0.00000,0.00000,0.00000
99.294,2,98296.000,110248,192000,3999.167,120.0,8,25,2,0.00000,0.00000,0.00000,0.00000,0.00000
99.395,0,99379.000,162219,192000,3999.438,120.0,8,25,2,0.00000,0.00000,0.00000,0.00000,0.00000
99.395,1,99379.000,162219,192000,3999.438,120.0,8,25,2,0.00000,0.00000,0.00000,0.00000,0.00000
99.395,2,98397.000,115092,192000,3999.250,120.0,8,25,2,0.00000,0.00000,0.00000,0.00000,0.00000
99.498,0,99482.000,167152,192000,3999.667,120.0,8,25,2,0.00000,0.00000,0.00000,0.00000,0.00000
99.498,1,99482.000,167152,192000,3999.667,120.0,8,25,2,0.00000,0.00000,0.00000,0.00000,0.00000
99.498,2,98500.000,120025,192000,3999.479,120.0,8,25,2,0.00000,0.00000,0.00000,0.00000,0.00000
99.598,0,99582.000,171953,192000,3999.646,120.0,8,25,2,0.00000,0.00000,0.00000,0.00000,0.00000
99.598,1,99582.000,171953,192000,3999.646,120.0,8,25,2,0.00000,0.00000,0.00000,0.00000,0.00000
99.598,2,98600.000,124826,192000,3999.458,120.0,8,25,2,0.00000,0.00000,0.00000,0.00000,0.00000
99.700,0,99684.000,176858,192000,3999.458,120.0,8,25,2,0.00000,0.00000,0.00000,0.00000,0.00000
99.700,1,99684.000,176858,192000,3999.458,120.0,8,25,2,0.00000,0.00000,0.00000,0.00000,0.00000
99.700,2,98702.000,129731,192000,3999.271,120.0,8,25,2,0.00000,0.00000,0.00000,0.00000,0.00000
99.801,0,99786.000,181732,192000,3999.917,120.0,8,25,2,0.00000,0.00000,0.00000,0.00000,0.00000
99.801,1,99786.000,181732,192000,3999.917,120.0,8,25,2,0.00000,0.00000,0.00000,0.00000,0.00000
99.801,2,98804.000,134605,192000,3999.729,120.0,8,25,2,0.00000,0.00000,0.00000,0.00000,0.00000
99.902,0,99886.000,186552,192000,3999.500,120.0,8,25,2,0.00000,0.00000,0.00000,0.00000,0.00000
99.902,1,99886.000,186552,192000,3999.500,120.0,8,25,2,0.00000,0.00000,0.00000,0.00000,0.00000
99.902,2,98904.000,139425,192000,3999.312,120.0,8,25,2,0.00000,0.00000,0.00000,0.00000,0.00000
100.004,0,99988.000,191460,192000,3999.250,120.0,8,25,2,0.00000,0.00000,0.00000,0.00000,0.00000
100.004,1,99988.000,191460,192000,3999.250,120.0,8,25,2,0.00000,0.00000,0.00000,0.00000,0.00000
100.004,2,99006.000,144333,192000,3999.062,120.0,8,25,2,0.00000,0.00000,0.00000,0.00000,0.00000
100.105,0,100089.000,4298,192000,3999.458,120.0,8,26,2,0.00000,0.00000,0.00000,0.00000,0.00000
100.105,1,100089.000,4298,192000,3999.458,120.0,8,26,2,0.00000,0.00000,0.00000,0.00000,0.00000
100.105,2,99107.000,149171,192000,3999.271,120.0,8,25,2,0.00000,0.00000,0.00000,0.00000,0.00000
100.207,0,100191.000,9206,192000,3999.208,120.0,8,26,2,0.00000,0.00000,0.00000,0.00000,0.00000
100.207,1,100191.000,9206,192000,3999.208,120.0,8,26,2,0.00000,0.00000,0.00000,0.00000,0.00000
100.207,2,99209.000,154079,192000,3999.021,120.0,8,25,2,0.00000,0.00000,0.00000,0.00000,0.00000
100.308,0,100292.000,14053,192000,3999.229,120.0,8,26,2,0.00000,0.00000,0.00000,0.00000,0.00000
100.308,1,100292.000,14053,192000,3999.229,120.0,8,26,2,0.00000,0.00000,0.00000,0.00000,0.00000
100.308,2,99310.000,158926,192000,3999.042,120.0,8,25,2,0.00000,0.00000,0.00000,0.00000,0.00000
100.413,0,100398.000,19104,192000,0.000,120.0,8,26,2,0.00000,0.00000,0.00000,0.00000,0.00000
100.413,1,100398.000,19104,192000,0.000,120.0,8,26,2,0.00000,0.00000,0.00000,0.00000,0.00000
100.413,2,99416.000,163977,192000,3999.812,120.0,8,25,2,0.00000,0.00000,0.00000,0.00000,0.00000
100.515,0,100500.000,24004,192000,3999.917,120.0,8,26,2,0.00000,0.00000,0.00000,0.00000,0.00000
100.515,1,100500.000,24004,192000,3999.917,120.0,8,26,2,0.00000,0.00000,0.00000,0.00000,0.00000
100.515,2,99518.000,168877,192000,3999.729,120.0,8,25,2,0.00000,0.00000,0.00000,0.00000,0.00000
100.618,0,100602.000,28934,192000,3999.208,120.0,8,26,2,0.00000,0.00000,0.00000,0.00000,0.00000
100.618,1,100602.000,28934,192000,3999.208,120.0,8,26,2,0.00000,0.00000,0.00000,0.00000,0.00000
100.618,2,99620.000,173807,192000,3999.021,120.0,8,25,2,0.00000,0.00000,0.00000,0.00000,0.00000
100.720,0,100704.000,33834,192000,3999.125,120.0,8,26,2,0.00000,0.00000,0.00000,0.00000,0.00000
100.720,1,100704.000,33834,192000,3999.125,120.0,8,26,2,0.00000,0.00000,0.00000,0.00000,0.00000
100.720,2,99723.000,178707,192000,3999.938,120.0,8,25,2,0.00000,0.00000,0.00000,0.00000,0.00000
100.821,0,100805.000,38665,192000,3999.479,120.0,8,26,2,0.00000,0.00000,0.00000,0.00000,0.00000
100.821,1,100805.000,38665,192000,3999.479,120.0,8,26,2,0.00000,0.00000,0.00000,0.00000,0.00000
100.821,2,99823.000,183538,192000,3999.292,120.0,8,25,2,0.00000,0.00000,0.00000,0.00000,0.00000
100.923,0,100908.000,43588,192000,3999.917,120.0,8,26,2,0.00000,0.00000,0.00000,0.00000,0.00000
100.923,1,100908.000,43588,192000,3999.917,120.0,8,26,2,0.00000,0.00000,0.00000,0.00000,0.00000
100.923,2,99926.000,188461,192000,3999.729,120.0,8,25,2,0.00000,0.00000,0.00000,0.00000,0.00000
101.026,0,101010.000,48511,192000,3999.354,120.0,8,26,2,0.00000,0.00000,0.00000,0.00000,0.00000
101.026,1,101010.000,48511,192000,3999.354,120.0,8,26,2,0.00000,0.00000,0.00000,0.00000,0.00000
101.026,2,100028.000,1384,192000,3999.167,120.0,8,26,2,0.12346,0.12224,0.12346,0.00000,0.00000
101.126,0,101110.000,53318,192000,3999.208,120.0,8,26,2,0.00000,0.00000,0.00000,0.00000,0.00000
101.126,1,101110.000,53318,192000,3999.208,120.0,8,26,2,0.00000,0.00000,0.00000,0.00000,0.00000
101.126,2,100128.000,6191,192000,3999.021,120.0,8,26,2,0.08141,0.08060,0.08141,0.00000,0.00000
101.229,0,101213.000,58248,192000,3999.500,120.0,8,26,2,0.00000,0.00000,0.00000,0.00000,0.00000
101.229,1,101213.000,58248,192000,3999.500,120.0,8,26,2,0.00000,0.00000,0.00000,0.00000,0.00000
101.229,2,100231.000,11121,192000,3999.312,120.0,8,26,2,0.05311,0.05258,0.05311,0.00000,0.00000
101.332,0,101316.000,63186,192000,3999.625,120.0,8,26,2,0.00000,0.00000,0.00000,0.00000,0.00000
101.332,1,101316.000,63186,192000,3999.625,120.0,8,26,2,0.00000,0.00000,0.00000,0.00000,0.00000
101.332,2,100334.000,16059,192000,3999.438,120.0,8,26,2,0.03462,0.03428,0.03462,0.00000,0.00000
101.432,0,101416.000,68010,192000,3999.125,120.0,8,26,2,0.00000,0.00000,0.00000,0.00000,0.00000
101.432,1,101416.000,68010,192000,3999.125,120.0,8,26,2,0.00000,0.00000,0.00000,0.00000,0.00000
101.432,2,100435.000,20883,192000,3999.938,120.0,8,26,2,0.02279,0.02257,0.02279,0.00000,0.00000
101.534,0,101518.000,72885,192000,3999.562,120.0,8,26,2,0.00000,0.00000,0.00000,0.00000,0.00000
101.534,1,101518.000,72885,192000,3999.562,120.0,8,26,2,0.00000,0.00000,0.00000,0.00000,0.00000
101.534,2,100536.000,25758,192000,3999.375,120.0,8,26,2,0.01494,0.01479,0.01494,0.00000,0.00000
101.637,0,101621.000,77836,192000,3999.417,120.0,8,26,2,0.00000,0.00000,0.00000,0.00000,0.00000
101.637,1,101621.000,77836,192000,3999.417,120.0,8,26,2,0.00000,0.00000,0.00000,0.00000,0.00000
101.637,2,100639.000,30709,192000,3999.229,120.0,8,26,2,0.00973,0.00963,0.00973,0.00000,0.00000
101.738,0,101722.000,82690,192000,3999.292,120.0,8,26,2,0.00000,0.00000,0.00000,0.00000,0.00000
101.738,1,101722.000,82690,192000,3999.292,120.0,8,26,2,0.00000,0.00000,0.00000,0.00000,0.00000
101.738,2,100740.000,35563,192000,3999.104,120.0,8,26,2,0.00639,0.00633,0.00639,0.00000,0.00000
101.839,0,101823.000,87515,192000,3999.771,120.0,8,26,2,0.00000,0.00000,0.00000,0.00000,0.00000
101.839,1,101823.000,87515,192000,3999.771,120.0,8,26,2,0.00000,0.00000,0.00000,0.00000,0.00000
101.839,2,100841.000,40388,192000,3999.583,120.0,8,26,2,0.00421,0.00416,0.00421,0.00000,0.00000
101.941,0,101925.000,92420,192000,3999.583,120.0,8,26,2,0.00000,0.00000,0.00000,0.00000,0.00000
101.941,1,101925.000,92420,192000,3999.583,120.0,8,26,2,0.00000,0.00000,0.00000,0.00000,0.00000
101.941,2,100943.000,45293,192000,3999.396,120.0,8,26,2,0.00275,0.00272,0.00275,0.00000,0.00000
102.042,0,102026.000,97293,192000,3999.062,120.0,8,26,2,0.00000,0.00000,0.00000,0.00000,0.00000
102.042,1,102026.000,97293,192000,3999.062,120.0,8,26,2,0.00000,0.00000,0.00000,0.00000,0.00000
102.042,2,101045.000,50166,192000,3999.875,120.0,8,26,2,0.00180,0.00178,0.00180,0.00000,0.00000
102.143,0,102128.000,102149,192000,3999.896,120.0,8,26,2,0.00000,0.00000,0.00000,0.00000,0.00000
102.143,1,102128.000,102149,192000,3999.896,120.0,8,26,2,0.00000,0.00000,0.00000,0.00000,0.00000
102.143,2,101146.000,55022,192000,3999.708,120.0,8,26,2,0.00118,0.00117,0.00118,0.00000,0.00000
102.244,0,102228.000,106964,192000,3999.583,120.0,8,26,2,0.00000,0.00000,0.00000,0.00000,0.00000
102.244,1,102228.000,106964,192000,3999.583,120.0,8,26,2,0.00000,0.00000,0.00000,0.00000,0.00000
102.244,2,101246.000,59837,192000,3999.396,120.0,8,26,2,0.00078,0.00077,0.00078,0.00000,0.00000
102.345,0,102329.000,111838,192000,3999.042,120.0,8,26,2,0.00000,0.00000,0.00000,0.00000,0.00000
102.345,1,102329.000,111838,192000,3999.042,120.0,8,26,2,0.00000,0.00000,0.00000,0.00000,0.00000
102.345,2,101348.000,64711,192000,3999.854,120.0,8,26,2,0.00051,0.00051,0.00051,0.00000,0.00000
102.446,0,102430.000,116655,192000,3999.688,120.0,8,26,2,0.00000,0.00000,0.00000,0.00000,0.00000
102.446,1,102430.000,116655,192000,3999.688,120.0,8,26,2,0.00000,0.00000,0.00000,0.00000,0.00000
102.446,2,101448.000,69528,192000,3999.500,120.0,8,26,2,0.00034,0.00033,0.00034,0.00000,0.00000
102.547,0,102531.000,121516,192000,3999.417,120.0,8,26,2,0.00000,0.00000,0.00000,0.00000,0.00000
102.547,1,102531.000,121516,192000,3999.417,120.0,8,26,2,0.00000,0.00000,0.00000,0.00000,0.00000
102.547,2,101549.000,74389,192000,3999.229,120.0,8,26,2,0.00022,0.00022,0.00022,0.00000,0.00000
102.649,0,102633.000,126399,192000,3999.688,120.0,8,26,2,0.00000,0.00000,0.00000,0.00000,0.00000
102.649,1,102633.000,126399,192000,3999.688,120.0,8,26,2,0.00000,0.00000,0.00000,0.00000,0.00000
102.649,2,101651.000,79272,192000,3999.500,120.0,8,26,2,0.00014,0.00014,0.00014,0.00000,0.00000
102.749,0,102734.000,131232,192000,0.000,120.0,8,26,2,0.00000,0.00000,0.00000,0.00000,0.00000
102.749,1,102734.000,131232,192000,0.000,120.0,8,26,2,0.00000,0.00000,0.00000,0.00000,0.00000
102.749,2,101752.000,84105,192000,3999.812,120.0,8,26,2,0.00010,0.00009,0.00010,0.00000,0.00000
102.851,0,102835.000,136126,192000,3999.042,120.0,8,26,2,0.00000,0.00000,0.00000,0.00000,0.00000
102.851,1,102835.000,136126,192000,3999.042,120.0,8,26,2,0.00000,0.00000,0.00000,0.00000,0.00000
102.851,2,101854.000,88999,192000,3999.854,120.0,8,26,2,0.00006,0.00006,0.00006,0.00000,0.00000
102.953,0,102937.000,140996,192000,3999.583,120.0,8,26,2,0.00000,0.00000,0.00000,0.00000,0.00000
102.953,1,102937.000,140996,192000,3999.583,120.0,8,26,2,0.00000,0.00000,0.00000,0.00000,0.00000
102.953,2,101955.000,93869,192000,3999.396,120.0,8,26,2,0.00004,0.00004,0.00004,0.00000,0.00000
103.053,0,103037.000,145818,192000,3999.125,120.0,8,26,2,0.00000,0.00000,0.00000,0.00000,0.00000
103.053,1,103037.000,145818,192000,3999.125,120.0,8,26,2,0.00000,0.00000,0.00000,0.00000,0.00000
103.053,2,102056.000,98691,192000,3999.938,120.0,8,26,2,0.00003,0.00003,0.00003,0.00000,0.00000
103.155,0,103139.000,150683,192000,3999.771,120.0,8,26,2,0.00000,0.00000,0.00000,0.00000,0.00000
103.155,1,103139.000,150683,192000,3999.771,120.0,8,26,2,0.00000,0.00000,0.00000,0.00000,0.00000
103.155,2,102157.000,103556,192000,3999.583,120.0,8,26,2,0.00002,0.00002,0.00002,0.00000,0.00000
103.257,0,103241.000,155601,192000,3999.312,120.0,8,26,2,0.00000,0.00000,0.00000,0.00000,0.00000
103.257,1,103241.000,155601,192000,3999.312,120.0,8,26,2,0.00000,0.00000,0.00000,0.00000,0.00000
103.257,2,102259.000,108474,192000,3999.125,120.0,8,26,2,0.00001,0.00001,0.00001,0.00000,0.00000
103.359,0,103343.000,160471,192000,3999.854,120.0,8,26,2,0.00000,0.00000,0.00000,0.00000,0.00000
103.359,1,103343.000,160471,192000,3999.854,120.0,8,26,2,0.00000,0.00000,0.00000,0.00000,0.00000
103.359,2,102361.000,113344,192000,3999.667,120.0,8,26,2,0.00001,0.00001,0.00001,0.00000,0.00000
103.461,0,103445.000,165385,192000,3999.479,120.0,8,26,2,0.00000,0.00000,0.00000,0.00000,0.00000
103.461,1,103445.000,165385,192000,3999.479,120.0,8,26,2,0.00000,0.00000,0.00000,0.00000,0.00000
103.461,2,102463.000,118258,192000,3999.292,120.0,8,26,2,0.00000,0.00000,0.00000,0.00000,0.00000
103.562,0,103546.000,170255,192000,3999.021,120.0,8,26,2,0.00000,0.00000,0.00000,0.00000,0.00000
103.562,1,103546.000,170255,192000,3999.021,120.0,8,26,2,0.00000,0.00000,0.00000,0.00000,0.00000
103.562,2,102565.000,123128,192000,3999.833,120.0,8,26,2,0.00000,0.00000,0.00000,0.00000,0.00000
103.663,0,103647.000,175068,192000,3999.750,120.0,8,26,2,0.00000,0.00000,0.00000,0.00000,0.00000
103.663,1,103647.000,175068,192000,3999.750,120.0,8,26,2,0.00000,0.00000,0.00000,0.00000,0.00000
103.663,2,102665.000,127941,192000,3999.562,120.0,8,26,2,0.00000,0.00000,0.00000,0.00000,0.00000
103.763,0,103747.000,179884,192000,3999.417,120.0,8,26,2,0.00000,0.00000,0.00000,0.00000,0.00000
103.763,1,103747.000,179884,192000,3999.417,120.0,8,26,2,0.00000,0.00000,0.00000,0.00000,0.00000
103.763,2,102765.000,132757,192000,3999.229,120.0,8,26,2,0.00000,0.00000,0.00000,0.00000,0.00000
103.864,0,103849.000,184753,192000,3999.979,120.0,8,26,2,0.00000,0.00000,0.00000,0.00000,0.00000
103.864,1,103849.000,184753,192000,3999.979,120.0,8,26,2,0.00000,0.00000,0.00000,0.00000,0.00000
103.864,2,102867.000,137626,192000,3999.792,120.0,8,26,2,0.00000,0.00000,0.00000,0.00000,0.00000
103.965,0,103950.000,189604,192000,3999.917,120.0,8,26,2,0.00000,0.00000,0.00000,0.00000,0.00000
103.965,1,103950.000,189604,192000,3999.917,120.0,8,26,2,0.00000,0.00000,0.00000,0.00000,0.00000
103.965,2,102968.000,142477,192000,3999.729,120.0,8,26,2,0.00000,0.00000,0.00000,0.00000,0.00000
104.068,0,104052.000,2535,192000,3999.188,120.0,8,27,2,0.11091,0.11091,0.11060,0.00000,0.00000
104.068,1,104052.000,2535,192000,3999.188,120.0,8,27,2,0.11100,0.11091,0.11100,0.00000,0.00000
104.068,2,103071.000,147408,192000,0.000,120.0,8,26,2,0.00000,0.00000,0.00000,0.00000,0.00000
104.170,0,104155.000,7443,192000,3999.938,120.0,8,27,2,0.07249,0.07249,0.07229,0.00000,0.00000
104.170,1,104155.000,7443,192000,3999.938,120.0,8,27,2,0.07255,0.07249,0.07255,0.00000,0.00000
104.170,2,103173.000,152316,192000,3999.750,120.0,8,26,2,0.00000,0.00000,0.00000,0.00000,0.00000
104.271,0,104255.000,12272,192000,3999.333,120.0,8,27,2,0.04771,0.04771,0.04757,0.00000,0.00000
104.271,1,104255.000,12272,192000,3999.333,120.0,8,27,2,0.04775,0.04771,0.04775,0.00000,0.00000
104.271,2,103273.000,157145,192000,3999.146,120.0,8,26,2,0.00000,0.00000,0.00000,0.00000,0.00000
104.374,0,104358.000,17226,192000,3999.125,120.0,8,27,2,0.03106,0.03106,0.03097,0.00000,0.00000
104.374,1,104358.000,17226,192000,3999.125,120.0,8,27,2,0.03108,0.03106,0.03108,0.00000,0.00000
104.374,2,103377.000,162099,192000,3999.938,120.0,8,26,2,0.00000,0.00000,0.00000,0.00000,0.00000
104.477,0,104461.000,22136,192000,3999.833,120.0,8,27,2,0.02030,0.02030,0.02024,0.00000,0.00000
104.477,1,104461.000,22136,192000,3999.833,120.0,8,27,2,0.02031,0.02030,0.02031,0.00000,0.00000
104.477,2,103479.000,167009,192000,3999.646,120.0,8,26,2,0.00000,0.00000,0.00000,0.00000,0.00000
104.578,0,104562.000,26985,192000,3999.812,120.0,8,27,2,0.01333,0.01333,0.01330,0.00000,0.00000
104.578,1,104562.000,26985,192000,3999.812,120.0,8,27,2,0.01334,0.01333,0.01334,0.00000,0.00000
104.578,2,103580.000,171858,192000,3999.625,120.0,8,26,2,0.00000,0.00000,0.00000,0.00000,0.00000
104.679,0,104663.000,31863,192000,3999.188,120.0,8,27,2,0.00874,0.00874,0.00871,0.00000,0.00000
104.679,1,104663.000,31863,192000,3999.188,120.0,8,27,2,0.00874,0.00874,0.00874,0.00000,0.00000
104.679,2,103682.000,176736,192000,0.000,120.0,8,26,2,0.00000,0.00000,0.00000,0.00000,0.00000
104.781,0,104765.000,36728,192000,3999.833,120.0,8,27,2,0.00573,0.00573,0.00572,0.00000,0.00000
104.781,1,104765.000,36728,192000,3999.833,120.0,8,27,2,0.00574,0.00573,0.00574,0.00000,0.00000
104.781,2,103783.000,181601,192000,3999.646,120.0,8,26,2,0.00000,0.00000,0.00000,0.00000,0.00000
104.883,0,104867.000,41663,192000,3999.021,120.0,8,27,2,0.00374,0.00374,0.00373,0.00000,0.00000
104.883,1,104867.000,41663,192000,3999.021,120.0,8,27,2,0.00374,0.00374,0.00374,0.00000,0.00000
104.883,2,103886.000,186536,192000,3999.833,120.0,8,26,2,0.00000,0.00000,0.00000,0.00000,0.00000
104.984,0,104969.000,46515,192000,3999.938,120.0,8,27,2,0.00245,0.00245,0.00245,0.00000,0.00000
104.984,1,104969.000,46515,192000,3999.938,120.0,8,27,2,0.00246,0.00245,0.00246,0.00000,0.00000
104.984,2,103987.000,191388,192000,3999.750,120.0,8,26,2,0.00000,0.00000,0.00000,0.00000,0.00000
105.087,0,105071.000,51428,192000,3999.583,120.0,8,27,2,0.00160,0.00160,0.00160,0.00000,0.00000
105.087,1,105071.000,51428,192000,3999.583,120.0,8,27,2,0.00161,0.00160,0.00161,0.00000,0.00000
105.087,2,104089.000,4301,192000,3999.396,120.0,8,27,2,0.00000,0.00000,0.00000,0.00000,0.00000
105.188,0,105172.000,56270,192000,3999.708,120.0,8,27,2,0.00105,0.00105,0.00105,0.00000,0.00000
105.188,1,105172.000,56270,192000,3999.708,120.0,8,27,2,0.00106,0.00105,0.00106,0.00000,0.00000
105.188,2,104190.000,9143,192000,3999.521,120.0,8,27,2,0.00000,0.00000,0.00000,0.00000,0.00000
105.288,0,105272.000,61098,192000,3999.125,120.0,8,27,2,0.00069,0.00069,0.00069,0.00000,0.00000
105.288,1,105272.000,61098,192000,3999.125,120.0,8,27,2,0.00069,0.00069,0.00069,0.00000,0.00000
105.288,2,104291.000,13971,192000,3999.938,120.0,8,27,2,0.00000,0.00000,0.00000,0.00000,0.00000
105.391,0,105375.000,66011,192000,3999.771,120.0,8,27,2,0.00045,0.00045,0.00045,0.00000,0.00000
105.391,1,105375.000,66011,192000,3999.771,120.0,8,27,2,0.00045,0.00045,0.00045,0.00000,0.00000
105.391,2,104393.000,18884,192000,3999.583,120.0,8,27,2,0.00000,0.00000,0.00000,0.00000,0.00000
105.493,0,105477.000,70939,192000,3999.104,120.0,8,27,2,0.00030,0.00030,0.00029,0.00000,0.00000
105.493,1,105477.000,70939,192000,3999.104,120.0,8,27,2,0.00030,0.00030,0.00030,0.00000,0.00000
105.493,2,104496.000,23812,192000,3999.917,120.0,8,27,2,0.00000,0.00000,0.00000,0.00000,0.00000
105.595,0,105579.000,75834,192000,3999.125,120.0,8,27,2,0.00019,0.00019,0.00019,0.00000,0.00000
105.595,1,105579.000,75834,192000,3999.125,120.0,8,27,2,0.00019,0.00019,0.00019,0.00000,0.00000
105.595,2,104598.000,28707,192000,3999.938,120.0,8,27,2,0.00000,0.00000,0.00000,0.00000,0.00000
105.696,0,105680.000,80665,192000,3999.479,120.0,8,27,2,0.00013,0.00013,0.00013,0.00000,0.00000
105.696,1,105680.000,80665,192000,3999.479,120.0,8,27,2,0.00013,0.00013,0.00013,0.00000,0.00000
105.696,2,104698.000,33538,192000,3999.292,120.0,8,27,2,0.00000,0.00000,0.00000,0.00000,0.00000
105.798,0,105782.000,85552,192000,3999.667,120.0,8,27,2,0.00008,0.00008,0.00008,0.00000,0.00000
105.798,1,105782.000,85552,192000,3999.667,120.0,8,27,2,0.00008,0.00008,0.00008,0.00000,0.00000
105.798,2,104800.000,38425,192000,3999.479,120.0,8,27,2,0.00000,0.00000,0.00000,0.00000,0.00000
105.898,0,105882.000,90372,192000,3999.250,120.0,8,27,2,0.00005,0.00005,0.00005,0.00000,0.00000
105.898,1,105882.000,90372,192000,3999.250,120.0,8,27,2,0.00005,0.00005,0.00005,0.00000,0.00000
105.898,2,104900.000,43245,192000,3999.062,120.0,8,27,2,0.00000,0.00000,0.00000,0.00000,0.00000
106.000,0,105984.000,95252,192000,3999.583,120.0,8,27,2,0.00004,0.00004,0.00004,0.00000,0.00000
106.000,1,105984.000,95252,192000,3999.583,120.0,8,27,2,0.00004,0.00004,0.00004,0.00000,0.00000
106.000,2,105002.000,48125,192000,3999.396,120.0,8,27,2,0.00000,0.00000,0.00000,0.00000,0.00000
106.102,0,106086.000,100145,192000,3999.646,120.0,8,27,2,0.00002,0.00002,0.00002,0.00000,0.00000
106.102,1,106086.000,100145,192000,3999.646,120.0,8,27,2,0.00002,0.00002,0.00002,0.00000,0.00000
106.102,2,105104.000,53018,192000,3999.458,120.0,8,27,2,0.00000,0.00000,0.00000,0.00000,0.00000
106.204,0,106188.000,105051,192000,3999.438,120.0,8,27,2,0.00002,0.00002,0.00002,0.00000,0.00000
106.204,1,106188.000,105051,192000,3999.438,120.0,8,27,2,0.00002,0.00002,0.00002,0.00000,0.00000
106.204,2,105206.000,57924,192000,3999.250,120.0,8,27,2,0.00000,0.00000,0.00000,0.00000,0.00000
106.306,0,106290.000,109949,192000,3999.396,120.0,8,27,2,0.00001,0.00001,0.00001,0.00000,0.00000
106.306,1,106290.000,109949,192000,3999.396,120.0,8,27,2,0.00001,0.00001,0.00001,0.00000,0.00000
106.306,2,105308.000,62822,192000,3999.208,120.0,8,27,2,0.00000,0.00000,0.00000,0.00000,0.00000
106.406,0,106390.000,114765,192000,3999.062,120.0,8,27,2,0.00001,0.00001,0.00001,0.00000,0.00000
106.406,1,106390.000,114765,192000,3999.062,120.0,8,27,2,0.00001,0.00001,0.00001,0.00000,0.00000
106.406,2,105409.000,67638,192000,3999.875,120.0,8,27,2,0.00000,0.00000,0.00000,0.00000,0.00000
106.507,0,106491.000,119609,192000,3999.146,120.0,8,27,2,0.00000,0.00000,0.00000,0.00000,0.00000
106.507,1,106491.000,119609,192000,3999.146,120.0,8,27,2,0.00000,0.00000,0.00000,0.00000,0.00000
106.507,2,105510.000,72482,192000,3999.958,120.0,8,27,2,0.00000,0.00000,0.00000,0.00000,0.00000
106.610,0,106594.000,124545,192000,3999.312,120.0,8,27,2,0.00000,0.00000,0.00000,0.00000,0.00000
106.610,1,106594.000,124545,192000,3999.312,120.0,8,27,2,0.00000,0.00000,0.00000,0.00000,0.00000
106.610,2,105612.000,77418,192000,3999.125,120.0,8,27,2,0.00000,0.00000,0.00000,0.00000,0.00000
106.713,0,106697.000,129471,192000,3999.688,120.0,8,27,2,0.00000,0.00000,0.00000,0.00000,0.00000
106.713,1,106697.000,129471,192000,3999.688,120.0,8,27,2,0.00000,0.00000,0.00000,0.00000,0.00000
106.713,2,105715.000,82344,192000,3999.500,120.0,8,27,2,0.00000,0.00000,0.00000,0.00000,0.00000
106.815,0,106800.000,134400,192000,0.000,120.0,8,27,2,0.00000,0.00000,0.00000,0.00000,0.00000
106.815,1,106800.000,134400,192000,0.000,120.0,8,27,2,0.00000,0.00000,0.00000,0.00000,0.00000
106.815,2,105818.000,87273,192000,3999.812,120.0,8,27,2,0.00000,0.00000,0.00000,0.00000,0.00000
106.918,0,106902.000,139325,192000,3999.396,120.0,8,27,2,0.00000,0.00000,0.00000,0.00000,0.00000
106.918,1,106902.000,139325,192000,3999.396,120.0,8,27,2,0.00000,0.00000,0.00000,0.00000,0.00000
106.918,2,105920.000,92198,192000,3999.208,120.0,8,27,2,0.00000,0.00000,0.00000,0.00000,0.00000
107.020,0,107004.000,144214,192000,3999.542,120.0,8,27,2,0.00000,0.00000,0.00000,0.00000,0.00000
107.020,1,107004.000,144214,192000,3999.542,120.0,8,27,2,0.00000,0.00000,0.00000,0.00000,0.00000
107.020,2,106022.000,97087,192000,3999.354,120.0,8,27,2,0.00000,0.00000,0.00000,0.00000,0.00000
107.120,0,107104.000,149015,192000,3999.521,120.0,8,27,2,0.00000,0.00000,0.00000,0.00000,0.00000
107.120,1,107104.000,149015,192000,3999.521,120.0,8,27,2,0.00000,0.00000,0.00000,0.00000,0.00000
107.120,2,106122.000,101888,192000,3999.333,120.0,8,27,2,0.00000,0.00000,0.00000,0.00000,0.00000
107.222,0,107206.000,153899,192000,3999.771,120.0,8,27,2,0.00000,0.00000,0.00000,0.00000,0.00000
107.222,1,107206.000,153899,192000,3999.771,120.0,8,27,2,0.00000,0.00000,0.00000,0.00000,0.00000
107.222,2,106224.000,106772,192000,3999.583,120.0,8,27,2,0.00000,0.00000,0.00000,0.00000,0.00000
107.324,0,107308.000,158794,192000,3999.792,120.0,8,27,2,0.00000,0.00000,0.00000,0.00000,0.00000
107.324,1,107308.000,158794,192000,3999.792,120.0,8,27,2,0.00000,0.00000,0.00000,0.00000,0.00000
107.324,2,106326.000,111667,192000,3999.604,120.0,8,27,2,0.00000,0.00000,0.00000,0.00000,0.00000
107.424,0,107408.000,163630,192000,3999.042,120.0,8,27,2,0.00000,0.00000,0.00000,0.00000,0.00000
107.424,1,107408.000,163630,192000,3999.042,120.0,8,27,2,0.00000,0.00000,0.00000,0.00000,0.00000
107.424,2,106427.000,116503,192000,3999.854,120.0,8,27,2,0.00000,0.00000,0.00000,0.00000,0.00000
107.526,0,107510.000,168516,192000,3999.250,120.0,8,27,2,0.00000,0.00000,0.00000,0.00000,0.00000
107.526,1,107510.000,168516,192000,3999.250,120.0,8,27,2,0.00000,0.00000,0.00000,0.00000,0.00000
107.526,2,106528.000,121389,192000,3999.062,120.0,8,27,2,0.00000,0.00000,0.00000,0.00000,0.00000
107.629,0,107613.000,173452,192000,3999.417,120.0,8,27,2,0.00000,0.00000,0.00000,0.00000,0.00000
107.629,1,107613.000,173452,192000,3999.417,120.0,8,27,2,0.00000,0.00000,0.00000,0.00000,0.00000
107.629,2,106631.000,126325,192000,3999.229,120.0,8,27,2,0.00000,0.00000,0.00000,0.00000,0.00000
107.731,0,107715.000,178354,192000,3999.292,120.0,8,27,2,0.00000,0.00000,0.00000,0.00000,0.00000
107.731,1,107715.000,178354,192000,3999.292,120.0,8,27,2,0.00000,0.00000,0.00000,0.00000,0.00000
107.731,2,106733.000,131227,192000,3999.104,120.0,8,27,2,0.00000,0.00000,0.00000,0.00000,0.00000
107.834,0,107818.000,183272,192000,3999.833,120.0,8,27,2,0.00000,0.00000,0.00000,0.00000,0.00000
107.834,1,107818.000,183272,192000,3999.833,120.0,8,27,2,0.00000,0.00000,0.00000,0.00000,0.00000
107.834,2,106836.000,136145,192000,3999.646,120.0,8,27,2,0.00000,0.00000,0.00000,0.00000,0.00000
107.934,0,107918.000,188077,192000,3999.729,120.0,8,27,2,0.00000,0.00000,0.00000,0.00000,0.00000
107.934,1,107918.000,188077,192000,3999.729,120.0,8,27,2,0.00000,0.00000,0.00000,0.00000,0.00000
107.934,2,106936.000,140950,192000,3999.542,120.0,8,27,2,0.00000,0.00000,0.00000,0.00000,0.00000
108.036,0,108020.000,971,192000,3999.771,120.0,8,28,2,0.00000,0.00000,0.00000,0.00000,0.00000
108.036,1,108020.000,971,192000,3999.771,120.0,8,28,2,0.00000,0.00000,0.00000,0.00000,0.00000
108.036,2,107038.000,145844,192000,3999.583,120.0,8,27,2,0.00000,0.00000,0.00000,0.00000,0.00000
108.138,0,108122.000,5879,192000,3999.521,120.0,8,28,2,0.00000,0.00000,0.00000,0.00000,0.00000
108.138,1,108122.000,5879,192000,3999.521,120.0,8,28,2,0.00000,0.00000,0.00000,0.00000,0.00000
108.138,2,107140.000,150752,192000,3999.333,120.0,8,27,2,0.00000,0.00000,0.00000,0.00000,0.00000
108.238,0,108222.000,10680,192000,3999.500,120.0,8,28,2,0.00000,0.00000,0.00000,0.00000,0.00000
108.238,1,108222.000,10680,192000,3999.500,120.0,8,28,2,0.00000,0.00000,0.00000,0.00000,0.00000
108.238,2,107240.000,155553,192000,3999.312,120.0,8,27,2,0.00000,0.00000,0.00000,0.00000,0.00000
108.340,0,108324.000,15567,192000,3999.688,120.0,8,28,2,0.00000,0.00000,0.00000,0.00000,0.00000
108.340,1,108324.000,15567,192000,3999.688,120.0,8,28,2,0.00000,0.00000,0.00000,0.00000,0.00000
108.340,2,107342.000,160440,192000,3999.500,120.0,8,27,2,0.00000,0.00000,0.00000,0.00000,0.00000
108.442,0,108426.000,20472,192000,3999.500,120.0,8,28,2,0.00000,0.00000,0.00000,0.00000,0.00000
108.442,1,108426.000,20472,192000,3999.500,120.0,8,28,2,0.00000,0.00000,0.00000,0.00000,0.00000
108.442,2,107444.000,165345,192000,3999.312,120.0,8,27,2,0.00000,0.00000,0.00000,0.00000,0.00000
108.545,0,108529.000,25406,192000,3999.708,120.0,8,28,2,0.00000,0.00000,0.00000,0.00000,0.00000
108.545,1,108529.000,25406,192000,3999.708,120.0,8,28,2,0.00000,0.00000,0.00000,0.00000,0.00000
108.545,2,107547.000,170279,192000,3999.521,120.0,8,27,2,0.00000,0.00000,0.00000,0.00000,0.00000
108.647,0,108631.000,30304,192000,3999.667,120.0,8,28,2,0.00000,0.00000,0.00000,0.00000,0.00000
108.647,1,108631.000,30304,192000,3999.667,120.0,8,28,2,0.00000,0.00000,0.00000,0.00000,0.00000
108.647,2,107649.000,175177,192000,3999.479,120.0,8,27,2,0.00000,0.00000,0.00000,0.00000,0.00000
108.748,0,108732.000,35144,192000,3999.833,120.0,8,28,2,0.00000,0.00000,0.00000,0.00000,0.00000
108.748,1,108732.000,35144,192000,3999.833,120.0,8,28,2,0.00000,0.00000,0.00000,0.00000,0.00000
108.748,2,107750.000,180017,192000,3999.646,120.0,8,27,2,0.00000,0.00000,0.00000,0.00000,0.00000
108.849,0,108833.000,40018,192000,3999.292,120.0,8,28,2,0.00000,0.00000,0.00000,0.00000,0.00000
108.849,1,108833.000,40018,192000,3999.292,120.0,8,28,2,0.00000,0.00000,0.00000,0.00000,0.00000
108.849,2,107851.000,184891,192000,3999.104,120.0,8,27,2,0.00000,0.00000,0.00000,0.00000,0.00000
108.950,0,108934.000,44839,192000,3999.854,120.0,8,28,2,0.00000,0.00000,0.00000,0.00000,0.00000
108.950,1,108934.000,44839,192000,3999.854,120.0,8,28,2,0.00000,0.00000,0.00000,0.00000,0.00000
108.950,2,107952.000,189712,192000,3999.667,120.0,8,27,2,0.00000,0.00000,0.00000,0.00000,0.00000
109.051,0,109035.000,49719,192000,3999.188,120.0,8,28,2,0.00000,0.00000,0.00000,0.00000,0.00000
109.051,1,109035.000,49719,192000,3999.188,120.0,8,28,2,0.00000,0.00000,0.00000,0.00000,0.00000
109.051,2,108054.000,2592,192000,0.000,120.0,8,28,2,0.00000,0.00000,0.00000,0.00000,0.00000
109.154,0,109138.000,54646,192000,3999.542,120.0,8,28,2,0.00000,0.00000,0.00000,0.00000,0.00000
109.154,1,109138.000,54646,192000,3999.542,120.0,8,28,2,0.00000,0.00000,0.00000,0.00000,0.00000
109.154,2,108156.000,7519,192000,3999.354,120.0,8,28,2,0.00000,0.00000,0.00000,0.00000,0.00000
109.256,0,109240.000,59562,192000,3999.125,120.0,8,28,2,0.00000,0.00000,0.00000,0.00000,0.00000
109.256,1,109240.000,59562,192000,3999.125,120.0,8,28,2,0.00000,0.00000,0.00000,0.00000,0.00000
109.256,2,108259.000,12435,192000,3999.938,120.0,8,28,2,0.00000,0.00000,0.00000,0.00000,0.00000
109.358,0,109342.000,64424,192000,3999.833,120.0,8,28,2,0.00000,0.00000,0.00000,0.00000,0.00000
109.358,1,109342.000,64424,192000,3999.833,120.0,8,28,2,0.00000,0.00000,0.00000,0.00000,0.00000
109.358,2,108360.000,17297,192000,3999.646,120.0,8,28,2,0.00000,0.00000,0.00000,0.00000,0.00000
109.459,0,109443.000,69287,192000,3999.521,120.0,8,28,2,0.00000,0.00000,0.00000,0.00000,0.00000
109.459,1,109443.000,69287,192000,3999.521,120.0,8,28,2,0.00000,0.00000,0.00000,0.00000,0.00000
109.459,2,108461.000,22160,192000,3999.333,120.0,8,28,2,0.00000,0.00000,0.00000,0.00000,0.00000
109.561,0,109546.000,74212,192000,3999.917,120.0,8,28,2,0.00000,0.00000,0.00000,0.00000,0.00000
109.561,1,109546.000,74212,192000,3999.917,120.0,8,28,2,0.00000,0.00000,0.00000,0.00000,0.00000
109.561,2,108564.000,27085,192000,3999.729,120.0,8,28,2,0.00000,0.00000,0.00000,0.00000,0.00000
109.664,0,109649.000,79152,192000,0.000,120.0,8,28,2,0.00000,0.00000,0.00000,0.00000,0.00000
109.664,1,109649.000,79152,192000,0.000,120.0,8,28,2,0.00000,0.00000,0.00000,0.00000,0.00000
109.664,2,108667.000,32025,192000,3999.812,120.0,8,28,2,0.00000,0.00000,0.00000,0.00000,0.00000
109.765,0,109749.000,83963,192000,3999.771,120.0,8,28,2,0.00000,0.00000,0.00000,0.00000,0.00000
109.765,1,109749.000,83963,192000,3999.771,120.0,8,28,2,0.00000,0.00000,0.00000,0.00000,0.00000
109.765,2,108767.000,36836,192000,3999.583,120.0,8,28,2,0.00000,0.00000,0.00000,0.00000,0.00000
109.865,0,109850.000,88800,192000,0.000,120.0,8,28,2,0.00000,0.00000,0.00000,0.00000,0.00000
109.865,1,109850.000,88800,192000,0.000,120.0,8,28,2,0.00000,0.00000,0.00000,0.00000,0.00000
109.865,2,108868.000,41673,192000,3999.812,120.0,8,28,2,0.00000,0.00000,0.00000,0.00000,0.00000
109.968,0,109952.000,93708,192000,3999.750,120.0,8,28,2,0.00000,0.00000,0.00000,0.00000,0.00000
109.968,1,109952.000,93708,192000,3999.750,120.0,8,28,2,0.00000,0.00000,0.00000,0.00000,0.00000
109.968,2,108970.000,46581,192000,3999.562,120.0,8,28,2,0.00000,0.00000,0.00000,0.00000,0.00000
110.069,0,110053.000,98562,192000,3999.625,120.0,8,28,2,0.00000,0.00000,0.00000,0.00000,0.00000
110.069,1,110053.000,98562,192000,3999.625,120.0,8,28,2,0.00000,0.00000,0.00000,0.00000,0.00000
110.069,2,109071.000,51435,192000,3999.438,120.0,8,28,2,0.00000,0.00000,0.00000,0.00000,0.00000
110.175,0,110159.000,103649,192000,3999.646,120.0,8,28,2,0.00000,0.00000,0.00000,0.00000,0.00000
110.175,1,110159.000,103649,192000,3999.646,120.0,8,28,2,0.00000,0.00000,0.00000,0.00000,0.00000
110.175,2,109177.000,56522,192000,3999.458,120.0,8,28,2,0.00000,0.00000,0.00000,0.00000,0.00000
110.277,0,110261.000,108546,192000,3999.625,120.0,8,28,2,0.00000,0.00000,0.00000,0.00000,0.00000
110.277,1,110261.000,108546,192000,3999.625,120.0,8,28,2,0.00000,0.00000,0.00000,0.00000,0.00000
110.277,2,109279.000,61419,192000,3999.438,120.0,8,28,2,0.00000,0.00000,0.00000,0.00000,0.00000
110.379,0,110363.000,113468,192000,3999.083,120.0,8,28,2,0.00000,0.00000,0.00000,0.00000,0.00000
110.379,1,110363.000,113468,192000,3999.083,120.0,8,28,2,0.00000,0.00000,0.00000,0.00000,0.00000
110.379,2,109382.000,66341,192000,3999.896,120.0,8,28,2,0.00000,0.00000,0.00000,0.00000,0.00000
110.482,0,110467.000,118422,192000,3999.875,120.0,8,28,2,0.00000,0.00000,0.00000,0.00000,0.00000
110.482,1,110467.000,118422,192000,3999.875,120.0,8,28,2,0.00000,0.00000,0.00000,0.00000,0.00000
110.482,2,109485.000,71295,192000,3999.688,120.0,8,28,2,0.00000,0.00000,0.00000,0.00000,0.00000
110.584,0,110569.000,123313,192000,3999.979,120.0,8,28,2,0.00000,0.00000,0.00000,0.00000,0.00000
110.584,1,110569.000,123313,192000,3999.979,120.0,8,28,2,0.00000,0.00000,0.00000,0.00000,0.00000
110.584,2,109587.000,76186,192000,3999.792,120.0,8,28,2,0.00000,0.00000,0.00000,0.00000,0.00000
110.686,0,110670.000,128193,192000,3999.312,120.0,8,28,2,0.00000,0.00000,0.00000,0.00000,0.00000
110.686,1,110670.000,128193,192000,3999.312,120.0,8,28,2,0.00000,0.00000,0.00000,0.00000,0.00000
110.686,2,109688.000,81066,192000,3999.125,120.0,8,28,2,0.00000,0.00000,0.00000,0.00000,0.00000
110.786,0,110770.000,132996,192000,3999.250,120.0,8,28,2,0.00000,0.00000,0.00000,0.00000,0.00000
110.786,1,110770.000,132996,192000,3999.250,120.0,8,28,2,0.00000,0.00000,0.00000,0.00000,0.00000
110.786,2,109788.000,85869,192000,3999.062,120.0,8,28,2,0.00000,0.00000,0.00000,0.00000,0.00000
110.888,0,110872.000,137862,192000,3999.875,120.0,8,28,2,0.00000,0.00000,0.00000,0.00000,0.00000
110.888,1,110872.000,137862,192000,3999.875,120.0,8,28,2,0.00000,0.00000,0.00000,0.00000,0.00000
110.888,2,109890.000,90735,192000,3999.688,120.0,8,28,2,0.00000,0.00000,0.00000,0.00000,0.00000
110.989,0,110973.000,142712,192000,3999.833,120.0,8,28,2,0.00000,0.00000,0.00000,0.00000,0.00000
110.989,1,110973.000,142712,192000,3999.833,120.0,8,28,2,0.00000,0.00000,0.00000,0.00000,0.00000
110.989,2,109991.000,95585,192000,3999.646,120.0,8,28,2,0.00000,0.00000,0.00000,0.00000,0.00000
111.089,0,111073.000,147541,192000,3999.229,120.0,8,28,2,0.00000,0.00000,0.00000,0.00000,0.00000
111.089,1,111073.000,147541,192000,3999.229,120.0,8,28,2,0.00000,0.00000,0.00000,0.00000,0.00000
111.089,2,110091.000,100414,192000,3999.042,120.0,8,28,2,0.00000,0.00000,0.00000,0.00000,0.00000
111.190,0,111174.000,152368,192000,3999.667,120.0,8,28,2,0.00000,0.00000,0.00000,0.00000,0.00000
111.190,1,111174.000,152368,192000,3999.667,120.0,8,28,2,0.00000,0.00000,0.00000,0.00000,0.00000
111.190,2,110192.000,105241,192000,3999.479,120.0,8,28,2,0.00000,0.00000,0.00000,0.00000,0.00000
111.291,0,111275.000,157236,192000,3999.250,120.0,8,28,2,0.00000,0.00000,0.00000,0.00000,0.00000
111.291,1,111275.000,157236,192000,3999.250,120.0,8,28,2,0.00000,0.00000,0.00000,0.00000,0.00000
111.291,2,110293.000,110109,192000,3999.062,120.0,8,28,2,0.00000,0.00000,0.00000,0.00000,0.00000
111.394,0,111378.000,162171,192000,3999.438,120.0,8,28,2,0.00000,0.00000,0.00000,0.00000,0.00000
111.394,1,111378.000,162171,192000,3999.438,120.0,8,28,2,0.00000,0.00000,0.00000,0.00000,0.00000
111.394,2,110396.000,115044,192000,3999.250,120.0,8,28,2,0.00000,0.00000,0.00000,0.00000,0.00000
111.497,0,111481.000,167096,192000,3999.833,120.0,8,28,2,0.00000,0.00000,0.00000,0.00000,0.00000
111.497,1,111481.000,167096,192000,3999.833,120.0,8,28,2,0.00000,0.00000,0.00000,0.00000,0.00000
111.497,2,110499.000,119969,192000,3999.646,120.0,8,28,2,0.00000,0.00000,0.00000,0.00000,0.00000
111.597,0,111582.000,171939,192000,3999.938,120.0,8,28,2,0.00000,0.00000,0.00000,0.00000,0.00000
111.597,1,111582.000,171939,192000,3999.938,120.0,8,28,2,0.00000,0.00000,0.00000,0.00000,0.00000
111.597,2,110600.000,124812,192000,3999.750,120.0,8,28,2,0.00000,0.00000,0.00000,0.00000,0.00000
111.699,0,111684.000,176834,192000,3999.958,120.0,8,28,2,0.00000,0.00000,0.00000,0.00000,0.00000
111.699,1,111684.000,176834,192000,3999.958,120.0,8,28,2,0.00000,0.00000,0.00000,0.00000,0.00000
111.699,2,110702.000,129707,192000,3999.771,120.0,8,28,2,0.00000,0.00000,0.00000,0.00000,0.00000
111.800,0,111784.000,181669,192000,3999.229,120.0,8,28,2,0.00000,0.00000,0.00000,0.00000,0.00000
111.800,1,111784.000,181669,192000,3999.229,120.0,8,28,2,0.00000,0.00000,0.00000,0.00000,0.00000
111.800,2,110802.000,134542,192000,3999.042,120.0,8,28,2,0.00000,0.00000,0.00000,0.00000,0.00000
111.900,0,111884.000,186476,192000,3999.083,120.0,8,28,2,0.00000,0.00000,0.00000,0.00000,0.00000
111.900,1,111884.000,186476,192000,3999.083,120.0,8,28,2,0.00000,0.00000,0.00000,0.00000,0.00000
111.900,2,110903.000,139349,192000,3999.896,120.0,8,28,2,0.00000,0.00000,0.00000,0.00000,0.00000
112.001,0,111985.000,191295,192000,3999.688,120.0,8,28,2,0.00000,0.00000,0.00000,0.00000,0.00000
112.001,1,111985.000,191295,192000,3999.688,120.0,8,28,2,0.00000,0.00000,0.00000,0.00000,0.00000
112.001,2,111003.000,144168,192000,3999.500,120.0,8,28,2,0.00000,0.00000,0.00000,0.00000,0.00000
112.101,0,112085.000,4105,192000,3999.479,120.0,8,29,2,0.00000,0.00000,0.00000,0.00000,0.00000
112.101,1,112085.000,4105,192000,3999.479,120.0,8,29,2,0.00000,0.00000,0.00000,0.00000,0.00000
112.101,2,111103.000,148978,192000,3999.292,120.0,8,28,2,0.00000,0.00000,0.00000,0.00000,0.00000
112.202,0,112186.000,8975,192000,3999.021,120.0,8,29,2,0.00000,0.00000,0.00000,0.00000,0.00000
112.202,1,112186.000,8975,192000,3999.021,120.0,8,29,2,0.00000,0.00000,0.00000,0.00000,0.00000
112.202,2,111205.000,153848,192000,3999.833,120.0,8,28,2,0.00000,0.00000,0.00000,0.00000,0.00000
112.303,0,112287.000,13812,192000,3999.250,120.0,8,29,2,0.00000,0.00000,0.00000,0.00000,0.00000
112.303,1,112287.000,13812,192000,3999.250,120.0,8,29,2,0.00000,0.00000,0.00000,0.00000,0.00000
112.303,2,111305.000,158685,192000,3999.062,120.0,8,28,2,0.00000,0.00000,0.00000,0.00000,0.00000
112.404,0,112388.000,18663,192000,3999.188,120.0,8,29,2,0.00000,0.00000,0.00000,0.00000,0.00000
112.404,1,112388.000,18663,192000,3999.188,120.0,8,29,2,0.00000,0.00000,0.00000,0.00000,0.00000
112.404,2,111407.000,163536,192000,0.000,120.0,8,28,2,0.00000,0.00000,0.00000,0.00000,0.00000
112.508,0,112492.000,23627,192000,3999.771,120.0,8,29,2,0.00000,0.00000,0.00000,0.00000,0.00000
112.508,1,112492.000,23627,192000,3999.771,120.0,8,29,2,0.00000,0.00000,0.00000,0.00000,0.00000
112.508,2,111510.000,168500,192000,3999.583,120.0,8,28,2,0.00000,0.00000,0.00000,0.00000,0.00000
112.608,0,112592.000,28462,192000,3999.042,120.0,8,29,2,0.00000,0.00000,0.00000,0.00000,0.00000
112.608,1,112592.000,28462,192000,3999.042,120.0,8,29,2,0.00000,0.00000,0.00000,0.00000,0.00000
112.608,2,111611.000,173335,192000,3999.854,120.0,8,28,2,0.00000,0.00000,0.00000,0.00000,0.00000
112.709,0,112694.000,33312,192000,0.000,120.0,8,29,2,0.00000,0.00000,0.00000,0.00000,0.00000
112.709,1,112694.000,33312,192000,0.000,120.0,8,29,2,0.00000,0.00000,0.00000,0.00000,0.00000
112.709,2,111712.000,178185,192000,3999.812,120.0,8,28,2,0.00000,0.00000,0.00000,0.00000,0.00000
112.810,0,112794.000,38127,192000,3999.688,120.0,8,29,2,0.00000,0.00000,0.00000,0.00000,0.00000
112.810,1,112794.000,38127,192000,3999.688,120.0,8,29,2,0.00000,0.00000,0.00000,0.00000,0.00000
112.810,2,111812.000,183000,192000,3999.500,120.0,8,28,2,0.00000,0.00000,0.00000,0.00000,0.00000
112.912,0,112896.000,43048,192000,3999.167,120.0,8,29,2,0.00000,0.00000,0.00000,0.00000,0.00000
112.912,1,112896.000,43048,192000,3999.167,120.0,8,29,2,0.00000,0.00000,0.00000,0.00000,0.00000
112.912,2,111915.000,187921,192000,3999.979,120.0,8,28,2,0.00000,0.00000,0.00000,0.00000,0.00000
113.013,0,112997.000,47872,192000,3999.667,120.0,8,29,2,0.00000,0.00000,0.00000,0.00000,0.00000
113.013,1,112997.000,47872,192000,3999.667,120.0,8,29,2,0.00000,0.00000,0.00000,0.00000,0.00000
113.013,2,112015.000,745,192000,3999.479,120.0,8,29,2,0.11018,0.10577,0.11018,0.00000,0.00000
113.113,0,113098.000,52708,192000,3999.917,120.0,8,29,2,0.00000,0.00000,0.00000,0.00000,0.00000
113.113,1,113098.000,52708,192000,3999.917,120.0,8,29,2,0.00000,0.00000,0.00000,0.00000,0.00000
113.113,2,112116.000,5581,192000,3999.729,120.0,8,29,2,0.08482,0.08469,0.08482,0.00000,0.00000
113.215,0,113199.000,57573,192000,3999.562,120.0,8,29,2,0.00000,0.00000,0.00000,0.00000,0.00000
113.215,1,113199.000,57573,192000,3999.562,120.0,8,29,2,0.00000,0.00000,0.00000,0.00000,0.00000
113.215,2,112217.000,10446,192000,3999.375,120.0,8,29,2,0.05565,0.05556,0.05565,0.00000,0.00000
113.315,0,113300.000,62405,192000,3999.896,120.0,8,29,2,0.00000,0.00000,0.00000,0.00000,0.00000
113.315,1,113300.000,62405,192000,3999.896,120.0,8,29,2,0.00000,0.00000,0.00000,0.00000,0.00000
113.315,2,112318.000,15278,192000,3999.708,120.0,8,29,2,0.03661,0.03656,0.03661,0.00000,0.00000
113.416,0,113400.000,67233,192000,3999.312,120.0,8,29,2,0.00000,0.00000,0.00000,0.00000,0.00000
113.416,1,113400.000,67233,192000,3999.312,120.0,8,29,2,0.00000,0.00000,0.00000,0.00000,0.00000
113.416,2,112418.000,20106,192000,3999.125,120.0,8,29,2,0.02410,0.02406,0.02410,0.00000,0.00000
113.518,0,113502.000,72115,192000,3999.604,120.0,8,29,2,0.00000,0.00000,0.00000,0.00000,0.00000
113.518,1,113502.000,72115,192000,3999.604,120.0,8,29,2,0.00000,0.00000,0.00000,0.00000,0.00000
113.518,2,112520.000,24988,192000,3999.417,120.0,8,29,2,0.01578,0.01576,0.01578,0.00000,0.00000
113.619,0,113603.000,76973,192000,3999.396,120.0,8,29,2,0.00000,0.00000,0.00000,0.00000,0.00000
113.619,1,113603.000,76973,192000,3999.396,120.0,8,29,2,0.00000,0.00000,0.00000,0.00000,0.00000
113.619,2,112621.000,29846,192000,3999.208,120.0,8,29,2,0.01036,0.01035,0.01036,0.00000,0.00000
113.721,0,113705.000,81861,192000,3999.562,120.0,8,29,2,0.00000,0.00000,0.00000,0.00000,0.00000
113.721,1,113705.000,81861,192000,3999.562,120.0,8,29,2,0.00000,0.00000,0.00000,0.00000,0.00000
113.721,2,112723.000,34734,192000,3999.375,120.0,8,29,2,0.00678,0.00677,0.00678,0.00000,0.00000
113.823,0,113807.000,86750,192000,3999.708,120.0,8,29,2,0.00000,0.00000,0.00000,0.00000,0.00000
113.823,1,113807.000,86750,192000,3999.708,120.0,8,29,2,0.00000,0.00000,0.00000,0.00000,0.00000
113.823,2,112825.000,39623,192000,3999.521,120.0,8,29,2,0.00444,0.00443,0.00444,0.00000,0.00000
113.923,0,113907.000,91573,192000,3999.229,120.0,8,29,2,0.00000,0.00000,0.00000,0.00000,0.00000
113.923,1,113907.000,91573,192000,3999.229,120.0,8,29,2,0.00000,0.00000,0.00000,0.00000,0.00000
113.923,2,112925.000,44446,192000,3999.042,120.0,8,29,2,0.00292,0.00292,0.00292,0.00000,0.00000
114.023,0,114007.000,96373,192000,3999.229,120.0,8,29,2,0.00000,0.00000,0.00000,0.00000,0.00000
114.023,1,114007.000,96373,192000,3999.229,120.0,8,29,2,0.00000,0.00000,0.00000,0.00000,0.00000
114.023,2,113025.000,49246,192000,3999.042,120.0,8,29,2,0.00193,0.00193,0.00193,0.00000,0.00000
114.124,0,114108.000,101215,192000,3999.354,120.0,8,29,2,0.00000,0.00000,0.00000,0.00000,0.00000
114.124,1,114108.000,101215,192000,3999.354,120.0,8,29,2,0.00000,0.00000,0.00000,0.00000,0.00000
114.124,2,113126.000,54088,192000,3999.167,120.0,8,29,2,0.00127,0.00127,0.00127,0.00000,0.00000
114.225,0,114209.000,106079,192000,3999.021,120.0,8,29,2,0.00000,0.00000,0.00000,0.00000,0.00000
114.225,1,114209.000,106079,192000,3999.021,120.0,8,29,2,0.00000,0.00000,0.00000,0.00000,0.00000
114.225,2,113228.000,58952,192000,3999.833,120.0,8,29,2,0.00083,0.00083,0.00083,0.00000,0.00000
114.326,0,114310.000,110893,192000,3999.729,120.0,8,29,2,0.00000,0.00000,0.00000,0.00000,0.00000
114.326,1,114310.000,110893,192000,3999.729,120.0,8,29,2,0.00000,0.00000,0.00000,0.00000,0.00000
114.326,2,113328.000,63766,192000,3999.542,120.0,8,29,2,0.00055,0.00055,0.00055,0.00000,0.00000
114.426,0,114410.000,115694,192000,3999.708,120.0,8,29,2,0.00000,0.00000,0.00000,0.00000,0.00000
114.426,1,114410.000,115694,192000,3999.708,120.0,8,29,2,0.00000,0.00000,0.00000,0.00000,0.00000
114.426,2,113428.000,68567,192000,3999.521,120.0,8,29,2,0.00036,0.00036,0.00036,0.00000,0.00000
114.528,0,114512.000,120618,192000,3999.125,120.0,8,29,2,0.00000,0.00000,0.00000,0.00000,0.00000
114.528,1,114512.000,120618,192000,3999.125,120.0,8,29,2,0.00000,0.00000,0.00000,0.00000,0.00000
114.528,2,113531.000,73491,192000,3999.938,120.0,8,29,2,0.00024,0.00024,0.00024,0.00000,0.00000
114.629,0,114613.000,125459,192000,3999.271,120.0,8,29,2,0.00000,0.00000,0.00000,0.00000,0.00000
114.629,1,114613.000,125459,192000,3999.271,120.0,8,29,2,0.00000,0.00000,0.00000,0.00000,0.00000
114.629,2,113631.000,78332,192000,3999.083,120.0,8,29,2,0.00016,0.00015,0.00016,0.00000,0.00000
114.731,0,114715.000,130349,192000,3999.396,120.0,8,29,2,0.00000,0.00000,0.00000,0.00000,0.00000
114.731,1,114715.000,130349,192000,3999.396,120.0,8,29,2,0.00000,0.00000,0.00000,0.00000,0.00000
114.731,2,113733.000,83222,192000,3999.208,120.0,8,29,2,0.00010,0.00010,0.00010,0.00000,0.00000
114.833,0,114817.000,135244,192000,3999.417,120.0,8,29,2,0.00000,0.00000,0.00000,0.00000,0.00000
114.833,1,114817.000,135244,192000,3999.417,120.0,8,29,2,0.00000,0.00000,0.00000,0.00000,0.00000
114.833,2,113835.000,88117,192000,3999.229,120.0,8,29,2,0.00007,0.00007,0.00007,0.00000,0.00000
114.935,0,114919.000,140125,192000,3999.729,120.0,8,29,2,0.00000,0.00000,0.00000,0.00000,0.00000
114.935,1,114919.000,140125,192000,3999.729,120.0,8,29,2,0.00000,0.00000,0.00000,0.00000,0.00000
114.935,2,113937.000,92998,192000,3999.542,120.0,8,29,2,0.00004,0.00004,0.00004,0.00000,0.00000
115.037,0,115021.000,145042,192000,3999.292,120.0,8,29,2,0.00000,0.00000,0.00000,0.00000,0.00000
115.037,1,115021.000,145042,192000,3999.292,120.0,8,29,2,0.00000,0.00000,0.00000,0.00000,0.00000
115.037,2,114039.000,97915,192000,3999.104,120.0,8,29,2,0.00003,0.00003,0.00003,0.00000,0.00000
115.138,0,115122.000,149898,192000,3999.125,120.0,8,29,2,0.00000,0.00000,0.00000,0.00000,0.00000
115.138,1,115122.000,149898,192000,3999.125,120.0,8,29,2,0.00000,0.00000,0.00000,0.00000,0.00000
115.138,2,114141.000,102771,192000,3999.938,120.0,8,29,2,0.00002,0.00002,0.00002,0.00000,0.00000
115.238,0,115222.000,154702,192000,3999.042,120.0,8,29,2,0.00000,0.00000,0.00000,0.00000,0.00000
115.238,1,115222.000,154702,192000,3999.042,120.0,8,29,2,0.00000,0.00000,0.00000,0.00000,0.00000
115.238,2,114241.000,107575,192000,3999.854,120.0,8,29,2,0.00001,0.00001,0.00001,0.00000,0.00000
115.340,0,115324.000,159566,192000,3999.708,120.0,8,29,2,0.00000,0.00000,0.00000,0.00000,0.00000
115.340,1,115324.000,159566,192000,3999.708,120.0,8,29,2,0.00000,0.00000,0.00000,0.00000,0.00000
115.340,2,114342.000,112439,192000,3999.521,120.0,8,29,2,0.00001,0.00001,0.00001,0.00000,0.00000
115.441,0,115425.000,164421,192000,3999.562,120.0,8,29,2,0.00000,0.00000,0.00000,0.00000,0.00000
115.441,1,115425.000,164421,192000,3999.562,120.0,8,29,2,0.00000,0.00000,0.00000,0.00000,0.00000
115.441,2,114443.000,117294,192000,3999.375,120.0,8,29,2,0.00001,0.00001,0.00001,0.00000,0.00000
115.542,0,115526.000,169295,192000,3999.021,120.0,8,29,2,0.00000,0.00000,0.00000,0.00000,0.00000
115.542,1,115526.000,169295,192000,3999.021,120.0,8,29,2,0.00000,0.00000,0.00000,0.00000,0.00000
115.542,2,114545.000,122168,192000,3999.833,120.0,8,29,2,0.00000,0.00000,0.00000,0.00000,0.00000
115.643,0,115628.000,174149,192000,3999.896,120.0,8,29,2,0.00000,0.00000,0.00000,0.00000,0.00000
115.643,1,115628.000,174149,192000,3999.896,120.0,8,29,2,0.00000,0.00000,0.00000,0.00000,0.00000
115.643,2,114646.000,127022,192000,3999.708,120.0,8,29,2,0.00000,0.00000,0.00000,0.00000,0.00000
115.745,0,115729.000,179030,192000,3999.208,120.0,8,29,2,0.00000,0.00000,0.00000,0.00000,0.00000
115.745,1,115729.000,179030,192000,3999.208,120.0,8,29,2,0.00000,0.00000,0.00000,0.00000,0.00000
115.745,2,114747.000,131903,192000,3999.021,120.0,8,29,2,0.00000,0.00000,0.00000,0.00000,0.00000
115.847,0,115832.000,183939,192000,3999.938,120.0,8,29,2,0.00000,0.00000,0.00000,0.00000,0.00000
115.847,1,115832.000,183939,192000,3999.938,120.0,8,29,2,0.00000,0.00000,0.00000,0.00000,0.00000
115.847,2,114850.000,136812,192000,3999.750,120.0,8,29,2,0.00000,0.00000,0.00000,0.00000,0.00000
115.949,0,115933.000,188829,192000,3999.062,120.0,8,29,2,0.00000,0.00000,0.00000,0.00000,0.00000
115.949,1,115933.000,188829,192000,3999.062,120.0,8,29,2,0.00000,0.00000,0.00000,0.00000,0.00000
115.949,2,114952.000,141702,192000,3999.875,120.0,8,29,2,0.00000,0.00000,0.00000,0.00000,0.00000
116.050,0,116034.000,1666,192000,3999.292,120.0,8,30,2,0.11953,0.11953,0.11919,0.00000,0.00000
116.050,1,116034.000,1666,192000,3999.292,120.0,8,30,2,0.11963,0.11953,0.11963,0.00000,0.00000
116.050,2,115052.000,146539,192000,3999.104,120.0,8,29,2,0.00000,0.00000,0.00000,0.00000,0.00000
116.151,0,116135.000,6494,192000,3999.708,120.0,8,30,2,0.07867,0.07867,0.07845,0.00000,0.00000
116.151,1,116135.000,6494,192000,3999.708,120.0,8,30,2,0.07874,0.07867,0.07874,0.00000,0.00000
116.151,2,115153.000,151367,192000,3999.521,120.0,8,29,2,0.00000,0.00000,0.00000,0.00000,0.00000
116.252,0,116236.000,11348,192000,3999.583,120.0,8,30,2,0.05166,0.05166,0.05152,0.00000,0.00000
116.252,1,116236.000,11348,192000,3999.583,120.0,8,30,2,0.05170,0.05166,0.05170,0.00000,0.00000
116.252,2,115254.000,156221,192000,3999.396,120.0,8,29,2,0.00000,0.00000,0.00000,0.00000,0.00000
116.354,0,116338.000,16242,192000,3999.625,120.0,8,30,2,0.03381,0.03381,0.03371,0.00000,0.00000
116.354,1,116338.000,16242,192000,3999.625,120.0,8,30,2,0.03383,0.03381,0.03383,0.00000,0.00000
116.354,2,115356.000,161115,192000,3999.438,120.0,8,29,2,0.00000,0.00000,0.00000,0.00000,0.00000
116.455,0,116439.000,21095,192000,3999.521,120.0,8,30,2,0.02220,0.02220,0.02214,0.00000,0.00000
116.455,1,116439.000,21095,192000,3999.521,120.0,8,30,2,0.02222,0.02220,0.02222,0.00000,0.00000
116.455,2,115457.000,165968,192000,3999.333,120.0,8,29,2,0.00000,0.00000,0.00000,0.00000,0.00000
116.557,0,116541.000,26011,192000,3999.104,120.0,8,30,2,0.01450,0.01450,0.01446,0.00000,0.00000
116.557,1,116541.000,26011,192000,3999.104,120.0,8,30,2,0.01451,0.01450,0.01451,0.00000,0.00000
116.557,2,115560.000,170884,192000,3999.917,120.0,8,29,2,0.00000,0.00000,0.00000,0.00000,0.00000
116.660,0,116644.000,30941,192000,3999.396,120.0,8,30,2,0.00946,0.00946,0.00943,0.00000,0.00000
116.660,1,116644.000,30941,192000,3999.396,120.0,8,30,2,0.00947,0.00946,0.00947,0.00000,0.00000
116.660,2,115662.000,175814,192000,3999.208,120.0,8,29,2,0.00000,0.00000,0.00000,0.00000,0.00000
116.761,0,116746.000,35809,192000,3999.979,120.0,8,30,2,0.00620,0.00620,0.00619,0.00000,0.00000
116.761,1,116746.000,35809,192000,3999.979,120.0,8,30,2,0.00621,0.00620,0.00621,0.00000,0.00000
116.761,2,115764.000,180682,192000,3999.792,120.0,8,29,2,0.00000,0.00000,0.00000,0.00000,0.00000
116.862,0,116847.000,40658,192000,3999.958,120.0,8,30,2,0.00408,0.00408,0.00406,0.00000,0.00000
116.862,1,116847.000,40658,192000,3999.958,120.0,8,30,2,0.00408,0.00408,0.00408,0.00000,0.00000
116.862,2,115865.000,185531,192000,3999.771,120.0,8,29,2,0.00000,0.00000,0.00000,0.00000,0.00000
116.965,0,116949.000,45590,192000,3999.208,120.0,8,30,2,0.00266,0.00266,0.00265,0.00000,0.00000
116.965,1,116949.000,45590,192000,3999.208,120.0,8,30,2,0.00266,0.00266,0.00266,0.00000,0.00000
116.965,2,115967.000,190463,192000,3999.021,120.0,8,29,2,0.00000,0.00000,0.00000,0.00000,0.00000
117.068,0,117052.000,50525,192000,3999.396,120.0,8,30,2,0.00173,0.00173,0.00173,0.00000,0.00000
117.068,1,117052.000,50525,192000,3999.396,120.0,8,30,2,0.00174,0.00173,0.00174,0.00000,0.00000
117.068,2,116070.000,3398,192000,3999.208,120.0,8,30,2,0.00000,0.00000,0.00000,0.00000,0.00000
117.169,0,117153.000,55382,192000,3999.208,120.0,8,30,2,0.00114,0.00114,0.00113,0.00000,0.00000
117.169,1,117153.000,55382,192000,3999.208,120.0,8,30,2,0.00114,0.00114,0.00114,0.00000,0.00000
117.169,2,116171.000,8255,192000,3999.021,120.0,8,30,2,0.00000,0.00000,0.00000,0.00000,0.00000
117.269,0,117253.000,60188,192000,3999.083,120.0,8,30,2,0.00075,0.00075,0.00075,0.00000,0.00000
117.269,1,117253.000,60188,192000,3999.083,120.0,8,30,2,0.00075,0.00075,0.00075,0.00000,0.00000
117.269,2,116272.000,13061,192000,3999.896,120.0,8,30,2,0.00000,0.00000,0.00000,0.00000,0.00000
117.372,0,117356.000,65125,192000,3999.229,120.0,8,30,2,0.00049,0.00049,0.00049,0.00000,0.00000
117.372,1,117356.000,65125,192000,3999.229,120.0,8,30,2,0.00049,0.00049,0.00049,0.00000,0.00000
117.372,2,116374.000,17998,192000,3999.042,120.0,8,30,2,0.00000,0.00000,0.00000,0.00000,0.00000
117.475,0,117459.000,70064,192000,3999.333,120.0,8,30,2,0.00032,0.00032,0.00032,0.00000,0.00000
117.475,1,117459.000,70064,192000,3999.333,120.0,8,30,2,0.00032,0.00032,0.00032,0.00000,0.00000
117.475,2,116477.000,22937,192000,3999.146,120.0,8,30,2,0.00000,0.00000,0.00000,0.00000,0.00000
117.576,0,117560.000,74927,192000,3999.021,120.0,8,30,2,0.00021,0.00021,0.00021,0.00000,0.00000
117.576,1,117560.000,74927,192000,3999.021,120.0,8,30,2,0.00021,0.00021,0.00021,0.00000,0.00000
117.576,2,116579.000,27800,192000,3999.833,120.0,8,30,2,0.00000,0.00000,0.00000,0.00000,0.00000
117.678,0,117662.000,79810,192000,3999.292,120.0,8,30,2,0.00014,0.00014,0.00014,0.00000,0.00000
117.678,1,117662.000,79810,192000,3999.292,120.0,8,30,2,0.00014,0.00014,0.00014,0.00000,0.00000
117.678,2,116680.000,32683,192000,3999.104,120.0,8,30,2,0.00000,0.00000,0.00000,0.00000,0.00000
117.781,0,117765.000,84760,192000,3999.167,120.0,8,30,2,0.00009,0.00009,0.00009,0.00000,0.00000
117.781,1,117765.000,84760,192000,3999.167,120.0,8,30,2,0.00009,0.00009,0.00009,0.00000,0.00000
117.781,2,116784.000,37633,192000,3999.979,120.0,8,30,2,0.00000,0.00000,0.00000,0.00000,0.00000
117.883,0,117867.000,89650,192000,3999.292,120.0,8,30,2,0.00006,0.00006,0.00006,0.00000,0.00000
117.883,1,117867.000,89650,192000,3999.292,120.0,8,30,2,0.00006,0.00006,0.00006,0.00000,0.00000
117.883,2,116885.000,42523,192000,3999.104,120.0,8,30,2,0.00000,0.00000,0.00000,0.00000,0.00000
117.985,0,117969.000,94556,192000,3999.083,120.0,8,30,2,0.00004,0.00004,0.00004,0.00000,0.00000
117.985,1,117969.000,94556,192000,3999.083,120.0,8,30,2,0.00004,0.00004,0.00004,0.00000,0.00000
117.985,2,116988.000,47429,192000,3999.896,120.0,8,30,2,0.00000,0.00000,0.00000,0.00000,0.00000
118.087,0,118071.000,99435,192000,3999.438,120.0,8,30,2,0.00003,0.00003,0.00002,0.00000,0.00000
118.087,1,118071.000,99435,192000,3999.438,120.0,8,30,2,0.00003,0.00003,0.00003,0.00000,0.00000
118.087,2,117089.000,52308,192000,3999.250,120.0,8,30,2,0.00000,0.00000,0.00000,0.00000,0.00000
118.187,0,118171.000,104246,192000,3999.208,120.0,8,30,2,0.00002,0.00002,0.00002,0.00000,0.00000
118.187,1,118171.000,104246,192000,3999.208,120.0,8,30,2,0.00002,0.00002,0.00002,0.00000,0.00000
118.187,2,117189.000,57119,192000,3999.021,120.0,8,30,2,0.00000,0.00000,0.00000,0.00000,0.00000
118.290,0,118274.000,109168,192000,3999.667,120.0,8,30,2,0.00001,0.00001,0.00001,0.00000,0.00000
118.290,1,118274.000,109168,192000,3999.667,120.0,8,30,2,0.00001,0.00001,0.00001,0.00000,0.00000
118.290,2,117292.000,62041,192000,3999.479,120.0,8,30,2,0.00000,0.00000,0.00000,0.00000,0.00000
118.391,0,118375.000,114007,192000,3999.854,120.0,8,30,2,0.00001,0.00001,0.00001,0.00000,0.00000
118.391,1,118375.000,114007,192000,3999.854,120.0,8,30,2,0.00001,0.00001,0.00001,0.00000,0.00000
118.391,2,117393.000,66880,192000,3999.667,120.0,8,30,2,0.00000,0.00000,0.00000,0.00000,0.00000
118.491,0,118476.000,118849,192000,3999.979,120.0,8,30,2,0.00000,0.00000,0.00000,0.00000,0.00000
118.491,1,118476.000,118849,192000,3999.979,120.0,8,30,2,0.00000,0.00000,0.00000,0.00000,0.00000
118.491,2,117494.000,71722,192000,3999.792,120.0,8,30,2,0.00000,0.00000,0.00000,0.00000,0.00000
118.593,0,118577.000,123723,192000,3999.438,120.0,8,30,2,0.00000,0.00000,0.00000,0.00000,0.00000
118.593,1,118577.000,123723,192000,3999.438,120.0,8,30,2,0.00000,0.00000,0.00000,0.00000,0.00000
118.593,2,117595.000,76596,192000,3999.250,120.0,8,30,2,0.00000,0.00000,0.00000,0.00000,0.00000
118.695,0,118679.000,128599,192000,3999.854,120.0,8,30,2,0.00000,0.00000,0.00000,0.00000,0.00000
118.695,1,118679.000,128599,192000,3999.854,120.0,8,30,2,0.00000,0.00000,0.00000,0.00000,0.00000
118.695,2,117697.000,81472,192000,3999.667,120.0,8,30,2,0.00000,0.00000,0.00000,0.00000,0.00000
118.797,0,118781.000,133524,192000,3999.250,120.0,8,30,2,0.00000,0.00000,0.00000,0.00000,0.00000
118.797,1,118781.000,133524,192000,3999.250,120.0,8,30,2,0.00000,0.00000,0.00000,0.00000,0.00000
118.797,2,117799.000,86397,192000,3999.062,120.0,8,30,2,0.00000,0.00000,0.00000,0.00000,0.00000
118.899,0,118883.000,138411,192000,3999.438,120.0,8,30,2,0.00000,0.00000,0.00000,0.00000,0.00000
118.899,1,118883.000,138411,192000,3999.438,120.0,8,30,2,0.00000,0.00000,0.00000,0.00000,0.00000
118.899,2,117901.000,91284,192000,3999.250,120.0,8,30,2,0.00000,0.00000,0.00000,0.00000,0.00000
119.001,0,118985.000,143305,192000,3999.479,120.0,8,30,2,0.00000,0.00000,0.00000,0.00000,0.00000
119.001,1,118985.000,143305,192000,3999.479,120.0,8,30,2,0.00000,0.00000,0.00000,0.00000,0.00000
119.001,2,118003.000,96178,192000,3999.292,120.0,8,30,2,0.00000,0.00000,0.00000,0.00000,0.00000
119.103,0,119088.000,148227,192000,3999.938,120.0,8,30,2,0.00000,0.00000,0.00000,0.00000,0.00000
119.103,1,119088.000,148227,192000,3999.938,120.0,8,30,2,0.00000,0.00000,0.00000,0.00000,0.00000
119.103,2,118106.000,101100,192000,3999.750,120.0,8,30,2,0.00000,0.00000,0.00000,0.00000,0.00000
119.204,0,119188.000,153030,192000,3999.875,120.0,8,30,2,0.00000,0.00000,0.00000,0.00000,0.00000
119.204,1,119188.000,153030,192000,3999.875,120.0,8,30,2,0.00000,0.00000,0.00000,0.00000,0.00000
119.204,2,118206.000,105903,192000,3999.688,120.0,8,30,2,0.00000,0.00000,0.00000,0.00000,0.00000
119.304,0,119288.000,157866,192000,3999.125,120.0,8,30,2,0.00000,0.00000,0.00000,0.00000,0.00000
119.304,1,119288.000,157866,192000,3999.125,120.0,8,30,2,0.00000,0.00000,0.00000,0.00000,0.00000
119.304,2,118307.000,110739,192000,3999.938,120.0,8,30,2,0.00000,0.00000,0.00000,0.00000,0.00000
119.404,0,119388.000,162670,192000,3999.042,120.0,8,30,2,0.00000,0.00000,0.00000,0.00000,0.00000
119.404,1,119388.000,162670,192000,3999.042,120.0,8,30,2,0.00000,0.00000,0.00000,0.00000,0.00000
119.404,2,118407.000,115543,192000,3999.854,120.0,8,30,2,0.00000,0.00000,0.00000,0.00000,0.00000
119.506,0,119490.000,167551,192000,3999.354,120.0,8,30,2,0.00000,0.00000,0.00000,0.00000,0.00000
119.506,1,119490.000,167551,192000,3999.354,120.0,8,30,2,0.00000,0.00000,0.00000,0.00000,0.00000
119.506,2,118508.000,120424,192000,3999.167,120.0,8,30,2,0.00000,0.00000,0.00000,0.00000,0.00000
119.606,0,119591.000,172371,192000,3999.938,120.0,8,30,2,0.00000,0.00000,0.00000,0.00000,0.00000
119.606,1,119591.000,172371,192000,3999.938,120.0,8,30,2,0.00000,0.00000,0.00000,0.00000,0.00000
119.606,2,118609.000,125244,192000,3999.750,120.0,8,30,2,0.00000,0.00000,0.00000,0.00000,0.00000
119.708,0,119692.000,177247,192000,3999.354,120.0,8,30,2,0.00000,0.00000,0.00000,0.00000,0.00000
119.708,1,119692.000,177247,192000,3999.354,120.0,8,30,2,0.00000,0.00000,0.00000,0.00000,0.00000
119.708,2,118710.000,130120,192000,3999.167,120.0,8,30,2,0.00000,0.00000,0.00000,0.00000,0.00000
119.810,0,119794.000,182120,192000,3999.833,120.0,8,30,2,0.00000,0.00000,0.00000,0.00000,0.00000
119.810,1,119794.000,182120,192000,3999.833,120.0,8,30,2,0.00000,0.00000,0.00000,0.00000,0.00000
119.810,2,118812.000,134993,192000,3999.646,120.0,8,30,2,0.00000,0.00000,0.00000,0.00000,0.00000
119.910,0,119894.000,186921,192000,3999.812,120.0,8,30,2,0.00000,0.00000,0.00000,0.00000,0.00000
119.910,1,119894.000,186921,192000,3999.812,120.0,8,30,2,0.00000,0.00000,0.00000,0.00000,0.00000
119.910,2,118912.000,139794,192000,3999.625,120.0,8,30,2,0.00000,0.00000,0.00000,0.00000,0.00000
