t_s,idx,spos_ms,interval_pos,interval_len,interval_phase_ms,bpm,bpi,loop,nusers,remote_peak,upk0,upk1,upk2,upk3
0.102,0,84.000,4034,192000,3999.958,120.0,8,1,2,0.00000,0.00000,0.00000,0.00000,0.00000
0.102,1,84.000,4038,192000,3999.875,120.0,8,1,2,0.00000,0.00000,0.00000,0.00000,0.00000
0.102,2,83.000,4030,192000,3999.042,120.0,8,1,2,0.00000,0.00000,0.00000,0.00000,0.00000
0.203,0,185.000,8910,192000,3999.375,120.0,8,1,2,0.00000,0.00000,0.00000,0.00000,0.00000
0.203,1,185.000,8918,192000,3999.208,120.0,8,1,2,0.00000,0.00000,0.00000,0.00000,0.00000
0.203,2,185.000,8901,192000,3999.562,120.0,8,1,2,0.00000,0.00000,0.00000,0.00000,0.00000
0.305,0,286.000,13765,192000,3999.229,120.0,8,1,2,0.00000,0.00000,0.00000,0.00000,0.00000
0.305,1,287.000,13779,192000,3999.938,120.0,8,1,2,0.00000,0.00000,0.00000,0.00000,0.00000
0.305,2,286.000,13751,192000,3999.521,120.0,8,1,2,0.00000,0.00000,0.00000,0.00000,0.00000
0.408,0,389.000,18709,192000,3999.229,120.0,8,1,2,0.00000,0.00000,0.00000,0.00000,0.00000
0.408,1,390.000,18728,192000,3999.833,120.0,8,1,2,0.00000,0.00000,0.00000,0.00000,0.00000
0.408,2,389.000,18690,192000,3999.625,120.0,8,1,2,0.00000,0.00000,0.00000,0.00000,0.00000
0.508,0,490.000,23520,192000,0.000,120.0,8,1,2,0.00000,0.00000,0.00000,0.00000,0.00000
0.508,1,490.000,23543,192000,3999.521,120.0,8,1,2,0.00000,0.00000,0.00000,0.00000,0.00000
0.508,2,489.000,23496,192000,3999.500,120.0,8,1,2,0.00000,0.00000,0.00000,0.00000,0.00000
0.608,0,590.000,28354,192000,3999.292,120.0,8,1,2,0.00000,0.00000,0.00000,0.00000,0.00000
0.608,1,591.000,28382,192000,3999.708,120.0,8,1,2,0.00000,0.00000,0.00000,0.00000,0.00000
0.608,2,590.000,28325,192000,3999.896,120.0,8,1,2,0.00000,0.00000,0.00000,0.00000,0.00000
0.712,0,693.000,33309,192000,3999.062,120.0,8,1,2,0.00000,0.00000,0.00000,0.00000,0.00000
0.712,1,694.000,33342,192000,3999.375,120.0,8,1,2,0.00000,0.00000,0.00000,0.00000,0.00000
0.712,2,693.000,33275,192000,3999.771,120.0,8,1,2,0.00000,0.00000,0.00000,0.00000,0.00000
0.813,0,795.000,38184,192000,3999.500,120.0,8,1,2,0.00000,0.00000,0.00000,0.00000,0.00000
0.813,1,796.000,38222,192000,3999.708,120.0,8,1,2,0.00000,0.00000,0.00000,0.00000,0.00000
0.813,2,794.000,38145,192000,3999.312,120.0,8,1,2,0.00000,0.00000,0.00000,0.00000,0.00000
0.916,0,898.000,43123,192000,3999.604,120.0,8,1,2,0.00000,0.00000,0.00000,0.00000,0.00000
0.916,1,899.000,43166,192000,3999.708,120.0,8,1,2,0.00000,0.00000,0.00000,0.00000,0.00000
0.916,2,897.000,43080,192000,3999.500,120.0,8,1,2,0.00000,0.00000,0.00000,0.00000,0.00000
1.019,0,1001.000,48061,192000,3999.729,120.0,8,1,2,0.00000,0.00000,0.00000,0.00000,0.00000
1.019,1,1002.000,48109,192000,3999.729,120.0,8,1,2,0.00000,0.00000,0.00000,0.00000,0.00000
1.019,2,1000.000,48013,192000,3999.729,120.0,8,1,2,0.00000,0.00000,0.00000,0.00000,0.00000
1.121,0,1103.000,52946,192000,3999.958,120.0,8,1,2,0.00000,0.00000,0.00000,0.00000,0.00000
1.121,1,1104.000,52999,192000,3999.854,120.0,8,1,2,0.00000,0.00000,0.00000,0.00000,0.00000
1.121,2,1101.000,52894,192000,3999.042,120.0,8,1,2,0.00000,0.00000,0.00000,0.00000,0.00000
1.221,0,1203.000,57767,192000,3999.521,120.0,8,1,2,0.00000,0.00000,0.00000,0.00000,0.00000
1.221,1,1204.000,57825,192000,3999.312,120.0,8,1,2,0.00000,0.00000,0.00000,0.00000,0.00000
1.221,2,1202.000,57710,192000,3999.708,120.0,8,1,2,0.00000,0.00000,0.00000,0.00000,0.00000
1.324,0,1306.000,62698,192000,3999.792,120.0,8,1,2,0.00000,0.00000,0.00000,0.00000,0.00000
1.324,1,1307.000,62761,192000,3999.479,120.0,8,1,2,0.00000,0.00000,0.00000,0.00000,0.00000
1.324,2,1304.000,62635,192000,3999.104,120.0,8,1,2,0.00000,0.00000,0.00000,0.00000,0.00000
1.426,0,1408.000,67586,192000,3999.958,120.0,8,1,2,0.00000,0.00000,0.00000,0.00000,0.00000
1.426,1,1409.000,67654,192000,3999.542,120.0,8,1,2,0.00000,0.00000,0.00000,0.00000,0.00000
1.426,2,1406.000,67519,192000,3999.354,120.0,8,1,2,0.00000,0.00000,0.00000,0.00000,0.00000
1.527,0,1509.000,72448,192000,3999.667,120.0,8,1,2,0.00000,0.00000,0.00000,0.00000,0.00000
1.527,1,1510.000,72521,192000,3999.146,120.0,8,1,2,0.00000,0.00000,0.00000,0.00000,0.00000
1.527,2,1507.000,72376,192000,3999.167,120.0,8,1,2,0.00000,0.00000,0.00000,0.00000,0.00000
1.629,0,1611.000,77359,192000,3999.354,120.0,8,1,2,0.00000,0.00000,0.00000,0.00000,0.00000
1.629,1,1613.000,77437,192000,3999.729,120.0,8,1,2,0.00000,0.00000,0.00000,0.00000,0.00000
1.629,2,1610.000,77282,192000,3999.958,120.0,8,1,2,0.00000,0.00000,0.00000,0.00000,0.00000
1.732,0,1714.000,82282,192000,3999.792,120.0,8,1,2,0.00000,0.00000,0.00000,0.00000,0.00000
1.732,1,1715.000,82364,192000,3999.083,120.0,8,1,2,0.00000,0.00000,0.00000,0.00000,0.00000
1.732,2,1712.000,82200,192000,3999.500,120.0,8,1,2,0.00000,0.00000,0.00000,0.00000,0.00000
1.835,0,1816.000,87205,192000,3999.229,120.0,8,1,2,0.00000,0.00000,0.00000,0.00000,0.00000
1.835,1,1818.000,87292,192000,3999.417,120.0,8,1,2,0.00000,0.00000,0.00000,0.00000,0.00000
1.835,2,1814.000,87118,192000,3999.042,120.0,8,1,2,0.00000,0.00000,0.00000,0.00000,0.00000
1.936,0,1918.000,92090,192000,3999.458,120.0,8,1,2,0.00000,0.00000,0.00000,0.00000,0.00000
1.936,1,1920.000,92182,192000,3999.542,120.0,8,1,2,0.00000,0.00000,0.00000,0.00000,0.00000
1.936,2,1916.000,91998,192000,3999.375,120.0,8,1,2,0.00000,0.00000,0.00000,0.00000,0.00000
2.037,0,2019.000,96937,192000,3999.479,120.0,8,1,2,0.00000,0.00000,0.00000,0.00000,0.00000
2.037,1,2021.000,97033,192000,3999.479,120.0,8,1,2,0.00000,0.00000,0.00000,0.00000,0.00000
2.037,2,2017.000,96840,192000,3999.500,120.0,8,1,2,0.00000,0.00000,0.00000,0.00000,0.00000
2.140,0,2122.000,101867,192000,3999.771,120.0,8,1,2,0.00000,0.00000,0.00000,0.00000,0.00000
2.140,1,2124.000,101969,192000,3999.646,120.0,8,1,2,0.00000,0.00000,0.00000,0.00000,0.00000
2.140,2,2120.000,101765,192000,3999.896,120.0,8,1,2,0.00000,0.00000,0.00000,0.00000,0.00000
2.240,0,2222.000,106687,192000,3999.354,120.0,8,1,2,0.00000,0.00000,0.00000,0.00000,0.00000
2.240,1,2224.000,106793,192000,3999.146,120.0,8,1,2,0.00000,0.00000,0.00000,0.00000,0.00000
2.240,2,2220.000,106580,192000,3999.583,120.0,8,1,2,0.00000,0.00000,0.00000,0.00000,0.00000
2.343,0,2325.000,111621,192000,3999.562,120.0,8,1,2,0.00000,0.00000,0.00000,0.00000,0.00000
2.343,1,2327.000,111732,192000,3999.250,120.0,8,1,2,0.00000,0.00000,0.00000,0.00000,0.00000
2.343,2,2323.000,111509,192000,3999.896,120.0,8,1,2,0.00000,0.00000,0.00000,0.00000,0.00000
2.446,0,2428.000,116555,192000,3999.771,120.0,8,1,2,0.00000,0.00000,0.00000,0.00000,0.00000
2.446,1,2430.000,116672,192000,3999.333,120.0,8,1,2,0.00000,0.00000,0.00000,0.00000,0.00000
2.446,2,2425.000,116439,192000,3999.188,120.0,8,1,2,0.00000,0.00000,0.00000,0.00000,0.00000
2.549,0,2530.000,121484,192000,3999.083,120.0,8,1,2,0.00000,0.00000,0.00000,0.00000,0.00000
2.549,1,2533.000,121606,192000,3999.542,120.0,8,1,2,0.00000,0.00000,0.00000,0.00000,0.00000
2.549,2,2528.000,121363,192000,3999.604,120.0,8,1,2,0.00000,0.00000,0.00000,0.00000,0.00000
2.650,0,2631.000,126333,192000,3999.062,120.0,8,1,2,0.00000,0.00000,0.00000,0.00000,0.00000
2.650,1,2634.000,126459,192000,3999.438,120.0,8,1,2,0.00000,0.00000,0.00000,0.00000,0.00000
2.650,2,2629.000,126207,192000,3999.688,120.0,8,1,2,0.00000,0.00000,0.00000,0.00000,0.00000
2.752,0,2734.000,131236,192000,3999.917,120.0,8,1,2,0.00000,0.00000,0.00000,0.00000,0.00000
2.752,1,2736.000,131367,192000,3999.188,120.0,8,1,2,0.00000,0.00000,0.00000,0.00000,0.00000
2.752,2,2731.000,131105,192000,3999.646,120.0,8,1,2,0.00000,0.00000,0.00000,0.00000,0.00000
2.854,0,2836.000,136142,192000,3999.708,120.0,8,1,2,0.00000,0.00000,0.00000,0.00000,0.00000
2.854,1,2839.000,136278,192000,3999.875,120.0,8,1,2,0.00000,0.00000,0.00000,0.00000,0.00000
2.854,2,2833.000,136006,192000,3999.542,120.0,8,1,2,0.00000,0.00000,0.00000,0.00000,0.00000
2.955,0,2936.000,140967,192000,3999.188,120.0,8,1,2,0.00000,0.00000,0.00000,0.00000,0.00000
2.955,1,2939.000,141108,192000,3999.250,120.0,8,1,2,0.00000,0.00000,0.00000,0.00000,0.00000
2.955,2,2933.000,140826,192000,3999.125,120.0,8,1,2,0.00000,0.00000,0.00000,0.00000,0.00000
3.057,0,3039.000,145895,192000,3999.521,120.0,8,1,2,0.00000,0.00000,0.00000,0.00000,0.00000
3.057,1,3042.000,146041,192000,3999.479,120.0,8,1,2,0.00000,0.00000,0.00000,0.00000,0.00000
3.057,2,3036.000,145749,192000,3999.562,120.0,8,1,2,0.00000,0.00000,0.00000,0.00000,0.00000
3.160,0,3141.000,150815,192000,3999.021,120.0,8,1,2,0.00000,0.00000,0.00000,0.00000,0.00000
3.160,1,3145.000,150966,192000,3999.875,120.0,8,1,2,0.00000,0.00000,0.00000,0.00000,0.00000
3.160,2,3138.000,150664,192000,3999.167,120.0,8,1,2,0.00000,0.00000,0.00000,0.00000,0.00000
3.261,0,3242.000,155657,192000,3999.146,120.0,8,1,2,0.00000,0.00000,0.00000,0.00000,0.00000
3.261,1,3246.000,155812,192000,3999.917,120.0,8,1,2,0.00000,0.00000,0.00000,0.00000,0.00000
3.261,2,3239.000,155501,192000,3999.396,120.0,8,1,2,0.00000,0.00000,0.00000,0.00000,0.00000
3.363,0,3345.000,160586,192000,3999.458,120.0,8,1,2,0.00000,0.00000,0.00000,0.00000,0.00000
3.363,1,3348.000,160747,192000,3999.104,120.0,8,1,2,0.00000,0.00000,0.00000,0.00000,0.00000
3.363,2,3342.000,160426,192000,3999.792,120.0,8,1,2,0.00000,0.00000,0.00000,0.00000,0.00000
3.466,0,3448.000,165517,192000,3999.729,120.0,8,1,2,0.00000,0.00000,0.00000,0.00000,0.00000
3.466,1,3451.000,165682,192000,3999.292,120.0,8,1,2,0.00000,0.00000,0.00000,0.00000,0.00000
3.466,2,3444.000,165351,192000,3999.188,120.0,8,1,2,0.00000,0.00000,0.00000,0.00000,0.00000
3.569,0,3550.000,170441,192000,3999.146,120.0,8,1,2,0.00000,0.00000,0.00000,0.00000,0.00000
3.569,1,3554.000,170612,192000,3999.583,120.0,8,1,2,0.00000,0.00000,0.00000,0.00000,0.00000
3.569,2,3547.000,170271,192000,3999.688,120.0,8,1,2,0.00000,0.00000,0.00000,0.00000,0.00000
3.671,0,3653.000,175366,192000,3999.542,120.0,8,1,2,0.00000,0.00000,0.00000,0.00000,0.00000
3.671,1,3657.000,175542,192000,3999.875,120.0,8,1,2,0.00000,0.00000,0.00000,0.00000,0.00000
3.671,2,3649.000,175191,192000,3999.188,120.0,8,1,2,0.00000,0.00000,0.00000,0.00000,0.00000
3.772,0,3754.000,180208,192000,3999.667,120.0,8,1,2,0.00000,0.00000,0.00000,0.00000,0.00000
3.772,1,3758.000,180388,192000,3999.917,120.0,8,1,2,0.00000,0.00000,0.00000,0.00000,0.00000
3.772,2,3750.000,180028,192000,3999.417,120.0,8,1,2,0.00000,0.00000,0.00000,0.00000,0.00000
3.872,0,3854.000,185025,192000,3999.312,120.0,8,1,2,0.00000,0.00000,0.00000,0.00000,0.00000
3.872,1,3858.000,185210,192000,3999.458,120.0,8,1,2,0.00000,0.00000,0.00000,0.00000,0.00000
3.872,2,3850.000,184840,192000,3999.167,120.0,8,1,2,0.00000,0.00000,0.00000,0.00000,0.00000
3.974,0,3956.000,189904,192000,3999.667,120.0,8,1,2,0.00000,0.00000,0.00000,0.00000,0.00000
3.974,1,3960.000,190094,192000,3999.708,120.0,8,1,2,0.00000,0.00000,0.00000,0.00000,0.00000
3.974,2,3952.000,189715,192000,3999.604,120.0,8,1,2,0.00000,0.00000,0.00000,0.00000,0.00000
4.077,0,4059.000,2835,192000,3999.938,120.0,8,2,2,0.00000,0.00000,0.00000,0.00000,0.00000
4.077,1,4063.000,3030,192000,3999.875,120.0,8,2,2,0.00000,0.00000,0.00000,0.00000,0.00000
4.077,2,4055.000,2640,192000,0.000,120.0,8,2,2,0.00000,0.00000,0.00000,0.00000,0.00000
4.180,0,4162.000,7784,192000,3999.833,120.0,8,2,2,0.00000,0.00000,0.00000,0.00000,0.00000
4.180,1,4166.000,7984,192000,3999.667,120.0,8,2,2,0.00000,0.00000,0.00000,0.00000,0.00000
4.180,2,4158.000,7585,192000,3999.979,120.0,8,2,2,0.00000,0.00000,0.00000,0.00000,0.00000
4.282,0,4264.000,12699,192000,3999.438,120.0,8,2,2,0.00000,0.00000,0.00000,0.00000,0.00000
4.282,1,4268.000,12904,192000,3999.167,120.0,8,2,2,0.00000,0.00000,0.00000,0.00000,0.00000
4.282,2,4260.000,12494,192000,3999.708,120.0,8,2,2,0.00000,0.00000,0.00000,0.00000,0.00000
4.385,0,4367.000,17620,192000,3999.917,120.0,8,2,2,0.00000,0.00000,0.00000,0.00000,0.00000
4.385,1,4371.000,17829,192000,3999.562,120.0,8,2,2,0.00000,0.00000,0.00000,0.00000,0.00000
4.385,2,4362.000,17410,192000,3999.292,120.0,8,2,2,0.00000,0.00000,0.00000,0.00000,0.00000
4.486,0,4467.000,22461,192000,3999.062,120.0,8,2,2,0.00000,0.00000,0.00000,0.00000,0.00000
4.486,1,4472.000,22675,192000,3999.604,120.0,8,2,2,0.00000,0.00000,0.00000,0.00000,0.00000
4.486,2,4463.000,22246,192000,3999.542,120.0,8,2,2,0.00000,0.00000,0.00000,0.00000,0.00000
4.589,0,4571.000,27430,192000,3999.542,120.0,8,2,2,0.00000,0.00000,0.00000,0.00000,0.00000
4.589,1,4576.000,27649,192000,3999.979,120.0,8,2,2,0.00000,0.00000,0.00000,0.00000,0.00000
4.589,2,4566.000,27211,192000,3999.104,120.0,8,2,2,0.00000,0.00000,0.00000,0.00000,0.00000
4.690,0,4672.000,32262,192000,3999.875,120.0,8,2,2,0.00000,0.00000,0.00000,0.00000,0.00000
4.690,1,4676.000,32486,192000,3999.208,120.0,8,2,2,0.00000,0.00000,0.00000,0.00000,0.00000
4.690,2,4667.000,32038,192000,3999.542,120.0,8,2,2,0.00000,0.00000,0.00000,0.00000,0.00000
4.792,0,4774.000,37173,192000,3999.562,120.0,8,2,2,0.00000,0.00000,0.00000,0.00000,0.00000
4.792,1,4779.000,37402,192000,3999.792,120.0,8,2,2,0.00000,0.00000,0.00000,0.00000,0.00000
4.792,2,4769.000,36943,192000,3999.354,120.0,8,2,2,0.00000,0.00000,0.00000,0.00000,0.00000
4.895,0,4876.000,42085,192000,3999.229,120.0,8,2,2,0.00000,0.00000,0.00000,0.00000,0.00000
4.895,1,4881.000,42320,192000,3999.333,120.0,8,2,2,0.00000,0.00000,0.00000,0.00000,0.00000
4.895,2,4871.000,41851,192000,3999.104,120.0,8,2,2,0.00000,0.00000,0.00000,0.00000,0.00000
4.997,0,4979.000,47020,192000,3999.417,120.0,8,2,2,0.00000,0.00000,0.00000,0.00000,0.00000
4.997,1,4984.000,47259,192000,3999.438,120.0,8,2,2,0.00000,0.00000,0.00000,0.00000,0.00000
4.997,2,4974.000,46781,192000,3999.396,120.0,8,2,2,0.00000,0.00000,0.00000,0.00000,0.00000
5.101,0,5083.000,52009,192000,3999.479,120.0,8,2,2,0.00000,0.00000,0.00000,0.00000,0.00000
5.101,1,5088.000,52253,192000,3999.396,120.0,8,2,2,0.00000,0.00000,0.00000,0.00000,0.00000
5.101,2,5078.000,51765,192000,3999.562,120.0,8,2,2,0.00000,0.00000,0.00000,0.00000,0.00000
5.204,0,5186.000,56946,192000,3999.625,120.0,8,2,2,0.00000,0.00000,0.00000,0.00000,0.00000
5.204,1,5191.000,57195,192000,3999.438,120.0,8,2,2,0.00000,0.00000,0.00000,0.00000,0.00000
5.204,2,5181.000,56697,192000,3999.812,120.0,8,2,2,0.00000,0.00000,0.00000,0.00000,0.00000
5.305,0,5286.000,61768,192000,3999.167,120.0,8,2,2,0.00000,0.00000,0.00000,0.00000,0.00000
5.305,1,5292.000,62022,192000,3999.875,120.0,8,2,2,0.00000,0.00000,0.00000,0.00000,0.00000
5.305,2,5281.000,61514,192000,3999.458,120.0,8,2,2,0.00000,0.00000,0.00000,0.00000,0.00000
5.408,0,5389.000,66709,192000,3999.229,120.0,8,2,2,0.00000,0.00000,0.00000,0.00000,0.00000
5.408,1,5395.000,66968,192000,3999.833,120.0,8,2,2,0.00000,0.00000,0.00000,0.00000,0.00000
5.408,2,5384.000,66450,192000,3999.625,120.0,8,2,2,0.00000,0.00000,0.00000,0.00000,0.00000
5.509,0,5491.000,71578,192000,3999.792,120.0,8,2,2,0.00000,0.00000,0.00000,0.00000,0.00000
5.509,1,5496.000,71841,192000,3999.312,120.0,8,2,2,0.00000,0.00000,0.00000,0.00000,0.00000
5.509,2,5485.000,71314,192000,3999.292,120.0,8,2,2,0.00000,0.00000,0.00000,0.00000,0.00000
5.611,0,5592.000,76457,192000,3999.146,120.0,8,2,2,0.00000,0.00000,0.00000,0.00000,0.00000
5.611,1,5598.000,76726,192000,3999.542,120.0,8,2,2,0.00000,0.00000,0.00000,0.00000,0.00000
5.611,2,5587.000,76189,192000,3999.729,120.0,8,2,2,0.00000,0.00000,0.00000,0.00000,0.00000
5.711,0,5692.000,81261,192000,3999.062,120.0,8,2,2,0.00000,0.00000,0.00000,0.00000,0.00000
5.711,1,5698.000,81534,192000,3999.375,120.0,8,2,2,0.00000,0.00000,0.00000,0.00000,0.00000
5.711,2,5687.000,80988,192000,3999.750,120.0,8,2,2,0.00000,0.00000,0.00000,0.00000,0.00000
5.812,0,5794.000,86121,192000,3999.812,120.0,8,2,2,0.00000,0.00000,0.00000,0.00000,0.00000
5.812,1,5799.000,86399,192000,3999.021,120.0,8,2,2,0.00000,0.00000,0.00000,0.00000,0.00000
5.812,2,5788.000,85843,192000,3999.604,120.0,8,2,2,0.00000,0.00000,0.00000,0.00000,0.00000
5.913,0,5895.000,90962,192000,3999.958,120.0,8,2,2,0.00000,0.00000,0.00000,0.00000,0.00000
5.913,1,5900.000,91245,192000,3999.062,120.0,8,2,2,0.00000,0.00000,0.00000,0.00000,0.00000
5.913,2,5889.000,90679,192000,3999.854,120.0,8,2,2,0.00000,0.00000,0.00000,0.00000,0.00000
6.013,0,5995.000,95784,192000,3999.500,120.0,8,2,2,0.00000,0.00000,0.00000,0.00000,0.00000
6.013,1,6001.000,96072,192000,3999.500,120.0,8,2,2,0.00000,0.00000,0.00000,0.00000,0.00000
6.013,2,5989.000,95496,192000,3999.500,120.0,8,2,2,0.00000,0.00000,0.00000,0.00000,0.00000
6.115,0,6097.000,100676,192000,3999.583,120.0,8,2,2,0.00000,0.00000,0.00000,0.00000,0.00000
6.115,1,6103.000,100969,192000,3999.479,120.0,8,2,2,0.00000,0.00000,0.00000,0.00000,0.00000
6.115,2,6091.000,100384,192000,3999.667,120.0,8,2,2,0.00000,0.00000,0.00000,0.00000,0.00000
6.216,0,6198.000,105516,192000,3999.750,120.0,8,2,2,0.00000,0.00000,0.00000,0.00000,0.00000
6.216,1,6204.000,105814,192000,3999.542,120.0,8,2,2,0.00000,0.00000,0.00000,0.00000,0.00000
6.216,2,6192.000,105219,192000,3999.938,120.0,8,2,2,0.00000,0.00000,0.00000,0.00000,0.00000
6.319,0,6301.000,110454,192000,3999.875,120.0,8,2,2,0.00000,0.00000,0.00000,0.00000,0.00000
6.319,1,6307.000,110757,192000,3999.562,120.0,8,2,2,0.00000,0.00000,0.00000,0.00000,0.00000
6.319,2,6294.000,110152,192000,3999.167,120.0,8,2,2,0.00000,0.00000,0.00000,0.00000,0.00000
6.422,0,6404.000,115397,192000,3999.896,120.0,8,2,2,0.00000,0.00000,0.00000,0.00000,0.00000
6.422,1,6410.000,115704,192000,3999.500,120.0,8,2,2,0.00000,0.00000,0.00000,0.00000,0.00000
6.422,2,6397.000,115090,192000,3999.292,120.0,8,2,2,0.00000,0.00000,0.00000,0.00000,0.00000
6.524,0,6506.000,120305,192000,3999.646,120.0,8,2,2,0.00000,0.00000,0.00000,0.00000,0.00000
6.524,1,6512.000,120617,192000,3999.146,120.0,8,2,2,0.00000,0.00000,0.00000,0.00000,0.00000
6.524,2,6499.000,119993,192000,3999.146,120.0,8,2,2,0.00000,0.00000,0.00000,0.00000,0.00000
6.625,0,6607.000,125170,192000,3999.292,120.0,8,2,2,0.00000,0.00000,0.00000,0.00000,0.00000
6.625,1,6614.000,125487,192000,3999.688,120.0,8,2,2,0.00000,0.00000,0.00000,0.00000,0.00000
6.625,2,6601.000,124853,192000,3999.896,120.0,8,2,2,0.00000,0.00000,0.00000,0.00000,0.00000
6.726,0,6708.000,130018,192000,3999.292,120.0,8,2,2,0.00000,0.00000,0.00000,0.00000,0.00000
6.726,1,6715.000,130340,192000,3999.583,120.0,8,2,2,0.00000,0.00000,0.00000,0.00000,0.00000
6.726,2,6702.000,129696,192000,0.000,120.0,8,2,2,0.00000,0.00000,0.00000,0.00000,0.00000
6.829,0,6810.000,134920,192000,3999.167,120.0,8,2,2,0.00000,0.00000,0.00000,0.00000,0.00000
6.829,1,6817.000,135247,192000,3999.354,120.0,8,2,2,0.00000,0.00000,0.00000,0.00000,0.00000
6.829,2,6804.000,134593,192000,3999.979,120.0,8,2,2,0.00000,0.00000,0.00000,0.00000,0.00000
6.930,0,6912.000,139776,192000,0.000,120.0,8,2,2,0.00000,0.00000,0.00000,0.00000,0.00000
6.930,1,6918.000,140107,192000,3999.104,120.0,8,2,2,0.00000,0.00000,0.00000,0.00000,0.00000
6.930,2,6905.000,139444,192000,3999.917,120.0,8,2,2,0.00000,0.00000,0.00000,0.00000,0.00000
7.030,0,7012.000,144578,192000,3999.958,120.0,8,2,2,0.00000,0.00000,0.00000,0.00000,0.00000
7.030,1,7019.000,144915,192000,3999.938,120.0,8,2,2,0.00000,0.00000,0.00000,0.00000,0.00000
7.030,2,7005.000,144242,192000,3999.958,120.0,8,2,2,0.00000,0.00000,0.00000,0.00000,0.00000
7.132,0,7114.000,149485,192000,3999.729,120.0,8,2,2,0.00000,0.00000,0.00000,0.00000,0.00000
7.132,1,7121.000,149827,192000,3999.604,120.0,8,2,2,0.00000,0.00000,0.00000,0.00000,0.00000
7.132,2,7107.000,149144,192000,3999.833,120.0,8,2,2,0.00000,0.00000,0.00000,0.00000,0.00000
7.232,0,7214.000,154296,192000,3999.500,120.0,8,2,2,0.00000,0.00000,0.00000,0.00000,0.00000
7.232,1,7221.000,154643,192000,3999.271,120.0,8,2,2,0.00000,0.00000,0.00000,0.00000,0.00000
7.232,2,7207.000,153950,192000,3999.708,120.0,8,2,2,0.00000,0.00000,0.00000,0.00000,0.00000
7.333,0,7315.000,159127,192000,3999.854,120.0,8,2,2,0.00000,0.00000,0.00000,0.00000,0.00000
7.333,1,7322.000,159478,192000,3999.542,120.0,8,2,2,0.00000,0.00000,0.00000,0.00000,0.00000
7.333,2,7307.000,158776,192000,3999.167,120.0,8,2,2,0.00000,0.00000,0.00000,0.00000,0.00000
7.434,0,7415.000,163957,192000,3999.229,120.0,8,2,2,0.00000,0.00000,0.00000,0.00000,0.00000
7.434,1,7423.000,164313,192000,3999.812,120.0,8,2,2,0.00000,0.00000,0.00000,0.00000,0.00000
7.434,2,7408.000,163601,192000,3999.646,120.0,8,2,2,0.00000,0.00000,0.00000,0.00000,0.00000
7.535,0,7517.000,168821,192000,3999.896,120.0,8,2,2,0.00000,0.00000,0.00000,0.00000,0.00000
7.535,1,7524.000,169182,192000,3999.375,120.0,8,2,2,0.00000,0.00000,0.00000,0.00000,0.00000
7.535,2,7509.000,168461,192000,3999.396,120.0,8,2,2,0.00000,0.00000,0.00000,0.00000,0.00000
7.637,0,7619.000,173714,192000,3999.958,120.0,8,2,2,0.00000,0.00000,0.00000,0.00000,0.00000
7.637,1,7626.000,174079,192000,3999.354,120.0,8,2,2,0.00000,0.00000,0.00000,0.00000,0.00000
7.637,2,7611.000,173348,192000,3999.583,120.0,8,2,2,0.00000,0.00000,0.00000,0.00000,0.00000
7.739,0,7721.000,178635,192000,3999.438,120.0,8,2,2,0.00000,0.00000,0.00000,0.00000,0.00000
7.739,1,7729.000,179006,192000,3999.708,120.0,8,2,2,0.00000,0.00000,0.00000,0.00000,0.00000
7.739,2,7713.000,178265,192000,3999.146,120.0,8,2,2,0.00000,0.00000,0.00000,0.00000,0.00000
7.842,0,7823.000,183549,192000,3999.062,120.0,8,2,2,0.00000,0.00000,0.00000,0.00000,0.00000
7.842,1,7831.000,183924,192000,3999.250,120.0,8,2,2,0.00000,0.00000,0.00000,0.00000,0.00000
7.842,2,7816.000,183173,192000,3999.896,120.0,8,2,2,0.00000,0.00000,0.00000,0.00000,0.00000
7.943,0,7925.000,188428,192000,3999.417,120.0,8,2,2,0.00000,0.00000,0.00000,0.00000,0.00000
7.943,1,7933.000,188808,192000,3999.500,120.0,8,2,2,0.00000,0.00000,0.00000,0.00000,0.00000
7.943,2,7917.000,188047,192000,3999.354,120.0,8,2,2,0.00000,0.00000,0.00000,0.00000,0.00000
8.043,0,8025.000,1228,192000,3999.417,120.0,8,3,2,0.00000,0.00000,0.00000,0.00000,0.00000
8.043,1,8033.000,1613,192000,3999.396,120.0,8,3,2,0.00000,0.00000,0.00000,0.00000,0.00000
8.043,2,8017.000,843,192000,3999.438,120.0,8,3,2,0.00000,0.00000,0.00000,0.00000,0.00000
8.146,0,8127.000,6142,192000,3999.042,120.0,8,3,2,0.00000,0.00000,0.00000,0.00000,0.00000
8.146,1,8136.000,6532,192000,3999.917,120.0,8,3,2,0.00000,0.00000,0.00000,0.00000,0.00000
8.146,2,8119.000,5752,192000,3999.167,120.0,8,3,2,0.00000,0.00000,0.00000,0.00000,0.00000
8.247,0,8228.000,10987,192000,3999.104,120.0,8,3,2,0.00000,0.00000,0.00000,0.00000,0.00000
8.247,1,8237.000,11382,192000,3999.875,120.0,8,3,2,0.00000,0.00000,0.00000,0.00000,0.00000
8.247,2,8220.000,10593,192000,3999.312,120.0,8,3,2,0.00000,0.00000,0.00000,0.00000,0.00000
8.349,0,8330.000,15884,192000,3999.083,120.0,8,3,2,0.00000,0.00000,0.00000,0.00000,0.00000
8.349,1,8339.000,16284,192000,3999.750,120.0,8,3,2,0.00000,0.00000,0.00000,0.00000,0.00000
8.349,2,8322.000,15484,192000,3999.417,120.0,8,3,2,0.00000,0.00000,0.00000,0.00000,0.00000
8.450,0,8432.000,20753,192000,3999.646,120.0,8,3,2,0.00000,0.00000,0.00000,0.00000,0.00000
8.450,1,8440.000,21158,192000,3999.208,120.0,8,3,2,0.00000,0.00000,0.00000,0.00000,0.00000
8.450,2,8423.000,20348,192000,3999.083,120.0,8,3,2,0.00000,0.00000,0.00000,0.00000,0.00000
8.552,0,8534.000,25635,192000,3999.938,120.0,8,3,2,0.00000,0.00000,0.00000,0.00000,0.00000
8.552,1,8542.000,26045,192000,3999.396,120.0,8,3,2,0.00000,0.00000,0.00000,0.00000,0.00000
8.552,2,8525.000,25226,192000,3999.458,120.0,8,3,2,0.00000,0.00000,0.00000,0.00000,0.00000
8.652,0,8634.000,30458,192000,3999.458,120.0,8,3,2,0.00000,0.00000,0.00000,0.00000,0.00000
8.652,1,8643.000,30872,192000,3999.833,120.0,8,3,2,0.00000,0.00000,0.00000,0.00000,0.00000
8.652,2,8625.000,30043,192000,3999.104,120.0,8,3,2,0.00000,0.00000,0.00000,0.00000,0.00000
8.754,0,8736.000,35331,192000,3999.938,120.0,8,3,2,0.00000,0.00000,0.00000,0.00000,0.00000
8.754,1,8744.000,35751,192000,3999.188,120.0,8,3,2,0.00000,0.00000,0.00000,0.00000,0.00000
8.754,2,8727.000,34912,192000,3999.667,120.0,8,3,2,0.00000,0.00000,0.00000,0.00000,0.00000
8.857,0,8838.000,40261,192000,3999.229,120.0,8,3,2,0.00000,0.00000,0.00000,0.00000,0.00000
8.857,1,8847.000,40685,192000,3999.396,120.0,8,3,2,0.00000,0.00000,0.00000,0.00000,0.00000
8.857,2,8829.000,39837,192000,3999.062,120.0,8,3,2,0.00000,0.00000,0.00000,0.00000,0.00000
8.957,0,8939.000,45076,192000,3999.917,120.0,8,3,2,0.00000,0.00000,0.00000,0.00000,0.00000
8.957,1,8948.000,45505,192000,3999.979,120.0,8,3,2,0.00000,0.00000,0.00000,0.00000,0.00000
8.957,2,8930.000,44647,192000,3999.854,120.0,8,3,2,0.00000,0.00000,0.00000,0.00000,0.00000
9.060,0,9042.000,50019,192000,3999.938,120.0,8,3,2,0.00000,0.00000,0.00000,0.00000,0.00000
9.060,1,9051.000,50453,192000,3999.896,120.0,8,3,2,0.00000,0.00000,0.00000,0.00000,0.00000
9.060,2,9033.000,49585,192000,3999.979,120.0,8,3,2,0.00000,0.00000,0.00000,0.00000,0.00000
9.162,0,9144.000,54925,192000,3999.729,120.0,8,3,2,0.00000,0.00000,0.00000,0.00000,0.00000
9.162,1,9153.000,55364,192000,3999.583,120.0,8,3,2,0.00000,0.00000,0.00000,0.00000,0.00000
9.162,2,9135.000,54486,192000,3999.875,120.0,8,3,2,0.00000,0.00000,0.00000,0.00000,0.00000
9.263,0,9245.000,59778,192000,3999.625,120.0,8,3,2,0.00000,0.00000,0.00000,0.00000,0.00000
9.263,1,9254.000,60221,192000,3999.396,120.0,8,3,2,0.00000,0.00000,0.00000,0.00000,0.00000
9.263,2,9236.000,59334,192000,3999.875,120.0,8,3,2,0.00000,0.00000,0.00000,0.00000,0.00000
9.363,0,9345.000,64578,192000,3999.625,120.0,8,3,2,0.00000,0.00000,0.00000,0.00000,0.00000
9.363,1,9354.000,65027,192000,3999.271,120.0,8,3,2,0.00000,0.00000,0.00000,0.00000,0.00000
9.363,2,9336.000,64130,192000,3999.958,120.0,8,3,2,0.00000,0.00000,0.00000,0.00000,0.00000
9.464,0,9445.000,69407,192000,3999.021,120.0,8,3,2,0.00000,0.00000,0.00000,0.00000,0.00000
9.464,1,9455.000,69860,192000,3999.583,120.0,8,3,2,0.00000,0.00000,0.00000,0.00000,0.00000
9.464,2,9436.000,68953,192000,3999.479,120.0,8,3,2,0.00000,0.00000,0.00000,0.00000,0.00000
9.566,0,9548.000,74333,192000,3999.396,120.0,8,3,2,0.00000,0.00000,0.00000,0.00000,0.00000
9.566,1,9558.000,74791,192000,3999.854,120.0,8,3,2,0.00000,0.00000,0.00000,0.00000,0.00000
9.566,2,9539.000,73875,192000,3999.938,120.0,8,3,2,0.00000,0.00000,0.00000,0.00000,0.00000
9.669,0,9651.000,79251,192000,3999.938,120.0,8,3,2,0.00000,0.00000,0.00000,0.00000,0.00000
9.669,1,9660.000,79715,192000,3999.271,120.0,8,3,2,0.00000,0.00000,0.00000,0.00000,0.00000
9.669,2,9641.000,78788,192000,3999.583,120.0,8,3,2,0.00000,0.00000,0.00000,0.00000,0.00000
9.771,0,9752.000,84131,192000,3999.271,120.0,8,3,2,0.00000,0.00000,0.00000,0.00000,0.00000
9.771,1,9762.000,84599,192000,3999.521,120.0,8,3,2,0.00000,0.00000,0.00000,0.00000,0.00000
9.771,2,9742.000,83663,192000,3999.021,120.0,8,3,2,0.00000,0.00000,0.00000,0.00000,0.00000
9.872,0,9853.000,88984,192000,3999.167,120.0,8,3,2,0.00000,0.00000,0.00000,0.00000,0.00000
9.872,1,9863.000,89457,192000,3999.312,120.0,8,3,2,0.00000,0.00000,0.00000,0.00000,0.00000
9.872,2,9843.000,88511,192000,3999.021,120.0,8,3,2,0.00000,0.00000,0.00000,0.00000,0.00000
9.973,0,9954.000,93829,192000,3999.229,120.0,8,3,2,0.00000,0.00000,0.00000,0.00000,0.00000
9.973,1,9964.000,94306,192000,3999.292,120.0,8,3,2,0.00000,0.00000,0.00000,0.00000,0.00000
9.973,2,9944.000,93351,192000,3999.188,120.0,8,3,2,0.00000,0.00000,0.00000,0.00000,0.00000
10.074,0,10056.000,98713,192000,3999.479,120.0,8,3,2,0.00000,0.00000,0.00000,0.00000,0.00000
10.074,1,10066.000,99196,192000,3999.417,120.0,8,3,2,0.00000,0.00000,0.00000,0.00000,0.00000
10.074,2,10046.000,98230,192000,3999.542,120.0,8,3,2,0.00000,0.00000,0.00000,0.00000,0.00000
10.175,0,10157.000,103562,192000,3999.458,120.0,8,3,2,0.00000,0.00000,0.00000,0.00000,0.00000
10.175,1,10167.000,104049,192000,3999.312,120.0,8,3,2,0.00000,0.00000,0.00000,0.00000,0.00000
10.175,2,10147.000,103074,192000,3999.625,120.0,8,3,2,0.00000,0.00000,0.00000,0.00000,0.00000
10.277,0,10259.000,108465,192000,3999.312,120.0,8,3,2,0.00000,0.00000,0.00000,0.00000,0.00000
10.277,1,10269.000,108958,192000,3999.042,120.0,8,3,2,0.00000,0.00000,0.00000,0.00000,0.00000
10.277,2,10249.000,107973,192000,3999.562,120.0,8,3,2,0.00000,0.00000,0.00000,0.00000,0.00000
10.378,0,10360.000,113311,192000,3999.354,120.0,8,3,2,0.00000,0.00000,0.00000,0.00000,0.00000
10.378,1,10371.000,113808,192000,0.000,120.0,8,3,2,0.00000,0.00000,0.00000,0.00000,0.00000
10.378,2,10350.000,112814,192000,3999.708,120.0,8,3,2,0.00000,0.00000,0.00000,0.00000,0.00000
10.480,0,10462.000,118197,192000,3999.562,120.0,8,3,2,0.00000,0.00000,0.00000,0.00000,0.00000
10.480,1,10472.000,118700,192000,3999.083,120.0,8,3,2,0.00000,0.00000,0.00000,0.00000,0.00000
10.480,2,10451.000,117695,192000,3999.021,120.0,8,3,2,0.00000,0.00000,0.00000,0.00000,0.00000
10.582,0,10564.000,123079,192000,3999.854,120.0,8,3,2,0.00000,0.00000,0.00000,0.00000,0.00000
10.582,1,10574.000,123586,192000,3999.292,120.0,8,3,2,0.00000,0.00000,0.00000,0.00000,0.00000
10.582,2,10553.000,122572,192000,3999.417,120.0,8,3,2,0.00000,0.00000,0.00000,0.00000,0.00000
10.684,0,10665.000,127956,192000,3999.250,120.0,8,3,2,0.00000,0.00000,0.00000,0.00000,0.00000
10.684,1,10676.000,128468,192000,3999.583,120.0,8,3,2,0.00000,0.00000,0.00000,0.00000,0.00000
10.684,2,10655.000,127444,192000,3999.917,120.0,8,3,2,0.00000,0.00000,0.00000,0.00000,0.00000
10.785,0,10766.000,132804,192000,3999.250,120.0,8,3,2,0.00000,0.00000,0.00000,0.00000,0.00000
10.785,1,10777.000,133321,192000,3999.479,120.0,8,3,2,0.00000,0.00000,0.00000,0.00000,0.00000
10.785,2,10755.000,132287,192000,3999.021,120.0,8,3,2,0.00000,0.00000,0.00000,0.00000,0.00000
10.886,0,10868.000,137669,192000,3999.896,120.0,8,3,2,0.00000,0.00000,0.00000,0.00000,0.00000
10.886,1,10878.000,138190,192000,3999.042,120.0,8,3,2,0.00000,0.00000,0.00000,0.00000,0.00000
10.886,2,10857.000,137147,192000,3999.771,120.0,8,3,2,0.00000,0.00000,0.00000,0.00000,0.00000
10.989,0,10970.000,142597,192000,3999.229,120.0,8,3,2,0.00000,0.00000,0.00000,0.00000,0.00000
10.989,1,10981.000,143124,192000,3999.250,120.0,8,3,2,0.00000,0.00000,0.00000,0.00000,0.00000
10.989,2,10959.000,142071,192000,3999.188,120.0,8,3,2,0.00000,0.00000,0.00000,0.00000,0.00000
11.091,0,11073.000,147519,192000,3999.688,120.0,8,3,2,0.00000,0.00000,0.00000,0.00000,0.00000
11.091,1,11084.000,148051,192000,3999.604,120.0,8,3,2,0.00000,0.00000,0.00000,0.00000,0.00000
11.091,2,11062.000,146988,192000,3999.750,120.0,8,3,2,0.00000,0.00000,0.00000,0.00000,0.00000
11.191,0,11173.000,152320,192000,3999.667,120.0,8,3,2,0.00000,0.00000,0.00000,0.00000,0.00000
11.191,1,11184.000,152856,192000,3999.500,120.0,8,3,2,0.00000,0.00000,0.00000,0.00000,0.00000
11.191,2,11162.000,151784,192000,3999.833,120.0,8,3,2,0.00000,0.00000,0.00000,0.00000,0.00000
11.291,0,11273.000,157120,192000,3999.667,120.0,8,3,2,0.00000,0.00000,0.00000,0.00000,0.00000
11.291,1,11284.000,157661,192000,3999.396,120.0,8,3,2,0.00000,0.00000,0.00000,0.00000,0.00000
11.291,2,11262.000,156579,192000,3999.938,120.0,8,3,2,0.00000,0.00000,0.00000,0.00000,0.00000
11.393,0,11375.000,162005,192000,3999.896,120.0,8,3,2,0.00000,0.00000,0.00000,0.00000,0.00000
11.393,1,11386.000,162551,192000,3999.521,120.0,8,3,2,0.00000,0.00000,0.00000,0.00000,0.00000
11.393,2,11363.000,161459,192000,3999.271,120.0,8,3,2,0.00000,0.00000,0.00000,0.00000,0.00000
11.493,0,11475.000,166822,192000,3999.542,120.0,8,3,2,0.00000,0.00000,0.00000,0.00000,0.00000
11.493,1,11486.000,167373,192000,3999.062,120.0,8,3,2,0.00000,0.00000,0.00000,0.00000,0.00000
11.493,2,11464.000,166272,192000,0.000,120.0,8,3,2,0.00000,0.00000,0.00000,0.00000,0.00000
11.594,0,11576.000,171649,192000,3999.979,120.0,8,3,2,0.00000,0.00000,0.00000,0.00000,0.00000
11.594,1,11587.000,172205,192000,3999.396,120.0,8,3,2,0.00000,0.00000,0.00000,0.00000,0.00000
11.594,2,11564.000,171094,192000,3999.542,120.0,8,3,2,0.00000,0.00000,0.00000,0.00000,0.00000
11.696,0,11678.000,176559,192000,3999.688,120.0,8,3,2,0.00000,0.00000,0.00000,0.00000,0.00000
11.696,1,11690.000,177120,192000,0.000,120.0,8,3,2,0.00000,0.00000,0.00000,0.00000,0.00000
11.696,2,11666.000,175999,192000,3999.354,120.0,8,3,2,0.00000,0.00000,0.00000,0.00000,0.00000
11.798,0,11780.000,181450,192000,3999.792,120.0,8,3,2,0.00000,0.00000,0.00000,0.00000,0.00000
11.798,1,11792.000,182016,192000,0.000,120.0,8,3,2,0.00000,0.00000,0.00000,0.00000,0.00000
11.798,2,11768.000,180885,192000,3999.562,120.0,8,3,2,0.00000,0.00000,0.00000,0.00000,0.00000
11.901,0,11882.000,186381,192000,3999.062,120.0,8,3,2,0.00000,0.00000,0.00000,0.00000,0.00000
11.901,1,11894.000,186951,192000,3999.188,120.0,8,3,2,0.00000,0.00000,0.00000,0.00000,0.00000
11.901,2,11871.000,185811,192000,3999.938,120.0,8,3,2,0.00000,0.00000,0.00000,0.00000,0.00000
12.003,0,11984.000,191268,192000,3999.250,120.0,8,3,2,0.00000,0.00000,0.00000,0.00000,0.00000
12.003,1,11996.000,191844,192000,3999.250,120.0,8,3,2,0.00000,0.00000,0.00000,0.00000,0.00000
12.003,2,11972.000,190693,192000,3999.229,120.0,8,3,2,0.00000,0.00000,0.00000,0.00000,0.00000
12.103,0,12085.000,4095,192000,3999.688,120.0,8,4,2,0.00000,0.00000,0.00000,0.00000,0.00000
12.103,1,12097.000,4675,192000,3999.604,120.0,8,4,2,0.00000,0.00000,0.00000,0.00000,0.00000
12.103,2,12073.000,3515,192000,3999.771,120.0,8,4,2,0.00000,0.00000,0.00000,0.00000,0.00000
12.205,0,12186.000,8967,192000,3999.188,120.0,8,4,2,0.00000,0.00000,0.00000,0.00000,0.00000
12.205,1,12199.000,9552,192000,0.000,120.0,8,4,2,0.00000,0.00000,0.00000,0.00000,0.00000
12.205,2,12174.000,8382,192000,3999.375,120.0,8,4,2,0.00000,0.00000,0.00000,0.00000,0.00000
12.305,0,12287.000,13784,192000,3999.833,120.0,8,4,2,0.00000,0.00000,0.00000,0.00000,0.00000
12.305,1,12299.000,14374,192000,3999.542,120.0,8,4,2,0.00000,0.00000,0.00000,0.00000,0.00000
12.305,2,12274.000,13194,192000,3999.125,120.0,8,4,2,0.00000,0.00000,0.00000,0.00000,0.00000
12.405,0,12387.000,18599,192000,3999.521,120.0,8,4,2,0.00000,0.00000,0.00000,0.00000,0.00000
12.405,1,12399.000,19194,192000,3999.125,120.0,8,4,2,0.00000,0.00000,0.00000,0.00000,0.00000
12.405,2,12375.000,18005,192000,3999.896,120.0,8,4,2,0.00000,0.00000,0.00000,0.00000,0.00000
12.508,0,12490.000,23533,192000,3999.729,120.0,8,4,2,0.00000,0.00000,0.00000,0.00000,0.00000
12.508,1,12502.000,24133,192000,3999.229,120.0,8,4,2,0.00000,0.00000,0.00000,0.00000,0.00000
12.508,2,12477.000,22934,192000,3999.208,120.0,8,4,2,0.00000,0.00000,0.00000,0.00000,0.00000
12.610,0,12591.000,28407,192000,3999.188,120.0,8,4,2,0.00000,0.00000,0.00000,0.00000,0.00000
12.610,1,12604.000,29011,192000,3999.604,120.0,8,4,2,0.00000,0.00000,0.00000,0.00000,0.00000
12.610,2,12579.000,27802,192000,3999.792,120.0,8,4,2,0.00000,0.00000,0.00000,0.00000,0.00000
12.711,0,12693.000,33265,192000,3999.979,120.0,8,4,2,0.00000,0.00000,0.00000,0.00000,0.00000
12.711,1,12705.000,33875,192000,3999.271,120.0,8,4,2,0.00000,0.00000,0.00000,0.00000,0.00000
12.711,2,12680.000,32656,192000,3999.667,120.0,8,4,2,0.00000,0.00000,0.00000,0.00000,0.00000
12.811,0,12793.000,38092,192000,3999.417,120.0,8,4,2,0.00000,0.00000,0.00000,0.00000,0.00000
12.811,1,12806.000,38706,192000,3999.625,120.0,8,4,2,0.00000,0.00000,0.00000,0.00000,0.00000
12.811,2,12780.000,37478,192000,3999.208,120.0,8,4,2,0.00000,0.00000,0.00000,0.00000,0.00000
12.912,0,12894.000,42941,192000,3999.396,120.0,8,4,2,0.00000,0.00000,0.00000,0.00000,0.00000
12.912,1,12907.000,43560,192000,3999.500,120.0,8,4,2,0.00000,0.00000,0.00000,0.00000,0.00000
12.912,2,12881.000,42322,192000,3999.292,120.0,8,4,2,0.00000,0.00000,0.00000,0.00000,0.00000
13.013,0,12995.000,47770,192000,3999.792,120.0,8,4,2,0.00000,0.00000,0.00000,0.00000,0.00000
13.013,1,13008.000,48393,192000,3999.812,120.0,8,4,2,0.00000,0.00000,0.00000,0.00000,0.00000
13.013,2,12982.000,47146,192000,3999.792,120.0,8,4,2,0.00000,0.00000,0.00000,0.00000,0.00000
13.115,0,13097.000,52666,192000,3999.792,120.0,8,4,2,0.00000,0.00000,0.00000,0.00000,0.00000
13.115,1,13110.000,53295,192000,3999.688,120.0,8,4,2,0.00000,0.00000,0.00000,0.00000,0.00000
13.115,2,13084.000,52037,192000,3999.896,120.0,8,4,2,0.00000,0.00000,0.00000,0.00000,0.00000
13.216,0,13197.000,57491,192000,3999.271,120.0,8,4,2,0.00000,0.00000,0.00000,0.00000,0.00000
13.216,1,13210.000,58124,192000,3999.083,120.0,8,4,2,0.00000,0.00000,0.00000,0.00000,0.00000
13.216,2,13184.000,56858,192000,3999.458,120.0,8,4,2,0.00000,0.00000,0.00000,0.00000,0.00000
13.318,0,13300.000,62401,192000,3999.979,120.0,8,4,2,0.00000,0.00000,0.00000,0.00000,0.00000
13.318,1,13313.000,63039,192000,3999.688,120.0,8,4,2,0.00000,0.00000,0.00000,0.00000,0.00000
13.318,2,13286.000,61762,192000,3999.292,120.0,8,4,2,0.00000,0.00000,0.00000,0.00000,0.00000
13.419,0,13401.000,67281,192000,3999.312,120.0,8,4,2,0.00000,0.00000,0.00000,0.00000,0.00000
13.419,1,13415.000,67924,192000,3999.917,120.0,8,4,2,0.00000,0.00000,0.00000,0.00000,0.00000
13.419,2,13388.000,66638,192000,3999.708,120.0,8,4,2,0.00000,0.00000,0.00000,0.00000,0.00000
13.522,0,13504.000,72205,192000,3999.729,120.0,8,4,2,0.00000,0.00000,0.00000,0.00000,0.00000
13.522,1,13517.000,72853,192000,3999.229,120.0,8,4,2,0.00000,0.00000,0.00000,0.00000,0.00000
13.522,2,13490.000,71557,192000,3999.229,120.0,8,4,2,0.00000,0.00000,0.00000,0.00000,0.00000
13.625,0,13606.000,77131,192000,3999.104,120.0,8,4,2,0.00000,0.00000,0.00000,0.00000,0.00000
13.625,1,13620.000,77784,192000,3999.500,120.0,8,4,2,0.00000,0.00000,0.00000,0.00000,0.00000
13.625,2,13593.000,76478,192000,3999.708,120.0,8,4,2,0.00000,0.00000,0.00000,0.00000,0.00000
13.728,0,13710.000,82105,192000,3999.479,120.0,8,4,2,0.00000,0.00000,0.00000,0.00000,0.00000
13.728,1,13724.000,82763,192000,3999.771,120.0,8,4,2,0.00000,0.00000,0.00000,0.00000,0.00000
13.728,2,13696.000,81447,192000,3999.188,120.0,8,4,2,0.00000,0.00000,0.00000,0.00000,0.00000
13.830,0,13812.000,86980,192000,3999.917,120.0,8,4,2,0.00000,0.00000,0.00000,0.00000,0.00000
13.830,1,13825.000,87643,192000,3999.104,120.0,8,4,2,0.00000,0.00000,0.00000,0.00000,0.00000
13.830,2,13798.000,86317,192000,3999.729,120.0,8,4,2,0.00000,0.00000,0.00000,0.00000,0.00000
13.932,0,13913.000,91861,192000,3999.229,120.0,8,4,2,0.00000,0.00000,0.00000,0.00000,0.00000
13.932,1,13927.000,92529,192000,3999.312,120.0,8,4,2,0.00000,0.00000,0.00000,0.00000,0.00000
13.932,2,13899.000,91193,192000,3999.146,120.0,8,4,2,0.00000,0.00000,0.00000,0.00000,0.00000
14.035,0,14016.000,96815,192000,3999.021,120.0,8,4,2,0.00000,0.00000,0.00000,0.00000,0.00000
14.035,1,14030.000,97487,192000,3999.021,120.0,8,4,2,0.00000,0.00000,0.00000,0.00000,0.00000
14.035,2,14002.000,96142,192000,3999.042,120.0,8,4,2,0.00000,0.00000,0.00000,0.00000,0.00000
14.137,0,14119.000,101721,192000,3999.812,120.0,8,4,2,0.00000,0.00000,0.00000,0.00000,0.00000
14.137,1,14133.000,102398,192000,3999.708,120.0,8,4,2,0.00000,0.00000,0.00000,0.00000,0.00000
14.137,2,14105.000,101043,192000,3999.938,120.0,8,4,2,0.00000,0.00000,0.00000,0.00000,0.00000
14.238,0,14219.000,106549,192000,3999.229,120.0,8,4,2,0.00000,0.00000,0.00000,0.00000,0.00000
14.238,1,14233.000,107231,192000,3999.021,120.0,8,4,2,0.00000,0.00000,0.00000,0.00000,0.00000
14.238,2,14205.000,105866,192000,3999.458,120.0,8,4,2,0.00000,0.00000,0.00000,0.00000,0.00000
14.338,0,14320.000,111383,192000,3999.521,120.0,8,4,2,0.00000,0.00000,0.00000,0.00000,0.00000
14.338,1,14334.000,112071,192000,3999.188,120.0,8,4,2,0.00000,0.00000,0.00000,0.00000,0.00000
14.338,2,14306.000,110696,192000,3999.833,120.0,8,4,2,0.00000,0.00000,0.00000,0.00000,0.00000
14.439,0,14421.000,116219,192000,3999.771,120.0,8,4,2,0.00000,0.00000,0.00000,0.00000,0.00000
14.439,1,14435.000,116912,192000,3999.333,120.0,8,4,2,0.00000,0.00000,0.00000,0.00000,0.00000
14.439,2,14406.000,115527,192000,3999.188,120.0,8,4,2,0.00000,0.00000,0.00000,0.00000,0.00000
14.542,0,14524.000,121167,192000,3999.688,120.0,8,4,2,0.00000,0.00000,0.00000,0.00000,0.00000
14.542,1,14538.000,121864,192000,3999.167,120.0,8,4,2,0.00000,0.00000,0.00000,0.00000,0.00000
14.542,2,14509.000,120470,192000,3999.208,120.0,8,4,2,0.00000,0.00000,0.00000,0.00000,0.00000
14.644,0,14626.000,126082,192000,3999.292,120.0,8,4,2,0.00000,0.00000,0.00000,0.00000,0.00000
14.644,1,14641.000,126784,192000,3999.667,120.0,8,4,2,0.00000,0.00000,0.00000,0.00000,0.00000
14.644,2,14612.000,125380,192000,3999.917,120.0,8,4,2,0.00000,0.00000,0.00000,0.00000,0.00000
14.747,0,14729.000,131003,192000,3999.771,120.0,8,4,2,0.00000,0.00000,0.00000,0.00000,0.00000
14.747,1,14743.000,131710,192000,3999.042,120.0,8,4,2,0.00000,0.00000,0.00000,0.00000,0.00000
14.747,2,14714.000,130296,192000,3999.500,120.0,8,4,2,0.00000,0.00000,0.00000,0.00000,0.00000
14.849,0,14831.000,135914,192000,3999.458,120.0,8,4,2,0.00000,0.00000,0.00000,0.00000,0.00000
14.849,1,14846.000,136626,192000,3999.625,120.0,8,4,2,0.00000,0.00000,0.00000,0.00000,0.00000
14.849,2,14816.000,135203,192000,3999.271,120.0,8,4,2,0.00000,0.00000,0.00000,0.00000,0.00000
14.952,0,14934.000,140842,192000,3999.792,120.0,8,4,2,0.00000,0.00000,0.00000,0.00000,0.00000
14.952,1,14949.000,141559,192000,3999.854,120.0,8,4,2,0.00000,0.00000,0.00000,0.00000,0.00000
14.952,2,14919.000,140125,192000,3999.729,120.0,8,4,2,0.00000,0.00000,0.00000,0.00000,0.00000
15.052,0,15034.000,145662,192000,3999.375,120.0,8,4,2,0.00000,0.00000,0.00000,0.00000,0.00000
15.052,1,15049.000,146384,192000,3999.333,120.0,8,4,2,0.00000,0.00000,0.00000,0.00000,0.00000
15.052,2,15019.000,144941,192000,3999.396,120.0,8,4,2,0.00000,0.00000,0.00000,0.00000,0.00000
15.153,0,15134.000,150473,192000,3999.146,120.0,8,4,2,0.00000,0.00000,0.00000,0.00000,0.00000
15.153,1,15149.000,151199,192000,3999.021,120.0,8,4,2,0.00000,0.00000,0.00000,0.00000,0.00000
15.153,2,15119.000,149747,192000,3999.271,120.0,8,4,2,0.00000,0.00000,0.00000,0.00000,0.00000
15.254,0,15236.000,155348,192000,3999.583,120.0,8,4,2,0.00000,0.00000,0.00000,0.00000,0.00000
15.254,1,15251.000,156079,192000,3999.354,120.0,8,4,2,0.00000,0.00000,0.00000,0.00000,0.00000
15.254,2,15221.000,154616,192000,3999.833,120.0,8,4,2,0.00000,0.00000,0.00000,0.00000,0.00000
15.357,0,15339.000,160279,192000,3999.854,120.0,8,4,2,0.00000,0.00000,0.00000,0.00000,0.00000
15.357,1,15354.000,161016,192000,3999.500,120.0,8,4,2,0.00000,0.00000,0.00000,0.00000,0.00000
15.357,2,15323.000,159543,192000,3999.188,120.0,8,4,2,0.00000,0.00000,0.00000,0.00000,0.00000
15.458,0,15440.000,165126,192000,3999.875,120.0,8,4,2,0.00000,0.00000,0.00000,0.00000,0.00000
15.458,1,15455.000,165867,192000,3999.438,120.0,8,4,2,0.00000,0.00000,0.00000,0.00000,0.00000
15.458,2,15424.000,164385,192000,3999.312,120.0,8,4,2,0.00000,0.00000,0.00000,0.00000,0.00000
15.560,0,15541.000,170012,192000,3999.083,120.0,8,4,2,0.00000,0.00000,0.00000,0.00000,0.00000
15.560,1,15557.000,170758,192000,3999.542,120.0,8,4,2,0.00000,0.00000,0.00000,0.00000,0.00000
15.560,2,15526.000,169266,192000,3999.625,120.0,8,4,2,0.00000,0.00000,0.00000,0.00000,0.00000
15.662,0,15644.000,174946,192000,3999.292,120.0,8,4,2,0.00000,0.00000,0.00000,0.00000,0.00000
15.662,1,15660.000,175697,192000,3999.646,120.0,8,4,2,0.00000,0.00000,0.00000,0.00000,0.00000
15.662,2,15629.000,174196,192000,3999.917,120.0,8,4,2,0.00000,0.00000,0.00000,0.00000,0.00000
15.765,0,15746.000,179843,192000,3999.271,120.0,8,4,2,0.00000,0.00000,0.00000,0.00000,0.00000
15.765,1,15762.000,180599,192000,3999.521,120.0,8,4,2,0.00000,0.00000,0.00000,0.00000,0.00000
15.765,2,15730.000,179087,192000,3999.021,120.0,8,4,2,0.00000,0.00000,0.00000,0.00000,0.00000
15.866,0,15848.000,184739,192000,3999.271,120.0,8,4,2,0.00000,0.00000,0.00000,0.00000,0.00000
15.866,1,15864.000,185499,192000,3999.438,120.0,8,4,2,0.00000,0.00000,0.00000,0.00000,0.00000
15.866,2,15832.000,183978,192000,3999.125,120.0,8,4,2,0.00000,0.00000,0.00000,0.00000,0.00000
15.970,0,15951.000,189685,192000,3999.229,120.0,8,4,2,0.00000,0.00000,0.00000,0.00000,0.00000
15.970,1,15967.000,190450,192000,3999.292,120.0,8,4,2,0.00000,0.00000,0.00000,0.00000,0.00000
15.970,2,15935.000,188919,192000,3999.188,120.0,8,4,2,0.00000,0.00000,0.00000,0.00000,0.00000
16.072,0,16054.000,2620,192000,3999.417,120.0,8,5,2,0.00000,0.00000,0.00000,0.00000,0.00000
16.072,1,16070.000,3390,192000,3999.375,120.0,8,5,2,0.00000,0.00000,0.00000,0.00000,0.00000
16.072,2,16038.000,1849,192000,3999.479,120.0,8,5,2,0.11753,0.00000,0.11753,0.00000,0.00000
16.172,0,16154.000,7422,192000,3999.375,120.0,8,5,2,0.00000,0.00000,0.00000,0.00000,0.00000
16.172,1,16170.000,8197,192000,3999.229,120.0,8,5,2,0.00000,0.00000,0.00000,0.00000,0.00000
16.172,2,16138.000,6646,192000,3999.542,120.0,8,5,2,0.07756,0.00000,0.07756,0.00000,0.00000
16.275,0,16257.000,12356,192000,3999.583,120.0,8,5,2,0.00000,0.00000,0.00000,0.00000,0.00000
16.275,1,16273.000,13137,192000,3999.312,120.0,8,5,2,0.00000,0.00000,0.00000,0.00000,0.00000
16.275,2,16241.000,11576,192000,3999.833,120.0,8,5,2,0.05060,0.00000,0.05060,0.00000,0.00000
16.377,0,16359.000,17254,192000,3999.542,120.0,8,5,2,0.00000,0.00000,0.00000,0.00000,0.00000
16.377,1,16375.000,18039,192000,3999.188,120.0,8,5,2,0.00000,0.00000,0.00000,0.00000,0.00000
16.377,2,16343.000,16469,192000,3999.896,120.0,8,5,2,0.03312,0.00000,0.03312,0.00000,0.00000
16.479,0,16461.000,22145,192000,3999.646,120.0,8,5,2,0.00000,0.00000,0.00000,0.00000,0.00000
16.479,1,16477.000,22935,192000,3999.188,120.0,8,5,2,0.00000,0.00000,0.00000,0.00000,0.00000
16.479,2,16444.000,21355,192000,3999.104,120.0,8,5,2,0.02169,0.00000,0.02169,0.00000,0.00000
16.579,0,16561.000,26949,192000,3999.562,120.0,8,5,2,0.00000,0.00000,0.00000,0.00000,0.00000
16.579,1,16578.000,27744,192000,0.000,120.0,8,5,2,0.00000,0.00000,0.00000,0.00000,0.00000
16.579,2,16544.000,26154,192000,3999.125,120.0,8,5,2,0.01431,0.00000,0.01431,0.00000,0.00000
16.682,0,16664.000,31874,192000,3999.958,120.0,8,5,2,0.00000,0.00000,0.00000,0.00000,0.00000
16.682,1,16680.000,32674,192000,3999.292,120.0,8,5,2,0.00000,0.00000,0.00000,0.00000,0.00000
16.682,2,16647.000,31074,192000,3999.625,120.0,8,5,2,0.00934,0.00000,0.00934,0.00000,0.00000
16.783,0,16764.000,36714,192000,3999.125,120.0,8,5,2,0.00000,0.00000,0.00000,0.00000,0.00000
16.783,1,16781.000,37519,192000,3999.354,120.0,8,5,2,0.00000,0.00000,0.00000,0.00000,0.00000
16.783,2,16748.000,35910,192000,3999.875,120.0,8,5,2,0.00614,0.00000,0.00614,0.00000,0.00000
16.884,0,16865.000,41555,192000,3999.271,120.0,8,5,2,0.00000,0.00000,0.00000,0.00000,0.00000
16.884,1,16882.000,42365,192000,3999.396,120.0,8,5,2,0.00000,0.00000,0.00000,0.00000,0.00000
16.884,2,16848.000,40746,192000,3999.125,120.0,8,5,2,0.00404,0.00000,0.00404,0.00000,0.00000
16.986,0,16968.000,46491,192000,3999.438,120.0,8,5,2,0.00000,0.00000,0.00000,0.00000,0.00000
16.986,1,16985.000,47306,192000,3999.458,120.0,8,5,2,0.00000,0.00000,0.00000,0.00000,0.00000
16.986,2,16951.000,45677,192000,3999.396,120.0,8,5,2,0.00264,0.00000,0.00264,0.00000,0.00000
17.086,0,17068.000,51295,192000,3999.354,120.0,8,5,2,0.00000,0.00000,0.00000,0.00000,0.00000
17.086,1,17085.000,52114,192000,3999.292,120.0,8,5,2,0.00000,0.00000,0.00000,0.00000,0.00000
17.086,2,17051.000,50476,192000,3999.417,120.0,8,5,2,0.00174,0.00000,0.00174,0.00000,0.00000
17.188,0,17170.000,56173,192000,3999.729,120.0,8,5,2,0.00000,0.00000,0.00000,0.00000,0.00000
17.188,1,17187.000,56997,192000,3999.562,120.0,8,5,2,0.00000,0.00000,0.00000,0.00000,0.00000
17.188,2,17153.000,55349,192000,3999.896,120.0,8,5,2,0.00114,0.00000,0.00114,0.00000,0.00000
17.291,0,17273.000,61109,192000,3999.896,120.0,8,5,2,0.00000,0.00000,0.00000,0.00000,0.00000
17.291,1,17290.000,61938,192000,3999.625,120.0,8,5,2,0.00000,0.00000,0.00000,0.00000,0.00000
17.291,2,17255.000,60280,192000,3999.167,120.0,8,5,2,0.00074,0.00000,0.00074,0.00000,0.00000
17.392,0,17373.000,65948,192000,3999.083,120.0,8,5,2,0.00000,0.00000,0.00000,0.00000,0.00000
17.392,1,17391.000,66782,192000,3999.708,120.0,8,5,2,0.00000,0.00000,0.00000,0.00000,0.00000
17.392,2,17356.000,65114,192000,3999.458,120.0,8,5,2,0.00049,0.00000,0.00049,0.00000,0.00000
17.493,0,17475.000,70835,192000,3999.271,120.0,8,5,2,0.00000,0.00000,0.00000,0.00000,0.00000
17.493,1,17493.000,71673,192000,3999.812,120.0,8,5,2,0.00000,0.00000,0.00000,0.00000,0.00000
17.493,2,17458.000,69996,192000,3999.750,120.0,8,5,2,0.00032,0.00000,0.00032,0.00000,0.00000
17.594,0,17576.000,75661,192000,3999.729,120.0,8,5,2,0.00000,0.00000,0.00000,0.00000,0.00000
17.594,1,17593.000,76505,192000,3999.146,120.0,8,5,2,0.00000,0.00000,0.00000,0.00000,0.00000
17.594,2,17558.000,74818,192000,3999.292,120.0,8,5,2,0.00021,0.00000,0.00021,0.00000,0.00000
17.695,0,17677.000,80530,192000,3999.292,120.0,8,5,2,0.00000,0.00000,0.00000,0.00000,0.00000
17.695,1,17695.000,81378,192000,3999.625,120.0,8,5,2,0.00000,0.00000,0.00000,0.00000,0.00000
17.695,2,17660.000,79681,192000,3999.979,120.0,8,5,2,0.00014,0.00000,0.00014,0.00000,0.00000
17.796,0,17778.000,85378,192000,3999.292,120.0,8,5,2,0.00000,0.00000,0.00000,0.00000,0.00000
17.796,1,17796.000,86232,192000,3999.500,120.0,8,5,2,0.00000,0.00000,0.00000,0.00000,0.00000
17.796,2,17760.000,84525,192000,3999.062,120.0,8,5,2,0.00009,0.00000,0.00009,0.00000,0.00000
17.897,0,17879.000,90222,192000,3999.375,120.0,8,5,2,0.00000,0.00000,0.00000,0.00000,0.00000
17.897,1,17897.000,91080,192000,3999.500,120.0,8,5,2,0.00000,0.00000,0.00000,0.00000,0.00000
17.897,2,17861.000,89364,192000,3999.250,120.0,8,5,2,0.00006,0.00000,0.00006,0.00000,0.00000
17.999,0,17981.000,95117,192000,3999.396,120.0,8,5,2,0.00000,0.00000,0.00000,0.00000,0.00000
17.999,1,17999.000,95980,192000,3999.417,120.0,8,5,2,0.00000,0.00000,0.00000,0.00000,0.00000
17.999,2,17963.000,94254,192000,3999.375,120.0,8,5,2,0.00004,0.00000,0.00004,0.00000,0.00000
18.103,0,18084.000,100074,192000,3999.125,120.0,8,5,2,0.00000,0.00000,0.00000,0.00000,0.00000
18.103,1,18102.000,100942,192000,3999.042,120.0,8,5,2,0.00000,0.00000,0.00000,0.00000,0.00000
18.103,2,18066.000,99206,192000,3999.208,120.0,8,5,2,0.00003,0.00000,0.00003,0.00000,0.00000
18.204,0,18186.000,104934,192000,3999.875,120.0,8,5,2,0.00000,0.00000,0.00000,0.00000,0.00000
18.204,1,18204.000,105807,192000,3999.688,120.0,8,5,2,0.00000,0.00000,0.00000,0.00000,0.00000
18.204,2,18167.000,104061,192000,3999.062,120.0,8,5,2,0.00002,0.00000,0.00002,0.00000,0.00000
18.307,0,18288.000,109860,192000,3999.250,120.0,8,5,2,0.00000,0.00000,0.00000,0.00000,0.00000
18.307,1,18307.000,110738,192000,3999.958,120.0,8,5,2,0.00000,0.00000,0.00000,0.00000,0.00000
18.307,2,18270.000,108983,192000,3999.521,120.0,8,5,2,0.00001,0.00000,0.00001,0.00000,0.00000
18.407,0,18388.000,114663,192000,3999.188,120.0,8,5,2,0.00000,0.00000,0.00000,0.00000,0.00000
18.407,1,18407.000,115546,192000,3999.792,120.0,8,5,2,0.00000,0.00000,0.00000,0.00000,0.00000
18.407,2,18370.000,113781,192000,3999.562,120.0,8,5,2,0.00001,0.00000,0.00001,0.00000,0.00000
18.509,0,18490.000,119560,192000,3999.167,120.0,8,5,2,0.00000,0.00000,0.00000,0.00000,0.00000
18.509,1,18509.000,120447,192000,3999.688,120.0,8,5,2,0.00000,0.00000,0.00000,0.00000,0.00000
18.509,2,18472.000,118672,192000,3999.667,120.0,8,5,2,0.00000,0.00000,0.00000,0.00000,0.00000
18.609,0,18591.000,124383,192000,3999.688,120.0,8,5,2,0.00000,0.00000,0.00000,0.00000,0.00000
18.609,1,18609.000,125275,192000,3999.104,120.0,8,5,2,0.00000,0.00000,0.00000,0.00000,0.00000
18.609,2,18572.000,123491,192000,3999.271,120.0,8,5,2,0.00000,0.00000,0.00000,0.00000,0.00000
18.710,0,18691.000,129211,192000,3999.104,120.0,8,5,2,0.00000,0.00000,0.00000,0.00000,0.00000
18.710,1,18710.000,130108,192000,3999.417,120.0,8,5,2,0.00000,0.00000,0.00000,0.00000,0.00000
18.710,2,18673.000,128314,192000,3999.792,120.0,8,5,2,0.00000,0.00000,0.00000,0.00000,0.00000
18.810,0,18792.000,134017,192000,3999.979,120.0,8,5,2,0.00000,0.00000,0.00000,0.00000,0.00000
18.810,1,18810.000,134919,192000,3999.188,120.0,8,5,2,0.00000,0.00000,0.00000,0.00000,0.00000
18.810,2,18773.000,133115,192000,3999.771,120.0,8,5,2,0.00000,0.00000,0.00000,0.00000,0.00000
18.910,0,18892.000,138844,192000,3999.417,120.0,8,5,2,0.00000,0.00000,0.00000,0.00000,0.00000
18.910,1,18911.000,139751,192000,3999.521,120.0,8,5,2,0.00000,0.00000,0.00000,0.00000,0.00000
18.910,2,18873.000,137937,192000,3999.312,120.0,8,5,2,0.00000,0.00000,0.00000,0.00000,0.00000
19.011,0,18993.000,143682,192000,3999.625,120.0,8,5,2,0.00000,0.00000,0.00000,0.00000,0.00000
19.011,1,19012.000,144594,192000,3999.625,120.0,8,5,2,0.00000,0.00000,0.00000,0.00000,0.00000
19.011,2,18974.000,142771,192000,3999.604,120.0,8,5,2,0.00000,0.00000,0.00000,0.00000,0.00000
19.112,0,19093.000,148508,192000,3999.083,120.0,8,5,2,0.00000,0.00000,0.00000,0.00000,0.00000
19.112,1,19113.000,149424,192000,0.000,120.0,8,5,2,0.00000,0.00000,0.00000,0.00000,0.00000
19.112,2,19074.000,147591,192000,3999.188,120.0,8,5,2,0.00000,0.00000,0.00000,0.00000,0.00000
19.212,0,19194.000,153318,192000,3999.875,120.0,8,5,2,0.00000,0.00000,0.00000,0.00000,0.00000
19.212,1,19213.000,154240,192000,3999.667,120.0,8,5,2,0.00000,0.00000,0.00000,0.00000,0.00000
19.212,2,19174.000,152397,192000,3999.062,120.0,8,5,2,0.00000,0.00000,0.00000,0.00000,0.00000
19.314,0,19296.000,158217,192000,3999.812,120.0,8,5,2,0.00000,0.00000,0.00000,0.00000,0.00000
19.314,1,19315.000,159143,192000,3999.521,120.0,8,5,2,0.00000,0.00000,0.00000,0.00000,0.00000
19.314,2,19276.000,157291,192000,3999.104,120.0,8,5,2,0.00000,0.00000,0.00000,0.00000,0.00000
19.417,0,19399.000,163164,192000,3999.750,120.0,8,5,2,0.00000,0.00000,0.00000,0.00000,0.00000
19.417,1,19418.000,164095,192000,3999.354,120.0,8,5,2,0.00000,0.00000,0.00000,0.00000,0.00000
19.417,2,19379.000,162232,192000,3999.167,120.0,8,5,2,0.00000,0.00000,0.00000,0.00000,0.00000
19.519,0,19500.000,168044,192000,3999.083,120.0,8,5,2,0.00000,0.00000,0.00000,0.00000,0.00000
19.519,1,19520.000,168980,192000,3999.583,120.0,8,5,2,0.00000,0.00000,0.00000,0.00000,0.00000
19.519,2,19481.000,167108,192000,3999.583,120.0,8,5,2,0.00000,0.00000,0.00000,0.00000,0.00000
19.622,0,19603.000,172979,192000,3999.271,120.0,8,5,2,0.00000,0.00000,0.00000,0.00000,0.00000
19.622,1,19623.000,173920,192000,3999.667,120.0,8,5,2,0.00000,0.00000,0.00000,0.00000,0.00000
19.622,2,19584.000,172038,192000,3999.875,120.0,8,5,2,0.00000,0.00000,0.00000,0.00000,0.00000
19.724,0,19706.000,177901,192000,3999.729,120.0,8,5,2,0.00000,0.00000,0.00000,0.00000,0.00000
19.724,1,19725.000,178847,192000,3999.021,120.0,8,5,2,0.00000,0.00000,0.00000,0.00000,0.00000
19.724,2,19686.000,176955,192000,3999.438,120.0,8,5,2,0.00000,0.00000,0.00000,0.00000,0.00000
19.825,0,19807.000,182751,192000,3999.688,120.0,8,5,2,0.00000,0.00000,0.00000,0.00000,0.00000
19.825,1,19827.000,183701,192000,3999.896,120.0,8,5,2,0.00000,0.00000,0.00000,0.00000,0.00000
19.825,2,19787.000,181800,192000,3999.500,120.0,8,5,2,0.00000,0.00000,0.00000,0.00000,0.00000
19.927,0,19909.000,187666,192000,3999.292,120.0,8,5,2,0.00000,0.00000,0.00000,0.00000,0.00000
19.927,1,19929.000,188621,192000,3999.396,120.0,8,5,2,0.00000,0.00000,0.00000,0.00000,0.00000
19.927,2,19889.000,186710,192000,3999.208,120.0,8,5,2,0.00000,0.00000,0.00000,0.00000,0.00000
20.028,0,20009.000,472,192000,3999.167,120.0,8,6,2,0.06044,0.06044,0.05965,0.00000,0.00000
20.028,1,20029.000,1432,192000,3999.167,120.0,8,6,2,0.12162,0.12162,0.12129,0.00000,0.00000
20.028,2,19989.000,191511,192000,3999.188,120.0,8,5,2,0.00000,0.00000,0.00000,0.00000,0.00000
20.130,0,20112.000,5383,192000,3999.854,120.0,8,6,2,0.08675,0.08675,0.08651,0.00000,0.00000
20.130,1,20132.000,6348,192000,3999.750,120.0,8,6,2,0.07944,0.07944,0.07922,0.00000,0.00000
20.130,2,20092.000,4418,192000,3999.958,120.0,8,6,2,0.09399,0.09399,0.00000,0.00000,0.00000
20.232,0,20214.000,10301,192000,3999.396,120.0,8,6,2,0.05665,0.05665,0.05649,0.00000,0.00000
20.232,1,20234.000,11271,192000,3999.188,120.0,8,6,2,0.05185,0.05185,0.05171,0.00000,0.00000
20.232,2,20194.000,9331,192000,3999.604,120.0,8,6,2,0.06140,0.06140,0.00000,0.00000,0.00000
20.335,0,20316.000,15214,192000,3999.042,120.0,8,6,2,0.03701,0.03701,0.03691,0.00000,0.00000
20.335,1,20337.000,16189,192000,3999.729,120.0,8,6,2,0.03386,0.03386,0.03377,0.00000,0.00000
20.335,2,20296.000,14239,192000,3999.354,120.0,8,6,2,0.04013,0.04013,0.00000,0.00000,0.00000
20.438,0,20419.000,20151,192000,3999.188,120.0,8,6,2,0.02413,0.02413,0.02406,0.00000,0.00000
20.438,1,20440.000,21131,192000,3999.771,120.0,8,6,2,0.02207,0.02207,0.02201,0.00000,0.00000
20.438,2,20399.000,19171,192000,3999.604,120.0,8,6,2,0.02618,0.02618,0.00000,0.00000,0.00000
20.538,0,20520.000,24971,192000,3999.771,120.0,8,6,2,0.01589,0.01589,0.01585,0.00000,0.00000
20.538,1,20540.000,25956,192000,3999.250,120.0,8,6,2,0.01453,0.01453,0.01449,0.00000,0.00000
20.538,2,20499.000,23986,192000,3999.292,120.0,8,6,2,0.01725,0.01725,0.00000,0.00000,0.00000
20.639,0,20620.000,29805,192000,3999.062,120.0,8,6,2,0.01045,0.01045,0.01043,0.00000,0.00000
20.639,1,20641.000,30795,192000,3999.438,120.0,8,6,2,0.00955,0.00955,0.00953,0.00000,0.00000
20.639,2,20600.000,28815,192000,3999.688,120.0,8,6,2,0.01135,0.01135,0.00000,0.00000,0.00000
20.739,0,20721.000,34621,192000,3999.729,120.0,8,6,2,0.00689,0.00689,0.00687,0.00000,0.00000
20.739,1,20742.000,35616,192000,0.000,120.0,8,6,2,0.00629,0.00629,0.00627,0.00000,0.00000
20.739,2,20700.000,33627,192000,3999.438,120.0,8,6,2,0.00748,0.00748,0.00000,0.00000,0.00000
20.842,0,20824.000,39568,192000,3999.667,120.0,8,6,2,0.00449,0.00449,0.00447,0.00000,0.00000
20.842,1,20845.000,40568,192000,3999.833,120.0,8,6,2,0.00410,0.00410,0.00409,0.00000,0.00000
20.842,2,20803.000,38569,192000,3999.479,120.0,8,6,2,0.00488,0.00488,0.00000,0.00000,0.00000
20.942,0,20924.000,44381,192000,3999.396,120.0,8,6,2,0.00296,0.00296,0.00295,0.00000,0.00000
20.942,1,20945.000,45385,192000,3999.479,120.0,8,6,2,0.00270,0.00270,0.00269,0.00000,0.00000
20.942,2,20903.000,43377,192000,3999.312,120.0,8,6,2,0.00321,0.00321,0.00000,0.00000,0.00000
21.044,0,21026.000,49267,192000,3999.604,120.0,8,6,2,0.00194,0.00194,0.00193,0.00000,0.00000
21.044,1,21047.000,50276,192000,3999.583,120.0,8,6,2,0.00177,0.00177,0.00176,0.00000,0.00000
21.044,2,21005.000,48257,192000,3999.646,120.0,8,6,2,0.00211,0.00211,0.00000,0.00000,0.00000
21.148,0,21130.000,54260,192000,3999.583,120.0,8,6,2,0.00126,0.00126,0.00125,0.00000,0.00000
21.148,1,21151.000,55275,192000,3999.438,120.0,8,6,2,0.00115,0.00115,0.00114,0.00000,0.00000
21.148,2,21109.000,53246,192000,3999.708,120.0,8,6,2,0.00137,0.00137,0.00000,0.00000,0.00000
21.249,0,21231.000,59095,192000,3999.854,120.0,8,6,2,0.00083,0.00083,0.00082,0.00000,0.00000
21.249,1,21252.000,60114,192000,3999.625,120.0,8,6,2,0.00075,0.00075,0.00075,0.00000,0.00000
21.249,2,21209.000,58076,192000,3999.083,120.0,8,6,2,0.00090,0.00090,0.00000,0.00000,0.00000
21.349,0,21331.000,63898,192000,3999.792,120.0,8,6,2,0.00055,0.00055,0.00054,0.00000,0.00000
21.349,1,21352.000,64922,192000,3999.458,120.0,8,6,2,0.00050,0.00050,0.00050,0.00000,0.00000
21.349,2,21309.000,62874,192000,3999.125,120.0,8,6,2,0.00059,0.00059,0.00000,0.00000,0.00000
21.451,0,21433.000,68813,192000,3999.396,120.0,8,6,2,0.00036,0.00036,0.00036,0.00000,0.00000
21.451,1,21455.000,69842,192000,3999.958,120.0,8,6,2,0.00032,0.00032,0.00032,0.00000,0.00000
21.451,2,21412.000,67784,192000,3999.833,120.0,8,6,2,0.00039,0.00039,0.00000,0.00000,0.00000
21.552,0,21534.000,73633,192000,3999.979,120.0,8,6,2,0.00023,0.00023,0.00023,0.00000,0.00000
21.552,1,21555.000,74666,192000,3999.458,120.0,8,6,2,0.00021,0.00021,0.00021,0.00000,0.00000
21.552,2,21512.000,72599,192000,3999.521,120.0,8,6,2,0.00026,0.00026,0.00000,0.00000,0.00000
21.654,0,21635.000,78520,192000,3999.167,120.0,8,6,2,0.00015,0.00015,0.00015,0.00000,0.00000
21.654,1,21657.000,79558,192000,3999.542,120.0,8,6,2,0.00014,0.00014,0.00014,0.00000,0.00000
21.654,2,21614.000,77481,192000,3999.812,120.0,8,6,2,0.00017,0.00017,0.00000,0.00000,0.00000
21.755,0,21736.000,83370,192000,3999.125,120.0,8,6,2,0.00010,0.00010,0.00010,0.00000,0.00000
21.755,1,21758.000,84414,192000,3999.375,120.0,8,6,2,0.00009,0.00009,0.00009,0.00000,0.00000
21.755,2,21715.000,82327,192000,3999.854,120.0,8,6,2,0.00011,0.00011,0.00000,0.00000,0.00000
21.857,0,21839.000,88295,192000,3999.521,120.0,8,6,2,0.00007,0.00007,0.00007,0.00000,0.00000
21.857,1,21861.000,89343,192000,3999.688,120.0,8,6,2,0.00006,0.00006,0.00006,0.00000,0.00000
21.857,2,21817.000,87247,192000,3999.354,120.0,8,6,2,0.00007,0.00007,0.00000,0.00000,0.00000
21.958,0,21940.000,93123,192000,3999.938,120.0,8,6,2,0.00004,0.00004,0.00004,0.00000,0.00000
21.958,1,21962.000,94176,192000,0.000,120.0,8,6,2,0.00004,0.00004,0.00004,0.00000,0.00000
21.958,2,21918.000,92070,192000,3999.875,120.0,8,6,2,0.00005,0.00005,0.00000,0.00000,0.00000
22.060,0,22042.000,98042,192000,3999.458,120.0,8,6,2,0.00003,0.00003,0.00003,0.00000,0.00000
22.060,1,22064.000,99100,192000,3999.417,120.0,8,6,2,0.00003,0.00003,0.00003,0.00000,0.00000
22.060,2,22020.000,96984,192000,3999.500,120.0,8,6,2,0.00003,0.00003,0.00000,0.00000,0.00000
22.161,0,22143.000,102875,192000,3999.771,120.0,8,6,2,0.00002,0.00002,0.00002,0.00000,0.00000
22.161,1,22165.000,103938,192000,3999.625,120.0,8,6,2,0.00002,0.00002,0.00002,0.00000,0.00000
22.161,2,22121.000,101812,192000,3999.917,120.0,8,6,2,0.00002,0.00002,0.00000,0.00000,0.00000
22.263,0,22244.000,107756,192000,3999.083,120.0,8,6,2,0.00001,0.00001,0.00001,0.00000,0.00000
22.263,1,22267.000,108824,192000,3999.833,120.0,8,6,2,0.00001,0.00001,0.00001,0.00000,0.00000
22.263,2,22222.000,106688,192000,3999.333,120.0,8,6,2,0.00001,0.00001,0.00000,0.00000,0.00000
22.363,0,22345.000,112593,192000,3999.312,120.0,8,6,2,0.00001,0.00001,0.00001,0.00000,0.00000
22.363,1,22368.000,113666,192000,3999.958,120.0,8,6,2,0.00001,0.00001,0.00001,0.00000,0.00000
22.363,2,22323.000,111520,192000,3999.667,120.0,8,6,2,0.00001,0.00001,0.00000,0.00000,0.00000
22.464,0,22445.000,117402,192000,3999.125,120.0,8,6,2,0.00001,0.00001,0.00001,0.00000,0.00000
22.464,1,22468.000,118479,192000,3999.688,120.0,8,6,2,0.00000,0.00000,0.00000,0.00000,0.00000
22.464,2,22423.000,116324,192000,3999.583,120.0,8,6,2,0.00001,0.00001,0.00000,0.00000,0.00000
22.564,0,22545.000,122206,192000,3999.042,120.0,8,6,2,0.00000,0.00000,0.00000,0.00000,0.00000
22.564,1,22568.000,123288,192000,3999.500,120.0,8,6,2,0.00000,0.00000,0.00000,0.00000,0.00000
22.564,2,22523.000,121124,192000,3999.583,120.0,8,6,2,0.00000,0.00000,0.00000,0.00000,0.00000
22.666,0,22647.000,127092,192000,3999.250,120.0,8,6,2,0.00000,0.00000,0.00000,0.00000,0.00000
22.666,1,22670.000,128179,192000,3999.604,120.0,8,6,2,0.00000,0.00000,0.00000,0.00000,0.00000
22.666,2,22625.000,126005,192000,3999.896,120.0,8,6,2,0.00000,0.00000,0.00000,0.00000,0.00000
22.767,0,22748.000,131947,192000,3999.104,120.0,8,6,2,0.00000,0.00000,0.00000,0.00000,0.00000
22.767,1,22771.000,133039,192000,3999.354,120.0,8,6,2,0.00000,0.00000,0.00000,0.00000,0.00000
22.767,2,22726.000,130855,192000,3999.854,120.0,8,6,2,0.00000,0.00000,0.00000,0.00000,0.00000
22.870,0,22852.000,136929,192000,3999.312,120.0,8,6,2,0.00000,0.00000,0.00000,0.00000,0.00000
22.870,1,22875.000,138025,192000,3999.479,120.0,8,6,2,0.00000,0.00000,0.00000,0.00000,0.00000
22.870,2,22829.000,135832,192000,3999.167,120.0,8,6,2,0.00000,0.00000,0.00000,0.00000,0.00000
22.971,0,22953.000,141768,192000,3999.500,120.0,8,6,2,0.00000,0.00000,0.00000,0.00000,0.00000
22.971,1,22976.000,142870,192000,3999.542,120.0,8,6,2,0.00000,0.00000,0.00000,0.00000,0.00000
22.971,2,22930.000,140667,192000,3999.438,120.0,8,6,2,0.00000,0.00000,0.00000,0.00000,0.00000
23.071,0,23053.000,146579,192000,3999.271,120.0,8,6,2,0.00000,0.00000,0.00000,0.00000,0.00000
23.071,1,23076.000,147685,192000,3999.229,120.0,8,6,2,0.00000,0.00000,0.00000,0.00000,0.00000
23.071,2,23030.000,145472,192000,3999.333,120.0,8,6,2,0.00000,0.00000,0.00000,0.00000,0.00000
23.172,0,23154.000,151427,192000,3999.271,120.0,8,6,2,0.00000,0.00000,0.00000,0.00000,0.00000
23.172,1,23177.000,152538,192000,3999.125,120.0,8,6,2,0.00000,0.00000,0.00000,0.00000,0.00000
23.172,2,23131.000,150315,192000,3999.438,120.0,8,6,2,0.00000,0.00000,0.00000,0.00000,0.00000
23.274,0,23256.000,156319,192000,3999.354,120.0,8,6,2,0.00000,0.00000,0.00000,0.00000,0.00000
23.274,1,23279.000,157435,192000,3999.104,120.0,8,6,2,0.00000,0.00000,0.00000,0.00000,0.00000
23.274,2,23233.000,155203,192000,3999.604,120.0,8,6,2,0.00000,0.00000,0.00000,0.00000,0.00000
23.374,0,23356.000,161120,192000,3999.333,120.0,8,6,2,0.00000,0.00000,0.00000,0.00000,0.00000
23.374,1,23380.000,162241,192000,3999.979,120.0,8,6,2,0.00000,0.00000,0.00000,0.00000,0.00000
23.374,2,23333.000,159999,192000,3999.688,120.0,8,6,2,0.00000,0.00000,0.00000,0.00000,0.00000
23.477,0,23458.000,166027,192000,3999.104,120.0,8,6,2,0.00000,0.00000,0.00000,0.00000,0.00000
23.477,1,23482.000,167153,192000,3999.646,120.0,8,6,2,0.00000,0.00000,0.00000,0.00000,0.00000
23.477,2,23435.000,164901,192000,3999.562,120.0,8,6,2,0.00000,0.00000,0.00000,0.00000,0.00000
23.579,0,23561.000,170938,192000,3999.792,120.0,8,6,2,0.00000,0.00000,0.00000,0.00000,0.00000
23.579,1,23584.000,172069,192000,3999.229,120.0,8,6,2,0.00000,0.00000,0.00000,0.00000,0.00000
23.579,2,23537.000,169807,192000,3999.354,120.0,8,6,2,0.00000,0.00000,0.00000,0.00000,0.00000
23.681,0,23662.000,175818,192000,3999.125,120.0,8,6,2,0.00000,0.00000,0.00000,0.00000,0.00000
23.681,1,23686.000,176954,192000,3999.458,120.0,8,6,2,0.00000,0.00000,0.00000,0.00000,0.00000
23.681,2,23639.000,174682,192000,3999.792,120.0,8,6,2,0.00000,0.00000,0.00000,0.00000,0.00000
23.783,0,23765.000,180753,192000,3999.312,120.0,8,6,2,0.00000,0.00000,0.00000,0.00000,0.00000
23.783,1,23789.000,181894,192000,3999.542,120.0,8,6,2,0.00000,0.00000,0.00000,0.00000,0.00000
23.783,2,23741.000,179612,192000,3999.083,120.0,8,6,2,0.00000,0.00000,0.00000,0.00000,0.00000
23.884,0,23866.000,185586,192000,3999.625,120.0,8,6,2,0.00000,0.00000,0.00000,0.00000,0.00000
23.884,1,23890.000,186732,192000,3999.750,120.0,8,6,2,0.00000,0.00000,0.00000,0.00000,0.00000
23.884,2,23842.000,184441,192000,3999.479,120.0,8,6,2,0.00000,0.00000,0.00000,0.00000,0.00000
23.984,0,23966.000,190401,192000,3999.312,120.0,8,6,2,0.00000,0.00000,0.00000,0.00000,0.00000
23.984,1,23990.000,191551,192000,3999.354,120.0,8,6,2,0.00000,0.00000,0.00000,0.00000,0.00000
23.984,2,23942.000,189251,192000,3999.271,120.0,8,6,2,0.00000,0.00000,0.00000,0.00000,0.00000
24.085,0,24066.000,3205,192000,3999.229,120.0,8,7,2,0.00000,0.00000,0.00000,0.00000,0.00000
24.085,1,24090.000,4360,192000,3999.167,120.0,8,7,2,0.00000,0.00000,0.00000,0.00000,0.00000
24.085,2,24042.000,2049,192000,3999.312,120.0,8,7,2,0.00000,0.00000,0.00000,0.00000,0.00000
24.186,0,24167.000,8051,192000,3999.271,120.0,8,7,2,0.00000,0.00000,0.00000,0.00000,0.00000
24.186,1,24191.000,9211,192000,3999.104,120.0,8,7,2,0.00000,0.00000,0.00000,0.00000,0.00000
24.186,2,24143.000,6891,192000,3999.438,120.0,8,7,2,0.00000,0.00000,0.00000,0.00000,0.00000
24.287,0,24269.000,12920,192000,3999.833,120.0,8,7,2,0.00000,0.00000,0.00000,0.00000,0.00000
24.287,1,24293.000,14085,192000,3999.562,120.0,8,7,2,0.00000,0.00000,0.00000,0.00000,0.00000
24.287,2,24244.000,11755,192000,3999.104,120.0,8,7,2,0.00000,0.00000,0.00000,0.00000,0.00000
24.390,0,24372.000,17866,192000,3999.792,120.0,8,7,2,0.00000,0.00000,0.00000,0.00000,0.00000
24.390,1,24396.000,19036,192000,3999.417,120.0,8,7,2,0.00000,0.00000,0.00000,0.00000,0.00000
24.390,2,24347.000,16696,192000,3999.167,120.0,8,7,2,0.00000,0.00000,0.00000,0.00000,0.00000
24.491,0,24473.000,22721,192000,3999.646,120.0,8,7,2,0.00000,0.00000,0.00000,0.00000,0.00000
24.491,1,24497.000,23896,192000,3999.167,120.0,8,7,2,0.00000,0.00000,0.00000,0.00000,0.00000
24.491,2,24448.000,21546,192000,3999.125,120.0,8,7,2,0.00000,0.00000,0.00000,0.00000,0.00000
24.592,0,24574.000,27575,192000,3999.521,120.0,8,7,2,0.00000,0.00000,0.00000,0.00000,0.00000
24.592,1,24599.000,28755,192000,3999.938,120.0,8,7,2,0.00000,0.00000,0.00000,0.00000,0.00000
24.592,2,24549.000,26396,192000,3999.083,120.0,8,7,2,0.00000,0.00000,0.00000,0.00000,0.00000
24.693,0,24675.000,32425,192000,3999.479,120.0,8,7,2,0.00000,0.00000,0.00000,0.00000,0.00000
24.693,1,24700.000,33610,192000,3999.792,120.0,8,7,2,0.00000,0.00000,0.00000,0.00000,0.00000
24.693,2,24650.000,31241,192000,3999.146,120.0,8,7,2,0.00000,0.00000,0.00000,0.00000,0.00000
24.796,0,24778.000,37354,192000,3999.792,120.0,8,7,2,0.00000,0.00000,0.00000,0.00000,0.00000
24.796,1,24802.000,38543,192000,3999.021,120.0,8,7,2,0.00000,0.00000,0.00000,0.00000,0.00000
24.796,2,24753.000,36165,192000,3999.562,120.0,8,7,2,0.00000,0.00000,0.00000,0.00000,0.00000
24.897,0,24879.000,42206,192000,3999.708,120.0,8,7,2,0.00000,0.00000,0.00000,0.00000,0.00000
24.897,1,24904.000,43400,192000,3999.833,120.0,8,7,2,0.00000,0.00000,0.00000,0.00000,0.00000
24.897,2,24854.000,41012,192000,3999.583,120.0,8,7,2,0.00000,0.00000,0.00000,0.00000,0.00000
24.998,0,24980.000,47075,192000,3999.271,120.0,8,7,2,0.00000,0.00000,0.00000,0.00000,0.00000
24.998,1,25005.000,48274,192000,3999.292,120.0,8,7,2,0.00000,0.00000,0.00000,0.00000,0.00000
24.998,2,24955.000,45875,192000,3999.271,120.0,8,7,2,0.00000,0.00000,0.00000,0.00000,0.00000
25.099,0,25081.000,51910,192000,3999.542,120.0,8,7,2,0.00000,0.00000,0.00000,0.00000,0.00000
25.099,1,25106.000,53114,192000,3999.458,120.0,8,7,2,0.00000,0.00000,0.00000,0.00000,0.00000
25.099,2,25056.000,50706,192000,3999.625,120.0,8,7,2,0.00000,0.00000,0.00000,0.00000,0.00000
25.202,0,25184.000,56834,192000,3999.958,120.0,8,7,2,0.00000,0.00000,0.00000,0.00000,0.00000
25.202,1,25209.000,58043,192000,3999.771,120.0,8,7,2,0.00000,0.00000,0.00000,0.00000,0.00000
25.202,2,25158.000,55625,192000,3999.146,120.0,8,7,2,0.00000,0.00000,0.00000,0.00000,0.00000
25.302,0,25284.000,61654,192000,3999.542,120.0,8,7,2,0.00000,0.00000,0.00000,0.00000,0.00000
25.302,1,25309.000,62868,192000,3999.250,120.0,8,7,2,0.00000,0.00000,0.00000,0.00000,0.00000
25.302,2,25259.000,60441,192000,3999.812,120.0,8,7,2,0.00000,0.00000,0.00000,0.00000,0.00000
25.403,0,25384.000,66474,192000,3999.125,120.0,8,7,2,0.00000,0.00000,0.00000,0.00000,0.00000
25.403,1,25410.000,67693,192000,3999.729,120.0,8,7,2,0.00000,0.00000,0.00000,0.00000,0.00000
25.403,2,25359.000,65256,192000,3999.500,120.0,8,7,2,0.00000,0.00000,0.00000,0.00000,0.00000
25.503,0,25485.000,71292,192000,3999.750,120.0,8,7,2,0.00000,0.00000,0.00000,0.00000,0.00000
25.503,1,25510.000,72515,192000,3999.271,120.0,8,7,2,0.00000,0.00000,0.00000,0.00000,0.00000
25.503,2,25459.000,70069,192000,3999.229,120.0,8,7,2,0.00000,0.00000,0.00000,0.00000,0.00000
25.605,0,25587.000,76203,192000,3999.438,120.0,8,7,2,0.00000,0.00000,0.00000,0.00000,0.00000
25.605,1,25613.000,77431,192000,3999.854,120.0,8,7,2,0.00000,0.00000,0.00000,0.00000,0.00000
25.605,2,25561.000,74975,192000,3999.021,120.0,8,7,2,0.00000,0.00000,0.00000,0.00000,0.00000
25.706,0,25688.000,81038,192000,3999.708,120.0,8,7,2,0.00000,0.00000,0.00000,0.00000,0.00000
25.706,1,25713.000,82271,192000,3999.021,120.0,8,7,2,0.00000,0.00000,0.00000,0.00000,0.00000
25.706,2,25662.000,79805,192000,3999.396,120.0,8,7,2,0.00000,0.00000,0.00000,0.00000,0.00000
25.809,0,25791.000,85971,192000,3999.938,120.0,8,7,2,0.00000,0.00000,0.00000,0.00000,0.00000
25.809,1,25816.000,87209,192000,3999.146,120.0,8,7,2,0.00000,0.00000,0.00000,0.00000,0.00000
25.809,2,25765.000,84733,192000,3999.729,120.0,8,7,2,0.00000,0.00000,0.00000,0.00000,0.00000
25.910,0,25892.000,90829,192000,3999.729,120.0,8,7,2,0.00000,0.00000,0.00000,0.00000,0.00000
25.910,1,25918.000,92071,192000,3999.854,120.0,8,7,2,0.00000,0.00000,0.00000,0.00000,0.00000
25.910,2,25866.000,89586,192000,3999.625,120.0,8,7,2,0.00000,0.00000,0.00000,0.00000,0.00000
26.012,0,25994.000,95727,192000,3999.688,120.0,8,7,2,0.00000,0.00000,0.00000,0.00000,0.00000
26.012,1,26020.000,96975,192000,3999.688,120.0,8,7,2,0.00000,0.00000,0.00000,0.00000,0.00000
26.012,2,25968.000,94479,192000,3999.688,120.0,8,7,2,0.00000,0.00000,0.00000,0.00000,0.00000
26.112,0,26094.000,100541,192000,3999.396,120.0,8,7,2,0.00000,0.00000,0.00000,0.00000,0.00000
26.112,1,26120.000,101793,192000,3999.312,120.0,8,7,2,0.00000,0.00000,0.00000,0.00000,0.00000
26.112,2,26068.000,99288,192000,3999.500,120.0,8,7,2,0.00000,0.00000,0.00000,0.00000,0.00000
26.213,0,26194.000,105354,192000,3999.125,120.0,8,7,2,0.00000,0.00000,0.00000,0.00000,0.00000
26.213,1,26221.000,106611,192000,3999.938,120.0,8,7,2,0.00000,0.00000,0.00000,0.00000,0.00000
26.213,2,26168.000,104096,192000,3999.333,120.0,8,7,2,0.00000,0.00000,0.00000,0.00000,0.00000
26.313,0,26294.000,110159,192000,3999.021,120.0,8,7,2,0.00000,0.00000,0.00000,0.00000,0.00000
26.313,1,26321.000,111421,192000,3999.729,120.0,8,7,2,0.00000,0.00000,0.00000,0.00000,0.00000
26.313,2,26268.000,108897,192000,3999.312,120.0,8,7,2,0.00000,0.00000,0.00000,0.00000,0.00000
26.414,0,26396.000,115016,192000,3999.833,120.0,8,7,2,0.00000,0.00000,0.00000,0.00000,0.00000
26.414,1,26422.000,116283,192000,3999.438,120.0,8,7,2,0.00000,0.00000,0.00000,0.00000,0.00000
26.414,2,26369.000,113749,192000,3999.229,120.0,8,7,2,0.00000,0.00000,0.00000,0.00000,0.00000
26.516,0,26498.000,119917,192000,3999.729,120.0,8,7,2,0.00000,0.00000,0.00000,0.00000,0.00000
26.516,1,26524.000,121189,192000,3999.229,120.0,8,7,2,0.00000,0.00000,0.00000,0.00000,0.00000
26.516,2,26471.000,118645,192000,3999.229,120.0,8,7,2,0.00000,0.00000,0.00000,0.00000,0.00000
26.618,0,26599.000,124799,192000,3999.021,120.0,8,7,2,0.00000,0.00000,0.00000,0.00000,0.00000
26.618,1,26626.000,126076,192000,3999.417,120.0,8,7,2,0.00000,0.00000,0.00000,0.00000,0.00000
26.618,2,26573.000,123523,192000,3999.604,120.0,8,7,2,0.00000,0.00000,0.00000,0.00000,0.00000
26.720,0,26702.000,129713,192000,3999.646,120.0,8,7,2,0.00000,0.00000,0.00000,0.00000,0.00000
26.720,1,26729.000,130995,192000,3999.938,120.0,8,7,2,0.00000,0.00000,0.00000,0.00000,0.00000
26.720,2,26675.000,128432,192000,3999.333,120.0,8,7,2,0.00000,0.00000,0.00000,0.00000,0.00000
26.823,0,26805.000,134659,192000,3999.604,120.0,8,7,2,0.00000,0.00000,0.00000,0.00000,0.00000
26.823,1,26832.000,135946,192000,3999.792,120.0,8,7,2,0.00000,0.00000,0.00000,0.00000,0.00000
26.823,2,26778.000,133372,192000,3999.417,120.0,8,7,2,0.00000,0.00000,0.00000,0.00000,0.00000
26.927,0,26908.000,139622,192000,3999.208,120.0,8,7,2,0.00000,0.00000,0.00000,0.00000,0.00000
26.927,1,26935.000,140913,192000,3999.312,120.0,8,7,2,0.00000,0.00000,0.00000,0.00000,0.00000
26.927,2,26881.000,138330,192000,3999.125,120.0,8,7,2,0.00000,0.00000,0.00000,0.00000,0.00000
27.028,0,27010.000,144503,192000,3999.521,120.0,8,7,2,0.00000,0.00000,0.00000,0.00000,0.00000
27.028,1,27037.000,145800,192000,3999.500,120.0,8,7,2,0.00000,0.00000,0.00000,0.00000,0.00000
27.028,2,26983.000,143207,192000,3999.521,120.0,8,7,2,0.00000,0.00000,0.00000,0.00000,0.00000
27.129,0,27110.000,149326,192000,3999.042,120.0,8,7,2,0.00000,0.00000,0.00000,0.00000,0.00000
27.129,1,27138.000,150628,192000,3999.917,120.0,8,7,2,0.00000,0.00000,0.00000,0.00000,0.00000
27.129,2,27083.000,148025,192000,3999.146,120.0,8,7,2,0.00000,0.00000,0.00000,0.00000,0.00000
27.230,0,27212.000,154200,192000,3999.500,120.0,8,7,2,0.00000,0.00000,0.00000,0.00000,0.00000
27.230,1,27239.000,155506,192000,3999.292,120.0,8,7,2,0.00000,0.00000,0.00000,0.00000,0.00000
27.230,2,27185.000,152894,192000,3999.708,120.0,8,7,2,0.00000,0.00000,0.00000,0.00000,0.00000
27.331,0,27313.000,159054,192000,3999.375,120.0,8,7,2,0.00000,0.00000,0.00000,0.00000,0.00000
27.331,1,27340.000,160365,192000,3999.062,120.0,8,7,2,0.00000,0.00000,0.00000,0.00000,0.00000
27.331,2,27286.000,157743,192000,3999.688,120.0,8,7,2,0.00000,0.00000,0.00000,0.00000,0.00000
27.434,0,27416.000,163985,192000,3999.646,120.0,8,7,2,0.00000,0.00000,0.00000,0.00000,0.00000
27.434,1,27443.000,165301,192000,3999.229,120.0,8,7,2,0.00000,0.00000,0.00000,0.00000,0.00000
27.434,2,27388.000,162669,192000,3999.062,120.0,8,7,2,0.00000,0.00000,0.00000,0.00000,0.00000
27.535,0,27517.000,168823,192000,3999.854,120.0,8,7,2,0.00000,0.00000,0.00000,0.00000,0.00000
27.535,1,27544.000,170143,192000,3999.354,120.0,8,7,2,0.00000,0.00000,0.00000,0.00000,0.00000
27.535,2,27489.000,167502,192000,3999.375,120.0,8,7,2,0.00000,0.00000,0.00000,0.00000,0.00000
27.636,0,27617.000,173655,192000,3999.188,120.0,8,7,2,0.00000,0.00000,0.00000,0.00000,0.00000
27.636,1,27645.000,174981,192000,3999.562,120.0,8,7,2,0.00000,0.00000,0.00000,0.00000,0.00000
27.636,2,27590.000,172329,192000,3999.812,120.0,8,7,2,0.00000,0.00000,0.00000,0.00000,0.00000
27.736,0,27718.000,178482,192000,3999.625,120.0,8,7,2,0.00000,0.00000,0.00000,0.00000,0.00000
27.736,1,27746.000,179813,192000,3999.896,120.0,8,7,2,0.00000,0.00000,0.00000,0.00000,0.00000
27.736,2,27690.000,177152,192000,3999.333,120.0,8,7,2,0.00000,0.00000,0.00000,0.00000,0.00000
27.839,0,27820.000,183397,192000,3999.229,120.0,8,7,2,0.00000,0.00000,0.00000,0.00000,0.00000
27.839,1,27848.000,184732,192000,3999.417,120.0,8,7,2,0.00000,0.00000,0.00000,0.00000,0.00000
27.839,2,27792.000,182062,192000,3999.042,120.0,8,7,2,0.00000,0.00000,0.00000,0.00000,0.00000
27.941,0,27922.000,188303,192000,3999.021,120.0,8,7,2,0.00000,0.00000,0.00000,0.00000,0.00000
27.941,1,27950.000,189643,192000,3999.104,120.0,8,7,2,0.00000,0.00000,0.00000,0.00000,0.00000
27.941,2,27895.000,186963,192000,3999.938,120.0,8,7,2,0.00000,0.00000,0.00000,0.00000,0.00000
28.043,0,28025.000,1210,192000,3999.792,120.0,8,8,2,0.00000,0.00000,0.00000,0.00000,0.00000
28.043,1,28053.000,2555,192000,3999.771,120.0,8,8,2,0.00000,0.00000,0.00000,0.00000,0.00000
28.043,2,27997.000,191865,192000,3999.812,120.0,8,7,2,0.00000,0.00000,0.00000,0.00000,0.00000
28.144,0,28126.000,6062,192000,3999.708,120.0,8,8,2,0.00000,0.00000,0.00000,0.00000,0.00000
28.144,1,28154.000,7412,192000,3999.583,120.0,8,8,2,0.00000,0.00000,0.00000,0.00000,0.00000
28.144,2,28098.000,4712,192000,3999.833,120.0,8,8,2,0.09158,0.00000,0.09158,0.00000,0.00000
28.246,0,28228.000,10966,192000,3999.542,120.0,8,8,2,0.00000,0.00000,0.00000,0.00000,0.00000
28.246,1,28256.000,12321,192000,3999.312,120.0,8,8,2,0.00000,0.00000,0.00000,0.00000,0.00000
28.246,2,28200.000,9611,192000,3999.771,120.0,8,8,2,0.05990,0.00000,0.05990,0.00000,0.00000
28.348,0,28330.000,15840,192000,0.000,120.0,8,8,2,0.00000,0.00000,0.00000,0.00000,0.00000
28.348,1,28358.000,17200,192000,3999.667,120.0,8,8,2,0.00000,0.00000,0.00000,0.00000,0.00000
28.348,2,28301.000,14481,192000,3999.312,120.0,8,8,2,0.03928,0.00000,0.03928,0.00000,0.00000
28.448,0,28430.000,20657,192000,3999.646,120.0,8,8,2,0.00000,0.00000,0.00000,0.00000,0.00000
28.448,1,28458.000,22021,192000,3999.229,120.0,8,8,2,0.00000,0.00000,0.00000,0.00000,0.00000
28.448,2,28401.000,19292,192000,3999.083,120.0,8,8,2,0.02589,0.00000,0.02589,0.00000,0.00000
28.549,0,28531.000,25506,192000,3999.625,120.0,8,8,2,0.00000,0.00000,0.00000,0.00000,0.00000
28.549,1,28559.000,26875,192000,3999.104,120.0,8,8,2,0.00000,0.00000,0.00000,0.00000,0.00000
28.549,2,28502.000,24136,192000,3999.167,120.0,8,8,2,0.01702,0.00000,0.01702,0.00000,0.00000
28.649,0,28631.000,30319,192000,3999.354,120.0,8,8,2,0.00000,0.00000,0.00000,0.00000,0.00000
28.649,1,28660.000,31693,192000,3999.729,120.0,8,8,2,0.00000,0.00000,0.00000,0.00000,0.00000
28.649,2,28603.000,28945,192000,3999.979,120.0,8,8,2,0.01122,0.00000,0.01122,0.00000,0.00000
28.751,0,28732.000,35173,192000,3999.229,120.0,8,8,2,0.00000,0.00000,0.00000,0.00000,0.00000
28.751,1,28761.000,36552,192000,3999.500,120.0,8,8,2,0.00000,0.00000,0.00000,0.00000,0.00000
28.751,2,28704.000,33794,192000,3999.958,120.0,8,8,2,0.00737,0.00000,0.00737,0.00000,0.00000
28.851,0,28832.000,39976,192000,3999.167,120.0,8,8,2,0.00000,0.00000,0.00000,0.00000,0.00000
28.851,1,28861.000,41360,192000,3999.333,120.0,8,8,2,0.00000,0.00000,0.00000,0.00000,0.00000
28.851,2,28804.000,38592,192000,0.000,120.0,8,8,2,0.00486,0.00000,0.00486,0.00000,0.00000
28.953,0,28934.000,44868,192000,3999.250,120.0,8,8,2,0.00000,0.00000,0.00000,0.00000,0.00000
28.953,1,28963.000,46256,192000,3999.333,120.0,8,8,2,0.00000,0.00000,0.00000,0.00000,0.00000
28.953,2,28905.000,43479,192000,3999.188,120.0,8,8,2,0.00318,0.00000,0.00318,0.00000,0.00000
29.054,0,29036.000,49758,192000,3999.375,120.0,8,8,2,0.00000,0.00000,0.00000,0.00000,0.00000
29.054,1,29065.000,51151,192000,3999.354,120.0,8,8,2,0.00000,0.00000,0.00000,0.00000,0.00000
29.054,2,29007.000,48364,192000,3999.417,120.0,8,8,2,0.00209,0.00000,0.00209,0.00000,0.00000
29.156,0,29137.000,54619,192000,3999.104,120.0,8,8,2,0.00000,0.00000,0.00000,0.00000,0.00000
29.156,1,29167.000,56018,192000,3999.958,120.0,8,8,2,0.00000,0.00000,0.00000,0.00000,0.00000
29.156,2,29108.000,53221,192000,3999.229,120.0,8,8,2,0.00137,0.00000,0.00137,0.00000,0.00000
29.258,0,29239.000,59519,192000,3999.021,120.0,8,8,2,0.00000,0.00000,0.00000,0.00000,0.00000
29.258,1,29269.000,60923,192000,3999.771,120.0,8,8,2,0.00000,0.00000,0.00000,0.00000,0.00000
29.258,2,29210.000,58116,192000,3999.250,120.0,8,8,2,0.00090,0.00000,0.00090,0.00000,0.00000
29.360,0,29342.000,64446,192000,3999.375,120.0,8,8,2,0.00000,0.00000,0.00000,0.00000,0.00000
29.360,1,29371.000,65854,192000,3999.042,120.0,8,8,2,0.00000,0.00000,0.00000,0.00000,0.00000
29.360,2,29313.000,63037,192000,3999.729,120.0,8,8,2,0.00058,0.00000,0.00058,0.00000,0.00000
29.463,0,29444.000,69359,192000,3999.021,120.0,8,8,2,0.00000,0.00000,0.00000,0.00000,0.00000
29.463,1,29474.000,70772,192000,3999.583,120.0,8,8,2,0.00000,0.00000,0.00000,0.00000,0.00000
29.463,2,29415.000,67945,192000,3999.479,120.0,8,8,2,0.00038,0.00000,0.00038,0.00000,0.00000
29.564,0,29545.000,74198,192000,3999.208,120.0,8,8,2,0.00000,0.00000,0.00000,0.00000,0.00000
29.564,1,29575.000,75616,192000,3999.667,120.0,8,8,2,0.00000,0.00000,0.00000,0.00000,0.00000
29.564,2,29516.000,72779,192000,3999.771,120.0,8,8,2,0.00025,0.00000,0.00025,0.00000,0.00000
29.664,0,29646.000,79013,192000,3999.896,120.0,8,8,2,0.00000,0.00000,0.00000,0.00000,0.00000
29.664,1,29675.000,80436,192000,3999.250,120.0,8,8,2,0.00000,0.00000,0.00000,0.00000,0.00000
29.664,2,29616.000,77590,192000,3999.542,120.0,8,8,2,0.00017,0.00000,0.00017,0.00000,0.00000
29.764,0,29746.000,83819,192000,3999.771,120.0,8,8,2,0.00000,0.00000,0.00000,0.00000,0.00000
29.764,1,29775.000,85247,192000,3999.021,120.0,8,8,2,0.00000,0.00000,0.00000,0.00000,0.00000
29.764,2,29716.000,82391,192000,3999.521,120.0,8,8,2,0.00011,0.00000,0.00011,0.00000,0.00000
29.864,0,29846.000,88637,192000,3999.396,120.0,8,8,2,0.00000,0.00000,0.00000,0.00000,0.00000
29.864,1,29876.000,90069,192000,3999.562,120.0,8,8,2,0.00000,0.00000,0.00000,0.00000,0.00000
29.864,2,29816.000,87204,192000,3999.250,120.0,8,8,2,0.00007,0.00000,0.00007,0.00000,0.00000
29.967,0,29948.000,93549,192000,3999.062,120.0,8,8,2,0.00000,0.00000,0.00000,0.00000,0.00000
29.967,1,29978.000,94986,192000,3999.125,120.0,8,8,2,0.00000,0.00000,0.00000,0.00000,0.00000
29.967,2,29918.000,92111,192000,3999.021,120.0,8,8,2,0.00005,0.00000,0.00005,0.00000,0.00000
30.068,0,30049.000,98398,192000,3999.042,120.0,8,8,2,0.00000,0.00000,0.00000,0.00000,0.00000
30.068,1,30080.000,99841,192000,3999.979,120.0,8,8,2,0.00000,0.00000,0.00000,0.00000,0.00000
30.068,2,30019.000,96956,192000,3999.083,120.0,8,8,2,0.00003,0.00000,0.00003,0.00000,0.00000
30.168,0,30150.000,103231,192000,3999.354,120.0,8,8,2,0.00000,0.00000,0.00000,0.00000,0.00000
30.168,1,30180.000,104678,192000,3999.208,120.0,8,8,2,0.00000,0.00000,0.00000,0.00000,0.00000
30.168,2,30120.000,101784,192000,3999.500,120.0,8,8,2,0.00002,0.00000,0.00002,0.00000,0.00000
30.271,0,30253.000,108168,192000,3999.500,120.0,8,8,2,0.00000,0.00000,0.00000,0.00000,0.00000
30.271,1,30283.000,109620,192000,3999.250,120.0,8,8,2,0.00000,0.00000,0.00000,0.00000,0.00000
30.271,2,30223.000,106716,192000,3999.750,120.0,8,8,2,0.00001,0.00000,0.00001,0.00000,0.00000
30.372,0,30354.000,113004,192000,3999.750,120.0,8,8,2,0.00000,0.00000,0.00000,0.00000,0.00000
30.372,1,30384.000,114461,192000,3999.396,120.0,8,8,2,0.00000,0.00000,0.00000,0.00000,0.00000
30.372,2,30323.000,111547,192000,3999.104,120.0,8,8,2,0.00001,0.00000,0.00001,0.00000,0.00000
30.474,0,30456.000,117897,192000,3999.812,120.0,8,8,2,0.00000,0.00000,0.00000,0.00000,0.00000
30.474,1,30486.000,119359,192000,3999.354,120.0,8,8,2,0.00000,0.00000,0.00000,0.00000,0.00000
30.474,2,30425.000,116435,192000,3999.271,120.0,8,8,2,0.00001,0.00000,0.00001,0.00000,0.00000
30.577,0,30559.000,122833,192000,3999.979,120.0,8,8,2,0.00000,0.00000,0.00000,0.00000,0.00000
30.577,1,30589.000,124300,192000,3999.417,120.0,8,8,2,0.00000,0.00000,0.00000,0.00000,0.00000
30.577,2,30528.000,121366,192000,3999.542,120.0,8,8,2,0.00000,0.00000,0.00000,0.00000,0.00000
30.679,0,30661.000,127763,192000,3999.271,120.0,8,8,2,0.00000,0.00000,0.00000,0.00000,0.00000
30.679,1,30692.000,129234,192000,3999.625,120.0,8,8,2,0.00000,0.00000,0.00000,0.00000,0.00000
30.679,2,30631.000,126291,192000,3999.938,120.0,8,8,2,0.00000,0.00000,0.00000,0.00000,0.00000
30.781,0,30762.000,132615,192000,3999.188,120.0,8,8,2,0.00000,0.00000,0.00000,0.00000,0.00000
30.781,1,30793.000,134092,192000,3999.417,120.0,8,8,2,0.00000,0.00000,0.00000,0.00000,0.00000
30.781,2,30732.000,131139,192000,3999.938,120.0,8,8,2,0.00000,0.00000,0.00000,0.00000,0.00000
30.883,0,30864.000,137508,192000,3999.250,120.0,8,8,2,0.00000,0.00000,0.00000,0.00000,0.00000
30.883,1,30895.000,138990,192000,3999.375,120.0,8,8,2,0.00000,0.00000,0.00000,0.00000,0.00000
30.883,2,30833.000,136027,192000,3999.104,120.0,8,8,2,0.00000,0.00000,0.00000,0.00000,0.00000
30.983,0,30964.000,142317,192000,3999.062,120.0,8,8,2,0.00000,0.00000,0.00000,0.00000,0.00000
30.983,1,30995.000,143803,192000,3999.104,120.0,8,8,2,0.00000,0.00000,0.00000,0.00000,0.00000
30.983,2,30933.000,140830,192000,3999.042,120.0,8,8,2,0.00000,0.00000,0.00000,0.00000,0.00000
31.085,0,31067.000,147244,192000,3999.417,120.0,8,8,2,0.00000,0.00000,0.00000,0.00000,0.00000
31.085,1,31098.000,148735,192000,3999.354,120.0,8,8,2,0.00000,0.00000,0.00000,0.00000,0.00000
31.085,2,31036.000,145753,192000,3999.479,120.0,8,8,2,0.00000,0.00000,0.00000,0.00000,0.00000
31.187,0,31169.000,152112,192000,0.000,120.0,8,8,2,0.00000,0.00000,0.00000,0.00000,0.00000
31.187,1,31200.000,153608,192000,3999.833,120.0,8,8,2,0.00000,0.00000,0.00000,0.00000,0.00000
31.187,2,31137.000,150616,192000,3999.167,120.0,8,8,2,0.00000,0.00000,0.00000,0.00000,0.00000
31.288,0,31269.000,156959,192000,3999.021,120.0,8,8,2,0.00000,0.00000,0.00000,0.00000,0.00000
31.288,1,31301.000,158460,192000,3999.750,120.0,8,8,2,0.00000,0.00000,0.00000,0.00000,0.00000
31.288,2,31238.000,155458,192000,3999.292,120.0,8,8,2,0.00000,0.00000,0.00000,0.00000,0.00000
31.388,0,31370.000,161776,192000,3999.667,120.0,8,8,2,0.00000,0.00000,0.00000,0.00000,0.00000
31.388,1,31401.000,163282,192000,3999.292,120.0,8,8,2,0.00000,0.00000,0.00000,0.00000,0.00000
31.388,2,31338.000,160270,192000,3999.042,120.0,8,8,2,0.00000,0.00000,0.00000,0.00000,0.00000
31.491,0,31473.000,166727,192000,3999.521,120.0,8,8,2,0.00000,0.00000,0.00000,0.00000,0.00000
31.491,1,31504.000,168238,192000,3999.042,120.0,8,8,2,0.00000,0.00000,0.00000,0.00000,0.00000
31.491,2,31442.000,165216,192000,0.000,120.0,8,8,2,0.00000,0.00000,0.00000,0.00000,0.00000
31.593,0,31575.000,171614,192000,3999.708,120.0,8,8,2,0.00000,0.00000,0.00000,0.00000,0.00000
31.593,1,31606.000,173129,192000,3999.146,120.0,8,8,2,0.00000,0.00000,0.00000,0.00000,0.00000
31.593,2,31543.000,170098,192000,3999.292,120.0,8,8,2,0.00000,0.00000,0.00000,0.00000,0.00000
31.693,0,31675.000,176425,192000,3999.479,120.0,8,8,2,0.00000,0.00000,0.00000,0.00000,0.00000
31.693,1,31707.000,177945,192000,3999.812,120.0,8,8,2,0.00000,0.00000,0.00000,0.00000,0.00000
31.693,2,31643.000,174904,192000,3999.167,120.0,8,8,2,0.00000,0.00000,0.00000,0.00000,0.00000
31.795,0,31777.000,181304,192000,3999.833,120.0,8,8,2,0.00000,0.00000,0.00000,0.00000,0.00000
31.795,1,31808.000,182829,192000,3999.062,120.0,8,8,2,0.00000,0.00000,0.00000,0.00000,0.00000
31.795,2,31745.000,179779,192000,3999.604,120.0,8,8,2,0.00000,0.00000,0.00000,0.00000,0.00000
31.898,0,31880.000,186262,192000,3999.542,120.0,8,8,2,0.00000,0.00000,0.00000,0.00000,0.00000
31.898,1,31912.000,187792,192000,3999.667,120.0,8,8,2,0.00000,0.00000,0.00000,0.00000,0.00000
31.898,2,31848.000,184732,192000,3999.417,120.0,8,8,2,0.00000,0.00000,0.00000,0.00000,0.00000
32.004,0,31986.000,191332,192000,3999.917,120.0,8,8,2,0.00000,0.00000,0.00000,0.00000,0.00000
32.004,1,32018.000,867,192000,3999.938,120.0,8,9,2,0.12215,0.12215,0.12059,0.00000,0.00000
32.004,2,31954.000,189796,192000,3999.917,120.0,8,8,2,0.00000,0.00000,0.00000,0.00000,0.00000
32.105,0,32087.000,4202,192000,3999.458,120.0,8,9,2,0.09579,0.09570,0.09579,0.00000,0.00000
32.105,1,32119.000,5742,192000,3999.375,120.0,8,9,2,0.08376,0.08376,0.08347,0.00000,0.00000
32.105,2,32055.000,2662,192000,3999.542,120.0,8,9,2,0.10888,0.10888,0.00000,0.00000,0.00000
32.206,0,32187.000,9022,192000,3999.042,120.0,8,9,2,0.06309,0.06303,0.06309,0.00000,0.00000
32.206,1,32220.000,10567,192000,3999.854,120.0,8,9,2,0.05514,0.05514,0.05495,0.00000,0.00000
32.206,2,32155.000,7477,192000,3999.229,120.0,8,9,2,0.07174,0.07174,0.00000,0.00000,0.00000
32.307,0,32288.000,13862,192000,3999.208,120.0,8,9,2,0.04148,0.04144,0.04148,0.00000,0.00000
32.307,1,32321.000,15412,192000,3999.917,120.0,8,9,2,0.03624,0.03624,0.03611,0.00000,0.00000
32.307,2,32256.000,12312,192000,3999.500,120.0,8,9,2,0.04719,0.04719,0.00000,0.00000,0.00000
32.407,0,32388.000,18669,192000,3999.062,120.0,8,9,2,0.02735,0.02732,0.02735,0.00000,0.00000
32.407,1,32421.000,20224,192000,3999.667,120.0,8,9,2,0.02388,0.02388,0.02380,0.00000,0.00000
32.407,2,32356.000,17114,192000,3999.458,120.0,8,9,2,0.03113,0.03113,0.00000,0.00000,0.00000
32.507,0,32489.000,23477,192000,3999.896,120.0,8,9,2,0.01803,0.01801,0.01803,0.00000,0.00000
32.507,1,32521.000,25037,192000,3999.396,120.0,8,9,2,0.01574,0.01574,0.01569,0.00000,0.00000
32.507,2,32456.000,21918,192000,3999.375,120.0,8,9,2,0.02053,0.02053,0.00000,0.00000,0.00000
32.609,0,32591.000,28376,192000,3999.833,120.0,8,9,2,0.01179,0.01178,0.01179,0.00000,0.00000
32.609,1,32623.000,29940,192000,3999.250,120.0,8,9,2,0.01029,0.01029,0.01026,0.00000,0.00000
32.609,2,32558.000,26811,192000,3999.438,120.0,8,9,2,0.01344,0.01344,0.00000,0.00000,0.00000
32.711,0,32693.000,33298,192000,3999.292,120.0,8,9,2,0.00770,0.00769,0.00770,0.00000,0.00000
32.711,1,32726.000,34868,192000,3999.583,120.0,8,9,2,0.00672,0.00672,0.00669,0.00000,0.00000
32.711,2,32661.000,31729,192000,3999.979,120.0,8,9,2,0.00877,0.00877,0.00000,0.00000,0.00000
32.813,0,32795.000,38167,192000,3999.854,120.0,8,9,2,0.00505,0.00504,0.00505,0.00000,0.00000
32.813,1,32827.000,39741,192000,3999.062,120.0,8,9,2,0.00440,0.00440,0.00439,0.00000,0.00000
32.813,2,32762.000,36593,192000,3999.646,120.0,8,9,2,0.00576,0.00576,0.00000,0.00000,0.00000
32.915,0,32897.000,43090,192000,3999.292,120.0,8,9,2,0.00330,0.00329,0.00330,0.00000,0.00000
32.915,1,32930.000,44669,192000,3999.396,120.0,8,9,2,0.00287,0.00287,0.00286,0.00000,0.00000
32.915,2,32864.000,41511,192000,3999.188,120.0,8,9,2,0.00376,0.00376,0.00000,0.00000,0.00000
33.019,0,33000.000,48040,192000,3999.167,120.0,8,9,2,0.00215,0.00214,0.00215,0.00000,0.00000
33.019,1,33033.000,49624,192000,3999.167,120.0,8,9,2,0.00187,0.00187,0.00186,0.00000,0.00000
33.019,2,32967.000,46456,192000,3999.167,120.0,8,9,2,0.00245,0.00245,0.00000,0.00000,0.00000
33.119,0,33101.000,52882,192000,3999.292,120.0,8,9,2,0.00141,0.00141,0.00141,0.00000,0.00000
33.119,1,33134.000,54471,192000,3999.188,120.0,8,9,2,0.00123,0.00123,0.00122,0.00000,0.00000
33.119,2,33068.000,51293,192000,3999.396,120.0,8,9,2,0.00161,0.00161,0.00000,0.00000,0.00000
33.221,0,33202.000,57738,192000,3999.125,120.0,8,9,2,0.00093,0.00093,0.00093,0.00000,0.00000
33.221,1,33236.000,59332,192000,3999.917,120.0,8,9,2,0.00081,0.00081,0.00080,0.00000,0.00000
33.221,2,33169.000,56144,192000,3999.333,120.0,8,9,2,0.00106,0.00106,0.00000,0.00000,0.00000
33.323,0,33305.000,62659,192000,3999.604,120.0,8,9,2,0.00060,0.00060,0.00060,0.00000,0.00000
33.323,1,33338.000,64257,192000,3999.312,120.0,8,9,2,0.00053,0.00053,0.00052,0.00000,0.00000
33.323,2,33272.000,61060,192000,3999.917,120.0,8,9,2,0.00069,0.00069,0.00000,0.00000,0.00000
33.426,0,33407.000,67575,192000,3999.188,120.0,8,9,2,0.00040,0.00039,0.00040,0.00000,0.00000
33.426,1,33441.000,69179,192000,3999.771,120.0,8,9,2,0.00034,0.00034,0.00034,0.00000,0.00000
33.426,2,33374.000,65972,192000,3999.583,120.0,8,9,2,0.00045,0.00045,0.00000,0.00000,0.00000
33.526,0,33507.000,72376,192000,3999.167,120.0,8,9,2,0.00026,0.00026,0.00026,0.00000,0.00000
33.526,1,33541.000,73984,192000,3999.667,120.0,8,9,2,0.00023,0.00023,0.00023,0.00000,0.00000
33.526,2,33474.000,70768,192000,3999.667,120.0,8,9,2,0.00030,0.00030,0.00000,0.00000,0.00000
33.628,0,33610.000,77299,192000,3999.604,120.0,8,9,2,0.00017,0.00017,0.00017,0.00000,0.00000
33.628,1,33644.000,78913,192000,3999.979,120.0,8,9,2,0.00015,0.00015,0.00015,0.00000,0.00000
33.628,2,33576.000,75686,192000,3999.208,120.0,8,9,2,0.00019,0.00019,0.00000,0.00000,0.00000
33.731,0,33713.000,82226,192000,3999.958,120.0,8,9,2,0.00011,0.00011,0.00011,0.00000,0.00000
33.731,1,33746.000,83844,192000,3999.250,120.0,8,9,2,0.00010,0.00010,0.00010,0.00000,0.00000
33.731,2,33679.000,80608,192000,3999.667,120.0,8,9,2,0.00013,0.00013,0.00000,0.00000,0.00000
33.832,0,33813.000,87065,192000,3999.146,120.0,8,9,2,0.00007,0.00007,0.00007,0.00000,0.00000
33.832,1,33847.000,88688,192000,3999.333,120.0,8,9,2,0.00006,0.00006,0.00006,0.00000,0.00000
33.832,2,33780.000,85442,192000,3999.958,120.0,8,9,2,0.00008,0.00008,0.00000,0.00000,0.00000
33.934,0,33916.000,91997,192000,3999.396,120.0,8,9,2,0.00005,0.00005,0.00005,0.00000,0.00000
33.934,1,33950.000,93625,192000,3999.479,120.0,8,9,2,0.00004,0.00004,0.00004,0.00000,0.00000
33.934,2,33882.000,90369,192000,3999.312,120.0,8,9,2,0.00005,0.00005,0.00000,0.00000,0.00000
34.036,0,34017.000,96856,192000,3999.167,120.0,8,9,2,0.00003,0.00003,0.00003,0.00000,0.00000
34.036,1,34051.000,98489,192000,3999.146,120.0,8,9,2,0.00003,0.00003,0.00003,0.00000,0.00000
34.036,2,33983.000,95223,192000,3999.188,120.0,8,9,2,0.00004,0.00004,0.00000,0.00000,0.00000
34.136,0,34118.000,101677,192000,3999.729,120.0,8,9,2,0.00002,0.00002,0.00002,0.00000,0.00000
34.136,1,34152.000,103315,192000,3999.604,120.0,8,9,2,0.00002,0.00002,0.00002,0.00000,0.00000
34.136,2,34084.000,100040,192000,3999.833,120.0,8,9,2,0.00002,0.00002,0.00000,0.00000,0.00000
34.237,0,34219.000,106539,192000,3999.438,120.0,8,9,2,0.00001,0.00001,0.00001,0.00000,0.00000
34.237,1,34253.000,108181,192000,3999.229,120.0,8,9,2,0.00001,0.00001,0.00001,0.00000,0.00000
34.237,2,34185.000,104896,192000,3999.667,120.0,8,9,2,0.00002,0.00002,0.00000,0.00000,0.00000
34.338,0,34320.000,111377,192000,3999.646,120.0,8,9,2,0.00001,0.00001,0.00001,0.00000,0.00000
34.338,1,34354.000,113025,192000,3999.312,120.0,8,9,2,0.00001,0.00001,0.00001,0.00000,0.00000
34.338,2,34286.000,109730,192000,3999.958,120.0,8,9,2,0.00001,0.00001,0.00000,0.00000,0.00000
34.439,0,34421.000,116208,192000,0.000,120.0,8,9,2,0.00001,0.00001,0.00001,0.00000,0.00000
34.439,1,34455.000,117860,192000,3999.583,120.0,8,9,2,0.00001,0.00001,0.00001,0.00000,0.00000
34.439,2,34386.000,114556,192000,3999.417,120.0,8,9,2,0.00001,0.00001,0.00000,0.00000,0.00000
34.539,0,34521.000,121029,192000,3999.562,120.0,8,9,2,0.00000,0.00000,0.00000,0.00000,0.00000
34.539,1,34555.000,122686,192000,3999.042,120.0,8,9,2,0.00000,0.00000,0.00000,0.00000,0.00000
34.539,2,34486.000,119372,192000,3999.083,120.0,8,9,2,0.00000,0.00000,0.00000,0.00000,0.00000
34.641,0,34622.000,125897,192000,3999.146,120.0,8,9,2,0.00000,0.00000,0.00000,0.00000,0.00000
34.641,1,34657.000,127559,192000,3999.521,120.0,8,9,2,0.00000,0.00000,0.00000,0.00000,0.00000
34.641,2,34588.000,124235,192000,3999.771,120.0,8,9,2,0.00000,0.00000,0.00000,0.00000,0.00000
34.741,0,34723.000,130731,192000,3999.438,120.0,8,9,2,0.00000,0.00000,0.00000,0.00000,0.00000
34.741,1,34758.000,132398,192000,3999.708,120.0,8,9,2,0.00000,0.00000,0.00000,0.00000,0.00000
34.741,2,34688.000,129065,192000,3999.146,120.0,8,9,2,0.00000,0.00000,0.00000,0.00000,0.00000
34.844,0,34826.000,135654,192000,3999.875,120.0,8,9,2,0.00000,0.00000,0.00000,0.00000,0.00000
34.844,1,34860.000,137326,192000,3999.042,120.0,8,9,2,0.00000,0.00000,0.00000,0.00000,0.00000
34.844,2,34791.000,133982,192000,3999.708,120.0,8,9,2,0.00000,0.00000,0.00000,0.00000,0.00000
34.944,0,34926.000,140476,192000,3999.417,120.0,8,9,2,0.00000,0.00000,0.00000,0.00000,0.00000
34.944,1,34961.000,142152,192000,3999.500,120.0,8,9,2,0.00000,0.00000,0.00000,0.00000,0.00000
34.944,2,34891.000,138800,192000,3999.333,120.0,8,9,2,0.00000,0.00000,0.00000,0.00000,0.00000
35.047,0,35028.000,145382,192000,3999.208,120.0,8,9,2,0.00000,0.00000,0.00000,0.00000,0.00000
35.047,1,35063.000,147063,192000,3999.188,120.0,8,9,2,0.00000,0.00000,0.00000,0.00000,0.00000
35.047,2,34993.000,143700,192000,3999.250,120.0,8,9,2,0.00000,0.00000,0.00000,0.00000,0.00000
35.147,0,35129.000,150211,192000,3999.604,120.0,8,9,2,0.00000,0.00000,0.00000,0.00000,0.00000
35.147,1,35164.000,151897,192000,3999.479,120.0,8,9,2,0.00000,0.00000,0.00000,0.00000,0.00000
35.147,2,35094.000,148525,192000,3999.729,120.0,8,9,2,0.00000,0.00000,0.00000,0.00000,0.00000
35.249,0,35231.000,155099,192000,3999.771,120.0,8,9,2,0.00000,0.00000,0.00000,0.00000,0.00000
35.249,1,35266.000,156790,192000,3999.542,120.0,8,9,2,0.00000,0.00000,0.00000,0.00000,0.00000
35.249,2,35196.000,153408,192000,0.000,120.0,8,9,2,0.00000,0.00000,0.00000,0.00000,0.00000
35.350,0,35332.000,159957,192000,3999.562,120.0,8,9,2,0.00000,0.00000,0.00000,0.00000,0.00000
35.350,1,35367.000,161653,192000,3999.229,120.0,8,9,2,0.00000,0.00000,0.00000,0.00000,0.00000
35.350,2,35297.000,158261,192000,3999.896,120.0,8,9,2,0.00000,0.00000,0.00000,0.00000,0.00000
35.451,0,35432.000,164778,192000,3999.125,120.0,8,9,2,0.00000,0.00000,0.00000,0.00000,0.00000
35.451,1,35468.000,166479,192000,3999.688,120.0,8,9,2,0.00000,0.00000,0.00000,0.00000,0.00000
35.451,2,35397.000,163077,192000,3999.562,120.0,8,9,2,0.00000,0.00000,0.00000,0.00000,0.00000
35.553,0,35534.000,169668,192000,3999.250,120.0,8,9,2,0.00000,0.00000,0.00000,0.00000,0.00000
35.553,1,35570.000,171373,192000,3999.729,120.0,8,9,2,0.00000,0.00000,0.00000,0.00000,0.00000
35.553,2,35499.000,167962,192000,3999.792,120.0,8,9,2,0.00000,0.00000,0.00000,0.00000,0.00000
35.654,0,35636.000,174543,192000,3999.688,120.0,8,9,2,0.00000,0.00000,0.00000,0.00000,0.00000
35.654,1,35671.000,176253,192000,3999.062,120.0,8,9,2,0.00000,0.00000,0.00000,0.00000,0.00000
35.654,2,35600.000,172832,192000,3999.333,120.0,8,9,2,0.00000,0.00000,0.00000,0.00000,0.00000
35.757,0,35738.000,179464,192000,3999.167,120.0,8,9,2,0.00000,0.00000,0.00000,0.00000,0.00000
35.757,1,35774.000,181179,192000,3999.438,120.0,8,9,2,0.00000,0.00000,0.00000,0.00000,0.00000
35.757,2,35703.000,177748,192000,3999.917,120.0,8,9,2,0.00000,0.00000,0.00000,0.00000,0.00000
35.857,0,35839.000,184275,192000,3999.938,120.0,8,9,2,0.00000,0.00000,0.00000,0.00000,0.00000
35.857,1,35874.000,185995,192000,3999.104,120.0,8,9,2,0.00000,0.00000,0.00000,0.00000,0.00000
35.857,2,35803.000,182554,192000,3999.792,120.0,8,9,2,0.00000,0.00000,0.00000,0.00000,0.00000
35.960,0,35941.000,189207,192000,3999.188,120.0,8,9,2,0.00000,0.00000,0.00000,0.00000,0.00000
35.960,1,35977.000,190933,192000,3999.229,120.0,8,9,2,0.00000,0.00000,0.00000,0.00000,0.00000
35.960,2,35905.000,187482,192000,3999.125,120.0,8,9,2,0.00000,0.00000,0.00000,0.00000,0.00000
36.063,0,36045.000,2173,192000,3999.729,120.0,8,10,2,0.00000,0.00000,0.00000,0.00000,0.00000
36.063,1,36081.000,3903,192000,3999.688,120.0,8,10,2,0.00000,0.00000,0.00000,0.00000,0.00000
36.063,2,36009.000,443,192000,3999.771,120.0,8,10,2,0.00000,0.00000,0.00000,0.00000,0.00000
36.166,0,36147.000,7102,192000,3999.042,120.0,8,10,2,0.00000,0.00000,0.00000,0.00000,0.00000
36.166,1,36184.000,8837,192000,3999.896,120.0,8,10,2,0.00000,0.00000,0.00000,0.00000,0.00000
36.166,2,36111.000,5367,192000,3999.188,120.0,8,10,2,0.00000,0.00000,0.00000,0.00000,0.00000
36.268,0,36250.000,12027,192000,3999.438,120.0,8,10,2,0.00000,0.00000,0.00000,0.00000,0.00000
36.268,1,36286.000,13767,192000,3999.188,120.0,8,10,2,0.00000,0.00000,0.00000,0.00000,0.00000
36.268,2,36214.000,10287,192000,3999.688,120.0,8,10,2,0.00000,0.00000,0.00000,0.00000,0.00000
36.371,0,36352.000,16933,192000,3999.229,120.0,8,10,2,0.00000,0.00000,0.00000,0.00000,0.00000
36.371,1,36389.000,18678,192000,3999.875,120.0,8,10,2,0.00000,0.00000,0.00000,0.00000,0.00000
36.371,2,36316.000,15188,192000,3999.583,120.0,8,10,2,0.00000,0.00000,0.00000,0.00000,0.00000
36.473,0,36455.000,21865,192000,3999.479,120.0,8,10,2,0.00000,0.00000,0.00000,0.00000,0.00000
36.473,1,36491.000,23615,192000,3999.021,120.0,8,10,2,0.00000,0.00000,0.00000,0.00000,0.00000
36.473,2,36419.000,20115,192000,3999.938,120.0,8,10,2,0.00000,0.00000,0.00000,0.00000,0.00000
36.575,0,36557.000,26752,192000,3999.667,120.0,8,10,2,0.00000,0.00000,0.00000,0.00000,0.00000
36.575,1,36593.000,28507,192000,3999.104,120.0,8,10,2,0.00000,0.00000,0.00000,0.00000,0.00000
36.575,2,36520.000,24997,192000,3999.229,120.0,8,10,2,0.00000,0.00000,0.00000,0.00000,0.00000
36.677,0,36659.000,31663,192000,3999.354,120.0,8,10,2,0.00000,0.00000,0.00000,0.00000,0.00000
36.677,1,36696.000,33422,192000,3999.708,120.0,8,10,2,0.00000,0.00000,0.00000,0.00000,0.00000
36.677,2,36622.000,29903,192000,3999.021,120.0,8,10,2,0.00000,0.00000,0.00000,0.00000,0.00000
36.780,0,36762.000,36582,192000,3999.875,120.0,8,10,2,0.00000,0.00000,0.00000,0.00000,0.00000
36.780,1,36798.000,38346,192000,3999.125,120.0,8,10,2,0.00000,0.00000,0.00000,0.00000,0.00000
36.780,2,36725.000,34817,192000,3999.646,120.0,8,10,2,0.00000,0.00000,0.00000,0.00000,0.00000
36.883,0,36864.000,41509,192000,3999.229,120.0,8,10,2,0.00000,0.00000,0.00000,0.00000,0.00000
36.883,1,36901.000,43279,192000,3999.354,120.0,8,10,2,0.00000,0.00000,0.00000,0.00000,0.00000
36.883,2,36827.000,39740,192000,3999.083,120.0,8,10,2,0.00000,0.00000,0.00000,0.00000,0.00000
36.984,0,36966.000,46375,192000,3999.854,120.0,8,10,2,0.00000,0.00000,0.00000,0.00000,0.00000
36.984,1,37003.000,48149,192000,3999.896,120.0,8,10,2,0.00000,0.00000,0.00000,0.00000,0.00000
36.984,2,36929.000,44600,192000,3999.833,120.0,8,10,2,0.00000,0.00000,0.00000,0.00000,0.00000
37.086,0,37068.000,51266,192000,3999.958,120.0,8,10,2,0.00000,0.00000,0.00000,0.00000,0.00000
37.086,1,37105.000,53045,192000,3999.896,120.0,8,10,2,0.00000,0.00000,0.00000,0.00000,0.00000
37.086,2,37030.000,49486,192000,3999.042,120.0,8,10,2,0.00000,0.00000,0.00000,0.00000,0.00000
37.188,0,37170.000,56174,192000,3999.708,120.0,8,10,2,0.00000,0.00000,0.00000,0.00000,0.00000
37.188,1,37207.000,57958,192000,3999.542,120.0,8,10,2,0.00000,0.00000,0.00000,0.00000,0.00000
37.188,2,37133.000,54389,192000,3999.896,120.0,8,10,2,0.00000,0.00000,0.00000,0.00000,0.00000
37.290,0,37272.000,61089,192000,3999.312,120.0,8,10,2,0.00000,0.00000,0.00000,0.00000,0.00000
37.290,1,37309.000,62878,192000,3999.042,120.0,8,10,2,0.00000,0.00000,0.00000,0.00000,0.00000
37.290,2,37235.000,59300,192000,3999.583,120.0,8,10,2,0.00000,0.00000,0.00000,0.00000,0.00000
37.393,0,37374.000,65994,192000,3999.125,120.0,8,10,2,0.00000,0.00000,0.00000,0.00000,0.00000
37.393,1,37412.000,67788,192000,3999.750,120.0,8,10,2,0.00000,0.00000,0.00000,0.00000,0.00000
37.393,2,37337.000,64200,192000,3999.500,120.0,8,10,2,0.00000,0.00000,0.00000,0.00000,0.00000
37.494,0,37476.000,70860,192000,3999.750,120.0,8,10,2,0.00000,0.00000,0.00000,0.00000,0.00000
37.494,1,37513.000,72658,192000,3999.292,120.0,8,10,2,0.00000,0.00000,0.00000,0.00000,0.00000
37.494,2,37438.000,69061,192000,3999.229,120.0,8,10,2,0.00000,0.00000,0.00000,0.00000,0.00000
37.596,0,37578.000,75773,192000,3999.396,120.0,8,10,2,0.00000,0.00000,0.00000,0.00000,0.00000
37.596,1,37616.000,77577,192000,3999.812,120.0,8,10,2,0.00000,0.00000,0.00000,0.00000,0.00000
37.596,2,37541.000,73970,192000,3999.958,120.0,8,10,2,0.00000,0.00000,0.00000,0.00000,0.00000
37.697,0,37679.000,80599,192000,3999.854,120.0,8,10,2,0.00000,0.00000,0.00000,0.00000,0.00000
37.697,1,37716.000,82408,192000,3999.167,120.0,8,10,2,0.00000,0.00000,0.00000,0.00000,0.00000
37.697,2,37641.000,78791,192000,3999.521,120.0,8,10,2,0.00000,0.00000,0.00000,0.00000,0.00000
37.800,0,37781.000,85527,192000,3999.188,120.0,8,10,2,0.00000,0.00000,0.00000,0.00000,0.00000
37.800,1,37819.000,87341,192000,3999.396,120.0,8,10,2,0.00000,0.00000,0.00000,0.00000,0.00000
37.800,2,37744.000,83714,192000,3999.958,120.0,8,10,2,0.00000,0.00000,0.00000,0.00000,0.00000
37.901,0,37882.000,90379,192000,3999.104,120.0,8,10,2,0.00000,0.00000,0.00000,0.00000,0.00000
37.901,1,37920.000,92197,192000,3999.229,120.0,8,10,2,0.00000,0.00000,0.00000,0.00000,0.00000
37.901,2,37845.000,88561,192000,3999.979,120.0,8,10,2,0.00000,0.00000,0.00000,0.00000,0.00000
38.003,0,37985.000,95309,192000,3999.396,120.0,8,10,2,0.00000,0.00000,0.00000,0.00000,0.00000
38.003,1,38023.000,97132,192000,3999.417,120.0,8,10,2,0.00000,0.00000,0.00000,0.00000,0.00000
38.003,2,37947.000,93486,192000,3999.375,120.0,8,10,2,0.00000,0.00000,0.00000,0.00000,0.00000
38.106,0,38087.000,100217,192000,3999.146,120.0,8,10,2,0.00000,0.00000,0.00000,0.00000,0.00000
38.106,1,38125.000,102045,192000,3999.062,120.0,8,10,2,0.00000,0.00000,0.00000,0.00000,0.00000
38.106,2,38049.000,98389,192000,3999.229,120.0,8,10,2,0.00000,0.00000,0.00000,0.00000,0.00000
38.208,0,38189.000,105117,192000,3999.062,120.0,8,10,2,0.00000,0.00000,0.00000,0.00000,0.00000
38.208,1,38228.000,106950,192000,3999.875,120.0,8,10,2,0.00000,0.00000,0.00000,0.00000,0.00000
38.208,2,38151.000,103284,192000,3999.250,120.0,8,10,2,0.00000,0.00000,0.00000,0.00000,0.00000
38.310,0,38292.000,110028,192000,3999.750,120.0,8,10,2,0.00000,0.00000,0.00000,0.00000,0.00000
38.310,1,38330.000,111866,192000,3999.458,120.0,8,10,2,0.00000,0.00000,0.00000,0.00000,0.00000
38.310,2,38253.000,108190,192000,3999.042,120.0,8,10,2,0.00000,0.00000,0.00000,0.00000,0.00000
38.410,0,38392.000,114835,192000,3999.604,120.0,8,10,2,0.00000,0.00000,0.00000,0.00000,0.00000
38.410,1,38430.000,116677,192000,3999.229,120.0,8,10,2,0.00000,0.00000,0.00000,0.00000,0.00000
38.410,2,38354.000,112992,192000,0.000,120.0,8,10,2,0.00000,0.00000,0.00000,0.00000,0.00000
38.511,0,38493.000,119684,192000,3999.583,120.0,8,10,2,0.00000,0.00000,0.00000,0.00000,0.00000
38.511,1,38531.000,121532,192000,3999.083,120.0,8,10,2,0.00000,0.00000,0.00000,0.00000,0.00000
38.511,2,38454.000,117836,192000,3999.083,120.0,8,10,2,0.00000,0.00000,0.00000,0.00000,0.00000
38.611,0,38593.000,124489,192000,3999.479,120.0,8,10,2,0.00000,0.00000,0.00000,0.00000,0.00000
38.611,1,38632.000,126342,192000,3999.875,120.0,8,10,2,0.00000,0.00000,0.00000,0.00000,0.00000
38.611,2,38554.000,122637,192000,3999.062,120.0,8,10,2,0.00000,0.00000,0.00000,0.00000,0.00000
38.712,0,38693.000,129306,192000,3999.125,120.0,8,10,2,0.00000,0.00000,0.00000,0.00000,0.00000
38.712,1,38732.000,131164,192000,3999.417,120.0,8,10,2,0.00000,0.00000,0.00000,0.00000,0.00000
38.712,2,38655.000,127449,192000,3999.812,120.0,8,10,2,0.00000,0.00000,0.00000,0.00000,0.00000
38.814,0,38796.000,134225,192000,3999.646,120.0,8,10,2,0.00000,0.00000,0.00000,0.00000,0.00000
38.814,1,38835.000,136087,192000,3999.854,120.0,8,10,2,0.00000,0.00000,0.00000,0.00000,0.00000
38.814,2,38757.000,132363,192000,3999.438,120.0,8,10,2,0.00000,0.00000,0.00000,0.00000,0.00000
38.917,0,38899.000,139181,192000,3999.396,120.0,8,10,2,0.00000,0.00000,0.00000,0.00000,0.00000
38.917,1,38938.000,141048,192000,3999.500,120.0,8,10,2,0.00000,0.00000,0.00000,0.00000,0.00000
38.917,2,38860.000,137313,192000,3999.312,120.0,8,10,2,0.00000,0.00000,0.00000,0.00000,0.00000
39.019,0,39001.000,144063,192000,3999.688,120.0,8,10,2,0.00000,0.00000,0.00000,0.00000,0.00000
39.019,1,39040.000,145935,192000,3999.688,120.0,8,10,2,0.00000,0.00000,0.00000,0.00000,0.00000
39.019,2,38962.000,142191,192000,3999.688,120.0,8,10,2,0.00000,0.00000,0.00000,0.00000,0.00000
39.121,0,39103.000,148949,192000,3999.896,120.0,8,10,2,0.00000,0.00000,0.00000,0.00000,0.00000
39.121,1,39142.000,150826,192000,3999.792,120.0,8,10,2,0.00000,0.00000,0.00000,0.00000,0.00000
39.121,2,39064.000,147072,192000,0.000,120.0,8,10,2,0.00000,0.00000,0.00000,0.00000,0.00000
39.222,0,39204.000,153797,192000,3999.896,120.0,8,10,2,0.00000,0.00000,0.00000,0.00000,0.00000
39.222,1,39243.000,155679,192000,3999.688,120.0,8,10,2,0.00000,0.00000,0.00000,0.00000,0.00000
39.222,2,39164.000,151915,192000,3999.104,120.0,8,10,2,0.00000,0.00000,0.00000,0.00000,0.00000
39.323,0,39304.000,158628,192000,3999.250,120.0,8,10,2,0.00000,0.00000,0.00000,0.00000,0.00000
39.323,1,39344.000,160515,192000,3999.938,120.0,8,10,2,0.00000,0.00000,0.00000,0.00000,0.00000
39.323,2,39265.000,156742,192000,3999.542,120.0,8,10,2,0.00000,0.00000,0.00000,0.00000,0.00000
39.423,0,39405.000,163461,192000,3999.562,120.0,8,10,2,0.00000,0.00000,0.00000,0.00000,0.00000
39.423,1,39444.000,165353,192000,3999.146,120.0,8,10,2,0.00000,0.00000,0.00000,0.00000,0.00000
39.423,2,39366.000,161570,192000,3999.958,120.0,8,10,2,0.00000,0.00000,0.00000,0.00000,0.00000
39.524,0,39506.000,168298,192000,3999.792,120.0,8,10,2,0.00000,0.00000,0.00000,0.00000,0.00000
39.524,1,39545.000,170194,192000,3999.292,120.0,8,10,2,0.00000,0.00000,0.00000,0.00000,0.00000
39.524,2,39466.000,166402,192000,3999.292,120.0,8,10,2,0.00000,0.00000,0.00000,0.00000,0.00000
39.625,0,39607.000,173169,192000,3999.312,120.0,8,10,2,0.00000,0.00000,0.00000,0.00000,0.00000
39.625,1,39647.000,175071,192000,3999.688,120.0,8,10,2,0.00000,0.00000,0.00000,0.00000,0.00000
39.625,2,39568.000,171268,192000,3999.917,120.0,8,10,2,0.00000,0.00000,0.00000,0.00000,0.00000
39.726,0,39708.000,177993,192000,3999.812,120.0,8,10,2,0.00000,0.00000,0.00000,0.00000,0.00000
39.726,1,39747.000,179899,192000,3999.104,120.0,8,10,2,0.00000,0.00000,0.00000,0.00000,0.00000
39.726,2,39668.000,176087,192000,3999.521,120.0,8,10,2,0.00000,0.00000,0.00000,0.00000,0.00000
39.828,0,39809.000,182874,192000,3999.125,120.0,8,10,2,0.00000,0.00000,0.00000,0.00000,0.00000
39.828,1,39849.000,184784,192000,3999.333,120.0,8,10,2,0.00000,0.00000,0.00000,0.00000,0.00000
39.828,2,39770.000,180963,192000,3999.938,120.0,8,10,2,0.00000,0.00000,0.00000,0.00000,0.00000
39.929,0,39911.000,187734,192000,3999.875,120.0,8,10,2,0.00000,0.00000,0.00000,0.00000,0.00000
39.929,1,39951.000,189649,192000,3999.979,120.0,8,10,2,0.00000,0.00000,0.00000,0.00000,0.00000
39.929,2,39871.000,185818,192000,3999.792,120.0,8,10,2,0.00000,0.00000,0.00000,0.00000,0.00000
40.033,0,40015.000,741,192000,3999.562,120.0,8,11,2,0.00000,0.00000,0.00000,0.00000,0.00000
40.033,1,40055.000,2662,192000,3999.542,120.0,8,11,2,0.00000,0.00000,0.00000,0.00000,0.00000
40.033,2,39975.000,190820,192000,3999.583,120.0,8,10,2,0.00000,0.00000,0.00000,0.00000,0.00000
40.134,0,40115.000,5561,192000,3999.146,120.0,8,11,2,0.00000,0.00000,0.00000,0.00000,0.00000
40.134,1,40155.000,7487,192000,3999.021,120.0,8,11,2,0.00000,0.00000,0.00000,0.00000,0.00000
40.134,2,40075.000,3636,192000,3999.250,120.0,8,11,2,0.10047,0.00000,0.10047,0.00000,0.00000
40.234,0,40216.000,10372,192000,3999.917,120.0,8,11,2,0.00000,0.00000,0.00000,0.00000,0.00000
40.234,1,40256.000,12302,192000,3999.708,120.0,8,11,2,0.00000,0.00000,0.00000,0.00000,0.00000
40.234,2,40175.000,8441,192000,3999.146,120.0,8,11,2,0.06626,0.00000,0.06626,0.00000,0.00000
40.334,0,40316.000,15202,192000,3999.292,120.0,8,11,2,0.00000,0.00000,0.00000,0.00000,0.00000
40.334,1,40357.000,17137,192000,3999.979,120.0,8,11,2,0.00000,0.00000,0.00000,0.00000,0.00000
40.334,2,40276.000,13267,192000,3999.604,120.0,8,11,2,0.04362,0.00000,0.04362,0.00000,0.00000
40.435,0,40417.000,20017,192000,3999.979,120.0,8,11,2,0.00000,0.00000,0.00000,0.00000,0.00000
40.435,1,40457.000,21957,192000,3999.562,120.0,8,11,2,0.00000,0.00000,0.00000,0.00000,0.00000
40.435,2,40376.000,18077,192000,3999.396,120.0,8,11,2,0.02875,0.00000,0.02875,0.00000,0.00000
40.536,0,40518.000,24867,192000,3999.938,120.0,8,11,2,0.00000,0.00000,0.00000,0.00000,0.00000
40.536,1,40558.000,26812,192000,3999.417,120.0,8,11,2,0.00000,0.00000,0.00000,0.00000,0.00000
40.536,2,40477.000,22922,192000,3999.458,120.0,8,11,2,0.01890,0.00000,0.01890,0.00000,0.00000
40.637,0,40619.000,29713,192000,3999.979,120.0,8,11,2,0.00000,0.00000,0.00000,0.00000,0.00000
40.637,1,40659.000,31663,192000,3999.354,120.0,8,11,2,0.00000,0.00000,0.00000,0.00000,0.00000
40.637,2,40578.000,27763,192000,3999.604,120.0,8,11,2,0.01242,0.00000,0.01242,0.00000,0.00000
40.738,0,40719.000,34555,192000,3999.104,120.0,8,11,2,0.00000,0.00000,0.00000,0.00000,0.00000
40.738,1,40760.000,36510,192000,3999.375,120.0,8,11,2,0.00000,0.00000,0.00000,0.00000,0.00000
40.738,2,40679.000,32601,192000,3999.812,120.0,8,11,2,0.00817,0.00000,0.00817,0.00000,0.00000
40.840,0,40822.000,39471,192000,3999.688,120.0,8,11,2,0.00000,0.00000,0.00000,0.00000,0.00000
40.840,1,40863.000,41430,192000,3999.875,120.0,8,11,2,0.00000,0.00000,0.00000,0.00000,0.00000
40.840,2,40781.000,37511,192000,3999.521,120.0,8,11,2,0.00534,0.00000,0.00534,0.00000,0.00000
40.940,0,40922.000,44273,192000,3999.646,120.0,8,11,2,0.00000,0.00000,0.00000,0.00000,0.00000
40.940,1,40963.000,46238,192000,3999.708,120.0,8,11,2,0.00000,0.00000,0.00000,0.00000,0.00000
40.940,2,40881.000,42309,192000,3999.562,120.0,8,11,2,0.00352,0.00000,0.00352,0.00000,0.00000
41.041,0,41023.000,49105,192000,3999.979,120.0,8,11,2,0.00000,0.00000,0.00000,0.00000,0.00000
41.041,1,41064.000,51074,192000,3999.958,120.0,8,11,2,0.00000,0.00000,0.00000,0.00000,0.00000
41.041,2,40982.000,47136,192000,0.000,120.0,8,11,2,0.00232,0.00000,0.00232,0.00000,0.00000
41.143,0,41125.000,54027,192000,3999.438,120.0,8,11,2,0.00000,0.00000,0.00000,0.00000,0.00000
41.143,1,41166.000,56001,192000,3999.312,120.0,8,11,2,0.00000,0.00000,0.00000,0.00000,0.00000
41.143,2,41084.000,52053,192000,3999.562,120.0,8,11,2,0.00151,0.00000,0.00151,0.00000,0.00000
41.244,0,41226.000,58873,192000,3999.479,120.0,8,11,2,0.00000,0.00000,0.00000,0.00000,0.00000
41.244,1,41267.000,60852,192000,3999.250,120.0,8,11,2,0.00000,0.00000,0.00000,0.00000,0.00000
41.244,2,41185.000,56895,192000,3999.688,120.0,8,11,2,0.00100,0.00000,0.00100,0.00000,0.00000
41.345,0,41327.000,63729,192000,3999.312,120.0,8,11,2,0.00000,0.00000,0.00000,0.00000,0.00000
41.345,1,41369.000,65713,192000,3999.979,120.0,8,11,2,0.00000,0.00000,0.00000,0.00000,0.00000
41.345,2,41286.000,61745,192000,3999.646,120.0,8,11,2,0.00065,0.00000,0.00065,0.00000,0.00000
41.447,0,41429.000,68605,192000,3999.729,120.0,8,11,2,0.00000,0.00000,0.00000,0.00000,0.00000
41.447,1,41470.000,70593,192000,3999.312,120.0,8,11,2,0.00000,0.00000,0.00000,0.00000,0.00000
41.447,2,41387.000,66616,192000,3999.167,120.0,8,11,2,0.00043,0.00000,0.00043,0.00000,0.00000
41.548,0,41530.000,73471,192000,3999.354,120.0,8,11,2,0.00000,0.00000,0.00000,0.00000,0.00000
41.548,1,41572.000,75464,192000,3999.833,120.0,8,11,2,0.00000,0.00000,0.00000,0.00000,0.00000
41.548,2,41489.000,71477,192000,3999.896,120.0,8,11,2,0.00028,0.00000,0.00028,0.00000,0.00000
41.651,0,41632.000,78376,192000,3999.167,120.0,8,11,2,0.00000,0.00000,0.00000,0.00000,0.00000
41.651,1,41674.000,80375,192000,3999.521,120.0,8,11,2,0.00000,0.00000,0.00000,0.00000,0.00000
41.651,2,41591.000,76378,192000,3999.792,120.0,8,11,2,0.00018,0.00000,0.00018,0.00000,0.00000
41.754,0,41736.000,83328,192000,0.000,120.0,8,11,2,0.00000,0.00000,0.00000,0.00000,0.00000
41.754,1,41777.000,85331,192000,3999.271,120.0,8,11,2,0.00000,0.00000,0.00000,0.00000,0.00000
41.754,2,41694.000,81325,192000,3999.729,120.0,8,11,2,0.00012,0.00000,0.00012,0.00000,0.00000
41.854,0,41836.000,88159,192000,3999.354,120.0,8,11,2,0.00000,0.00000,0.00000,0.00000,0.00000
41.854,1,41878.000,90167,192000,3999.521,120.0,8,11,2,0.00000,0.00000,0.00000,0.00000,0.00000
41.854,2,41794.000,86151,192000,3999.188,120.0,8,11,2,0.00008,0.00000,0.00008,0.00000,0.00000
41.957,0,41939.000,93094,192000,3999.542,120.0,8,11,2,0.00000,0.00000,0.00000,0.00000,0.00000
41.957,1,41981.000,95107,192000,3999.604,120.0,8,11,2,0.00000,0.00000,0.00000,0.00000,0.00000
41.957,2,41897.000,91081,192000,3999.479,120.0,8,11,2,0.00005,0.00000,0.00005,0.00000,0.00000
42.060,0,42042.000,98049,192000,3999.312,120.0,8,11,2,0.00000,0.00000,0.00000,0.00000,0.00000
42.060,1,42084.000,100067,192000,3999.271,120.0,8,11,2,0.00000,0.00000,0.00000,0.00000,0.00000
42.060,2,42000.000,96031,192000,3999.354,120.0,8,11,2,0.00003,0.00000,0.00003,0.00000,0.00000
42.162,0,42144.000,102939,192000,3999.438,120.0,8,11,2,0.00000,0.00000,0.00000,0.00000,0.00000
42.162,1,42186.000,104962,192000,3999.292,120.0,8,11,2,0.00000,0.00000,0.00000,0.00000,0.00000
42.162,2,42102.000,100916,192000,3999.583,120.0,8,11,2,0.00002,0.00000,0.00002,0.00000,0.00000
42.266,0,42248.000,107912,192000,3999.833,120.0,8,11,2,0.00000,0.00000,0.00000,0.00000,0.00000
42.266,1,42290.000,109940,192000,3999.583,120.0,8,11,2,0.00000,0.00000,0.00000,0.00000,0.00000
42.266,2,42205.000,105884,192000,3999.083,120.0,8,11,2,0.00001,0.00000,0.00001,0.00000,0.00000
42.368,0,42350.000,112800,192000,0.000,120.0,8,11,2,0.00000,0.00000,0.00000,0.00000,0.00000
42.368,1,42392.000,114833,192000,3999.646,120.0,8,11,2,0.00000,0.00000,0.00000,0.00000,0.00000
42.368,2,42307.000,110768,192000,3999.333,120.0,8,11,2,0.00001,0.00000,0.00001,0.00000,0.00000
42.468,0,42450.000,117619,192000,3999.604,120.0,8,11,2,0.00000,0.00000,0.00000,0.00000,0.00000
42.468,1,42492.000,119657,192000,3999.146,120.0,8,11,2,0.00000,0.00000,0.00000,0.00000,0.00000
42.468,2,42407.000,115582,192000,3999.042,120.0,8,11,2,0.00001,0.00000,0.00001,0.00000,0.00000
42.570,0,42551.000,122492,192000,3999.083,120.0,8,11,2,0.00000,0.00000,0.00000,0.00000,0.00000
42.570,1,42594.000,124535,192000,3999.521,120.0,8,11,2,0.00000,0.00000,0.00000,0.00000,0.00000
42.570,2,42509.000,120450,192000,3999.625,120.0,8,11,2,0.00000,0.00000,0.00000,0.00000,0.00000
42.671,0,42653.000,127369,192000,3999.479,120.0,8,11,2,0.00000,0.00000,0.00000,0.00000,0.00000
42.671,1,42696.000,129416,192000,3999.833,120.0,8,11,2,0.00000,0.00000,0.00000,0.00000,0.00000
42.671,2,42610.000,125322,192000,3999.125,120.0,8,11,2,0.00000,0.00000,0.00000,0.00000,0.00000
42.772,0,42753.000,132180,192000,3999.250,120.0,8,11,2,0.00000,0.00000,0.00000,0.00000,0.00000
42.772,1,42796.000,134232,192000,3999.500,120.0,8,11,2,0.00000,0.00000,0.00000,0.00000,0.00000
42.772,2,42711.000,130128,192000,0.000,120.0,8,11,2,0.00000,0.00000,0.00000,0.00000,0.00000
42.874,0,42856.000,137114,192000,3999.458,120.0,8,11,2,0.00000,0.00000,0.00000,0.00000,0.00000
42.874,1,42899.000,139171,192000,3999.604,120.0,8,11,2,0.00000,0.00000,0.00000,0.00000,0.00000
42.874,2,42813.000,135057,192000,3999.312,120.0,8,11,2,0.00000,0.00000,0.00000,0.00000,0.00000
42.976,0,42958.000,142019,192000,3999.271,120.0,8,11,2,0.00000,0.00000,0.00000,0.00000,0.00000
42.976,1,43001.000,144081,192000,3999.312,120.0,8,11,2,0.00000,0.00000,0.00000,0.00000,0.00000
42.976,2,42915.000,139957,192000,3999.229,120.0,8,11,2,0.00000,0.00000,0.00000,0.00000,0.00000
43.077,0,43058.000,146823,192000,3999.188,120.0,8,11,2,0.00000,0.00000,0.00000,0.00000,0.00000
43.077,1,43101.000,148890,192000,3999.125,120.0,8,11,2,0.00000,0.00000,0.00000,0.00000,0.00000
43.077,2,43015.000,144756,192000,3999.250,120.0,8,11,2,0.00000,0.00000,0.00000,0.00000,0.00000
43.178,0,43160.000,151712,192000,3999.333,120.0,8,11,2,0.00000,0.00000,0.00000,0.00000,0.00000
43.178,1,43203.000,153784,192000,3999.167,120.0,8,11,2,0.00000,0.00000,0.00000,0.00000,0.00000
43.178,2,43117.000,149641,192000,3999.479,120.0,8,11,2,0.00000,0.00000,0.00000,0.00000,0.00000
43.279,0,43260.000,156522,192000,3999.125,120.0,8,11,2,0.00000,0.00000,0.00000,0.00000,0.00000
43.279,1,43304.000,158598,192000,3999.875,120.0,8,11,2,0.00000,0.00000,0.00000,0.00000,0.00000
43.279,2,43217.000,154445,192000,3999.396,120.0,8,11,2,0.00000,0.00000,0.00000,0.00000,0.00000
43.381,0,43362.000,161415,192000,3999.188,120.0,8,11,2,0.00000,0.00000,0.00000,0.00000,0.00000
43.381,1,43406.000,163496,192000,3999.833,120.0,8,11,2,0.00000,0.00000,0.00000,0.00000,0.00000
43.381,2,43319.000,159334,192000,3999.542,120.0,8,11,2,0.00000,0.00000,0.00000,0.00000,0.00000
43.481,0,43462.000,166221,192000,3999.062,120.0,8,11,2,0.00000,0.00000,0.00000,0.00000,0.00000
43.481,1,43506.000,168308,192000,3999.583,120.0,8,11,2,0.00000,0.00000,0.00000,0.00000,0.00000
43.481,2,43419.000,164135,192000,3999.521,120.0,8,11,2,0.00000,0.00000,0.00000,0.00000,0.00000
43.584,0,43566.000,171180,192000,3999.750,120.0,8,11,2,0.00000,0.00000,0.00000,0.00000,0.00000
43.584,1,43609.000,173272,192000,3999.167,120.0,8,11,2,0.00000,0.00000,0.00000,0.00000,0.00000
43.584,2,43522.000,169089,192000,3999.312,120.0,8,11,2,0.00000,0.00000,0.00000,0.00000,0.00000
43.685,0,43667.000,176028,192000,3999.750,120.0,8,11,2,0.00000,0.00000,0.00000,0.00000,0.00000
43.685,1,43710.000,178124,192000,3999.083,120.0,8,11,2,0.00000,0.00000,0.00000,0.00000,0.00000
43.685,2,43623.000,173932,192000,3999.417,120.0,8,11,2,0.00000,0.00000,0.00000,0.00000,0.00000
43.786,0,43768.000,180869,192000,3999.896,120.0,8,11,2,0.00000,0.00000,0.00000,0.00000,0.00000
43.786,1,43811.000,182970,192000,3999.125,120.0,8,11,2,0.00000,0.00000,0.00000,0.00000,0.00000
43.786,2,43724.000,178768,192000,3999.667,120.0,8,11,2,0.00000,0.00000,0.00000,0.00000,0.00000
43.886,0,43868.000,185679,192000,3999.688,120.0,8,11,2,0.00000,0.00000,0.00000,0.00000,0.00000
43.886,1,43912.000,187785,192000,3999.812,120.0,8,11,2,0.00000,0.00000,0.00000,0.00000,0.00000
43.886,2,43824.000,183573,192000,3999.562,120.0,8,11,2,0.00000,0.00000,0.00000,0.00000,0.00000
43.990,0,43971.000,190647,192000,3999.188,120.0,8,11,2,0.00000,0.00000,0.00000,0.00000,0.00000
43.990,1,44015.000,758,192000,3999.208,120.0,8,12,2,0.11257,0.11257,0.11192,0.00000,0.00000
43.990,2,43927.000,188536,192000,3999.167,120.0,8,11,2,0.00000,0.00000,0.00000,0.00000,0.00000
44.091,0,44073.000,3509,192000,3999.896,120.0,8,12,2,0.10156,0.10156,0.10147,0.00000,0.00000
44.091,1,44117.000,5624,192000,3999.833,120.0,8,12,2,0.08456,0.08456,0.08451,0.00000,0.00000
44.091,2,44029.000,1393,192000,3999.979,120.0,8,12,2,0.12238,0.12238,0.00000,0.00000,0.00000
44.193,0,44175.000,8418,192000,3999.625,120.0,8,12,2,0.06638,0.06638,0.06632,0.00000,0.00000
44.193,1,44219.000,10539,192000,3999.438,120.0,8,12,2,0.05524,0.05524,0.05521,0.00000,0.00000
44.193,2,44131.000,6298,192000,3999.792,120.0,8,12,2,0.08001,0.08001,0.00000,0.00000,0.00000
44.295,0,44277.000,13301,192000,3999.896,120.0,8,12,2,0.04348,0.04348,0.04344,0.00000,0.00000
44.295,1,44321.000,15427,192000,3999.604,120.0,8,12,2,0.03617,0.03617,0.03615,0.00000,0.00000
44.295,2,44232.000,11176,192000,3999.167,120.0,8,12,2,0.05243,0.05243,0.00000,0.00000,0.00000
44.397,0,44379.000,18202,192000,3999.792,120.0,8,12,2,0.02844,0.02844,0.02841,0.00000,0.00000
44.397,1,44423.000,20332,192000,3999.417,120.0,8,12,2,0.02364,0.02364,0.02363,0.00000,0.00000
44.397,2,44334.000,16072,192000,3999.167,120.0,8,12,2,0.03430,0.03430,0.00000,0.00000,0.00000
44.497,0,44479.000,23015,192000,3999.521,120.0,8,12,2,0.01874,0.01874,0.01872,0.00000,0.00000
44.497,1,44523.000,25150,192000,3999.042,120.0,8,12,2,0.01558,0.01558,0.01557,0.00000,0.00000
44.497,2,44435.000,20880,192000,0.000,120.0,8,12,2,0.02262,0.02262,0.00000,0.00000,0.00000
44.598,0,44579.000,27830,192000,3999.208,120.0,8,12,2,0.01235,0.01235,0.01234,0.00000,0.00000
44.598,1,44624.000,29970,192000,3999.625,120.0,8,12,2,0.01026,0.01026,0.01025,0.00000,0.00000
44.598,2,44535.000,25691,192000,3999.771,120.0,8,12,2,0.01491,0.01491,0.00000,0.00000,0.00000
44.700,0,44682.000,32755,192000,3999.604,120.0,8,12,2,0.00806,0.00806,0.00805,0.00000,0.00000
44.700,1,44727.000,34899,192000,3999.938,120.0,8,12,2,0.00669,0.00669,0.00669,0.00000,0.00000
44.700,2,44637.000,30610,192000,3999.292,120.0,8,12,2,0.00973,0.00973,0.00000,0.00000,0.00000
44.802,0,44783.000,37619,192000,3999.271,120.0,8,12,2,0.00529,0.00529,0.00528,0.00000,0.00000
44.802,1,44828.000,39769,192000,3999.479,120.0,8,12,2,0.00439,0.00439,0.00439,0.00000,0.00000
44.802,2,44738.000,35470,192000,3999.042,120.0,8,12,2,0.00639,0.00639,0.00000,0.00000,0.00000
44.902,0,44884.000,42432,192000,0.000,120.0,8,12,2,0.00348,0.00348,0.00348,0.00000,0.00000
44.902,1,44928.000,44586,192000,3999.125,120.0,8,12,2,0.00289,0.00289,0.00289,0.00000,0.00000
44.902,2,44839.000,40277,192000,3999.896,120.0,8,12,2,0.00421,0.00421,0.00000,0.00000,0.00000
45.004,0,44986.000,47355,192000,3999.438,120.0,8,12,2,0.00227,0.00227,0.00227,0.00000,0.00000
45.004,1,45031.000,49514,192000,3999.458,120.0,8,12,2,0.00189,0.00189,0.00189,0.00000,0.00000
45.004,2,44941.000,45195,192000,3999.438,120.0,8,12,2,0.00275,0.00275,0.00000,0.00000,0.00000
45.106,0,45088.000,52243,192000,3999.604,120.0,8,12,2,0.00149,0.00149,0.00149,0.00000,0.00000
45.106,1,45133.000,54407,192000,3999.521,120.0,8,12,2,0.00123,0.00123,0.00123,0.00000,0.00000
45.106,2,45043.000,50078,192000,3999.708,120.0,8,12,2,0.00180,0.00180,0.00000,0.00000,0.00000
45.208,0,45190.000,57143,192000,3999.521,120.0,8,12,2,0.00097,0.00097,0.00097,0.00000,0.00000
45.208,1,45235.000,59312,192000,3999.333,120.0,8,12,2,0.00081,0.00081,0.00081,0.00000,0.00000
45.208,2,45145.000,54974,192000,3999.708,120.0,8,12,2,0.00118,0.00118,0.00000,0.00000,0.00000
45.310,0,45292.000,62018,192000,3999.958,120.0,8,12,2,0.00064,0.00064,0.00064,0.00000,0.00000
45.310,1,45337.000,64192,192000,3999.667,120.0,8,12,2,0.00053,0.00053,0.00053,0.00000,0.00000
45.310,2,45246.000,59844,192000,3999.250,120.0,8,12,2,0.00077,0.00077,0.00000,0.00000,0.00000
45.410,0,45392.000,66848,192000,3999.333,120.0,8,12,2,0.00042,0.00042,0.00042,0.00000,0.00000
45.410,1,45438.000,69027,192000,3999.938,120.0,8,12,2,0.00035,0.00035,0.00035,0.00000,0.00000
45.410,2,45347.000,64669,192000,3999.729,120.0,8,12,2,0.00051,0.00051,0.00000,0.00000,0.00000
45.513,0,45494.000,71757,192000,3999.062,120.0,8,12,2,0.00027,0.00027,0.00027,0.00000,0.00000
45.513,1,45540.000,73941,192000,3999.562,120.0,8,12,2,0.00023,0.00023,0.00023,0.00000,0.00000
45.513,2,45449.000,69573,192000,3999.562,120.0,8,12,2,0.00033,0.00033,0.00000,0.00000,0.00000
45.613,0,45595.000,76570,192000,3999.792,120.0,8,12,2,0.00018,0.00018,0.00018,0.00000,0.00000
45.613,1,45640.000,78758,192000,3999.208,120.0,8,12,2,0.00015,0.00015,0.00015,0.00000,0.00000
45.613,2,45549.000,74381,192000,3999.396,120.0,8,12,2,0.00022,0.00022,0.00000,0.00000,0.00000
45.716,0,45698.000,81506,192000,3999.958,120.0,8,12,2,0.00012,0.00012,0.00012,0.00000,0.00000
45.716,1,45743.000,83699,192000,3999.271,120.0,8,12,2,0.00010,0.00010,0.00010,0.00000,0.00000
45.716,2,45652.000,79312,192000,3999.667,120.0,8,12,2,0.00014,0.00014,0.00000,0.00000,0.00000
45.817,0,45799.000,86373,192000,3999.562,120.0,8,12,2,0.00008,0.00008,0.00008,0.00000,0.00000
45.817,1,45845.000,88571,192000,3999.771,120.0,8,12,2,0.00006,0.00006,0.00006,0.00000,0.00000
45.817,2,45753.000,84175,192000,3999.354,120.0,8,12,2,0.00009,0.00009,0.00000,0.00000,0.00000
45.918,0,45900.000,91231,192000,3999.354,120.0,8,12,2,0.00005,0.00005,0.00005,0.00000,0.00000
45.918,1,45946.000,93434,192000,3999.458,120.0,8,12,2,0.00004,0.00004,0.00004,0.00000,0.00000
45.918,2,45854.000,89028,192000,3999.250,120.0,8,12,2,0.00006,0.00006,0.00000,0.00000,0.00000
46.020,0,46002.000,96102,192000,3999.875,120.0,8,12,2,0.00003,0.00003,0.00003,0.00000,0.00000
46.020,1,46048.000,98310,192000,3999.875,120.0,8,12,2,0.00003,0.00003,0.00003,0.00000,0.00000
46.020,2,45956.000,93894,192000,3999.875,120.0,8,12,2,0.00004,0.00004,0.00000,0.00000,0.00000
46.122,0,46104.000,101021,192000,3999.396,120.0,8,12,2,0.00002,0.00002,0.00002,0.00000,0.00000
46.122,1,46150.000,103234,192000,3999.292,120.0,8,12,2,0.00002,0.00002,0.00002,0.00000,0.00000
46.122,2,46058.000,98808,192000,3999.500,120.0,8,12,2,0.00003,0.00003,0.00000,0.00000,0.00000
46.223,0,46205.000,105840,192000,0.000,120.0,8,12,2,0.00001,0.00001,0.00001,0.00000,0.00000
46.223,1,46251.000,108058,192000,3999.792,120.0,8,12,2,0.00001,0.00001,0.00001,0.00000,0.00000
46.223,2,46158.000,103622,192000,3999.208,120.0,8,12,2,0.00002,0.00002,0.00000,0.00000,0.00000
46.324,0,46305.000,110681,192000,3999.146,120.0,8,12,2,0.00001,0.00001,0.00001,0.00000,0.00000
46.324,1,46352.000,112904,192000,3999.833,120.0,8,12,2,0.00001,0.00001,0.00001,0.00000,0.00000
46.324,2,46259.000,108459,192000,3999.438,120.0,8,12,2,0.00001,0.00001,0.00000,0.00000,0.00000
46.427,0,46409.000,115634,192000,3999.958,120.0,8,12,2,0.00001,0.00001,0.00001,0.00000,0.00000
46.427,1,46455.000,117861,192000,3999.562,120.0,8,12,2,0.00001,0.00001,0.00001,0.00000,0.00000
46.427,2,46362.000,113406,192000,3999.375,120.0,8,12,2,0.00001,0.00001,0.00000,0.00000,0.00000
46.528,0,46510.000,120497,192000,3999.646,120.0,8,12,2,0.00000,0.00000,0.00000,0.00000,0.00000
46.528,1,46556.000,122730,192000,3999.125,120.0,8,12,2,0.00000,0.00000,0.00000,0.00000,0.00000
46.528,2,46463.000,118265,192000,3999.146,120.0,8,12,2,0.00000,0.00000,0.00000,0.00000,0.00000
46.629,0,46611.000,125341,192000,3999.729,120.0,8,12,2,0.00000,0.00000,0.00000,0.00000,0.00000
46.629,1,46657.000,127579,192000,3999.104,120.0,8,12,2,0.00000,0.00000,0.00000,0.00000,0.00000
46.629,2,46564.000,123104,192000,3999.333,120.0,8,12,2,0.00000,0.00000,0.00000,0.00000,0.00000
46.730,0,46711.000,130164,192000,3999.250,120.0,8,12,2,0.00000,0.00000,0.00000,0.00000,0.00000
46.730,1,46758.000,132406,192000,3999.542,120.0,8,12,2,0.00000,0.00000,0.00000,0.00000,0.00000
46.730,2,46665.000,127921,192000,3999.979,120.0,8,12,2,0.00000,0.00000,0.00000,0.00000,0.00000
46.830,0,46811.000,134967,192000,3999.188,120.0,8,12,2,0.00000,0.00000,0.00000,0.00000,0.00000
46.830,1,46858.000,137214,192000,3999.375,120.0,8,12,2,0.00000,0.00000,0.00000,0.00000,0.00000
46.830,2,46765.000,132720,192000,0.000,120.0,8,12,2,0.00000,0.00000,0.00000,0.00000,0.00000
46.931,0,46912.000,139811,192000,3999.271,120.0,8,12,2,0.00000,0.00000,0.00000,0.00000,0.00000
46.931,1,46959.000,142063,192000,3999.354,120.0,8,12,2,0.00000,0.00000,0.00000,0.00000,0.00000
46.931,2,46865.000,137559,192000,3999.188,120.0,8,12,2,0.00000,0.00000,0.00000,0.00000,0.00000
47.032,0,47014.000,144701,192000,3999.396,120.0,8,12,2,0.00000,0.00000,0.00000,0.00000,0.00000
47.032,1,47061.000,146958,192000,3999.375,120.0,8,12,2,0.00000,0.00000,0.00000,0.00000,0.00000
47.032,2,46967.000,142444,192000,3999.417,120.0,8,12,2,0.00000,0.00000,0.00000,0.00000,0.00000
47.134,0,47116.000,149586,192000,3999.625,120.0,8,12,2,0.00000,0.00000,0.00000,0.00000,0.00000
47.134,1,47163.000,151848,192000,3999.500,120.0,8,12,2,0.00000,0.00000,0.00000,0.00000,0.00000
47.134,2,47069.000,147325,192000,3999.729,120.0,8,12,2,0.00000,0.00000,0.00000,0.00000,0.00000
47.241,0,47223.000,154735,192000,3999.354,120.0,8,12,2,0.00000,0.00000,0.00000,0.00000,0.00000
47.241,1,47270.000,157002,192000,3999.125,120.0,8,12,2,0.00000,0.00000,0.00000,0.00000,0.00000
47.241,2,47176.000,152468,192000,3999.583,120.0,8,12,2,0.00000,0.00000,0.00000,0.00000,0.00000
47.341,0,47323.000,159536,192000,3999.333,120.0,8,12,2,0.00000,0.00000,0.00000,0.00000,0.00000
47.341,1,47370.000,161807,192000,3999.021,120.0,8,12,2,0.00000,0.00000,0.00000,0.00000,0.00000
47.341,2,47276.000,157264,192000,3999.667,120.0,8,12,2,0.00000,0.00000,0.00000,0.00000,0.00000
47.442,0,47424.000,164358,192000,3999.875,120.0,8,12,2,0.00000,0.00000,0.00000,0.00000,0.00000
47.442,1,47471.000,166634,192000,3999.458,120.0,8,12,2,0.00000,0.00000,0.00000,0.00000,0.00000
47.442,2,47376.000,162082,192000,3999.292,120.0,8,12,2,0.00000,0.00000,0.00000,0.00000,0.00000
47.544,0,47526.000,169272,192000,3999.500,120.0,8,12,2,0.00000,0.00000,0.00000,0.00000,0.00000
47.544,1,47574.000,171553,192000,3999.979,120.0,8,12,2,0.00000,0.00000,0.00000,0.00000,0.00000
47.544,2,47478.000,166991,192000,3999.021,120.0,8,12,2,0.00000,0.00000,0.00000,0.00000,0.00000
47.645,0,47627.000,174126,192000,3999.375,120.0,8,12,2,0.00000,0.00000,0.00000,0.00000,0.00000
47.645,1,47675.000,176412,192000,3999.750,120.0,8,12,2,0.00000,0.00000,0.00000,0.00000,0.00000
47.645,2,47580.000,171840,192000,0.000,120.0,8,12,2,0.00000,0.00000,0.00000,0.00000,0.00000
47.747,0,47729.000,179001,192000,3999.812,120.0,8,12,2,0.00000,0.00000,0.00000,0.00000,0.00000
47.747,1,47776.000,181292,192000,3999.083,120.0,8,12,2,0.00000,0.00000,0.00000,0.00000,0.00000
47.747,2,47681.000,176710,192000,3999.542,120.0,8,12,2,0.00000,0.00000,0.00000,0.00000,0.00000
47.849,0,47831.000,183921,192000,3999.312,120.0,8,12,2,0.00000,0.00000,0.00000,0.00000,0.00000
47.849,1,47879.000,186217,192000,3999.479,120.0,8,12,2,0.00000,0.00000,0.00000,0.00000,0.00000
47.849,2,47783.000,181625,192000,3999.146,120.0,8,12,2,0.00000,0.00000,0.00000,0.00000,0.00000
47.951,0,47933.000,188813,192000,3999.396,120.0,8,12,2,0.00000,0.00000,0.00000,0.00000,0.00000
47.951,1,47981.000,191113,192000,3999.479,120.0,8,12,2,0.00000,0.00000,0.00000,0.00000,0.00000
47.951,2,47885.000,186512,192000,3999.333,120.0,8,12,2,0.00000,0.00000,0.00000,0.00000,0.00000
48.053,0,48035.000,1708,192000,3999.417,120.0,8,13,2,0.00000,0.00000,0.00000,0.00000,0.00000
48.053,1,48083.000,4013,192000,3999.396,120.0,8,13,2,0.00000,0.00000,0.00000,0.00000,0.00000
48.053,2,47987.000,191402,192000,3999.458,120.0,8,12,2,0.00000,0.00000,0.00000,0.00000,0.00000
48.154,0,48136.000,6537,192000,3999.812,120.0,8,13,2,0.00000,0.00000,0.00000,0.00000,0.00000
48.154,1,48184.000,8848,192000,3999.667,120.0,8,13,2,0.00000,0.00000,0.00000,0.00000,0.00000
48.154,2,48088.000,4227,192000,3999.938,120.0,8,13,2,0.00000,0.00000,0.00000,0.00000,0.00000
48.255,0,48237.000,11407,192000,3999.354,120.0,8,13,2,0.00000,0.00000,0.00000,0.00000,0.00000
48.255,1,48285.000,13722,192000,3999.125,120.0,8,13,2,0.00000,0.00000,0.00000,0.00000,0.00000
48.255,2,48189.000,9091,192000,3999.604,120.0,8,13,2,0.00000,0.00000,0.00000,0.00000,0.00000
48.356,0,48338.000,16243,192000,3999.604,120.0,8,13,2,0.00000,0.00000,0.00000,0.00000,0.00000
48.356,1,48386.000,18563,192000,3999.271,120.0,8,13,2,0.00000,0.00000,0.00000,0.00000,0.00000
48.356,2,48290.000,13923,192000,3999.938,120.0,8,13,2,0.00000,0.00000,0.00000,0.00000,0.00000
48.456,0,48438.000,21058,192000,3999.292,120.0,8,13,2,0.00000,0.00000,0.00000,0.00000,0.00000
48.456,1,48487.000,23383,192000,3999.854,120.0,8,13,2,0.00000,0.00000,0.00000,0.00000,0.00000
48.456,2,48390.000,18733,192000,3999.729,120.0,8,13,2,0.00000,0.00000,0.00000,0.00000,0.00000
48.559,0,48541.000,25979,192000,3999.771,120.0,8,13,2,0.00000,0.00000,0.00000,0.00000,0.00000
48.559,1,48589.000,28309,192000,3999.229,120.0,8,13,2,0.00000,0.00000,0.00000,0.00000,0.00000
48.559,2,48492.000,23649,192000,3999.312,120.0,8,13,2,0.00000,0.00000,0.00000,0.00000,0.00000
48.661,0,48643.000,30891,192000,3999.438,120.0,8,13,2,0.00000,0.00000,0.00000,0.00000,0.00000
48.661,1,48692.000,33226,192000,3999.792,120.0,8,13,2,0.00000,0.00000,0.00000,0.00000,0.00000
48.661,2,48594.000,28556,192000,3999.083,120.0,8,13,2,0.00000,0.00000,0.00000,0.00000,0.00000
48.764,0,48745.000,35807,192000,3999.021,120.0,8,13,2,0.00000,0.00000,0.00000,0.00000,0.00000
48.764,1,48794.000,38147,192000,3999.271,120.0,8,13,2,0.00000,0.00000,0.00000,0.00000,0.00000
48.764,2,48697.000,33467,192000,3999.771,120.0,8,13,2,0.00000,0.00000,0.00000,0.00000,0.00000
48.866,0,48848.000,40729,192000,3999.479,120.0,8,13,2,0.00000,0.00000,0.00000,0.00000,0.00000
48.866,1,48897.000,43074,192000,3999.625,120.0,8,13,2,0.00000,0.00000,0.00000,0.00000,0.00000
48.866,2,48799.000,38384,192000,3999.333,120.0,8,13,2,0.00000,0.00000,0.00000,0.00000,0.00000
48.966,0,48948.000,45534,192000,3999.375,120.0,8,13,2,0.00000,0.00000,0.00000,0.00000,0.00000
48.966,1,48997.000,47883,192000,3999.438,120.0,8,13,2,0.00000,0.00000,0.00000,0.00000,0.00000
48.966,2,48899.000,43184,192000,3999.333,120.0,8,13,2,0.00000,0.00000,0.00000,0.00000,0.00000
49.069,0,49050.000,50441,192000,3999.146,120.0,8,13,2,0.00000,0.00000,0.00000,0.00000,0.00000
49.069,1,49099.000,52796,192000,3999.083,120.0,8,13,2,0.00000,0.00000,0.00000,0.00000,0.00000
49.069,2,49001.000,48087,192000,3999.188,120.0,8,13,2,0.00000,0.00000,0.00000,0.00000,0.00000
49.171,0,49153.000,55366,192000,3999.542,120.0,8,13,2,0.00000,0.00000,0.00000,0.00000,0.00000
49.171,1,49202.000,57725,192000,3999.396,120.0,8,13,2,0.00000,0.00000,0.00000,0.00000,0.00000
49.171,2,49104.000,53007,192000,3999.688,120.0,8,13,2,0.00000,0.00000,0.00000,0.00000,0.00000
49.271,0,49253.000,60174,192000,3999.375,120.0,8,13,2,0.00000,0.00000,0.00000,0.00000,0.00000
49.271,1,49302.000,62538,192000,3999.125,120.0,8,13,2,0.00000,0.00000,0.00000,0.00000,0.00000
49.271,2,49204.000,57810,192000,3999.625,120.0,8,13,2,0.00000,0.00000,0.00000,0.00000,0.00000
49.372,0,49354.000,64994,192000,3999.958,120.0,8,13,2,0.00000,0.00000,0.00000,0.00000,0.00000
49.372,1,49403.000,67363,192000,3999.604,120.0,8,13,2,0.00000,0.00000,0.00000,0.00000,0.00000
49.372,2,49304.000,62625,192000,3999.312,120.0,8,13,2,0.00000,0.00000,0.00000,0.00000,0.00000
49.473,0,49455.000,69850,192000,3999.792,120.0,8,13,2,0.00000,0.00000,0.00000,0.00000,0.00000
49.473,1,49504.000,72224,192000,3999.333,120.0,8,13,2,0.00000,0.00000,0.00000,0.00000,0.00000
49.473,2,49405.000,67476,192000,3999.250,120.0,8,13,2,0.00000,0.00000,0.00000,0.00000,0.00000
49.576,0,49558.000,74800,192000,3999.667,120.0,8,13,2,0.00000,0.00000,0.00000,0.00000,0.00000
49.576,1,49607.000,77179,192000,3999.104,120.0,8,13,2,0.00000,0.00000,0.00000,0.00000,0.00000
49.576,2,49508.000,72422,192000,3999.208,120.0,8,13,2,0.00000,0.00000,0.00000,0.00000,0.00000
49.676,0,49658.000,79604,192000,3999.583,120.0,8,13,2,0.00000,0.00000,0.00000,0.00000,0.00000
49.676,1,49708.000,81987,192000,3999.938,120.0,8,13,2,0.00000,0.00000,0.00000,0.00000,0.00000
49.676,2,49608.000,77220,192000,3999.250,120.0,8,13,2,0.00000,0.00000,0.00000,0.00000,0.00000
49.777,0,49759.000,84442,192000,3999.792,120.0,8,13,2,0.00000,0.00000,0.00000,0.00000,0.00000
49.777,1,49808.000,86831,192000,3999.021,120.0,8,13,2,0.00000,0.00000,0.00000,0.00000,0.00000
49.777,2,49709.000,82054,192000,3999.542,120.0,8,13,2,0.00000,0.00000,0.00000,0.00000,0.00000
49.877,0,49859.000,89245,192000,3999.729,120.0,8,13,2,0.00000,0.00000,0.00000,0.00000,0.00000
49.877,1,49909.000,91638,192000,3999.875,120.0,8,13,2,0.00000,0.00000,0.00000,0.00000,0.00000
49.877,2,49809.000,86852,192000,3999.583,120.0,8,13,2,0.00000,0.00000,0.00000,0.00000,0.00000
49.977,0,49959.000,94064,192000,3999.333,120.0,8,13,2,0.00000,0.00000,0.00000,0.00000,0.00000
49.977,1,50009.000,96462,192000,3999.375,120.0,8,13,2,0.00000,0.00000,0.00000,0.00000,0.00000
49.977,2,49909.000,91666,192000,3999.292,120.0,8,13,2,0.00000,0.00000,0.00000,0.00000,0.00000
50.078,0,50060.000,98911,192000,3999.354,120.0,8,13,2,0.00000,0.00000,0.00000,0.00000,0.00000
50.078,1,50110.000,101313,192000,3999.312,120.0,8,13,2,0.00000,0.00000,0.00000,0.00000,0.00000
50.078,2,50010.000,96508,192000,3999.417,120.0,8,13,2,0.00000,0.00000,0.00000,0.00000,0.00000
50.179,0,50161.000,103740,192000,3999.750,120.0,8,13,2,0.00000,0.00000,0.00000,0.00000,0.00000
50.179,1,50211.000,106148,192000,3999.583,120.0,8,13,2,0.00000,0.00000,0.00000,0.00000,0.00000
50.179,2,50111.000,101332,192000,3999.917,120.0,8,13,2,0.00000,0.00000,0.00000,0.00000,0.00000
50.279,0,50261.000,108558,192000,3999.375,120.0,8,13,2,0.00000,0.00000,0.00000,0.00000,0.00000
50.279,1,50311.000,110971,192000,3999.104,120.0,8,13,2,0.00000,0.00000,0.00000,0.00000,0.00000
50.279,2,50211.000,106146,192000,3999.625,120.0,8,13,2,0.00000,0.00000,0.00000,0.00000,0.00000
50.380,0,50362.000,113382,192000,3999.875,120.0,8,13,2,0.00000,0.00000,0.00000,0.00000,0.00000
50.380,1,50412.000,115799,192000,3999.521,120.0,8,13,2,0.00000,0.00000,0.00000,0.00000,0.00000
50.380,2,50311.000,110964,192000,3999.250,120.0,8,13,2,0.00000,0.00000,0.00000,0.00000,0.00000
50.483,0,50464.000,118317,192000,3999.062,120.0,8,13,2,0.00000,0.00000,0.00000,0.00000,0.00000
50.483,1,50515.000,120739,192000,3999.604,120.0,8,13,2,0.00000,0.00000,0.00000,0.00000,0.00000
50.483,2,50414.000,115895,192000,3999.521,120.0,8,13,2,0.00000,0.00000,0.00000,0.00000,0.00000
50.585,0,50566.000,123210,192000,3999.125,120.0,8,13,2,0.00000,0.00000,0.00000,0.00000,0.00000
50.585,1,50617.000,125637,192000,3999.562,120.0,8,13,2,0.00000,0.00000,0.00000,0.00000,0.00000
50.585,2,50516.000,120783,192000,3999.688,120.0,8,13,2,0.00000,0.00000,0.00000,0.00000,0.00000
50.685,0,50666.000,128012,192000,3999.083,120.0,8,13,2,0.00000,0.00000,0.00000,0.00000,0.00000
50.685,1,50717.000,130444,192000,3999.417,120.0,8,13,2,0.00000,0.00000,0.00000,0.00000,0.00000
50.685,2,50616.000,125580,192000,3999.750,120.0,8,13,2,0.00000,0.00000,0.00000,0.00000,0.00000
50.786,0,50768.000,132864,192000,0.000,120.0,8,13,2,0.00000,0.00000,0.00000,0.00000,0.00000
50.786,1,50818.000,135300,192000,3999.250,120.0,8,13,2,0.00000,0.00000,0.00000,0.00000,0.00000
50.786,2,50717.000,130427,192000,3999.771,120.0,8,13,2,0.00000,0.00000,0.00000,0.00000,0.00000
50.887,0,50869.000,137718,192000,3999.875,120.0,8,13,2,0.00000,0.00000,0.00000,0.00000,0.00000
50.887,1,50920.000,140160,192000,0.000,120.0,8,13,2,0.00000,0.00000,0.00000,0.00000,0.00000
50.887,2,50818.000,135276,192000,3999.750,120.0,8,13,2,0.00000,0.00000,0.00000,0.00000,0.00000
50.990,0,50972.000,142663,192000,3999.854,120.0,8,13,2,0.00000,0.00000,0.00000,0.00000,0.00000
50.990,1,51023.000,145110,192000,3999.875,120.0,8,13,2,0.00000,0.00000,0.00000,0.00000,0.00000
50.990,2,50921.000,140217,192000,3999.812,120.0,8,13,2,0.00000,0.00000,0.00000,0.00000,0.00000
51.093,0,51075.000,147602,192000,3999.958,120.0,8,13,2,0.00000,0.00000,0.00000,0.00000,0.00000
51.093,1,51126.000,150054,192000,3999.875,120.0,8,13,2,0.00000,0.00000,0.00000,0.00000,0.00000
51.093,2,51023.000,145151,192000,3999.021,120.0,8,13,2,0.00000,0.00000,0.00000,0.00000,0.00000
51.195,0,51177.000,152512,192000,3999.667,120.0,8,13,2,0.00000,0.00000,0.00000,0.00000,0.00000
51.195,1,51228.000,154969,192000,3999.479,120.0,8,13,2,0.00000,0.00000,0.00000,0.00000,0.00000
51.195,2,51126.000,150056,192000,3999.833,120.0,8,13,2,0.00000,0.00000,0.00000,0.00000,0.00000
51.295,0,51277.000,157314,192000,3999.625,120.0,8,13,2,0.00000,0.00000,0.00000,0.00000,0.00000
51.295,1,51328.000,159775,192000,3999.354,120.0,8,13,2,0.00000,0.00000,0.00000,0.00000,0.00000
51.295,2,51226.000,154853,192000,3999.896,120.0,8,13,2,0.00000,0.00000,0.00000,0.00000,0.00000
51.395,0,51377.000,162123,192000,3999.438,120.0,8,13,2,0.00000,0.00000,0.00000,0.00000,0.00000
51.395,1,51428.000,164589,192000,3999.062,120.0,8,13,2,0.00000,0.00000,0.00000,0.00000,0.00000
51.395,2,51326.000,159657,192000,3999.812,120.0,8,13,2,0.00000,0.00000,0.00000,0.00000,0.00000
51.498,0,51480.000,167047,192000,3999.854,120.0,8,13,2,0.00000,0.00000,0.00000,0.00000,0.00000
51.498,1,51531.000,169518,192000,3999.375,120.0,8,13,2,0.00000,0.00000,0.00000,0.00000,0.00000
51.498,2,51428.000,164576,192000,3999.333,120.0,8,13,2,0.00000,0.00000,0.00000,0.00000,0.00000
51.599,0,51580.000,171877,192000,3999.229,120.0,8,13,2,0.00000,0.00000,0.00000,0.00000,0.00000
51.599,1,51632.000,174353,192000,3999.646,120.0,8,13,2,0.00000,0.00000,0.00000,0.00000,0.00000
51.599,2,51529.000,169401,192000,3999.812,120.0,8,13,2,0.00000,0.00000,0.00000,0.00000,0.00000
51.702,0,51684.000,176832,192000,0.000,120.0,8,13,2,0.00000,0.00000,0.00000,0.00000,0.00000
51.702,1,51735.000,179313,192000,3999.312,120.0,8,13,2,0.00000,0.00000,0.00000,0.00000,0.00000
51.702,2,51632.000,174351,192000,3999.688,120.0,8,13,2,0.00000,0.00000,0.00000,0.00000,0.00000
51.806,0,51788.000,181857,192000,3999.312,120.0,8,13,2,0.00000,0.00000,0.00000,0.00000,0.00000
51.806,1,51840.000,184343,192000,3999.521,120.0,8,13,2,0.00000,0.00000,0.00000,0.00000,0.00000
51.806,2,51736.000,179372,192000,3999.083,120.0,8,13,2,0.00000,0.00000,0.00000,0.00000,0.00000
51.909,0,51891.000,186797,192000,3999.396,120.0,8,13,2,0.00000,0.00000,0.00000,0.00000,0.00000
51.909,1,51943.000,189288,192000,3999.500,120.0,8,13,2,0.00000,0.00000,0.00000,0.00000,0.00000
51.909,2,51839.000,184307,192000,3999.271,120.0,8,13,2,0.00000,0.00000,0.00000,0.00000,0.00000
52.011,0,51992.000,191659,192000,3999.104,120.0,8,13,2,0.00000,0.00000,0.00000,0.00000,0.00000
52.011,1,52044.000,2155,192000,3999.104,120.0,8,14,2,0.00000,0.00000,0.00000,0.00000,0.00000
52.011,2,51940.000,189164,192000,3999.083,120.0,8,13,2,0.00000,0.00000,0.00000,0.00000,0.00000
52.113,0,52095.000,4592,192000,3999.333,120.0,8,14,2,0.00000,0.00000,0.00000,0.00000,0.00000
52.113,1,52147.000,7093,192000,3999.229,120.0,8,14,2,0.00000,0.00000,0.00000,0.00000,0.00000
52.113,2,52043.000,2092,192000,3999.417,120.0,8,14,2,0.11499,0.00000,0.11499,0.00000,0.00000
52.214,0,52196.000,9422,192000,3999.708,120.0,8,14,2,0.00000,0.00000,0.00000,0.00000,0.00000
52.214,1,52248.000,11928,192000,3999.500,120.0,8,14,2,0.00000,0.00000,0.00000,0.00000,0.00000
52.214,2,52144.000,6917,192000,3999.896,120.0,8,14,2,0.07570,0.00000,0.07570,0.00000,0.00000
52.317,0,52299.000,14366,192000,3999.708,120.0,8,14,2,0.00000,0.00000,0.00000,0.00000,0.00000
52.317,1,52351.000,16877,192000,3999.396,120.0,8,14,2,0.00000,0.00000,0.00000,0.00000,0.00000
52.317,2,52247.000,11856,192000,0.000,120.0,8,14,2,0.04935,0.00000,0.04935,0.00000,0.00000
52.418,0,52399.000,19193,192000,3999.146,120.0,8,14,2,0.00000,0.00000,0.00000,0.00000,0.00000
52.418,1,52452.000,21709,192000,3999.729,120.0,8,14,2,0.00000,0.00000,0.00000,0.00000,0.00000
52.418,2,52347.000,16678,192000,3999.542,120.0,8,14,2,0.03250,0.00000,0.03250,0.00000,0.00000
52.519,0,52501.000,24073,192000,3999.479,120.0,8,14,2,0.00000,0.00000,0.00000,0.00000,0.00000
52.519,1,52554.000,26593,192000,3999.979,120.0,8,14,2,0.00000,0.00000,0.00000,0.00000,0.00000
52.519,2,52449.000,21553,192000,3999.979,120.0,8,14,2,0.02130,0.00000,0.02130,0.00000,0.00000
52.621,0,52603.000,28946,192000,3999.958,120.0,8,14,2,0.00000,0.00000,0.00000,0.00000,0.00000
52.621,1,52655.000,31470,192000,3999.375,120.0,8,14,2,0.00000,0.00000,0.00000,0.00000,0.00000
52.621,2,52550.000,26421,192000,3999.562,120.0,8,14,2,0.01397,0.00000,0.01397,0.00000,0.00000
52.721,0,52703.000,33751,192000,3999.854,120.0,8,14,2,0.00000,0.00000,0.00000,0.00000,0.00000
52.721,1,52755.000,36280,192000,3999.167,120.0,8,14,2,0.00000,0.00000,0.00000,0.00000,0.00000
52.721,2,52650.000,31221,192000,3999.562,120.0,8,14,2,0.00922,0.00000,0.00922,0.00000,0.00000
52.821,0,52803.000,38574,192000,3999.375,120.0,8,14,2,0.00000,0.00000,0.00000,0.00000,0.00000
52.821,1,52856.000,41108,192000,3999.583,120.0,8,14,2,0.00000,0.00000,0.00000,0.00000,0.00000
52.821,2,52750.000,36039,192000,3999.188,120.0,8,14,2,0.00607,0.00000,0.00607,0.00000,0.00000
52.923,0,52905.000,43461,192000,3999.562,120.0,8,14,2,0.00000,0.00000,0.00000,0.00000,0.00000
52.923,1,52958.000,46001,192000,3999.646,120.0,8,14,2,0.00000,0.00000,0.00000,0.00000,0.00000
52.923,2,52852.000,40922,192000,3999.458,120.0,8,14,2,0.00398,0.00000,0.00398,0.00000,0.00000
53.024,0,53006.000,48295,192000,3999.854,120.0,8,14,2,0.00000,0.00000,0.00000,0.00000,0.00000
53.024,1,53059.000,50839,192000,3999.854,120.0,8,14,2,0.00000,0.00000,0.00000,0.00000,0.00000
53.024,2,52953.000,45751,192000,3999.854,120.0,8,14,2,0.00262,0.00000,0.00262,0.00000,0.00000
53.125,0,53106.000,53126,192000,3999.208,120.0,8,14,2,0.00000,0.00000,0.00000,0.00000,0.00000
53.125,1,53159.000,55675,192000,3999.104,120.0,8,14,2,0.00000,0.00000,0.00000,0.00000,0.00000
53.125,2,53053.000,50577,192000,3999.312,120.0,8,14,2,0.00172,0.00000,0.00172,0.00000,0.00000
53.227,0,53209.000,58036,192000,3999.917,120.0,8,14,2,0.00000,0.00000,0.00000,0.00000,0.00000
53.227,1,53262.000,60590,192000,3999.708,120.0,8,14,2,0.00000,0.00000,0.00000,0.00000,0.00000
53.227,2,53155.000,55482,192000,3999.125,120.0,8,14,2,0.00113,0.00000,0.00113,0.00000,0.00000
53.329,0,53311.000,62952,192000,3999.500,120.0,8,14,2,0.00000,0.00000,0.00000,0.00000,0.00000
53.329,1,53364.000,65511,192000,3999.188,120.0,8,14,2,0.00000,0.00000,0.00000,0.00000,0.00000
53.329,2,53258.000,60393,192000,3999.812,120.0,8,14,2,0.00074,0.00000,0.00074,0.00000,0.00000
53.430,0,53412.000,67810,192000,3999.292,120.0,8,14,2,0.00000,0.00000,0.00000,0.00000,0.00000
53.430,1,53466.000,70374,192000,3999.875,120.0,8,14,2,0.00000,0.00000,0.00000,0.00000,0.00000
53.430,2,53359.000,65246,192000,3999.708,120.0,8,14,2,0.00048,0.00000,0.00048,0.00000,0.00000
53.531,0,53513.000,72642,192000,3999.625,120.0,8,14,2,0.00000,0.00000,0.00000,0.00000,0.00000
53.531,1,53566.000,75210,192000,3999.125,120.0,8,14,2,0.00000,0.00000,0.00000,0.00000,0.00000
53.531,2,53459.000,70073,192000,3999.146,120.0,8,14,2,0.00032,0.00000,0.00032,0.00000,0.00000
53.633,0,53615.000,77548,192000,3999.417,120.0,8,14,2,0.00000,0.00000,0.00000,0.00000,0.00000
53.633,1,53669.000,80121,192000,3999.812,120.0,8,14,2,0.00000,0.00000,0.00000,0.00000,0.00000
53.633,2,53561.000,74974,192000,3999.042,120.0,8,14,2,0.00021,0.00000,0.00021,0.00000,0.00000
53.734,0,53716.000,82387,192000,3999.604,120.0,8,14,2,0.00000,0.00000,0.00000,0.00000,0.00000
53.734,1,53770.000,84965,192000,3999.896,120.0,8,14,2,0.00000,0.00000,0.00000,0.00000,0.00000
53.734,2,53662.000,79808,192000,3999.333,120.0,8,14,2,0.00014,0.00000,0.00014,0.00000,0.00000
53.836,0,53818.000,87278,192000,3999.708,120.0,8,14,2,0.00000,0.00000,0.00000,0.00000,0.00000
53.836,1,53872.000,89862,192000,3999.875,120.0,8,14,2,0.00000,0.00000,0.00000,0.00000,0.00000
53.836,2,53764.000,84695,192000,3999.521,120.0,8,14,2,0.00009,0.00000,0.00009,0.00000,0.00000
53.938,0,53920.000,92163,192000,3999.938,120.0,8,14,2,0.00000,0.00000,0.00000,0.00000,0.00000
53.938,1,53973.000,94751,192000,3999.021,120.0,8,14,2,0.00000,0.00000,0.00000,0.00000,0.00000
53.938,2,53866.000,89575,192000,3999.854,120.0,8,14,2,0.00006,0.00000,0.00006,0.00000,0.00000
54.039,0,54021.000,97010,192000,3999.958,120.0,8,14,2,0.00000,0.00000,0.00000,0.00000,0.00000
54.039,1,54075.000,99603,192000,3999.938,120.0,8,14,2,0.00000,0.00000,0.00000,0.00000,0.00000
54.039,2,53967.000,94417,192000,3999.979,120.0,8,14,2,0.00004,0.00000,0.00004,0.00000,0.00000
54.140,0,54122.000,101888,192000,3999.333,120.0,8,14,2,0.00000,0.00000,0.00000,0.00000,0.00000
54.140,1,54176.000,104486,192000,3999.208,120.0,8,14,2,0.00000,0.00000,0.00000,0.00000,0.00000
54.140,2,54068.000,99291,192000,3999.438,120.0,8,14,2,0.00003,0.00000,0.00003,0.00000,0.00000
54.242,0,54223.000,106749,192000,3999.062,120.0,8,14,2,0.00000,0.00000,0.00000,0.00000,0.00000
54.242,1,54278.000,109351,192000,3999.854,120.0,8,14,2,0.00000,0.00000,0.00000,0.00000,0.00000
54.242,2,54169.000,104146,192000,3999.292,120.0,8,14,2,0.00002,0.00000,0.00002,0.00000,0.00000
54.344,0,54326.000,111657,192000,3999.812,120.0,8,14,2,0.00000,0.00000,0.00000,0.00000,0.00000
54.344,1,54380.000,114265,192000,3999.479,120.0,8,14,2,0.00000,0.00000,0.00000,0.00000,0.00000
54.344,2,54271.000,109050,192000,3999.125,120.0,8,14,2,0.00001,0.00000,0.00001,0.00000,0.00000
54.446,0,54428.000,116559,192000,3999.688,120.0,8,14,2,0.00000,0.00000,0.00000,0.00000,0.00000
54.446,1,54482.000,119172,192000,3999.250,120.0,8,14,2,0.00000,0.00000,0.00000,0.00000,0.00000
54.446,2,54373.000,113947,192000,3999.104,120.0,8,14,2,0.00001,0.00000,0.00001,0.00000,0.00000
54.547,0,54529.000,121415,192000,3999.521,120.0,8,14,2,0.00000,0.00000,0.00000,0.00000,0.00000
54.547,1,54584.000,124033,192000,3999.979,120.0,8,14,2,0.00000,0.00000,0.00000,0.00000,0.00000
54.547,2,54474.000,118798,192000,3999.042,120.0,8,14,2,0.00000,0.00000,0.00000,0.00000,0.00000
54.647,0,54629.000,126217,192000,3999.479,120.0,8,14,2,0.00000,0.00000,0.00000,0.00000,0.00000
54.647,1,54684.000,128839,192000,3999.854,120.0,8,14,2,0.00000,0.00000,0.00000,0.00000,0.00000
54.647,2,54574.000,123595,192000,3999.104,120.0,8,14,2,0.00000,0.00000,0.00000,0.00000,0.00000
54.749,0,54730.000,131081,192000,3999.146,120.0,8,14,2,0.00000,0.00000,0.00000,0.00000,0.00000
54.749,1,54785.000,133708,192000,3999.417,120.0,8,14,2,0.00000,0.00000,0.00000,0.00000,0.00000
54.749,2,54676.000,128454,192000,3999.875,120.0,8,14,2,0.00000,0.00000,0.00000,0.00000,0.00000
54.853,0,54835.000,136094,192000,3999.708,120.0,8,14,2,0.00000,0.00000,0.00000,0.00000,0.00000
54.853,1,54890.000,138727,192000,3999.854,120.0,8,14,2,0.00000,0.00000,0.00000,0.00000,0.00000
54.853,2,54780.000,133462,192000,3999.542,120.0,8,14,2,0.00000,0.00000,0.00000,0.00000,0.00000
54.955,0,54936.000,140964,192000,3999.250,120.0,8,14,2,0.00000,0.00000,0.00000,0.00000,0.00000
54.955,1,54991.000,143601,192000,3999.312,120.0,8,14,2,0.00000,0.00000,0.00000,0.00000,0.00000
54.955,2,54881.000,138327,192000,3999.188,120.0,8,14,2,0.00000,0.00000,0.00000,0.00000,0.00000
55.058,0,55040.000,145921,192000,3999.979,120.0,8,14,2,0.00000,0.00000,0.00000,0.00000,0.00000
55.058,1,55095.000,148563,192000,3999.938,120.0,8,14,2,0.00000,0.00000,0.00000,0.00000,0.00000
55.058,2,54984.000,143279,192000,3999.021,120.0,8,14,2,0.00000,0.00000,0.00000,0.00000,0.00000
55.159,0,55140.000,150758,192000,3999.208,120.0,8,14,2,0.00000,0.00000,0.00000,0.00000,0.00000
55.159,1,55195.000,153405,192000,3999.062,120.0,8,14,2,0.00000,0.00000,0.00000,0.00000,0.00000
55.159,2,55085.000,148112,192000,3999.333,120.0,8,14,2,0.00000,0.00000,0.00000,0.00000,0.00000
55.261,0,55242.000,155655,192000,3999.188,120.0,8,14,2,0.00000,0.00000,0.00000,0.00000,0.00000
55.261,1,55298.000,158307,192000,3999.938,120.0,8,14,2,0.00000,0.00000,0.00000,0.00000,0.00000
55.261,2,55187.000,153003,192000,3999.438,120.0,8,14,2,0.00000,0.00000,0.00000,0.00000,0.00000
55.361,0,55343.000,160484,192000,3999.583,120.0,8,14,2,0.00000,0.00000,0.00000,0.00000,0.00000
55.361,1,55398.000,163140,192000,3999.250,120.0,8,14,2,0.00000,0.00000,0.00000,0.00000,0.00000
55.361,2,55288.000,157827,192000,3999.938,120.0,8,14,2,0.00000,0.00000,0.00000,0.00000,0.00000
55.463,0,55445.000,165368,192000,3999.833,120.0,8,14,2,0.00000,0.00000,0.00000,0.00000,0.00000
55.463,1,55500.000,168029,192000,3999.396,120.0,8,14,2,0.00000,0.00000,0.00000,0.00000,0.00000
55.463,2,55389.000,162706,192000,3999.292,120.0,8,14,2,0.00000,0.00000,0.00000,0.00000,0.00000
55.563,0,55545.000,170189,192000,3999.396,120.0,8,14,2,0.00000,0.00000,0.00000,0.00000,0.00000
55.563,1,55601.000,172855,192000,3999.854,120.0,8,14,2,0.00000,0.00000,0.00000,0.00000,0.00000
55.563,2,55490.000,167522,192000,3999.958,120.0,8,14,2,0.00000,0.00000,0.00000,0.00000,0.00000
55.664,0,55646.000,175033,192000,3999.479,120.0,8,14,2,0.00000,0.00000,0.00000,0.00000,0.00000
55.664,1,55702.000,177704,192000,3999.833,120.0,8,14,2,0.00000,0.00000,0.00000,0.00000,0.00000
55.664,2,55590.000,172362,192000,3999.125,120.0,8,14,2,0.00000,0.00000,0.00000,0.00000,0.00000
55.767,0,55749.000,179977,192000,3999.479,120.0,8,14,2,0.00000,0.00000,0.00000,0.00000,0.00000
55.767,1,55805.000,182653,192000,3999.729,120.0,8,14,2,0.00000,0.00000,0.00000,0.00000,0.00000
55.767,2,55693.000,177301,192000,3999.229,120.0,8,14,2,0.00000,0.00000,0.00000,0.00000,0.00000
55.869,0,55851.000,184851,192000,3999.938,120.0,8,14,2,0.00000,0.00000,0.00000,0.00000,0.00000
55.869,1,55906.000,187532,192000,3999.083,120.0,8,14,2,0.00000,0.00000,0.00000,0.00000,0.00000
55.869,2,55795.000,182170,192000,3999.792,120.0,8,14,2,0.00000,0.00000,0.00000,0.00000,0.00000
55.971,0,55953.000,189768,192000,3999.500,120.0,8,14,2,0.00000,0.00000,0.00000,0.00000,0.00000
55.971,1,56009.000,453,192000,3999.562,120.0,8,15,2,0.05731,0.05555,0.05731,0.00000,0.00000
55.971,2,55897.000,187082,192000,3999.458,120.0,8,14,2,0.00000,0.00000,0.00000,0.00000,0.00000
56.073,0,56055.000,2662,192000,3999.542,120.0,8,15,2,0.10995,0.10988,0.10995,0.00000,0.00000
56.073,1,56111.000,5352,192000,3999.500,120.0,8,15,2,0.08689,0.08689,0.08684,0.00000,0.00000
56.073,2,55999.000,191971,192000,3999.604,120.0,8,14,2,0.00000,0.00000,0.00000,0.00000,0.00000
56.176,0,56158.000,7601,192000,3999.646,120.0,8,15,2,0.07167,0.07163,0.07167,0.00000,0.00000
56.176,1,56214.000,10297,192000,3999.479,120.0,8,15,2,0.05661,0.05661,0.05658,0.00000,0.00000
56.176,2,56102.000,4906,192000,3999.792,120.0,8,15,2,0.09030,0.09030,0.00000,0.00000,0.00000
56.278,0,56259.000,12472,192000,3999.167,120.0,8,15,2,0.04699,0.04697,0.04699,0.00000,0.00000
56.278,1,56316.000,15173,192000,3999.896,120.0,8,15,2,0.03710,0.03710,0.03708,0.00000,0.00000
56.278,2,56203.000,9772,192000,3999.417,120.0,8,15,2,0.05923,0.05923,0.00000,0.00000,0.00000
56.378,0,56360.000,17310,192000,3999.375,120.0,8,15,2,0.03090,0.03088,0.03090,0.00000,0.00000
56.378,1,56416.000,20015,192000,3999.021,120.0,8,15,2,0.02439,0.02439,0.02438,0.00000,0.00000
56.378,2,56304.000,14605,192000,3999.729,120.0,8,15,2,0.03897,0.03897,0.00000,0.00000,0.00000
56.480,0,56461.000,22164,192000,3999.250,120.0,8,15,2,0.02029,0.02028,0.02029,0.00000,0.00000
56.480,1,56518.000,24874,192000,3999.792,120.0,8,15,2,0.01601,0.01601,0.01600,0.00000,0.00000
56.480,2,56405.000,19454,192000,3999.708,120.0,8,15,2,0.02560,0.02560,0.00000,0.00000,0.00000
56.582,0,56564.000,27099,192000,3999.438,120.0,8,15,2,0.01323,0.01322,0.01323,0.00000,0.00000
56.582,1,56621.000,29814,192000,3999.875,120.0,8,15,2,0.01043,0.01043,0.01043,0.00000,0.00000
56.582,2,56508.000,24384,192000,0.000,120.0,8,15,2,0.01670,0.01670,0.00000,0.00000,0.00000
56.683,0,56664.000,31908,192000,3999.250,120.0,8,15,2,0.00872,0.00872,0.00872,0.00000,0.00000
56.683,1,56721.000,34628,192000,3999.583,120.0,8,15,2,0.00688,0.00688,0.00687,0.00000,0.00000
56.683,2,56608.000,29189,192000,3999.896,120.0,8,15,2,0.01101,0.01101,0.00000,0.00000,0.00000
56.785,0,56766.000,36810,192000,3999.125,120.0,8,15,2,0.00570,0.00570,0.00570,0.00000,0.00000
56.785,1,56823.000,39535,192000,3999.354,120.0,8,15,2,0.00449,0.00449,0.00449,0.00000,0.00000
56.785,2,56710.000,34086,192000,3999.875,120.0,8,15,2,0.00721,0.00721,0.00000,0.00000,0.00000
56.887,0,56868.000,41702,192000,3999.208,120.0,8,15,2,0.00373,0.00373,0.00373,0.00000,0.00000
56.887,1,56925.000,44432,192000,3999.333,120.0,8,15,2,0.00294,0.00294,0.00294,0.00000,0.00000
56.887,2,56811.000,38973,192000,3999.062,120.0,8,15,2,0.00472,0.00472,0.00000,0.00000,0.00000
56.987,0,56969.000,46517,192000,3999.896,120.0,8,15,2,0.00246,0.00246,0.00246,0.00000,0.00000
56.987,1,57026.000,49252,192000,3999.917,120.0,8,15,2,0.00194,0.00194,0.00194,0.00000,0.00000
56.987,2,56912.000,43783,192000,3999.854,120.0,8,15,2,0.00311,0.00311,0.00000,0.00000,0.00000
57.087,0,57069.000,51340,192000,3999.417,120.0,8,15,2,0.00162,0.00162,0.00162,0.00000,0.00000
57.087,1,57126.000,54080,192000,3999.333,120.0,8,15,2,0.00127,0.00127,0.00127,0.00000,0.00000
57.087,2,57012.000,48601,192000,3999.479,120.0,8,15,2,0.00205,0.00205,0.00000,0.00000,0.00000
57.189,0,57171.000,56212,192000,3999.917,120.0,8,15,2,0.00106,0.00106,0.00106,0.00000,0.00000
57.189,1,57228.000,58956,192000,3999.750,120.0,8,15,2,0.00084,0.00084,0.00083,0.00000,0.00000
57.189,2,57113.000,53468,192000,3999.083,120.0,8,15,2,0.00134,0.00134,0.00000,0.00000,0.00000
57.291,0,57273.000,61132,192000,3999.417,120.0,8,15,2,0.00069,0.00069,0.00069,0.00000,0.00000
57.291,1,57330.000,63881,192000,3999.146,120.0,8,15,2,0.00055,0.00055,0.00054,0.00000,0.00000
57.291,2,57216.000,58383,192000,3999.688,120.0,8,15,2,0.00088,0.00088,0.00000,0.00000,0.00000
57.393,0,57374.000,65992,192000,3999.167,120.0,8,15,2,0.00046,0.00045,0.00046,0.00000,0.00000
57.393,1,57432.000,68746,192000,3999.792,120.0,8,15,2,0.00036,0.00036,0.00036,0.00000,0.00000
57.393,2,57317.000,63238,192000,3999.542,120.0,8,15,2,0.00058,0.00058,0.00000,0.00000,0.00000
57.495,0,57477.000,70897,192000,3999.979,120.0,8,15,2,0.00030,0.00030,0.00030,0.00000,0.00000
57.495,1,57534.000,73656,192000,3999.500,120.0,8,15,2,0.00023,0.00023,0.00023,0.00000,0.00000
57.495,2,57419.000,68138,192000,3999.458,120.0,8,15,2,0.00038,0.00038,0.00000,0.00000,0.00000
57.595,0,57577.000,75715,192000,3999.604,120.0,8,15,2,0.00020,0.00020,0.00020,0.00000,0.00000
57.595,1,57634.000,78479,192000,3999.021,120.0,8,15,2,0.00015,0.00015,0.00015,0.00000,0.00000
57.595,2,57519.000,72951,192000,3999.188,120.0,8,15,2,0.00025,0.00025,0.00000,0.00000,0.00000
57.698,0,57679.000,80638,192000,3999.042,120.0,8,15,2,0.00013,0.00013,0.00013,0.00000,0.00000
57.698,1,57737.000,83407,192000,3999.354,120.0,8,15,2,0.00010,0.00010,0.00010,0.00000,0.00000
57.698,2,57622.000,77870,192000,3999.708,120.0,8,15,2,0.00016,0.00016,0.00000,0.00000,0.00000
57.799,0,57781.000,85500,192000,3999.750,120.0,8,15,2,0.00008,0.00008,0.00008,0.00000,0.00000
57.799,1,57839.000,88273,192000,3999.979,120.0,8,15,2,0.00007,0.00007,0.00007,0.00000,0.00000
57.799,2,57723.000,82726,192000,3999.542,120.0,8,15,2,0.00011,0.00011,0.00000,0.00000,0.00000
57.902,0,57883.000,90419,192000,3999.271,120.0,8,15,2,0.00005,0.00005,0.00005,0.00000,0.00000
57.902,1,57941.000,93198,192000,3999.375,120.0,8,15,2,0.00004,0.00004,0.00004,0.00000,0.00000
57.902,2,57825.000,87641,192000,3999.146,120.0,8,15,2,0.00007,0.00007,0.00000,0.00000,0.00000
58.002,0,57983.000,95222,192000,3999.208,120.0,8,15,2,0.00004,0.00004,0.00004,0.00000,0.00000
58.002,1,58041.000,98005,192000,3999.229,120.0,8,15,2,0.00003,0.00003,0.00003,0.00000,0.00000
58.002,2,57925.000,92439,192000,3999.188,120.0,8,15,2,0.00005,0.00005,0.00000,0.00000,0.00000
58.102,0,58084.000,100063,192000,3999.354,120.0,8,15,2,0.00002,0.00002,0.00002,0.00000,0.00000
58.102,1,58142.000,102851,192000,3999.271,120.0,8,15,2,0.00002,0.00002,0.00002,0.00000,0.00000
58.102,2,58026.000,97275,192000,3999.438,120.0,8,15,2,0.00003,0.00003,0.00000,0.00000,0.00000
58.203,0,58185.000,104900,192000,3999.583,120.0,8,15,2,0.00002,0.00002,0.00002,0.00000,0.00000
58.203,1,58243.000,107693,192000,3999.396,120.0,8,15,2,0.00001,0.00001,0.00001,0.00000,0.00000
58.203,2,58127.000,102107,192000,3999.771,120.0,8,15,2,0.00002,0.00002,0.00000,0.00000,0.00000
58.305,0,58286.000,109765,192000,3999.229,120.0,8,15,2,0.00001,0.00001,0.00001,0.00000,0.00000
58.305,1,58345.000,112563,192000,3999.938,120.0,8,15,2,0.00001,0.00001,0.00001,0.00000,0.00000
58.305,2,58228.000,106967,192000,3999.521,120.0,8,15,2,0.00001,0.00001,0.00000,0.00000,0.00000
58.405,0,58387.000,114583,192000,3999.854,120.0,8,15,2,0.00001,0.00001,0.00001,0.00000,0.00000
58.405,1,58445.000,117386,192000,3999.458,120.0,8,15,2,0.00001,0.00001,0.00001,0.00000,0.00000
58.405,2,58328.000,111781,192000,3999.229,120.0,8,15,2,0.00001,0.00001,0.00000,0.00000,0.00000
58.506,0,58487.000,119421,192000,3999.062,120.0,8,15,2,0.00000,0.00000,0.00000,0.00000,0.00000
58.506,1,58546.000,122229,192000,3999.562,120.0,8,15,2,0.00000,0.00000,0.00000,0.00000,0.00000
58.506,2,58429.000,116614,192000,3999.542,120.0,8,15,2,0.00001,0.00001,0.00000,0.00000,0.00000
58.608,0,58589.000,124308,192000,3999.250,120.0,8,15,2,0.00000,0.00000,0.00000,0.00000,0.00000
58.608,1,58648.000,127120,192000,3999.667,120.0,8,15,2,0.00000,0.00000,0.00000,0.00000,0.00000
58.608,2,58531.000,121495,192000,3999.854,120.0,8,15,2,0.00000,0.00000,0.00000,0.00000,0.00000
58.711,0,58692.000,129256,192000,3999.167,120.0,8,15,2,0.00000,0.00000,0.00000,0.00000,0.00000
58.711,1,58751.000,132073,192000,3999.479,120.0,8,15,2,0.00000,0.00000,0.00000,0.00000,0.00000
58.711,2,58634.000,126439,192000,3999.854,120.0,8,15,2,0.00000,0.00000,0.00000,0.00000,0.00000
58.812,0,58794.000,134116,192000,3999.917,120.0,8,15,2,0.00000,0.00000,0.00000,0.00000,0.00000
58.812,1,58852.000,136938,192000,3999.125,120.0,8,15,2,0.00000,0.00000,0.00000,0.00000,0.00000
58.812,2,58735.000,131294,192000,3999.708,120.0,8,15,2,0.00000,0.00000,0.00000,0.00000,0.00000
58.913,0,58894.000,138950,192000,3999.208,120.0,8,15,2,0.00000,0.00000,0.00000,0.00000,0.00000
58.913,1,58953.000,141776,192000,3999.333,120.0,8,15,2,0.00000,0.00000,0.00000,0.00000,0.00000
58.913,2,58835.000,136123,192000,3999.104,120.0,8,15,2,0.00000,0.00000,0.00000,0.00000,0.00000
59.014,0,58996.000,143842,192000,3999.292,120.0,8,15,2,0.00000,0.00000,0.00000,0.00000,0.00000
59.014,1,59055.000,146673,192000,3999.312,120.0,8,15,2,0.00000,0.00000,0.00000,0.00000,0.00000
59.014,2,58937.000,141010,192000,3999.292,120.0,8,15,2,0.00000,0.00000,0.00000,0.00000,0.00000
59.117,0,59099.000,148780,192000,3999.417,120.0,8,15,2,0.00000,0.00000,0.00000,0.00000,0.00000
59.117,1,59158.000,151616,192000,3999.333,120.0,8,15,2,0.00000,0.00000,0.00000,0.00000,0.00000
59.117,2,59040.000,145943,192000,3999.521,120.0,8,15,2,0.00000,0.00000,0.00000,0.00000,0.00000
59.219,0,59200.000,153645,192000,3999.062,120.0,8,15,2,0.00000,0.00000,0.00000,0.00000,0.00000
59.219,1,59260.000,156487,192000,3999.854,120.0,8,15,2,0.00000,0.00000,0.00000,0.00000,0.00000
59.219,2,59141.000,150803,192000,3999.271,120.0,8,15,2,0.00000,0.00000,0.00000,0.00000,0.00000
59.321,0,59303.000,158558,192000,3999.708,120.0,8,15,2,0.00000,0.00000,0.00000,0.00000,0.00000
59.321,1,59362.000,161404,192000,3999.417,120.0,8,15,2,0.00000,0.00000,0.00000,0.00000,0.00000
59.321,2,59243.000,155711,192000,3999.021,120.0,8,15,2,0.00000,0.00000,0.00000,0.00000,0.00000
59.422,0,59403.000,163386,192000,3999.125,120.0,8,15,2,0.00000,0.00000,0.00000,0.00000,0.00000
59.422,1,59463.000,166238,192000,3999.708,120.0,8,15,2,0.00000,0.00000,0.00000,0.00000,0.00000
59.422,2,59344.000,160535,192000,3999.521,120.0,8,15,2,0.00000,0.00000,0.00000,0.00000,0.00000
59.522,0,59504.000,168213,192000,3999.562,120.0,8,15,2,0.00000,0.00000,0.00000,0.00000,0.00000
59.522,1,59563.000,171069,192000,3999.062,120.0,8,15,2,0.00000,0.00000,0.00000,0.00000,0.00000
59.522,2,59444.000,165357,192000,3999.062,120.0,8,15,2,0.00000,0.00000,0.00000,0.00000,0.00000
59.625,0,59607.000,173153,192000,3999.646,120.0,8,15,2,0.00000,0.00000,0.00000,0.00000,0.00000
59.625,1,59666.000,176014,192000,3999.042,120.0,8,15,2,0.00000,0.00000,0.00000,0.00000,0.00000
59.625,2,59547.000,170292,192000,3999.250,120.0,8,15,2,0.00000,0.00000,0.00000,0.00000,0.00000
59.728,0,59709.000,178078,192000,3999.042,120.0,8,15,2,0.00000,0.00000,0.00000,0.00000,0.00000
59.728,1,59769.000,180944,192000,3999.333,120.0,8,15,2,0.00000,0.00000,0.00000,0.00000,0.00000
59.728,2,59650.000,175212,192000,3999.750,120.0,8,15,2,0.00000,0.00000,0.00000,0.00000,0.00000
59.830,0,59811.000,182970,192000,3999.125,120.0,8,15,2,0.00000,0.00000,0.00000,0.00000,0.00000
59.830,1,59871.000,185841,192000,3999.312,120.0,8,15,2,0.00000,0.00000,0.00000,0.00000,0.00000
59.830,2,59752.000,180099,192000,3999.938,120.0,8,15,2,0.00000,0.00000,0.00000,0.00000,0.00000
59.933,0,59914.000,187909,192000,3999.229,120.0,8,15,2,0.00000,0.00000,0.00000,0.00000,0.00000
59.933,1,59974.000,190785,192000,3999.312,120.0,8,15,2,0.00000,0.00000,0.00000,0.00000,0.00000
59.933,2,59854.000,185033,192000,3999.146,120.0,8,15,2,0.00000,0.00000,0.00000,0.00000,0.00000
60.034,0,60016.000,779,192000,3999.771,120.0,8,16,2,0.00000,0.00000,0.00000,0.00000,0.00000
60.034,1,60076.000,3660,192000,3999.750,120.0,8,16,2,0.00000,0.00000,0.00000,0.00000,0.00000
60.034,2,59956.000,189899,192000,3999.771,120.0,8,15,2,0.00000,0.00000,0.00000,0.00000,0.00000
60.135,0,60117.000,5626,192000,3999.792,120.0,8,16,2,0.00000,0.00000,0.00000,0.00000,0.00000
60.135,1,60177.000,8511,192000,3999.688,120.0,8,16,2,0.00000,0.00000,0.00000,0.00000,0.00000
60.135,2,60057.000,2740,192000,3999.917,120.0,8,16,2,0.00000,0.00000,0.00000,0.00000,0.00000
60.236,0,60218.000,10487,192000,3999.521,120.0,8,16,2,0.00000,0.00000,0.00000,0.00000,0.00000
60.236,1,60278.000,13378,192000,3999.292,120.0,8,16,2,0.00000,0.00000,0.00000,0.00000,0.00000
60.236,2,60158.000,7597,192000,3999.729,120.0,8,16,2,0.00000,0.00000,0.00000,0.00000,0.00000
60.338,0,60320.000,15378,192000,3999.625,120.0,8,16,2,0.00000,0.00000,0.00000,0.00000,0.00000
60.338,1,60380.000,18273,192000,3999.312,120.0,8,16,2,0.00000,0.00000,0.00000,0.00000,0.00000
60.338,2,60260.000,12483,192000,3999.938,120.0,8,16,2,0.00000,0.00000,0.00000,0.00000,0.00000
60.438,0,60420.000,20183,192000,3999.521,120.0,8,16,2,0.00000,0.00000,0.00000,0.00000,0.00000
60.438,1,60480.000,23084,192000,3999.083,120.0,8,16,2,0.00000,0.00000,0.00000,0.00000,0.00000
60.438,2,60360.000,17283,192000,3999.938,120.0,8,16,2,0.00000,0.00000,0.00000,0.00000,0.00000
60.541,0,60523.000,25116,192000,3999.750,120.0,8,16,2,0.00000,0.00000,0.00000,0.00000,0.00000
60.541,1,60583.000,28022,192000,3999.208,120.0,8,16,2,0.00000,0.00000,0.00000,0.00000,0.00000
60.541,2,60462.000,22211,192000,3999.271,120.0,8,16,2,0.00000,0.00000,0.00000,0.00000,0.00000
60.641,0,60623.000,29917,192000,3999.729,120.0,8,16,2,0.00000,0.00000,0.00000,0.00000,0.00000
60.641,1,60683.000,32826,192000,3999.125,120.0,8,16,2,0.00000,0.00000,0.00000,0.00000,0.00000
60.641,2,60562.000,27007,192000,3999.354,120.0,8,16,2,0.00000,0.00000,0.00000,0.00000,0.00000
60.743,0,60725.000,34806,192000,3999.875,120.0,8,16,2,0.00000,0.00000,0.00000,0.00000,0.00000
60.743,1,60785.000,37721,192000,3999.146,120.0,8,16,2,0.00000,0.00000,0.00000,0.00000,0.00000
60.743,2,60664.000,31891,192000,3999.604,120.0,8,16,2,0.00000,0.00000,0.00000,0.00000,0.00000
60.844,0,60826.000,39666,192000,3999.625,120.0,8,16,2,0.00000,0.00000,0.00000,0.00000,0.00000
60.844,1,60887.000,42586,192000,3999.792,120.0,8,16,2,0.00000,0.00000,0.00000,0.00000,0.00000
60.844,2,60765.000,36746,192000,3999.458,120.0,8,16,2,0.00000,0.00000,0.00000,0.00000,0.00000
60.947,0,60929.000,44598,192000,3999.875,120.0,8,16,2,0.00000,0.00000,0.00000,0.00000,0.00000
60.947,1,60990.000,47523,192000,3999.938,120.0,8,16,2,0.00000,0.00000,0.00000,0.00000,0.00000
60.947,2,60868.000,41674,192000,3999.792,120.0,8,16,2,0.00000,0.00000,0.00000,0.00000,0.00000
61.048,0,61029.000,49437,192000,3999.062,120.0,8,16,2,0.00000,0.00000,0.00000,0.00000,0.00000
61.048,1,61090.000,52367,192000,3999.021,120.0,8,16,2,0.00000,0.00000,0.00000,0.00000,0.00000
61.048,2,60968.000,46508,192000,3999.083,120.0,8,16,2,0.00000,0.00000,0.00000,0.00000,0.00000
61.149,0,61131.000,54299,192000,3999.771,120.0,8,16,2,0.00000,0.00000,0.00000,0.00000,0.00000
61.149,1,61192.000,57233,192000,3999.646,120.0,8,16,2,0.00000,0.00000,0.00000,0.00000,0.00000
61.149,2,61070.000,51364,192000,3999.917,120.0,8,16,2,0.00000,0.00000,0.00000,0.00000,0.00000
61.251,0,61233.000,59197,192000,3999.729,120.0,8,16,2,0.00000,0.00000,0.00000,0.00000,0.00000
61.251,1,61294.000,62136,192000,3999.500,120.0,8,16,2,0.00000,0.00000,0.00000,0.00000,0.00000
61.251,2,61172.000,56258,192000,3999.958,120.0,8,16,2,0.00000,0.00000,0.00000,0.00000,0.00000
61.352,0,61333.000,64024,192000,3999.167,120.0,8,16,2,0.00000,0.00000,0.00000,0.00000,0.00000
61.352,1,61395.000,66968,192000,3999.833,120.0,8,16,2,0.00000,0.00000,0.00000,0.00000,0.00000
61.352,2,61272.000,61080,192000,3999.500,120.0,8,16,2,0.00000,0.00000,0.00000,0.00000,0.00000
61.452,0,61434.000,68833,192000,3999.979,120.0,8,16,2,0.00000,0.00000,0.00000,0.00000,0.00000
61.452,1,61495.000,71781,192000,3999.562,120.0,8,16,2,0.00000,0.00000,0.00000,0.00000,0.00000
61.452,2,61372.000,65884,192000,3999.417,120.0,8,16,2,0.00000,0.00000,0.00000,0.00000,0.00000
61.554,0,61536.000,73731,192000,3999.938,120.0,8,16,2,0.00000,0.00000,0.00000,0.00000,0.00000
61.554,1,61597.000,76685,192000,3999.396,120.0,8,16,2,0.00000,0.00000,0.00000,0.00000,0.00000
61.554,2,61474.000,70778,192000,3999.458,120.0,8,16,2,0.00000,0.00000,0.00000,0.00000,0.00000
61.654,0,61636.000,78537,192000,3999.812,120.0,8,16,2,0.00000,0.00000,0.00000,0.00000,0.00000
61.654,1,61697.000,81495,192000,3999.188,120.0,8,16,2,0.00000,0.00000,0.00000,0.00000,0.00000
61.654,2,61574.000,75578,192000,3999.458,120.0,8,16,2,0.00000,0.00000,0.00000,0.00000,0.00000
61.756,0,61737.000,83421,192000,3999.062,120.0,8,16,2,0.00000,0.00000,0.00000,0.00000,0.00000
61.756,1,61799.000,86385,192000,3999.312,120.0,8,16,2,0.00000,0.00000,0.00000,0.00000,0.00000
61.756,2,61676.000,80458,192000,3999.792,120.0,8,16,2,0.00000,0.00000,0.00000,0.00000,0.00000
61.858,0,61839.000,88310,192000,3999.208,120.0,8,16,2,0.00000,0.00000,0.00000,0.00000,0.00000
61.858,1,61901.000,91278,192000,3999.375,120.0,8,16,2,0.00000,0.00000,0.00000,0.00000,0.00000
61.858,2,61777.000,85342,192000,3999.042,120.0,8,16,2,0.00000,0.00000,0.00000,0.00000,0.00000
61.960,0,61942.000,93245,192000,3999.396,120.0,8,16,2,0.00000,0.00000,0.00000,0.00000,0.00000
61.960,1,62004.000,96218,192000,3999.458,120.0,8,16,2,0.00000,0.00000,0.00000,0.00000,0.00000
61.960,2,61880.000,90272,192000,3999.333,120.0,8,16,2,0.00000,0.00000,0.00000,0.00000,0.00000
62.061,0,62043.000,98090,192000,3999.458,120.0,8,16,2,0.00000,0.00000,0.00000,0.00000,0.00000
62.061,1,62105.000,101068,192000,3999.417,120.0,8,16,2,0.00000,0.00000,0.00000,0.00000,0.00000
62.061,2,61981.000,95112,192000,3999.500,120.0,8,16,2,0.00000,0.00000,0.00000,0.00000,0.00000
62.163,0,62145.000,102973,192000,3999.729,120.0,8,16,2,0.00000,0.00000,0.00000,0.00000,0.00000
62.163,1,62207.000,105955,192000,3999.604,120.0,8,16,2,0.00000,0.00000,0.00000,0.00000,0.00000
62.163,2,62083.000,99990,192000,3999.875,120.0,8,16,2,0.00000,0.00000,0.00000,0.00000,0.00000
62.263,0,62245.000,107787,192000,3999.438,120.0,8,16,2,0.00000,0.00000,0.00000,0.00000,0.00000
62.263,1,62307.000,110774,192000,3999.208,120.0,8,16,2,0.00000,0.00000,0.00000,0.00000,0.00000
62.263,2,62183.000,104799,192000,3999.688,120.0,8,16,2,0.00000,0.00000,0.00000,0.00000,0.00000
62.365,0,62347.000,112664,192000,3999.833,120.0,8,16,2,0.00000,0.00000,0.00000,0.00000,0.00000
62.365,1,62409.000,115657,192000,3999.479,120.0,8,16,2,0.00000,0.00000,0.00000,0.00000,0.00000
62.365,2,62284.000,109671,192000,3999.188,120.0,8,16,2,0.00000,0.00000,0.00000,0.00000,0.00000
62.468,0,62450.000,117629,192000,3999.396,120.0,8,16,2,0.00000,0.00000,0.00000,0.00000,0.00000
62.468,1,62513.000,120626,192000,3999.958,120.0,8,16,2,0.00000,0.00000,0.00000,0.00000,0.00000
62.468,2,62388.000,114631,192000,3999.854,120.0,8,16,2,0.00000,0.00000,0.00000,0.00000,0.00000
62.570,0,62552.000,122512,192000,3999.667,120.0,8,16,2,0.00000,0.00000,0.00000,0.00000,0.00000
62.570,1,62614.000,125515,192000,3999.104,120.0,8,16,2,0.00000,0.00000,0.00000,0.00000,0.00000
62.570,2,62489.000,119510,192000,3999.208,120.0,8,16,2,0.00000,0.00000,0.00000,0.00000,0.00000
62.671,0,62653.000,127371,192000,3999.438,120.0,8,16,2,0.00000,0.00000,0.00000,0.00000,0.00000
62.671,1,62716.000,130378,192000,3999.792,120.0,8,16,2,0.00000,0.00000,0.00000,0.00000,0.00000
62.671,2,62590.000,124364,192000,3999.083,120.0,8,16,2,0.00000,0.00000,0.00000,0.00000,0.00000
62.774,0,62756.000,132297,192000,3999.812,120.0,8,16,2,0.00000,0.00000,0.00000,0.00000,0.00000
62.774,1,62818.000,135309,192000,3999.062,120.0,8,16,2,0.00000,0.00000,0.00000,0.00000,0.00000
62.774,2,62693.000,129285,192000,3999.562,120.0,8,16,2,0.00000,0.00000,0.00000,0.00000,0.00000
62.876,0,62858.000,137187,192000,3999.938,120.0,8,16,2,0.00000,0.00000,0.00000,0.00000,0.00000
62.876,1,62920.000,140204,192000,3999.083,120.0,8,16,2,0.00000,0.00000,0.00000,0.00000,0.00000
62.876,2,62795.000,134170,192000,3999.792,120.0,8,16,2,0.00000,0.00000,0.00000,0.00000,0.00000
62.977,0,62959.000,142055,192000,3999.521,120.0,8,16,2,0.00000,0.00000,0.00000,0.00000,0.00000
62.977,1,63022.000,145077,192000,3999.562,120.0,8,16,2,0.00000,0.00000,0.00000,0.00000,0.00000
62.977,2,62896.000,139033,192000,3999.479,120.0,8,16,2,0.00000,0.00000,0.00000,0.00000,0.00000
63.080,0,63062.000,146980,192000,3999.917,120.0,8,16,2,0.00000,0.00000,0.00000,0.00000,0.00000
63.080,1,63125.000,150007,192000,3999.854,120.0,8,16,2,0.00000,0.00000,0.00000,0.00000,0.00000
63.080,2,62999.000,143953,192000,3999.979,120.0,8,16,2,0.00000,0.00000,0.00000,0.00000,0.00000
63.180,0,63162.000,151799,192000,3999.521,120.0,8,16,2,0.00000,0.00000,0.00000,0.00000,0.00000
63.180,1,63225.000,154830,192000,3999.375,120.0,8,16,2,0.00000,0.00000,0.00000,0.00000,0.00000
63.180,2,63099.000,148767,192000,3999.688,120.0,8,16,2,0.00000,0.00000,0.00000,0.00000,0.00000
63.281,0,63262.000,156611,192000,3999.271,120.0,8,16,2,0.00000,0.00000,0.00000,0.00000,0.00000
63.281,1,63326.000,159648,192000,0.000,120.0,8,16,2,0.00000,0.00000,0.00000,0.00000,0.00000
63.281,2,63199.000,153575,192000,3999.521,120.0,8,16,2,0.00000,0.00000,0.00000,0.00000,0.00000
63.383,0,63364.000,161518,192000,3999.042,120.0,8,16,2,0.00000,0.00000,0.00000,0.00000,0.00000
63.383,1,63428.000,164559,192000,3999.688,120.0,8,16,2,0.00000,0.00000,0.00000,0.00000,0.00000
63.383,2,63301.000,158476,192000,3999.417,120.0,8,16,2,0.00000,0.00000,0.00000,0.00000,0.00000
63.486,0,63467.000,166451,192000,3999.271,120.0,8,16,2,0.00000,0.00000,0.00000,0.00000,0.00000
63.486,1,63531.000,169497,192000,3999.812,120.0,8,16,2,0.00000,0.00000,0.00000,0.00000,0.00000
63.486,2,63404.000,163404,192000,3999.750,120.0,8,16,2,0.00000,0.00000,0.00000,0.00000,0.00000
63.586,0,63568.000,171264,192000,0.000,120.0,8,16,2,0.00000,0.00000,0.00000,0.00000,0.00000
63.586,1,63631.000,174315,192000,3999.438,120.0,8,16,2,0.00000,0.00000,0.00000,0.00000,0.00000
63.586,2,63504.000,168213,192000,3999.562,120.0,8,16,2,0.00000,0.00000,0.00000,0.00000,0.00000
63.686,0,63668.000,176066,192000,3999.958,120.0,8,16,2,0.00000,0.00000,0.00000,0.00000,0.00000
63.686,1,63731.000,179122,192000,3999.292,120.0,8,16,2,0.00000,0.00000,0.00000,0.00000,0.00000
63.686,2,63604.000,173010,192000,3999.625,120.0,8,16,2,0.00000,0.00000,0.00000,0.00000,0.00000
63.788,0,63770.000,180981,192000,3999.562,120.0,8,16,2,0.00000,0.00000,0.00000,0.00000,0.00000
63.788,1,63834.000,184042,192000,3999.792,120.0,8,16,2,0.00000,0.00000,0.00000,0.00000,0.00000
63.788,2,63706.000,177920,192000,3999.333,120.0,8,16,2,0.00000,0.00000,0.00000,0.00000,0.00000
63.890,0,63872.000,185887,192000,3999.354,120.0,8,16,2,0.00000,0.00000,0.00000,0.00000,0.00000
63.890,1,63936.000,188953,192000,3999.479,120.0,8,16,2,0.00000,0.00000,0.00000,0.00000,0.00000
63.890,2,63808.000,182821,192000,3999.229,120.0,8,16,2,0.00000,0.00000,0.00000,0.00000,0.00000
63.993,0,63975.000,190821,192000,3999.562,120.0,8,16,2,0.00000,0.00000,0.00000,0.00000,0.00000
63.993,1,64039.000,1891,192000,3999.604,120.0,8,17,2,0.00000,0.00000,0.00000,0.00000,0.00000
63.993,2,63911.000,187750,192000,3999.542,120.0,8,16,2,0.00000,0.00000,0.00000,0.00000,0.00000
64.095,0,64077.000,3725,192000,3999.396,120.0,8,17,2,0.00000,0.00000,0.00000,0.00000,0.00000
64.095,1,64141.000,6801,192000,3999.312,120.0,8,17,2,0.00000,0.00000,0.00000,0.00000,0.00000
64.095,2,64013.000,650,192000,3999.458,120.0,8,17,2,0.09369,0.00000,0.09369,0.00000,0.00000
64.197,0,64178.000,8583,192000,3999.188,120.0,8,17,2,0.00000,0.00000,0.00000,0.00000,0.00000
64.197,1,64243.000,11664,192000,0.000,120.0,8,17,2,0.00000,0.00000,0.00000,0.00000,0.00000
64.197,2,64114.000,5503,192000,3999.354,120.0,8,17,2,0.08585,0.00000,0.08585,0.00000,0.00000
64.298,0,64280.000,13451,192000,3999.771,120.0,8,17,2,0.00000,0.00000,0.00000,0.00000,0.00000
64.298,1,64344.000,16536,192000,3999.500,120.0,8,17,2,0.00000,0.00000,0.00000,0.00000,0.00000
64.298,2,64215.000,10366,192000,3999.042,120.0,8,17,2,0.05633,0.00000,0.05633,0.00000,0.00000
64.399,0,64381.000,18317,192000,3999.396,120.0,8,17,2,0.00000,0.00000,0.00000,0.00000,0.00000
64.399,1,64445.000,21407,192000,3999.021,120.0,8,17,2,0.00000,0.00000,0.00000,0.00000,0.00000
64.399,2,64317.000,15226,192000,3999.792,120.0,8,17,2,0.03697,0.00000,0.03697,0.00000,0.00000
64.500,0,64481.000,23129,192000,3999.146,120.0,8,17,2,0.00000,0.00000,0.00000,0.00000,0.00000
64.500,1,64546.000,26224,192000,3999.667,120.0,8,17,2,0.00000,0.00000,0.00000,0.00000,0.00000
64.500,2,64417.000,20034,192000,3999.625,120.0,8,17,2,0.02438,0.00000,0.02438,0.00000,0.00000
64.601,0,64582.000,27982,192000,3999.042,120.0,8,17,2,0.00000,0.00000,0.00000,0.00000,0.00000
64.601,1,64647.000,31082,192000,3999.458,120.0,8,17,2,0.00000,0.00000,0.00000,0.00000,0.00000
64.601,2,64518.000,24882,192000,3999.625,120.0,8,17,2,0.01602,0.00000,0.01602,0.00000,0.00000
64.703,0,64684.000,32879,192000,3999.021,120.0,8,17,2,0.00000,0.00000,0.00000,0.00000,0.00000
64.703,1,64749.000,35984,192000,3999.333,120.0,8,17,2,0.00000,0.00000,0.00000,0.00000,0.00000
64.703,2,64620.000,29774,192000,3999.708,120.0,8,17,2,0.01048,0.00000,0.01048,0.00000,0.00000
64.804,0,64785.000,37715,192000,3999.271,120.0,8,17,2,0.00000,0.00000,0.00000,0.00000,0.00000
64.804,1,64850.000,40824,192000,3999.500,120.0,8,17,2,0.00000,0.00000,0.00000,0.00000,0.00000
64.804,2,64720.000,34605,192000,3999.062,120.0,8,17,2,0.00690,0.00000,0.00690,0.00000,0.00000
64.904,0,64886.000,42532,192000,3999.917,120.0,8,17,2,0.00000,0.00000,0.00000,0.00000,0.00000
64.904,1,64950.000,45646,192000,3999.042,120.0,8,17,2,0.00000,0.00000,0.00000,0.00000,0.00000
64.904,2,64821.000,39417,192000,3999.812,120.0,8,17,2,0.00455,0.00000,0.00455,0.00000,0.00000
65.007,0,64988.000,47466,192000,3999.125,120.0,8,17,2,0.00000,0.00000,0.00000,0.00000,0.00000
65.007,1,65053.000,50586,192000,3999.125,120.0,8,17,2,0.00000,0.00000,0.00000,0.00000,0.00000
65.007,2,64923.000,44347,192000,3999.104,120.0,8,17,2,0.00297,0.00000,0.00297,0.00000,0.00000
65.107,0,65089.000,52297,192000,3999.479,120.0,8,17,2,0.00000,0.00000,0.00000,0.00000,0.00000
65.107,1,65154.000,55421,192000,3999.396,120.0,8,17,2,0.00000,0.00000,0.00000,0.00000,0.00000
65.107,2,65024.000,49173,192000,3999.562,120.0,8,17,2,0.00195,0.00000,0.00195,0.00000,0.00000
65.209,0,65191.000,57180,192000,3999.750,120.0,8,17,2,0.00000,0.00000,0.00000,0.00000,0.00000
65.209,1,65256.000,60309,192000,3999.562,120.0,8,17,2,0.00000,0.00000,0.00000,0.00000,0.00000
65.209,2,65126.000,54051,192000,3999.938,120.0,8,17,2,0.00128,0.00000,0.00128,0.00000,0.00000
65.310,0,65292.000,62024,192000,3999.833,120.0,8,17,2,0.00000,0.00000,0.00000,0.00000,0.00000
65.310,1,65357.000,65158,192000,3999.542,120.0,8,17,2,0.00000,0.00000,0.00000,0.00000,0.00000
65.310,2,65226.000,58890,192000,3999.125,120.0,8,17,2,0.00084,0.00000,0.00084,0.00000,0.00000
65.411,0,65393.000,66893,192000,3999.396,120.0,8,17,2,0.00000,0.00000,0.00000,0.00000,0.00000
65.411,1,65459.000,70032,192000,0.000,120.0,8,17,2,0.00000,0.00000,0.00000,0.00000,0.00000
65.411,2,65328.000,63754,192000,3999.792,120.0,8,17,2,0.00055,0.00000,0.00055,0.00000,0.00000
65.513,0,65494.000,71755,192000,3999.104,120.0,8,17,2,0.00000,0.00000,0.00000,0.00000,0.00000
65.513,1,65560.000,74899,192000,3999.604,120.0,8,17,2,0.00000,0.00000,0.00000,0.00000,0.00000
65.513,2,65429.000,68611,192000,3999.604,120.0,8,17,2,0.00036,0.00000,0.00036,0.00000,0.00000
65.614,0,65596.000,76634,192000,3999.458,120.0,8,17,2,0.00000,0.00000,0.00000,0.00000,0.00000
65.614,1,65662.000,79783,192000,3999.854,120.0,8,17,2,0.00000,0.00000,0.00000,0.00000,0.00000
65.614,2,65530.000,73486,192000,3999.042,120.0,8,17,2,0.00024,0.00000,0.00024,0.00000,0.00000
65.716,0,65698.000,81524,192000,3999.583,120.0,8,17,2,0.00000,0.00000,0.00000,0.00000,0.00000
65.716,1,65764.000,84677,192000,3999.896,120.0,8,17,2,0.00000,0.00000,0.00000,0.00000,0.00000
65.716,2,65632.000,78370,192000,3999.292,120.0,8,17,2,0.00016,0.00000,0.00016,0.00000,0.00000
65.816,0,65798.000,86325,192000,3999.562,120.0,8,17,2,0.00000,0.00000,0.00000,0.00000,0.00000
65.816,1,65864.000,89483,192000,3999.771,120.0,8,17,2,0.00000,0.00000,0.00000,0.00000,0.00000
65.816,2,65732.000,83167,192000,3999.354,120.0,8,17,2,0.00010,0.00000,0.00010,0.00000,0.00000
65.917,0,65899.000,91158,192000,3999.875,120.0,8,17,2,0.00000,0.00000,0.00000,0.00000,0.00000
65.917,1,65965.000,94321,192000,3999.979,120.0,8,17,2,0.00000,0.00000,0.00000,0.00000,0.00000
65.917,2,65833.000,87994,192000,3999.792,120.0,8,17,2,0.00007,0.00000,0.00007,0.00000,0.00000
66.020,0,66001.000,96087,192000,3999.188,120.0,8,17,2,0.00000,0.00000,0.00000,0.00000,0.00000
66.020,1,66067.000,99255,192000,3999.188,120.0,8,17,2,0.00000,0.00000,0.00000,0.00000,0.00000
66.020,2,65935.000,92919,192000,3999.188,120.0,8,17,2,0.00004,0.00000,0.00004,0.00000,0.00000
66.122,0,66104.000,101017,192000,3999.479,120.0,8,17,2,0.00000,0.00000,0.00000,0.00000,0.00000
66.122,1,66170.000,104190,192000,3999.375,120.0,8,17,2,0.00000,0.00000,0.00000,0.00000,0.00000
66.122,2,66038.000,97844,192000,3999.583,120.0,8,17,2,0.00003,0.00000,0.00003,0.00000,0.00000
66.223,0,66205.000,105854,192000,3999.708,120.0,8,17,2,0.00000,0.00000,0.00000,0.00000,0.00000
66.223,1,66271.000,109032,192000,3999.500,120.0,8,17,2,0.00000,0.00000,0.00000,0.00000,0.00000
66.223,2,66139.000,102676,192000,3999.917,120.0,8,17,2,0.00002,0.00000,0.00002,0.00000,0.00000
66.326,0,66308.000,110802,192000,3999.625,120.0,8,17,2,0.00000,0.00000,0.00000,0.00000,0.00000
66.326,1,66374.000,113985,192000,3999.312,120.0,8,17,2,0.00000,0.00000,0.00000,0.00000,0.00000
66.326,2,66242.000,107619,192000,3999.938,120.0,8,17,2,0.00001,0.00000,0.00001,0.00000,0.00000
66.428,0,66410.000,115691,192000,3999.771,120.0,8,17,2,0.00000,0.00000,0.00000,0.00000,0.00000
66.428,1,66476.000,118879,192000,3999.354,120.0,8,17,2,0.00000,0.00000,0.00000,0.00000,0.00000
66.428,2,66343.000,112503,192000,3999.188,120.0,8,17,2,0.00001,0.00000,0.00001,0.00000,0.00000
66.529,0,66511.000,120531,192000,3999.938,120.0,8,17,2,0.00000,0.00000,0.00000,0.00000,0.00000
66.529,1,66577.000,123723,192000,3999.438,120.0,8,17,2,0.00000,0.00000,0.00000,0.00000,0.00000
66.529,2,66444.000,117338,192000,3999.458,120.0,8,17,2,0.00001,0.00000,0.00001,0.00000,0.00000
66.631,0,66613.000,125436,192000,3999.750,120.0,8,17,2,0.00000,0.00000,0.00000,0.00000,0.00000
66.631,1,66679.000,128633,192000,3999.146,120.0,8,17,2,0.00000,0.00000,0.00000,0.00000,0.00000
66.631,2,66546.000,122238,192000,3999.375,120.0,8,17,2,0.00000,0.00000,0.00000,0.00000,0.00000
66.733,0,66714.000,130319,192000,3999.021,120.0,8,17,2,0.00000,0.00000,0.00000,0.00000,0.00000
66.733,1,66781.000,133522,192000,3999.292,120.0,8,17,2,0.00000,0.00000,0.00000,0.00000,0.00000
66.733,2,66648.000,127117,192000,3999.729,120.0,8,17,2,0.00000,0.00000,0.00000,0.00000,0.00000
66.834,0,66816.000,135196,192000,3999.417,120.0,8,17,2,0.00000,0.00000,0.00000,0.00000,0.00000
66.834,1,66883.000,138404,192000,3999.583,120.0,8,17,2,0.00000,0.00000,0.00000,0.00000,0.00000
66.834,2,66749.000,131989,192000,3999.229,120.0,8,17,2,0.00000,0.00000,0.00000,0.00000,0.00000
66.936,0,66918.000,140071,192000,3999.854,120.0,8,17,2,0.00000,0.00000,0.00000,0.00000,0.00000
66.936,1,66985.000,143283,192000,3999.938,120.0,8,17,2,0.00000,0.00000,0.00000,0.00000,0.00000
66.936,2,66851.000,136859,192000,3999.771,120.0,8,17,2,0.00000,0.00000,0.00000,0.00000,0.00000
67.037,0,67019.000,144917,192000,3999.896,120.0,8,17,2,0.00000,0.00000,0.00000,0.00000,0.00000
67.037,1,67086.000,148134,192000,3999.875,120.0,8,17,2,0.00000,0.00000,0.00000,0.00000,0.00000
67.037,2,66952.000,141701,192000,3999.896,120.0,8,17,2,0.00000,0.00000,0.00000,0.00000,0.00000
67.139,0,67120.000,149801,192000,3999.146,120.0,8,17,2,0.00000,0.00000,0.00000,0.00000,0.00000
67.139,1,67187.000,153023,192000,3999.021,120.0,8,17,2,0.00000,0.00000,0.00000,0.00000,0.00000
67.139,2,67053.000,146579,192000,3999.271,120.0,8,17,2,0.00000,0.00000,0.00000,0.00000,0.00000
67.241,0,67223.000,154710,192000,3999.875,120.0,8,17,2,0.00000,0.00000,0.00000,0.00000,0.00000
67.241,1,67290.000,157936,192000,3999.667,120.0,8,17,2,0.00000,0.00000,0.00000,0.00000,0.00000
67.241,2,67155.000,151483,192000,3999.104,120.0,8,17,2,0.00000,0.00000,0.00000,0.00000,0.00000
67.342,0,67324.000,159571,192000,3999.604,120.0,8,17,2,0.00000,0.00000,0.00000,0.00000,0.00000
67.342,1,67391.000,162802,192000,3999.292,120.0,8,17,2,0.00000,0.00000,0.00000,0.00000,0.00000
67.342,2,67257.000,156339,192000,3999.938,120.0,8,17,2,0.00000,0.00000,0.00000,0.00000,0.00000
67.443,0,67425.000,164424,192000,3999.500,120.0,8,17,2,0.00000,0.00000,0.00000,0.00000,0.00000
67.443,1,67492.000,167661,192000,3999.062,120.0,8,17,2,0.00000,0.00000,0.00000,0.00000,0.00000
67.443,2,67358.000,161188,192000,3999.917,120.0,8,17,2,0.00000,0.00000,0.00000,0.00000,0.00000
67.546,0,67528.000,169356,192000,3999.750,120.0,8,17,2,0.00000,0.00000,0.00000,0.00000,0.00000
67.546,1,67595.000,172597,192000,3999.229,120.0,8,17,2,0.00000,0.00000,0.00000,0.00000,0.00000
67.546,2,67460.000,166115,192000,3999.271,120.0,8,17,2,0.00000,0.00000,0.00000,0.00000,0.00000
67.646,0,67628.000,174169,192000,3999.479,120.0,8,17,2,0.00000,0.00000,0.00000,0.00000,0.00000
67.646,1,67696.000,177415,192000,3999.854,120.0,8,17,2,0.00000,0.00000,0.00000,0.00000,0.00000
67.646,2,67560.000,170923,192000,3999.104,120.0,8,17,2,0.00000,0.00000,0.00000,0.00000,0.00000
67.747,0,67729.000,179001,192000,3999.812,120.0,8,17,2,0.00000,0.00000,0.00000,0.00000,0.00000
67.747,1,67796.000,182252,192000,3999.083,120.0,8,17,2,0.00000,0.00000,0.00000,0.00000,0.00000
67.747,2,67661.000,175750,192000,3999.542,120.0,8,17,2,0.00000,0.00000,0.00000,0.00000,0.00000
67.849,0,67831.000,183919,192000,3999.354,120.0,8,17,2,0.00000,0.00000,0.00000,0.00000,0.00000
67.849,1,67899.000,187175,192000,3999.521,120.0,8,17,2,0.00000,0.00000,0.00000,0.00000,0.00000
67.849,2,67763.000,180664,192000,3999.167,120.0,8,17,2,0.00000,0.00000,0.00000,0.00000,0.00000
67.951,0,67932.000,188781,192000,3999.062,120.0,8,17,2,0.00000,0.00000,0.00000,0.00000,0.00000
67.951,1,68000.000,42,192000,3999.125,120.0,8,18,2,0.00017,0.00017,0.00016,0.00000,0.00000
67.951,2,67865.000,185520,192000,0.000,120.0,8,17,2,0.00000,0.00000,0.00000,0.00000,0.00000
68.052,0,68033.000,1623,192000,3999.188,120.0,8,18,2,0.11958,0.11947,0.11958,0.00000,0.00000
68.052,1,68101.000,4888,192000,3999.167,120.0,8,18,2,0.09051,0.09051,0.09029,0.00000,0.00000
68.052,2,67965.000,190357,192000,3999.229,120.0,8,17,2,0.00000,0.00000,0.00000,0.00000,0.00000
68.153,0,68134.000,6471,192000,3999.188,120.0,8,18,2,0.07857,0.07849,0.07857,0.00000,0.00000
68.153,1,68202.000,9742,192000,3999.042,120.0,8,18,2,0.05944,0.05944,0.05929,0.00000,0.00000
68.153,2,68066.000,3201,192000,3999.312,120.0,8,18,2,0.10445,0.10445,0.00000,0.00000,0.00000
68.255,0,68237.000,11378,192000,3999.958,120.0,8,18,2,0.05136,0.05131,0.05136,0.00000,0.00000
68.255,1,68305.000,14654,192000,3999.708,120.0,8,18,2,0.03884,0.03884,0.03874,0.00000,0.00000
68.255,2,68168.000,8103,192000,3999.188,120.0,8,18,2,0.06831,0.06831,0.00000,0.00000,0.00000
68.356,0,68338.000,16232,192000,3999.833,120.0,8,18,2,0.03372,0.03369,0.03372,0.00000,0.00000
68.356,1,68406.000,19512,192000,3999.500,120.0,8,18,2,0.02549,0.02549,0.02543,0.00000,0.00000
68.356,2,68269.000,12951,192000,3999.188,120.0,8,18,2,0.04488,0.04488,0.00000,0.00000,0.00000
68.456,0,68438.000,21052,192000,3999.417,120.0,8,18,2,0.02221,0.02219,0.02221,0.00000,0.00000
68.456,1,68507.000,24337,192000,3999.979,120.0,8,18,2,0.01678,0.01678,0.01674,0.00000,0.00000
68.456,2,68370.000,17767,192000,3999.854,120.0,8,18,2,0.02957,0.02957,0.00000,0.00000,0.00000
68.560,0,68542.000,26026,192000,3999.792,120.0,8,18,2,0.01443,0.01442,0.01443,0.00000,0.00000
68.560,1,68610.000,29316,192000,3999.250,120.0,8,18,2,0.01090,0.01090,0.01087,0.00000,0.00000
68.560,2,68473.000,22736,192000,3999.333,120.0,8,18,2,0.01922,0.01922,0.00000,0.00000,0.00000
68.662,0,68644.000,30940,192000,3999.417,120.0,8,18,2,0.00943,0.00942,0.00943,0.00000,0.00000
68.662,1,68713.000,34235,192000,3999.771,120.0,8,18,2,0.00712,0.00712,0.00710,0.00000,0.00000
68.662,2,68575.000,27645,192000,3999.062,120.0,8,18,2,0.01256,0.01256,0.00000,0.00000,0.00000
68.765,0,68746.000,35849,192000,3999.146,120.0,8,18,2,0.00616,0.00616,0.00616,0.00000,0.00000
68.765,1,68815.000,39149,192000,3999.396,120.0,8,18,2,0.00465,0.00465,0.00464,0.00000,0.00000
68.765,2,68678.000,32550,192000,3999.875,120.0,8,18,2,0.00821,0.00821,0.00000,0.00000,0.00000
68.865,0,68847.000,40685,192000,3999.396,120.0,8,18,2,0.00405,0.00405,0.00405,0.00000,0.00000
68.865,1,68916.000,43989,192000,3999.562,120.0,8,18,2,0.00306,0.00306,0.00305,0.00000,0.00000
68.865,2,68778.000,37380,192000,3999.250,120.0,8,18,2,0.00541,0.00541,0.00000,0.00000,0.00000
68.966,0,68948.000,45523,192000,3999.604,120.0,8,18,2,0.00267,0.00266,0.00267,0.00000,0.00000
68.966,1,69017.000,48833,192000,3999.646,120.0,8,18,2,0.00201,0.00201,0.00200,0.00000,0.00000
68.966,2,68879.000,42214,192000,3999.542,120.0,8,18,2,0.00356,0.00356,0.00000,0.00000,0.00000
69.069,0,69050.000,50437,192000,3999.229,120.0,8,18,2,0.00174,0.00174,0.00174,0.00000,0.00000
69.069,1,69119.000,53751,192000,3999.188,120.0,8,18,2,0.00131,0.00131,0.00131,0.00000,0.00000
69.069,2,68981.000,47122,192000,3999.292,120.0,8,18,2,0.00232,0.00232,0.00000,0.00000,0.00000
69.170,0,69152.000,55296,192000,0.000,120.0,8,18,2,0.00114,0.00114,0.00114,0.00000,0.00000
69.170,1,69221.000,58615,192000,3999.854,120.0,8,18,2,0.00086,0.00086,0.00086,0.00000,0.00000
69.170,2,69082.000,51976,192000,3999.167,120.0,8,18,2,0.00153,0.00153,0.00000,0.00000,0.00000
69.270,0,69252.000,60110,192000,3999.708,120.0,8,18,2,0.00075,0.00075,0.00075,0.00000,0.00000
69.270,1,69321.000,63435,192000,3999.438,120.0,8,18,2,0.00057,0.00057,0.00057,0.00000,0.00000
69.270,2,69183.000,56786,192000,3999.958,120.0,8,18,2,0.00101,0.00101,0.00000,0.00000,0.00000
69.370,0,69352.000,64924,192000,3999.417,120.0,8,18,2,0.00050,0.00050,0.00050,0.00000,0.00000
69.370,1,69421.000,68253,192000,3999.062,120.0,8,18,2,0.00037,0.00037,0.00037,0.00000,0.00000
69.370,2,69283.000,61595,192000,3999.771,120.0,8,18,2,0.00066,0.00066,0.00000,0.00000,0.00000
69.471,0,69452.000,69732,192000,3999.250,120.0,8,18,2,0.00033,0.00033,0.00033,0.00000,0.00000
69.471,1,69522.000,73065,192000,3999.812,120.0,8,18,2,0.00025,0.00025,0.00025,0.00000,0.00000
69.471,2,69383.000,66398,192000,3999.708,120.0,8,18,2,0.00044,0.00044,0.00000,0.00000,0.00000
69.571,0,69553.000,74549,192000,3999.896,120.0,8,18,2,0.00022,0.00022,0.00022,0.00000,0.00000
69.571,1,69622.000,77888,192000,3999.333,120.0,8,18,2,0.00016,0.00016,0.00016,0.00000,0.00000
69.571,2,69483.000,71211,192000,3999.438,120.0,8,18,2,0.00029,0.00029,0.00000,0.00000,0.00000
69.673,0,69655.000,79474,192000,3999.292,120.0,8,18,2,0.00014,0.00014,0.00014,0.00000,0.00000
69.673,1,69725.000,82817,192000,3999.646,120.0,8,18,2,0.00011,0.00011,0.00011,0.00000,0.00000
69.673,2,69586.000,76131,192000,3999.938,120.0,8,18,2,0.00019,0.00019,0.00000,0.00000,0.00000
69.776,0,69758.000,84405,192000,3999.562,120.0,8,18,2,0.00009,0.00009,0.00009,0.00000,0.00000
69.776,1,69828.000,87753,192000,3999.812,120.0,8,18,2,0.00007,0.00007,0.00007,0.00000,0.00000
69.776,2,69688.000,81056,192000,3999.333,120.0,8,18,2,0.00012,0.00012,0.00000,0.00000,0.00000
69.879,0,69861.000,89342,192000,3999.708,120.0,8,18,2,0.00006,0.00006,0.00006,0.00000,0.00000
69.879,1,69931.000,92696,192000,3999.833,120.0,8,18,2,0.00004,0.00004,0.00004,0.00000,0.00000
69.879,2,69791.000,85989,192000,3999.562,120.0,8,18,2,0.00008,0.00008,0.00000,0.00000,0.00000
69.981,0,69963.000,94243,192000,3999.604,120.0,8,18,2,0.00004,0.00004,0.00004,0.00000,0.00000
69.981,1,70033.000,97601,192000,3999.646,120.0,8,18,2,0.00003,0.00003,0.00003,0.00000,0.00000
69.981,2,69893.000,90885,192000,3999.562,120.0,8,18,2,0.00005,0.00005,0.00000,0.00000,0.00000
70.081,0,70063.000,99047,192000,3999.521,120.0,8,18,2,0.00003,0.00003,0.00003,0.00000,0.00000
70.081,1,70133.000,102410,192000,3999.458,120.0,8,18,2,0.00002,0.00002,0.00002,0.00000,0.00000
70.081,2,69993.000,95684,192000,3999.583,120.0,8,18,2,0.00003,0.00003,0.00000,0.00000,0.00000
70.182,0,70164.000,103873,192000,3999.979,120.0,8,18,2,0.00002,0.00002,0.00002,0.00000,0.00000
70.182,1,70234.000,107241,192000,3999.812,120.0,8,18,2,0.00001,0.00001,0.00001,0.00000,0.00000
70.182,2,70093.000,100505,192000,3999.146,120.0,8,18,2,0.00002,0.00002,0.00000,0.00000,0.00000
70.282,0,70264.000,108699,192000,3999.438,120.0,8,18,2,0.00001,0.00001,0.00001,0.00000,0.00000
70.282,1,70334.000,112072,192000,3999.167,120.0,8,18,2,0.00001,0.00001,0.00001,0.00000,0.00000
70.282,2,70194.000,105326,192000,3999.708,120.0,8,18,2,0.00001,0.00001,0.00000,0.00000,0.00000
70.383,0,70365.000,113526,192000,3999.875,120.0,8,18,2,0.00001,0.00001,0.00001,0.00000,0.00000
70.383,1,70435.000,116903,192000,3999.521,120.0,8,18,2,0.00001,0.00001,0.00001,0.00000,0.00000
70.383,2,70294.000,110148,192000,3999.250,120.0,8,18,2,0.00001,0.00001,0.00000,0.00000,0.00000
70.485,0,70467.000,118444,192000,3999.417,120.0,8,18,2,0.00000,0.00000,0.00000,0.00000,0.00000
70.485,1,70538.000,121826,192000,3999.958,120.0,8,18,2,0.00000,0.00000,0.00000,0.00000,0.00000
70.485,2,70397.000,115061,192000,3999.896,120.0,8,18,2,0.00001,0.00001,0.00000,0.00000,0.00000
70.588,0,70569.000,123349,192000,3999.229,120.0,8,18,2,0.00000,0.00000,0.00000,0.00000,0.00000
70.588,1,70640.000,126737,192000,3999.646,120.0,8,18,2,0.00000,0.00000,0.00000,0.00000,0.00000
70.588,2,70499.000,119962,192000,3999.792,120.0,8,18,2,0.00000,0.00000,0.00000,0.00000,0.00000
70.689,0,70671.000,128240,192000,3999.333,120.0,8,18,2,0.00000,0.00000,0.00000,0.00000,0.00000
70.689,1,70742.000,131632,192000,3999.667,120.0,8,18,2,0.00000,0.00000,0.00000,0.00000,0.00000
70.689,2,70600.000,124847,192000,3999.021,120.0,8,18,2,0.00000,0.00000,0.00000,0.00000,0.00000
70.792,0,70774.000,133173,192000,3999.562,120.0,8,18,2,0.00000,0.00000,0.00000,0.00000,0.00000
70.792,1,70845.000,136570,192000,3999.792,120.0,8,18,2,0.00000,0.00000,0.00000,0.00000,0.00000
70.792,2,70703.000,129776,192000,3999.333,120.0,8,18,2,0.00000,0.00000,0.00000,0.00000,0.00000
70.892,0,70874.000,137978,192000,3999.458,120.0,8,18,2,0.00000,0.00000,0.00000,0.00000,0.00000
70.892,1,70945.000,141380,192000,3999.583,120.0,8,18,2,0.00000,0.00000,0.00000,0.00000,0.00000
70.892,2,70803.000,134576,192000,3999.333,120.0,8,18,2,0.00000,0.00000,0.00000,0.00000,0.00000
70.994,0,70976.000,142848,192000,0.000,120.0,8,18,2,0.00000,0.00000,0.00000,0.00000,0.00000
70.994,1,71046.000,146255,192000,3999.021,120.0,8,18,2,0.00000,0.00000,0.00000,0.00000,0.00000
70.994,2,70905.000,139441,192000,3999.979,120.0,8,18,2,0.00000,0.00000,0.00000,0.00000,0.00000
71.096,0,71077.000,147740,192000,3999.083,120.0,8,18,2,0.00000,0.00000,0.00000,0.00000,0.00000
71.096,1,71149.000,151152,192000,0.000,120.0,8,18,2,0.00000,0.00000,0.00000,0.00000,0.00000
71.096,2,71006.000,144328,192000,3999.167,120.0,8,18,2,0.00000,0.00000,0.00000,0.00000,0.00000
71.196,0,71178.000,152547,192000,3999.938,120.0,8,18,2,0.00000,0.00000,0.00000,0.00000,0.00000
71.196,1,71249.000,155963,192000,3999.771,120.0,8,18,2,0.00000,0.00000,0.00000,0.00000,0.00000
71.196,2,71106.000,149130,192000,3999.125,120.0,8,18,2,0.00000,0.00000,0.00000,0.00000,0.00000
71.298,0,71280.000,157448,192000,3999.833,120.0,8,18,2,0.00000,0.00000,0.00000,0.00000,0.00000
71.298,1,71351.000,160870,192000,3999.542,120.0,8,18,2,0.00000,0.00000,0.00000,0.00000,0.00000
71.298,2,71208.000,154027,192000,3999.104,120.0,8,18,2,0.00000,0.00000,0.00000,0.00000,0.00000
71.398,0,71380.000,162266,192000,3999.458,120.0,8,18,2,0.00000,0.00000,0.00000,0.00000,0.00000
71.398,1,71451.000,165693,192000,3999.062,120.0,8,18,2,0.00000,0.00000,0.00000,0.00000,0.00000
71.398,2,71309.000,158840,192000,3999.833,120.0,8,18,2,0.00000,0.00000,0.00000,0.00000,0.00000
71.500,0,71481.000,167132,192000,3999.083,120.0,8,18,2,0.00000,0.00000,0.00000,0.00000,0.00000
71.500,1,71553.000,170563,192000,3999.604,120.0,8,18,2,0.00000,0.00000,0.00000,0.00000,0.00000
71.500,2,71410.000,163701,192000,3999.562,120.0,8,18,2,0.00000,0.00000,0.00000,0.00000,0.00000
71.602,0,71583.000,172022,192000,3999.208,120.0,8,18,2,0.00000,0.00000,0.00000,0.00000,0.00000
71.602,1,71655.000,175458,192000,3999.625,120.0,8,18,2,0.00000,0.00000,0.00000,0.00000,0.00000
71.602,2,71512.000,168586,192000,3999.792,120.0,8,18,2,0.00000,0.00000,0.00000,0.00000,0.00000
71.703,0,71685.000,176883,192000,3999.938,120.0,8,18,2,0.00000,0.00000,0.00000,0.00000,0.00000
71.703,1,71756.000,180324,192000,3999.250,120.0,8,18,2,0.00000,0.00000,0.00000,0.00000,0.00000
71.703,2,71613.000,173442,192000,3999.625,120.0,8,18,2,0.00000,0.00000,0.00000,0.00000,0.00000
71.803,0,71785.000,181691,192000,3999.771,120.0,8,18,2,0.00000,0.00000,0.00000,0.00000,0.00000
71.803,1,71857.000,185136,192000,0.000,120.0,8,18,2,0.00000,0.00000,0.00000,0.00000,0.00000
71.803,2,71713.000,178245,192000,3999.562,120.0,8,18,2,0.00000,0.00000,0.00000,0.00000,0.00000
71.905,0,71886.000,186571,192000,3999.104,120.0,8,18,2,0.00000,0.00000,0.00000,0.00000,0.00000
71.905,1,71958.000,190022,192000,3999.208,120.0,8,18,2,0.00000,0.00000,0.00000,0.00000,0.00000
71.905,2,71815.000,183121,192000,3999.979,120.0,8,18,2,0.00000,0.00000,0.00000,0.00000,0.00000
72.007,0,71989.000,191479,192000,3999.854,120.0,8,18,2,0.00000,0.00000,0.00000,0.00000,0.00000
72.007,1,72061.000,2935,192000,3999.854,120.0,8,19,2,0.00000,0.00000,0.00000,0.00000,0.00000
72.007,2,71917.000,188024,192000,3999.833,120.0,8,18,2,0.00000,0.00000,0.00000,0.00000,0.00000
72.109,0,72091.000,4389,192000,3999.562,120.0,8,19,2,0.00000,0.00000,0.00000,0.00000,0.00000
72.109,1,72163.000,7849,192000,3999.479,120.0,8,19,2,0.00000,0.00000,0.00000,0.00000,0.00000
72.109,2,72019.000,928,192000,3999.667,120.0,8,19,2,0.00000,0.00000,0.00000,0.00000,0.00000
72.210,0,72192.000,9218,192000,3999.958,120.0,8,19,2,0.00000,0.00000,0.00000,0.00000,0.00000
72.210,1,72264.000,12683,192000,3999.771,120.0,8,19,2,0.00000,0.00000,0.00000,0.00000,0.00000
72.210,2,72119.000,5753,192000,3999.146,120.0,8,19,2,0.00000,0.00000,0.00000,0.00000,0.00000
72.310,0,72292.000,14029,192000,3999.729,120.0,8,19,2,0.00000,0.00000,0.00000,0.00000,0.00000
72.310,1,72364.000,17499,192000,3999.438,120.0,8,19,2,0.00000,0.00000,0.00000,0.00000,0.00000
72.310,2,72219.000,10559,192000,3999.021,120.0,8,19,2,0.00000,0.00000,0.00000,0.00000,0.00000
72.412,0,72393.000,18909,192000,3999.062,120.0,8,19,2,0.00000,0.00000,0.00000,0.00000,0.00000
72.412,1,72466.000,22384,192000,3999.667,120.0,8,19,2,0.00000,0.00000,0.00000,0.00000,0.00000
72.412,2,72321.000,15434,192000,3999.458,120.0,8,19,2,0.00000,0.00000,0.00000,0.00000,0.00000
72.513,0,72495.000,23779,192000,3999.604,120.0,8,19,2,0.00000,0.00000,0.00000,0.00000,0.00000
72.513,1,72567.000,27259,192000,3999.104,120.0,8,19,2,0.00000,0.00000,0.00000,0.00000,0.00000
72.513,2,72422.000,20300,192000,3999.083,120.0,8,19,2,0.00000,0.00000,0.00000,0.00000,0.00000
72.613,0,72595.000,28582,192000,3999.542,120.0,8,19,2,0.00000,0.00000,0.00000,0.00000,0.00000
72.613,1,72668.000,32067,192000,3999.938,120.0,8,19,2,0.00000,0.00000,0.00000,0.00000,0.00000
72.613,2,72522.000,25098,192000,3999.125,120.0,8,19,2,0.00000,0.00000,0.00000,0.00000,0.00000
72.715,0,72697.000,33476,192000,3999.583,120.0,8,19,2,0.00000,0.00000,0.00000,0.00000,0.00000
72.715,1,72770.000,36966,192000,3999.875,120.0,8,19,2,0.00000,0.00000,0.00000,0.00000,0.00000
72.715,2,72624.000,29987,192000,3999.271,120.0,8,19,2,0.00000,0.00000,0.00000,0.00000,0.00000
72.816,0,72798.000,38319,192000,3999.688,120.0,8,19,2,0.00000,0.00000,0.00000,0.00000,0.00000
72.816,1,72871.000,41813,192000,3999.896,120.0,8,19,2,0.00000,0.00000,0.00000,0.00000,0.00000
72.816,2,72725.000,34824,192000,3999.500,120.0,8,19,2,0.00000,0.00000,0.00000,0.00000,0.00000
72.918,0,72900.000,43234,192000,3999.292,120.0,8,19,2,0.00000,0.00000,0.00000,0.00000,0.00000
72.918,1,72973.000,46733,192000,3999.396,120.0,8,19,2,0.00000,0.00000,0.00000,0.00000,0.00000
72.918,2,72827.000,39734,192000,3999.208,120.0,8,19,2,0.00000,0.00000,0.00000,0.00000,0.00000
73.021,0,73003.000,48144,192000,0.000,120.0,8,19,2,0.00000,0.00000,0.00000,0.00000,0.00000
73.021,1,73076.000,51648,192000,0.000,120.0,8,19,2,0.00000,0.00000,0.00000,0.00000,0.00000
73.021,2,72930.000,44640,192000,0.000,120.0,8,19,2,0.00000,0.00000,0.00000,0.00000,0.00000
73.123,0,73105.000,53041,192000,3999.979,120.0,8,19,2,0.00000,0.00000,0.00000,0.00000,0.00000
73.123,1,73178.000,56550,192000,3999.875,120.0,8,19,2,0.00000,0.00000,0.00000,0.00000,0.00000
73.123,2,73031.000,49532,192000,3999.083,120.0,8,19,2,0.00000,0.00000,0.00000,0.00000,0.00000
73.225,0,73207.000,57952,192000,3999.667,120.0,8,19,2,0.00000,0.00000,0.00000,0.00000,0.00000
73.225,1,73280.000,61466,192000,3999.458,120.0,8,19,2,0.00000,0.00000,0.00000,0.00000,0.00000
73.225,2,73134.000,54438,192000,3999.875,120.0,8,19,2,0.00000,0.00000,0.00000,0.00000,0.00000
73.327,0,73309.000,62846,192000,3999.708,120.0,8,19,2,0.00000,0.00000,0.00000,0.00000,0.00000
73.327,1,73382.000,66365,192000,3999.396,120.0,8,19,2,0.00000,0.00000,0.00000,0.00000,0.00000
73.327,2,73235.000,59327,192000,3999.021,120.0,8,19,2,0.00000,0.00000,0.00000,0.00000,0.00000
73.428,0,73410.000,67710,192000,3999.375,120.0,8,19,2,0.00000,0.00000,0.00000,0.00000,0.00000
73.428,1,73484.000,71234,192000,3999.958,120.0,8,19,2,0.00000,0.00000,0.00000,0.00000,0.00000
73.428,2,73337.000,64187,192000,3999.771,120.0,8,19,2,0.00000,0.00000,0.00000,0.00000,0.00000
73.531,0,73512.000,72622,192000,3999.042,120.0,8,19,2,0.00000,0.00000,0.00000,0.00000,0.00000
73.531,1,73586.000,76150,192000,3999.542,120.0,8,19,2,0.00000,0.00000,0.00000,0.00000,0.00000
73.531,2,73439.000,69093,192000,3999.562,120.0,8,19,2,0.00000,0.00000,0.00000,0.00000,0.00000
73.631,0,73613.000,77443,192000,3999.604,120.0,8,19,2,0.00000,0.00000,0.00000,0.00000,0.00000
73.631,1,73687.000,80977,192000,3999.979,120.0,8,19,2,0.00000,0.00000,0.00000,0.00000,0.00000
73.631,2,73539.000,73910,192000,3999.208,120.0,8,19,2,0.00000,0.00000,0.00000,0.00000,0.00000
73.731,0,73713.000,82249,192000,3999.479,120.0,8,19,2,0.00000,0.00000,0.00000,0.00000,0.00000
73.731,1,73787.000,85787,192000,3999.771,120.0,8,19,2,0.00000,0.00000,0.00000,0.00000,0.00000
73.731,2,73639.000,78711,192000,3999.188,120.0,8,19,2,0.00000,0.00000,0.00000,0.00000,0.00000
73.833,0,73814.000,87115,192000,3999.104,120.0,8,19,2,0.00000,0.00000,0.00000,0.00000,0.00000
73.833,1,73888.000,90658,192000,3999.292,120.0,8,19,2,0.00000,0.00000,0.00000,0.00000,0.00000
73.833,2,73741.000,83572,192000,3999.917,120.0,8,19,2,0.00000,0.00000,0.00000,0.00000,0.00000
73.934,0,73916.000,91999,192000,3999.354,120.0,8,19,2,0.00000,0.00000,0.00000,0.00000,0.00000
73.934,1,73990.000,95547,192000,3999.438,120.0,8,19,2,0.00000,0.00000,0.00000,0.00000,0.00000
73.934,2,73842.000,88451,192000,3999.271,120.0,8,19,2,0.00000,0.00000,0.00000,0.00000,0.00000
74.036,0,74018.000,96897,192000,3999.312,120.0,8,19,2,0.00000,0.00000,0.00000,0.00000,0.00000
74.036,1,74092.000,100449,192000,3999.312,120.0,8,19,2,0.00000,0.00000,0.00000,0.00000,0.00000
74.036,2,73944.000,93344,192000,3999.333,120.0,8,19,2,0.00000,0.00000,0.00000,0.00000,0.00000
74.137,0,74118.000,101699,192000,3999.271,120.0,8,19,2,0.00000,0.00000,0.00000,0.00000,0.00000
74.137,1,74192.000,105257,192000,3999.146,120.0,8,19,2,0.00000,0.00000,0.00000,0.00000,0.00000
74.137,2,74044.000,98142,192000,3999.375,120.0,8,19,2,0.00000,0.00000,0.00000,0.00000,0.00000
74.237,0,74218.000,106499,192000,3999.271,120.0,8,19,2,0.00000,0.00000,0.00000,0.00000,0.00000
74.237,1,74292.000,110062,192000,3999.042,120.0,8,19,2,0.00000,0.00000,0.00000,0.00000,0.00000
74.237,2,74144.000,102937,192000,3999.479,120.0,8,19,2,0.00000,0.00000,0.00000,0.00000,0.00000
74.339,0,74321.000,111433,192000,3999.479,120.0,8,19,2,0.00000,0.00000,0.00000,0.00000,0.00000
74.339,1,74395.000,115000,192000,3999.167,120.0,8,19,2,0.00000,0.00000,0.00000,0.00000,0.00000
74.339,2,74247.000,107865,192000,3999.812,120.0,8,19,2,0.00000,0.00000,0.00000,0.00000,0.00000
74.440,0,74422.000,116286,192000,3999.375,120.0,8,19,2,0.00000,0.00000,0.00000,0.00000,0.00000
74.440,1,74497.000,119859,192000,3999.938,120.0,8,19,2,0.00000,0.00000,0.00000,0.00000,0.00000
74.440,2,74348.000,112714,192000,3999.792,120.0,8,19,2,0.00000,0.00000,0.00000,0.00000,0.00000
74.541,0,74523.000,121130,192000,3999.458,120.0,8,19,2,0.00000,0.00000,0.00000,0.00000,0.00000
74.541,1,74598.000,124707,192000,3999.938,120.0,8,19,2,0.00000,0.00000,0.00000,0.00000,0.00000
74.541,2,74449.000,117553,192000,3999.979,120.0,8,19,2,0.00000,0.00000,0.00000,0.00000,0.00000
74.642,0,74624.000,125987,192000,3999.271,120.0,8,19,2,0.00000,0.00000,0.00000,0.00000,0.00000
74.642,1,74699.000,129568,192000,3999.667,120.0,8,19,2,0.00000,0.00000,0.00000,0.00000,0.00000
74.642,2,74550.000,122405,192000,3999.896,120.0,8,19,2,0.00000,0.00000,0.00000,0.00000,0.00000
74.743,0,74725.000,130823,192000,3999.521,120.0,8,19,2,0.00000,0.00000,0.00000,0.00000,0.00000
74.743,1,74800.000,134410,192000,3999.792,120.0,8,19,2,0.00000,0.00000,0.00000,0.00000,0.00000
74.743,2,74650.000,127236,192000,3999.250,120.0,8,19,2,0.00000,0.00000,0.00000,0.00000,0.00000
74.844,0,74826.000,135659,192000,3999.771,120.0,8,19,2,0.00000,0.00000,0.00000,0.00000,0.00000
74.844,1,74901.000,139250,192000,3999.958,120.0,8,19,2,0.00000,0.00000,0.00000,0.00000,0.00000
74.844,2,74751.000,132067,192000,3999.604,120.0,8,19,2,0.00000,0.00000,0.00000,0.00000,0.00000
74.945,0,74927.000,140506,192000,3999.792,120.0,8,19,2,0.00000,0.00000,0.00000,0.00000,0.00000
74.945,1,75002.000,144102,192000,3999.875,120.0,8,19,2,0.00000,0.00000,0.00000,0.00000,0.00000
74.945,2,74852.000,136909,192000,3999.729,120.0,8,19,2,0.00000,0.00000,0.00000,0.00000,0.00000
75.046,0,75028.000,145353,192000,3999.812,120.0,8,19,2,0.00000,0.00000,0.00000,0.00000,0.00000
75.046,1,75103.000,148954,192000,3999.792,120.0,8,19,2,0.00000,0.00000,0.00000,0.00000,0.00000
75.046,2,74953.000,141752,192000,3999.833,120.0,8,19,2,0.00000,0.00000,0.00000,0.00000,0.00000
75.147,0,75128.000,150185,192000,3999.146,120.0,8,19,2,0.00000,0.00000,0.00000,0.00000,0.00000
75.147,1,75203.000,153791,192000,3999.021,120.0,8,19,2,0.00000,0.00000,0.00000,0.00000,0.00000
75.147,2,75053.000,146579,192000,3999.271,120.0,8,19,2,0.00000,0.00000,0.00000,0.00000,0.00000
75.247,0,75229.000,154993,192000,3999.979,120.0,8,19,2,0.00000,0.00000,0.00000,0.00000,0.00000
75.247,1,75304.000,158603,192000,3999.771,120.0,8,19,2,0.00000,0.00000,0.00000,0.00000,0.00000
75.247,2,75153.000,151382,192000,3999.208,120.0,8,19,2,0.00000,0.00000,0.00000,0.00000,0.00000
75.349,0,75330.000,159883,192000,3999.104,120.0,8,19,2,0.00000,0.00000,0.00000,0.00000,0.00000
75.349,1,75406.000,163499,192000,3999.771,120.0,8,19,2,0.00000,0.00000,0.00000,0.00000,0.00000
75.349,2,75255.000,156267,192000,3999.438,120.0,8,19,2,0.00000,0.00000,0.00000,0.00000,0.00000
75.449,0,75431.000,164707,192000,3999.604,120.0,8,19,2,0.00000,0.00000,0.00000,0.00000,0.00000
75.449,1,75506.000,168327,192000,3999.188,120.0,8,19,2,0.00000,0.00000,0.00000,0.00000,0.00000
75.449,2,75355.000,161086,192000,3999.042,120.0,8,19,2,0.00000,0.00000,0.00000,0.00000,0.00000
75.551,0,75532.000,169574,192000,3999.208,120.0,8,19,2,0.00000,0.00000,0.00000,0.00000,0.00000
75.551,1,75608.000,173199,192000,3999.688,120.0,8,19,2,0.00000,0.00000,0.00000,0.00000,0.00000
75.551,2,75457.000,165948,192000,3999.750,120.0,8,19,2,0.00000,0.00000,0.00000,0.00000,0.00000
75.651,0,75633.000,174407,192000,3999.521,120.0,8,19,2,0.00000,0.00000,0.00000,0.00000,0.00000
75.651,1,75709.000,178037,192000,3999.896,120.0,8,19,2,0.00000,0.00000,0.00000,0.00000,0.00000
75.651,2,75557.000,170776,192000,3999.167,120.0,8,19,2,0.00000,0.00000,0.00000,0.00000,0.00000
75.754,0,75735.000,179316,192000,3999.250,120.0,8,19,2,0.00000,0.00000,0.00000,0.00000,0.00000
75.754,1,75811.000,182952,192000,3999.500,120.0,8,19,2,0.00000,0.00000,0.00000,0.00000,0.00000
75.754,2,75660.000,175681,192000,3999.979,120.0,8,19,2,0.00000,0.00000,0.00000,0.00000,0.00000
75.856,0,75838.000,184249,192000,3999.479,120.0,8,19,2,0.00000,0.00000,0.00000,0.00000,0.00000
75.856,1,75914.000,187889,192000,3999.646,120.0,8,19,2,0.00000,0.00000,0.00000,0.00000,0.00000
75.856,2,75762.000,180609,192000,3999.312,120.0,8,19,2,0.00000,0.00000,0.00000,0.00000,0.00000
75.960,0,75942.000,189219,192000,3999.938,120.0,8,19,2,0.00000,0.00000,0.00000,0.00000,0.00000
75.960,1,76018.000,864,192000,0.000,120.0,8,20,2,0.00000,0.00000,0.00000,0.00000,0.00000
75.960,2,75866.000,185573,192000,3999.896,120.0,8,19,2,0.00000,0.00000,0.00000,0.00000,0.00000
76.062,0,76044.000,2127,192000,3999.688,120.0,8,20,2,0.00000,0.00000,0.00000,0.00000,0.00000
76.062,1,76120.000,5777,192000,3999.646,120.0,8,20,2,0.00000,0.00000,0.00000,0.00000,0.00000
76.062,2,75968.000,190477,192000,3999.729,120.0,8,19,2,0.00000,0.00000,0.00000,0.00000,0.00000
76.163,0,76145.000,6968,192000,3999.833,120.0,8,20,2,0.00000,0.00000,0.00000,0.00000,0.00000
76.163,1,76221.000,10623,192000,3999.688,120.0,8,20,2,0.00000,0.00000,0.00000,0.00000,0.00000
76.163,2,76069.000,3313,192000,3999.979,120.0,8,20,2,0.10351,0.00000,0.10351,0.00000,0.00000
76.263,0,76245.000,11793,192000,3999.312,120.0,8,20,2,0.00000,0.00000,0.00000,0.00000,0.00000
76.263,1,76321.000,15452,192000,3999.083,120.0,8,20,2,0.00000,0.00000,0.00000,0.00000,0.00000
76.263,2,76169.000,8133,192000,3999.562,120.0,8,20,2,0.06818,0.00000,0.06818,0.00000,0.00000
76.365,0,76346.000,16649,192000,3999.146,120.0,8,20,2,0.00000,0.00000,0.00000,0.00000,0.00000
76.365,1,76423.000,20314,192000,3999.792,120.0,8,20,2,0.00000,0.00000,0.00000,0.00000,0.00000
76.365,2,76270.000,12985,192000,3999.479,120.0,8,20,2,0.04478,0.00000,0.04478,0.00000,0.00000
76.465,0,76447.000,21484,192000,3999.417,120.0,8,20,2,0.00000,0.00000,0.00000,0.00000,0.00000
76.465,1,76524.000,25153,192000,3999.979,120.0,8,20,2,0.00000,0.00000,0.00000,0.00000,0.00000
76.465,2,76371.000,17814,192000,3999.875,120.0,8,20,2,0.02947,0.00000,0.02947,0.00000,0.00000
76.568,0,76550.000,26408,192000,3999.833,120.0,8,20,2,0.00000,0.00000,0.00000,0.00000,0.00000
76.568,1,76626.000,30082,192000,3999.292,120.0,8,20,2,0.00000,0.00000,0.00000,0.00000,0.00000
76.568,2,76473.000,22734,192000,3999.375,120.0,8,20,2,0.01924,0.00000,0.01924,0.00000,0.00000
76.669,0,76651.000,31257,192000,3999.812,120.0,8,20,2,0.00000,0.00000,0.00000,0.00000,0.00000
76.669,1,76727.000,34936,192000,3999.167,120.0,8,20,2,0.00000,0.00000,0.00000,0.00000,0.00000
76.669,2,76574.000,27577,192000,3999.479,120.0,8,20,2,0.01265,0.00000,0.01265,0.00000,0.00000
76.771,0,76753.000,36167,192000,3999.521,120.0,8,20,2,0.00000,0.00000,0.00000,0.00000,0.00000
76.771,1,76830.000,39851,192000,3999.771,120.0,8,20,2,0.00000,0.00000,0.00000,0.00000,0.00000
76.771,2,76676.000,32483,192000,3999.271,120.0,8,20,2,0.00827,0.00000,0.00827,0.00000,0.00000
76.874,0,76855.000,41082,192000,3999.125,120.0,8,20,2,0.00000,0.00000,0.00000,0.00000,0.00000
76.874,1,76932.000,44771,192000,3999.271,120.0,8,20,2,0.00000,0.00000,0.00000,0.00000,0.00000
76.874,2,76779.000,37393,192000,3999.979,120.0,8,20,2,0.00540,0.00000,0.00540,0.00000,0.00000
76.974,0,76956.000,45912,192000,3999.500,120.0,8,20,2,0.00000,0.00000,0.00000,0.00000,0.00000
76.974,1,77033.000,49605,192000,3999.562,120.0,8,20,2,0.00000,0.00000,0.00000,0.00000,0.00000
76.974,2,76879.000,42218,192000,3999.458,120.0,8,20,2,0.00356,0.00000,0.00356,0.00000,0.00000
77.076,0,77058.000,50800,192000,3999.667,120.0,8,20,2,0.00000,0.00000,0.00000,0.00000,0.00000
77.076,1,77135.000,54498,192000,3999.625,120.0,8,20,2,0.00000,0.00000,0.00000,0.00000,0.00000
77.076,2,76981.000,47101,192000,3999.729,120.0,8,20,2,0.00233,0.00000,0.00233,0.00000,0.00000
77.177,0,77159.000,55643,192000,3999.771,120.0,8,20,2,0.00000,0.00000,0.00000,0.00000,0.00000
77.177,1,77236.000,59347,192000,3999.604,120.0,8,20,2,0.00000,0.00000,0.00000,0.00000,0.00000
77.177,2,77082.000,51940,192000,3999.917,120.0,8,20,2,0.00153,0.00000,0.00153,0.00000,0.00000
77.277,0,77259.000,60444,192000,3999.750,120.0,8,20,2,0.00000,0.00000,0.00000,0.00000,0.00000
77.277,1,77336.000,64153,192000,3999.479,120.0,8,20,2,0.00000,0.00000,0.00000,0.00000,0.00000
77.277,2,77182.000,56736,192000,0.000,120.0,8,20,2,0.00101,0.00000,0.00101,0.00000,0.00000
77.377,0,77359.000,65256,192000,3999.500,120.0,8,20,2,0.00000,0.00000,0.00000,0.00000,0.00000
77.377,1,77436.000,68970,192000,3999.125,120.0,8,20,2,0.00000,0.00000,0.00000,0.00000,0.00000
77.377,2,77282.000,61543,192000,3999.854,120.0,8,20,2,0.00067,0.00000,0.00067,0.00000,0.00000
77.479,0,77460.000,70115,192000,3999.271,120.0,8,20,2,0.00000,0.00000,0.00000,0.00000,0.00000
77.479,1,77538.000,73833,192000,3999.812,120.0,8,20,2,0.00000,0.00000,0.00000,0.00000,0.00000
77.479,2,77383.000,66397,192000,3999.729,120.0,8,20,2,0.00044,0.00000,0.00044,0.00000,0.00000
77.580,0,77561.000,74972,192000,3999.083,120.0,8,20,2,0.00000,0.00000,0.00000,0.00000,0.00000
77.580,1,77639.000,78695,192000,3999.521,120.0,8,20,2,0.00000,0.00000,0.00000,0.00000,0.00000
77.580,2,77484.000,71249,192000,3999.646,120.0,8,20,2,0.00029,0.00000,0.00029,0.00000,0.00000
77.680,0,77662.000,79776,192000,0.000,120.0,8,20,2,0.00000,0.00000,0.00000,0.00000,0.00000
77.680,1,77739.000,83504,192000,3999.333,120.0,8,20,2,0.00000,0.00000,0.00000,0.00000,0.00000
77.680,2,77584.000,76048,192000,3999.667,120.0,8,20,2,0.00019,0.00000,0.00019,0.00000,0.00000
77.781,0,77763.000,84644,192000,3999.583,120.0,8,20,2,0.00000,0.00000,0.00000,0.00000,0.00000
77.781,1,77841.000,88377,192000,3999.812,120.0,8,20,2,0.00000,0.00000,0.00000,0.00000,0.00000
77.781,2,77685.000,80911,192000,3999.354,120.0,8,20,2,0.00012,0.00000,0.00012,0.00000,0.00000
77.884,0,77865.000,89557,192000,3999.229,120.0,8,20,2,0.00000,0.00000,0.00000,0.00000,0.00000
77.884,1,77943.000,93294,192000,3999.375,120.0,8,20,2,0.00000,0.00000,0.00000,0.00000,0.00000
77.884,2,77787.000,85819,192000,3999.104,120.0,8,20,2,0.00008,0.00000,0.00008,0.00000,0.00000
77.986,0,77968.000,94493,192000,3999.396,120.0,8,20,2,0.00000,0.00000,0.00000,0.00000,0.00000
77.986,1,78046.000,98236,192000,3999.417,120.0,8,20,2,0.00000,0.00000,0.00000,0.00000,0.00000
77.986,2,77890.000,90751,192000,3999.354,120.0,8,20,2,0.00005,0.00000,0.00005,0.00000,0.00000
78.087,0,78069.000,99324,192000,3999.750,120.0,8,20,2,0.00000,0.00000,0.00000,0.00000,0.00000
78.087,1,78147.000,103071,192000,3999.688,120.0,8,20,2,0.00000,0.00000,0.00000,0.00000,0.00000
78.087,2,77991.000,95576,192000,3999.833,120.0,8,20,2,0.00003,0.00000,0.00003,0.00000,0.00000
78.189,0,78170.000,104207,192000,3999.021,120.0,8,20,2,0.00000,0.00000,0.00000,0.00000,0.00000
78.189,1,78249.000,107959,192000,3999.854,120.0,8,20,2,0.00000,0.00000,0.00000,0.00000,0.00000
78.189,2,78092.000,100455,192000,3999.188,120.0,8,20,2,0.00002,0.00000,0.00002,0.00000,0.00000
78.290,0,78272.000,109082,192000,3999.458,120.0,8,20,2,0.00000,0.00000,0.00000,0.00000,0.00000
78.290,1,78350.000,112839,192000,3999.188,120.0,8,20,2,0.00000,0.00000,0.00000,0.00000,0.00000
78.290,2,78194.000,105325,192000,3999.729,120.0,8,20,2,0.00002,0.00000,0.00002,0.00000,0.00000
78.391,0,78373.000,113919,192000,3999.688,120.0,8,20,2,0.00000,0.00000,0.00000,0.00000,0.00000
78.391,1,78451.000,117681,192000,3999.312,120.0,8,20,2,0.00000,0.00000,0.00000,0.00000,0.00000
78.391,2,78294.000,110157,192000,3999.062,120.0,8,20,2,0.00001,0.00000,0.00001,0.00000,0.00000
78.492,0,78474.000,118785,192000,3999.312,120.0,8,20,2,0.00000,0.00000,0.00000,0.00000,0.00000
78.492,1,78553.000,122552,192000,3999.833,120.0,8,20,2,0.00000,0.00000,0.00000,0.00000,0.00000
78.492,2,78396.000,115018,192000,3999.792,120.0,8,20,2,0.00001,0.00000,0.00001,0.00000,0.00000
78.593,0,78575.000,123602,192000,3999.958,120.0,8,20,2,0.00000,0.00000,0.00000,0.00000,0.00000
78.593,1,78653.000,127374,192000,3999.375,120.0,8,20,2,0.00000,0.00000,0.00000,0.00000,0.00000
78.593,2,78496.000,119831,192000,3999.521,120.0,8,20,2,0.00000,0.00000,0.00000,0.00000,0.00000
78.694,0,78676.000,128469,192000,3999.562,120.0,8,20,2,0.00000,0.00000,0.00000,0.00000,0.00000
78.694,1,78755.000,132246,192000,3999.875,120.0,8,20,2,0.00000,0.00000,0.00000,0.00000,0.00000
78.694,2,78597.000,124693,192000,3999.229,120.0,8,20,2,0.00000,0.00000,0.00000,0.00000,0.00000
78.797,0,78778.000,133390,192000,3999.042,120.0,8,20,2,0.00000,0.00000,0.00000,0.00000,0.00000
78.797,1,78857.000,137171,192000,3999.271,120.0,8,20,2,0.00000,0.00000,0.00000,0.00000,0.00000
78.797,2,78700.000,129608,192000,3999.833,120.0,8,20,2,0.00000,0.00000,0.00000,0.00000,0.00000
78.897,0,78879.000,138194,192000,3999.958,120.0,8,20,2,0.00000,0.00000,0.00000,0.00000,0.00000
78.897,1,78957.000,141980,192000,3999.083,120.0,8,20,2,0.00000,0.00000,0.00000,0.00000,0.00000
78.897,2,78800.000,134408,192000,3999.833,120.0,8,20,2,0.00000,0.00000,0.00000,0.00000,0.00000
78.998,0,78979.000,143039,192000,3999.021,120.0,8,20,2,0.00000,0.00000,0.00000,0.00000,0.00000
78.998,1,79058.000,146830,192000,3999.042,120.0,8,20,2,0.00000,0.00000,0.00000,0.00000,0.00000
78.998,2,78901.000,139248,192000,0.000,120.0,8,20,2,0.00000,0.00000,0.00000,0.00000,0.00000
79.098,0,79080.000,147873,192000,3999.312,120.0,8,20,2,0.00000,0.00000,0.00000,0.00000,0.00000
79.098,1,79159.000,151669,192000,3999.229,120.0,8,20,2,0.00000,0.00000,0.00000,0.00000,0.00000
79.098,2,79001.000,144077,192000,3999.396,120.0,8,20,2,0.00000,0.00000,0.00000,0.00000,0.00000
79.199,0,79181.000,152722,192000,3999.292,120.0,8,20,2,0.00000,0.00000,0.00000,0.00000,0.00000
79.199,1,79260.000,156522,192000,3999.125,120.0,8,20,2,0.00000,0.00000,0.00000,0.00000,0.00000
79.199,2,79102.000,148921,192000,3999.479,120.0,8,20,2,0.00000,0.00000,0.00000,0.00000,0.00000
79.302,0,79284.000,157633,192000,3999.979,120.0,8,20,2,0.00000,0.00000,0.00000,0.00000,0.00000
79.302,1,79363.000,161439,192000,3999.688,120.0,8,20,2,0.00000,0.00000,0.00000,0.00000,0.00000
79.302,2,79204.000,153827,192000,3999.271,120.0,8,20,2,0.00000,0.00000,0.00000,0.00000,0.00000
79.402,0,79384.000,162452,192000,3999.583,120.0,8,20,2,0.00000,0.00000,0.00000,0.00000,0.00000
79.402,1,79463.000,166262,192000,3999.208,120.0,8,20,2,0.00000,0.00000,0.00000,0.00000,0.00000
79.402,2,79305.000,158642,192000,3999.958,120.0,8,20,2,0.00000,0.00000,0.00000,0.00000,0.00000
79.504,0,79486.000,167353,192000,3999.479,120.0,8,20,2,0.00000,0.00000,0.00000,0.00000,0.00000
79.504,1,79566.000,171168,192000,0.000,120.0,8,20,2,0.00000,0.00000,0.00000,0.00000,0.00000
79.504,2,79407.000,163538,192000,3999.958,120.0,8,20,2,0.00000,0.00000,0.00000,0.00000,0.00000
79.605,0,79587.000,172204,192000,3999.417,120.0,8,20,2,0.00000,0.00000,0.00000,0.00000,0.00000
79.605,1,79667.000,176024,192000,3999.833,120.0,8,20,2,0.00000,0.00000,0.00000,0.00000,0.00000
79.605,2,79508.000,168384,192000,0.000,120.0,8,20,2,0.00000,0.00000,0.00000,0.00000,0.00000
79.707,0,79689.000,177085,192000,3999.729,120.0,8,20,2,0.00000,0.00000,0.00000,0.00000,0.00000
79.707,1,79768.000,180911,192000,3999.021,120.0,8,20,2,0.00000,0.00000,0.00000,0.00000,0.00000
79.707,2,79609.000,173260,192000,3999.417,120.0,8,20,2,0.00000,0.00000,0.00000,0.00000,0.00000
79.810,0,79791.000,182010,192000,3999.125,120.0,8,20,2,0.00000,0.00000,0.00000,0.00000,0.00000
79.810,1,79871.000,185840,192000,3999.333,120.0,8,20,2,0.00000,0.00000,0.00000,0.00000,0.00000
79.810,2,79712.000,178180,192000,3999.917,120.0,8,20,2,0.00000,0.00000,0.00000,0.00000,0.00000
79.911,0,79892.000,186854,192000,3999.208,120.0,8,20,2,0.00000,0.00000,0.00000,0.00000,0.00000
79.911,1,79972.000,190689,192000,3999.312,120.0,8,20,2,0.00000,0.00000,0.00000,0.00000,0.00000
79.911,2,79812.000,183019,192000,3999.104,120.0,8,20,2,0.00000,0.00000,0.00000,0.00000,0.00000
80.012,0,79993.000,191711,192000,3999.021,120.0,8,20,2,0.00000,0.00000,0.00000,0.00000,0.00000
80.012,1,80073.000,3551,192000,3999.021,120.0,8,21,2,0.10153,0.10153,0.10124,0.00000,0.00000
80.012,2,79914.000,187872,192000,0.000,120.0,8,20,2,0.00000,0.00000,0.00000,0.00000,0.00000
80.114,0,80095.000,4602,192000,3999.125,120.0,8,21,2,0.09247,0.09238,0.09247,0.00000,0.00000
80.114,1,80175.000,8447,192000,3999.021,120.0,8,21,2,0.06643,0.06643,0.06624,0.00000,0.00000
80.114,2,80015.000,758,192000,3999.208,120.0,8,21,2,0.11192,0.11192,0.00000,0.00000,0.00000
80.216,0,80198.000,9519,192000,3999.688,120.0,8,21,2,0.06039,0.06034,0.06039,0.00000,0.00000
80.216,1,80278.000,13368,192000,3999.500,120.0,8,21,2,0.04337,0.04337,0.04325,0.00000,0.00000
80.216,2,80118.000,5669,192000,3999.896,120.0,8,21,2,0.08429,0.08429,0.00000,0.00000,0.00000
80.318,0,80300.000,14418,192000,3999.625,120.0,8,21,2,0.03950,0.03947,0.03950,0.00000,0.00000
80.318,1,80380.000,18273,192000,3999.312,120.0,8,21,2,0.02836,0.02836,0.02827,0.00000,0.00000
80.318,2,80220.000,10564,192000,3999.917,120.0,8,21,2,0.05516,0.05516,0.00000,0.00000,0.00000
80.420,0,80402.000,19325,192000,3999.396,120.0,8,21,2,0.02582,0.02580,0.02582,0.00000,0.00000
80.420,1,80483.000,23184,192000,0.000,120.0,8,21,2,0.01853,0.01853,0.01848,0.00000,0.00000
80.420,2,80322.000,15466,192000,3999.792,120.0,8,21,2,0.03607,0.03607,0.00000,0.00000,0.00000
80.523,0,80504.000,24237,192000,3999.062,120.0,8,21,2,0.01687,0.01686,0.01687,0.00000,0.00000
80.523,1,80585.000,28101,192000,3999.562,120.0,8,21,2,0.01210,0.01210,0.01207,0.00000,0.00000
80.523,2,80424.000,20373,192000,3999.562,120.0,8,21,2,0.02358,0.02358,0.00000,0.00000,0.00000
80.623,0,80605.000,29046,192000,3999.875,120.0,8,21,2,0.01112,0.01111,0.01112,0.00000,0.00000
80.623,1,80685.000,32915,192000,3999.271,120.0,8,21,2,0.00797,0.00797,0.00795,0.00000,0.00000
80.623,2,80524.000,25177,192000,3999.479,120.0,8,21,2,0.01555,0.01555,0.00000,0.00000,0.00000
80.725,0,80707.000,33961,192000,3999.479,120.0,8,21,2,0.00727,0.00726,0.00727,0.00000,0.00000
80.725,1,80788.000,37835,192000,3999.771,120.0,8,21,2,0.00521,0.00521,0.00519,0.00000,0.00000
80.725,2,80626.000,30087,192000,3999.188,120.0,8,21,2,0.01016,0.01016,0.00000,0.00000,0.00000
80.827,0,80808.000,38823,192000,3999.188,120.0,8,21,2,0.00477,0.00476,0.00477,0.00000,0.00000
80.827,1,80889.000,42702,192000,3999.375,120.0,8,21,2,0.00342,0.00342,0.00341,0.00000,0.00000
80.827,2,80728.000,34945,192000,3999.979,120.0,8,21,2,0.00667,0.00667,0.00000,0.00000,0.00000
80.928,0,80910.000,43697,192000,3999.646,120.0,8,21,2,0.00313,0.00312,0.00313,0.00000,0.00000
80.928,1,80991.000,47581,192000,3999.729,120.0,8,21,2,0.00224,0.00224,0.00223,0.00000,0.00000
80.928,2,80829.000,39814,192000,3999.542,120.0,8,21,2,0.00437,0.00437,0.00000,0.00000,0.00000
81.028,0,81010.000,48504,192000,3999.500,120.0,8,21,2,0.00206,0.00206,0.00206,0.00000,0.00000
81.028,1,81091.000,52392,192000,3999.500,120.0,8,21,2,0.00147,0.00147,0.00147,0.00000,0.00000
81.028,2,80929.000,44615,192000,3999.521,120.0,8,21,2,0.00289,0.00289,0.00000,0.00000,0.00000
81.131,0,81113.000,53435,192000,3999.771,120.0,8,21,2,0.00134,0.00134,0.00134,0.00000,0.00000
81.131,1,81194.000,57329,192000,3999.646,120.0,8,21,2,0.00096,0.00096,0.00096,0.00000,0.00000
81.131,2,81032.000,49542,192000,3999.875,120.0,8,21,2,0.00188,0.00188,0.00000,0.00000,0.00000
81.231,0,81213.000,58253,192000,3999.396,120.0,8,21,2,0.00089,0.00088,0.00089,0.00000,0.00000
81.231,1,81294.000,62151,192000,3999.188,120.0,8,21,2,0.00063,0.00063,0.00063,0.00000,0.00000
81.231,2,81132.000,54355,192000,3999.604,120.0,8,21,2,0.00124,0.00124,0.00000,0.00000,0.00000
81.332,0,81314.000,63079,192000,3999.854,120.0,8,21,2,0.00058,0.00058,0.00058,0.00000,0.00000
81.332,1,81395.000,66982,192000,3999.542,120.0,8,21,2,0.00042,0.00042,0.00042,0.00000,0.00000
81.332,2,81232.000,59176,192000,3999.167,120.0,8,21,2,0.00082,0.00082,0.00000,0.00000,0.00000
81.434,0,81416.000,67986,192000,3999.625,120.0,8,21,2,0.00038,0.00038,0.00038,0.00000,0.00000
81.434,1,81497.000,71894,192000,3999.208,120.0,8,21,2,0.00027,0.00027,0.00027,0.00000,0.00000
81.434,2,81334.000,64078,192000,3999.042,120.0,8,21,2,0.00053,0.00053,0.00000,0.00000,0.00000
81.537,0,81519.000,72918,192000,3999.875,120.0,8,21,2,0.00025,0.00025,0.00025,0.00000,0.00000
81.537,1,81600.000,76831,192000,3999.354,120.0,8,21,2,0.00018,0.00018,0.00018,0.00000,0.00000
81.537,2,81437.000,69005,192000,3999.396,120.0,8,21,2,0.00035,0.00035,0.00000,0.00000,0.00000
81.638,0,81620.000,77793,192000,3999.312,120.0,8,21,2,0.00016,0.00016,0.00016,0.00000,0.00000
81.638,1,81702.000,81711,192000,3999.688,120.0,8,21,2,0.00012,0.00012,0.00012,0.00000,0.00000
81.638,2,81539.000,73875,192000,3999.938,120.0,8,21,2,0.00023,0.00023,0.00000,0.00000,0.00000
81.740,0,81722.000,82657,192000,3999.979,120.0,8,21,2,0.00011,0.00011,0.00011,0.00000,0.00000
81.740,1,81803.000,86580,192000,3999.250,120.0,8,21,2,0.00008,0.00008,0.00008,0.00000,0.00000
81.740,2,81640.000,78734,192000,3999.708,120.0,8,21,2,0.00015,0.00015,0.00000,0.00000,0.00000
81.841,0,81823.000,87539,192000,3999.271,120.0,8,21,2,0.00007,0.00007,0.00007,0.00000,0.00000
81.841,1,81905.000,91466,192000,3999.458,120.0,8,21,2,0.00005,0.00005,0.00005,0.00000,0.00000
81.841,2,81741.000,83611,192000,3999.104,120.0,8,21,2,0.00010,0.00010,0.00000,0.00000,0.00000
81.943,0,81925.000,92426,192000,3999.458,120.0,8,21,2,0.00005,0.00005,0.00005,0.00000,0.00000
81.943,1,82007.000,96358,192000,3999.542,120.0,8,21,2,0.00003,0.00003,0.00003,0.00000,0.00000
81.943,2,81843.000,88493,192000,3999.396,120.0,8,21,2,0.00006,0.00006,0.00000,0.00000,0.00000
82.044,0,82026.000,97256,192000,3999.833,120.0,8,21,2,0.00003,0.00003,0.00003,0.00000,0.00000
82.044,1,82108.000,101193,192000,3999.812,120.0,8,21,2,0.00002,0.00002,0.00002,0.00000,0.00000
82.044,2,81944.000,93319,192000,3999.854,120.0,8,21,2,0.00004,0.00004,0.00000,0.00000,0.00000
82.146,0,82128.000,102157,192000,3999.729,120.0,8,21,2,0.00002,0.00002,0.00002,0.00000,0.00000
82.146,1,82210.000,106099,192000,3999.604,120.0,8,21,2,0.00001,0.00001,0.00001,0.00000,0.00000
82.146,2,82046.000,98214,192000,3999.875,120.0,8,21,2,0.00003,0.00003,0.00000,0.00000,0.00000
82.247,0,82229.000,107006,192000,3999.708,120.0,8,21,2,0.00001,0.00001,0.00001,0.00000,0.00000
82.247,1,82311.000,110953,192000,3999.479,120.0,8,21,2,0.00001,0.00001,0.00001,0.00000,0.00000
82.247,2,82147.000,103059,192000,3999.938,120.0,8,21,2,0.00002,0.00002,0.00000,0.00000,0.00000
82.350,0,82332.000,111940,192000,3999.917,120.0,8,21,2,0.00001,0.00001,0.00001,0.00000,0.00000
82.350,1,82414.000,115892,192000,3999.583,120.0,8,21,2,0.00001,0.00001,0.00001,0.00000,0.00000
82.350,2,82249.000,107988,192000,3999.250,120.0,8,21,2,0.00001,0.00001,0.00000,0.00000,0.00000
82.452,0,82433.000,116820,192000,3999.250,120.0,8,21,2,0.00001,0.00001,0.00001,0.00000,0.00000
82.452,1,82516.000,120777,192000,3999.812,120.0,8,21,2,0.00000,0.00000,0.00000,0.00000,0.00000
82.452,2,82351.000,112863,192000,3999.688,120.0,8,21,2,0.00001,0.00001,0.00000,0.00000,0.00000
82.552,0,82533.000,121629,192000,3999.062,120.0,8,21,2,0.00000,0.00000,0.00000,0.00000,0.00000
82.552,1,82616.000,125590,192000,3999.542,120.0,8,21,2,0.00000,0.00000,0.00000,0.00000,0.00000
82.552,2,82451.000,117667,192000,3999.604,120.0,8,21,2,0.00001,0.00001,0.00000,0.00000,0.00000
82.654,0,82636.000,126555,192000,3999.438,120.0,8,21,2,0.00000,0.00000,0.00000,0.00000,0.00000
82.654,1,82719.000,130521,192000,3999.812,120.0,8,21,2,0.00000,0.00000,0.00000,0.00000,0.00000
82.654,2,82553.000,122588,192000,3999.083,120.0,8,21,2,0.00000,0.00000,0.00000,0.00000,0.00000
82.757,0,82738.000,131465,192000,3999.146,120.0,8,21,2,0.00000,0.00000,0.00000,0.00000,0.00000
82.757,1,82821.000,135436,192000,3999.417,120.0,8,21,2,0.00000,0.00000,0.00000,0.00000,0.00000
82.757,2,82656.000,127494,192000,3999.875,120.0,8,21,2,0.00000,0.00000,0.00000,0.00000,0.00000
82.857,0,82839.000,136305,192000,3999.312,120.0,8,21,2,0.00000,0.00000,0.00000,0.00000,0.00000
82.857,1,82922.000,140281,192000,3999.479,120.0,8,21,2,0.00000,0.00000,0.00000,0.00000,0.00000
82.857,2,82756.000,132329,192000,3999.146,120.0,8,21,2,0.00000,0.00000,0.00000,0.00000,0.00000
82.959,0,82941.000,141202,192000,3999.292,120.0,8,21,2,0.00000,0.00000,0.00000,0.00000,0.00000
82.959,1,83024.000,145183,192000,3999.354,120.0,8,21,2,0.00000,0.00000,0.00000,0.00000,0.00000
82.959,2,82858.000,137221,192000,3999.229,120.0,8,21,2,0.00000,0.00000,0.00000,0.00000,0.00000
83.061,0,83043.000,146066,192000,3999.958,120.0,8,21,2,0.00000,0.00000,0.00000,0.00000,0.00000
83.061,1,83126.000,150052,192000,3999.917,120.0,8,21,2,0.00000,0.00000,0.00000,0.00000,0.00000
83.061,2,82960.000,142080,192000,0.000,120.0,8,21,2,0.00000,0.00000,0.00000,0.00000,0.00000
83.162,0,83143.000,150903,192000,3999.188,120.0,8,21,2,0.00000,0.00000,0.00000,0.00000,0.00000
83.162,1,83226.000,154894,192000,3999.042,120.0,8,21,2,0.00000,0.00000,0.00000,0.00000,0.00000
83.162,2,83060.000,146912,192000,3999.333,120.0,8,21,2,0.00000,0.00000,0.00000,0.00000,0.00000
83.263,0,83245.000,155781,192000,3999.562,120.0,8,21,2,0.00000,0.00000,0.00000,0.00000,0.00000
83.263,1,83328.000,159777,192000,3999.312,120.0,8,21,2,0.00000,0.00000,0.00000,0.00000,0.00000
83.263,2,83162.000,151786,192000,3999.792,120.0,8,21,2,0.00000,0.00000,0.00000,0.00000,0.00000
83.366,0,83347.000,160692,192000,3999.250,120.0,8,21,2,0.00000,0.00000,0.00000,0.00000,0.00000
83.366,1,83431.000,164693,192000,3999.896,120.0,8,21,2,0.00000,0.00000,0.00000,0.00000,0.00000
83.366,2,83264.000,156691,192000,3999.604,120.0,8,21,2,0.00000,0.00000,0.00000,0.00000,0.00000
83.467,0,83449.000,165575,192000,3999.521,120.0,8,21,2,0.00000,0.00000,0.00000,0.00000,0.00000
83.467,1,83532.000,169581,192000,3999.062,120.0,8,21,2,0.00000,0.00000,0.00000,0.00000,0.00000
83.467,2,83366.000,161570,192000,3999.958,120.0,8,21,2,0.00000,0.00000,0.00000,0.00000,0.00000
83.568,0,83550.000,170419,192000,3999.604,120.0,8,21,2,0.00000,0.00000,0.00000,0.00000,0.00000
83.568,1,83633.000,174429,192000,3999.062,120.0,8,21,2,0.00000,0.00000,0.00000,0.00000,0.00000
83.568,2,83466.000,166409,192000,3999.146,120.0,8,21,2,0.00000,0.00000,0.00000,0.00000,0.00000
83.669,0,83650.000,175242,192000,3999.125,120.0,8,21,2,0.00000,0.00000,0.00000,0.00000,0.00000
83.669,1,83734.000,179257,192000,3999.479,120.0,8,21,2,0.00000,0.00000,0.00000,0.00000,0.00000
83.669,2,83567.000,171227,192000,3999.771,120.0,8,21,2,0.00000,0.00000,0.00000,0.00000,0.00000
83.770,0,83751.000,180087,192000,3999.188,120.0,8,21,2,0.00000,0.00000,0.00000,0.00000,0.00000
83.770,1,83835.000,184107,192000,3999.438,120.0,8,21,2,0.00000,0.00000,0.00000,0.00000,0.00000
83.770,2,83668.000,176067,192000,3999.938,120.0,8,21,2,0.00000,0.00000,0.00000,0.00000,0.00000
83.871,0,83853.000,184963,192000,3999.604,120.0,8,21,2,0.00000,0.00000,0.00000,0.00000,0.00000
83.871,1,83937.000,188988,192000,3999.750,120.0,8,21,2,0.00000,0.00000,0.00000,0.00000,0.00000
83.871,2,83769.000,180938,192000,3999.458,120.0,8,21,2,0.00000,0.00000,0.00000,0.00000,0.00000
83.972,0,83954.000,189811,192000,3999.604,120.0,8,21,2,0.00000,0.00000,0.00000,0.00000,0.00000
83.972,1,84038.000,1841,192000,3999.646,120.0,8,22,2,0.00000,0.00000,0.00000,0.00000,0.00000
83.972,2,83870.000,185782,192000,3999.542,120.0,8,21,2,0.00000,0.00000,0.00000,0.00000,0.00000
84.074,0,84056.000,2718,192000,3999.375,120.0,8,22,2,0.00000,0.00000,0.00000,0.00000,0.00000
84.074,1,84140.000,6753,192000,3999.312,120.0,8,22,2,0.00000,0.00000,0.00000,0.00000,0.00000
84.074,2,83972.000,190683,192000,3999.438,120.0,8,21,2,0.00000,0.00000,0.00000,0.00000,0.00000
84.177,0,84159.000,7637,192000,3999.896,120.0,8,22,2,0.00000,0.00000,0.00000,0.00000,0.00000
84.177,1,84243.000,11676,192000,3999.750,120.0,8,22,2,0.00000,0.00000,0.00000,0.00000,0.00000
84.177,2,84074.000,3597,192000,3999.062,120.0,8,22,2,0.00000,0.00000,0.00000,0.00000,0.00000
84.279,0,84260.000,12523,192000,3999.104,120.0,8,22,2,0.00000,0.00000,0.00000,0.00000,0.00000
84.279,1,84345.000,16568,192000,3999.833,120.0,8,22,2,0.00000,0.00000,0.00000,0.00000,0.00000
84.279,2,84176.000,8479,192000,3999.354,120.0,8,22,2,0.00000,0.00000,0.00000,0.00000,0.00000
84.380,0,84362.000,17376,192000,0.000,120.0,8,22,2,0.00000,0.00000,0.00000,0.00000,0.00000
84.380,1,84446.000,21426,192000,3999.625,120.0,8,22,2,0.00000,0.00000,0.00000,0.00000,0.00000
84.380,2,84277.000,13327,192000,3999.354,120.0,8,22,2,0.00000,0.00000,0.00000,0.00000,0.00000
84.480,0,84462.000,22196,192000,3999.583,120.0,8,22,2,0.00000,0.00000,0.00000,0.00000,0.00000
84.480,1,84546.000,26250,192000,3999.125,120.0,8,22,2,0.00000,0.00000,0.00000,0.00000,0.00000
84.480,2,84377.000,18142,192000,3999.042,120.0,8,22,2,0.00000,0.00000,0.00000,0.00000,0.00000
84.583,0,84565.000,27134,192000,3999.708,120.0,8,22,2,0.00000,0.00000,0.00000,0.00000,0.00000
84.583,1,84649.000,31193,192000,3999.146,120.0,8,22,2,0.00000,0.00000,0.00000,0.00000,0.00000
84.583,2,84480.000,23075,192000,3999.271,120.0,8,22,2,0.00000,0.00000,0.00000,0.00000,0.00000
84.685,0,84667.000,32026,192000,3999.792,120.0,8,22,2,0.00000,0.00000,0.00000,0.00000,0.00000
84.685,1,84751.000,36090,192000,3999.125,120.0,8,22,2,0.00000,0.00000,0.00000,0.00000,0.00000
84.685,2,84582.000,27962,192000,3999.458,120.0,8,22,2,0.00000,0.00000,0.00000,0.00000,0.00000
84.787,0,84768.000,36907,192000,3999.104,120.0,8,22,2,0.00000,0.00000,0.00000,0.00000,0.00000
84.787,1,84853.000,40976,192000,3999.333,120.0,8,22,2,0.00000,0.00000,0.00000,0.00000,0.00000
84.787,2,84684.000,32838,192000,3999.875,120.0,8,22,2,0.00000,0.00000,0.00000,0.00000,0.00000
84.888,0,84870.000,41760,192000,0.000,120.0,8,22,2,0.00000,0.00000,0.00000,0.00000,0.00000
84.888,1,84954.000,45834,192000,3999.125,120.0,8,22,2,0.00000,0.00000,0.00000,0.00000,0.00000
84.888,2,84785.000,37686,192000,3999.875,120.0,8,22,2,0.00000,0.00000,0.00000,0.00000,0.00000
84.988,0,84970.000,46580,192000,3999.583,120.0,8,22,2,0.00000,0.00000,0.00000,0.00000,0.00000
84.988,1,85055.000,50658,192000,3999.625,120.0,8,22,2,0.00000,0.00000,0.00000,0.00000,0.00000
84.988,2,84885.000,42501,192000,3999.562,120.0,8,22,2,0.00000,0.00000,0.00000,0.00000,0.00000
85.090,0,85072.000,51472,192000,3999.667,120.0,8,22,2,0.00000,0.00000,0.00000,0.00000,0.00000
85.090,1,85157.000,55555,192000,3999.604,120.0,8,22,2,0.00000,0.00000,0.00000,0.00000,0.00000
85.090,2,84987.000,47388,192000,3999.750,120.0,8,22,2,0.00000,0.00000,0.00000,0.00000,0.00000
85.191,0,85173.000,56315,192000,3999.771,120.0,8,22,2,0.00000,0.00000,0.00000,0.00000,0.00000
85.191,1,85258.000,60404,192000,3999.583,120.0,8,22,2,0.00000,0.00000,0.00000,0.00000,0.00000
85.191,2,85088.000,52227,192000,3999.938,120.0,8,22,2,0.00000,0.00000,0.00000,0.00000,0.00000
85.294,0,85275.000,61239,192000,3999.188,120.0,8,22,2,0.00000,0.00000,0.00000,0.00000,0.00000
85.294,1,85361.000,65333,192000,3999.896,120.0,8,22,2,0.00000,0.00000,0.00000,0.00000,0.00000
85.294,2,85190.000,57146,192000,3999.458,120.0,8,22,2,0.00000,0.00000,0.00000,0.00000,0.00000
85.395,0,85376.000,66091,192000,3999.104,120.0,8,22,2,0.00000,0.00000,0.00000,0.00000,0.00000
85.395,1,85462.000,70189,192000,3999.729,120.0,8,22,2,0.00000,0.00000,0.00000,0.00000,0.00000
85.395,2,85291.000,61993,192000,3999.479,120.0,8,22,2,0.00000,0.00000,0.00000,0.00000,0.00000
85.497,0,85478.000,70989,192000,3999.062,120.0,8,22,2,0.00000,0.00000,0.00000,0.00000,0.00000
85.497,1,85564.000,75092,192000,3999.583,120.0,8,22,2,0.00000,0.00000,0.00000,0.00000,0.00000
85.497,2,85393.000,66887,192000,3999.521,120.0,8,22,2,0.00000,0.00000,0.00000,0.00000,0.00000
85.598,0,85580.000,75866,192000,3999.458,120.0,8,22,2,0.00000,0.00000,0.00000,0.00000,0.00000
85.598,1,85666.000,79974,192000,3999.875,120.0,8,22,2,0.00000,0.00000,0.00000,0.00000,0.00000
85.598,2,85494.000,71758,192000,3999.042,120.0,8,22,2,0.00000,0.00000,0.00000,0.00000,0.00000
85.700,0,85682.000,80754,192000,3999.625,120.0,8,22,2,0.00000,0.00000,0.00000,0.00000,0.00000
85.700,1,85768.000,84867,192000,3999.938,120.0,8,22,2,0.00000,0.00000,0.00000,0.00000,0.00000
85.700,2,85596.000,76642,192000,3999.292,120.0,8,22,2,0.00000,0.00000,0.00000,0.00000,0.00000
85.801,0,85783.000,85585,192000,3999.979,120.0,8,22,2,0.00000,0.00000,0.00000,0.00000,0.00000
85.801,1,85868.000,89703,192000,3999.188,120.0,8,22,2,0.00000,0.00000,0.00000,0.00000,0.00000
85.801,2,85697.000,81467,192000,3999.771,120.0,8,22,2,0.00000,0.00000,0.00000,0.00000,0.00000
85.901,0,85883.000,90393,192000,3999.812,120.0,8,22,2,0.00000,0.00000,0.00000,0.00000,0.00000
85.901,1,85969.000,94515,192000,3999.938,120.0,8,22,2,0.00000,0.00000,0.00000,0.00000,0.00000
85.901,2,85797.000,86271,192000,3999.688,120.0,8,22,2,0.00000,0.00000,0.00000,0.00000,0.00000
86.002,0,85984.000,95246,192000,3999.708,120.0,8,22,2,0.00000,0.00000,0.00000,0.00000,0.00000
86.002,1,86070.000,99373,192000,3999.729,120.0,8,22,2,0.00000,0.00000,0.00000,0.00000,0.00000
86.002,2,85898.000,91119,192000,3999.688,120.0,8,22,2,0.00000,0.00000,0.00000,0.00000,0.00000
86.103,0,86085.000,100092,192000,3999.750,120.0,8,22,2,0.00000,0.00000,0.00000,0.00000,0.00000
86.103,1,86171.000,104224,192000,3999.667,120.0,8,22,2,0.00000,0.00000,0.00000,0.00000,0.00000
86.103,2,85999.000,95960,192000,3999.833,120.0,8,22,2,0.00000,0.00000,0.00000,0.00000,0.00000
86.204,0,86186.000,104959,192000,3999.354,120.0,8,22,2,0.00000,0.00000,0.00000,0.00000,0.00000
86.204,1,86272.000,109096,192000,3999.167,120.0,8,22,2,0.00000,0.00000,0.00000,0.00000,0.00000
86.204,2,86100.000,100822,192000,3999.542,120.0,8,22,2,0.00000,0.00000,0.00000,0.00000,0.00000
86.306,0,86287.000,109818,192000,3999.125,120.0,8,22,2,0.00000,0.00000,0.00000,0.00000,0.00000
86.306,1,86374.000,113960,192000,3999.833,120.0,8,22,2,0.00000,0.00000,0.00000,0.00000,0.00000
86.306,2,86201.000,105676,192000,3999.417,120.0,8,22,2,0.00000,0.00000,0.00000,0.00000,0.00000
86.408,0,86390.000,114754,192000,3999.292,120.0,8,22,2,0.00000,0.00000,0.00000,0.00000,0.00000
86.408,1,86477.000,118900,192000,3999.917,120.0,8,22,2,0.00000,0.00000,0.00000,0.00000,0.00000
86.408,2,86304.000,110607,192000,3999.688,120.0,8,22,2,0.00000,0.00000,0.00000,0.00000,0.00000
86.509,0,86491.000,119580,192000,3999.750,120.0,8,22,2,0.00000,0.00000,0.00000,0.00000,0.00000
86.509,1,86577.000,123732,192000,3999.250,120.0,8,22,2,0.00000,0.00000,0.00000,0.00000,0.00000
86.509,2,86404.000,115429,192000,3999.229,120.0,8,22,2,0.00000,0.00000,0.00000,0.00000,0.00000
86.609,0,86591.000,124395,192000,3999.438,120.0,8,22,2,0.00000,0.00000,0.00000,0.00000,0.00000
86.609,1,86678.000,128552,192000,3999.833,120.0,8,22,2,0.00000,0.00000,0.00000,0.00000,0.00000
86.609,2,86504.000,120239,192000,3999.021,120.0,8,22,2,0.00000,0.00000,0.00000,0.00000,0.00000
86.710,0,86692.000,129250,192000,3999.292,120.0,8,22,2,0.00000,0.00000,0.00000,0.00000,0.00000
86.710,1,86779.000,133411,192000,3999.604,120.0,8,22,2,0.00000,0.00000,0.00000,0.00000,0.00000
86.710,2,86606.000,125088,192000,0.000,120.0,8,22,2,0.00000,0.00000,0.00000,0.00000,0.00000
86.812,0,86794.000,134146,192000,3999.292,120.0,8,22,2,0.00000,0.00000,0.00000,0.00000,0.00000
86.812,1,86881.000,138312,192000,3999.500,120.0,8,22,2,0.00000,0.00000,0.00000,0.00000,0.00000
86.812,2,86707.000,129980,192000,3999.083,120.0,8,22,2,0.00000,0.00000,0.00000,0.00000,0.00000
86.915,0,86897.000,139079,192000,3999.521,120.0,8,22,2,0.00000,0.00000,0.00000,0.00000,0.00000
86.915,1,86984.000,143250,192000,3999.625,120.0,8,22,2,0.00000,0.00000,0.00000,0.00000,0.00000
86.915,2,86810.000,134908,192000,3999.417,120.0,8,22,2,0.00000,0.00000,0.00000,0.00000,0.00000
87.016,0,86998.000,143927,192000,3999.521,120.0,8,22,2,0.00000,0.00000,0.00000,0.00000,0.00000
87.016,1,87085.000,148103,192000,3999.521,120.0,8,22,2,0.00000,0.00000,0.00000,0.00000,0.00000
87.016,2,86911.000,139751,192000,3999.521,120.0,8,22,2,0.00000,0.00000,0.00000,0.00000,0.00000
87.117,0,87098.000,148744,192000,3999.167,120.0,8,22,2,0.00000,0.00000,0.00000,0.00000,0.00000
87.117,1,87185.000,152925,192000,3999.062,120.0,8,22,2,0.00000,0.00000,0.00000,0.00000,0.00000
87.117,2,87011.000,144563,192000,3999.271,120.0,8,22,2,0.00000,0.00000,0.00000,0.00000,0.00000
87.218,0,87199.000,153597,192000,3999.062,120.0,8,22,2,0.00000,0.00000,0.00000,0.00000,0.00000
87.218,1,87287.000,157782,192000,3999.875,120.0,8,22,2,0.00000,0.00000,0.00000,0.00000,0.00000
87.218,2,87112.000,149411,192000,3999.271,120.0,8,22,2,0.00000,0.00000,0.00000,0.00000,0.00000
87.318,0,87300.000,158424,192000,3999.500,120.0,8,22,2,0.00000,0.00000,0.00000,0.00000,0.00000
87.318,1,87387.000,162614,192000,3999.208,120.0,8,22,2,0.00000,0.00000,0.00000,0.00000,0.00000
87.318,2,87213.000,154234,192000,3999.792,120.0,8,22,2,0.00000,0.00000,0.00000,0.00000,0.00000
87.419,0,87401.000,163263,192000,3999.688,120.0,8,22,2,0.00000,0.00000,0.00000,0.00000,0.00000
87.419,1,87488.000,167458,192000,3999.292,120.0,8,22,2,0.00000,0.00000,0.00000,0.00000,0.00000
87.419,2,87313.000,159068,192000,3999.083,120.0,8,22,2,0.00000,0.00000,0.00000,0.00000,0.00000
87.521,0,87502.000,168136,192000,3999.167,120.0,8,22,2,0.00000,0.00000,0.00000,0.00000,0.00000
87.521,1,87590.000,172336,192000,3999.667,120.0,8,22,2,0.00000,0.00000,0.00000,0.00000,0.00000
87.521,2,87415.000,163936,192000,3999.667,120.0,8,22,2,0.00000,0.00000,0.00000,0.00000,0.00000
87.621,0,87603.000,172956,192000,3999.750,120.0,8,22,2,0.00000,0.00000,0.00000,0.00000,0.00000
87.621,1,87690.000,177161,192000,3999.146,120.0,8,22,2,0.00000,0.00000,0.00000,0.00000,0.00000
87.621,2,87515.000,168751,192000,3999.354,120.0,8,22,2,0.00000,0.00000,0.00000,0.00000,0.00000
87.722,0,87704.000,177826,192000,3999.292,120.0,8,22,2,0.00000,0.00000,0.00000,0.00000,0.00000
87.722,1,87792.000,182036,192000,3999.583,120.0,8,22,2,0.00000,0.00000,0.00000,0.00000,0.00000
87.722,2,87617.000,173617,192000,3999.979,120.0,8,22,2,0.00000,0.00000,0.00000,0.00000,0.00000
87.824,0,87806.000,182699,192000,3999.771,120.0,8,22,2,0.00000,0.00000,0.00000,0.00000,0.00000
87.824,1,87894.000,186913,192000,3999.979,120.0,8,22,2,0.00000,0.00000,0.00000,0.00000,0.00000
87.824,2,87718.000,178484,192000,3999.583,120.0,8,22,2,0.00000,0.00000,0.00000,0.00000,0.00000
87.925,0,87907.000,187536,192000,0.000,120.0,8,22,2,0.00000,0.00000,0.00000,0.00000,0.00000
87.925,1,87994.000,191756,192000,3999.083,120.0,8,22,2,0.00000,0.00000,0.00000,0.00000,0.00000
87.925,2,87819.000,183317,192000,3999.896,120.0,8,22,2,0.00000,0.00000,0.00000,0.00000,0.00000
88.028,0,88010.000,495,192000,3999.688,120.0,8,23,2,0.00000,0.00000,0.00000,0.00000,0.00000
88.028,1,88098.000,4720,192000,3999.667,120.0,8,23,2,0.00000,0.00000,0.00000,0.00000,0.00000
88.028,2,87922.000,188271,192000,3999.688,120.0,8,22,2,0.00000,0.00000,0.00000,0.00000,0.00000
88.130,0,88112.000,5389,192000,3999.729,120.0,8,23,2,0.00000,0.00000,0.00000,0.00000,0.00000
88.130,1,88200.000,9618,192000,3999.625,120.0,8,23,2,0.00000,0.00000,0.00000,0.00000,0.00000
88.130,2,88024.000,1160,192000,3999.833,120.0,8,23,2,0.12440,0.00000,0.12440,0.00000,0.00000
88.230,0,88212.000,10196,192000,3999.583,120.0,8,23,2,0.00000,0.00000,0.00000,0.00000,0.00000
88.230,1,88300.000,14431,192000,3999.354,120.0,8,23,2,0.00000,0.00000,0.00000,0.00000,0.00000
88.230,2,88124.000,5962,192000,3999.792,120.0,8,23,2,0.08206,0.00000,0.08206,0.00000,0.00000
88.332,0,88314.000,15105,192000,3999.312,120.0,8,23,2,0.00000,0.00000,0.00000,0.00000,0.00000
88.332,1,88403.000,19345,192000,3999.979,120.0,8,23,2,0.00000,0.00000,0.00000,0.00000,0.00000
88.332,2,88226.000,10866,192000,3999.625,120.0,8,23,2,0.05365,0.00000,0.05365,0.00000,0.00000
88.435,0,88417.000,20018,192000,3999.958,120.0,8,23,2,0.00000,0.00000,0.00000,0.00000,0.00000
88.435,1,88505.000,24262,192000,3999.542,120.0,8,23,2,0.00000,0.00000,0.00000,0.00000,0.00000
88.435,2,88328.000,15774,192000,3999.375,120.0,8,23,2,0.03507,0.00000,0.03507,0.00000,0.00000
88.537,0,88519.000,24927,192000,3999.688,120.0,8,23,2,0.00000,0.00000,0.00000,0.00000,0.00000
88.537,1,88607.000,29176,192000,3999.167,120.0,8,23,2,0.00000,0.00000,0.00000,0.00000,0.00000
88.537,2,88430.000,20678,192000,3999.208,120.0,8,23,2,0.02293,0.00000,0.02293,0.00000,0.00000
88.639,0,88620.000,29805,192000,3999.062,120.0,8,23,2,0.00000,0.00000,0.00000,0.00000,0.00000
88.639,1,88709.000,34059,192000,3999.438,120.0,8,23,2,0.00000,0.00000,0.00000,0.00000,0.00000
88.639,2,88532.000,25552,192000,3999.667,120.0,8,23,2,0.01503,0.00000,0.01503,0.00000,0.00000
88.741,0,88723.000,34725,192000,3999.562,120.0,8,23,2,0.00000,0.00000,0.00000,0.00000,0.00000
88.741,1,88812.000,38983,192000,3999.854,120.0,8,23,2,0.00000,0.00000,0.00000,0.00000,0.00000
88.741,2,88634.000,30466,192000,3999.292,120.0,8,23,2,0.00982,0.00000,0.00982,0.00000,0.00000
88.844,0,88825.000,39639,192000,3999.188,120.0,8,23,2,0.00000,0.00000,0.00000,0.00000,0.00000
88.844,1,88914.000,43902,192000,3999.375,120.0,8,23,2,0.00000,0.00000,0.00000,0.00000,0.00000
88.844,2,88736.000,35375,192000,3999.021,120.0,8,23,2,0.00642,0.00000,0.00642,0.00000,0.00000
88.944,0,88926.000,44449,192000,3999.979,120.0,8,23,2,0.00000,0.00000,0.00000,0.00000,0.00000
88.944,1,89014.000,48717,192000,3999.062,120.0,8,23,2,0.00000,0.00000,0.00000,0.00000,0.00000
88.944,2,88837.000,40180,192000,3999.917,120.0,8,23,2,0.00423,0.00000,0.00423,0.00000,0.00000
89.045,0,89027.000,49305,192000,3999.812,120.0,8,23,2,0.00000,0.00000,0.00000,0.00000,0.00000
89.045,1,89116.000,53578,192000,3999.792,120.0,8,23,2,0.00000,0.00000,0.00000,0.00000,0.00000
89.045,2,88938.000,45032,192000,3999.833,120.0,8,23,2,0.00278,0.00000,0.00278,0.00000,0.00000
89.145,0,89127.000,54120,192000,3999.500,120.0,8,23,2,0.00000,0.00000,0.00000,0.00000,0.00000
89.145,1,89216.000,58398,192000,3999.375,120.0,8,23,2,0.00000,0.00000,0.00000,0.00000,0.00000
89.145,2,89038.000,49841,192000,3999.646,120.0,8,23,2,0.00183,0.00000,0.00183,0.00000,0.00000
89.245,0,89227.000,58920,192000,3999.500,120.0,8,23,2,0.00000,0.00000,0.00000,0.00000,0.00000
89.245,1,89316.000,63203,192000,3999.271,120.0,8,23,2,0.00000,0.00000,0.00000,0.00000,0.00000
89.245,2,89138.000,54637,192000,3999.729,120.0,8,23,2,0.00121,0.00000,0.00121,0.00000,0.00000
89.348,0,89330.000,63858,192000,3999.625,120.0,8,23,2,0.00000,0.00000,0.00000,0.00000,0.00000
89.348,1,89419.000,68145,192000,3999.312,120.0,8,23,2,0.00000,0.00000,0.00000,0.00000,0.00000
89.348,2,89241.000,59570,192000,3999.958,120.0,8,23,2,0.00079,0.00000,0.00079,0.00000,0.00000
89.451,0,89433.000,68786,192000,3999.958,120.0,8,23,2,0.00000,0.00000,0.00000,0.00000,0.00000
89.451,1,89522.000,73079,192000,3999.521,120.0,8,23,2,0.00000,0.00000,0.00000,0.00000,0.00000
89.451,2,89343.000,64493,192000,3999.396,120.0,8,23,2,0.00051,0.00000,0.00051,0.00000,0.00000
89.554,0,89535.000,73726,192000,3999.042,120.0,8,23,2,0.00000,0.00000,0.00000,0.00000,0.00000
89.554,1,89625.000,78024,192000,3999.500,120.0,8,23,2,0.00000,0.00000,0.00000,0.00000,0.00000
89.554,2,89446.000,69429,192000,3999.562,120.0,8,23,2,0.00034,0.00000,0.00034,0.00000,0.00000
89.657,0,89638.000,78669,192000,3999.062,120.0,8,23,2,0.00000,0.00000,0.00000,0.00000,0.00000
89.657,1,89728.000,82972,192000,3999.417,120.0,8,23,2,0.00000,0.00000,0.00000,0.00000,0.00000
89.657,2,89549.000,74366,192000,3999.708,120.0,8,23,2,0.00022,0.00000,0.00022,0.00000,0.00000
89.760,0,89742.000,83625,192000,3999.812,120.0,8,23,2,0.00000,0.00000,0.00000,0.00000,0.00000
89.760,1,89831.000,87932,192000,3999.083,120.0,8,23,2,0.00000,0.00000,0.00000,0.00000,0.00000
89.760,2,89652.000,79317,192000,3999.562,120.0,8,23,2,0.00014,0.00000,0.00014,0.00000,0.00000
89.861,0,89842.000,88455,192000,3999.188,120.0,8,23,2,0.00000,0.00000,0.00000,0.00000,0.00000
89.861,1,89932.000,92768,192000,3999.333,120.0,8,23,2,0.00000,0.00000,0.00000,0.00000,0.00000
89.861,2,89752.000,84143,192000,3999.021,120.0,8,23,2,0.00009,0.00000,0.00009,0.00000,0.00000
89.963,0,89944.000,93359,192000,3999.021,120.0,8,23,2,0.00000,0.00000,0.00000,0.00000,0.00000
89.963,1,90034.000,97677,192000,3999.062,120.0,8,23,2,0.00000,0.00000,0.00000,0.00000,0.00000
89.963,2,89855.000,89042,192000,3999.958,120.0,8,23,2,0.00006,0.00000,0.00006,0.00000,0.00000
90.063,0,90045.000,98168,192000,3999.833,120.0,8,23,2,0.00000,0.00000,0.00000,0.00000,0.00000
90.063,1,90135.000,102490,192000,3999.792,120.0,8,23,2,0.00000,0.00000,0.00000,0.00000,0.00000
90.063,2,89955.000,93846,192000,3999.875,120.0,8,23,2,0.00004,0.00000,0.00004,0.00000,0.00000
90.164,0,90146.000,103026,192000,3999.625,120.0,8,23,2,0.00000,0.00000,0.00000,0.00000,0.00000
90.164,1,90236.000,107353,192000,3999.479,120.0,8,23,2,0.00000,0.00000,0.00000,0.00000,0.00000
90.164,2,90056.000,98699,192000,3999.771,120.0,8,23,2,0.00003,0.00000,0.00003,0.00000,0.00000
90.265,0,90247.000,107873,192000,3999.646,120.0,8,23,2,0.00000,0.00000,0.00000,0.00000,0.00000
90.265,1,90337.000,112205,192000,3999.396,120.0,8,23,2,0.00000,0.00000,0.00000,0.00000,0.00000
90.265,2,90157.000,103541,192000,3999.896,120.0,8,23,2,0.00002,0.00000,0.00002,0.00000,0.00000
90.368,0,90350.000,112822,192000,3999.542,120.0,8,23,2,0.00000,0.00000,0.00000,0.00000,0.00000
90.368,1,90440.000,117159,192000,3999.188,120.0,8,23,2,0.00000,0.00000,0.00000,0.00000,0.00000
90.368,2,90260.000,108485,192000,3999.896,120.0,8,23,2,0.00001,0.00000,0.00001,0.00000,0.00000
90.469,0,90450.000,117639,192000,3999.188,120.0,8,23,2,0.00000,0.00000,0.00000,0.00000,0.00000
90.469,1,90541.000,121980,192000,3999.750,120.0,8,23,2,0.00000,0.00000,0.00000,0.00000,0.00000
90.469,2,90360.000,113297,192000,3999.646,120.0,8,23,2,0.00001,0.00000,0.00001,0.00000,0.00000
90.570,0,90551.000,122484,192000,3999.250,120.0,8,23,2,0.00000,0.00000,0.00000,0.00000,0.00000
90.570,1,90642.000,126830,192000,3999.708,120.0,8,23,2,0.00000,0.00000,0.00000,0.00000,0.00000
90.570,2,90461.000,118137,192000,3999.812,120.0,8,23,2,0.00000,0.00000,0.00000,0.00000,0.00000
90.671,0,90653.000,127353,192000,3999.812,120.0,8,23,2,0.00000,0.00000,0.00000,0.00000,0.00000
90.671,1,90743.000,131704,192000,3999.167,120.0,8,23,2,0.00000,0.00000,0.00000,0.00000,0.00000
90.671,2,90562.000,123002,192000,3999.458,120.0,8,23,2,0.00000,0.00000,0.00000,0.00000,0.00000
90.774,0,90756.000,132306,192000,3999.625,120.0,8,23,2,0.00000,0.00000,0.00000,0.00000,0.00000
90.774,1,90847.000,136662,192000,3999.875,120.0,8,23,2,0.00000,0.00000,0.00000,0.00000,0.00000
90.774,2,90665.000,127950,192000,3999.375,120.0,8,23,2,0.00000,0.00000,0.00000,0.00000,0.00000
90.876,0,90858.000,137218,192000,3999.292,120.0,8,23,2,0.00000,0.00000,0.00000,0.00000,0.00000
90.876,1,90949.000,141579,192000,3999.438,120.0,8,23,2,0.00000,0.00000,0.00000,0.00000,0.00000
90.876,2,90767.000,132857,192000,3999.146,120.0,8,23,2,0.00000,0.00000,0.00000,0.00000,0.00000
90.979,0,90961.000,142129,192000,3999.979,120.0,8,23,2,0.00000,0.00000,0.00000,0.00000,0.00000
90.979,1,91051.000,146495,192000,3999.021,120.0,8,23,2,0.00000,0.00000,0.00000,0.00000,0.00000
90.979,2,90870.000,137763,192000,3999.938,120.0,8,23,2,0.00000,0.00000,0.00000,0.00000,0.00000
91.080,0,91062.000,147004,192000,3999.417,120.0,8,23,2,0.00000,0.00000,0.00000,0.00000,0.00000
91.080,1,91153.000,151375,192000,3999.354,120.0,8,23,2,0.00000,0.00000,0.00000,0.00000,0.00000
91.080,2,90971.000,142633,192000,3999.479,120.0,8,23,2,0.00000,0.00000,0.00000,0.00000,0.00000
91.183,0,91165.000,151953,192000,3999.312,120.0,8,23,2,0.00000,0.00000,0.00000,0.00000,0.00000
91.183,1,91256.000,156329,192000,3999.146,120.0,8,23,2,0.00000,0.00000,0.00000,0.00000,0.00000
91.183,2,91074.000,147577,192000,3999.479,120.0,8,23,2,0.00000,0.00000,0.00000,0.00000,0.00000
91.284,0,91265.000,156762,192000,3999.125,120.0,8,23,2,0.00000,0.00000,0.00000,0.00000,0.00000
91.284,1,91357.000,161142,192000,3999.875,120.0,8,23,2,0.00000,0.00000,0.00000,0.00000,0.00000
91.284,2,91174.000,152381,192000,3999.396,120.0,8,23,2,0.00000,0.00000,0.00000,0.00000,0.00000
91.386,0,91367.000,161659,192000,3999.104,120.0,8,23,2,0.00000,0.00000,0.00000,0.00000,0.00000
91.386,1,91459.000,166045,192000,3999.729,120.0,8,23,2,0.00000,0.00000,0.00000,0.00000,0.00000
91.386,2,91276.000,157274,192000,3999.458,120.0,8,23,2,0.00000,0.00000,0.00000,0.00000,0.00000
91.487,0,91468.000,166508,192000,3999.083,120.0,8,23,2,0.00000,0.00000,0.00000,0.00000,0.00000
91.487,1,91560.000,170898,192000,3999.625,120.0,8,23,2,0.00000,0.00000,0.00000,0.00000,0.00000
91.487,2,91377.000,162117,192000,3999.562,120.0,8,23,2,0.00000,0.00000,0.00000,0.00000,0.00000
91.589,0,91571.000,171427,192000,3999.604,120.0,8,23,2,0.00000,0.00000,0.00000,0.00000,0.00000
91.589,1,91662.000,175823,192000,3999.021,120.0,8,23,2,0.00000,0.00000,0.00000,0.00000,0.00000
91.589,2,91479.000,167032,192000,3999.167,120.0,8,23,2,0.00000,0.00000,0.00000,0.00000,0.00000
91.690,0,91672.000,176271,192000,3999.688,120.0,8,23,2,0.00000,0.00000,0.00000,0.00000,0.00000
91.690,1,91763.000,180671,192000,3999.021,120.0,8,23,2,0.00000,0.00000,0.00000,0.00000,0.00000
91.690,2,91580.000,171870,192000,3999.375,120.0,8,23,2,0.00000,0.00000,0.00000,0.00000,0.00000
91.791,0,91773.000,181118,192000,3999.708,120.0,8,23,2,0.00000,0.00000,0.00000,0.00000,0.00000
91.791,1,91865.000,185523,192000,3999.938,120.0,8,23,2,0.00000,0.00000,0.00000,0.00000,0.00000
91.791,2,91681.000,176713,192000,3999.479,120.0,8,23,2,0.00000,0.00000,0.00000,0.00000,0.00000
91.891,0,91873.000,185933,192000,3999.396,120.0,8,23,2,0.00000,0.00000,0.00000,0.00000,0.00000
91.891,1,91965.000,190343,192000,3999.521,120.0,8,23,2,0.00000,0.00000,0.00000,0.00000,0.00000
91.891,2,91781.000,181523,192000,3999.271,120.0,8,23,2,0.00000,0.00000,0.00000,0.00000,0.00000
91.992,0,91974.000,190762,192000,3999.792,120.0,8,23,2,0.00000,0.00000,0.00000,0.00000,0.00000
91.992,1,92066.000,3177,192000,3999.812,120.0,8,24,2,0.10475,0.10475,0.10428,0.00000,0.00000
91.992,2,91882.000,186347,192000,3999.771,120.0,8,23,2,0.00000,0.00000,0.00000,0.00000,0.00000
92.093,0,92075.000,3610,192000,3999.792,120.0,8,24,2,0.10130,0.10130,0.10101,0.00000,0.00000
92.093,1,92167.000,8030,192000,3999.708,120.0,8,24,2,0.06879,0.06879,0.06849,0.00000,0.00000
92.093,2,91983.000,191190,192000,3999.875,120.0,8,23,2,0.00000,0.00000,0.00000,0.00000,0.00000
92.195,0,92176.000,8488,192000,3999.167,120.0,8,24,2,0.06638,0.06638,0.06620,0.00000,0.00000
92.195,1,92269.000,12913,192000,3999.979,120.0,8,24,2,0.04506,0.04506,0.04486,0.00000,0.00000
92.195,2,92084.000,4064,192000,3999.333,120.0,8,24,2,0.09653,0.09653,0.00000,0.00000,0.00000
92.296,0,92278.000,13345,192000,3999.979,120.0,8,24,2,0.04358,0.04358,0.04346,0.00000,0.00000
92.296,1,92370.000,17774,192000,3999.708,120.0,8,24,2,0.02957,0.02957,0.02944,0.00000,0.00000
92.296,2,92185.000,8915,192000,3999.271,120.0,8,24,2,0.06340,0.06340,0.00000,0.00000,0.00000
92.397,0,92378.000,18191,192000,3999.021,120.0,8,24,2,0.02864,0.02864,0.02856,0.00000,0.00000
92.397,1,92471.000,22625,192000,3999.646,120.0,8,24,2,0.01942,0.01942,0.01934,0.00000,0.00000
92.397,2,92286.000,13757,192000,3999.396,120.0,8,24,2,0.04168,0.04168,0.00000,0.00000,0.00000
92.499,0,92481.000,23090,192000,3999.958,120.0,8,24,2,0.01873,0.01873,0.01868,0.00000,0.00000
92.499,1,92573.000,27529,192000,3999.479,120.0,8,24,2,0.01270,0.01270,0.01264,0.00000,0.00000
92.499,2,92388.000,18651,192000,3999.438,120.0,8,24,2,0.02727,0.02727,0.00000,0.00000,0.00000
92.600,0,92581.000,27924,192000,3999.250,120.0,8,24,2,0.01232,0.01232,0.01229,0.00000,0.00000
92.600,1,92674.000,32368,192000,3999.667,120.0,8,24,2,0.00835,0.00835,0.00831,0.00000,0.00000
92.600,2,92489.000,23480,192000,3999.833,120.0,8,24,2,0.01795,0.01795,0.00000,0.00000,0.00000
92.702,0,92684.000,32854,192000,3999.542,120.0,8,24,2,0.00804,0.00804,0.00802,0.00000,0.00000
92.702,1,92777.000,37302,192000,3999.875,120.0,8,24,2,0.00545,0.00545,0.00542,0.00000,0.00000
92.702,2,92591.000,28405,192000,3999.229,120.0,8,24,2,0.01171,0.01171,0.00000,0.00000,0.00000
92.804,0,92786.000,37761,192000,3999.312,120.0,8,24,2,0.00525,0.00525,0.00524,0.00000,0.00000
92.804,1,92879.000,42215,192000,3999.521,120.0,8,24,2,0.00356,0.00356,0.00354,0.00000,0.00000
92.804,2,92693.000,33308,192000,3999.083,120.0,8,24,2,0.00766,0.00766,0.00000,0.00000,0.00000
92.906,0,92888.000,42655,192000,3999.354,120.0,8,24,2,0.00344,0.00344,0.00343,0.00000,0.00000
92.906,1,92981.000,47113,192000,3999.479,120.0,8,24,2,0.00233,0.00233,0.00232,0.00000,0.00000
92.906,2,92795.000,38196,192000,3999.250,120.0,8,24,2,0.00502,0.00502,0.00000,0.00000,0.00000
93.006,0,92988.000,47458,192000,3999.292,120.0,8,24,2,0.00227,0.00227,0.00226,0.00000,0.00000
93.006,1,93081.000,51922,192000,3999.292,120.0,8,24,2,0.00153,0.00153,0.00153,0.00000,0.00000
93.006,2,92895.000,42995,192000,3999.271,120.0,8,24,2,0.00331,0.00331,0.00000,0.00000,0.00000
93.107,0,93089.000,52288,192000,3999.667,120.0,8,24,2,0.00149,0.00149,0.00149,0.00000,0.00000
93.107,1,93182.000,56756,192000,3999.583,120.0,8,24,2,0.00101,0.00101,0.00100,0.00000,0.00000
93.107,2,92996.000,47819,192000,3999.771,120.0,8,24,2,0.00218,0.00218,0.00000,0.00000,0.00000
93.210,0,93191.000,57203,192000,3999.271,120.0,8,24,2,0.00097,0.00097,0.00097,0.00000,0.00000
93.210,1,93284.000,61676,192000,3999.083,120.0,8,24,2,0.00066,0.00066,0.00066,0.00000,0.00000
93.210,2,93098.000,52730,192000,3999.458,120.0,8,24,2,0.00142,0.00142,0.00000,0.00000,0.00000
93.310,0,93291.000,62013,192000,3999.062,120.0,8,24,2,0.00064,0.00064,0.00064,0.00000,0.00000
93.310,1,93385.000,66491,192000,3999.771,120.0,8,24,2,0.00043,0.00043,0.00043,0.00000,0.00000
93.310,2,93198.000,57535,192000,3999.354,120.0,8,24,2,0.00094,0.00094,0.00000,0.00000,0.00000
93.410,0,93392.000,66849,192000,3999.312,120.0,8,24,2,0.00042,0.00042,0.00042,0.00000,0.00000
93.410,1,93486.000,71332,192000,3999.917,120.0,8,24,2,0.00029,0.00029,0.00028,0.00000,0.00000
93.410,2,93299.000,62366,192000,3999.708,120.0,8,24,2,0.00062,0.00062,0.00000,0.00000,0.00000
93.511,0,93493.000,71688,192000,3999.500,120.0,8,24,2,0.00028,0.00028,0.00028,0.00000,0.00000
93.511,1,93587.000,76176,192000,0.000,120.0,8,24,2,0.00019,0.00019,0.00019,0.00000,0.00000
93.511,2,93400.000,67200,192000,0.000,120.0,8,24,2,0.00041,0.00041,0.00000,0.00000,0.00000
93.613,0,93595.000,76581,192000,3999.562,120.0,8,24,2,0.00018,0.00018,0.00018,0.00000,0.00000
93.613,1,93689.000,81074,192000,3999.958,120.0,8,24,2,0.00012,0.00012,0.00012,0.00000,0.00000
93.613,2,93501.000,72089,192000,3999.146,120.0,8,24,2,0.00027,0.00027,0.00000,0.00000,0.00000
93.715,0,93697.000,81474,192000,3999.625,120.0,8,24,2,0.00012,0.00012,0.00012,0.00000,0.00000
93.715,1,93791.000,85971,192000,3999.938,120.0,8,24,2,0.00008,0.00008,0.00008,0.00000,0.00000
93.715,2,93603.000,76977,192000,3999.312,120.0,8,24,2,0.00017,0.00017,0.00000,0.00000,0.00000
93.817,0,93798.000,86342,192000,3999.208,120.0,8,24,2,0.00008,0.00008,0.00008,0.00000,0.00000
93.817,1,93892.000,90844,192000,3999.417,120.0,8,24,2,0.00005,0.00005,0.00005,0.00000,0.00000
93.817,2,93705.000,81840,192000,0.000,120.0,8,24,2,0.00011,0.00011,0.00000,0.00000,0.00000
93.918,0,93900.000,91234,192000,3999.292,120.0,8,24,2,0.00005,0.00005,0.00005,0.00000,0.00000
93.918,1,93994.000,95742,192000,3999.375,120.0,8,24,2,0.00003,0.00003,0.00003,0.00000,0.00000
93.918,2,93806.000,86727,192000,3999.188,120.0,8,24,2,0.00007,0.00007,0.00000,0.00000,0.00000
94.020,0,94002.000,96104,192000,3999.833,120.0,8,24,2,0.00003,0.00003,0.00003,0.00000,0.00000
94.020,1,94096.000,100616,192000,3999.833,120.0,8,24,2,0.00002,0.00002,0.00002,0.00000,0.00000
94.020,2,93908.000,91592,192000,3999.833,120.0,8,24,2,0.00005,0.00005,0.00000,0.00000,0.00000
94.122,0,94104.000,101013,192000,3999.562,120.0,8,24,2,0.00002,0.00002,0.00002,0.00000,0.00000
94.122,1,94198.000,105530,192000,3999.458,120.0,8,24,2,0.00001,0.00001,0.00001,0.00000,0.00000
94.122,2,94010.000,96496,192000,3999.667,120.0,8,24,2,0.00003,0.00003,0.00000,0.00000,0.00000
94.225,0,94207.000,105949,192000,3999.729,120.0,8,24,2,0.00001,0.00001,0.00001,0.00000,0.00000
94.225,1,94301.000,110471,192000,3999.521,120.0,8,24,2,0.00001,0.00001,0.00001,0.00000,0.00000
94.225,2,94113.000,101427,192000,3999.938,120.0,8,24,2,0.00002,0.00002,0.00000,0.00000,0.00000
94.327,0,94309.000,110836,192000,3999.917,120.0,8,24,2,0.00001,0.00001,0.00001,0.00000,0.00000
94.327,1,94403.000,115363,192000,3999.604,120.0,8,24,2,0.00001,0.00001,0.00001,0.00000,0.00000
94.327,2,94214.000,106309,192000,3999.229,120.0,8,24,2,0.00001,0.00001,0.00000,0.00000,0.00000
94.427,0,94409.000,115662,192000,3999.375,120.0,8,24,2,0.00001,0.00001,0.00001,0.00000,0.00000
94.427,1,94504.000,120193,192000,3999.979,120.0,8,24,2,0.00000,0.00000,0.00000,0.00000,0.00000
94.427,2,94315.000,111130,192000,3999.792,120.0,8,24,2,0.00001,0.00001,0.00000,0.00000,0.00000
94.529,0,94511.000,120547,192000,3999.604,120.0,8,24,2,0.00000,0.00000,0.00000,0.00000,0.00000
94.529,1,94605.000,125083,192000,3999.104,120.0,8,24,2,0.00000,0.00000,0.00000,0.00000,0.00000
94.529,2,94416.000,116010,192000,3999.125,120.0,8,24,2,0.00001,0.00001,0.00000,0.00000,0.00000
94.632,0,94614.000,125488,192000,3999.667,120.0,8,24,2,0.00000,0.00000,0.00000,0.00000,0.00000
94.632,1,94708.000,130030,192000,3999.042,120.0,8,24,2,0.00000,0.00000,0.00000,0.00000,0.00000
94.632,2,94519.000,120947,192000,3999.271,120.0,8,24,2,0.00000,0.00000,0.00000,0.00000,0.00000
94.735,0,94717.000,130439,192000,3999.521,120.0,8,24,2,0.00000,0.00000,0.00000,0.00000,0.00000
94.735,1,94812.000,134986,192000,3999.792,120.0,8,24,2,0.00000,0.00000,0.00000,0.00000,0.00000
94.735,2,94622.000,125893,192000,3999.229,120.0,8,24,2,0.00000,0.00000,0.00000,0.00000,0.00000
94.836,0,94817.000,135260,192000,3999.083,120.0,8,24,2,0.00000,0.00000,0.00000,0.00000,0.00000
94.836,1,94912.000,139811,192000,3999.271,120.0,8,24,2,0.00000,0.00000,0.00000,0.00000,0.00000
94.836,2,94723.000,130709,192000,3999.896,120.0,8,24,2,0.00000,0.00000,0.00000,0.00000,0.00000
94.939,0,94920.000,140204,192000,3999.083,120.0,8,24,2,0.00000,0.00000,0.00000,0.00000,0.00000
94.939,1,95015.000,144760,192000,3999.167,120.0,8,24,2,0.00000,0.00000,0.00000,0.00000,0.00000
94.939,2,94826.000,135648,192000,0.000,120.0,8,24,2,0.00000,0.00000,0.00000,0.00000,0.00000
95.040,0,95022.000,145064,192000,3999.833,120.0,8,24,2,0.00000,0.00000,0.00000,0.00000,0.00000
95.040,1,95117.000,149625,192000,3999.812,120.0,8,24,2,0.00000,0.00000,0.00000,0.00000,0.00000
95.040,2,94927.000,140503,192000,3999.854,120.0,8,24,2,0.00000,0.00000,0.00000,0.00000,0.00000
95.140,0,95122.000,149887,192000,3999.354,120.0,8,24,2,0.00000,0.00000,0.00000,0.00000,0.00000
95.140,1,95217.000,154453,192000,3999.229,120.0,8,24,2,0.00000,0.00000,0.00000,0.00000,0.00000
95.140,2,95027.000,145322,192000,3999.458,120.0,8,24,2,0.00000,0.00000,0.00000,0.00000,0.00000
95.243,0,95224.000,154794,192000,3999.125,120.0,8,24,2,0.00000,0.00000,0.00000,0.00000,0.00000
95.243,1,95320.000,159365,192000,3999.896,120.0,8,24,2,0.00000,0.00000,0.00000,0.00000,0.00000
95.243,2,95129.000,150223,192000,3999.354,120.0,8,24,2,0.00000,0.00000,0.00000,0.00000,0.00000
95.344,0,95326.000,159672,192000,3999.500,120.0,8,24,2,0.00000,0.00000,0.00000,0.00000,0.00000
95.344,1,95421.000,164248,192000,3999.167,120.0,8,24,2,0.00000,0.00000,0.00000,0.00000,0.00000
95.344,2,95231.000,155097,192000,3999.812,120.0,8,24,2,0.00000,0.00000,0.00000,0.00000,0.00000
95.446,0,95428.000,164552,192000,3999.833,120.0,8,24,2,0.00000,0.00000,0.00000,0.00000,0.00000
95.446,1,95523.000,169133,192000,3999.396,120.0,8,24,2,0.00000,0.00000,0.00000,0.00000,0.00000
95.446,2,95332.000,159972,192000,3999.250,120.0,8,24,2,0.00000,0.00000,0.00000,0.00000,0.00000
95.548,0,95530.000,169450,192000,3999.792,120.0,8,24,2,0.00000,0.00000,0.00000,0.00000,0.00000
95.548,1,95625.000,174036,192000,3999.250,120.0,8,24,2,0.00000,0.00000,0.00000,0.00000,0.00000
95.548,2,95434.000,164865,192000,3999.312,120.0,8,24,2,0.00000,0.00000,0.00000,0.00000,0.00000
95.649,0,95630.000,174277,192000,3999.229,120.0,8,24,2,0.00000,0.00000,0.00000,0.00000,0.00000
95.649,1,95726.000,178868,192000,3999.583,120.0,8,24,2,0.00000,0.00000,0.00000,0.00000,0.00000
95.649,2,95535.000,169687,192000,3999.854,120.0,8,24,2,0.00000,0.00000,0.00000,0.00000,0.00000
95.750,0,95731.000,179133,192000,3999.062,120.0,8,24,2,0.00000,0.00000,0.00000,0.00000,0.00000
95.750,1,95827.000,183728,192000,3999.333,120.0,8,24,2,0.00000,0.00000,0.00000,0.00000,0.00000
95.750,2,95636.000,174537,192000,3999.812,120.0,8,24,2,0.00000,0.00000,0.00000,0.00000,0.00000
95.850,0,95832.000,183940,192000,3999.917,120.0,8,24,2,0.00000,0.00000,0.00000,0.00000,0.00000
95.850,1,95927.000,188540,192000,3999.083,120.0,8,24,2,0.00000,0.00000,0.00000,0.00000,0.00000
95.850,2,95736.000,179340,192000,3999.750,120.0,8,24,2,0.00000,0.00000,0.00000,0.00000,0.00000
95.950,0,95932.000,188741,192000,3999.896,120.0,8,24,2,0.00000,0.00000,0.00000,0.00000,0.00000
95.950,1,96028.000,1346,192000,3999.958,120.0,8,25,2,0.00000,0.00000,0.00000,0.00000,0.00000
95.950,2,95836.000,184137,192000,3999.812,120.0,8,24,2,0.00000,0.00000,0.00000,0.00000,0.00000
96.051,0,96033.000,1603,192000,3999.604,120.0,8,25,2,0.00000,0.00000,0.00000,0.00000,0.00000
96.051,1,96129.000,6212,192000,3999.583,120.0,8,25,2,0.00000,0.00000,0.00000,0.00000,0.00000
96.051,2,95937.000,188993,192000,3999.646,120.0,8,24,2,0.00000,0.00000,0.00000,0.00000,0.00000
96.152,0,96134.000,6443,192000,3999.771,120.0,8,25,2,0.00000,0.00000,0.00000,0.00000,0.00000
96.152,1,96230.000,11057,192000,3999.646,120.0,8,25,2,0.00000,0.00000,0.00000,0.00000,0.00000
96.152,2,96038.000,1828,192000,3999.917,120.0,8,25,2,0.00000,0.00000,0.00000,0.00000,0.00000
96.254,0,96236.000,11334,192000,3999.875,120.0,8,25,2,0.00000,0.00000,0.00000,0.00000,0.00000
96.254,1,96332.000,15953,192000,3999.646,120.0,8,25,2,0.00000,0.00000,0.00000,0.00000,0.00000
96.254,2,96139.000,6715,192000,3999.104,120.0,8,25,2,0.00000,0.00000,0.00000,0.00000,0.00000
96.354,0,96336.000,16138,192000,3999.792,120.0,8,25,2,0.00000,0.00000,0.00000,0.00000,0.00000
96.354,1,96432.000,20762,192000,3999.458,120.0,8,25,2,0.00000,0.00000,0.00000,0.00000,0.00000
96.354,2,96239.000,11514,192000,3999.125,120.0,8,25,2,0.00000,0.00000,0.00000,0.00000,0.00000
96.455,0,96437.000,20997,192000,3999.562,120.0,8,25,2,0.00000,0.00000,0.00000,0.00000,0.00000
96.455,1,96533.000,25626,192000,3999.125,120.0,8,25,2,0.00000,0.00000,0.00000,0.00000,0.00000
96.455,2,96341.000,16368,192000,0.000,120.0,8,25,2,0.00000,0.00000,0.00000,0.00000,0.00000
96.558,0,96540.000,25923,192000,3999.938,120.0,8,25,2,0.00000,0.00000,0.00000,0.00000,0.00000
96.558,1,96636.000,30556,192000,3999.417,120.0,8,25,2,0.00000,0.00000,0.00000,0.00000,0.00000
96.558,2,96443.000,21289,192000,3999.479,120.0,8,25,2,0.00000,0.00000,0.00000,0.00000,0.00000
96.659,0,96641.000,30775,192000,3999.854,120.0,8,25,2,0.00000,0.00000,0.00000,0.00000,0.00000
96.659,1,96737.000,35413,192000,3999.229,120.0,8,25,2,0.00000,0.00000,0.00000,0.00000,0.00000
96.659,2,96544.000,26136,192000,3999.500,120.0,8,25,2,0.00000,0.00000,0.00000,0.00000,0.00000
96.761,0,96743.000,35680,192000,3999.667,120.0,8,25,2,0.00000,0.00000,0.00000,0.00000,0.00000
96.761,1,96840.000,40324,192000,3999.917,120.0,8,25,2,0.00000,0.00000,0.00000,0.00000,0.00000
96.761,2,96646.000,31036,192000,3999.417,120.0,8,25,2,0.00000,0.00000,0.00000,0.00000,0.00000
96.861,0,96843.000,40481,192000,3999.646,120.0,8,25,2,0.00000,0.00000,0.00000,0.00000,0.00000
96.861,1,96940.000,45129,192000,3999.812,120.0,8,25,2,0.00000,0.00000,0.00000,0.00000,0.00000
96.861,2,96746.000,35833,192000,3999.479,120.0,8,25,2,0.00000,0.00000,0.00000,0.00000,0.00000
96.964,0,96945.000,45399,192000,3999.188,120.0,8,25,2,0.00000,0.00000,0.00000,0.00000,0.00000
96.964,1,97042.000,50052,192000,3999.250,120.0,8,25,2,0.00000,0.00000,0.00000,0.00000,0.00000
96.964,2,96848.000,40746,192000,3999.125,120.0,8,25,2,0.00000,0.00000,0.00000,0.00000,0.00000
97.064,0,97046.000,50230,192000,3999.542,120.0,8,25,2,0.00000,0.00000,0.00000,0.00000,0.00000
97.064,1,97143.000,54888,192000,3999.500,120.0,8,25,2,0.00000,0.00000,0.00000,0.00000,0.00000
97.064,2,96949.000,45572,192000,3999.583,120.0,8,25,2,0.00000,0.00000,0.00000,0.00000,0.00000
97.165,0,97147.000,55064,192000,3999.833,120.0,8,25,2,0.00000,0.00000,0.00000,0.00000,0.00000
97.165,1,97244.000,59727,192000,3999.688,120.0,8,25,2,0.00000,0.00000,0.00000,0.00000,0.00000
97.165,2,97050.000,50401,192000,3999.979,120.0,8,25,2,0.00000,0.00000,0.00000,0.00000,0.00000
97.266,0,97248.000,59931,192000,3999.438,120.0,8,25,2,0.00000,0.00000,0.00000,0.00000,0.00000
97.266,1,97345.000,64599,192000,3999.188,120.0,8,25,2,0.00000,0.00000,0.00000,0.00000,0.00000
97.266,2,97151.000,55263,192000,3999.688,120.0,8,25,2,0.00000,0.00000,0.00000,0.00000,0.00000
97.369,0,97351.000,64848,192000,0.000,120.0,8,25,2,0.00000,0.00000,0.00000,0.00000,0.00000
97.369,1,97448.000,69520,192000,3999.667,120.0,8,25,2,0.00000,0.00000,0.00000,0.00000,0.00000
97.369,2,97253.000,60175,192000,3999.354,120.0,8,25,2,0.00000,0.00000,0.00000,0.00000,0.00000
97.469,0,97451.000,69655,192000,3999.854,120.0,8,25,2,0.00000,0.00000,0.00000,0.00000,0.00000
97.469,1,97548.000,74333,192000,3999.396,120.0,8,25,2,0.00000,0.00000,0.00000,0.00000,0.00000
97.469,2,97353.000,64977,192000,3999.312,120.0,8,25,2,0.00000,0.00000,0.00000,0.00000,0.00000
97.570,0,97552.000,74500,192000,3999.917,120.0,8,25,2,0.00000,0.00000,0.00000,0.00000,0.00000
97.570,1,97649.000,79182,192000,3999.375,120.0,8,25,2,0.00000,0.00000,0.00000,0.00000,0.00000
97.570,2,97454.000,69817,192000,3999.479,120.0,8,25,2,0.00000,0.00000,0.00000,0.00000,0.00000
97.672,0,97653.000,79380,192000,3999.250,120.0,8,25,2,0.00000,0.00000,0.00000,0.00000,0.00000
97.672,1,97751.000,84067,192000,3999.604,120.0,8,25,2,0.00000,0.00000,0.00000,0.00000,0.00000
97.672,2,97556.000,74693,192000,3999.896,120.0,8,25,2,0.00000,0.00000,0.00000,0.00000,0.00000
97.772,0,97754.000,84204,192000,3999.750,120.0,8,25,2,0.00000,0.00000,0.00000,0.00000,0.00000
97.772,1,97852.000,88896,192000,0.000,120.0,8,25,2,0.00000,0.00000,0.00000,0.00000,0.00000
97.772,2,97656.000,79512,192000,3999.500,120.0,8,25,2,0.00000,0.00000,0.00000,0.00000,0.00000
97.873,0,97854.000,89039,192000,3999.021,120.0,8,25,2,0.00000,0.00000,0.00000,0.00000,0.00000
97.873,1,97952.000,93736,192000,3999.167,120.0,8,25,2,0.00000,0.00000,0.00000,0.00000,0.00000
97.873,2,97757.000,84342,192000,3999.875,120.0,8,25,2,0.00000,0.00000,0.00000,0.00000,0.00000
97.974,0,97955.000,93882,192000,3999.125,120.0,8,25,2,0.00000,0.00000,0.00000,0.00000,0.00000
97.974,1,98053.000,98584,192000,3999.167,120.0,8,25,2,0.00000,0.00000,0.00000,0.00000,0.00000
97.974,2,97857.000,89181,192000,3999.062,120.0,8,25,2,0.00000,0.00000,0.00000,0.00000,0.00000
98.076,0,98057.000,98782,192000,3999.042,120.0,8,25,2,0.00000,0.00000,0.00000,0.00000,0.00000
98.076,1,98156.000,103489,192000,3999.979,120.0,8,25,2,0.00000,0.00000,0.00000,0.00000,0.00000
98.076,2,97959.000,94076,192000,3999.083,120.0,8,25,2,0.00000,0.00000,0.00000,0.00000,0.00000
98.178,0,98160.000,103694,192000,3999.708,120.0,8,25,2,0.00000,0.00000,0.00000,0.00000,0.00000
98.178,1,98258.000,108406,192000,3999.542,120.0,8,25,2,0.00000,0.00000,0.00000,0.00000,0.00000
98.178,2,98062.000,98983,192000,3999.854,120.0,8,25,2,0.00000,0.00000,0.00000,0.00000,0.00000
98.280,0,98262.000,108596,192000,3999.583,120.0,8,25,2,0.00000,0.00000,0.00000,0.00000,0.00000
98.280,1,98360.000,113313,192000,3999.312,120.0,8,25,2,0.00000,0.00000,0.00000,0.00000,0.00000
98.280,2,98164.000,103880,192000,3999.833,120.0,8,25,2,0.00000,0.00000,0.00000,0.00000,0.00000
98.383,0,98365.000,113545,192000,3999.479,120.0,8,25,2,0.00000,0.00000,0.00000,0.00000,0.00000
98.383,1,98463.000,118267,192000,3999.104,120.0,8,25,2,0.00000,0.00000,0.00000,0.00000,0.00000
98.383,2,98267.000,108824,192000,3999.833,120.0,8,25,2,0.00000,0.00000,0.00000,0.00000,0.00000
98.484,0,98466.000,118382,192000,3999.708,120.0,8,25,2,0.00000,0.00000,0.00000,0.00000,0.00000
98.484,1,98564.000,123109,192000,3999.229,120.0,8,25,2,0.00000,0.00000,0.00000,0.00000,0.00000
98.484,2,98367.000,113656,192000,3999.167,120.0,8,25,2,0.00000,0.00000,0.00000,0.00000,0.00000
98.585,0,98566.000,123214,192000,3999.042,120.0,8,25,2,0.00000,0.00000,0.00000,0.00000,0.00000
98.585,1,98665.000,127945,192000,3999.479,120.0,8,25,2,0.00000,0.00000,0.00000,0.00000,0.00000
98.585,2,98468.000,118482,192000,3999.625,120.0,8,25,2,0.00000,0.00000,0.00000,0.00000,0.00000
98.686,0,98668.000,128069,192000,3999.896,120.0,8,25,2,0.00000,0.00000,0.00000,0.00000,0.00000
98.686,1,98766.000,132805,192000,3999.229,120.0,8,25,2,0.00000,0.00000,0.00000,0.00000,0.00000
98.686,2,98569.000,123333,192000,3999.562,120.0,8,25,2,0.00000,0.00000,0.00000,0.00000,0.00000
98.789,0,98771.000,133008,192000,0.000,120.0,8,25,2,0.00000,0.00000,0.00000,0.00000,0.00000
98.789,1,98869.000,137749,192000,3999.229,120.0,8,25,2,0.00000,0.00000,0.00000,0.00000,0.00000
98.789,2,98672.000,128267,192000,3999.771,120.0,8,25,2,0.00000,0.00000,0.00000,0.00000,0.00000
98.889,0,98871.000,137822,192000,3999.708,120.0,8,25,2,0.00000,0.00000,0.00000,0.00000,0.00000
98.889,1,98970.000,142567,192000,3999.854,120.0,8,25,2,0.00000,0.00000,0.00000,0.00000,0.00000
98.889,2,98772.000,133076,192000,3999.583,120.0,8,25,2,0.00000,0.00000,0.00000,0.00000,0.00000
98.991,0,98972.000,142695,192000,3999.188,120.0,8,25,2,0.00000,0.00000,0.00000,0.00000,0.00000
98.991,1,99071.000,147446,192000,3999.208,120.0,8,25,2,0.00000,0.00000,0.00000,0.00000,0.00000
98.991,2,98873.000,137945,192000,3999.146,120.0,8,25,2,0.00000,0.00000,0.00000,0.00000,0.00000
99.091,0,99072.000,147501,192000,3999.062,120.0,8,25,2,0.00000,0.00000,0.00000,0.00000,0.00000
99.091,1,99172.000,152257,192000,3999.979,120.0,8,25,2,0.00000,0.00000,0.00000,0.00000,0.00000
99.091,2,98973.000,142746,192000,3999.125,120.0,8,25,2,0.00000,0.00000,0.00000,0.00000,0.00000
99.193,0,99175.000,152405,192000,3999.896,120.0,8,25,2,0.00000,0.00000,0.00000,0.00000,0.00000
99.193,1,99274.000,157166,192000,3999.708,120.0,8,25,2,0.00000,0.00000,0.00000,0.00000,0.00000
99.193,2,99075.000,147645,192000,3999.062,120.0,8,25,2,0.00000,0.00000,0.00000,0.00000,0.00000
99.295,0,99277.000,157302,192000,3999.875,120.0,8,25,2,0.00000,0.00000,0.00000,0.00000,0.00000
99.295,1,99376.000,162067,192000,3999.604,120.0,8,25,2,0.00000,0.00000,0.00000,0.00000,0.00000
99.295,2,99177.000,152537,192000,3999.146,120.0,8,25,2,0.00000,0.00000,0.00000,0.00000,0.00000
99.396,0,99378.000,162172,192000,3999.417,120.0,8,25,2,0.00000,0.00000,0.00000,0.00000,0.00000
99.396,1,99477.000,166943,192000,3999.021,120.0,8,25,2,0.00000,0.00000,0.00000,0.00000,0.00000
99.396,2,99279.000,157402,192000,3999.792,120.0,8,25,2,0.00000,0.00000,0.00000,0.00000,0.00000
99.498,0,99480.000,167060,192000,3999.583,120.0,8,25,2,0.00000,0.00000,0.00000,0.00000,0.00000
99.498,1,99579.000,171835,192000,3999.104,120.0,8,25,2,0.00000,0.00000,0.00000,0.00000,0.00000
99.498,2,99380.000,162285,192000,3999.062,120.0,8,25,2,0.00000,0.00000,0.00000,0.00000,0.00000
99.601,0,99583.000,172012,192000,3999.417,120.0,8,25,2,0.00000,0.00000,0.00000,0.00000,0.00000
99.601,1,99683.000,176792,192000,3999.833,120.0,8,25,2,0.00000,0.00000,0.00000,0.00000,0.00000
99.601,2,99484.000,167232,192000,0.000,120.0,8,25,2,0.00000,0.00000,0.00000,0.00000,0.00000
99.704,0,99686.000,176945,192000,3999.646,120.0,8,25,2,0.00000,0.00000,0.00000,0.00000,0.00000
99.704,1,99786.000,181730,192000,3999.958,120.0,8,25,2,0.00000,0.00000,0.00000,0.00000,0.00000
99.704,2,99586.000,172161,192000,3999.312,120.0,8,25,2,0.00000,0.00000,0.00000,0.00000,0.00000
99.805,0,99786.000,181764,192000,3999.250,120.0,8,25,2,0.00000,0.00000,0.00000,0.00000,0.00000
99.805,1,99886.000,186554,192000,3999.458,120.0,8,25,2,0.00000,0.00000,0.00000,0.00000,0.00000
99.805,2,99686.000,176974,192000,3999.042,120.0,8,25,2,0.00000,0.00000,0.00000,0.00000,0.00000
99.907,0,99889.000,186696,192000,3999.500,120.0,8,25,2,0.00000,0.00000,0.00000,0.00000,0.00000
99.907,1,99989.000,191491,192000,3999.604,120.0,8,25,2,0.00000,0.00000,0.00000,0.00000,0.00000
99.907,2,99789.000,181902,192000,3999.375,120.0,8,25,2,0.00000,0.00000,0.00000,0.00000,0.00000
100.010,0,99992.000,191636,192000,3999.583,120.0,8,25,2,0.00000,0.00000,0.00000,0.00000,0.00000
100.010,1,100092.000,4436,192000,3999.583,120.0,8,26,2,0.00000,0.00000,0.00000,0.00000,0.00000
100.010,2,99892.000,186836,192000,3999.583,120.0,8,25,2,0.00000,0.00000,0.00000,0.00000,0.00000
100.111,0,100093.000,4494,192000,3999.375,120.0,8,26,2,0.00000,0.00000,0.00000,0.00000,0.00000
100.111,1,100193.000,9299,192000,3999.271,120.0,8,26,2,0.00000,0.00000,0.00000,0.00000,0.00000
100.111,2,99993.000,191690,192000,3999.458,120.0,8,25,2,0.00000,0.00000,0.00000,0.00000,0.00000
100.212,0,100194.000,9343,192000,3999.354,120.0,8,26,2,0.00000,0.00000,0.00000,0.00000,0.00000
100.212,1,100294.000,14153,192000,3999.146,120.0,8,26,2,0.00000,0.00000,0.00000,0.00000,0.00000
100.212,2,100094.000,4534,192000,3999.542,120.0,8,26,2,0.09308,0.00000,0.09308,0.00000,0.00000
100.315,0,100296.000,14250,192000,3999.125,120.0,8,26,2,0.00000,0.00000,0.00000,0.00000,0.00000
100.315,1,100397.000,19064,192000,3999.833,120.0,8,26,2,0.00000,0.00000,0.00000,0.00000,0.00000
100.315,2,100196.000,9435,192000,3999.438,120.0,8,26,2,0.06088,0.00000,0.06088,0.00000,0.00000
100.416,0,100398.000,19130,192000,3999.458,120.0,8,26,2,0.00000,0.00000,0.00000,0.00000,0.00000
100.416,1,100498.000,23949,192000,3999.062,120.0,8,26,2,0.00000,0.00000,0.00000,0.00000,0.00000
100.416,2,100298.000,14311,192000,3999.854,120.0,8,26,2,0.03990,0.00000,0.03990,0.00000,0.00000
100.517,0,100499.000,23954,192000,3999.958,120.0,8,26,2,0.00000,0.00000,0.00000,0.00000,0.00000
100.517,1,100599.000,28778,192000,3999.458,120.0,8,26,2,0.00000,0.00000,0.00000,0.00000,0.00000
100.517,2,100398.000,19130,192000,3999.458,120.0,8,26,2,0.02628,0.00000,0.02628,0.00000,0.00000
100.619,0,100601.000,28870,192000,3999.542,120.0,8,26,2,0.00000,0.00000,0.00000,0.00000,0.00000
100.619,1,100702.000,33699,192000,3999.938,120.0,8,26,2,0.00000,0.00000,0.00000,0.00000,0.00000
100.619,2,100500.000,24042,192000,3999.125,120.0,8,26,2,0.01717,0.00000,0.01717,0.00000,0.00000
100.719,0,100701.000,33676,192000,3999.417,120.0,8,26,2,0.00000,0.00000,0.00000,0.00000,0.00000
100.719,1,100802.000,38510,192000,3999.708,120.0,8,26,2,0.00000,0.00000,0.00000,0.00000,0.00000
100.719,2,100600.000,28843,192000,3999.104,120.0,8,26,2,0.01133,0.00000,0.01133,0.00000,0.00000
100.820,0,100802.000,38509,192000,3999.729,120.0,8,26,2,0.00000,0.00000,0.00000,0.00000,0.00000
100.820,1,100903.000,43347,192000,3999.938,120.0,8,26,2,0.00000,0.00000,0.00000,0.00000,0.00000
100.820,2,100701.000,33670,192000,3999.542,120.0,8,26,2,0.00746,0.00000,0.00746,0.00000,0.00000
100.923,0,100905.000,43445,192000,3999.896,120.0,8,26,2,0.00000,0.00000,0.00000,0.00000,0.00000
100.923,1,101006.000,48288,192000,0.000,120.0,8,26,2,0.00000,0.00000,0.00000,0.00000,0.00000
100.923,2,100804.000,38602,192000,3999.792,120.0,8,26,2,0.00486,0.00000,0.00486,0.00000,0.00000
101.024,0,101006.000,48289,192000,3999.979,120.0,8,26,2,0.00000,0.00000,0.00000,0.00000,0.00000
101.024,1,101107.000,53137,192000,3999.979,120.0,8,26,2,0.00000,0.00000,0.00000,0.00000,0.00000
101.024,2,100905.000,43441,192000,3999.979,120.0,8,26,2,0.00320,0.00000,0.00320,0.00000,0.00000
101.126,0,101107.000,53175,192000,3999.188,120.0,8,26,2,0.00000,0.00000,0.00000,0.00000,0.00000
101.126,1,101208.000,58028,192000,3999.083,120.0,8,26,2,0.00000,0.00000,0.00000,0.00000,0.00000
101.126,2,101006.000,48322,192000,3999.292,120.0,8,26,2,0.00209,0.00000,0.00209,0.00000,0.00000
101.226,0,101207.000,57977,192000,3999.146,120.0,8,26,2,0.00000,0.00000,0.00000,0.00000,0.00000
101.226,1,101309.000,62835,192000,3999.938,120.0,8,26,2,0.00000,0.00000,0.00000,0.00000,0.00000
101.226,2,101106.000,53119,192000,3999.354,120.0,8,26,2,0.00138,0.00000,0.00138,0.00000,0.00000
101.328,0,101310.000,62891,192000,3999.771,120.0,8,26,2,0.00000,0.00000,0.00000,0.00000,0.00000
101.328,1,101411.000,67754,192000,3999.458,120.0,8,26,2,0.00000,0.00000,0.00000,0.00000,0.00000
101.328,2,101208.000,58028,192000,3999.083,120.0,8,26,2,0.00090,0.00000,0.00090,0.00000,0.00000
101.429,0,101411.000,67733,192000,3999.896,120.0,8,26,2,0.00000,0.00000,0.00000,0.00000,0.00000
101.429,1,101512.000,72601,192000,3999.479,120.0,8,26,2,0.00000,0.00000,0.00000,0.00000,0.00000
101.429,2,101309.000,62866,192000,3999.292,120.0,8,26,2,0.00059,0.00000,0.00059,0.00000,0.00000
101.531,0,101513.000,72641,192000,3999.646,120.0,8,26,2,0.00000,0.00000,0.00000,0.00000,0.00000
101.531,1,101614.000,77514,192000,3999.125,120.0,8,26,2,0.00000,0.00000,0.00000,0.00000,0.00000
101.531,2,101411.000,67768,192000,3999.167,120.0,8,26,2,0.00039,0.00000,0.00039,0.00000,0.00000
101.633,0,101615.000,77522,192000,3999.958,120.0,8,26,2,0.00000,0.00000,0.00000,0.00000,0.00000
101.633,1,101716.000,82400,192000,3999.333,120.0,8,26,2,0.00000,0.00000,0.00000,0.00000,0.00000
101.633,2,101513.000,72645,192000,3999.562,120.0,8,26,2,0.00025,0.00000,0.00025,0.00000,0.00000
101.735,0,101717.000,82447,192000,3999.354,120.0,8,26,2,0.00000,0.00000,0.00000,0.00000,0.00000
101.735,1,101819.000,87330,192000,3999.625,120.0,8,26,2,0.00000,0.00000,0.00000,0.00000,0.00000
101.735,2,101615.000,77565,192000,3999.062,120.0,8,26,2,0.00017,0.00000,0.00017,0.00000,0.00000
101.837,0,101819.000,87318,192000,3999.875,120.0,8,26,2,0.00000,0.00000,0.00000,0.00000,0.00000
101.837,1,101920.000,92205,192000,3999.062,120.0,8,26,2,0.00000,0.00000,0.00000,0.00000,0.00000
101.837,2,101717.000,82431,192000,3999.688,120.0,8,26,2,0.00011,0.00000,0.00011,0.00000,0.00000
101.937,0,101919.000,92127,192000,3999.688,120.0,8,26,2,0.00000,0.00000,0.00000,0.00000,0.00000
101.937,1,102021.000,97019,192000,3999.771,120.0,8,26,2,0.00000,0.00000,0.00000,0.00000,0.00000
101.937,2,101817.000,87234,192000,3999.625,120.0,8,26,2,0.00007,0.00000,0.00007,0.00000,0.00000
102.038,0,102020.000,96970,192000,3999.792,120.0,8,26,2,0.00000,0.00000,0.00000,0.00000,0.00000
102.038,1,102122.000,101867,192000,3999.771,120.0,8,26,2,0.00000,0.00000,0.00000,0.00000,0.00000
102.038,2,101918.000,92073,192000,3999.812,120.0,8,26,2,0.00005,0.00000,0.00005,0.00000,0.00000
102.141,0,102123.000,101908,192000,3999.917,120.0,8,26,2,0.00000,0.00000,0.00000,0.00000,0.00000
102.141,1,102225.000,106810,192000,3999.792,120.0,8,26,2,0.00000,0.00000,0.00000,0.00000,0.00000
102.141,2,102020.000,97007,192000,3999.021,120.0,8,26,2,0.00003,0.00000,0.00003,0.00000,0.00000
102.244,0,102225.000,106839,192000,3999.188,120.0,8,26,2,0.00000,0.00000,0.00000,0.00000,0.00000
102.244,1,102328.000,111745,192000,3999.979,120.0,8,26,2,0.00000,0.00000,0.00000,0.00000,0.00000
102.244,2,102123.000,101932,192000,3999.417,120.0,8,26,2,0.00002,0.00000,0.00002,0.00000,0.00000
102.345,0,102327.000,111725,192000,3999.396,120.0,8,26,2,0.00000,0.00000,0.00000,0.00000,0.00000
102.345,1,102429.000,116636,192000,3999.083,120.0,8,26,2,0.00000,0.00000,0.00000,0.00000,0.00000
102.345,2,102225.000,106813,192000,3999.729,120.0,8,26,2,0.00001,0.00000,0.00001,0.00000,0.00000
102.448,0,102430.000,116664,192000,3999.500,120.0,8,26,2,0.00000,0.00000,0.00000,0.00000,0.00000
102.448,1,102532.000,121581,192000,3999.062,120.0,8,26,2,0.00000,0.00000,0.00000,0.00000,0.00000
102.448,2,102328.000,111747,192000,3999.938,120.0,8,26,2,0.00001,0.00000,0.00001,0.00000,0.00000
102.548,0,102530.000,121466,192000,3999.458,120.0,8,26,2,0.00000,0.00000,0.00000,0.00000,0.00000
102.548,1,102633.000,126388,192000,3999.917,120.0,8,26,2,0.00000,0.00000,0.00000,0.00000,0.00000
102.548,2,102428.000,116545,192000,3999.979,120.0,8,26,2,0.00001,0.00000,0.00001,0.00000,0.00000
102.648,0,102630.000,126273,192000,3999.312,120.0,8,26,2,0.00000,0.00000,0.00000,0.00000,0.00000
102.648,1,102733.000,131200,192000,3999.667,120.0,8,26,2,0.00000,0.00000,0.00000,0.00000,0.00000
102.648,2,102528.000,121347,192000,3999.938,120.0,8,26,2,0.00000,0.00000,0.00000,0.00000,0.00000
102.749,0,102731.000,131108,192000,3999.583,120.0,8,26,2,0.00000,0.00000,0.00000,0.00000,0.00000
102.749,1,102834.000,136039,192000,3999.854,120.0,8,26,2,0.00000,0.00000,0.00000,0.00000,0.00000
102.749,2,102628.000,126177,192000,3999.312,120.0,8,26,2,0.00000,0.00000,0.00000,0.00000,0.00000
102.850,0,102832.000,135943,192000,3999.854,120.0,8,26,2,0.00000,0.00000,0.00000,0.00000,0.00000
102.850,1,102934.000,140879,192000,3999.021,120.0,8,26,2,0.00000,0.00000,0.00000,0.00000,0.00000
102.850,2,102729.000,131007,192000,3999.688,120.0,8,26,2,0.00000,0.00000,0.00000,0.00000,0.00000
102.952,0,102934.000,140833,192000,3999.979,120.0,8,26,2,0.00000,0.00000,0.00000,0.00000,0.00000
102.952,1,103036.000,145773,192000,3999.062,120.0,8,26,2,0.00000,0.00000,0.00000,0.00000,0.00000
102.952,2,102831.000,135892,192000,3999.917,120.0,8,26,2,0.00000,0.00000,0.00000,0.00000,0.00000
103.055,0,103036.000,145767,192000,3999.188,120.0,8,26,2,0.00000,0.00000,0.00000,0.00000,0.00000
103.055,1,103139.000,150713,192000,3999.146,120.0,8,26,2,0.00000,0.00000,0.00000,0.00000,0.00000
103.055,2,102933.000,140822,192000,3999.208,120.0,8,26,2,0.00000,0.00000,0.00000,0.00000,0.00000
103.156,0,103138.000,150634,192000,3999.792,120.0,8,26,2,0.00000,0.00000,0.00000,0.00000,0.00000
103.156,1,103241.000,155585,192000,3999.646,120.0,8,26,2,0.00000,0.00000,0.00000,0.00000,0.00000
103.156,2,103035.000,145684,192000,3999.917,120.0,8,26,2,0.00000,0.00000,0.00000,0.00000,0.00000
103.258,0,103240.000,155539,192000,3999.604,120.0,8,26,2,0.00000,0.00000,0.00000,0.00000,0.00000
103.258,1,103343.000,160494,192000,3999.375,120.0,8,26,2,0.00000,0.00000,0.00000,0.00000,0.00000
103.258,2,103137.000,150583,192000,3999.854,120.0,8,26,2,0.00000,0.00000,0.00000,0.00000,0.00000
103.360,0,103342.000,160435,192000,3999.604,120.0,8,26,2,0.00000,0.00000,0.00000,0.00000,0.00000
103.360,1,103445.000,165395,192000,3999.271,120.0,8,26,2,0.00000,0.00000,0.00000,0.00000,0.00000
103.360,2,103239.000,155474,192000,3999.958,120.0,8,26,2,0.00000,0.00000,0.00000,0.00000,0.00000
103.462,0,103444.000,165329,192000,3999.646,120.0,8,26,2,0.00000,0.00000,0.00000,0.00000,0.00000
103.462,1,103547.000,170295,192000,3999.188,120.0,8,26,2,0.00000,0.00000,0.00000,0.00000,0.00000
103.462,2,103340.000,160364,192000,3999.083,120.0,8,26,2,0.00000,0.00000,0.00000,0.00000,0.00000
103.565,0,103547.000,170264,192000,3999.833,120.0,8,26,2,0.00000,0.00000,0.00000,0.00000,0.00000
103.565,1,103650.000,175234,192000,3999.292,120.0,8,26,2,0.00000,0.00000,0.00000,0.00000,0.00000
103.565,2,103443.000,165294,192000,3999.375,120.0,8,26,2,0.00000,0.00000,0.00000,0.00000,0.00000
103.665,0,103647.000,175071,192000,3999.688,120.0,8,26,2,0.00000,0.00000,0.00000,0.00000,0.00000
103.665,1,103750.000,180046,192000,3999.042,120.0,8,26,2,0.00000,0.00000,0.00000,0.00000,0.00000
103.665,2,103543.000,170096,192000,3999.333,120.0,8,26,2,0.00000,0.00000,0.00000,0.00000,0.00000
103.766,0,103747.000,179894,192000,3999.208,120.0,8,26,2,0.00000,0.00000,0.00000,0.00000,0.00000
103.766,1,103851.000,184874,192000,3999.458,120.0,8,26,2,0.00000,0.00000,0.00000,0.00000,0.00000
103.766,2,103644.000,174914,192000,3999.958,120.0,8,26,2,0.00000,0.00000,0.00000,0.00000,0.00000
103.869,0,103850.000,184845,192000,3999.062,120.0,8,26,2,0.00000,0.00000,0.00000,0.00000,0.00000
103.869,1,103954.000,189830,192000,3999.208,120.0,8,26,2,0.00000,0.00000,0.00000,0.00000,0.00000
103.869,2,103747.000,179861,192000,3999.896,120.0,8,26,2,0.00000,0.00000,0.00000,0.00000,0.00000
103.972,0,103953.000,189779,192000,3999.271,120.0,8,26,2,0.00000,0.00000,0.00000,0.00000,0.00000
103.972,1,104057.000,2769,192000,3999.312,120.0,8,27,2,0.10853,0.10853,0.10822,0.00000,0.00000
103.972,2,103849.000,184789,192000,3999.229,120.0,8,26,2,0.00000,0.00000,0.00000,0.00000,0.00000
104.073,0,104055.000,2659,192000,3999.604,120.0,8,27,2,0.11008,0.10965,0.11008,0.00000,0.00000
104.073,1,104159.000,7654,192000,3999.542,120.0,8,27,2,0.07108,0.07108,0.07087,0.00000,0.00000
104.073,2,103951.000,189665,192000,3999.646,120.0,8,26,2,0.00000,0.00000,0.00000,0.00000,0.00000
104.175,0,104157.000,7538,192000,3999.958,120.0,8,27,2,0.07213,0.07185,0.07213,0.00000,0.00000
104.175,1,104261.000,12538,192000,3999.792,120.0,8,27,2,0.04655,0.04655,0.04642,0.00000,0.00000
104.175,2,104052.000,2539,192000,3999.104,120.0,8,27,2,0.11053,0.11053,0.00000,0.00000,0.00000
104.276,0,104257.000,12371,192000,3999.271,120.0,8,27,2,0.04745,0.04727,0.04745,0.00000,0.00000
104.276,1,104362.000,17376,192000,0.000,120.0,8,27,2,0.03061,0.03061,0.03053,0.00000,0.00000
104.276,2,104153.000,7367,192000,3999.521,120.0,8,27,2,0.07275,0.07275,0.00000,0.00000,0.00000
104.376,0,104358.000,17193,192000,3999.812,120.0,8,27,2,0.03125,0.03112,0.03125,0.00000,0.00000
104.376,1,104462.000,22202,192000,3999.458,120.0,8,27,2,0.02015,0.02015,0.02009,0.00000,0.00000
104.376,2,104253.000,12184,192000,3999.167,120.0,8,27,2,0.04792,0.04792,0.00000,0.00000,0.00000
104.478,0,104460.000,22111,192000,3999.354,120.0,8,27,2,0.02041,0.02033,0.02041,0.00000,0.00000
104.478,1,104565.000,27125,192000,3999.896,120.0,8,27,2,0.01315,0.01315,0.01312,0.00000,0.00000
104.478,2,104356.000,17097,192000,3999.812,120.0,8,27,2,0.03131,0.03131,0.00000,0.00000,0.00000
104.581,0,104563.000,27040,192000,3999.667,120.0,8,27,2,0.01331,0.01326,0.01331,0.00000,0.00000
104.581,1,104667.000,32059,192000,3999.104,120.0,8,27,2,0.00858,0.00858,0.00855,0.00000,0.00000
104.581,2,104458.000,22021,192000,3999.229,120.0,8,27,2,0.02044,0.02044,0.00000,0.00000,0.00000
104.682,0,104664.000,31873,192000,3999.979,120.0,8,27,2,0.00876,0.00872,0.00876,0.00000,0.00000
104.682,1,104768.000,36896,192000,3999.333,120.0,8,27,2,0.00564,0.00564,0.00563,0.00000,0.00000
104.682,2,104559.000,26849,192000,3999.646,120.0,8,27,2,0.01345,0.01345,0.00000,0.00000,0.00000
104.784,0,104766.000,36777,192000,3999.812,120.0,8,27,2,0.00573,0.00570,0.00573,0.00000,0.00000
104.784,1,104870.000,41806,192000,3999.042,120.0,8,27,2,0.00369,0.00369,0.00368,0.00000,0.00000
104.784,2,104661.000,31748,192000,3999.583,120.0,8,27,2,0.00880,0.00880,0.00000,0.00000,0.00000
104.884,0,104866.000,41581,192000,3999.729,120.0,8,27,2,0.00378,0.00376,0.00378,0.00000,0.00000
104.884,1,104971.000,46614,192000,3999.875,120.0,8,27,2,0.00243,0.00243,0.00242,0.00000,0.00000
104.884,2,104761.000,36547,192000,3999.604,120.0,8,27,2,0.00581,0.00581,0.00000,0.00000,0.00000
104.985,0,104967.000,46430,192000,3999.708,120.0,8,27,2,0.00248,0.00247,0.00248,0.00000,0.00000
104.985,1,105072.000,51468,192000,3999.750,120.0,8,27,2,0.00160,0.00160,0.00159,0.00000,0.00000
104.985,2,104862.000,41391,192000,3999.688,120.0,8,27,2,0.00382,0.00382,0.00000,0.00000,0.00000
105.087,0,105069.000,51322,192000,3999.792,120.0,8,27,2,0.00162,0.00162,0.00162,0.00000,0.00000
105.087,1,105174.000,56365,192000,3999.729,120.0,8,27,2,0.00104,0.00104,0.00104,0.00000,0.00000
105.087,2,104964.000,46279,192000,3999.854,120.0,8,27,2,0.00250,0.00250,0.00000,0.00000,0.00000
105.189,0,105171.000,56208,192000,0.000,120.0,8,27,2,0.00106,0.00106,0.00106,0.00000,0.00000
105.189,1,105276.000,61256,192000,3999.833,120.0,8,27,2,0.00068,0.00068,0.00068,0.00000,0.00000
105.189,2,105065.000,51160,192000,3999.167,120.0,8,27,2,0.00164,0.00164,0.00000,0.00000,0.00000
105.290,0,105272.000,61082,192000,3999.458,120.0,8,27,2,0.00070,0.00069,0.00070,0.00000,0.00000
105.290,1,105377.000,66135,192000,3999.188,120.0,8,27,2,0.00045,0.00045,0.00045,0.00000,0.00000
105.290,2,105167.000,56029,192000,3999.729,120.0,8,27,2,0.00107,0.00107,0.00000,0.00000,0.00000
105.392,0,105374.000,65957,192000,3999.896,120.0,8,27,2,0.00046,0.00046,0.00046,0.00000,0.00000
105.392,1,105479.000,71015,192000,3999.521,120.0,8,27,2,0.00029,0.00029,0.00029,0.00000,0.00000
105.392,2,105268.000,60899,192000,3999.271,120.0,8,27,2,0.00070,0.00070,0.00000,0.00000,0.00000
105.492,0,105474.000,70758,192000,3999.875,120.0,8,27,2,0.00030,0.00030,0.00030,0.00000,0.00000
105.492,1,105579.000,75820,192000,3999.417,120.0,8,27,2,0.00019,0.00019,0.00019,0.00000,0.00000
105.492,2,105368.000,65695,192000,3999.354,120.0,8,27,2,0.00046,0.00046,0.00000,0.00000,0.00000
105.595,0,105576.000,75687,192000,3999.188,120.0,8,27,2,0.00020,0.00020,0.00020,0.00000,0.00000
105.595,1,105682.000,80755,192000,3999.604,120.0,8,27,2,0.00013,0.00013,0.00013,0.00000,0.00000
105.595,2,105471.000,70619,192000,3999.771,120.0,8,27,2,0.00030,0.00030,0.00000,0.00000,0.00000
105.695,0,105677.000,80527,192000,3999.354,120.0,8,27,2,0.00013,0.00013,0.00013,0.00000,0.00000
105.695,1,105783.000,85599,192000,3999.688,120.0,8,27,2,0.00008,0.00008,0.00008,0.00000,0.00000
105.695,2,105571.000,75454,192000,3999.042,120.0,8,27,2,0.00020,0.00020,0.00000,0.00000,0.00000
105.797,0,105778.000,85379,192000,3999.271,120.0,8,27,2,0.00008,0.00008,0.00008,0.00000,0.00000
105.797,1,105884.000,90457,192000,3999.479,120.0,8,27,2,0.00005,0.00005,0.00005,0.00000,0.00000
105.797,2,105672.000,80302,192000,3999.042,120.0,8,27,2,0.00013,0.00013,0.00000,0.00000,0.00000
105.899,0,105881.000,90295,192000,3999.854,120.0,8,27,2,0.00006,0.00006,0.00006,0.00000,0.00000
105.899,1,105987.000,95377,192000,3999.979,120.0,8,27,2,0.00004,0.00004,0.00004,0.00000,0.00000
105.899,2,105775.000,85213,192000,3999.729,120.0,8,27,2,0.00009,0.00009,0.00000,0.00000,0.00000
105.999,0,105981.000,95105,192000,3999.646,120.0,8,27,2,0.00004,0.00004,0.00004,0.00000,0.00000
105.999,1,106087.000,100192,192000,3999.667,120.0,8,27,2,0.00002,0.00002,0.00002,0.00000,0.00000
105.999,2,105875.000,90018,192000,3999.625,120.0,8,27,2,0.00006,0.00006,0.00000,0.00000,0.00000
106.101,0,106083.000,100016,192000,3999.333,120.0,8,27,2,0.00002,0.00002,0.00002,0.00000,0.00000
106.101,1,106189.000,105108,192000,3999.250,120.0,8,27,2,0.00002,0.00002,0.00002,0.00000,0.00000
106.101,2,105977.000,94924,192000,3999.417,120.0,8,27,2,0.00004,0.00004,0.00000,0.00000,0.00000
106.203,0,106185.000,104899,192000,3999.604,120.0,8,27,2,0.00002,0.00002,0.00002,0.00000,0.00000
106.203,1,106291.000,109996,192000,3999.417,120.0,8,27,2,0.00001,0.00001,0.00001,0.00000,0.00000
106.203,2,106079.000,99802,192000,3999.792,120.0,8,27,2,0.00002,0.00002,0.00000,0.00000,0.00000
106.304,0,106285.000,109726,192000,3999.042,120.0,8,27,2,0.00001,0.00001,0.00001,0.00000,0.00000
106.304,1,106392.000,114827,192000,3999.771,120.0,8,27,2,0.00001,0.00001,0.00001,0.00000,0.00000
106.304,2,106179.000,104624,192000,3999.333,120.0,8,27,2,0.00002,0.00002,0.00000,0.00000,0.00000
106.405,0,106386.000,114574,192000,3999.042,120.0,8,27,2,0.00001,0.00001,0.00001,0.00000,0.00000
106.405,1,106493.000,119681,192000,3999.646,120.0,8,27,2,0.00000,0.00000,0.00000,0.00000,0.00000
106.405,2,106280.000,109468,192000,3999.417,120.0,8,27,2,0.00001,0.00001,0.00000,0.00000,0.00000
106.505,0,106487.000,119401,192000,3999.479,120.0,8,27,2,0.00000,0.00000,0.00000,0.00000,0.00000
106.505,1,106594.000,124512,192000,0.000,120.0,8,27,2,0.00000,0.00000,0.00000,0.00000,0.00000
106.505,2,106381.000,114290,192000,3999.958,120.0,8,27,2,0.00001,0.00001,0.00000,0.00000,0.00000
106.608,0,106590.000,124354,192000,3999.292,120.0,8,27,2,0.00000,0.00000,0.00000,0.00000,0.00000
106.608,1,106697.000,129470,192000,3999.708,120.0,8,27,2,0.00000,0.00000,0.00000,0.00000,0.00000
106.608,2,106484.000,119237,192000,3999.896,120.0,8,27,2,0.00000,0.00000,0.00000,0.00000,0.00000
106.709,0,106690.000,129155,192000,3999.271,120.0,8,27,2,0.00000,0.00000,0.00000,0.00000,0.00000
106.709,1,106797.000,134276,192000,3999.583,120.0,8,27,2,0.00000,0.00000,0.00000,0.00000,0.00000
106.709,2,106584.000,124034,192000,3999.958,120.0,8,27,2,0.00000,0.00000,0.00000,0.00000,0.00000
106.810,0,106791.000,134012,192000,3999.083,120.0,8,27,2,0.00000,0.00000,0.00000,0.00000,0.00000
106.810,1,106898.000,139138,192000,3999.292,120.0,8,27,2,0.00000,0.00000,0.00000,0.00000,0.00000
106.810,2,106685.000,128886,192000,3999.875,120.0,8,27,2,0.00000,0.00000,0.00000,0.00000,0.00000
106.911,0,106893.000,138892,192000,3999.417,120.0,8,27,2,0.00000,0.00000,0.00000,0.00000,0.00000
106.911,1,107000.000,144023,192000,3999.521,120.0,8,27,2,0.00000,0.00000,0.00000,0.00000,0.00000
106.911,2,106786.000,133761,192000,3999.312,120.0,8,27,2,0.00000,0.00000,0.00000,0.00000,0.00000
107.014,0,106996.000,143831,192000,3999.521,120.0,8,27,2,0.00000,0.00000,0.00000,0.00000,0.00000
107.014,1,107103.000,148966,192000,3999.542,120.0,8,27,2,0.00000,0.00000,0.00000,0.00000,0.00000
107.014,2,106889.000,138695,192000,3999.521,120.0,8,27,2,0.00000,0.00000,0.00000,0.00000,0.00000
107.115,0,107097.000,148684,192000,3999.417,120.0,8,27,2,0.00000,0.00000,0.00000,0.00000,0.00000
107.115,1,107204.000,153824,192000,3999.333,120.0,8,27,2,0.00000,0.00000,0.00000,0.00000,0.00000
107.115,2,106990.000,143543,192000,3999.521,120.0,8,27,2,0.00000,0.00000,0.00000,0.00000,0.00000
107.216,0,107198.000,153507,192000,3999.938,120.0,8,27,2,0.00000,0.00000,0.00000,0.00000,0.00000
107.216,1,107305.000,158653,192000,3999.729,120.0,8,27,2,0.00000,0.00000,0.00000,0.00000,0.00000
107.216,2,107090.000,148362,192000,3999.125,120.0,8,27,2,0.00000,0.00000,0.00000,0.00000,0.00000
107.318,0,107299.000,158391,192000,3999.188,120.0,8,27,2,0.00000,0.00000,0.00000,0.00000,0.00000
107.318,1,107407.000,163542,192000,3999.875,120.0,8,27,2,0.00000,0.00000,0.00000,0.00000,0.00000
107.318,2,107192.000,153241,192000,3999.479,120.0,8,27,2,0.00000,0.00000,0.00000,0.00000,0.00000
107.419,0,107401.000,163273,192000,3999.479,120.0,8,27,2,0.00000,0.00000,0.00000,0.00000,0.00000
107.419,1,107508.000,168428,192000,3999.083,120.0,8,27,2,0.00000,0.00000,0.00000,0.00000,0.00000
107.419,2,107294.000,158118,192000,3999.875,120.0,8,27,2,0.00000,0.00000,0.00000,0.00000,0.00000
107.522,0,107503.000,168184,192000,3999.167,120.0,8,27,2,0.00000,0.00000,0.00000,0.00000,0.00000
107.522,1,107611.000,173344,192000,3999.667,120.0,8,27,2,0.00000,0.00000,0.00000,0.00000,0.00000
107.522,2,107396.000,163024,192000,3999.667,120.0,8,27,2,0.00000,0.00000,0.00000,0.00000,0.00000
107.624,0,107606.000,173096,192000,3999.833,120.0,8,27,2,0.00000,0.00000,0.00000,0.00000,0.00000
107.624,1,107713.000,178261,192000,3999.229,120.0,8,27,2,0.00000,0.00000,0.00000,0.00000,0.00000
107.624,2,107498.000,167931,192000,3999.438,120.0,8,27,2,0.00000,0.00000,0.00000,0.00000,0.00000
107.726,0,107707.000,177976,192000,3999.167,120.0,8,27,2,0.00000,0.00000,0.00000,0.00000,0.00000
107.726,1,107815.000,183146,192000,3999.458,120.0,8,27,2,0.00000,0.00000,0.00000,0.00000,0.00000
107.726,2,107600.000,172806,192000,3999.875,120.0,8,27,2,0.00000,0.00000,0.00000,0.00000,0.00000
107.826,0,107808.000,182799,192000,3999.688,120.0,8,27,2,0.00000,0.00000,0.00000,0.00000,0.00000
107.826,1,107916.000,187974,192000,3999.875,120.0,8,27,2,0.00000,0.00000,0.00000,0.00000,0.00000
107.826,2,107700.000,177625,192000,3999.479,120.0,8,27,2,0.00000,0.00000,0.00000,0.00000,0.00000
107.930,0,107912.000,187794,192000,3999.625,120.0,8,27,2,0.00000,0.00000,0.00000,0.00000,0.00000
107.930,1,108020.000,974,192000,3999.708,120.0,8,28,2,0.00000,0.00000,0.00000,0.00000,0.00000
107.930,2,107804.000,182614,192000,3999.542,120.0,8,27,2,0.00000,0.00000,0.00000,0.00000,0.00000
108.032,0,108014.000,686,192000,3999.708,120.0,8,28,2,0.00000,0.00000,0.00000,0.00000,0.00000
108.032,1,108122.000,5871,192000,3999.688,120.0,8,28,2,0.00000,0.00000,0.00000,0.00000,0.00000
108.032,2,107906.000,187502,192000,3999.708,120.0,8,27,2,0.00000,0.00000,0.00000,0.00000,0.00000
108.134,0,108116.000,5587,192000,3999.604,120.0,8,28,2,0.00000,0.00000,0.00000,0.00000,0.00000
108.134,1,108224.000,10776,192000,3999.500,120.0,8,28,2,0.00000,0.00000,0.00000,0.00000,0.00000
108.134,2,108008.000,397,192000,3999.729,120.0,8,28,2,0.00000,0.00000,0.00000,0.00000,0.00000
108.235,0,108217.000,10427,192000,3999.771,120.0,8,28,2,0.00000,0.00000,0.00000,0.00000,0.00000
108.235,1,108325.000,15622,192000,3999.542,120.0,8,28,2,0.00000,0.00000,0.00000,0.00000,0.00000
108.235,2,108109.000,5233,192000,3999.979,120.0,8,28,2,0.00000,0.00000,0.00000,0.00000,0.00000
108.338,0,108320.000,15362,192000,3999.958,120.0,8,28,2,0.00000,0.00000,0.00000,0.00000,0.00000
108.338,1,108428.000,20561,192000,3999.646,120.0,8,28,2,0.00000,0.00000,0.00000,0.00000,0.00000
108.338,2,108211.000,10162,192000,3999.292,120.0,8,28,2,0.00000,0.00000,0.00000,0.00000,0.00000
108.438,0,108420.000,20174,192000,3999.708,120.0,8,28,2,0.00000,0.00000,0.00000,0.00000,0.00000
108.438,1,108528.000,25379,192000,3999.271,120.0,8,28,2,0.00000,0.00000,0.00000,0.00000,0.00000
108.438,2,108311.000,14970,192000,3999.125,120.0,8,28,2,0.00000,0.00000,0.00000,0.00000,0.00000
108.539,0,108520.000,25000,192000,3999.167,120.0,8,28,2,0.00000,0.00000,0.00000,0.00000,0.00000
108.539,1,108629.000,30209,192000,3999.646,120.0,8,28,2,0.00000,0.00000,0.00000,0.00000,0.00000
108.539,2,108412.000,19791,192000,3999.688,120.0,8,28,2,0.00000,0.00000,0.00000,0.00000,0.00000
108.642,0,108624.000,29957,192000,3999.896,120.0,8,28,2,0.00000,0.00000,0.00000,0.00000,0.00000
108.642,1,108732.000,35171,192000,3999.271,120.0,8,28,2,0.00000,0.00000,0.00000,0.00000,0.00000
108.642,2,108515.000,24743,192000,3999.521,120.0,8,28,2,0.00000,0.00000,0.00000,0.00000,0.00000
108.744,0,108726.000,34873,192000,3999.479,120.0,8,28,2,0.00000,0.00000,0.00000,0.00000,0.00000
108.744,1,108835.000,40092,192000,3999.750,120.0,8,28,2,0.00000,0.00000,0.00000,0.00000,0.00000
108.744,2,108617.000,29654,192000,3999.208,120.0,8,28,2,0.00000,0.00000,0.00000,0.00000,0.00000
108.846,0,108828.000,39765,192000,3999.562,120.0,8,28,2,0.00000,0.00000,0.00000,0.00000,0.00000
108.846,1,108937.000,44989,192000,3999.729,120.0,8,28,2,0.00000,0.00000,0.00000,0.00000,0.00000
108.846,2,108719.000,34542,192000,3999.375,120.0,8,28,2,0.00000,0.00000,0.00000,0.00000,0.00000
108.948,0,108929.000,44635,192000,3999.104,120.0,8,28,2,0.00000,0.00000,0.00000,0.00000,0.00000
108.948,1,109038.000,49864,192000,3999.167,120.0,8,28,2,0.00000,0.00000,0.00000,0.00000,0.00000
108.948,2,108820.000,39407,192000,3999.021,120.0,8,28,2,0.00000,0.00000,0.00000,0.00000,0.00000
109.050,0,109032.000,49552,192000,3999.667,120.0,8,28,2,0.00000,0.00000,0.00000,0.00000,0.00000
109.050,1,109141.000,54786,192000,3999.625,120.0,8,28,2,0.00000,0.00000,0.00000,0.00000,0.00000
109.050,2,108923.000,44319,192000,3999.688,120.0,8,28,2,0.00000,0.00000,0.00000,0.00000,0.00000
109.153,0,109135.000,54499,192000,3999.604,120.0,8,28,2,0.00000,0.00000,0.00000,0.00000,0.00000
109.153,1,109244.000,59738,192000,3999.458,120.0,8,28,2,0.00000,0.00000,0.00000,0.00000,0.00000
109.153,2,109026.000,49261,192000,3999.729,120.0,8,28,2,0.00000,0.00000,0.00000,0.00000,0.00000
109.255,0,109237.000,59378,192000,3999.958,120.0,8,28,2,0.00000,0.00000,0.00000,0.00000,0.00000
109.255,1,109346.000,64622,192000,3999.708,120.0,8,28,2,0.00000,0.00000,0.00000,0.00000,0.00000
109.255,2,109127.000,54135,192000,3999.188,120.0,8,28,2,0.00000,0.00000,0.00000,0.00000,0.00000
109.356,0,109338.000,64249,192000,3999.479,120.0,8,28,2,0.00000,0.00000,0.00000,0.00000,0.00000
109.356,1,109447.000,69497,192000,3999.146,120.0,8,28,2,0.00000,0.00000,0.00000,0.00000,0.00000
109.356,2,109229.000,59000,192000,3999.833,120.0,8,28,2,0.00000,0.00000,0.00000,0.00000,0.00000
109.459,0,109441.000,69188,192000,3999.583,120.0,8,28,2,0.00000,0.00000,0.00000,0.00000,0.00000
109.459,1,109550.000,74441,192000,3999.146,120.0,8,28,2,0.00000,0.00000,0.00000,0.00000,0.00000
109.459,2,109331.000,63935,192000,3999.021,120.0,8,28,2,0.00000,0.00000,0.00000,0.00000,0.00000
109.561,0,109542.000,74058,192000,3999.125,120.0,8,28,2,0.00000,0.00000,0.00000,0.00000,0.00000
109.561,1,109652.000,79316,192000,3999.583,120.0,8,28,2,0.00000,0.00000,0.00000,0.00000,0.00000
109.561,2,109433.000,68800,192000,3999.667,120.0,8,28,2,0.00000,0.00000,0.00000,0.00000,0.00000
109.661,0,109643.000,78885,192000,3999.562,120.0,8,28,2,0.00000,0.00000,0.00000,0.00000,0.00000
109.661,1,109753.000,84148,192000,3999.917,120.0,8,28,2,0.00000,0.00000,0.00000,0.00000,0.00000
109.661,2,109533.000,73623,192000,3999.188,120.0,8,28,2,0.00000,0.00000,0.00000,0.00000,0.00000
109.762,0,109744.000,83728,192000,3999.667,120.0,8,28,2,0.00000,0.00000,0.00000,0.00000,0.00000
109.762,1,109854.000,88995,192000,3999.938,120.0,8,28,2,0.00000,0.00000,0.00000,0.00000,0.00000
109.762,2,109634.000,78460,192000,3999.417,120.0,8,28,2,0.00000,0.00000,0.00000,0.00000,0.00000
109.865,0,109847.000,88672,192000,3999.667,120.0,8,28,2,0.00000,0.00000,0.00000,0.00000,0.00000
109.865,1,109957.000,93944,192000,3999.833,120.0,8,28,2,0.00000,0.00000,0.00000,0.00000,0.00000
109.865,2,109737.000,83399,192000,3999.521,120.0,8,28,2,0.00000,0.00000,0.00000,0.00000,0.00000
109.966,0,109948.000,93506,192000,3999.958,120.0,8,28,2,0.00000,0.00000,0.00000,0.00000,0.00000
109.966,1,110057.000,98783,192000,3999.021,120.0,8,28,2,0.00000,0.00000,0.00000,0.00000,0.00000
109.966,2,109838.000,88228,192000,3999.917,120.0,8,28,2,0.00000,0.00000,0.00000,0.00000,0.00000
110.067,0,110049.000,98370,192000,3999.625,120.0,8,28,2,0.00000,0.00000,0.00000,0.00000,0.00000
110.067,1,110159.000,103652,192000,3999.583,120.0,8,28,2,0.00000,0.00000,0.00000,0.00000,0.00000
110.067,2,109939.000,93088,192000,3999.667,120.0,8,28,2,0.00000,0.00000,0.00000,0.00000,0.00000
110.168,0,110150.000,103219,192000,3999.604,120.0,8,28,2,0.00000,0.00000,0.00000,0.00000,0.00000
110.168,1,110260.000,108507,192000,3999.438,120.0,8,28,2,0.00000,0.00000,0.00000,0.00000,0.00000
110.168,2,110040.000,97932,192000,3999.750,120.0,8,28,2,0.00000,0.00000,0.00000,0.00000,0.00000
110.270,0,110251.000,108090,192000,3999.125,120.0,8,28,2,0.00000,0.00000,0.00000,0.00000,0.00000
110.270,1,110362.000,113382,192000,3999.875,120.0,8,28,2,0.00000,0.00000,0.00000,0.00000,0.00000
110.270,2,110141.000,102797,192000,3999.396,120.0,8,28,2,0.00000,0.00000,0.00000,0.00000,0.00000
110.372,0,110354.000,112997,192000,3999.896,120.0,8,28,2,0.00000,0.00000,0.00000,0.00000,0.00000
110.372,1,110464.000,118294,192000,3999.542,120.0,8,28,2,0.00000,0.00000,0.00000,0.00000,0.00000
110.372,2,110243.000,107700,192000,3999.250,120.0,8,28,2,0.00000,0.00000,0.00000,0.00000,0.00000
110.473,0,110455.000,117842,192000,3999.958,120.0,8,28,2,0.00000,0.00000,0.00000,0.00000,0.00000
110.473,1,110565.000,123143,192000,3999.521,120.0,8,28,2,0.00000,0.00000,0.00000,0.00000,0.00000
110.473,2,110344.000,112540,192000,3999.417,120.0,8,28,2,0.00000,0.00000,0.00000,0.00000,0.00000
110.575,0,110557.000,122750,192000,3999.708,120.0,8,28,2,0.00000,0.00000,0.00000,0.00000,0.00000
110.575,1,110667.000,128057,192000,3999.146,120.0,8,28,2,0.00000,0.00000,0.00000,0.00000,0.00000
110.575,2,110446.000,117443,192000,3999.271,120.0,8,28,2,0.00000,0.00000,0.00000,0.00000,0.00000
110.677,0,110659.000,127642,192000,3999.792,120.0,8,28,2,0.00000,0.00000,0.00000,0.00000,0.00000
110.677,1,110769.000,132954,192000,3999.125,120.0,8,28,2,0.00000,0.00000,0.00000,0.00000,0.00000
110.677,2,110548.000,122331,192000,3999.438,120.0,8,28,2,0.00000,0.00000,0.00000,0.00000,0.00000
110.779,0,110760.000,132520,192000,3999.167,120.0,8,28,2,0.00000,0.00000,0.00000,0.00000,0.00000
110.779,1,110871.000,137836,192000,3999.417,120.0,8,28,2,0.00000,0.00000,0.00000,0.00000,0.00000
110.779,2,110650.000,127203,192000,3999.938,120.0,8,28,2,0.00000,0.00000,0.00000,0.00000,0.00000
110.882,0,110863.000,137460,192000,3999.250,120.0,8,28,2,0.00000,0.00000,0.00000,0.00000,0.00000
110.882,1,110974.000,142781,192000,3999.396,120.0,8,28,2,0.00000,0.00000,0.00000,0.00000,0.00000
110.882,2,110752.000,132138,192000,3999.125,120.0,8,28,2,0.00000,0.00000,0.00000,0.00000,0.00000
110.985,0,110966.000,142406,192000,3999.208,120.0,8,28,2,0.00000,0.00000,0.00000,0.00000,0.00000
110.985,1,111077.000,147732,192000,3999.250,120.0,8,28,2,0.00000,0.00000,0.00000,0.00000,0.00000
110.985,2,110855.000,137080,192000,3999.167,120.0,8,28,2,0.00000,0.00000,0.00000,0.00000,0.00000
111.087,0,111069.000,147316,192000,3999.917,120.0,8,28,2,0.00000,0.00000,0.00000,0.00000,0.00000
111.087,1,111180.000,152647,192000,3999.854,120.0,8,28,2,0.00000,0.00000,0.00000,0.00000,0.00000
111.087,2,110958.000,141984,192000,0.000,120.0,8,28,2,0.00000,0.00000,0.00000,0.00000,0.00000
111.187,0,111169.000,152120,192000,3999.833,120.0,8,28,2,0.00000,0.00000,0.00000,0.00000,0.00000
111.187,1,111280.000,157456,192000,3999.667,120.0,8,28,2,0.00000,0.00000,0.00000,0.00000,0.00000
111.187,2,111058.000,146784,192000,0.000,120.0,8,28,2,0.00000,0.00000,0.00000,0.00000,0.00000
111.289,0,111271.000,157027,192000,3999.604,120.0,8,28,2,0.00000,0.00000,0.00000,0.00000,0.00000
111.289,1,111382.000,162368,192000,3999.333,120.0,8,28,2,0.00000,0.00000,0.00000,0.00000,0.00000
111.289,2,111160.000,151686,192000,3999.875,120.0,8,28,2,0.00000,0.00000,0.00000,0.00000,0.00000
111.389,0,111371.000,161833,192000,3999.479,120.0,8,28,2,0.00000,0.00000,0.00000,0.00000,0.00000
111.389,1,111482.000,167179,192000,3999.104,120.0,8,28,2,0.00000,0.00000,0.00000,0.00000,0.00000
111.389,2,111260.000,156487,192000,3999.854,120.0,8,28,2,0.00000,0.00000,0.00000,0.00000,0.00000
111.490,0,111471.000,166648,192000,3999.167,120.0,8,28,2,0.00000,0.00000,0.00000,0.00000,0.00000
111.490,1,111583.000,171998,192000,3999.708,120.0,8,28,2,0.00000,0.00000,0.00000,0.00000,0.00000
111.490,2,111360.000,161297,192000,3999.646,120.0,8,28,2,0.00000,0.00000,0.00000,0.00000,0.00000
111.591,0,111573.000,171512,192000,3999.833,120.0,8,28,2,0.00000,0.00000,0.00000,0.00000,0.00000
111.591,1,111684.000,176867,192000,3999.271,120.0,8,28,2,0.00000,0.00000,0.00000,0.00000,0.00000
111.591,2,111461.000,166156,192000,3999.417,120.0,8,28,2,0.00000,0.00000,0.00000,0.00000,0.00000
111.692,0,111674.000,176379,192000,3999.438,120.0,8,28,2,0.00000,0.00000,0.00000,0.00000,0.00000
111.692,1,111786.000,181740,192000,3999.750,120.0,8,28,2,0.00000,0.00000,0.00000,0.00000,0.00000
111.692,2,111562.000,171019,192000,3999.104,120.0,8,28,2,0.00000,0.00000,0.00000,0.00000,0.00000
111.794,0,111776.000,181277,192000,3999.396,120.0,8,28,2,0.00000,0.00000,0.00000,0.00000,0.00000
111.794,1,111888.000,186642,192000,3999.625,120.0,8,28,2,0.00000,0.00000,0.00000,0.00000,0.00000
111.794,2,111664.000,175911,192000,3999.188,120.0,8,28,2,0.00000,0.00000,0.00000,0.00000,0.00000
111.896,0,111878.000,186150,192000,3999.875,120.0,8,28,2,0.00000,0.00000,0.00000,0.00000,0.00000
111.896,1,111990.000,191520,192000,0.000,120.0,8,28,2,0.00000,0.00000,0.00000,0.00000,0.00000
111.896,2,111766.000,180780,192000,3999.750,120.0,8,28,2,0.00000,0.00000,0.00000,0.00000,0.00000
111.997,0,111979.000,191001,192000,3999.812,120.0,8,28,2,0.00000,0.00000,0.00000,0.00000,0.00000
111.997,1,112091.000,4376,192000,3999.833,120.0,8,29,2,0.00000,0.00000,0.00000,0.00000,0.00000
111.997,2,111867.000,185626,192000,3999.792,120.0,8,28,2,0.00000,0.00000,0.00000,0.00000,0.00000
112.100,0,112082.000,3951,192000,3999.688,120.0,8,29,2,0.00000,0.00000,0.00000,0.00000,0.00000
112.100,1,112194.000,9331,192000,3999.604,120.0,8,29,2,0.00000,0.00000,0.00000,0.00000,0.00000
112.100,2,111970.000,190572,192000,3999.750,120.0,8,28,2,0.00000,0.00000,0.00000,0.00000,0.00000
112.201,0,112183.000,8813,192000,3999.396,120.0,8,29,2,0.00000,0.00000,0.00000,0.00000,0.00000
112.201,1,112295.000,14198,192000,3999.208,120.0,8,29,2,0.00000,0.00000,0.00000,0.00000,0.00000
112.201,2,112071.000,3429,192000,3999.562,120.0,8,29,2,0.10252,0.00000,0.10252,0.00000,0.00000
112.305,0,112286.000,13764,192000,3999.250,120.0,8,29,2,0.00000,0.00000,0.00000,0.00000,0.00000
112.305,1,112399.000,19154,192000,3999.958,120.0,8,29,2,0.00000,0.00000,0.00000,0.00000,0.00000
112.305,2,112174.000,8374,192000,3999.542,120.0,8,29,2,0.06679,0.00000,0.06679,0.00000,0.00000
112.406,0,112388.000,18640,192000,3999.667,120.0,8,29,2,0.00000,0.00000,0.00000,0.00000,0.00000
112.406,1,112500.000,24035,192000,3999.271,120.0,8,29,2,0.00000,0.00000,0.00000,0.00000,0.00000
112.406,2,112275.000,13246,192000,3999.042,120.0,8,29,2,0.04379,0.00000,0.04379,0.00000,0.00000
112.508,0,112490.000,23536,192000,3999.667,120.0,8,29,2,0.00000,0.00000,0.00000,0.00000,0.00000
112.508,1,112602.000,28935,192000,3999.188,120.0,8,29,2,0.00000,0.00000,0.00000,0.00000,0.00000
112.508,2,112377.000,18136,192000,3999.167,120.0,8,29,2,0.02867,0.00000,0.02867,0.00000,0.00000
112.608,0,112590.000,28353,192000,3999.312,120.0,8,29,2,0.00000,0.00000,0.00000,0.00000,0.00000
112.608,1,112703.000,33758,192000,3999.708,120.0,8,29,2,0.00000,0.00000,0.00000,0.00000,0.00000
112.608,2,112478.000,22949,192000,3999.896,120.0,8,29,2,0.01889,0.00000,0.01889,0.00000,0.00000
112.710,0,112692.000,33236,192000,3999.583,120.0,8,29,2,0.00000,0.00000,0.00000,0.00000,0.00000
112.710,1,112805.000,38645,192000,3999.896,120.0,8,29,2,0.00000,0.00000,0.00000,0.00000,0.00000
112.710,2,112579.000,27827,192000,3999.271,120.0,8,29,2,0.01238,0.00000,0.01238,0.00000,0.00000
112.813,0,112795.000,38168,192000,3999.833,120.0,8,29,2,0.00000,0.00000,0.00000,0.00000,0.00000
112.813,1,112907.000,43582,192000,3999.042,120.0,8,29,2,0.00000,0.00000,0.00000,0.00000,0.00000
112.813,2,112682.000,32754,192000,3999.625,120.0,8,29,2,0.00808,0.00000,0.00808,0.00000,0.00000
112.914,0,112896.000,43032,192000,3999.500,120.0,8,29,2,0.00000,0.00000,0.00000,0.00000,0.00000
112.914,1,113009.000,48451,192000,3999.604,120.0,8,29,2,0.00000,0.00000,0.00000,0.00000,0.00000
112.914,2,112783.000,37613,192000,3999.396,120.0,8,29,2,0.00530,0.00000,0.00530,0.00000,0.00000
113.014,0,112996.000,47842,192000,3999.292,120.0,8,29,2,0.00000,0.00000,0.00000,0.00000,0.00000
113.014,1,113109.000,53266,192000,3999.292,120.0,8,29,2,0.00000,0.00000,0.00000,0.00000,0.00000
113.014,2,112883.000,42418,192000,3999.292,120.0,8,29,2,0.00350,0.00000,0.00350,0.00000,0.00000
113.117,0,113099.000,52773,192000,3999.562,120.0,8,29,2,0.00000,0.00000,0.00000,0.00000,0.00000
113.117,1,113212.000,58202,192000,3999.458,120.0,8,29,2,0.00000,0.00000,0.00000,0.00000,0.00000
113.117,2,112986.000,47344,192000,3999.667,120.0,8,29,2,0.00228,0.00000,0.00228,0.00000,0.00000
113.218,0,113199.000,57598,192000,3999.042,120.0,8,29,2,0.00000,0.00000,0.00000,0.00000,0.00000
113.218,1,113313.000,63031,192000,3999.854,120.0,8,29,2,0.00000,0.00000,0.00000,0.00000,0.00000
113.218,2,113086.000,52164,192000,3999.250,120.0,8,29,2,0.00150,0.00000,0.00150,0.00000,0.00000
113.319,0,113301.000,62483,192000,3999.271,120.0,8,29,2,0.00000,0.00000,0.00000,0.00000,0.00000
113.319,1,113415.000,67921,192000,3999.979,120.0,8,29,2,0.00000,0.00000,0.00000,0.00000,0.00000
113.319,2,113188.000,57044,192000,3999.583,120.0,8,29,2,0.00098,0.00000,0.00098,0.00000,0.00000
113.422,0,113404.000,67404,192000,3999.750,120.0,8,29,2,0.00000,0.00000,0.00000,0.00000,0.00000
113.422,1,113517.000,72847,192000,3999.354,120.0,8,29,2,0.00000,0.00000,0.00000,0.00000,0.00000
113.422,2,113290.000,61960,192000,3999.167,120.0,8,29,2,0.00064,0.00000,0.00064,0.00000,0.00000
113.524,0,113506.000,72304,192000,3999.667,120.0,8,29,2,0.00000,0.00000,0.00000,0.00000,0.00000
113.524,1,113619.000,77753,192000,3999.146,120.0,8,29,2,0.00000,0.00000,0.00000,0.00000,0.00000
113.524,2,113392.000,66856,192000,3999.167,120.0,8,29,2,0.00042,0.00000,0.00042,0.00000,0.00000
113.624,0,113606.000,77106,192000,3999.625,120.0,8,29,2,0.00000,0.00000,0.00000,0.00000,0.00000
113.624,1,113720.000,82560,192000,0.000,120.0,8,29,2,0.00000,0.00000,0.00000,0.00000,0.00000
113.624,2,113492.000,71653,192000,3999.229,120.0,8,29,2,0.00028,0.00000,0.00028,0.00000,0.00000
113.727,0,113709.000,82063,192000,3999.354,120.0,8,29,2,0.00000,0.00000,0.00000,0.00000,0.00000
113.727,1,113823.000,87521,192000,3999.646,120.0,8,29,2,0.00000,0.00000,0.00000,0.00000,0.00000
113.727,2,113595.000,76605,192000,3999.062,120.0,8,29,2,0.00018,0.00000,0.00018,0.00000,0.00000
113.829,0,113811.000,86962,192000,3999.292,120.0,8,29,2,0.00000,0.00000,0.00000,0.00000,0.00000
113.829,1,113925.000,92425,192000,3999.479,120.0,8,29,2,0.00000,0.00000,0.00000,0.00000,0.00000
113.829,2,113697.000,81499,192000,3999.104,120.0,8,29,2,0.00012,0.00000,0.00012,0.00000,0.00000
113.930,0,113912.000,91804,192000,3999.417,120.0,8,29,2,0.00000,0.00000,0.00000,0.00000,0.00000
113.930,1,114026.000,97271,192000,3999.521,120.0,8,29,2,0.00000,0.00000,0.00000,0.00000,0.00000
113.930,2,113798.000,86336,192000,3999.333,120.0,8,29,2,0.00008,0.00000,0.00008,0.00000,0.00000
114.032,0,114014.000,96690,192000,3999.625,120.0,8,29,2,0.00000,0.00000,0.00000,0.00000,0.00000
114.032,1,114128.000,102163,192000,3999.604,120.0,8,29,2,0.00000,0.00000,0.00000,0.00000,0.00000
114.032,2,113900.000,91218,192000,3999.625,120.0,8,29,2,0.00005,0.00000,0.00005,0.00000,0.00000
114.133,0,114115.000,101552,192000,3999.333,120.0,8,29,2,0.00000,0.00000,0.00000,0.00000,0.00000
114.133,1,114229.000,107030,192000,3999.208,120.0,8,29,2,0.00000,0.00000,0.00000,0.00000,0.00000
114.133,2,114001.000,96075,192000,3999.438,120.0,8,29,2,0.00003,0.00000,0.00003,0.00000,0.00000
114.235,0,114217.000,106430,192000,3999.708,120.0,8,29,2,0.00000,0.00000,0.00000,0.00000,0.00000
114.235,1,114331.000,111912,192000,3999.500,120.0,8,29,2,0.00000,0.00000,0.00000,0.00000,0.00000
114.235,2,114103.000,100947,192000,3999.938,120.0,8,29,2,0.00002,0.00000,0.00002,0.00000,0.00000
114.336,0,114318.000,111295,192000,3999.354,120.0,8,29,2,0.00000,0.00000,0.00000,0.00000,0.00000
114.336,1,114432.000,116782,192000,3999.042,120.0,8,29,2,0.00000,0.00000,0.00000,0.00000,0.00000
114.336,2,114204.000,105807,192000,3999.688,120.0,8,29,2,0.00001,0.00000,0.00001,0.00000,0.00000
114.437,0,114419.000,116137,192000,3999.479,120.0,8,29,2,0.00000,0.00000,0.00000,0.00000,0.00000
114.437,1,114533.000,121629,192000,3999.062,120.0,8,29,2,0.00000,0.00000,0.00000,0.00000,0.00000
114.437,2,114305.000,110645,192000,3999.896,120.0,8,29,2,0.00001,0.00000,0.00001,0.00000,0.00000
114.538,0,114520.000,120983,192000,3999.521,120.0,8,29,2,0.00000,0.00000,0.00000,0.00000,0.00000
114.538,1,114635.000,126480,192000,0.000,120.0,8,29,2,0.00000,0.00000,0.00000,0.00000,0.00000
114.538,2,114405.000,115486,192000,3999.042,120.0,8,29,2,0.00001,0.00000,0.00001,0.00000,0.00000
114.638,0,114620.000,125789,192000,3999.396,120.0,8,29,2,0.00000,0.00000,0.00000,0.00000,0.00000
114.638,1,114735.000,131291,192000,3999.771,120.0,8,29,2,0.00000,0.00000,0.00000,0.00000,0.00000
114.638,2,114505.000,120287,192000,3999.021,120.0,8,29,2,0.00000,0.00000,0.00000,0.00000,0.00000
114.739,0,114720.000,130600,192000,3999.167,120.0,8,29,2,0.00000,0.00000,0.00000,0.00000,0.00000
114.739,1,114835.000,136106,192000,3999.458,120.0,8,29,2,0.00000,0.00000,0.00000,0.00000,0.00000
114.739,2,114606.000,125093,192000,3999.896,120.0,8,29,2,0.00000,0.00000,0.00000,0.00000,0.00000
114.839,0,114821.000,135414,192000,3999.875,120.0,8,29,2,0.00000,0.00000,0.00000,0.00000,0.00000
114.839,1,114935.000,140926,192000,3999.042,120.0,8,29,2,0.00000,0.00000,0.00000,0.00000,0.00000
114.839,2,114706.000,129903,192000,3999.688,120.0,8,29,2,0.00000,0.00000,0.00000,0.00000,0.00000
114.942,0,114924.000,140353,192000,3999.979,120.0,8,29,2,0.00000,0.00000,0.00000,0.00000,0.00000
114.942,1,115038.000,145869,192000,3999.062,120.0,8,29,2,0.00000,0.00000,0.00000,0.00000,0.00000
114.942,2,114809.000,134836,192000,3999.917,120.0,8,29,2,0.00000,0.00000,0.00000,0.00000,0.00000
115.043,0,115025.000,145203,192000,3999.938,120.0,8,29,2,0.00000,0.00000,0.00000,0.00000,0.00000
115.043,1,115140.000,150724,192000,3999.917,120.0,8,29,2,0.00000,0.00000,0.00000,0.00000,0.00000
115.043,2,114910.000,139682,192000,3999.958,120.0,8,29,2,0.00000,0.00000,0.00000,0.00000,0.00000
115.143,0,115125.000,150029,192000,3999.396,120.0,8,29,2,0.00000,0.00000,0.00000,0.00000,0.00000
115.143,1,115240.000,155555,192000,3999.271,120.0,8,29,2,0.00000,0.00000,0.00000,0.00000,0.00000
115.143,2,115010.000,144503,192000,3999.521,120.0,8,29,2,0.00000,0.00000,0.00000,0.00000,0.00000
115.244,0,115226.000,154860,192000,3999.750,120.0,8,29,2,0.00000,0.00000,0.00000,0.00000,0.00000
115.244,1,115341.000,160391,192000,3999.521,120.0,8,29,2,0.00000,0.00000,0.00000,0.00000,0.00000
115.244,2,115111.000,149329,192000,3999.979,120.0,8,29,2,0.00000,0.00000,0.00000,0.00000,0.00000
115.345,0,115326.000,159684,192000,3999.250,120.0,8,29,2,0.00000,0.00000,0.00000,0.00000,0.00000
115.345,1,115442.000,165220,192000,3999.917,120.0,8,29,2,0.00000,0.00000,0.00000,0.00000,0.00000
115.345,2,115211.000,154149,192000,3999.562,120.0,8,29,2,0.00000,0.00000,0.00000,0.00000,0.00000
115.445,0,115427.000,164506,192000,3999.792,120.0,8,29,2,0.00000,0.00000,0.00000,0.00000,0.00000
115.445,1,115542.000,170046,192000,3999.375,120.0,8,29,2,0.00000,0.00000,0.00000,0.00000,0.00000
115.445,2,115311.000,158965,192000,3999.229,120.0,8,29,2,0.00000,0.00000,0.00000,0.00000,0.00000
115.545,0,115527.000,169310,192000,3999.708,120.0,8,29,2,0.00000,0.00000,0.00000,0.00000,0.00000
115.545,1,115642.000,174855,192000,3999.188,120.0,8,29,2,0.00000,0.00000,0.00000,0.00000,0.00000
115.545,2,115411.000,163765,192000,3999.229,120.0,8,29,2,0.00000,0.00000,0.00000,0.00000,0.00000
115.647,0,115629.000,174212,192000,3999.583,120.0,8,29,2,0.00000,0.00000,0.00000,0.00000,0.00000
115.647,1,115745.000,179762,192000,3999.958,120.0,8,29,2,0.00000,0.00000,0.00000,0.00000,0.00000
115.647,2,115513.000,168662,192000,3999.208,120.0,8,29,2,0.00000,0.00000,0.00000,0.00000,0.00000
115.750,0,115732.000,179163,192000,3999.438,120.0,8,29,2,0.00000,0.00000,0.00000,0.00000,0.00000
115.750,1,115848.000,184718,192000,3999.708,120.0,8,29,2,0.00000,0.00000,0.00000,0.00000,0.00000
115.750,2,115616.000,173608,192000,3999.167,120.0,8,29,2,0.00000,0.00000,0.00000,0.00000,0.00000
115.852,0,115833.000,184031,192000,3999.021,120.0,8,29,2,0.00000,0.00000,0.00000,0.00000,0.00000
115.852,1,115949.000,189591,192000,3999.188,120.0,8,29,2,0.00000,0.00000,0.00000,0.00000,0.00000
115.852,2,115718.000,178471,192000,3999.854,120.0,8,29,2,0.00000,0.00000,0.00000,0.00000,0.00000
115.954,0,115936.000,188945,192000,3999.646,120.0,8,29,2,0.00000,0.00000,0.00000,0.00000,0.00000
115.954,1,116052.000,2510,192000,3999.708,120.0,8,30,2,0.11070,0.11070,0.11064,0.00000,0.00000
115.954,2,115820.000,183380,192000,3999.583,120.0,8,29,2,0.00000,0.00000,0.00000,0.00000,0.00000
116.054,0,116036.000,1757,192000,3999.396,120.0,8,30,2,0.11868,0.11826,0.11868,0.00000,0.00000
116.054,1,116152.000,7327,192000,3999.354,120.0,8,30,2,0.07293,0.07293,0.07289,0.00000,0.00000
116.054,2,115920.000,188187,192000,3999.438,120.0,8,29,2,0.00000,0.00000,0.00000,0.00000,0.00000
116.155,0,116137.000,6580,192000,3999.917,120.0,8,30,2,0.07814,0.07787,0.07814,0.00000,0.00000
116.155,1,116253.000,12155,192000,3999.771,120.0,8,30,2,0.04800,0.04800,0.04797,0.00000,0.00000
116.155,2,116020.000,1005,192000,3999.062,120.0,8,30,2,0.12576,0.12576,0.00000,0.00000,0.00000
116.256,0,116238.000,11454,192000,3999.375,120.0,8,30,2,0.05123,0.05105,0.05123,0.00000,0.00000
116.256,1,116354.000,17033,192000,3999.146,120.0,8,30,2,0.03145,0.03145,0.03144,0.00000,0.00000
116.256,2,116122.000,5874,192000,3999.625,120.0,8,30,2,0.08247,0.08247,0.00000,0.00000,0.00000
116.358,0,116339.000,16316,192000,3999.083,120.0,8,30,2,0.03362,0.03350,0.03362,0.00000,0.00000
116.358,1,116456.000,21900,192000,3999.750,120.0,8,30,2,0.02063,0.02063,0.02062,0.00000,0.00000
116.358,2,116223.000,10732,192000,3999.417,120.0,8,30,2,0.05414,0.05414,0.00000,0.00000,0.00000
116.459,0,116441.000,21172,192000,3999.917,120.0,8,30,2,0.02207,0.02199,0.02207,0.00000,0.00000
116.459,1,116557.000,26761,192000,3999.479,120.0,8,30,2,0.01354,0.01354,0.01353,0.00000,0.00000
116.459,2,116324.000,15583,192000,3999.354,120.0,8,30,2,0.03556,0.03556,0.00000,0.00000,0.00000
116.562,0,116544.000,26119,192000,3999.854,120.0,8,30,2,0.01438,0.01433,0.01438,0.00000,0.00000
116.562,1,116660.000,31713,192000,3999.312,120.0,8,30,2,0.00882,0.00882,0.00881,0.00000,0.00000
116.562,2,116427.000,20525,192000,3999.396,120.0,8,30,2,0.02318,0.02318,0.00000,0.00000,0.00000
116.664,0,116646.000,31025,192000,3999.646,120.0,8,30,2,0.00940,0.00937,0.00940,0.00000,0.00000
116.664,1,116763.000,36624,192000,0.000,120.0,8,30,2,0.00576,0.00576,0.00576,0.00000,0.00000
116.664,2,116529.000,25426,192000,3999.292,120.0,8,30,2,0.01516,0.01516,0.00000,0.00000,0.00000
116.765,0,116747.000,35878,192000,3999.542,120.0,8,30,2,0.00617,0.00615,0.00617,0.00000,0.00000
116.765,1,116864.000,41482,192000,3999.792,120.0,8,30,2,0.00378,0.00378,0.00378,0.00000,0.00000
116.765,2,116630.000,30275,192000,3999.271,120.0,8,30,2,0.00996,0.00996,0.00000,0.00000,0.00000
116.866,0,116847.000,40700,192000,3999.083,120.0,8,30,2,0.00406,0.00405,0.00406,0.00000,0.00000
116.866,1,116964.000,46309,192000,3999.229,120.0,8,30,2,0.00249,0.00249,0.00249,0.00000,0.00000
116.866,2,116731.000,35091,192000,3999.938,120.0,8,30,2,0.00656,0.00656,0.00000,0.00000,0.00000
116.968,0,116949.000,45599,192000,3999.021,120.0,8,30,2,0.00266,0.00265,0.00266,0.00000,0.00000
116.968,1,117066.000,51213,192000,3999.062,120.0,8,30,2,0.00163,0.00163,0.00163,0.00000,0.00000
116.968,2,116833.000,39986,192000,3999.958,120.0,8,30,2,0.00429,0.00429,0.00000,0.00000,0.00000
117.070,0,117052.000,50517,192000,3999.562,120.0,8,30,2,0.00174,0.00173,0.00174,0.00000,0.00000
117.070,1,117169.000,56135,192000,3999.521,120.0,8,30,2,0.00106,0.00106,0.00106,0.00000,0.00000
117.070,2,116935.000,44898,192000,3999.625,120.0,8,30,2,0.00280,0.00280,0.00000,0.00000,0.00000
117.171,0,117153.000,55351,192000,3999.854,120.0,8,30,2,0.00114,0.00114,0.00114,0.00000,0.00000
117.171,1,117270.000,60975,192000,3999.688,120.0,8,30,2,0.00070,0.00070,0.00070,0.00000,0.00000
117.171,2,117036.000,49728,192000,0.000,120.0,8,30,2,0.00185,0.00185,0.00000,0.00000,0.00000
117.271,0,117253.000,60154,192000,3999.792,120.0,8,30,2,0.00075,0.00075,0.00075,0.00000,0.00000
117.271,1,117370.000,65782,192000,3999.542,120.0,8,30,2,0.00046,0.00046,0.00046,0.00000,0.00000
117.271,2,117135.000,54525,192000,3999.062,120.0,8,30,2,0.00122,0.00122,0.00000,0.00000,0.00000
117.373,0,117355.000,65072,192000,3999.333,120.0,8,30,2,0.00049,0.00049,0.00049,0.00000,0.00000
117.373,1,117473.000,70705,192000,3999.979,120.0,8,30,2,0.00030,0.00030,0.00030,0.00000,0.00000
117.373,2,117238.000,59439,192000,3999.688,120.0,8,30,2,0.00080,0.00080,0.00000,0.00000,0.00000
117.477,0,117458.000,70022,192000,3999.208,120.0,8,30,2,0.00032,0.00032,0.00032,0.00000,0.00000
117.477,1,117576.000,75660,192000,3999.750,120.0,8,30,2,0.00020,0.00020,0.00020,0.00000,0.00000
117.477,2,117341.000,64384,192000,3999.667,120.0,8,30,2,0.00052,0.00052,0.00000,0.00000,0.00000
117.577,0,117559.000,74833,192000,3999.979,120.0,8,30,2,0.00021,0.00021,0.00021,0.00000,0.00000
117.577,1,117676.000,80476,192000,3999.417,120.0,8,30,2,0.00013,0.00013,0.00013,0.00000,0.00000
117.577,2,117441.000,69190,192000,3999.542,120.0,8,30,2,0.00034,0.00034,0.00000,0.00000,0.00000
117.680,0,117661.000,79766,192000,3999.208,120.0,8,30,2,0.00014,0.00014,0.00014,0.00000,0.00000
117.680,1,117779.000,85414,192000,3999.542,120.0,8,30,2,0.00008,0.00008,0.00008,0.00000,0.00000
117.680,2,117544.000,74118,192000,3999.875,120.0,8,30,2,0.00022,0.00022,0.00000,0.00000,0.00000
117.780,0,117762.000,84585,192000,3999.812,120.0,8,30,2,0.00009,0.00009,0.00009,0.00000,0.00000
117.780,1,117879.000,90237,192000,3999.062,120.0,8,30,2,0.00006,0.00006,0.00006,0.00000,0.00000
117.780,2,117644.000,78932,192000,3999.583,120.0,8,30,2,0.00015,0.00015,0.00000,0.00000,0.00000
117.883,0,117865.000,89537,192000,3999.646,120.0,8,30,2,0.00006,0.00006,0.00006,0.00000,0.00000
117.883,1,117983.000,95194,192000,3999.792,120.0,8,30,2,0.00004,0.00004,0.00004,0.00000,0.00000
117.883,2,117747.000,83879,192000,3999.521,120.0,8,30,2,0.00010,0.00010,0.00000,0.00000,0.00000
117.985,0,117967.000,94438,192000,3999.542,120.0,8,30,2,0.00004,0.00004,0.00004,0.00000,0.00000
117.985,1,118085.000,100101,192000,3999.562,120.0,8,30,2,0.00002,0.00002,0.00002,0.00000,0.00000
117.985,2,117849.000,88776,192000,3999.500,120.0,8,30,2,0.00006,0.00006,0.00000,0.00000,0.00000
118.088,0,118070.000,99367,192000,3999.854,120.0,8,30,2,0.00003,0.00003,0.00003,0.00000,0.00000
118.088,1,118188.000,105035,192000,3999.771,120.0,8,30,2,0.00002,0.00002,0.00002,0.00000,0.00000
118.088,2,117952.000,93700,192000,3999.917,120.0,8,30,2,0.00004,0.00004,0.00000,0.00000,0.00000
118.191,0,118172.000,104296,192000,3999.167,120.0,8,30,2,0.00002,0.00002,0.00002,0.00000,0.00000
118.191,1,118291.000,109968,192000,0.000,120.0,8,30,2,0.00001,0.00001,0.00001,0.00000,0.00000
118.191,2,118054.000,98624,192000,3999.333,120.0,8,30,2,0.00003,0.00003,0.00000,0.00000,0.00000
118.292,0,118274.000,109172,192000,3999.583,120.0,8,30,2,0.00001,0.00001,0.00001,0.00000,0.00000
118.292,1,118392.000,114850,192000,3999.292,120.0,8,30,2,0.00001,0.00001,0.00001,0.00000,0.00000
118.292,2,118156.000,103495,192000,3999.854,120.0,8,30,2,0.00002,0.00002,0.00000,0.00000,0.00000
118.394,0,118375.000,114042,192000,3999.125,120.0,8,30,2,0.00001,0.00001,0.00001,0.00000,0.00000
118.394,1,118494.000,119724,192000,3999.750,120.0,8,30,2,0.00000,0.00000,0.00000,0.00000,0.00000
118.394,2,118257.000,108360,192000,3999.500,120.0,8,30,2,0.00001,0.00001,0.00000,0.00000,0.00000
118.495,0,118477.000,118930,192000,3999.292,120.0,8,30,2,0.00000,0.00000,0.00000,0.00000,0.00000
118.495,1,118596.000,124617,192000,3999.812,120.0,8,30,2,0.00000,0.00000,0.00000,0.00000,0.00000
118.495,2,118359.000,113243,192000,3999.771,120.0,8,30,2,0.00001,0.00001,0.00000,0.00000,0.00000
118.596,0,118578.000,123752,192000,3999.833,120.0,8,30,2,0.00000,0.00000,0.00000,0.00000,0.00000
118.596,1,118696.000,129443,192000,3999.271,120.0,8,30,2,0.00000,0.00000,0.00000,0.00000,0.00000
118.596,2,118459.000,118060,192000,3999.417,120.0,8,30,2,0.00000,0.00000,0.00000,0.00000,0.00000
118.698,0,118680.000,128649,192000,3999.812,120.0,8,30,2,0.00000,0.00000,0.00000,0.00000,0.00000
118.698,1,118798.000,134346,192000,3999.125,120.0,8,30,2,0.00000,0.00000,0.00000,0.00000,0.00000
118.698,2,118561.000,122953,192000,3999.479,120.0,8,30,2,0.00000,0.00000,0.00000,0.00000,0.00000
118.800,0,118781.000,133535,192000,3999.021,120.0,8,30,2,0.00000,0.00000,0.00000,0.00000,0.00000
118.800,1,118900.000,139237,192000,3999.229,120.0,8,30,2,0.00000,0.00000,0.00000,0.00000,0.00000
118.800,2,118663.000,127834,192000,3999.792,120.0,8,30,2,0.00000,0.00000,0.00000,0.00000,0.00000
118.900,0,118882.000,138342,192000,3999.875,120.0,8,30,2,0.00000,0.00000,0.00000,0.00000,0.00000
118.900,1,119001.000,144049,192000,3999.979,120.0,8,30,2,0.00000,0.00000,0.00000,0.00000,0.00000
118.900,2,118763.000,132636,192000,3999.750,120.0,8,30,2,0.00000,0.00000,0.00000,0.00000,0.00000
119.002,0,118983.000,143220,192000,3999.250,120.0,8,30,2,0.00000,0.00000,0.00000,0.00000,0.00000
119.002,1,119102.000,148931,192000,3999.271,120.0,8,30,2,0.00000,0.00000,0.00000,0.00000,0.00000
119.002,2,118864.000,137509,192000,3999.229,120.0,8,30,2,0.00000,0.00000,0.00000,0.00000,0.00000
119.104,0,119086.000,148158,192000,3999.375,120.0,8,30,2,0.00000,0.00000,0.00000,0.00000,0.00000
119.104,1,119205.000,153874,192000,3999.292,120.0,8,30,2,0.00000,0.00000,0.00000,0.00000,0.00000
119.104,2,118967.000,142442,192000,3999.458,120.0,8,30,2,0.00000,0.00000,0.00000,0.00000,0.00000
119.205,0,119187.000,152989,192000,3999.729,120.0,8,30,2,0.00000,0.00000,0.00000,0.00000,0.00000
119.205,1,119306.000,158710,192000,3999.542,120.0,8,30,2,0.00000,0.00000,0.00000,0.00000,0.00000
119.205,2,119068.000,147268,192000,3999.917,120.0,8,30,2,0.00000,0.00000,0.00000,0.00000,0.00000
119.308,0,119289.000,157908,192000,3999.250,120.0,8,30,2,0.00000,0.00000,0.00000,0.00000,0.00000
119.308,1,119409.000,163634,192000,3999.958,120.0,8,30,2,0.00000,0.00000,0.00000,0.00000,0.00000
119.308,2,119170.000,152182,192000,3999.542,120.0,8,30,2,0.00000,0.00000,0.00000,0.00000,0.00000
119.410,0,119392.000,162851,192000,3999.271,120.0,8,30,2,0.00000,0.00000,0.00000,0.00000,0.00000
119.410,1,119512.000,168581,192000,3999.896,120.0,8,30,2,0.00000,0.00000,0.00000,0.00000,0.00000
119.410,2,119273.000,157120,192000,3999.667,120.0,8,30,2,0.00000,0.00000,0.00000,0.00000,0.00000
119.512,0,119493.000,167707,192000,3999.104,120.0,8,30,2,0.00000,0.00000,0.00000,0.00000,0.00000
119.512,1,119613.000,173443,192000,3999.604,120.0,8,30,2,0.00000,0.00000,0.00000,0.00000,0.00000
119.512,2,119374.000,161972,192000,3999.583,120.0,8,30,2,0.00000,0.00000,0.00000,0.00000,0.00000
119.615,0,119596.000,172655,192000,3999.021,120.0,8,30,2,0.00000,0.00000,0.00000,0.00000,0.00000
119.615,1,119716.000,178395,192000,3999.438,120.0,8,30,2,0.00000,0.00000,0.00000,0.00000,0.00000
119.615,2,119477.000,166914,192000,3999.625,120.0,8,30,2,0.00000,0.00000,0.00000,0.00000,0.00000
119.717,0,119699.000,177566,192000,3999.708,120.0,8,30,2,0.00000,0.00000,0.00000,0.00000,0.00000
119.717,1,119819.000,183312,192000,0.000,120.0,8,30,2,0.00000,0.00000,0.00000,0.00000,0.00000
119.717,2,119579.000,171821,192000,3999.396,120.0,8,30,2,0.00000,0.00000,0.00000,0.00000,0.00000
119.819,0,119800.000,182441,192000,3999.146,120.0,8,30,2,0.00000,0.00000,0.00000,0.00000,0.00000
119.819,1,119920.000,188192,192000,3999.333,120.0,8,30,2,0.00000,0.00000,0.00000,0.00000,0.00000
119.819,2,119681.000,176691,192000,3999.938,120.0,8,30,2,0.00000,0.00000,0.00000,0.00000,0.00000
119.919,0,119901.000,187261,192000,3999.729,120.0,8,30,2,0.00000,0.00000,0.00000,0.00000,0.00000
119.919,1,120021.000,1016,192000,3999.833,120.0,8,31,2,0.00000,0.00000,0.00000,0.00000,0.00000
119.919,2,119781.000,181506,192000,3999.625,120.0,8,30,2,0.00000,0.00000,0.00000,0.00000,0.00000
