t_s,idx,spos_ms,interval_pos,interval_len,interval_phase_ms,bpm,bpi,loop,nusers,remote_peak,upk0,upk1,upk2,upk3
0.101,0,83.000,3985,96000,1999.979,120.0,4,1,2,0.00000,0.00000,0.00000,0.00000,0.00000
0.101,1,83.000,3985,96000,1999.979,120.0,4,1,2,0.00000,0.00000,0.00000,0.00000,0.00000
0.101,2,83.000,3985,96000,1999.979,120.0,4,1,2,0.00000,0.00000,0.00000,0.00000,0.00000
0.203,0,184.000,8854,96000,1999.542,120.0,4,1,2,0.00000,0.00000,0.00000,0.00000,0.00000
0.203,1,184.000,8854,96000,1999.542,120.0,4,1,2,0.00000,0.00000,0.00000,0.00000,0.00000
0.203,2,184.000,8854,96000,1999.542,120.0,4,1,2,0.00000,0.00000,0.00000,0.00000,0.00000
0.303,0,284.000,13657,96000,1999.479,120.0,4,1,2,0.00000,0.00000,0.00000,0.00000,0.00000
0.303,1,284.000,13657,96000,1999.479,120.0,4,1,2,0.00000,0.00000,0.00000,0.00000,0.00000
0.303,2,284.000,13657,96000,1999.479,120.0,4,1,2,0.00000,0.00000,0.00000,0.00000,0.00000
0.405,0,387.000,18577,96000,1999.979,120.0,4,1,2,0.00000,0.00000,0.00000,0.00000,0.00000
0.405,1,387.000,18577,96000,1999.979,120.0,4,1,2,0.00000,0.00000,0.00000,0.00000,0.00000
0.405,2,387.000,18577,96000,1999.979,120.0,4,1,2,0.00000,0.00000,0.00000,0.00000,0.00000
0.509,0,490.000,23559,96000,1999.188,120.0,4,1,2,0.00000,0.00000,0.00000,0.00000,0.00000
0.509,1,490.000,23559,96000,1999.188,120.0,4,1,2,0.00000,0.00000,0.00000,0.00000,0.00000
0.509,2,490.000,23559,96000,1999.188,120.0,4,1,2,0.00000,0.00000,0.00000,0.00000,0.00000
0.611,0,592.000,28436,96000,1999.583,120.0,4,1,2,0.00000,0.00000,0.00000,0.00000,0.00000
0.611,1,592.000,28436,96000,1999.583,120.0,4,1,2,0.00000,0.00000,0.00000,0.00000,0.00000
0.611,2,592.000,28436,96000,1999.583,120.0,4,1,2,0.00000,0.00000,0.00000,0.00000,0.00000
0.711,0,693.000,33272,96000,1999.833,120.0,4,1,2,0.00000,0.00000,0.00000,0.00000,0.00000
0.711,1,693.000,33272,96000,1999.833,120.0,4,1,2,0.00000,0.00000,0.00000,0.00000,0.00000
0.711,2,693.000,33272,96000,1999.833,120.0,4,1,2,0.00000,0.00000,0.00000,0.00000,0.00000
0.812,0,793.000,38093,96000,1999.396,120.0,4,1,2,0.00000,0.00000,0.00000,0.00000,0.00000
0.812,1,793.000,38093,96000,1999.396,120.0,4,1,2,0.00000,0.00000,0.00000,0.00000,0.00000
0.812,2,793.000,38093,96000,1999.396,120.0,4,1,2,0.00000,0.00000,0.00000,0.00000,0.00000
0.913,0,894.000,42948,96000,1999.250,120.0,4,1,2,0.00000,0.00000,0.00000,0.00000,0.00000
0.913,1,894.000,42948,96000,1999.250,120.0,4,1,2,0.00000,0.00000,0.00000,0.00000,0.00000
0.913,2,894.000,42948,96000,1999.250,120.0,4,1,2,0.00000,0.00000,0.00000,0.00000,0.00000
1.016,0,997.000,47885,96000,1999.396,120.0,4,1,2,0.00000,0.00000,0.00000,0.00000,0.00000
1.016,1,997.000,47885,96000,1999.396,120.0,4,1,2,0.00000,0.00000,0.00000,0.00000,0.00000
1.016,2,997.000,47885,96000,1999.396,120.0,4,1,2,0.00000,0.00000,0.00000,0.00000,0.00000
1.117,0,1098.000,52717,96000,1999.729,120.0,4,1,2,0.00000,0.00000,0.00000,0.00000,0.00000
1.117,1,1098.000,52717,96000,1999.729,120.0,4,1,2,0.00000,0.00000,0.00000,0.00000,0.00000
1.117,2,1098.000,52717,96000,1999.729,120.0,4,1,2,0.00000,0.00000,0.00000,0.00000,0.00000
1.217,0,1198.000,57518,96000,1999.708,120.0,4,1,2,0.00000,0.00000,0.00000,0.00000,0.00000
1.217,1,1198.000,57518,96000,1999.708,120.0,4,1,2,0.00000,0.00000,0.00000,0.00000,0.00000
1.217,2,1198.000,57518,96000,1999.708,120.0,4,1,2,0.00000,0.00000,0.00000,0.00000,0.00000
1.320,0,1302.000,62500,96000,1999.917,120.0,4,1,2,0.00000,0.00000,0.00000,0.00000,0.00000
1.320,1,1302.000,62500,96000,1999.917,120.0,4,1,2,0.00000,0.00000,0.00000,0.00000,0.00000
1.320,2,1302.000,62500,96000,1999.917,120.0,4,1,2,0.00000,0.00000,0.00000,0.00000,0.00000
1.422,0,1403.000,67374,96000,1999.375,120.0,4,1,2,0.00000,0.00000,0.00000,0.00000,0.00000
1.422,1,1403.000,67374,96000,1999.375,120.0,4,1,2,0.00000,0.00000,0.00000,0.00000,0.00000
1.422,2,1403.000,67374,96000,1999.375,120.0,4,1,2,0.00000,0.00000,0.00000,0.00000,0.00000
1.524,0,1505.000,72287,96000,1999.021,120.0,4,1,2,0.00000,0.00000,0.00000,0.00000,0.00000
1.524,1,1505.000,72287,96000,1999.021,120.0,4,1,2,0.00000,0.00000,0.00000,0.00000,0.00000
1.524,2,1505.000,72287,96000,1999.021,120.0,4,1,2,0.00000,0.00000,0.00000,0.00000,0.00000
1.626,0,1607.000,77182,96000,1999.042,120.0,4,1,2,0.00000,0.00000,0.00000,0.00000,0.00000
1.626,1,1607.000,77182,96000,1999.042,120.0,4,1,2,0.00000,0.00000,0.00000,0.00000,0.00000
1.626,2,1607.000,77182,96000,1999.042,120.0,4,1,2,0.00000,0.00000,0.00000,0.00000,0.00000
1.729,0,1710.000,82119,96000,1999.188,120.0,4,1,2,0.00000,0.00000,0.00000,0.00000,0.00000
1.729,1,1710.000,82119,96000,1999.188,120.0,4,1,2,0.00000,0.00000,0.00000,0.00000,0.00000
1.729,2,1710.000,82119,96000,1999.188,120.0,4,1,2,0.00000,0.00000,0.00000,0.00000,0.00000
1.834,0,1815.000,87137,96000,1999.646,120.0,4,1,2,0.00000,0.00000,0.00000,0.00000,0.00000
1.834,1,1815.000,87137,96000,1999.646,120.0,4,1,2,0.00000,0.00000,0.00000,0.00000,0.00000
1.834,2,1815.000,87137,96000,1999.646,120.0,4,1,2,0.00000,0.00000,0.00000,0.00000,0.00000
1.934,0,1915.000,91940,96000,1999.583,120.0,4,1,2,0.00000,0.00000,0.00000,0.00000,0.00000
1.934,1,1915.000,91940,96000,1999.583,120.0,4,1,2,0.00000,0.00000,0.00000,0.00000,0.00000
1.934,2,1915.000,91940,96000,1999.583,120.0,4,1,2,0.00000,0.00000,0.00000,0.00000,0.00000
2.041,0,2023.000,1107,96000,1999.938,120.0,4,2,2,0.00000,0.00000,0.00000,0.00000,0.00000
2.041,1,2023.000,1107,96000,1999.938,120.0,4,2,2,0.00000,0.00000,0.00000,0.00000,0.00000
2.041,2,2023.000,1107,96000,1999.938,120.0,4,2,2,0.00000,0.00000,0.00000,0.00000,0.00000
2.142,0,2124.000,5959,96000,1999.854,120.0,4,2,2,0.00000,0.00000,0.00000,0.00000,0.00000
2.142,1,2124.000,5959,96000,1999.854,120.0,4,2,2,0.00000,0.00000,0.00000,0.00000,0.00000
2.142,2,2124.000,5959,96000,1999.854,120.0,4,2,2,0.00000,0.00000,0.00000,0.00000,0.00000
2.245,0,2226.000,10868,96000,1999.583,120.0,4,2,2,0.00000,0.00000,0.00000,0.00000,0.00000
2.245,1,2226.000,10868,96000,1999.583,120.0,4,2,2,0.00000,0.00000,0.00000,0.00000,0.00000
2.245,2,2226.000,10868,96000,1999.583,120.0,4,2,2,0.00000,0.00000,0.00000,0.00000,0.00000
2.348,0,2329.000,15805,96000,1999.729,120.0,4,2,2,0.00000,0.00000,0.00000,0.00000,0.00000
2.348,1,2329.000,15805,96000,1999.729,120.0,4,2,2,0.00000,0.00000,0.00000,0.00000,0.00000
2.348,2,2329.000,15805,96000,1999.729,120.0,4,2,2,0.00000,0.00000,0.00000,0.00000,0.00000
2.448,0,2429.000,20605,96000,1999.729,120.0,4,2,2,0.00000,0.00000,0.00000,0.00000,0.00000
2.448,1,2429.000,20605,96000,1999.729,120.0,4,2,2,0.00000,0.00000,0.00000,0.00000,0.00000
2.448,2,2429.000,20605,96000,1999.729,120.0,4,2,2,0.00000,0.00000,0.00000,0.00000,0.00000
2.550,0,2531.000,25517,96000,1999.396,120.0,4,2,2,0.00000,0.00000,0.00000,0.00000,0.00000
2.550,1,2531.000,25517,96000,1999.396,120.0,4,2,2,0.00000,0.00000,0.00000,0.00000,0.00000
2.550,2,2531.000,25517,96000,1999.396,120.0,4,2,2,0.00000,0.00000,0.00000,0.00000,0.00000
2.651,0,2632.000,30349,96000,1999.729,120.0,4,2,2,0.00000,0.00000,0.00000,0.00000,0.00000
2.651,1,2632.000,30349,96000,1999.729,120.0,4,2,2,0.00000,0.00000,0.00000,0.00000,0.00000
2.651,2,2632.000,30349,96000,1999.729,120.0,4,2,2,0.00000,0.00000,0.00000,0.00000,0.00000
2.751,0,2733.000,35192,96000,1999.833,120.0,4,2,2,0.00000,0.00000,0.00000,0.00000,0.00000
2.751,1,2733.000,35192,96000,1999.833,120.0,4,2,2,0.00000,0.00000,0.00000,0.00000,0.00000
2.751,2,2733.000,35192,96000,1999.833,120.0,4,2,2,0.00000,0.00000,0.00000,0.00000,0.00000
2.854,0,2835.000,40103,96000,1999.521,120.0,4,2,2,0.00000,0.00000,0.00000,0.00000,0.00000
2.854,1,2835.000,40103,96000,1999.521,120.0,4,2,2,0.00000,0.00000,0.00000,0.00000,0.00000
2.854,2,2835.000,40103,96000,1999.521,120.0,4,2,2,0.00000,0.00000,0.00000,0.00000,0.00000
2.956,0,2937.000,45013,96000,1999.229,120.0,4,2,2,0.00000,0.00000,0.00000,0.00000,0.00000
2.956,1,2937.000,45013,96000,1999.229,120.0,4,2,2,0.00000,0.00000,0.00000,0.00000,0.00000
2.956,2,2937.000,45013,96000,1999.229,120.0,4,2,2,0.00000,0.00000,0.00000,0.00000,0.00000
3.058,0,3039.000,49910,96000,1999.208,120.0,4,2,2,0.00000,0.00000,0.00000,0.00000,0.00000
3.058,1,3039.000,49910,96000,1999.208,120.0,4,2,2,0.00000,0.00000,0.00000,0.00000,0.00000
3.058,2,3039.000,49910,96000,1999.208,120.0,4,2,2,0.00000,0.00000,0.00000,0.00000,0.00000
3.159,0,3141.000,54776,96000,1999.833,120.0,4,2,2,0.00000,0.00000,0.00000,0.00000,0.00000
3.159,1,3141.000,54776,96000,1999.833,120.0,4,2,2,0.00000,0.00000,0.00000,0.00000,0.00000
3.159,2,3141.000,54776,96000,1999.833,120.0,4,2,2,0.00000,0.00000,0.00000,0.00000,0.00000
3.260,0,3242.000,59622,96000,1999.875,120.0,4,2,2,0.00000,0.00000,0.00000,0.00000,0.00000
3.260,1,3242.000,59622,96000,1999.875,120.0,4,2,2,0.00000,0.00000,0.00000,0.00000,0.00000
3.260,2,3242.000,59622,96000,1999.875,120.0,4,2,2,0.00000,0.00000,0.00000,0.00000,0.00000
3.363,0,3345.000,64563,96000,1999.938,120.0,4,2,2,0.00000,0.00000,0.00000,0.00000,0.00000
3.363,1,3345.000,64563,96000,1999.938,120.0,4,2,2,0.00000,0.00000,0.00000,0.00000,0.00000
3.363,2,3345.000,64563,96000,1999.938,120.0,4,2,2,0.00000,0.00000,0.00000,0.00000,0.00000
3.468,0,3449.000,69562,96000,1999.792,120.0,4,2,2,0.00000,0.00000,0.00000,0.00000,0.00000
3.468,1,3449.000,69562,96000,1999.792,120.0,4,2,2,0.00000,0.00000,0.00000,0.00000,0.00000
3.468,2,3449.000,69562,96000,1999.792,120.0,4,2,2,0.00000,0.00000,0.00000,0.00000,0.00000
3.568,0,3549.000,74397,96000,1999.062,120.0,4,2,2,0.00000,0.00000,0.00000,0.00000,0.00000
3.568,1,3549.000,74397,96000,1999.062,120.0,4,2,2,0.00000,0.00000,0.00000,0.00000,0.00000
3.568,2,3549.000,74397,96000,1999.062,120.0,4,2,2,0.00000,0.00000,0.00000,0.00000,0.00000
3.669,0,3650.000,79220,96000,1999.583,120.0,4,2,2,0.00000,0.00000,0.00000,0.00000,0.00000
3.669,1,3650.000,79220,96000,1999.583,120.0,4,2,2,0.00000,0.00000,0.00000,0.00000,0.00000
3.669,2,3650.000,79220,96000,1999.583,120.0,4,2,2,0.00000,0.00000,0.00000,0.00000,0.00000
3.769,0,3751.000,84051,96000,1999.938,120.0,4,2,2,0.00000,0.00000,0.00000,0.00000,0.00000
3.769,1,3751.000,84051,96000,1999.938,120.0,4,2,2,0.00000,0.00000,0.00000,0.00000,0.00000
3.769,2,3751.000,84051,96000,1999.938,120.0,4,2,2,0.00000,0.00000,0.00000,0.00000,0.00000
3.872,0,3853.000,88973,96000,1999.396,120.0,4,2,2,0.00000,0.00000,0.00000,0.00000,0.00000
3.872,1,3853.000,88973,96000,1999.396,120.0,4,2,2,0.00000,0.00000,0.00000,0.00000,0.00000
3.872,2,3853.000,88973,96000,1999.396,120.0,4,2,2,0.00000,0.00000,0.00000,0.00000,0.00000
3.975,0,3956.000,93929,96000,1999.146,120.0,4,2,2,0.00000,0.00000,0.00000,0.00000,0.00000
3.975,1,3956.000,93929,96000,1999.146,120.0,4,2,2,0.00000,0.00000,0.00000,0.00000,0.00000
3.975,2,3956.000,93929,96000,1999.146,120.0,4,2,2,0.00000,0.00000,0.00000,0.00000,0.00000
4.075,0,4057.000,2744,96000,1999.833,120.0,4,3,2,0.01264,0.01264,0.01264,0.00000,0.00000
4.075,1,4057.000,2744,96000,1999.833,120.0,4,3,2,0.01264,0.01264,0.01264,0.00000,0.00000
4.075,2,4057.000,2744,96000,1999.833,120.0,4,3,2,0.01264,0.01264,0.00000,0.00000,0.00000
4.176,0,4157.000,7571,96000,1999.271,120.0,4,3,2,0.01263,0.01263,0.01263,0.00000,0.00000
4.176,1,4157.000,7571,96000,1999.271,120.0,4,3,2,0.01263,0.01263,0.01263,0.00000,0.00000
4.176,2,4157.000,7571,96000,1999.271,120.0,4,3,2,0.01263,0.01263,0.00000,0.00000,0.00000
4.279,0,4260.000,12505,96000,1999.479,120.0,4,3,2,0.01259,0.01259,0.01259,0.00000,0.00000
4.279,1,4260.000,12505,96000,1999.479,120.0,4,3,2,0.01259,0.01259,0.01259,0.00000,0.00000
4.279,2,4260.000,12505,96000,1999.479,120.0,4,3,2,0.01259,0.01259,0.00000,0.00000,0.00000
4.380,0,4361.000,17369,96000,1999.146,120.0,4,3,2,0.01264,0.01264,0.01264,0.00000,0.00000
4.380,1,4361.000,17369,96000,1999.146,120.0,4,3,2,0.01264,0.01264,0.01264,0.00000,0.00000
4.380,2,4361.000,17369,96000,1999.146,120.0,4,3,2,0.01264,0.01264,0.00000,0.00000,0.00000
4.481,0,4462.000,22191,96000,1999.688,120.0,4,3,2,0.01268,0.01268,0.01268,0.00000,0.00000
4.481,1,4462.000,22191,96000,1999.688,120.0,4,3,2,0.01268,0.01268,0.01268,0.00000,0.00000
4.481,2,4462.000,22191,96000,1999.688,120.0,4,3,2,0.01268,0.01268,0.00000,0.00000,0.00000
4.584,0,4565.000,27140,96000,1999.583,120.0,4,3,2,0.01269,0.01269,0.01269,0.00000,0.00000
4.584,1,4565.000,27140,96000,1999.583,120.0,4,3,2,0.01269,0.01269,0.01269,0.00000,0.00000
4.584,2,4565.000,27140,96000,1999.583,120.0,4,3,2,0.01269,0.01269,0.00000,0.00000,0.00000
4.686,0,4668.000,32065,96000,1999.979,120.0,4,3,2,0.01265,0.01265,0.01265,0.00000,0.00000
4.686,1,4668.000,32065,96000,1999.979,120.0,4,3,2,0.01265,0.01265,0.01265,0.00000,0.00000
4.686,2,4668.000,32065,96000,1999.979,120.0,4,3,2,0.01265,0.01265,0.00000,0.00000,0.00000
4.789,0,4770.000,36993,96000,1999.312,120.0,4,3,2,0.01266,0.01266,0.01266,0.00000,0.00000
4.789,1,4770.000,36993,96000,1999.312,120.0,4,3,2,0.01266,0.01266,0.01266,0.00000,0.00000
4.789,2,4770.000,36993,96000,1999.312,120.0,4,3,2,0.01266,0.01266,0.00000,0.00000,0.00000
4.890,0,4872.000,41861,96000,1999.896,120.0,4,3,2,0.01263,0.01263,0.01263,0.00000,0.00000
4.890,1,4872.000,41861,96000,1999.896,120.0,4,3,2,0.01263,0.01263,0.01263,0.00000,0.00000
4.890,2,4872.000,41861,96000,1999.896,120.0,4,3,2,0.01263,0.01263,0.00000,0.00000,0.00000
4.993,0,4974.000,46795,96000,1999.104,120.0,4,3,2,0.01268,0.01268,0.01268,0.00000,0.00000
4.993,1,4974.000,46795,96000,1999.104,120.0,4,3,2,0.01268,0.01268,0.01268,0.00000,0.00000
4.993,2,4974.000,46795,96000,1999.104,120.0,4,3,2,0.01268,0.01268,0.00000,0.00000,0.00000
5.096,0,5077.000,51731,96000,1999.271,120.0,4,3,2,0.01269,0.01269,0.01269,0.00000,0.00000
5.096,1,5077.000,51731,96000,1999.271,120.0,4,3,2,0.01269,0.01269,0.01269,0.00000,0.00000
5.096,2,5077.000,51731,96000,1999.271,120.0,4,3,2,0.01269,0.01269,0.00000,0.00000,0.00000
5.196,0,5178.000,56547,96000,1999.938,120.0,4,3,2,0.01265,0.01265,0.01265,0.00000,0.00000
5.196,1,5178.000,56547,96000,1999.938,120.0,4,3,2,0.01265,0.01265,0.01265,0.00000,0.00000
5.196,2,5178.000,56547,96000,1999.938,120.0,4,3,2,0.01265,0.01265,0.00000,0.00000,0.00000
5.298,0,5279.000,61421,96000,1999.396,120.0,4,3,2,0.01266,0.01266,0.01266,0.00000,0.00000
5.298,1,5279.000,61421,96000,1999.396,120.0,4,3,2,0.01266,0.01266,0.01266,0.00000,0.00000
5.298,2,5279.000,61421,96000,1999.396,120.0,4,3,2,0.01266,0.01266,0.00000,0.00000,0.00000
5.401,0,5382.000,66350,96000,1999.708,120.0,4,3,2,0.01260,0.01260,0.01260,0.00000,0.00000
5.401,1,5382.000,66350,96000,1999.708,120.0,4,3,2,0.01260,0.01260,0.01260,0.00000,0.00000
5.401,2,5382.000,66350,96000,1999.708,120.0,4,3,2,0.01260,0.01260,0.00000,0.00000,0.00000
5.501,0,5483.000,71186,96000,1999.958,120.0,4,3,2,0.01259,0.01259,0.01259,0.00000,0.00000
5.501,1,5483.000,71186,96000,1999.958,120.0,4,3,2,0.01259,0.01259,0.01259,0.00000,0.00000
5.501,2,5483.000,71186,96000,1999.958,120.0,4,3,2,0.01259,0.01259,0.00000,0.00000,0.00000
5.602,0,5584.000,76032,96000,0.000,120.0,4,3,2,0.01269,0.01269,0.01269,0.00000,0.00000
5.602,1,5584.000,76032,96000,0.000,120.0,4,3,2,0.01269,0.01269,0.01269,0.00000,0.00000
5.602,2,5584.000,76032,96000,0.000,120.0,4,3,2,0.01269,0.01269,0.00000,0.00000,0.00000
5.705,0,5686.000,80963,96000,1999.271,120.0,4,3,2,0.01265,0.01265,0.01265,0.00000,0.00000
5.705,1,5686.000,80963,96000,1999.271,120.0,4,3,2,0.01265,0.01265,0.01265,0.00000,0.00000
5.705,2,5686.000,80963,96000,1999.271,120.0,4,3,2,0.01265,0.01265,0.00000,0.00000,0.00000
5.809,0,5790.000,85950,96000,1999.375,120.0,4,3,2,0.01266,0.01266,0.01266,0.00000,0.00000
5.809,1,5790.000,85950,96000,1999.375,120.0,4,3,2,0.01266,0.01266,0.01266,0.00000,0.00000
5.809,2,5790.000,85950,96000,1999.375,120.0,4,3,2,0.01266,0.01266,0.00000,0.00000,0.00000
5.911,0,5892.000,90858,96000,1999.125,120.0,4,3,2,0.01256,0.01256,0.01256,0.00000,0.00000
5.911,1,5892.000,90858,96000,1999.125,120.0,4,3,2,0.01256,0.01256,0.01256,0.00000,0.00000
5.911,2,5892.000,90858,96000,1999.125,120.0,4,3,2,0.01256,0.01256,0.00000,0.00000,0.00000
6.016,0,5997.000,95867,96000,1999.771,120.0,4,3,2,0.01260,0.01260,0.01260,0.00000,0.00000
6.016,1,5997.000,95867,96000,1999.771,120.0,4,3,2,0.01260,0.01260,0.01260,0.00000,0.00000
6.016,2,5997.000,95867,96000,1999.771,120.0,4,3,2,0.01260,0.01260,0.00000,0.00000,0.00000
6.117,0,6098.000,4723,96000,1999.604,120.0,4,4,2,0.01258,0.01258,0.01258,0.00000,0.00000
6.117,1,6098.000,4723,96000,1999.604,120.0,4,4,2,0.01258,0.01258,0.01258,0.00000,0.00000
6.117,2,6098.000,4723,96000,1999.604,120.0,4,4,2,0.01258,0.00828,0.01258,0.00000,0.00000
6.219,0,6200.000,9618,96000,1999.625,120.0,4,4,2,0.01260,0.01260,0.01260,0.00000,0.00000
6.219,1,6200.000,9618,96000,1999.625,120.0,4,4,2,0.01260,0.01260,0.01260,0.00000,0.00000
6.219,2,6200.000,9618,96000,1999.625,120.0,4,4,2,0.01260,0.00542,0.01260,0.00000,0.00000
6.320,0,6301.000,14464,96000,1999.667,120.0,4,4,2,0.01265,0.01265,0.01265,0.00000,0.00000
6.320,1,6301.000,14464,96000,1999.667,120.0,4,4,2,0.01265,0.01265,0.01265,0.00000,0.00000
6.320,2,6301.000,14464,96000,1999.667,120.0,4,4,2,0.01265,0.00356,0.01265,0.00000,0.00000
6.420,0,6401.000,19277,96000,1999.396,120.0,4,4,2,0.01269,0.01269,0.01269,0.00000,0.00000
6.420,1,6401.000,19277,96000,1999.396,120.0,4,4,2,0.01269,0.01269,0.01269,0.00000,0.00000
6.420,2,6401.000,19277,96000,1999.396,120.0,4,4,2,0.01269,0.00235,0.01269,0.00000,0.00000
6.522,0,6503.000,24159,96000,1999.688,120.0,4,4,2,0.01269,0.01269,0.01269,0.00000,0.00000
6.522,1,6503.000,24159,96000,1999.688,120.0,4,4,2,0.01269,0.01269,0.01269,0.00000,0.00000
6.522,2,6503.000,24159,96000,1999.688,120.0,4,4,2,0.01269,0.00154,0.01269,0.00000,0.00000
6.625,0,6606.000,29122,96000,1999.292,120.0,4,4,2,0.01263,0.01263,0.01263,0.00000,0.00000
6.625,1,6606.000,29122,96000,1999.292,120.0,4,4,2,0.01263,0.01263,0.01263,0.00000,0.00000
6.625,2,6606.000,29122,96000,1999.292,120.0,4,4,2,0.01263,0.00100,0.01263,0.00000,0.00000
6.726,0,6707.000,33974,96000,1999.208,120.0,4,4,2,0.01266,0.01266,0.01266,0.00000,0.00000
6.726,1,6707.000,33974,96000,1999.208,120.0,4,4,2,0.01266,0.01266,0.01266,0.00000,0.00000
6.726,2,6707.000,33974,96000,1999.208,120.0,4,4,2,0.01266,0.00066,0.01266,0.00000,0.00000
6.829,0,6811.000,38931,96000,1999.938,120.0,4,4,2,0.01264,0.01264,0.01264,0.00000,0.00000
6.829,1,6811.000,38931,96000,1999.938,120.0,4,4,2,0.01264,0.01264,0.01264,0.00000,0.00000
6.829,2,6811.000,38931,96000,1999.938,120.0,4,4,2,0.01264,0.00043,0.01264,0.00000,0.00000
6.930,0,6911.000,43763,96000,1999.271,120.0,4,4,2,0.01269,0.01269,0.01269,0.00000,0.00000
6.930,1,6911.000,43763,96000,1999.271,120.0,4,4,2,0.01269,0.01269,0.01269,0.00000,0.00000
6.930,2,6911.000,43763,96000,1999.271,120.0,4,4,2,0.01269,0.00028,0.01269,0.00000,0.00000
7.034,0,7015.000,48753,96000,1999.312,120.0,4,4,2,0.01269,0.01269,0.01269,0.00000,0.00000
7.034,1,7015.000,48753,96000,1999.312,120.0,4,4,2,0.01269,0.01269,0.01269,0.00000,0.00000
7.034,2,7015.000,48753,96000,1999.312,120.0,4,4,2,0.01269,0.00018,0.01269,0.00000,0.00000
7.135,0,7116.000,53601,96000,1999.312,120.0,4,4,2,0.01265,0.01265,0.01265,0.00000,0.00000
7.135,1,7116.000,53601,96000,1999.312,120.0,4,4,2,0.01265,0.01265,0.01265,0.00000,0.00000
7.135,2,7116.000,53601,96000,1999.312,120.0,4,4,2,0.01265,0.00012,0.01265,0.00000,0.00000
7.236,0,7217.000,58426,96000,1999.792,120.0,4,4,2,0.01266,0.01266,0.01266,0.00000,0.00000
7.236,1,7217.000,58426,96000,1999.792,120.0,4,4,2,0.01266,0.01266,0.01266,0.00000,0.00000
7.236,2,7217.000,58426,96000,1999.792,120.0,4,4,2,0.01266,0.00008,0.01266,0.00000,0.00000
7.337,0,7318.000,63291,96000,1999.438,120.0,4,4,2,0.01260,0.01260,0.01260,0.00000,0.00000
7.337,1,7318.000,63291,96000,1999.438,120.0,4,4,2,0.01260,0.01260,0.01260,0.00000,0.00000
7.337,2,7318.000,63291,96000,1999.438,120.0,4,4,2,0.01260,0.00005,0.01260,0.00000,0.00000
7.437,0,7419.000,68113,96000,1999.979,120.0,4,4,2,0.01259,0.01259,0.01259,0.00000,0.00000
7.437,1,7419.000,68113,96000,1999.979,120.0,4,4,2,0.01259,0.01259,0.01259,0.00000,0.00000
7.437,2,7419.000,68113,96000,1999.979,120.0,4,4,2,0.01259,0.00003,0.01259,0.00000,0.00000
7.539,0,7520.000,72990,96000,1999.375,120.0,4,4,2,0.01269,0.01269,0.01269,0.00000,0.00000
7.539,1,7520.000,72990,96000,1999.375,120.0,4,4,2,0.01269,0.01269,0.01269,0.00000,0.00000
7.539,2,7520.000,72990,96000,1999.375,120.0,4,4,2,0.01269,0.00002,0.01269,0.00000,0.00000
7.642,0,7623.000,77940,96000,1999.250,120.0,4,4,2,0.01264,0.01264,0.01264,0.00000,0.00000
7.642,1,7623.000,77940,96000,1999.250,120.0,4,4,2,0.01264,0.01264,0.01264,0.00000,0.00000
7.642,2,7623.000,77940,96000,1999.250,120.0,4,4,2,0.01264,0.00001,0.01264,0.00000,0.00000
7.743,0,7725.000,82802,96000,1999.958,120.0,4,4,2,0.01266,0.01266,0.01266,0.00000,0.00000
7.743,1,7725.000,82802,96000,1999.958,120.0,4,4,2,0.01266,0.01266,0.01266,0.00000,0.00000
7.743,2,7725.000,82802,96000,1999.958,120.0,4,4,2,0.01266,0.00001,0.01266,0.00000,0.00000
7.847,0,7828.000,87785,96000,1999.146,120.0,4,4,2,0.01258,0.01258,0.01258,0.00000,0.00000
7.847,1,7828.000,87785,96000,1999.146,120.0,4,4,2,0.01258,0.01258,0.01258,0.00000,0.00000
7.847,2,7828.000,87785,96000,1999.146,120.0,4,4,2,0.01258,0.00001,0.01258,0.00000,0.00000
7.951,0,7933.000,92786,96000,1999.958,120.0,4,4,2,0.01268,0.01268,0.01268,0.00000,0.00000
7.951,1,7933.000,92786,96000,1999.958,120.0,4,4,2,0.01268,0.01268,0.01268,0.00000,0.00000
7.951,2,7933.000,92786,96000,1999.958,120.0,4,4,2,0.01268,0.00000,0.01268,0.00000,0.00000
8.060,0,8041.000,2007,96000,1999.188,120.0,4,5,2,0.01264,0.01264,0.01264,0.00000,0.00000
8.060,1,8041.000,2007,96000,1999.188,120.0,4,5,2,0.01264,0.01053,0.01264,0.00000,0.00000
8.060,2,8041.000,2007,96000,1999.188,120.0,4,5,2,0.01264,0.01264,0.01053,0.00000,0.00000
8.162,0,8144.000,6918,96000,1999.875,120.0,4,5,2,0.01269,0.01269,0.01269,0.00000,0.00000
8.162,1,8144.000,6918,96000,1999.875,120.0,4,5,2,0.01269,0.00688,0.01269,0.00000,0.00000
8.162,2,8144.000,6918,96000,1999.875,120.0,4,5,2,0.01269,0.01269,0.00688,0.00000,0.00000
8.264,0,8245.000,11794,96000,1999.292,120.0,4,5,2,0.01269,0.01269,0.01269,0.00000,0.00000
8.264,1,8245.000,11794,96000,1999.292,120.0,4,5,2,0.01269,0.00451,0.01269,0.00000,0.00000
8.264,2,8245.000,11794,96000,1999.292,120.0,4,5,2,0.01269,0.01269,0.00451,0.00000,0.00000
8.365,0,8346.000,16650,96000,1999.125,120.0,4,5,2,0.01265,0.01265,0.01265,0.00000,0.00000
8.365,1,8346.000,16650,96000,1999.125,120.0,4,5,2,0.01265,0.00296,0.01265,0.00000,0.00000
8.365,2,8346.000,16650,96000,1999.125,120.0,4,5,2,0.01265,0.01265,0.00296,0.00000,0.00000
8.467,0,8448.000,21517,96000,1999.729,120.0,4,5,2,0.01266,0.01266,0.01266,0.00000,0.00000
8.467,1,8448.000,21517,96000,1999.729,120.0,4,5,2,0.01266,0.00194,0.01266,0.00000,0.00000
8.467,2,8448.000,21517,96000,1999.729,120.0,4,5,2,0.01266,0.01266,0.00194,0.00000,0.00000
8.570,0,8551.000,26473,96000,1999.479,120.0,4,5,2,0.01263,0.01263,0.01263,0.00000,0.00000
8.570,1,8551.000,26473,96000,1999.479,120.0,4,5,2,0.01263,0.00126,0.01263,0.00000,0.00000
8.570,2,8551.000,26473,96000,1999.479,120.0,4,5,2,0.01263,0.01263,0.00126,0.00000,0.00000
8.673,0,8655.000,31447,96000,1999.854,120.0,4,5,2,0.01269,0.01269,0.01269,0.00000,0.00000
8.673,1,8655.000,31447,96000,1999.854,120.0,4,5,2,0.01269,0.00082,0.01269,0.00000,0.00000
8.673,2,8655.000,31447,96000,1999.854,120.0,4,5,2,0.01269,0.01269,0.00082,0.00000,0.00000
8.774,0,8755.000,36277,96000,1999.229,120.0,4,5,2,0.01269,0.01269,0.01269,0.00000,0.00000
8.774,1,8755.000,36277,96000,1999.229,120.0,4,5,2,0.01269,0.00054,0.01269,0.00000,0.00000
8.774,2,8755.000,36277,96000,1999.229,120.0,4,5,2,0.01269,0.01269,0.00054,0.00000,0.00000
8.877,0,8858.000,41226,96000,1999.125,120.0,4,5,2,0.01265,0.01265,0.01265,0.00000,0.00000
8.877,1,8858.000,41226,96000,1999.125,120.0,4,5,2,0.01265,0.00035,0.01265,0.00000,0.00000
8.877,2,8858.000,41226,96000,1999.125,120.0,4,5,2,0.01265,0.01265,0.00035,0.00000,0.00000
8.981,0,8962.000,46192,96000,1999.667,120.0,4,5,2,0.01266,0.01266,0.01266,0.00000,0.00000
8.981,1,8962.000,46192,96000,1999.667,120.0,4,5,2,0.01266,0.00023,0.01266,0.00000,0.00000
8.981,2,8962.000,46192,96000,1999.667,120.0,4,5,2,0.01266,0.01266,0.00023,0.00000,0.00000
9.081,0,9062.000,51001,96000,1999.479,120.0,4,5,2,0.01260,0.01260,0.01260,0.00000,0.00000
9.081,1,9062.000,51001,96000,1999.479,120.0,4,5,2,0.01260,0.00015,0.01260,0.00000,0.00000
9.081,2,9062.000,51001,96000,1999.479,120.0,4,5,2,0.01260,0.01260,0.00015,0.00000,0.00000
9.184,0,9165.000,55944,96000,1999.500,120.0,4,5,2,0.01268,0.01268,0.01268,0.00000,0.00000
9.184,1,9165.000,55944,96000,1999.500,120.0,4,5,2,0.01268,0.00010,0.01268,0.00000,0.00000
9.184,2,9165.000,55944,96000,1999.500,120.0,4,5,2,0.01268,0.01268,0.00010,0.00000,0.00000
9.285,0,9266.000,60806,96000,1999.208,120.0,4,5,2,0.01269,0.01269,0.01269,0.00000,0.00000
9.285,1,9266.000,60806,96000,1999.208,120.0,4,5,2,0.01269,0.00006,0.01269,0.00000,0.00000
9.285,2,9266.000,60806,96000,1999.208,120.0,4,5,2,0.01269,0.01269,0.00006,0.00000,0.00000
9.389,0,9370.000,65797,96000,1999.229,120.0,4,5,2,0.01265,0.01265,0.01265,0.00000,0.00000
9.389,1,9370.000,65797,96000,1999.229,120.0,4,5,2,0.01265,0.00004,0.01265,0.00000,0.00000
9.389,2,9370.000,65797,96000,1999.229,120.0,4,5,2,0.01265,0.01265,0.00004,0.00000,0.00000
9.493,0,9474.000,70792,96000,1999.167,120.0,4,5,2,0.01266,0.01266,0.01266,0.00000,0.00000
9.493,1,9474.000,70792,96000,1999.167,120.0,4,5,2,0.01266,0.00003,0.01266,0.00000,0.00000
9.493,2,9474.000,70792,96000,1999.167,120.0,4,5,2,0.01266,0.01266,0.00003,0.00000,0.00000
9.596,0,9577.000,75710,96000,1999.708,120.0,4,5,2,0.01264,0.01264,0.01264,0.00000,0.00000
9.596,1,9577.000,75710,96000,1999.708,120.0,4,5,2,0.01264,0.00002,0.01264,0.00000,0.00000
9.596,2,9577.000,75710,96000,1999.708,120.0,4,5,2,0.01264,0.01264,0.00002,0.00000,0.00000
9.696,0,9677.000,80524,96000,1999.417,120.0,4,5,2,0.01268,0.01268,0.01268,0.00000,0.00000
9.696,1,9677.000,80524,96000,1999.417,120.0,4,5,2,0.01268,0.00001,0.01268,0.00000,0.00000
9.696,2,9677.000,80524,96000,1999.417,120.0,4,5,2,0.01268,0.01268,0.00001,0.00000,0.00000
9.797,0,9778.000,85362,96000,1999.625,120.0,4,5,2,0.01269,0.01269,0.01269,0.00000,0.00000
9.797,1,9778.000,85362,96000,1999.625,120.0,4,5,2,0.01269,0.00001,0.01269,0.00000,0.00000
9.797,2,9778.000,85362,96000,1999.625,120.0,4,5,2,0.01269,0.01269,0.00001,0.00000,0.00000
9.901,0,9882.000,90351,96000,1999.688,120.0,4,5,2,0.01265,0.01265,0.01265,0.00000,0.00000
9.901,1,9882.000,90351,96000,1999.688,120.0,4,5,2,0.01265,0.00000,0.01265,0.00000,0.00000
9.901,2,9882.000,90351,96000,1999.688,120.0,4,5,2,0.01265,0.01265,0.00000,0.00000,0.00000
10.001,0,9983.000,95184,96000,0.000,120.0,4,5,2,0.01264,0.01264,0.01264,0.00000,0.00000
10.001,1,9983.000,95184,96000,0.000,120.0,4,5,2,0.01264,0.00000,0.01264,0.00000,0.00000
10.001,2,9983.000,95184,96000,0.000,120.0,4,5,2,0.01264,0.01264,0.00000,0.00000,0.00000
10.102,0,10083.000,4026,96000,1999.125,120.0,4,6,2,0.01265,0.01265,0.01265,0.00000,0.00000
10.102,1,10083.000,4026,96000,1999.125,120.0,4,6,2,0.01265,0.01265,0.01265,0.00000,0.00000
10.102,2,10083.000,4026,96000,1999.125,120.0,4,6,2,0.01265,0.01265,0.01265,0.00000,0.00000
10.206,0,10187.000,9012,96000,1999.250,120.0,4,6,2,0.01261,0.01261,0.01261,0.00000,0.00000
10.206,1,10187.000,9012,96000,1999.250,120.0,4,6,2,0.01261,0.01261,0.01261,0.00000,0.00000
10.206,2,10187.000,9012,96000,1999.250,120.0,4,6,2,0.01261,0.01261,0.01261,0.00000,0.00000
10.309,0,10290.000,13961,96000,1999.146,120.0,4,6,2,0.01258,0.01258,0.01258,0.00000,0.00000
10.309,1,10290.000,13961,96000,1999.146,120.0,4,6,2,0.01258,0.01258,0.01258,0.00000,0.00000
10.309,2,10290.000,13961,96000,1999.146,120.0,4,6,2,0.01258,0.01258,0.01258,0.00000,0.00000
10.410,0,10391.000,18784,96000,1999.667,120.0,4,6,2,0.01260,0.01260,0.01260,0.00000,0.00000
10.410,1,10391.000,18784,96000,1999.667,120.0,4,6,2,0.01260,0.01260,0.01260,0.00000,0.00000
10.410,2,10391.000,18784,96000,1999.667,120.0,4,6,2,0.01260,0.01260,0.01260,0.00000,0.00000
10.513,0,10494.000,23725,96000,1999.729,120.0,4,6,2,0.01268,0.01268,0.01256,0.00000,0.00000
10.513,1,10494.000,23725,96000,1999.729,120.0,4,6,2,0.01268,0.01268,0.01256,0.00000,0.00000
10.513,2,10494.000,23725,96000,1999.729,120.0,4,6,2,0.01256,0.01256,0.01256,0.00000,0.00000
10.617,0,10598.000,28724,96000,1999.583,120.0,4,6,2,0.09232,0.09232,0.09224,0.00000,0.00000
10.617,1,10598.000,28724,96000,1999.583,120.0,4,6,2,0.09276,0.09232,0.09276,0.00000,0.00000
10.617,2,10598.000,28724,96000,1999.583,120.0,4,6,2,0.09276,0.09276,0.09224,0.00000,0.00000
10.719,0,10700.000,33617,96000,1999.646,120.0,4,6,2,0.06042,0.06042,0.06037,0.00000,0.00000
10.719,1,10700.000,33617,96000,1999.646,120.0,4,6,2,0.06070,0.06042,0.06070,0.00000,0.00000
10.719,2,10700.000,33617,96000,1999.646,120.0,4,6,2,0.06070,0.06070,0.06037,0.00000,0.00000
10.819,0,10801.000,38450,96000,1999.958,120.0,4,6,2,0.03975,0.03975,0.03971,0.00000,0.00000
10.819,1,10801.000,38450,96000,1999.958,120.0,4,6,2,0.03994,0.03975,0.03994,0.00000,0.00000
10.819,2,10801.000,38450,96000,1999.958,120.0,4,6,2,0.03994,0.03994,0.03971,0.00000,0.00000
10.919,0,10901.000,43250,96000,1999.958,120.0,4,6,2,0.02622,0.02622,0.02620,0.00000,0.00000
10.919,1,10901.000,43250,96000,1999.958,120.0,4,6,2,0.02635,0.02622,0.02635,0.00000,0.00000
10.919,2,10901.000,43250,96000,1999.958,120.0,4,6,2,0.02635,0.02635,0.02620,0.00000,0.00000
11.021,0,11002.000,48142,96000,1999.042,120.0,4,6,2,0.01716,0.01716,0.01715,0.00000,0.00000
11.021,1,11002.000,48142,96000,1999.042,120.0,4,6,2,0.01725,0.01716,0.01725,0.00000,0.00000
11.021,2,11002.000,48142,96000,1999.042,120.0,4,6,2,0.01725,0.01725,0.01715,0.00000,0.00000
11.122,0,11103.000,52964,96000,1999.583,120.0,4,6,2,0.01269,0.01269,0.01269,0.00000,0.00000
11.122,1,11103.000,52964,96000,1999.583,120.0,4,6,2,0.01269,0.01269,0.01269,0.00000,0.00000
11.122,2,11103.000,52964,96000,1999.583,120.0,4,6,2,0.01269,0.01269,0.01269,0.00000,0.00000
11.222,0,11203.000,57769,96000,1999.479,120.0,4,6,2,0.01269,0.01269,0.01269,0.00000,0.00000
11.222,1,11203.000,57769,96000,1999.479,120.0,4,6,2,0.01269,0.01269,0.01269,0.00000,0.00000
11.222,2,11203.000,57769,96000,1999.479,120.0,4,6,2,0.01269,0.01269,0.01269,0.00000,0.00000
11.323,0,11304.000,62618,96000,1999.458,120.0,4,6,2,0.01264,0.01264,0.01264,0.00000,0.00000
11.323,1,11304.000,62618,96000,1999.458,120.0,4,6,2,0.01264,0.01264,0.01264,0.00000,0.00000
11.323,2,11304.000,62618,96000,1999.458,120.0,4,6,2,0.01264,0.01264,0.01264,0.00000,0.00000
11.425,0,11406.000,67516,96000,1999.417,120.0,4,6,2,0.01266,0.01266,0.01266,0.00000,0.00000
11.425,1,11406.000,67516,96000,1999.417,120.0,4,6,2,0.01266,0.01266,0.01266,0.00000,0.00000
11.425,2,11406.000,67516,96000,1999.417,120.0,4,6,2,0.01266,0.01266,0.01266,0.00000,0.00000
11.527,0,11509.000,72432,96000,0.000,120.0,4,6,2,0.01260,0.01260,0.01260,0.00000,0.00000
11.527,1,11509.000,72432,96000,0.000,120.0,4,6,2,0.01260,0.01260,0.01260,0.00000,0.00000
11.527,2,11509.000,72432,96000,0.000,120.0,4,6,2,0.01260,0.01260,0.01260,0.00000,0.00000
11.628,0,11609.000,77272,96000,1999.167,120.0,4,6,2,0.01259,0.01259,0.01259,0.00000,0.00000
11.628,1,11609.000,77272,96000,1999.167,120.0,4,6,2,0.01259,0.01259,0.01259,0.00000,0.00000
11.628,2,11609.000,77272,96000,1999.167,120.0,4,6,2,0.01259,0.01259,0.01259,0.00000,0.00000
11.730,0,11711.000,82156,96000,1999.417,120.0,4,6,2,0.01269,0.01269,0.01269,0.00000,0.00000
11.730,1,11711.000,82156,96000,1999.417,120.0,4,6,2,0.01269,0.01269,0.01269,0.00000,0.00000
11.730,2,11711.000,82156,96000,1999.417,120.0,4,6,2,0.01269,0.01269,0.01269,0.00000,0.00000
11.831,0,11812.000,87008,96000,1999.333,120.0,4,6,2,0.01265,0.01265,0.01265,0.00000,0.00000
11.831,1,11812.000,87008,96000,1999.333,120.0,4,6,2,0.01265,0.01265,0.01265,0.00000,0.00000
11.831,2,11812.000,87008,96000,1999.333,120.0,4,6,2,0.01265,0.01265,0.01265,0.00000,0.00000
11.933,0,11915.000,91928,96000,1999.833,120.0,4,6,2,0.01264,0.01264,0.01264,0.00000,0.00000
11.933,1,11915.000,91928,96000,1999.833,120.0,4,6,2,0.01264,0.01264,0.01264,0.00000,0.00000
11.933,2,11915.000,91928,96000,1999.833,120.0,4,6,2,0.01264,0.01264,0.01264,0.00000,0.00000
12.045,0,12026.000,1259,96000,1999.771,120.0,4,7,2,0.01273,0.01273,0.01273,0.00000,0.00000
12.045,1,12026.000,1259,96000,1999.771,120.0,4,7,2,0.01273,0.01273,0.01273,0.00000,0.00000
12.045,2,12026.000,1259,96000,1999.771,120.0,4,7,2,0.01273,0.01273,0.01273,0.00000,0.00000
12.148,0,12130.000,6244,96000,1999.917,120.0,4,7,2,0.01266,0.01266,0.01266,0.00000,0.00000
12.148,1,12130.000,6244,96000,1999.917,120.0,4,7,2,0.01266,0.01266,0.01266,0.00000,0.00000
12.148,2,12130.000,6244,96000,1999.917,120.0,4,7,2,0.01266,0.01266,0.01266,0.00000,0.00000
12.252,0,12233.000,11215,96000,1999.354,120.0,4,7,2,0.01264,0.01264,0.01264,0.00000,0.00000
12.252,1,12233.000,11215,96000,1999.354,120.0,4,7,2,0.01264,0.01264,0.01264,0.00000,0.00000
12.252,2,12233.000,11215,96000,1999.354,120.0,4,7,2,0.01264,0.01264,0.01264,0.00000,0.00000
12.354,0,12336.000,16135,96000,1999.854,120.0,4,7,2,0.01269,0.01269,0.01269,0.00000,0.00000
12.354,1,12336.000,16135,96000,1999.854,120.0,4,7,2,0.01269,0.01269,0.01269,0.00000,0.00000
12.354,2,12336.000,16135,96000,1999.854,120.0,4,7,2,0.01269,0.01269,0.01269,0.00000,0.00000
12.458,0,12439.000,21088,96000,1999.667,120.0,4,7,2,0.01269,0.01269,0.01269,0.00000,0.00000
12.458,1,12439.000,21088,96000,1999.667,120.0,4,7,2,0.01269,0.01269,0.01269,0.00000,0.00000
12.458,2,12439.000,21088,96000,1999.667,120.0,4,7,2,0.01269,0.01269,0.01269,0.00000,0.00000
12.560,0,12541.000,25983,96000,1999.688,120.0,4,7,2,0.01265,0.01265,0.01265,0.00000,0.00000
12.560,1,12541.000,25983,96000,1999.688,120.0,4,7,2,0.01265,0.01265,0.01265,0.00000,0.00000
12.560,2,12541.000,25983,96000,1999.688,120.0,4,7,2,0.01265,0.01265,0.01265,0.00000,0.00000
12.660,0,12641.000,30794,96000,1999.458,120.0,4,7,2,0.01266,0.01266,0.01266,0.00000,0.00000
12.660,1,12641.000,30794,96000,1999.458,120.0,4,7,2,0.01266,0.01266,0.01266,0.00000,0.00000
12.660,2,12641.000,30794,96000,1999.458,120.0,4,7,2,0.01266,0.01266,0.01266,0.00000,0.00000
12.761,0,12742.000,35642,96000,1999.458,120.0,4,7,2,0.01260,0.01260,0.01260,0.00000,0.00000
12.761,1,12742.000,35642,96000,1999.458,120.0,4,7,2,0.01260,0.01260,0.01260,0.00000,0.00000
12.761,2,12742.000,35642,96000,1999.458,120.0,4,7,2,0.01260,0.01260,0.01260,0.00000,0.00000
12.865,0,12846.000,40626,96000,1999.625,120.0,4,7,2,0.01268,0.01268,0.01268,0.00000,0.00000
12.865,1,12846.000,40626,96000,1999.625,120.0,4,7,2,0.01268,0.01268,0.01268,0.00000,0.00000
12.865,2,12846.000,40626,96000,1999.625,120.0,4,7,2,0.01268,0.01268,0.01268,0.00000,0.00000
12.967,0,12949.000,45561,96000,1999.812,120.0,4,7,2,0.01269,0.01269,0.01269,0.00000,0.00000
12.967,1,12949.000,45561,96000,1999.812,120.0,4,7,2,0.01269,0.01269,0.01269,0.00000,0.00000
12.967,2,12949.000,45561,96000,1999.812,120.0,4,7,2,0.01269,0.01269,0.01269,0.00000,0.00000
13.069,0,13050.000,50414,96000,1999.708,120.0,4,7,2,0.01265,0.01265,0.01265,0.00000,0.00000
13.069,1,13050.000,50414,96000,1999.708,120.0,4,7,2,0.01265,0.01265,0.01265,0.00000,0.00000
13.069,2,13050.000,50414,96000,1999.708,120.0,4,7,2,0.01265,0.01265,0.01265,0.00000,0.00000
13.172,0,13153.000,55364,96000,1999.583,120.0,4,7,2,0.01266,0.01266,0.01266,0.00000,0.00000
13.172,1,13153.000,55364,96000,1999.583,120.0,4,7,2,0.01266,0.01266,0.01266,0.00000,0.00000
13.172,2,13153.000,55364,96000,1999.583,120.0,4,7,2,0.01266,0.01266,0.01266,0.00000,0.00000
13.273,0,13254.000,60204,96000,1999.750,120.0,4,7,2,0.01260,0.01260,0.01260,0.00000,0.00000
13.273,1,13254.000,60204,96000,1999.750,120.0,4,7,2,0.01260,0.01260,0.01260,0.00000,0.00000
13.273,2,13254.000,60204,96000,1999.750,120.0,4,7,2,0.01260,0.01260,0.01260,0.00000,0.00000
13.373,0,13354.000,65025,96000,1999.312,120.0,4,7,2,0.01259,0.01259,0.01259,0.00000,0.00000
13.373,1,13354.000,65025,96000,1999.312,120.0,4,7,2,0.01259,0.01259,0.01259,0.00000,0.00000
13.373,2,13354.000,65025,96000,1999.312,120.0,4,7,2,0.01259,0.01259,0.01259,0.00000,0.00000
13.477,0,13458.000,69998,96000,1999.708,120.0,4,7,2,0.01269,0.01269,0.01269,0.00000,0.00000
13.477,1,13458.000,69998,96000,1999.708,120.0,4,7,2,0.01269,0.01269,0.01269,0.00000,0.00000
13.477,2,13458.000,69998,96000,1999.708,120.0,4,7,2,0.01269,0.01269,0.01269,0.00000,0.00000
13.577,0,13558.000,74825,96000,1999.146,120.0,4,7,2,0.01265,0.01265,0.01265,0.00000,0.00000
13.577,1,13558.000,74825,96000,1999.146,120.0,4,7,2,0.01265,0.01265,0.01265,0.00000,0.00000
13.577,2,13558.000,74825,96000,1999.146,120.0,4,7,2,0.01265,0.01265,0.01265,0.00000,0.00000
13.679,0,13660.000,79709,96000,1999.396,120.0,4,7,2,0.01261,0.01261,0.01261,0.00000,0.00000
13.679,1,13660.000,79709,96000,1999.396,120.0,4,7,2,0.01261,0.01261,0.01261,0.00000,0.00000
13.679,2,13660.000,79709,96000,1999.396,120.0,4,7,2,0.01261,0.01261,0.01261,0.00000,0.00000
13.782,0,13763.000,84649,96000,1999.479,120.0,4,7,2,0.01258,0.01258,0.01258,0.00000,0.00000
13.782,1,13763.000,84649,96000,1999.479,120.0,4,7,2,0.01258,0.01258,0.01258,0.00000,0.00000
13.782,2,13763.000,84649,96000,1999.479,120.0,4,7,2,0.01258,0.01258,0.01258,0.00000,0.00000
13.886,0,13867.000,89630,96000,1999.708,120.0,4,7,2,0.01254,0.01254,0.01254,0.00000,0.00000
13.886,1,13867.000,89630,96000,1999.708,120.0,4,7,2,0.01254,0.01254,0.01254,0.00000,0.00000
13.886,2,13867.000,89630,96000,1999.708,120.0,4,7,2,0.01254,0.01254,0.01254,0.00000,0.00000
13.988,0,13969.000,94538,96000,1999.458,120.0,4,7,2,0.01269,0.01269,0.01269,0.00000,0.00000
13.988,1,13969.000,94538,96000,1999.458,120.0,4,7,2,0.01269,0.01269,0.01269,0.00000,0.00000
13.988,2,13969.000,94538,96000,1999.458,120.0,4,7,2,0.01269,0.01269,0.01269,0.00000,0.00000
14.088,0,14069.000,3343,96000,1999.354,120.0,4,8,2,0.01260,0.00939,0.01260,0.00000,0.00000
14.088,1,14069.000,3343,96000,1999.354,120.0,4,8,2,0.01260,0.01260,0.01260,0.00000,0.00000
14.088,2,14069.000,3343,96000,1999.354,120.0,4,8,2,0.01260,0.01260,0.01260,0.00000,0.00000
14.190,0,14171.000,8219,96000,1999.771,120.0,4,8,2,0.01264,0.00615,0.01264,0.00000,0.00000
14.190,1,14171.000,8219,96000,1999.771,120.0,4,8,2,0.01264,0.01264,0.01264,0.00000,0.00000
14.190,2,14171.000,8219,96000,1999.771,120.0,4,8,2,0.01264,0.01264,0.01264,0.00000,0.00000
14.290,0,14272.000,13062,96000,1999.875,120.0,4,8,2,0.01269,0.00404,0.01269,0.00000,0.00000
14.290,1,14272.000,13062,96000,1999.875,120.0,4,8,2,0.01269,0.01269,0.01269,0.00000,0.00000
14.290,2,14272.000,13062,96000,1999.875,120.0,4,8,2,0.01269,0.01269,0.01269,0.00000,0.00000
14.393,0,14374.000,17976,96000,1999.500,120.0,4,8,2,0.01269,0.00264,0.01269,0.00000,0.00000
14.393,1,14374.000,17976,96000,1999.500,120.0,4,8,2,0.01269,0.01269,0.01269,0.00000,0.00000
14.393,2,14374.000,17976,96000,1999.500,120.0,4,8,2,0.01269,0.01269,0.01269,0.00000,0.00000
14.495,0,14477.000,22902,96000,1999.875,120.0,4,8,2,0.01265,0.00172,0.01265,0.00000,0.00000
14.495,1,14477.000,22902,96000,1999.875,120.0,4,8,2,0.01265,0.01265,0.01265,0.00000,0.00000
14.495,2,14477.000,22902,96000,1999.875,120.0,4,8,2,0.01265,0.01265,0.01265,0.00000,0.00000
14.598,0,14579.000,27830,96000,1999.208,120.0,4,8,2,0.01266,0.00113,0.01266,0.00000,0.00000
14.598,1,14579.000,27830,96000,1999.208,120.0,4,8,2,0.01266,0.01266,0.01266,0.00000,0.00000
14.598,2,14579.000,27830,96000,1999.208,120.0,4,8,2,0.01266,0.01266,0.01266,0.00000,0.00000
14.702,0,14683.000,32819,96000,1999.271,120.0,4,8,2,0.01264,0.00073,0.01264,0.00000,0.00000
14.702,1,14683.000,32819,96000,1999.271,120.0,4,8,2,0.01264,0.01264,0.01264,0.00000,0.00000
14.702,2,14683.000,32819,96000,1999.271,120.0,4,8,2,0.01264,0.01264,0.01264,0.00000,0.00000
14.803,0,14784.000,37651,96000,1999.604,120.0,4,8,2,0.01269,0.00048,0.01269,0.00000,0.00000
14.803,1,14784.000,37651,96000,1999.604,120.0,4,8,2,0.01269,0.01269,0.01269,0.00000,0.00000
14.803,2,14784.000,37651,96000,1999.604,120.0,4,8,2,0.01269,0.01269,0.01269,0.00000,0.00000
14.907,0,14888.000,42645,96000,1999.562,120.0,4,8,2,0.01269,0.00031,0.01269,0.00000,0.00000
14.907,1,14888.000,42645,96000,1999.562,120.0,4,8,2,0.01269,0.01269,0.01269,0.00000,0.00000
14.907,2,14888.000,42645,96000,1999.562,120.0,4,8,2,0.01269,0.01269,0.01269,0.00000,0.00000
15.010,0,14992.000,47618,96000,1999.958,120.0,4,8,2,0.01259,0.00020,0.01259,0.00000,0.00000
15.010,1,14992.000,47618,96000,1999.958,120.0,4,8,2,0.01259,0.01259,0.01259,0.00000,0.00000
15.010,2,14992.000,47618,96000,1999.958,120.0,4,8,2,0.01259,0.01259,0.01259,0.00000,0.00000
15.110,0,15092.000,52422,96000,1999.875,120.0,4,8,2,0.01261,0.00013,0.01261,0.00000,0.00000
15.110,1,15092.000,52422,96000,1999.875,120.0,4,8,2,0.01261,0.01261,0.01261,0.00000,0.00000
15.110,2,15092.000,52422,96000,1999.875,120.0,4,8,2,0.01261,0.01261,0.01261,0.00000,0.00000
15.215,0,15196.000,57453,96000,1999.062,120.0,4,8,2,0.01264,0.00009,0.01264,0.00000,0.00000
15.215,1,15196.000,57453,96000,1999.062,120.0,4,8,2,0.01264,0.01264,0.01264,0.00000,0.00000
15.215,2,15196.000,57453,96000,1999.062,120.0,4,8,2,0.01264,0.01264,0.01264,0.00000,0.00000
15.318,0,15299.000,62386,96000,1999.292,120.0,4,8,2,0.01265,0.00006,0.01265,0.00000,0.00000
15.318,1,15299.000,62386,96000,1999.292,120.0,4,8,2,0.01265,0.01265,0.01265,0.00000,0.00000
15.318,2,15299.000,62386,96000,1999.292,120.0,4,8,2,0.01265,0.01265,0.01265,0.00000,0.00000
15.421,0,15402.000,67333,96000,1999.229,120.0,4,8,2,0.01264,0.00004,0.01264,0.00000,0.00000
15.421,1,15402.000,67333,96000,1999.229,120.0,4,8,2,0.01264,0.01264,0.01264,0.00000,0.00000
15.421,2,15402.000,67333,96000,1999.229,120.0,4,8,2,0.01264,0.01264,0.01264,0.00000,0.00000
15.523,0,15504.000,72209,96000,1999.646,120.0,4,8,2,0.01259,0.00002,0.01259,0.00000,0.00000
15.523,1,15504.000,72209,96000,1999.646,120.0,4,8,2,0.01259,0.01259,0.01259,0.00000,0.00000
15.523,2,15504.000,72209,96000,1999.646,120.0,4,8,2,0.01259,0.01259,0.01259,0.00000,0.00000
15.624,0,15605.000,77058,96000,1999.625,120.0,4,8,2,0.01261,0.00002,0.01261,0.00000,0.00000
15.624,1,15605.000,77058,96000,1999.625,120.0,4,8,2,0.01261,0.01261,0.01261,0.00000,0.00000
15.624,2,15605.000,77058,96000,1999.625,120.0,4,8,2,0.01261,0.01261,0.01261,0.00000,0.00000
15.727,0,15708.000,82002,96000,1999.625,120.0,4,8,2,0.01264,0.00001,0.01264,0.00000,0.00000
15.727,1,15708.000,82002,96000,1999.625,120.0,4,8,2,0.01264,0.01264,0.01264,0.00000,0.00000
15.727,2,15708.000,82002,96000,1999.625,120.0,4,8,2,0.01264,0.01264,0.01264,0.00000,0.00000
15.830,0,15811.000,86974,96000,1999.042,120.0,4,8,2,0.01265,0.00001,0.01265,0.00000,0.00000
15.830,1,15811.000,86974,96000,1999.042,120.0,4,8,2,0.01265,0.01265,0.01265,0.00000,0.00000
15.830,2,15811.000,86974,96000,1999.042,120.0,4,8,2,0.01265,0.01265,0.01265,0.00000,0.00000
15.931,0,15913.000,91832,96000,1999.833,120.0,4,8,2,0.01269,0.00000,0.01269,0.00000,0.00000
15.931,1,15913.000,91832,96000,1999.833,120.0,4,8,2,0.01269,0.01269,0.01269,0.00000,0.00000
15.931,2,15913.000,91832,96000,1999.833,120.0,4,8,2,0.01269,0.01269,0.01269,0.00000,0.00000
16.049,0,16030.000,1452,96000,1999.750,120.0,4,9,2,0.01273,0.01273,0.01273,0.00000,0.00000
16.049,1,16030.000,1452,96000,1999.750,120.0,4,9,2,0.01273,0.01273,0.01273,0.00000,0.00000
16.049,2,16030.000,1452,96000,1999.750,120.0,4,9,2,0.01273,0.01273,0.01273,0.00000,0.00000
16.149,0,16130.000,6280,96000,1999.167,120.0,4,9,2,0.01266,0.01266,0.01266,0.00000,0.00000
16.149,1,16130.000,6280,96000,1999.167,120.0,4,9,2,0.01266,0.01266,0.01266,0.00000,0.00000
16.149,2,16130.000,6280,96000,1999.167,120.0,4,9,2,0.01266,0.01266,0.01266,0.00000,0.00000
16.252,0,16233.000,11222,96000,1999.208,120.0,4,9,2,0.01264,0.01264,0.01264,0.00000,0.00000
16.252,1,16233.000,11222,96000,1999.208,120.0,4,9,2,0.01264,0.01264,0.01264,0.00000,0.00000
16.252,2,16233.000,11222,96000,1999.208,120.0,4,9,2,0.01264,0.01264,0.01264,0.00000,0.00000
16.353,0,16334.000,16052,96000,1999.583,120.0,4,9,2,0.01268,0.01268,0.01268,0.00000,0.00000
16.353,1,16334.000,16052,96000,1999.583,120.0,4,9,2,0.01268,0.01268,0.01268,0.00000,0.00000
16.353,2,16334.000,16052,96000,1999.583,120.0,4,9,2,0.01268,0.01268,0.01268,0.00000,0.00000
16.456,0,16437.000,20991,96000,1999.688,120.0,4,9,2,0.01269,0.01269,0.01269,0.00000,0.00000
16.456,1,16437.000,20991,96000,1999.688,120.0,4,9,2,0.01269,0.01269,0.01269,0.00000,0.00000
16.456,2,16437.000,20991,96000,1999.688,120.0,4,9,2,0.01269,0.01269,0.01269,0.00000,0.00000
16.557,0,16539.000,25881,96000,1999.812,120.0,4,9,2,0.01265,0.01265,0.01265,0.00000,0.00000
16.557,1,16539.000,25881,96000,1999.812,120.0,4,9,2,0.01265,0.01265,0.01265,0.00000,0.00000
16.557,2,16539.000,25881,96000,1999.812,120.0,4,9,2,0.01265,0.01265,0.01265,0.00000,0.00000
16.660,0,16641.000,30812,96000,1999.083,120.0,4,9,2,0.01266,0.01266,0.01266,0.00000,0.00000
16.660,1,16641.000,30812,96000,1999.083,120.0,4,9,2,0.01266,0.01266,0.01266,0.00000,0.00000
16.660,2,16641.000,30812,96000,1999.083,120.0,4,9,2,0.01266,0.01266,0.01266,0.00000,0.00000
16.764,0,16745.000,35776,96000,1999.667,120.0,4,9,2,0.01264,0.01264,0.01264,0.00000,0.00000
16.764,1,16745.000,35776,96000,1999.667,120.0,4,9,2,0.01264,0.01264,0.01264,0.00000,0.00000
16.764,2,16745.000,35776,96000,1999.667,120.0,4,9,2,0.01264,0.01264,0.01264,0.00000,0.00000
16.868,0,16849.000,40770,96000,1999.625,120.0,4,9,2,0.01269,0.01269,0.01269,0.00000,0.00000
16.868,1,16849.000,40770,96000,1999.625,120.0,4,9,2,0.01269,0.01269,0.01269,0.00000,0.00000
16.868,2,16849.000,40770,96000,1999.625,120.0,4,9,2,0.01269,0.01269,0.01269,0.00000,0.00000
16.970,0,16951.000,45685,96000,1999.229,120.0,4,9,2,0.01269,0.01269,0.01269,0.00000,0.00000
16.970,1,16951.000,45685,96000,1999.229,120.0,4,9,2,0.01269,0.01269,0.01269,0.00000,0.00000
16.970,2,16951.000,45685,96000,1999.229,120.0,4,9,2,0.01269,0.01269,0.01269,0.00000,0.00000
17.071,0,17052.000,50531,96000,1999.271,120.0,4,9,2,0.11209,0.11184,0.11209,0.00000,0.00000
17.071,1,17052.000,50531,96000,1999.271,120.0,4,9,2,0.11184,0.11184,0.11120,0.00000,0.00000
17.071,2,17052.000,50531,96000,1999.271,120.0,4,9,2,0.11209,0.11120,0.11209,0.00000,0.00000
17.173,0,17154.000,55406,96000,1999.708,120.0,4,9,2,0.07347,0.07331,0.07347,0.00000,0.00000
17.173,1,17154.000,55406,96000,1999.708,120.0,4,9,2,0.07331,0.07331,0.07289,0.00000,0.00000
17.173,2,17154.000,55406,96000,1999.708,120.0,4,9,2,0.07347,0.07289,0.07347,0.00000,0.00000
17.277,0,17258.000,60425,96000,1999.146,120.0,4,9,2,0.04756,0.04746,0.04756,0.00000,0.00000
17.277,1,17258.000,60425,96000,1999.146,120.0,4,9,2,0.04746,0.04746,0.04719,0.00000,0.00000
17.277,2,17258.000,60425,96000,1999.146,120.0,4,9,2,0.04756,0.04719,0.04756,0.00000,0.00000
17.379,0,17360.000,65289,96000,1999.812,120.0,4,9,2,0.03121,0.03114,0.03121,0.00000,0.00000
17.379,1,17360.000,65289,96000,1999.812,120.0,4,9,2,0.03114,0.03114,0.03096,0.00000,0.00000
17.379,2,17360.000,65289,96000,1999.812,120.0,4,9,2,0.03121,0.03096,0.03121,0.00000,0.00000
17.479,0,17460.000,70095,96000,1999.688,120.0,4,9,2,0.02058,0.02053,0.02058,0.00000,0.00000
17.479,1,17460.000,70095,96000,1999.688,120.0,4,9,2,0.02053,0.02053,0.02042,0.00000,0.00000
17.479,2,17460.000,70095,96000,1999.688,120.0,4,9,2,0.02058,0.02042,0.02058,0.00000,0.00000
17.580,0,17562.000,74981,96000,1999.896,120.0,4,9,2,0.01348,0.01345,0.01348,0.00000,0.00000
17.580,1,17562.000,74981,96000,1999.896,120.0,4,9,2,0.01345,0.01345,0.01337,0.00000,0.00000
17.580,2,17562.000,74981,96000,1999.896,120.0,4,9,2,0.01348,0.01337,0.01348,0.00000,0.00000
17.684,0,17665.000,79961,96000,1999.146,120.0,4,9,2,0.01266,0.01266,0.01266,0.00000,0.00000
17.684,1,17665.000,79961,96000,1999.146,120.0,4,9,2,0.01266,0.01266,0.01266,0.00000,0.00000
17.684,2,17665.000,79961,96000,1999.146,120.0,4,9,2,0.01266,0.01266,0.01266,0.00000,0.00000
17.788,0,17769.000,84929,96000,1999.646,120.0,4,9,2,0.01264,0.01264,0.01264,0.00000,0.00000
17.788,1,17769.000,84929,96000,1999.646,120.0,4,9,2,0.01264,0.01264,0.01264,0.00000,0.00000
17.788,2,17769.000,84929,96000,1999.646,120.0,4,9,2,0.01264,0.01264,0.01264,0.00000,0.00000
17.890,0,17872.000,89858,96000,1999.958,120.0,4,9,2,0.01269,0.01269,0.01269,0.00000,0.00000
17.890,1,17872.000,89858,96000,1999.958,120.0,4,9,2,0.01269,0.01269,0.01269,0.00000,0.00000
17.890,2,17872.000,89858,96000,1999.958,120.0,4,9,2,0.01269,0.01269,0.01269,0.00000,0.00000
17.992,0,17973.000,94732,96000,1999.417,120.0,4,9,2,0.01269,0.01269,0.01269,0.00000,0.00000
17.992,1,17973.000,94732,96000,1999.417,120.0,4,9,2,0.01269,0.01269,0.01269,0.00000,0.00000
17.992,2,17973.000,94732,96000,1999.417,120.0,4,9,2,0.01269,0.01269,0.01269,0.00000,0.00000
18.092,0,18073.000,3537,96000,1999.312,120.0,4,10,2,0.01259,0.01259,0.01259,0.00000,0.00000
18.092,1,18073.000,3537,96000,1999.312,120.0,4,10,2,0.01259,0.01259,0.01259,0.00000,0.00000
18.092,2,18073.000,3537,96000,1999.312,120.0,4,10,2,0.01259,0.01259,0.01259,0.00000,0.00000
18.193,0,18174.000,8370,96000,1999.625,120.0,4,10,2,0.01265,0.01265,0.01265,0.00000,0.00000
18.193,1,18174.000,8370,96000,1999.625,120.0,4,10,2,0.01265,0.01265,0.01265,0.00000,0.00000
18.193,2,18174.000,8370,96000,1999.625,120.0,4,10,2,0.01265,0.01265,0.01265,0.00000,0.00000
18.297,0,18278.000,13354,96000,1999.792,120.0,4,10,2,0.01265,0.01265,0.01265,0.00000,0.00000
18.297,1,18278.000,13354,96000,1999.792,120.0,4,10,2,0.01265,0.01265,0.01265,0.00000,0.00000
18.297,2,18278.000,13354,96000,1999.792,120.0,4,10,2,0.01265,0.01265,0.01265,0.00000,0.00000
18.399,0,18380.000,18260,96000,1999.583,120.0,4,10,2,0.01261,0.01261,0.01261,0.00000,0.00000
18.399,1,18380.000,18260,96000,1999.583,120.0,4,10,2,0.01261,0.01261,0.01261,0.00000,0.00000
18.399,2,18380.000,18260,96000,1999.583,120.0,4,10,2,0.01261,0.01261,0.01261,0.00000,0.00000
18.499,0,18481.000,23092,96000,1999.917,120.0,4,10,2,0.01259,0.01259,0.01259,0.00000,0.00000
18.499,1,18481.000,23092,96000,1999.917,120.0,4,10,2,0.01259,0.01259,0.01259,0.00000,0.00000
18.499,2,18481.000,23092,96000,1999.917,120.0,4,10,2,0.01259,0.01259,0.01259,0.00000,0.00000
18.601,0,18583.000,27991,96000,1999.854,120.0,4,10,2,0.01260,0.01260,0.01260,0.00000,0.00000
18.601,1,18583.000,27991,96000,1999.854,120.0,4,10,2,0.01260,0.01260,0.01260,0.00000,0.00000
18.601,2,18583.000,27991,96000,1999.854,120.0,4,10,2,0.01260,0.01260,0.01260,0.00000,0.00000
18.702,0,18683.000,32801,96000,1999.646,120.0,4,10,2,0.01264,0.01264,0.01264,0.00000,0.00000
18.702,1,18683.000,32801,96000,1999.646,120.0,4,10,2,0.01264,0.01264,0.01264,0.00000,0.00000
18.702,2,18683.000,32801,96000,1999.646,120.0,4,10,2,0.01264,0.01264,0.01264,0.00000,0.00000
18.804,0,18785.000,37713,96000,1999.312,120.0,4,10,2,0.01269,0.01269,0.01269,0.00000,0.00000
18.804,1,18785.000,37713,96000,1999.312,120.0,4,10,2,0.01269,0.01269,0.01269,0.00000,0.00000
18.804,2,18785.000,37713,96000,1999.312,120.0,4,10,2,0.01269,0.01269,0.01269,0.00000,0.00000
18.905,0,18887.000,42580,96000,1999.917,120.0,4,10,2,0.01269,0.01269,0.01269,0.00000,0.00000
18.905,1,18887.000,42580,96000,1999.917,120.0,4,10,2,0.01269,0.01269,0.01269,0.00000,0.00000
18.905,2,18887.000,42580,96000,1999.917,120.0,4,10,2,0.01269,0.01269,0.01269,0.00000,0.00000
19.006,0,18987.000,47396,96000,1999.583,120.0,4,10,2,0.01265,0.01265,0.01265,0.00000,0.00000
19.006,1,18987.000,47396,96000,1999.583,120.0,4,10,2,0.01265,0.01265,0.01265,0.00000,0.00000
19.006,2,18987.000,47396,96000,1999.583,120.0,4,10,2,0.01265,0.01265,0.01265,0.00000,0.00000
19.108,0,19089.000,52292,96000,1999.583,120.0,4,10,2,0.01266,0.01266,0.01266,0.00000,0.00000
19.108,1,19089.000,52292,96000,1999.583,120.0,4,10,2,0.01266,0.01266,0.01266,0.00000,0.00000
19.108,2,19089.000,52292,96000,1999.583,120.0,4,10,2,0.01266,0.01266,0.01266,0.00000,0.00000
19.209,0,19190.000,57152,96000,1999.333,120.0,4,10,2,0.01260,0.01260,0.01260,0.00000,0.00000
19.209,1,19190.000,57152,96000,1999.333,120.0,4,10,2,0.01260,0.01260,0.01260,0.00000,0.00000
19.209,2,19190.000,57152,96000,1999.333,120.0,4,10,2,0.01260,0.01260,0.01260,0.00000,0.00000
19.312,0,19293.000,62111,96000,1999.021,120.0,4,10,2,0.01268,0.01268,0.01268,0.00000,0.00000
19.312,1,19293.000,62111,96000,1999.021,120.0,4,10,2,0.01268,0.01268,0.01268,0.00000,0.00000
19.312,2,19293.000,62111,96000,1999.021,120.0,4,10,2,0.01268,0.01268,0.01268,0.00000,0.00000
19.415,0,19396.000,67029,96000,1999.562,120.0,4,10,2,0.01269,0.01269,0.01269,0.00000,0.00000
19.415,1,19396.000,67029,96000,1999.562,120.0,4,10,2,0.01269,0.01269,0.01269,0.00000,0.00000
19.415,2,19396.000,67029,96000,1999.562,120.0,4,10,2,0.01269,0.01269,0.01269,0.00000,0.00000
19.517,0,19499.000,71958,96000,1999.875,120.0,4,10,2,0.01265,0.01265,0.01265,0.00000,0.00000
19.517,1,19499.000,71958,96000,1999.875,120.0,4,10,2,0.01265,0.01265,0.01265,0.00000,0.00000
19.517,2,19499.000,71958,96000,1999.875,120.0,4,10,2,0.01265,0.01265,0.01265,0.00000,0.00000
19.618,0,19599.000,76799,96000,1999.021,120.0,4,10,2,0.01266,0.01266,0.01266,0.00000,0.00000
19.618,1,19599.000,76799,96000,1999.021,120.0,4,10,2,0.01266,0.01266,0.01266,0.00000,0.00000
19.618,2,19599.000,76799,96000,1999.021,120.0,4,10,2,0.01266,0.01266,0.01266,0.00000,0.00000
19.721,0,19702.000,81725,96000,1999.396,120.0,4,10,2,0.01260,0.01260,0.01260,0.00000,0.00000
19.721,1,19702.000,81725,96000,1999.396,120.0,4,10,2,0.01260,0.01260,0.01260,0.00000,0.00000
19.721,2,19702.000,81725,96000,1999.396,120.0,4,10,2,0.01260,0.01260,0.01260,0.00000,0.00000
19.822,0,19803.000,86564,96000,1999.583,120.0,4,10,2,0.01254,0.01254,0.01254,0.00000,0.00000
19.822,1,19803.000,86564,96000,1999.583,120.0,4,10,2,0.01254,0.01254,0.01254,0.00000,0.00000
19.822,2,19803.000,86564,96000,1999.583,120.0,4,10,2,0.01254,0.01254,0.01254,0.00000,0.00000
19.925,0,19906.000,91503,96000,1999.688,120.0,4,10,2,0.01269,0.01269,0.01269,0.00000,0.00000
19.925,1,19906.000,91503,96000,1999.688,120.0,4,10,2,0.01269,0.01269,0.01269,0.00000,0.00000
19.925,2,19906.000,91503,96000,1999.688,120.0,4,10,2,0.01269,0.01269,0.01269,0.00000,0.00000
20.026,0,20008.000,385,96000,1999.979,120.0,4,11,2,0.01261,0.01261,0.01261,0.00000,0.00000
20.026,1,20008.000,385,96000,1999.979,120.0,4,11,2,0.01261,0.01261,0.01261,0.00000,0.00000
20.026,2,20008.000,385,96000,1999.979,120.0,4,11,2,0.01261,0.01261,0.01261,0.00000,0.00000
20.127,0,20108.000,5207,96000,1999.521,120.0,4,11,2,0.01264,0.01264,0.01264,0.00000,0.00000
20.127,1,20108.000,5207,96000,1999.521,120.0,4,11,2,0.01264,0.01264,0.01264,0.00000,0.00000
20.127,2,20108.000,5207,96000,1999.521,120.0,4,11,2,0.01264,0.01264,0.01264,0.00000,0.00000
20.227,0,20208.000,10012,96000,1999.417,120.0,4,11,2,0.01269,0.01269,0.01269,0.00000,0.00000
20.227,1,20208.000,10012,96000,1999.417,120.0,4,11,2,0.01269,0.01269,0.01269,0.00000,0.00000
20.227,2,20208.000,10012,96000,1999.417,120.0,4,11,2,0.01269,0.01269,0.01269,0.00000,0.00000
20.328,0,20309.000,14842,96000,1999.792,120.0,4,11,2,0.01269,0.01269,0.01269,0.00000,0.00000
20.328,1,20309.000,14842,96000,1999.792,120.0,4,11,2,0.01269,0.01269,0.01269,0.00000,0.00000
20.328,2,20309.000,14842,96000,1999.792,120.0,4,11,2,0.01269,0.01269,0.01269,0.00000,0.00000
20.429,0,20410.000,19691,96000,1999.771,120.0,4,11,2,0.01265,0.01265,0.01265,0.00000,0.00000
20.429,1,20410.000,19691,96000,1999.771,120.0,4,11,2,0.01265,0.01265,0.01265,0.00000,0.00000
20.429,2,20410.000,19691,96000,1999.771,120.0,4,11,2,0.01265,0.01265,0.01265,0.00000,0.00000
20.531,0,20512.000,24617,96000,1999.146,120.0,4,11,2,0.01266,0.01266,0.01266,0.00000,0.00000
20.531,1,20512.000,24617,96000,1999.146,120.0,4,11,2,0.01266,0.01266,0.01266,0.00000,0.00000
20.531,2,20512.000,24617,96000,1999.146,120.0,4,11,2,0.01266,0.01266,0.01266,0.00000,0.00000
20.633,0,20614.000,29495,96000,1999.521,120.0,4,11,2,0.01260,0.01260,0.01260,0.00000,0.00000
20.633,1,20614.000,29495,96000,1999.521,120.0,4,11,2,0.01260,0.01260,0.01260,0.00000,0.00000
20.633,2,20614.000,29495,96000,1999.521,120.0,4,11,2,0.01260,0.01260,0.01260,0.00000,0.00000
20.736,0,20718.000,34468,96000,1999.917,120.0,4,11,2,0.01268,0.01268,0.01268,0.00000,0.00000
20.736,1,20718.000,34468,96000,1999.917,120.0,4,11,2,0.01268,0.01268,0.01268,0.00000,0.00000
20.736,2,20718.000,34468,96000,1999.917,120.0,4,11,2,0.01268,0.01268,0.01268,0.00000,0.00000
20.839,0,20820.000,39385,96000,1999.479,120.0,4,11,2,0.01269,0.01269,0.01269,0.00000,0.00000
20.839,1,20820.000,39385,96000,1999.479,120.0,4,11,2,0.01269,0.01269,0.01269,0.00000,0.00000
20.839,2,20820.000,39385,96000,1999.479,120.0,4,11,2,0.01269,0.01269,0.01269,0.00000,0.00000
20.943,0,20924.000,44373,96000,1999.562,120.0,4,11,2,0.01265,0.01265,0.01265,0.00000,0.00000
20.943,1,20924.000,44373,96000,1999.562,120.0,4,11,2,0.01265,0.01265,0.01265,0.00000,0.00000
20.943,2,20924.000,44373,96000,1999.562,120.0,4,11,2,0.01265,0.01265,0.01265,0.00000,0.00000
21.047,0,21028.000,49358,96000,1999.708,120.0,4,11,2,0.01261,0.01261,0.01261,0.00000,0.00000
21.047,1,21028.000,49358,96000,1999.708,120.0,4,11,2,0.01261,0.01261,0.01261,0.00000,0.00000
21.047,2,21028.000,49358,96000,1999.708,120.0,4,11,2,0.01261,0.01261,0.01261,0.00000,0.00000
21.147,0,21128.000,54190,96000,1999.042,120.0,4,11,2,0.01263,0.01263,0.01263,0.00000,0.00000
21.147,1,21128.000,54190,96000,1999.042,120.0,4,11,2,0.01263,0.01263,0.01263,0.00000,0.00000
21.147,2,21128.000,54190,96000,1999.042,120.0,4,11,2,0.01263,0.01263,0.01263,0.00000,0.00000
21.250,0,21231.000,59113,96000,1999.479,120.0,4,11,2,0.01269,0.01269,0.01269,0.00000,0.00000
21.250,1,21231.000,59113,96000,1999.479,120.0,4,11,2,0.01269,0.01269,0.01269,0.00000,0.00000
21.250,2,21231.000,59113,96000,1999.479,120.0,4,11,2,0.01269,0.01269,0.01269,0.00000,0.00000
21.353,0,21334.000,64067,96000,1999.271,120.0,4,11,2,0.01269,0.01269,0.01269,0.00000,0.00000
21.353,1,21334.000,64067,96000,1999.271,120.0,4,11,2,0.01269,0.01269,0.01269,0.00000,0.00000
21.353,2,21334.000,64067,96000,1999.271,120.0,4,11,2,0.01269,0.01269,0.01269,0.00000,0.00000
21.456,0,21437.000,69006,96000,1999.375,120.0,4,11,2,0.01263,0.01263,0.01263,0.00000,0.00000
21.456,1,21437.000,69006,96000,1999.375,120.0,4,11,2,0.01263,0.01263,0.01263,0.00000,0.00000
21.456,2,21437.000,69006,96000,1999.375,120.0,4,11,2,0.01263,0.01263,0.01263,0.00000,0.00000
21.560,0,21541.000,74003,96000,1999.271,120.0,4,11,2,0.01260,0.01260,0.01260,0.00000,0.00000
21.560,1,21541.000,74003,96000,1999.271,120.0,4,11,2,0.01260,0.01260,0.01260,0.00000,0.00000
21.560,2,21541.000,74003,96000,1999.271,120.0,4,11,2,0.01260,0.01260,0.01260,0.00000,0.00000
21.663,0,21644.000,78933,96000,1999.562,120.0,4,11,2,0.01264,0.01264,0.01264,0.00000,0.00000
21.663,1,21644.000,78933,96000,1999.562,120.0,4,11,2,0.01264,0.01264,0.01264,0.00000,0.00000
21.663,2,21644.000,78933,96000,1999.562,120.0,4,11,2,0.01264,0.01264,0.01264,0.00000,0.00000
21.766,0,21747.000,83884,96000,1999.417,120.0,4,11,2,0.01265,0.01265,0.01265,0.00000,0.00000
21.766,1,21747.000,83884,96000,1999.417,120.0,4,11,2,0.01265,0.01265,0.01265,0.00000,0.00000
21.766,2,21747.000,83884,96000,1999.417,120.0,4,11,2,0.01265,0.01265,0.01265,0.00000,0.00000
21.868,0,21849.000,88770,96000,1999.625,120.0,4,11,2,0.01264,0.01264,0.01264,0.00000,0.00000
21.868,1,21849.000,88770,96000,1999.625,120.0,4,11,2,0.01264,0.01264,0.01264,0.00000,0.00000
21.868,2,21849.000,88770,96000,1999.625,120.0,4,11,2,0.01264,0.01264,0.01264,0.00000,0.00000
21.969,0,21950.000,93609,96000,1999.812,120.0,4,11,2,0.01263,0.01263,0.01263,0.00000,0.00000
21.969,1,21950.000,93609,96000,1999.812,120.0,4,11,2,0.01263,0.01263,0.01263,0.00000,0.00000
21.969,2,21950.000,93609,96000,1999.812,120.0,4,11,2,0.01263,0.01263,0.01263,0.00000,0.00000
22.071,0,22052.000,2531,96000,1999.271,120.0,4,12,2,0.01269,0.01269,0.01269,0.00000,0.00000
22.071,1,22052.000,2531,96000,1999.271,120.0,4,12,2,0.01269,0.01269,0.01269,0.00000,0.00000
22.071,2,22052.000,2531,96000,1999.271,120.0,4,12,2,0.01269,0.01269,0.01269,0.00000,0.00000
22.173,0,22154.000,7423,96000,1999.354,120.0,4,12,2,0.01265,0.01265,0.01265,0.00000,0.00000
22.173,1,22154.000,7423,96000,1999.354,120.0,4,12,2,0.01265,0.01265,0.01265,0.00000,0.00000
22.173,2,22154.000,7423,96000,1999.354,120.0,4,12,2,0.01265,0.01265,0.01265,0.00000,0.00000
22.276,0,22257.000,12371,96000,1999.271,120.0,4,12,2,0.01266,0.01266,0.01266,0.00000,0.00000
22.276,1,22257.000,12371,96000,1999.271,120.0,4,12,2,0.01266,0.01266,0.01266,0.00000,0.00000
22.276,2,22257.000,12371,96000,1999.271,120.0,4,12,2,0.01266,0.01266,0.01266,0.00000,0.00000
22.380,0,22362.000,17376,96000,0.000,120.0,4,12,2,0.01264,0.01264,0.01264,0.00000,0.00000
22.380,1,22362.000,17376,96000,0.000,120.0,4,12,2,0.01264,0.01264,0.01264,0.00000,0.00000
22.380,2,22362.000,17376,96000,0.000,120.0,4,12,2,0.01264,0.01264,0.01264,0.00000,0.00000
22.484,0,22465.000,22333,96000,1999.729,120.0,4,12,2,0.01269,0.01269,0.01269,0.00000,0.00000
22.484,1,22465.000,22333,96000,1999.729,120.0,4,12,2,0.01269,0.01269,0.01269,0.00000,0.00000
22.484,2,22465.000,22333,96000,1999.729,120.0,4,12,2,0.01269,0.01269,0.01269,0.00000,0.00000
22.585,0,22566.000,27193,96000,1999.479,120.0,4,12,2,0.01269,0.01269,0.01269,0.00000,0.00000
22.585,1,22566.000,27193,96000,1999.479,120.0,4,12,2,0.01269,0.01269,0.01269,0.00000,0.00000
22.585,2,22566.000,27193,96000,1999.479,120.0,4,12,2,0.01269,0.01269,0.01269,0.00000,0.00000
22.686,0,22667.000,32035,96000,1999.604,120.0,4,12,2,0.01265,0.01265,0.01265,0.00000,0.00000
22.686,1,22667.000,32035,96000,1999.604,120.0,4,12,2,0.01265,0.01265,0.01265,0.00000,0.00000
22.686,2,22667.000,32035,96000,1999.604,120.0,4,12,2,0.01265,0.01265,0.01265,0.00000,0.00000
22.790,0,22772.000,37061,96000,1999.896,120.0,4,12,2,0.01261,0.01261,0.01261,0.00000,0.00000
22.790,1,22772.000,37061,96000,1999.896,120.0,4,12,2,0.01261,0.01261,0.01261,0.00000,0.00000
22.790,2,22772.000,37061,96000,1999.896,120.0,4,12,2,0.01261,0.01261,0.01261,0.00000,0.00000
22.895,0,22876.000,42059,96000,1999.771,120.0,4,12,2,0.01264,0.01264,0.01264,0.00000,0.00000
22.895,1,22876.000,42059,96000,1999.771,120.0,4,12,2,0.01264,0.01264,0.01264,0.00000,0.00000
22.895,2,22876.000,42059,96000,1999.771,120.0,4,12,2,0.01264,0.01264,0.01264,0.00000,0.00000
22.997,0,22979.000,46992,96000,0.000,120.0,4,12,2,0.01269,0.01269,0.01269,0.00000,0.00000
22.997,1,22979.000,46992,96000,0.000,120.0,4,12,2,0.01269,0.01269,0.01269,0.00000,0.00000
22.997,2,22979.000,46992,96000,0.000,120.0,4,12,2,0.01269,0.01269,0.01269,0.00000,0.00000
23.100,0,23081.000,51903,96000,1999.688,120.0,4,12,2,0.01268,0.01268,0.01268,0.00000,0.00000
23.100,1,23081.000,51903,96000,1999.688,120.0,4,12,2,0.01268,0.01268,0.01268,0.00000,0.00000
23.100,2,23081.000,51903,96000,1999.688,120.0,4,12,2,0.01268,0.01268,0.01268,0.00000,0.00000
23.204,0,23185.000,56910,96000,1999.375,120.0,4,12,2,0.01258,0.01258,0.01258,0.00000,0.00000
23.204,1,23185.000,56910,96000,1999.375,120.0,4,12,2,0.01258,0.01258,0.01258,0.00000,0.00000
23.204,2,23185.000,56910,96000,1999.375,120.0,4,12,2,0.01258,0.01258,0.01258,0.00000,0.00000
23.305,0,23286.000,61767,96000,1999.188,120.0,4,12,2,0.01260,0.01260,0.01260,0.00000,0.00000
23.305,1,23286.000,61767,96000,1999.188,120.0,4,12,2,0.01260,0.01260,0.01260,0.00000,0.00000
23.305,2,23286.000,61767,96000,1999.188,120.0,4,12,2,0.01260,0.01260,0.01260,0.00000,0.00000
23.406,0,23388.000,66630,96000,1999.875,120.0,4,12,2,0.01264,0.01264,0.01264,0.00000,0.00000
23.406,1,23388.000,66630,96000,1999.875,120.0,4,12,2,0.01264,0.01264,0.01264,0.00000,0.00000
23.406,2,23388.000,66630,96000,1999.875,120.0,4,12,2,0.01264,0.01264,0.01264,0.00000,0.00000
23.510,0,23492.000,71620,96000,1999.917,120.0,4,12,2,0.01257,0.01254,0.01257,0.00000,0.00000
23.510,1,23492.000,71620,96000,1999.917,120.0,4,12,2,0.01269,0.01254,0.01269,0.00000,0.00000
23.510,2,23492.000,71620,96000,1999.917,120.0,4,12,2,0.01269,0.01269,0.01257,0.00000,0.00000
23.614,0,23595.000,76576,96000,1999.667,120.0,4,12,2,0.09306,0.09306,0.09287,0.00000,0.00000
23.614,1,23595.000,76576,96000,1999.667,120.0,4,12,2,0.09306,0.09306,0.09270,0.00000,0.00000
23.614,2,23595.000,76576,96000,1999.667,120.0,4,12,2,0.09287,0.09270,0.09287,0.00000,0.00000
23.716,0,23697.000,81476,96000,1999.583,120.0,4,12,2,0.06087,0.06087,0.06074,0.00000,0.00000
23.716,1,23697.000,81476,96000,1999.583,120.0,4,12,2,0.06087,0.06087,0.06063,0.00000,0.00000
23.716,2,23697.000,81476,96000,1999.583,120.0,4,12,2,0.06074,0.06063,0.06074,0.00000,0.00000
23.819,0,23800.000,86422,96000,1999.542,120.0,4,12,2,0.03965,0.03965,0.03957,0.00000,0.00000
23.819,1,23800.000,86422,96000,1999.542,120.0,4,12,2,0.03965,0.03965,0.03950,0.00000,0.00000
23.819,2,23800.000,86422,96000,1999.542,120.0,4,12,2,0.03957,0.03950,0.03957,0.00000,0.00000
23.919,0,23900.000,91245,96000,1999.062,120.0,4,12,2,0.02611,0.02611,0.02605,0.00000,0.00000
23.919,1,23900.000,91245,96000,1999.062,120.0,4,12,2,0.02611,0.02611,0.02601,0.00000,0.00000
23.919,2,23900.000,91245,96000,1999.062,120.0,4,12,2,0.02605,0.02601,0.02605,0.00000,0.00000
24.021,0,24002.000,121,96000,1999.479,120.0,4,13,2,0.01711,0.01711,0.01708,0.00000,0.00000
24.021,1,24002.000,121,96000,1999.479,120.0,4,13,2,0.01711,0.01711,0.01705,0.00000,0.00000
24.021,2,24002.000,121,96000,1999.479,120.0,4,13,2,0.01708,0.01705,0.01708,0.00000,0.00000
24.122,0,24104.000,4998,96000,1999.875,120.0,4,13,2,0.01263,0.01263,0.01263,0.00000,0.00000
24.122,1,24104.000,4998,96000,1999.875,120.0,4,13,2,0.01263,0.01263,0.01263,0.00000,0.00000
24.122,2,24104.000,4998,96000,1999.875,120.0,4,13,2,0.01263,0.01263,0.01263,0.00000,0.00000
24.225,0,24206.000,9903,96000,1999.688,120.0,4,13,2,0.01268,0.01268,0.01268,0.00000,0.00000
24.225,1,24206.000,9903,96000,1999.688,120.0,4,13,2,0.01268,0.01268,0.01268,0.00000,0.00000
24.225,2,24206.000,9903,96000,1999.688,120.0,4,13,2,0.01268,0.01268,0.01268,0.00000,0.00000
24.327,0,24308.000,14828,96000,1999.083,120.0,4,13,2,0.01267,0.01267,0.01267,0.00000,0.00000
24.327,1,24308.000,14828,96000,1999.083,120.0,4,13,2,0.01267,0.01267,0.01267,0.00000,0.00000
24.327,2,24308.000,14828,96000,1999.083,120.0,4,13,2,0.01267,0.01267,0.01267,0.00000,0.00000
24.430,0,24411.000,19763,96000,1999.271,120.0,4,13,2,0.01265,0.01265,0.01265,0.00000,0.00000
24.430,1,24411.000,19763,96000,1999.271,120.0,4,13,2,0.01265,0.01265,0.01265,0.00000,0.00000
24.430,2,24411.000,19763,96000,1999.271,120.0,4,13,2,0.01265,0.01265,0.01265,0.00000,0.00000
24.533,0,24515.000,24724,96000,1999.917,120.0,4,13,2,0.01261,0.01261,0.01261,0.00000,0.00000
24.533,1,24515.000,24724,96000,1999.917,120.0,4,13,2,0.01261,0.01261,0.01261,0.00000,0.00000
24.533,2,24515.000,24724,96000,1999.917,120.0,4,13,2,0.01261,0.01261,0.01261,0.00000,0.00000
24.637,0,24618.000,29704,96000,1999.167,120.0,4,13,2,0.01264,0.01264,0.01264,0.00000,0.00000
24.637,1,24618.000,29704,96000,1999.167,120.0,4,13,2,0.01264,0.01264,0.01264,0.00000,0.00000
24.637,2,24618.000,29704,96000,1999.167,120.0,4,13,2,0.01264,0.01264,0.01264,0.00000,0.00000
24.740,0,24722.000,34665,96000,1999.812,120.0,4,13,2,0.01269,0.01269,0.01269,0.00000,0.00000
24.740,1,24722.000,34665,96000,1999.812,120.0,4,13,2,0.01269,0.01269,0.01269,0.00000,0.00000
24.740,2,24722.000,34665,96000,1999.812,120.0,4,13,2,0.01269,0.01269,0.01269,0.00000,0.00000
24.844,0,24825.000,39625,96000,1999.479,120.0,4,13,2,0.01264,0.01264,0.01264,0.00000,0.00000
24.844,1,24825.000,39625,96000,1999.479,120.0,4,13,2,0.01264,0.01264,0.01264,0.00000,0.00000
24.844,2,24825.000,39625,96000,1999.479,120.0,4,13,2,0.01264,0.01264,0.01264,0.00000,0.00000
24.944,0,24925.000,44447,96000,1999.021,120.0,4,13,2,0.01263,0.01263,0.01263,0.00000,0.00000
24.944,1,24925.000,44447,96000,1999.021,120.0,4,13,2,0.01263,0.01263,0.01263,0.00000,0.00000
24.944,2,24925.000,44447,96000,1999.021,120.0,4,13,2,0.01263,0.01263,0.01263,0.00000,0.00000
25.046,0,25027.000,49342,96000,1999.042,120.0,4,13,2,0.01266,0.01266,0.01266,0.00000,0.00000
25.046,1,25027.000,49342,96000,1999.042,120.0,4,13,2,0.01266,0.01266,0.01266,0.00000,0.00000
25.046,2,25027.000,49342,96000,1999.042,120.0,4,13,2,0.01266,0.01266,0.01266,0.00000,0.00000
25.148,0,25129.000,54236,96000,1999.083,120.0,4,13,2,0.01264,0.01264,0.01264,0.00000,0.00000
25.148,1,25129.000,54236,96000,1999.083,120.0,4,13,2,0.01264,0.01264,0.01264,0.00000,0.00000
25.148,2,25129.000,54236,96000,1999.083,120.0,4,13,2,0.01264,0.01264,0.01264,0.00000,0.00000
25.251,0,25232.000,59172,96000,1999.250,120.0,4,13,2,0.01269,0.01269,0.01269,0.00000,0.00000
25.251,1,25232.000,59172,96000,1999.250,120.0,4,13,2,0.01269,0.01269,0.01269,0.00000,0.00000
25.251,2,25232.000,59172,96000,1999.250,120.0,4,13,2,0.01269,0.01269,0.01269,0.00000,0.00000
25.352,0,25333.000,64016,96000,1999.333,120.0,4,13,2,0.01269,0.01269,0.01269,0.00000,0.00000
25.352,1,25333.000,64016,96000,1999.333,120.0,4,13,2,0.01269,0.01269,0.01269,0.00000,0.00000
25.352,2,25333.000,64016,96000,1999.333,120.0,4,13,2,0.01269,0.01269,0.01269,0.00000,0.00000
25.456,0,25437.000,69006,96000,1999.375,120.0,4,13,2,0.01265,0.01265,0.01265,0.00000,0.00000
25.456,1,25437.000,69006,96000,1999.375,120.0,4,13,2,0.01265,0.01265,0.01265,0.00000,0.00000
25.456,2,25437.000,69006,96000,1999.375,120.0,4,13,2,0.01265,0.01265,0.01265,0.00000,0.00000
25.560,0,25541.000,73990,96000,1999.542,120.0,4,13,2,0.01260,0.01260,0.01260,0.00000,0.00000
25.560,1,25541.000,73990,96000,1999.542,120.0,4,13,2,0.01260,0.01260,0.01260,0.00000,0.00000
25.560,2,25541.000,73990,96000,1999.542,120.0,4,13,2,0.01260,0.01260,0.01260,0.00000,0.00000
25.663,0,25645.000,78965,96000,1999.896,120.0,4,13,2,0.01265,0.01265,0.01265,0.00000,0.00000
25.663,1,25645.000,78965,96000,1999.896,120.0,4,13,2,0.01265,0.01265,0.01265,0.00000,0.00000
25.663,2,25645.000,78965,96000,1999.896,120.0,4,13,2,0.01265,0.01265,0.01265,0.00000,0.00000
25.764,0,25745.000,83786,96000,1999.458,120.0,4,13,2,0.01269,0.01269,0.01269,0.00000,0.00000
25.764,1,25745.000,83786,96000,1999.458,120.0,4,13,2,0.01269,0.01269,0.01269,0.00000,0.00000
25.764,2,25745.000,83786,96000,1999.458,120.0,4,13,2,0.01269,0.01269,0.01269,0.00000,0.00000
25.867,0,25848.000,88729,96000,1999.479,120.0,4,13,2,0.01269,0.01269,0.01269,0.00000,0.00000
25.867,1,25848.000,88729,96000,1999.479,120.0,4,13,2,0.01269,0.01269,0.01269,0.00000,0.00000
25.867,2,25848.000,88729,96000,1999.479,120.0,4,13,2,0.01269,0.01269,0.01269,0.00000,0.00000
25.968,0,25949.000,93596,96000,1999.083,120.0,4,13,2,0.01263,0.01263,0.01263,0.00000,0.00000
25.968,1,25949.000,93596,96000,1999.083,120.0,4,13,2,0.01263,0.01263,0.01263,0.00000,0.00000
25.968,2,25949.000,93596,96000,1999.083,120.0,4,13,2,0.01263,0.01263,0.01263,0.00000,0.00000
26.071,0,26052.000,2517,96000,1999.562,120.0,4,14,2,0.01269,0.01269,0.01269,0.00000,0.00000
26.071,1,26052.000,2517,96000,1999.562,120.0,4,14,2,0.01269,0.01269,0.01269,0.00000,0.00000
26.071,2,26052.000,2517,96000,1999.562,120.0,4,14,2,0.01269,0.01269,0.01269,0.00000,0.00000
26.171,0,26153.000,7349,96000,1999.896,120.0,4,14,2,0.01265,0.01265,0.01265,0.00000,0.00000
26.171,1,26153.000,7349,96000,1999.896,120.0,4,14,2,0.01265,0.01265,0.01265,0.00000,0.00000
26.171,2,26153.000,7349,96000,1999.896,120.0,4,14,2,0.01265,0.01265,0.01265,0.00000,0.00000
26.272,0,26254.000,12200,96000,1999.833,120.0,4,14,2,0.01266,0.01266,0.01266,0.00000,0.00000
26.272,1,26254.000,12200,96000,1999.833,120.0,4,14,2,0.01266,0.01266,0.01266,0.00000,0.00000
26.272,2,26254.000,12200,96000,1999.833,120.0,4,14,2,0.01266,0.01266,0.01266,0.00000,0.00000
26.373,0,26354.000,17024,96000,1999.333,120.0,4,14,2,0.01258,0.01258,0.01258,0.00000,0.00000
26.373,1,26354.000,17024,96000,1999.333,120.0,4,14,2,0.01258,0.01258,0.01258,0.00000,0.00000
26.373,2,26354.000,17024,96000,1999.333,120.0,4,14,2,0.01258,0.01258,0.01258,0.00000,0.00000
26.476,0,26457.000,21954,96000,1999.625,120.0,4,14,2,0.01259,0.01259,0.01259,0.00000,0.00000
26.476,1,26457.000,21954,96000,1999.625,120.0,4,14,2,0.01259,0.01259,0.01259,0.00000,0.00000
26.476,2,26457.000,21954,96000,1999.625,120.0,4,14,2,0.01259,0.01259,0.01259,0.00000,0.00000
26.576,0,26557.000,26773,96000,1999.229,120.0,4,14,2,0.01265,0.01265,0.01265,0.00000,0.00000
26.576,1,26557.000,26773,96000,1999.229,120.0,4,14,2,0.01265,0.01265,0.01265,0.00000,0.00000
26.576,2,26557.000,26773,96000,1999.229,120.0,4,14,2,0.01265,0.01265,0.01265,0.00000,0.00000
26.677,0,26658.000,31596,96000,1999.750,120.0,4,14,2,0.01269,0.01269,0.01269,0.00000,0.00000
26.677,1,26658.000,31596,96000,1999.750,120.0,4,14,2,0.01269,0.01269,0.01269,0.00000,0.00000
26.677,2,26658.000,31596,96000,1999.750,120.0,4,14,2,0.01269,0.01269,0.01269,0.00000,0.00000
26.777,0,26758.000,36429,96000,1999.062,120.0,4,14,2,0.01269,0.01269,0.01269,0.00000,0.00000
26.777,1,26758.000,36429,96000,1999.062,120.0,4,14,2,0.01269,0.01269,0.01269,0.00000,0.00000
26.777,2,26758.000,36429,96000,1999.062,120.0,4,14,2,0.01269,0.01269,0.01269,0.00000,0.00000
26.879,0,26860.000,41321,96000,1999.146,120.0,4,14,2,0.01265,0.01265,0.01265,0.00000,0.00000
26.879,1,26860.000,41321,96000,1999.146,120.0,4,14,2,0.01265,0.01265,0.01265,0.00000,0.00000
26.879,2,26860.000,41321,96000,1999.146,120.0,4,14,2,0.01265,0.01265,0.01265,0.00000,0.00000
26.980,0,26961.000,46140,96000,1999.750,120.0,4,14,2,0.01266,0.01266,0.01266,0.00000,0.00000
26.980,1,26961.000,46140,96000,1999.750,120.0,4,14,2,0.01266,0.01266,0.01266,0.00000,0.00000
26.980,2,26961.000,46140,96000,1999.750,120.0,4,14,2,0.01266,0.01266,0.01266,0.00000,0.00000
27.082,0,27064.000,51080,96000,1999.833,120.0,4,14,2,0.01263,0.01263,0.01263,0.00000,0.00000
27.082,1,27064.000,51080,96000,1999.833,120.0,4,14,2,0.01263,0.01263,0.01263,0.00000,0.00000
27.082,2,27064.000,51080,96000,1999.833,120.0,4,14,2,0.01263,0.01263,0.01263,0.00000,0.00000
27.183,0,27164.000,55898,96000,1999.458,120.0,4,14,2,0.01254,0.01254,0.01254,0.00000,0.00000
27.183,1,27164.000,55898,96000,1999.458,120.0,4,14,2,0.01254,0.01254,0.01254,0.00000,0.00000
27.183,2,27164.000,55898,96000,1999.458,120.0,4,14,2,0.01254,0.01254,0.01254,0.00000,0.00000
27.284,0,27265.000,60754,96000,1999.292,120.0,4,14,2,0.01269,0.01269,0.01269,0.00000,0.00000
27.284,1,27265.000,60754,96000,1999.292,120.0,4,14,2,0.01269,0.01269,0.01269,0.00000,0.00000
27.284,2,27265.000,60754,96000,1999.292,120.0,4,14,2,0.01269,0.01269,0.01269,0.00000,0.00000
27.388,0,27369.000,65753,96000,1999.146,120.0,4,14,2,0.01265,0.01265,0.01265,0.00000,0.00000
27.388,1,27369.000,65753,96000,1999.146,120.0,4,14,2,0.01265,0.01265,0.01265,0.00000,0.00000
27.388,2,27369.000,65753,96000,1999.146,120.0,4,14,2,0.01265,0.01265,0.01265,0.00000,0.00000
27.490,0,27471.000,70640,96000,1999.333,120.0,4,14,2,0.01266,0.01266,0.01266,0.00000,0.00000
27.490,1,27471.000,70640,96000,1999.333,120.0,4,14,2,0.01266,0.01266,0.01266,0.00000,0.00000
27.490,2,27471.000,70640,96000,1999.333,120.0,4,14,2,0.01266,0.01266,0.01266,0.00000,0.00000
27.590,0,27572.000,75463,96000,1999.854,120.0,4,14,2,0.01258,0.01258,0.01258,0.00000,0.00000
27.590,1,27572.000,75463,96000,1999.854,120.0,4,14,2,0.01258,0.01258,0.01258,0.00000,0.00000
27.590,2,27572.000,75463,96000,1999.854,120.0,4,14,2,0.01258,0.01258,0.01258,0.00000,0.00000
27.691,0,27672.000,80297,96000,1999.146,120.0,4,14,2,0.01260,0.01260,0.01260,0.00000,0.00000
27.691,1,27672.000,80297,96000,1999.146,120.0,4,14,2,0.01260,0.01260,0.01260,0.00000,0.00000
27.691,2,27672.000,80297,96000,1999.146,120.0,4,14,2,0.01260,0.01260,0.01260,0.00000,0.00000
27.792,0,27774.000,85160,96000,1999.833,120.0,4,14,2,0.01265,0.01265,0.01265,0.00000,0.00000
27.792,1,27774.000,85160,96000,1999.833,120.0,4,14,2,0.01265,0.01265,0.01265,0.00000,0.00000
27.792,2,27774.000,85160,96000,1999.833,120.0,4,14,2,0.01265,0.01265,0.01265,0.00000,0.00000
27.893,0,27874.000,89974,96000,1999.542,120.0,4,14,2,0.01269,0.01269,0.01269,0.00000,0.00000
27.893,1,27874.000,89974,96000,1999.542,120.0,4,14,2,0.01269,0.01269,0.01269,0.00000,0.00000
27.893,2,27874.000,89974,96000,1999.542,120.0,4,14,2,0.01269,0.01269,0.01269,0.00000,0.00000
27.996,0,27977.000,94921,96000,1999.479,120.0,4,14,2,0.01264,0.01264,0.01264,0.00000,0.00000
27.996,1,27977.000,94921,96000,1999.479,120.0,4,14,2,0.01264,0.01264,0.01264,0.00000,0.00000
27.996,2,27977.000,94921,96000,1999.479,120.0,4,14,2,0.01264,0.01264,0.01264,0.00000,0.00000
28.098,0,28079.000,3817,96000,1999.479,120.0,4,15,2,0.01269,0.01269,0.01269,0.00000,0.00000
28.098,1,28079.000,3817,96000,1999.479,120.0,4,15,2,0.01269,0.01269,0.01269,0.00000,0.00000
28.098,2,28079.000,3817,96000,1999.479,120.0,4,15,2,0.01269,0.01269,0.01269,0.00000,0.00000
28.198,0,28179.000,8624,96000,1999.333,120.0,4,15,2,0.01269,0.01269,0.01269,0.00000,0.00000
28.198,1,28179.000,8624,96000,1999.333,120.0,4,15,2,0.01269,0.01269,0.01269,0.00000,0.00000
28.198,2,28179.000,8624,96000,1999.333,120.0,4,15,2,0.01269,0.01269,0.01269,0.00000,0.00000
28.301,0,28282.000,13570,96000,1999.292,120.0,4,15,2,0.01265,0.01265,0.01265,0.00000,0.00000
28.301,1,28282.000,13570,96000,1999.292,120.0,4,15,2,0.01265,0.01265,0.01265,0.00000,0.00000
28.301,2,28282.000,13570,96000,1999.292,120.0,4,15,2,0.01265,0.01265,0.01265,0.00000,0.00000
28.402,0,28383.000,18410,96000,1999.458,120.0,4,15,2,0.01266,0.01266,0.01266,0.00000,0.00000
28.402,1,28383.000,18410,96000,1999.458,120.0,4,15,2,0.01266,0.01266,0.01266,0.00000,0.00000
28.402,2,28383.000,18410,96000,1999.458,120.0,4,15,2,0.01266,0.01266,0.01266,0.00000,0.00000
28.505,0,28486.000,23374,96000,1999.042,120.0,4,15,2,0.01260,0.01260,0.01260,0.00000,0.00000
28.505,1,28486.000,23374,96000,1999.042,120.0,4,15,2,0.01260,0.01260,0.01260,0.00000,0.00000
28.505,2,28486.000,23374,96000,1999.042,120.0,4,15,2,0.01260,0.01260,0.01260,0.00000,0.00000
28.609,0,28590.000,28348,96000,1999.417,120.0,4,15,2,0.01268,0.01268,0.01268,0.00000,0.00000
28.609,1,28590.000,28348,96000,1999.417,120.0,4,15,2,0.01268,0.01268,0.01268,0.00000,0.00000
28.609,2,28590.000,28348,96000,1999.417,120.0,4,15,2,0.01268,0.01268,0.01268,0.00000,0.00000
28.709,0,28690.000,33165,96000,1999.062,120.0,4,15,2,0.01269,0.01269,0.01269,0.00000,0.00000
28.709,1,28690.000,33165,96000,1999.062,120.0,4,15,2,0.01269,0.01269,0.01269,0.00000,0.00000
28.709,2,28690.000,33165,96000,1999.062,120.0,4,15,2,0.01269,0.01269,0.01269,0.00000,0.00000
28.810,0,28792.000,38024,96000,1999.833,120.0,4,15,2,0.01264,0.01264,0.01264,0.00000,0.00000
28.810,1,28792.000,38024,96000,1999.833,120.0,4,15,2,0.01264,0.01264,0.01264,0.00000,0.00000
28.810,2,28792.000,38024,96000,1999.833,120.0,4,15,2,0.01264,0.01264,0.01264,0.00000,0.00000
28.914,0,28895.000,43007,96000,1999.021,120.0,4,15,2,0.01266,0.01266,0.01266,0.00000,0.00000
28.914,1,28895.000,43007,96000,1999.021,120.0,4,15,2,0.01266,0.01266,0.01266,0.00000,0.00000
28.914,2,28895.000,43007,96000,1999.021,120.0,4,15,2,0.01266,0.01266,0.01266,0.00000,0.00000
29.016,0,28997.000,47898,96000,1999.125,120.0,4,15,2,0.01260,0.01260,0.01260,0.00000,0.00000
29.016,1,28997.000,47898,96000,1999.125,120.0,4,15,2,0.01260,0.01260,0.01260,0.00000,0.00000
29.016,2,28997.000,47898,96000,1999.125,120.0,4,15,2,0.01260,0.01260,0.01260,0.00000,0.00000
29.118,0,29099.000,52777,96000,1999.479,120.0,4,15,2,0.01254,0.01254,0.01254,0.00000,0.00000
29.118,1,29099.000,52777,96000,1999.479,120.0,4,15,2,0.01254,0.01254,0.01254,0.00000,0.00000
29.118,2,29099.000,52777,96000,1999.479,120.0,4,15,2,0.01254,0.01254,0.01254,0.00000,0.00000
29.221,0,29203.000,57746,96000,1999.958,120.0,4,15,2,0.01269,0.01269,0.01269,0.00000,0.00000
29.221,1,29203.000,57746,96000,1999.958,120.0,4,15,2,0.01269,0.01269,0.01269,0.00000,0.00000
29.221,2,29203.000,57746,96000,1999.958,120.0,4,15,2,0.01269,0.01269,0.01269,0.00000,0.00000
29.322,0,29304.000,62592,96000,0.000,120.0,4,15,2,0.01264,0.01264,0.01264,0.00000,0.00000
29.322,1,29304.000,62592,96000,0.000,120.0,4,15,2,0.01264,0.01264,0.01264,0.00000,0.00000
29.322,2,29304.000,62592,96000,0.000,120.0,4,15,2,0.01264,0.01264,0.01264,0.00000,0.00000
29.423,0,29405.000,67448,96000,1999.833,120.0,4,15,2,0.01266,0.01266,0.01266,0.00000,0.00000
29.423,1,29405.000,67448,96000,1999.833,120.0,4,15,2,0.01266,0.01266,0.01266,0.00000,0.00000
29.423,2,29405.000,67448,96000,1999.833,120.0,4,15,2,0.01266,0.01266,0.01266,0.00000,0.00000
29.526,0,29507.000,72366,96000,1999.375,120.0,4,15,2,0.01258,0.01258,0.01258,0.00000,0.00000
29.526,1,29507.000,72366,96000,1999.375,120.0,4,15,2,0.01258,0.01258,0.01258,0.00000,0.00000
29.526,2,29507.000,72366,96000,1999.375,120.0,4,15,2,0.01258,0.01258,0.01258,0.00000,0.00000
29.627,0,29609.000,77239,96000,1999.854,120.0,4,15,2,0.01259,0.01259,0.01259,0.00000,0.00000
29.627,1,29609.000,77239,96000,1999.854,120.0,4,15,2,0.01259,0.01259,0.01259,0.00000,0.00000
29.627,2,29609.000,77239,96000,1999.854,120.0,4,15,2,0.01259,0.01259,0.01259,0.00000,0.00000
29.730,0,29711.000,82140,96000,1999.750,120.0,4,15,2,0.01269,0.01269,0.01269,0.00000,0.00000
29.730,1,29711.000,82140,96000,1999.750,120.0,4,15,2,0.01269,0.01269,0.01269,0.00000,0.00000
29.730,2,29711.000,82140,96000,1999.750,120.0,4,15,2,0.01269,0.01269,0.01269,0.00000,0.00000
29.830,0,29811.000,86943,96000,1999.688,120.0,4,15,2,0.01265,0.01265,0.01265,0.00000,0.00000
29.830,1,29811.000,86943,96000,1999.688,120.0,4,15,2,0.01265,0.01265,0.01265,0.00000,0.00000
29.830,2,29811.000,86943,96000,1999.688,120.0,4,15,2,0.01265,0.01265,0.01265,0.00000,0.00000
29.930,0,29911.000,91749,96000,1999.562,120.0,4,15,2,0.01269,0.01269,0.01269,0.00000,0.00000
29.930,1,29911.000,91749,96000,1999.562,120.0,4,15,2,0.01269,0.01269,0.01269,0.00000,0.00000
29.930,2,29911.000,91749,96000,1999.562,120.0,4,15,2,0.01269,0.01269,0.01269,0.00000,0.00000
30.050,0,30031.000,1500,96000,1999.750,120.0,4,16,2,0.12586,0.12573,0.12586,0.00000,0.00000
30.050,1,30031.000,1500,96000,1999.750,120.0,4,16,2,0.12573,0.12573,0.01099,0.00000,0.00000
30.050,2,30031.000,1500,96000,1999.750,120.0,4,16,2,0.12586,0.12558,0.12586,0.00000,0.00000
30.150,0,30131.000,6308,96000,1999.583,120.0,4,16,2,0.08298,0.08289,0.08298,0.00000,0.00000
30.150,1,30131.000,6308,96000,1999.583,120.0,4,16,2,0.08289,0.08289,0.00725,0.00000,0.00000
30.150,2,30131.000,6308,96000,1999.583,120.0,4,16,2,0.08298,0.08280,0.08298,0.00000,0.00000
30.252,0,30233.000,11227,96000,1999.104,120.0,4,16,2,0.05419,0.05413,0.05419,0.00000,0.00000
30.252,1,30233.000,11227,96000,1999.104,120.0,4,16,2,0.05413,0.05413,0.00473,0.00000,0.00000
30.252,2,30233.000,11227,96000,1999.104,120.0,4,16,2,0.05419,0.05407,0.05419,0.00000,0.00000
30.352,0,30334.000,16036,96000,1999.917,120.0,4,16,2,0.03572,0.03568,0.03572,0.00000,0.00000
30.352,1,30334.000,16036,96000,1999.917,120.0,4,16,2,0.03568,0.03568,0.00312,0.00000,0.00000
30.352,2,30334.000,16036,96000,1999.917,120.0,4,16,2,0.03572,0.03564,0.03572,0.00000,0.00000
30.455,0,30436.000,20955,96000,1999.438,120.0,4,16,2,0.02333,0.02330,0.02333,0.00000,0.00000
30.455,1,30436.000,20955,96000,1999.438,120.0,4,16,2,0.02330,0.02330,0.00204,0.00000,0.00000
30.455,2,30436.000,20955,96000,1999.438,120.0,4,16,2,0.02333,0.02327,0.02333,0.00000,0.00000
30.556,0,30537.000,25788,96000,1999.750,120.0,4,16,2,0.01535,0.01533,0.01535,0.00000,0.00000
30.556,1,30537.000,25788,96000,1999.750,120.0,4,16,2,0.01533,0.01533,0.00134,0.00000,0.00000
30.556,2,30537.000,25788,96000,1999.750,120.0,4,16,2,0.01535,0.01531,0.01535,0.00000,0.00000
30.658,0,30639.000,30704,96000,1999.333,120.0,4,16,2,0.01266,0.01266,0.01266,0.00000,0.00000
30.658,1,30639.000,30704,96000,1999.333,120.0,4,16,2,0.01266,0.01266,0.00088,0.00000,0.00000
30.658,2,30639.000,30704,96000,1999.333,120.0,4,16,2,0.01266,0.01266,0.01266,0.00000,0.00000
30.760,0,30741.000,35609,96000,1999.146,120.0,4,16,2,0.01260,0.01260,0.01260,0.00000,0.00000
30.760,1,30741.000,35609,96000,1999.146,120.0,4,16,2,0.01260,0.01260,0.00057,0.00000,0.00000
30.760,2,30741.000,35609,96000,1999.146,120.0,4,16,2,0.01260,0.01260,0.01260,0.00000,0.00000
30.860,0,30841.000,40415,96000,1999.021,120.0,4,16,2,0.01259,0.01259,0.01259,0.00000,0.00000
30.860,1,30841.000,40415,96000,1999.021,120.0,4,16,2,0.01259,0.01259,0.00038,0.00000,0.00000
30.860,2,30841.000,40415,96000,1999.021,120.0,4,16,2,0.01259,0.01259,0.01259,0.00000,0.00000
30.960,0,30942.000,45224,96000,1999.833,120.0,4,16,2,0.01265,0.01265,0.01265,0.00000,0.00000
30.960,1,30942.000,45224,96000,1999.833,120.0,4,16,2,0.01265,0.01265,0.00025,0.00000,0.00000
30.960,2,30942.000,45224,96000,1999.833,120.0,4,16,2,0.01265,0.01265,0.01265,0.00000,0.00000
31.064,0,31045.000,50204,96000,1999.083,120.0,4,16,2,0.01265,0.01265,0.01265,0.00000,0.00000
31.064,1,31045.000,50204,96000,1999.083,120.0,4,16,2,0.01265,0.01265,0.00016,0.00000,0.00000
31.064,2,31045.000,50204,96000,1999.083,120.0,4,16,2,0.01265,0.01265,0.01265,0.00000,0.00000
31.165,0,31146.000,55045,96000,1999.229,120.0,4,16,2,0.01264,0.01264,0.01264,0.00000,0.00000
31.165,1,31146.000,55045,96000,1999.229,120.0,4,16,2,0.01264,0.01264,0.00011,0.00000,0.00000
31.165,2,31146.000,55045,96000,1999.229,120.0,4,16,2,0.01264,0.01264,0.01264,0.00000,0.00000
31.266,0,31247.000,59870,96000,1999.708,120.0,4,16,2,0.01263,0.01263,0.01263,0.00000,0.00000
31.266,1,31247.000,59870,96000,1999.708,120.0,4,16,2,0.01263,0.01263,0.00007,0.00000,0.00000
31.266,2,31247.000,59870,96000,1999.708,120.0,4,16,2,0.01263,0.01263,0.01263,0.00000,0.00000
31.370,0,31351.000,64873,96000,1999.479,120.0,4,16,2,0.01260,0.01260,0.01260,0.00000,0.00000
31.370,1,31351.000,64873,96000,1999.479,120.0,4,16,2,0.01260,0.01260,0.00005,0.00000,0.00000
31.370,2,31351.000,64873,96000,1999.479,120.0,4,16,2,0.01260,0.01260,0.01260,0.00000,0.00000
31.473,0,31455.000,69846,96000,1999.875,120.0,4,16,2,0.01269,0.01269,0.01269,0.00000,0.00000
31.473,1,31455.000,69846,96000,1999.875,120.0,4,16,2,0.01269,0.01269,0.00003,0.00000,0.00000
31.473,2,31455.000,69846,96000,1999.875,120.0,4,16,2,0.01269,0.01269,0.01269,0.00000,0.00000
31.576,0,31557.000,74781,96000,1999.062,120.0,4,16,2,0.01265,0.01265,0.01265,0.00000,0.00000
31.576,1,31557.000,74781,96000,1999.062,120.0,4,16,2,0.01265,0.01265,0.00002,0.00000,0.00000
31.576,2,31557.000,74781,96000,1999.062,120.0,4,16,2,0.01265,0.01265,0.01265,0.00000,0.00000
31.679,0,31660.000,79696,96000,1999.667,120.0,4,16,2,0.01261,0.01261,0.01261,0.00000,0.00000
31.679,1,31660.000,79696,96000,1999.667,120.0,4,16,2,0.01261,0.01261,0.00001,0.00000,0.00000
31.679,2,31660.000,79696,96000,1999.667,120.0,4,16,2,0.01261,0.01261,0.01261,0.00000,0.00000
31.779,0,31760.000,84501,96000,1999.562,120.0,4,16,2,0.01259,0.01259,0.01259,0.00000,0.00000
31.779,1,31760.000,84501,96000,1999.562,120.0,4,16,2,0.01259,0.01259,0.00001,0.00000,0.00000
31.779,2,31760.000,84501,96000,1999.562,120.0,4,16,2,0.01259,0.01259,0.01259,0.00000,0.00000
31.880,0,31862.000,89376,96000,0.000,120.0,4,16,2,0.01260,0.01260,0.01260,0.00000,0.00000
31.880,1,31862.000,89376,96000,0.000,120.0,4,16,2,0.01260,0.01260,0.00001,0.00000,0.00000
31.880,2,31862.000,89376,96000,0.000,120.0,4,16,2,0.01260,0.01260,0.01260,0.00000,0.00000
31.984,0,31965.000,94347,96000,1999.438,120.0,4,16,2,0.01265,0.01265,0.01265,0.00000,0.00000
31.984,1,31965.000,94347,96000,1999.438,120.0,4,16,2,0.01265,0.01265,0.00000,0.00000,0.00000
31.984,2,31965.000,94347,96000,1999.438,120.0,4,16,2,0.01265,0.01265,0.01265,0.00000,0.00000
32.084,0,32065.000,3154,96000,1999.292,120.0,4,17,2,0.01266,0.01266,0.01266,0.00000,0.00000
32.084,1,32065.000,3154,96000,1999.292,120.0,4,17,2,0.01266,0.01266,0.01266,0.00000,0.00000
32.084,2,32065.000,3154,96000,1999.292,120.0,4,17,2,0.01266,0.01266,0.01266,0.00000,0.00000
32.189,0,32170.000,8175,96000,1999.688,120.0,4,17,2,0.01264,0.01264,0.01264,0.00000,0.00000
32.189,1,32170.000,8175,96000,1999.688,120.0,4,17,2,0.01264,0.01264,0.01264,0.00000,0.00000
32.189,2,32170.000,8175,96000,1999.688,120.0,4,17,2,0.01264,0.01264,0.01264,0.00000,0.00000
32.291,0,32272.000,13091,96000,1999.271,120.0,4,17,2,0.01269,0.01269,0.01269,0.00000,0.00000
32.291,1,32272.000,13091,96000,1999.271,120.0,4,17,2,0.01269,0.01269,0.01269,0.00000,0.00000
32.291,2,32272.000,13091,96000,1999.271,120.0,4,17,2,0.01269,0.01269,0.01269,0.00000,0.00000
32.393,0,32374.000,17989,96000,1999.229,120.0,4,17,2,0.01269,0.01269,0.01269,0.00000,0.00000
32.393,1,32374.000,17989,96000,1999.229,120.0,4,17,2,0.01269,0.01269,0.01269,0.00000,0.00000
32.393,2,32374.000,17989,96000,1999.229,120.0,4,17,2,0.01269,0.01269,0.01269,0.00000,0.00000
32.496,0,32477.000,22913,96000,1999.646,120.0,4,17,2,0.01263,0.01263,0.01263,0.00000,0.00000
32.496,1,32477.000,22913,96000,1999.646,120.0,4,17,2,0.01263,0.01263,0.01263,0.00000,0.00000
32.496,2,32477.000,22913,96000,1999.646,120.0,4,17,2,0.01263,0.01263,0.01263,0.00000,0.00000
32.597,0,32578.000,27790,96000,1999.042,120.0,4,17,2,0.01266,0.01266,0.01266,0.00000,0.00000
32.597,1,32578.000,27790,96000,1999.042,120.0,4,17,2,0.01266,0.01266,0.01266,0.00000,0.00000
32.597,2,32578.000,27790,96000,1999.042,120.0,4,17,2,0.01266,0.01266,0.01266,0.00000,0.00000
32.702,0,32683.000,32812,96000,1999.417,120.0,4,17,2,0.01264,0.01264,0.01264,0.00000,0.00000
32.702,1,32683.000,32812,96000,1999.417,120.0,4,17,2,0.01264,0.01264,0.01264,0.00000,0.00000
32.702,2,32683.000,32812,96000,1999.417,120.0,4,17,2,0.01264,0.01264,0.01264,0.00000,0.00000
32.806,0,32787.000,37810,96000,1999.292,120.0,4,17,2,0.01265,0.01265,0.01265,0.00000,0.00000
32.806,1,32787.000,37810,96000,1999.292,120.0,4,17,2,0.01265,0.01265,0.01265,0.00000,0.00000
32.806,2,32787.000,37810,96000,1999.292,120.0,4,17,2,0.01265,0.01265,0.01265,0.00000,0.00000
32.906,0,32887.000,42620,96000,1999.083,120.0,4,17,2,0.01269,0.01269,0.01269,0.00000,0.00000
32.906,1,32887.000,42620,96000,1999.083,120.0,4,17,2,0.01269,0.01269,0.01269,0.00000,0.00000
32.906,2,32887.000,42620,96000,1999.083,120.0,4,17,2,0.01269,0.01269,0.01269,0.00000,0.00000
33.010,0,32991.000,47611,96000,1999.104,120.0,4,17,2,0.01259,0.01259,0.01259,0.00000,0.00000
33.010,1,32991.000,47611,96000,1999.104,120.0,4,17,2,0.01259,0.01259,0.01259,0.00000,0.00000
33.010,2,32991.000,47611,96000,1999.104,120.0,4,17,2,0.01259,0.01259,0.01259,0.00000,0.00000
33.113,0,33094.000,52526,96000,1999.708,120.0,4,17,2,0.01260,0.01260,0.01260,0.00000,0.00000
33.113,1,33094.000,52526,96000,1999.708,120.0,4,17,2,0.01260,0.01260,0.01260,0.00000,0.00000
33.113,2,33094.000,52526,96000,1999.708,120.0,4,17,2,0.01260,0.01260,0.01260,0.00000,0.00000
33.216,0,33197.000,57493,96000,1999.229,120.0,4,17,2,0.01265,0.01265,0.01265,0.00000,0.00000
33.216,1,33197.000,57493,96000,1999.229,120.0,4,17,2,0.01265,0.01265,0.01265,0.00000,0.00000
33.216,2,33197.000,57493,96000,1999.229,120.0,4,17,2,0.01265,0.01265,0.01265,0.00000,0.00000
33.318,0,33299.000,62382,96000,1999.375,120.0,4,17,2,0.01265,0.01265,0.01265,0.00000,0.00000
33.318,1,33299.000,62382,96000,1999.375,120.0,4,17,2,0.01265,0.01265,0.01265,0.00000,0.00000
33.318,2,33299.000,62382,96000,1999.375,120.0,4,17,2,0.01265,0.01265,0.01265,0.00000,0.00000
33.419,0,33400.000,67221,96000,1999.562,120.0,4,17,2,0.01269,0.01269,0.01269,0.00000,0.00000
33.419,1,33400.000,67221,96000,1999.562,120.0,4,17,2,0.01269,0.01269,0.01269,0.00000,0.00000
33.419,2,33400.000,67221,96000,1999.562,120.0,4,17,2,0.01269,0.01269,0.01269,0.00000,0.00000
33.522,0,33503.000,72189,96000,1999.062,120.0,4,17,2,0.01259,0.01259,0.01259,0.00000,0.00000
33.522,1,33503.000,72189,96000,1999.062,120.0,4,17,2,0.01259,0.01259,0.01259,0.00000,0.00000
33.522,2,33503.000,72189,96000,1999.062,120.0,4,17,2,0.01259,0.01259,0.01259,0.00000,0.00000
33.623,0,33604.000,77010,96000,1999.625,120.0,4,17,2,0.01261,0.01261,0.01261,0.00000,0.00000
33.623,1,33604.000,77010,96000,1999.625,120.0,4,17,2,0.01261,0.01261,0.01261,0.00000,0.00000
33.623,2,33604.000,77010,96000,1999.625,120.0,4,17,2,0.01261,0.01261,0.01261,0.00000,0.00000
33.725,0,33706.000,81905,96000,1999.646,120.0,4,17,2,0.01264,0.01264,0.01264,0.00000,0.00000
33.725,1,33706.000,81905,96000,1999.646,120.0,4,17,2,0.01264,0.01264,0.01264,0.00000,0.00000
33.725,2,33706.000,81905,96000,1999.646,120.0,4,17,2,0.01264,0.01264,0.01264,0.00000,0.00000
33.825,0,33806.000,86712,96000,1999.500,120.0,4,17,2,0.01268,0.01268,0.01268,0.00000,0.00000
33.825,1,33806.000,86712,96000,1999.500,120.0,4,17,2,0.01268,0.01268,0.01268,0.00000,0.00000
33.825,2,33806.000,86712,96000,1999.500,120.0,4,17,2,0.01268,0.01268,0.01268,0.00000,0.00000
33.925,0,33906.000,91534,96000,1999.042,120.0,4,17,2,0.01269,0.01269,0.01269,0.00000,0.00000
33.925,1,33906.000,91534,96000,1999.042,120.0,4,17,2,0.01269,0.01269,0.01269,0.00000,0.00000
33.925,2,33906.000,91534,96000,1999.042,120.0,4,17,2,0.01269,0.01269,0.01269,0.00000,0.00000
34.028,0,34010.000,482,96000,1999.958,120.0,4,18,2,0.01273,0.01273,0.01273,0.00000,0.00000
34.028,1,34010.000,482,96000,1999.958,120.0,4,18,2,0.01273,0.01273,0.01273,0.00000,0.00000
34.028,2,34010.000,482,96000,1999.958,120.0,4,18,2,0.01273,0.01273,0.01273,0.00000,0.00000
34.131,0,34112.000,5411,96000,1999.271,120.0,4,18,2,0.01269,0.01269,0.01269,0.00000,0.00000
34.131,1,34112.000,5411,96000,1999.271,120.0,4,18,2,0.01269,0.01269,0.01269,0.00000,0.00000
34.131,2,34112.000,5411,96000,1999.271,120.0,4,18,2,0.01269,0.01269,0.01269,0.00000,0.00000
34.231,0,34213.000,10230,96000,1999.875,120.0,4,18,2,0.01265,0.01265,0.01265,0.00000,0.00000
34.231,1,34213.000,10230,96000,1999.875,120.0,4,18,2,0.01265,0.01265,0.01265,0.00000,0.00000
34.231,2,34213.000,10230,96000,1999.875,120.0,4,18,2,0.01265,0.01265,0.01265,0.00000,0.00000
34.336,0,34317.000,15228,96000,1999.750,120.0,4,18,2,0.01266,0.01266,0.01266,0.00000,0.00000
34.336,1,34317.000,15228,96000,1999.750,120.0,4,18,2,0.01266,0.01266,0.01266,0.00000,0.00000
34.336,2,34317.000,15228,96000,1999.750,120.0,4,18,2,0.01266,0.01266,0.01266,0.00000,0.00000
34.438,0,34419.000,20127,96000,1999.688,120.0,4,18,2,0.01258,0.01258,0.01258,0.00000,0.00000
34.438,1,34419.000,20127,96000,1999.688,120.0,4,18,2,0.01258,0.01258,0.01258,0.00000,0.00000
34.438,2,34419.000,20127,96000,1999.688,120.0,4,18,2,0.01258,0.01258,0.01258,0.00000,0.00000
34.538,0,34520.000,24961,96000,1999.979,120.0,4,18,2,0.01260,0.01260,0.01260,0.00000,0.00000
34.538,1,34520.000,24961,96000,1999.979,120.0,4,18,2,0.01260,0.01260,0.01260,0.00000,0.00000
34.538,2,34520.000,24961,96000,1999.979,120.0,4,18,2,0.01260,0.01260,0.01260,0.00000,0.00000
34.641,0,34622.000,29884,96000,1999.417,120.0,4,18,2,0.01265,0.01265,0.01265,0.00000,0.00000
34.641,1,34622.000,29884,96000,1999.417,120.0,4,18,2,0.01265,0.01265,0.01265,0.00000,0.00000
34.641,2,34622.000,29884,96000,1999.417,120.0,4,18,2,0.01265,0.01265,0.01265,0.00000,0.00000
34.742,0,34724.000,34753,96000,1999.979,120.0,4,18,2,0.01265,0.01265,0.01265,0.00000,0.00000
34.742,1,34724.000,34753,96000,1999.979,120.0,4,18,2,0.01265,0.01265,0.01265,0.00000,0.00000
34.742,2,34724.000,34753,96000,1999.979,120.0,4,18,2,0.01265,0.01265,0.01265,0.00000,0.00000
34.844,0,34825.000,39613,96000,1999.729,120.0,4,18,2,0.01269,0.01269,0.01269,0.00000,0.00000
34.844,1,34825.000,39613,96000,1999.729,120.0,4,18,2,0.01269,0.01269,0.01269,0.00000,0.00000
34.844,2,34825.000,39613,96000,1999.729,120.0,4,18,2,0.01269,0.01269,0.01269,0.00000,0.00000
34.946,0,34927.000,44539,96000,1999.104,120.0,4,18,2,0.01259,0.01259,0.01259,0.00000,0.00000
34.946,1,34927.000,44539,96000,1999.104,120.0,4,18,2,0.01259,0.01259,0.01259,0.00000,0.00000
34.946,2,34927.000,44539,96000,1999.104,120.0,4,18,2,0.01259,0.01259,0.01259,0.00000,0.00000
35.050,0,35031.000,49526,96000,1999.208,120.0,4,18,2,0.01260,0.01260,0.01260,0.00000,0.00000
35.050,1,35031.000,49526,96000,1999.208,120.0,4,18,2,0.01260,0.01260,0.01260,0.00000,0.00000
35.050,2,35031.000,49526,96000,1999.208,120.0,4,18,2,0.01260,0.01260,0.01260,0.00000,0.00000
35.152,0,35133.000,54399,96000,1999.688,120.0,4,18,2,0.01265,0.01265,0.01265,0.00000,0.00000
35.152,1,35133.000,54399,96000,1999.688,120.0,4,18,2,0.01265,0.01265,0.01265,0.00000,0.00000
35.152,2,35133.000,54399,96000,1999.688,120.0,4,18,2,0.01265,0.01265,0.01265,0.00000,0.00000
35.252,0,35233.000,59204,96000,1999.583,120.0,4,18,2,0.01269,0.01269,0.01269,0.00000,0.00000
35.252,1,35233.000,59204,96000,1999.583,120.0,4,18,2,0.01269,0.01269,0.01269,0.00000,0.00000
35.252,2,35233.000,59204,96000,1999.583,120.0,4,18,2,0.01269,0.01269,0.01269,0.00000,0.00000
35.353,0,35334.000,64077,96000,1999.062,120.0,4,18,2,0.01269,0.01269,0.01269,0.00000,0.00000
35.353,1,35334.000,64077,96000,1999.062,120.0,4,18,2,0.01269,0.01269,0.01269,0.00000,0.00000
35.353,2,35334.000,64077,96000,1999.062,120.0,4,18,2,0.01269,0.01269,0.01269,0.00000,0.00000
35.456,0,35437.000,69014,96000,1999.208,120.0,4,18,2,0.01263,0.01263,0.01263,0.00000,0.00000
35.456,1,35437.000,69014,96000,1999.208,120.0,4,18,2,0.01263,0.01263,0.01263,0.00000,0.00000
35.456,2,35437.000,69014,96000,1999.208,120.0,4,18,2,0.01263,0.01263,0.01263,0.00000,0.00000
35.557,0,35538.000,73870,96000,1999.042,120.0,4,18,2,0.01266,0.01266,0.01266,0.00000,0.00000
35.557,1,35538.000,73870,96000,1999.042,120.0,4,18,2,0.01266,0.01266,0.01266,0.00000,0.00000
35.557,2,35538.000,73870,96000,1999.042,120.0,4,18,2,0.01266,0.01266,0.01266,0.00000,0.00000
35.661,0,35642.000,78848,96000,1999.333,120.0,4,18,2,0.01264,0.01264,0.01264,0.00000,0.00000
35.661,1,35642.000,78848,96000,1999.333,120.0,4,18,2,0.01264,0.01264,0.01264,0.00000,0.00000
35.661,2,35642.000,78848,96000,1999.333,120.0,4,18,2,0.01264,0.01264,0.01264,0.00000,0.00000
35.764,0,35745.000,83781,96000,1999.562,120.0,4,18,2,0.01269,0.01269,0.01269,0.00000,0.00000
35.764,1,35745.000,83781,96000,1999.562,120.0,4,18,2,0.01269,0.01269,0.01269,0.00000,0.00000
35.764,2,35745.000,83781,96000,1999.562,120.0,4,18,2,0.01269,0.01269,0.01269,0.00000,0.00000
35.867,0,35849.000,88758,96000,1999.875,120.0,4,18,2,0.01269,0.01269,0.01269,0.00000,0.00000
35.867,1,35849.000,88758,96000,1999.875,120.0,4,18,2,0.01269,0.01269,0.01269,0.00000,0.00000
35.867,2,35849.000,88758,96000,1999.875,120.0,4,18,2,0.01269,0.01269,0.01269,0.00000,0.00000
35.967,0,35949.000,93561,96000,1999.812,120.0,4,18,2,0.01263,0.01263,0.01263,0.00000,0.00000
35.967,1,35949.000,93561,96000,1999.812,120.0,4,18,2,0.01263,0.01263,0.01263,0.00000,0.00000
35.967,2,35949.000,93561,96000,1999.812,120.0,4,18,2,0.01263,0.01263,0.01263,0.00000,0.00000
36.070,0,36051.000,2464,96000,1999.667,120.0,4,19,2,0.01269,0.01269,0.01269,0.00000,0.00000
36.070,1,36051.000,2464,96000,1999.667,120.0,4,19,2,0.01269,0.01269,0.01269,0.00000,0.00000
36.070,2,36051.000,2464,96000,1999.667,120.0,4,19,2,0.01269,0.01269,0.01269,0.00000,0.00000
36.172,0,36153.000,7386,96000,1999.125,120.0,4,19,2,0.01265,0.01265,0.01265,0.00000,0.00000
36.172,1,36153.000,7386,96000,1999.125,120.0,4,19,2,0.01265,0.01265,0.01265,0.00000,0.00000
36.172,2,36153.000,7386,96000,1999.125,120.0,4,19,2,0.01265,0.01265,0.01265,0.00000,0.00000
36.273,0,36254.000,12238,96000,1999.042,120.0,4,19,2,0.01266,0.01266,0.01266,0.00000,0.00000
36.273,1,36254.000,12238,96000,1999.042,120.0,4,19,2,0.01266,0.01266,0.01266,0.00000,0.00000
36.273,2,36254.000,12238,96000,1999.042,120.0,4,19,2,0.01266,0.01266,0.01266,0.00000,0.00000
36.377,0,36358.000,17209,96000,1999.479,120.0,4,19,2,0.01260,0.01260,0.01260,0.00000,0.00000
36.377,1,36358.000,17209,96000,1999.479,120.0,4,19,2,0.01260,0.01260,0.01260,0.00000,0.00000
36.377,2,36358.000,17209,96000,1999.479,120.0,4,19,2,0.01260,0.01260,0.01260,0.00000,0.00000
36.478,0,36459.000,22074,96000,1999.125,120.0,4,19,2,0.01254,0.01254,0.01254,0.00000,0.00000
36.478,1,36459.000,22074,96000,1999.125,120.0,4,19,2,0.01254,0.01254,0.01254,0.00000,0.00000
36.478,2,36459.000,22074,96000,1999.125,120.0,4,19,2,0.01254,0.01254,0.01254,0.00000,0.00000
36.580,0,36561.000,26942,96000,1999.708,120.0,4,19,2,0.10772,0.10744,0.10772,0.00000,0.00000
36.580,1,36561.000,26942,96000,1999.708,120.0,4,19,2,0.10762,0.10744,0.10762,0.00000,0.00000
36.580,2,36561.000,26942,96000,1999.708,120.0,4,19,2,0.10772,0.10762,0.10772,0.00000,0.00000
36.684,0,36665.000,31953,96000,1999.312,120.0,4,19,2,0.06978,0.06960,0.06978,0.00000,0.00000
36.684,1,36665.000,31953,96000,1999.312,120.0,4,19,2,0.06972,0.06960,0.06972,0.00000,0.00000
36.684,2,36665.000,31953,96000,1999.312,120.0,4,19,2,0.06978,0.06972,0.06978,0.00000,0.00000
36.786,0,36768.000,36869,96000,1999.896,120.0,4,19,2,0.04558,0.04546,0.04558,0.00000,0.00000
36.786,1,36768.000,36869,96000,1999.896,120.0,4,19,2,0.04554,0.04546,0.04554,0.00000,0.00000
36.786,2,36768.000,36869,96000,1999.896,120.0,4,19,2,0.04558,0.04554,0.04558,0.00000,0.00000
36.887,0,36868.000,41708,96000,1999.083,120.0,4,19,2,0.02997,0.02989,0.02997,0.00000,0.00000
36.887,1,36868.000,41708,96000,1999.083,120.0,4,19,2,0.02994,0.02989,0.02994,0.00000,0.00000
36.887,2,36868.000,41708,96000,1999.083,120.0,4,19,2,0.02997,0.02994,0.02997,0.00000,0.00000
36.991,0,36972.000,46703,96000,1999.021,120.0,4,19,2,0.01944,0.01939,0.01944,0.00000,0.00000
36.991,1,36972.000,46703,96000,1999.021,120.0,4,19,2,0.01942,0.01939,0.01942,0.00000,0.00000
36.991,2,36972.000,46703,96000,1999.021,120.0,4,19,2,0.01944,0.01942,0.01944,0.00000,0.00000
37.094,0,37075.000,51630,96000,1999.375,120.0,4,19,2,0.01269,0.01269,0.01269,0.00000,0.00000
37.094,1,37075.000,51630,96000,1999.375,120.0,4,19,2,0.01269,0.01269,0.01269,0.00000,0.00000
37.094,2,37075.000,51630,96000,1999.375,120.0,4,19,2,0.01269,0.01269,0.01269,0.00000,0.00000
37.198,0,37179.000,56601,96000,1999.812,120.0,4,19,2,0.01265,0.01265,0.01265,0.00000,0.00000
37.198,1,37179.000,56601,96000,1999.812,120.0,4,19,2,0.01265,0.01265,0.01265,0.00000,0.00000
37.198,2,37179.000,56601,96000,1999.812,120.0,4,19,2,0.01265,0.01265,0.01265,0.00000,0.00000
37.302,0,37283.000,61601,96000,1999.646,120.0,4,19,2,0.01266,0.01266,0.01266,0.00000,0.00000
37.302,1,37283.000,61601,96000,1999.646,120.0,4,19,2,0.01266,0.01266,0.01266,0.00000,0.00000
37.302,2,37283.000,61601,96000,1999.646,120.0,4,19,2,0.01266,0.01266,0.01266,0.00000,0.00000
37.404,0,37385.000,66499,96000,1999.604,120.0,4,19,2,0.01264,0.01264,0.01264,0.00000,0.00000
37.404,1,37385.000,66499,96000,1999.604,120.0,4,19,2,0.01264,0.01264,0.01264,0.00000,0.00000
37.404,2,37385.000,66499,96000,1999.604,120.0,4,19,2,0.01264,0.01264,0.01264,0.00000,0.00000
37.505,0,37486.000,71356,96000,1999.417,120.0,4,19,2,0.01268,0.01268,0.01268,0.00000,0.00000
37.505,1,37486.000,71356,96000,1999.417,120.0,4,19,2,0.01268,0.01268,0.01268,0.00000,0.00000
37.505,2,37486.000,71356,96000,1999.417,120.0,4,19,2,0.01268,0.01268,0.01268,0.00000,0.00000
37.606,0,37587.000,76222,96000,1999.042,120.0,4,19,2,0.01269,0.01269,0.01269,0.00000,0.00000
37.606,1,37587.000,76222,96000,1999.042,120.0,4,19,2,0.01269,0.01269,0.01269,0.00000,0.00000
37.606,2,37587.000,76222,96000,1999.042,120.0,4,19,2,0.01269,0.01269,0.01269,0.00000,0.00000
37.709,0,37690.000,81159,96000,1999.188,120.0,4,19,2,0.01265,0.01265,0.01265,0.00000,0.00000
37.709,1,37690.000,81159,96000,1999.188,120.0,4,19,2,0.01265,0.01265,0.01265,0.00000,0.00000
37.709,2,37690.000,81159,96000,1999.188,120.0,4,19,2,0.01265,0.01265,0.01265,0.00000,0.00000
37.810,0,37791.000,86005,96000,1999.229,120.0,4,19,2,0.01266,0.01266,0.01266,0.00000,0.00000
37.810,1,37791.000,86005,96000,1999.229,120.0,4,19,2,0.01266,0.01266,0.01266,0.00000,0.00000
37.810,2,37791.000,86005,96000,1999.229,120.0,4,19,2,0.01266,0.01266,0.01266,0.00000,0.00000
37.913,0,37894.000,90925,96000,1999.729,120.0,4,19,2,0.01260,0.01260,0.01260,0.00000,0.00000
37.913,1,37894.000,90925,96000,1999.729,120.0,4,19,2,0.01260,0.01260,0.01260,0.00000,0.00000
37.913,2,37894.000,90925,96000,1999.729,120.0,4,19,2,0.01260,0.01260,0.01260,0.00000,0.00000
38.017,0,37998.000,95935,96000,1999.354,120.0,4,19,2,0.01259,0.01259,0.01259,0.00000,0.00000
38.017,1,37998.000,95935,96000,1999.354,120.0,4,19,2,0.01259,0.01259,0.01259,0.00000,0.00000
38.017,2,37998.000,95935,96000,1999.354,120.0,4,19,2,0.01259,0.01259,0.01259,0.00000,0.00000
38.117,0,38099.000,4753,96000,1999.979,120.0,4,20,2,0.01258,0.01258,0.01258,0.00000,0.00000
38.117,1,38099.000,4753,96000,1999.979,120.0,4,20,2,0.01258,0.00829,0.01258,0.00000,0.00000
38.117,2,38099.000,4753,96000,1999.979,120.0,4,20,2,0.01258,0.01258,0.01258,0.00000,0.00000
38.221,0,38202.000,9731,96000,1999.271,120.0,4,20,2,0.01259,0.01259,0.01259,0.00000,0.00000
38.221,1,38202.000,9731,96000,1999.271,120.0,4,20,2,0.01259,0.00539,0.01259,0.00000,0.00000
38.221,2,38202.000,9731,96000,1999.271,120.0,4,20,2,0.01259,0.01259,0.01259,0.00000,0.00000
38.323,0,38304.000,14626,96000,1999.292,120.0,4,20,2,0.01269,0.01269,0.01269,0.00000,0.00000
38.323,1,38304.000,14626,96000,1999.292,120.0,4,20,2,0.01269,0.00352,0.01269,0.00000,0.00000
38.323,2,38304.000,14626,96000,1999.292,120.0,4,20,2,0.01269,0.01269,0.01269,0.00000,0.00000
38.426,0,38408.000,19589,96000,1999.896,120.0,4,20,2,0.01264,0.01264,0.01264,0.00000,0.00000
38.426,1,38408.000,19589,96000,1999.896,120.0,4,20,2,0.01264,0.00229,0.01264,0.00000,0.00000
38.426,2,38408.000,19589,96000,1999.896,120.0,4,20,2,0.01264,0.01264,0.01264,0.00000,0.00000
38.529,0,38510.000,24527,96000,1999.021,120.0,4,20,2,0.01266,0.01266,0.01266,0.00000,0.00000
38.529,1,38510.000,24527,96000,1999.021,120.0,4,20,2,0.01266,0.00149,0.01266,0.00000,0.00000
38.529,2,38510.000,24527,96000,1999.021,120.0,4,20,2,0.01266,0.01266,0.01266,0.00000,0.00000
38.630,0,38611.000,29363,96000,1999.271,120.0,4,20,2,0.01258,0.01258,0.01258,0.00000,0.00000
38.630,1,38611.000,29363,96000,1999.271,120.0,4,20,2,0.01258,0.00098,0.01258,0.00000,0.00000
38.630,2,38611.000,29363,96000,1999.271,120.0,4,20,2,0.01258,0.01258,0.01258,0.00000,0.00000
38.734,0,38715.000,34346,96000,1999.458,120.0,4,20,2,0.01254,0.01254,0.01254,0.00000,0.00000
38.734,1,38715.000,34346,96000,1999.458,120.0,4,20,2,0.01254,0.00064,0.01254,0.00000,0.00000
38.734,2,38715.000,34346,96000,1999.458,120.0,4,20,2,0.01254,0.01254,0.01254,0.00000,0.00000
38.838,0,38819.000,39338,96000,1999.458,120.0,4,20,2,0.01269,0.01269,0.01269,0.00000,0.00000
38.838,1,38819.000,39338,96000,1999.458,120.0,4,20,2,0.01269,0.00041,0.01269,0.00000,0.00000
38.838,2,38819.000,39338,96000,1999.458,120.0,4,20,2,0.01269,0.01269,0.01269,0.00000,0.00000
38.940,0,38921.000,44235,96000,1999.438,120.0,4,20,2,0.01265,0.01265,0.01265,0.00000,0.00000
38.940,1,38921.000,44235,96000,1999.438,120.0,4,20,2,0.01265,0.00027,0.01265,0.00000,0.00000
38.940,2,38921.000,44235,96000,1999.438,120.0,4,20,2,0.01265,0.01265,0.01265,0.00000,0.00000
39.040,0,39021.000,49041,96000,1999.312,120.0,4,20,2,0.01266,0.01266,0.01266,0.00000,0.00000
39.040,1,39021.000,49041,96000,1999.312,120.0,4,20,2,0.01266,0.00018,0.01266,0.00000,0.00000
39.040,2,39021.000,49041,96000,1999.312,120.0,4,20,2,0.01266,0.01266,0.01266,0.00000,0.00000
39.143,0,39124.000,53992,96000,1999.167,120.0,4,20,2,0.01258,0.01258,0.01258,0.00000,0.00000
39.143,1,39124.000,53992,96000,1999.167,120.0,4,20,2,0.01258,0.00012,0.01258,0.00000,0.00000
39.143,2,39124.000,53992,96000,1999.167,120.0,4,20,2,0.01258,0.01258,0.01258,0.00000,0.00000
39.243,0,39225.000,58805,96000,1999.896,120.0,4,20,2,0.01260,0.01260,0.01260,0.00000,0.00000
39.243,1,39225.000,58805,96000,1999.896,120.0,4,20,2,0.01260,0.00008,0.01260,0.00000,0.00000
39.243,2,39225.000,58805,96000,1999.896,120.0,4,20,2,0.01260,0.01260,0.01260,0.00000,0.00000
39.344,0,39325.000,63610,96000,1999.792,120.0,4,20,2,0.01265,0.01265,0.01265,0.00000,0.00000
39.344,1,39325.000,63610,96000,1999.792,120.0,4,20,2,0.01265,0.00005,0.01265,0.00000,0.00000
39.344,2,39325.000,63610,96000,1999.792,120.0,4,20,2,0.01265,0.01265,0.01265,0.00000,0.00000
39.445,0,39426.000,68466,96000,1999.625,120.0,4,20,2,0.01269,0.01269,0.01269,0.00000,0.00000
39.445,1,39426.000,68466,96000,1999.625,120.0,4,20,2,0.01269,0.00003,0.01269,0.00000,0.00000
39.445,2,39426.000,68466,96000,1999.625,120.0,4,20,2,0.01269,0.01269,0.01269,0.00000,0.00000
39.547,0,39528.000,73364,96000,1999.583,120.0,4,20,2,0.01269,0.01269,0.01269,0.00000,0.00000
39.547,1,39528.000,73364,96000,1999.583,120.0,4,20,2,0.01269,0.00002,0.01269,0.00000,0.00000
39.547,2,39528.000,73364,96000,1999.583,120.0,4,20,2,0.01269,0.01269,0.01269,0.00000,0.00000
39.648,0,39629.000,78220,96000,1999.417,120.0,4,20,2,0.01263,0.01263,0.01263,0.00000,0.00000
39.648,1,39629.000,78220,96000,1999.417,120.0,4,20,2,0.01263,0.00001,0.01263,0.00000,0.00000
39.648,2,39629.000,78220,96000,1999.417,120.0,4,20,2,0.01263,0.01263,0.01263,0.00000,0.00000
39.751,0,39732.000,83170,96000,1999.292,120.0,4,20,2,0.01259,0.01259,0.01259,0.00000,0.00000
39.751,1,39732.000,83170,96000,1999.292,120.0,4,20,2,0.01259,0.00001,0.01259,0.00000,0.00000
39.751,2,39732.000,83170,96000,1999.292,120.0,4,20,2,0.01259,0.01259,0.01259,0.00000,0.00000
39.854,0,39835.000,88099,96000,1999.604,120.0,4,20,2,0.01264,0.01264,0.01264,0.00000,0.00000
39.854,1,39835.000,88099,96000,1999.604,120.0,4,20,2,0.01264,0.00001,0.01264,0.00000,0.00000
39.854,2,39835.000,88099,96000,1999.604,120.0,4,20,2,0.01264,0.01264,0.01264,0.00000,0.00000
39.955,0,39936.000,92961,96000,1999.312,120.0,4,20,2,0.01269,0.01269,0.01269,0.00000,0.00000
39.955,1,39936.000,92961,96000,1999.312,120.0,4,20,2,0.01269,0.00000,0.01269,0.00000,0.00000
39.955,2,39936.000,92961,96000,1999.312,120.0,4,20,2,0.01269,0.01269,0.01269,0.00000,0.00000
40.059,0,40040.000,1958,96000,1999.208,120.0,4,21,2,0.01263,0.01263,0.01263,0.00000,0.00000
40.059,1,40040.000,1958,96000,1999.208,120.0,4,21,2,0.01263,0.01263,0.01263,0.00000,0.00000
40.059,2,40040.000,1958,96000,1999.208,120.0,4,21,2,0.01263,0.01263,0.01263,0.00000,0.00000
40.161,0,40142.000,6826,96000,1999.792,120.0,4,21,2,0.01268,0.01268,0.01268,0.00000,0.00000
40.161,1,40142.000,6826,96000,1999.792,120.0,4,21,2,0.01268,0.01268,0.01268,0.00000,0.00000
40.161,2,40142.000,6826,96000,1999.792,120.0,4,21,2,0.01268,0.01268,0.01268,0.00000,0.00000
40.264,0,40245.000,11773,96000,1999.729,120.0,4,21,2,0.01269,0.01269,0.01269,0.00000,0.00000
40.264,1,40245.000,11773,96000,1999.729,120.0,4,21,2,0.01269,0.01269,0.01269,0.00000,0.00000
40.264,2,40245.000,11773,96000,1999.729,120.0,4,21,2,0.01269,0.01269,0.01269,0.00000,0.00000
40.368,0,40349.000,16774,96000,1999.542,120.0,4,21,2,0.01265,0.01265,0.01265,0.00000,0.00000
40.368,1,40349.000,16774,96000,1999.542,120.0,4,21,2,0.01265,0.01265,0.01265,0.00000,0.00000
40.368,2,40349.000,16774,96000,1999.542,120.0,4,21,2,0.01265,0.01265,0.01265,0.00000,0.00000
40.468,0,40449.000,21585,96000,1999.312,120.0,4,21,2,0.01266,0.01266,0.01266,0.00000,0.00000
40.468,1,40449.000,21585,96000,1999.312,120.0,4,21,2,0.01266,0.01266,0.01266,0.00000,0.00000
40.468,2,40449.000,21585,96000,1999.312,120.0,4,21,2,0.01266,0.01266,0.01266,0.00000,0.00000
40.571,0,40552.000,26541,96000,1999.062,120.0,4,21,2,0.01263,0.01263,0.01263,0.00000,0.00000
40.571,1,40552.000,26541,96000,1999.062,120.0,4,21,2,0.01263,0.01263,0.01263,0.00000,0.00000
40.571,2,40552.000,26541,96000,1999.062,120.0,4,21,2,0.01263,0.01263,0.01263,0.00000,0.00000
40.672,0,40654.000,31400,96000,1999.833,120.0,4,21,2,0.01268,0.01268,0.01268,0.00000,0.00000
40.672,1,40654.000,31400,96000,1999.833,120.0,4,21,2,0.01268,0.01268,0.01268,0.00000,0.00000
40.672,2,40654.000,31400,96000,1999.833,120.0,4,21,2,0.01268,0.01268,0.01268,0.00000,0.00000
40.773,0,40754.000,36223,96000,1999.354,120.0,4,21,2,0.01269,0.01269,0.01269,0.00000,0.00000
40.773,1,40754.000,36223,96000,1999.354,120.0,4,21,2,0.01269,0.01269,0.01269,0.00000,0.00000
40.773,2,40754.000,36223,96000,1999.354,120.0,4,21,2,0.01269,0.01269,0.01269,0.00000,0.00000
40.874,0,40855.000,41087,96000,1999.021,120.0,4,21,2,0.01264,0.01264,0.01264,0.00000,0.00000
40.874,1,40855.000,41087,96000,1999.021,120.0,4,21,2,0.01264,0.01264,0.01264,0.00000,0.00000
40.874,2,40855.000,41087,96000,1999.021,120.0,4,21,2,0.01264,0.01264,0.01264,0.00000,0.00000
40.979,0,40960.000,46115,96000,1999.271,120.0,4,21,2,0.01266,0.01266,0.01266,0.00000,0.00000
40.979,1,40960.000,46115,96000,1999.271,120.0,4,21,2,0.01266,0.01266,0.01266,0.00000,0.00000
40.979,2,40960.000,46115,96000,1999.271,120.0,4,21,2,0.01266,0.01266,0.01266,0.00000,0.00000
41.083,0,41065.000,51122,96000,1999.958,120.0,4,21,2,0.01264,0.01264,0.01264,0.00000,0.00000
41.083,1,41065.000,51122,96000,1999.958,120.0,4,21,2,0.01264,0.01264,0.01264,0.00000,0.00000
41.083,2,41065.000,51122,96000,1999.958,120.0,4,21,2,0.01264,0.01264,0.01264,0.00000,0.00000
41.187,0,41168.000,56095,96000,1999.354,120.0,4,21,2,0.01269,0.01269,0.01269,0.00000,0.00000
41.187,1,41168.000,56095,96000,1999.354,120.0,4,21,2,0.01269,0.01269,0.01269,0.00000,0.00000
41.187,2,41168.000,56095,96000,1999.354,120.0,4,21,2,0.01269,0.01269,0.01269,0.00000,0.00000
41.289,0,41270.000,60969,96000,1999.812,120.0,4,21,2,0.01269,0.01269,0.01269,0.00000,0.00000
41.289,1,41270.000,60969,96000,1999.812,120.0,4,21,2,0.01269,0.01269,0.01269,0.00000,0.00000
41.289,2,41270.000,60969,96000,1999.812,120.0,4,21,2,0.01269,0.01269,0.01269,0.00000,0.00000
41.390,0,41371.000,65855,96000,1999.021,120.0,4,21,2,0.01265,0.01265,0.01265,0.00000,0.00000
41.390,1,41371.000,65855,96000,1999.021,120.0,4,21,2,0.01265,0.01265,0.01265,0.00000,0.00000
41.390,2,41371.000,65855,96000,1999.021,120.0,4,21,2,0.01265,0.01265,0.01265,0.00000,0.00000
41.493,0,41474.000,70773,96000,1999.562,120.0,4,21,2,0.01266,0.01266,0.01266,0.00000,0.00000
41.493,1,41474.000,70773,96000,1999.562,120.0,4,21,2,0.01266,0.01266,0.01266,0.00000,0.00000
41.493,2,41474.000,70773,96000,1999.562,120.0,4,21,2,0.01266,0.01266,0.01266,0.00000,0.00000
41.597,0,41578.000,75775,96000,1999.354,120.0,4,21,2,0.01264,0.01264,0.01264,0.00000,0.00000
41.597,1,41578.000,75775,96000,1999.354,120.0,4,21,2,0.01264,0.01264,0.01264,0.00000,0.00000
41.597,2,41578.000,75775,96000,1999.354,120.0,4,21,2,0.01264,0.01264,0.01264,0.00000,0.00000
41.697,0,41678.000,80579,96000,1999.271,120.0,4,21,2,0.01268,0.01268,0.01268,0.00000,0.00000
41.697,1,41678.000,80579,96000,1999.271,120.0,4,21,2,0.01268,0.01268,0.01268,0.00000,0.00000
41.697,2,41678.000,80579,96000,1999.271,120.0,4,21,2,0.01268,0.01268,0.01268,0.00000,0.00000
41.800,0,41781.000,85512,96000,1999.500,120.0,4,21,2,0.01269,0.01269,0.01269,0.00000,0.00000
41.800,1,41781.000,85512,96000,1999.500,120.0,4,21,2,0.01269,0.01269,0.01269,0.00000,0.00000
41.800,2,41781.000,85512,96000,1999.500,120.0,4,21,2,0.01269,0.01269,0.01269,0.00000,0.00000
41.903,0,41885.000,90486,96000,1999.875,120.0,4,21,2,0.01263,0.01263,0.01263,0.00000,0.00000
41.903,1,41885.000,90486,96000,1999.875,120.0,4,21,2,0.01263,0.01263,0.01263,0.00000,0.00000
41.903,2,41885.000,90486,96000,1999.875,120.0,4,21,2,0.01263,0.01263,0.01263,0.00000,0.00000
42.006,0,41987.000,95410,96000,1999.292,120.0,4,21,2,0.01272,0.01272,0.01272,0.00000,0.00000
42.006,1,41987.000,95410,96000,1999.292,120.0,4,21,2,0.01272,0.01272,0.01272,0.00000,0.00000
42.006,2,41987.000,95410,96000,1999.292,120.0,4,21,2,0.01272,0.01272,0.01272,0.00000,0.00000
42.107,0,42088.000,4260,96000,1999.250,120.0,4,22,2,0.01264,0.01264,0.01264,0.00000,0.00000
42.107,1,42088.000,4260,96000,1999.250,120.0,4,22,2,0.01264,0.01264,0.01264,0.00000,0.00000
42.107,2,42088.000,4260,96000,1999.250,120.0,4,22,2,0.01264,0.01264,0.01264,0.00000,0.00000
42.208,0,42189.000,9092,96000,1999.583,120.0,4,22,2,0.01266,0.01266,0.01266,0.00000,0.00000
42.208,1,42189.000,9092,96000,1999.583,120.0,4,22,2,0.01266,0.01266,0.01266,0.00000,0.00000
42.208,2,42189.000,9092,96000,1999.583,120.0,4,22,2,0.01266,0.01266,0.01266,0.00000,0.00000
42.308,0,42290.000,13920,96000,0.000,120.0,4,22,2,0.01258,0.01258,0.01258,0.00000,0.00000
42.308,1,42290.000,13920,96000,0.000,120.0,4,22,2,0.01258,0.01258,0.01258,0.00000,0.00000
42.308,2,42290.000,13920,96000,0.000,120.0,4,22,2,0.01258,0.01258,0.01258,0.00000,0.00000
42.409,0,42390.000,18753,96000,1999.312,120.0,4,22,2,0.01260,0.01260,0.01260,0.00000,0.00000
42.409,1,42390.000,18753,96000,1999.312,120.0,4,22,2,0.01260,0.01260,0.01260,0.00000,0.00000
42.409,2,42390.000,18753,96000,1999.312,120.0,4,22,2,0.01260,0.01260,0.01260,0.00000,0.00000
42.512,0,42493.000,23695,96000,1999.354,120.0,4,22,2,0.01265,0.01265,0.01265,0.00000,0.00000
42.512,1,42493.000,23695,96000,1999.354,120.0,4,22,2,0.01265,0.01265,0.01265,0.00000,0.00000
42.512,2,42493.000,23695,96000,1999.354,120.0,4,22,2,0.01265,0.01265,0.01265,0.00000,0.00000
42.615,0,42596.000,28644,96000,1999.250,120.0,4,22,2,0.01265,0.01265,0.01265,0.00000,0.00000
42.615,1,42596.000,28644,96000,1999.250,120.0,4,22,2,0.01265,0.01265,0.01265,0.00000,0.00000
42.615,2,42596.000,28644,96000,1999.250,120.0,4,22,2,0.01265,0.01265,0.01265,0.00000,0.00000
42.717,0,42699.000,33558,96000,1999.875,120.0,4,22,2,0.01264,0.01264,0.01264,0.00000,0.00000
42.717,1,42699.000,33558,96000,1999.875,120.0,4,22,2,0.01264,0.01264,0.01264,0.00000,0.00000
42.717,2,42699.000,33558,96000,1999.875,120.0,4,22,2,0.01264,0.01264,0.01264,0.00000,0.00000
42.820,0,42801.000,38479,96000,1999.354,120.0,4,22,2,0.01258,0.01258,0.01258,0.00000,0.00000
42.820,1,42801.000,38479,96000,1999.354,120.0,4,22,2,0.01258,0.01258,0.01258,0.00000,0.00000
42.820,2,42801.000,38479,96000,1999.354,120.0,4,22,2,0.01258,0.01258,0.01258,0.00000,0.00000
42.921,0,42903.000,43350,96000,1999.875,120.0,4,22,2,0.01260,0.01260,0.01260,0.00000,0.00000
42.921,1,42903.000,43350,96000,1999.875,120.0,4,22,2,0.01260,0.01260,0.01260,0.00000,0.00000
42.921,2,42903.000,43350,96000,1999.875,120.0,4,22,2,0.01260,0.01260,0.01260,0.00000,0.00000
43.025,0,43006.000,48313,96000,1999.479,120.0,4,22,2,0.02900,0.02900,0.02697,0.00000,0.00000
43.025,1,43006.000,48313,96000,1999.479,120.0,4,22,2,0.02900,0.02900,0.02376,0.00000,0.00000
43.025,2,43006.000,48313,96000,1999.479,120.0,4,22,2,0.02697,0.02376,0.02697,0.00000,0.00000
43.127,0,43108.000,53230,96000,1999.042,120.0,4,22,2,0.08830,0.08811,0.08830,0.00000,0.00000
43.127,1,43108.000,53230,96000,1999.042,120.0,4,22,2,0.08811,0.08811,0.08779,0.00000,0.00000
43.127,2,43108.000,53230,96000,1999.042,120.0,4,22,2,0.08830,0.08779,0.08830,0.00000,0.00000
43.231,0,43212.000,58218,96000,1999.125,120.0,4,22,2,0.05732,0.05719,0.05732,0.00000,0.00000
43.231,1,43212.000,58218,96000,1999.125,120.0,4,22,2,0.05719,0.05719,0.05698,0.00000,0.00000
43.231,2,43212.000,58218,96000,1999.125,120.0,4,22,2,0.05732,0.05698,0.05732,0.00000,0.00000
43.335,0,43316.000,63189,96000,1999.562,120.0,4,22,2,0.03726,0.03718,0.03726,0.00000,0.00000
43.335,1,43316.000,63189,96000,1999.562,120.0,4,22,2,0.03718,0.03718,0.03704,0.00000,0.00000
43.335,2,43316.000,63189,96000,1999.562,120.0,4,22,2,0.03726,0.03704,0.03726,0.00000,0.00000
43.437,0,43419.000,68115,96000,1999.938,120.0,4,22,2,0.02431,0.02426,0.02431,0.00000,0.00000
43.437,1,43419.000,68115,96000,1999.938,120.0,4,22,2,0.02426,0.02426,0.02417,0.00000,0.00000
43.437,2,43419.000,68115,96000,1999.938,120.0,4,22,2,0.02431,0.02417,0.02431,0.00000,0.00000
43.539,0,43520.000,72987,96000,1999.438,120.0,4,22,2,0.01594,0.01591,0.01594,0.00000,0.00000
43.539,1,43520.000,72987,96000,1999.438,120.0,4,22,2,0.01591,0.01591,0.01585,0.00000,0.00000
43.539,2,43520.000,72987,96000,1999.438,120.0,4,22,2,0.01594,0.01585,0.01594,0.00000,0.00000
43.643,0,43624.000,77967,96000,1999.688,120.0,4,22,2,0.01264,0.01264,0.01264,0.00000,0.00000
43.643,1,43624.000,77967,96000,1999.688,120.0,4,22,2,0.01264,0.01264,0.01264,0.00000,0.00000
43.643,2,43624.000,77967,96000,1999.688,120.0,4,22,2,0.01264,0.01264,0.01264,0.00000,0.00000
43.745,0,43726.000,82891,96000,1999.104,120.0,4,22,2,0.01266,0.01266,0.01266,0.00000,0.00000
43.745,1,43726.000,82891,96000,1999.104,120.0,4,22,2,0.01266,0.01266,0.01266,0.00000,0.00000
43.745,2,43726.000,82891,96000,1999.104,120.0,4,22,2,0.01266,0.01266,0.01266,0.00000,0.00000
43.846,0,43827.000,87705,96000,1999.812,120.0,4,22,2,0.01258,0.01258,0.01258,0.00000,0.00000
43.846,1,43827.000,87705,96000,1999.812,120.0,4,22,2,0.01258,0.01258,0.01258,0.00000,0.00000
43.846,2,43827.000,87705,96000,1999.812,120.0,4,22,2,0.01258,0.01258,0.01258,0.00000,0.00000
43.946,0,43927.000,92543,96000,1999.021,120.0,4,22,2,0.01260,0.01260,0.01260,0.00000,0.00000
43.946,1,43927.000,92543,96000,1999.021,120.0,4,22,2,0.01260,0.01260,0.01260,0.00000,0.00000
43.946,2,43927.000,92543,96000,1999.021,120.0,4,22,2,0.01260,0.01260,0.01260,0.00000,0.00000
44.049,0,44030.000,1481,96000,1999.146,120.0,4,23,2,0.01273,0.01102,0.01273,0.00000,0.00000
44.049,1,44030.000,1481,96000,1999.146,120.0,4,23,2,0.01273,0.01273,0.01273,0.00000,0.00000
44.049,2,44030.000,1481,96000,1999.146,120.0,4,23,2,0.01273,0.01273,0.01102,0.00000,0.00000
44.151,0,44132.000,6374,96000,1999.208,120.0,4,23,2,0.01261,0.00721,0.01261,0.00000,0.00000
44.151,1,44132.000,6374,96000,1999.208,120.0,4,23,2,0.01261,0.01261,0.01261,0.00000,0.00000
44.151,2,44132.000,6374,96000,1999.208,120.0,4,23,2,0.01261,0.01261,0.00721,0.00000,0.00000
44.252,0,44234.000,11241,96000,1999.812,120.0,4,23,2,0.01264,0.00473,0.01264,0.00000,0.00000
44.252,1,44234.000,11241,96000,1999.812,120.0,4,23,2,0.01264,0.01264,0.01264,0.00000,0.00000
44.252,2,44234.000,11241,96000,1999.812,120.0,4,23,2,0.01264,0.01264,0.00473,0.00000,0.00000
44.354,0,44335.000,16106,96000,1999.458,120.0,4,23,2,0.01269,0.00310,0.01269,0.00000,0.00000
44.354,1,44335.000,16106,96000,1999.458,120.0,4,23,2,0.01269,0.01269,0.01269,0.00000,0.00000
44.354,2,44335.000,16106,96000,1999.458,120.0,4,23,2,0.01269,0.01269,0.00310,0.00000,0.00000
44.458,0,44439.000,21086,96000,1999.708,120.0,4,23,2,0.01269,0.00202,0.01269,0.00000,0.00000
44.458,1,44439.000,21086,96000,1999.708,120.0,4,23,2,0.01269,0.01269,0.01269,0.00000,0.00000
44.458,2,44439.000,21086,96000,1999.708,120.0,4,23,2,0.01269,0.01269,0.00202,0.00000,0.00000
44.564,0,44546.000,26217,96000,1999.812,120.0,4,23,2,0.01263,0.00129,0.01263,0.00000,0.00000
44.564,1,44546.000,26217,96000,1999.812,120.0,4,23,2,0.01263,0.01263,0.01263,0.00000,0.00000
44.564,2,44546.000,26217,96000,1999.812,120.0,4,23,2,0.01263,0.01263,0.00129,0.00000,0.00000
44.666,0,44648.000,31106,96000,1999.958,120.0,4,23,2,0.01260,0.00085,0.01260,0.00000,0.00000
44.666,1,44648.000,31106,96000,1999.958,120.0,4,23,2,0.01260,0.01260,0.01260,0.00000,0.00000
44.666,2,44648.000,31106,96000,1999.958,120.0,4,23,2,0.01260,0.01260,0.00085,0.00000,0.00000
44.767,0,44749.000,35952,96000,0.000,120.0,4,23,2,0.01265,0.00056,0.01265,0.00000,0.00000
44.767,1,44749.000,35952,96000,0.000,120.0,4,23,2,0.01265,0.01265,0.01265,0.00000,0.00000
44.767,2,44749.000,35952,96000,0.000,120.0,4,23,2,0.01265,0.01265,0.00056,0.00000,0.00000
44.868,0,44849.000,40771,96000,1999.604,120.0,4,23,2,0.01269,0.00037,0.01269,0.00000,0.00000
44.868,1,44849.000,40771,96000,1999.604,120.0,4,23,2,0.01269,0.01269,0.01269,0.00000,0.00000
44.868,2,44849.000,40771,96000,1999.604,120.0,4,23,2,0.01269,0.01269,0.00037,0.00000,0.00000
44.970,0,44951.000,45682,96000,1999.292,120.0,4,23,2,0.01269,0.00024,0.01269,0.00000,0.00000
44.970,1,44951.000,45682,96000,1999.292,120.0,4,23,2,0.01269,0.01269,0.01269,0.00000,0.00000
44.970,2,44951.000,45682,96000,1999.292,120.0,4,23,2,0.01269,0.01269,0.00024,0.00000,0.00000
45.072,0,45054.000,50592,96000,0.000,120.0,4,23,2,0.01263,0.00016,0.01263,0.00000,0.00000
45.072,1,45054.000,50592,96000,0.000,120.0,4,23,2,0.01263,0.01263,0.01263,0.00000,0.00000
45.072,2,45054.000,50592,96000,0.000,120.0,4,23,2,0.01263,0.01263,0.00016,0.00000,0.00000
45.173,0,45154.000,55418,96000,1999.458,120.0,4,23,2,0.01266,0.00010,0.01266,0.00000,0.00000
45.173,1,45154.000,55418,96000,1999.458,120.0,4,23,2,0.01266,0.01266,0.01266,0.00000,0.00000
45.173,2,45154.000,55418,96000,1999.458,120.0,4,23,2,0.01266,0.01266,0.00010,0.00000,0.00000
45.277,0,45258.000,60420,96000,1999.250,120.0,4,23,2,0.01264,0.00007,0.01264,0.00000,0.00000
45.277,1,45258.000,60420,96000,1999.250,120.0,4,23,2,0.01264,0.01264,0.01264,0.00000,0.00000
45.277,2,45258.000,60420,96000,1999.250,120.0,4,23,2,0.01264,0.01264,0.00007,0.00000,0.00000
45.381,0,45362.000,65420,96000,1999.083,120.0,4,23,2,0.01269,0.00004,0.01269,0.00000,0.00000
45.381,1,45362.000,65420,96000,1999.083,120.0,4,23,2,0.01269,0.01269,0.01269,0.00000,0.00000
45.381,2,45362.000,65420,96000,1999.083,120.0,4,23,2,0.01269,0.01269,0.00004,0.00000,0.00000
45.484,0,45465.000,70333,96000,1999.729,120.0,4,23,2,0.01269,0.00003,0.01269,0.00000,0.00000
45.484,1,45465.000,70333,96000,1999.729,120.0,4,23,2,0.01269,0.01269,0.01269,0.00000,0.00000
45.484,2,45465.000,70333,96000,1999.729,120.0,4,23,2,0.01269,0.01269,0.00003,0.00000,0.00000
45.585,0,45566.000,75182,96000,1999.708,120.0,4,23,2,0.01263,0.00002,0.01263,0.00000,0.00000
45.585,1,45566.000,75182,96000,1999.708,120.0,4,23,2,0.01263,0.01263,0.01263,0.00000,0.00000
45.585,2,45566.000,75182,96000,1999.708,120.0,4,23,2,0.01263,0.01263,0.00002,0.00000,0.00000
45.685,0,45666.000,80001,96000,1999.312,120.0,4,23,2,0.01266,0.00001,0.01266,0.00000,0.00000
45.685,1,45666.000,80001,96000,1999.312,120.0,4,23,2,0.01266,0.01266,0.01266,0.00000,0.00000
45.685,2,45666.000,80001,96000,1999.312,120.0,4,23,2,0.01266,0.01266,0.00001,0.00000,0.00000
45.786,0,45768.000,84869,96000,1999.896,120.0,4,23,2,0.01263,0.00001,0.01263,0.00000,0.00000
45.786,1,45768.000,84869,96000,1999.896,120.0,4,23,2,0.01263,0.01263,0.01263,0.00000,0.00000
45.786,2,45768.000,84869,96000,1999.896,120.0,4,23,2,0.01263,0.01263,0.00001,0.00000,0.00000
45.891,0,45872.000,89877,96000,1999.562,120.0,4,23,2,0.01269,0.00001,0.01269,0.00000,0.00000
45.891,1,45872.000,89877,96000,1999.562,120.0,4,23,2,0.01269,0.01269,0.01269,0.00000,0.00000
45.891,2,45872.000,89877,96000,1999.562,120.0,4,23,2,0.01269,0.01269,0.00001,0.00000,0.00000
45.991,0,45972.000,94681,96000,1999.479,120.0,4,23,2,0.01269,0.00000,0.01269,0.00000,0.00000
45.991,1,45972.000,94681,96000,1999.479,120.0,4,23,2,0.01269,0.01269,0.01269,0.00000,0.00000
45.991,2,45972.000,94681,96000,1999.479,120.0,4,23,2,0.01269,0.01269,0.00000,0.00000,0.00000
46.094,0,46075.000,3613,96000,1999.729,120.0,4,24,2,0.01254,0.01254,0.01254,0.00000,0.00000
46.094,1,46075.000,3613,96000,1999.729,120.0,4,24,2,0.01254,0.01254,0.01254,0.00000,0.00000
46.094,2,46075.000,3613,96000,1999.729,120.0,4,24,2,0.01254,0.01254,0.01254,0.00000,0.00000
46.196,0,46177.000,8515,96000,1999.604,120.0,4,24,2,0.01269,0.01269,0.01269,0.00000,0.00000
46.196,1,46177.000,8515,96000,1999.604,120.0,4,24,2,0.01269,0.01269,0.01269,0.00000,0.00000
46.196,2,46177.000,8515,96000,1999.604,120.0,4,24,2,0.01269,0.01269,0.01269,0.00000,0.00000
46.297,0,46278.000,13366,96000,1999.542,120.0,4,24,2,0.01265,0.01265,0.01265,0.00000,0.00000
46.297,1,46278.000,13366,96000,1999.542,120.0,4,24,2,0.01265,0.01265,0.01265,0.00000,0.00000
46.297,2,46278.000,13366,96000,1999.542,120.0,4,24,2,0.01265,0.01265,0.01265,0.00000,0.00000
46.400,0,46382.000,18338,96000,1999.958,120.0,4,24,2,0.01266,0.01266,0.01266,0.00000,0.00000
46.400,1,46382.000,18338,96000,1999.958,120.0,4,24,2,0.01266,0.01266,0.01266,0.00000,0.00000
46.400,2,46382.000,18338,96000,1999.958,120.0,4,24,2,0.01266,0.01266,0.01266,0.00000,0.00000
46.502,0,46483.000,23199,96000,1999.688,120.0,4,24,2,0.01258,0.01258,0.01258,0.00000,0.00000
46.502,1,46483.000,23199,96000,1999.688,120.0,4,24,2,0.01258,0.01258,0.01258,0.00000,0.00000
46.502,2,46483.000,23199,96000,1999.688,120.0,4,24,2,0.01258,0.01258,0.01258,0.00000,0.00000
46.604,0,46585.000,28108,96000,1999.417,120.0,4,24,2,0.01259,0.01259,0.01259,0.00000,0.00000
46.604,1,46585.000,28108,96000,1999.417,120.0,4,24,2,0.01259,0.01259,0.01259,0.00000,0.00000
46.604,2,46585.000,28108,96000,1999.417,120.0,4,24,2,0.01259,0.01259,0.01259,0.00000,0.00000
46.706,0,46687.000,33019,96000,1999.104,120.0,4,24,2,0.01269,0.01269,0.01269,0.00000,0.00000
46.706,1,46687.000,33019,96000,1999.104,120.0,4,24,2,0.01269,0.01269,0.01269,0.00000,0.00000
46.706,2,46687.000,33019,96000,1999.104,120.0,4,24,2,0.01269,0.01269,0.01269,0.00000,0.00000
46.810,0,46791.000,37981,96000,1999.729,120.0,4,24,2,0.01265,0.01265,0.01265,0.00000,0.00000
46.810,1,46791.000,37981,96000,1999.729,120.0,4,24,2,0.01265,0.01265,0.01265,0.00000,0.00000
46.810,2,46791.000,37981,96000,1999.729,120.0,4,24,2,0.01265,0.01265,0.01265,0.00000,0.00000
46.914,0,46896.000,43012,96000,1999.917,120.0,4,24,2,0.01266,0.01266,0.01266,0.00000,0.00000
46.914,1,46896.000,43012,96000,1999.917,120.0,4,24,2,0.01266,0.01266,0.01266,0.00000,0.00000
46.914,2,46896.000,43012,96000,1999.917,120.0,4,24,2,0.01266,0.01266,0.01266,0.00000,0.00000
47.016,0,46997.000,47902,96000,1999.042,120.0,4,24,2,0.01260,0.01260,0.01260,0.00000,0.00000
47.016,1,46997.000,47902,96000,1999.042,120.0,4,24,2,0.01260,0.01260,0.01260,0.00000,0.00000
47.016,2,46997.000,47902,96000,1999.042,120.0,4,24,2,0.01260,0.01260,0.01260,0.00000,0.00000
47.118,0,47099.000,52786,96000,1999.292,120.0,4,24,2,0.01254,0.01254,0.01254,0.00000,0.00000
47.118,1,47099.000,52786,96000,1999.292,120.0,4,24,2,0.01254,0.01254,0.01254,0.00000,0.00000
47.118,2,47099.000,52786,96000,1999.292,120.0,4,24,2,0.01254,0.01254,0.01254,0.00000,0.00000
47.218,0,47199.000,57591,96000,1999.188,120.0,4,24,2,0.01269,0.01269,0.01269,0.00000,0.00000
47.218,1,47199.000,57591,96000,1999.188,120.0,4,24,2,0.01269,0.01269,0.01269,0.00000,0.00000
47.218,2,47199.000,57591,96000,1999.188,120.0,4,24,2,0.01269,0.01269,0.01269,0.00000,0.00000
47.322,0,47303.000,62591,96000,1999.021,120.0,4,24,2,0.01264,0.01264,0.01264,0.00000,0.00000
47.322,1,47303.000,62591,96000,1999.021,120.0,4,24,2,0.01264,0.01264,0.01264,0.00000,0.00000
47.322,2,47303.000,62591,96000,1999.021,120.0,4,24,2,0.01264,0.01264,0.01264,0.00000,0.00000
47.423,0,47404.000,67419,96000,1999.438,120.0,4,24,2,0.01261,0.01261,0.01261,0.00000,0.00000
47.423,1,47404.000,67419,96000,1999.438,120.0,4,24,2,0.01261,0.01261,0.01261,0.00000,0.00000
47.423,2,47404.000,67419,96000,1999.438,120.0,4,24,2,0.01261,0.01261,0.01261,0.00000,0.00000
47.525,0,47506.000,72319,96000,1999.354,120.0,4,24,2,0.01258,0.01258,0.01258,0.00000,0.00000
47.525,1,47506.000,72319,96000,1999.354,120.0,4,24,2,0.01258,0.01258,0.01258,0.00000,0.00000
47.525,2,47506.000,72319,96000,1999.354,120.0,4,24,2,0.01258,0.01258,0.01258,0.00000,0.00000
47.626,0,47607.000,77175,96000,1999.188,120.0,4,24,2,0.01260,0.01260,0.01260,0.00000,0.00000
47.626,1,47607.000,77175,96000,1999.188,120.0,4,24,2,0.01260,0.01260,0.01260,0.00000,0.00000
47.626,2,47607.000,77175,96000,1999.188,120.0,4,24,2,0.01260,0.01260,0.01260,0.00000,0.00000
47.729,0,47711.000,82130,96000,1999.958,120.0,4,24,2,0.01269,0.01269,0.01269,0.00000,0.00000
47.729,1,47711.000,82130,96000,1999.958,120.0,4,24,2,0.01269,0.01269,0.01269,0.00000,0.00000
47.729,2,47711.000,82130,96000,1999.958,120.0,4,24,2,0.01269,0.01269,0.01269,0.00000,0.00000
47.833,0,47814.000,87112,96000,1999.167,120.0,4,24,2,0.01265,0.01265,0.01265,0.00000,0.00000
47.833,1,47814.000,87112,96000,1999.167,120.0,4,24,2,0.01265,0.01265,0.01265,0.00000,0.00000
47.833,2,47814.000,87112,96000,1999.167,120.0,4,24,2,0.01265,0.01265,0.01265,0.00000,0.00000
47.935,0,47917.000,92017,96000,1999.979,120.0,4,24,2,0.01266,0.01266,0.01266,0.00000,0.00000
47.935,1,47917.000,92017,96000,1999.979,120.0,4,24,2,0.01266,0.01266,0.01266,0.00000,0.00000
47.935,2,47917.000,92017,96000,1999.979,120.0,4,24,2,0.01266,0.01266,0.01266,0.00000,0.00000
48.052,0,48033.000,1599,96000,1999.688,120.0,4,25,2,0.01273,0.01273,0.01273,0.00000,0.00000
48.052,1,48033.000,1599,96000,1999.688,120.0,4,25,2,0.01273,0.01273,0.01273,0.00000,0.00000
48.052,2,48033.000,1599,96000,1999.688,120.0,4,25,2,0.01273,0.01273,0.01273,0.00000,0.00000
48.155,0,48137.000,6576,96000,0.000,120.0,4,25,2,0.01259,0.01259,0.01259,0.00000,0.00000
48.155,1,48137.000,6576,96000,0.000,120.0,4,25,2,0.01259,0.01259,0.01259,0.00000,0.00000
48.155,2,48137.000,6576,96000,0.000,120.0,4,25,2,0.01259,0.01259,0.01259,0.00000,0.00000
48.258,0,48240.000,11526,96000,1999.875,120.0,4,25,2,0.01269,0.01269,0.01269,0.00000,0.00000
48.258,1,48240.000,11526,96000,1999.875,120.0,4,25,2,0.01269,0.01269,0.01269,0.00000,0.00000
48.258,2,48240.000,11526,96000,1999.875,120.0,4,25,2,0.01269,0.01269,0.01269,0.00000,0.00000
48.363,0,48344.000,16549,96000,1999.229,120.0,4,25,2,0.01264,0.01264,0.01264,0.00000,0.00000
48.363,1,48344.000,16549,96000,1999.229,120.0,4,25,2,0.01264,0.01264,0.01264,0.00000,0.00000
48.363,2,48344.000,16549,96000,1999.229,120.0,4,25,2,0.01264,0.01264,0.01264,0.00000,0.00000
48.463,0,48445.000,21367,96000,1999.854,120.0,4,25,2,0.01266,0.01266,0.01266,0.00000,0.00000
48.463,1,48445.000,21367,96000,1999.854,120.0,4,25,2,0.01266,0.01266,0.01266,0.00000,0.00000
48.463,2,48445.000,21367,96000,1999.854,120.0,4,25,2,0.01266,0.01266,0.01266,0.00000,0.00000
48.568,0,48549.000,26365,96000,1999.729,120.0,4,25,2,0.01260,0.01260,0.01260,0.00000,0.00000
48.568,1,48549.000,26365,96000,1999.729,120.0,4,25,2,0.01260,0.01260,0.01260,0.00000,0.00000
48.568,2,48549.000,26365,96000,1999.729,120.0,4,25,2,0.01260,0.01260,0.01260,0.00000,0.00000
48.672,0,48653.000,31354,96000,1999.792,120.0,4,25,2,0.01268,0.01268,0.01268,0.00000,0.00000
48.672,1,48653.000,31354,96000,1999.792,120.0,4,25,2,0.01268,0.01268,0.01268,0.00000,0.00000
48.672,2,48653.000,31354,96000,1999.792,120.0,4,25,2,0.01268,0.01268,0.01268,0.00000,0.00000
48.773,0,48754.000,36207,96000,1999.688,120.0,4,25,2,0.01269,0.01269,0.01269,0.00000,0.00000
48.773,1,48754.000,36207,96000,1999.688,120.0,4,25,2,0.01269,0.01269,0.01269,0.00000,0.00000
48.773,2,48754.000,36207,96000,1999.688,120.0,4,25,2,0.01269,0.01269,0.01269,0.00000,0.00000
48.873,0,48854.000,41007,96000,1999.688,120.0,4,25,2,0.01265,0.01265,0.01265,0.00000,0.00000
48.873,1,48854.000,41007,96000,1999.688,120.0,4,25,2,0.01265,0.01265,0.01265,0.00000,0.00000
48.873,2,48854.000,41007,96000,1999.688,120.0,4,25,2,0.01265,0.01265,0.01265,0.00000,0.00000
48.973,0,48955.000,45843,96000,1999.938,120.0,4,25,2,0.01264,0.01264,0.01264,0.00000,0.00000
48.973,1,48955.000,45843,96000,1999.938,120.0,4,25,2,0.01264,0.01264,0.01264,0.00000,0.00000
48.973,2,48955.000,45843,96000,1999.938,120.0,4,25,2,0.01264,0.01264,0.01264,0.00000,0.00000
49.076,0,49058.000,50790,96000,1999.875,120.0,4,25,2,0.01258,0.01258,0.01258,0.00000,0.00000
49.076,1,49058.000,50790,96000,1999.875,120.0,4,25,2,0.01258,0.01258,0.01258,0.00000,0.00000
49.076,2,49058.000,50790,96000,1999.875,120.0,4,25,2,0.01258,0.01258,0.01258,0.00000,0.00000
49.178,0,49159.000,55646,96000,1999.708,120.0,4,25,2,0.01260,0.01260,0.01260,0.00000,0.00000
49.178,1,49159.000,55646,96000,1999.708,120.0,4,25,2,0.01260,0.01260,0.01260,0.00000,0.00000
49.178,2,49159.000,55646,96000,1999.708,120.0,4,25,2,0.01260,0.01260,0.01260,0.00000,0.00000
49.280,0,49261.000,60564,96000,1999.250,120.0,4,25,2,0.01265,0.01265,0.01265,0.00000,0.00000
49.280,1,49261.000,60564,96000,1999.250,120.0,4,25,2,0.01265,0.01265,0.01265,0.00000,0.00000
49.280,2,49261.000,60564,96000,1999.250,120.0,4,25,2,0.01265,0.01265,0.01265,0.00000,0.00000
49.382,0,49364.000,65481,96000,1999.812,120.0,4,25,2,0.01265,0.01265,0.01265,0.00000,0.00000
49.382,1,49364.000,65481,96000,1999.812,120.0,4,25,2,0.01265,0.01265,0.01265,0.00000,0.00000
49.382,2,49364.000,65481,96000,1999.812,120.0,4,25,2,0.01265,0.01265,0.01265,0.00000,0.00000
49.485,0,49466.000,70380,96000,1999.750,120.0,4,25,2,0.01264,0.01264,0.01264,0.00000,0.00000
49.485,1,49466.000,70380,96000,1999.750,120.0,4,25,2,0.01264,0.01264,0.01264,0.00000,0.00000
49.485,2,49466.000,70380,96000,1999.750,120.0,4,25,2,0.01264,0.01264,0.01264,0.00000,0.00000
49.585,0,49566.000,75195,96000,1999.438,120.0,4,25,2,0.10593,0.10530,0.10593,0.00000,0.00000
49.585,1,49566.000,75195,96000,1999.438,120.0,4,25,2,0.10559,0.10530,0.10559,0.00000,0.00000
49.585,2,49566.000,75195,96000,1999.438,120.0,4,25,2,0.10593,0.10559,0.10593,0.00000,0.00000
49.689,0,49670.000,80185,96000,1999.479,120.0,4,25,2,0.06875,0.06834,0.06875,0.00000,0.00000
49.689,1,49670.000,80185,96000,1999.479,120.0,4,25,2,0.06852,0.06834,0.06852,0.00000,0.00000
49.689,2,49670.000,80185,96000,1999.479,120.0,4,25,2,0.06875,0.06852,0.06875,0.00000,0.00000
49.790,0,49771.000,85021,96000,1999.729,120.0,4,25,2,0.04521,0.04495,0.04521,0.00000,0.00000
49.790,1,49771.000,85021,96000,1999.729,120.0,4,25,2,0.04507,0.04495,0.04507,0.00000,0.00000
49.790,2,49771.000,85021,96000,1999.729,120.0,4,25,2,0.04521,0.04507,0.04521,0.00000,0.00000
49.893,0,49874.000,89989,96000,1999.229,120.0,4,25,2,0.02940,0.02922,0.02940,0.00000,0.00000
49.893,1,49874.000,89989,96000,1999.229,120.0,4,25,2,0.02930,0.02922,0.02930,0.00000,0.00000
49.893,2,49874.000,89989,96000,1999.229,120.0,4,25,2,0.02940,0.02930,0.02940,0.00000,0.00000
49.993,0,49975.000,94803,96000,1999.938,120.0,4,25,2,0.01937,0.01926,0.01937,0.00000,0.00000
49.993,1,49975.000,94803,96000,1999.938,120.0,4,25,2,0.01931,0.01926,0.01931,0.00000,0.00000
49.993,2,49975.000,94803,96000,1999.938,120.0,4,25,2,0.01937,0.01931,0.01937,0.00000,0.00000
50.095,0,50076.000,3680,96000,1999.333,120.0,4,26,2,0.01270,0.01262,0.01270,0.00000,0.00000
50.095,1,50076.000,3680,96000,1999.333,120.0,4,26,2,0.01266,0.01262,0.01266,0.00000,0.00000
50.095,2,50076.000,3680,96000,1999.333,120.0,4,26,2,0.01270,0.01266,0.01270,0.00000,0.00000
50.199,0,50181.000,8697,96000,1999.812,120.0,4,26,2,0.01269,0.01269,0.01269,0.00000,0.00000
50.199,1,50181.000,8697,96000,1999.812,120.0,4,26,2,0.01269,0.01269,0.01269,0.00000,0.00000
50.199,2,50181.000,8697,96000,1999.812,120.0,4,26,2,0.01269,0.01269,0.01269,0.00000,0.00000
50.302,0,50283.000,13626,96000,1999.125,120.0,4,26,2,0.01265,0.01265,0.01265,0.00000,0.00000
50.302,1,50283.000,13626,96000,1999.125,120.0,4,26,2,0.01265,0.01265,0.01265,0.00000,0.00000
50.302,2,50283.000,13626,96000,1999.125,120.0,4,26,2,0.01265,0.01265,0.01265,0.00000,0.00000
50.405,0,50387.000,18579,96000,1999.938,120.0,4,26,2,0.01266,0.01266,0.01266,0.00000,0.00000
50.405,1,50387.000,18579,96000,1999.938,120.0,4,26,2,0.01266,0.01266,0.01266,0.00000,0.00000
50.405,2,50387.000,18579,96000,1999.938,120.0,4,26,2,0.01266,0.01266,0.01266,0.00000,0.00000
50.509,0,50490.000,23531,96000,1999.771,120.0,4,26,2,0.01264,0.01264,0.01264,0.00000,0.00000
50.509,1,50490.000,23531,96000,1999.771,120.0,4,26,2,0.01264,0.01264,0.01264,0.00000,0.00000
50.509,2,50490.000,23531,96000,1999.771,120.0,4,26,2,0.01264,0.01264,0.01264,0.00000,0.00000
50.610,0,50592.000,28419,96000,1999.938,120.0,4,26,2,0.01269,0.01269,0.01269,0.00000,0.00000
50.610,1,50592.000,28419,96000,1999.938,120.0,4,26,2,0.01269,0.01269,0.01269,0.00000,0.00000
50.610,2,50592.000,28419,96000,1999.938,120.0,4,26,2,0.01269,0.01269,0.01269,0.00000,0.00000
50.711,0,50693.000,33269,96000,1999.896,120.0,4,26,2,0.01269,0.01269,0.01269,0.00000,0.00000
50.711,1,50693.000,33269,96000,1999.896,120.0,4,26,2,0.01269,0.01269,0.01269,0.00000,0.00000
50.711,2,50693.000,33269,96000,1999.896,120.0,4,26,2,0.01269,0.01269,0.01269,0.00000,0.00000
50.814,0,50795.000,38203,96000,1999.104,120.0,4,26,2,0.01265,0.01265,0.01265,0.00000,0.00000
50.814,1,50795.000,38203,96000,1999.104,120.0,4,26,2,0.01265,0.01265,0.01265,0.00000,0.00000
50.814,2,50795.000,38203,96000,1999.104,120.0,4,26,2,0.01265,0.01265,0.01265,0.00000,0.00000
50.914,0,50896.000,43008,96000,0.000,120.0,4,26,2,0.01266,0.01266,0.01266,0.00000,0.00000
50.914,1,50896.000,43008,96000,0.000,120.0,4,26,2,0.01266,0.01266,0.01266,0.00000,0.00000
50.914,2,50896.000,43008,96000,0.000,120.0,4,26,2,0.01266,0.01266,0.01266,0.00000,0.00000
51.018,0,51000.000,48000,96000,0.000,120.0,4,26,2,0.01263,0.01263,0.01263,0.00000,0.00000
51.018,1,51000.000,48000,96000,0.000,120.0,4,26,2,0.01263,0.01263,0.01263,0.00000,0.00000
51.018,2,51000.000,48000,96000,0.000,120.0,4,26,2,0.01263,0.01263,0.01263,0.00000,0.00000
51.122,0,51103.000,52965,96000,1999.562,120.0,4,26,2,0.01269,0.01269,0.01269,0.00000,0.00000
51.122,1,51103.000,52965,96000,1999.562,120.0,4,26,2,0.01269,0.01269,0.01269,0.00000,0.00000
51.122,2,51103.000,52965,96000,1999.562,120.0,4,26,2,0.01269,0.01269,0.01269,0.00000,0.00000
51.223,0,51204.000,57812,96000,1999.583,120.0,4,26,2,0.01269,0.01269,0.01269,0.00000,0.00000
51.223,1,51204.000,57812,96000,1999.583,120.0,4,26,2,0.01269,0.01269,0.01269,0.00000,0.00000
51.223,2,51204.000,57812,96000,1999.583,120.0,4,26,2,0.01269,0.01269,0.01269,0.00000,0.00000
51.326,0,51307.000,62774,96000,1999.208,120.0,4,26,2,0.01265,0.01265,0.01265,0.00000,0.00000
51.326,1,51307.000,62774,96000,1999.208,120.0,4,26,2,0.01265,0.01265,0.01265,0.00000,0.00000
51.326,2,51307.000,62774,96000,1999.208,120.0,4,26,2,0.01265,0.01265,0.01265,0.00000,0.00000
51.429,0,51410.000,67696,96000,1999.667,120.0,4,26,2,0.01266,0.01266,0.01266,0.00000,0.00000
51.429,1,51410.000,67696,96000,1999.667,120.0,4,26,2,0.01266,0.01266,0.01266,0.00000,0.00000
51.429,2,51410.000,67696,96000,1999.667,120.0,4,26,2,0.01266,0.01266,0.01266,0.00000,0.00000
51.530,0,51511.000,72572,96000,1999.083,120.0,4,26,2,0.01263,0.01263,0.01263,0.00000,0.00000
51.530,1,51511.000,72572,96000,1999.083,120.0,4,26,2,0.01263,0.01263,0.01263,0.00000,0.00000
51.530,2,51511.000,72572,96000,1999.083,120.0,4,26,2,0.01263,0.01263,0.01263,0.00000,0.00000
51.634,0,51615.000,77534,96000,1999.708,120.0,4,26,2,0.01269,0.01269,0.01269,0.00000,0.00000
51.634,1,51615.000,77534,96000,1999.708,120.0,4,26,2,0.01269,0.01269,0.01269,0.00000,0.00000
51.634,2,51615.000,77534,96000,1999.708,120.0,4,26,2,0.01269,0.01269,0.01269,0.00000,0.00000
51.734,0,51716.000,82377,96000,1999.812,120.0,4,26,2,0.01269,0.01269,0.01269,0.00000,0.00000
51.734,1,51716.000,82377,96000,1999.812,120.0,4,26,2,0.01269,0.01269,0.01269,0.00000,0.00000
51.734,2,51716.000,82377,96000,1999.812,120.0,4,26,2,0.01269,0.01269,0.01269,0.00000,0.00000
51.835,0,51816.000,87182,96000,1999.708,120.0,4,26,2,0.01264,0.01264,0.01264,0.00000,0.00000
51.835,1,51816.000,87182,96000,1999.708,120.0,4,26,2,0.01264,0.01264,0.01264,0.00000,0.00000
51.835,2,51816.000,87182,96000,1999.708,120.0,4,26,2,0.01264,0.01264,0.01264,0.00000,0.00000
51.939,0,51920.000,92172,96000,1999.750,120.0,4,26,2,0.01266,0.01266,0.01266,0.00000,0.00000
51.939,1,51920.000,92172,96000,1999.750,120.0,4,26,2,0.01266,0.01266,0.01266,0.00000,0.00000
51.939,2,51920.000,92172,96000,1999.750,120.0,4,26,2,0.01266,0.01266,0.01266,0.00000,0.00000
52.046,0,52027.000,1341,96000,1999.062,120.0,4,27,2,0.01273,0.01273,0.01273,0.00000,0.00000
52.046,1,52027.000,1341,96000,1999.062,120.0,4,27,2,0.01273,0.01273,0.01273,0.00000,0.00000
52.046,2,52027.000,1341,96000,1999.062,120.0,4,27,2,0.01273,0.01273,0.01273,0.00000,0.00000
52.150,0,52131.000,6307,96000,1999.604,120.0,4,27,2,0.01266,0.01266,0.01266,0.00000,0.00000
52.150,1,52131.000,6307,96000,1999.604,120.0,4,27,2,0.01266,0.01266,0.01266,0.00000,0.00000
52.150,2,52131.000,6307,96000,1999.604,120.0,4,27,2,0.01266,0.01266,0.01266,0.00000,0.00000
52.251,0,52232.000,11179,96000,1999.104,120.0,4,27,2,0.01263,0.01263,0.01263,0.00000,0.00000
52.251,1,52232.000,11179,96000,1999.104,120.0,4,27,2,0.01263,0.01263,0.01263,0.00000,0.00000
52.251,2,52232.000,11179,96000,1999.104,120.0,4,27,2,0.01263,0.01263,0.01263,0.00000,0.00000
52.351,0,52333.000,15986,96000,1999.958,120.0,4,27,2,0.01268,0.01268,0.01268,0.00000,0.00000
52.351,1,52333.000,15986,96000,1999.958,120.0,4,27,2,0.01268,0.01268,0.01268,0.00000,0.00000
52.351,2,52333.000,15986,96000,1999.958,120.0,4,27,2,0.01268,0.01268,0.01268,0.00000,0.00000
52.454,0,52435.000,20916,96000,1999.250,120.0,4,27,2,0.01269,0.01269,0.01269,0.00000,0.00000
52.454,1,52435.000,20916,96000,1999.250,120.0,4,27,2,0.01269,0.01269,0.01269,0.00000,0.00000
52.454,2,52435.000,20916,96000,1999.250,120.0,4,27,2,0.01269,0.01269,0.01269,0.00000,0.00000
52.558,0,52539.000,25919,96000,1999.021,120.0,4,27,2,0.01265,0.01265,0.01265,0.00000,0.00000
52.558,1,52539.000,25919,96000,1999.021,120.0,4,27,2,0.01265,0.01265,0.01265,0.00000,0.00000
52.558,2,52539.000,25919,96000,1999.021,120.0,4,27,2,0.01265,0.01265,0.01265,0.00000,0.00000
52.658,0,52640.000,30729,96000,1999.812,120.0,4,27,2,0.01266,0.01266,0.01266,0.00000,0.00000
52.658,1,52640.000,30729,96000,1999.812,120.0,4,27,2,0.01266,0.01266,0.01266,0.00000,0.00000
52.658,2,52640.000,30729,96000,1999.812,120.0,4,27,2,0.01266,0.01266,0.01266,0.00000,0.00000
52.762,0,52743.000,35702,96000,1999.208,120.0,4,27,2,0.01263,0.01263,0.01263,0.00000,0.00000
52.762,1,52743.000,35702,96000,1999.208,120.0,4,27,2,0.01263,0.01263,0.01263,0.00000,0.00000
52.762,2,52743.000,35702,96000,1999.208,120.0,4,27,2,0.01263,0.01263,0.01263,0.00000,0.00000
52.866,0,52847.000,40694,96000,1999.208,120.0,4,27,2,0.01269,0.01269,0.01269,0.00000,0.00000
52.866,1,52847.000,40694,96000,1999.208,120.0,4,27,2,0.01269,0.01269,0.01269,0.00000,0.00000
52.866,2,52847.000,40694,96000,1999.208,120.0,4,27,2,0.01269,0.01269,0.01269,0.00000,0.00000
52.970,0,52951.000,45686,96000,1999.208,120.0,4,27,2,0.01269,0.01269,0.01269,0.00000,0.00000
52.970,1,52951.000,45686,96000,1999.208,120.0,4,27,2,0.01269,0.01269,0.01269,0.00000,0.00000
52.970,2,52951.000,45686,96000,1999.208,120.0,4,27,2,0.01269,0.01269,0.01269,0.00000,0.00000
53.072,0,53053.000,50558,96000,1999.708,120.0,4,27,2,0.01263,0.01263,0.01263,0.00000,0.00000
53.072,1,53053.000,50558,96000,1999.708,120.0,4,27,2,0.01263,0.01263,0.01263,0.00000,0.00000
53.072,2,53053.000,50558,96000,1999.708,120.0,4,27,2,0.01263,0.01263,0.01263,0.00000,0.00000
53.173,0,53154.000,55416,96000,1999.500,120.0,4,27,2,0.01266,0.01266,0.01266,0.00000,0.00000
53.173,1,53154.000,55416,96000,1999.500,120.0,4,27,2,0.01266,0.01266,0.01266,0.00000,0.00000
53.173,2,53154.000,55416,96000,1999.500,120.0,4,27,2,0.01266,0.01266,0.01266,0.00000,0.00000
53.273,0,53254.000,60217,96000,1999.479,120.0,4,27,2,0.01260,0.01260,0.01260,0.00000,0.00000
53.273,1,53254.000,60217,96000,1999.479,120.0,4,27,2,0.01260,0.01260,0.01260,0.00000,0.00000
53.273,2,53254.000,60217,96000,1999.479,120.0,4,27,2,0.01260,0.01260,0.01260,0.00000,0.00000
53.375,0,53356.000,65107,96000,1999.604,120.0,4,27,2,0.01254,0.01254,0.01254,0.00000,0.00000
53.375,1,53356.000,65107,96000,1999.604,120.0,4,27,2,0.01254,0.01254,0.01254,0.00000,0.00000
53.375,2,53356.000,65107,96000,1999.604,120.0,4,27,2,0.01254,0.01254,0.01254,0.00000,0.00000
53.477,0,53458.000,70018,96000,1999.292,120.0,4,27,2,0.01269,0.01269,0.01269,0.00000,0.00000
53.477,1,53458.000,70018,96000,1999.292,120.0,4,27,2,0.01269,0.01269,0.01269,0.00000,0.00000
53.477,2,53458.000,70018,96000,1999.292,120.0,4,27,2,0.01269,0.01269,0.01269,0.00000,0.00000
53.581,0,53562.000,75000,96000,1999.500,120.0,4,27,2,0.01265,0.01265,0.01265,0.00000,0.00000
53.581,1,53562.000,75000,96000,1999.500,120.0,4,27,2,0.01265,0.01265,0.01265,0.00000,0.00000
53.581,2,53562.000,75000,96000,1999.500,120.0,4,27,2,0.01265,0.01265,0.01265,0.00000,0.00000
53.685,0,53666.000,79982,96000,1999.708,120.0,4,27,2,0.01266,0.01266,0.01266,0.00000,0.00000
53.685,1,53666.000,79982,96000,1999.708,120.0,4,27,2,0.01266,0.01266,0.01266,0.00000,0.00000
53.685,2,53666.000,79982,96000,1999.708,120.0,4,27,2,0.01266,0.01266,0.01266,0.00000,0.00000
53.787,0,53768.000,84882,96000,1999.625,120.0,4,27,2,0.01263,0.01263,0.01263,0.00000,0.00000
53.787,1,53768.000,84882,96000,1999.625,120.0,4,27,2,0.01263,0.01263,0.01263,0.00000,0.00000
53.787,2,53768.000,84882,96000,1999.625,120.0,4,27,2,0.01263,0.01263,0.01263,0.00000,0.00000
53.887,0,53869.000,89719,96000,1999.854,120.0,4,27,2,0.01268,0.01268,0.01268,0.00000,0.00000
53.887,1,53869.000,89719,96000,1999.854,120.0,4,27,2,0.01268,0.01268,0.01268,0.00000,0.00000
53.887,2,53869.000,89719,96000,1999.854,120.0,4,27,2,0.01268,0.01268,0.01268,0.00000,0.00000
53.991,0,53972.000,94693,96000,1999.229,120.0,4,27,2,0.01267,0.01267,0.01267,0.00000,0.00000
53.991,1,53972.000,94693,96000,1999.229,120.0,4,27,2,0.01267,0.01267,0.01267,0.00000,0.00000
53.991,2,53972.000,94693,96000,1999.229,120.0,4,27,2,0.01267,0.01267,0.01267,0.00000,0.00000
54.092,0,54074.000,3558,96000,1999.875,120.0,4,28,2,0.01259,0.01259,0.01259,0.00000,0.00000
54.092,1,54074.000,3558,96000,1999.875,120.0,4,28,2,0.01259,0.01259,0.01259,0.00000,0.00000
54.092,2,54074.000,3558,96000,1999.875,120.0,4,28,2,0.01259,0.01259,0.01259,0.00000,0.00000
54.197,0,54178.000,8565,96000,1999.562,120.0,4,28,2,0.01269,0.01269,0.01269,0.00000,0.00000
54.197,1,54178.000,8565,96000,1999.562,120.0,4,28,2,0.01269,0.01269,0.01269,0.00000,0.00000
54.197,2,54178.000,8565,96000,1999.562,120.0,4,28,2,0.01269,0.01269,0.01269,0.00000,0.00000
54.300,0,54281.000,13522,96000,1999.292,120.0,4,28,2,0.01265,0.01265,0.01265,0.00000,0.00000
54.300,1,54281.000,13522,96000,1999.292,120.0,4,28,2,0.01265,0.01265,0.01265,0.00000,0.00000
54.300,2,54281.000,13522,96000,1999.292,120.0,4,28,2,0.01265,0.01265,0.01265,0.00000,0.00000
54.403,0,54384.000,18451,96000,1999.604,120.0,4,28,2,0.01266,0.01266,0.01266,0.00000,0.00000
54.403,1,54384.000,18451,96000,1999.604,120.0,4,28,2,0.01266,0.01266,0.01266,0.00000,0.00000
54.403,2,54384.000,18451,96000,1999.604,120.0,4,28,2,0.01266,0.01266,0.01266,0.00000,0.00000
54.503,0,54484.000,23260,96000,1999.417,120.0,4,28,2,0.01256,0.01256,0.01256,0.00000,0.00000
54.503,1,54484.000,23260,96000,1999.417,120.0,4,28,2,0.01256,0.01256,0.01256,0.00000,0.00000
54.503,2,54484.000,23260,96000,1999.417,120.0,4,28,2,0.01256,0.01256,0.01256,0.00000,0.00000
54.605,0,54587.000,28179,96000,1999.938,120.0,4,28,2,0.01254,0.01254,0.01254,0.00000,0.00000
54.605,1,54587.000,28179,96000,1999.938,120.0,4,28,2,0.01254,0.01254,0.01254,0.00000,0.00000
54.605,2,54587.000,28179,96000,1999.938,120.0,4,28,2,0.01254,0.01254,0.01254,0.00000,0.00000
54.709,0,54690.000,33139,96000,1999.604,120.0,4,28,2,0.01269,0.01269,0.01269,0.00000,0.00000
54.709,1,54690.000,33139,96000,1999.604,120.0,4,28,2,0.01269,0.01269,0.01269,0.00000,0.00000
54.709,2,54690.000,33139,96000,1999.604,120.0,4,28,2,0.01269,0.01269,0.01269,0.00000,0.00000
54.810,0,54792.000,38017,96000,1999.979,120.0,4,28,2,0.01264,0.01264,0.01264,0.00000,0.00000
54.810,1,54792.000,38017,96000,1999.979,120.0,4,28,2,0.01264,0.01264,0.01264,0.00000,0.00000
54.810,2,54792.000,38017,96000,1999.979,120.0,4,28,2,0.01264,0.01264,0.01264,0.00000,0.00000
54.912,0,54893.000,42893,96000,1999.396,120.0,4,28,2,0.01266,0.01266,0.01266,0.00000,0.00000
54.912,1,54893.000,42893,96000,1999.396,120.0,4,28,2,0.01266,0.01266,0.01266,0.00000,0.00000
54.912,2,54893.000,42893,96000,1999.396,120.0,4,28,2,0.01266,0.01266,0.01266,0.00000,0.00000
55.015,0,54996.000,47840,96000,1999.333,120.0,4,28,2,0.01258,0.01258,0.01258,0.00000,0.00000
55.015,1,54996.000,47840,96000,1999.333,120.0,4,28,2,0.01258,0.01258,0.01258,0.00000,0.00000
55.015,2,54996.000,47840,96000,1999.333,120.0,4,28,2,0.01258,0.01258,0.01258,0.00000,0.00000
55.117,0,55098.000,52725,96000,1999.562,120.0,4,28,2,0.01259,0.01259,0.01259,0.00000,0.00000
55.117,1,55098.000,52725,96000,1999.562,120.0,4,28,2,0.01259,0.01259,0.01259,0.00000,0.00000
55.117,2,55098.000,52725,96000,1999.562,120.0,4,28,2,0.01259,0.01259,0.01259,0.00000,0.00000
55.220,0,55201.000,57662,96000,1999.708,120.0,4,28,2,0.01269,0.01269,0.01269,0.00000,0.00000
55.220,1,55201.000,57662,96000,1999.708,120.0,4,28,2,0.01269,0.01269,0.01269,0.00000,0.00000
55.220,2,55201.000,57662,96000,1999.708,120.0,4,28,2,0.01269,0.01269,0.01269,0.00000,0.00000
55.324,0,55305.000,62660,96000,1999.583,120.0,4,28,2,0.01265,0.01265,0.01265,0.00000,0.00000
55.324,1,55305.000,62660,96000,1999.583,120.0,4,28,2,0.01265,0.01265,0.01265,0.00000,0.00000
55.324,2,55305.000,62660,96000,1999.583,120.0,4,28,2,0.01265,0.01265,0.01265,0.00000,0.00000
55.425,0,55406.000,67499,96000,1999.771,120.0,4,28,2,0.01266,0.01266,0.01266,0.00000,0.00000
55.425,1,55406.000,67499,96000,1999.771,120.0,4,28,2,0.01266,0.01266,0.01266,0.00000,0.00000
55.425,2,55406.000,67499,96000,1999.771,120.0,4,28,2,0.01266,0.01266,0.01266,0.00000,0.00000
55.526,0,55507.000,72363,96000,1999.438,120.0,4,28,2,0.01258,0.01258,0.01258,0.00000,0.00000
55.526,1,55507.000,72363,96000,1999.438,120.0,4,28,2,0.01258,0.01258,0.01258,0.00000,0.00000
55.526,2,55507.000,72363,96000,1999.438,120.0,4,28,2,0.01258,0.01258,0.01258,0.00000,0.00000
55.629,0,55610.000,77305,96000,1999.479,120.0,4,28,2,0.01259,0.01259,0.01259,0.00000,0.00000
55.629,1,55610.000,77305,96000,1999.479,120.0,4,28,2,0.01259,0.01259,0.01259,0.00000,0.00000
55.629,2,55610.000,77305,96000,1999.479,120.0,4,28,2,0.01259,0.01259,0.01259,0.00000,0.00000
55.729,0,55710.000,82125,96000,1999.062,120.0,4,28,2,0.01265,0.01265,0.01265,0.00000,0.00000
55.729,1,55710.000,82125,96000,1999.062,120.0,4,28,2,0.01265,0.01265,0.01265,0.00000,0.00000
55.729,2,55710.000,82125,96000,1999.062,120.0,4,28,2,0.01265,0.01265,0.01265,0.00000,0.00000
55.830,0,55811.000,86952,96000,1999.500,120.0,4,28,2,0.01269,0.01269,0.01269,0.00000,0.00000
55.830,1,55811.000,86952,96000,1999.500,120.0,4,28,2,0.01269,0.01269,0.01269,0.00000,0.00000
55.830,2,55811.000,86952,96000,1999.500,120.0,4,28,2,0.01269,0.01269,0.01269,0.00000,0.00000
55.932,0,55913.000,91855,96000,1999.354,120.0,4,28,2,0.01264,0.01264,0.01264,0.00000,0.00000
55.932,1,55913.000,91855,96000,1999.354,120.0,4,28,2,0.01264,0.01264,0.01264,0.00000,0.00000
55.932,2,55913.000,91855,96000,1999.354,120.0,4,28,2,0.01264,0.01264,0.01264,0.00000,0.00000
56.047,0,56028.000,1378,96000,1999.292,120.0,4,29,2,0.12586,0.12573,0.12586,0.00000,0.00000
56.047,1,56028.000,1378,96000,1999.292,120.0,4,29,2,0.12573,0.12573,0.12558,0.00000,0.00000
56.047,2,56028.000,1378,96000,1999.292,120.0,4,29,2,0.12586,0.12558,0.12586,0.00000,0.00000
56.148,0,56129.000,6206,96000,1999.708,120.0,4,29,2,0.08284,0.08275,0.08284,0.00000,0.00000
56.148,1,56129.000,6206,96000,1999.708,120.0,4,29,2,0.08275,0.08275,0.08265,0.00000,0.00000
56.148,2,56129.000,6206,96000,1999.708,120.0,4,29,2,0.08284,0.08265,0.08284,0.00000,0.00000
56.248,0,56229.000,11028,96000,1999.250,120.0,4,29,2,0.05455,0.05449,0.05455,0.00000,0.00000
56.248,1,56229.000,11028,96000,1999.250,120.0,4,29,2,0.05449,0.05449,0.05443,0.00000,0.00000
56.248,2,56229.000,11028,96000,1999.250,120.0,4,29,2,0.05455,0.05443,0.05455,0.00000,0.00000
56.352,0,56333.000,16024,96000,1999.167,120.0,4,29,2,0.03538,0.03535,0.03538,0.00000,0.00000
56.352,1,56333.000,16024,96000,1999.167,120.0,4,29,2,0.03535,0.03535,0.03530,0.00000,0.00000
56.352,2,56333.000,16024,96000,1999.167,120.0,4,29,2,0.03538,0.03530,0.03538,0.00000,0.00000
56.455,0,56437.000,20979,96000,1999.938,120.0,4,29,2,0.02303,0.02301,0.02303,0.00000,0.00000
56.455,1,56437.000,20979,96000,1999.938,120.0,4,29,2,0.02301,0.02301,0.02298,0.00000,0.00000
56.455,2,56437.000,20979,96000,1999.938,120.0,4,29,2,0.02303,0.02298,0.02303,0.00000,0.00000
56.558,0,56540.000,25929,96000,1999.812,120.0,4,29,2,0.01500,0.01498,0.01500,0.00000,0.00000
56.558,1,56540.000,25929,96000,1999.812,120.0,4,29,2,0.01498,0.01498,0.01497,0.00000,0.00000
56.558,2,56540.000,25929,96000,1999.812,120.0,4,29,2,0.01500,0.01497,0.01500,0.00000,0.00000
56.660,0,56641.000,30807,96000,1999.188,120.0,4,29,2,0.01266,0.01266,0.01266,0.00000,0.00000
56.660,1,56641.000,30807,96000,1999.188,120.0,4,29,2,0.01266,0.01266,0.01266,0.00000,0.00000
56.660,2,56641.000,30807,96000,1999.188,120.0,4,29,2,0.01266,0.01266,0.01266,0.00000,0.00000
56.760,0,56742.000,35617,96000,1999.979,120.0,4,29,2,0.01260,0.01260,0.01260,0.00000,0.00000
56.760,1,56742.000,35617,96000,1999.979,120.0,4,29,2,0.01260,0.01260,0.01260,0.00000,0.00000
56.760,2,56742.000,35617,96000,1999.979,120.0,4,29,2,0.01260,0.01260,0.01260,0.00000,0.00000
56.860,0,56842.000,40421,96000,1999.896,120.0,4,29,2,0.01259,0.01259,0.01259,0.00000,0.00000
56.860,1,56842.000,40421,96000,1999.896,120.0,4,29,2,0.01259,0.01259,0.01259,0.00000,0.00000
56.860,2,56842.000,40421,96000,1999.896,120.0,4,29,2,0.01259,0.01259,0.01259,0.00000,0.00000
56.961,0,56943.000,45273,96000,1999.812,120.0,4,29,2,0.01269,0.01269,0.01269,0.00000,0.00000
56.961,1,56943.000,45273,96000,1999.812,120.0,4,29,2,0.01269,0.01269,0.01269,0.00000,0.00000
56.961,2,56943.000,45273,96000,1999.812,120.0,4,29,2,0.01269,0.01269,0.01269,0.00000,0.00000
57.065,0,57046.000,50233,96000,1999.479,120.0,4,29,2,0.01265,0.01265,0.01265,0.00000,0.00000
57.065,1,57046.000,50233,96000,1999.479,120.0,4,29,2,0.01265,0.01265,0.01265,0.00000,0.00000
57.065,2,57046.000,50233,96000,1999.479,120.0,4,29,2,0.01265,0.01265,0.01265,0.00000,0.00000
57.168,0,57149.000,55171,96000,1999.604,120.0,4,29,2,0.01266,0.01266,0.01266,0.00000,0.00000
57.168,1,57149.000,55171,96000,1999.604,120.0,4,29,2,0.01266,0.01266,0.01266,0.00000,0.00000
57.168,2,57149.000,55171,96000,1999.604,120.0,4,29,2,0.01266,0.01266,0.01266,0.00000,0.00000
57.270,0,57251.000,60094,96000,1999.042,120.0,4,29,2,0.01258,0.01258,0.01258,0.00000,0.00000
57.270,1,57251.000,60094,96000,1999.042,120.0,4,29,2,0.01258,0.01258,0.01258,0.00000,0.00000
57.270,2,57251.000,60094,96000,1999.042,120.0,4,29,2,0.01258,0.01258,0.01258,0.00000,0.00000
57.372,0,57354.000,64997,96000,1999.896,120.0,4,29,2,0.01259,0.01259,0.01259,0.00000,0.00000
57.372,1,57354.000,64997,96000,1999.896,120.0,4,29,2,0.01259,0.01259,0.01259,0.00000,0.00000
57.372,2,57354.000,64997,96000,1999.896,120.0,4,29,2,0.01259,0.01259,0.01259,0.00000,0.00000
57.475,0,57456.000,69925,96000,1999.229,120.0,4,29,2,0.01269,0.01269,0.01269,0.00000,0.00000
57.475,1,57456.000,69925,96000,1999.229,120.0,4,29,2,0.01269,0.01269,0.01269,0.00000,0.00000
57.475,2,57456.000,69925,96000,1999.229,120.0,4,29,2,0.01269,0.01269,0.01269,0.00000,0.00000
57.577,0,57558.000,74813,96000,1999.396,120.0,4,29,2,0.01265,0.01265,0.01265,0.00000,0.00000
57.577,1,57558.000,74813,96000,1999.396,120.0,4,29,2,0.01265,0.01265,0.01265,0.00000,0.00000
57.577,2,57558.000,74813,96000,1999.396,120.0,4,29,2,0.01265,0.01265,0.01265,0.00000,0.00000
57.681,0,57662.000,79805,96000,1999.396,120.0,4,29,2,0.01266,0.01266,0.01266,0.00000,0.00000
57.681,1,57662.000,79805,96000,1999.396,120.0,4,29,2,0.01266,0.01266,0.01266,0.00000,0.00000
57.681,2,57662.000,79805,96000,1999.396,120.0,4,29,2,0.01266,0.01266,0.01266,0.00000,0.00000
57.784,0,57765.000,84748,96000,1999.417,120.0,4,29,2,0.01260,0.01260,0.01260,0.00000,0.00000
57.784,1,57765.000,84748,96000,1999.417,120.0,4,29,2,0.01260,0.01260,0.01260,0.00000,0.00000
57.784,2,57765.000,84748,96000,1999.417,120.0,4,29,2,0.01260,0.01260,0.01260,0.00000,0.00000
57.888,0,57869.000,89723,96000,1999.771,120.0,4,29,2,0.01268,0.01268,0.01268,0.00000,0.00000
57.888,1,57869.000,89723,96000,1999.771,120.0,4,29,2,0.01268,0.01268,0.01268,0.00000,0.00000
57.888,2,57869.000,89723,96000,1999.771,120.0,4,29,2,0.01268,0.01268,0.01268,0.00000,0.00000
57.989,0,57971.000,94609,96000,1999.979,120.0,4,29,2,0.01269,0.01269,0.01269,0.00000,0.00000
57.989,1,57971.000,94609,96000,1999.979,120.0,4,29,2,0.01269,0.01269,0.01269,0.00000,0.00000
57.989,2,57971.000,94609,96000,1999.979,120.0,4,29,2,0.01269,0.01269,0.01269,0.00000,0.00000
58.092,0,58073.000,3527,96000,1999.521,120.0,4,30,2,0.01259,0.01259,0.01259,0.00000,0.00000
58.092,1,58073.000,3527,96000,1999.521,120.0,4,30,2,0.01259,0.01259,0.01259,0.00000,0.00000
58.092,2,58073.000,3527,96000,1999.521,120.0,4,30,2,0.01259,0.01259,0.00924,0.00000,0.00000
58.194,0,58175.000,8423,96000,1999.521,120.0,4,30,2,0.01269,0.01269,0.01269,0.00000,0.00000
58.194,1,58175.000,8423,96000,1999.521,120.0,4,30,2,0.01269,0.01269,0.01269,0.00000,0.00000
58.194,2,58175.000,8423,96000,1999.521,120.0,4,30,2,0.01269,0.01269,0.00604,0.00000,0.00000
58.294,0,58275.000,13242,96000,1999.125,120.0,4,30,2,0.01265,0.01265,0.01265,0.00000,0.00000
58.294,1,58275.000,13242,96000,1999.125,120.0,4,30,2,0.01265,0.01265,0.01265,0.00000,0.00000
58.294,2,58275.000,13242,96000,1999.125,120.0,4,30,2,0.01265,0.01265,0.00398,0.00000,0.00000
58.397,0,58379.000,18193,96000,1999.979,120.0,4,30,2,0.01264,0.01264,0.01264,0.00000,0.00000
58.397,1,58379.000,18193,96000,1999.979,120.0,4,30,2,0.01264,0.01264,0.01264,0.00000,0.00000
58.397,2,58379.000,18193,96000,1999.979,120.0,4,30,2,0.01264,0.01264,0.00259,0.00000,0.00000
58.497,0,58479.000,22997,96000,1999.896,120.0,4,30,2,0.01263,0.01263,0.01263,0.00000,0.00000
58.497,1,58479.000,22997,96000,1999.896,120.0,4,30,2,0.01263,0.01263,0.01263,0.00000,0.00000
58.497,2,58479.000,22997,96000,1999.896,120.0,4,30,2,0.01263,0.01263,0.00171,0.00000,0.00000
58.598,0,58579.000,27824,96000,1999.333,120.0,4,30,2,0.01266,0.01266,0.01266,0.00000,0.00000
58.598,1,58579.000,27824,96000,1999.333,120.0,4,30,2,0.01266,0.01266,0.01266,0.00000,0.00000
58.598,2,58579.000,27824,96000,1999.333,120.0,4,30,2,0.01266,0.01266,0.00113,0.00000,0.00000
58.702,0,58683.000,32805,96000,1999.562,120.0,4,30,2,0.01264,0.01264,0.01264,0.00000,0.00000
58.702,1,58683.000,32805,96000,1999.562,120.0,4,30,2,0.01264,0.01264,0.01264,0.00000,0.00000
58.702,2,58683.000,32805,96000,1999.562,120.0,4,30,2,0.01264,0.01264,0.00073,0.00000,0.00000
58.806,0,58787.000,37801,96000,1999.479,120.0,4,30,2,0.01265,0.01265,0.01265,0.00000,0.00000
58.806,1,58787.000,37801,96000,1999.479,120.0,4,30,2,0.01265,0.01265,0.01265,0.00000,0.00000
58.806,2,58787.000,37801,96000,1999.479,120.0,4,30,2,0.01265,0.01265,0.00047,0.00000,0.00000
58.910,0,58891.000,42791,96000,1999.521,120.0,4,30,2,0.01261,0.01261,0.01261,0.00000,0.00000
58.910,1,58891.000,42791,96000,1999.521,120.0,4,30,2,0.01261,0.01261,0.01261,0.00000,0.00000
58.910,2,58891.000,42791,96000,1999.521,120.0,4,30,2,0.01261,0.01261,0.00031,0.00000,0.00000
59.010,0,58992.000,47619,96000,1999.938,120.0,4,30,2,0.01259,0.01259,0.01259,0.00000,0.00000
59.010,1,58992.000,47619,96000,1999.938,120.0,4,30,2,0.01259,0.01259,0.01259,0.00000,0.00000
59.010,2,58992.000,47619,96000,1999.938,120.0,4,30,2,0.01259,0.01259,0.00020,0.00000,0.00000
59.114,0,59095.000,52576,96000,1999.667,120.0,4,30,2,0.01260,0.01260,0.01260,0.00000,0.00000
59.114,1,59095.000,52576,96000,1999.667,120.0,4,30,2,0.01260,0.01260,0.01260,0.00000,0.00000
59.114,2,59095.000,52576,96000,1999.667,120.0,4,30,2,0.01260,0.01260,0.00013,0.00000,0.00000
59.215,0,59196.000,57424,96000,1999.667,120.0,4,30,2,0.01264,0.01264,0.01264,0.00000,0.00000
59.215,1,59196.000,57424,96000,1999.667,120.0,4,30,2,0.01264,0.01264,0.01264,0.00000,0.00000
59.215,2,59196.000,57424,96000,1999.667,120.0,4,30,2,0.01264,0.01264,0.00009,0.00000,0.00000
59.316,0,59297.000,62276,96000,1999.583,120.0,4,30,2,0.01269,0.01269,0.01269,0.00000,0.00000
59.316,1,59297.000,62276,96000,1999.583,120.0,4,30,2,0.01269,0.01269,0.01269,0.00000,0.00000
59.316,2,59297.000,62276,96000,1999.583,120.0,4,30,2,0.01269,0.01269,0.00006,0.00000,0.00000
59.418,0,59399.000,67196,96000,1999.083,120.0,4,30,2,0.01269,0.01269,0.01269,0.00000,0.00000
59.418,1,59399.000,67196,96000,1999.083,120.0,4,30,2,0.01269,0.01269,0.01269,0.00000,0.00000
59.418,2,59399.000,67196,96000,1999.083,120.0,4,30,2,0.01269,0.01269,0.00004,0.00000,0.00000
59.519,0,59500.000,72021,96000,1999.562,120.0,4,30,2,0.01265,0.01265,0.01265,0.00000,0.00000
59.519,1,59500.000,72021,96000,1999.562,120.0,4,30,2,0.01265,0.01265,0.01265,0.00000,0.00000
59.519,2,59500.000,72021,96000,1999.562,120.0,4,30,2,0.01265,0.01265,0.00002,0.00000,0.00000
59.623,0,59604.000,77012,96000,1999.583,120.0,4,30,2,0.01261,0.01261,0.01261,0.00000,0.00000
59.623,1,59604.000,77012,96000,1999.583,120.0,4,30,2,0.01261,0.01261,0.01261,0.00000,0.00000
59.623,2,59604.000,77012,96000,1999.583,120.0,4,30,2,0.01261,0.01261,0.00002,0.00000,0.00000
59.726,0,59707.000,81980,96000,1999.083,120.0,4,30,2,0.01264,0.01264,0.01264,0.00000,0.00000
59.726,1,59707.000,81980,96000,1999.083,120.0,4,30,2,0.01264,0.01264,0.01264,0.00000,0.00000
59.726,2,59707.000,81980,96000,1999.083,120.0,4,30,2,0.01264,0.01264,0.00001,0.00000,0.00000
59.829,0,59811.000,86930,96000,1999.958,120.0,4,30,2,0.01269,0.01269,0.01269,0.00000,0.00000
59.829,1,59811.000,86930,96000,1999.958,120.0,4,30,2,0.01269,0.01269,0.01269,0.00000,0.00000
59.829,2,59811.000,86930,96000,1999.958,120.0,4,30,2,0.01269,0.01269,0.00001,0.00000,0.00000
59.931,0,59912.000,91785,96000,1999.812,120.0,4,30,2,0.01269,0.01269,0.01269,0.00000,0.00000
59.931,1,59912.000,91785,96000,1999.812,120.0,4,30,2,0.01269,0.01269,0.01269,0.00000,0.00000
59.931,2,59912.000,91785,96000,1999.812,120.0,4,30,2,0.01269,0.01269,0.00000,0.00000,0.00000
60.050,0,60031.000,1531,96000,1999.104,120.0,4,31,2,0.01273,0.01273,0.01273,0.00000,0.00000
60.050,1,60031.000,1531,96000,1999.104,120.0,4,31,2,0.01273,0.01273,0.01273,0.00000,0.00000
60.050,2,60031.000,1531,96000,1999.104,120.0,4,31,2,0.01273,0.01273,0.01273,0.00000,0.00000
60.154,0,60135.000,6514,96000,1999.292,120.0,4,31,2,0.01260,0.01260,0.01260,0.00000,0.00000
60.154,1,60135.000,6514,96000,1999.292,120.0,4,31,2,0.01260,0.01260,0.01260,0.00000,0.00000
60.154,2,60135.000,6514,96000,1999.292,120.0,4,31,2,0.01260,0.01260,0.01260,0.00000,0.00000
60.258,0,60239.000,11487,96000,1999.688,120.0,4,31,2,0.01269,0.01269,0.01269,0.00000,0.00000
60.258,1,60239.000,11487,96000,1999.688,120.0,4,31,2,0.01269,0.01269,0.01269,0.00000,0.00000
60.258,2,60239.000,11487,96000,1999.688,120.0,4,31,2,0.01269,0.01269,0.01269,0.00000,0.00000
60.361,0,60342.000,16449,96000,1999.312,120.0,4,31,2,0.01265,0.01265,0.01265,0.00000,0.00000
60.361,1,60342.000,16449,96000,1999.312,120.0,4,31,2,0.01265,0.01265,0.01265,0.00000,0.00000
60.361,2,60342.000,16449,96000,1999.312,120.0,4,31,2,0.01265,0.01265,0.01265,0.00000,0.00000
60.464,0,60446.000,21412,96000,1999.917,120.0,4,31,2,0.01266,0.01266,0.01266,0.00000,0.00000
60.464,1,60446.000,21412,96000,1999.917,120.0,4,31,2,0.01266,0.01266,0.01266,0.00000,0.00000
60.464,2,60446.000,21412,96000,1999.917,120.0,4,31,2,0.01266,0.01266,0.01266,0.00000,0.00000
60.567,0,60548.000,26351,96000,1999.021,120.0,4,31,2,0.01258,0.01258,0.01258,0.00000,0.00000
60.567,1,60548.000,26351,96000,1999.021,120.0,4,31,2,0.01258,0.01258,0.01258,0.00000,0.00000
60.567,2,60548.000,26351,96000,1999.021,120.0,4,31,2,0.01258,0.01258,0.01258,0.00000,0.00000
60.668,0,60650.000,31203,96000,1999.938,120.0,4,31,2,0.01259,0.01259,0.01259,0.00000,0.00000
60.668,1,60650.000,31203,96000,1999.938,120.0,4,31,2,0.01259,0.01259,0.01259,0.00000,0.00000
60.668,2,60650.000,31203,96000,1999.938,120.0,4,31,2,0.01259,0.01259,0.01259,0.00000,0.00000
60.773,0,60754.000,36216,96000,1999.500,120.0,4,31,2,0.01269,0.01269,0.01269,0.00000,0.00000
60.773,1,60754.000,36216,96000,1999.500,120.0,4,31,2,0.01269,0.01269,0.01269,0.00000,0.00000
60.773,2,60754.000,36216,96000,1999.500,120.0,4,31,2,0.01269,0.01269,0.01269,0.00000,0.00000
60.876,0,60857.000,41168,96000,1999.333,120.0,4,31,2,0.01265,0.01265,0.01265,0.00000,0.00000
60.876,1,60857.000,41168,96000,1999.333,120.0,4,31,2,0.01265,0.01265,0.01265,0.00000,0.00000
60.876,2,60857.000,41168,96000,1999.333,120.0,4,31,2,0.01265,0.01265,0.01265,0.00000,0.00000
60.976,0,60957.000,45970,96000,1999.292,120.0,4,31,2,0.01266,0.01266,0.01266,0.00000,0.00000
60.976,1,60957.000,45970,96000,1999.292,120.0,4,31,2,0.01266,0.01266,0.01266,0.00000,0.00000
60.976,2,60957.000,45970,96000,1999.292,120.0,4,31,2,0.01266,0.01266,0.01266,0.00000,0.00000
61.078,0,61059.000,50858,96000,1999.458,120.0,4,31,2,0.01258,0.01258,0.01258,0.00000,0.00000
61.078,1,61059.000,50858,96000,1999.458,120.0,4,31,2,0.01258,0.01258,0.01258,0.00000,0.00000
61.078,2,61059.000,50858,96000,1999.458,120.0,4,31,2,0.01258,0.01258,0.01258,0.00000,0.00000
61.181,0,61163.000,55833,96000,1999.812,120.0,4,31,2,0.01259,0.01259,0.01259,0.00000,0.00000
61.181,1,61163.000,55833,96000,1999.812,120.0,4,31,2,0.01259,0.01259,0.01259,0.00000,0.00000
61.181,2,61163.000,55833,96000,1999.812,120.0,4,31,2,0.01259,0.01259,0.01259,0.00000,0.00000
61.284,0,61265.000,60747,96000,1999.438,120.0,4,31,2,0.01269,0.01269,0.01269,0.00000,0.00000
61.284,1,61265.000,60747,96000,1999.438,120.0,4,31,2,0.01269,0.01269,0.01269,0.00000,0.00000
61.284,2,61265.000,60747,96000,1999.438,120.0,4,31,2,0.01269,0.01269,0.01269,0.00000,0.00000
61.384,0,61365.000,65565,96000,1999.062,120.0,4,31,2,0.01265,0.01265,0.01265,0.00000,0.00000
61.384,1,61365.000,65565,96000,1999.062,120.0,4,31,2,0.01265,0.01265,0.01265,0.00000,0.00000
61.384,2,61365.000,65565,96000,1999.062,120.0,4,31,2,0.01265,0.01265,0.01265,0.00000,0.00000
61.485,0,61467.000,70418,96000,1999.958,120.0,4,31,2,0.01264,0.01264,0.01264,0.00000,0.00000
61.485,1,61467.000,70418,96000,1999.958,120.0,4,31,2,0.01264,0.01264,0.01264,0.00000,0.00000
61.485,2,61467.000,70418,96000,1999.958,120.0,4,31,2,0.01264,0.01264,0.01264,0.00000,0.00000
61.589,0,61570.000,75386,96000,1999.458,120.0,4,31,2,0.01258,0.01258,0.01258,0.00000,0.00000
61.589,1,61570.000,75386,96000,1999.458,120.0,4,31,2,0.01258,0.01258,0.01258,0.00000,0.00000
61.589,2,61570.000,75386,96000,1999.458,120.0,4,31,2,0.01258,0.01258,0.01258,0.00000,0.00000
61.693,0,61674.000,80365,96000,1999.729,120.0,4,31,2,0.01259,0.01259,0.01259,0.00000,0.00000
61.693,1,61674.000,80365,96000,1999.729,120.0,4,31,2,0.01259,0.01259,0.01259,0.00000,0.00000
61.693,2,61674.000,80365,96000,1999.729,120.0,4,31,2,0.01259,0.01259,0.01259,0.00000,0.00000
61.793,0,61774.000,85173,96000,1999.562,120.0,4,31,2,0.01265,0.01265,0.01265,0.00000,0.00000
61.793,1,61774.000,85173,96000,1999.562,120.0,4,31,2,0.01265,0.01265,0.01265,0.00000,0.00000
61.793,2,61774.000,85173,96000,1999.562,120.0,4,31,2,0.01265,0.01265,0.01265,0.00000,0.00000
61.893,0,61874.000,89977,96000,1999.479,120.0,4,31,2,0.01269,0.01269,0.01269,0.00000,0.00000
61.893,1,61874.000,89977,96000,1999.479,120.0,4,31,2,0.01269,0.01269,0.01269,0.00000,0.00000
61.893,2,61874.000,89977,96000,1999.479,120.0,4,31,2,0.01269,0.01269,0.01269,0.00000,0.00000
61.996,0,61977.000,94933,96000,1999.229,120.0,4,31,2,0.01264,0.01264,0.01264,0.00000,0.00000
61.996,1,61977.000,94933,96000,1999.229,120.0,4,31,2,0.01264,0.01264,0.01264,0.00000,0.00000
61.996,2,61977.000,94933,96000,1999.229,120.0,4,31,2,0.01264,0.01264,0.01264,0.00000,0.00000
62.096,0,62077.000,3737,96000,1999.146,120.0,4,32,2,0.01268,0.01268,0.01268,0.00000,0.00000
62.096,1,62077.000,3737,96000,1999.146,120.0,4,32,2,0.01268,0.01268,0.01268,0.00000,0.00000
62.096,2,62077.000,3737,96000,1999.146,120.0,4,32,2,0.01268,0.01268,0.01268,0.00000,0.00000
62.198,0,62180.000,8641,96000,1999.979,120.0,4,32,2,0.01269,0.01269,0.01269,0.00000,0.00000
62.198,1,62180.000,8641,96000,1999.979,120.0,4,32,2,0.01269,0.01269,0.01269,0.00000,0.00000
62.198,2,62180.000,8641,96000,1999.979,120.0,4,32,2,0.01269,0.01269,0.01269,0.00000,0.00000
62.300,0,62281.000,13517,96000,1999.396,120.0,4,32,2,0.01265,0.01265,0.01265,0.00000,0.00000
62.300,1,62281.000,13517,96000,1999.396,120.0,4,32,2,0.01265,0.01265,0.01265,0.00000,0.00000
62.300,2,62281.000,13517,96000,1999.396,120.0,4,32,2,0.01265,0.01265,0.01265,0.00000,0.00000
62.401,0,62382.000,18375,96000,1999.188,120.0,4,32,2,0.01266,0.01266,0.01266,0.00000,0.00000
62.401,1,62382.000,18375,96000,1999.188,120.0,4,32,2,0.01266,0.01266,0.01266,0.00000,0.00000
62.401,2,62382.000,18375,96000,1999.188,120.0,4,32,2,0.01266,0.01266,0.01266,0.00000,0.00000
62.502,0,62483.000,23220,96000,1999.250,120.0,4,32,2,0.01260,0.01260,0.01259,0.00000,0.00000
62.502,1,62483.000,23220,96000,1999.250,120.0,4,32,2,0.01261,0.01260,0.01261,0.00000,0.00000
62.502,2,62483.000,23220,96000,1999.250,120.0,4,32,2,0.01261,0.01261,0.01259,0.00000,0.00000
62.605,0,62586.000,28168,96000,1999.167,120.0,4,32,2,0.09673,0.09649,0.09673,0.00000,0.00000
62.605,1,62586.000,28168,96000,1999.167,120.0,4,32,2,0.09665,0.09649,0.09665,0.00000,0.00000
62.605,2,62586.000,28168,96000,1999.167,120.0,4,32,2,0.09673,0.09665,0.09673,0.00000,0.00000
62.705,0,62686.000,32968,96000,1999.167,120.0,4,32,2,0.06382,0.06366,0.06382,0.00000,0.00000
62.705,1,62686.000,32968,96000,1999.167,120.0,4,32,2,0.06377,0.06366,0.06377,0.00000,0.00000
62.705,2,62686.000,32968,96000,1999.167,120.0,4,32,2,0.06382,0.06377,0.06382,0.00000,0.00000
62.807,0,62788.000,37838,96000,1999.708,120.0,4,32,2,0.04185,0.04174,0.04185,0.00000,0.00000
62.807,1,62788.000,37838,96000,1999.708,120.0,4,32,2,0.04182,0.04174,0.04182,0.00000,0.00000
62.807,2,62788.000,37838,96000,1999.708,120.0,4,32,2,0.04185,0.04182,0.04185,0.00000,0.00000
62.910,0,62891.000,42808,96000,1999.167,120.0,4,32,2,0.02721,0.02714,0.02721,0.00000,0.00000
62.910,1,62891.000,42808,96000,1999.167,120.0,4,32,2,0.02718,0.02714,0.02718,0.00000,0.00000
62.910,2,62891.000,42808,96000,1999.167,120.0,4,32,2,0.02721,0.02718,0.02721,0.00000,0.00000
63.013,0,62994.000,47721,96000,1999.812,120.0,4,32,2,0.01778,0.01773,0.01778,0.00000,0.00000
63.013,1,62994.000,47721,96000,1999.812,120.0,4,32,2,0.01776,0.01773,0.01776,0.00000,0.00000
63.013,2,62994.000,47721,96000,1999.812,120.0,4,32,2,0.01778,0.01776,0.01778,0.00000,0.00000
63.114,0,63095.000,52601,96000,1999.146,120.0,4,32,2,0.01260,0.01260,0.01260,0.00000,0.00000
63.114,1,63095.000,52601,96000,1999.146,120.0,4,32,2,0.01260,0.01260,0.01260,0.00000,0.00000
63.114,2,63095.000,52601,96000,1999.146,120.0,4,32,2,0.01260,0.01260,0.01260,0.00000,0.00000
63.214,0,63195.000,57405,96000,1999.062,120.0,4,32,2,0.01264,0.01264,0.01264,0.00000,0.00000
63.214,1,63195.000,57405,96000,1999.062,120.0,4,32,2,0.01264,0.01264,0.01264,0.00000,0.00000
63.214,2,63195.000,57405,96000,1999.062,120.0,4,32,2,0.01264,0.01264,0.01264,0.00000,0.00000
63.316,0,63298.000,62310,96000,1999.875,120.0,4,32,2,0.01269,0.01269,0.01269,0.00000,0.00000
63.316,1,63298.000,62310,96000,1999.875,120.0,4,32,2,0.01269,0.01269,0.01269,0.00000,0.00000
63.316,2,63298.000,62310,96000,1999.875,120.0,4,32,2,0.01269,0.01269,0.01269,0.00000,0.00000
63.417,0,63398.000,67123,96000,1999.604,120.0,4,32,2,0.01269,0.01269,0.01269,0.00000,0.00000
63.417,1,63398.000,67123,96000,1999.604,120.0,4,32,2,0.01269,0.01269,0.01269,0.00000,0.00000
63.417,2,63398.000,67123,96000,1999.604,120.0,4,32,2,0.01269,0.01269,0.01269,0.00000,0.00000
63.521,0,63502.000,72122,96000,1999.458,120.0,4,32,2,0.01263,0.01263,0.01263,0.00000,0.00000
63.521,1,63502.000,72122,96000,1999.458,120.0,4,32,2,0.01263,0.01263,0.01263,0.00000,0.00000
63.521,2,63502.000,72122,96000,1999.458,120.0,4,32,2,0.01263,0.01263,0.01263,0.00000,0.00000
63.622,0,63603.000,76978,96000,1999.292,120.0,4,32,2,0.01261,0.01261,0.01261,0.00000,0.00000
63.622,1,63603.000,76978,96000,1999.292,120.0,4,32,2,0.01261,0.01261,0.01261,0.00000,0.00000
63.622,2,63603.000,76978,96000,1999.292,120.0,4,32,2,0.01261,0.01261,0.01261,0.00000,0.00000
63.724,0,63706.000,81897,96000,1999.812,120.0,4,32,2,0.01264,0.01264,0.01264,0.00000,0.00000
63.724,1,63706.000,81897,96000,1999.812,120.0,4,32,2,0.01264,0.01264,0.01264,0.00000,0.00000
63.724,2,63706.000,81897,96000,1999.812,120.0,4,32,2,0.01264,0.01264,0.01264,0.00000,0.00000
63.826,0,63807.000,86749,96000,1999.729,120.0,4,32,2,0.01269,0.01269,0.01269,0.00000,0.00000
63.826,1,63807.000,86749,96000,1999.729,120.0,4,32,2,0.01269,0.01269,0.01269,0.00000,0.00000
63.826,2,63807.000,86749,96000,1999.729,120.0,4,32,2,0.01269,0.01269,0.01269,0.00000,0.00000
63.927,0,63908.000,91604,96000,1999.583,120.0,4,32,2,0.01269,0.01269,0.01269,0.00000,0.00000
63.927,1,63908.000,91604,96000,1999.583,120.0,4,32,2,0.01269,0.01269,0.01269,0.00000,0.00000
63.927,2,63908.000,91604,96000,1999.583,120.0,4,32,2,0.01269,0.01269,0.01269,0.00000,0.00000
64.027,0,64008.000,411,96000,1999.438,120.0,4,33,2,0.01261,0.01261,0.01261,0.00000,0.00000
64.027,1,64008.000,411,96000,1999.438,120.0,4,33,2,0.01261,0.01261,0.01261,0.00000,0.00000
64.027,2,64008.000,411,96000,1999.438,120.0,4,33,2,0.01261,0.01261,0.01261,0.00000,0.00000
64.127,0,64108.000,5218,96000,1999.292,120.0,4,33,2,0.01264,0.01264,0.01264,0.00000,0.00000
64.127,1,64108.000,5218,96000,1999.292,120.0,4,33,2,0.01264,0.01264,0.01264,0.00000,0.00000
64.127,2,64108.000,5218,96000,1999.292,120.0,4,33,2,0.01264,0.01264,0.01264,0.00000,0.00000
64.229,0,64210.000,10113,96000,1999.312,120.0,4,33,2,0.01269,0.01269,0.01269,0.00000,0.00000
64.229,1,64210.000,10113,96000,1999.312,120.0,4,33,2,0.01269,0.01269,0.01269,0.00000,0.00000
64.229,2,64210.000,10113,96000,1999.312,120.0,4,33,2,0.01269,0.01269,0.01269,0.00000,0.00000
64.330,0,64311.000,14969,96000,1999.146,120.0,4,33,2,0.01269,0.01269,0.01269,0.00000,0.00000
64.330,1,64311.000,14969,96000,1999.146,120.0,4,33,2,0.01269,0.01269,0.01269,0.00000,0.00000
64.330,2,64311.000,14969,96000,1999.146,120.0,4,33,2,0.01269,0.01269,0.01269,0.00000,0.00000
64.434,0,64415.000,19967,96000,1999.021,120.0,4,33,2,0.01259,0.01259,0.01259,0.00000,0.00000
64.434,1,64415.000,19967,96000,1999.021,120.0,4,33,2,0.01259,0.01259,0.01259,0.00000,0.00000
64.434,2,64415.000,19967,96000,1999.021,120.0,4,33,2,0.01259,0.01259,0.01259,0.00000,0.00000
64.537,0,64518.000,24877,96000,1999.729,120.0,4,33,2,0.01260,0.01260,0.01260,0.00000,0.00000
64.537,1,64518.000,24877,96000,1999.729,120.0,4,33,2,0.01260,0.01260,0.01260,0.00000,0.00000
64.537,2,64518.000,24877,96000,1999.729,120.0,4,33,2,0.01260,0.01260,0.01260,0.00000,0.00000
64.641,0,64622.000,29876,96000,1999.583,120.0,4,33,2,0.01265,0.01265,0.01265,0.00000,0.00000
64.641,1,64622.000,29876,96000,1999.583,120.0,4,33,2,0.01265,0.01265,0.01265,0.00000,0.00000
64.641,2,64622.000,29876,96000,1999.583,120.0,4,33,2,0.01265,0.01265,0.01265,0.00000,0.00000
64.741,0,64722.000,34684,96000,1999.417,120.0,4,33,2,0.01269,0.01269,0.01269,0.00000,0.00000
64.741,1,64722.000,34684,96000,1999.417,120.0,4,33,2,0.01269,0.01269,0.01269,0.00000,0.00000
64.741,2,64722.000,34684,96000,1999.417,120.0,4,33,2,0.01269,0.01269,0.01269,0.00000,0.00000
64.843,0,64825.000,39606,96000,1999.875,120.0,4,33,2,0.01269,0.01269,0.01269,0.00000,0.00000
64.843,1,64825.000,39606,96000,1999.875,120.0,4,33,2,0.01269,0.01269,0.01269,0.00000,0.00000
64.843,2,64825.000,39606,96000,1999.875,120.0,4,33,2,0.01269,0.01269,0.01269,0.00000,0.00000
64.945,0,64927.000,44500,96000,1999.917,120.0,4,33,2,0.01263,0.01263,0.01263,0.00000,0.00000
64.945,1,64927.000,44500,96000,1999.917,120.0,4,33,2,0.01263,0.01263,0.01263,0.00000,0.00000
64.945,2,64927.000,44500,96000,1999.917,120.0,4,33,2,0.01263,0.01263,0.01263,0.00000,0.00000
65.047,0,65028.000,49389,96000,1999.062,120.0,4,33,2,0.01261,0.01261,0.01261,0.00000,0.00000
65.047,1,65028.000,49389,96000,1999.062,120.0,4,33,2,0.01261,0.01261,0.01261,0.00000,0.00000
65.047,2,65028.000,49389,96000,1999.062,120.0,4,33,2,0.01261,0.01261,0.01261,0.00000,0.00000
65.149,0,65130.000,54281,96000,1999.146,120.0,4,33,2,0.01264,0.01264,0.01264,0.00000,0.00000
65.149,1,65130.000,54281,96000,1999.146,120.0,4,33,2,0.01264,0.01264,0.01264,0.00000,0.00000
65.149,2,65130.000,54281,96000,1999.146,120.0,4,33,2,0.01264,0.01264,0.01264,0.00000,0.00000
65.251,0,65232.000,59179,96000,1999.104,120.0,4,33,2,0.01269,0.01269,0.01269,0.00000,0.00000
65.251,1,65232.000,59179,96000,1999.104,120.0,4,33,2,0.01269,0.01269,0.01269,0.00000,0.00000
65.251,2,65232.000,59179,96000,1999.104,120.0,4,33,2,0.01269,0.01269,0.01269,0.00000,0.00000
65.355,0,65336.000,64175,96000,1999.021,120.0,4,33,2,0.01269,0.01269,0.01269,0.00000,0.00000
65.355,1,65336.000,64175,96000,1999.021,120.0,4,33,2,0.01269,0.01269,0.01269,0.00000,0.00000
65.355,2,65336.000,64175,96000,1999.021,120.0,4,33,2,0.01269,0.01269,0.01269,0.00000,0.00000
65.458,0,65439.000,69111,96000,1999.188,120.0,4,33,2,0.01259,0.01259,0.01259,0.00000,0.00000
65.458,1,65439.000,69111,96000,1999.188,120.0,4,33,2,0.01259,0.01259,0.01259,0.00000,0.00000
65.458,2,65439.000,69111,96000,1999.188,120.0,4,33,2,0.01259,0.01259,0.01259,0.00000,0.00000
65.560,0,65541.000,73978,96000,1999.792,120.0,4,33,2,0.01260,0.01260,0.01260,0.00000,0.00000
65.560,1,65541.000,73978,96000,1999.792,120.0,4,33,2,0.01260,0.01260,0.01260,0.00000,0.00000
65.560,2,65541.000,73978,96000,1999.792,120.0,4,33,2,0.01260,0.01260,0.01260,0.00000,0.00000
65.661,0,65643.000,78865,96000,1999.979,120.0,4,33,2,0.01264,0.01264,0.01264,0.00000,0.00000
65.661,1,65643.000,78865,96000,1999.979,120.0,4,33,2,0.01264,0.01264,0.01264,0.00000,0.00000
65.661,2,65643.000,78865,96000,1999.979,120.0,4,33,2,0.01264,0.01264,0.01264,0.00000,0.00000
65.762,0,65743.000,83678,96000,1999.708,120.0,4,33,2,0.01269,0.01269,0.01269,0.00000,0.00000
65.762,1,65743.000,83678,96000,1999.708,120.0,4,33,2,0.01269,0.01269,0.01269,0.00000,0.00000
65.762,2,65743.000,83678,96000,1999.708,120.0,4,33,2,0.01269,0.01269,0.01269,0.00000,0.00000
65.864,0,65845.000,88586,96000,1999.458,120.0,4,33,2,0.01269,0.01269,0.01269,0.00000,0.00000
65.864,1,65845.000,88586,96000,1999.458,120.0,4,33,2,0.01269,0.01269,0.01269,0.00000,0.00000
65.864,2,65845.000,88586,96000,1999.458,120.0,4,33,2,0.01269,0.01269,0.01269,0.00000,0.00000
65.964,0,65945.000,93404,96000,1999.083,120.0,4,33,2,0.01265,0.01265,0.01265,0.00000,0.00000
65.964,1,65945.000,93404,96000,1999.083,120.0,4,33,2,0.01265,0.01265,0.01265,0.00000,0.00000
65.964,2,65945.000,93404,96000,1999.083,120.0,4,33,2,0.01265,0.01265,0.01265,0.00000,0.00000
66.065,0,66046.000,2253,96000,1999.062,120.0,4,34,2,0.01265,0.01265,0.01265,0.00000,0.00000
66.065,1,66046.000,2253,96000,1999.062,120.0,4,34,2,0.01265,0.01265,0.01265,0.00000,0.00000
66.065,2,66046.000,2253,96000,1999.062,120.0,4,34,2,0.01265,0.01265,0.01265,0.00000,0.00000
66.171,0,66152.000,7306,96000,1999.792,120.0,4,34,2,0.01265,0.01265,0.01265,0.00000,0.00000
66.171,1,66152.000,7306,96000,1999.792,120.0,4,34,2,0.01265,0.01265,0.01265,0.00000,0.00000
66.171,2,66152.000,7306,96000,1999.792,120.0,4,34,2,0.01265,0.01265,0.01265,0.00000,0.00000
66.275,0,66256.000,12331,96000,1999.104,120.0,4,34,2,0.01266,0.01266,0.01266,0.00000,0.00000
66.275,1,66256.000,12331,96000,1999.104,120.0,4,34,2,0.01266,0.01266,0.01266,0.00000,0.00000
66.275,2,66256.000,12331,96000,1999.104,120.0,4,34,2,0.01266,0.01266,0.01266,0.00000,0.00000
66.377,0,66358.000,17203,96000,1999.604,120.0,4,34,2,0.01260,0.01260,0.01260,0.00000,0.00000
66.377,1,66358.000,17203,96000,1999.604,120.0,4,34,2,0.01260,0.01260,0.01260,0.00000,0.00000
66.377,2,66358.000,17203,96000,1999.604,120.0,4,34,2,0.01260,0.01260,0.01260,0.00000,0.00000
66.477,0,66458.000,22010,96000,1999.458,120.0,4,34,2,0.01259,0.01259,0.01259,0.00000,0.00000
66.477,1,66458.000,22010,96000,1999.458,120.0,4,34,2,0.01259,0.01259,0.01259,0.00000,0.00000
66.477,2,66458.000,22010,96000,1999.458,120.0,4,34,2,0.01259,0.01259,0.01259,0.00000,0.00000
66.578,0,66559.000,26866,96000,1999.292,120.0,4,34,2,0.01269,0.01269,0.01269,0.00000,0.00000
66.578,1,66559.000,26866,96000,1999.292,120.0,4,34,2,0.01269,0.01269,0.01269,0.00000,0.00000
66.578,2,66559.000,26866,96000,1999.292,120.0,4,34,2,0.01269,0.01269,0.01269,0.00000,0.00000
66.680,0,66662.000,31776,96000,0.000,120.0,4,34,2,0.01265,0.01265,0.01265,0.00000,0.00000
66.680,1,66662.000,31776,96000,0.000,120.0,4,34,2,0.01265,0.01265,0.01265,0.00000,0.00000
66.680,2,66662.000,31776,96000,0.000,120.0,4,34,2,0.01265,0.01265,0.01265,0.00000,0.00000
66.781,0,66762.000,36597,96000,1999.562,120.0,4,34,2,0.01264,0.01264,0.01264,0.00000,0.00000
66.781,1,66762.000,36597,96000,1999.562,120.0,4,34,2,0.01264,0.01264,0.01264,0.00000,0.00000
66.781,2,66762.000,36597,96000,1999.562,120.0,4,34,2,0.01264,0.01264,0.01264,0.00000,0.00000
66.883,0,66864.000,41491,96000,1999.604,120.0,4,34,2,0.01259,0.01259,0.01259,0.00000,0.00000
66.883,1,66864.000,41491,96000,1999.604,120.0,4,34,2,0.01259,0.01259,0.01259,0.00000,0.00000
66.883,2,66864.000,41491,96000,1999.604,120.0,4,34,2,0.01259,0.01259,0.01259,0.00000,0.00000
66.986,0,66967.000,46428,96000,1999.750,120.0,4,34,2,0.01260,0.01260,0.01260,0.00000,0.00000
66.986,1,66967.000,46428,96000,1999.750,120.0,4,34,2,0.01260,0.01260,0.01260,0.00000,0.00000
66.986,2,66967.000,46428,96000,1999.750,120.0,4,34,2,0.01260,0.01260,0.01260,0.00000,0.00000
67.087,0,67068.000,51301,96000,1999.229,120.0,4,34,2,0.01264,0.01264,0.01264,0.00000,0.00000
67.087,1,67068.000,51301,96000,1999.229,120.0,4,34,2,0.01264,0.01264,0.01264,0.00000,0.00000
67.087,2,67068.000,51301,96000,1999.229,120.0,4,34,2,0.01264,0.01264,0.01264,0.00000,0.00000
67.190,0,67172.000,56261,96000,1999.896,120.0,4,34,2,0.01265,0.01265,0.01265,0.00000,0.00000
67.190,1,67172.000,56261,96000,1999.896,120.0,4,34,2,0.01265,0.01265,0.01265,0.00000,0.00000
67.190,2,67172.000,56261,96000,1999.896,120.0,4,34,2,0.01265,0.01265,0.01265,0.00000,0.00000
67.294,0,67275.000,61240,96000,1999.167,120.0,4,34,2,0.01261,0.01261,0.01261,0.00000,0.00000
67.294,1,67275.000,61240,96000,1999.167,120.0,4,34,2,0.01261,0.01261,0.01261,0.00000,0.00000
67.294,2,67275.000,61240,96000,1999.167,120.0,4,34,2,0.01261,0.01261,0.01261,0.00000,0.00000
67.395,0,67376.000,66064,96000,1999.667,120.0,4,34,2,0.01259,0.01259,0.01259,0.00000,0.00000
67.395,1,67376.000,66064,96000,1999.667,120.0,4,34,2,0.01259,0.01259,0.01259,0.00000,0.00000
67.395,2,67376.000,66064,96000,1999.667,120.0,4,34,2,0.01259,0.01259,0.01259,0.00000,0.00000
67.497,0,67478.000,70991,96000,1999.021,120.0,4,34,2,0.01260,0.01260,0.01260,0.00000,0.00000
67.497,1,67478.000,70991,96000,1999.021,120.0,4,34,2,0.01260,0.01260,0.01260,0.00000,0.00000
67.497,2,67478.000,70991,96000,1999.021,120.0,4,34,2,0.01260,0.01260,0.01260,0.00000,0.00000
67.597,0,67579.000,75797,96000,1999.896,120.0,4,34,2,0.01264,0.01264,0.01264,0.00000,0.00000
67.597,1,67579.000,75797,96000,1999.896,120.0,4,34,2,0.01264,0.01264,0.01264,0.00000,0.00000
67.597,2,67579.000,75797,96000,1999.896,120.0,4,34,2,0.01264,0.01264,0.01264,0.00000,0.00000
67.701,0,67682.000,80774,96000,1999.208,120.0,4,34,2,0.01269,0.01269,0.01269,0.00000,0.00000
67.701,1,67682.000,80774,96000,1999.208,120.0,4,34,2,0.01269,0.01269,0.01269,0.00000,0.00000
67.701,2,67682.000,80774,96000,1999.208,120.0,4,34,2,0.01269,0.01269,0.01269,0.00000,0.00000
67.805,0,67787.000,85783,96000,1999.854,120.0,4,34,2,0.01264,0.01264,0.01264,0.00000,0.00000
67.805,1,67787.000,85783,96000,1999.854,120.0,4,34,2,0.01264,0.01264,0.01264,0.00000,0.00000
67.805,2,67787.000,85783,96000,1999.854,120.0,4,34,2,0.01264,0.01264,0.01264,0.00000,0.00000
67.908,0,67890.000,90724,96000,1999.917,120.0,4,34,2,0.01258,0.01258,0.01258,0.00000,0.00000
67.908,1,67890.000,90724,96000,1999.917,120.0,4,34,2,0.01258,0.01258,0.01258,0.00000,0.00000
67.908,2,67890.000,90724,96000,1999.917,120.0,4,34,2,0.01258,0.01258,0.01258,0.00000,0.00000
68.010,0,67991.000,95615,96000,1999.021,120.0,4,34,2,0.01268,0.01268,0.01268,0.00000,0.00000
68.010,1,67991.000,95615,96000,1999.021,120.0,4,34,2,0.01268,0.01268,0.01268,0.00000,0.00000
68.010,2,67991.000,95615,96000,1999.021,120.0,4,34,2,0.01268,0.01268,0.01268,0.00000,0.00000
68.113,0,68094.000,4523,96000,1999.771,120.0,4,35,2,0.01259,0.01259,0.01259,0.00000,0.00000
68.113,1,68094.000,4523,96000,1999.771,120.0,4,35,2,0.01259,0.01259,0.01259,0.00000,0.00000
68.113,2,68094.000,4523,96000,1999.771,120.0,4,35,2,0.01259,0.01259,0.01259,0.00000,0.00000
68.215,0,68196.000,9435,96000,1999.438,120.0,4,35,2,0.01261,0.01261,0.01261,0.00000,0.00000
68.215,1,68196.000,9435,96000,1999.438,120.0,4,35,2,0.01261,0.01261,0.01261,0.00000,0.00000
68.215,2,68196.000,9435,96000,1999.438,120.0,4,35,2,0.01261,0.01261,0.01261,0.00000,0.00000
68.320,0,68301.000,14459,96000,1999.771,120.0,4,35,2,0.01265,0.01265,0.01265,0.00000,0.00000
68.320,1,68301.000,14459,96000,1999.771,120.0,4,35,2,0.01265,0.01265,0.01265,0.00000,0.00000
68.320,2,68301.000,14459,96000,1999.771,120.0,4,35,2,0.01265,0.01265,0.01265,0.00000,0.00000
68.420,0,68402.000,19300,96000,1999.917,120.0,4,35,2,0.01269,0.01269,0.01269,0.00000,0.00000
68.420,1,68402.000,19300,96000,1999.917,120.0,4,35,2,0.01269,0.01269,0.01269,0.00000,0.00000
68.420,2,68402.000,19300,96000,1999.917,120.0,4,35,2,0.01269,0.01269,0.01269,0.00000,0.00000
68.521,0,68502.000,24115,96000,1999.604,120.0,4,35,2,0.01269,0.01269,0.01269,0.00000,0.00000
68.521,1,68502.000,24115,96000,1999.604,120.0,4,35,2,0.01269,0.01269,0.01269,0.00000,0.00000
68.521,2,68502.000,24115,96000,1999.604,120.0,4,35,2,0.01269,0.01269,0.01269,0.00000,0.00000
68.622,0,68603.000,28991,96000,1999.021,120.0,4,35,2,0.01265,0.01265,0.01265,0.00000,0.00000
68.622,1,68603.000,28991,96000,1999.021,120.0,4,35,2,0.01265,0.01265,0.01265,0.00000,0.00000
68.622,2,68603.000,28991,96000,1999.021,120.0,4,35,2,0.01265,0.01265,0.01265,0.00000,0.00000
68.726,0,68707.000,33972,96000,1999.250,120.0,4,35,2,0.01266,0.01266,0.01266,0.00000,0.00000
68.726,1,68707.000,33972,96000,1999.250,120.0,4,35,2,0.01266,0.01266,0.01266,0.00000,0.00000
68.726,2,68707.000,33972,96000,1999.250,120.0,4,35,2,0.01266,0.01266,0.01266,0.00000,0.00000
68.828,0,68809.000,38874,96000,1999.125,120.0,4,35,2,0.01264,0.01264,0.01264,0.00000,0.00000
68.828,1,68809.000,38874,96000,1999.125,120.0,4,35,2,0.01264,0.01264,0.01264,0.00000,0.00000
68.828,2,68809.000,38874,96000,1999.125,120.0,4,35,2,0.01264,0.01264,0.01264,0.00000,0.00000
68.932,0,68913.000,43868,96000,1999.083,120.0,4,35,2,0.01269,0.01269,0.01269,0.00000,0.00000
68.932,1,68913.000,43868,96000,1999.083,120.0,4,35,2,0.01269,0.01269,0.01269,0.00000,0.00000
68.932,2,68913.000,43868,96000,1999.083,120.0,4,35,2,0.01269,0.01269,0.01269,0.00000,0.00000
69.035,0,69016.000,48808,96000,1999.167,120.0,4,35,2,0.11864,0.11847,0.11864,0.00000,0.00000
69.035,1,69016.000,48808,96000,1999.167,120.0,4,35,2,0.11847,0.11847,0.11698,0.00000,0.00000
69.035,2,69016.000,48808,96000,1999.167,120.0,4,35,2,0.11864,0.11698,0.11864,0.00000,0.00000
69.135,0,69117.000,53617,96000,1999.979,120.0,4,35,2,0.08576,0.08524,0.08576,0.00000,0.00000
69.135,1,69117.000,53617,96000,1999.979,120.0,4,35,2,0.08524,0.08524,0.08427,0.00000,0.00000
69.135,2,69117.000,53617,96000,1999.979,120.0,4,35,2,0.08576,0.08427,0.08576,0.00000,0.00000
69.239,0,69220.000,58583,96000,1999.521,120.0,4,35,2,0.05577,0.05544,0.05577,0.00000,0.00000
69.239,1,69220.000,58583,96000,1999.521,120.0,4,35,2,0.05544,0.05544,0.05480,0.00000,0.00000
69.239,2,69220.000,58583,96000,1999.521,120.0,4,35,2,0.05577,0.05480,0.05577,0.00000,0.00000
69.341,0,69323.000,63512,96000,1999.833,120.0,4,35,2,0.03639,0.03617,0.03639,0.00000,0.00000
69.341,1,69323.000,63512,96000,1999.833,120.0,4,35,2,0.03617,0.03617,0.03575,0.00000,0.00000
69.341,2,69323.000,63512,96000,1999.833,120.0,4,35,2,0.03639,0.03575,0.03639,0.00000,0.00000
69.443,0,69424.000,68375,96000,1999.521,120.0,4,35,2,0.02388,0.02373,0.02388,0.00000,0.00000
69.443,1,69424.000,68375,96000,1999.521,120.0,4,35,2,0.02373,0.02373,0.02346,0.00000,0.00000
69.443,2,69424.000,68375,96000,1999.521,120.0,4,35,2,0.02388,0.02346,0.02388,0.00000,0.00000
69.545,0,69526.000,73270,96000,1999.542,120.0,4,35,2,0.01562,0.01553,0.01562,0.00000,0.00000
69.545,1,69526.000,73270,96000,1999.542,120.0,4,35,2,0.01553,0.01553,0.01535,0.00000,0.00000
69.545,2,69526.000,73270,96000,1999.542,120.0,4,35,2,0.01562,0.01535,0.01562,0.00000,0.00000
69.647,0,69629.000,78193,96000,1999.979,120.0,4,35,2,0.01265,0.01265,0.01265,0.00000,0.00000
69.647,1,69629.000,78193,96000,1999.979,120.0,4,35,2,0.01265,0.01265,0.01265,0.00000,0.00000
69.647,2,69629.000,78193,96000,1999.979,120.0,4,35,2,0.01265,0.01265,0.01265,0.00000,0.00000
69.750,0,69731.000,83116,96000,1999.417,120.0,4,35,2,0.01261,0.01261,0.01261,0.00000,0.00000
69.750,1,69731.000,83116,96000,1999.417,120.0,4,35,2,0.01261,0.01261,0.01261,0.00000,0.00000
69.750,2,69731.000,83116,96000,1999.417,120.0,4,35,2,0.01261,0.01261,0.01261,0.00000,0.00000
69.850,0,69831.000,87932,96000,1999.083,120.0,4,35,2,0.01263,0.01263,0.01263,0.00000,0.00000
69.850,1,69831.000,87932,96000,1999.083,120.0,4,35,2,0.01263,0.01263,0.01263,0.00000,0.00000
69.850,2,69831.000,87932,96000,1999.083,120.0,4,35,2,0.01263,0.01263,0.01263,0.00000,0.00000
69.954,0,69936.000,92928,96000,0.000,120.0,4,35,2,0.01269,0.01269,0.01269,0.00000,0.00000
69.954,1,69936.000,92928,96000,0.000,120.0,4,35,2,0.01269,0.01269,0.01269,0.00000,0.00000
69.954,2,69936.000,92928,96000,0.000,120.0,4,35,2,0.01269,0.01269,0.01269,0.00000,0.00000
70.058,0,70039.000,1893,96000,1999.562,120.0,4,36,2,0.01263,0.01263,0.01263,0.00000,0.00000
70.058,1,70039.000,1893,96000,1999.562,120.0,4,36,2,0.01263,0.01263,0.01263,0.00000,0.00000
70.058,2,70039.000,1893,96000,1999.562,120.0,4,36,2,0.01263,0.01263,0.01263,0.00000,0.00000
70.162,0,70143.000,6881,96000,1999.646,120.0,4,36,2,0.01269,0.01269,0.01269,0.00000,0.00000
70.162,1,70143.000,6881,96000,1999.646,120.0,4,36,2,0.01269,0.01269,0.01269,0.00000,0.00000
70.162,2,70143.000,6881,96000,1999.646,120.0,4,36,2,0.01269,0.01269,0.01269,0.00000,0.00000
70.264,0,70245.000,11785,96000,1999.479,120.0,4,36,2,0.01269,0.01269,0.01269,0.00000,0.00000
70.264,1,70245.000,11785,96000,1999.479,120.0,4,36,2,0.01269,0.01269,0.01269,0.00000,0.00000
70.264,2,70245.000,11785,96000,1999.479,120.0,4,36,2,0.01269,0.01269,0.01269,0.00000,0.00000
70.367,0,70348.000,16728,96000,1999.500,120.0,4,36,2,0.01265,0.01265,0.01265,0.00000,0.00000
70.367,1,70348.000,16728,96000,1999.500,120.0,4,36,2,0.01265,0.01265,0.01265,0.00000,0.00000
70.367,2,70348.000,16728,96000,1999.500,120.0,4,36,2,0.01265,0.01265,0.01265,0.00000,0.00000
70.468,0,70450.000,21603,96000,1999.938,120.0,4,36,2,0.01266,0.01266,0.01266,0.00000,0.00000
70.468,1,70450.000,21603,96000,1999.938,120.0,4,36,2,0.01266,0.01266,0.01266,0.00000,0.00000
70.468,2,70450.000,21603,96000,1999.938,120.0,4,36,2,0.01266,0.01266,0.01266,0.00000,0.00000
70.572,0,70553.000,26568,96000,1999.500,120.0,4,36,2,0.01264,0.01264,0.01264,0.00000,0.00000
70.572,1,70553.000,26568,96000,1999.500,120.0,4,36,2,0.01264,0.01264,0.01264,0.00000,0.00000
70.572,2,70553.000,26568,96000,1999.500,120.0,4,36,2,0.01264,0.01264,0.01264,0.00000,0.00000
70.673,0,70654.000,31429,96000,1999.229,120.0,4,36,2,0.01268,0.01268,0.01268,0.00000,0.00000
70.673,1,70654.000,31429,96000,1999.229,120.0,4,36,2,0.01268,0.01268,0.01268,0.00000,0.00000
70.673,2,70654.000,31429,96000,1999.229,120.0,4,36,2,0.01268,0.01268,0.01268,0.00000,0.00000
70.776,0,70757.000,36371,96000,1999.271,120.0,4,36,2,0.01269,0.01269,0.01269,0.00000,0.00000
70.776,1,70757.000,36371,96000,1999.271,120.0,4,36,2,0.01269,0.01269,0.01269,0.00000,0.00000
70.776,2,70757.000,36371,96000,1999.271,120.0,4,36,2,0.01269,0.01269,0.01269,0.00000,0.00000
70.877,0,70859.000,41234,96000,1999.958,120.0,4,36,2,0.01265,0.01265,0.01265,0.00000,0.00000
70.877,1,70859.000,41234,96000,1999.958,120.0,4,36,2,0.01265,0.01265,0.01265,0.00000,0.00000
70.877,2,70859.000,41234,96000,1999.958,120.0,4,36,2,0.01265,0.01265,0.01265,0.00000,0.00000
70.978,0,70959.000,46045,96000,1999.729,120.0,4,36,2,0.01266,0.01266,0.01266,0.00000,0.00000
70.978,1,70959.000,46045,96000,1999.729,120.0,4,36,2,0.01266,0.01266,0.01266,0.00000,0.00000
70.978,2,70959.000,46045,96000,1999.729,120.0,4,36,2,0.01266,0.01266,0.01266,0.00000,0.00000
71.079,0,71060.000,50920,96000,1999.167,120.0,4,36,2,0.01258,0.01258,0.01258,0.00000,0.00000
71.079,1,71060.000,50920,96000,1999.167,120.0,4,36,2,0.01258,0.01258,0.01258,0.00000,0.00000
71.079,2,71060.000,50920,96000,1999.167,120.0,4,36,2,0.01258,0.01258,0.01258,0.00000,0.00000
71.181,0,71162.000,55813,96000,1999.229,120.0,4,36,2,0.01259,0.01259,0.01259,0.00000,0.00000
71.181,1,71162.000,55813,96000,1999.229,120.0,4,36,2,0.01259,0.01259,0.01259,0.00000,0.00000
71.181,2,71162.000,55813,96000,1999.229,120.0,4,36,2,0.01259,0.01259,0.01259,0.00000,0.00000
71.282,0,71263.000,60654,96000,1999.375,120.0,4,36,2,0.01269,0.01269,0.01269,0.00000,0.00000
71.282,1,71263.000,60654,96000,1999.375,120.0,4,36,2,0.01269,0.01269,0.01269,0.00000,0.00000
71.282,2,71263.000,60654,96000,1999.375,120.0,4,36,2,0.01269,0.01269,0.01269,0.00000,0.00000
71.385,0,71366.000,65604,96000,1999.250,120.0,4,36,2,0.01265,0.01265,0.01265,0.00000,0.00000
71.385,1,71366.000,65604,96000,1999.250,120.0,4,36,2,0.01265,0.01265,0.01265,0.00000,0.00000
71.385,2,71366.000,65604,96000,1999.250,120.0,4,36,2,0.01265,0.01265,0.01265,0.00000,0.00000
71.486,0,71467.000,70439,96000,1999.521,120.0,4,36,2,0.01261,0.01261,0.01261,0.00000,0.00000
71.486,1,71467.000,70439,96000,1999.521,120.0,4,36,2,0.01261,0.01261,0.01261,0.00000,0.00000
71.486,2,71467.000,70439,96000,1999.521,120.0,4,36,2,0.01261,0.01261,0.01261,0.00000,0.00000
71.588,0,71570.000,75364,96000,1999.917,120.0,4,36,2,0.01258,0.01258,0.01258,0.00000,0.00000
71.588,1,71570.000,75364,96000,1999.917,120.0,4,36,2,0.01258,0.01258,0.01258,0.00000,0.00000
71.588,2,71570.000,75364,96000,1999.917,120.0,4,36,2,0.01258,0.01258,0.01258,0.00000,0.00000
71.689,0,71670.000,80181,96000,1999.562,120.0,4,36,2,0.01260,0.01260,0.01260,0.00000,0.00000
71.689,1,71670.000,80181,96000,1999.562,120.0,4,36,2,0.01260,0.01260,0.01260,0.00000,0.00000
71.689,2,71670.000,80181,96000,1999.562,120.0,4,36,2,0.01260,0.01260,0.01260,0.00000,0.00000
71.789,0,71770.000,85005,96000,1999.062,120.0,4,36,2,0.01264,0.01264,0.01264,0.00000,0.00000
71.789,1,71770.000,85005,96000,1999.062,120.0,4,36,2,0.01264,0.01264,0.01264,0.00000,0.00000
71.789,2,71770.000,85005,96000,1999.062,120.0,4,36,2,0.01264,0.01264,0.01264,0.00000,0.00000
71.892,0,71873.000,89924,96000,1999.583,120.0,4,36,2,0.01269,0.01269,0.01269,0.00000,0.00000
71.892,1,71873.000,89924,96000,1999.583,120.0,4,36,2,0.01269,0.01269,0.01269,0.00000,0.00000
71.892,2,71873.000,89924,96000,1999.583,120.0,4,36,2,0.01269,0.01269,0.01269,0.00000,0.00000
71.993,0,71974.000,94762,96000,1999.792,120.0,4,36,2,0.01269,0.01269,0.01269,0.00000,0.00000
71.993,1,71974.000,94762,96000,1999.792,120.0,4,36,2,0.01269,0.01269,0.01269,0.00000,0.00000
71.993,2,71974.000,94762,96000,1999.792,120.0,4,36,2,0.01269,0.01269,0.01269,0.00000,0.00000
72.094,0,72075.000,3616,96000,1999.667,120.0,4,37,2,0.01254,0.01254,0.01254,0.00000,0.00000
72.094,1,72075.000,3616,96000,1999.667,120.0,4,37,2,0.01254,0.01254,0.01254,0.00000,0.00000
72.094,2,72075.000,3616,96000,1999.667,120.0,4,37,2,0.01254,0.01254,0.01254,0.00000,0.00000
72.194,0,72176.000,8450,96000,1999.958,120.0,4,37,2,0.01269,0.01269,0.01269,0.00000,0.00000
72.194,1,72176.000,8450,96000,1999.958,120.0,4,37,2,0.01269,0.01269,0.01269,0.00000,0.00000
72.194,2,72176.000,8450,96000,1999.958,120.0,4,37,2,0.01269,0.01269,0.01269,0.00000,0.00000
72.297,0,72278.000,13367,96000,1999.521,120.0,4,37,2,0.01265,0.01265,0.01265,0.00000,0.00000
72.297,1,72278.000,13367,96000,1999.521,120.0,4,37,2,0.01265,0.01265,0.01265,0.00000,0.00000
72.297,2,72278.000,13367,96000,1999.521,120.0,4,37,2,0.01265,0.01265,0.01265,0.00000,0.00000
72.399,0,72380.000,18264,96000,1999.500,120.0,4,37,2,0.01261,0.01261,0.01261,0.00000,0.00000
72.399,1,72380.000,18264,96000,1999.500,120.0,4,37,2,0.01261,0.01261,0.01261,0.00000,0.00000
72.399,2,72380.000,18264,96000,1999.500,120.0,4,37,2,0.01261,0.01261,0.01261,0.00000,0.00000
72.502,0,72484.000,23233,96000,1999.979,120.0,4,37,2,0.01258,0.01258,0.01258,0.00000,0.00000
72.502,1,72484.000,23233,96000,1999.979,120.0,4,37,2,0.01258,0.01258,0.01258,0.00000,0.00000
72.502,2,72484.000,23233,96000,1999.979,120.0,4,37,2,0.01258,0.01258,0.01258,0.00000,0.00000
72.605,0,72587.000,28184,96000,1999.833,120.0,4,37,2,0.01254,0.01254,0.01254,0.00000,0.00000
72.605,1,72587.000,28184,96000,1999.833,120.0,4,37,2,0.01254,0.01254,0.01254,0.00000,0.00000
72.605,2,72587.000,28184,96000,1999.833,120.0,4,37,2,0.01254,0.01254,0.01254,0.00000,0.00000
72.709,0,72690.000,33158,96000,1999.208,120.0,4,37,2,0.01269,0.01269,0.01269,0.00000,0.00000
72.709,1,72690.000,33158,96000,1999.208,120.0,4,37,2,0.01269,0.01269,0.01269,0.00000,0.00000
72.709,2,72690.000,33158,96000,1999.208,120.0,4,37,2,0.01269,0.01269,0.01269,0.00000,0.00000
72.811,0,72792.000,38061,96000,1999.062,120.0,4,37,2,0.01264,0.01264,0.01264,0.00000,0.00000
72.811,1,72792.000,38061,96000,1999.062,120.0,4,37,2,0.01264,0.01264,0.01264,0.00000,0.00000
72.811,2,72792.000,38061,96000,1999.062,120.0,4,37,2,0.01264,0.01264,0.01264,0.00000,0.00000
72.914,0,72895.000,43002,96000,1999.125,120.0,4,37,2,0.01266,0.01266,0.01266,0.00000,0.00000
72.914,1,72895.000,43002,96000,1999.125,120.0,4,37,2,0.01266,0.01266,0.01266,0.00000,0.00000
72.914,2,72895.000,43002,96000,1999.125,120.0,4,37,2,0.01266,0.01266,0.01266,0.00000,0.00000
73.014,0,72996.000,47815,96000,1999.854,120.0,4,37,2,0.01258,0.01258,0.01258,0.00000,0.00000
73.014,1,72996.000,47815,96000,1999.854,120.0,4,37,2,0.01258,0.01258,0.01258,0.00000,0.00000
73.014,2,72996.000,47815,96000,1999.854,120.0,4,37,2,0.01258,0.01258,0.01258,0.00000,0.00000
73.117,0,73098.000,52749,96000,1999.062,120.0,4,37,2,0.01254,0.01254,0.01254,0.00000,0.00000
73.117,1,73098.000,52749,96000,1999.062,120.0,4,37,2,0.01254,0.01254,0.01254,0.00000,0.00000
73.117,2,73098.000,52749,96000,1999.062,120.0,4,37,2,0.01254,0.01254,0.01254,0.00000,0.00000
73.221,0,73202.000,57737,96000,1999.146,120.0,4,37,2,0.01269,0.01269,0.01269,0.00000,0.00000
73.221,1,73202.000,57737,96000,1999.146,120.0,4,37,2,0.01269,0.01269,0.01269,0.00000,0.00000
73.221,2,73202.000,57737,96000,1999.146,120.0,4,37,2,0.01269,0.01269,0.01269,0.00000,0.00000
73.322,0,73303.000,62558,96000,1999.708,120.0,4,37,2,0.01265,0.01265,0.01265,0.00000,0.00000
73.322,1,73303.000,62558,96000,1999.708,120.0,4,37,2,0.01265,0.01265,0.01265,0.00000,0.00000
73.322,2,73303.000,62558,96000,1999.708,120.0,4,37,2,0.01265,0.01265,0.01265,0.00000,0.00000
73.422,0,73403.000,67372,96000,1999.417,120.0,4,37,2,0.01261,0.01261,0.01261,0.00000,0.00000
73.422,1,73403.000,67372,96000,1999.417,120.0,4,37,2,0.01261,0.01261,0.01261,0.00000,0.00000
73.422,2,73403.000,67372,96000,1999.417,120.0,4,37,2,0.01261,0.01261,0.01261,0.00000,0.00000
73.523,0,73505.000,72246,96000,1999.875,120.0,4,37,2,0.01259,0.01259,0.01259,0.00000,0.00000
73.523,1,73505.000,72246,96000,1999.875,120.0,4,37,2,0.01259,0.01259,0.01259,0.00000,0.00000
73.523,2,73505.000,72246,96000,1999.875,120.0,4,37,2,0.01259,0.01259,0.01259,0.00000,0.00000
73.625,0,73606.000,77109,96000,1999.562,120.0,4,37,2,0.01260,0.01260,0.01260,0.00000,0.00000
73.625,1,73606.000,77109,96000,1999.562,120.0,4,37,2,0.01260,0.01260,0.01260,0.00000,0.00000
73.625,2,73606.000,77109,96000,1999.562,120.0,4,37,2,0.01260,0.01260,0.01260,0.00000,0.00000
73.725,0,73706.000,81910,96000,1999.542,120.0,4,37,2,0.01264,0.01264,0.01264,0.00000,0.00000
73.725,1,73706.000,81910,96000,1999.542,120.0,4,37,2,0.01264,0.01264,0.01264,0.00000,0.00000
73.725,2,73706.000,81910,96000,1999.542,120.0,4,37,2,0.01264,0.01264,0.01264,0.00000,0.00000
73.827,0,73809.000,86839,96000,1999.854,120.0,4,37,2,0.01269,0.01269,0.01269,0.00000,0.00000
73.827,1,73809.000,86839,96000,1999.854,120.0,4,37,2,0.01269,0.01269,0.01269,0.00000,0.00000
73.827,2,73809.000,86839,96000,1999.854,120.0,4,37,2,0.01269,0.01269,0.01269,0.00000,0.00000
73.930,0,73911.000,91763,96000,1999.271,120.0,4,37,2,0.01269,0.01269,0.01269,0.00000,0.00000
73.930,1,73911.000,91763,96000,1999.271,120.0,4,37,2,0.01269,0.01269,0.01269,0.00000,0.00000
73.930,2,73911.000,91763,96000,1999.271,120.0,4,37,2,0.01269,0.01269,0.01269,0.00000,0.00000
74.043,0,74024.000,1187,96000,1999.271,120.0,4,38,2,0.01273,0.01273,0.01273,0.00000,0.00000
74.043,1,74024.000,1187,96000,1999.271,120.0,4,38,2,0.01273,0.01273,0.01273,0.00000,0.00000
74.043,2,74024.000,1187,96000,1999.271,120.0,4,38,2,0.01273,0.01273,0.01273,0.00000,0.00000
74.147,0,74128.000,6164,96000,1999.583,120.0,4,38,2,0.01266,0.01266,0.01266,0.00000,0.00000
74.147,1,74128.000,6164,96000,1999.583,120.0,4,38,2,0.01266,0.01266,0.01266,0.00000,0.00000
74.147,2,74128.000,6164,96000,1999.583,120.0,4,38,2,0.01266,0.01266,0.01266,0.00000,0.00000
74.248,0,74229.000,11010,96000,1999.625,120.0,4,38,2,0.01260,0.01260,0.01260,0.00000,0.00000
74.248,1,74229.000,11010,96000,1999.625,120.0,4,38,2,0.01260,0.01260,0.01260,0.00000,0.00000
74.248,2,74229.000,11010,96000,1999.625,120.0,4,38,2,0.01260,0.01260,0.01260,0.00000,0.00000
74.351,0,74332.000,15958,96000,1999.542,120.0,4,38,2,0.01254,0.01254,0.01254,0.00000,0.00000
74.351,1,74332.000,15958,96000,1999.542,120.0,4,38,2,0.01254,0.01254,0.01254,0.00000,0.00000
74.351,2,74332.000,15958,96000,1999.542,120.0,4,38,2,0.01254,0.01254,0.01254,0.00000,0.00000
74.452,0,74433.000,20812,96000,1999.417,120.0,4,38,2,0.01269,0.01269,0.01269,0.00000,0.00000
74.452,1,74433.000,20812,96000,1999.417,120.0,4,38,2,0.01269,0.01269,0.01269,0.00000,0.00000
74.452,2,74433.000,20812,96000,1999.417,120.0,4,38,2,0.01269,0.01269,0.01269,0.00000,0.00000
74.556,0,74537.000,25789,96000,1999.729,120.0,4,38,2,0.01265,0.01265,0.01265,0.00000,0.00000
74.556,1,74537.000,25789,96000,1999.729,120.0,4,38,2,0.01265,0.01265,0.01265,0.00000,0.00000
74.556,2,74537.000,25789,96000,1999.729,120.0,4,38,2,0.01265,0.01265,0.01265,0.00000,0.00000
74.659,0,74640.000,30751,96000,1999.354,120.0,4,38,2,0.01266,0.01266,0.01266,0.00000,0.00000
74.659,1,74640.000,30751,96000,1999.354,120.0,4,38,2,0.01266,0.01266,0.01266,0.00000,0.00000
74.659,2,74640.000,30751,96000,1999.354,120.0,4,38,2,0.01266,0.01266,0.01266,0.00000,0.00000
74.759,0,74740.000,35566,96000,1999.042,120.0,4,38,2,0.01258,0.01258,0.01258,0.00000,0.00000
74.759,1,74740.000,35566,96000,1999.042,120.0,4,38,2,0.01258,0.01258,0.01258,0.00000,0.00000
74.759,2,74740.000,35566,96000,1999.042,120.0,4,38,2,0.01258,0.01258,0.01258,0.00000,0.00000
74.860,0,74842.000,40422,96000,1999.875,120.0,4,38,2,0.01259,0.01259,0.01259,0.00000,0.00000
74.860,1,74842.000,40422,96000,1999.875,120.0,4,38,2,0.01259,0.01259,0.01259,0.00000,0.00000
74.860,2,74842.000,40422,96000,1999.875,120.0,4,38,2,0.01259,0.01259,0.01259,0.00000,0.00000
74.962,0,74943.000,45278,96000,1999.708,120.0,4,38,2,0.01269,0.01269,0.01269,0.00000,0.00000
74.962,1,74943.000,45278,96000,1999.708,120.0,4,38,2,0.01269,0.01269,0.01269,0.00000,0.00000
74.962,2,74943.000,45278,96000,1999.708,120.0,4,38,2,0.01269,0.01269,0.01269,0.00000,0.00000
75.063,0,75044.000,50153,96000,1999.146,120.0,4,38,2,0.01265,0.01265,0.01265,0.00000,0.00000
75.063,1,75044.000,50153,96000,1999.146,120.0,4,38,2,0.01265,0.01265,0.01265,0.00000,0.00000
75.063,2,75044.000,50153,96000,1999.146,120.0,4,38,2,0.01265,0.01265,0.01265,0.00000,0.00000
75.165,0,75146.000,55047,96000,1999.188,120.0,4,38,2,0.01264,0.01264,0.01264,0.00000,0.00000
75.165,1,75146.000,55047,96000,1999.188,120.0,4,38,2,0.01264,0.01264,0.01264,0.00000,0.00000
75.165,2,75146.000,55047,96000,1999.188,120.0,4,38,2,0.01264,0.01264,0.01264,0.00000,0.00000
75.269,0,75250.000,60023,96000,1999.521,120.0,4,38,2,0.01258,0.01258,0.01258,0.00000,0.00000
75.269,1,75250.000,60023,96000,1999.521,120.0,4,38,2,0.01258,0.01258,0.01258,0.00000,0.00000
75.269,2,75250.000,60023,96000,1999.521,120.0,4,38,2,0.01258,0.01258,0.01258,0.00000,0.00000
75.372,0,75353.000,64963,96000,1999.604,120.0,4,38,2,0.01260,0.01260,0.01260,0.00000,0.00000
75.372,1,75353.000,64963,96000,1999.604,120.0,4,38,2,0.01260,0.01260,0.01260,0.00000,0.00000
75.372,2,75353.000,64963,96000,1999.604,120.0,4,38,2,0.01260,0.01260,0.01260,0.00000,0.00000
75.475,0,75457.000,69943,96000,1999.854,120.0,4,38,2,0.01269,0.01269,0.01269,0.00000,0.00000
75.475,1,75457.000,69943,96000,1999.854,120.0,4,38,2,0.01269,0.01269,0.01269,0.00000,0.00000
75.475,2,75457.000,69943,96000,1999.854,120.0,4,38,2,0.01269,0.01269,0.01269,0.00000,0.00000
75.578,0,75560.000,74888,96000,1999.833,120.0,4,38,2,0.10813,0.10813,0.10720,0.00000,0.00000
75.578,1,75560.000,74888,96000,1999.833,120.0,4,38,2,0.10813,0.10813,0.10701,0.00000,0.00000
75.578,2,75560.000,74888,96000,1999.833,120.0,4,38,2,0.10720,0.10701,0.10720,0.00000,0.00000
75.683,0,75664.000,79881,96000,1999.812,120.0,4,38,2,0.07016,0.07016,0.06955,0.00000,0.00000
75.683,1,75664.000,79881,96000,1999.812,120.0,4,38,2,0.07016,0.07016,0.06943,0.00000,0.00000
75.683,2,75664.000,79881,96000,1999.812,120.0,4,38,2,0.06955,0.06943,0.06955,0.00000,0.00000
75.786,0,75768.000,84868,96000,1999.917,120.0,4,38,2,0.04554,0.04554,0.04515,0.00000,0.00000
75.786,1,75768.000,84868,96000,1999.917,120.0,4,38,2,0.04554,0.04554,0.04507,0.00000,0.00000
75.786,2,75768.000,84868,96000,1999.917,120.0,4,38,2,0.04515,0.04507,0.04515,0.00000,0.00000
75.887,0,75869.000,89712,96000,0.000,120.0,4,38,2,0.02993,0.02993,0.02968,0.00000,0.00000
75.887,1,75869.000,89712,96000,0.000,120.0,4,38,2,0.02993,0.02993,0.02962,0.00000,0.00000
75.887,2,75869.000,89712,96000,0.000,120.0,4,38,2,0.02968,0.02962,0.02968,0.00000,0.00000
75.989,0,75970.000,94587,96000,1999.438,120.0,4,38,2,0.01962,0.01962,0.01945,0.00000,0.00000
75.989,1,75970.000,94587,96000,1999.438,120.0,4,38,2,0.01962,0.01962,0.01942,0.00000,0.00000
75.989,2,75970.000,94587,96000,1999.438,120.0,4,38,2,0.01945,0.01942,0.01945,0.00000,0.00000
76.090,0,76072.000,3461,96000,1999.896,120.0,4,39,2,0.01286,0.01286,0.01275,0.00000,0.00000
76.090,1,76072.000,3461,96000,1999.896,120.0,4,39,2,0.01286,0.01286,0.01273,0.00000,0.00000
76.090,2,76072.000,3461,96000,1999.896,120.0,4,39,2,0.01275,0.01273,0.01275,0.00000,0.00000
76.194,0,76175.000,8432,96000,1999.333,120.0,4,39,2,0.01269,0.00836,0.01269,0.00000,0.00000
76.194,1,76175.000,8432,96000,1999.333,120.0,4,39,2,0.01269,0.01269,0.01269,0.00000,0.00000
76.194,2,76175.000,8432,96000,1999.333,120.0,4,39,2,0.01269,0.01269,0.01269,0.00000,0.00000
76.298,0,76279.000,13424,96000,1999.333,120.0,4,39,2,0.01264,0.00542,0.01264,0.00000,0.00000
76.298,1,76279.000,13424,96000,1999.333,120.0,4,39,2,0.01264,0.01264,0.01264,0.00000,0.00000
76.298,2,76279.000,13424,96000,1999.333,120.0,4,39,2,0.01264,0.01264,0.01264,0.00000,0.00000
76.400,0,76382.000,18337,96000,1999.979,120.0,4,39,2,0.01266,0.00354,0.01266,0.00000,0.00000
76.400,1,76382.000,18337,96000,1999.979,120.0,4,39,2,0.01266,0.01266,0.01266,0.00000,0.00000
76.400,2,76382.000,18337,96000,1999.979,120.0,4,39,2,0.01266,0.01266,0.01266,0.00000,0.00000
76.504,0,76485.000,23306,96000,1999.458,120.0,4,39,2,0.01260,0.00230,0.01260,0.00000,0.00000
76.504,1,76485.000,23306,96000,1999.458,120.0,4,39,2,0.01260,0.01260,0.01260,0.00000,0.00000
76.504,2,76485.000,23306,96000,1999.458,120.0,4,39,2,0.01260,0.01260,0.01260,0.00000,0.00000
76.605,0,76586.000,28163,96000,1999.271,120.0,4,39,2,0.01254,0.00151,0.01254,0.00000,0.00000
76.605,1,76586.000,28163,96000,1999.271,120.0,4,39,2,0.01254,0.01254,0.01254,0.00000,0.00000
76.605,2,76586.000,28163,96000,1999.271,120.0,4,39,2,0.01254,0.01254,0.01254,0.00000,0.00000
76.708,0,76689.000,33117,96000,1999.062,120.0,4,39,2,0.01269,0.00098,0.01269,0.00000,0.00000
76.708,1,76689.000,33117,96000,1999.062,120.0,4,39,2,0.01269,0.01269,0.01269,0.00000,0.00000
76.708,2,76689.000,33117,96000,1999.062,120.0,4,39,2,0.01269,0.01269,0.01269,0.00000,0.00000
76.810,0,76791.000,38009,96000,1999.146,120.0,4,39,2,0.01264,0.00064,0.01264,0.00000,0.00000
76.810,1,76791.000,38009,96000,1999.146,120.0,4,39,2,0.01264,0.01264,0.01264,0.00000,0.00000
76.810,2,76791.000,38009,96000,1999.146,120.0,4,39,2,0.01264,0.01264,0.01264,0.00000,0.00000
76.910,0,76892.000,42820,96000,1999.917,120.0,4,39,2,0.01261,0.00042,0.01261,0.00000,0.00000
76.910,1,76892.000,42820,96000,1999.917,120.0,4,39,2,0.01261,0.01261,0.01261,0.00000,0.00000
76.910,2,76892.000,42820,96000,1999.917,120.0,4,39,2,0.01261,0.01261,0.01261,0.00000,0.00000
77.010,0,76992.000,47622,96000,1999.875,120.0,4,39,2,0.01259,0.00028,0.01259,0.00000,0.00000
77.010,1,76992.000,47622,96000,1999.875,120.0,4,39,2,0.01259,0.01259,0.01259,0.00000,0.00000
77.010,2,76992.000,47622,96000,1999.875,120.0,4,39,2,0.01259,0.01259,0.01259,0.00000,0.00000
77.115,0,77096.000,52635,96000,1999.438,120.0,4,39,2,0.01260,0.00018,0.01260,0.00000,0.00000
77.115,1,77096.000,52635,96000,1999.438,120.0,4,39,2,0.01260,0.01260,0.01260,0.00000,0.00000
77.115,2,77096.000,52635,96000,1999.438,120.0,4,39,2,0.01260,0.01260,0.01260,0.00000,0.00000
77.218,0,77199.000,57568,96000,1999.667,120.0,4,39,2,0.01269,0.00012,0.01269,0.00000,0.00000
77.218,1,77199.000,57568,96000,1999.667,120.0,4,39,2,0.01269,0.01269,0.01269,0.00000,0.00000
77.218,2,77199.000,57568,96000,1999.667,120.0,4,39,2,0.01269,0.01269,0.01269,0.00000,0.00000
77.318,0,77299.000,62372,96000,1999.583,120.0,4,39,2,0.01265,0.00008,0.01265,0.00000,0.00000
77.318,1,77299.000,62372,96000,1999.583,120.0,4,39,2,0.01265,0.01265,0.01265,0.00000,0.00000
77.318,2,77299.000,62372,96000,1999.583,120.0,4,39,2,0.01265,0.01265,0.01265,0.00000,0.00000
77.418,0,77399.000,67187,96000,1999.271,120.0,4,39,2,0.01269,0.00005,0.01269,0.00000,0.00000
77.418,1,77399.000,67187,96000,1999.271,120.0,4,39,2,0.01269,0.01269,0.01269,0.00000,0.00000
77.418,2,77399.000,67187,96000,1999.271,120.0,4,39,2,0.01269,0.01269,0.01269,0.00000,0.00000
77.522,0,77503.000,72154,96000,1999.792,120.0,4,39,2,0.01263,0.00003,0.01263,0.00000,0.00000
77.522,1,77503.000,72154,96000,1999.792,120.0,4,39,2,0.01263,0.01263,0.01263,0.00000,0.00000
77.522,2,77503.000,72154,96000,1999.792,120.0,4,39,2,0.01263,0.01263,0.01263,0.00000,0.00000
77.622,0,77603.000,76981,96000,1999.229,120.0,4,39,2,0.01266,0.00002,0.01266,0.00000,0.00000
77.622,1,77603.000,76981,96000,1999.229,120.0,4,39,2,0.01266,0.01266,0.01266,0.00000,0.00000
77.622,2,77603.000,76981,96000,1999.229,120.0,4,39,2,0.01266,0.01266,0.01266,0.00000,0.00000
77.725,0,77706.000,81909,96000,1999.562,120.0,4,39,2,0.01264,0.00001,0.01264,0.00000,0.00000
77.725,1,77706.000,81909,96000,1999.562,120.0,4,39,2,0.01264,0.01264,0.01264,0.00000,0.00000
77.725,2,77706.000,81909,96000,1999.562,120.0,4,39,2,0.01264,0.01264,0.01264,0.00000,0.00000
77.829,0,77810.000,86905,96000,1999.479,120.0,4,39,2,0.01269,0.00001,0.01269,0.00000,0.00000
77.829,1,77810.000,86905,96000,1999.479,120.0,4,39,2,0.01269,0.01269,0.01269,0.00000,0.00000
77.829,2,77810.000,86905,96000,1999.479,120.0,4,39,2,0.01269,0.01269,0.01269,0.00000,0.00000
77.930,0,77911.000,91747,96000,1999.604,120.0,4,39,2,0.01269,0.00001,0.01269,0.00000,0.00000
77.930,1,77911.000,91747,96000,1999.604,120.0,4,39,2,0.01269,0.01269,0.01269,0.00000,0.00000
77.930,2,77911.000,91747,96000,1999.604,120.0,4,39,2,0.01269,0.01269,0.01269,0.00000,0.00000
78.047,0,78028.000,1363,96000,1999.604,120.0,4,40,2,0.01273,0.01273,0.01273,0.00000,0.00000
78.047,1,78028.000,1363,96000,1999.604,120.0,4,40,2,0.01273,0.01273,0.01273,0.00000,0.00000
78.047,2,78028.000,1363,96000,1999.604,120.0,4,40,2,0.01273,0.01273,0.01273,0.00000,0.00000
78.149,0,78130.000,6256,96000,1999.667,120.0,4,40,2,0.01266,0.01266,0.01266,0.00000,0.00000
78.149,1,78130.000,6256,96000,1999.667,120.0,4,40,2,0.01266,0.01266,0.01266,0.00000,0.00000
78.149,2,78130.000,6256,96000,1999.667,120.0,4,40,2,0.01266,0.01266,0.01266,0.00000,0.00000
78.249,0,78231.000,11095,96000,1999.854,120.0,4,40,2,0.01263,0.01263,0.01263,0.00000,0.00000
78.249,1,78231.000,11095,96000,1999.854,120.0,4,40,2,0.01263,0.01263,0.01263,0.00000,0.00000
78.249,2,78231.000,11095,96000,1999.854,120.0,4,40,2,0.01263,0.01263,0.01263,0.00000,0.00000
78.350,0,78331.000,15935,96000,1999.021,120.0,4,40,2,0.01254,0.01254,0.01254,0.00000,0.00000
78.350,1,78331.000,15935,96000,1999.021,120.0,4,40,2,0.01254,0.01254,0.01254,0.00000,0.00000
78.350,2,78331.000,15935,96000,1999.021,120.0,4,40,2,0.01254,0.01254,0.01254,0.00000,0.00000
78.454,0,78435.000,20923,96000,1999.104,120.0,4,40,2,0.01269,0.01269,0.01269,0.00000,0.00000
78.454,1,78435.000,20923,96000,1999.104,120.0,4,40,2,0.01269,0.01269,0.01269,0.00000,0.00000
78.454,2,78435.000,20923,96000,1999.104,120.0,4,40,2,0.01269,0.01269,0.01269,0.00000,0.00000
78.557,0,78538.000,25848,96000,1999.500,120.0,4,40,2,0.01265,0.01265,0.01265,0.00000,0.00000
78.557,1,78538.000,25848,96000,1999.500,120.0,4,40,2,0.01265,0.01265,0.01265,0.00000,0.00000
78.557,2,78538.000,25848,96000,1999.500,120.0,4,40,2,0.01265,0.01265,0.01265,0.00000,0.00000
78.660,0,78642.000,30823,96000,1999.854,120.0,4,40,2,0.01266,0.01266,0.01266,0.00000,0.00000
78.660,1,78642.000,30823,96000,1999.854,120.0,4,40,2,0.01266,0.01266,0.01266,0.00000,0.00000
78.660,2,78642.000,30823,96000,1999.854,120.0,4,40,2,0.01266,0.01266,0.01266,0.00000,0.00000
78.761,0,78742.000,35662,96000,1999.042,120.0,4,40,2,0.01260,0.01260,0.01260,0.00000,0.00000
78.761,1,78742.000,35662,96000,1999.042,120.0,4,40,2,0.01260,0.01260,0.01260,0.00000,0.00000
78.761,2,78742.000,35662,96000,1999.042,120.0,4,40,2,0.01260,0.01260,0.01260,0.00000,0.00000
78.862,0,78843.000,40497,96000,1999.312,120.0,4,40,2,0.01254,0.01254,0.01254,0.00000,0.00000
78.862,1,78843.000,40497,96000,1999.312,120.0,4,40,2,0.01254,0.01254,0.01254,0.00000,0.00000
78.862,2,78843.000,40497,96000,1999.312,120.0,4,40,2,0.01254,0.01254,0.01254,0.00000,0.00000
78.962,0,78943.000,45297,96000,1999.312,120.0,4,40,2,0.01269,0.01269,0.01269,0.00000,0.00000
78.962,1,78943.000,45297,96000,1999.312,120.0,4,40,2,0.01269,0.01269,0.01269,0.00000,0.00000
78.962,2,78943.000,45297,96000,1999.312,120.0,4,40,2,0.01269,0.01269,0.01269,0.00000,0.00000
79.066,0,79047.000,50287,96000,1999.354,120.0,4,40,2,0.01265,0.01265,0.01265,0.00000,0.00000
79.066,1,79047.000,50287,96000,1999.354,120.0,4,40,2,0.01265,0.01265,0.01265,0.00000,0.00000
79.066,2,79047.000,50287,96000,1999.354,120.0,4,40,2,0.01265,0.01265,0.01265,0.00000,0.00000
79.167,0,79149.000,55156,96000,1999.917,120.0,4,40,2,0.01266,0.01266,0.01266,0.00000,0.00000
79.167,1,79149.000,55156,96000,1999.917,120.0,4,40,2,0.01266,0.01266,0.01266,0.00000,0.00000
79.167,2,79149.000,55156,96000,1999.917,120.0,4,40,2,0.01266,0.01266,0.01266,0.00000,0.00000
79.269,0,79250.000,60023,96000,1999.521,120.0,4,40,2,0.01258,0.01258,0.01258,0.00000,0.00000
79.269,1,79250.000,60023,96000,1999.521,120.0,4,40,2,0.01258,0.01258,0.01258,0.00000,0.00000
79.269,2,79250.000,60023,96000,1999.521,120.0,4,40,2,0.01258,0.01258,0.01258,0.00000,0.00000
79.370,0,79351.000,64870,96000,1999.542,120.0,4,40,2,0.01260,0.01260,0.01260,0.00000,0.00000
79.370,1,79351.000,64870,96000,1999.542,120.0,4,40,2,0.01260,0.01260,0.01260,0.00000,0.00000
79.370,2,79351.000,64870,96000,1999.542,120.0,4,40,2,0.01260,0.01260,0.01260,0.00000,0.00000
79.470,0,79451.000,69682,96000,1999.292,120.0,4,40,2,0.01264,0.01264,0.01264,0.00000,0.00000
79.470,1,79451.000,69682,96000,1999.292,120.0,4,40,2,0.01264,0.01264,0.01264,0.00000,0.00000
79.470,2,79451.000,69682,96000,1999.292,120.0,4,40,2,0.01264,0.01264,0.01264,0.00000,0.00000
79.572,0,79553.000,74577,96000,1999.312,120.0,4,40,2,0.01269,0.01269,0.01269,0.00000,0.00000
79.572,1,79553.000,74577,96000,1999.312,120.0,4,40,2,0.01269,0.01269,0.01269,0.00000,0.00000
79.572,2,79553.000,74577,96000,1999.312,120.0,4,40,2,0.01269,0.01269,0.01269,0.00000,0.00000
79.674,0,79655.000,79456,96000,1999.667,120.0,4,40,2,0.01269,0.01269,0.01269,0.00000,0.00000
79.674,1,79655.000,79456,96000,1999.667,120.0,4,40,2,0.01269,0.01269,0.01269,0.00000,0.00000
79.674,2,79655.000,79456,96000,1999.667,120.0,4,40,2,0.01269,0.01269,0.01269,0.00000,0.00000
79.774,0,79755.000,84270,96000,1999.375,120.0,4,40,2,0.01265,0.01265,0.01265,0.00000,0.00000
79.774,1,79755.000,84270,96000,1999.375,120.0,4,40,2,0.01265,0.01265,0.01265,0.00000,0.00000
79.774,2,79755.000,84270,96000,1999.375,120.0,4,40,2,0.01265,0.01265,0.01265,0.00000,0.00000
79.875,0,79856.000,89127,96000,1999.188,120.0,4,40,2,0.01266,0.01266,0.01266,0.00000,0.00000
79.875,1,79856.000,89127,96000,1999.188,120.0,4,40,2,0.01266,0.01266,0.01266,0.00000,0.00000
79.875,2,79856.000,89127,96000,1999.188,120.0,4,40,2,0.01266,0.01266,0.01266,0.00000,0.00000
79.975,0,79956.000,93934,96000,1999.042,120.0,4,40,2,0.01258,0.01258,0.01258,0.00000,0.00000
79.975,1,79956.000,93934,96000,1999.042,120.0,4,40,2,0.01258,0.01258,0.01258,0.00000,0.00000
79.975,2,79956.000,93934,96000,1999.042,120.0,4,40,2,0.01258,0.01258,0.01258,0.00000,0.00000
80.078,0,80059.000,2847,96000,1999.688,120.0,4,41,2,0.01261,0.01261,0.01261,0.00000,0.00000
80.078,1,80059.000,2847,96000,1999.688,120.0,4,41,2,0.01261,0.01261,0.01261,0.00000,0.00000
80.078,2,80059.000,2847,96000,1999.688,120.0,4,41,2,0.01261,0.01261,0.01261,0.00000,0.00000
80.180,0,80161.000,7768,96000,1999.167,120.0,4,41,2,0.01258,0.01258,0.01258,0.00000,0.00000
80.180,1,80161.000,7768,96000,1999.167,120.0,4,41,2,0.01258,0.01258,0.01258,0.00000,0.00000
80.180,2,80161.000,7768,96000,1999.167,120.0,4,41,2,0.01258,0.01258,0.01258,0.00000,0.00000
80.281,0,80262.000,12590,96000,1999.708,120.0,4,41,2,0.01260,0.01260,0.01260,0.00000,0.00000
80.281,1,80262.000,12590,96000,1999.708,120.0,4,41,2,0.01260,0.01260,0.01260,0.00000,0.00000
80.281,2,80262.000,12590,96000,1999.708,120.0,4,41,2,0.01260,0.01260,0.01260,0.00000,0.00000
80.381,0,80362.000,17414,96000,1999.208,120.0,4,41,2,0.01264,0.01264,0.01264,0.00000,0.00000
80.381,1,80362.000,17414,96000,1999.208,120.0,4,41,2,0.01264,0.01264,0.01264,0.00000,0.00000
80.381,2,80362.000,17414,96000,1999.208,120.0,4,41,2,0.01264,0.01264,0.01264,0.00000,0.00000
80.482,0,80464.000,22279,96000,1999.854,120.0,4,41,2,0.01269,0.01269,0.01269,0.00000,0.00000
80.482,1,80464.000,22279,96000,1999.854,120.0,4,41,2,0.01269,0.01269,0.01269,0.00000,0.00000
80.482,2,80464.000,22279,96000,1999.854,120.0,4,41,2,0.01269,0.01269,0.01269,0.00000,0.00000
80.585,0,80566.000,27191,96000,1999.521,120.0,4,41,2,0.01269,0.01269,0.01269,0.00000,0.00000
80.585,1,80566.000,27191,96000,1999.521,120.0,4,41,2,0.01269,0.01269,0.01269,0.00000,0.00000
80.585,2,80566.000,27191,96000,1999.521,120.0,4,41,2,0.01269,0.01269,0.01269,0.00000,0.00000
80.687,0,80669.000,32120,96000,1999.833,120.0,4,41,2,0.01265,0.01265,0.01265,0.00000,0.00000
80.687,1,80669.000,32120,96000,1999.833,120.0,4,41,2,0.01265,0.01265,0.01265,0.00000,0.00000
80.687,2,80669.000,32120,96000,1999.833,120.0,4,41,2,0.01265,0.01265,0.01265,0.00000,0.00000
80.789,0,80770.000,36998,96000,1999.208,120.0,4,41,2,0.01266,0.01266,0.01266,0.00000,0.00000
80.789,1,80770.000,36998,96000,1999.208,120.0,4,41,2,0.01266,0.01266,0.01266,0.00000,0.00000
80.789,2,80770.000,36998,96000,1999.208,120.0,4,41,2,0.01266,0.01266,0.01266,0.00000,0.00000
80.894,0,80875.000,42009,96000,1999.812,120.0,4,41,2,0.01264,0.01264,0.01264,0.00000,0.00000
80.894,1,80875.000,42009,96000,1999.812,120.0,4,41,2,0.01264,0.01264,0.01264,0.00000,0.00000
80.894,2,80875.000,42009,96000,1999.812,120.0,4,41,2,0.01264,0.01264,0.01264,0.00000,0.00000
80.997,0,80979.000,46992,96000,0.000,120.0,4,41,2,0.01269,0.01269,0.01269,0.00000,0.00000
80.997,1,80979.000,46992,96000,0.000,120.0,4,41,2,0.01269,0.01269,0.01269,0.00000,0.00000
80.997,2,80979.000,46992,96000,0.000,120.0,4,41,2,0.01269,0.01269,0.01269,0.00000,0.00000
81.097,0,81079.000,51799,96000,1999.854,120.0,4,41,2,0.01269,0.01269,0.01269,0.00000,0.00000
81.097,1,81079.000,51799,96000,1999.854,120.0,4,41,2,0.01269,0.01269,0.01269,0.00000,0.00000
81.097,2,81079.000,51799,96000,1999.854,120.0,4,41,2,0.01269,0.01269,0.01269,0.00000,0.00000
81.200,0,81181.000,56727,96000,1999.188,120.0,4,41,2,0.01263,0.01263,0.01263,0.00000,0.00000
81.200,1,81181.000,56727,96000,1999.188,120.0,4,41,2,0.01263,0.01263,0.01263,0.00000,0.00000
81.200,2,81181.000,56727,96000,1999.188,120.0,4,41,2,0.01263,0.01263,0.01263,0.00000,0.00000
81.302,0,81283.000,61625,96000,1999.146,120.0,4,41,2,0.01266,0.01266,0.01266,0.00000,0.00000
81.302,1,81283.000,61625,96000,1999.146,120.0,4,41,2,0.01266,0.01266,0.01266,0.00000,0.00000
81.302,2,81283.000,61625,96000,1999.146,120.0,4,41,2,0.01266,0.01266,0.01266,0.00000,0.00000
81.406,0,81387.000,66610,96000,1999.292,120.0,4,41,2,0.01264,0.01264,0.01264,0.00000,0.00000
81.406,1,81387.000,66610,96000,1999.292,120.0,4,41,2,0.01264,0.01264,0.01264,0.00000,0.00000
81.406,2,81387.000,66610,96000,1999.292,120.0,4,41,2,0.01264,0.01264,0.01264,0.00000,0.00000
81.506,0,81487.000,71412,96000,1999.250,120.0,4,41,2,0.01269,0.01269,0.01269,0.00000,0.00000
81.506,1,81487.000,71412,96000,1999.250,120.0,4,41,2,0.01269,0.01269,0.01269,0.00000,0.00000
81.506,2,81487.000,71412,96000,1999.250,120.0,4,41,2,0.01269,0.01269,0.01269,0.00000,0.00000
81.608,0,81589.000,76309,96000,1999.229,120.0,4,41,2,0.01269,0.01269,0.01269,0.00000,0.00000
81.608,1,81589.000,76309,96000,1999.229,120.0,4,41,2,0.01269,0.01269,0.01269,0.00000,0.00000
81.608,2,81589.000,76309,96000,1999.229,120.0,4,41,2,0.01269,0.01269,0.01269,0.00000,0.00000
81.709,0,81691.000,81170,96000,1999.958,120.0,4,41,2,0.01265,0.01265,0.01265,0.00000,0.00000
81.709,1,81691.000,81170,96000,1999.958,120.0,4,41,2,0.01265,0.01265,0.01265,0.00000,0.00000
81.709,2,81691.000,81170,96000,1999.958,120.0,4,41,2,0.01265,0.01265,0.01265,0.00000,0.00000
81.814,0,81795.000,86182,96000,1999.542,120.0,4,41,2,0.01266,0.01266,0.01266,0.00000,0.00000
81.814,1,81795.000,86182,96000,1999.542,120.0,4,41,2,0.01266,0.01266,0.01266,0.00000,0.00000
81.814,2,81795.000,86182,96000,1999.542,120.0,4,41,2,0.01266,0.01266,0.01266,0.00000,0.00000
81.917,0,81898.000,91145,96000,1999.146,120.0,4,41,2,0.01264,0.01264,0.01264,0.00000,0.00000
81.917,1,81898.000,91145,96000,1999.146,120.0,4,41,2,0.01264,0.01264,0.01264,0.00000,0.00000
81.917,2,81898.000,91145,96000,1999.146,120.0,4,41,2,0.01264,0.01264,0.01264,0.00000,0.00000
82.021,0,82002.000,110,96000,1999.708,120.0,4,42,2,0.01235,0.01235,0.01235,0.00000,0.00000
82.021,1,82002.000,110,96000,1999.708,120.0,4,42,2,0.01235,0.01235,0.01235,0.00000,0.00000
82.021,2,82002.000,110,96000,1999.708,120.0,4,42,2,0.01235,0.01235,0.01235,0.00000,0.00000
82.121,0,82103.000,4950,96000,1999.875,120.0,4,42,2,0.09222,0.09212,0.09222,0.00000,0.00000
82.121,1,82103.000,4950,96000,1999.875,120.0,4,42,2,0.09212,0.09212,0.09201,0.00000,0.00000
82.121,2,82103.000,4950,96000,1999.875,120.0,4,42,2,0.09222,0.09201,0.09222,0.00000,0.00000
82.223,0,82204.000,9811,96000,1999.604,120.0,4,42,2,0.06052,0.06046,0.06052,0.00000,0.00000
82.223,1,82204.000,9811,96000,1999.604,120.0,4,42,2,0.06046,0.06046,0.06039,0.00000,0.00000
82.223,2,82204.000,9811,96000,1999.604,120.0,4,42,2,0.06052,0.06039,0.06052,0.00000,0.00000
82.326,0,82307.000,14756,96000,1999.583,120.0,4,42,2,0.03943,0.03939,0.03943,0.00000,0.00000
82.326,1,82307.000,14756,96000,1999.583,120.0,4,42,2,0.03939,0.03939,0.03934,0.00000,0.00000
82.326,2,82307.000,14756,96000,1999.583,120.0,4,42,2,0.03943,0.03934,0.03943,0.00000,0.00000
82.427,0,82408.000,19614,96000,1999.375,120.0,4,42,2,0.02588,0.02586,0.02588,0.00000,0.00000
82.427,1,82408.000,19614,96000,1999.375,120.0,4,42,2,0.02586,0.02586,0.02583,0.00000,0.00000
82.427,2,82408.000,19614,96000,1999.375,120.0,4,42,2,0.02588,0.02583,0.02588,0.00000,0.00000
82.529,0,82510.000,24496,96000,1999.667,120.0,4,42,2,0.01696,0.01694,0.01696,0.00000,0.00000
82.529,1,82510.000,24496,96000,1999.667,120.0,4,42,2,0.01694,0.01694,0.01692,0.00000,0.00000
82.529,2,82510.000,24496,96000,1999.667,120.0,4,42,2,0.01696,0.01692,0.01696,0.00000,0.00000
82.630,0,82611.000,29354,96000,1999.458,120.0,4,42,2,0.01258,0.01258,0.01258,0.00000,0.00000
82.630,1,82611.000,29354,96000,1999.458,120.0,4,42,2,0.01258,0.01258,0.01258,0.00000,0.00000
82.630,2,82611.000,29354,96000,1999.458,120.0,4,42,2,0.01258,0.01258,0.01258,0.00000,0.00000
82.732,0,82713.000,34236,96000,1999.750,120.0,4,42,2,0.01260,0.01260,0.01260,0.00000,0.00000
82.732,1,82713.000,34236,96000,1999.750,120.0,4,42,2,0.01260,0.01260,0.01260,0.00000,0.00000
82.732,2,82713.000,34236,96000,1999.750,120.0,4,42,2,0.01260,0.01260,0.01260,0.00000,0.00000
82.834,0,82815.000,39149,96000,1999.396,120.0,4,42,2,0.01269,0.01269,0.01269,0.00000,0.00000
82.834,1,82815.000,39149,96000,1999.396,120.0,4,42,2,0.01269,0.01269,0.01269,0.00000,0.00000
82.834,2,82815.000,39149,96000,1999.396,120.0,4,42,2,0.01269,0.01269,0.01269,0.00000,0.00000
82.934,0,82915.000,43956,96000,1999.250,120.0,4,42,2,0.01265,0.01265,0.01265,0.00000,0.00000
82.934,1,82915.000,43956,96000,1999.250,120.0,4,42,2,0.01265,0.01265,0.01265,0.00000,0.00000
82.934,2,82915.000,43956,96000,1999.250,120.0,4,42,2,0.01265,0.01265,0.01265,0.00000,0.00000
83.035,0,83016.000,48781,96000,1999.729,120.0,4,42,2,0.01269,0.01269,0.01269,0.00000,0.00000
83.035,1,83016.000,48781,96000,1999.729,120.0,4,42,2,0.01269,0.01269,0.01269,0.00000,0.00000
83.035,2,83016.000,48781,96000,1999.729,120.0,4,42,2,0.01269,0.01269,0.01269,0.00000,0.00000
83.135,0,83116.000,53600,96000,1999.333,120.0,4,42,2,0.01265,0.01265,0.01265,0.00000,0.00000
83.135,1,83116.000,53600,96000,1999.333,120.0,4,42,2,0.01265,0.01265,0.01265,0.00000,0.00000
83.135,2,83116.000,53600,96000,1999.333,120.0,4,42,2,0.01265,0.01265,0.01265,0.00000,0.00000
83.238,0,83219.000,58522,96000,1999.792,120.0,4,42,2,0.01266,0.01266,0.01266,0.00000,0.00000
83.238,1,83219.000,58522,96000,1999.792,120.0,4,42,2,0.01266,0.01266,0.01266,0.00000,0.00000
83.238,2,83219.000,58522,96000,1999.792,120.0,4,42,2,0.01266,0.01266,0.01266,0.00000,0.00000
83.338,0,83319.000,63339,96000,1999.438,120.0,4,42,2,0.01263,0.01263,0.01263,0.00000,0.00000
83.338,1,83319.000,63339,96000,1999.438,120.0,4,42,2,0.01263,0.01263,0.01263,0.00000,0.00000
83.338,2,83319.000,63339,96000,1999.438,120.0,4,42,2,0.01263,0.01263,0.01263,0.00000,0.00000
83.440,0,83422.000,68264,96000,1999.833,120.0,4,42,2,0.01268,0.01268,0.01268,0.00000,0.00000
83.440,1,83422.000,68264,96000,1999.833,120.0,4,42,2,0.01268,0.01268,0.01268,0.00000,0.00000
83.440,2,83422.000,68264,96000,1999.833,120.0,4,42,2,0.01268,0.01268,0.01268,0.00000,0.00000
83.541,0,83522.000,73085,96000,1999.396,120.0,4,42,2,0.01269,0.01269,0.01269,0.00000,0.00000
83.541,1,83522.000,73085,96000,1999.396,120.0,4,42,2,0.01269,0.01269,0.01269,0.00000,0.00000
83.541,2,83522.000,73085,96000,1999.396,120.0,4,42,2,0.01269,0.01269,0.01269,0.00000,0.00000
83.643,0,83624.000,77984,96000,1999.333,120.0,4,42,2,0.01264,0.01264,0.01264,0.00000,0.00000
83.643,1,83624.000,77984,96000,1999.333,120.0,4,42,2,0.01264,0.01264,0.01264,0.00000,0.00000
83.643,2,83624.000,77984,96000,1999.333,120.0,4,42,2,0.01264,0.01264,0.01264,0.00000,0.00000
83.745,0,83726.000,82885,96000,1999.229,120.0,4,42,2,0.01266,0.01266,0.01266,0.00000,0.00000
83.745,1,83726.000,82885,96000,1999.229,120.0,4,42,2,0.01266,0.01266,0.01266,0.00000,0.00000
83.745,2,83726.000,82885,96000,1999.229,120.0,4,42,2,0.01266,0.01266,0.01266,0.00000,0.00000
83.847,0,83828.000,87771,96000,1999.438,120.0,4,42,2,0.01258,0.01258,0.01258,0.00000,0.00000
83.847,1,83828.000,87771,96000,1999.438,120.0,4,42,2,0.01258,0.01258,0.01258,0.00000,0.00000
83.847,2,83828.000,87771,96000,1999.438,120.0,4,42,2,0.01258,0.01258,0.01258,0.00000,0.00000
83.949,0,83930.000,92678,96000,1999.208,120.0,4,42,2,0.01259,0.01259,0.01259,0.00000,0.00000
83.949,1,83930.000,92678,96000,1999.208,120.0,4,42,2,0.01259,0.01259,0.01259,0.00000,0.00000
83.949,2,83930.000,92678,96000,1999.208,120.0,4,42,2,0.01259,0.01259,0.01259,0.00000,0.00000
84.049,0,84031.000,1488,96000,0.000,120.0,4,43,2,0.01273,0.01273,0.01273,0.00000,0.00000
84.049,1,84031.000,1488,96000,0.000,120.0,4,43,2,0.01273,0.01273,0.01273,0.00000,0.00000
84.049,2,84031.000,1488,96000,0.000,120.0,4,43,2,0.01273,0.01273,0.01273,0.00000,0.00000
84.150,0,84131.000,6309,96000,1999.562,120.0,4,43,2,0.01266,0.01266,0.01266,0.00000,0.00000
84.150,1,84131.000,6309,96000,1999.562,120.0,4,43,2,0.01266,0.01266,0.01266,0.00000,0.00000
84.150,2,84131.000,6309,96000,1999.562,120.0,4,43,2,0.01266,0.01266,0.01266,0.00000,0.00000
84.254,0,84235.000,11320,96000,1999.167,120.0,4,43,2,0.01264,0.01264,0.01264,0.00000,0.00000
84.254,1,84235.000,11320,96000,1999.167,120.0,4,43,2,0.01264,0.01264,0.01264,0.00000,0.00000
84.254,2,84235.000,11320,96000,1999.167,120.0,4,43,2,0.01264,0.01264,0.01264,0.00000,0.00000
84.357,0,84338.000,16233,96000,1999.812,120.0,4,43,2,0.01269,0.01269,0.01269,0.00000,0.00000
84.357,1,84338.000,16233,96000,1999.812,120.0,4,43,2,0.01269,0.01269,0.01269,0.00000,0.00000
84.357,2,84338.000,16233,96000,1999.812,120.0,4,43,2,0.01269,0.01269,0.01269,0.00000,0.00000
84.458,0,84439.000,21105,96000,1999.312,120.0,4,43,2,0.01269,0.01269,0.01269,0.00000,0.00000
84.458,1,84439.000,21105,96000,1999.312,120.0,4,43,2,0.01269,0.01269,0.01269,0.00000,0.00000
84.458,2,84439.000,21105,96000,1999.312,120.0,4,43,2,0.01269,0.01269,0.01269,0.00000,0.00000
84.560,0,84541.000,26010,96000,1999.125,120.0,4,43,2,0.01263,0.01263,0.01263,0.00000,0.00000
84.560,1,84541.000,26010,96000,1999.125,120.0,4,43,2,0.01263,0.01263,0.01263,0.00000,0.00000
84.560,2,84541.000,26010,96000,1999.125,120.0,4,43,2,0.01263,0.01263,0.01263,0.00000,0.00000
84.664,0,84645.000,30970,96000,1999.792,120.0,4,43,2,0.01261,0.01261,0.01261,0.00000,0.00000
84.664,1,84645.000,30970,96000,1999.792,120.0,4,43,2,0.01261,0.01261,0.01261,0.00000,0.00000
84.664,2,84645.000,30970,96000,1999.792,120.0,4,43,2,0.01261,0.01261,0.01261,0.00000,0.00000
84.767,0,84748.000,35951,96000,1999.021,120.0,4,43,2,0.01264,0.01264,0.01264,0.00000,0.00000
84.767,1,84748.000,35951,96000,1999.021,120.0,4,43,2,0.01264,0.01264,0.01264,0.00000,0.00000
84.767,2,84748.000,35951,96000,1999.021,120.0,4,43,2,0.01264,0.01264,0.01264,0.00000,0.00000
84.869,0,84850.000,40842,96000,1999.125,120.0,4,43,2,0.01269,0.01269,0.01269,0.00000,0.00000
84.869,1,84850.000,40842,96000,1999.125,120.0,4,43,2,0.01269,0.01269,0.01269,0.00000,0.00000
84.869,2,84850.000,40842,96000,1999.125,120.0,4,43,2,0.01269,0.01269,0.01269,0.00000,0.00000
84.973,0,84955.000,45840,96000,0.000,120.0,4,43,2,0.01264,0.01264,0.01264,0.00000,0.00000
84.973,1,84955.000,45840,96000,0.000,120.0,4,43,2,0.01264,0.01264,0.01264,0.00000,0.00000
84.973,2,84955.000,45840,96000,0.000,120.0,4,43,2,0.01264,0.01264,0.01264,0.00000,0.00000
85.077,0,85058.000,50816,96000,1999.333,120.0,4,43,2,0.01258,0.01258,0.01258,0.00000,0.00000
85.077,1,85058.000,50816,96000,1999.333,120.0,4,43,2,0.01258,0.01258,0.01258,0.00000,0.00000
85.077,2,85058.000,50816,96000,1999.333,120.0,4,43,2,0.01258,0.01258,0.01258,0.00000,0.00000
85.178,0,85159.000,55656,96000,1999.500,120.0,4,43,2,0.01260,0.01260,0.01260,0.00000,0.00000
85.178,1,85159.000,55656,96000,1999.500,120.0,4,43,2,0.01260,0.01260,0.01260,0.00000,0.00000
85.178,2,85159.000,55656,96000,1999.500,120.0,4,43,2,0.01260,0.01260,0.01260,0.00000,0.00000
85.281,0,85263.000,60628,96000,1999.917,120.0,4,43,2,0.01269,0.01269,0.01269,0.00000,0.00000
85.281,1,85263.000,60628,96000,1999.917,120.0,4,43,2,0.01269,0.01269,0.01269,0.00000,0.00000
85.281,2,85263.000,60628,96000,1999.917,120.0,4,43,2,0.01269,0.01269,0.01269,0.00000,0.00000
85.383,0,85365.000,65529,96000,1999.812,120.0,4,43,2,0.01265,0.01265,0.01265,0.00000,0.00000
85.383,1,85365.000,65529,96000,1999.812,120.0,4,43,2,0.01265,0.01265,0.01265,0.00000,0.00000
85.383,2,85365.000,65529,96000,1999.812,120.0,4,43,2,0.01265,0.01265,0.01265,0.00000,0.00000
85.486,0,85467.000,70437,96000,1999.562,120.0,4,43,2,0.01261,0.01261,0.01261,0.00000,0.00000
85.486,1,85467.000,70437,96000,1999.562,120.0,4,43,2,0.01261,0.01261,0.01261,0.00000,0.00000
85.486,2,85467.000,70437,96000,1999.562,120.0,4,43,2,0.01261,0.01261,0.01261,0.00000,0.00000
85.587,0,85568.000,75309,96000,1999.062,120.0,4,43,2,0.01259,0.01259,0.01259,0.00000,0.00000
85.587,1,85568.000,75309,96000,1999.062,120.0,4,43,2,0.01259,0.01259,0.01259,0.00000,0.00000
85.587,2,85568.000,75309,96000,1999.062,120.0,4,43,2,0.01259,0.01259,0.01259,0.00000,0.00000
85.689,0,85670.000,80194,96000,1999.292,120.0,4,43,2,0.01260,0.01260,0.01260,0.00000,0.00000
85.689,1,85670.000,80194,96000,1999.292,120.0,4,43,2,0.01260,0.01260,0.01260,0.00000,0.00000
85.689,2,85670.000,80194,96000,1999.292,120.0,4,43,2,0.01260,0.01260,0.01260,0.00000,0.00000
85.789,0,85770.000,85006,96000,1999.042,120.0,4,43,2,0.01264,0.01264,0.01264,0.00000,0.00000
85.789,1,85770.000,85006,96000,1999.042,120.0,4,43,2,0.01264,0.01264,0.01264,0.00000,0.00000
85.789,2,85770.000,85006,96000,1999.042,120.0,4,43,2,0.01264,0.01264,0.01264,0.00000,0.00000
85.892,0,85873.000,89942,96000,1999.208,120.0,4,43,2,0.01269,0.01269,0.01269,0.00000,0.00000
85.892,1,85873.000,89942,96000,1999.208,120.0,4,43,2,0.01269,0.01269,0.01269,0.00000,0.00000
85.892,2,85873.000,89942,96000,1999.208,120.0,4,43,2,0.01269,0.01269,0.01269,0.00000,0.00000
85.994,0,85975.000,94835,96000,1999.271,120.0,4,43,2,0.01269,0.01269,0.01269,0.00000,0.00000
85.994,1,85975.000,94835,96000,1999.271,120.0,4,43,2,0.01269,0.01269,0.01269,0.00000,0.00000
85.994,2,85975.000,94835,96000,1999.271,120.0,4,43,2,0.01269,0.01269,0.01269,0.00000,0.00000
86.096,0,86077.000,3735,96000,1999.188,120.0,4,44,2,0.01268,0.00906,0.01268,0.00000,0.00000
86.096,1,86077.000,3735,96000,1999.188,120.0,4,44,2,0.01268,0.00906,0.01268,0.00000,0.00000
86.096,2,86077.000,3735,96000,1999.188,120.0,4,44,2,0.01268,0.01268,0.01268,0.00000,0.00000
86.198,0,86179.000,8629,96000,1999.229,120.0,4,44,2,0.01269,0.00593,0.01269,0.00000,0.00000
86.198,1,86179.000,8629,96000,1999.229,120.0,4,44,2,0.01269,0.00593,0.01269,0.00000,0.00000
86.198,2,86179.000,8629,96000,1999.229,120.0,4,44,2,0.01269,0.01269,0.01269,0.00000,0.00000
86.302,0,86284.000,13637,96000,1999.896,120.0,4,44,2,0.01265,0.00384,0.01265,0.00000,0.00000
86.302,1,86284.000,13637,96000,1999.896,120.0,4,44,2,0.01265,0.00384,0.01265,0.00000,0.00000
86.302,2,86284.000,13637,96000,1999.896,120.0,4,44,2,0.01265,0.01265,0.01265,0.00000,0.00000
86.407,0,86388.000,18637,96000,1999.729,120.0,4,44,2,0.01261,0.00249,0.01261,0.00000,0.00000
86.407,1,86388.000,18637,96000,1999.729,120.0,4,44,2,0.01261,0.00249,0.01261,0.00000,0.00000
86.407,2,86388.000,18637,96000,1999.729,120.0,4,44,2,0.01261,0.01261,0.01261,0.00000,0.00000
86.509,0,86490.000,23563,96000,1999.104,120.0,4,44,2,0.01264,0.00163,0.01264,0.00000,0.00000
86.509,1,86490.000,23563,96000,1999.104,120.0,4,44,2,0.01264,0.00163,0.01264,0.00000,0.00000
86.509,2,86490.000,23563,96000,1999.104,120.0,4,44,2,0.01264,0.01264,0.01264,0.00000,0.00000
86.610,0,86591.000,28397,96000,1999.396,120.0,4,44,2,0.01269,0.00107,0.01269,0.00000,0.00000
86.610,1,86591.000,28397,96000,1999.396,120.0,4,44,2,0.01269,0.00107,0.01269,0.00000,0.00000
86.610,2,86591.000,28397,96000,1999.396,120.0,4,44,2,0.01269,0.01269,0.01269,0.00000,0.00000
86.711,0,86693.000,33267,96000,1999.938,120.0,4,44,2,0.01269,0.00070,0.01269,0.00000,0.00000
86.711,1,86693.000,33267,96000,1999.938,120.0,4,44,2,0.01269,0.00070,0.01269,0.00000,0.00000
86.711,2,86693.000,33267,96000,1999.938,120.0,4,44,2,0.01269,0.01269,0.01269,0.00000,0.00000
86.814,0,86795.000,38188,96000,1999.417,120.0,4,44,2,0.01265,0.00046,0.01265,0.00000,0.00000
86.814,1,86795.000,38188,96000,1999.417,120.0,4,44,2,0.01265,0.00046,0.01265,0.00000,0.00000
86.814,2,86795.000,38188,96000,1999.417,120.0,4,44,2,0.01265,0.01265,0.01265,0.00000,0.00000
86.914,0,86896.000,43013,96000,1999.896,120.0,4,44,2,0.01266,0.00030,0.01266,0.00000,0.00000
86.914,1,86896.000,43013,96000,1999.896,120.0,4,44,2,0.01266,0.00030,0.01266,0.00000,0.00000
86.914,2,86896.000,43013,96000,1999.896,120.0,4,44,2,0.01266,0.01266,0.01266,0.00000,0.00000
87.016,0,86998.000,47907,96000,1999.938,120.0,4,44,2,0.01260,0.00020,0.01260,0.00000,0.00000
87.016,1,86998.000,47907,96000,1999.938,120.0,4,44,2,0.01260,0.00020,0.01260,0.00000,0.00000
87.016,2,86998.000,47907,96000,1999.938,120.0,4,44,2,0.01260,0.01260,0.01260,0.00000,0.00000
87.117,0,87098.000,52726,96000,1999.542,120.0,4,44,2,0.01259,0.00013,0.01259,0.00000,0.00000
87.117,1,87098.000,52726,96000,1999.542,120.0,4,44,2,0.01259,0.00013,0.01259,0.00000,0.00000
87.117,2,87098.000,52726,96000,1999.542,120.0,4,44,2,0.01259,0.01259,0.01259,0.00000,0.00000
87.221,0,87202.000,57714,96000,1999.625,120.0,4,44,2,0.01269,0.00008,0.01269,0.00000,0.00000
87.221,1,87202.000,57714,96000,1999.625,120.0,4,44,2,0.01269,0.00008,0.01269,0.00000,0.00000
87.221,2,87202.000,57714,96000,1999.625,120.0,4,44,2,0.01269,0.01269,0.01269,0.00000,0.00000
87.322,0,87303.000,62573,96000,1999.396,120.0,4,44,2,0.01265,0.00006,0.01265,0.00000,0.00000
87.322,1,87303.000,62573,96000,1999.396,120.0,4,44,2,0.01265,0.00006,0.01265,0.00000,0.00000
87.322,2,87303.000,62573,96000,1999.396,120.0,4,44,2,0.01265,0.01265,0.01265,0.00000,0.00000
87.426,0,87407.000,67568,96000,1999.333,120.0,4,44,2,0.01266,0.00004,0.01266,0.00000,0.00000
87.426,1,87407.000,67568,96000,1999.333,120.0,4,44,2,0.01266,0.00004,0.01266,0.00000,0.00000
87.426,2,87407.000,67568,96000,1999.333,120.0,4,44,2,0.01266,0.01266,0.01266,0.00000,0.00000
87.528,0,87509.000,72451,96000,1999.604,120.0,4,44,2,0.01260,0.00002,0.01260,0.00000,0.00000
87.528,1,87509.000,72451,96000,1999.604,120.0,4,44,2,0.01260,0.00002,0.01260,0.00000,0.00000
87.528,2,87509.000,72451,96000,1999.604,120.0,4,44,2,0.01260,0.01260,0.01260,0.00000,0.00000
87.630,0,87611.000,77372,96000,1999.083,120.0,4,44,2,0.01254,0.00002,0.01254,0.00000,0.00000
87.630,1,87611.000,77372,96000,1999.083,120.0,4,44,2,0.01254,0.00002,0.01254,0.00000,0.00000
87.630,2,87611.000,77372,96000,1999.083,120.0,4,44,2,0.01254,0.01254,0.01254,0.00000,0.00000
87.730,0,87711.000,82172,96000,1999.083,120.0,4,44,2,0.01269,0.00001,0.01269,0.00000,0.00000
87.730,1,87711.000,82172,96000,1999.083,120.0,4,44,2,0.01269,0.00001,0.01269,0.00000,0.00000
87.730,2,87711.000,82172,96000,1999.083,120.0,4,44,2,0.01269,0.01269,0.01269,0.00000,0.00000
87.833,0,87815.000,87127,96000,1999.854,120.0,4,44,2,0.01264,0.00001,0.01264,0.00000,0.00000
87.833,1,87815.000,87127,96000,1999.854,120.0,4,44,2,0.01264,0.00001,0.01264,0.00000,0.00000
87.833,2,87815.000,87127,96000,1999.854,120.0,4,44,2,0.01264,0.01264,0.01264,0.00000,0.00000
87.934,0,87915.000,91959,96000,1999.188,120.0,4,44,2,0.01261,0.00000,0.01261,0.00000,0.00000
87.934,1,87915.000,91959,96000,1999.188,120.0,4,44,2,0.01261,0.00000,0.01261,0.00000,0.00000
87.934,2,87915.000,91959,96000,1999.188,120.0,4,44,2,0.01261,0.01261,0.01261,0.00000,0.00000
88.049,0,88031.000,1492,96000,1999.917,120.0,4,45,2,0.01270,0.01270,0.01270,0.00000,0.00000
88.049,1,88031.000,1492,96000,1999.917,120.0,4,45,2,0.01270,0.01270,0.01270,0.00000,0.00000
88.049,2,88031.000,1492,96000,1999.917,120.0,4,45,2,0.01270,0.01270,0.01270,0.00000,0.00000
88.150,0,88131.000,6333,96000,1999.062,120.0,4,45,2,0.01261,0.01261,0.01261,0.00000,0.00000
88.150,1,88131.000,6333,96000,1999.062,120.0,4,45,2,0.01261,0.01261,0.01261,0.00000,0.00000
88.150,2,88131.000,6333,96000,1999.062,120.0,4,45,2,0.01261,0.01261,0.01261,0.00000,0.00000
88.253,0,88234.000,11276,96000,1999.083,120.0,4,45,2,0.01264,0.01264,0.01264,0.00000,0.00000
88.253,1,88234.000,11276,96000,1999.083,120.0,4,45,2,0.01264,0.01264,0.01264,0.00000,0.00000
88.253,2,88234.000,11276,96000,1999.083,120.0,4,45,2,0.01264,0.01264,0.01264,0.00000,0.00000
88.357,0,88338.000,16255,96000,1999.354,120.0,4,45,2,0.01269,0.01269,0.01269,0.00000,0.00000
88.357,1,88338.000,16255,96000,1999.354,120.0,4,45,2,0.01269,0.01269,0.01269,0.00000,0.00000
88.357,2,88338.000,16255,96000,1999.354,120.0,4,45,2,0.01269,0.01269,0.01269,0.00000,0.00000
88.460,0,88441.000,21211,96000,1999.104,120.0,4,45,2,0.01264,0.01264,0.01264,0.00000,0.00000
88.460,1,88441.000,21211,96000,1999.104,120.0,4,45,2,0.01264,0.01264,0.01264,0.00000,0.00000
88.460,2,88441.000,21211,96000,1999.104,120.0,4,45,2,0.01264,0.01264,0.01264,0.00000,0.00000
88.564,0,88545.000,26197,96000,1999.229,120.0,4,45,2,0.11537,0.11507,0.11537,0.00000,0.00000
88.564,1,88545.000,26197,96000,1999.229,120.0,4,45,2,0.11530,0.11507,0.11530,0.00000,0.00000
88.564,2,88545.000,26197,96000,1999.229,120.0,4,45,2,0.11537,0.11530,0.11537,0.00000,0.00000
88.664,0,88645.000,31006,96000,1999.042,120.0,4,45,2,0.07606,0.07586,0.07606,0.00000,0.00000
88.664,1,88645.000,31006,96000,1999.042,120.0,4,45,2,0.07601,0.07586,0.07601,0.00000,0.00000
88.664,2,88645.000,31006,96000,1999.042,120.0,4,45,2,0.07606,0.07601,0.07606,0.00000,0.00000
88.768,0,88749.000,35970,96000,1999.625,120.0,4,45,2,0.04947,0.04934,0.04947,0.00000,0.00000
88.768,1,88749.000,35970,96000,1999.625,120.0,4,45,2,0.04944,0.04934,0.04944,0.00000,0.00000
88.768,2,88749.000,35970,96000,1999.625,120.0,4,45,2,0.04947,0.04944,0.04947,0.00000,0.00000
88.872,0,88853.000,40957,96000,1999.729,120.0,4,45,2,0.03211,0.03203,0.03211,0.00000,0.00000
88.872,1,88853.000,40957,96000,1999.729,120.0,4,45,2,0.03209,0.03203,0.03209,0.00000,0.00000
88.872,2,88853.000,40957,96000,1999.729,120.0,4,45,2,0.03211,0.03209,0.03211,0.00000,0.00000
88.975,0,88956.000,45903,96000,1999.688,120.0,4,45,2,0.02092,0.02087,0.02092,0.00000,0.00000
88.975,1,88956.000,45903,96000,1999.688,120.0,4,45,2,0.02091,0.02087,0.02091,0.00000,0.00000
88.975,2,88956.000,45903,96000,1999.688,120.0,4,45,2,0.02092,0.02091,0.02092,0.00000,0.00000
89.075,0,89057.000,50741,96000,1999.896,120.0,4,45,2,0.01376,0.01372,0.01376,0.00000,0.00000
89.075,1,89057.000,50741,96000,1999.896,120.0,4,45,2,0.01375,0.01372,0.01375,0.00000,0.00000
89.075,2,89057.000,50741,96000,1999.896,120.0,4,45,2,0.01376,0.01375,0.01376,0.00000,0.00000
89.177,0,89158.000,55612,96000,1999.417,120.0,4,45,2,0.01260,0.01260,0.01260,0.00000,0.00000
89.177,1,89158.000,55612,96000,1999.417,120.0,4,45,2,0.01260,0.01260,0.01260,0.00000,0.00000
89.177,2,89158.000,55612,96000,1999.417,120.0,4,45,2,0.01260,0.01260,0.01260,0.00000,0.00000
89.281,0,89262.000,60603,96000,1999.438,120.0,4,45,2,0.01265,0.01265,0.01265,0.00000,0.00000
89.281,1,89262.000,60603,96000,1999.438,120.0,4,45,2,0.01265,0.01265,0.01265,0.00000,0.00000
89.281,2,89262.000,60603,96000,1999.438,120.0,4,45,2,0.01265,0.01265,0.01265,0.00000,0.00000
89.385,0,89366.000,65581,96000,1999.729,120.0,4,45,2,0.01265,0.01265,0.01265,0.00000,0.00000
89.385,1,89366.000,65581,96000,1999.729,120.0,4,45,2,0.01265,0.01265,0.01265,0.00000,0.00000
89.385,2,89366.000,65581,96000,1999.729,120.0,4,45,2,0.01265,0.01265,0.01265,0.00000,0.00000
89.485,0,89466.000,70388,96000,1999.583,120.0,4,45,2,0.01264,0.01264,0.01264,0.00000,0.00000
89.485,1,89466.000,70388,96000,1999.583,120.0,4,45,2,0.01264,0.01264,0.01264,0.00000,0.00000
89.485,2,89466.000,70388,96000,1999.583,120.0,4,45,2,0.01264,0.01264,0.01264,0.00000,0.00000
89.587,0,89568.000,75292,96000,1999.417,120.0,4,45,2,0.01259,0.01259,0.01259,0.00000,0.00000
89.587,1,89568.000,75292,96000,1999.417,120.0,4,45,2,0.01259,0.01259,0.01259,0.00000,0.00000
89.587,2,89568.000,75292,96000,1999.417,120.0,4,45,2,0.01259,0.01259,0.01259,0.00000,0.00000
89.688,0,89670.000,80166,96000,1999.875,120.0,4,45,2,0.01260,0.01260,0.01260,0.00000,0.00000
89.688,1,89670.000,80166,96000,1999.875,120.0,4,45,2,0.01260,0.01260,0.01260,0.00000,0.00000
89.688,2,89670.000,80166,96000,1999.875,120.0,4,45,2,0.01260,0.01260,0.01260,0.00000,0.00000
89.789,0,89770.000,84978,96000,1999.625,120.0,4,45,2,0.01264,0.01264,0.01264,0.00000,0.00000
89.789,1,89770.000,84978,96000,1999.625,120.0,4,45,2,0.01264,0.01264,0.01264,0.00000,0.00000
89.789,2,89770.000,84978,96000,1999.625,120.0,4,45,2,0.01264,0.01264,0.01264,0.00000,0.00000
89.893,0,89874.000,89963,96000,1999.771,120.0,4,45,2,0.01269,0.01269,0.01269,0.00000,0.00000
89.893,1,89874.000,89963,96000,1999.771,120.0,4,45,2,0.01269,0.01269,0.01269,0.00000,0.00000
89.893,2,89874.000,89963,96000,1999.771,120.0,4,45,2,0.01269,0.01269,0.01269,0.00000,0.00000
89.994,0,89975.000,94845,96000,1999.062,120.0,4,45,2,0.01269,0.01269,0.01269,0.00000,0.00000
89.994,1,89975.000,94845,96000,1999.062,120.0,4,45,2,0.01269,0.01269,0.01269,0.00000,0.00000
89.994,2,89975.000,94845,96000,1999.062,120.0,4,45,2,0.01269,0.01269,0.01269,0.00000,0.00000
90.096,0,90077.000,3715,96000,1999.604,120.0,4,46,2,0.01268,0.01268,0.01268,0.00000,0.00000
90.096,1,90077.000,3715,96000,1999.604,120.0,4,46,2,0.01268,0.01268,0.01268,0.00000,0.00000
90.096,2,90077.000,3715,96000,1999.604,120.0,4,46,2,0.01268,0.01268,0.01268,0.00000,0.00000
90.199,0,90180.000,8671,96000,1999.354,120.0,4,46,2,0.01269,0.01269,0.01269,0.00000,0.00000
90.199,1,90180.000,8671,96000,1999.354,120.0,4,46,2,0.01269,0.01269,0.01269,0.00000,0.00000
90.199,2,90180.000,8671,96000,1999.354,120.0,4,46,2,0.01269,0.01269,0.01269,0.00000,0.00000
90.303,0,90284.000,13667,96000,1999.271,120.0,4,46,2,0.01265,0.01265,0.01265,0.00000,0.00000
90.303,1,90284.000,13667,96000,1999.271,120.0,4,46,2,0.01265,0.01265,0.01265,0.00000,0.00000
90.303,2,90284.000,13667,96000,1999.271,120.0,4,46,2,0.01265,0.01265,0.01265,0.00000,0.00000
90.406,0,90387.000,18616,96000,1999.167,120.0,4,46,2,0.01266,0.01266,0.01266,0.00000,0.00000
90.406,1,90387.000,18616,96000,1999.167,120.0,4,46,2,0.01266,0.01266,0.01266,0.00000,0.00000
90.406,2,90387.000,18616,96000,1999.167,120.0,4,46,2,0.01266,0.01266,0.01266,0.00000,0.00000
90.507,0,90488.000,23468,96000,1999.083,120.0,4,46,2,0.01263,0.01263,0.01263,0.00000,0.00000
90.507,1,90488.000,23468,96000,1999.083,120.0,4,46,2,0.01263,0.01263,0.01263,0.00000,0.00000
90.507,2,90488.000,23468,96000,1999.083,120.0,4,46,2,0.01263,0.01263,0.01263,0.00000,0.00000
90.611,0,90592.000,28436,96000,1999.583,120.0,4,46,2,0.01269,0.01269,0.01269,0.00000,0.00000
90.611,1,90592.000,28436,96000,1999.583,120.0,4,46,2,0.01269,0.01269,0.01269,0.00000,0.00000
90.611,2,90592.000,28436,96000,1999.583,120.0,4,46,2,0.01269,0.01269,0.01269,0.00000,0.00000
90.712,0,90693.000,33303,96000,1999.188,120.0,4,46,2,0.01269,0.01269,0.01269,0.00000,0.00000
90.712,1,90693.000,33303,96000,1999.188,120.0,4,46,2,0.01269,0.01269,0.01269,0.00000,0.00000
90.712,2,90693.000,33303,96000,1999.188,120.0,4,46,2,0.01269,0.01269,0.01269,0.00000,0.00000
90.815,0,90796.000,38236,96000,1999.417,120.0,4,46,2,0.01265,0.01265,0.01265,0.00000,0.00000
90.815,1,90796.000,38236,96000,1999.417,120.0,4,46,2,0.01265,0.01265,0.01265,0.00000,0.00000
90.815,2,90796.000,38236,96000,1999.417,120.0,4,46,2,0.01265,0.01265,0.01265,0.00000,0.00000
90.918,0,90899.000,43188,96000,1999.250,120.0,4,46,2,0.01261,0.01261,0.01261,0.00000,0.00000
90.918,1,90899.000,43188,96000,1999.250,120.0,4,46,2,0.01261,0.01261,0.01261,0.00000,0.00000
90.918,2,90899.000,43188,96000,1999.250,120.0,4,46,2,0.01261,0.01261,0.01261,0.00000,0.00000
91.020,0,91001.000,48072,96000,1999.500,120.0,4,46,2,0.01264,0.01264,0.01264,0.00000,0.00000
91.020,1,91001.000,48072,96000,1999.500,120.0,4,46,2,0.01264,0.01264,0.01264,0.00000,0.00000
91.020,2,91001.000,48072,96000,1999.500,120.0,4,46,2,0.01264,0.01264,0.01264,0.00000,0.00000
91.122,0,91103.000,52961,96000,1999.646,120.0,4,46,2,0.01269,0.01269,0.01269,0.00000,0.00000
91.122,1,91103.000,52961,96000,1999.646,120.0,4,46,2,0.01269,0.01269,0.01269,0.00000,0.00000
91.122,2,91103.000,52961,96000,1999.646,120.0,4,46,2,0.01269,0.01269,0.01269,0.00000,0.00000
91.226,0,91207.000,57975,96000,1999.188,120.0,4,46,2,0.01269,0.01269,0.01269,0.00000,0.00000
91.226,1,91207.000,57975,96000,1999.188,120.0,4,46,2,0.01269,0.01269,0.01269,0.00000,0.00000
91.226,2,91207.000,57975,96000,1999.188,120.0,4,46,2,0.01269,0.01269,0.01269,0.00000,0.00000
91.328,0,91309.000,62879,96000,1999.021,120.0,4,46,2,0.01263,0.01263,0.01263,0.00000,0.00000
91.328,1,91309.000,62879,96000,1999.021,120.0,4,46,2,0.01263,0.01263,0.01263,0.00000,0.00000
91.328,2,91309.000,62879,96000,1999.021,120.0,4,46,2,0.01263,0.01263,0.01263,0.00000,0.00000
91.429,0,91411.000,67737,96000,1999.812,120.0,4,46,2,0.01266,0.01266,0.01266,0.00000,0.00000
91.429,1,91411.000,67737,96000,1999.812,120.0,4,46,2,0.01266,0.01266,0.01266,0.00000,0.00000
91.429,2,91411.000,67737,96000,1999.812,120.0,4,46,2,0.01266,0.01266,0.01266,0.00000,0.00000
91.531,0,91512.000,72599,96000,1999.521,120.0,4,46,2,0.01263,0.01263,0.01263,0.00000,0.00000
91.531,1,91512.000,72599,96000,1999.521,120.0,4,46,2,0.01263,0.01263,0.01263,0.00000,0.00000
91.531,2,91512.000,72599,96000,1999.521,120.0,4,46,2,0.01263,0.01263,0.01263,0.00000,0.00000
91.631,0,91612.000,77414,96000,1999.208,120.0,4,46,2,0.01254,0.01254,0.01254,0.00000,0.00000
91.631,1,91612.000,77414,96000,1999.208,120.0,4,46,2,0.01254,0.01254,0.01254,0.00000,0.00000
91.631,2,91612.000,77414,96000,1999.208,120.0,4,46,2,0.01254,0.01254,0.01254,0.00000,0.00000
91.733,0,91714.000,82282,96000,1999.792,120.0,4,46,2,0.01269,0.01269,0.01269,0.00000,0.00000
91.733,1,91714.000,82282,96000,1999.792,120.0,4,46,2,0.01269,0.01269,0.01269,0.00000,0.00000
91.733,2,91714.000,82282,96000,1999.792,120.0,4,46,2,0.01269,0.01269,0.01269,0.00000,0.00000
91.833,0,91814.000,87083,96000,1999.771,120.0,4,46,2,0.01265,0.01265,0.01265,0.00000,0.00000
91.833,1,91814.000,87083,96000,1999.771,120.0,4,46,2,0.01265,0.01265,0.01265,0.00000,0.00000
91.833,2,91814.000,87083,96000,1999.771,120.0,4,46,2,0.01265,0.01265,0.01265,0.00000,0.00000
91.936,0,91918.000,92072,96000,1999.833,120.0,4,46,2,0.01266,0.01266,0.01266,0.00000,0.00000
91.936,1,91918.000,92072,96000,1999.833,120.0,4,46,2,0.01266,0.01266,0.01266,0.00000,0.00000
91.936,2,91918.000,92072,96000,1999.833,120.0,4,46,2,0.01266,0.01266,0.01266,0.00000,0.00000
92.047,0,92028.000,1361,96000,1999.646,120.0,4,47,2,0.01273,0.01273,0.01273,0.00000,0.00000
92.047,1,92028.000,1361,96000,1999.646,120.0,4,47,2,0.01273,0.01273,0.01273,0.00000,0.00000
92.047,2,92028.000,1361,96000,1999.646,120.0,4,47,2,0.01273,0.01273,0.01273,0.00000,0.00000
92.151,0,92132.000,6371,96000,1999.271,120.0,4,47,2,0.01261,0.01261,0.01261,0.00000,0.00000
92.151,1,92132.000,6371,96000,1999.271,120.0,4,47,2,0.01261,0.01261,0.01261,0.00000,0.00000
92.151,2,92132.000,6371,96000,1999.271,120.0,4,47,2,0.01261,0.01261,0.01261,0.00000,0.00000
92.255,0,92236.000,11366,96000,1999.208,120.0,4,47,2,0.01264,0.01264,0.01264,0.00000,0.00000
92.255,1,92236.000,11366,96000,1999.208,120.0,4,47,2,0.01264,0.01264,0.01264,0.00000,0.00000
92.255,2,92236.000,11366,96000,1999.208,120.0,4,47,2,0.01264,0.01264,0.01264,0.00000,0.00000
92.358,0,92339.000,16285,96000,1999.729,120.0,4,47,2,0.01269,0.01269,0.01269,0.00000,0.00000
92.358,1,92339.000,16285,96000,1999.729,120.0,4,47,2,0.01269,0.01269,0.01269,0.00000,0.00000
92.358,2,92339.000,16285,96000,1999.729,120.0,4,47,2,0.01269,0.01269,0.01269,0.00000,0.00000
92.460,0,92441.000,21178,96000,1999.792,120.0,4,47,2,0.01269,0.01269,0.01269,0.00000,0.00000
92.460,1,92441.000,21178,96000,1999.792,120.0,4,47,2,0.01269,0.01269,0.01269,0.00000,0.00000
92.460,2,92441.000,21178,96000,1999.792,120.0,4,47,2,0.01269,0.01269,0.01269,0.00000,0.00000
92.561,0,92542.000,26035,96000,1999.604,120.0,4,47,2,0.01263,0.01263,0.01263,0.00000,0.00000
92.561,1,92542.000,26035,96000,1999.604,120.0,4,47,2,0.01263,0.01263,0.01263,0.00000,0.00000
92.561,2,92542.000,26035,96000,1999.604,120.0,4,47,2,0.01263,0.01263,0.01263,0.00000,0.00000
92.663,0,92644.000,30945,96000,1999.312,120.0,4,47,2,0.01261,0.01261,0.01261,0.00000,0.00000
92.663,1,92644.000,30945,96000,1999.312,120.0,4,47,2,0.01261,0.01261,0.01261,0.00000,0.00000
92.663,2,92644.000,30945,96000,1999.312,120.0,4,47,2,0.01261,0.01261,0.01261,0.00000,0.00000
92.764,0,92745.000,35770,96000,1999.792,120.0,4,47,2,0.01264,0.01264,0.01264,0.00000,0.00000
92.764,1,92745.000,35770,96000,1999.792,120.0,4,47,2,0.01264,0.01264,0.01264,0.00000,0.00000
92.764,2,92745.000,35770,96000,1999.792,120.0,4,47,2,0.01264,0.01264,0.01264,0.00000,0.00000
92.866,0,92847.000,40691,96000,1999.271,120.0,4,47,2,0.01269,0.01269,0.01269,0.00000,0.00000
92.866,1,92847.000,40691,96000,1999.271,120.0,4,47,2,0.01269,0.01269,0.01269,0.00000,0.00000
92.866,2,92847.000,40691,96000,1999.271,120.0,4,47,2,0.01269,0.01269,0.01269,0.00000,0.00000
92.967,0,92948.000,45520,96000,1999.667,120.0,4,47,2,0.01269,0.01269,0.01269,0.00000,0.00000
92.967,1,92948.000,45520,96000,1999.667,120.0,4,47,2,0.01269,0.01269,0.01269,0.00000,0.00000
92.967,2,92948.000,45520,96000,1999.667,120.0,4,47,2,0.01269,0.01269,0.01269,0.00000,0.00000
93.070,0,93051.000,50487,96000,1999.188,120.0,4,47,2,0.01265,0.01265,0.01265,0.00000,0.00000
93.070,1,93051.000,50487,96000,1999.188,120.0,4,47,2,0.01265,0.01265,0.01265,0.00000,0.00000
93.070,2,93051.000,50487,96000,1999.188,120.0,4,47,2,0.01265,0.01265,0.01265,0.00000,0.00000
93.173,0,93154.000,55426,96000,1999.292,120.0,4,47,2,0.01266,0.01266,0.01266,0.00000,0.00000
93.173,1,93154.000,55426,96000,1999.292,120.0,4,47,2,0.01266,0.01266,0.01266,0.00000,0.00000
93.173,2,93154.000,55426,96000,1999.292,120.0,4,47,2,0.01266,0.01266,0.01266,0.00000,0.00000
93.277,0,93259.000,60435,96000,1999.938,120.0,4,47,2,0.01264,0.01264,0.01264,0.00000,0.00000
93.277,1,93259.000,60435,96000,1999.938,120.0,4,47,2,0.01264,0.01264,0.01264,0.00000,0.00000
93.277,2,93259.000,60435,96000,1999.938,120.0,4,47,2,0.01264,0.01264,0.01264,0.00000,0.00000
93.379,0,93360.000,65301,96000,1999.562,120.0,4,47,2,0.01269,0.01269,0.01269,0.00000,0.00000
93.379,1,93360.000,65301,96000,1999.562,120.0,4,47,2,0.01269,0.01269,0.01269,0.00000,0.00000
93.379,2,93360.000,65301,96000,1999.562,120.0,4,47,2,0.01269,0.01269,0.01269,0.00000,0.00000
93.481,0,93463.000,70229,96000,1999.896,120.0,4,47,2,0.01269,0.01269,0.01269,0.00000,0.00000
93.481,1,93463.000,70229,96000,1999.896,120.0,4,47,2,0.01269,0.01269,0.01269,0.00000,0.00000
93.481,2,93463.000,70229,96000,1999.896,120.0,4,47,2,0.01269,0.01269,0.01269,0.00000,0.00000
93.583,0,93564.000,75113,96000,1999.146,120.0,4,47,2,0.01265,0.01265,0.01265,0.00000,0.00000
93.583,1,93564.000,75113,96000,1999.146,120.0,4,47,2,0.01265,0.01265,0.01265,0.00000,0.00000
93.583,2,93564.000,75113,96000,1999.146,120.0,4,47,2,0.01265,0.01265,0.01265,0.00000,0.00000
93.684,0,93666.000,79969,96000,1999.979,120.0,4,47,2,0.01266,0.01266,0.01266,0.00000,0.00000
93.684,1,93666.000,79969,96000,1999.979,120.0,4,47,2,0.01266,0.01266,0.01266,0.00000,0.00000
93.684,2,93666.000,79969,96000,1999.979,120.0,4,47,2,0.01266,0.01266,0.01266,0.00000,0.00000
93.787,0,93768.000,84876,96000,1999.750,120.0,4,47,2,0.01263,0.01263,0.01263,0.00000,0.00000
93.787,1,93768.000,84876,96000,1999.750,120.0,4,47,2,0.01263,0.01263,0.01263,0.00000,0.00000
93.787,2,93768.000,84876,96000,1999.750,120.0,4,47,2,0.01263,0.01263,0.01263,0.00000,0.00000
93.890,0,93871.000,89817,96000,1999.812,120.0,4,47,2,0.01269,0.01269,0.01269,0.00000,0.00000
93.890,1,93871.000,89817,96000,1999.812,120.0,4,47,2,0.01269,0.01269,0.01269,0.00000,0.00000
93.890,2,93871.000,89817,96000,1999.812,120.0,4,47,2,0.01269,0.01269,0.01269,0.00000,0.00000
93.993,0,93974.000,94766,96000,1999.708,120.0,4,47,2,0.01269,0.01269,0.01269,0.00000,0.00000
93.993,1,93974.000,94766,96000,1999.708,120.0,4,47,2,0.01269,0.01269,0.01269,0.00000,0.00000
93.993,2,93974.000,94766,96000,1999.708,120.0,4,47,2,0.01269,0.01269,0.01269,0.00000,0.00000
94.096,0,94077.000,3727,96000,1999.354,120.0,4,48,2,0.01268,0.01268,0.01268,0.00000,0.00000
94.096,1,94077.000,3727,96000,1999.354,120.0,4,48,2,0.01268,0.01268,0.01268,0.00000,0.00000
94.096,2,94077.000,3727,96000,1999.354,120.0,4,48,2,0.01268,0.01268,0.01268,0.00000,0.00000
94.199,0,94180.000,8670,96000,1999.375,120.0,4,48,2,0.01269,0.01269,0.01269,0.00000,0.00000
94.199,1,94180.000,8670,96000,1999.375,120.0,4,48,2,0.01269,0.01269,0.01269,0.00000,0.00000
94.199,2,94180.000,8670,96000,1999.375,120.0,4,48,2,0.01269,0.01269,0.01269,0.00000,0.00000
94.302,0,94283.000,13622,96000,1999.208,120.0,4,48,2,0.01265,0.01265,0.01265,0.00000,0.00000
94.302,1,94283.000,13622,96000,1999.208,120.0,4,48,2,0.01265,0.01265,0.01265,0.00000,0.00000
94.302,2,94283.000,13622,96000,1999.208,120.0,4,48,2,0.01265,0.01265,0.01265,0.00000,0.00000
94.403,0,94384.000,18465,96000,1999.312,120.0,4,48,2,0.01266,0.01266,0.01266,0.00000,0.00000
94.403,1,94384.000,18465,96000,1999.312,120.0,4,48,2,0.01266,0.01266,0.01266,0.00000,0.00000
94.403,2,94384.000,18465,96000,1999.312,120.0,4,48,2,0.01266,0.01266,0.01266,0.00000,0.00000
94.505,0,94486.000,23366,96000,1999.208,120.0,4,48,2,0.01260,0.01260,0.01260,0.00000,0.00000
94.505,1,94486.000,23366,96000,1999.208,120.0,4,48,2,0.01260,0.01260,0.01260,0.00000,0.00000
94.505,2,94486.000,23366,96000,1999.208,120.0,4,48,2,0.01260,0.01260,0.01260,0.00000,0.00000
94.609,0,94590.000,28334,96000,1999.708,120.0,4,48,2,0.01268,0.01268,0.01268,0.00000,0.00000
94.609,1,94590.000,28334,96000,1999.708,120.0,4,48,2,0.01268,0.01268,0.01268,0.00000,0.00000
94.609,2,94590.000,28334,96000,1999.708,120.0,4,48,2,0.01268,0.01268,0.01268,0.00000,0.00000
94.709,0,94690.000,33156,96000,1999.250,120.0,4,48,2,0.01269,0.01269,0.01269,0.00000,0.00000
94.709,1,94690.000,33156,96000,1999.250,120.0,4,48,2,0.01269,0.01269,0.01269,0.00000,0.00000
94.709,2,94690.000,33156,96000,1999.250,120.0,4,48,2,0.01269,0.01269,0.01269,0.00000,0.00000
94.813,0,94794.000,38134,96000,1999.542,120.0,4,48,2,0.01265,0.01265,0.01265,0.00000,0.00000
94.813,1,94794.000,38134,96000,1999.542,120.0,4,48,2,0.01265,0.01265,0.01265,0.00000,0.00000
94.813,2,94794.000,38134,96000,1999.542,120.0,4,48,2,0.01265,0.01265,0.01265,0.00000,0.00000
94.914,0,94895.000,42979,96000,1999.604,120.0,4,48,2,0.01266,0.01266,0.01266,0.00000,0.00000
94.914,1,94895.000,42979,96000,1999.604,120.0,4,48,2,0.01266,0.01266,0.01266,0.00000,0.00000
94.914,2,94895.000,42979,96000,1999.604,120.0,4,48,2,0.01266,0.01266,0.01266,0.00000,0.00000
95.017,0,94998.000,47939,96000,1999.271,120.0,4,48,2,0.01266,0.01255,0.01266,0.00000,0.00000
95.017,1,94998.000,47939,96000,1999.271,120.0,4,48,2,0.01255,0.01255,0.01253,0.00000,0.00000
95.017,2,94998.000,47939,96000,1999.271,120.0,4,48,2,0.01266,0.01253,0.01266,0.00000,0.00000
95.117,0,95099.000,52759,96000,1999.854,120.0,4,48,2,0.09357,0.09336,0.09357,0.00000,0.00000
95.117,1,95099.000,52759,96000,1999.854,120.0,4,48,2,0.09336,0.09336,0.09303,0.00000,0.00000
95.117,2,95099.000,52759,96000,1999.854,120.0,4,48,2,0.09357,0.09303,0.09357,0.00000,0.00000
95.220,0,95201.000,57692,96000,1999.083,120.0,4,48,2,0.06103,0.06089,0.06103,0.00000,0.00000
95.220,1,95201.000,57692,96000,1999.083,120.0,4,48,2,0.06089,0.06089,0.06067,0.00000,0.00000
95.220,2,95201.000,57692,96000,1999.083,120.0,4,48,2,0.06103,0.06067,0.06103,0.00000,0.00000
95.322,0,95303.000,62578,96000,1999.292,120.0,4,48,2,0.03996,0.03988,0.03996,0.00000,0.00000
95.322,1,95303.000,62578,96000,1999.292,120.0,4,48,2,0.03988,0.03988,0.03973,0.00000,0.00000
95.322,2,95303.000,62578,96000,1999.292,120.0,4,48,2,0.03996,0.03973,0.03996,0.00000,0.00000
95.425,0,95406.000,67530,96000,1999.125,120.0,4,48,2,0.02602,0.02596,0.02602,0.00000,0.00000
95.425,1,95406.000,67530,96000,1999.125,120.0,4,48,2,0.02596,0.02596,0.02587,0.00000,0.00000
95.425,2,95406.000,67530,96000,1999.125,120.0,4,48,2,0.02602,0.02587,0.02602,0.00000,0.00000
95.526,0,95507.000,72352,96000,1999.667,120.0,4,48,2,0.01713,0.01710,0.01713,0.00000,0.00000
95.526,1,95507.000,72352,96000,1999.667,120.0,4,48,2,0.01710,0.01710,0.01704,0.00000,0.00000
95.526,2,95507.000,72352,96000,1999.667,120.0,4,48,2,0.01713,0.01704,0.01713,0.00000,0.00000
95.630,0,95611.000,77363,96000,1999.271,120.0,4,48,2,0.01254,0.01254,0.01254,0.00000,0.00000
95.630,1,95611.000,77363,96000,1999.271,120.0,4,48,2,0.01254,0.01254,0.01254,0.00000,0.00000
95.630,2,95611.000,77363,96000,1999.271,120.0,4,48,2,0.01254,0.01254,0.01254,0.00000,0.00000
95.732,0,95713.000,82258,96000,1999.292,120.0,4,48,2,0.01269,0.01269,0.01269,0.00000,0.00000
95.732,1,95713.000,82258,96000,1999.292,120.0,4,48,2,0.01269,0.01269,0.01269,0.00000,0.00000
95.732,2,95713.000,82258,96000,1999.292,120.0,4,48,2,0.01269,0.01269,0.01269,0.00000,0.00000
95.834,0,95815.000,87162,96000,1999.125,120.0,4,48,2,0.01264,0.01264,0.01264,0.00000,0.00000
95.834,1,95815.000,87162,96000,1999.125,120.0,4,48,2,0.01264,0.01264,0.01264,0.00000,0.00000
95.834,2,95815.000,87162,96000,1999.125,120.0,4,48,2,0.01264,0.01264,0.01264,0.00000,0.00000
95.938,0,95919.000,92154,96000,1999.125,120.0,4,48,2,0.01266,0.01266,0.01266,0.00000,0.00000
95.938,1,95919.000,92154,96000,1999.125,120.0,4,48,2,0.01266,0.01266,0.01266,0.00000,0.00000
95.938,2,95919.000,92154,96000,1999.125,120.0,4,48,2,0.01266,0.01266,0.01266,0.00000,0.00000
96.048,0,96029.000,1422,96000,1999.375,120.0,4,49,2,0.01273,0.01273,0.01273,0.00000,0.00000
96.048,1,96029.000,1422,96000,1999.375,120.0,4,49,2,0.01273,0.01108,0.01273,0.00000,0.00000
96.048,2,96029.000,1422,96000,1999.375,120.0,4,49,2,0.01273,0.01273,0.01273,0.00000,0.00000
96.149,0,96130.000,6250,96000,1999.792,120.0,4,49,2,0.01266,0.01266,0.01266,0.00000,0.00000
96.149,1,96130.000,6250,96000,1999.792,120.0,4,49,2,0.01266,0.00729,0.01266,0.00000,0.00000
96.149,2,96130.000,6250,96000,1999.792,120.0,4,49,2,0.01266,0.01266,0.01266,0.00000,0.00000
96.250,0,96231.000,11120,96000,1999.333,120.0,4,49,2,0.01263,0.01263,0.01263,0.00000,0.00000
96.250,1,96231.000,11120,96000,1999.333,120.0,4,49,2,0.01263,0.00478,0.01263,0.00000,0.00000
96.250,2,96231.000,11120,96000,1999.333,120.0,4,49,2,0.01263,0.01263,0.01263,0.00000,0.00000
96.354,0,96335.000,16091,96000,1999.771,120.0,4,49,2,0.01269,0.01269,0.01269,0.00000,0.00000
96.354,1,96335.000,16091,96000,1999.771,120.0,4,49,2,0.01269,0.00311,0.01269,0.00000,0.00000
96.354,2,96335.000,16091,96000,1999.771,120.0,4,49,2,0.01269,0.01269,0.01269,0.00000,0.00000
96.455,0,96436.000,20954,96000,1999.458,120.0,4,49,2,0.01269,0.01269,0.01269,0.00000,0.00000
96.455,1,96436.000,20954,96000,1999.458,120.0,4,49,2,0.01269,0.00204,0.01269,0.00000,0.00000
96.455,2,96436.000,20954,96000,1999.458,120.0,4,49,2,0.01269,0.01269,0.01269,0.00000,0.00000
96.557,0,96538.000,25835,96000,1999.771,120.0,4,49,2,0.01265,0.01265,0.01265,0.00000,0.00000
96.557,1,96538.000,25835,96000,1999.771,120.0,4,49,2,0.01265,0.00134,0.01265,0.00000,0.00000
96.557,2,96538.000,25835,96000,1999.771,120.0,4,49,2,0.01265,0.01265,0.01265,0.00000,0.00000
96.658,0,96639.000,30713,96000,1999.146,120.0,4,49,2,0.01266,0.01266,0.01266,0.00000,0.00000
96.658,1,96639.000,30713,96000,1999.146,120.0,4,49,2,0.01266,0.00088,0.01266,0.00000,0.00000
96.658,2,96639.000,30713,96000,1999.146,120.0,4,49,2,0.01266,0.01266,0.01266,0.00000,0.00000
96.761,0,96743.000,35671,96000,1999.854,120.0,4,49,2,0.01263,0.01263,0.01263,0.00000,0.00000
96.761,1,96743.000,35671,96000,1999.854,120.0,4,49,2,0.01263,0.00057,0.01263,0.00000,0.00000
96.761,2,96743.000,35671,96000,1999.854,120.0,4,49,2,0.01263,0.01263,0.01263,0.00000,0.00000
96.862,0,96843.000,40485,96000,1999.562,120.0,4,49,2,0.01254,0.01254,0.01254,0.00000,0.00000
96.862,1,96843.000,40485,96000,1999.562,120.0,4,49,2,0.01254,0.00038,0.01254,0.00000,0.00000
96.862,2,96843.000,40485,96000,1999.562,120.0,4,49,2,0.01254,0.01254,0.01254,0.00000,0.00000
96.962,0,96943.000,45285,96000,1999.562,120.0,4,49,2,0.01269,0.01269,0.01269,0.00000,0.00000
96.962,1,96943.000,45285,96000,1999.562,120.0,4,49,2,0.01269,0.00025,0.01269,0.00000,0.00000
96.962,2,96943.000,45285,96000,1999.562,120.0,4,49,2,0.01269,0.01269,0.01269,0.00000,0.00000
97.062,0,97044.000,50116,96000,1999.917,120.0,4,49,2,0.01265,0.01265,0.01265,0.00000,0.00000
97.062,1,97044.000,50116,96000,1999.917,120.0,4,49,2,0.01265,0.00016,0.01265,0.00000,0.00000
97.062,2,97044.000,50116,96000,1999.917,120.0,4,49,2,0.01265,0.01265,0.01265,0.00000,0.00000
97.163,0,97144.000,54941,96000,1999.396,120.0,4,49,2,0.01269,0.01269,0.01269,0.00000,0.00000
97.163,1,97144.000,54941,96000,1999.396,120.0,4,49,2,0.01269,0.00011,0.01269,0.00000,0.00000
97.163,2,97144.000,54941,96000,1999.396,120.0,4,49,2,0.01269,0.01269,0.01269,0.00000,0.00000
97.266,0,97247.000,59874,96000,1999.625,120.0,4,49,2,0.01259,0.01259,0.01259,0.00000,0.00000
97.266,1,97247.000,59874,96000,1999.625,120.0,4,49,2,0.01259,0.00007,0.01259,0.00000,0.00000
97.266,2,97247.000,59874,96000,1999.625,120.0,4,49,2,0.01259,0.01259,0.01259,0.00000,0.00000
97.367,0,97348.000,64723,96000,1999.604,120.0,4,49,2,0.01261,0.01261,0.01261,0.00000,0.00000
97.367,1,97348.000,64723,96000,1999.604,120.0,4,49,2,0.01261,0.00005,0.01261,0.00000,0.00000
97.367,2,97348.000,64723,96000,1999.604,120.0,4,49,2,0.01261,0.01261,0.01261,0.00000,0.00000
97.468,0,97449.000,69562,96000,1999.792,120.0,4,49,2,0.01264,0.01264,0.01264,0.00000,0.00000
97.468,1,97449.000,69562,96000,1999.792,120.0,4,49,2,0.01264,0.00003,0.01264,0.00000,0.00000
97.468,2,97449.000,69562,96000,1999.792,120.0,4,49,2,0.01264,0.01264,0.01264,0.00000,0.00000
97.570,0,97551.000,74466,96000,1999.625,120.0,4,49,2,0.01269,0.01269,0.01269,0.00000,0.00000
97.570,1,97551.000,74466,96000,1999.625,120.0,4,49,2,0.01269,0.00002,0.01269,0.00000,0.00000
97.570,2,97551.000,74466,96000,1999.625,120.0,4,49,2,0.01269,0.01269,0.01269,0.00000,0.00000
97.671,0,97652.000,79324,96000,1999.417,120.0,4,49,2,0.01269,0.01269,0.01269,0.00000,0.00000
97.671,1,97652.000,79324,96000,1999.417,120.0,4,49,2,0.01269,0.00001,0.01269,0.00000,0.00000
97.671,2,97652.000,79324,96000,1999.417,120.0,4,49,2,0.01269,0.01269,0.01269,0.00000,0.00000
97.772,0,97753.000,84177,96000,1999.312,120.0,4,49,2,0.01265,0.01265,0.01265,0.00000,0.00000
97.772,1,97753.000,84177,96000,1999.312,120.0,4,49,2,0.01265,0.00001,0.01265,0.00000,0.00000
97.772,2,97753.000,84177,96000,1999.312,120.0,4,49,2,0.01265,0.01265,0.01265,0.00000,0.00000
97.875,0,97856.000,89116,96000,1999.417,120.0,4,49,2,0.01266,0.01266,0.01266,0.00000,0.00000
97.875,1,97856.000,89116,96000,1999.417,120.0,4,49,2,0.01266,0.00001,0.01266,0.00000,0.00000
97.875,2,97856.000,89116,96000,1999.417,120.0,4,49,2,0.01266,0.01266,0.01266,0.00000,0.00000
97.978,0,97959.000,94066,96000,1999.292,120.0,4,49,2,0.01263,0.01263,0.01263,0.00000,0.00000
97.978,1,97959.000,94066,96000,1999.292,120.0,4,49,2,0.01263,0.00000,0.01263,0.00000,0.00000
97.978,2,97959.000,94066,96000,1999.292,120.0,4,49,2,0.01263,0.01263,0.01263,0.00000,0.00000
98.079,0,98060.000,2903,96000,1999.521,120.0,4,50,2,0.01261,0.01261,0.01261,0.00000,0.00000
98.079,1,98060.000,2903,96000,1999.521,120.0,4,50,2,0.01261,0.01261,0.01261,0.00000,0.00000
98.079,2,98060.000,2903,96000,1999.521,120.0,4,50,2,0.01261,0.01261,0.01261,0.00000,0.00000
98.180,0,98161.000,7746,96000,1999.625,120.0,4,50,2,0.01259,0.01259,0.01259,0.00000,0.00000
98.180,1,98161.000,7746,96000,1999.625,120.0,4,50,2,0.01259,0.01259,0.01259,0.00000,0.00000
98.180,2,98161.000,7746,96000,1999.625,120.0,4,50,2,0.01259,0.01259,0.01259,0.00000,0.00000
98.280,0,98262.000,12581,96000,1999.896,120.0,4,50,2,0.01260,0.01260,0.01260,0.00000,0.00000
98.280,1,98262.000,12581,96000,1999.896,120.0,4,50,2,0.01260,0.01260,0.01260,0.00000,0.00000
98.280,2,98262.000,12581,96000,1999.896,120.0,4,50,2,0.01260,0.01260,0.01260,0.00000,0.00000
98.382,0,98364.000,17478,96000,1999.875,120.0,4,50,2,0.01264,0.01264,0.01264,0.00000,0.00000
98.382,1,98364.000,17478,96000,1999.875,120.0,4,50,2,0.01264,0.01264,0.01264,0.00000,0.00000
98.382,2,98364.000,17478,96000,1999.875,120.0,4,50,2,0.01264,0.01264,0.01264,0.00000,0.00000
98.484,0,98465.000,22348,96000,1999.417,120.0,4,50,2,0.01269,0.01269,0.01269,0.00000,0.00000
98.484,1,98465.000,22348,96000,1999.417,120.0,4,50,2,0.01269,0.01269,0.01269,0.00000,0.00000
98.484,2,98465.000,22348,96000,1999.417,120.0,4,50,2,0.01269,0.01269,0.01269,0.00000,0.00000
98.584,0,98565.000,27159,96000,1999.188,120.0,4,50,2,0.01269,0.01269,0.01269,0.00000,0.00000
98.584,1,98565.000,27159,96000,1999.188,120.0,4,50,2,0.01269,0.01269,0.01269,0.00000,0.00000
98.584,2,98565.000,27159,96000,1999.188,120.0,4,50,2,0.01269,0.01269,0.01269,0.00000,0.00000
98.685,0,98666.000,32008,96000,1999.167,120.0,4,50,2,0.01265,0.01265,0.01265,0.00000,0.00000
98.685,1,98666.000,32008,96000,1999.167,120.0,4,50,2,0.01265,0.01265,0.01265,0.00000,0.00000
98.685,2,98666.000,32008,96000,1999.167,120.0,4,50,2,0.01265,0.01265,0.01265,0.00000,0.00000
98.788,0,98769.000,36938,96000,1999.458,120.0,4,50,2,0.01266,0.01266,0.01266,0.00000,0.00000
98.788,1,98769.000,36938,96000,1999.458,120.0,4,50,2,0.01266,0.01266,0.01266,0.00000,0.00000
98.788,2,98769.000,36938,96000,1999.458,120.0,4,50,2,0.01266,0.01266,0.01266,0.00000,0.00000
98.891,0,98872.000,41896,96000,1999.167,120.0,4,50,2,0.01263,0.01263,0.01263,0.00000,0.00000
98.891,1,98872.000,41896,96000,1999.167,120.0,4,50,2,0.01263,0.01263,0.01263,0.00000,0.00000
98.891,2,98872.000,41896,96000,1999.167,120.0,4,50,2,0.01263,0.01263,0.01263,0.00000,0.00000
98.993,0,98974.000,46776,96000,1999.500,120.0,4,50,2,0.01268,0.01268,0.01268,0.00000,0.00000
98.993,1,98974.000,46776,96000,1999.500,120.0,4,50,2,0.01268,0.01268,0.01268,0.00000,0.00000
98.993,2,98974.000,46776,96000,1999.500,120.0,4,50,2,0.01268,0.01268,0.01268,0.00000,0.00000
99.097,0,99078.000,51790,96000,1999.042,120.0,4,50,2,0.01269,0.01269,0.01269,0.00000,0.00000
99.097,1,99078.000,51790,96000,1999.042,120.0,4,50,2,0.01269,0.01269,0.01269,0.00000,0.00000
99.097,2,99078.000,51790,96000,1999.042,120.0,4,50,2,0.01269,0.01269,0.01269,0.00000,0.00000
99.199,0,99180.000,56657,96000,1999.646,120.0,4,50,2,0.01265,0.01265,0.01265,0.00000,0.00000
99.199,1,99180.000,56657,96000,1999.646,120.0,4,50,2,0.01265,0.01265,0.01265,0.00000,0.00000
99.199,2,99180.000,56657,96000,1999.646,120.0,4,50,2,0.01265,0.01265,0.01265,0.00000,0.00000
99.301,0,99282.000,61552,96000,1999.667,120.0,4,50,2,0.01266,0.01266,0.01266,0.00000,0.00000
99.301,1,99282.000,61552,96000,1999.667,120.0,4,50,2,0.01266,0.01266,0.01266,0.00000,0.00000
99.301,2,99282.000,61552,96000,1999.667,120.0,4,50,2,0.01266,0.01266,0.01266,0.00000,0.00000
99.404,0,99385.000,66511,96000,1999.354,120.0,4,50,2,0.01264,0.01264,0.01264,0.00000,0.00000
99.404,1,99385.000,66511,96000,1999.354,120.0,4,50,2,0.01264,0.01264,0.01264,0.00000,0.00000
99.404,2,99385.000,66511,96000,1999.354,120.0,4,50,2,0.01264,0.01264,0.01264,0.00000,0.00000
99.507,0,99489.000,71475,96000,1999.938,120.0,4,50,2,0.01269,0.01269,0.01269,0.00000,0.00000
99.507,1,99489.000,71475,96000,1999.938,120.0,4,50,2,0.01269,0.01269,0.01269,0.00000,0.00000
99.507,2,99489.000,71475,96000,1999.938,120.0,4,50,2,0.01269,0.01269,0.01269,0.00000,0.00000
99.607,0,99589.000,76277,96000,1999.896,120.0,4,50,2,0.01269,0.01269,0.01269,0.00000,0.00000
99.607,1,99589.000,76277,96000,1999.896,120.0,4,50,2,0.01269,0.01269,0.01269,0.00000,0.00000
99.607,2,99589.000,76277,96000,1999.896,120.0,4,50,2,0.01269,0.01269,0.01269,0.00000,0.00000
99.708,0,99690.000,81120,96000,0.000,120.0,4,50,2,0.01265,0.01265,0.01265,0.00000,0.00000
99.708,1,99690.000,81120,96000,0.000,120.0,4,50,2,0.01265,0.01265,0.01265,0.00000,0.00000
99.708,2,99690.000,81120,96000,0.000,120.0,4,50,2,0.01265,0.01265,0.01265,0.00000,0.00000
99.812,0,99793.000,86079,96000,1999.688,120.0,4,50,2,0.01266,0.01266,0.01266,0.00000,0.00000
99.812,1,99793.000,86079,96000,1999.688,120.0,4,50,2,0.01266,0.01266,0.01266,0.00000,0.00000
99.812,2,99793.000,86079,96000,1999.688,120.0,4,50,2,0.01266,0.01266,0.01266,0.00000,0.00000
99.915,0,99897.000,91063,96000,1999.854,120.0,4,50,2,0.01264,0.01264,0.01264,0.00000,0.00000
99.915,1,99897.000,91063,96000,1999.854,120.0,4,50,2,0.01264,0.01264,0.01264,0.00000,0.00000
99.915,2,99897.000,91063,96000,1999.854,120.0,4,50,2,0.01264,0.01264,0.01264,0.00000,0.00000
100.018,0,99999.000,95965,96000,1999.729,120.0,4,50,2,0.01255,0.01255,0.01255,0.00000,0.00000
100.018,1,99999.000,95965,96000,1999.729,120.0,4,50,2,0.01255,0.01255,0.01255,0.00000,0.00000
100.018,2,99999.000,95965,96000,1999.729,120.0,4,50,2,0.01255,0.01255,0.01255,0.00000,0.00000
100.118,0,100099.000,4794,96000,1999.125,120.0,4,51,2,0.01258,0.01258,0.01258,0.00000,0.00000
100.118,1,100099.000,4794,96000,1999.125,120.0,4,51,2,0.01258,0.01258,0.01258,0.00000,0.00000
100.118,2,100099.000,4794,96000,1999.125,120.0,4,51,2,0.01258,0.01258,0.01258,0.00000,0.00000
100.218,0,100200.000,9603,96000,1999.938,120.0,4,51,2,0.01260,0.01260,0.01260,0.00000,0.00000
100.218,1,100200.000,9603,96000,1999.938,120.0,4,51,2,0.01260,0.01260,0.01260,0.00000,0.00000
100.218,2,100200.000,9603,96000,1999.938,120.0,4,51,2,0.01260,0.01260,0.01260,0.00000,0.00000
100.320,0,100301.000,14487,96000,1999.188,120.0,4,51,2,0.01265,0.01265,0.01265,0.00000,0.00000
100.320,1,100301.000,14487,96000,1999.188,120.0,4,51,2,0.01265,0.01265,0.01265,0.00000,0.00000
100.320,2,100301.000,14487,96000,1999.188,120.0,4,51,2,0.01265,0.01265,0.01265,0.00000,0.00000
100.421,0,100403.000,19346,96000,1999.958,120.0,4,51,2,0.01269,0.01269,0.01269,0.00000,0.00000
100.421,1,100403.000,19346,96000,1999.958,120.0,4,51,2,0.01269,0.01269,0.01269,0.00000,0.00000
100.421,2,100403.000,19346,96000,1999.958,120.0,4,51,2,0.01269,0.01269,0.01269,0.00000,0.00000
100.522,0,100503.000,24173,96000,1999.396,120.0,4,51,2,0.01269,0.01269,0.01269,0.00000,0.00000
100.522,1,100503.000,24173,96000,1999.396,120.0,4,51,2,0.01269,0.01269,0.01269,0.00000,0.00000
100.522,2,100503.000,24173,96000,1999.396,120.0,4,51,2,0.01269,0.01269,0.01269,0.00000,0.00000
100.626,0,100607.000,29175,96000,1999.188,120.0,4,51,2,0.01259,0.01259,0.01259,0.00000,0.00000
100.626,1,100607.000,29175,96000,1999.188,120.0,4,51,2,0.01259,0.01259,0.01259,0.00000,0.00000
100.626,2,100607.000,29175,96000,1999.188,120.0,4,51,2,0.01259,0.01259,0.01259,0.00000,0.00000
100.729,0,100711.000,34135,96000,1999.854,120.0,4,51,2,0.01260,0.01260,0.01260,0.00000,0.00000
100.729,1,100711.000,34135,96000,1999.854,120.0,4,51,2,0.01260,0.01260,0.01260,0.00000,0.00000
100.729,2,100711.000,34135,96000,1999.854,120.0,4,51,2,0.01260,0.01260,0.01260,0.00000,0.00000
100.830,0,100811.000,38943,96000,1999.688,120.0,4,51,2,0.01264,0.01264,0.01264,0.00000,0.00000
100.830,1,100811.000,38943,96000,1999.688,120.0,4,51,2,0.01264,0.01264,0.01264,0.00000,0.00000
100.830,2,100811.000,38943,96000,1999.688,120.0,4,51,2,0.01264,0.01264,0.01264,0.00000,0.00000
100.931,0,100912.000,43785,96000,1999.812,120.0,4,51,2,0.01269,0.01269,0.01269,0.00000,0.00000
100.931,1,100912.000,43785,96000,1999.812,120.0,4,51,2,0.01269,0.01269,0.01269,0.00000,0.00000
100.931,2,100912.000,43785,96000,1999.812,120.0,4,51,2,0.01269,0.01269,0.01269,0.00000,0.00000
101.031,0,101012.000,48601,96000,1999.479,120.0,4,51,2,0.01269,0.01269,0.01269,0.00000,0.00000
101.031,1,101012.000,48601,96000,1999.479,120.0,4,51,2,0.01269,0.01269,0.01269,0.00000,0.00000
101.031,2,101012.000,48601,96000,1999.479,120.0,4,51,2,0.01269,0.01269,0.01269,0.00000,0.00000
101.134,0,101115.000,53538,96000,1999.625,120.0,4,51,2,0.01265,0.01265,0.01265,0.00000,0.00000
101.134,1,101115.000,53538,96000,1999.625,120.0,4,51,2,0.01265,0.01265,0.01265,0.00000,0.00000
101.134,2,101115.000,53538,96000,1999.625,120.0,4,51,2,0.01265,0.01265,0.01265,0.00000,0.00000
101.238,0,101219.000,58541,96000,1999.396,120.0,4,51,2,0.01261,0.01261,0.01261,0.00000,0.00000
101.238,1,101219.000,58541,96000,1999.396,120.0,4,51,2,0.01261,0.01261,0.01261,0.00000,0.00000
101.238,2,101219.000,58541,96000,1999.396,120.0,4,51,2,0.01261,0.01261,0.01261,0.00000,0.00000
101.338,0,101319.000,63352,96000,1999.167,120.0,4,51,2,0.01263,0.01263,0.01263,0.00000,0.00000
101.338,1,101319.000,63352,96000,1999.167,120.0,4,51,2,0.01263,0.01263,0.01263,0.00000,0.00000
101.338,2,101319.000,63352,96000,1999.167,120.0,4,51,2,0.01263,0.01263,0.01263,0.00000,0.00000
101.441,0,101422.000,68277,96000,1999.562,120.0,4,51,2,0.01268,0.01268,0.01268,0.00000,0.00000
101.441,1,101422.000,68277,96000,1999.562,120.0,4,51,2,0.01268,0.01268,0.01268,0.00000,0.00000
101.441,2,101422.000,68277,96000,1999.562,120.0,4,51,2,0.01268,0.01268,0.01268,0.00000,0.00000
101.543,0,101524.000,73174,96000,1999.542,120.0,4,51,2,0.12532,0.12532,0.12480,0.00000,0.00000
101.543,1,101524.000,73174,96000,1999.542,120.0,4,51,2,0.12569,0.12532,0.12569,0.00000,0.00000
101.543,2,101524.000,73174,96000,1999.542,120.0,4,51,2,0.12569,0.12569,0.12480,0.00000,0.00000
101.647,0,101628.000,78161,96000,1999.646,120.0,4,51,2,0.08135,0.08135,0.08101,0.00000,0.00000
101.647,1,101628.000,78161,96000,1999.646,120.0,4,51,2,0.08159,0.08135,0.08159,0.00000,0.00000
101.647,2,101628.000,78161,96000,1999.646,120.0,4,51,2,0.08159,0.08159,0.08101,0.00000,0.00000
101.747,0,101728.000,82990,96000,1999.042,120.0,4,51,2,0.05354,0.05354,0.05331,0.00000,0.00000
101.747,1,101728.000,82990,96000,1999.042,120.0,4,51,2,0.05369,0.05354,0.05369,0.00000,0.00000
101.747,2,101728.000,82990,96000,1999.042,120.0,4,51,2,0.05369,0.05369,0.05331,0.00000,0.00000
101.847,0,101829.000,87792,96000,0.000,120.0,4,51,2,0.03532,0.03532,0.03517,0.00000,0.00000
101.847,1,101829.000,87792,96000,0.000,120.0,4,51,2,0.03542,0.03532,0.03542,0.00000,0.00000
101.847,2,101829.000,87792,96000,0.000,120.0,4,51,2,0.03542,0.03542,0.03517,0.00000,0.00000
101.949,0,101931.000,92692,96000,1999.917,120.0,4,51,2,0.02310,0.02310,0.02300,0.00000,0.00000
101.949,1,101931.000,92692,96000,1999.917,120.0,4,51,2,0.02317,0.02310,0.02317,0.00000,0.00000
101.949,2,101931.000,92692,96000,1999.917,120.0,4,51,2,0.02317,0.02317,0.02300,0.00000,0.00000
102.058,0,102040.000,1926,96000,1999.875,120.0,4,52,2,0.01468,0.01468,0.01462,0.00000,0.00000
102.058,1,102040.000,1926,96000,1999.875,120.0,4,52,2,0.01472,0.01468,0.01472,0.00000,0.00000
102.058,2,102040.000,1926,96000,1999.875,120.0,4,52,2,0.01472,0.01472,0.01462,0.00000,0.00000
102.161,0,102142.000,6834,96000,1999.625,120.0,4,52,2,0.01268,0.01268,0.01268,0.00000,0.00000
102.161,1,102142.000,6834,96000,1999.625,120.0,4,52,2,0.01268,0.01268,0.01268,0.00000,0.00000
102.161,2,102142.000,6834,96000,1999.625,120.0,4,52,2,0.01268,0.01268,0.01268,0.00000,0.00000
102.262,0,102244.000,11715,96000,1999.938,120.0,4,52,2,0.01269,0.01269,0.01269,0.00000,0.00000
102.262,1,102244.000,11715,96000,1999.938,120.0,4,52,2,0.01269,0.01269,0.01269,0.00000,0.00000
102.262,2,102244.000,11715,96000,1999.938,120.0,4,52,2,0.01269,0.01269,0.01269,0.00000,0.00000
102.366,0,102347.000,16696,96000,1999.167,120.0,4,52,2,0.01265,0.01265,0.01265,0.00000,0.00000
102.366,1,102347.000,16696,96000,1999.167,120.0,4,52,2,0.01265,0.01265,0.01265,0.00000,0.00000
102.366,2,102347.000,16696,96000,1999.167,120.0,4,52,2,0.01265,0.01265,0.01265,0.00000,0.00000
102.468,0,102450.000,21605,96000,1999.896,120.0,4,52,2,0.01266,0.01266,0.01266,0.00000,0.00000
102.468,1,102450.000,21605,96000,1999.896,120.0,4,52,2,0.01266,0.01266,0.01266,0.00000,0.00000
102.468,2,102450.000,21605,96000,1999.896,120.0,4,52,2,0.01266,0.01266,0.01266,0.00000,0.00000
102.573,0,102554.000,26616,96000,1999.500,120.0,4,52,2,0.01264,0.01264,0.01264,0.00000,0.00000
102.573,1,102554.000,26616,96000,1999.500,120.0,4,52,2,0.01264,0.01264,0.01264,0.00000,0.00000
102.573,2,102554.000,26616,96000,1999.500,120.0,4,52,2,0.01264,0.01264,0.01264,0.00000,0.00000
102.677,0,102658.000,31594,96000,1999.792,120.0,4,52,2,0.01269,0.01269,0.01269,0.00000,0.00000
102.677,1,102658.000,31594,96000,1999.792,120.0,4,52,2,0.01269,0.01269,0.01269,0.00000,0.00000
102.677,2,102658.000,31594,96000,1999.792,120.0,4,52,2,0.01269,0.01269,0.01269,0.00000,0.00000
102.780,0,102761.000,36570,96000,1999.125,120.0,4,52,2,0.01264,0.01264,0.01264,0.00000,0.00000
102.780,1,102761.000,36570,96000,1999.125,120.0,4,52,2,0.01264,0.01264,0.01264,0.00000,0.00000
102.780,2,102761.000,36570,96000,1999.125,120.0,4,52,2,0.01264,0.01264,0.01264,0.00000,0.00000
102.883,0,102865.000,41520,96000,0.000,120.0,4,52,2,0.01258,0.01258,0.01258,0.00000,0.00000
102.883,1,102865.000,41520,96000,0.000,120.0,4,52,2,0.01258,0.01258,0.01258,0.00000,0.00000
102.883,2,102865.000,41520,96000,0.000,120.0,4,52,2,0.01258,0.01258,0.01258,0.00000,0.00000
102.985,0,102966.000,46404,96000,1999.250,120.0,4,52,2,0.01260,0.01260,0.01260,0.00000,0.00000
102.985,1,102966.000,46404,96000,1999.250,120.0,4,52,2,0.01260,0.01260,0.01260,0.00000,0.00000
102.985,2,102966.000,46404,96000,1999.250,120.0,4,52,2,0.01260,0.01260,0.01260,0.00000,0.00000
103.087,0,103069.000,51312,96000,0.000,120.0,4,52,2,0.01265,0.01265,0.01265,0.00000,0.00000
103.087,1,103069.000,51312,96000,0.000,120.0,4,52,2,0.01265,0.01265,0.01265,0.00000,0.00000
103.087,2,103069.000,51312,96000,0.000,120.0,4,52,2,0.01265,0.01265,0.01265,0.00000,0.00000
103.189,0,103170.000,56182,96000,1999.542,120.0,4,52,2,0.01269,0.01269,0.01269,0.00000,0.00000
103.189,1,103170.000,56182,96000,1999.542,120.0,4,52,2,0.01269,0.01269,0.01269,0.00000,0.00000
103.189,2,103170.000,56182,96000,1999.542,120.0,4,52,2,0.01269,0.01269,0.01269,0.00000,0.00000
103.289,0,103270.000,60992,96000,1999.333,120.0,4,52,2,0.01269,0.01269,0.01269,0.00000,0.00000
103.289,1,103270.000,60992,96000,1999.333,120.0,4,52,2,0.01269,0.01269,0.01269,0.00000,0.00000
103.289,2,103270.000,60992,96000,1999.333,120.0,4,52,2,0.01269,0.01269,0.01269,0.00000,0.00000
103.393,0,103374.000,65969,96000,1999.646,120.0,4,52,2,0.01263,0.01263,0.01263,0.00000,0.00000
103.393,1,103374.000,65969,96000,1999.646,120.0,4,52,2,0.01263,0.01263,0.01263,0.00000,0.00000
103.393,2,103374.000,65969,96000,1999.646,120.0,4,52,2,0.01263,0.01263,0.01263,0.00000,0.00000
103.494,0,103475.000,70834,96000,1999.292,120.0,4,52,2,0.01266,0.01266,0.01266,0.00000,0.00000
103.494,1,103475.000,70834,96000,1999.292,120.0,4,52,2,0.01266,0.01266,0.01266,0.00000,0.00000
103.494,2,103475.000,70834,96000,1999.292,120.0,4,52,2,0.01266,0.01266,0.01266,0.00000,0.00000
103.597,0,103578.000,75766,96000,1999.542,120.0,4,52,2,0.01264,0.01264,0.01264,0.00000,0.00000
103.597,1,103578.000,75766,96000,1999.542,120.0,4,52,2,0.01264,0.01264,0.01264,0.00000,0.00000
103.597,2,103578.000,75766,96000,1999.542,120.0,4,52,2,0.01264,0.01264,0.01264,0.00000,0.00000
103.700,0,103681.000,80706,96000,1999.625,120.0,4,52,2,0.01269,0.01269,0.01269,0.00000,0.00000
103.700,1,103681.000,80706,96000,1999.625,120.0,4,52,2,0.01269,0.01269,0.01269,0.00000,0.00000
103.700,2,103681.000,80706,96000,1999.625,120.0,4,52,2,0.01269,0.01269,0.01269,0.00000,0.00000
103.800,0,103781.000,85508,96000,1999.583,120.0,4,52,2,0.01269,0.01269,0.01269,0.00000,0.00000
103.800,1,103781.000,85508,96000,1999.583,120.0,4,52,2,0.01269,0.01269,0.01269,0.00000,0.00000
103.800,2,103781.000,85508,96000,1999.583,120.0,4,52,2,0.01269,0.01269,0.01269,0.00000,0.00000
103.901,0,103882.000,90357,96000,1999.562,120.0,4,52,2,0.01265,0.01265,0.01265,0.00000,0.00000
103.901,1,103882.000,90357,96000,1999.562,120.0,4,52,2,0.01265,0.01265,0.01265,0.00000,0.00000
103.901,2,103882.000,90357,96000,1999.562,120.0,4,52,2,0.01265,0.01265,0.01265,0.00000,0.00000
104.005,0,103986.000,95359,96000,1999.354,120.0,4,52,2,0.01266,0.01266,0.01266,0.00000,0.00000
104.005,1,103986.000,95359,96000,1999.354,120.0,4,52,2,0.01266,0.01266,0.01266,0.00000,0.00000
104.005,2,103986.000,95359,96000,1999.354,120.0,4,52,2,0.01266,0.01266,0.01266,0.00000,0.00000
104.107,0,104089.000,4276,96000,1999.917,120.0,4,53,2,0.01265,0.01265,0.01265,0.00000,0.00000
104.107,1,104089.000,4276,96000,1999.917,120.0,4,53,2,0.01265,0.01265,0.01265,0.00000,0.00000
104.107,2,104089.000,4276,96000,1999.917,120.0,4,53,2,0.01265,0.01265,0.01265,0.00000,0.00000
104.210,0,104191.000,9209,96000,1999.146,120.0,4,53,2,0.01266,0.01266,0.01266,0.00000,0.00000
104.210,1,104191.000,9209,96000,1999.146,120.0,4,53,2,0.01266,0.01266,0.01266,0.00000,0.00000
104.210,2,104191.000,9209,96000,1999.146,120.0,4,53,2,0.01266,0.01266,0.01266,0.00000,0.00000
104.313,0,104295.000,14160,96000,0.000,120.0,4,53,2,0.01262,0.01262,0.01262,0.00000,0.00000
104.313,1,104295.000,14160,96000,0.000,120.0,4,53,2,0.01262,0.01262,0.01262,0.00000,0.00000
104.313,2,104295.000,14160,96000,0.000,120.0,4,53,2,0.01262,0.01262,0.01262,0.00000,0.00000
104.416,0,104397.000,19101,96000,1999.062,120.0,4,53,2,0.01268,0.01268,0.01268,0.00000,0.00000
104.416,1,104397.000,19101,96000,1999.062,120.0,4,53,2,0.01268,0.01268,0.01268,0.00000,0.00000
104.416,2,104397.000,19101,96000,1999.062,120.0,4,53,2,0.01268,0.01268,0.01268,0.00000,0.00000
104.518,0,104500.000,24009,96000,1999.812,120.0,4,53,2,0.01269,0.01269,0.01269,0.00000,0.00000
104.518,1,104500.000,24009,96000,1999.812,120.0,4,53,2,0.01269,0.01269,0.01269,0.00000,0.00000
104.518,2,104500.000,24009,96000,1999.812,120.0,4,53,2,0.01269,0.01269,0.01269,0.00000,0.00000
104.621,0,104602.000,28929,96000,1999.312,120.0,4,53,2,0.01265,0.01265,0.01265,0.00000,0.00000
104.621,1,104602.000,28929,96000,1999.312,120.0,4,53,2,0.01265,0.01265,0.01265,0.00000,0.00000
104.621,2,104602.000,28929,96000,1999.312,120.0,4,53,2,0.01265,0.01265,0.01265,0.00000,0.00000
104.723,0,104704.000,33807,96000,1999.688,120.0,4,53,2,0.01266,0.01266,0.01266,0.00000,0.00000
104.723,1,104704.000,33807,96000,1999.688,120.0,4,53,2,0.01266,0.01266,0.01266,0.00000,0.00000
104.723,2,104704.000,33807,96000,1999.688,120.0,4,53,2,0.01266,0.01266,0.01266,0.00000,0.00000
104.826,0,104807.000,38760,96000,1999.500,120.0,4,53,2,0.01263,0.01263,0.01263,0.00000,0.00000
104.826,1,104807.000,38760,96000,1999.500,120.0,4,53,2,0.01263,0.01263,0.01263,0.00000,0.00000
104.826,2,104807.000,38760,96000,1999.500,120.0,4,53,2,0.01263,0.01263,0.01263,0.00000,0.00000
104.929,0,104910.000,43720,96000,1999.167,120.0,4,53,2,0.01268,0.01268,0.01268,0.00000,0.00000
104.929,1,104910.000,43720,96000,1999.167,120.0,4,53,2,0.01268,0.01268,0.01268,0.00000,0.00000
104.929,2,104910.000,43720,96000,1999.167,120.0,4,53,2,0.01268,0.01268,0.01268,0.00000,0.00000
105.033,0,105014.000,48711,96000,1999.188,120.0,4,53,2,0.01269,0.01269,0.01269,0.00000,0.00000
105.033,1,105014.000,48711,96000,1999.188,120.0,4,53,2,0.01269,0.01269,0.01269,0.00000,0.00000
105.033,2,105014.000,48711,96000,1999.188,120.0,4,53,2,0.01269,0.01269,0.01269,0.00000,0.00000
105.136,0,105117.000,53637,96000,1999.562,120.0,4,53,2,0.01263,0.01263,0.01263,0.00000,0.00000
105.136,1,105117.000,53637,96000,1999.562,120.0,4,53,2,0.01263,0.01263,0.01263,0.00000,0.00000
105.136,2,105117.000,53637,96000,1999.562,120.0,4,53,2,0.01263,0.01263,0.01263,0.00000,0.00000
105.240,0,105221.000,58626,96000,1999.625,120.0,4,53,2,0.01261,0.01261,0.01261,0.00000,0.00000
105.240,1,105221.000,58626,96000,1999.625,120.0,4,53,2,0.01261,0.01261,0.01261,0.00000,0.00000
105.240,2,105221.000,58626,96000,1999.625,120.0,4,53,2,0.01261,0.01261,0.01261,0.00000,0.00000
105.341,0,105322.000,63490,96000,1999.292,120.0,4,53,2,0.01264,0.01264,0.01264,0.00000,0.00000
105.341,1,105322.000,63490,96000,1999.292,120.0,4,53,2,0.01264,0.01264,0.01264,0.00000,0.00000
105.341,2,105322.000,63490,96000,1999.292,120.0,4,53,2,0.01264,0.01264,0.01264,0.00000,0.00000
105.444,0,105425.000,68415,96000,1999.688,120.0,4,53,2,0.01269,0.01269,0.01269,0.00000,0.00000
105.444,1,105425.000,68415,96000,1999.688,120.0,4,53,2,0.01269,0.01269,0.01269,0.00000,0.00000
105.444,2,105425.000,68415,96000,1999.688,120.0,4,53,2,0.01269,0.01269,0.01269,0.00000,0.00000
105.544,0,105526.000,73252,96000,1999.917,120.0,4,53,2,0.01269,0.01269,0.01269,0.00000,0.00000
105.544,1,105526.000,73252,96000,1999.917,120.0,4,53,2,0.01269,0.01269,0.01269,0.00000,0.00000
105.544,2,105526.000,73252,96000,1999.917,120.0,4,53,2,0.01269,0.01269,0.01269,0.00000,0.00000
105.647,0,105628.000,78159,96000,1999.688,120.0,4,53,2,0.01265,0.01265,0.01265,0.00000,0.00000
105.647,1,105628.000,78159,96000,1999.688,120.0,4,53,2,0.01265,0.01265,0.01265,0.00000,0.00000
105.647,2,105628.000,78159,96000,1999.688,120.0,4,53,2,0.01265,0.01265,0.01265,0.00000,0.00000
105.749,0,105730.000,83056,96000,1999.667,120.0,4,53,2,0.01266,0.01266,0.01266,0.00000,0.00000
105.749,1,105730.000,83056,96000,1999.667,120.0,4,53,2,0.01266,0.01266,0.01266,0.00000,0.00000
105.749,2,105730.000,83056,96000,1999.667,120.0,4,53,2,0.01266,0.01266,0.01266,0.00000,0.00000
105.849,0,105830.000,87879,96000,1999.188,120.0,4,53,2,0.01260,0.01260,0.01260,0.00000,0.00000
105.849,1,105830.000,87879,96000,1999.188,120.0,4,53,2,0.01260,0.01260,0.01260,0.00000,0.00000
105.849,2,105830.000,87879,96000,1999.188,120.0,4,53,2,0.01260,0.01260,0.01260,0.00000,0.00000
105.950,0,105931.000,92731,96000,1999.104,120.0,4,53,2,0.01254,0.01254,0.01254,0.00000,0.00000
105.950,1,105931.000,92731,96000,1999.104,120.0,4,53,2,0.01254,0.01254,0.01254,0.00000,0.00000
105.950,2,105931.000,92731,96000,1999.104,120.0,4,53,2,0.01254,0.01254,0.01254,0.00000,0.00000
106.058,0,106039.000,1887,96000,1999.688,120.0,4,54,2,0.01263,0.01263,0.01263,0.00000,0.00000
106.058,1,106039.000,1887,96000,1999.688,120.0,4,54,2,0.01263,0.01263,0.01263,0.00000,0.00000
106.058,2,106039.000,1887,96000,1999.688,120.0,4,54,2,0.01263,0.01263,0.01263,0.00000,0.00000
106.159,0,106140.000,6757,96000,1999.229,120.0,4,54,2,0.01254,0.01254,0.01254,0.00000,0.00000
106.159,1,106140.000,6757,96000,1999.229,120.0,4,54,2,0.01254,0.01254,0.01254,0.00000,0.00000
106.159,2,106140.000,6757,96000,1999.229,120.0,4,54,2,0.01254,0.01254,0.01254,0.00000,0.00000
106.260,0,106241.000,11585,96000,1999.646,120.0,4,54,2,0.01269,0.01269,0.01269,0.00000,0.00000
106.260,1,106241.000,11585,96000,1999.646,120.0,4,54,2,0.01269,0.01269,0.01269,0.00000,0.00000
106.260,2,106241.000,11585,96000,1999.646,120.0,4,54,2,0.01269,0.01269,0.01269,0.00000,0.00000
106.361,0,106342.000,16433,96000,1999.646,120.0,4,54,2,0.01265,0.01265,0.01265,0.00000,0.00000
106.361,1,106342.000,16433,96000,1999.646,120.0,4,54,2,0.01265,0.01265,0.01265,0.00000,0.00000
106.361,2,106342.000,16433,96000,1999.646,120.0,4,54,2,0.01265,0.01265,0.01265,0.00000,0.00000
106.464,0,106445.000,21379,96000,1999.604,120.0,4,54,2,0.01266,0.01266,0.01266,0.00000,0.00000
106.464,1,106445.000,21379,96000,1999.604,120.0,4,54,2,0.01266,0.01266,0.01266,0.00000,0.00000
106.464,2,106445.000,21379,96000,1999.604,120.0,4,54,2,0.01266,0.01266,0.01266,0.00000,0.00000
106.568,0,106549.000,26371,96000,1999.604,120.0,4,54,2,0.01260,0.01260,0.01260,0.00000,0.00000
106.568,1,106549.000,26371,96000,1999.604,120.0,4,54,2,0.01260,0.01260,0.01260,0.00000,0.00000
106.568,2,106549.000,26371,96000,1999.604,120.0,4,54,2,0.01260,0.01260,0.01260,0.00000,0.00000
106.670,0,106652.000,31302,96000,1999.875,120.0,4,54,2,0.01254,0.01254,0.01254,0.00000,0.00000
106.670,1,106652.000,31302,96000,1999.875,120.0,4,54,2,0.01254,0.01254,0.01254,0.00000,0.00000
106.670,2,106652.000,31302,96000,1999.875,120.0,4,54,2,0.01254,0.01254,0.01254,0.00000,0.00000
106.773,0,106754.000,36208,96000,1999.667,120.0,4,54,2,0.01269,0.01269,0.01269,0.00000,0.00000
106.773,1,106754.000,36208,96000,1999.667,120.0,4,54,2,0.01269,0.01269,0.01269,0.00000,0.00000
106.773,2,106754.000,36208,96000,1999.667,120.0,4,54,2,0.01269,0.01269,0.01269,0.00000,0.00000
106.874,0,106855.000,41085,96000,1999.062,120.0,4,54,2,0.01265,0.01265,0.01265,0.00000,0.00000
106.874,1,106855.000,41085,96000,1999.062,120.0,4,54,2,0.01265,0.01265,0.01265,0.00000,0.00000
106.874,2,106855.000,41085,96000,1999.062,120.0,4,54,2,0.01265,0.01265,0.01265,0.00000,0.00000
106.977,0,106959.000,46036,96000,1999.917,120.0,4,54,2,0.01266,0.01266,0.01266,0.00000,0.00000
106.977,1,106959.000,46036,96000,1999.917,120.0,4,54,2,0.01266,0.01266,0.01266,0.00000,0.00000
106.977,2,106959.000,46036,96000,1999.917,120.0,4,54,2,0.01266,0.01266,0.01266,0.00000,0.00000
107.080,0,107061.000,50948,96000,1999.583,120.0,4,54,2,0.01260,0.01260,0.01260,0.00000,0.00000
107.080,1,107061.000,50948,96000,1999.583,120.0,4,54,2,0.01260,0.01260,0.01260,0.00000,0.00000
107.080,2,107061.000,50948,96000,1999.583,120.0,4,54,2,0.01260,0.01260,0.01260,0.00000,0.00000
107.183,0,107164.000,55899,96000,1999.438,120.0,4,54,2,0.01254,0.01254,0.01254,0.00000,0.00000
107.183,1,107164.000,55899,96000,1999.438,120.0,4,54,2,0.01254,0.01254,0.01254,0.00000,0.00000
107.183,2,107164.000,55899,96000,1999.438,120.0,4,54,2,0.01254,0.01254,0.01254,0.00000,0.00000
107.285,0,107266.000,60803,96000,1999.271,120.0,4,54,2,0.01269,0.01269,0.01269,0.00000,0.00000
107.285,1,107266.000,60803,96000,1999.271,120.0,4,54,2,0.01269,0.01269,0.01269,0.00000,0.00000
107.285,2,107266.000,60803,96000,1999.271,120.0,4,54,2,0.01269,0.01269,0.01269,0.00000,0.00000
107.387,0,107368.000,65698,96000,1999.292,120.0,4,54,2,0.01264,0.01264,0.01264,0.00000,0.00000
107.387,1,107368.000,65698,96000,1999.292,120.0,4,54,2,0.01264,0.01264,0.01264,0.00000,0.00000
107.387,2,107368.000,65698,96000,1999.292,120.0,4,54,2,0.01264,0.01264,0.01264,0.00000,0.00000
107.487,0,107469.000,70517,96000,1999.896,120.0,4,54,2,0.01266,0.01266,0.01266,0.00000,0.00000
107.487,1,107469.000,70517,96000,1999.896,120.0,4,54,2,0.01266,0.01266,0.01266,0.00000,0.00000
107.487,2,107469.000,70517,96000,1999.896,120.0,4,54,2,0.01266,0.01266,0.01266,0.00000,0.00000
107.590,0,107571.000,75431,96000,1999.521,120.0,4,54,2,0.01258,0.01258,0.01258,0.00000,0.00000
107.590,1,107571.000,75431,96000,1999.521,120.0,4,54,2,0.01258,0.01258,0.01258,0.00000,0.00000
107.590,2,107571.000,75431,96000,1999.521,120.0,4,54,2,0.01258,0.01258,0.01258,0.00000,0.00000
107.693,0,107674.000,80363,96000,1999.771,120.0,4,54,2,0.01259,0.01259,0.01259,0.00000,0.00000
107.693,1,107674.000,80363,96000,1999.771,120.0,4,54,2,0.01259,0.01259,0.01259,0.00000,0.00000
107.693,2,107674.000,80363,96000,1999.771,120.0,4,54,2,0.01259,0.01259,0.01259,0.00000,0.00000
107.797,0,107778.000,85359,96000,1999.688,120.0,4,54,2,0.01269,0.01269,0.01269,0.00000,0.00000
107.797,1,107778.000,85359,96000,1999.688,120.0,4,54,2,0.01269,0.01269,0.01269,0.00000,0.00000
107.797,2,107778.000,85359,96000,1999.688,120.0,4,54,2,0.01269,0.01269,0.01269,0.00000,0.00000
107.899,0,107880.000,90279,96000,1999.188,120.0,4,54,2,0.01264,0.01264,0.01264,0.00000,0.00000
107.899,1,107880.000,90279,96000,1999.188,120.0,4,54,2,0.01264,0.01264,0.01264,0.00000,0.00000
107.899,2,107880.000,90279,96000,1999.188,120.0,4,54,2,0.01264,0.01264,0.01264,0.00000,0.00000
108.003,0,107984.000,95246,96000,1999.708,120.0,4,54,2,0.01264,0.01264,0.01264,0.00000,0.00000
108.003,1,107984.000,95246,96000,1999.708,120.0,4,54,2,0.01264,0.01264,0.01264,0.00000,0.00000
108.003,2,107984.000,95246,96000,1999.708,120.0,4,54,2,0.01264,0.01264,0.01264,0.00000,0.00000
108.106,0,108087.000,4211,96000,1999.271,120.0,4,55,2,0.09880,0.09870,0.09880,0.00000,0.00000
108.106,1,108087.000,4211,96000,1999.271,120.0,4,55,2,0.09870,0.09870,0.09858,0.00000,0.00000
108.106,2,108087.000,4211,96000,1999.271,120.0,4,55,2,0.09880,0.09858,0.09880,0.00000,0.00000
108.207,0,108188.000,9045,96000,1999.562,120.0,4,55,2,0.06499,0.06493,0.06499,0.00000,0.00000
108.207,1,108188.000,9045,96000,1999.562,120.0,4,55,2,0.06493,0.06493,0.06485,0.00000,0.00000
108.207,2,108188.000,9045,96000,1999.562,120.0,4,55,2,0.06499,0.06485,0.06499,0.00000,0.00000
108.311,0,108292.000,14050,96000,1999.292,120.0,4,55,2,0.04212,0.04208,0.04212,0.00000,0.00000
108.311,1,108292.000,14050,96000,1999.292,120.0,4,55,2,0.04208,0.04208,0.04203,0.00000,0.00000
108.311,2,108292.000,14050,96000,1999.292,120.0,4,55,2,0.04212,0.04203,0.04212,0.00000,0.00000
108.415,0,108396.000,19031,96000,1999.521,120.0,4,55,2,0.02736,0.02733,0.02736,0.00000,0.00000
108.415,1,108396.000,19031,96000,1999.521,120.0,4,55,2,0.02733,0.02733,0.02730,0.00000,0.00000
108.415,2,108396.000,19031,96000,1999.521,120.0,4,55,2,0.02736,0.02730,0.02736,0.00000,0.00000
108.516,0,108498.000,23910,96000,1999.875,120.0,4,55,2,0.01793,0.01791,0.01793,0.00000,0.00000
108.516,1,108498.000,23910,96000,1999.875,120.0,4,55,2,0.01791,0.01791,0.01789,0.00000,0.00000
108.516,2,108498.000,23910,96000,1999.875,120.0,4,55,2,0.01793,0.01789,0.01793,0.00000,0.00000
108.621,0,108602.000,28915,96000,1999.604,120.0,4,55,2,0.01265,0.01265,0.01265,0.00000,0.00000
108.621,1,108602.000,28915,96000,1999.604,120.0,4,55,2,0.01265,0.01265,0.01265,0.00000,0.00000
108.621,2,108602.000,28915,96000,1999.604,120.0,4,55,2,0.01265,0.01265,0.01265,0.00000,0.00000
108.724,0,108706.000,33888,96000,0.000,120.0,4,55,2,0.01266,0.01266,0.01266,0.00000,0.00000
108.724,1,108706.000,33888,96000,0.000,120.0,4,55,2,0.01266,0.01266,0.01266,0.00000,0.00000
108.724,2,108706.000,33888,96000,0.000,120.0,4,55,2,0.01266,0.01266,0.01266,0.00000,0.00000
108.826,0,108807.000,38764,96000,1999.417,120.0,4,55,2,0.01263,0.01263,0.01263,0.00000,0.00000
108.826,1,108807.000,38764,96000,1999.417,120.0,4,55,2,0.01263,0.01263,0.01263,0.00000,0.00000
108.826,2,108807.000,38764,96000,1999.417,120.0,4,55,2,0.01263,0.01263,0.01263,0.00000,0.00000
108.929,0,108910.000,43693,96000,1999.729,120.0,4,55,2,0.01268,0.01268,0.01268,0.00000,0.00000
108.929,1,108910.000,43693,96000,1999.729,120.0,4,55,2,0.01268,0.01268,0.01268,0.00000,0.00000
108.929,2,108910.000,43693,96000,1999.729,120.0,4,55,2,0.01268,0.01268,0.01268,0.00000,0.00000
109.031,0,109012.000,48610,96000,1999.292,120.0,4,55,2,0.01269,0.01269,0.01269,0.00000,0.00000
109.031,1,109012.000,48610,96000,1999.292,120.0,4,55,2,0.01269,0.01269,0.01269,0.00000,0.00000
109.031,2,109012.000,48610,96000,1999.292,120.0,4,55,2,0.01269,0.01269,0.01269,0.00000,0.00000
109.133,0,109114.000,53491,96000,1999.604,120.0,4,55,2,0.01265,0.01265,0.01265,0.00000,0.00000
109.133,1,109114.000,53491,96000,1999.604,120.0,4,55,2,0.01265,0.01265,0.01265,0.00000,0.00000
109.133,2,109114.000,53491,96000,1999.604,120.0,4,55,2,0.01265,0.01265,0.01265,0.00000,0.00000
109.237,0,109218.000,58497,96000,1999.312,120.0,4,55,2,0.01266,0.01266,0.01266,0.00000,0.00000
109.237,1,109218.000,58497,96000,1999.312,120.0,4,55,2,0.01266,0.01266,0.01266,0.00000,0.00000
109.237,2,109218.000,58497,96000,1999.312,120.0,4,55,2,0.01266,0.01266,0.01266,0.00000,0.00000
109.341,0,109322.000,63486,96000,1999.375,120.0,4,55,2,0.01264,0.01264,0.01264,0.00000,0.00000
109.341,1,109322.000,63486,96000,1999.375,120.0,4,55,2,0.01264,0.01264,0.01264,0.00000,0.00000
109.341,2,109322.000,63486,96000,1999.375,120.0,4,55,2,0.01264,0.01264,0.01264,0.00000,0.00000
109.443,0,109424.000,68375,96000,1999.521,120.0,4,55,2,0.01269,0.01269,0.01269,0.00000,0.00000
109.443,1,109424.000,68375,96000,1999.521,120.0,4,55,2,0.01269,0.01269,0.01269,0.00000,0.00000
109.443,2,109424.000,68375,96000,1999.521,120.0,4,55,2,0.01269,0.01269,0.01269,0.00000,0.00000
109.544,0,109525.000,73225,96000,1999.479,120.0,4,55,2,0.01269,0.01269,0.01269,0.00000,0.00000
109.544,1,109525.000,73225,96000,1999.479,120.0,4,55,2,0.01269,0.01269,0.01269,0.00000,0.00000
109.544,2,109525.000,73225,96000,1999.479,120.0,4,55,2,0.01269,0.01269,0.01269,0.00000,0.00000
109.647,0,109628.000,78172,96000,1999.417,120.0,4,55,2,0.01265,0.01265,0.01265,0.00000,0.00000
109.647,1,109628.000,78172,96000,1999.417,120.0,4,55,2,0.01265,0.01265,0.01265,0.00000,0.00000
109.647,2,109628.000,78172,96000,1999.417,120.0,4,55,2,0.01265,0.01265,0.01265,0.00000,0.00000
109.747,0,109728.000,82974,96000,1999.375,120.0,4,55,2,0.01266,0.01266,0.01266,0.00000,0.00000
109.747,1,109728.000,82974,96000,1999.375,120.0,4,55,2,0.01266,0.01266,0.01266,0.00000,0.00000
109.747,2,109728.000,82974,96000,1999.375,120.0,4,55,2,0.01266,0.01266,0.01266,0.00000,0.00000
109.849,0,109830.000,87859,96000,1999.604,120.0,4,55,2,0.01260,0.01260,0.01260,0.00000,0.00000
109.849,1,109830.000,87859,96000,1999.604,120.0,4,55,2,0.01260,0.01260,0.01260,0.00000,0.00000
109.849,2,109830.000,87859,96000,1999.604,120.0,4,55,2,0.01260,0.01260,0.01260,0.00000,0.00000
109.951,0,109932.000,92759,96000,1999.521,120.0,4,55,2,0.01254,0.01254,0.01254,0.00000,0.00000
109.951,1,109932.000,92759,96000,1999.521,120.0,4,55,2,0.01254,0.01254,0.01254,0.00000,0.00000
109.951,2,109932.000,92759,96000,1999.521,120.0,4,55,2,0.01254,0.01254,0.01254,0.00000,0.00000
110.057,0,110038.000,1844,96000,1999.583,120.0,4,56,2,0.01260,0.01260,0.01260,0.00000,0.00000
110.057,1,110038.000,1844,96000,1999.583,120.0,4,56,2,0.01260,0.01260,0.01260,0.00000,0.00000
110.057,2,110038.000,1844,96000,1999.583,120.0,4,56,2,0.01260,0.01260,0.01260,0.00000,0.00000
110.160,0,110141.000,6798,96000,1999.375,120.0,4,56,2,0.01268,0.01268,0.01268,0.00000,0.00000
110.160,1,110141.000,6798,96000,1999.375,120.0,4,56,2,0.01268,0.01268,0.01268,0.00000,0.00000
110.160,2,110141.000,6798,96000,1999.375,120.0,4,56,2,0.01268,0.01268,0.01268,0.00000,0.00000
110.264,0,110245.000,11773,96000,1999.729,120.0,4,56,2,0.01269,0.01269,0.01269,0.00000,0.00000
110.264,1,110245.000,11773,96000,1999.729,120.0,4,56,2,0.01269,0.01269,0.01269,0.00000,0.00000
110.264,2,110245.000,11773,96000,1999.729,120.0,4,56,2,0.01269,0.01269,0.01269,0.00000,0.00000
110.367,0,110348.000,16733,96000,1999.396,120.0,4,56,2,0.01265,0.01265,0.01265,0.00000,0.00000
110.367,1,110348.000,16733,96000,1999.396,120.0,4,56,2,0.01265,0.01265,0.01265,0.00000,0.00000
110.367,2,110348.000,16733,96000,1999.396,120.0,4,56,2,0.01265,0.01265,0.01265,0.00000,0.00000
110.468,0,110450.000,21601,96000,1999.979,120.0,4,56,2,0.01266,0.01266,0.01266,0.00000,0.00000
110.468,1,110450.000,21601,96000,1999.979,120.0,4,56,2,0.01266,0.01266,0.01266,0.00000,0.00000
110.468,2,110450.000,21601,96000,1999.979,120.0,4,56,2,0.01266,0.01266,0.01266,0.00000,0.00000
110.571,0,110552.000,26521,96000,1999.479,120.0,4,56,2,0.01263,0.01263,0.01263,0.00000,0.00000
110.571,1,110552.000,26521,96000,1999.479,120.0,4,56,2,0.01263,0.01263,0.01263,0.00000,0.00000
110.571,2,110552.000,26521,96000,1999.479,120.0,4,56,2,0.01263,0.01263,0.01263,0.00000,0.00000
110.674,0,110655.000,31483,96000,1999.104,120.0,4,56,2,0.01269,0.01269,0.01269,0.00000,0.00000
110.674,1,110655.000,31483,96000,1999.104,120.0,4,56,2,0.01269,0.01269,0.01269,0.00000,0.00000
110.674,2,110655.000,31483,96000,1999.104,120.0,4,56,2,0.01269,0.01269,0.01269,0.00000,0.00000
110.775,0,110757.000,36342,96000,1999.875,120.0,4,56,2,0.01269,0.01269,0.01269,0.00000,0.00000
110.775,1,110757.000,36342,96000,1999.875,120.0,4,56,2,0.01269,0.01269,0.01269,0.00000,0.00000
110.775,2,110757.000,36342,96000,1999.875,120.0,4,56,2,0.01269,0.01269,0.01269,0.00000,0.00000
110.877,0,110859.000,41232,96000,0.000,120.0,4,56,2,0.01265,0.01265,0.01265,0.00000,0.00000
110.877,1,110859.000,41232,96000,0.000,120.0,4,56,2,0.01265,0.01265,0.01265,0.00000,0.00000
110.877,2,110859.000,41232,96000,0.000,120.0,4,56,2,0.01265,0.01265,0.01265,0.00000,0.00000
110.980,0,110961.000,46158,96000,1999.375,120.0,4,56,2,0.01266,0.01266,0.01266,0.00000,0.00000
110.980,1,110961.000,46158,96000,1999.375,120.0,4,56,2,0.01266,0.01266,0.01266,0.00000,0.00000
110.980,2,110961.000,46158,96000,1999.375,120.0,4,56,2,0.01266,0.01266,0.01266,0.00000,0.00000
111.081,0,111063.000,51033,96000,1999.812,120.0,4,56,2,0.01263,0.01263,0.01263,0.00000,0.00000
111.081,1,111063.000,51033,96000,1999.812,120.0,4,56,2,0.01263,0.01263,0.01263,0.00000,0.00000
111.081,2,111063.000,51033,96000,1999.812,120.0,4,56,2,0.01263,0.01263,0.01263,0.00000,0.00000
111.182,0,111164.000,55876,96000,1999.917,120.0,4,56,2,0.01254,0.01254,0.01254,0.00000,0.00000
111.182,1,111164.000,55876,96000,1999.917,120.0,4,56,2,0.01254,0.01254,0.01254,0.00000,0.00000
111.182,2,111164.000,55876,96000,1999.917,120.0,4,56,2,0.01254,0.01254,0.01254,0.00000,0.00000
111.285,0,111266.000,60777,96000,1999.812,120.0,4,56,2,0.01269,0.01269,0.01269,0.00000,0.00000
111.285,1,111266.000,60777,96000,1999.812,120.0,4,56,2,0.01269,0.01269,0.01269,0.00000,0.00000
111.285,2,111266.000,60777,96000,1999.812,120.0,4,56,2,0.01269,0.01269,0.01269,0.00000,0.00000
111.385,0,111366.000,65581,96000,1999.729,120.0,4,56,2,0.01265,0.01265,0.01265,0.00000,0.00000
111.385,1,111366.000,65581,96000,1999.729,120.0,4,56,2,0.01265,0.01265,0.01265,0.00000,0.00000
111.385,2,111366.000,65581,96000,1999.729,120.0,4,56,2,0.01265,0.01265,0.01265,0.00000,0.00000
111.489,0,111470.000,70580,96000,1999.583,120.0,4,56,2,0.01266,0.01266,0.01266,0.00000,0.00000
111.489,1,111470.000,70580,96000,1999.583,120.0,4,56,2,0.01266,0.01266,0.01266,0.00000,0.00000
111.489,2,111470.000,70580,96000,1999.583,120.0,4,56,2,0.01266,0.01266,0.01266,0.00000,0.00000
111.591,0,111573.000,75513,96000,1999.812,120.0,4,56,2,0.01260,0.01260,0.01260,0.00000,0.00000
111.591,1,111573.000,75513,96000,1999.812,120.0,4,56,2,0.01260,0.01260,0.01260,0.00000,0.00000
111.591,2,111573.000,75513,96000,1999.812,120.0,4,56,2,0.01260,0.01260,0.01260,0.00000,0.00000
111.693,0,111674.000,80364,96000,1999.750,120.0,4,56,2,0.01259,0.01259,0.01259,0.00000,0.00000
111.693,1,111674.000,80364,96000,1999.750,120.0,4,56,2,0.01259,0.01259,0.01259,0.00000,0.00000
111.693,2,111674.000,80364,96000,1999.750,120.0,4,56,2,0.01259,0.01259,0.01259,0.00000,0.00000
111.796,0,111777.000,85314,96000,1999.625,120.0,4,56,2,0.01269,0.01269,0.01269,0.00000,0.00000
111.796,1,111777.000,85314,96000,1999.625,120.0,4,56,2,0.01269,0.01269,0.01269,0.00000,0.00000
111.796,2,111777.000,85314,96000,1999.625,120.0,4,56,2,0.01269,0.01269,0.01269,0.00000,0.00000
111.897,0,111878.000,90185,96000,1999.146,120.0,4,56,2,0.01265,0.01265,0.01265,0.00000,0.00000
111.897,1,111878.000,90185,96000,1999.146,120.0,4,56,2,0.01265,0.01265,0.01265,0.00000,0.00000
111.897,2,111878.000,90185,96000,1999.146,120.0,4,56,2,0.01265,0.01265,0.01265,0.00000,0.00000
111.999,0,111981.000,95089,96000,1999.979,120.0,4,56,2,0.01264,0.01264,0.01264,0.00000,0.00000
111.999,1,111981.000,95089,96000,1999.979,120.0,4,56,2,0.01264,0.01264,0.01264,0.00000,0.00000
111.999,2,111981.000,95089,96000,1999.979,120.0,4,56,2,0.01264,0.01264,0.01264,0.00000,0.00000
112.100,0,112081.000,3929,96000,1999.146,120.0,4,57,2,0.01269,0.01269,0.01269,0.00000,0.00000
112.100,1,112081.000,3929,96000,1999.146,120.0,4,57,2,0.01269,0.01269,0.01269,0.00000,0.00000
112.100,2,112081.000,3929,96000,1999.146,120.0,4,57,2,0.01269,0.01269,0.01269,0.00000,0.00000
112.205,0,112186.000,8941,96000,1999.729,120.0,4,57,2,0.01264,0.01264,0.01264,0.00000,0.00000
112.205,1,112186.000,8941,96000,1999.729,120.0,4,57,2,0.01264,0.01264,0.01264,0.00000,0.00000
112.205,2,112186.000,8941,96000,1999.729,120.0,4,57,2,0.01264,0.01264,0.01264,0.00000,0.00000
112.306,0,112288.000,13833,96000,1999.812,120.0,4,57,2,0.01259,0.01259,0.01259,0.00000,0.00000
112.306,1,112288.000,13833,96000,1999.812,120.0,4,57,2,0.01259,0.01259,0.01259,0.00000,0.00000
112.306,2,112288.000,13833,96000,1999.812,120.0,4,57,2,0.01259,0.01259,0.01259,0.00000,0.00000
112.407,0,112389.000,18675,96000,1999.938,120.0,4,57,2,0.01260,0.01260,0.01260,0.00000,0.00000
112.407,1,112389.000,18675,96000,1999.938,120.0,4,57,2,0.01260,0.01260,0.01260,0.00000,0.00000
112.407,2,112389.000,18675,96000,1999.938,120.0,4,57,2,0.01260,0.01260,0.01260,0.00000,0.00000
112.508,0,112489.000,23492,96000,1999.583,120.0,4,57,2,0.01264,0.01264,0.01264,0.00000,0.00000
112.508,1,112489.000,23492,96000,1999.583,120.0,4,57,2,0.01264,0.01264,0.01264,0.00000,0.00000
112.508,2,112489.000,23492,96000,1999.583,120.0,4,57,2,0.01264,0.01264,0.01264,0.00000,0.00000
112.610,0,112591.000,28387,96000,1999.604,120.0,4,57,2,0.01269,0.01269,0.01269,0.00000,0.00000
112.610,1,112591.000,28387,96000,1999.604,120.0,4,57,2,0.01269,0.01269,0.01269,0.00000,0.00000
112.610,2,112591.000,28387,96000,1999.604,120.0,4,57,2,0.01269,0.01269,0.01269,0.00000,0.00000
112.713,0,112694.000,33347,96000,1999.271,120.0,4,57,2,0.01269,0.01269,0.01269,0.00000,0.00000
112.713,1,112694.000,33347,96000,1999.271,120.0,4,57,2,0.01269,0.01269,0.01269,0.00000,0.00000
112.713,2,112694.000,33347,96000,1999.271,120.0,4,57,2,0.01269,0.01269,0.01269,0.00000,0.00000
112.814,0,112795.000,38198,96000,1999.208,120.0,4,57,2,0.01265,0.01265,0.01265,0.00000,0.00000
112.814,1,112795.000,38198,96000,1999.208,120.0,4,57,2,0.01265,0.01265,0.01265,0.00000,0.00000
112.814,2,112795.000,38198,96000,1999.208,120.0,4,57,2,0.01265,0.01265,0.01265,0.00000,0.00000
112.915,0,112897.000,43056,96000,0.000,120.0,4,57,2,0.01266,0.01266,0.01266,0.00000,0.00000
112.915,1,112897.000,43056,96000,0.000,120.0,4,57,2,0.01266,0.01266,0.01266,0.00000,0.00000
112.915,2,112897.000,43056,96000,0.000,120.0,4,57,2,0.01266,0.01266,0.01266,0.00000,0.00000
113.017,0,112998.000,47944,96000,1999.167,120.0,4,57,2,0.01260,0.01260,0.01260,0.00000,0.00000
113.017,1,112998.000,47944,96000,1999.167,120.0,4,57,2,0.01260,0.01260,0.01260,0.00000,0.00000
113.017,2,112998.000,47944,96000,1999.167,120.0,4,57,2,0.01260,0.01260,0.01260,0.00000,0.00000
113.120,0,113101.000,52882,96000,1999.292,120.0,4,57,2,0.01268,0.01268,0.01268,0.00000,0.00000
113.120,1,113101.000,52882,96000,1999.292,120.0,4,57,2,0.01268,0.01268,0.01268,0.00000,0.00000
113.120,2,113101.000,52882,96000,1999.292,120.0,4,57,2,0.01268,0.01268,0.01268,0.00000,0.00000
113.222,0,113203.000,57773,96000,1999.396,120.0,4,57,2,0.01269,0.01269,0.01269,0.00000,0.00000
113.222,1,113203.000,57773,96000,1999.396,120.0,4,57,2,0.01269,0.01269,0.01269,0.00000,0.00000
113.222,2,113203.000,57773,96000,1999.396,120.0,4,57,2,0.01269,0.01269,0.01269,0.00000,0.00000
113.323,0,113304.000,62607,96000,1999.688,120.0,4,57,2,0.01264,0.01264,0.01264,0.00000,0.00000
113.323,1,113304.000,62607,96000,1999.688,120.0,4,57,2,0.01264,0.01264,0.01264,0.00000,0.00000
113.323,2,113304.000,62607,96000,1999.688,120.0,4,57,2,0.01264,0.01264,0.01264,0.00000,0.00000
113.425,0,113406.000,67498,96000,1999.792,120.0,4,57,2,0.01266,0.01266,0.01266,0.00000,0.00000
113.425,1,113406.000,67498,96000,1999.792,120.0,4,57,2,0.01266,0.01266,0.01266,0.00000,0.00000
113.425,2,113406.000,67498,96000,1999.792,120.0,4,57,2,0.01266,0.01266,0.01266,0.00000,0.00000
113.527,0,113508.000,72407,96000,1999.521,120.0,4,57,2,0.01258,0.01258,0.01258,0.00000,0.00000
113.527,1,113508.000,72407,96000,1999.521,120.0,4,57,2,0.01258,0.01258,0.01258,0.00000,0.00000
113.527,2,113508.000,72407,96000,1999.521,120.0,4,57,2,0.01258,0.01258,0.01258,0.00000,0.00000
113.630,0,113612.000,77382,96000,1999.875,120.0,4,57,2,0.01254,0.01254,0.01254,0.00000,0.00000
113.630,1,113612.000,77382,96000,1999.875,120.0,4,57,2,0.01254,0.01254,0.01254,0.00000,0.00000
113.630,2,113612.000,77382,96000,1999.875,120.0,4,57,2,0.01254,0.01254,0.01254,0.00000,0.00000
113.733,0,113714.000,82316,96000,1999.083,120.0,4,57,2,0.01269,0.01269,0.01269,0.00000,0.00000
113.733,1,113714.000,82316,96000,1999.083,120.0,4,57,2,0.01269,0.01269,0.01269,0.00000,0.00000
113.733,2,113714.000,82316,96000,1999.083,120.0,4,57,2,0.01269,0.01269,0.01269,0.00000,0.00000
113.834,0,113816.000,87172,96000,1999.917,120.0,4,57,2,0.01264,0.01264,0.01264,0.00000,0.00000
113.834,1,113816.000,87172,96000,1999.917,120.0,4,57,2,0.01264,0.01264,0.01264,0.00000,0.00000
113.834,2,113816.000,87172,96000,1999.917,120.0,4,57,2,0.01264,0.01264,0.01264,0.00000,0.00000
113.939,0,113920.000,92183,96000,1999.521,120.0,4,57,2,0.01266,0.01266,0.01266,0.00000,0.00000
113.939,1,113920.000,92183,96000,1999.521,120.0,4,57,2,0.01266,0.01266,0.01266,0.00000,0.00000
113.939,2,113920.000,92183,96000,1999.521,120.0,4,57,2,0.01266,0.01266,0.01266,0.00000,0.00000
114.046,0,114027.000,1328,96000,1999.333,120.0,4,58,2,0.01273,0.01273,0.01273,0.00000,0.00000
114.046,1,114027.000,1328,96000,1999.333,120.0,4,58,2,0.01273,0.01273,0.01273,0.00000,0.00000
114.046,2,114027.000,1328,96000,1999.333,120.0,4,58,2,0.01273,0.01273,0.01273,0.00000,0.00000
114.146,0,114127.000,6137,96000,1999.146,120.0,4,58,2,0.01266,0.01266,0.01266,0.00000,0.00000
114.146,1,114127.000,6137,96000,1999.146,120.0,4,58,2,0.01266,0.01266,0.01266,0.00000,0.00000
114.146,2,114127.000,6137,96000,1999.146,120.0,4,58,2,0.01266,0.01266,0.01266,0.00000,0.00000
114.250,0,114231.000,11115,96000,1999.438,120.0,4,58,2,0.01263,0.01263,0.01263,0.00000,0.00000
114.250,1,114231.000,11115,96000,1999.438,120.0,4,58,2,0.01263,0.01263,0.01263,0.00000,0.00000
114.250,2,114231.000,11115,96000,1999.438,120.0,4,58,2,0.01263,0.01263,0.01263,0.00000,0.00000
114.350,0,114331.000,15923,96000,1999.271,120.0,4,58,2,0.01254,0.01254,0.01254,0.00000,0.00000
114.350,1,114331.000,15923,96000,1999.271,120.0,4,58,2,0.01254,0.01254,0.01254,0.00000,0.00000
114.350,2,114331.000,15923,96000,1999.271,120.0,4,58,2,0.01254,0.01254,0.01254,0.00000,0.00000
114.452,0,114433.000,20805,96000,1999.562,120.0,4,58,2,0.01269,0.01269,0.01269,0.00000,0.00000
114.452,1,114433.000,20805,96000,1999.562,120.0,4,58,2,0.01269,0.01269,0.01269,0.00000,0.00000
114.452,2,114433.000,20805,96000,1999.562,120.0,4,58,2,0.01269,0.01269,0.01269,0.00000,0.00000
114.552,0,114533.000,25630,96000,1999.042,120.0,4,58,2,0.12091,0.12091,0.12081,0.00000,0.00000
114.552,1,114533.000,25630,96000,1999.042,120.0,4,58,2,0.12148,0.12091,0.12148,0.00000,0.00000
114.552,2,114533.000,25630,96000,1999.042,120.0,4,58,2,0.12148,0.12148,0.12081,0.00000,0.00000
114.655,0,114636.000,30554,96000,1999.458,120.0,4,58,2,0.07892,0.07892,0.07885,0.00000,0.00000
114.655,1,114636.000,30554,96000,1999.458,120.0,4,58,2,0.07929,0.07892,0.07929,0.00000,0.00000
114.655,2,114636.000,30554,96000,1999.458,120.0,4,58,2,0.07929,0.07929,0.07885,0.00000,0.00000
114.757,0,114738.000,35450,96000,1999.458,120.0,4,58,2,0.05163,0.05163,0.05159,0.00000,0.00000
114.757,1,114738.000,35450,96000,1999.458,120.0,4,58,2,0.05188,0.05163,0.05188,0.00000,0.00000
114.757,2,114738.000,35450,96000,1999.458,120.0,4,58,2,0.05188,0.05188,0.05159,0.00000,0.00000
114.860,0,114841.000,40391,96000,1999.521,120.0,4,58,2,0.03365,0.03365,0.03362,0.00000,0.00000
114.860,1,114841.000,40391,96000,1999.521,120.0,4,58,2,0.03381,0.03365,0.03381,0.00000,0.00000
114.860,2,114841.000,40391,96000,1999.521,120.0,4,58,2,0.03381,0.03381,0.03362,0.00000,0.00000
114.960,0,114941.000,45199,96000,1999.354,120.0,4,58,2,0.02219,0.02219,0.02217,0.00000,0.00000
114.960,1,114941.000,45199,96000,1999.354,120.0,4,58,2,0.02229,0.02219,0.02229,0.00000,0.00000
114.960,2,114941.000,45199,96000,1999.354,120.0,4,58,2,0.02229,0.02229,0.02217,0.00000,0.00000
115.064,0,115045.000,50171,96000,1999.771,120.0,4,58,2,0.01442,0.01442,0.01441,0.00000,0.00000
115.064,1,115045.000,50171,96000,1999.771,120.0,4,58,2,0.01449,0.01442,0.01449,0.00000,0.00000
115.064,2,115045.000,50171,96000,1999.771,120.0,4,58,2,0.01449,0.01449,0.01441,0.00000,0.00000
115.164,0,115146.000,55008,96000,0.000,120.0,4,58,2,0.01264,0.01264,0.01264,0.00000,0.00000
115.164,1,115146.000,55008,96000,0.000,120.0,4,58,2,0.01264,0.01264,0.01264,0.00000,0.00000
115.164,2,115146.000,55008,96000,0.000,120.0,4,58,2,0.01264,0.01264,0.01264,0.00000,0.00000
115.265,0,115246.000,59842,96000,1999.292,120.0,4,58,2,0.01263,0.01263,0.01263,0.00000,0.00000
115.265,1,115246.000,59842,96000,1999.292,120.0,4,58,2,0.01263,0.01263,0.01263,0.00000,0.00000
115.265,2,115246.000,59842,96000,1999.292,120.0,4,58,2,0.01263,0.01263,0.01263,0.00000,0.00000
115.367,0,115348.000,64751,96000,1999.021,120.0,4,58,2,0.01261,0.01261,0.01261,0.00000,0.00000
115.367,1,115348.000,64751,96000,1999.021,120.0,4,58,2,0.01261,0.01261,0.01261,0.00000,0.00000
115.367,2,115348.000,64751,96000,1999.021,120.0,4,58,2,0.01261,0.01261,0.01261,0.00000,0.00000
115.471,0,115452.000,69733,96000,1999.229,120.0,4,58,2,0.01264,0.01264,0.01264,0.00000,0.00000
115.471,1,115452.000,69733,96000,1999.229,120.0,4,58,2,0.01264,0.01264,0.01264,0.00000,0.00000
115.471,2,115452.000,69733,96000,1999.229,120.0,4,58,2,0.01264,0.01264,0.01264,0.00000,0.00000
115.572,0,115554.000,74597,96000,1999.896,120.0,4,58,2,0.01269,0.01269,0.01269,0.00000,0.00000
115.572,1,115554.000,74597,96000,1999.896,120.0,4,58,2,0.01269,0.01269,0.01269,0.00000,0.00000
115.572,2,115554.000,74597,96000,1999.896,120.0,4,58,2,0.01269,0.01269,0.01269,0.00000,0.00000
115.676,0,115657.000,79576,96000,1999.167,120.0,4,58,2,0.01264,0.01264,0.01264,0.00000,0.00000
115.676,1,115657.000,79576,96000,1999.167,120.0,4,58,2,0.01264,0.01264,0.01264,0.00000,0.00000
115.676,2,115657.000,79576,96000,1999.167,120.0,4,58,2,0.01264,0.01264,0.01264,0.00000,0.00000
115.778,0,115759.000,84476,96000,1999.083,120.0,4,58,2,0.01259,0.01259,0.01259,0.00000,0.00000
115.778,1,115759.000,84476,96000,1999.083,120.0,4,58,2,0.01259,0.01259,0.01259,0.00000,0.00000
115.778,2,115759.000,84476,96000,1999.083,120.0,4,58,2,0.01259,0.01259,0.01259,0.00000,0.00000
115.878,0,115860.000,89282,96000,1999.958,120.0,4,58,2,0.01261,0.01261,0.01261,0.00000,0.00000
115.878,1,115860.000,89282,96000,1999.958,120.0,4,58,2,0.01261,0.01261,0.01261,0.00000,0.00000
115.878,2,115860.000,89282,96000,1999.958,120.0,4,58,2,0.01261,0.01261,0.01261,0.00000,0.00000
115.979,0,115960.000,94110,96000,1999.375,120.0,4,58,2,0.01263,0.01263,0.01263,0.00000,0.00000
115.979,1,115960.000,94110,96000,1999.375,120.0,4,58,2,0.01263,0.01263,0.01263,0.00000,0.00000
115.979,2,115960.000,94110,96000,1999.375,120.0,4,58,2,0.01263,0.01263,0.01263,0.00000,0.00000
116.082,0,116063.000,3069,96000,1999.062,120.0,4,59,2,0.01266,0.01266,0.01266,0.00000,0.00000
116.082,1,116063.000,3069,96000,1999.062,120.0,4,59,2,0.01266,0.01266,0.01266,0.00000,0.00000
116.082,2,116063.000,3069,96000,1999.062,120.0,4,59,2,0.01266,0.01266,0.01266,0.00000,0.00000
116.186,0,116167.000,8044,96000,1999.417,120.0,4,59,2,0.01263,0.01263,0.01263,0.00000,0.00000
116.186,1,116167.000,8044,96000,1999.417,120.0,4,59,2,0.01263,0.01263,0.01263,0.00000,0.00000
116.186,2,116167.000,8044,96000,1999.417,120.0,4,59,2,0.01263,0.01263,0.01263,0.00000,0.00000
116.287,0,116268.000,12887,96000,1999.521,120.0,4,59,2,0.01254,0.01254,0.01254,0.00000,0.00000
116.287,1,116268.000,12887,96000,1999.521,120.0,4,59,2,0.01254,0.01254,0.01254,0.00000,0.00000
116.287,2,116268.000,12887,96000,1999.521,120.0,4,59,2,0.01254,0.01254,0.01254,0.00000,0.00000
116.389,0,116370.000,17773,96000,1999.729,120.0,4,59,2,0.01269,0.01269,0.01269,0.00000,0.00000
116.389,1,116370.000,17773,96000,1999.729,120.0,4,59,2,0.01269,0.01269,0.01269,0.00000,0.00000
116.389,2,116370.000,17773,96000,1999.729,120.0,4,59,2,0.01269,0.01269,0.01269,0.00000,0.00000
116.492,0,116473.000,22742,96000,1999.208,120.0,4,59,2,0.01265,0.01265,0.01265,0.00000,0.00000
116.492,1,116473.000,22742,96000,1999.208,120.0,4,59,2,0.01265,0.01265,0.01265,0.00000,0.00000
116.492,2,116473.000,22742,96000,1999.208,120.0,4,59,2,0.01265,0.01265,0.01265,0.00000,0.00000
116.597,0,116578.000,27771,96000,1999.438,120.0,4,59,2,0.01266,0.01266,0.01266,0.00000,0.00000
116.597,1,116578.000,27771,96000,1999.438,120.0,4,59,2,0.01266,0.01266,0.01266,0.00000,0.00000
116.597,2,116578.000,27771,96000,1999.438,120.0,4,59,2,0.01266,0.01266,0.01266,0.00000,0.00000
116.700,0,116681.000,32702,96000,1999.708,120.0,4,59,2,0.01264,0.01264,0.01264,0.00000,0.00000
116.700,1,116681.000,32702,96000,1999.708,120.0,4,59,2,0.01264,0.01264,0.01264,0.00000,0.00000
116.700,2,116681.000,32702,96000,1999.708,120.0,4,59,2,0.01264,0.01264,0.01264,0.00000,0.00000
116.801,0,116782.000,37579,96000,1999.104,120.0,4,59,2,0.01268,0.01268,0.01268,0.00000,0.00000
116.801,1,116782.000,37579,96000,1999.104,120.0,4,59,2,0.01268,0.01268,0.01268,0.00000,0.00000
116.801,2,116782.000,37579,96000,1999.104,120.0,4,59,2,0.01268,0.01268,0.01268,0.00000,0.00000
116.905,0,116887.000,42581,96000,1999.896,120.0,4,59,2,0.01269,0.01269,0.01269,0.00000,0.00000
116.905,1,116887.000,42581,96000,1999.896,120.0,4,59,2,0.01269,0.01269,0.01269,0.00000,0.00000
116.905,2,116887.000,42581,96000,1999.896,120.0,4,59,2,0.01269,0.01269,0.01269,0.00000,0.00000
117.006,0,116988.000,47426,96000,1999.958,120.0,4,59,2,0.01265,0.01265,0.01265,0.00000,0.00000
117.006,1,116988.000,47426,96000,1999.958,120.0,4,59,2,0.01265,0.01265,0.01265,0.00000,0.00000
117.006,2,116988.000,47426,96000,1999.958,120.0,4,59,2,0.01265,0.01265,0.01265,0.00000,0.00000
117.111,0,117092.000,52427,96000,1999.771,120.0,4,59,2,0.01261,0.01261,0.01261,0.00000,0.00000
117.111,1,117092.000,52427,96000,1999.771,120.0,4,59,2,0.01261,0.01261,0.01261,0.00000,0.00000
117.111,2,117092.000,52427,96000,1999.771,120.0,4,59,2,0.01261,0.01261,0.01261,0.00000,0.00000
117.213,0,117194.000,57358,96000,1999.042,120.0,4,59,2,0.01264,0.01264,0.01264,0.00000,0.00000
117.213,1,117194.000,57358,96000,1999.042,120.0,4,59,2,0.01264,0.01264,0.01264,0.00000,0.00000
117.213,2,117194.000,57358,96000,1999.042,120.0,4,59,2,0.01264,0.01264,0.01264,0.00000,0.00000
117.314,0,117296.000,62208,96000,0.000,120.0,4,59,2,0.01269,0.01269,0.01269,0.00000,0.00000
117.314,1,117296.000,62208,96000,0.000,120.0,4,59,2,0.01269,0.01269,0.01269,0.00000,0.00000
117.314,2,117296.000,62208,96000,0.000,120.0,4,59,2,0.01269,0.01269,0.01269,0.00000,0.00000
117.418,0,117399.000,67194,96000,1999.125,120.0,4,59,2,0.01269,0.01269,0.01269,0.00000,0.00000
117.418,1,117399.000,67194,96000,1999.125,120.0,4,59,2,0.01269,0.01269,0.01269,0.00000,0.00000
117.418,2,117399.000,67194,96000,1999.125,120.0,4,59,2,0.01269,0.01269,0.01269,0.00000,0.00000
117.518,0,117500.000,72009,96000,1999.812,120.0,4,59,2,0.01265,0.01265,0.01265,0.00000,0.00000
117.518,1,117500.000,72009,96000,1999.812,120.0,4,59,2,0.01265,0.01265,0.01265,0.00000,0.00000
117.518,2,117500.000,72009,96000,1999.812,120.0,4,59,2,0.01265,0.01265,0.01265,0.00000,0.00000
117.620,0,117601.000,76877,96000,1999.396,120.0,4,59,2,0.01266,0.01266,0.01266,0.00000,0.00000
117.620,1,117601.000,76877,96000,1999.396,120.0,4,59,2,0.01266,0.01266,0.01266,0.00000,0.00000
117.620,2,117601.000,76877,96000,1999.396,120.0,4,59,2,0.01266,0.01266,0.01266,0.00000,0.00000
117.722,0,117703.000,81756,96000,1999.750,120.0,4,59,2,0.01263,0.01263,0.01263,0.00000,0.00000
117.722,1,117703.000,81756,96000,1999.750,120.0,4,59,2,0.01263,0.01263,0.01263,0.00000,0.00000
117.722,2,117703.000,81756,96000,1999.750,120.0,4,59,2,0.01263,0.01263,0.01263,0.00000,0.00000
117.824,0,117805.000,86679,96000,1999.188,120.0,4,59,2,0.01268,0.01268,0.01268,0.00000,0.00000
117.824,1,117805.000,86679,96000,1999.188,120.0,4,59,2,0.01268,0.01268,0.01268,0.00000,0.00000
117.824,2,117805.000,86679,96000,1999.188,120.0,4,59,2,0.01268,0.01268,0.01268,0.00000,0.00000
117.925,0,117906.000,91514,96000,1999.458,120.0,4,59,2,0.01269,0.01269,0.01269,0.00000,0.00000
117.925,1,117906.000,91514,96000,1999.458,120.0,4,59,2,0.01269,0.01269,0.01269,0.00000,0.00000
117.925,2,117906.000,91514,96000,1999.458,120.0,4,59,2,0.01269,0.01269,0.01269,0.00000,0.00000
118.027,0,118008.000,406,96000,1999.542,120.0,4,60,2,0.01261,0.01261,0.01261,0.00000,0.00000
118.027,1,118008.000,406,96000,1999.542,120.0,4,60,2,0.01261,0.01261,0.01261,0.00000,0.00000
118.027,2,118008.000,406,96000,1999.542,120.0,4,60,2,0.01261,0.01261,0.01261,0.00000,0.00000
118.129,0,118111.000,5335,96000,1999.854,120.0,4,60,2,0.01269,0.01269,0.01269,0.00000,0.00000
118.129,1,118111.000,5335,96000,1999.854,120.0,4,60,2,0.01269,0.01269,0.01269,0.00000,0.00000
118.129,2,118111.000,5335,96000,1999.854,120.0,4,60,2,0.01269,0.01269,0.01269,0.00000,0.00000
118.232,0,118213.000,10265,96000,1999.146,120.0,4,60,2,0.01265,0.01265,0.01265,0.00000,0.00000
118.232,1,118213.000,10265,96000,1999.146,120.0,4,60,2,0.01265,0.01265,0.01265,0.00000,0.00000
118.232,2,118213.000,10265,96000,1999.146,120.0,4,60,2,0.01265,0.01265,0.01265,0.00000,0.00000
118.333,0,118315.000,15125,96000,1999.896,120.0,4,60,2,0.01261,0.01261,0.01261,0.00000,0.00000
118.333,1,118315.000,15125,96000,1999.896,120.0,4,60,2,0.01261,0.01261,0.01261,0.00000,0.00000
118.333,2,118315.000,15125,96000,1999.896,120.0,4,60,2,0.01261,0.01261,0.01261,0.00000,0.00000
118.438,0,118419.000,20122,96000,1999.792,120.0,4,60,2,0.01258,0.01258,0.01258,0.00000,0.00000
118.438,1,118419.000,20122,96000,1999.792,120.0,4,60,2,0.01258,0.01258,0.01258,0.00000,0.00000
118.438,2,118419.000,20122,96000,1999.792,120.0,4,60,2,0.01258,0.01258,0.01258,0.00000,0.00000
118.538,0,118519.000,24958,96000,1999.042,120.0,4,60,2,0.01260,0.01260,0.01260,0.00000,0.00000
118.538,1,118519.000,24958,96000,1999.042,120.0,4,60,2,0.01260,0.01260,0.01260,0.00000,0.00000
118.538,2,118519.000,24958,96000,1999.042,120.0,4,60,2,0.01260,0.01260,0.01260,0.00000,0.00000
118.641,0,118622.000,29890,96000,1999.292,120.0,4,60,2,0.01265,0.01265,0.01265,0.00000,0.00000
118.641,1,118622.000,29890,96000,1999.292,120.0,4,60,2,0.01265,0.01265,0.01265,0.00000,0.00000
118.641,2,118622.000,29890,96000,1999.292,120.0,4,60,2,0.01265,0.01265,0.01265,0.00000,0.00000
118.742,0,118723.000,34751,96000,1999.021,120.0,4,60,2,0.01265,0.01265,0.01265,0.00000,0.00000
118.742,1,118723.000,34751,96000,1999.021,120.0,4,60,2,0.01265,0.01265,0.01265,0.00000,0.00000
118.742,2,118723.000,34751,96000,1999.021,120.0,4,60,2,0.01265,0.01265,0.01265,0.00000,0.00000
118.847,0,118828.000,39765,96000,1999.562,120.0,4,60,2,0.01261,0.01261,0.01261,0.00000,0.00000
118.847,1,118828.000,39765,96000,1999.562,120.0,4,60,2,0.01261,0.01261,0.01261,0.00000,0.00000
118.847,2,118828.000,39765,96000,1999.562,120.0,4,60,2,0.01261,0.01261,0.01261,0.00000,0.00000
118.949,0,118930.000,44657,96000,1999.646,120.0,4,60,2,0.01258,0.01258,0.01258,0.00000,0.00000
118.949,1,118930.000,44657,96000,1999.646,120.0,4,60,2,0.01258,0.01258,0.01258,0.00000,0.00000
118.949,2,118930.000,44657,96000,1999.646,120.0,4,60,2,0.01258,0.01258,0.01258,0.00000,0.00000
119.051,0,119032.000,49547,96000,1999.771,120.0,4,60,2,0.01260,0.01260,0.01260,0.00000,0.00000
119.051,1,119032.000,49547,96000,1999.771,120.0,4,60,2,0.01260,0.01260,0.01260,0.00000,0.00000
119.051,2,119032.000,49547,96000,1999.771,120.0,4,60,2,0.01260,0.01260,0.01260,0.00000,0.00000
119.154,0,119135.000,54526,96000,1999.042,120.0,4,60,2,0.01269,0.01269,0.01269,0.00000,0.00000
119.154,1,119135.000,54526,96000,1999.042,120.0,4,60,2,0.01269,0.01269,0.01269,0.00000,0.00000
119.154,2,119135.000,54526,96000,1999.042,120.0,4,60,2,0.01269,0.01269,0.01269,0.00000,0.00000
119.257,0,119238.000,59447,96000,1999.521,120.0,4,60,2,0.01265,0.01265,0.01265,0.00000,0.00000
119.257,1,119238.000,59447,96000,1999.521,120.0,4,60,2,0.01265,0.01265,0.01265,0.00000,0.00000
119.257,2,119238.000,59447,96000,1999.521,120.0,4,60,2,0.01265,0.01265,0.01265,0.00000,0.00000
119.360,0,119341.000,64408,96000,1999.167,120.0,4,60,2,0.01266,0.01266,0.01266,0.00000,0.00000
119.360,1,119341.000,64408,96000,1999.167,120.0,4,60,2,0.01266,0.01266,0.01266,0.00000,0.00000
119.360,2,119341.000,64408,96000,1999.167,120.0,4,60,2,0.01266,0.01266,0.01266,0.00000,0.00000
119.464,0,119445.000,69385,96000,1999.479,120.0,4,60,2,0.01260,0.01260,0.01260,0.00000,0.00000
119.464,1,119445.000,69385,96000,1999.479,120.0,4,60,2,0.01260,0.01260,0.01260,0.00000,0.00000
119.464,2,119445.000,69385,96000,1999.479,120.0,4,60,2,0.01260,0.01260,0.01260,0.00000,0.00000
119.566,0,119547.000,74297,96000,1999.146,120.0,4,60,2,0.01254,0.01254,0.01254,0.00000,0.00000
119.566,1,119547.000,74297,96000,1999.146,120.0,4,60,2,0.01254,0.01254,0.01254,0.00000,0.00000
119.566,2,119547.000,74297,96000,1999.146,120.0,4,60,2,0.01254,0.01254,0.01254,0.00000,0.00000
119.667,0,119648.000,79139,96000,1999.271,120.0,4,60,2,0.01269,0.01269,0.01269,0.00000,0.00000
119.667,1,119648.000,79139,96000,1999.271,120.0,4,60,2,0.01269,0.01269,0.01269,0.00000,0.00000
119.667,2,119648.000,79139,96000,1999.271,120.0,4,60,2,0.01269,0.01269,0.01269,0.00000,0.00000
119.771,0,119752.000,84140,96000,1999.083,120.0,4,60,2,0.01264,0.01264,0.01264,0.00000,0.00000
119.771,1,119752.000,84140,96000,1999.083,120.0,4,60,2,0.01264,0.01264,0.01264,0.00000,0.00000
119.771,2,119752.000,84140,96000,1999.083,120.0,4,60,2,0.01264,0.01264,0.01264,0.00000,0.00000
119.876,0,119857.000,89151,96000,1999.688,120.0,4,60,2,0.01266,0.01266,0.01266,0.00000,0.00000
119.876,1,119857.000,89151,96000,1999.688,120.0,4,60,2,0.01266,0.01266,0.01266,0.00000,0.00000
119.876,2,119857.000,89151,96000,1999.688,120.0,4,60,2,0.01266,0.01266,0.01266,0.00000,0.00000
119.978,0,119959.000,94061,96000,1999.396,120.0,4,60,2,0.01263,0.01263,0.01263,0.00000,0.00000
119.978,1,119959.000,94061,96000,1999.396,120.0,4,60,2,0.01263,0.01263,0.01263,0.00000,0.00000
119.978,2,119959.000,94061,96000,1999.396,120.0,4,60,2,0.01263,0.01263,0.01263,0.00000,0.00000
120.080,0,120061.000,2940,96000,1999.750,120.0,4,61,2,0.01266,0.01266,0.01266,0.00000,0.00000
120.080,1,120061.000,2940,96000,1999.750,120.0,4,61,2,0.01266,0.01266,0.01266,0.00000,0.00000
120.080,2,120061.000,2940,96000,1999.750,120.0,4,61,2,0.01266,0.01266,0.01266,0.00000,0.00000
120.182,0,120163.000,7846,96000,1999.542,120.0,4,61,2,0.01258,0.01258,0.01258,0.00000,0.00000
120.182,1,120163.000,7846,96000,1999.542,120.0,4,61,2,0.01258,0.01258,0.01258,0.00000,0.00000
120.182,2,120163.000,7846,96000,1999.542,120.0,4,61,2,0.01258,0.01258,0.01258,0.00000,0.00000
120.283,0,120264.000,12694,96000,1999.542,120.0,4,61,2,0.01260,0.01260,0.01260,0.00000,0.00000
120.283,1,120264.000,12694,96000,1999.542,120.0,4,61,2,0.01260,0.01260,0.01260,0.00000,0.00000
120.283,2,120264.000,12694,96000,1999.542,120.0,4,61,2,0.01260,0.01260,0.01260,0.00000,0.00000
120.383,0,120364.000,17499,96000,1999.438,120.0,4,61,2,0.01264,0.01264,0.01264,0.00000,0.00000
120.383,1,120364.000,17499,96000,1999.438,120.0,4,61,2,0.01264,0.01264,0.01264,0.00000,0.00000
120.383,2,120364.000,17499,96000,1999.438,120.0,4,61,2,0.01264,0.01264,0.01264,0.00000,0.00000
120.484,0,120465.000,22359,96000,1999.188,120.0,4,61,2,0.01269,0.01269,0.01269,0.00000,0.00000
120.484,1,120465.000,22359,96000,1999.188,120.0,4,61,2,0.01269,0.01269,0.01269,0.00000,0.00000
120.484,2,120465.000,22359,96000,1999.188,120.0,4,61,2,0.01269,0.01269,0.01269,0.00000,0.00000
120.588,0,120569.000,27322,96000,1999.792,120.0,4,61,2,0.01269,0.01269,0.01269,0.00000,0.00000
120.588,1,120569.000,27322,96000,1999.792,120.0,4,61,2,0.01269,0.01269,0.01269,0.00000,0.00000
120.588,2,120569.000,27322,96000,1999.792,120.0,4,61,2,0.01269,0.01269,0.01269,0.00000,0.00000
120.688,0,120670.000,32161,96000,1999.979,120.0,4,61,2,0.01263,0.01263,0.01263,0.00000,0.00000
120.688,1,120670.000,32161,96000,1999.979,120.0,4,61,2,0.01263,0.01263,0.01263,0.00000,0.00000
120.688,2,120670.000,32161,96000,1999.979,120.0,4,61,2,0.01263,0.01263,0.01263,0.00000,0.00000
120.789,0,120770.000,36984,96000,1999.500,120.0,4,61,2,0.01266,0.01266,0.01266,0.00000,0.00000
120.789,1,120770.000,36984,96000,1999.500,120.0,4,61,2,0.01266,0.01266,0.01266,0.00000,0.00000
120.789,2,120770.000,36984,96000,1999.500,120.0,4,61,2,0.01266,0.01266,0.01266,0.00000,0.00000
120.894,0,120875.000,42010,96000,1999.792,120.0,4,61,2,0.01264,0.01264,0.01264,0.00000,0.00000
120.894,1,120875.000,42010,96000,1999.792,120.0,4,61,2,0.01264,0.01264,0.01264,0.00000,0.00000
120.894,2,120875.000,42010,96000,1999.792,120.0,4,61,2,0.01264,0.01264,0.01264,0.00000,0.00000
120.994,0,120975.000,46810,96000,1999.792,120.0,4,61,2,0.01270,0.01268,0.01270,0.00000,0.00000
120.994,1,120975.000,46810,96000,1999.792,120.0,4,61,2,0.01268,0.01268,0.01268,0.00000,0.00000
120.994,2,120975.000,46810,96000,1999.792,120.0,4,61,2,0.01270,0.01268,0.01270,0.00000,0.00000
121.096,0,121077.000,51735,96000,1999.188,120.0,4,61,2,0.10114,0.10092,0.10114,0.00000,0.00000
121.096,1,121077.000,51735,96000,1999.188,120.0,4,61,2,0.10092,0.10092,0.10034,0.00000,0.00000
121.096,2,121077.000,51735,96000,1999.188,120.0,4,61,2,0.10114,0.10034,0.10114,0.00000,0.00000
121.199,0,121180.000,56684,96000,1999.083,120.0,4,61,2,0.06587,0.06573,0.06587,0.00000,0.00000
121.199,1,121180.000,56684,96000,1999.083,120.0,4,61,2,0.06573,0.06573,0.06535,0.00000,0.00000
121.199,2,121180.000,56684,96000,1999.083,120.0,4,61,2,0.06587,0.06535,0.06587,0.00000,0.00000
121.301,0,121282.000,61583,96000,1999.021,120.0,4,61,2,0.04309,0.04299,0.04309,0.00000,0.00000
121.301,1,121282.000,61583,96000,1999.021,120.0,4,61,2,0.04299,0.04299,0.04275,0.00000,0.00000
121.301,2,121282.000,61583,96000,1999.021,120.0,4,61,2,0.04309,0.04275,0.04309,0.00000,0.00000
121.402,0,121383.000,66427,96000,1999.104,120.0,4,61,2,0.02832,0.02826,0.02832,0.00000,0.00000
121.402,1,121383.000,66427,96000,1999.104,120.0,4,61,2,0.02826,0.02826,0.02810,0.00000,0.00000
121.402,2,121383.000,66427,96000,1999.104,120.0,4,61,2,0.02832,0.02810,0.02832,0.00000,0.00000
121.505,0,121486.000,71341,96000,1999.729,120.0,4,61,2,0.01850,0.01846,0.01850,0.00000,0.00000
121.505,1,121486.000,71341,96000,1999.729,120.0,4,61,2,0.01846,0.01846,0.01835,0.00000,0.00000
121.505,2,121486.000,71341,96000,1999.729,120.0,4,61,2,0.01850,0.01835,0.01850,0.00000,0.00000
121.606,0,121587.000,76208,96000,1999.333,120.0,4,61,2,0.01269,0.01269,0.01269,0.00000,0.00000
121.606,1,121587.000,76208,96000,1999.333,120.0,4,61,2,0.01269,0.01269,0.01269,0.00000,0.00000
121.606,2,121587.000,76208,96000,1999.333,120.0,4,61,2,0.01269,0.01269,0.01269,0.00000,0.00000
121.708,0,121689.000,81089,96000,1999.646,120.0,4,61,2,0.01265,0.01265,0.01265,0.00000,0.00000
121.708,1,121689.000,81089,96000,1999.646,120.0,4,61,2,0.01265,0.01265,0.01265,0.00000,0.00000
121.708,2,121689.000,81089,96000,1999.646,120.0,4,61,2,0.01265,0.01265,0.01265,0.00000,0.00000
121.808,0,121789.000,85889,96000,1999.646,120.0,4,61,2,0.01266,0.01266,0.01266,0.00000,0.00000
121.808,1,121789.000,85889,96000,1999.646,120.0,4,61,2,0.01266,0.01266,0.01266,0.00000,0.00000
121.808,2,121789.000,85889,96000,1999.646,120.0,4,61,2,0.01266,0.01266,0.01266,0.00000,0.00000
121.909,0,121890.000,90745,96000,1999.479,120.0,4,61,2,0.01258,0.01258,0.01258,0.00000,0.00000
121.909,1,121890.000,90745,96000,1999.479,120.0,4,61,2,0.01258,0.01258,0.01258,0.00000,0.00000
121.909,2,121890.000,90745,96000,1999.479,120.0,4,61,2,0.01258,0.01258,0.01258,0.00000,0.00000
122.009,0,121991.000,95576,96000,1999.833,120.0,4,61,2,0.01268,0.01268,0.01268,0.00000,0.00000
122.009,1,121991.000,95576,96000,1999.833,120.0,4,61,2,0.01268,0.01268,0.01268,0.00000,0.00000
122.009,2,121991.000,95576,96000,1999.833,120.0,4,61,2,0.01268,0.01268,0.01268,0.00000,0.00000
122.110,0,122091.000,4415,96000,1999.021,120.0,4,62,2,0.01265,0.01265,0.01265,0.00000,0.00000
122.110,1,122091.000,4415,96000,1999.021,120.0,4,62,2,0.01265,0.01265,0.01265,0.00000,0.00000
122.110,2,122091.000,4415,96000,1999.021,120.0,4,62,2,0.01265,0.01265,0.01265,0.00000,0.00000
122.215,0,122196.000,9421,96000,1999.729,120.0,4,62,2,0.01261,0.01261,0.01261,0.00000,0.00000
122.215,1,122196.000,9421,96000,1999.729,120.0,4,62,2,0.01261,0.01261,0.01261,0.00000,0.00000
122.215,2,122196.000,9421,96000,1999.729,120.0,4,62,2,0.01261,0.01261,0.01261,0.00000,0.00000
122.317,0,122299.000,14356,96000,1999.917,120.0,4,62,2,0.01264,0.01264,0.01264,0.00000,0.00000
122.317,1,122299.000,14356,96000,1999.917,120.0,4,62,2,0.01264,0.01264,0.01264,0.00000,0.00000
122.317,2,122299.000,14356,96000,1999.917,120.0,4,62,2,0.01264,0.01264,0.01264,0.00000,0.00000
122.419,0,122400.000,19238,96000,1999.208,120.0,4,62,2,0.01269,0.01269,0.01269,0.00000,0.00000
122.419,1,122400.000,19238,96000,1999.208,120.0,4,62,2,0.01269,0.01269,0.01269,0.00000,0.00000
122.419,2,122400.000,19238,96000,1999.208,120.0,4,62,2,0.01269,0.01269,0.01269,0.00000,0.00000
122.522,0,122503.000,24187,96000,1999.104,120.0,4,62,2,0.01269,0.01269,0.01269,0.00000,0.00000
122.522,1,122503.000,24187,96000,1999.104,120.0,4,62,2,0.01269,0.01269,0.01269,0.00000,0.00000
122.522,2,122503.000,24187,96000,1999.104,120.0,4,62,2,0.01269,0.01269,0.01269,0.00000,0.00000
122.622,0,122603.000,28989,96000,1999.062,120.0,4,62,2,0.01265,0.01265,0.01265,0.00000,0.00000
122.622,1,122603.000,28989,96000,1999.062,120.0,4,62,2,0.01265,0.01265,0.01265,0.00000,0.00000
122.622,2,122603.000,28989,96000,1999.062,120.0,4,62,2,0.01265,0.01265,0.01265,0.00000,0.00000
122.724,0,122705.000,33879,96000,1999.188,120.0,4,62,2,0.01266,0.01266,0.01266,0.00000,0.00000
122.724,1,122705.000,33879,96000,1999.188,120.0,4,62,2,0.01266,0.01266,0.01266,0.00000,0.00000
122.724,2,122705.000,33879,96000,1999.188,120.0,4,62,2,0.01266,0.01266,0.01266,0.00000,0.00000
122.826,0,122807.000,38754,96000,1999.625,120.0,4,62,2,0.01263,0.01263,0.01263,0.00000,0.00000
122.826,1,122807.000,38754,96000,1999.625,120.0,4,62,2,0.01263,0.01263,0.01263,0.00000,0.00000
122.826,2,122807.000,38754,96000,1999.625,120.0,4,62,2,0.01263,0.01263,0.01263,0.00000,0.00000
122.928,0,122909.000,43676,96000,1999.083,120.0,4,62,2,0.01268,0.01268,0.01268,0.00000,0.00000
122.928,1,122909.000,43676,96000,1999.083,120.0,4,62,2,0.01268,0.01268,0.01268,0.00000,0.00000
122.928,2,122909.000,43676,96000,1999.083,120.0,4,62,2,0.01268,0.01268,0.01268,0.00000,0.00000
123.032,0,123014.000,48677,96000,1999.896,120.0,4,62,2,0.01269,0.01269,0.01269,0.00000,0.00000
123.032,1,123014.000,48677,96000,1999.896,120.0,4,62,2,0.01269,0.01269,0.01269,0.00000,0.00000
123.032,2,123014.000,48677,96000,1999.896,120.0,4,62,2,0.01269,0.01269,0.01269,0.00000,0.00000
123.134,0,123115.000,53542,96000,1999.542,120.0,4,62,2,0.01265,0.01265,0.01265,0.00000,0.00000
123.134,1,123115.000,53542,96000,1999.542,120.0,4,62,2,0.01265,0.01265,0.01265,0.00000,0.00000
123.134,2,123115.000,53542,96000,1999.542,120.0,4,62,2,0.01265,0.01265,0.01265,0.00000,0.00000
123.235,0,123216.000,58404,96000,1999.250,120.0,4,62,2,0.01266,0.01266,0.01266,0.00000,0.00000
123.235,1,123216.000,58404,96000,1999.250,120.0,4,62,2,0.01266,0.01266,0.01266,0.00000,0.00000
123.235,2,123216.000,58404,96000,1999.250,120.0,4,62,2,0.01266,0.01266,0.01266,0.00000,0.00000
123.337,0,123319.000,63315,96000,1999.938,120.0,4,62,2,0.01263,0.01263,0.01263,0.00000,0.00000
123.337,1,123319.000,63315,96000,1999.938,120.0,4,62,2,0.01263,0.01263,0.01263,0.00000,0.00000
123.337,2,123319.000,63315,96000,1999.938,120.0,4,62,2,0.01263,0.01263,0.01263,0.00000,0.00000
123.439,0,123420.000,68174,96000,1999.708,120.0,4,62,2,0.01254,0.01254,0.01254,0.00000,0.00000
123.439,1,123420.000,68174,96000,1999.708,120.0,4,62,2,0.01254,0.01254,0.01254,0.00000,0.00000
123.439,2,123420.000,68174,96000,1999.708,120.0,4,62,2,0.01254,0.01254,0.01254,0.00000,0.00000
123.540,0,123521.000,73043,96000,1999.271,120.0,4,62,2,0.01269,0.01269,0.01269,0.00000,0.00000
123.540,1,123521.000,73043,96000,1999.271,120.0,4,62,2,0.01269,0.01269,0.01269,0.00000,0.00000
123.540,2,123521.000,73043,96000,1999.271,120.0,4,62,2,0.01269,0.01269,0.01269,0.00000,0.00000
123.643,0,123624.000,77991,96000,1999.188,120.0,4,62,2,0.01264,0.01264,0.01264,0.00000,0.00000
123.643,1,123624.000,77991,96000,1999.188,120.0,4,62,2,0.01264,0.01264,0.01264,0.00000,0.00000
123.643,2,123624.000,77991,96000,1999.188,120.0,4,62,2,0.01264,0.01264,0.01264,0.00000,0.00000
123.745,0,123727.000,82898,96000,1999.958,120.0,4,62,2,0.01266,0.01266,0.01266,0.00000,0.00000
123.745,1,123727.000,82898,96000,1999.958,120.0,4,62,2,0.01266,0.01266,0.01266,0.00000,0.00000
123.745,2,123727.000,82898,96000,1999.958,120.0,4,62,2,0.01266,0.01266,0.01266,0.00000,0.00000
123.847,0,123828.000,87753,96000,1999.812,120.0,4,62,2,0.01258,0.01258,0.01258,0.00000,0.00000
123.847,1,123828.000,87753,96000,1999.812,120.0,4,62,2,0.01258,0.01258,0.01258,0.00000,0.00000
123.847,2,123828.000,87753,96000,1999.812,120.0,4,62,2,0.01258,0.01258,0.01258,0.00000,0.00000
123.949,0,123931.000,92692,96000,1999.917,120.0,4,62,2,0.01254,0.01254,0.01254,0.00000,0.00000
123.949,1,123931.000,92692,96000,1999.917,120.0,4,62,2,0.01254,0.01254,0.01254,0.00000,0.00000
123.949,2,123931.000,92692,96000,1999.917,120.0,4,62,2,0.01254,0.01254,0.01254,0.00000,0.00000
124.060,0,124041.000,2000,96000,1999.333,120.0,4,63,2,0.01264,0.01264,0.01264,0.00000,0.00000
124.060,1,124041.000,2000,96000,1999.333,120.0,4,63,2,0.01264,0.01264,0.01264,0.00000,0.00000
124.060,2,124041.000,2000,96000,1999.333,120.0,4,63,2,0.01264,0.01264,0.01054,0.00000,0.00000
124.163,0,124144.000,6951,96000,1999.188,120.0,4,63,2,0.01269,0.01269,0.01269,0.00000,0.00000
124.163,1,124144.000,6951,96000,1999.188,120.0,4,63,2,0.01269,0.01269,0.01269,0.00000,0.00000
124.163,2,124144.000,6951,96000,1999.188,120.0,4,63,2,0.01269,0.01269,0.00686,0.00000,0.00000
124.263,0,124245.000,11764,96000,1999.917,120.0,4,63,2,0.01269,0.01269,0.01269,0.00000,0.00000
124.263,1,124245.000,11764,96000,1999.917,120.0,4,63,2,0.01269,0.01269,0.01269,0.00000,0.00000
124.263,2,124245.000,11764,96000,1999.917,120.0,4,63,2,0.01269,0.01269,0.00452,0.00000,0.00000
124.366,0,124348.000,16709,96000,1999.896,120.0,4,63,2,0.01265,0.01265,0.01265,0.00000,0.00000
124.366,1,124348.000,16709,96000,1999.896,120.0,4,63,2,0.01265,0.01265,0.01265,0.00000,0.00000
124.366,2,124348.000,16709,96000,1999.896,120.0,4,63,2,0.01265,0.01265,0.00295,0.00000,0.00000
124.468,0,124449.000,21562,96000,1999.792,120.0,4,63,2,0.01266,0.01266,0.01266,0.00000,0.00000
124.468,1,124449.000,21562,96000,1999.792,120.0,4,63,2,0.01266,0.01266,0.01266,0.00000,0.00000
124.468,2,124449.000,21562,96000,1999.792,120.0,4,63,2,0.01266,0.01266,0.00193,0.00000,0.00000
124.572,0,124553.000,26564,96000,1999.583,120.0,4,63,2,0.01264,0.01264,0.01264,0.00000,0.00000
124.572,1,124553.000,26564,96000,1999.583,120.0,4,63,2,0.01264,0.01264,0.01264,0.00000,0.00000
124.572,2,124553.000,26564,96000,1999.583,120.0,4,63,2,0.01264,0.01264,0.00125,0.00000,0.00000
124.673,0,124654.000,31423,96000,1999.354,120.0,4,63,2,0.01268,0.01268,0.01268,0.00000,0.00000
124.673,1,124654.000,31423,96000,1999.354,120.0,4,63,2,0.01268,0.01268,0.01268,0.00000,0.00000
124.673,2,124654.000,31423,96000,1999.354,120.0,4,63,2,0.01268,0.01268,0.00082,0.00000,0.00000
124.777,0,124758.000,36429,96000,1999.062,120.0,4,63,2,0.01269,0.01269,0.01269,0.00000,0.00000
124.777,1,124758.000,36429,96000,1999.062,120.0,4,63,2,0.01269,0.01269,0.01269,0.00000,0.00000
124.777,2,124758.000,36429,96000,1999.062,120.0,4,63,2,0.01269,0.01269,0.00053,0.00000,0.00000
124.879,0,124860.000,41305,96000,1999.479,120.0,4,63,2,0.01265,0.01265,0.01265,0.00000,0.00000
124.879,1,124860.000,41305,96000,1999.479,120.0,4,63,2,0.01265,0.01265,0.01265,0.00000,0.00000
124.879,2,124860.000,41305,96000,1999.479,120.0,4,63,2,0.01265,0.01265,0.00035,0.00000,0.00000
124.981,0,124962.000,46194,96000,1999.625,120.0,4,63,2,0.01266,0.01266,0.01266,0.00000,0.00000
124.981,1,124962.000,46194,96000,1999.625,120.0,4,63,2,0.01266,0.01266,0.01266,0.00000,0.00000
124.981,2,124962.000,46194,96000,1999.625,120.0,4,63,2,0.01266,0.01266,0.00023,0.00000,0.00000
125.082,0,125064.000,51073,96000,1999.979,120.0,4,63,2,0.01263,0.01263,0.01263,0.00000,0.00000
125.082,1,125064.000,51073,96000,1999.979,120.0,4,63,2,0.01263,0.01263,0.01263,0.00000,0.00000
125.082,2,125064.000,51073,96000,1999.979,120.0,4,63,2,0.01263,0.01263,0.00015,0.00000,0.00000
125.184,0,125165.000,55965,96000,1999.062,120.0,4,63,2,0.01268,0.01268,0.01268,0.00000,0.00000
125.184,1,125165.000,55965,96000,1999.062,120.0,4,63,2,0.01268,0.01268,0.01268,0.00000,0.00000
125.184,2,125165.000,55965,96000,1999.062,120.0,4,63,2,0.01268,0.01268,0.00010,0.00000,0.00000
125.287,0,125268.000,60880,96000,1999.667,120.0,4,63,2,0.01269,0.01269,0.01269,0.00000,0.00000
125.287,1,125268.000,60880,96000,1999.667,120.0,4,63,2,0.01269,0.01269,0.01269,0.00000,0.00000
125.287,2,125268.000,60880,96000,1999.667,120.0,4,63,2,0.01269,0.01269,0.00006,0.00000,0.00000
125.389,0,125370.000,65805,96000,1999.062,120.0,4,63,2,0.01265,0.01265,0.01265,0.00000,0.00000
125.389,1,125370.000,65805,96000,1999.062,120.0,4,63,2,0.01265,0.01265,0.01265,0.00000,0.00000
125.389,2,125370.000,65805,96000,1999.062,120.0,4,63,2,0.01265,0.01265,0.00004,0.00000,0.00000
125.493,0,125474.000,70793,96000,1999.146,120.0,4,63,2,0.01266,0.01266,0.01266,0.00000,0.00000
125.493,1,125474.000,70793,96000,1999.146,120.0,4,63,2,0.01266,0.01266,0.01266,0.00000,0.00000
125.493,2,125474.000,70793,96000,1999.146,120.0,4,63,2,0.01266,0.01266,0.00003,0.00000,0.00000
125.597,0,125578.000,75775,96000,1999.354,120.0,4,63,2,0.01264,0.01264,0.01264,0.00000,0.00000
125.597,1,125578.000,75775,96000,1999.354,120.0,4,63,2,0.01264,0.01264,0.01264,0.00000,0.00000
125.597,2,125578.000,75775,96000,1999.354,120.0,4,63,2,0.01264,0.01264,0.00002,0.00000,0.00000
125.699,0,125680.000,80672,96000,1999.333,120.0,4,63,2,0.01269,0.01269,0.01269,0.00000,0.00000
125.699,1,125680.000,80672,96000,1999.333,120.0,4,63,2,0.01269,0.01269,0.01269,0.00000,0.00000
125.699,2,125680.000,80672,96000,1999.333,120.0,4,63,2,0.01269,0.01269,0.00001,0.00000,0.00000
125.801,0,125782.000,85553,96000,1999.646,120.0,4,63,2,0.01269,0.01269,0.01269,0.00000,0.00000
125.801,1,125782.000,85553,96000,1999.646,120.0,4,63,2,0.01269,0.01269,0.01269,0.00000,0.00000
125.801,2,125782.000,85553,96000,1999.646,120.0,4,63,2,0.01269,0.01269,0.00001,0.00000,0.00000
125.901,0,125883.000,90393,96000,1999.812,120.0,4,63,2,0.01265,0.01265,0.01265,0.00000,0.00000
125.901,1,125883.000,90393,96000,1999.812,120.0,4,63,2,0.01265,0.01265,0.01265,0.00000,0.00000
125.901,2,125883.000,90393,96000,1999.812,120.0,4,63,2,0.01265,0.01265,0.00000,0.00000,0.00000
126.004,0,125986.000,95332,96000,1999.917,120.0,4,63,2,0.01266,0.01266,0.01266,0.00000,0.00000
126.004,1,125986.000,95332,96000,1999.917,120.0,4,63,2,0.01266,0.01266,0.01266,0.00000,0.00000
126.004,2,125986.000,95332,96000,1999.917,120.0,4,63,2,0.01266,0.01266,0.00000,0.00000,0.00000
126.105,0,126086.000,4160,96000,1999.333,120.0,4,64,2,0.01264,0.01264,0.01264,0.00000,0.00000
126.105,1,126086.000,4160,96000,1999.333,120.0,4,64,2,0.01264,0.01264,0.01264,0.00000,0.00000
126.105,2,126086.000,4160,96000,1999.333,120.0,4,64,2,0.01264,0.01264,0.01264,0.00000,0.00000
126.207,0,126188.000,9064,96000,1999.167,120.0,4,64,2,0.01261,0.01261,0.01261,0.00000,0.00000
126.207,1,126188.000,9064,96000,1999.167,120.0,4,64,2,0.01261,0.01261,0.01261,0.00000,0.00000
126.207,2,126188.000,9064,96000,1999.167,120.0,4,64,2,0.01261,0.01261,0.01261,0.00000,0.00000
126.307,0,126288.000,13865,96000,1999.146,120.0,4,64,2,0.01259,0.01259,0.01259,0.00000,0.00000
126.307,1,126288.000,13865,96000,1999.146,120.0,4,64,2,0.01259,0.01259,0.01259,0.00000,0.00000
126.307,2,126288.000,13865,96000,1999.146,120.0,4,64,2,0.01259,0.01259,0.01259,0.00000,0.00000
126.407,0,126388.000,18671,96000,1999.021,120.0,4,64,2,0.01259,0.01259,0.01259,0.00000,0.00000
126.407,1,126388.000,18671,96000,1999.021,120.0,4,64,2,0.01259,0.01259,0.01259,0.00000,0.00000
126.407,2,126388.000,18671,96000,1999.021,120.0,4,64,2,0.01259,0.01259,0.01259,0.00000,0.00000
126.509,0,126491.000,23569,96000,1999.979,120.0,4,64,2,0.01264,0.01264,0.01264,0.00000,0.00000
126.509,1,126491.000,23569,96000,1999.979,120.0,4,64,2,0.01264,0.01264,0.01264,0.00000,0.00000
126.509,2,126491.000,23569,96000,1999.979,120.0,4,64,2,0.01264,0.01264,0.01264,0.00000,0.00000
126.611,0,126593.000,28470,96000,1999.875,120.0,4,64,2,0.01269,0.01269,0.01269,0.00000,0.00000
126.611,1,126593.000,28470,96000,1999.875,120.0,4,64,2,0.01269,0.01269,0.01269,0.00000,0.00000
126.611,2,126593.000,28470,96000,1999.875,120.0,4,64,2,0.01269,0.01269,0.01269,0.00000,0.00000
126.714,0,126695.000,33370,96000,1999.792,120.0,4,64,2,0.01269,0.01269,0.01269,0.00000,0.00000
126.714,1,126695.000,33370,96000,1999.792,120.0,4,64,2,0.01269,0.01269,0.01269,0.00000,0.00000
126.714,2,126695.000,33370,96000,1999.792,120.0,4,64,2,0.01269,0.01269,0.01269,0.00000,0.00000
126.815,0,126797.000,38265,96000,1999.812,120.0,4,64,2,0.01263,0.01263,0.01263,0.00000,0.00000
126.815,1,126797.000,38265,96000,1999.812,120.0,4,64,2,0.01263,0.01263,0.01263,0.00000,0.00000
126.815,2,126797.000,38265,96000,1999.812,120.0,4,64,2,0.01263,0.01263,0.01263,0.00000,0.00000
126.916,0,126897.000,43081,96000,1999.479,120.0,4,64,2,0.01266,0.01266,0.01266,0.00000,0.00000
126.916,1,126897.000,43081,96000,1999.479,120.0,4,64,2,0.01266,0.01266,0.01266,0.00000,0.00000
126.916,2,126897.000,43081,96000,1999.479,120.0,4,64,2,0.01266,0.01266,0.01266,0.00000,0.00000
127.018,0,127000.000,48005,96000,1999.896,120.0,4,64,2,0.01263,0.01263,0.01263,0.00000,0.00000
127.018,1,127000.000,48005,96000,1999.896,120.0,4,64,2,0.01263,0.01263,0.01263,0.00000,0.00000
127.018,2,127000.000,48005,96000,1999.896,120.0,4,64,2,0.01263,0.01263,0.01263,0.00000,0.00000
127.120,0,127101.000,52869,96000,1999.562,120.0,4,64,2,0.01268,0.01268,0.01268,0.00000,0.00000
127.120,1,127101.000,52869,96000,1999.562,120.0,4,64,2,0.01268,0.01268,0.01268,0.00000,0.00000
127.120,2,127101.000,52869,96000,1999.562,120.0,4,64,2,0.01268,0.01268,0.01268,0.00000,0.00000
127.220,0,127202.000,57696,96000,0.000,120.0,4,64,2,0.01269,0.01269,0.01269,0.00000,0.00000
127.220,1,127202.000,57696,96000,0.000,120.0,4,64,2,0.01269,0.01269,0.01269,0.00000,0.00000
127.220,2,127202.000,57696,96000,0.000,120.0,4,64,2,0.01269,0.01269,0.01269,0.00000,0.00000
127.322,0,127303.000,62560,96000,1999.667,120.0,4,64,2,0.01264,0.01264,0.01264,0.00000,0.00000
127.322,1,127303.000,62560,96000,1999.667,120.0,4,64,2,0.01264,0.01264,0.01264,0.00000,0.00000
127.322,2,127303.000,62560,96000,1999.667,120.0,4,64,2,0.01264,0.01264,0.01264,0.00000,0.00000
127.424,0,127405.000,67486,96000,1999.042,120.0,4,64,2,0.01266,0.01266,0.01266,0.00000,0.00000
127.424,1,127405.000,67486,96000,1999.042,120.0,4,64,2,0.01266,0.01266,0.01266,0.00000,0.00000
127.424,2,127405.000,67486,96000,1999.042,120.0,4,64,2,0.01266,0.01266,0.01266,0.00000,0.00000
127.526,0,127507.000,72380,96000,1999.083,120.0,4,64,2,0.04098,0.04098,0.03947,0.00000,0.00000
127.526,1,127507.000,72380,96000,1999.083,120.0,4,64,2,0.04098,0.04098,0.03577,0.00000,0.00000
127.526,2,127507.000,72380,96000,1999.083,120.0,4,64,2,0.03947,0.03577,0.03947,0.00000,0.00000
127.629,0,127610.000,77313,96000,1999.312,120.0,4,64,2,0.08740,0.08740,0.08703,0.00000,0.00000
127.629,1,127610.000,77313,96000,1999.312,120.0,4,64,2,0.08765,0.08740,0.08765,0.00000,0.00000
127.629,2,127610.000,77313,96000,1999.312,120.0,4,64,2,0.08765,0.08765,0.08703,0.00000,0.00000
127.732,0,127713.000,82264,96000,1999.167,120.0,4,64,2,0.05691,0.05691,0.05667,0.00000,0.00000
127.732,1,127713.000,82264,96000,1999.167,120.0,4,64,2,0.05708,0.05691,0.05708,0.00000,0.00000
127.732,2,127713.000,82264,96000,1999.167,120.0,4,64,2,0.05708,0.05708,0.05667,0.00000,0.00000
127.834,0,127815.000,87131,96000,1999.771,120.0,4,64,2,0.03733,0.03733,0.03717,0.00000,0.00000
127.834,1,127815.000,87131,96000,1999.771,120.0,4,64,2,0.03744,0.03733,0.03744,0.00000,0.00000
127.834,2,127815.000,87131,96000,1999.771,120.0,4,64,2,0.03744,0.03744,0.03717,0.00000,0.00000
127.935,0,127916.000,92000,96000,1999.333,120.0,4,64,2,0.02448,0.02448,0.02438,0.00000,0.00000
127.935,1,127916.000,92000,96000,1999.333,120.0,4,64,2,0.02455,0.02448,0.02455,0.00000,0.00000
127.935,2,127916.000,92000,96000,1999.333,120.0,4,64,2,0.02455,0.02455,0.02438,0.00000,0.00000
128.048,0,128029.000,1420,96000,1999.417,120.0,4,65,2,0.01531,0.01531,0.01524,0.00000,0.00000
128.048,1,128029.000,1420,96000,1999.417,120.0,4,65,2,0.01535,0.01531,0.01535,0.00000,0.00000
128.048,2,128029.000,1420,96000,1999.417,120.0,4,65,2,0.01535,0.01535,0.01524,0.00000,0.00000
128.151,0,128132.000,6383,96000,1999.021,120.0,4,65,2,0.01259,0.01259,0.01259,0.00000,0.00000
128.151,1,128132.000,6383,96000,1999.021,120.0,4,65,2,0.01259,0.01259,0.01259,0.00000,0.00000
128.151,2,128132.000,6383,96000,1999.021,120.0,4,65,2,0.01259,0.00999,0.01259,0.00000,0.00000
128.255,0,128236.000,11362,96000,1999.292,120.0,4,65,2,0.01264,0.01264,0.01264,0.00000,0.00000
128.255,1,128236.000,11362,96000,1999.292,120.0,4,65,2,0.01264,0.01264,0.01264,0.00000,0.00000
128.255,2,128236.000,11362,96000,1999.292,120.0,4,65,2,0.01264,0.00649,0.01264,0.00000,0.00000
128.355,0,128336.000,16168,96000,1999.167,120.0,4,65,2,0.01269,0.01269,0.01269,0.00000,0.00000
128.355,1,128336.000,16168,96000,1999.167,120.0,4,65,2,0.01269,0.01269,0.01269,0.00000,0.00000
128.355,2,128336.000,16168,96000,1999.167,120.0,4,65,2,0.01269,0.00428,0.01269,0.00000,0.00000
128.458,0,128439.000,21093,96000,1999.562,120.0,4,65,2,0.01269,0.01269,0.01269,0.00000,0.00000
128.458,1,128439.000,21093,96000,1999.562,120.0,4,65,2,0.01269,0.01269,0.01269,0.00000,0.00000
128.458,2,128439.000,21093,96000,1999.562,120.0,4,65,2,0.01269,0.00279,0.01269,0.00000,0.00000
128.558,0,128539.000,25901,96000,1999.396,120.0,4,65,2,0.01265,0.01265,0.01265,0.00000,0.00000
128.558,1,128539.000,25901,96000,1999.396,120.0,4,65,2,0.01265,0.01265,0.01265,0.00000,0.00000
128.558,2,128539.000,25901,96000,1999.396,120.0,4,65,2,0.01265,0.00184,0.01265,0.00000,0.00000
128.658,0,128639.000,30703,96000,1999.354,120.0,4,65,2,0.01266,0.01266,0.01266,0.00000,0.00000
128.658,1,128639.000,30703,96000,1999.354,120.0,4,65,2,0.01266,0.01266,0.01266,0.00000,0.00000
128.658,2,128639.000,30703,96000,1999.354,120.0,4,65,2,0.01266,0.00121,0.01266,0.00000,0.00000
128.758,0,128740.000,35520,96000,0.000,120.0,4,65,2,0.01258,0.01258,0.01258,0.00000,0.00000
128.758,1,128740.000,35520,96000,0.000,120.0,4,65,2,0.01258,0.01258,0.01258,0.00000,0.00000
128.758,2,128740.000,35520,96000,0.000,120.0,4,65,2,0.01258,0.00080,0.01258,0.00000,0.00000
128.859,0,128840.000,40363,96000,1999.104,120.0,4,65,2,0.01260,0.01260,0.01260,0.00000,0.00000
128.859,1,128840.000,40363,96000,1999.104,120.0,4,65,2,0.01260,0.01260,0.01260,0.00000,0.00000
128.859,2,128840.000,40363,96000,1999.104,120.0,4,65,2,0.01260,0.00053,0.01260,0.00000,0.00000
128.963,0,128944.000,45340,96000,1999.417,120.0,4,65,2,0.01269,0.01269,0.01269,0.00000,0.00000
128.963,1,128944.000,45340,96000,1999.417,120.0,4,65,2,0.01269,0.01269,0.01269,0.00000,0.00000
128.963,2,128944.000,45340,96000,1999.417,120.0,4,65,2,0.01269,0.00034,0.01269,0.00000,0.00000
129.067,0,129049.000,50353,96000,1999.979,120.0,4,65,2,0.01265,0.01265,0.01265,0.00000,0.00000
129.067,1,129049.000,50353,96000,1999.979,120.0,4,65,2,0.01265,0.01265,0.01265,0.00000,0.00000
129.067,2,129049.000,50353,96000,1999.979,120.0,4,65,2,0.01265,0.00022,0.01265,0.00000,0.00000
129.171,0,129153.000,55346,96000,1999.958,120.0,4,65,2,0.01266,0.01266,0.01266,0.00000,0.00000
129.171,1,129153.000,55346,96000,1999.958,120.0,4,65,2,0.01266,0.01266,0.01266,0.00000,0.00000
129.171,2,129153.000,55346,96000,1999.958,120.0,4,65,2,0.01266,0.00014,0.01266,0.00000,0.00000
129.274,0,129256.000,60295,96000,1999.854,120.0,4,65,2,0.01263,0.01263,0.01263,0.00000,0.00000
129.274,1,129256.000,60295,96000,1999.854,120.0,4,65,2,0.01263,0.01263,0.01263,0.00000,0.00000
129.274,2,129256.000,60295,96000,1999.854,120.0,4,65,2,0.01263,0.00009,0.01263,0.00000,0.00000
129.378,0,129359.000,65276,96000,1999.083,120.0,4,65,2,0.01269,0.01269,0.01269,0.00000,0.00000
129.378,1,129359.000,65276,96000,1999.083,120.0,4,65,2,0.01269,0.01269,0.01269,0.00000,0.00000
129.378,2,129359.000,65276,96000,1999.083,120.0,4,65,2,0.01269,0.00006,0.01269,0.00000,0.00000
129.481,0,129463.000,70229,96000,1999.896,120.0,4,65,2,0.01269,0.01269,0.01269,0.00000,0.00000
129.481,1,129463.000,70229,96000,1999.896,120.0,4,65,2,0.01269,0.01269,0.01269,0.00000,0.00000
129.481,2,129463.000,70229,96000,1999.896,120.0,4,65,2,0.01269,0.00004,0.01269,0.00000,0.00000
129.583,0,129565.000,75128,96000,1999.833,120.0,4,65,2,0.01263,0.01263,0.01263,0.00000,0.00000
129.583,1,129565.000,75128,96000,1999.833,120.0,4,65,2,0.01263,0.01263,0.01263,0.00000,0.00000
129.583,2,129565.000,75128,96000,1999.833,120.0,4,65,2,0.01263,0.00003,0.01263,0.00000,0.00000
129.687,0,129668.000,80086,96000,1999.542,120.0,4,65,2,0.01261,0.01261,0.01261,0.00000,0.00000
129.687,1,129668.000,80086,96000,1999.542,120.0,4,65,2,0.01261,0.01261,0.01261,0.00000,0.00000
129.687,2,129668.000,80086,96000,1999.542,120.0,4,65,2,0.01261,0.00002,0.01261,0.00000,0.00000
129.790,0,129771.000,85034,96000,1999.458,120.0,4,65,2,0.01264,0.01264,0.01264,0.00000,0.00000
129.790,1,129771.000,85034,96000,1999.458,120.0,4,65,2,0.01264,0.01264,0.01264,0.00000,0.00000
129.790,2,129771.000,85034,96000,1999.458,120.0,4,65,2,0.01264,0.00001,0.01264,0.00000,0.00000
129.891,0,129872.000,89889,96000,1999.312,120.0,4,65,2,0.01269,0.01269,0.01269,0.00000,0.00000
129.891,1,129872.000,89889,96000,1999.312,120.0,4,65,2,0.01269,0.01269,0.01269,0.00000,0.00000
129.891,2,129872.000,89889,96000,1999.312,120.0,4,65,2,0.01269,0.00001,0.01269,0.00000,0.00000
129.992,0,129973.000,94720,96000,1999.667,120.0,4,65,2,0.01269,0.01269,0.01269,0.00000,0.00000
129.992,1,129973.000,94720,96000,1999.667,120.0,4,65,2,0.01269,0.01269,0.01269,0.00000,0.00000
129.992,2,129973.000,94720,96000,1999.667,120.0,4,65,2,0.01269,0.00000,0.01269,0.00000,0.00000
130.094,0,130075.000,3613,96000,1999.729,120.0,4,66,2,0.01254,0.01254,0.01254,0.00000,0.00000
130.094,1,130075.000,3613,96000,1999.729,120.0,4,66,2,0.01254,0.01254,0.01254,0.00000,0.00000
130.094,2,130075.000,3613,96000,1999.729,120.0,4,66,2,0.01254,0.01254,0.01254,0.00000,0.00000
130.196,0,130177.000,8526,96000,1999.375,120.0,4,66,2,0.01269,0.01269,0.01269,0.00000,0.00000
130.196,1,130177.000,8526,96000,1999.375,120.0,4,66,2,0.01269,0.01269,0.01269,0.00000,0.00000
130.196,2,130177.000,8526,96000,1999.375,120.0,4,66,2,0.01269,0.01269,0.01269,0.00000,0.00000
130.299,0,130280.000,13460,96000,1999.583,120.0,4,66,2,0.01264,0.01264,0.01264,0.00000,0.00000
130.299,1,130280.000,13460,96000,1999.583,120.0,4,66,2,0.01264,0.01264,0.01264,0.00000,0.00000
130.299,2,130280.000,13460,96000,1999.583,120.0,4,66,2,0.01264,0.01264,0.01264,0.00000,0.00000
130.403,0,130384.000,18451,96000,1999.604,120.0,4,66,2,0.01266,0.01266,0.01266,0.00000,0.00000
130.403,1,130384.000,18451,96000,1999.604,120.0,4,66,2,0.01266,0.01266,0.01266,0.00000,0.00000
130.403,2,130384.000,18451,96000,1999.604,120.0,4,66,2,0.01266,0.01266,0.01266,0.00000,0.00000
130.506,0,130487.000,23408,96000,1999.333,120.0,4,66,2,0.01263,0.01263,0.01263,0.00000,0.00000
130.506,1,130487.000,23408,96000,1999.333,120.0,4,66,2,0.01263,0.01263,0.01263,0.00000,0.00000
130.506,2,130487.000,23408,96000,1999.333,120.0,4,66,2,0.01263,0.01263,0.01263,0.00000,0.00000
130.608,0,130589.000,28286,96000,1999.708,120.0,4,66,2,0.01268,0.01268,0.01268,0.00000,0.00000
130.608,1,130589.000,28286,96000,1999.708,120.0,4,66,2,0.01268,0.01268,0.01268,0.00000,0.00000
130.608,2,130589.000,28286,96000,1999.708,120.0,4,66,2,0.01268,0.01268,0.01268,0.00000,0.00000
130.711,0,130693.000,33264,96000,0.000,120.0,4,66,2,0.01268,0.01268,0.01268,0.00000,0.00000
130.711,1,130693.000,33264,96000,0.000,120.0,4,66,2,0.01268,0.01268,0.01268,0.00000,0.00000
130.711,2,130693.000,33264,96000,0.000,120.0,4,66,2,0.01268,0.01268,0.01268,0.00000,0.00000
130.813,0,130794.000,38152,96000,1999.167,120.0,4,66,2,0.01265,0.01265,0.01265,0.00000,0.00000
130.813,1,130794.000,38152,96000,1999.167,120.0,4,66,2,0.01265,0.01265,0.01265,0.00000,0.00000
130.813,2,130794.000,38152,96000,1999.167,120.0,4,66,2,0.01265,0.01265,0.01265,0.00000,0.00000
130.914,0,130895.000,42995,96000,1999.271,120.0,4,66,2,0.01266,0.01266,0.01266,0.00000,0.00000
130.914,1,130895.000,42995,96000,1999.271,120.0,4,66,2,0.01266,0.01266,0.01266,0.00000,0.00000
130.914,2,130895.000,42995,96000,1999.271,120.0,4,66,2,0.01266,0.01266,0.01266,0.00000,0.00000
131.015,0,130996.000,47840,96000,1999.333,120.0,4,66,2,0.01258,0.01258,0.01258,0.00000,0.00000
131.015,1,130996.000,47840,96000,1999.333,120.0,4,66,2,0.01258,0.01258,0.01258,0.00000,0.00000
131.015,2,130996.000,47840,96000,1999.333,120.0,4,66,2,0.01258,0.01258,0.01258,0.00000,0.00000
131.116,0,131098.000,52710,96000,1999.875,120.0,4,66,2,0.01259,0.01259,0.01259,0.00000,0.00000
131.116,1,131098.000,52710,96000,1999.875,120.0,4,66,2,0.01259,0.01259,0.01259,0.00000,0.00000
131.116,2,131098.000,52710,96000,1999.875,120.0,4,66,2,0.01259,0.01259,0.01259,0.00000,0.00000
131.218,0,131200.000,57603,96000,1999.938,120.0,4,66,2,0.01269,0.01269,0.01269,0.00000,0.00000
131.218,1,131200.000,57603,96000,1999.938,120.0,4,66,2,0.01269,0.01269,0.01269,0.00000,0.00000
131.218,2,131200.000,57603,96000,1999.938,120.0,4,66,2,0.01269,0.01269,0.01269,0.00000,0.00000
131.324,0,131305.000,62650,96000,1999.792,120.0,4,66,2,0.01265,0.01265,0.01265,0.00000,0.00000
131.324,1,131305.000,62650,96000,1999.792,120.0,4,66,2,0.01265,0.01265,0.01265,0.00000,0.00000
131.324,2,131305.000,62650,96000,1999.792,120.0,4,66,2,0.01265,0.01265,0.01265,0.00000,0.00000
131.425,0,131406.000,67521,96000,1999.312,120.0,4,66,2,0.01266,0.01266,0.01266,0.00000,0.00000
131.425,1,131406.000,67521,96000,1999.312,120.0,4,66,2,0.01266,0.01266,0.01266,0.00000,0.00000
131.425,2,131406.000,67521,96000,1999.312,120.0,4,66,2,0.01266,0.01266,0.01266,0.00000,0.00000
131.526,0,131507.000,72381,96000,1999.062,120.0,4,66,2,0.01258,0.01258,0.01258,0.00000,0.00000
131.526,1,131507.000,72381,96000,1999.062,120.0,4,66,2,0.01258,0.01258,0.01258,0.00000,0.00000
131.526,2,131507.000,72381,96000,1999.062,120.0,4,66,2,0.01258,0.01258,0.01258,0.00000,0.00000
131.630,0,131611.000,77355,96000,1999.438,120.0,4,66,2,0.01254,0.01254,0.01254,0.00000,0.00000
131.630,1,131611.000,77355,96000,1999.438,120.0,4,66,2,0.01254,0.01254,0.01254,0.00000,0.00000
131.630,2,131611.000,77355,96000,1999.438,120.0,4,66,2,0.01254,0.01254,0.01254,0.00000,0.00000
131.733,0,131715.000,82325,96000,1999.896,120.0,4,66,2,0.01269,0.01269,0.01269,0.00000,0.00000
131.733,1,131715.000,82325,96000,1999.896,120.0,4,66,2,0.01269,0.01269,0.01269,0.00000,0.00000
131.733,2,131715.000,82325,96000,1999.896,120.0,4,66,2,0.01269,0.01269,0.01269,0.00000,0.00000
131.837,0,131818.000,87306,96000,1999.125,120.0,4,66,2,0.01265,0.01265,0.01265,0.00000,0.00000
131.837,1,131818.000,87306,96000,1999.125,120.0,4,66,2,0.01265,0.01265,0.01265,0.00000,0.00000
131.837,2,131818.000,87306,96000,1999.125,120.0,4,66,2,0.01265,0.01265,0.01265,0.00000,0.00000
131.939,0,131920.000,92200,96000,1999.167,120.0,4,66,2,0.01266,0.01266,0.01266,0.00000,0.00000
131.939,1,131920.000,92200,96000,1999.167,120.0,4,66,2,0.01266,0.01266,0.01266,0.00000,0.00000
131.939,2,131920.000,92200,96000,1999.167,120.0,4,66,2,0.01266,0.01266,0.01266,0.00000,0.00000
132.048,0,132030.000,1449,96000,1999.812,120.0,4,67,2,0.01273,0.01273,0.01273,0.00000,0.00000
132.048,1,132030.000,1449,96000,1999.812,120.0,4,67,2,0.01273,0.01273,0.01273,0.00000,0.00000
132.048,2,132030.000,1449,96000,1999.812,120.0,4,67,2,0.01273,0.01103,0.01273,0.00000,0.00000
132.149,0,132130.000,6255,96000,1999.688,120.0,4,67,2,0.01266,0.01266,0.01266,0.00000,0.00000
132.149,1,132130.000,6255,96000,1999.688,120.0,4,67,2,0.01266,0.01266,0.01266,0.00000,0.00000
132.149,2,132130.000,6255,96000,1999.688,120.0,4,67,2,0.01266,0.00727,0.01266,0.00000,0.00000
132.253,0,132234.000,11262,96000,1999.375,120.0,4,67,2,0.01264,0.01264,0.01264,0.00000,0.00000
132.253,1,132234.000,11262,96000,1999.375,120.0,4,67,2,0.01264,0.01264,0.01264,0.00000,0.00000
132.253,2,132234.000,11262,96000,1999.375,120.0,4,67,2,0.01264,0.00471,0.01264,0.00000,0.00000
132.355,0,132337.000,16176,96000,0.000,120.0,4,67,2,0.01269,0.01269,0.01269,0.00000,0.00000
132.355,1,132337.000,16176,96000,0.000,120.0,4,67,2,0.01269,0.01269,0.01269,0.00000,0.00000
132.355,2,132337.000,16176,96000,0.000,120.0,4,67,2,0.01269,0.00308,0.01269,0.00000,0.00000
132.455,0,132437.000,20978,96000,1999.958,120.0,4,67,2,0.01269,0.01269,0.01269,0.00000,0.00000
132.455,1,132437.000,20978,96000,1999.958,120.0,4,67,2,0.01269,0.01269,0.01269,0.00000,0.00000
132.455,2,132437.000,20978,96000,1999.958,120.0,4,67,2,0.01269,0.00203,0.01269,0.00000,0.00000
132.556,0,132537.000,25815,96000,1999.188,120.0,4,67,2,0.01265,0.01265,0.01265,0.00000,0.00000
132.556,1,132537.000,25815,96000,1999.188,120.0,4,67,2,0.01265,0.01265,0.01265,0.00000,0.00000
132.556,2,132537.000,25815,96000,1999.188,120.0,4,67,2,0.01265,0.00134,0.01265,0.00000,0.00000
132.658,0,132639.000,30718,96000,1999.042,120.0,4,67,2,0.01266,0.01266,0.01266,0.00000,0.00000
132.658,1,132639.000,30718,96000,1999.042,120.0,4,67,2,0.01266,0.01266,0.01266,0.00000,0.00000
132.658,2,132639.000,30718,96000,1999.042,120.0,4,67,2,0.01266,0.00087,0.01266,0.00000,0.00000
132.762,0,132743.000,35687,96000,1999.521,120.0,4,67,2,0.01263,0.01263,0.01263,0.00000,0.00000
132.762,1,132743.000,35687,96000,1999.521,120.0,4,67,2,0.01263,0.01263,0.01263,0.00000,0.00000
132.762,2,132743.000,35687,96000,1999.521,120.0,4,67,2,0.01263,0.00057,0.01263,0.00000,0.00000
132.866,0,132847.000,40680,96000,1999.500,120.0,4,67,2,0.01269,0.01269,0.01269,0.00000,0.00000
132.866,1,132847.000,40680,96000,1999.500,120.0,4,67,2,0.01269,0.01269,0.01269,0.00000,0.00000
132.866,2,132847.000,40680,96000,1999.500,120.0,4,67,2,0.01269,0.00037,0.01269,0.00000,0.00000
132.967,0,132948.000,45520,96000,1999.667,120.0,4,67,2,0.01269,0.01269,0.01269,0.00000,0.00000
132.967,1,132948.000,45520,96000,1999.667,120.0,4,67,2,0.01269,0.01269,0.01269,0.00000,0.00000
132.967,2,132948.000,45520,96000,1999.667,120.0,4,67,2,0.01269,0.00024,0.01269,0.00000,0.00000
133.070,0,133051.000,50462,96000,1999.708,120.0,4,67,2,0.01265,0.01265,0.01265,0.00000,0.00000
133.070,1,133051.000,50462,96000,1999.708,120.0,4,67,2,0.01265,0.01265,0.01265,0.00000,0.00000
133.070,2,133051.000,50462,96000,1999.708,120.0,4,67,2,0.01265,0.00016,0.01265,0.00000,0.00000
133.171,0,133152.000,55332,96000,1999.250,120.0,4,67,2,0.01266,0.01266,0.01266,0.00000,0.00000
133.171,1,133152.000,55332,96000,1999.250,120.0,4,67,2,0.01266,0.01266,0.01266,0.00000,0.00000
133.171,2,133152.000,55332,96000,1999.250,120.0,4,67,2,0.01266,0.00010,0.01266,0.00000,0.00000
133.275,0,133256.000,60312,96000,1999.500,120.0,4,67,2,0.01263,0.01263,0.01263,0.00000,0.00000
133.275,1,133256.000,60312,96000,1999.500,120.0,4,67,2,0.01263,0.01263,0.01263,0.00000,0.00000
133.275,2,133256.000,60312,96000,1999.500,120.0,4,67,2,0.01263,0.00007,0.01263,0.00000,0.00000
133.376,0,133357.000,65155,96000,1999.604,120.0,4,67,2,0.01268,0.01268,0.01268,0.00000,0.00000
133.376,1,133357.000,65155,96000,1999.604,120.0,4,67,2,0.01268,0.01268,0.01268,0.00000,0.00000
133.376,2,133357.000,65155,96000,1999.604,120.0,4,67,2,0.01268,0.00004,0.01268,0.00000,0.00000
133.479,0,133461.000,70132,96000,1999.917,120.0,4,67,2,0.01269,0.01269,0.01269,0.00000,0.00000
133.479,1,133461.000,70132,96000,1999.917,120.0,4,67,2,0.01269,0.01269,0.01269,0.00000,0.00000
133.479,2,133461.000,70132,96000,1999.917,120.0,4,67,2,0.01269,0.00003,0.01269,0.00000,0.00000
133.579,0,133561.000,74934,96000,1999.875,120.0,4,67,2,0.01265,0.01265,0.01265,0.00000,0.00000
133.579,1,133561.000,74934,96000,1999.875,120.0,4,67,2,0.01265,0.01265,0.01265,0.00000,0.00000
133.579,2,133561.000,74934,96000,1999.875,120.0,4,67,2,0.01265,0.00002,0.01265,0.00000,0.00000
133.680,0,133661.000,79741,96000,1999.729,120.0,4,67,2,0.01266,0.01266,0.01266,0.00000,0.00000
133.680,1,133661.000,79741,96000,1999.729,120.0,4,67,2,0.01266,0.01266,0.01266,0.00000,0.00000
133.680,2,133661.000,79741,96000,1999.729,120.0,4,67,2,0.01266,0.00001,0.01266,0.00000,0.00000
133.780,0,133761.000,84556,96000,1999.417,120.0,4,67,2,0.01259,0.01259,0.01259,0.00000,0.00000
133.780,1,133761.000,84556,96000,1999.417,120.0,4,67,2,0.01259,0.01259,0.01259,0.00000,0.00000
133.780,2,133761.000,84556,96000,1999.417,120.0,4,67,2,0.01259,0.00001,0.01259,0.00000,0.00000
133.880,0,133861.000,89373,96000,1999.062,120.0,4,67,2,0.01260,0.01260,0.01260,0.00000,0.00000
133.880,1,133861.000,89373,96000,1999.062,120.0,4,67,2,0.01260,0.01260,0.01260,0.00000,0.00000
133.880,2,133861.000,89373,96000,1999.062,120.0,4,67,2,0.01260,0.00001,0.01260,0.00000,0.00000
133.981,0,133962.000,94190,96000,1999.708,120.0,4,67,2,0.01264,0.01264,0.01264,0.00000,0.00000
133.981,1,133962.000,94190,96000,1999.708,120.0,4,67,2,0.01264,0.01264,0.01264,0.00000,0.00000
133.981,2,133962.000,94190,96000,1999.708,120.0,4,67,2,0.01264,0.00000,0.01264,0.00000,0.00000
134.083,0,134064.000,3087,96000,1999.688,120.0,4,68,2,0.10740,0.10740,0.00960,0.00000,0.00000
134.083,1,134064.000,3087,96000,1999.688,120.0,4,68,2,0.10740,0.10740,0.10727,0.00000,0.00000
134.083,2,134064.000,3087,96000,1999.688,120.0,4,68,2,0.10751,0.10727,0.10751,0.00000,0.00000
134.186,0,134168.000,8068,96000,1999.917,120.0,4,68,2,0.06975,0.06975,0.00624,0.00000,0.00000
134.186,1,134168.000,8068,96000,1999.917,120.0,4,68,2,0.06975,0.06975,0.06967,0.00000,0.00000
134.186,2,134168.000,8068,96000,1999.917,120.0,4,68,2,0.06983,0.06967,0.06983,0.00000,0.00000
134.287,0,134268.000,12889,96000,1999.479,120.0,4,68,2,0.04594,0.04594,0.00411,0.00000,0.00000
134.287,1,134268.000,12889,96000,1999.479,120.0,4,68,2,0.04594,0.04594,0.04588,0.00000,0.00000
134.287,2,134268.000,12889,96000,1999.479,120.0,4,68,2,0.04599,0.04588,0.04599,0.00000,0.00000
134.390,0,134372.000,17862,96000,1999.875,120.0,4,68,2,0.02986,0.02986,0.00267,0.00000,0.00000
134.390,1,134372.000,17862,96000,1999.875,120.0,4,68,2,0.02986,0.02986,0.02982,0.00000,0.00000
134.390,2,134372.000,17862,96000,1999.875,120.0,4,68,2,0.02989,0.02982,0.02989,0.00000,0.00000
134.494,0,134475.000,22829,96000,1999.396,120.0,4,68,2,0.01941,0.01941,0.00174,0.00000,0.00000
134.494,1,134475.000,22829,96000,1999.396,120.0,4,68,2,0.01941,0.01941,0.01939,0.00000,0.00000
134.494,2,134475.000,22829,96000,1999.396,120.0,4,68,2,0.01944,0.01939,0.01944,0.00000,0.00000
134.598,0,134579.000,27827,96000,1999.271,120.0,4,68,2,0.01266,0.01266,0.00113,0.00000,0.00000
134.598,1,134579.000,27827,96000,1999.271,120.0,4,68,2,0.01266,0.01266,0.01266,0.00000,0.00000
134.598,2,134579.000,27827,96000,1999.271,120.0,4,68,2,0.01266,0.01266,0.01266,0.00000,0.00000
134.701,0,134682.000,32753,96000,1999.646,120.0,4,68,2,0.01264,0.01264,0.00073,0.00000,0.00000
134.701,1,134682.000,32753,96000,1999.646,120.0,4,68,2,0.01264,0.01264,0.01264,0.00000,0.00000
134.701,2,134682.000,32753,96000,1999.646,120.0,4,68,2,0.01264,0.01264,0.01264,0.00000,0.00000
134.803,0,134785.000,37686,96000,1999.875,120.0,4,68,2,0.01269,0.01269,0.00048,0.00000,0.00000
134.803,1,134785.000,37686,96000,1999.875,120.0,4,68,2,0.01269,0.01269,0.01269,0.00000,0.00000
134.803,2,134785.000,37686,96000,1999.875,120.0,4,68,2,0.01269,0.01269,0.01269,0.00000,0.00000
134.907,0,134888.000,42653,96000,1999.396,120.0,4,68,2,0.01269,0.01269,0.00031,0.00000,0.00000
134.907,1,134888.000,42653,96000,1999.396,120.0,4,68,2,0.01269,0.01269,0.01269,0.00000,0.00000
134.907,2,134888.000,42653,96000,1999.396,120.0,4,68,2,0.01269,0.01269,0.01269,0.00000,0.00000
135.008,0,134989.000,47494,96000,1999.542,120.0,4,68,2,0.01263,0.01263,0.00020,0.00000,0.00000
135.008,1,134989.000,47494,96000,1999.542,120.0,4,68,2,0.01263,0.01263,0.01263,0.00000,0.00000
135.008,2,134989.000,47494,96000,1999.542,120.0,4,68,2,0.01263,0.01263,0.01263,0.00000,0.00000
135.112,0,135093.000,52481,96000,1999.646,120.0,4,68,2,0.01260,0.01260,0.00013,0.00000,0.00000
135.112,1,135093.000,52481,96000,1999.646,120.0,4,68,2,0.01260,0.01260,0.01260,0.00000,0.00000
135.112,2,135093.000,52481,96000,1999.646,120.0,4,68,2,0.01260,0.01260,0.01260,0.00000,0.00000
135.215,0,135196.000,57455,96000,1999.021,120.0,4,68,2,0.01264,0.01264,0.00009,0.00000,0.00000
135.215,1,135196.000,57455,96000,1999.021,120.0,4,68,2,0.01264,0.01264,0.01264,0.00000,0.00000
135.215,2,135196.000,57455,96000,1999.021,120.0,4,68,2,0.01264,0.01264,0.01264,0.00000,0.00000
135.317,0,135298.000,62343,96000,1999.188,120.0,4,68,2,0.01269,0.01269,0.00006,0.00000,0.00000
135.317,1,135298.000,62343,96000,1999.188,120.0,4,68,2,0.01269,0.01269,0.01269,0.00000,0.00000
135.317,2,135298.000,62343,96000,1999.188,120.0,4,68,2,0.01269,0.01269,0.01269,0.00000,0.00000
135.418,0,135399.000,67182,96000,1999.375,120.0,4,68,2,0.01269,0.01269,0.00004,0.00000,0.00000
135.418,1,135399.000,67182,96000,1999.375,120.0,4,68,2,0.01269,0.01269,0.01269,0.00000,0.00000
135.418,2,135399.000,67182,96000,1999.375,120.0,4,68,2,0.01269,0.01269,0.01269,0.00000,0.00000
135.522,0,135503.000,72160,96000,1999.667,120.0,4,68,2,0.01263,0.01263,0.00002,0.00000,0.00000
135.522,1,135503.000,72160,96000,1999.667,120.0,4,68,2,0.01263,0.01263,0.01263,0.00000,0.00000
135.522,2,135503.000,72160,96000,1999.667,120.0,4,68,2,0.01263,0.01263,0.01263,0.00000,0.00000
135.624,0,135606.000,77092,96000,1999.917,120.0,4,68,2,0.01260,0.01260,0.00002,0.00000,0.00000
135.624,1,135606.000,77092,96000,1999.917,120.0,4,68,2,0.01260,0.01260,0.01260,0.00000,0.00000
135.624,2,135606.000,77092,96000,1999.917,120.0,4,68,2,0.01260,0.01260,0.01260,0.00000,0.00000
135.729,0,135710.000,82119,96000,1999.188,120.0,4,68,2,0.01265,0.01265,0.00001,0.00000,0.00000
135.729,1,135710.000,82119,96000,1999.188,120.0,4,68,2,0.01265,0.01265,0.01265,0.00000,0.00000
135.729,2,135710.000,82119,96000,1999.188,120.0,4,68,2,0.01265,0.01265,0.01265,0.00000,0.00000
135.832,0,135814.000,87078,96000,1999.875,120.0,4,68,2,0.01265,0.01265,0.00001,0.00000,0.00000
135.832,1,135814.000,87078,96000,1999.875,120.0,4,68,2,0.01265,0.01265,0.01265,0.00000,0.00000
135.832,2,135814.000,87078,96000,1999.875,120.0,4,68,2,0.01265,0.01265,0.01265,0.00000,0.00000
135.933,0,135914.000,91881,96000,1999.812,120.0,4,68,2,0.01259,0.01259,0.00000,0.00000,0.00000
135.933,1,135914.000,91881,96000,1999.812,120.0,4,68,2,0.01259,0.01259,0.01259,0.00000,0.00000
135.933,2,135914.000,91881,96000,1999.812,120.0,4,68,2,0.01259,0.01259,0.01259,0.00000,0.00000
136.049,0,136030.000,1462,96000,1999.542,120.0,4,69,2,0.01273,0.01273,0.01273,0.00000,0.00000
136.049,1,136030.000,1462,96000,1999.542,120.0,4,69,2,0.01273,0.01273,0.01273,0.00000,0.00000
136.049,2,136030.000,1462,96000,1999.542,120.0,4,69,2,0.01273,0.01273,0.01273,0.00000,0.00000
136.150,0,136131.000,6324,96000,1999.250,120.0,4,69,2,0.01266,0.01266,0.01266,0.00000,0.00000
136.150,1,136131.000,6324,96000,1999.250,120.0,4,69,2,0.01266,0.01266,0.01266,0.00000,0.00000
136.150,2,136131.000,6324,96000,1999.250,120.0,4,69,2,0.01266,0.01266,0.01266,0.00000,0.00000
136.255,0,136236.000,11359,96000,1999.354,120.0,4,69,2,0.01264,0.01264,0.01264,0.00000,0.00000
136.255,1,136236.000,11359,96000,1999.354,120.0,4,69,2,0.01264,0.01264,0.01264,0.00000,0.00000
136.255,2,136236.000,11359,96000,1999.354,120.0,4,69,2,0.01264,0.01264,0.01264,0.00000,0.00000
136.356,0,136337.000,16203,96000,1999.438,120.0,4,69,2,0.01269,0.01269,0.01269,0.00000,0.00000
136.356,1,136337.000,16203,96000,1999.438,120.0,4,69,2,0.01269,0.01269,0.01269,0.00000,0.00000
136.356,2,136337.000,16203,96000,1999.438,120.0,4,69,2,0.01269,0.01269,0.01269,0.00000,0.00000
136.456,0,136437.000,21018,96000,1999.125,120.0,4,69,2,0.01269,0.01269,0.01269,0.00000,0.00000
136.456,1,136437.000,21018,96000,1999.125,120.0,4,69,2,0.01269,0.01269,0.01269,0.00000,0.00000
136.456,2,136437.000,21018,96000,1999.125,120.0,4,69,2,0.01269,0.01269,0.01269,0.00000,0.00000
136.558,0,136539.000,25886,96000,1999.708,120.0,4,69,2,0.01265,0.01265,0.01265,0.00000,0.00000
136.558,1,136539.000,25886,96000,1999.708,120.0,4,69,2,0.01265,0.01265,0.01265,0.00000,0.00000
136.558,2,136539.000,25886,96000,1999.708,120.0,4,69,2,0.01265,0.01265,0.01265,0.00000,0.00000
136.658,0,136639.000,30692,96000,1999.583,120.0,4,69,2,0.01266,0.01266,0.01266,0.00000,0.00000
136.658,1,136639.000,30692,96000,1999.583,120.0,4,69,2,0.01266,0.01266,0.01266,0.00000,0.00000
136.658,2,136639.000,30692,96000,1999.583,120.0,4,69,2,0.01266,0.01266,0.01266,0.00000,0.00000
136.760,0,136741.000,35590,96000,1999.542,120.0,4,69,2,0.01260,0.01260,0.01260,0.00000,0.00000
136.760,1,136741.000,35590,96000,1999.542,120.0,4,69,2,0.01260,0.01260,0.01260,0.00000,0.00000
136.760,2,136741.000,35590,96000,1999.542,120.0,4,69,2,0.01260,0.01260,0.01260,0.00000,0.00000
136.861,0,136842.000,40458,96000,1999.125,120.0,4,69,2,0.01259,0.01259,0.01259,0.00000,0.00000
136.861,1,136842.000,40458,96000,1999.125,120.0,4,69,2,0.01259,0.01259,0.01259,0.00000,0.00000
136.861,2,136842.000,40458,96000,1999.125,120.0,4,69,2,0.01259,0.01259,0.01259,0.00000,0.00000
136.965,0,136946.000,45448,96000,1999.167,120.0,4,69,2,0.01269,0.01269,0.01269,0.00000,0.00000
136.965,1,136946.000,45448,96000,1999.167,120.0,4,69,2,0.01269,0.01269,0.01269,0.00000,0.00000
136.965,2,136946.000,45448,96000,1999.167,120.0,4,69,2,0.01269,0.01269,0.01269,0.00000,0.00000
137.067,0,137048.000,50319,96000,1999.688,120.0,4,69,2,0.01264,0.01264,0.01264,0.00000,0.00000
137.067,1,137048.000,50319,96000,1999.688,120.0,4,69,2,0.01264,0.01264,0.01264,0.00000,0.00000
137.067,2,137048.000,50319,96000,1999.688,120.0,4,69,2,0.01264,0.01264,0.01264,0.00000,0.00000
137.170,0,137151.000,55279,96000,1999.354,120.0,4,69,2,0.01266,0.01266,0.01266,0.00000,0.00000
137.170,1,137151.000,55279,96000,1999.354,120.0,4,69,2,0.01266,0.01266,0.01266,0.00000,0.00000
137.170,2,137151.000,55279,96000,1999.354,120.0,4,69,2,0.01266,0.01266,0.01266,0.00000,0.00000
137.271,0,137252.000,60141,96000,1999.062,120.0,4,69,2,0.01256,0.01256,0.01256,0.00000,0.00000
137.271,1,137252.000,60141,96000,1999.062,120.0,4,69,2,0.01256,0.01256,0.01256,0.00000,0.00000
137.271,2,137252.000,60141,96000,1999.062,120.0,4,69,2,0.01256,0.01256,0.01256,0.00000,0.00000
137.374,0,137355.000,65072,96000,1999.333,120.0,4,69,2,0.01254,0.01254,0.01254,0.00000,0.00000
137.374,1,137355.000,65072,96000,1999.333,120.0,4,69,2,0.01254,0.01254,0.01254,0.00000,0.00000
137.374,2,137355.000,65072,96000,1999.333,120.0,4,69,2,0.01254,0.01254,0.01254,0.00000,0.00000
137.474,0,137455.000,69874,96000,1999.292,120.0,4,69,2,0.01269,0.01269,0.01269,0.00000,0.00000
137.474,1,137455.000,69874,96000,1999.292,120.0,4,69,2,0.01269,0.01269,0.01269,0.00000,0.00000
137.474,2,137455.000,69874,96000,1999.292,120.0,4,69,2,0.01269,0.01269,0.01269,0.00000,0.00000
137.575,0,137556.000,74728,96000,1999.167,120.0,4,69,2,0.01265,0.01265,0.01265,0.00000,0.00000
137.575,1,137556.000,74728,96000,1999.167,120.0,4,69,2,0.01265,0.01265,0.01265,0.00000,0.00000
137.575,2,137556.000,74728,96000,1999.167,120.0,4,69,2,0.01265,0.01265,0.01265,0.00000,0.00000
137.678,0,137659.000,79657,96000,1999.479,120.0,4,69,2,0.01261,0.01261,0.01261,0.00000,0.00000
137.678,1,137659.000,79657,96000,1999.479,120.0,4,69,2,0.01261,0.01261,0.01261,0.00000,0.00000
137.678,2,137659.000,79657,96000,1999.479,120.0,4,69,2,0.01261,0.01261,0.01261,0.00000,0.00000
137.779,0,137760.000,84526,96000,1999.042,120.0,4,69,2,0.01259,0.01259,0.01259,0.00000,0.00000
137.779,1,137760.000,84526,96000,1999.042,120.0,4,69,2,0.01259,0.01259,0.01259,0.00000,0.00000
137.779,2,137760.000,84526,96000,1999.042,120.0,4,69,2,0.01259,0.01259,0.01259,0.00000,0.00000
137.881,0,137862.000,89401,96000,1999.479,120.0,4,69,2,0.01260,0.01260,0.01260,0.00000,0.00000
137.881,1,137862.000,89401,96000,1999.479,120.0,4,69,2,0.01260,0.01260,0.01260,0.00000,0.00000
137.881,2,137862.000,89401,96000,1999.479,120.0,4,69,2,0.01260,0.01260,0.01260,0.00000,0.00000
137.982,0,137963.000,94237,96000,1999.729,120.0,4,69,2,0.01264,0.01264,0.01264,0.00000,0.00000
137.982,1,137963.000,94237,96000,1999.729,120.0,4,69,2,0.01264,0.01264,0.01264,0.00000,0.00000
137.982,2,137963.000,94237,96000,1999.729,120.0,4,69,2,0.01264,0.01264,0.01264,0.00000,0.00000
138.083,0,138064.000,3082,96000,1999.792,120.0,4,70,2,0.01266,0.01266,0.01266,0.00000,0.00000
138.083,1,138064.000,3082,96000,1999.792,120.0,4,70,2,0.01266,0.01266,0.01266,0.00000,0.00000
138.083,2,138064.000,3082,96000,1999.792,120.0,4,70,2,0.01266,0.01266,0.01266,0.00000,0.00000
138.183,0,138165.000,7924,96000,1999.917,120.0,4,70,2,0.01260,0.01260,0.01260,0.00000,0.00000
138.183,1,138165.000,7924,96000,1999.917,120.0,4,70,2,0.01260,0.01260,0.01260,0.00000,0.00000
138.183,2,138165.000,7924,96000,1999.917,120.0,4,70,2,0.01260,0.01260,0.01260,0.00000,0.00000
138.286,0,138268.000,12864,96000,0.000,120.0,4,70,2,0.01254,0.01254,0.01254,0.00000,0.00000
138.286,1,138268.000,12864,96000,0.000,120.0,4,70,2,0.01254,0.01254,0.01254,0.00000,0.00000
138.286,2,138268.000,12864,96000,0.000,120.0,4,70,2,0.01254,0.01254,0.01254,0.00000,0.00000
138.388,0,138369.000,17755,96000,1999.104,120.0,4,70,2,0.01269,0.01269,0.01269,0.00000,0.00000
138.388,1,138369.000,17755,96000,1999.104,120.0,4,70,2,0.01269,0.01269,0.01269,0.00000,0.00000
138.388,2,138369.000,17755,96000,1999.104,120.0,4,70,2,0.01269,0.01269,0.01269,0.00000,0.00000
138.489,0,138470.000,22574,96000,1999.708,120.0,4,70,2,0.01265,0.01265,0.01265,0.00000,0.00000
138.489,1,138470.000,22574,96000,1999.708,120.0,4,70,2,0.01265,0.01265,0.01265,0.00000,0.00000
138.489,2,138470.000,22574,96000,1999.708,120.0,4,70,2,0.01265,0.01265,0.01265,0.00000,0.00000
138.591,0,138572.000,27471,96000,1999.688,120.0,4,70,2,0.01261,0.01261,0.01261,0.00000,0.00000
138.591,1,138572.000,27471,96000,1999.688,120.0,4,70,2,0.01261,0.01261,0.01261,0.00000,0.00000
138.591,2,138572.000,27471,96000,1999.688,120.0,4,70,2,0.01261,0.01261,0.01261,0.00000,0.00000
138.692,0,138673.000,32325,96000,1999.562,120.0,4,70,2,0.01259,0.01259,0.01259,0.00000,0.00000
138.692,1,138673.000,32325,96000,1999.562,120.0,4,70,2,0.01259,0.01259,0.01259,0.00000,0.00000
138.692,2,138673.000,32325,96000,1999.562,120.0,4,70,2,0.01259,0.01259,0.01259,0.00000,0.00000
138.794,0,138776.000,37248,96000,0.000,120.0,4,70,2,0.01260,0.01260,0.01260,0.00000,0.00000
138.794,1,138776.000,37248,96000,0.000,120.0,4,70,2,0.01260,0.01260,0.01260,0.00000,0.00000
138.794,2,138776.000,37248,96000,0.000,120.0,4,70,2,0.01260,0.01260,0.01260,0.00000,0.00000
138.897,0,138878.000,42166,96000,1999.542,120.0,4,70,2,0.01265,0.01265,0.01265,0.00000,0.00000
138.897,1,138878.000,42166,96000,1999.542,120.0,4,70,2,0.01265,0.01265,0.01265,0.00000,0.00000
138.897,2,138878.000,42166,96000,1999.542,120.0,4,70,2,0.01265,0.01265,0.01265,0.00000,0.00000
138.998,0,138979.000,47005,96000,1999.729,120.0,4,70,2,0.01265,0.01265,0.01265,0.00000,0.00000
138.998,1,138979.000,47005,96000,1999.729,120.0,4,70,2,0.01265,0.01265,0.01265,0.00000,0.00000
138.998,2,138979.000,47005,96000,1999.729,120.0,4,70,2,0.01265,0.01265,0.01265,0.00000,0.00000
139.100,0,139081.000,51914,96000,1999.458,120.0,4,70,2,0.01264,0.01264,0.01264,0.00000,0.00000
139.100,1,139081.000,51914,96000,1999.458,120.0,4,70,2,0.01264,0.01264,0.01264,0.00000,0.00000
139.100,2,139081.000,51914,96000,1999.458,120.0,4,70,2,0.01264,0.01264,0.01264,0.00000,0.00000
139.202,0,139183.000,56804,96000,1999.583,120.0,4,70,2,0.01259,0.01259,0.01259,0.00000,0.00000
139.202,1,139183.000,56804,96000,1999.583,120.0,4,70,2,0.01259,0.01259,0.01259,0.00000,0.00000
139.202,2,139183.000,56804,96000,1999.583,120.0,4,70,2,0.01259,0.01259,0.01259,0.00000,0.00000
139.302,0,139284.000,61636,96000,1999.917,120.0,4,70,2,0.01266,0.01266,0.01266,0.00000,0.00000
139.302,1,139284.000,61636,96000,1999.917,120.0,4,70,2,0.01266,0.01266,0.01266,0.00000,0.00000
139.302,2,139284.000,61636,96000,1999.917,120.0,4,70,2,0.01266,0.01266,0.01266,0.00000,0.00000
139.406,0,139387.000,66619,96000,1999.104,120.0,4,70,2,0.01264,0.01264,0.01264,0.00000,0.00000
139.406,1,139387.000,66619,96000,1999.104,120.0,4,70,2,0.01264,0.01264,0.01264,0.00000,0.00000
139.406,2,139387.000,66619,96000,1999.104,120.0,4,70,2,0.01264,0.01264,0.01264,0.00000,0.00000
139.509,0,139490.000,71564,96000,1999.083,120.0,4,70,2,0.01265,0.01265,0.01265,0.00000,0.00000
139.509,1,139490.000,71564,96000,1999.083,120.0,4,70,2,0.01265,0.01265,0.01265,0.00000,0.00000
139.509,2,139490.000,71564,96000,1999.083,120.0,4,70,2,0.01265,0.01265,0.01265,0.00000,0.00000
139.610,0,139591.000,76386,96000,1999.625,120.0,4,70,2,0.01269,0.01269,0.01269,0.00000,0.00000
139.610,1,139591.000,76386,96000,1999.625,120.0,4,70,2,0.01269,0.01269,0.01269,0.00000,0.00000
139.610,2,139591.000,76386,96000,1999.625,120.0,4,70,2,0.01269,0.01269,0.01269,0.00000,0.00000
139.713,0,139694.000,81354,96000,1999.125,120.0,4,70,2,0.01263,0.01263,0.01263,0.00000,0.00000
139.713,1,139694.000,81354,96000,1999.125,120.0,4,70,2,0.01263,0.01263,0.01263,0.00000,0.00000
139.713,2,139694.000,81354,96000,1999.125,120.0,4,70,2,0.01263,0.01263,0.01263,0.00000,0.00000
139.814,0,139795.000,86171,96000,1999.771,120.0,4,70,2,0.01266,0.01266,0.01266,0.00000,0.00000
139.814,1,139795.000,86171,96000,1999.771,120.0,4,70,2,0.01266,0.01266,0.01266,0.00000,0.00000
139.814,2,139795.000,86171,96000,1999.771,120.0,4,70,2,0.01266,0.01266,0.01266,0.00000,0.00000
139.916,0,139897.000,91081,96000,1999.479,120.0,4,70,2,0.01264,0.01264,0.01264,0.00000,0.00000
139.916,1,139897.000,91081,96000,1999.479,120.0,4,70,2,0.01264,0.01264,0.01264,0.00000,0.00000
139.916,2,139897.000,91081,96000,1999.479,120.0,4,70,2,0.01264,0.01264,0.01264,0.00000,0.00000
140.017,0,139998.000,95948,96000,1999.083,120.0,4,70,2,0.01255,0.01255,0.01255,0.00000,0.00000
140.017,1,139998.000,95948,96000,1999.083,120.0,4,70,2,0.01255,0.01255,0.01255,0.00000,0.00000
140.017,2,139998.000,95948,96000,1999.083,120.0,4,70,2,0.01255,0.01255,0.01255,0.00000,0.00000
140.119,0,140100.000,4823,96000,1999.521,120.0,4,71,2,0.01258,0.01258,0.01258,0.00000,0.00000
140.119,1,140100.000,4823,96000,1999.521,120.0,4,71,2,0.01258,0.01258,0.01258,0.00000,0.00000
140.119,2,140100.000,4823,96000,1999.521,120.0,4,71,2,0.01258,0.01258,0.00823,0.00000,0.00000
140.220,0,140201.000,9670,96000,1999.542,120.0,4,71,2,0.01259,0.01259,0.01259,0.00000,0.00000
140.220,1,140201.000,9670,96000,1999.542,120.0,4,71,2,0.01259,0.01259,0.01259,0.00000,0.00000
140.220,2,140201.000,9670,96000,1999.542,120.0,4,71,2,0.01259,0.01259,0.00541,0.00000,0.00000
140.322,0,140303.000,14587,96000,1999.104,120.0,4,71,2,0.01269,0.01269,0.01269,0.00000,0.00000
140.322,1,140303.000,14587,96000,1999.104,120.0,4,71,2,0.01269,0.01269,0.01269,0.00000,0.00000
140.322,2,140303.000,14587,96000,1999.104,120.0,4,71,2,0.01269,0.01269,0.00353,0.00000,0.00000
140.426,0,140407.000,19575,96000,1999.188,120.0,4,71,2,0.01264,0.01264,0.01264,0.00000,0.00000
140.426,1,140407.000,19575,96000,1999.188,120.0,4,71,2,0.01264,0.01264,0.01264,0.00000,0.00000
140.426,2,140407.000,19575,96000,1999.188,120.0,4,71,2,0.01264,0.01264,0.00229,0.00000,0.00000
140.529,0,140510.000,24527,96000,1999.021,120.0,4,71,2,0.07097,0.07097,0.06657,0.00000,0.00000
140.529,1,140510.000,24527,96000,1999.021,120.0,4,71,2,0.07097,0.07097,0.06942,0.00000,0.00000
140.529,2,140510.000,24527,96000,1999.021,120.0,4,71,2,0.06942,0.06942,0.00149,0.00000,0.00000
140.630,0,140612.000,29382,96000,1999.875,120.0,4,71,2,0.08745,0.08723,0.08745,0.00000,0.00000
140.630,1,140612.000,29382,96000,1999.875,120.0,4,71,2,0.08738,0.08723,0.08738,0.00000,0.00000
140.630,2,140612.000,29382,96000,1999.875,120.0,4,71,2,0.08738,0.08738,0.00098,0.00000,0.00000
140.734,0,140716.000,34370,96000,1999.958,120.0,4,71,2,0.05677,0.05662,0.05677,0.00000,0.00000
140.734,1,140716.000,34370,96000,1999.958,120.0,4,71,2,0.05672,0.05662,0.05672,0.00000,0.00000
140.734,2,140716.000,34370,96000,1999.958,120.0,4,71,2,0.05672,0.05672,0.00064,0.00000,0.00000
140.835,0,140816.000,39207,96000,1999.188,120.0,4,71,2,0.03733,0.03724,0.03733,0.00000,0.00000
140.835,1,140816.000,39207,96000,1999.188,120.0,4,71,2,0.03730,0.03724,0.03730,0.00000,0.00000
140.835,2,140816.000,39207,96000,1999.188,120.0,4,71,2,0.03730,0.03730,0.00042,0.00000,0.00000
140.936,0,140917.000,44040,96000,1999.500,120.0,4,71,2,0.02456,0.02450,0.02456,0.00000,0.00000
140.936,1,140917.000,44040,96000,1999.500,120.0,4,71,2,0.02454,0.02450,0.02454,0.00000,0.00000
140.936,2,140917.000,44040,96000,1999.500,120.0,4,71,2,0.02454,0.02454,0.00028,0.00000,0.00000
141.039,0,141020.000,48971,96000,1999.771,120.0,4,71,2,0.01602,0.01598,0.01602,0.00000,0.00000
141.039,1,141020.000,48971,96000,1999.771,120.0,4,71,2,0.01601,0.01598,0.01601,0.00000,0.00000
141.039,2,141020.000,48971,96000,1999.771,120.0,4,71,2,0.01601,0.01601,0.00018,0.00000,0.00000
141.141,0,141123.000,53912,96000,1999.833,120.0,4,71,2,0.01258,0.01258,0.01258,0.00000,0.00000
141.141,1,141123.000,53912,96000,1999.833,120.0,4,71,2,0.01258,0.01258,0.01258,0.00000,0.00000
141.141,2,141123.000,53912,96000,1999.833,120.0,4,71,2,0.01258,0.01258,0.00012,0.00000,0.00000
141.242,0,141223.000,58746,96000,1999.125,120.0,4,71,2,0.01260,0.01260,0.01260,0.00000,0.00000
141.242,1,141223.000,58746,96000,1999.125,120.0,4,71,2,0.01260,0.01260,0.01260,0.00000,0.00000
141.242,2,141223.000,58746,96000,1999.125,120.0,4,71,2,0.01260,0.01260,0.00008,0.00000,0.00000
141.342,0,141324.000,63554,96000,1999.958,120.0,4,71,2,0.01264,0.01264,0.01264,0.00000,0.00000
141.342,1,141324.000,63554,96000,1999.958,120.0,4,71,2,0.01264,0.01264,0.01264,0.00000,0.00000
141.342,2,141324.000,63554,96000,1999.958,120.0,4,71,2,0.01264,0.01264,0.00005,0.00000,0.00000
141.445,0,141426.000,68491,96000,1999.104,120.0,4,71,2,0.01266,0.01266,0.01266,0.00000,0.00000
141.445,1,141426.000,68491,96000,1999.104,120.0,4,71,2,0.01266,0.01266,0.01266,0.00000,0.00000
141.445,2,141426.000,68491,96000,1999.104,120.0,4,71,2,0.01266,0.01266,0.00003,0.00000,0.00000
141.546,0,141527.000,73328,96000,1999.333,120.0,4,71,2,0.01269,0.01269,0.01269,0.00000,0.00000
141.546,1,141527.000,73328,96000,1999.333,120.0,4,71,2,0.01269,0.01269,0.01269,0.00000,0.00000
141.546,2,141527.000,73328,96000,1999.333,120.0,4,71,2,0.01269,0.01269,0.00002,0.00000,0.00000
141.648,0,141629.000,78206,96000,1999.708,120.0,4,71,2,0.01263,0.01263,0.01263,0.00000,0.00000
141.648,1,141629.000,78206,96000,1999.708,120.0,4,71,2,0.01263,0.01263,0.01263,0.00000,0.00000
141.648,2,141629.000,78206,96000,1999.708,120.0,4,71,2,0.01263,0.01263,0.00001,0.00000,0.00000
141.750,0,141731.000,83102,96000,1999.708,120.0,4,71,2,0.01261,0.01261,0.01261,0.00000,0.00000
141.750,1,141731.000,83102,96000,1999.708,120.0,4,71,2,0.01261,0.01261,0.01261,0.00000,0.00000
141.750,2,141731.000,83102,96000,1999.708,120.0,4,71,2,0.01261,0.01261,0.00001,0.00000,0.00000
141.850,0,141832.000,87938,96000,1999.958,120.0,4,71,2,0.01263,0.01263,0.01263,0.00000,0.00000
141.850,1,141832.000,87938,96000,1999.958,120.0,4,71,2,0.01263,0.01263,0.01263,0.00000,0.00000
141.850,2,141832.000,87938,96000,1999.958,120.0,4,71,2,0.01263,0.01263,0.00001,0.00000,0.00000
141.955,0,141936.000,92943,96000,1999.688,120.0,4,71,2,0.01269,0.01269,0.01269,0.00000,0.00000
141.955,1,141936.000,92943,96000,1999.688,120.0,4,71,2,0.01269,0.01269,0.01269,0.00000,0.00000
141.955,2,141936.000,92943,96000,1999.688,120.0,4,71,2,0.01269,0.01269,0.00000,0.00000,0.00000
142.056,0,142038.000,1828,96000,1999.917,120.0,4,72,2,0.01260,0.01260,0.01260,0.00000,0.00000
142.056,1,142038.000,1828,96000,1999.917,120.0,4,72,2,0.01260,0.01260,0.01260,0.00000,0.00000
142.056,2,142038.000,1828,96000,1999.917,120.0,4,72,2,0.01260,0.01260,0.01260,0.00000,0.00000
142.161,0,142142.000,6828,96000,1999.750,120.0,4,72,2,0.01268,0.01268,0.01268,0.00000,0.00000
142.161,1,142142.000,6828,96000,1999.750,120.0,4,72,2,0.01268,0.01268,0.01268,0.00000,0.00000
142.161,2,142142.000,6828,96000,1999.750,120.0,4,72,2,0.01268,0.01268,0.01268,0.00000,0.00000
142.264,0,142246.000,11808,96000,0.000,120.0,4,72,2,0.01269,0.01269,0.01269,0.00000,0.00000
142.264,1,142246.000,11808,96000,0.000,120.0,4,72,2,0.01269,0.01269,0.01269,0.00000,0.00000
142.264,2,142246.000,11808,96000,0.000,120.0,4,72,2,0.01269,0.01269,0.01269,0.00000,0.00000
142.365,0,142346.000,16648,96000,1999.167,120.0,4,72,2,0.01265,0.01265,0.01265,0.00000,0.00000
142.365,1,142346.000,16648,96000,1999.167,120.0,4,72,2,0.01265,0.01265,0.01265,0.00000,0.00000
142.365,2,142346.000,16648,96000,1999.167,120.0,4,72,2,0.01265,0.01265,0.01265,0.00000,0.00000
142.467,0,142448.000,21540,96000,1999.250,120.0,4,72,2,0.01266,0.01266,0.01266,0.00000,0.00000
142.467,1,142448.000,21540,96000,1999.250,120.0,4,72,2,0.01266,0.01266,0.01266,0.00000,0.00000
142.467,2,142448.000,21540,96000,1999.250,120.0,4,72,2,0.01266,0.01266,0.01266,0.00000,0.00000
142.571,0,142552.000,26514,96000,1999.625,120.0,4,72,2,0.01263,0.01263,0.01263,0.00000,0.00000
142.571,1,142552.000,26514,96000,1999.625,120.0,4,72,2,0.01263,0.01263,0.01263,0.00000,0.00000
142.571,2,142552.000,26514,96000,1999.625,120.0,4,72,2,0.01263,0.01263,0.01263,0.00000,0.00000
142.674,0,142655.000,31457,96000,1999.646,120.0,4,72,2,0.01269,0.01269,0.01269,0.00000,0.00000
142.674,1,142655.000,31457,96000,1999.646,120.0,4,72,2,0.01269,0.01269,0.01269,0.00000,0.00000
142.674,2,142655.000,31457,96000,1999.646,120.0,4,72,2,0.01269,0.01269,0.01269,0.00000,0.00000
142.774,0,142756.000,36290,96000,1999.958,120.0,4,72,2,0.01269,0.01269,0.01269,0.00000,0.00000
142.774,1,142756.000,36290,96000,1999.958,120.0,4,72,2,0.01269,0.01269,0.01269,0.00000,0.00000
142.774,2,142756.000,36290,96000,1999.958,120.0,4,72,2,0.01269,0.01269,0.01269,0.00000,0.00000
142.877,0,142858.000,41203,96000,1999.604,120.0,4,72,2,0.01265,0.01265,0.01265,0.00000,0.00000
142.877,1,142858.000,41203,96000,1999.604,120.0,4,72,2,0.01265,0.01265,0.01265,0.00000,0.00000
142.877,2,142858.000,41203,96000,1999.604,120.0,4,72,2,0.01265,0.01265,0.01265,0.00000,0.00000
142.981,0,142962.000,46207,96000,1999.354,120.0,4,72,2,0.01266,0.01266,0.01266,0.00000,0.00000
142.981,1,142962.000,46207,96000,1999.354,120.0,4,72,2,0.01266,0.01266,0.01266,0.00000,0.00000
142.981,2,142962.000,46207,96000,1999.354,120.0,4,72,2,0.01266,0.01266,0.01266,0.00000,0.00000
143.083,0,143064.000,51099,96000,1999.438,120.0,4,72,2,0.01263,0.01263,0.01263,0.00000,0.00000
143.083,1,143064.000,51099,96000,1999.438,120.0,4,72,2,0.01263,0.01263,0.01263,0.00000,0.00000
143.083,2,143064.000,51099,96000,1999.438,120.0,4,72,2,0.01263,0.01263,0.01263,0.00000,0.00000
143.185,0,143166.000,55988,96000,1999.583,120.0,4,72,2,0.01268,0.01268,0.01268,0.00000,0.00000
143.185,1,143166.000,55988,96000,1999.583,120.0,4,72,2,0.01268,0.01268,0.01268,0.00000,0.00000
143.185,2,143166.000,55988,96000,1999.583,120.0,4,72,2,0.01268,0.01268,0.01268,0.00000,0.00000
143.286,0,143268.000,60868,96000,1999.917,120.0,4,72,2,0.01269,0.01269,0.01269,0.00000,0.00000
143.286,1,143268.000,60868,96000,1999.917,120.0,4,72,2,0.01269,0.01269,0.01269,0.00000,0.00000
143.286,2,143268.000,60868,96000,1999.917,120.0,4,72,2,0.01269,0.01269,0.01269,0.00000,0.00000
143.390,0,143372.000,65857,96000,1999.979,120.0,4,72,2,0.01265,0.01265,0.01265,0.00000,0.00000
143.390,1,143372.000,65857,96000,1999.979,120.0,4,72,2,0.01265,0.01265,0.01265,0.00000,0.00000
143.390,2,143372.000,65857,96000,1999.979,120.0,4,72,2,0.01265,0.01265,0.01265,0.00000,0.00000
143.491,0,143472.000,70694,96000,1999.208,120.0,4,72,2,0.01266,0.01266,0.01266,0.00000,0.00000
143.491,1,143472.000,70694,96000,1999.208,120.0,4,72,2,0.01266,0.01266,0.01266,0.00000,0.00000
143.491,2,143472.000,70694,96000,1999.208,120.0,4,72,2,0.01266,0.01266,0.01266,0.00000,0.00000
143.593,0,143575.000,75602,96000,1999.958,120.0,4,72,2,0.01263,0.01263,0.01263,0.00000,0.00000
143.593,1,143575.000,75602,96000,1999.958,120.0,4,72,2,0.01263,0.01263,0.01263,0.00000,0.00000
143.593,2,143575.000,75602,96000,1999.958,120.0,4,72,2,0.01263,0.01263,0.01263,0.00000,0.00000
143.697,0,143678.000,80561,96000,1999.646,120.0,4,72,2,0.01268,0.01268,0.01268,0.00000,0.00000
143.697,1,143678.000,80561,96000,1999.646,120.0,4,72,2,0.01268,0.01268,0.01268,0.00000,0.00000
143.697,2,143678.000,80561,96000,1999.646,120.0,4,72,2,0.01268,0.01268,0.01268,0.00000,0.00000
143.797,0,143778.000,85369,96000,1999.479,120.0,4,72,2,0.01269,0.01269,0.01269,0.00000,0.00000
143.797,1,143778.000,85369,96000,1999.479,120.0,4,72,2,0.01269,0.01269,0.01269,0.00000,0.00000
143.797,2,143778.000,85369,96000,1999.479,120.0,4,72,2,0.01269,0.01269,0.01269,0.00000,0.00000
143.897,0,143878.000,90171,96000,1999.438,120.0,4,72,2,0.01265,0.01265,0.01265,0.00000,0.00000
143.897,1,143878.000,90171,96000,1999.438,120.0,4,72,2,0.01265,0.01265,0.01265,0.00000,0.00000
143.897,2,143878.000,90171,96000,1999.438,120.0,4,72,2,0.01265,0.01265,0.01265,0.00000,0.00000
143.998,0,143979.000,95027,96000,1999.271,120.0,4,72,2,0.01262,0.01262,0.01262,0.00000,0.00000
143.998,1,143979.000,95027,96000,1999.271,120.0,4,72,2,0.01262,0.01262,0.01262,0.00000,0.00000
143.998,2,143979.000,95027,96000,1999.271,120.0,4,72,2,0.01262,0.01262,0.01262,0.00000,0.00000
144.101,0,144082.000,3951,96000,1999.688,120.0,4,73,2,0.01265,0.01265,0.01265,0.00000,0.00000
144.101,1,144082.000,3951,96000,1999.688,120.0,4,73,2,0.01265,0.01265,0.01265,0.00000,0.00000
144.101,2,144082.000,3951,96000,1999.688,120.0,4,73,2,0.01265,0.01265,0.01265,0.00000,0.00000
144.201,0,144182.000,8783,96000,1999.021,120.0,4,73,2,0.01269,0.01269,0.01269,0.00000,0.00000
144.201,1,144182.000,8783,96000,1999.021,120.0,4,73,2,0.01269,0.01269,0.01269,0.00000,0.00000
144.201,2,144182.000,8783,96000,1999.021,120.0,4,73,2,0.01269,0.01269,0.01269,0.00000,0.00000
144.303,0,144284.000,13667,96000,1999.271,120.0,4,73,2,0.01265,0.01265,0.01265,0.00000,0.00000
144.303,1,144284.000,13667,96000,1999.271,120.0,4,73,2,0.01265,0.01265,0.01265,0.00000,0.00000
144.303,2,144284.000,13667,96000,1999.271,120.0,4,73,2,0.01265,0.01265,0.01265,0.00000,0.00000
144.406,0,144388.000,18632,96000,1999.833,120.0,4,73,2,0.01261,0.01261,0.01261,0.00000,0.00000
144.406,1,144388.000,18632,96000,1999.833,120.0,4,73,2,0.01261,0.01261,0.01261,0.00000,0.00000
144.406,2,144388.000,18632,96000,1999.833,120.0,4,73,2,0.01261,0.01261,0.01261,0.00000,0.00000
144.510,0,144491.000,23589,96000,1999.562,120.0,4,73,2,0.01264,0.01264,0.01264,0.00000,0.00000
144.510,1,144491.000,23589,96000,1999.562,120.0,4,73,2,0.01264,0.01264,0.01264,0.00000,0.00000
144.510,2,144491.000,23589,96000,1999.562,120.0,4,73,2,0.01264,0.01264,0.01264,0.00000,0.00000
144.613,0,144594.000,28525,96000,1999.729,120.0,4,73,2,0.01269,0.01269,0.01269,0.00000,0.00000
144.613,1,144594.000,28525,96000,1999.729,120.0,4,73,2,0.01269,0.01269,0.01269,0.00000,0.00000
144.613,2,144594.000,28525,96000,1999.729,120.0,4,73,2,0.01269,0.01269,0.01269,0.00000,0.00000
144.716,0,144697.000,33478,96000,1999.542,120.0,4,73,2,0.01264,0.01264,0.01264,0.00000,0.00000
144.716,1,144697.000,33478,96000,1999.542,120.0,4,73,2,0.01264,0.01264,0.01264,0.00000,0.00000
144.716,2,144697.000,33478,96000,1999.542,120.0,4,73,2,0.01264,0.01264,0.01264,0.00000,0.00000
144.817,0,144799.000,38360,96000,1999.833,120.0,4,73,2,0.01259,0.01259,0.01259,0.00000,0.00000
144.817,1,144799.000,38360,96000,1999.833,120.0,4,73,2,0.01259,0.01259,0.01259,0.00000,0.00000
144.817,2,144799.000,38360,96000,1999.833,120.0,4,73,2,0.01259,0.01259,0.01259,0.00000,0.00000
144.918,0,144899.000,43172,96000,1999.583,120.0,4,73,2,0.01266,0.01266,0.01266,0.00000,0.00000
144.918,1,144899.000,43172,96000,1999.583,120.0,4,73,2,0.01266,0.01266,0.01266,0.00000,0.00000
144.918,2,144899.000,43172,96000,1999.583,120.0,4,73,2,0.01266,0.01266,0.01266,0.00000,0.00000
145.020,0,145001.000,48075,96000,1999.438,120.0,4,73,2,0.01264,0.01264,0.01264,0.00000,0.00000
145.020,1,145001.000,48075,96000,1999.438,120.0,4,73,2,0.01264,0.01264,0.01264,0.00000,0.00000
145.020,2,145001.000,48075,96000,1999.438,120.0,4,73,2,0.01264,0.01264,0.01264,0.00000,0.00000
145.123,0,145104.000,53012,96000,1999.583,120.0,4,73,2,0.01269,0.01269,0.01269,0.00000,0.00000
145.123,1,145104.000,53012,96000,1999.583,120.0,4,73,2,0.01269,0.01269,0.01269,0.00000,0.00000
145.123,2,145104.000,53012,96000,1999.583,120.0,4,73,2,0.01269,0.01269,0.01269,0.00000,0.00000
145.227,0,145208.000,58009,96000,1999.479,120.0,4,73,2,0.01269,0.01269,0.01269,0.00000,0.00000
145.227,1,145208.000,58009,96000,1999.479,120.0,4,73,2,0.01269,0.01269,0.01269,0.00000,0.00000
145.227,2,145208.000,58009,96000,1999.479,120.0,4,73,2,0.01269,0.01269,0.01269,0.00000,0.00000
145.330,0,145312.000,62983,96000,1999.854,120.0,4,73,2,0.01259,0.01259,0.01259,0.00000,0.00000
145.330,1,145312.000,62983,96000,1999.854,120.0,4,73,2,0.01259,0.01259,0.01259,0.00000,0.00000
145.330,2,145312.000,62983,96000,1999.854,120.0,4,73,2,0.01259,0.01259,0.01259,0.00000,0.00000
145.431,0,145412.000,67797,96000,1999.562,120.0,4,73,2,0.01261,0.01261,0.01261,0.00000,0.00000
145.431,1,145412.000,67797,96000,1999.562,120.0,4,73,2,0.01261,0.01261,0.01261,0.00000,0.00000
145.431,2,145412.000,67797,96000,1999.562,120.0,4,73,2,0.01261,0.01261,0.01261,0.00000,0.00000
145.532,0,145514.000,72678,96000,1999.875,120.0,4,73,2,0.01264,0.01264,0.01264,0.00000,0.00000
145.532,1,145514.000,72678,96000,1999.875,120.0,4,73,2,0.01264,0.01264,0.01264,0.00000,0.00000
145.532,2,145514.000,72678,96000,1999.875,120.0,4,73,2,0.01264,0.01264,0.01264,0.00000,0.00000
145.636,0,145617.000,77656,96000,1999.167,120.0,4,73,2,0.01269,0.01269,0.01269,0.00000,0.00000
145.636,1,145617.000,77656,96000,1999.167,120.0,4,73,2,0.01269,0.01269,0.01269,0.00000,0.00000
145.636,2,145617.000,77656,96000,1999.167,120.0,4,73,2,0.01269,0.01269,0.01269,0.00000,0.00000
145.739,0,145720.000,82595,96000,1999.271,120.0,4,73,2,0.01264,0.01264,0.01264,0.00000,0.00000
145.739,1,145720.000,82595,96000,1999.271,120.0,4,73,2,0.01264,0.01264,0.01264,0.00000,0.00000
145.739,2,145720.000,82595,96000,1999.271,120.0,4,73,2,0.01264,0.01264,0.01264,0.00000,0.00000
145.840,0,145821.000,87442,96000,1999.292,120.0,4,73,2,0.01263,0.01263,0.01263,0.00000,0.00000
145.840,1,145821.000,87442,96000,1999.292,120.0,4,73,2,0.01263,0.01263,0.01263,0.00000,0.00000
145.840,2,145821.000,87442,96000,1999.292,120.0,4,73,2,0.01263,0.01263,0.01263,0.00000,0.00000
145.941,0,145922.000,92301,96000,1999.062,120.0,4,73,2,0.01266,0.01266,0.01266,0.00000,0.00000
145.941,1,145922.000,92301,96000,1999.062,120.0,4,73,2,0.01266,0.01266,0.01266,0.00000,0.00000
145.941,2,145922.000,92301,96000,1999.062,120.0,4,73,2,0.01266,0.01266,0.01266,0.00000,0.00000
146.047,0,146028.000,1366,96000,1999.542,120.0,4,74,2,0.01273,0.01273,0.01273,0.00000,0.00000
146.047,1,146028.000,1366,96000,1999.542,120.0,4,74,2,0.01273,0.01273,0.01273,0.00000,0.00000
146.047,2,146028.000,1366,96000,1999.542,120.0,4,74,2,0.01273,0.01273,0.01273,0.00000,0.00000
146.147,0,146128.000,6181,96000,1999.229,120.0,4,74,2,0.01266,0.01266,0.01266,0.00000,0.00000
146.147,1,146128.000,6181,96000,1999.229,120.0,4,74,2,0.01266,0.01266,0.01266,0.00000,0.00000
146.147,2,146128.000,6181,96000,1999.229,120.0,4,74,2,0.01266,0.01266,0.01266,0.00000,0.00000
146.249,0,146230.000,11069,96000,1999.396,120.0,4,74,2,0.01260,0.01260,0.01260,0.00000,0.00000
146.249,1,146230.000,11069,96000,1999.396,120.0,4,74,2,0.01260,0.01260,0.01260,0.00000,0.00000
146.249,2,146230.000,11069,96000,1999.396,120.0,4,74,2,0.01260,0.01260,0.01260,0.00000,0.00000
146.351,0,146332.000,15982,96000,1999.042,120.0,4,74,2,0.01262,0.01262,0.01262,0.00000,0.00000
146.351,1,146332.000,15982,96000,1999.042,120.0,4,74,2,0.01262,0.01262,0.01262,0.00000,0.00000
146.351,2,146332.000,15982,96000,1999.042,120.0,4,74,2,0.01262,0.01262,0.01262,0.00000,0.00000
146.451,0,146433.000,20792,96000,1999.833,120.0,4,74,2,0.01269,0.01269,0.01269,0.00000,0.00000
146.451,1,146433.000,20792,96000,1999.833,120.0,4,74,2,0.01269,0.01269,0.01269,0.00000,0.00000
146.451,2,146433.000,20792,96000,1999.833,120.0,4,74,2,0.01269,0.01269,0.01269,0.00000,0.00000
146.553,0,146534.000,25657,96000,1999.479,120.0,4,74,2,0.01265,0.01265,0.01265,0.00000,0.00000
146.553,1,146534.000,25657,96000,1999.479,120.0,4,74,2,0.01265,0.01265,0.01265,0.00000,0.00000
146.553,2,146534.000,25657,96000,1999.479,120.0,4,74,2,0.01265,0.01265,0.01265,0.00000,0.00000
146.654,0,146635.000,30500,96000,1999.583,120.0,4,74,2,0.01261,0.01261,0.01261,0.00000,0.00000
146.654,1,146635.000,30500,96000,1999.583,120.0,4,74,2,0.01261,0.01261,0.01261,0.00000,0.00000
146.654,2,146635.000,30500,96000,1999.583,120.0,4,74,2,0.01261,0.01261,0.01261,0.00000,0.00000
146.757,0,146738.000,35443,96000,1999.604,120.0,4,74,2,0.01258,0.01258,0.01258,0.00000,0.00000
146.757,1,146738.000,35443,96000,1999.604,120.0,4,74,2,0.01258,0.01258,0.01258,0.00000,0.00000
146.757,2,146738.000,35443,96000,1999.604,120.0,4,74,2,0.01258,0.01258,0.01258,0.00000,0.00000
146.858,0,146839.000,40281,96000,1999.812,120.0,4,74,2,0.01260,0.01260,0.01260,0.00000,0.00000
146.858,1,146839.000,40281,96000,1999.812,120.0,4,74,2,0.01260,0.01260,0.01260,0.00000,0.00000
146.858,2,146839.000,40281,96000,1999.812,120.0,4,74,2,0.01260,0.01260,0.01260,0.00000,0.00000
146.959,0,146940.000,45146,96000,1999.458,120.0,4,74,2,0.01264,0.01264,0.01264,0.00000,0.00000
146.959,1,146940.000,45146,96000,1999.458,120.0,4,74,2,0.01264,0.01264,0.01264,0.00000,0.00000
146.959,2,146940.000,45146,96000,1999.458,120.0,4,74,2,0.01264,0.01264,0.01264,0.00000,0.00000
147.064,0,147045.000,50173,96000,1999.729,120.0,4,74,2,0.11506,0.11481,0.11506,0.00000,0.00000
147.064,1,147045.000,50173,96000,1999.729,120.0,4,74,2,0.11481,0.11481,0.11439,0.00000,0.00000
147.064,2,147045.000,50173,96000,1999.729,120.0,4,74,2,0.11506,0.11439,0.11506,0.00000,0.00000
147.166,0,147148.000,55107,96000,1999.938,120.0,4,74,2,0.07503,0.07487,0.07503,0.00000,0.00000
147.166,1,147148.000,55107,96000,1999.938,120.0,4,74,2,0.07487,0.07487,0.07460,0.00000,0.00000
147.166,2,147148.000,55107,96000,1999.938,120.0,4,74,2,0.07503,0.07460,0.07503,0.00000,0.00000
147.268,0,147249.000,59971,96000,1999.604,120.0,4,74,2,0.04923,0.04912,0.04923,0.00000,0.00000
147.268,1,147249.000,59971,96000,1999.604,120.0,4,74,2,0.04912,0.04912,0.04895,0.00000,0.00000
147.268,2,147249.000,59971,96000,1999.604,120.0,4,74,2,0.04923,0.04895,0.04923,0.00000,0.00000
147.370,0,147352.000,64898,96000,1999.958,120.0,4,74,2,0.03212,0.03205,0.03212,0.00000,0.00000
147.370,1,147352.000,64898,96000,1999.958,120.0,4,74,2,0.03205,0.03205,0.03194,0.00000,0.00000
147.370,2,147352.000,64898,96000,1999.958,120.0,4,74,2,0.03212,0.03194,0.03212,0.00000,0.00000
147.472,0,147454.000,69801,96000,1999.812,120.0,4,74,2,0.02101,0.02096,0.02101,0.00000,0.00000
147.472,1,147454.000,69801,96000,1999.812,120.0,4,74,2,0.02096,0.02096,0.02088,0.00000,0.00000
147.472,2,147454.000,69801,96000,1999.812,120.0,4,74,2,0.02101,0.02088,0.02101,0.00000,0.00000
147.573,0,147554.000,74620,96000,1999.417,120.0,4,74,2,0.01384,0.01381,0.01384,0.00000,0.00000
147.573,1,147554.000,74620,96000,1999.417,120.0,4,74,2,0.01381,0.01381,0.01376,0.00000,0.00000
147.573,2,147554.000,74620,96000,1999.417,120.0,4,74,2,0.01384,0.01376,0.01384,0.00000,0.00000
147.674,0,147655.000,79466,96000,1999.458,120.0,4,74,2,0.01269,0.01269,0.01269,0.00000,0.00000
147.674,1,147655.000,79466,96000,1999.458,120.0,4,74,2,0.01269,0.01269,0.01269,0.00000,0.00000
147.674,2,147655.000,79466,96000,1999.458,120.0,4,74,2,0.01269,0.01269,0.01269,0.00000,0.00000
147.775,0,147756.000,84330,96000,1999.125,120.0,4,74,2,0.01265,0.01265,0.01265,0.00000,0.00000
147.775,1,147756.000,84330,96000,1999.125,120.0,4,74,2,0.01265,0.01265,0.01265,0.00000,0.00000
147.775,2,147756.000,84330,96000,1999.125,120.0,4,74,2,0.01265,0.01265,0.01265,0.00000,0.00000
147.876,0,147858.000,89188,96000,1999.917,120.0,4,74,2,0.01266,0.01266,0.01266,0.00000,0.00000
147.876,1,147858.000,89188,96000,1999.917,120.0,4,74,2,0.01266,0.01266,0.01266,0.00000,0.00000
147.876,2,147858.000,89188,96000,1999.917,120.0,4,74,2,0.01266,0.01266,0.01266,0.00000,0.00000
147.980,0,147961.000,94161,96000,1999.312,120.0,4,74,2,0.01264,0.01264,0.01264,0.00000,0.00000
147.980,1,147961.000,94161,96000,1999.312,120.0,4,74,2,0.01264,0.01264,0.01264,0.00000,0.00000
147.980,2,147961.000,94161,96000,1999.312,120.0,4,74,2,0.01264,0.01264,0.01264,0.00000,0.00000
148.081,0,148062.000,3016,96000,1999.167,120.0,4,75,2,0.01266,0.01266,0.00963,0.00000,0.00000
148.081,1,148062.000,3016,96000,1999.167,120.0,4,75,2,0.01266,0.00963,0.01266,0.00000,0.00000
148.081,2,148062.000,3016,96000,1999.167,120.0,4,75,2,0.01266,0.01266,0.01266,0.00000,0.00000
148.184,0,148166.000,7970,96000,1999.958,120.0,4,75,2,0.01260,0.01260,0.00627,0.00000,0.00000
148.184,1,148166.000,7970,96000,1999.958,120.0,4,75,2,0.01260,0.00627,0.01260,0.00000,0.00000
148.184,2,148166.000,7970,96000,1999.958,120.0,4,75,2,0.01260,0.01260,0.01260,0.00000,0.00000
148.285,0,148266.000,12781,96000,1999.729,120.0,4,75,2,0.01259,0.01259,0.00413,0.00000,0.00000
148.285,1,148266.000,12781,96000,1999.729,120.0,4,75,2,0.01259,0.00413,0.01259,0.00000,0.00000
148.285,2,148266.000,12781,96000,1999.729,120.0,4,75,2,0.01259,0.01259,0.01259,0.00000,0.00000
148.389,0,148370.000,17788,96000,1999.417,120.0,4,75,2,0.01269,0.01269,0.00268,0.00000,0.00000
148.389,1,148370.000,17788,96000,1999.417,120.0,4,75,2,0.01269,0.00268,0.01269,0.00000,0.00000
148.389,2,148370.000,17788,96000,1999.417,120.0,4,75,2,0.01269,0.01269,0.01269,0.00000,0.00000
148.491,0,148473.000,22706,96000,1999.958,120.0,4,75,2,0.01265,0.01265,0.00175,0.00000,0.00000
148.491,1,148473.000,22706,96000,1999.958,120.0,4,75,2,0.01265,0.00175,0.01265,0.00000,0.00000
148.491,2,148473.000,22706,96000,1999.958,120.0,4,75,2,0.01265,0.01265,0.01265,0.00000,0.00000
148.592,0,148574.000,27556,96000,1999.917,120.0,4,75,2,0.01266,0.01266,0.00115,0.00000,0.00000
148.592,1,148574.000,27556,96000,1999.917,120.0,4,75,2,0.01266,0.00115,0.01266,0.00000,0.00000
148.592,2,148574.000,27556,96000,1999.917,120.0,4,75,2,0.01266,0.01266,0.01266,0.00000,0.00000
148.693,0,148674.000,32364,96000,1999.750,120.0,4,75,2,0.01258,0.01258,0.00076,0.00000,0.00000
148.693,1,148674.000,32364,96000,1999.750,120.0,4,75,2,0.01258,0.00076,0.01258,0.00000,0.00000
148.693,2,148674.000,32364,96000,1999.750,120.0,4,75,2,0.01258,0.01258,0.01258,0.00000,0.00000
148.795,0,148776.000,37261,96000,1999.729,120.0,4,75,2,0.01260,0.01260,0.00050,0.00000,0.00000
148.795,1,148776.000,37261,96000,1999.729,120.0,4,75,2,0.01260,0.00050,0.01260,0.00000,0.00000
148.795,2,148776.000,37261,96000,1999.729,120.0,4,75,2,0.01260,0.01260,0.01260,0.00000,0.00000
148.897,0,148878.000,42180,96000,1999.250,120.0,4,75,2,0.01265,0.01265,0.00032,0.00000,0.00000
148.897,1,148878.000,42180,96000,1999.250,120.0,4,75,2,0.01265,0.00032,0.01265,0.00000,0.00000
148.897,2,148878.000,42180,96000,1999.250,120.0,4,75,2,0.01265,0.01265,0.01265,0.00000,0.00000
149.001,0,148983.000,47184,96000,0.000,120.0,4,75,2,0.01265,0.01265,0.00021,0.00000,0.00000
149.001,1,148983.000,47184,96000,0.000,120.0,4,75,2,0.01265,0.00021,0.01265,0.00000,0.00000
149.001,2,148983.000,47184,96000,0.000,120.0,4,75,2,0.01265,0.01265,0.01265,0.00000,0.00000
149.105,0,149087.000,52177,96000,1999.979,120.0,4,75,2,0.01266,0.01266,0.00014,0.00000,0.00000
149.105,1,149087.000,52177,96000,1999.979,120.0,4,75,2,0.01266,0.00014,0.01266,0.00000,0.00000
149.105,2,149087.000,52177,96000,1999.979,120.0,4,75,2,0.01266,0.01266,0.01266,0.00000,0.00000
149.209,0,149190.000,57144,96000,1999.500,120.0,4,75,2,0.01260,0.01260,0.00009,0.00000,0.00000
149.209,1,149190.000,57144,96000,1999.500,120.0,4,75,2,0.01260,0.00009,0.01260,0.00000,0.00000
149.209,2,149190.000,57144,96000,1999.500,120.0,4,75,2,0.01260,0.01260,0.01260,0.00000,0.00000
149.309,0,149290.000,61964,96000,1999.083,120.0,4,75,2,0.01259,0.01259,0.00006,0.00000,0.00000
149.309,1,149290.000,61964,96000,1999.083,120.0,4,75,2,0.01259,0.00006,0.01259,0.00000,0.00000
149.309,2,149290.000,61964,96000,1999.083,120.0,4,75,2,0.01259,0.01259,0.01259,0.00000,0.00000
149.411,0,149392.000,66838,96000,1999.542,120.0,4,75,2,0.01269,0.01269,0.00004,0.00000,0.00000
149.411,1,149392.000,66838,96000,1999.542,120.0,4,75,2,0.01269,0.00004,0.01269,0.00000,0.00000
149.411,2,149392.000,66838,96000,1999.542,120.0,4,75,2,0.01269,0.01269,0.01269,0.00000,0.00000
149.514,0,149495.000,71798,96000,1999.208,120.0,4,75,2,0.01265,0.01265,0.00002,0.00000,0.00000
149.514,1,149495.000,71798,96000,1999.208,120.0,4,75,2,0.01265,0.00002,0.01265,0.00000,0.00000
149.514,2,149495.000,71798,96000,1999.208,120.0,4,75,2,0.01265,0.01265,0.01265,0.00000,0.00000
149.619,0,149600.000,76819,96000,1999.604,120.0,4,75,2,0.01266,0.01266,0.00002,0.00000,0.00000
149.619,1,149600.000,76819,96000,1999.604,120.0,4,75,2,0.01266,0.00002,0.01266,0.00000,0.00000
149.619,2,149600.000,76819,96000,1999.604,120.0,4,75,2,0.01266,0.01266,0.01266,0.00000,0.00000
149.722,0,149703.000,81789,96000,1999.062,120.0,4,75,2,0.01263,0.01263,0.00001,0.00000,0.00000
149.722,1,149703.000,81789,96000,1999.062,120.0,4,75,2,0.01263,0.00001,0.01263,0.00000,0.00000
149.722,2,149703.000,81789,96000,1999.062,120.0,4,75,2,0.01263,0.01263,0.01263,0.00000,0.00000
149.825,0,149806.000,86710,96000,1999.542,120.0,4,75,2,0.01268,0.01268,0.00001,0.00000,0.00000
149.825,1,149806.000,86710,96000,1999.542,120.0,4,75,2,0.01268,0.00001,0.01268,0.00000,0.00000
149.825,2,149806.000,86710,96000,1999.542,120.0,4,75,2,0.01268,0.01268,0.01268,0.00000,0.00000
149.928,0,149909.000,91675,96000,1999.104,120.0,4,75,2,0.01269,0.01269,0.00000,0.00000,0.00000
149.928,1,149909.000,91675,96000,1999.104,120.0,4,75,2,0.01269,0.00000,0.01269,0.00000,0.00000
149.928,2,149909.000,91675,96000,1999.104,120.0,4,75,2,0.01269,0.01269,0.01269,0.00000,0.00000
150.048,0,150029.000,1426,96000,1999.292,120.0,4,76,2,0.01273,0.01273,0.01273,0.00000,0.00000
150.048,1,150029.000,1426,96000,1999.292,120.0,4,76,2,0.01273,0.01273,0.01273,0.00000,0.00000
150.048,2,150029.000,1426,96000,1999.292,120.0,4,76,2,0.01273,0.01273,0.01273,0.00000,0.00000
150.150,0,150131.000,6316,96000,1999.417,120.0,4,76,2,0.01266,0.01266,0.01266,0.00000,0.00000
150.150,1,150131.000,6316,96000,1999.417,120.0,4,76,2,0.01266,0.01266,0.01266,0.00000,0.00000
150.150,2,150131.000,6316,96000,1999.417,120.0,4,76,2,0.01266,0.01266,0.01266,0.00000,0.00000
150.251,0,150233.000,11188,96000,1999.917,120.0,4,76,2,0.01264,0.01264,0.01264,0.00000,0.00000
150.251,1,150233.000,11188,96000,1999.917,120.0,4,76,2,0.01264,0.01264,0.01264,0.00000,0.00000
150.251,2,150233.000,11188,96000,1999.917,120.0,4,76,2,0.01264,0.01264,0.01264,0.00000,0.00000
150.353,0,150335.000,16085,96000,1999.896,120.0,4,76,2,0.01269,0.01269,0.01269,0.00000,0.00000
150.353,1,150335.000,16085,96000,1999.896,120.0,4,76,2,0.01269,0.01269,0.01269,0.00000,0.00000
150.353,2,150335.000,16085,96000,1999.896,120.0,4,76,2,0.01269,0.01269,0.01269,0.00000,0.00000
150.455,0,150436.000,20955,96000,1999.438,120.0,4,76,2,0.01269,0.01269,0.01269,0.00000,0.00000
150.455,1,150436.000,20955,96000,1999.438,120.0,4,76,2,0.01269,0.01269,0.01269,0.00000,0.00000
150.455,2,150436.000,20955,96000,1999.438,120.0,4,76,2,0.01269,0.01269,0.01269,0.00000,0.00000
150.556,0,150537.000,25803,96000,1999.438,120.0,4,76,2,0.01265,0.01265,0.01265,0.00000,0.00000
150.556,1,150537.000,25803,96000,1999.438,120.0,4,76,2,0.01265,0.01265,0.01265,0.00000,0.00000
150.556,2,150537.000,25803,96000,1999.438,120.0,4,76,2,0.01265,0.01265,0.01265,0.00000,0.00000
150.656,0,150637.000,30608,96000,1999.333,120.0,4,76,2,0.01266,0.01266,0.01266,0.00000,0.00000
150.656,1,150637.000,30608,96000,1999.333,120.0,4,76,2,0.01266,0.01266,0.01266,0.00000,0.00000
150.656,2,150637.000,30608,96000,1999.333,120.0,4,76,2,0.01266,0.01266,0.01266,0.00000,0.00000
150.759,0,150740.000,35552,96000,1999.333,120.0,4,76,2,0.01258,0.01258,0.01258,0.00000,0.00000
150.759,1,150740.000,35552,96000,1999.333,120.0,4,76,2,0.01258,0.01258,0.01258,0.00000,0.00000
150.759,2,150740.000,35552,96000,1999.333,120.0,4,76,2,0.01258,0.01258,0.01258,0.00000,0.00000
150.863,0,150844.000,40523,96000,1999.771,120.0,4,76,2,0.01254,0.01254,0.01254,0.00000,0.00000
150.863,1,150844.000,40523,96000,1999.771,120.0,4,76,2,0.01254,0.01254,0.01254,0.00000,0.00000
150.863,2,150844.000,40523,96000,1999.771,120.0,4,76,2,0.01254,0.01254,0.01254,0.00000,0.00000
150.965,0,150946.000,45444,96000,1999.250,120.0,4,76,2,0.01269,0.01269,0.01269,0.00000,0.00000
150.965,1,150946.000,45444,96000,1999.250,120.0,4,76,2,0.01269,0.01269,0.01269,0.00000,0.00000
150.965,2,150946.000,45444,96000,1999.250,120.0,4,76,2,0.01269,0.01269,0.01269,0.00000,0.00000
151.067,0,151048.000,50319,96000,1999.688,120.0,4,76,2,0.01264,0.01264,0.01264,0.00000,0.00000
151.067,1,151048.000,50319,96000,1999.688,120.0,4,76,2,0.01264,0.01264,0.01264,0.00000,0.00000
151.067,2,151048.000,50319,96000,1999.688,120.0,4,76,2,0.01264,0.01264,0.01264,0.00000,0.00000
151.168,0,151149.000,55180,96000,1999.417,120.0,4,76,2,0.01266,0.01266,0.01266,0.00000,0.00000
151.168,1,151149.000,55180,96000,1999.417,120.0,4,76,2,0.01266,0.01266,0.01266,0.00000,0.00000
151.168,2,151149.000,55180,96000,1999.417,120.0,4,76,2,0.01266,0.01266,0.01266,0.00000,0.00000
151.272,0,151253.000,60163,96000,1999.604,120.0,4,76,2,0.01260,0.01260,0.01260,0.00000,0.00000
151.272,1,151253.000,60163,96000,1999.604,120.0,4,76,2,0.01260,0.01260,0.01260,0.00000,0.00000
151.272,2,151253.000,60163,96000,1999.604,120.0,4,76,2,0.01260,0.01260,0.01260,0.00000,0.00000
151.372,0,151353.000,64991,96000,1999.021,120.0,4,76,2,0.01259,0.01259,0.01259,0.00000,0.00000
151.372,1,151353.000,64991,96000,1999.021,120.0,4,76,2,0.01259,0.01259,0.01259,0.00000,0.00000
151.372,2,151353.000,64991,96000,1999.021,120.0,4,76,2,0.01259,0.01259,0.01259,0.00000,0.00000
151.476,0,151457.000,69966,96000,1999.375,120.0,4,76,2,0.01269,0.01269,0.01269,0.00000,0.00000
151.476,1,151457.000,69966,96000,1999.375,120.0,4,76,2,0.01269,0.01269,0.01269,0.00000,0.00000
151.476,2,151457.000,69966,96000,1999.375,120.0,4,76,2,0.01269,0.01269,0.01269,0.00000,0.00000
151.580,0,151561.000,74938,96000,1999.792,120.0,4,76,2,0.01265,0.01265,0.01265,0.00000,0.00000
151.580,1,151561.000,74938,96000,1999.792,120.0,4,76,2,0.01265,0.01265,0.01265,0.00000,0.00000
151.580,2,151561.000,74938,96000,1999.792,120.0,4,76,2,0.01265,0.01265,0.01265,0.00000,0.00000
151.683,0,151664.000,79909,96000,1999.229,120.0,4,76,2,0.01266,0.01266,0.01266,0.00000,0.00000
151.683,1,151664.000,79909,96000,1999.229,120.0,4,76,2,0.01266,0.01266,0.01266,0.00000,0.00000
151.683,2,151664.000,79909,96000,1999.229,120.0,4,76,2,0.01266,0.01266,0.01266,0.00000,0.00000
151.786,0,151767.000,84843,96000,1999.438,120.0,4,76,2,0.01263,0.01263,0.01263,0.00000,0.00000
151.786,1,151767.000,84843,96000,1999.438,120.0,4,76,2,0.01263,0.01263,0.01263,0.00000,0.00000
151.786,2,151767.000,84843,96000,1999.438,120.0,4,76,2,0.01263,0.01263,0.01263,0.00000,0.00000
151.886,0,151868.000,89671,96000,1999.854,120.0,4,76,2,0.01254,0.01254,0.01254,0.00000,0.00000
151.886,1,151868.000,89671,96000,1999.854,120.0,4,76,2,0.01254,0.01254,0.01254,0.00000,0.00000
151.886,2,151868.000,89671,96000,1999.854,120.0,4,76,2,0.01254,0.01254,0.01254,0.00000,0.00000
151.988,0,151969.000,94549,96000,1999.229,120.0,4,76,2,0.01269,0.01269,0.01269,0.00000,0.00000
151.988,1,151969.000,94549,96000,1999.229,120.0,4,76,2,0.01269,0.01269,0.01269,0.00000,0.00000
151.988,2,151969.000,94549,96000,1999.229,120.0,4,76,2,0.01269,0.01269,0.01269,0.00000,0.00000
152.088,0,152070.000,3365,96000,1999.896,120.0,4,77,2,0.01260,0.01260,0.01260,0.00000,0.00000
152.088,1,152070.000,3365,96000,1999.896,120.0,4,77,2,0.01260,0.01260,0.00933,0.00000,0.00000
152.088,2,152070.000,3365,96000,1999.896,120.0,4,77,2,0.01260,0.01260,0.01260,0.00000,0.00000
152.189,0,152170.000,8197,96000,1999.229,120.0,4,77,2,0.01264,0.01264,0.01264,0.00000,0.00000
152.189,1,152170.000,8197,96000,1999.229,120.0,4,77,2,0.01264,0.01264,0.00614,0.00000,0.00000
152.189,2,152170.000,8197,96000,1999.229,120.0,4,77,2,0.01264,0.01264,0.01264,0.00000,0.00000
152.291,0,152272.000,13101,96000,1999.062,120.0,4,77,2,0.01269,0.01269,0.01269,0.00000,0.00000
152.291,1,152272.000,13101,96000,1999.062,120.0,4,77,2,0.01269,0.01269,0.00401,0.00000,0.00000
152.291,2,152272.000,13101,96000,1999.062,120.0,4,77,2,0.01269,0.01269,0.01269,0.00000,0.00000
152.396,0,152377.000,18106,96000,1999.792,120.0,4,77,2,0.01269,0.01269,0.01269,0.00000,0.00000
152.396,1,152377.000,18106,96000,1999.792,120.0,4,77,2,0.01269,0.01269,0.00260,0.00000,0.00000
152.396,2,152377.000,18106,96000,1999.792,120.0,4,77,2,0.01269,0.01269,0.01269,0.00000,0.00000
152.500,0,152481.000,23118,96000,1999.375,120.0,4,77,2,0.01258,0.01258,0.01258,0.00000,0.00000
152.500,1,152481.000,23118,96000,1999.375,120.0,4,77,2,0.01258,0.01258,0.00168,0.00000,0.00000
152.500,2,152481.000,23118,96000,1999.375,120.0,4,77,2,0.01258,0.01258,0.01258,0.00000,0.00000
152.600,0,152582.000,27942,96000,1999.875,120.0,4,77,2,0.01260,0.01260,0.01260,0.00000,0.00000
152.600,1,152582.000,27942,96000,1999.875,120.0,4,77,2,0.01260,0.01260,0.00111,0.00000,0.00000
152.600,2,152582.000,27942,96000,1999.875,120.0,4,77,2,0.01260,0.01260,0.01260,0.00000,0.00000
152.701,0,152683.000,32789,96000,1999.896,120.0,4,77,2,0.01264,0.01264,0.01264,0.00000,0.00000
152.701,1,152683.000,32789,96000,1999.896,120.0,4,77,2,0.01264,0.01264,0.00073,0.00000,0.00000
152.701,2,152683.000,32789,96000,1999.896,120.0,4,77,2,0.01264,0.01264,0.01264,0.00000,0.00000
152.804,0,152785.000,37695,96000,1999.688,120.0,4,77,2,0.01269,0.01269,0.01269,0.00000,0.00000
152.804,1,152785.000,37695,96000,1999.688,120.0,4,77,2,0.01269,0.01269,0.00048,0.00000,0.00000
152.804,2,152785.000,37695,96000,1999.688,120.0,4,77,2,0.01269,0.01269,0.01269,0.00000,0.00000
152.906,0,152887.000,42607,96000,1999.354,120.0,4,77,2,0.01269,0.01269,0.01269,0.00000,0.00000
152.906,1,152887.000,42607,96000,1999.354,120.0,4,77,2,0.01269,0.01269,0.00031,0.00000,0.00000
152.906,2,152887.000,42607,96000,1999.354,120.0,4,77,2,0.01269,0.01269,0.01269,0.00000,0.00000
153.007,0,152989.000,47476,96000,1999.917,120.0,4,77,2,0.01263,0.01263,0.01263,0.00000,0.00000
153.007,1,152989.000,47476,96000,1999.917,120.0,4,77,2,0.01263,0.01263,0.00020,0.00000,0.00000
153.007,2,152989.000,47476,96000,1999.917,120.0,4,77,2,0.01263,0.01263,0.01263,0.00000,0.00000
153.109,0,153091.000,52370,96000,1999.958,120.0,4,77,2,0.01266,0.01266,0.01266,0.00000,0.00000
153.109,1,153091.000,52370,96000,1999.958,120.0,4,77,2,0.01266,0.01266,0.00013,0.00000,0.00000
153.109,2,153091.000,52370,96000,1999.958,120.0,4,77,2,0.01266,0.01266,0.01266,0.00000,0.00000
153.210,0,153191.000,57188,96000,1999.583,120.0,4,77,2,0.01263,0.01263,0.01263,0.00000,0.00000
153.210,1,153191.000,57188,96000,1999.583,120.0,4,77,2,0.01263,0.01263,0.00009,0.00000,0.00000
153.210,2,153191.000,57188,96000,1999.583,120.0,4,77,2,0.01263,0.01263,0.01263,0.00000,0.00000
153.313,0,153295.000,62164,96000,1999.917,120.0,4,77,2,0.01269,0.01269,0.01269,0.00000,0.00000
153.313,1,153295.000,62164,96000,1999.917,120.0,4,77,2,0.01269,0.01269,0.00006,0.00000,0.00000
153.313,2,153295.000,62164,96000,1999.917,120.0,4,77,2,0.01269,0.01269,0.01269,0.00000,0.00000
153.414,0,153395.000,66979,96000,1999.604,120.0,4,77,2,0.01269,0.01269,0.01269,0.00000,0.00000
153.414,1,153395.000,66979,96000,1999.604,120.0,4,77,2,0.01269,0.01269,0.00004,0.00000,0.00000
153.414,2,153395.000,66979,96000,1999.604,120.0,4,77,2,0.01269,0.01269,0.01269,0.00000,0.00000
153.515,0,153496.000,71829,96000,1999.562,120.0,4,77,2,0.01269,0.01269,0.01248,0.00000,0.00000
153.515,1,153496.000,71829,96000,1999.562,120.0,4,77,2,0.01269,0.01269,0.00002,0.00000,0.00000
153.515,2,153496.000,71829,96000,1999.562,120.0,4,77,2,0.01275,0.01275,0.01248,0.00000,0.00000
153.617,0,153598.000,76739,96000,1999.271,120.0,4,77,2,0.09270,0.09270,0.09250,0.00000,0.00000
153.617,1,153598.000,76739,96000,1999.271,120.0,4,77,2,0.09270,0.09270,0.00002,0.00000,0.00000
153.617,2,153598.000,76739,96000,1999.271,120.0,4,77,2,0.09250,0.09221,0.09250,0.00000,0.00000
153.718,0,153699.000,81565,96000,1999.729,120.0,4,77,2,0.06102,0.06102,0.06089,0.00000,0.00000
153.718,1,153699.000,81565,96000,1999.729,120.0,4,77,2,0.06102,0.06102,0.00001,0.00000,0.00000
153.718,2,153699.000,81565,96000,1999.729,120.0,4,77,2,0.06089,0.06070,0.06089,0.00000,0.00000
153.821,0,153802.000,86538,96000,1999.125,120.0,4,77,2,0.03966,0.03966,0.03958,0.00000,0.00000
153.821,1,153802.000,86538,96000,1999.125,120.0,4,77,2,0.03966,0.03966,0.00001,0.00000,0.00000
153.821,2,153802.000,86538,96000,1999.125,120.0,4,77,2,0.03958,0.03945,0.03958,0.00000,0.00000
153.925,0,153906.000,91515,96000,1999.438,120.0,4,77,2,0.02577,0.02577,0.02571,0.00000,0.00000
153.925,1,153906.000,91515,96000,1999.438,120.0,4,77,2,0.02577,0.02577,0.00000,0.00000,0.00000
153.925,2,153906.000,91515,96000,1999.438,120.0,4,77,2,0.02571,0.02563,0.02571,0.00000,0.00000
154.043,0,154025.000,1201,96000,1999.979,120.0,4,78,2,0.01574,0.01574,0.01571,0.00000,0.00000
154.043,1,154025.000,1201,96000,1999.979,120.0,4,78,2,0.01574,0.01574,0.01273,0.00000,0.00000
154.043,2,154025.000,1201,96000,1999.979,120.0,4,78,2,0.01571,0.01566,0.01571,0.00000,0.00000
154.147,0,154128.000,6187,96000,1999.104,120.0,4,78,2,0.01266,0.01266,0.01266,0.00000,0.00000
154.147,1,154128.000,6187,96000,1999.104,120.0,4,78,2,0.01266,0.01266,0.01266,0.00000,0.00000
154.147,2,154128.000,6187,96000,1999.104,120.0,4,78,2,0.01266,0.01266,0.01266,0.00000,0.00000
154.249,0,154231.000,11094,96000,1999.875,120.0,4,78,2,0.01263,0.01263,0.01263,0.00000,0.00000
154.249,1,154231.000,11094,96000,1999.875,120.0,4,78,2,0.01263,0.01263,0.01263,0.00000,0.00000
154.249,2,154231.000,11094,96000,1999.875,120.0,4,78,2,0.01263,0.01263,0.01263,0.00000,0.00000
154.351,0,154332.000,15963,96000,1999.438,120.0,4,78,2,0.01254,0.01254,0.01254,0.00000,0.00000
154.351,1,154332.000,15963,96000,1999.438,120.0,4,78,2,0.01254,0.01254,0.01254,0.00000,0.00000
154.351,2,154332.000,15963,96000,1999.438,120.0,4,78,2,0.01254,0.01254,0.01254,0.00000,0.00000
154.455,0,154436.000,20947,96000,1999.604,120.0,4,78,2,0.01269,0.01269,0.01269,0.00000,0.00000
154.455,1,154436.000,20947,96000,1999.604,120.0,4,78,2,0.01269,0.01269,0.01269,0.00000,0.00000
154.455,2,154436.000,20947,96000,1999.604,120.0,4,78,2,0.01269,0.01269,0.01269,0.00000,0.00000
154.556,0,154537.000,25793,96000,1999.646,120.0,4,78,2,0.01265,0.01265,0.01265,0.00000,0.00000
154.556,1,154537.000,25793,96000,1999.646,120.0,4,78,2,0.01265,0.01265,0.01265,0.00000,0.00000
154.556,2,154537.000,25793,96000,1999.646,120.0,4,78,2,0.01265,0.01265,0.01265,0.00000,0.00000
154.659,0,154641.000,30777,96000,1999.812,120.0,4,78,2,0.01266,0.01266,0.01266,0.00000,0.00000
154.659,1,154641.000,30777,96000,1999.812,120.0,4,78,2,0.01266,0.01266,0.01266,0.00000,0.00000
154.659,2,154641.000,30777,96000,1999.812,120.0,4,78,2,0.01266,0.01266,0.01266,0.00000,0.00000
154.763,0,154744.000,35729,96000,1999.646,120.0,4,78,2,0.01263,0.01263,0.01263,0.00000,0.00000
154.763,1,154744.000,35729,96000,1999.646,120.0,4,78,2,0.01263,0.01263,0.01263,0.00000,0.00000
154.763,2,154744.000,35729,96000,1999.646,120.0,4,78,2,0.01263,0.01263,0.01263,0.00000,0.00000
154.866,0,154847.000,40677,96000,1999.562,120.0,4,78,2,0.01269,0.01269,0.01269,0.00000,0.00000
154.866,1,154847.000,40677,96000,1999.562,120.0,4,78,2,0.01269,0.01269,0.01269,0.00000,0.00000
154.866,2,154847.000,40677,96000,1999.562,120.0,4,78,2,0.01269,0.01269,0.01269,0.00000,0.00000
154.967,0,154948.000,45536,96000,1999.333,120.0,4,78,2,0.01269,0.01269,0.01269,0.00000,0.00000
154.967,1,154948.000,45536,96000,1999.333,120.0,4,78,2,0.01269,0.01269,0.01269,0.00000,0.00000
154.967,2,154948.000,45536,96000,1999.333,120.0,4,78,2,0.01269,0.01269,0.01269,0.00000,0.00000
155.069,0,155050.000,50425,96000,1999.479,120.0,4,78,2,0.01265,0.01265,0.01265,0.00000,0.00000
155.069,1,155050.000,50425,96000,1999.479,120.0,4,78,2,0.01265,0.01265,0.01265,0.00000,0.00000
155.069,2,155050.000,50425,96000,1999.479,120.0,4,78,2,0.01265,0.01265,0.01265,0.00000,0.00000
155.174,0,155155.000,55481,96000,1999.146,120.0,4,78,2,0.01266,0.01266,0.01266,0.00000,0.00000
155.174,1,155155.000,55481,96000,1999.146,120.0,4,78,2,0.01266,0.01266,0.01266,0.00000,0.00000
155.174,2,155155.000,55481,96000,1999.146,120.0,4,78,2,0.01266,0.01266,0.01266,0.00000,0.00000
155.275,0,155256.000,60324,96000,1999.250,120.0,4,78,2,0.01263,0.01263,0.01263,0.00000,0.00000
155.275,1,155256.000,60324,96000,1999.250,120.0,4,78,2,0.01263,0.01263,0.01263,0.00000,0.00000
155.275,2,155256.000,60324,96000,1999.250,120.0,4,78,2,0.01263,0.01263,0.01263,0.00000,0.00000
155.375,0,155357.000,65140,96000,1999.917,120.0,4,78,2,0.01268,0.01268,0.01268,0.00000,0.00000
155.375,1,155357.000,65140,96000,1999.917,120.0,4,78,2,0.01268,0.01268,0.01268,0.00000,0.00000
155.375,2,155357.000,65140,96000,1999.917,120.0,4,78,2,0.01268,0.01268,0.01268,0.00000,0.00000
155.478,0,155459.000,70047,96000,1999.688,120.0,4,78,2,0.01269,0.01269,0.01269,0.00000,0.00000
155.478,1,155459.000,70047,96000,1999.688,120.0,4,78,2,0.01269,0.01269,0.01269,0.00000,0.00000
155.478,2,155459.000,70047,96000,1999.688,120.0,4,78,2,0.01269,0.01269,0.01269,0.00000,0.00000
155.581,0,155562.000,75005,96000,1999.396,120.0,4,78,2,0.01265,0.01265,0.01265,0.00000,0.00000
155.581,1,155562.000,75005,96000,1999.396,120.0,4,78,2,0.01265,0.01265,0.01265,0.00000,0.00000
155.581,2,155562.000,75005,96000,1999.396,120.0,4,78,2,0.01265,0.01265,0.01265,0.00000,0.00000
155.681,0,155662.000,79820,96000,1999.083,120.0,4,78,2,0.01266,0.01266,0.01266,0.00000,0.00000
155.681,1,155662.000,79820,96000,1999.083,120.0,4,78,2,0.01266,0.01266,0.01266,0.00000,0.00000
155.681,2,155662.000,79820,96000,1999.083,120.0,4,78,2,0.01266,0.01266,0.01266,0.00000,0.00000
155.782,0,155763.000,84656,96000,1999.333,120.0,4,78,2,0.01258,0.01258,0.01258,0.00000,0.00000
155.782,1,155763.000,84656,96000,1999.333,120.0,4,78,2,0.01258,0.01258,0.01258,0.00000,0.00000
155.782,2,155763.000,84656,96000,1999.333,120.0,4,78,2,0.01258,0.01258,0.01258,0.00000,0.00000
155.883,0,155864.000,89504,96000,1999.333,120.0,4,78,2,0.01260,0.01260,0.01260,0.00000,0.00000
155.883,1,155864.000,89504,96000,1999.333,120.0,4,78,2,0.01260,0.01260,0.01260,0.00000,0.00000
155.883,2,155864.000,89504,96000,1999.333,120.0,4,78,2,0.01260,0.01260,0.01260,0.00000,0.00000
155.984,0,155965.000,94364,96000,1999.083,120.0,4,78,2,0.01265,0.01265,0.01265,0.00000,0.00000
155.984,1,155965.000,94364,96000,1999.083,120.0,4,78,2,0.01265,0.01265,0.01265,0.00000,0.00000
155.984,2,155965.000,94364,96000,1999.083,120.0,4,78,2,0.01265,0.01265,0.01265,0.00000,0.00000
156.087,0,156069.000,3313,96000,1999.979,120.0,4,79,2,0.01260,0.01260,0.01260,0.00000,0.00000
156.087,1,156069.000,3313,96000,1999.979,120.0,4,79,2,0.01260,0.01260,0.01260,0.00000,0.00000
156.087,2,156069.000,3313,96000,1999.979,120.0,4,79,2,0.01260,0.01260,0.01260,0.00000,0.00000
156.187,0,156169.000,8118,96000,1999.875,120.0,4,79,2,0.01264,0.01264,0.01264,0.00000,0.00000
156.187,1,156169.000,8118,96000,1999.875,120.0,4,79,2,0.01264,0.01264,0.01264,0.00000,0.00000
156.187,2,156169.000,8118,96000,1999.875,120.0,4,79,2,0.01264,0.01264,0.01264,0.00000,0.00000
156.289,0,156270.000,12992,96000,1999.333,120.0,4,79,2,0.01268,0.01268,0.01268,0.00000,0.00000
156.289,1,156270.000,12992,96000,1999.333,120.0,4,79,2,0.01268,0.01268,0.01268,0.00000,0.00000
156.289,2,156270.000,12992,96000,1999.333,120.0,4,79,2,0.01268,0.01268,0.01268,0.00000,0.00000
156.390,0,156371.000,17849,96000,1999.146,120.0,4,79,2,0.01269,0.01269,0.01269,0.00000,0.00000
156.390,1,156371.000,17849,96000,1999.146,120.0,4,79,2,0.01269,0.01269,0.01269,0.00000,0.00000
156.390,2,156371.000,17849,96000,1999.146,120.0,4,79,2,0.01269,0.01269,0.01269,0.00000,0.00000
156.490,0,156471.000,22652,96000,1999.083,120.0,4,79,2,0.01265,0.01265,0.01265,0.00000,0.00000
156.490,1,156471.000,22652,96000,1999.083,120.0,4,79,2,0.01265,0.01265,0.01265,0.00000,0.00000
156.490,2,156471.000,22652,96000,1999.083,120.0,4,79,2,0.01265,0.01265,0.01265,0.00000,0.00000
156.592,0,156573.000,27541,96000,1999.229,120.0,4,79,2,0.01266,0.01266,0.01266,0.00000,0.00000
156.592,1,156573.000,27541,96000,1999.229,120.0,4,79,2,0.01266,0.01266,0.01266,0.00000,0.00000
156.592,2,156573.000,27541,96000,1999.229,120.0,4,79,2,0.01266,0.01266,0.01266,0.00000,0.00000
156.695,0,156676.000,32461,96000,1999.729,120.0,4,79,2,0.01258,0.01258,0.01258,0.00000,0.00000
156.695,1,156676.000,32461,96000,1999.729,120.0,4,79,2,0.01258,0.01258,0.01258,0.00000,0.00000
156.695,2,156676.000,32461,96000,1999.729,120.0,4,79,2,0.01258,0.01258,0.01258,0.00000,0.00000
156.796,0,156777.000,37342,96000,1999.042,120.0,4,79,2,0.01259,0.01259,0.01259,0.00000,0.00000
156.796,1,156777.000,37342,96000,1999.042,120.0,4,79,2,0.01259,0.01259,0.01259,0.00000,0.00000
156.796,2,156777.000,37342,96000,1999.042,120.0,4,79,2,0.01259,0.01259,0.01259,0.00000,0.00000
156.897,0,156878.000,42169,96000,1999.479,120.0,4,79,2,0.01265,0.01265,0.01265,0.00000,0.00000
156.897,1,156878.000,42169,96000,1999.479,120.0,4,79,2,0.01265,0.01265,0.01265,0.00000,0.00000
156.897,2,156878.000,42169,96000,1999.479,120.0,4,79,2,0.01265,0.01265,0.01265,0.00000,0.00000
157.001,0,156982.000,47152,96000,1999.667,120.0,4,79,2,0.01265,0.01265,0.01265,0.00000,0.00000
157.001,1,156982.000,47152,96000,1999.667,120.0,4,79,2,0.01265,0.01265,0.01265,0.00000,0.00000
157.001,2,156982.000,47152,96000,1999.667,120.0,4,79,2,0.01265,0.01265,0.01265,0.00000,0.00000
157.102,0,157083.000,52025,96000,1999.146,120.0,4,79,2,0.01261,0.01261,0.01261,0.00000,0.00000
157.102,1,157083.000,52025,96000,1999.146,120.0,4,79,2,0.01261,0.01261,0.01261,0.00000,0.00000
157.102,2,157083.000,52025,96000,1999.146,120.0,4,79,2,0.01261,0.01261,0.01261,0.00000,0.00000
157.203,0,157184.000,56857,96000,1999.479,120.0,4,79,2,0.01259,0.01259,0.01259,0.00000,0.00000
157.203,1,157184.000,56857,96000,1999.479,120.0,4,79,2,0.01259,0.01259,0.01259,0.00000,0.00000
157.203,2,157184.000,56857,96000,1999.479,120.0,4,79,2,0.01259,0.01259,0.01259,0.00000,0.00000
157.305,0,157286.000,61741,96000,1999.729,120.0,4,79,2,0.01260,0.01260,0.01260,0.00000,0.00000
157.305,1,157286.000,61741,96000,1999.729,120.0,4,79,2,0.01260,0.01260,0.01260,0.00000,0.00000
157.305,2,157286.000,61741,96000,1999.729,120.0,4,79,2,0.01260,0.01260,0.01260,0.00000,0.00000
157.405,0,157386.000,66566,96000,1999.208,120.0,4,79,2,0.01264,0.01264,0.01264,0.00000,0.00000
157.405,1,157386.000,66566,96000,1999.208,120.0,4,79,2,0.01264,0.01264,0.01264,0.00000,0.00000
157.405,2,157386.000,66566,96000,1999.208,120.0,4,79,2,0.01264,0.01264,0.01264,0.00000,0.00000
157.506,0,157487.000,71398,96000,1999.542,120.0,4,79,2,0.01269,0.01269,0.01269,0.00000,0.00000
157.506,1,157487.000,71398,96000,1999.542,120.0,4,79,2,0.01269,0.01269,0.01269,0.00000,0.00000
157.506,2,157487.000,71398,96000,1999.542,120.0,4,79,2,0.01269,0.01269,0.01269,0.00000,0.00000
157.606,0,157587.000,76220,96000,1999.083,120.0,4,79,2,0.01269,0.01269,0.01269,0.00000,0.00000
157.606,1,157587.000,76220,96000,1999.083,120.0,4,79,2,0.01269,0.01269,0.01269,0.00000,0.00000
157.606,2,157587.000,76220,96000,1999.083,120.0,4,79,2,0.01269,0.01269,0.01269,0.00000,0.00000
157.708,0,157689.000,81096,96000,1999.500,120.0,4,79,2,0.01265,0.01265,0.01265,0.00000,0.00000
157.708,1,157689.000,81096,96000,1999.500,120.0,4,79,2,0.01265,0.01265,0.01265,0.00000,0.00000
157.708,2,157689.000,81096,96000,1999.500,120.0,4,79,2,0.01265,0.01265,0.01265,0.00000,0.00000
157.810,0,157792.000,86024,96000,1999.833,120.0,4,79,2,0.01266,0.01266,0.01266,0.00000,0.00000
157.810,1,157792.000,86024,96000,1999.833,120.0,4,79,2,0.01266,0.01266,0.01266,0.00000,0.00000
157.810,2,157792.000,86024,96000,1999.833,120.0,4,79,2,0.01266,0.01266,0.01266,0.00000,0.00000
157.911,0,157892.000,90828,96000,1999.750,120.0,4,79,2,0.01258,0.01258,0.01258,0.00000,0.00000
157.911,1,157892.000,90828,96000,1999.750,120.0,4,79,2,0.01258,0.01258,0.01258,0.00000,0.00000
157.911,2,157892.000,90828,96000,1999.750,120.0,4,79,2,0.01258,0.01258,0.01258,0.00000,0.00000
158.013,0,157994.000,95740,96000,1999.417,120.0,4,79,2,0.01262,0.01262,0.01262,0.00000,0.00000
158.013,1,157994.000,95740,96000,1999.417,120.0,4,79,2,0.01262,0.01262,0.01262,0.00000,0.00000
158.013,2,157994.000,95740,96000,1999.417,120.0,4,79,2,0.01262,0.01262,0.01262,0.00000,0.00000
158.113,0,158094.000,4545,96000,1999.312,120.0,4,80,2,0.01259,0.01259,0.01259,0.00000,0.00000
158.113,1,158094.000,4545,96000,1999.312,120.0,4,80,2,0.01259,0.01259,0.01259,0.00000,0.00000
158.113,2,158094.000,4545,96000,1999.312,120.0,4,80,2,0.01259,0.01259,0.01259,0.00000,0.00000
158.215,0,158196.000,9442,96000,1999.292,120.0,4,80,2,0.01261,0.01261,0.01261,0.00000,0.00000
158.215,1,158196.000,9442,96000,1999.292,120.0,4,80,2,0.01261,0.01261,0.01261,0.00000,0.00000
158.215,2,158196.000,9442,96000,1999.292,120.0,4,80,2,0.01261,0.01261,0.01261,0.00000,0.00000
158.315,0,158296.000,14248,96000,1999.167,120.0,4,80,2,0.01263,0.01263,0.01263,0.00000,0.00000
158.315,1,158296.000,14248,96000,1999.167,120.0,4,80,2,0.01263,0.01263,0.01263,0.00000,0.00000
158.315,2,158296.000,14248,96000,1999.167,120.0,4,80,2,0.01263,0.01263,0.01263,0.00000,0.00000
158.417,0,158398.000,19124,96000,1999.583,120.0,4,80,2,0.01268,0.01268,0.01268,0.00000,0.00000
158.417,1,158398.000,19124,96000,1999.583,120.0,4,80,2,0.01268,0.01268,0.01268,0.00000,0.00000
158.417,2,158398.000,19124,96000,1999.583,120.0,4,80,2,0.01268,0.01268,0.01268,0.00000,0.00000
158.518,0,158500.000,24001,96000,1999.979,120.0,4,80,2,0.01269,0.01269,0.01269,0.00000,0.00000
158.518,1,158500.000,24001,96000,1999.979,120.0,4,80,2,0.01269,0.01269,0.01269,0.00000,0.00000
158.518,2,158500.000,24001,96000,1999.979,120.0,4,80,2,0.01269,0.01269,0.01269,0.00000,0.00000
158.622,0,158603.000,28987,96000,1999.104,120.0,4,80,2,0.01265,0.01265,0.01265,0.00000,0.00000
158.622,1,158603.000,28987,96000,1999.104,120.0,4,80,2,0.01265,0.01265,0.01265,0.00000,0.00000
158.622,2,158603.000,28987,96000,1999.104,120.0,4,80,2,0.01265,0.01265,0.01265,0.00000,0.00000
158.723,0,158704.000,33822,96000,1999.375,120.0,4,80,2,0.01266,0.01266,0.01266,0.00000,0.00000
158.723,1,158704.000,33822,96000,1999.375,120.0,4,80,2,0.01266,0.01266,0.01266,0.00000,0.00000
158.723,2,158704.000,33822,96000,1999.375,120.0,4,80,2,0.01266,0.01266,0.01266,0.00000,0.00000
158.826,0,158807.000,38779,96000,1999.104,120.0,4,80,2,0.01263,0.01263,0.01263,0.00000,0.00000
158.826,1,158807.000,38779,96000,1999.104,120.0,4,80,2,0.01263,0.01263,0.01263,0.00000,0.00000
158.826,2,158807.000,38779,96000,1999.104,120.0,4,80,2,0.01263,0.01263,0.01263,0.00000,0.00000
158.930,0,158911.000,43763,96000,1999.271,120.0,4,80,2,0.01269,0.01269,0.01269,0.00000,0.00000
158.930,1,158911.000,43763,96000,1999.271,120.0,4,80,2,0.01269,0.01269,0.01269,0.00000,0.00000
158.930,2,158911.000,43763,96000,1999.271,120.0,4,80,2,0.01269,0.01269,0.01269,0.00000,0.00000
159.031,0,159012.000,48617,96000,1999.146,120.0,4,80,2,0.01269,0.01269,0.01269,0.00000,0.00000
159.031,1,159012.000,48617,96000,1999.146,120.0,4,80,2,0.01269,0.01269,0.01269,0.00000,0.00000
159.031,2,159012.000,48617,96000,1999.146,120.0,4,80,2,0.01269,0.01269,0.01269,0.00000,0.00000
159.132,0,159113.000,53439,96000,1999.688,120.0,4,80,2,0.01265,0.01265,0.01265,0.00000,0.00000
159.132,1,159113.000,53439,96000,1999.688,120.0,4,80,2,0.01265,0.01265,0.01265,0.00000,0.00000
159.132,2,159113.000,53439,96000,1999.688,120.0,4,80,2,0.01265,0.01265,0.01265,0.00000,0.00000
159.234,0,159216.000,58368,96000,0.000,120.0,4,80,2,0.01266,0.01266,0.01266,0.00000,0.00000
159.234,1,159216.000,58368,96000,0.000,120.0,4,80,2,0.01266,0.01266,0.01266,0.00000,0.00000
159.234,2,159216.000,58368,96000,0.000,120.0,4,80,2,0.01266,0.01266,0.01266,0.00000,0.00000
159.336,0,159317.000,63242,96000,1999.458,120.0,4,80,2,0.01260,0.01260,0.01260,0.00000,0.00000
159.336,1,159317.000,63242,96000,1999.458,120.0,4,80,2,0.01260,0.01260,0.01260,0.00000,0.00000
159.336,2,159317.000,63242,96000,1999.458,120.0,4,80,2,0.01260,0.01260,0.01260,0.00000,0.00000
159.439,0,159420.000,68206,96000,1999.042,120.0,4,80,2,0.01262,0.01262,0.01262,0.00000,0.00000
159.439,1,159420.000,68206,96000,1999.042,120.0,4,80,2,0.01262,0.01262,0.01262,0.00000,0.00000
159.439,2,159420.000,68206,96000,1999.042,120.0,4,80,2,0.01262,0.01262,0.01262,0.00000,0.00000
159.542,0,159523.000,73115,96000,1999.771,120.0,4,80,2,0.01269,0.01269,0.01269,0.00000,0.00000
159.542,1,159523.000,73115,96000,1999.771,120.0,4,80,2,0.01269,0.01269,0.01269,0.00000,0.00000
159.542,2,159523.000,73115,96000,1999.771,120.0,4,80,2,0.01269,0.01269,0.01269,0.00000,0.00000
159.643,0,159624.000,77992,96000,1999.167,120.0,4,80,2,0.01264,0.01264,0.01264,0.00000,0.00000
159.643,1,159624.000,77992,96000,1999.167,120.0,4,80,2,0.01264,0.01264,0.01264,0.00000,0.00000
159.643,2,159624.000,77992,96000,1999.167,120.0,4,80,2,0.01264,0.01264,0.01264,0.00000,0.00000
159.747,0,159729.000,82992,96000,0.000,120.0,4,80,2,0.01266,0.01266,0.01266,0.00000,0.00000
159.747,1,159729.000,82992,96000,0.000,120.0,4,80,2,0.01266,0.01266,0.01266,0.00000,0.00000
159.747,2,159729.000,82992,96000,0.000,120.0,4,80,2,0.01266,0.01266,0.01266,0.00000,0.00000
159.850,0,159831.000,87924,96000,1999.250,120.0,4,80,2,0.01263,0.01263,0.01263,0.00000,0.00000
159.850,1,159831.000,87924,96000,1999.250,120.0,4,80,2,0.01263,0.01263,0.01263,0.00000,0.00000
159.850,2,159831.000,87924,96000,1999.250,120.0,4,80,2,0.01263,0.01263,0.01263,0.00000,0.00000
159.953,0,159934.000,92859,96000,1999.438,120.0,4,80,2,0.01268,0.01268,0.01268,0.00000,0.00000
159.953,1,159934.000,92859,96000,1999.438,120.0,4,80,2,0.01268,0.01268,0.01268,0.00000,0.00000
159.953,2,159934.000,92859,96000,1999.438,120.0,4,80,2,0.01268,0.01268,0.01268,0.00000,0.00000
160.060,0,160041.000,2001,96000,1999.312,120.0,4,81,2,0.12090,0.01052,0.12090,0.00000,0.00000
160.060,1,160041.000,2001,96000,1999.312,120.0,4,81,2,0.12078,0.12078,0.12063,0.00000,0.00000
160.060,2,160041.000,2001,96000,1999.312,120.0,4,81,2,0.12090,0.12063,0.12090,0.00000,0.00000
160.162,0,160143.000,6883,96000,1999.604,120.0,4,81,2,0.07920,0.00689,0.07920,0.00000,0.00000
160.162,1,160143.000,6883,96000,1999.604,120.0,4,81,2,0.07912,0.07912,0.07903,0.00000,0.00000
160.162,2,160143.000,6883,96000,1999.604,120.0,4,81,2,0.07920,0.07903,0.07920,0.00000,0.00000
160.262,0,160243.000,11703,96000,1999.188,120.0,4,81,2,0.05216,0.00454,0.05216,0.00000,0.00000
160.262,1,160243.000,11703,96000,1999.188,120.0,4,81,2,0.05211,0.05211,0.05205,0.00000,0.00000
160.262,2,160243.000,11703,96000,1999.188,120.0,4,81,2,0.05216,0.05205,0.05216,0.00000,0.00000
160.364,0,160345.000,16591,96000,1999.354,120.0,4,81,2,0.03415,0.00297,0.03415,0.00000,0.00000
160.364,1,160345.000,16591,96000,1999.354,120.0,4,81,2,0.03412,0.03412,0.03408,0.00000,0.00000
160.364,2,160345.000,16591,96000,1999.354,120.0,4,81,2,0.03415,0.03408,0.03415,0.00000,0.00000
160.465,0,160446.000,21444,96000,1999.250,120.0,4,81,2,0.02243,0.00195,0.02243,0.00000,0.00000
160.465,1,160446.000,21444,96000,1999.250,120.0,4,81,2,0.02241,0.02241,0.02238,0.00000,0.00000
160.465,2,160446.000,21444,96000,1999.250,120.0,4,81,2,0.02243,0.02238,0.02243,0.00000,0.00000
160.567,0,160548.000,26330,96000,1999.458,120.0,4,81,2,0.01469,0.00128,0.01469,0.00000,0.00000
160.567,1,160548.000,26330,96000,1999.458,120.0,4,81,2,0.01467,0.01467,0.01466,0.00000,0.00000
160.567,2,160548.000,26330,96000,1999.458,120.0,4,81,2,0.01469,0.01466,0.01469,0.00000,0.00000
160.668,0,160649.000,31167,96000,1999.688,120.0,4,81,2,0.01259,0.00084,0.01259,0.00000,0.00000
160.668,1,160649.000,31167,96000,1999.688,120.0,4,81,2,0.01259,0.01259,0.01259,0.00000,0.00000
160.668,2,160649.000,31167,96000,1999.688,120.0,4,81,2,0.01259,0.01259,0.01259,0.00000,0.00000
160.768,0,160749.000,35976,96000,1999.500,120.0,4,81,2,0.01265,0.00055,0.01265,0.00000,0.00000
160.768,1,160749.000,35976,96000,1999.500,120.0,4,81,2,0.01265,0.01265,0.01265,0.00000,0.00000
160.768,2,160749.000,35976,96000,1999.500,120.0,4,81,2,0.01265,0.01265,0.01265,0.00000,0.00000
160.873,0,160854.000,41002,96000,1999.792,120.0,4,81,2,0.01265,0.00036,0.01265,0.00000,0.00000
160.873,1,160854.000,41002,96000,1999.792,120.0,4,81,2,0.01265,0.01265,0.01265,0.00000,0.00000
160.873,2,160854.000,41002,96000,1999.792,120.0,4,81,2,0.01265,0.01265,0.01265,0.00000,0.00000
160.973,0,160954.000,45823,96000,1999.354,120.0,4,81,2,0.01264,0.00024,0.01264,0.00000,0.00000
160.973,1,160954.000,45823,96000,1999.354,120.0,4,81,2,0.01264,0.01264,0.01264,0.00000,0.00000
160.973,2,160954.000,45823,96000,1999.354,120.0,4,81,2,0.01264,0.01264,0.01264,0.00000,0.00000
161.076,0,161057.000,50747,96000,1999.771,120.0,4,81,2,0.01258,0.00015,0.01258,0.00000,0.00000
161.076,1,161057.000,50747,96000,1999.771,120.0,4,81,2,0.01258,0.01258,0.01258,0.00000,0.00000
161.076,2,161057.000,50747,96000,1999.771,120.0,4,81,2,0.01258,0.01258,0.01258,0.00000,0.00000
161.177,0,161158.000,55624,96000,1999.167,120.0,4,81,2,0.01260,0.00010,0.01260,0.00000,0.00000
161.177,1,161158.000,55624,96000,1999.167,120.0,4,81,2,0.01260,0.01260,0.01260,0.00000,0.00000
161.177,2,161158.000,55624,96000,1999.167,120.0,4,81,2,0.01260,0.01260,0.01260,0.00000,0.00000
161.278,0,161259.000,60476,96000,1999.083,120.0,4,81,2,0.01264,0.00007,0.01264,0.00000,0.00000
161.278,1,161259.000,60476,96000,1999.083,120.0,4,81,2,0.01264,0.01264,0.01264,0.00000,0.00000
161.278,2,161259.000,60476,96000,1999.083,120.0,4,81,2,0.01264,0.01264,0.01264,0.00000,0.00000
161.381,0,161362.000,65399,96000,1999.521,120.0,4,81,2,0.01269,0.00004,0.01269,0.00000,0.00000
161.381,1,161362.000,65399,96000,1999.521,120.0,4,81,2,0.01269,0.01269,0.01269,0.00000,0.00000
161.381,2,161362.000,65399,96000,1999.521,120.0,4,81,2,0.01269,0.01269,0.01269,0.00000,0.00000
161.484,0,161465.000,70364,96000,1999.083,120.0,4,81,2,0.01264,0.00003,0.01264,0.00000,0.00000
161.484,1,161465.000,70364,96000,1999.083,120.0,4,81,2,0.01264,0.01264,0.01264,0.00000,0.00000
161.484,2,161465.000,70364,96000,1999.083,120.0,4,81,2,0.01264,0.01264,0.01264,0.00000,0.00000
161.585,0,161566.000,75213,96000,1999.062,120.0,4,81,2,0.01263,0.00002,0.01263,0.00000,0.00000
161.585,1,161566.000,75213,96000,1999.062,120.0,4,81,2,0.01263,0.01263,0.01263,0.00000,0.00000
161.585,2,161566.000,75213,96000,1999.062,120.0,4,81,2,0.01263,0.01263,0.01263,0.00000,0.00000
161.689,0,161670.000,80184,96000,1999.500,120.0,4,81,2,0.01260,0.00001,0.01260,0.00000,0.00000
161.689,1,161670.000,80184,96000,1999.500,120.0,4,81,2,0.01260,0.01260,0.01260,0.00000,0.00000
161.689,2,161670.000,80184,96000,1999.500,120.0,4,81,2,0.01260,0.01260,0.01260,0.00000,0.00000
161.791,0,161772.000,85082,96000,1999.458,120.0,4,81,2,0.01264,0.00001,0.01264,0.00000,0.00000
161.791,1,161772.000,85082,96000,1999.458,120.0,4,81,2,0.01264,0.01264,0.01264,0.00000,0.00000
161.791,2,161772.000,85082,96000,1999.458,120.0,4,81,2,0.01264,0.01264,0.01264,0.00000,0.00000
161.893,0,161874.000,89983,96000,1999.354,120.0,4,81,2,0.01269,0.00001,0.01269,0.00000,0.00000
161.893,1,161874.000,89983,96000,1999.354,120.0,4,81,2,0.01269,0.01269,0.01269,0.00000,0.00000
161.893,2,161874.000,89983,96000,1999.354,120.0,4,81,2,0.01269,0.01269,0.01269,0.00000,0.00000
161.996,0,161977.000,94935,96000,1999.188,120.0,4,81,2,0.01264,0.00000,0.01264,0.00000,0.00000
161.996,1,161977.000,94935,96000,1999.188,120.0,4,81,2,0.01264,0.01264,0.01264,0.00000,0.00000
161.996,2,161977.000,94935,96000,1999.188,120.0,4,81,2,0.01264,0.01264,0.01264,0.00000,0.00000
162.097,0,162078.000,3788,96000,1999.083,120.0,4,82,2,0.01268,0.01268,0.01268,0.00000,0.00000
162.097,1,162078.000,3788,96000,1999.083,120.0,4,82,2,0.01268,0.01268,0.01268,0.00000,0.00000
162.097,2,162078.000,3788,96000,1999.083,120.0,4,82,2,0.01268,0.01268,0.01268,0.00000,0.00000
162.201,0,162182.000,8758,96000,1999.542,120.0,4,82,2,0.01269,0.01269,0.01269,0.00000,0.00000
162.201,1,162182.000,8758,96000,1999.542,120.0,4,82,2,0.01269,0.01269,0.01269,0.00000,0.00000
162.201,2,162182.000,8758,96000,1999.542,120.0,4,82,2,0.01269,0.01269,0.01269,0.00000,0.00000
162.301,0,162283.000,13585,96000,1999.979,120.0,4,82,2,0.01265,0.01265,0.01265,0.00000,0.00000
162.301,1,162283.000,13585,96000,1999.979,120.0,4,82,2,0.01265,0.01265,0.01265,0.00000,0.00000
162.301,2,162283.000,13585,96000,1999.979,120.0,4,82,2,0.01265,0.01265,0.01265,0.00000,0.00000
162.403,0,162384.000,18466,96000,1999.292,120.0,4,82,2,0.01266,0.01266,0.01266,0.00000,0.00000
162.403,1,162384.000,18466,96000,1999.292,120.0,4,82,2,0.01266,0.01266,0.01266,0.00000,0.00000
162.403,2,162384.000,18466,96000,1999.292,120.0,4,82,2,0.01266,0.01266,0.01266,0.00000,0.00000
162.505,0,162486.000,23338,96000,1999.792,120.0,4,82,2,0.01260,0.01260,0.01260,0.00000,0.00000
162.505,1,162486.000,23338,96000,1999.792,120.0,4,82,2,0.01260,0.01260,0.01260,0.00000,0.00000
162.505,2,162486.000,23338,96000,1999.792,120.0,4,82,2,0.01260,0.01260,0.01260,0.00000,0.00000
162.606,0,162588.000,28229,96000,1999.896,120.0,4,82,2,0.01254,0.01254,0.01254,0.00000,0.00000
162.606,1,162588.000,28229,96000,1999.896,120.0,4,82,2,0.01254,0.01254,0.01254,0.00000,0.00000
162.606,2,162588.000,28229,96000,1999.896,120.0,4,82,2,0.01254,0.01254,0.01254,0.00000,0.00000
162.709,0,162690.000,33137,96000,1999.646,120.0,4,82,2,0.01269,0.01269,0.01269,0.00000,0.00000
162.709,1,162690.000,33137,96000,1999.646,120.0,4,82,2,0.01269,0.01269,0.01269,0.00000,0.00000
162.709,2,162690.000,33137,96000,1999.646,120.0,4,82,2,0.01269,0.01269,0.01269,0.00000,0.00000
162.809,0,162791.000,37973,96000,1999.896,120.0,4,82,2,0.01265,0.01265,0.01265,0.00000,0.00000
162.809,1,162791.000,37973,96000,1999.896,120.0,4,82,2,0.01265,0.01265,0.01265,0.00000,0.00000
162.809,2,162791.000,37973,96000,1999.896,120.0,4,82,2,0.01265,0.01265,0.01265,0.00000,0.00000
162.914,0,162895.000,42980,96000,1999.583,120.0,4,82,2,0.01266,0.01266,0.01266,0.00000,0.00000
162.914,1,162895.000,42980,96000,1999.583,120.0,4,82,2,0.01266,0.01266,0.01266,0.00000,0.00000
162.914,2,162895.000,42980,96000,1999.583,120.0,4,82,2,0.01266,0.01266,0.01266,0.00000,0.00000
163.014,0,162995.000,47789,96000,1999.396,120.0,4,82,2,0.01258,0.01258,0.01258,0.00000,0.00000
163.014,1,162995.000,47789,96000,1999.396,120.0,4,82,2,0.01258,0.01258,0.01258,0.00000,0.00000
163.014,2,162995.000,47789,96000,1999.396,120.0,4,82,2,0.01258,0.01258,0.01258,0.00000,0.00000
163.114,0,163095.000,52597,96000,1999.229,120.0,4,82,2,0.01260,0.01260,0.01260,0.00000,0.00000
163.114,1,163095.000,52597,96000,1999.229,120.0,4,82,2,0.01260,0.01260,0.01260,0.00000,0.00000
163.114,2,163095.000,52597,96000,1999.229,120.0,4,82,2,0.01260,0.01260,0.01260,0.00000,0.00000
163.216,0,163197.000,57476,96000,1999.583,120.0,4,82,2,0.01265,0.01265,0.01265,0.00000,0.00000
163.216,1,163197.000,57476,96000,1999.583,120.0,4,82,2,0.01265,0.01265,0.01265,0.00000,0.00000
163.216,2,163197.000,57476,96000,1999.583,120.0,4,82,2,0.01265,0.01265,0.01265,0.00000,0.00000
163.318,0,163299.000,62392,96000,1999.167,120.0,4,82,2,0.01265,0.01265,0.01265,0.00000,0.00000
163.318,1,163299.000,62392,96000,1999.167,120.0,4,82,2,0.01265,0.01265,0.01265,0.00000,0.00000
163.318,2,163299.000,62392,96000,1999.167,120.0,4,82,2,0.01265,0.01265,0.01265,0.00000,0.00000
163.421,0,163403.000,67347,96000,1999.938,120.0,4,82,2,0.01261,0.01261,0.01261,0.00000,0.00000
163.421,1,163403.000,67347,96000,1999.938,120.0,4,82,2,0.01261,0.01261,0.01261,0.00000,0.00000
163.421,2,163403.000,67347,96000,1999.938,120.0,4,82,2,0.01261,0.01261,0.01261,0.00000,0.00000
163.522,0,163503.000,72184,96000,1999.167,120.0,4,82,2,0.01259,0.01259,0.01259,0.00000,0.00000
163.522,1,163503.000,72184,96000,1999.167,120.0,4,82,2,0.01259,0.01259,0.01259,0.00000,0.00000
163.522,2,163503.000,72184,96000,1999.167,120.0,4,82,2,0.01259,0.01259,0.01259,0.00000,0.00000
163.622,0,163604.000,76998,96000,1999.875,120.0,4,82,2,0.01261,0.01261,0.01261,0.00000,0.00000
163.622,1,163604.000,76998,96000,1999.875,120.0,4,82,2,0.01261,0.01261,0.01261,0.00000,0.00000
163.622,2,163604.000,76998,96000,1999.875,120.0,4,82,2,0.01261,0.01261,0.01261,0.00000,0.00000
163.724,0,163705.000,81852,96000,1999.750,120.0,4,82,2,0.01264,0.01264,0.01264,0.00000,0.00000
163.724,1,163705.000,81852,96000,1999.750,120.0,4,82,2,0.01264,0.01264,0.01264,0.00000,0.00000
163.724,2,163705.000,81852,96000,1999.750,120.0,4,82,2,0.01264,0.01264,0.01264,0.00000,0.00000
163.827,0,163808.000,86823,96000,1999.188,120.0,4,82,2,0.01269,0.01269,0.01269,0.00000,0.00000
163.827,1,163808.000,86823,96000,1999.188,120.0,4,82,2,0.01269,0.01269,0.01269,0.00000,0.00000
163.827,2,163808.000,86823,96000,1999.188,120.0,4,82,2,0.01269,0.01269,0.01269,0.00000,0.00000
163.930,0,163911.000,91762,96000,1999.292,120.0,4,82,2,0.01269,0.01269,0.01269,0.00000,0.00000
163.930,1,163911.000,91762,96000,1999.292,120.0,4,82,2,0.01269,0.01269,0.01269,0.00000,0.00000
163.930,2,163911.000,91762,96000,1999.292,120.0,4,82,2,0.01269,0.01269,0.01269,0.00000,0.00000
164.052,0,164033.000,1605,96000,1999.562,120.0,4,83,2,0.01270,0.01270,0.01093,0.00000,0.00000
164.052,1,164033.000,1605,96000,1999.562,120.0,4,83,2,0.01270,0.01270,0.01270,0.00000,0.00000
164.052,2,164033.000,1605,96000,1999.562,120.0,4,83,2,0.01270,0.01270,0.01270,0.00000,0.00000
164.155,0,164137.000,6576,96000,0.000,120.0,4,83,2,0.01260,0.01260,0.00711,0.00000,0.00000
164.155,1,164137.000,6576,96000,0.000,120.0,4,83,2,0.01260,0.01260,0.01260,0.00000,0.00000
164.155,2,164137.000,6576,96000,0.000,120.0,4,83,2,0.01260,0.01260,0.01260,0.00000,0.00000
164.257,0,164238.000,11443,96000,1999.604,120.0,4,83,2,0.01265,0.01265,0.00466,0.00000,0.00000
164.257,1,164238.000,11443,96000,1999.604,120.0,4,83,2,0.01265,0.01265,0.01265,0.00000,0.00000
164.257,2,164238.000,11443,96000,1999.604,120.0,4,83,2,0.01265,0.01265,0.01265,0.00000,0.00000
164.361,0,164343.000,16468,96000,1999.917,120.0,4,83,2,0.01265,0.01265,0.00302,0.00000,0.00000
164.361,1,164343.000,16468,96000,1999.917,120.0,4,83,2,0.01265,0.01265,0.01265,0.00000,0.00000
164.361,2,164343.000,16468,96000,1999.917,120.0,4,83,2,0.01265,0.01265,0.01265,0.00000,0.00000
164.464,0,164446.000,21414,96000,1999.875,120.0,4,83,2,0.01266,0.01266,0.00196,0.00000,0.00000
164.464,1,164446.000,21414,96000,1999.875,120.0,4,83,2,0.01266,0.01266,0.01266,0.00000,0.00000
164.464,2,164446.000,21414,96000,1999.875,120.0,4,83,2,0.01266,0.01266,0.01266,0.00000,0.00000
164.565,0,164546.000,26235,96000,1999.438,120.0,4,83,2,0.01258,0.01258,0.00129,0.00000,0.00000
164.565,1,164546.000,26235,96000,1999.438,120.0,4,83,2,0.01258,0.01258,0.01258,0.00000,0.00000
164.565,2,164546.000,26235,96000,1999.438,120.0,4,83,2,0.01258,0.01258,0.01258,0.00000,0.00000
164.666,0,164647.000,31084,96000,1999.417,120.0,4,83,2,0.01260,0.01260,0.00085,0.00000,0.00000
164.666,1,164647.000,31084,96000,1999.417,120.0,4,83,2,0.01260,0.01260,0.01260,0.00000,0.00000
164.666,2,164647.000,31084,96000,1999.417,120.0,4,83,2,0.01260,0.01260,0.01260,0.00000,0.00000
164.768,0,164749.000,35988,96000,1999.250,120.0,4,83,2,0.01265,0.01265,0.00056,0.00000,0.00000
164.768,1,164749.000,35988,96000,1999.250,120.0,4,83,2,0.01265,0.01265,0.01265,0.00000,0.00000
164.768,2,164749.000,35988,96000,1999.250,120.0,4,83,2,0.01265,0.01265,0.01265,0.00000,0.00000
164.870,0,164851.000,40894,96000,1999.042,120.0,4,83,2,0.01265,0.01265,0.00036,0.00000,0.00000
164.870,1,164851.000,40894,96000,1999.042,120.0,4,83,2,0.01265,0.01265,0.01265,0.00000,0.00000
164.870,2,164851.000,40894,96000,1999.042,120.0,4,83,2,0.01265,0.01265,0.01265,0.00000,0.00000
164.970,0,164952.000,45700,96000,1999.917,120.0,4,83,2,0.01269,0.01269,0.00024,0.00000,0.00000
164.970,1,164952.000,45700,96000,1999.917,120.0,4,83,2,0.01269,0.01269,0.01269,0.00000,0.00000
164.970,2,164952.000,45700,96000,1999.917,120.0,4,83,2,0.01269,0.01269,0.01269,0.00000,0.00000
165.071,0,165052.000,50539,96000,1999.104,120.0,4,83,2,0.01263,0.01263,0.00016,0.00000,0.00000
165.071,1,165052.000,50539,96000,1999.104,120.0,4,83,2,0.01263,0.01263,0.01263,0.00000,0.00000
165.071,2,165052.000,50539,96000,1999.104,120.0,4,83,2,0.01263,0.01263,0.01263,0.00000,0.00000
165.172,0,165153.000,55375,96000,1999.354,120.0,4,83,2,0.01266,0.01266,0.00010,0.00000,0.00000
165.172,1,165153.000,55375,96000,1999.354,120.0,4,83,2,0.01266,0.01266,0.01266,0.00000,0.00000
165.172,2,165153.000,55375,96000,1999.354,120.0,4,83,2,0.01266,0.01266,0.01266,0.00000,0.00000
165.276,0,165257.000,60360,96000,1999.500,120.0,4,83,2,0.01264,0.01264,0.00007,0.00000,0.00000
165.276,1,165257.000,60360,96000,1999.500,120.0,4,83,2,0.01264,0.01264,0.01264,0.00000,0.00000
165.276,2,165257.000,60360,96000,1999.500,120.0,4,83,2,0.01264,0.01264,0.01264,0.00000,0.00000
165.377,0,165358.000,65219,96000,1999.271,120.0,4,83,2,0.01268,0.01268,0.00004,0.00000,0.00000
165.377,1,165358.000,65219,96000,1999.271,120.0,4,83,2,0.01268,0.01268,0.01268,0.00000,0.00000
165.377,2,165358.000,65219,96000,1999.271,120.0,4,83,2,0.01268,0.01268,0.01268,0.00000,0.00000
165.481,0,165462.000,70185,96000,1999.812,120.0,4,83,2,0.01269,0.01269,0.00003,0.00000,0.00000
165.481,1,165462.000,70185,96000,1999.812,120.0,4,83,2,0.01269,0.01269,0.01269,0.00000,0.00000
165.481,2,165462.000,70185,96000,1999.812,120.0,4,83,2,0.01269,0.01269,0.01269,0.00000,0.00000
165.583,0,165564.000,75086,96000,1999.708,120.0,4,83,2,0.01265,0.01265,0.00002,0.00000,0.00000
165.583,1,165564.000,75086,96000,1999.708,120.0,4,83,2,0.01265,0.01265,0.01265,0.00000,0.00000
165.583,2,165564.000,75086,96000,1999.708,120.0,4,83,2,0.01265,0.01265,0.01265,0.00000,0.00000
165.685,0,165666.000,79983,96000,1999.688,120.0,4,83,2,0.01266,0.01266,0.00001,0.00000,0.00000
165.685,1,165666.000,79983,96000,1999.688,120.0,4,83,2,0.01266,0.01266,0.01266,0.00000,0.00000
165.685,2,165666.000,79983,96000,1999.688,120.0,4,83,2,0.01266,0.01266,0.01266,0.00000,0.00000
165.787,0,165768.000,84891,96000,1999.438,120.0,4,83,2,0.01263,0.01263,0.00001,0.00000,0.00000
165.787,1,165768.000,84891,96000,1999.438,120.0,4,83,2,0.01263,0.01263,0.01263,0.00000,0.00000
165.787,2,165768.000,84891,96000,1999.438,120.0,4,83,2,0.01263,0.01263,0.01263,0.00000,0.00000
165.890,0,165872.000,89859,96000,1999.938,120.0,4,83,2,0.01269,0.01269,0.00001,0.00000,0.00000
165.890,1,165872.000,89859,96000,1999.938,120.0,4,83,2,0.01269,0.01269,0.01269,0.00000,0.00000
165.890,2,165872.000,89859,96000,1999.938,120.0,4,83,2,0.01269,0.01269,0.01269,0.00000,0.00000
165.991,0,165972.000,94696,96000,1999.167,120.0,4,83,2,0.01267,0.01267,0.00000,0.00000,0.00000
165.991,1,165972.000,94696,96000,1999.167,120.0,4,83,2,0.01267,0.01267,0.01267,0.00000,0.00000
165.991,2,165972.000,94696,96000,1999.167,120.0,4,83,2,0.01267,0.01267,0.01267,0.00000,0.00000
166.093,0,166074.000,3599,96000,1999.021,120.0,4,84,2,0.01254,0.01254,0.01254,0.00000,0.00000
166.093,1,166074.000,3599,96000,1999.021,120.0,4,84,2,0.01254,0.01254,0.01254,0.00000,0.00000
166.093,2,166074.000,3599,96000,1999.021,120.0,4,84,2,0.01254,0.01254,0.01254,0.00000,0.00000
166.195,0,166176.000,8463,96000,1999.688,120.0,4,84,2,0.01269,0.01269,0.01269,0.00000,0.00000
166.195,1,166176.000,8463,96000,1999.688,120.0,4,84,2,0.01269,0.01269,0.01269,0.00000,0.00000
166.195,2,166176.000,8463,96000,1999.688,120.0,4,84,2,0.01269,0.01269,0.01269,0.00000,0.00000
166.297,0,166278.000,13391,96000,1999.021,120.0,4,84,2,0.01265,0.01265,0.01265,0.00000,0.00000
166.297,1,166278.000,13391,96000,1999.021,120.0,4,84,2,0.01265,0.01265,0.01265,0.00000,0.00000
166.297,2,166278.000,13391,96000,1999.021,120.0,4,84,2,0.01265,0.01265,0.01265,0.00000,0.00000
166.401,0,166383.000,18388,96000,1999.917,120.0,4,84,2,0.01266,0.01266,0.01266,0.00000,0.00000
166.401,1,166383.000,18388,96000,1999.917,120.0,4,84,2,0.01266,0.01266,0.01266,0.00000,0.00000
166.401,2,166383.000,18388,96000,1999.917,120.0,4,84,2,0.01266,0.01266,0.01266,0.00000,0.00000
166.502,0,166483.000,23199,96000,1999.688,120.0,4,84,2,0.01260,0.01260,0.01259,0.00000,0.00000
166.502,1,166483.000,23199,96000,1999.688,120.0,4,84,2,0.01261,0.01260,0.01261,0.00000,0.00000
166.502,2,166483.000,23199,96000,1999.688,120.0,4,84,2,0.01261,0.01261,0.01259,0.00000,0.00000
166.605,0,166586.000,28141,96000,1999.729,120.0,4,84,2,0.09719,0.09719,0.09711,0.00000,0.00000
166.605,1,166586.000,28141,96000,1999.729,120.0,4,84,2,0.09765,0.09719,0.09765,0.00000,0.00000
166.605,2,166586.000,28141,96000,1999.729,120.0,4,84,2,0.09765,0.09765,0.09711,0.00000,0.00000
166.707,0,166688.000,33053,96000,1999.396,120.0,4,84,2,0.06350,0.06350,0.06345,0.00000,0.00000
166.707,1,166688.000,33053,96000,1999.396,120.0,4,84,2,0.06381,0.06350,0.06381,0.00000,0.00000
166.707,2,166688.000,33053,96000,1999.396,120.0,4,84,2,0.06381,0.06381,0.06345,0.00000,0.00000
166.809,0,166790.000,37937,96000,1999.646,120.0,4,84,2,0.04159,0.04159,0.04156,0.00000,0.00000
166.809,1,166790.000,37937,96000,1999.646,120.0,4,84,2,0.04179,0.04159,0.04179,0.00000,0.00000
166.809,2,166790.000,37937,96000,1999.646,120.0,4,84,2,0.04179,0.04179,0.04156,0.00000,0.00000
166.910,0,166891.000,42810,96000,1999.125,120.0,4,84,2,0.02727,0.02727,0.02725,0.00000,0.00000
166.910,1,166891.000,42810,96000,1999.125,120.0,4,84,2,0.02740,0.02727,0.02740,0.00000,0.00000
166.910,2,166891.000,42810,96000,1999.125,120.0,4,84,2,0.02740,0.02740,0.02725,0.00000,0.00000
167.012,0,166993.000,47680,96000,1999.667,120.0,4,84,2,0.01788,0.01788,0.01787,0.00000,0.00000
167.012,1,166993.000,47680,96000,1999.667,120.0,4,84,2,0.01797,0.01788,0.01797,0.00000,0.00000
167.012,2,166993.000,47680,96000,1999.667,120.0,4,84,2,0.01797,0.01797,0.01787,0.00000,0.00000
167.116,0,167097.000,52672,96000,1999.667,120.0,4,84,2,0.01260,0.01260,0.01260,0.00000,0.00000
167.116,1,167097.000,52672,96000,1999.667,120.0,4,84,2,0.01260,0.01260,0.01260,0.00000,0.00000
167.116,2,167097.000,52672,96000,1999.667,120.0,4,84,2,0.01260,0.01260,0.01260,0.00000,0.00000
167.217,0,167199.000,57552,96000,0.000,120.0,4,84,2,0.01269,0.01269,0.01269,0.00000,0.00000
167.217,1,167199.000,57552,96000,0.000,120.0,4,84,2,0.01269,0.01269,0.01269,0.00000,0.00000
167.217,2,167199.000,57552,96000,0.000,120.0,4,84,2,0.01269,0.01269,0.01269,0.00000,0.00000
167.321,0,167302.000,62543,96000,1999.021,120.0,4,84,2,0.01265,0.01265,0.01265,0.00000,0.00000
167.321,1,167302.000,62543,96000,1999.021,120.0,4,84,2,0.01265,0.01265,0.01265,0.00000,0.00000
167.321,2,167302.000,62543,96000,1999.021,120.0,4,84,2,0.01265,0.01265,0.01265,0.00000,0.00000
167.423,0,167405.000,67441,96000,1999.979,120.0,4,84,2,0.01266,0.01266,0.01266,0.00000,0.00000
167.423,1,167405.000,67441,96000,1999.979,120.0,4,84,2,0.01266,0.01266,0.01266,0.00000,0.00000
167.423,2,167405.000,67441,96000,1999.979,120.0,4,84,2,0.01266,0.01266,0.01266,0.00000,0.00000
167.526,0,167508.000,72393,96000,1999.812,120.0,4,84,2,0.01258,0.01258,0.01258,0.00000,0.00000
167.526,1,167508.000,72393,96000,1999.812,120.0,4,84,2,0.01258,0.01258,0.01258,0.00000,0.00000
167.526,2,167508.000,72393,96000,1999.812,120.0,4,84,2,0.01258,0.01258,0.01258,0.00000,0.00000
167.627,0,167608.000,77228,96000,1999.083,120.0,4,84,2,0.01260,0.01260,0.01260,0.00000,0.00000
167.627,1,167608.000,77228,96000,1999.083,120.0,4,84,2,0.01260,0.01260,0.01260,0.00000,0.00000
167.627,2,167608.000,77228,96000,1999.083,120.0,4,84,2,0.01260,0.01260,0.01260,0.00000,0.00000
167.729,0,167711.000,82133,96000,1999.896,120.0,4,84,2,0.01269,0.01269,0.01269,0.00000,0.00000
167.729,1,167711.000,82133,96000,1999.896,120.0,4,84,2,0.01269,0.01269,0.01269,0.00000,0.00000
167.729,2,167711.000,82133,96000,1999.896,120.0,4,84,2,0.01269,0.01269,0.01269,0.00000,0.00000
167.833,0,167814.000,87084,96000,1999.750,120.0,4,84,2,0.01265,0.01265,0.01265,0.00000,0.00000
167.833,1,167814.000,87084,96000,1999.750,120.0,4,84,2,0.01265,0.01265,0.01265,0.00000,0.00000
167.833,2,167814.000,87084,96000,1999.750,120.0,4,84,2,0.01265,0.01265,0.01265,0.00000,0.00000
167.933,0,167914.000,91905,96000,1999.312,120.0,4,84,2,0.01264,0.01264,0.01264,0.00000,0.00000
167.933,1,167914.000,91905,96000,1999.312,120.0,4,84,2,0.01264,0.01264,0.01264,0.00000,0.00000
167.933,2,167914.000,91905,96000,1999.312,120.0,4,84,2,0.01264,0.01264,0.01264,0.00000,0.00000
168.048,0,168029.000,1414,96000,1999.542,120.0,4,85,2,0.01273,0.01105,0.01273,0.00000,0.00000
168.048,1,168029.000,1414,96000,1999.542,120.0,4,85,2,0.01273,0.01273,0.01273,0.00000,0.00000
168.048,2,168029.000,1414,96000,1999.542,120.0,4,85,2,0.01273,0.01273,0.01273,0.00000,0.00000
168.149,0,168130.000,6258,96000,1999.625,120.0,4,85,2,0.01266,0.00727,0.01266,0.00000,0.00000
168.149,1,168130.000,6258,96000,1999.625,120.0,4,85,2,0.01266,0.01266,0.01266,0.00000,0.00000
168.149,2,168130.000,6258,96000,1999.625,120.0,4,85,2,0.01266,0.01266,0.01266,0.00000,0.00000
168.250,0,168231.000,11133,96000,1999.062,120.0,4,85,2,0.01263,0.00476,0.01263,0.00000,0.00000
168.250,1,168231.000,11133,96000,1999.062,120.0,4,85,2,0.01263,0.01263,0.01263,0.00000,0.00000
168.250,2,168231.000,11133,96000,1999.062,120.0,4,85,2,0.01263,0.01263,0.01263,0.00000,0.00000
168.354,0,168335.000,16096,96000,1999.667,120.0,4,85,2,0.01269,0.00310,0.01269,0.00000,0.00000
168.354,1,168335.000,16096,96000,1999.667,120.0,4,85,2,0.01269,0.01269,0.01269,0.00000,0.00000
168.354,2,168335.000,16096,96000,1999.667,120.0,4,85,2,0.01269,0.01269,0.01269,0.00000,0.00000
168.454,0,168435.000,20913,96000,1999.312,120.0,4,85,2,0.01269,0.00204,0.01269,0.00000,0.00000
168.454,1,168435.000,20913,96000,1999.312,120.0,4,85,2,0.01269,0.01269,0.01269,0.00000,0.00000
168.454,2,168435.000,20913,96000,1999.312,120.0,4,85,2,0.01269,0.01269,0.01269,0.00000,0.00000
168.558,0,168539.000,25896,96000,1999.500,120.0,4,85,2,0.01265,0.00133,0.01265,0.00000,0.00000
168.558,1,168539.000,25896,96000,1999.500,120.0,4,85,2,0.01265,0.01265,0.01265,0.00000,0.00000
168.558,2,168539.000,25896,96000,1999.500,120.0,4,85,2,0.01265,0.01265,0.01265,0.00000,0.00000
168.658,0,168639.000,30705,96000,1999.312,120.0,4,85,2,0.01266,0.00087,0.01266,0.00000,0.00000
168.658,1,168639.000,30705,96000,1999.312,120.0,4,85,2,0.01266,0.01266,0.01266,0.00000,0.00000
168.658,2,168639.000,30705,96000,1999.312,120.0,4,85,2,0.01266,0.01266,0.01266,0.00000,0.00000
168.760,0,168741.000,35595,96000,1999.438,120.0,4,85,2,0.01260,0.00057,0.01260,0.00000,0.00000
168.760,1,168741.000,35595,96000,1999.438,120.0,4,85,2,0.01260,0.01260,0.01260,0.00000,0.00000
168.760,2,168741.000,35595,96000,1999.438,120.0,4,85,2,0.01260,0.01260,0.01260,0.00000,0.00000
168.860,0,168841.000,40399,96000,1999.354,120.0,4,85,2,0.01259,0.00038,0.01259,0.00000,0.00000
168.860,1,168841.000,40399,96000,1999.354,120.0,4,85,2,0.01259,0.01259,0.01259,0.00000,0.00000
168.860,2,168841.000,40399,96000,1999.354,120.0,4,85,2,0.01259,0.01259,0.01259,0.00000,0.00000
168.961,0,168943.000,45271,96000,1999.854,120.0,4,85,2,0.01269,0.00025,0.01269,0.00000,0.00000
168.961,1,168943.000,45271,96000,1999.854,120.0,4,85,2,0.01269,0.01269,0.01269,0.00000,0.00000
168.961,2,168943.000,45271,96000,1999.854,120.0,4,85,2,0.01269,0.01269,0.01269,0.00000,0.00000
169.062,0,169043.000,50078,96000,1999.708,120.0,4,85,2,0.01265,0.00016,0.01265,0.00000,0.00000
169.062,1,169043.000,50078,96000,1999.708,120.0,4,85,2,0.01265,0.01265,0.01265,0.00000,0.00000
169.062,2,169043.000,50078,96000,1999.708,120.0,4,85,2,0.01265,0.01265,0.01265,0.00000,0.00000
169.165,0,169147.000,55061,96000,1999.896,120.0,4,85,2,0.01264,0.00011,0.01264,0.00000,0.00000
169.165,1,169147.000,55061,96000,1999.896,120.0,4,85,2,0.01264,0.01264,0.01264,0.00000,0.00000
169.165,2,169147.000,55061,96000,1999.896,120.0,4,85,2,0.01264,0.01264,0.01264,0.00000,0.00000
169.268,0,169249.000,59998,96000,1999.042,120.0,4,85,2,0.01258,0.00007,0.01258,0.00000,0.00000
169.268,1,169249.000,59998,96000,1999.042,120.0,4,85,2,0.01258,0.01258,0.01258,0.00000,0.00000
169.268,2,169249.000,59998,96000,1999.042,120.0,4,85,2,0.01258,0.01258,0.01258,0.00000,0.00000
169.371,0,169352.000,64905,96000,1999.812,120.0,4,85,2,0.01260,0.00005,0.01260,0.00000,0.00000
169.371,1,169352.000,64905,96000,1999.812,120.0,4,85,2,0.01260,0.01260,0.01260,0.00000,0.00000
169.371,2,169352.000,64905,96000,1999.812,120.0,4,85,2,0.01260,0.01260,0.01260,0.00000,0.00000
169.472,0,169453.000,69769,96000,1999.479,120.0,4,85,2,0.01265,0.00003,0.01265,0.00000,0.00000
169.472,1,169453.000,69769,96000,1999.479,120.0,4,85,2,0.01265,0.01265,0.01265,0.00000,0.00000
169.472,2,169453.000,69769,96000,1999.479,120.0,4,85,2,0.01265,0.01265,0.01265,0.00000,0.00000
169.576,0,169557.000,74754,96000,1999.625,120.0,4,85,2,0.01265,0.00002,0.01265,0.00000,0.00000
169.576,1,169557.000,74754,96000,1999.625,120.0,4,85,2,0.01265,0.01265,0.01265,0.00000,0.00000
169.576,2,169557.000,74754,96000,1999.625,120.0,4,85,2,0.01265,0.01265,0.01265,0.00000,0.00000
169.676,0,169657.000,79580,96000,1999.083,120.0,4,85,2,0.01264,0.00001,0.01264,0.00000,0.00000
169.676,1,169657.000,79580,96000,1999.083,120.0,4,85,2,0.01264,0.01264,0.01264,0.00000,0.00000
169.676,2,169657.000,79580,96000,1999.083,120.0,4,85,2,0.01264,0.01264,0.01264,0.00000,0.00000
169.778,0,169759.000,84443,96000,1999.771,120.0,4,85,2,0.01263,0.00001,0.01263,0.00000,0.00000
169.778,1,169759.000,84443,96000,1999.771,120.0,4,85,2,0.01263,0.01263,0.01263,0.00000,0.00000
169.778,2,169759.000,84443,96000,1999.771,120.0,4,85,2,0.01263,0.01263,0.01263,0.00000,0.00000
169.880,0,169862.000,89380,96000,1999.917,120.0,4,85,2,0.01260,0.00001,0.01260,0.00000,0.00000
169.880,1,169862.000,89380,96000,1999.917,120.0,4,85,2,0.01260,0.01260,0.01260,0.00000,0.00000
169.880,2,169862.000,89380,96000,1999.917,120.0,4,85,2,0.01260,0.01260,0.01260,0.00000,0.00000
169.984,0,169965.000,94361,96000,1999.146,120.0,4,85,2,0.01265,0.00000,0.01265,0.00000,0.00000
169.984,1,169965.000,94361,96000,1999.146,120.0,4,85,2,0.01265,0.01265,0.01265,0.00000,0.00000
169.984,2,169965.000,94361,96000,1999.146,120.0,4,85,2,0.01265,0.01265,0.01265,0.00000,0.00000
170.084,0,170066.000,3175,96000,1999.854,120.0,4,86,2,0.01266,0.01266,0.01266,0.00000,0.00000
170.084,1,170066.000,3175,96000,1999.854,120.0,4,86,2,0.01266,0.01266,0.01266,0.00000,0.00000
170.084,2,170066.000,3175,96000,1999.854,120.0,4,86,2,0.01266,0.01266,0.01266,0.00000,0.00000
170.189,0,170170.000,8179,96000,1999.604,120.0,4,86,2,0.01264,0.01264,0.01264,0.00000,0.00000
170.189,1,170170.000,8179,96000,1999.604,120.0,4,86,2,0.01264,0.01264,0.01264,0.00000,0.00000
170.189,2,170170.000,8179,96000,1999.604,120.0,4,86,2,0.01264,0.01264,0.01264,0.00000,0.00000
170.289,0,170270.000,12986,96000,1999.458,120.0,4,86,2,0.01268,0.01268,0.01268,0.00000,0.00000
170.289,1,170270.000,12986,96000,1999.458,120.0,4,86,2,0.01268,0.01268,0.01268,0.00000,0.00000
170.289,2,170270.000,12986,96000,1999.458,120.0,4,86,2,0.01268,0.01268,0.01268,0.00000,0.00000
170.391,0,170372.000,17879,96000,1999.521,120.0,4,86,2,0.01269,0.01269,0.01269,0.00000,0.00000
170.391,1,170372.000,17879,96000,1999.521,120.0,4,86,2,0.01269,0.01269,0.01269,0.00000,0.00000
170.391,2,170372.000,17879,96000,1999.521,120.0,4,86,2,0.01269,0.01269,0.01269,0.00000,0.00000
170.492,0,170473.000,22742,96000,1999.208,120.0,4,86,2,0.01265,0.01265,0.01265,0.00000,0.00000
170.492,1,170473.000,22742,96000,1999.208,120.0,4,86,2,0.01265,0.01265,0.01265,0.00000,0.00000
170.492,2,170473.000,22742,96000,1999.208,120.0,4,86,2,0.01265,0.01265,0.01265,0.00000,0.00000
170.596,0,170578.000,27751,96000,1999.854,120.0,4,86,2,0.01266,0.01266,0.01266,0.00000,0.00000
170.596,1,170578.000,27751,96000,1999.854,120.0,4,86,2,0.01266,0.01266,0.01266,0.00000,0.00000
170.596,2,170578.000,27751,96000,1999.854,120.0,4,86,2,0.01266,0.01266,0.01266,0.00000,0.00000
170.698,0,170679.000,32634,96000,1999.125,120.0,4,86,2,0.01263,0.01263,0.01263,0.00000,0.00000
170.698,1,170679.000,32634,96000,1999.125,120.0,4,86,2,0.01263,0.01263,0.01263,0.00000,0.00000
170.698,2,170679.000,32634,96000,1999.125,120.0,4,86,2,0.01263,0.01263,0.01263,0.00000,0.00000
170.800,0,170781.000,37518,96000,1999.375,120.0,4,86,2,0.01268,0.01268,0.01268,0.00000,0.00000
170.800,1,170781.000,37518,96000,1999.375,120.0,4,86,2,0.01268,0.01268,0.01268,0.00000,0.00000
170.800,2,170781.000,37518,96000,1999.375,120.0,4,86,2,0.01268,0.01268,0.01268,0.00000,0.00000
170.903,0,170884.000,42443,96000,1999.771,120.0,4,86,2,0.01269,0.01269,0.01269,0.00000,0.00000
170.903,1,170884.000,42443,96000,1999.771,120.0,4,86,2,0.01269,0.01269,0.01269,0.00000,0.00000
170.903,2,170884.000,42443,96000,1999.771,120.0,4,86,2,0.01269,0.01269,0.01269,0.00000,0.00000
171.005,0,170986.000,47340,96000,1999.750,120.0,4,86,2,0.01265,0.01265,0.01265,0.00000,0.00000
171.005,1,170986.000,47340,96000,1999.750,120.0,4,86,2,0.01265,0.01265,0.01265,0.00000,0.00000
171.005,2,170986.000,47340,96000,1999.750,120.0,4,86,2,0.01265,0.01265,0.01265,0.00000,0.00000
171.108,0,171089.000,52311,96000,1999.188,120.0,4,86,2,0.01266,0.01266,0.01266,0.00000,0.00000
171.108,1,171089.000,52311,96000,1999.188,120.0,4,86,2,0.01266,0.01266,0.01266,0.00000,0.00000
171.108,2,171089.000,52311,96000,1999.188,120.0,4,86,2,0.01266,0.01266,0.01266,0.00000,0.00000
171.209,0,171190.000,57162,96000,1999.125,120.0,4,86,2,0.01260,0.01260,0.01260,0.00000,0.00000
171.209,1,171190.000,57162,96000,1999.125,120.0,4,86,2,0.01260,0.01260,0.01260,0.00000,0.00000
171.209,2,171190.000,57162,96000,1999.125,120.0,4,86,2,0.01260,0.01260,0.01260,0.00000,0.00000
171.311,0,171292.000,62047,96000,1999.354,120.0,4,86,2,0.01254,0.01254,0.01254,0.00000,0.00000
171.311,1,171292.000,62047,96000,1999.354,120.0,4,86,2,0.01254,0.01254,0.01254,0.00000,0.00000
171.311,2,171292.000,62047,96000,1999.354,120.0,4,86,2,0.01254,0.01254,0.01254,0.00000,0.00000
171.411,0,171392.000,66848,96000,1999.333,120.0,4,86,2,0.01269,0.01269,0.01269,0.00000,0.00000
171.411,1,171392.000,66848,96000,1999.333,120.0,4,86,2,0.01269,0.01269,0.01269,0.00000,0.00000
171.411,2,171392.000,66848,96000,1999.333,120.0,4,86,2,0.01269,0.01269,0.01269,0.00000,0.00000
171.515,0,171496.000,71822,96000,1999.708,120.0,4,86,2,0.01264,0.01264,0.01264,0.00000,0.00000
171.515,1,171496.000,71822,96000,1999.708,120.0,4,86,2,0.01264,0.01264,0.01264,0.00000,0.00000
171.515,2,171496.000,71822,96000,1999.708,120.0,4,86,2,0.01264,0.01264,0.01264,0.00000,0.00000
171.616,0,171597.000,76667,96000,1999.771,120.0,4,86,2,0.01266,0.01266,0.01266,0.00000,0.00000
171.616,1,171597.000,76667,96000,1999.771,120.0,4,86,2,0.01266,0.01266,0.01266,0.00000,0.00000
171.616,2,171597.000,76667,96000,1999.771,120.0,4,86,2,0.01266,0.01266,0.01266,0.00000,0.00000
171.717,0,171699.000,81559,96000,1999.854,120.0,4,86,2,0.01258,0.01258,0.01258,0.00000,0.00000
171.717,1,171699.000,81559,96000,1999.854,120.0,4,86,2,0.01258,0.01258,0.01258,0.00000,0.00000
171.717,2,171699.000,81559,96000,1999.854,120.0,4,86,2,0.01258,0.01258,0.01258,0.00000,0.00000
171.820,0,171802.000,86503,96000,1999.854,120.0,4,86,2,0.01259,0.01259,0.01259,0.00000,0.00000
171.820,1,171802.000,86503,96000,1999.854,120.0,4,86,2,0.01259,0.01259,0.01259,0.00000,0.00000
171.820,2,171802.000,86503,96000,1999.854,120.0,4,86,2,0.01259,0.01259,0.01259,0.00000,0.00000
171.921,0,171903.000,91352,96000,1999.833,120.0,4,86,2,0.01269,0.01269,0.01269,0.00000,0.00000
171.921,1,171903.000,91352,96000,1999.833,120.0,4,86,2,0.01269,0.01269,0.01269,0.00000,0.00000
171.921,2,171903.000,91352,96000,1999.833,120.0,4,86,2,0.01269,0.01269,0.01269,0.00000,0.00000
172.026,0,172007.000,374,96000,1999.208,120.0,4,87,2,0.01261,0.01212,0.01261,0.00000,0.00000
172.026,1,172007.000,374,96000,1999.208,120.0,4,87,2,0.01261,0.01261,0.01261,0.00000,0.00000
172.026,2,172007.000,374,96000,1999.208,120.0,4,87,2,0.01261,0.01261,0.01261,0.00000,0.00000
172.127,0,172108.000,5199,96000,1999.688,120.0,4,87,2,0.01264,0.00798,0.01264,0.00000,0.00000
172.127,1,172108.000,5199,96000,1999.688,120.0,4,87,2,0.01264,0.01264,0.01264,0.00000,0.00000
172.127,2,172108.000,5199,96000,1999.688,120.0,4,87,2,0.01264,0.01264,0.01264,0.00000,0.00000
172.228,0,172209.000,10047,96000,1999.688,120.0,4,87,2,0.01269,0.00524,0.01269,0.00000,0.00000
172.228,1,172209.000,10047,96000,1999.688,120.0,4,87,2,0.01269,0.01269,0.01269,0.00000,0.00000
172.228,2,172209.000,10047,96000,1999.688,120.0,4,87,2,0.01269,0.01269,0.01269,0.00000,0.00000
172.332,0,172313.000,15058,96000,1999.292,120.0,4,87,2,0.01264,0.00340,0.01264,0.00000,0.00000
172.332,1,172313.000,15058,96000,1999.292,120.0,4,87,2,0.01264,0.01264,0.01264,0.00000,0.00000
172.332,2,172313.000,15058,96000,1999.292,120.0,4,87,2,0.01264,0.01264,0.01264,0.00000,0.00000
172.434,0,172415.000,19964,96000,1999.083,120.0,4,87,2,0.01259,0.00222,0.01259,0.00000,0.00000
172.434,1,172415.000,19964,96000,1999.083,120.0,4,87,2,0.01259,0.01259,0.01259,0.00000,0.00000
172.434,2,172415.000,19964,96000,1999.083,120.0,4,87,2,0.01259,0.01259,0.01259,0.00000,0.00000
172.538,0,172519.000,24957,96000,1999.062,120.0,4,87,2,0.01260,0.00144,0.01260,0.00000,0.00000
172.538,1,172519.000,24957,96000,1999.062,120.0,4,87,2,0.01260,0.01260,0.01260,0.00000,0.00000
172.538,2,172519.000,24957,96000,1999.062,120.0,4,87,2,0.01260,0.01260,0.01260,0.00000,0.00000
172.639,0,172620.000,29779,96000,1999.604,120.0,4,87,2,0.01264,0.00095,0.01264,0.00000,0.00000
172.639,1,172620.000,29779,96000,1999.604,120.0,4,87,2,0.01264,0.01264,0.01264,0.00000,0.00000
172.639,2,172620.000,29779,96000,1999.604,120.0,4,87,2,0.01264,0.01264,0.01264,0.00000,0.00000
172.739,0,172720.000,34593,96000,1999.312,120.0,4,87,2,0.01269,0.00063,0.01269,0.00000,0.00000
172.739,1,172720.000,34593,96000,1999.312,120.0,4,87,2,0.01269,0.01269,0.01269,0.00000,0.00000
172.739,2,172720.000,34593,96000,1999.312,120.0,4,87,2,0.01269,0.01269,0.01269,0.00000,0.00000
172.840,0,172822.000,39465,96000,1999.812,120.0,4,87,2,0.01269,0.00041,0.01269,0.00000,0.00000
172.840,1,172822.000,39465,96000,1999.812,120.0,4,87,2,0.01269,0.01269,0.01269,0.00000,0.00000
172.840,2,172822.000,39465,96000,1999.812,120.0,4,87,2,0.01269,0.01269,0.01269,0.00000,0.00000
172.942,0,172923.000,44320,96000,1999.667,120.0,4,87,2,0.01265,0.00027,0.01265,0.00000,0.00000
172.942,1,172923.000,44320,96000,1999.667,120.0,4,87,2,0.01265,0.01265,0.01265,0.00000,0.00000
172.942,2,172923.000,44320,96000,1999.667,120.0,4,87,2,0.01265,0.01265,0.01265,0.00000,0.00000
173.044,0,173025.000,49217,96000,1999.646,120.0,4,87,2,0.12517,0.00018,0.12517,0.00000,0.00000
173.044,1,173025.000,49217,96000,1999.646,120.0,4,87,2,0.12455,0.12455,0.12339,0.00000,0.00000
173.044,2,173025.000,49217,96000,1999.646,120.0,4,87,2,0.12517,0.12339,0.12517,0.00000,0.00000
173.146,0,173127.000,54139,96000,1999.104,120.0,4,87,2,0.08172,0.00011,0.08172,0.00000,0.00000
173.146,1,173127.000,54139,96000,1999.104,120.0,4,87,2,0.08131,0.08131,0.08055,0.00000,0.00000
173.146,2,173127.000,54139,96000,1999.104,120.0,4,87,2,0.08172,0.08055,0.08172,0.00000,0.00000
173.248,0,173229.000,59002,96000,1999.792,120.0,4,87,2,0.05362,0.00008,0.05362,0.00000,0.00000
173.248,1,173229.000,59002,96000,1999.792,120.0,4,87,2,0.05335,0.05335,0.05286,0.00000,0.00000
173.248,2,173229.000,59002,96000,1999.792,120.0,4,87,2,0.05362,0.05286,0.05362,0.00000,0.00000
173.350,0,173331.000,63927,96000,1999.188,120.0,4,87,2,0.03499,0.00005,0.03499,0.00000,0.00000
173.350,1,173331.000,63927,96000,1999.188,120.0,4,87,2,0.03482,0.03482,0.03450,0.00000,0.00000
173.350,2,173331.000,63927,96000,1999.188,120.0,4,87,2,0.03499,0.03450,0.03499,0.00000,0.00000
173.452,0,173433.000,68801,96000,1999.646,120.0,4,87,2,0.02294,0.00003,0.02294,0.00000,0.00000
173.452,1,173433.000,68801,96000,1999.646,120.0,4,87,2,0.02283,0.02283,0.02261,0.00000,0.00000
173.452,2,173433.000,68801,96000,1999.646,120.0,4,87,2,0.02294,0.02261,0.02294,0.00000,0.00000
173.553,0,173534.000,73658,96000,1999.458,120.0,4,87,2,0.01506,0.00002,0.01506,0.00000,0.00000
173.553,1,173534.000,73658,96000,1999.458,120.0,4,87,2,0.01499,0.01499,0.01485,0.00000,0.00000
173.553,2,173534.000,73658,96000,1999.458,120.0,4,87,2,0.01506,0.01485,0.01506,0.00000,0.00000
173.654,0,173635.000,78502,96000,1999.542,120.0,4,87,2,0.01258,0.00001,0.01258,0.00000,0.00000
173.654,1,173635.000,78502,96000,1999.542,120.0,4,87,2,0.01258,0.01258,0.01258,0.00000,0.00000
173.654,2,173635.000,78502,96000,1999.542,120.0,4,87,2,0.01258,0.01258,0.01258,0.00000,0.00000
173.758,0,173739.000,83493,96000,1999.562,120.0,4,87,2,0.01254,0.00001,0.01254,0.00000,0.00000
173.758,1,173739.000,83493,96000,1999.562,120.0,4,87,2,0.01254,0.01254,0.01254,0.00000,0.00000
173.758,2,173739.000,83493,96000,1999.562,120.0,4,87,2,0.01254,0.01254,0.01254,0.00000,0.00000
173.859,0,173840.000,88366,96000,1999.042,120.0,4,87,2,0.01269,0.00001,0.01269,0.00000,0.00000
173.859,1,173840.000,88366,96000,1999.042,120.0,4,87,2,0.01269,0.01269,0.01269,0.00000,0.00000
173.859,2,173840.000,88366,96000,1999.042,120.0,4,87,2,0.01269,0.01269,0.01269,0.00000,0.00000
173.960,0,173941.000,93195,96000,1999.438,120.0,4,87,2,0.01265,0.00000,0.01265,0.00000,0.00000
173.960,1,173941.000,93195,96000,1999.438,120.0,4,87,2,0.01265,0.01265,0.01265,0.00000,0.00000
173.960,2,173941.000,93195,96000,1999.438,120.0,4,87,2,0.01265,0.01265,0.01265,0.00000,0.00000
174.061,0,174042.000,2030,96000,1999.708,120.0,4,88,2,0.01264,0.01264,0.01264,0.00000,0.00000
174.061,1,174042.000,2030,96000,1999.708,120.0,4,88,2,0.01264,0.01046,0.01264,0.00000,0.00000
174.061,2,174042.000,2030,96000,1999.708,120.0,4,88,2,0.01264,0.01264,0.01264,0.00000,0.00000
174.162,0,174143.000,6898,96000,1999.292,120.0,4,88,2,0.01269,0.01269,0.01269,0.00000,0.00000
174.162,1,174143.000,6898,96000,1999.292,120.0,4,88,2,0.01269,0.00686,0.01269,0.00000,0.00000
174.162,2,174143.000,6898,96000,1999.292,120.0,4,88,2,0.01269,0.01269,0.01269,0.00000,0.00000
174.265,0,174246.000,11822,96000,1999.708,120.0,4,88,2,0.01269,0.01269,0.01269,0.00000,0.00000
174.265,1,174246.000,11822,96000,1999.708,120.0,4,88,2,0.01269,0.00448,0.01269,0.00000,0.00000
174.265,2,174246.000,11822,96000,1999.708,120.0,4,88,2,0.01269,0.01269,0.01269,0.00000,0.00000
174.367,0,174348.000,16744,96000,1999.167,120.0,4,88,2,0.01265,0.01265,0.01265,0.00000,0.00000
174.367,1,174348.000,16744,96000,1999.167,120.0,4,88,2,0.01265,0.00292,0.01265,0.00000,0.00000
174.367,2,174348.000,16744,96000,1999.167,120.0,4,88,2,0.01265,0.01265,0.01265,0.00000,0.00000
174.468,0,174449.000,21599,96000,1999.021,120.0,4,88,2,0.01266,0.01266,0.01266,0.00000,0.00000
174.468,1,174449.000,21599,96000,1999.021,120.0,4,88,2,0.01266,0.00192,0.01266,0.00000,0.00000
174.468,2,174449.000,21599,96000,1999.021,120.0,4,88,2,0.01266,0.01266,0.01266,0.00000,0.00000
174.573,0,174555.000,26645,96000,1999.896,120.0,4,88,2,0.01264,0.01264,0.01264,0.00000,0.00000
174.573,1,174555.000,26645,96000,1999.896,120.0,4,88,2,0.01264,0.00124,0.01264,0.00000,0.00000
174.573,2,174555.000,26645,96000,1999.896,120.0,4,88,2,0.01264,0.01264,0.01264,0.00000,0.00000
174.676,0,174657.000,31551,96000,1999.688,120.0,4,88,2,0.01269,0.01269,0.01269,0.00000,0.00000
174.676,1,174657.000,31551,96000,1999.688,120.0,4,88,2,0.01269,0.00081,0.01269,0.00000,0.00000
174.676,2,174657.000,31551,96000,1999.688,120.0,4,88,2,0.01269,0.01269,0.01269,0.00000,0.00000
174.779,0,174760.000,36495,96000,1999.688,120.0,4,88,2,0.01269,0.01269,0.01269,0.00000,0.00000
174.779,1,174760.000,36495,96000,1999.688,120.0,4,88,2,0.01269,0.00053,0.01269,0.00000,0.00000
174.779,2,174760.000,36495,96000,1999.688,120.0,4,88,2,0.01269,0.01269,0.01269,0.00000,0.00000
174.879,0,174860.000,41313,96000,1999.312,120.0,4,88,2,0.01265,0.01265,0.01265,0.00000,0.00000
174.879,1,174860.000,41313,96000,1999.312,120.0,4,88,2,0.01265,0.00035,0.01265,0.00000,0.00000
174.879,2,174860.000,41313,96000,1999.312,120.0,4,88,2,0.01265,0.01265,0.01265,0.00000,0.00000
174.983,0,174965.000,46325,96000,1999.896,120.0,4,88,2,0.01261,0.01261,0.01261,0.00000,0.00000
174.983,1,174965.000,46325,96000,1999.896,120.0,4,88,2,0.01261,0.00023,0.01261,0.00000,0.00000
174.983,2,174965.000,46325,96000,1999.896,120.0,4,88,2,0.01261,0.01261,0.01261,0.00000,0.00000
175.084,0,175066.000,51170,96000,1999.958,120.0,4,88,2,0.01264,0.01264,0.01264,0.00000,0.00000
175.084,1,175066.000,51170,96000,1999.958,120.0,4,88,2,0.01264,0.00015,0.01264,0.00000,0.00000
175.084,2,175066.000,51170,96000,1999.958,120.0,4,88,2,0.01264,0.01264,0.01264,0.00000,0.00000
175.185,0,175166.000,55995,96000,1999.438,120.0,4,88,2,0.01268,0.01268,0.01268,0.00000,0.00000
175.185,1,175166.000,55995,96000,1999.438,120.0,4,88,2,0.01268,0.00010,0.01268,0.00000,0.00000
175.185,2,175166.000,55995,96000,1999.438,120.0,4,88,2,0.01268,0.01268,0.01268,0.00000,0.00000
175.287,0,175269.000,60913,96000,1999.979,120.0,4,88,2,0.01269,0.01269,0.01269,0.00000,0.00000
175.287,1,175269.000,60913,96000,1999.979,120.0,4,88,2,0.01269,0.00006,0.01269,0.00000,0.00000
175.287,2,175269.000,60913,96000,1999.979,120.0,4,88,2,0.01269,0.01269,0.01269,0.00000,0.00000
175.389,0,175370.000,65797,96000,1999.229,120.0,4,88,2,0.01265,0.01265,0.01265,0.00000,0.00000
175.389,1,175370.000,65797,96000,1999.229,120.0,4,88,2,0.01265,0.00004,0.01265,0.00000,0.00000
175.389,2,175370.000,65797,96000,1999.229,120.0,4,88,2,0.01265,0.01265,0.01265,0.00000,0.00000
175.492,0,175473.000,70722,96000,1999.625,120.0,4,88,2,0.01266,0.01266,0.01266,0.00000,0.00000
175.492,1,175473.000,70722,96000,1999.625,120.0,4,88,2,0.01266,0.00003,0.01266,0.00000,0.00000
175.492,2,175473.000,70722,96000,1999.625,120.0,4,88,2,0.01266,0.01266,0.01266,0.00000,0.00000
175.592,0,175573.000,75531,96000,1999.438,120.0,4,88,2,0.01260,0.01260,0.01260,0.00000,0.00000
175.592,1,175573.000,75531,96000,1999.438,120.0,4,88,2,0.01260,0.00002,0.01260,0.00000,0.00000
175.592,2,175573.000,75531,96000,1999.438,120.0,4,88,2,0.01260,0.01260,0.01260,0.00000,0.00000
175.693,0,175674.000,80377,96000,1999.479,120.0,4,88,2,0.01259,0.01259,0.01259,0.00000,0.00000
175.693,1,175674.000,80377,96000,1999.479,120.0,4,88,2,0.01259,0.00001,0.01259,0.00000,0.00000
175.693,2,175674.000,80377,96000,1999.479,120.0,4,88,2,0.01259,0.01259,0.01259,0.00000,0.00000
175.797,0,175778.000,85363,96000,1999.604,120.0,4,88,2,0.01269,0.01269,0.01269,0.00000,0.00000
175.797,1,175778.000,85363,96000,1999.604,120.0,4,88,2,0.01269,0.00001,0.01269,0.00000,0.00000
175.797,2,175778.000,85363,96000,1999.604,120.0,4,88,2,0.01269,0.01269,0.01269,0.00000,0.00000
175.897,0,175879.000,90196,96000,1999.917,120.0,4,88,2,0.01265,0.01265,0.01265,0.00000,0.00000
175.897,1,175879.000,90196,96000,1999.917,120.0,4,88,2,0.01265,0.00001,0.01265,0.00000,0.00000
175.897,2,175879.000,90196,96000,1999.917,120.0,4,88,2,0.01265,0.01265,0.01265,0.00000,0.00000
176.000,0,175981.000,95113,96000,1999.479,120.0,4,88,2,0.01264,0.01264,0.01264,0.00000,0.00000
176.000,1,175981.000,95113,96000,1999.479,120.0,4,88,2,0.01264,0.00000,0.01264,0.00000,0.00000
176.000,2,175981.000,95113,96000,1999.479,120.0,4,88,2,0.01264,0.01264,0.01264,0.00000,0.00000
176.104,0,176085.000,4096,96000,1999.667,120.0,4,89,2,0.01265,0.01265,0.01265,0.00000,0.00000
176.104,1,176085.000,4096,96000,1999.667,120.0,4,89,2,0.01265,0.01265,0.01265,0.00000,0.00000
176.104,2,176085.000,4096,96000,1999.667,120.0,4,89,2,0.01265,0.01265,0.01265,0.00000,0.00000
176.208,0,176189.000,9092,96000,1999.583,120.0,4,89,2,0.01266,0.01266,0.01266,0.00000,0.00000
176.208,1,176189.000,9092,96000,1999.583,120.0,4,89,2,0.01266,0.01266,0.01266,0.00000,0.00000
176.208,2,176189.000,9092,96000,1999.583,120.0,4,89,2,0.01266,0.01266,0.01266,0.00000,0.00000
176.311,0,176293.000,14066,96000,1999.958,120.0,4,89,2,0.01260,0.01260,0.01260,0.00000,0.00000
176.311,1,176293.000,14066,96000,1999.958,120.0,4,89,2,0.01260,0.01260,0.01260,0.00000,0.00000
176.311,2,176293.000,14066,96000,1999.958,120.0,4,89,2,0.01260,0.01260,0.01260,0.00000,0.00000
176.413,0,176394.000,18944,96000,1999.333,120.0,4,89,2,0.01259,0.01259,0.01259,0.00000,0.00000
176.413,1,176394.000,18944,96000,1999.333,120.0,4,89,2,0.01259,0.01259,0.01259,0.00000,0.00000
176.413,2,176394.000,18944,96000,1999.333,120.0,4,89,2,0.01259,0.01259,0.01259,0.00000,0.00000
176.515,0,176496.000,23853,96000,1999.062,120.0,4,89,2,0.01269,0.01269,0.01269,0.00000,0.00000
176.515,1,176496.000,23853,96000,1999.062,120.0,4,89,2,0.01269,0.01269,0.01269,0.00000,0.00000
176.515,2,176496.000,23853,96000,1999.062,120.0,4,89,2,0.01269,0.01269,0.01269,0.00000,0.00000
176.617,0,176598.000,28751,96000,1999.021,120.0,4,89,2,0.01265,0.01265,0.01265,0.00000,0.00000
176.617,1,176598.000,28751,96000,1999.021,120.0,4,89,2,0.01265,0.01265,0.01265,0.00000,0.00000
176.617,2,176598.000,28751,96000,1999.021,120.0,4,89,2,0.01265,0.01265,0.01265,0.00000,0.00000
176.719,0,176700.000,33639,96000,1999.188,120.0,4,89,2,0.01261,0.01261,0.01261,0.00000,0.00000
176.719,1,176700.000,33639,96000,1999.188,120.0,4,89,2,0.01261,0.01261,0.01261,0.00000,0.00000
176.719,2,176700.000,33639,96000,1999.188,120.0,4,89,2,0.01261,0.01261,0.01261,0.00000,0.00000
176.821,0,176802.000,38527,96000,1999.354,120.0,4,89,2,0.01258,0.01258,0.01258,0.00000,0.00000
176.821,1,176802.000,38527,96000,1999.354,120.0,4,89,2,0.01258,0.01258,0.01258,0.00000,0.00000
176.821,2,176802.000,38527,96000,1999.354,120.0,4,89,2,0.01258,0.01258,0.01258,0.00000,0.00000
176.923,0,176904.000,43405,96000,1999.729,120.0,4,89,2,0.01260,0.01260,0.01260,0.00000,0.00000
176.923,1,176904.000,43405,96000,1999.729,120.0,4,89,2,0.01260,0.01260,0.01260,0.00000,0.00000
176.923,2,176904.000,43405,96000,1999.729,120.0,4,89,2,0.01260,0.01260,0.01260,0.00000,0.00000
177.026,0,177008.000,48391,96000,1999.854,120.0,4,89,2,0.01269,0.01269,0.01269,0.00000,0.00000
177.026,1,177008.000,48391,96000,1999.854,120.0,4,89,2,0.01269,0.01269,0.01269,0.00000,0.00000
177.026,2,177008.000,48391,96000,1999.854,120.0,4,89,2,0.01269,0.01269,0.01269,0.00000,0.00000
177.130,0,177112.000,53384,96000,1999.833,120.0,4,89,2,0.01264,0.01264,0.01264,0.00000,0.00000
177.130,1,177112.000,53384,96000,1999.833,120.0,4,89,2,0.01264,0.01264,0.01264,0.00000,0.00000
177.130,2,177112.000,53384,96000,1999.833,120.0,4,89,2,0.01264,0.01264,0.01264,0.00000,0.00000
177.234,0,177215.000,58353,96000,1999.312,120.0,4,89,2,0.01266,0.01266,0.01266,0.00000,0.00000
177.234,1,177215.000,58353,96000,1999.312,120.0,4,89,2,0.01266,0.01266,0.01266,0.00000,0.00000
177.234,2,177215.000,58353,96000,1999.312,120.0,4,89,2,0.01266,0.01266,0.01266,0.00000,0.00000
177.335,0,177316.000,63200,96000,1999.333,120.0,4,89,2,0.01258,0.01258,0.01258,0.00000,0.00000
177.335,1,177316.000,63200,96000,1999.333,120.0,4,89,2,0.01258,0.01258,0.01258,0.00000,0.00000
177.335,2,177316.000,63200,96000,1999.333,120.0,4,89,2,0.01258,0.01258,0.01258,0.00000,0.00000
177.437,0,177418.000,68081,96000,1999.646,120.0,4,89,2,0.01259,0.01259,0.01259,0.00000,0.00000
177.437,1,177418.000,68081,96000,1999.646,120.0,4,89,2,0.01259,0.01259,0.01259,0.00000,0.00000
177.437,2,177418.000,68081,96000,1999.646,120.0,4,89,2,0.01259,0.01259,0.01259,0.00000,0.00000
177.537,0,177518.000,72900,96000,1999.250,120.0,4,89,2,0.01265,0.01265,0.01265,0.00000,0.00000
177.537,1,177518.000,72900,96000,1999.250,120.0,4,89,2,0.01265,0.01265,0.01265,0.00000,0.00000
177.537,2,177518.000,72900,96000,1999.250,120.0,4,89,2,0.01265,0.01265,0.01265,0.00000,0.00000
177.640,0,177621.000,77821,96000,1999.729,120.0,4,89,2,0.01265,0.01265,0.01265,0.00000,0.00000
177.640,1,177621.000,77821,96000,1999.729,120.0,4,89,2,0.01265,0.01265,0.01265,0.00000,0.00000
177.640,2,177621.000,77821,96000,1999.729,120.0,4,89,2,0.01265,0.01265,0.01265,0.00000,0.00000
177.740,0,177721.000,82628,96000,1999.583,120.0,4,89,2,0.01264,0.01264,0.01264,0.00000,0.00000
177.740,1,177721.000,82628,96000,1999.583,120.0,4,89,2,0.01264,0.01264,0.01264,0.00000,0.00000
177.740,2,177721.000,82628,96000,1999.583,120.0,4,89,2,0.01264,0.01264,0.01264,0.00000,0.00000
177.841,0,177822.000,87494,96000,1999.208,120.0,4,89,2,0.01261,0.01261,0.01261,0.00000,0.00000
177.841,1,177822.000,87494,96000,1999.208,120.0,4,89,2,0.01261,0.01261,0.01261,0.00000,0.00000
177.841,2,177822.000,87494,96000,1999.208,120.0,4,89,2,0.01261,0.01261,0.01261,0.00000,0.00000
177.942,0,177923.000,92317,96000,1999.729,120.0,4,89,2,0.01261,0.01261,0.01261,0.00000,0.00000
177.942,1,177923.000,92317,96000,1999.729,120.0,4,89,2,0.01261,0.01261,0.01261,0.00000,0.00000
177.942,2,177923.000,92317,96000,1999.729,120.0,4,89,2,0.01261,0.01261,0.01261,0.00000,0.00000
178.045,0,178026.000,1271,96000,1999.521,120.0,4,90,2,0.01273,0.01273,0.01273,0.00000,0.00000
178.045,1,178026.000,1271,96000,1999.521,120.0,4,90,2,0.01273,0.01273,0.01273,0.00000,0.00000
178.045,2,178026.000,1271,96000,1999.521,120.0,4,90,2,0.01273,0.01273,0.01273,0.00000,0.00000
178.148,0,178129.000,6227,96000,1999.271,120.0,4,90,2,0.01266,0.01266,0.01266,0.00000,0.00000
178.148,1,178129.000,6227,96000,1999.271,120.0,4,90,2,0.01266,0.01266,0.01266,0.00000,0.00000
178.148,2,178129.000,6227,96000,1999.271,120.0,4,90,2,0.01266,0.01266,0.01266,0.00000,0.00000
178.250,0,178231.000,11114,96000,1999.458,120.0,4,90,2,0.01263,0.01263,0.01263,0.00000,0.00000
178.250,1,178231.000,11114,96000,1999.458,120.0,4,90,2,0.01263,0.01263,0.01263,0.00000,0.00000
178.250,2,178231.000,11114,96000,1999.458,120.0,4,90,2,0.01263,0.01263,0.01263,0.00000,0.00000
178.351,0,178332.000,15971,96000,1999.271,120.0,4,90,2,0.01253,0.01253,0.01253,0.00000,0.00000
178.351,1,178332.000,15971,96000,1999.271,120.0,4,90,2,0.01253,0.01253,0.01253,0.00000,0.00000
178.351,2,178332.000,15971,96000,1999.271,120.0,4,90,2,0.01253,0.01253,0.01253,0.00000,0.00000
178.454,0,178435.000,20920,96000,1999.167,120.0,4,90,2,0.01269,0.01269,0.01269,0.00000,0.00000
178.454,1,178435.000,20920,96000,1999.167,120.0,4,90,2,0.01269,0.01269,0.01269,0.00000,0.00000
178.454,2,178435.000,20920,96000,1999.167,120.0,4,90,2,0.01269,0.01269,0.01269,0.00000,0.00000
178.558,0,178540.000,25928,96000,1999.833,120.0,4,90,2,0.01265,0.01265,0.01265,0.00000,0.00000
178.558,1,178540.000,25928,96000,1999.833,120.0,4,90,2,0.01265,0.01265,0.01265,0.00000,0.00000
178.558,2,178540.000,25928,96000,1999.833,120.0,4,90,2,0.01265,0.01265,0.01265,0.00000,0.00000
178.659,0,178640.000,30753,96000,1999.312,120.0,4,90,2,0.01266,0.01266,0.01266,0.00000,0.00000
178.659,1,178640.000,30753,96000,1999.312,120.0,4,90,2,0.01266,0.01266,0.01266,0.00000,0.00000
178.659,2,178640.000,30753,96000,1999.312,120.0,4,90,2,0.01266,0.01266,0.01266,0.00000,0.00000
178.760,0,178741.000,35615,96000,1999.021,120.0,4,90,2,0.01260,0.01260,0.01260,0.00000,0.00000
178.760,1,178741.000,35615,96000,1999.021,120.0,4,90,2,0.01260,0.01260,0.01260,0.00000,0.00000
178.760,2,178741.000,35615,96000,1999.021,120.0,4,90,2,0.01260,0.01260,0.01260,0.00000,0.00000
178.864,0,178845.000,40590,96000,1999.375,120.0,4,90,2,0.01268,0.01268,0.01268,0.00000,0.00000
178.864,1,178845.000,40590,96000,1999.375,120.0,4,90,2,0.01268,0.01268,0.01268,0.00000,0.00000
178.864,2,178845.000,40590,96000,1999.375,120.0,4,90,2,0.01268,0.01268,0.01268,0.00000,0.00000
178.964,0,178946.000,45408,96000,0.000,120.0,4,90,2,0.01269,0.01269,0.01269,0.00000,0.00000
178.964,1,178946.000,45408,96000,0.000,120.0,4,90,2,0.01269,0.01269,0.01269,0.00000,0.00000
178.964,2,178946.000,45408,96000,0.000,120.0,4,90,2,0.01269,0.01269,0.01269,0.00000,0.00000
179.069,0,179050.000,50421,96000,1999.562,120.0,4,90,2,0.01265,0.01265,0.01265,0.00000,0.00000
179.069,1,179050.000,50421,96000,1999.562,120.0,4,90,2,0.01265,0.01265,0.01265,0.00000,0.00000
179.069,2,179050.000,50421,96000,1999.562,120.0,4,90,2,0.01265,0.01265,0.01265,0.00000,0.00000
179.171,0,179152.000,55340,96000,1999.083,120.0,4,90,2,0.01266,0.01266,0.01266,0.00000,0.00000
179.171,1,179152.000,55340,96000,1999.083,120.0,4,90,2,0.01266,0.01266,0.01266,0.00000,0.00000
179.171,2,179152.000,55340,96000,1999.083,120.0,4,90,2,0.01266,0.01266,0.01266,0.00000,0.00000
179.274,0,179255.000,60274,96000,1999.292,120.0,4,90,2,0.01263,0.01263,0.01263,0.00000,0.00000
179.274,1,179255.000,60274,96000,1999.292,120.0,4,90,2,0.01263,0.01263,0.01263,0.00000,0.00000
179.274,2,179255.000,60274,96000,1999.292,120.0,4,90,2,0.01263,0.01263,0.01263,0.00000,0.00000
179.377,0,179358.000,65197,96000,1999.729,120.0,4,90,2,0.01268,0.01268,0.01268,0.00000,0.00000
179.377,1,179358.000,65197,96000,1999.729,120.0,4,90,2,0.01268,0.01268,0.01268,0.00000,0.00000
179.377,2,179358.000,65197,96000,1999.729,120.0,4,90,2,0.01268,0.01268,0.01268,0.00000,0.00000
179.480,0,179461.000,70147,96000,1999.604,120.0,4,90,2,0.01269,0.01269,0.01269,0.00000,0.00000
179.480,1,179461.000,70147,96000,1999.604,120.0,4,90,2,0.01269,0.01269,0.01269,0.00000,0.00000
179.480,2,179461.000,70147,96000,1999.604,120.0,4,90,2,0.01269,0.01269,0.01269,0.00000,0.00000
179.584,0,179565.000,75149,96000,1999.396,120.0,4,90,2,0.10565,0.10565,0.10520,0.00000,0.00000
179.584,1,179565.000,75149,96000,1999.396,120.0,4,90,2,0.10595,0.10565,0.10595,0.00000,0.00000
179.584,2,179565.000,75149,96000,1999.396,120.0,4,90,2,0.10595,0.10595,0.10520,0.00000,0.00000
179.686,0,179667.000,80034,96000,1999.625,120.0,4,90,2,0.06919,0.06919,0.06890,0.00000,0.00000
179.686,1,179667.000,80034,96000,1999.625,120.0,4,90,2,0.06939,0.06919,0.06939,0.00000,0.00000
179.686,2,179667.000,80034,96000,1999.625,120.0,4,90,2,0.06939,0.06939,0.06890,0.00000,0.00000
179.786,0,179767.000,84859,96000,1999.104,120.0,4,90,2,0.04555,0.04555,0.04536,0.00000,0.00000
179.786,1,179767.000,84859,96000,1999.104,120.0,4,90,2,0.04568,0.04555,0.04568,0.00000,0.00000
179.786,2,179767.000,84859,96000,1999.104,120.0,4,90,2,0.04568,0.04568,0.04536,0.00000,0.00000
179.886,0,179868.000,89668,96000,1999.917,120.0,4,90,2,0.03003,0.03003,0.02990,0.00000,0.00000
179.886,1,179868.000,89668,96000,1999.917,120.0,4,90,2,0.03012,0.03003,0.03012,0.00000,0.00000
179.886,2,179868.000,89668,96000,1999.917,120.0,4,90,2,0.03012,0.03012,0.02990,0.00000,0.00000
179.987,0,179968.000,94501,96000,1999.229,120.0,4,90,2,0.01975,0.01975,0.01967,0.00000,0.00000
179.987,1,179968.000,94501,96000,1999.229,120.0,4,90,2,0.01981,0.01975,0.01981,0.00000,0.00000
179.987,2,179968.000,94501,96000,1999.229,120.0,4,90,2,0.01981,0.01981,0.01967,0.00000,0.00000
180.089,0,180070.000,3397,96000,1999.229,120.0,4,91,2,0.01293,0.01293,0.01287,0.00000,0.00000
180.089,1,180070.000,3397,96000,1999.229,120.0,4,91,2,0.01296,0.01293,0.01296,0.00000,0.00000
180.089,2,180070.000,3397,96000,1999.229,120.0,4,91,2,0.01296,0.01296,0.01287,0.00000,0.00000
180.192,0,180174.000,8353,96000,1999.979,120.0,4,91,2,0.01265,0.01265,0.01265,0.00000,0.00000
180.192,1,180174.000,8353,96000,1999.979,120.0,4,91,2,0.01265,0.01265,0.01265,0.00000,0.00000
180.192,2,180174.000,8353,96000,1999.979,120.0,4,91,2,0.01265,0.01265,0.01265,0.00000,0.00000
180.295,0,180276.000,13274,96000,1999.458,120.0,4,91,2,0.01265,0.01265,0.01265,0.00000,0.00000
180.295,1,180276.000,13274,96000,1999.458,120.0,4,91,2,0.01265,0.01265,0.01265,0.00000,0.00000
180.295,2,180276.000,13274,96000,1999.458,120.0,4,91,2,0.01265,0.01265,0.01265,0.00000,0.00000
180.398,0,180379.000,18215,96000,1999.521,120.0,4,91,2,0.01264,0.01264,0.01264,0.00000,0.00000
180.398,1,180379.000,18215,96000,1999.521,120.0,4,91,2,0.01264,0.01264,0.01264,0.00000,0.00000
180.398,2,180379.000,18215,96000,1999.521,120.0,4,91,2,0.01264,0.01264,0.01264,0.00000,0.00000
180.499,0,180480.000,23071,96000,1999.354,120.0,4,91,2,0.01259,0.01259,0.01259,0.00000,0.00000
180.499,1,180480.000,23071,96000,1999.354,120.0,4,91,2,0.01259,0.01259,0.01259,0.00000,0.00000
180.499,2,180480.000,23071,96000,1999.354,120.0,4,91,2,0.01259,0.01259,0.01259,0.00000,0.00000
180.601,0,180582.000,27948,96000,1999.750,120.0,4,91,2,0.01260,0.01260,0.01260,0.00000,0.00000
180.601,1,180582.000,27948,96000,1999.750,120.0,4,91,2,0.01260,0.01260,0.01260,0.00000,0.00000
180.601,2,180582.000,27948,96000,1999.750,120.0,4,91,2,0.01260,0.01260,0.01260,0.00000,0.00000
180.704,0,180685.000,32915,96000,1999.271,120.0,4,91,2,0.01265,0.01265,0.01265,0.00000,0.00000
180.704,1,180685.000,32915,96000,1999.271,120.0,4,91,2,0.01265,0.01265,0.01265,0.00000,0.00000
180.704,2,180685.000,32915,96000,1999.271,120.0,4,91,2,0.01265,0.01265,0.01265,0.00000,0.00000
180.808,0,180789.000,37912,96000,1999.167,120.0,4,91,2,0.01265,0.01265,0.01265,0.00000,0.00000
180.808,1,180789.000,37912,96000,1999.167,120.0,4,91,2,0.01265,0.01265,0.01265,0.00000,0.00000
180.808,2,180789.000,37912,96000,1999.167,120.0,4,91,2,0.01265,0.01265,0.01265,0.00000,0.00000
180.910,0,180891.000,42807,96000,1999.188,120.0,4,91,2,0.01261,0.01261,0.01261,0.00000,0.00000
180.910,1,180891.000,42807,96000,1999.188,120.0,4,91,2,0.01261,0.01261,0.01261,0.00000,0.00000
180.910,2,180891.000,42807,96000,1999.188,120.0,4,91,2,0.01261,0.01261,0.01261,0.00000,0.00000
181.010,0,180991.000,47613,96000,1999.062,120.0,4,91,2,0.01259,0.01259,0.01259,0.00000,0.00000
181.010,1,180991.000,47613,96000,1999.062,120.0,4,91,2,0.01259,0.01259,0.01259,0.00000,0.00000
181.010,2,180991.000,47613,96000,1999.062,120.0,4,91,2,0.01259,0.01259,0.01259,0.00000,0.00000
181.113,0,181095.000,52568,96000,1999.833,120.0,4,91,2,0.01260,0.01260,0.01260,0.00000,0.00000
181.113,1,181095.000,52568,96000,1999.833,120.0,4,91,2,0.01260,0.01260,0.01260,0.00000,0.00000
181.113,2,181095.000,52568,96000,1999.833,120.0,4,91,2,0.01260,0.01260,0.01260,0.00000,0.00000
181.218,0,181199.000,57569,96000,1999.646,120.0,4,91,2,0.01269,0.01269,0.01269,0.00000,0.00000
181.218,1,181199.000,57569,96000,1999.646,120.0,4,91,2,0.01269,0.01269,0.01269,0.00000,0.00000
181.218,2,181199.000,57569,96000,1999.646,120.0,4,91,2,0.01269,0.01269,0.01269,0.00000,0.00000
181.318,0,181299.000,62372,96000,1999.583,120.0,4,91,2,0.01269,0.01269,0.01269,0.00000,0.00000
181.318,1,181299.000,62372,96000,1999.583,120.0,4,91,2,0.01269,0.01269,0.01269,0.00000,0.00000
181.318,2,181299.000,62372,96000,1999.583,120.0,4,91,2,0.01269,0.01269,0.01269,0.00000,0.00000
181.420,0,181401.000,67284,96000,1999.250,120.0,4,91,2,0.01264,0.01264,0.01264,0.00000,0.00000
181.420,1,181401.000,67284,96000,1999.250,120.0,4,91,2,0.01264,0.01264,0.01264,0.00000,0.00000
181.420,2,181401.000,67284,96000,1999.250,120.0,4,91,2,0.01264,0.01264,0.01264,0.00000,0.00000
181.521,0,181502.000,72136,96000,1999.167,120.0,4,91,2,0.01263,0.01263,0.01263,0.00000,0.00000
181.521,1,181502.000,72136,96000,1999.167,120.0,4,91,2,0.01263,0.01263,0.01263,0.00000,0.00000
181.521,2,181502.000,72136,96000,1999.167,120.0,4,91,2,0.01263,0.01263,0.01263,0.00000,0.00000
181.625,0,181607.000,77137,96000,1999.979,120.0,4,91,2,0.01260,0.01260,0.01260,0.00000,0.00000
181.625,1,181607.000,77137,96000,1999.979,120.0,4,91,2,0.01260,0.01260,0.01260,0.00000,0.00000
181.625,2,181607.000,77137,96000,1999.979,120.0,4,91,2,0.01260,0.01260,0.01260,0.00000,0.00000
181.729,0,181710.000,82098,96000,1999.625,120.0,4,91,2,0.01265,0.01265,0.01265,0.00000,0.00000
181.729,1,181710.000,82098,96000,1999.625,120.0,4,91,2,0.01265,0.01265,0.01265,0.00000,0.00000
181.729,2,181710.000,82098,96000,1999.625,120.0,4,91,2,0.01265,0.01265,0.01265,0.00000,0.00000
181.830,0,181811.000,86951,96000,1999.521,120.0,4,91,2,0.01265,0.01265,0.01265,0.00000,0.00000
181.830,1,181811.000,86951,96000,1999.521,120.0,4,91,2,0.01265,0.01265,0.01265,0.00000,0.00000
181.830,2,181811.000,86951,96000,1999.521,120.0,4,91,2,0.01265,0.01265,0.01265,0.00000,0.00000
181.933,0,181914.000,91888,96000,1999.667,120.0,4,91,2,0.01264,0.01264,0.01264,0.00000,0.00000
181.933,1,181914.000,91888,96000,1999.667,120.0,4,91,2,0.01264,0.01264,0.01264,0.00000,0.00000
181.933,2,181914.000,91888,96000,1999.667,120.0,4,91,2,0.01264,0.01264,0.01264,0.00000,0.00000
182.048,0,182030.000,1441,96000,1999.979,120.0,4,92,2,0.01273,0.01273,0.01273,0.00000,0.00000
182.048,1,182030.000,1441,96000,1999.979,120.0,4,92,2,0.01273,0.01273,0.01273,0.00000,0.00000
182.048,2,182030.000,1441,96000,1999.979,120.0,4,92,2,0.01273,0.01273,0.01273,0.00000,0.00000
182.152,0,182133.000,6405,96000,1999.562,120.0,4,92,2,0.01260,0.01260,0.01260,0.00000,0.00000
182.152,1,182133.000,6405,96000,1999.562,120.0,4,92,2,0.01260,0.01260,0.01260,0.00000,0.00000
182.152,2,182133.000,6405,96000,1999.562,120.0,4,92,2,0.01260,0.01260,0.01260,0.00000,0.00000
182.255,0,182236.000,11373,96000,1999.062,120.0,4,92,2,0.01264,0.01264,0.01264,0.00000,0.00000
182.255,1,182236.000,11373,96000,1999.062,120.0,4,92,2,0.01264,0.01264,0.01264,0.00000,0.00000
182.255,2,182236.000,11373,96000,1999.062,120.0,4,92,2,0.01264,0.01264,0.01264,0.00000,0.00000
182.359,0,182340.000,16340,96000,1999.583,120.0,4,92,2,0.01265,0.01265,0.01265,0.00000,0.00000
182.359,1,182340.000,16340,96000,1999.583,120.0,4,92,2,0.01265,0.01265,0.01265,0.00000,0.00000
182.359,2,182340.000,16340,96000,1999.583,120.0,4,92,2,0.01265,0.01265,0.01265,0.00000,0.00000
182.461,0,182442.000,21260,96000,1999.083,120.0,4,92,2,0.01264,0.01264,0.01264,0.00000,0.00000
182.461,1,182442.000,21260,96000,1999.083,120.0,4,92,2,0.01264,0.01264,0.01264,0.00000,0.00000
182.461,2,182442.000,21260,96000,1999.083,120.0,4,92,2,0.01264,0.01264,0.01264,0.00000,0.00000
182.563,0,182544.000,26143,96000,1999.354,120.0,4,92,2,0.01259,0.01259,0.01259,0.00000,0.00000
182.563,1,182544.000,26143,96000,1999.354,120.0,4,92,2,0.01259,0.01259,0.01259,0.00000,0.00000
182.563,2,182544.000,26143,96000,1999.354,120.0,4,92,2,0.01259,0.01259,0.01259,0.00000,0.00000
182.667,0,182648.000,31125,96000,1999.562,120.0,4,92,2,0.01260,0.01260,0.01260,0.00000,0.00000
182.667,1,182648.000,31125,96000,1999.562,120.0,4,92,2,0.01260,0.01260,0.01260,0.00000,0.00000
182.667,2,182648.000,31125,96000,1999.562,120.0,4,92,2,0.01260,0.01260,0.01260,0.00000,0.00000
182.767,0,182748.000,35938,96000,1999.292,120.0,4,92,2,0.01264,0.01264,0.01264,0.00000,0.00000
182.767,1,182748.000,35938,96000,1999.292,120.0,4,92,2,0.01264,0.01264,0.01264,0.00000,0.00000
182.767,2,182748.000,35938,96000,1999.292,120.0,4,92,2,0.01264,0.01264,0.01264,0.00000,0.00000
182.867,0,182849.000,40754,96000,1999.958,120.0,4,92,2,0.01269,0.01269,0.01269,0.00000,0.00000
182.867,1,182849.000,40754,96000,1999.958,120.0,4,92,2,0.01269,0.01269,0.01269,0.00000,0.00000
182.867,2,182849.000,40754,96000,1999.958,120.0,4,92,2,0.01269,0.01269,0.01269,0.00000,0.00000
182.971,0,182952.000,45736,96000,1999.167,120.0,4,92,2,0.01269,0.01269,0.01269,0.00000,0.00000
182.971,1,182952.000,45736,96000,1999.167,120.0,4,92,2,0.01269,0.01269,0.01269,0.00000,0.00000
182.971,2,182952.000,45736,96000,1999.167,120.0,4,92,2,0.01269,0.01269,0.01269,0.00000,0.00000
183.073,0,183055.000,50647,96000,1999.854,120.0,4,92,2,0.01263,0.01263,0.01263,0.00000,0.00000
183.073,1,183055.000,50647,96000,1999.854,120.0,4,92,2,0.01263,0.01263,0.01263,0.00000,0.00000
183.073,2,183055.000,50647,96000,1999.854,120.0,4,92,2,0.01263,0.01263,0.01263,0.00000,0.00000
183.174,0,183155.000,55453,96000,1999.729,120.0,4,92,2,0.01266,0.01266,0.01266,0.00000,0.00000
183.174,1,183155.000,55453,96000,1999.729,120.0,4,92,2,0.01266,0.01266,0.01266,0.00000,0.00000
183.174,2,183155.000,55453,96000,1999.729,120.0,4,92,2,0.01266,0.01266,0.01266,0.00000,0.00000
183.274,0,183255.000,60283,96000,1999.104,120.0,4,92,2,0.01263,0.01263,0.01263,0.00000,0.00000
183.274,1,183255.000,60283,96000,1999.104,120.0,4,92,2,0.01263,0.01263,0.01263,0.00000,0.00000
183.274,2,183255.000,60283,96000,1999.104,120.0,4,92,2,0.01263,0.01263,0.01263,0.00000,0.00000
183.377,0,183358.000,65200,96000,1999.667,120.0,4,92,2,0.01268,0.01268,0.01268,0.00000,0.00000
183.377,1,183358.000,65200,96000,1999.667,120.0,4,92,2,0.01268,0.01268,0.01268,0.00000,0.00000
183.377,2,183358.000,65200,96000,1999.667,120.0,4,92,2,0.01268,0.01268,0.01268,0.00000,0.00000
183.478,0,183460.000,70087,96000,1999.854,120.0,4,92,2,0.01269,0.01269,0.01269,0.00000,0.00000
183.478,1,183460.000,70087,96000,1999.854,120.0,4,92,2,0.01269,0.01269,0.01269,0.00000,0.00000
183.478,2,183460.000,70087,96000,1999.854,120.0,4,92,2,0.01269,0.01269,0.01269,0.00000,0.00000
183.580,0,183561.000,74962,96000,1999.292,120.0,4,92,2,0.01265,0.01265,0.01265,0.00000,0.00000
183.580,1,183561.000,74962,96000,1999.292,120.0,4,92,2,0.01265,0.01265,0.01265,0.00000,0.00000
183.580,2,183561.000,74962,96000,1999.292,120.0,4,92,2,0.01265,0.01265,0.01265,0.00000,0.00000
183.683,0,183664.000,79885,96000,1999.729,120.0,4,92,2,0.01266,0.01266,0.01266,0.00000,0.00000
183.683,1,183664.000,79885,96000,1999.729,120.0,4,92,2,0.01266,0.01266,0.01266,0.00000,0.00000
183.683,2,183664.000,79885,96000,1999.729,120.0,4,92,2,0.01266,0.01266,0.01266,0.00000,0.00000
183.785,0,183766.000,84808,96000,1999.167,120.0,4,92,2,0.01260,0.01260,0.01260,0.00000,0.00000
183.785,1,183766.000,84808,96000,1999.167,120.0,4,92,2,0.01260,0.01260,0.01260,0.00000,0.00000
183.785,2,183766.000,84808,96000,1999.167,120.0,4,92,2,0.01260,0.01260,0.01260,0.00000,0.00000
183.886,0,183867.000,89646,96000,1999.375,120.0,4,92,2,0.01254,0.01254,0.01254,0.00000,0.00000
183.886,1,183867.000,89646,96000,1999.375,120.0,4,92,2,0.01254,0.01254,0.01254,0.00000,0.00000
183.886,2,183867.000,89646,96000,1999.375,120.0,4,92,2,0.01254,0.01254,0.01254,0.00000,0.00000
183.987,0,183969.000,94516,96000,1999.917,120.0,4,92,2,0.01269,0.01269,0.01269,0.00000,0.00000
183.987,1,183969.000,94516,96000,1999.917,120.0,4,92,2,0.01269,0.01269,0.01269,0.00000,0.00000
183.987,2,183969.000,94516,96000,1999.917,120.0,4,92,2,0.01269,0.01269,0.01269,0.00000,0.00000
184.091,0,184072.000,3490,96000,1999.292,120.0,4,93,2,0.01259,0.01259,0.01259,0.00000,0.00000
184.091,1,184072.000,3490,96000,1999.292,120.0,4,93,2,0.01259,0.01259,0.01259,0.00000,0.00000
184.091,2,184072.000,3490,96000,1999.292,120.0,4,93,2,0.01259,0.01259,0.01259,0.00000,0.00000
184.192,0,184173.000,8339,96000,1999.271,120.0,4,93,2,0.01265,0.01265,0.01265,0.00000,0.00000
184.192,1,184173.000,8339,96000,1999.271,120.0,4,93,2,0.01265,0.01265,0.01265,0.00000,0.00000
184.192,2,184173.000,8339,96000,1999.271,120.0,4,93,2,0.01265,0.01265,0.01265,0.00000,0.00000
184.295,0,184276.000,13277,96000,1999.396,120.0,4,93,2,0.01265,0.01265,0.01265,0.00000,0.00000
184.295,1,184276.000,13277,96000,1999.396,120.0,4,93,2,0.01265,0.01265,0.01265,0.00000,0.00000
184.295,2,184276.000,13277,96000,1999.396,120.0,4,93,2,0.01265,0.01265,0.01265,0.00000,0.00000
184.396,0,184377.000,18117,96000,1999.562,120.0,4,93,2,0.01264,0.01264,0.01264,0.00000,0.00000
184.396,1,184377.000,18117,96000,1999.562,120.0,4,93,2,0.01264,0.01264,0.01264,0.00000,0.00000
184.396,2,184377.000,18117,96000,1999.562,120.0,4,93,2,0.01264,0.01264,0.01264,0.00000,0.00000
184.497,0,184478.000,22959,96000,1999.688,120.0,4,93,2,0.01263,0.01263,0.01263,0.00000,0.00000
184.497,1,184478.000,22959,96000,1999.688,120.0,4,93,2,0.01263,0.01263,0.01263,0.00000,0.00000
184.497,2,184478.000,22959,96000,1999.688,120.0,4,93,2,0.01263,0.01263,0.01263,0.00000,0.00000
184.597,0,184578.000,27788,96000,1999.083,120.0,4,93,2,0.01261,0.01261,0.01261,0.00000,0.00000
184.597,1,184578.000,27788,96000,1999.083,120.0,4,93,2,0.01261,0.01261,0.01261,0.00000,0.00000
184.597,2,184578.000,27788,96000,1999.083,120.0,4,93,2,0.01261,0.01261,0.01261,0.00000,0.00000
184.700,0,184681.000,32726,96000,1999.208,120.0,4,93,2,0.01264,0.01264,0.01264,0.00000,0.00000
184.700,1,184681.000,32726,96000,1999.208,120.0,4,93,2,0.01264,0.01264,0.01264,0.00000,0.00000
184.700,2,184681.000,32726,96000,1999.208,120.0,4,93,2,0.01264,0.01264,0.01264,0.00000,0.00000
184.800,0,184782.000,37543,96000,1999.854,120.0,4,93,2,0.01268,0.01268,0.01268,0.00000,0.00000
184.800,1,184782.000,37543,96000,1999.854,120.0,4,93,2,0.01268,0.01268,0.01268,0.00000,0.00000
184.800,2,184782.000,37543,96000,1999.854,120.0,4,93,2,0.01268,0.01268,0.01268,0.00000,0.00000
184.904,0,184885.000,42503,96000,1999.521,120.0,4,93,2,0.01269,0.01269,0.01269,0.00000,0.00000
184.904,1,184885.000,42503,96000,1999.521,120.0,4,93,2,0.01269,0.01269,0.01269,0.00000,0.00000
184.904,2,184885.000,42503,96000,1999.521,120.0,4,93,2,0.01269,0.01269,0.01269,0.00000,0.00000
185.007,0,184988.000,47466,96000,1999.125,120.0,4,93,2,0.01263,0.01263,0.01263,0.00000,0.00000
185.007,1,184988.000,47466,96000,1999.125,120.0,4,93,2,0.01263,0.01263,0.01263,0.00000,0.00000
185.007,2,184988.000,47466,96000,1999.125,120.0,4,93,2,0.01263,0.01263,0.01263,0.00000,0.00000
185.108,0,185089.000,52313,96000,1999.146,120.0,4,93,2,0.01266,0.01266,0.01266,0.00000,0.00000
185.108,1,185089.000,52313,96000,1999.146,120.0,4,93,2,0.01266,0.01266,0.01266,0.00000,0.00000
185.108,2,185089.000,52313,96000,1999.146,120.0,4,93,2,0.01266,0.01266,0.01266,0.00000,0.00000
185.211,0,185193.000,57267,96000,1999.938,120.0,4,93,2,0.01264,0.01264,0.01264,0.00000,0.00000
185.211,1,185193.000,57267,96000,1999.938,120.0,4,93,2,0.01264,0.01264,0.01264,0.00000,0.00000
185.211,2,185193.000,57267,96000,1999.938,120.0,4,93,2,0.01264,0.01264,0.01264,0.00000,0.00000
185.313,0,185294.000,62156,96000,1999.083,120.0,4,93,2,0.01268,0.01268,0.01268,0.00000,0.00000
185.313,1,185294.000,62156,96000,1999.083,120.0,4,93,2,0.01268,0.01268,0.01268,0.00000,0.00000
185.313,2,185294.000,62156,96000,1999.083,120.0,4,93,2,0.01268,0.01268,0.01268,0.00000,0.00000
185.415,0,185396.000,67035,96000,1999.438,120.0,4,93,2,0.01269,0.01269,0.01269,0.00000,0.00000
185.415,1,185396.000,67035,96000,1999.438,120.0,4,93,2,0.01269,0.01269,0.01269,0.00000,0.00000
185.415,2,185396.000,67035,96000,1999.438,120.0,4,93,2,0.01269,0.01269,0.01269,0.00000,0.00000
185.515,0,185497.000,71856,96000,0.000,120.0,4,93,2,0.01264,0.01264,0.01264,0.00000,0.00000
185.515,1,185497.000,71856,96000,0.000,120.0,4,93,2,0.01264,0.01264,0.01264,0.00000,0.00000
185.515,2,185497.000,71856,96000,0.000,120.0,4,93,2,0.01264,0.01264,0.01264,0.00000,0.00000
185.619,0,185600.000,76834,96000,1999.292,120.0,4,93,2,0.01266,0.01266,0.01266,0.00000,0.00000
185.619,1,185600.000,76834,96000,1999.292,120.0,4,93,2,0.01266,0.01266,0.01266,0.00000,0.00000
185.619,2,185600.000,76834,96000,1999.292,120.0,4,93,2,0.01266,0.01266,0.01266,0.00000,0.00000
185.720,0,185701.000,81695,96000,1999.021,120.0,4,93,2,0.01260,0.01260,0.01260,0.00000,0.00000
185.720,1,185701.000,81695,96000,1999.021,120.0,4,93,2,0.01260,0.01260,0.01260,0.00000,0.00000
185.720,2,185701.000,81695,96000,1999.021,120.0,4,93,2,0.01260,0.01260,0.01260,0.00000,0.00000
185.821,0,185802.000,86538,96000,1999.125,120.0,4,93,2,0.01254,0.01254,0.01254,0.00000,0.00000
185.821,1,185802.000,86538,96000,1999.125,120.0,4,93,2,0.01254,0.01254,0.01254,0.00000,0.00000
185.821,2,185802.000,86538,96000,1999.125,120.0,4,93,2,0.01254,0.01254,0.01254,0.00000,0.00000
185.924,0,185905.000,91482,96000,1999.125,120.0,4,93,2,0.01269,0.01269,0.01269,0.00000,0.00000
185.924,1,185905.000,91482,96000,1999.125,120.0,4,93,2,0.01269,0.01269,0.01269,0.00000,0.00000
185.924,2,185905.000,91482,96000,1999.125,120.0,4,93,2,0.01269,0.01269,0.01269,0.00000,0.00000
186.042,0,186023.000,1118,96000,1999.708,120.0,4,94,2,0.12586,0.12573,0.12586,0.00000,0.00000
186.042,1,186023.000,1118,96000,1999.708,120.0,4,94,2,0.12573,0.12573,0.12558,0.00000,0.00000
186.042,2,186023.000,1118,96000,1999.708,120.0,4,94,2,0.12586,0.12558,0.12586,0.00000,0.00000
186.143,0,186124.000,5976,96000,1999.500,120.0,4,94,2,0.08262,0.08254,0.08262,0.00000,0.00000
186.143,1,186124.000,5976,96000,1999.500,120.0,4,94,2,0.08254,0.08254,0.08244,0.00000,0.00000
186.143,2,186124.000,5976,96000,1999.500,120.0,4,94,2,0.08262,0.08244,0.08262,0.00000,0.00000
186.244,0,186225.000,10819,96000,1999.604,120.0,4,94,2,0.05431,0.05425,0.05431,0.00000,0.00000
186.244,1,186225.000,10819,96000,1999.604,120.0,4,94,2,0.05425,0.05425,0.05419,0.00000,0.00000
186.244,2,186225.000,10819,96000,1999.604,120.0,4,94,2,0.05431,0.05419,0.05431,0.00000,0.00000
186.345,0,186326.000,15686,96000,1999.208,120.0,4,94,2,0.03562,0.03559,0.03562,0.00000,0.00000
186.345,1,186326.000,15686,96000,1999.208,120.0,4,94,2,0.03559,0.03559,0.03554,0.00000,0.00000
186.345,2,186326.000,15686,96000,1999.208,120.0,4,94,2,0.03562,0.03554,0.03562,0.00000,0.00000
186.446,0,186427.000,20512,96000,1999.667,120.0,4,94,2,0.02345,0.02342,0.02345,0.00000,0.00000
186.446,1,186427.000,20512,96000,1999.667,120.0,4,94,2,0.02342,0.02342,0.02340,0.00000,0.00000
186.446,2,186427.000,20512,96000,1999.667,120.0,4,94,2,0.02345,0.02340,0.02345,0.00000,0.00000
186.548,0,186529.000,25419,96000,1999.438,120.0,4,94,2,0.01533,0.01531,0.01533,0.00000,0.00000
186.548,1,186529.000,25419,96000,1999.438,120.0,4,94,2,0.01531,0.01531,0.01529,0.00000,0.00000
186.548,2,186529.000,25419,96000,1999.438,120.0,4,94,2,0.01533,0.01529,0.01533,0.00000,0.00000
186.651,0,186632.000,30345,96000,1999.812,120.0,4,94,2,0.01269,0.01269,0.01269,0.00000,0.00000
186.651,1,186632.000,30345,96000,1999.812,120.0,4,94,2,0.01269,0.01269,0.01269,0.00000,0.00000
186.651,2,186632.000,30345,96000,1999.812,120.0,4,94,2,0.01269,0.01269,0.01269,0.00000,0.00000
186.754,0,186735.000,35326,96000,1999.042,120.0,4,94,2,0.01259,0.01259,0.01259,0.00000,0.00000
186.754,1,186735.000,35326,96000,1999.042,120.0,4,94,2,0.01259,0.01259,0.01259,0.00000,0.00000
186.754,2,186735.000,35326,96000,1999.042,120.0,4,94,2,0.01259,0.01259,0.01259,0.00000,0.00000
186.858,0,186839.000,40296,96000,1999.500,120.0,4,94,2,0.01260,0.01260,0.01260,0.00000,0.00000
186.858,1,186839.000,40296,96000,1999.500,120.0,4,94,2,0.01260,0.01260,0.01260,0.00000,0.00000
186.858,2,186839.000,40296,96000,1999.500,120.0,4,94,2,0.01260,0.01260,0.01260,0.00000,0.00000
186.958,0,186939.000,45104,96000,1999.333,120.0,4,94,2,0.01264,0.01264,0.01264,0.00000,0.00000
186.958,1,186939.000,45104,96000,1999.333,120.0,4,94,2,0.01264,0.01264,0.01264,0.00000,0.00000
186.958,2,186939.000,45104,96000,1999.333,120.0,4,94,2,0.01264,0.01264,0.01264,0.00000,0.00000
187.062,0,187043.000,50110,96000,1999.042,120.0,4,94,2,0.01265,0.01265,0.01265,0.00000,0.00000
187.062,1,187043.000,50110,96000,1999.042,120.0,4,94,2,0.01265,0.01265,0.01265,0.00000,0.00000
187.062,2,187043.000,50110,96000,1999.042,120.0,4,94,2,0.01265,0.01265,0.01265,0.00000,0.00000
187.166,0,187147.000,55082,96000,1999.458,120.0,4,94,2,0.01261,0.01261,0.01261,0.00000,0.00000
187.166,1,187147.000,55082,96000,1999.458,120.0,4,94,2,0.01261,0.01261,0.01261,0.00000,0.00000
187.166,2,187147.000,55082,96000,1999.458,120.0,4,94,2,0.01261,0.01261,0.01261,0.00000,0.00000
187.268,0,187249.000,59996,96000,1999.083,120.0,4,94,2,0.01258,0.01258,0.01258,0.00000,0.00000
187.268,1,187249.000,59996,96000,1999.083,120.0,4,94,2,0.01258,0.01258,0.01258,0.00000,0.00000
187.268,2,187249.000,59996,96000,1999.083,120.0,4,94,2,0.01258,0.01258,0.01258,0.00000,0.00000
187.370,0,187351.000,64867,96000,1999.604,120.0,4,94,2,0.01260,0.01260,0.01260,0.00000,0.00000
187.370,1,187351.000,64867,96000,1999.604,120.0,4,94,2,0.01260,0.01260,0.01260,0.00000,0.00000
187.370,2,187351.000,64867,96000,1999.604,120.0,4,94,2,0.01260,0.01260,0.01260,0.00000,0.00000
187.472,0,187453.000,69755,96000,1999.771,120.0,4,94,2,0.01265,0.01265,0.01265,0.00000,0.00000
187.472,1,187453.000,69755,96000,1999.771,120.0,4,94,2,0.01265,0.01265,0.01265,0.00000,0.00000
187.472,2,187453.000,69755,96000,1999.771,120.0,4,94,2,0.01265,0.01265,0.01265,0.00000,0.00000
187.574,0,187555.000,74678,96000,1999.208,120.0,4,94,2,0.01265,0.01265,0.01265,0.00000,0.00000
187.574,1,187555.000,74678,96000,1999.208,120.0,4,94,2,0.01265,0.01265,0.01265,0.00000,0.00000
187.574,2,187555.000,74678,96000,1999.208,120.0,4,94,2,0.01265,0.01265,0.01265,0.00000,0.00000
187.674,0,187656.000,79495,96000,1999.854,120.0,4,94,2,0.01269,0.01269,0.01269,0.00000,0.00000
187.674,1,187656.000,79495,96000,1999.854,120.0,4,94,2,0.01269,0.01269,0.01269,0.00000,0.00000
187.674,2,187656.000,79495,96000,1999.854,120.0,4,94,2,0.01269,0.01269,0.01269,0.00000,0.00000
187.775,0,187756.000,84331,96000,1999.104,120.0,4,94,2,0.01265,0.01265,0.01265,0.00000,0.00000
187.775,1,187756.000,84331,96000,1999.104,120.0,4,94,2,0.01265,0.01265,0.01265,0.00000,0.00000
187.775,2,187756.000,84331,96000,1999.104,120.0,4,94,2,0.01265,0.01265,0.01265,0.00000,0.00000
187.876,0,187857.000,89145,96000,1999.812,120.0,4,94,2,0.01266,0.01266,0.01266,0.00000,0.00000
187.876,1,187857.000,89145,96000,1999.812,120.0,4,94,2,0.01266,0.01266,0.01266,0.00000,0.00000
187.876,2,187857.000,89145,96000,1999.812,120.0,4,94,2,0.01266,0.01266,0.01266,0.00000,0.00000
187.979,0,187960.000,94110,96000,1999.375,120.0,4,94,2,0.01263,0.01263,0.01263,0.00000,0.00000
187.979,1,187960.000,94110,96000,1999.375,120.0,4,94,2,0.01263,0.01263,0.01263,0.00000,0.00000
187.979,2,187960.000,94110,96000,1999.375,120.0,4,94,2,0.01263,0.01263,0.01263,0.00000,0.00000
188.081,0,188063.000,3032,96000,1999.833,120.0,4,95,2,0.01266,0.01266,0.01266,0.00000,0.00000
188.081,1,188063.000,3032,96000,1999.833,120.0,4,95,2,0.01266,0.01266,0.01266,0.00000,0.00000
188.081,2,188063.000,3032,96000,1999.833,120.0,4,95,2,0.01266,0.01266,0.01266,0.00000,0.00000
188.184,0,188165.000,7947,96000,1999.438,120.0,4,95,2,0.01260,0.01260,0.01260,0.00000,0.00000
188.184,1,188165.000,7947,96000,1999.438,120.0,4,95,2,0.01260,0.01260,0.01260,0.00000,0.00000
188.184,2,188165.000,7947,96000,1999.438,120.0,4,95,2,0.01260,0.01260,0.01260,0.00000,0.00000
188.284,0,188265.000,12748,96000,1999.417,120.0,4,95,2,0.01259,0.01259,0.01259,0.00000,0.00000
188.284,1,188265.000,12748,96000,1999.417,120.0,4,95,2,0.01259,0.01259,0.01259,0.00000,0.00000
188.284,2,188265.000,12748,96000,1999.417,120.0,4,95,2,0.01259,0.01259,0.01259,0.00000,0.00000
188.385,0,188366.000,17607,96000,1999.188,120.0,4,95,2,0.01265,0.01265,0.01265,0.00000,0.00000
188.385,1,188366.000,17607,96000,1999.188,120.0,4,95,2,0.01265,0.01265,0.01265,0.00000,0.00000
188.385,2,188366.000,17607,96000,1999.188,120.0,4,95,2,0.01265,0.01265,0.01265,0.00000,0.00000
188.486,0,188467.000,22432,96000,1999.667,120.0,4,95,2,0.01265,0.01265,0.01265,0.00000,0.00000
188.486,1,188467.000,22432,96000,1999.667,120.0,4,95,2,0.01265,0.01265,0.01265,0.00000,0.00000
188.486,2,188467.000,22432,96000,1999.667,120.0,4,95,2,0.01265,0.01265,0.01265,0.00000,0.00000
188.586,0,188567.000,27236,96000,1999.583,120.0,4,95,2,0.01269,0.01269,0.01269,0.00000,0.00000
188.586,1,188567.000,27236,96000,1999.583,120.0,4,95,2,0.01269,0.01269,0.01269,0.00000,0.00000
188.586,2,188567.000,27236,96000,1999.583,120.0,4,95,2,0.01269,0.01269,0.01269,0.00000,0.00000
188.687,0,188668.000,32091,96000,1999.438,120.0,4,95,2,0.01265,0.01265,0.01265,0.00000,0.00000
188.687,1,188668.000,32091,96000,1999.438,120.0,4,95,2,0.01265,0.01265,0.01265,0.00000,0.00000
188.687,2,188668.000,32091,96000,1999.438,120.0,4,95,2,0.01265,0.01265,0.01265,0.00000,0.00000
188.787,0,188769.000,36915,96000,1999.938,120.0,4,95,2,0.01266,0.01266,0.01266,0.00000,0.00000
188.787,1,188769.000,36915,96000,1999.938,120.0,4,95,2,0.01266,0.01266,0.01266,0.00000,0.00000
188.787,2,188769.000,36915,96000,1999.938,120.0,4,95,2,0.01266,0.01266,0.01266,0.00000,0.00000
188.889,0,188870.000,41784,96000,1999.500,120.0,4,95,2,0.01260,0.01260,0.01260,0.00000,0.00000
188.889,1,188870.000,41784,96000,1999.500,120.0,4,95,2,0.01260,0.01260,0.01260,0.00000,0.00000
188.889,2,188870.000,41784,96000,1999.500,120.0,4,95,2,0.01260,0.01260,0.01260,0.00000,0.00000
188.992,0,188973.000,46743,96000,1999.188,120.0,4,95,2,0.01268,0.01268,0.01268,0.00000,0.00000
188.992,1,188973.000,46743,96000,1999.188,120.0,4,95,2,0.01268,0.01268,0.01268,0.00000,0.00000
188.992,2,188973.000,46743,96000,1999.188,120.0,4,95,2,0.01268,0.01268,0.01268,0.00000,0.00000
189.093,0,189074.000,51599,96000,1999.021,120.0,4,95,2,0.01269,0.01269,0.01269,0.00000,0.00000
189.093,1,189074.000,51599,96000,1999.021,120.0,4,95,2,0.01269,0.01269,0.01269,0.00000,0.00000
189.093,2,189074.000,51599,96000,1999.021,120.0,4,95,2,0.01269,0.01269,0.01269,0.00000,0.00000
189.194,0,189175.000,56412,96000,1999.750,120.0,4,95,2,0.01264,0.01264,0.01264,0.00000,0.00000
189.194,1,189175.000,56412,96000,1999.750,120.0,4,95,2,0.01264,0.01264,0.01264,0.00000,0.00000
189.194,2,189175.000,56412,96000,1999.750,120.0,4,95,2,0.01264,0.01264,0.01264,0.00000,0.00000
189.296,0,189277.000,61342,96000,1999.042,120.0,4,95,2,0.01266,0.01266,0.01266,0.00000,0.00000
189.296,1,189277.000,61342,96000,1999.042,120.0,4,95,2,0.01266,0.01266,0.01266,0.00000,0.00000
189.296,2,189277.000,61342,96000,1999.042,120.0,4,95,2,0.01266,0.01266,0.01266,0.00000,0.00000
189.398,0,189380.000,66248,96000,1999.833,120.0,4,95,2,0.01258,0.01258,0.01258,0.00000,0.00000
189.398,1,189380.000,66248,96000,1999.833,120.0,4,95,2,0.01258,0.01258,0.01258,0.00000,0.00000
189.398,2,189380.000,66248,96000,1999.833,120.0,4,95,2,0.01258,0.01258,0.01258,0.00000,0.00000
189.499,0,189480.000,71065,96000,1999.479,120.0,4,95,2,0.01260,0.01260,0.01260,0.00000,0.00000
189.499,1,189480.000,71065,96000,1999.479,120.0,4,95,2,0.01260,0.01260,0.01260,0.00000,0.00000
189.499,2,189480.000,71065,96000,1999.479,120.0,4,95,2,0.01260,0.01260,0.01260,0.00000,0.00000
189.603,0,189584.000,76061,96000,1999.396,120.0,4,95,2,0.01269,0.01269,0.01269,0.00000,0.00000
189.603,1,189584.000,76061,96000,1999.396,120.0,4,95,2,0.01269,0.01269,0.01269,0.00000,0.00000
189.603,2,189584.000,76061,96000,1999.396,120.0,4,95,2,0.01269,0.01269,0.01269,0.00000,0.00000
189.704,0,189686.000,80936,96000,1999.833,120.0,4,95,2,0.01265,0.01265,0.01265,0.00000,0.00000
189.704,1,189686.000,80936,96000,1999.833,120.0,4,95,2,0.01265,0.01265,0.01265,0.00000,0.00000
189.704,2,189686.000,80936,96000,1999.833,120.0,4,95,2,0.01265,0.01265,0.01265,0.00000,0.00000
189.805,0,189786.000,85774,96000,1999.042,120.0,4,95,2,0.01259,0.01259,0.01259,0.00000,0.00000
189.805,1,189786.000,85774,96000,1999.042,120.0,4,95,2,0.01259,0.01259,0.01259,0.00000,0.00000
189.805,2,189786.000,85774,96000,1999.042,120.0,4,95,2,0.01259,0.01259,0.01259,0.00000,0.00000
189.907,0,189888.000,90663,96000,1999.188,120.0,4,95,2,0.01259,0.01259,0.01259,0.00000,0.00000
189.907,1,189888.000,90663,96000,1999.188,120.0,4,95,2,0.01259,0.01259,0.01259,0.00000,0.00000
189.907,2,189888.000,90663,96000,1999.188,120.0,4,95,2,0.01259,0.01259,0.01259,0.00000,0.00000
190.009,0,189990.000,95539,96000,1999.604,120.0,4,95,2,0.01272,0.01272,0.01272,0.00000,0.00000
190.009,1,189990.000,95539,96000,1999.604,120.0,4,95,2,0.01272,0.01272,0.01272,0.00000,0.00000
190.009,2,189990.000,95539,96000,1999.604,120.0,4,95,2,0.01272,0.01272,0.01272,0.00000,0.00000
190.111,0,190092.000,4439,96000,1999.521,120.0,4,96,2,0.01265,0.01265,0.01265,0.00000,0.00000
190.111,1,190092.000,4439,96000,1999.521,120.0,4,96,2,0.01265,0.01265,0.01265,0.00000,0.00000
190.111,2,190092.000,4439,96000,1999.521,120.0,4,96,2,0.01265,0.01265,0.01265,0.00000,0.00000
190.213,0,190194.000,9353,96000,1999.146,120.0,4,96,2,0.01266,0.01266,0.01266,0.00000,0.00000
190.213,1,190194.000,9353,96000,1999.146,120.0,4,96,2,0.01266,0.01266,0.01266,0.00000,0.00000
190.213,2,190194.000,9353,96000,1999.146,120.0,4,96,2,0.01266,0.01266,0.01266,0.00000,0.00000
190.318,0,190299.000,14363,96000,1999.771,120.0,4,96,2,0.01264,0.01264,0.01264,0.00000,0.00000
190.318,1,190299.000,14363,96000,1999.771,120.0,4,96,2,0.01264,0.01264,0.01264,0.00000,0.00000
190.318,2,190299.000,14363,96000,1999.771,120.0,4,96,2,0.01264,0.01264,0.01264,0.00000,0.00000
190.418,0,190399.000,19172,96000,1999.583,120.0,4,96,2,0.01269,0.01269,0.01269,0.00000,0.00000
190.418,1,190399.000,19172,96000,1999.583,120.0,4,96,2,0.01269,0.01269,0.01269,0.00000,0.00000
190.418,2,190399.000,19172,96000,1999.583,120.0,4,96,2,0.01269,0.01269,0.01269,0.00000,0.00000
190.520,0,190501.000,24060,96000,1999.750,120.0,4,96,2,0.01269,0.01269,0.01269,0.00000,0.00000
190.520,1,190501.000,24060,96000,1999.750,120.0,4,96,2,0.01269,0.01269,0.01269,0.00000,0.00000
190.520,2,190501.000,24060,96000,1999.750,120.0,4,96,2,0.01269,0.01269,0.01269,0.00000,0.00000
190.622,0,190604.000,28994,96000,1999.958,120.0,4,96,2,0.01265,0.01265,0.01265,0.00000,0.00000
190.622,1,190604.000,28994,96000,1999.958,120.0,4,96,2,0.01265,0.01265,0.01265,0.00000,0.00000
190.622,2,190604.000,28994,96000,1999.958,120.0,4,96,2,0.01265,0.01265,0.01265,0.00000,0.00000
190.722,0,190704.000,33798,96000,1999.875,120.0,4,96,2,0.01266,0.01266,0.01266,0.00000,0.00000
190.722,1,190704.000,33798,96000,1999.875,120.0,4,96,2,0.01266,0.01266,0.01266,0.00000,0.00000
190.722,2,190704.000,33798,96000,1999.875,120.0,4,96,2,0.01266,0.01266,0.01266,0.00000,0.00000
190.825,0,190807.000,38739,96000,1999.938,120.0,4,96,2,0.01263,0.01263,0.01263,0.00000,0.00000
190.825,1,190807.000,38739,96000,1999.938,120.0,4,96,2,0.01263,0.01263,0.01263,0.00000,0.00000
190.825,2,190807.000,38739,96000,1999.938,120.0,4,96,2,0.01263,0.01263,0.01263,0.00000,0.00000
190.926,0,190907.000,43558,96000,1999.542,120.0,4,96,2,0.01259,0.01259,0.01259,0.00000,0.00000
190.926,1,190907.000,43558,96000,1999.542,120.0,4,96,2,0.01259,0.01259,0.01259,0.00000,0.00000
190.926,2,190907.000,43558,96000,1999.542,120.0,4,96,2,0.01259,0.01259,0.01259,0.00000,0.00000
191.027,0,191008.000,48412,96000,1999.417,120.0,4,96,2,0.01269,0.01269,0.01269,0.00000,0.00000
191.027,1,191008.000,48412,96000,1999.417,120.0,4,96,2,0.01269,0.01269,0.01269,0.00000,0.00000
191.027,2,191008.000,48412,96000,1999.417,120.0,4,96,2,0.01269,0.01269,0.01269,0.00000,0.00000
191.130,0,191112.000,53379,96000,1999.938,120.0,4,96,2,0.01264,0.01264,0.01264,0.00000,0.00000
191.130,1,191112.000,53379,96000,1999.938,120.0,4,96,2,0.01264,0.01264,0.01264,0.00000,0.00000
191.130,2,191112.000,53379,96000,1999.938,120.0,4,96,2,0.01264,0.01264,0.01264,0.00000,0.00000
191.233,0,191214.000,58284,96000,1999.750,120.0,4,96,2,0.01266,0.01266,0.01266,0.00000,0.00000
191.233,1,191214.000,58284,96000,1999.750,120.0,4,96,2,0.01266,0.01266,0.01266,0.00000,0.00000
191.233,2,191214.000,58284,96000,1999.750,120.0,4,96,2,0.01266,0.01266,0.01266,0.00000,0.00000
191.333,0,191314.000,63088,96000,1999.667,120.0,4,96,2,0.01258,0.01258,0.01258,0.00000,0.00000
191.333,1,191314.000,63088,96000,1999.667,120.0,4,96,2,0.01258,0.01258,0.01258,0.00000,0.00000
191.333,2,191314.000,63088,96000,1999.667,120.0,4,96,2,0.01258,0.01258,0.01258,0.00000,0.00000
191.433,0,191414.000,67901,96000,1999.396,120.0,4,96,2,0.01260,0.01260,0.01260,0.00000,0.00000
191.433,1,191414.000,67901,96000,1999.396,120.0,4,96,2,0.01260,0.01260,0.01260,0.00000,0.00000
191.433,2,191414.000,67901,96000,1999.396,120.0,4,96,2,0.01260,0.01260,0.01260,0.00000,0.00000
191.534,0,191515.000,72761,96000,1999.146,120.0,4,96,2,0.01264,0.01264,0.01264,0.00000,0.00000
191.534,1,191515.000,72761,96000,1999.146,120.0,4,96,2,0.01264,0.01264,0.01264,0.00000,0.00000
191.534,2,191515.000,72761,96000,1999.146,120.0,4,96,2,0.01264,0.01264,0.01264,0.00000,0.00000
191.637,0,191618.000,77677,96000,1999.729,120.0,4,96,2,0.01269,0.01269,0.01269,0.00000,0.00000
191.637,1,191618.000,77677,96000,1999.729,120.0,4,96,2,0.01269,0.01269,0.01269,0.00000,0.00000
191.637,2,191618.000,77677,96000,1999.729,120.0,4,96,2,0.01269,0.01269,0.01269,0.00000,0.00000
191.737,0,191719.000,82518,96000,1999.875,120.0,4,96,2,0.01269,0.01269,0.01269,0.00000,0.00000
191.737,1,191719.000,82518,96000,1999.875,120.0,4,96,2,0.01269,0.01269,0.01269,0.00000,0.00000
191.737,2,191719.000,82518,96000,1999.875,120.0,4,96,2,0.01269,0.01269,0.01269,0.00000,0.00000
191.840,0,191821.000,87435,96000,1999.438,120.0,4,96,2,0.01263,0.01263,0.01263,0.00000,0.00000
191.840,1,191821.000,87435,96000,1999.438,120.0,4,96,2,0.01263,0.01263,0.01263,0.00000,0.00000
191.840,2,191821.000,87435,96000,1999.438,120.0,4,96,2,0.01263,0.01263,0.01263,0.00000,0.00000
191.941,0,191922.000,92301,96000,1999.062,120.0,4,96,2,0.01266,0.01266,0.01266,0.00000,0.00000
191.941,1,191922.000,92301,96000,1999.062,120.0,4,96,2,0.01266,0.01266,0.01266,0.00000,0.00000
191.941,2,191922.000,92301,96000,1999.062,120.0,4,96,2,0.01266,0.01266,0.01266,0.00000,0.00000
192.045,0,192026.000,1270,96000,1999.542,120.0,4,97,2,0.01273,0.01273,0.01273,0.00000,0.00000
192.045,1,192026.000,1270,96000,1999.542,120.0,4,97,2,0.01273,0.01273,0.01273,0.00000,0.00000
192.045,2,192026.000,1270,96000,1999.542,120.0,4,97,2,0.01273,0.01273,0.01273,0.00000,0.00000
192.149,0,192130.000,6270,96000,1999.375,120.0,4,97,2,0.01266,0.01266,0.01266,0.00000,0.00000
192.149,1,192130.000,6270,96000,1999.375,120.0,4,97,2,0.01266,0.01266,0.01266,0.00000,0.00000
192.149,2,192130.000,6270,96000,1999.375,120.0,4,97,2,0.01266,0.01266,0.01266,0.00000,0.00000
192.250,0,192232.000,11136,96000,0.000,120.0,4,97,2,0.01263,0.01263,0.01263,0.00000,0.00000
192.250,1,192232.000,11136,96000,0.000,120.0,4,97,2,0.01263,0.01263,0.01263,0.00000,0.00000
192.250,2,192232.000,11136,96000,0.000,120.0,4,97,2,0.01263,0.01263,0.01263,0.00000,0.00000
192.352,0,192334.000,16036,96000,1999.917,120.0,4,97,2,0.01268,0.01268,0.01268,0.00000,0.00000
192.352,1,192334.000,16036,96000,1999.917,120.0,4,97,2,0.01268,0.01268,0.01268,0.00000,0.00000
192.352,2,192334.000,16036,96000,1999.917,120.0,4,97,2,0.01268,0.01268,0.01268,0.00000,0.00000
192.456,0,192437.000,21017,96000,1999.146,120.0,4,97,2,0.01269,0.01269,0.01269,0.00000,0.00000
192.456,1,192437.000,21017,96000,1999.146,120.0,4,97,2,0.01269,0.01269,0.01269,0.00000,0.00000
192.456,2,192437.000,21017,96000,1999.146,120.0,4,97,2,0.01269,0.01269,0.01269,0.00000,0.00000
192.559,0,192541.000,25971,96000,1999.938,120.0,4,97,2,0.11674,0.11645,0.11674,0.00000,0.00000
192.559,1,192541.000,25971,96000,1999.938,120.0,4,97,2,0.11665,0.11645,0.11665,0.00000,0.00000
192.559,2,192541.000,25971,96000,1999.938,120.0,4,97,2,0.11674,0.11665,0.11674,0.00000,0.00000
192.664,0,192645.000,30981,96000,1999.562,120.0,4,97,2,0.07563,0.07544,0.07563,0.00000,0.00000
192.664,1,192645.000,30981,96000,1999.562,120.0,4,97,2,0.07557,0.07544,0.07557,0.00000,0.00000
192.664,2,192645.000,30981,96000,1999.562,120.0,4,97,2,0.07563,0.07557,0.07563,0.00000,0.00000
192.767,0,192748.000,35943,96000,1999.188,120.0,4,97,2,0.04920,0.04908,0.04920,0.00000,0.00000
192.767,1,192748.000,35943,96000,1999.188,120.0,4,97,2,0.04916,0.04908,0.04916,0.00000,0.00000
192.767,2,192748.000,35943,96000,1999.188,120.0,4,97,2,0.04920,0.04916,0.04920,0.00000,0.00000
192.869,0,192851.000,40856,96000,1999.833,120.0,4,97,2,0.03215,0.03206,0.03215,0.00000,0.00000
192.869,1,192851.000,40856,96000,1999.833,120.0,4,97,2,0.03212,0.03206,0.03212,0.00000,0.00000
192.869,2,192851.000,40856,96000,1999.833,120.0,4,97,2,0.03215,0.03212,0.03215,0.00000,0.00000
192.971,0,192952.000,45743,96000,1999.021,120.0,4,97,2,0.02105,0.02100,0.02105,0.00000,0.00000
192.971,1,192952.000,45743,96000,1999.021,120.0,4,97,2,0.02103,0.02100,0.02103,0.00000,0.00000
192.971,2,192952.000,45743,96000,1999.021,120.0,4,97,2,0.02105,0.02103,0.02105,0.00000,0.00000
193.073,0,193054.000,50619,96000,1999.438,120.0,4,97,2,0.01380,0.01376,0.01380,0.00000,0.00000
193.073,1,193054.000,50619,96000,1999.438,120.0,4,97,2,0.01378,0.01376,0.01378,0.00000,0.00000
193.073,2,193054.000,50619,96000,1999.438,120.0,4,97,2,0.01380,0.01378,0.01380,0.00000,0.00000
193.175,0,193156.000,55506,96000,1999.625,120.0,4,97,2,0.01261,0.01261,0.01261,0.00000,0.00000
193.175,1,193156.000,55506,96000,1999.625,120.0,4,97,2,0.01261,0.01261,0.01261,0.00000,0.00000
193.175,2,193156.000,55506,96000,1999.625,120.0,4,97,2,0.01261,0.01261,0.01261,0.00000,0.00000
193.278,0,193259.000,60474,96000,1999.125,120.0,4,97,2,0.01264,0.01264,0.01264,0.00000,0.00000
193.278,1,193259.000,60474,96000,1999.125,120.0,4,97,2,0.01264,0.01264,0.01264,0.00000,0.00000
193.278,2,193259.000,60474,96000,1999.125,120.0,4,97,2,0.01264,0.01264,0.01264,0.00000,0.00000
193.382,0,193363.000,65443,96000,1999.604,120.0,4,97,2,0.01265,0.01265,0.01265,0.00000,0.00000
193.382,1,193363.000,65443,96000,1999.604,120.0,4,97,2,0.01265,0.01265,0.01265,0.00000,0.00000
193.382,2,193363.000,65443,96000,1999.604,120.0,4,97,2,0.01265,0.01265,0.01265,0.00000,0.00000
193.486,0,193467.000,70443,96000,1999.438,120.0,4,97,2,0.01261,0.01261,0.01261,0.00000,0.00000
193.486,1,193467.000,70443,96000,1999.438,120.0,4,97,2,0.01261,0.01261,0.01261,0.00000,0.00000
193.486,2,193467.000,70443,96000,1999.438,120.0,4,97,2,0.01261,0.01261,0.01261,0.00000,0.00000
193.588,0,193569.000,75321,96000,1999.812,120.0,4,97,2,0.01258,0.01258,0.01258,0.00000,0.00000
193.588,1,193569.000,75321,96000,1999.812,120.0,4,97,2,0.01258,0.01258,0.01258,0.00000,0.00000
193.588,2,193569.000,75321,96000,1999.812,120.0,4,97,2,0.01258,0.01258,0.01258,0.00000,0.00000
193.689,0,193670.000,80174,96000,1999.708,120.0,4,97,2,0.01260,0.01260,0.01260,0.00000,0.00000
193.689,1,193670.000,80174,96000,1999.708,120.0,4,97,2,0.01260,0.01260,0.01260,0.00000,0.00000
193.689,2,193670.000,80174,96000,1999.708,120.0,4,97,2,0.01260,0.01260,0.01260,0.00000,0.00000
193.791,0,193772.000,85089,96000,1999.312,120.0,4,97,2,0.01264,0.01264,0.01264,0.00000,0.00000
193.791,1,193772.000,85089,96000,1999.312,120.0,4,97,2,0.01264,0.01264,0.01264,0.00000,0.00000
193.791,2,193772.000,85089,96000,1999.312,120.0,4,97,2,0.01264,0.01264,0.01264,0.00000,0.00000
193.892,0,193873.000,89950,96000,1999.042,120.0,4,97,2,0.01269,0.01269,0.01269,0.00000,0.00000
193.892,1,193873.000,89950,96000,1999.042,120.0,4,97,2,0.01269,0.01269,0.01269,0.00000,0.00000
193.892,2,193873.000,89950,96000,1999.042,120.0,4,97,2,0.01269,0.01269,0.01269,0.00000,0.00000
193.993,0,193974.000,94774,96000,1999.542,120.0,4,97,2,0.01269,0.01269,0.01269,0.00000,0.00000
193.993,1,193974.000,94774,96000,1999.542,120.0,4,97,2,0.01269,0.01269,0.01269,0.00000,0.00000
193.993,2,193974.000,94774,96000,1999.542,120.0,4,97,2,0.01269,0.01269,0.01269,0.00000,0.00000
194.096,0,194077.000,3731,96000,1999.271,120.0,4,98,2,0.01268,0.01268,0.01268,0.00000,0.00000
194.096,1,194077.000,3731,96000,1999.271,120.0,4,98,2,0.01268,0.01268,0.01268,0.00000,0.00000
194.096,2,194077.000,3731,96000,1999.271,120.0,4,98,2,0.01268,0.01268,0.01268,0.00000,0.00000
194.199,0,194180.000,8669,96000,1999.396,120.0,4,98,2,0.01269,0.01269,0.01269,0.00000,0.00000
194.199,1,194180.000,8669,96000,1999.396,120.0,4,98,2,0.01269,0.01269,0.01269,0.00000,0.00000
194.199,2,194180.000,8669,96000,1999.396,120.0,4,98,2,0.01269,0.01269,0.01269,0.00000,0.00000
194.303,0,194284.000,13644,96000,1999.750,120.0,4,98,2,0.01265,0.01265,0.01265,0.00000,0.00000
194.303,1,194284.000,13644,96000,1999.750,120.0,4,98,2,0.01265,0.01265,0.01265,0.00000,0.00000
194.303,2,194284.000,13644,96000,1999.750,120.0,4,98,2,0.01265,0.01265,0.01265,0.00000,0.00000
194.403,0,194384.000,18446,96000,1999.708,120.0,4,98,2,0.01266,0.01266,0.01266,0.00000,0.00000
194.403,1,194384.000,18446,96000,1999.708,120.0,4,98,2,0.01266,0.01266,0.01266,0.00000,0.00000
194.403,2,194384.000,18446,96000,1999.708,120.0,4,98,2,0.01266,0.01266,0.01266,0.00000,0.00000
194.504,0,194485.000,23304,96000,1999.500,120.0,4,98,2,0.01260,0.01260,0.01260,0.00000,0.00000
194.504,1,194485.000,23304,96000,1999.500,120.0,4,98,2,0.01260,0.01260,0.01260,0.00000,0.00000
194.504,2,194485.000,23304,96000,1999.500,120.0,4,98,2,0.01260,0.01260,0.01260,0.00000,0.00000
194.605,0,194587.000,28181,96000,1999.896,120.0,4,98,2,0.01259,0.01259,0.01259,0.00000,0.00000
194.605,1,194587.000,28181,96000,1999.896,120.0,4,98,2,0.01259,0.01259,0.01259,0.00000,0.00000
194.605,2,194587.000,28181,96000,1999.896,120.0,4,98,2,0.01259,0.01259,0.01259,0.00000,0.00000
194.708,0,194690.000,33128,96000,1999.833,120.0,4,98,2,0.01269,0.01269,0.01269,0.00000,0.00000
194.708,1,194690.000,33128,96000,1999.833,120.0,4,98,2,0.01269,0.01269,0.01269,0.00000,0.00000
194.708,2,194690.000,33128,96000,1999.833,120.0,4,98,2,0.01269,0.01269,0.01269,0.00000,0.00000
194.809,0,194790.000,37947,96000,1999.438,120.0,4,98,2,0.01265,0.01265,0.01265,0.00000,0.00000
194.809,1,194790.000,37947,96000,1999.438,120.0,4,98,2,0.01265,0.01265,0.01265,0.00000,0.00000
194.809,2,194790.000,37947,96000,1999.438,120.0,4,98,2,0.01265,0.01265,0.01265,0.00000,0.00000
194.910,0,194891.000,42785,96000,1999.646,120.0,4,98,2,0.01261,0.01261,0.01261,0.00000,0.00000
194.910,1,194891.000,42785,96000,1999.646,120.0,4,98,2,0.01261,0.01261,0.01261,0.00000,0.00000
194.910,2,194891.000,42785,96000,1999.646,120.0,4,98,2,0.01261,0.01261,0.01261,0.00000,0.00000
195.012,0,194994.000,47717,96000,1999.896,120.0,4,98,2,0.01258,0.01258,0.01258,0.00000,0.00000
195.012,1,194994.000,47717,96000,1999.896,120.0,4,98,2,0.01258,0.01258,0.01258,0.00000,0.00000
195.012,2,194994.000,47717,96000,1999.896,120.0,4,98,2,0.01258,0.01258,0.01258,0.00000,0.00000
195.114,0,195095.000,52602,96000,1999.125,120.0,4,98,2,0.01260,0.01260,0.01260,0.00000,0.00000
195.114,1,195095.000,52602,96000,1999.125,120.0,4,98,2,0.01260,0.01260,0.01260,0.00000,0.00000
195.114,2,195095.000,52602,96000,1999.125,120.0,4,98,2,0.01260,0.01260,0.01260,0.00000,0.00000
195.218,0,195199.000,57594,96000,1999.125,120.0,4,98,2,0.01269,0.01269,0.01269,0.00000,0.00000
195.218,1,195199.000,57594,96000,1999.125,120.0,4,98,2,0.01269,0.01269,0.01269,0.00000,0.00000
195.218,2,195199.000,57594,96000,1999.125,120.0,4,98,2,0.01269,0.01269,0.01269,0.00000,0.00000
195.321,0,195302.000,62530,96000,1999.292,120.0,4,98,2,0.01265,0.01265,0.01265,0.00000,0.00000
195.321,1,195302.000,62530,96000,1999.292,120.0,4,98,2,0.01265,0.01265,0.01265,0.00000,0.00000
195.321,2,195302.000,62530,96000,1999.292,120.0,4,98,2,0.01265,0.01265,0.01265,0.00000,0.00000
195.421,0,195402.000,67339,96000,1999.104,120.0,4,98,2,0.01264,0.01264,0.01264,0.00000,0.00000
195.421,1,195402.000,67339,96000,1999.104,120.0,4,98,2,0.01264,0.01264,0.01264,0.00000,0.00000
195.421,2,195402.000,67339,96000,1999.104,120.0,4,98,2,0.01264,0.01264,0.01264,0.00000,0.00000
195.522,0,195503.000,72172,96000,1999.417,120.0,4,98,2,0.01259,0.01259,0.01259,0.00000,0.00000
195.522,1,195503.000,72172,96000,1999.417,120.0,4,98,2,0.01259,0.01259,0.01259,0.00000,0.00000
195.522,2,195503.000,72172,96000,1999.417,120.0,4,98,2,0.01259,0.01259,0.01259,0.00000,0.00000
195.622,0,195603.000,76977,96000,1999.312,120.0,4,98,2,0.01266,0.01266,0.01266,0.00000,0.00000
195.622,1,195603.000,76977,96000,1999.312,120.0,4,98,2,0.01266,0.01266,0.01266,0.00000,0.00000
195.622,2,195603.000,76977,96000,1999.312,120.0,4,98,2,0.01266,0.01266,0.01266,0.00000,0.00000
195.725,0,195707.000,81939,96000,1999.938,120.0,4,98,2,0.01264,0.01264,0.01264,0.00000,0.00000
195.725,1,195707.000,81939,96000,1999.938,120.0,4,98,2,0.01264,0.01264,0.01264,0.00000,0.00000
195.725,2,195707.000,81939,96000,1999.938,120.0,4,98,2,0.01264,0.01264,0.01264,0.00000,0.00000
195.825,0,195807.000,86742,96000,1999.875,120.0,4,98,2,0.01269,0.01269,0.01269,0.00000,0.00000
195.825,1,195807.000,86742,96000,1999.875,120.0,4,98,2,0.01269,0.01269,0.01269,0.00000,0.00000
195.825,2,195807.000,86742,96000,1999.875,120.0,4,98,2,0.01269,0.01269,0.01269,0.00000,0.00000
195.929,0,195910.000,91703,96000,1999.521,120.0,4,98,2,0.01269,0.01269,0.01269,0.00000,0.00000
195.929,1,195910.000,91703,96000,1999.521,120.0,4,98,2,0.01269,0.01269,0.01269,0.00000,0.00000
195.929,2,195910.000,91703,96000,1999.521,120.0,4,98,2,0.01269,0.01269,0.01269,0.00000,0.00000
196.048,0,196029.000,1405,96000,1999.729,120.0,4,99,2,0.01273,0.01273,0.01108,0.00000,0.00000
196.048,1,196029.000,1405,96000,1999.729,120.0,4,99,2,0.01273,0.01273,0.01273,0.00000,0.00000
196.048,2,196029.000,1405,96000,1999.729,120.0,4,99,2,0.01273,0.01273,0.01273,0.00000,0.00000
196.150,0,196131.000,6326,96000,1999.208,120.0,4,99,2,0.01266,0.01266,0.00723,0.00000,0.00000
196.150,1,196131.000,6326,96000,1999.208,120.0,4,99,2,0.01266,0.01266,0.01266,0.00000,0.00000
196.150,2,196131.000,6326,96000,1999.208,120.0,4,99,2,0.01266,0.01266,0.01266,0.00000,0.00000
196.252,0,196233.000,11206,96000,1999.542,120.0,4,99,2,0.01264,0.01264,0.00474,0.00000,0.00000
196.252,1,196233.000,11206,96000,1999.542,120.0,4,99,2,0.01264,0.01264,0.01264,0.00000,0.00000
196.252,2,196233.000,11206,96000,1999.542,120.0,4,99,2,0.01264,0.01264,0.01264,0.00000,0.00000
196.355,0,196336.000,16146,96000,1999.625,120.0,4,99,2,0.01269,0.01269,0.00309,0.00000,0.00000
196.355,1,196336.000,16146,96000,1999.625,120.0,4,99,2,0.01269,0.01269,0.01269,0.00000,0.00000
196.355,2,196336.000,16146,96000,1999.625,120.0,4,99,2,0.01269,0.01269,0.01269,0.00000,0.00000
196.455,0,196436.000,20972,96000,1999.083,120.0,4,99,2,0.01269,0.01269,0.00203,0.00000,0.00000
196.455,1,196436.000,20972,96000,1999.083,120.0,4,99,2,0.01269,0.01269,0.01269,0.00000,0.00000
196.455,2,196436.000,20972,96000,1999.083,120.0,4,99,2,0.01269,0.01269,0.01269,0.00000,0.00000
196.555,0,196537.000,25784,96000,1999.833,120.0,4,99,2,0.01265,0.01265,0.00134,0.00000,0.00000
196.555,1,196537.000,25784,96000,1999.833,120.0,4,99,2,0.01265,0.01265,0.01265,0.00000,0.00000
196.555,2,196537.000,25784,96000,1999.833,120.0,4,99,2,0.01265,0.01265,0.01265,0.00000,0.00000
196.656,0,196638.000,30632,96000,1999.833,120.0,4,99,2,0.01266,0.01266,0.00088,0.00000,0.00000
196.656,1,196638.000,30632,96000,1999.833,120.0,4,99,2,0.01266,0.01266,0.01266,0.00000,0.00000
196.656,2,196638.000,30632,96000,1999.833,120.0,4,99,2,0.01266,0.01266,0.01266,0.00000,0.00000
196.757,0,196739.000,35473,96000,1999.979,120.0,4,99,2,0.01258,0.01258,0.00058,0.00000,0.00000
196.757,1,196739.000,35473,96000,1999.979,120.0,4,99,2,0.01258,0.01258,0.01258,0.00000,0.00000
196.757,2,196739.000,35473,96000,1999.979,120.0,4,99,2,0.01258,0.01258,0.01258,0.00000,0.00000
196.859,0,196840.000,40361,96000,1999.146,120.0,4,99,2,0.01260,0.01260,0.00038,0.00000,0.00000
196.859,1,196840.000,40361,96000,1999.146,120.0,4,99,2,0.01260,0.01260,0.01260,0.00000,0.00000
196.859,2,196840.000,40361,96000,1999.146,120.0,4,99,2,0.01260,0.01260,0.01260,0.00000,0.00000
196.963,0,196944.000,45346,96000,1999.292,120.0,4,99,2,0.01269,0.01269,0.00025,0.00000,0.00000
196.963,1,196944.000,45346,96000,1999.292,120.0,4,99,2,0.01269,0.01269,0.01269,0.00000,0.00000
196.963,2,196944.000,45346,96000,1999.292,120.0,4,99,2,0.01269,0.01269,0.01269,0.00000,0.00000
197.066,0,197047.000,50297,96000,1999.146,120.0,4,99,2,0.01265,0.01265,0.00016,0.00000,0.00000
197.066,1,197047.000,50297,96000,1999.146,120.0,4,99,2,0.01265,0.01265,0.01265,0.00000,0.00000
197.066,2,197047.000,50297,96000,1999.146,120.0,4,99,2,0.01265,0.01265,0.01265,0.00000,0.00000
197.167,0,197149.000,55157,96000,1999.896,120.0,4,99,2,0.01266,0.01266,0.00011,0.00000,0.00000
197.167,1,197149.000,55157,96000,1999.896,120.0,4,99,2,0.01266,0.01266,0.01266,0.00000,0.00000
197.167,2,197149.000,55157,96000,1999.896,120.0,4,99,2,0.01266,0.01266,0.01266,0.00000,0.00000
197.270,0,197251.000,60062,96000,1999.708,120.0,4,99,2,0.01258,0.01258,0.00007,0.00000,0.00000
197.270,1,197251.000,60062,96000,1999.708,120.0,4,99,2,0.01258,0.01258,0.01258,0.00000,0.00000
197.270,2,197251.000,60062,96000,1999.708,120.0,4,99,2,0.01258,0.01258,0.01258,0.00000,0.00000
197.371,0,197352.000,64911,96000,1999.688,120.0,4,99,2,0.01260,0.01260,0.00005,0.00000,0.00000
197.371,1,197352.000,64911,96000,1999.688,120.0,4,99,2,0.01260,0.01260,0.01260,0.00000,0.00000
197.371,2,197352.000,64911,96000,1999.688,120.0,4,99,2,0.01260,0.01260,0.01260,0.00000,0.00000
197.474,0,197455.000,69860,96000,1999.583,120.0,4,99,2,0.01269,0.01269,0.00003,0.00000,0.00000
197.474,1,197455.000,69860,96000,1999.583,120.0,4,99,2,0.01269,0.01269,0.01269,0.00000,0.00000
197.474,2,197455.000,69860,96000,1999.583,120.0,4,99,2,0.01269,0.01269,0.01269,0.00000,0.00000
197.577,0,197558.000,74828,96000,1999.083,120.0,4,99,2,0.01265,0.01265,0.00002,0.00000,0.00000
197.577,1,197558.000,74828,96000,1999.083,120.0,4,99,2,0.01265,0.01265,0.01265,0.00000,0.00000
197.577,2,197558.000,74828,96000,1999.083,120.0,4,99,2,0.01265,0.01265,0.01265,0.00000,0.00000
197.678,0,197659.000,79645,96000,1999.729,120.0,4,99,2,0.01264,0.01264,0.00001,0.00000,0.00000
197.678,1,197659.000,79645,96000,1999.729,120.0,4,99,2,0.01264,0.01264,0.01264,0.00000,0.00000
197.678,2,197659.000,79645,96000,1999.729,120.0,4,99,2,0.01264,0.01264,0.01264,0.00000,0.00000
197.778,0,197759.000,84449,96000,1999.646,120.0,4,99,2,0.01259,0.01259,0.00001,0.00000,0.00000
197.778,1,197759.000,84449,96000,1999.646,120.0,4,99,2,0.01259,0.01259,0.01259,0.00000,0.00000
197.778,2,197759.000,84449,96000,1999.646,120.0,4,99,2,0.01259,0.01259,0.01259,0.00000,0.00000
197.878,0,197859.000,89261,96000,1999.396,120.0,4,99,2,0.01261,0.01261,0.00001,0.00000,0.00000
197.878,1,197859.000,89261,96000,1999.396,120.0,4,99,2,0.01261,0.01261,0.01261,0.00000,0.00000
197.878,2,197859.000,89261,96000,1999.396,120.0,4,99,2,0.01261,0.01261,0.01261,0.00000,0.00000
197.978,0,197959.000,94079,96000,1999.021,120.0,4,99,2,0.01263,0.01263,0.00000,0.00000,0.00000
197.978,1,197959.000,94079,96000,1999.021,120.0,4,99,2,0.01263,0.01263,0.01263,0.00000,0.00000
197.978,2,197959.000,94079,96000,1999.021,120.0,4,99,2,0.01263,0.01263,0.01263,0.00000,0.00000
198.081,0,198062.000,3013,96000,1999.229,120.0,4,100,2,0.01266,0.01266,0.01266,0.00000,0.00000
198.081,1,198062.000,3013,96000,1999.229,120.0,4,100,2,0.01266,0.01266,0.01266,0.00000,0.00000
198.081,2,198062.000,3013,96000,1999.229,120.0,4,100,2,0.01266,0.01266,0.01266,0.00000,0.00000
198.184,0,198165.000,7930,96000,1999.792,120.0,4,100,2,0.01260,0.01260,0.01260,0.00000,0.00000
198.184,1,198165.000,7930,96000,1999.792,120.0,4,100,2,0.01260,0.01260,0.01260,0.00000,0.00000
198.184,2,198165.000,7930,96000,1999.792,120.0,4,100,2,0.01260,0.01260,0.01260,0.00000,0.00000
198.286,0,198267.000,12848,96000,1999.333,120.0,4,100,2,0.01254,0.01254,0.01254,0.00000,0.00000
198.286,1,198267.000,12848,96000,1999.333,120.0,4,100,2,0.01254,0.01254,0.01254,0.00000,0.00000
198.286,2,198267.000,12848,96000,1999.333,120.0,4,100,2,0.01254,0.01254,0.01254,0.00000,0.00000
198.388,0,198369.000,17738,96000,1999.458,120.0,4,100,2,0.01269,0.01269,0.01269,0.00000,0.00000
198.388,1,198369.000,17738,96000,1999.458,120.0,4,100,2,0.01269,0.01269,0.01269,0.00000,0.00000
198.388,2,198369.000,17738,96000,1999.458,120.0,4,100,2,0.01269,0.01269,0.01269,0.00000,0.00000
198.492,0,198473.000,22737,96000,1999.312,120.0,4,100,2,0.01265,0.01265,0.01265,0.00000,0.00000
198.492,1,198473.000,22737,96000,1999.312,120.0,4,100,2,0.01265,0.01265,0.01265,0.00000,0.00000
198.492,2,198473.000,22737,96000,1999.312,120.0,4,100,2,0.01265,0.01265,0.01265,0.00000,0.00000
198.595,0,198576.000,27689,96000,1999.146,120.0,4,100,2,0.01266,0.01266,0.01266,0.00000,0.00000
198.595,1,198576.000,27689,96000,1999.146,120.0,4,100,2,0.01266,0.01266,0.01266,0.00000,0.00000
198.595,2,198576.000,27689,96000,1999.146,120.0,4,100,2,0.01266,0.01266,0.01266,0.00000,0.00000
198.698,0,198679.000,32630,96000,1999.208,120.0,4,100,2,0.01263,0.01263,0.01263,0.00000,0.00000
198.698,1,198679.000,32630,96000,1999.208,120.0,4,100,2,0.01263,0.01263,0.01263,0.00000,0.00000
198.698,2,198679.000,32630,96000,1999.208,120.0,4,100,2,0.01263,0.01263,0.01263,0.00000,0.00000
198.799,0,198780.000,37462,96000,1999.542,120.0,4,100,2,0.01254,0.01254,0.01254,0.00000,0.00000
198.799,1,198780.000,37462,96000,1999.542,120.0,4,100,2,0.01254,0.01254,0.01254,0.00000,0.00000
198.799,2,198780.000,37462,96000,1999.542,120.0,4,100,2,0.01254,0.01254,0.01254,0.00000,0.00000
198.901,0,198882.000,42354,96000,1999.625,120.0,4,100,2,0.01269,0.01269,0.01269,0.00000,0.00000
198.901,1,198882.000,42354,96000,1999.625,120.0,4,100,2,0.01269,0.01269,0.01269,0.00000,0.00000
198.901,2,198882.000,42354,96000,1999.625,120.0,4,100,2,0.01269,0.01269,0.01269,0.00000,0.00000
199.001,0,198982.000,47168,96000,1999.333,120.0,4,100,2,0.01267,0.01267,0.01267,0.00000,0.00000
199.001,1,198982.000,47168,96000,1999.333,120.0,4,100,2,0.01288,0.01267,0.01288,0.00000,0.00000
199.001,2,198982.000,47168,96000,1999.333,120.0,4,100,2,0.01288,0.01288,0.01267,0.00000,0.00000
199.104,0,199085.000,52118,96000,1999.208,120.0,4,100,2,0.09674,0.09652,0.09674,0.00000,0.00000
199.104,1,199085.000,52118,96000,1999.208,120.0,4,100,2,0.09652,0.09652,0.09618,0.00000,0.00000
199.104,2,199085.000,52118,96000,1999.208,120.0,4,100,2,0.09674,0.09618,0.09674,0.00000,0.00000
199.208,0,199189.000,57097,96000,1999.479,120.0,4,100,2,0.06284,0.06270,0.06284,0.00000,0.00000
199.208,1,199189.000,57097,96000,1999.479,120.0,4,100,2,0.06270,0.06270,0.06248,0.00000,0.00000
199.208,2,199189.000,57097,96000,1999.479,120.0,4,100,2,0.06284,0.06248,0.06284,0.00000,0.00000
199.308,0,199290.000,61920,96000,0.000,120.0,4,100,2,0.04138,0.04128,0.04138,0.00000,0.00000
199.308,1,199290.000,61920,96000,0.000,120.0,4,100,2,0.04128,0.04128,0.04114,0.00000,0.00000
199.308,2,199290.000,61920,96000,0.000,120.0,4,100,2,0.04138,0.04114,0.04138,0.00000,0.00000
199.409,0,199390.000,66734,96000,1999.708,120.0,4,100,2,0.02726,0.02720,0.02726,0.00000,0.00000
199.409,1,199390.000,66734,96000,1999.708,120.0,4,100,2,0.02720,0.02720,0.02711,0.00000,0.00000
199.409,2,199390.000,66734,96000,1999.708,120.0,4,100,2,0.02726,0.02711,0.02726,0.00000,0.00000
199.512,0,199493.000,71709,96000,1999.062,120.0,4,100,2,0.01772,0.01768,0.01772,0.00000,0.00000
199.512,1,199493.000,71709,96000,1999.062,120.0,4,100,2,0.01768,0.01768,0.01762,0.00000,0.00000
199.512,2,199493.000,71709,96000,1999.062,120.0,4,100,2,0.01772,0.01762,0.01772,0.00000,0.00000
199.613,0,199594.000,76553,96000,1999.146,120.0,4,100,2,0.01262,0.01262,0.01262,0.00000,0.00000
199.613,1,199594.000,76553,96000,1999.146,120.0,4,100,2,0.01262,0.01262,0.01262,0.00000,0.00000
199.613,2,199594.000,76553,96000,1999.146,120.0,4,100,2,0.01262,0.01262,0.01262,0.00000,0.00000
199.717,0,199698.000,81548,96000,1999.083,120.0,4,100,2,0.01258,0.01258,0.01258,0.00000,0.00000
199.717,1,199698.000,81548,96000,1999.083,120.0,4,100,2,0.01258,0.01258,0.01258,0.00000,0.00000
199.717,2,199698.000,81548,96000,1999.083,120.0,4,100,2,0.01258,0.01258,0.01258,0.00000,0.00000
199.820,0,199802.000,86504,96000,1999.833,120.0,4,100,2,0.01259,0.01259,0.01259,0.00000,0.00000
199.820,1,199802.000,86504,96000,1999.833,120.0,4,100,2,0.01259,0.01259,0.01259,0.00000,0.00000
199.820,2,199802.000,86504,96000,1999.833,120.0,4,100,2,0.01259,0.01259,0.01259,0.00000,0.00000
199.922,0,199903.000,91375,96000,1999.354,120.0,4,100,2,0.01269,0.01269,0.01269,0.00000,0.00000
199.922,1,199903.000,91375,96000,1999.354,120.0,4,100,2,0.01269,0.01269,0.01269,0.00000,0.00000
199.922,2,199903.000,91375,96000,1999.354,120.0,4,100,2,0.01269,0.01269,0.01269,0.00000,0.00000
