t_s,idx,spos_ms,interval_pos,interval_len,interval_phase_ms,bpm,bpi,loop,nusers,remote_peak,upk0,upk1,upk2,upk3
0.103,0,87.000,4204,192000,3999.417,120.0,8,1,2,0.00000,0.00000,0.00000,0.00000,0.00000
0.103,1,87.000,4215,192000,3999.188,120.0,8,1,2,0.00000,0.00000,0.00000,0.00000,0.00000
0.103,2,87.000,4194,192000,3999.625,120.0,8,1,2,0.00000,0.00000,0.00000,0.00000,0.00000
0.203,0,188.000,9028,192000,3999.917,120.0,8,1,2,0.00000,0.00000,0.00000,0.00000,0.00000
0.203,1,188.000,9051,192000,3999.438,120.0,8,1,2,0.00000,0.00000,0.00000,0.00000,0.00000
0.203,2,187.000,9006,192000,3999.375,120.0,8,1,2,0.00000,0.00000,0.00000,0.00000,0.00000
0.307,0,291.000,13982,192000,3999.708,120.0,8,1,2,0.00000,0.00000,0.00000,0.00000,0.00000
0.307,1,292.000,14017,192000,3999.979,120.0,8,1,2,0.00000,0.00000,0.00000,0.00000,0.00000
0.307,2,290.000,13947,192000,3999.438,120.0,8,1,2,0.00000,0.00000,0.00000,0.00000,0.00000
0.410,0,394.000,18925,192000,3999.729,120.0,8,1,2,0.00000,0.00000,0.00000,0.00000,0.00000
0.410,1,395.000,18973,192000,3999.729,120.0,8,1,2,0.00000,0.00000,0.00000,0.00000,0.00000
0.410,2,393.000,18878,192000,3999.708,120.0,8,1,2,0.00000,0.00000,0.00000,0.00000,0.00000
0.513,0,497.000,23898,192000,3999.125,120.0,8,1,2,0.00000,0.00000,0.00000,0.00000,0.00000
0.513,1,499.000,23958,192000,3999.875,120.0,8,1,2,0.00000,0.00000,0.00000,0.00000,0.00000
0.513,2,496.000,23838,192000,3999.375,120.0,8,1,2,0.00000,0.00000,0.00000,0.00000,0.00000
0.614,0,598.000,28717,192000,3999.729,120.0,8,1,2,0.00000,0.00000,0.00000,0.00000,0.00000
0.614,1,599.000,28789,192000,3999.229,120.0,8,1,2,0.00000,0.00000,0.00000,0.00000,0.00000
0.614,2,596.000,28645,192000,3999.229,120.0,8,1,2,0.00000,0.00000,0.00000,0.00000,0.00000
0.716,0,700.000,33637,192000,3999.229,120.0,8,1,2,0.00000,0.00000,0.00000,0.00000,0.00000
0.716,1,702.000,33721,192000,3999.479,120.0,8,1,2,0.00000,0.00000,0.00000,0.00000,0.00000
0.716,2,699.000,33553,192000,3999.979,120.0,8,1,2,0.00000,0.00000,0.00000,0.00000,0.00000
0.817,0,802.000,38499,192000,3999.938,120.0,8,1,2,0.00000,0.00000,0.00000,0.00000,0.00000
0.817,1,804.000,38595,192000,3999.938,120.0,8,1,2,0.00000,0.00000,0.00000,0.00000,0.00000
0.817,2,800.000,38402,192000,3999.958,120.0,8,1,2,0.00000,0.00000,0.00000,0.00000,0.00000
0.920,0,904.000,43411,192000,3999.604,120.0,8,1,2,0.00000,0.00000,0.00000,0.00000,0.00000
0.920,1,906.000,43519,192000,3999.354,120.0,8,1,2,0.00000,0.00000,0.00000,0.00000,0.00000
0.920,2,902.000,43302,192000,3999.875,120.0,8,1,2,0.00000,0.00000,0.00000,0.00000,0.00000
1.021,0,1005.000,48276,192000,3999.250,120.0,8,1,2,0.00000,0.00000,0.00000,0.00000,0.00000
1.021,1,1008.000,48396,192000,3999.750,120.0,8,1,2,0.00000,0.00000,0.00000,0.00000,0.00000
1.021,2,1003.000,48155,192000,3999.771,120.0,8,1,2,0.00000,0.00000,0.00000,0.00000,0.00000
1.122,0,1106.000,53121,192000,3999.312,120.0,8,1,2,0.00000,0.00000,0.00000,0.00000,0.00000
1.122,1,1109.000,53254,192000,3999.542,120.0,8,1,2,0.00000,0.00000,0.00000,0.00000,0.00000
1.122,2,1103.000,52988,192000,3999.083,120.0,8,1,2,0.00000,0.00000,0.00000,0.00000,0.00000
1.225,0,1209.000,58050,192000,3999.625,120.0,8,1,2,0.00000,0.00000,0.00000,0.00000,0.00000
1.225,1,1212.000,58195,192000,3999.604,120.0,8,1,2,0.00000,0.00000,0.00000,0.00000,0.00000
1.225,2,1206.000,57905,192000,3999.646,120.0,8,1,2,0.00000,0.00000,0.00000,0.00000,0.00000
1.326,0,1311.000,62933,192000,3999.896,120.0,8,1,2,0.00000,0.00000,0.00000,0.00000,0.00000
1.326,1,1314.000,63090,192000,3999.625,120.0,8,1,2,0.00000,0.00000,0.00000,0.00000,0.00000
1.326,2,1307.000,62776,192000,3999.167,120.0,8,1,2,0.00000,0.00000,0.00000,0.00000,0.00000
1.430,0,1414.000,67883,192000,3999.771,120.0,8,1,2,0.00000,0.00000,0.00000,0.00000,0.00000
1.430,1,1417.000,68052,192000,3999.250,120.0,8,1,2,0.00000,0.00000,0.00000,0.00000,0.00000
1.430,2,1410.000,67713,192000,3999.312,120.0,8,1,2,0.00000,0.00000,0.00000,0.00000,0.00000
1.530,0,1514.000,72710,192000,3999.208,120.0,8,1,2,0.00000,0.00000,0.00000,0.00000,0.00000
1.530,1,1518.000,72891,192000,3999.438,120.0,8,1,2,0.00000,0.00000,0.00000,0.00000,0.00000
1.530,2,1511.000,72528,192000,0.000,120.0,8,1,2,0.00000,0.00000,0.00000,0.00000,0.00000
1.632,0,1616.000,77613,192000,3999.062,120.0,8,1,2,0.00000,0.00000,0.00000,0.00000,0.00000
1.632,1,1620.000,77807,192000,3999.021,120.0,8,1,2,0.00000,0.00000,0.00000,0.00000,0.00000
1.632,2,1612.000,77419,192000,3999.104,120.0,8,1,2,0.00000,0.00000,0.00000,0.00000,0.00000
1.735,0,1719.000,82525,192000,3999.729,120.0,8,1,2,0.00000,0.00000,0.00000,0.00000,0.00000
1.735,1,1723.000,82731,192000,3999.438,120.0,8,1,2,0.00000,0.00000,0.00000,0.00000,0.00000
1.735,2,1714.000,82319,192000,3999.021,120.0,8,1,2,0.00000,0.00000,0.00000,0.00000,0.00000
1.837,0,1821.000,87419,192000,3999.771,120.0,8,1,2,0.00000,0.00000,0.00000,0.00000,0.00000
1.837,1,1825.000,87638,192000,3999.208,120.0,8,1,2,0.00000,0.00000,0.00000,0.00000,0.00000
1.837,2,1816.000,87200,192000,3999.333,120.0,8,1,2,0.00000,0.00000,0.00000,0.00000,0.00000
1.938,0,1922.000,92303,192000,3999.021,120.0,8,1,2,0.00000,0.00000,0.00000,0.00000,0.00000
1.938,1,1927.000,92533,192000,3999.229,120.0,8,1,2,0.00000,0.00000,0.00000,0.00000,0.00000
1.938,2,1918.000,92072,192000,3999.833,120.0,8,1,2,0.00000,0.00000,0.00000,0.00000,0.00000
2.041,0,2025.000,97242,192000,3999.125,120.0,8,1,2,0.00000,0.00000,0.00000,0.00000,0.00000
2.041,1,2030.000,97485,192000,3999.062,120.0,8,1,2,0.00000,0.00000,0.00000,0.00000,0.00000
2.041,2,2020.000,96999,192000,3999.188,120.0,8,1,2,0.00000,0.00000,0.00000,0.00000,0.00000
2.144,0,2128.000,102186,192000,3999.125,120.0,8,1,2,0.00000,0.00000,0.00000,0.00000,0.00000
2.144,1,2134.000,102441,192000,3999.812,120.0,8,1,2,0.00000,0.00000,0.00000,0.00000,0.00000
2.144,2,2123.000,101930,192000,3999.458,120.0,8,1,2,0.00000,0.00000,0.00000,0.00000,0.00000
2.247,0,2231.000,107115,192000,3999.438,120.0,8,1,2,0.00000,0.00000,0.00000,0.00000,0.00000
2.247,1,2237.000,107383,192000,3999.854,120.0,8,1,2,0.00000,0.00000,0.00000,0.00000,0.00000
2.247,2,2225.000,106847,192000,3999.021,120.0,8,1,2,0.00000,0.00000,0.00000,0.00000,0.00000
2.348,0,2332.000,111968,192000,3999.333,120.0,8,1,2,0.00000,0.00000,0.00000,0.00000,0.00000
2.348,1,2338.000,112248,192000,3999.500,120.0,8,1,2,0.00000,0.00000,0.00000,0.00000,0.00000
2.348,2,2326.000,111688,192000,3999.167,120.0,8,1,2,0.00000,0.00000,0.00000,0.00000,0.00000
2.450,0,2434.000,116844,192000,3999.750,120.0,8,1,2,0.00000,0.00000,0.00000,0.00000,0.00000
2.450,1,2440.000,117137,192000,3999.646,120.0,8,1,2,0.00000,0.00000,0.00000,0.00000,0.00000
2.450,2,2428.000,116552,192000,3999.833,120.0,8,1,2,0.00000,0.00000,0.00000,0.00000,0.00000
2.550,0,2534.000,121673,192000,3999.146,120.0,8,1,2,0.00000,0.00000,0.00000,0.00000,0.00000
2.550,1,2541.000,121977,192000,3999.812,120.0,8,1,2,0.00000,0.00000,0.00000,0.00000,0.00000
2.550,2,2528.000,121369,192000,3999.479,120.0,8,1,2,0.00000,0.00000,0.00000,0.00000,0.00000
2.653,0,2637.000,126607,192000,3999.354,120.0,8,1,2,0.00000,0.00000,0.00000,0.00000,0.00000
2.653,1,2644.000,126924,192000,3999.750,120.0,8,1,2,0.00000,0.00000,0.00000,0.00000,0.00000
2.653,2,2631.000,126291,192000,3999.938,120.0,8,1,2,0.00000,0.00000,0.00000,0.00000,0.00000
2.756,0,2740.000,131549,192000,3999.396,120.0,8,1,2,0.00000,0.00000,0.00000,0.00000,0.00000
2.756,1,2747.000,131878,192000,3999.542,120.0,8,1,2,0.00000,0.00000,0.00000,0.00000,0.00000
2.756,2,2733.000,131220,192000,3999.250,120.0,8,1,2,0.00000,0.00000,0.00000,0.00000,0.00000
2.858,0,2842.000,136442,192000,3999.458,120.0,8,1,2,0.00000,0.00000,0.00000,0.00000,0.00000
2.858,1,2849.000,136783,192000,3999.354,120.0,8,1,2,0.00000,0.00000,0.00000,0.00000,0.00000
2.858,2,2835.000,136101,192000,3999.562,120.0,8,1,2,0.00000,0.00000,0.00000,0.00000,0.00000
2.961,0,2945.000,141389,192000,3999.396,120.0,8,1,2,0.00000,0.00000,0.00000,0.00000,0.00000
2.961,1,2952.000,141742,192000,3999.042,120.0,8,1,2,0.00000,0.00000,0.00000,0.00000,0.00000
2.961,2,2938.000,141035,192000,3999.771,120.0,8,1,2,0.00000,0.00000,0.00000,0.00000,0.00000
3.062,0,3046.000,146217,192000,3999.812,120.0,8,1,2,0.00000,0.00000,0.00000,0.00000,0.00000
3.062,1,3053.000,146582,192000,3999.208,120.0,8,1,2,0.00000,0.00000,0.00000,0.00000,0.00000
3.062,2,3038.000,145851,192000,3999.438,120.0,8,1,2,0.00000,0.00000,0.00000,0.00000,0.00000
3.163,0,3147.000,151068,192000,3999.750,120.0,8,1,2,0.00000,0.00000,0.00000,0.00000,0.00000
3.163,1,3155.000,151446,192000,3999.875,120.0,8,1,2,0.00000,0.00000,0.00000,0.00000,0.00000
3.163,2,3139.000,150690,192000,3999.625,120.0,8,1,2,0.00000,0.00000,0.00000,0.00000,0.00000
3.266,0,3250.000,156026,192000,3999.458,120.0,8,1,2,0.00000,0.00000,0.00000,0.00000,0.00000
3.266,1,3258.000,156416,192000,3999.333,120.0,8,1,2,0.00000,0.00000,0.00000,0.00000,0.00000
3.266,2,3242.000,155636,192000,3999.583,120.0,8,1,2,0.00000,0.00000,0.00000,0.00000,0.00000
3.369,0,3354.000,160997,192000,3999.896,120.0,8,1,2,0.00000,0.00000,0.00000,0.00000,0.00000
3.369,1,3362.000,161399,192000,3999.521,120.0,8,1,2,0.00000,0.00000,0.00000,0.00000,0.00000
3.369,2,3345.000,160594,192000,3999.292,120.0,8,1,2,0.00000,0.00000,0.00000,0.00000,0.00000
3.471,0,3455.000,165865,192000,3999.479,120.0,8,1,2,0.00000,0.00000,0.00000,0.00000,0.00000
3.471,1,3464.000,166280,192000,3999.833,120.0,8,1,2,0.00000,0.00000,0.00000,0.00000,0.00000
3.471,2,3446.000,165451,192000,3999.104,120.0,8,1,2,0.00000,0.00000,0.00000,0.00000,0.00000
3.571,0,3556.000,170690,192000,3999.958,120.0,8,1,2,0.00000,0.00000,0.00000,0.00000,0.00000
3.571,1,3564.000,171117,192000,3999.062,120.0,8,1,2,0.00000,0.00000,0.00000,0.00000,0.00000
3.571,2,3547.000,170264,192000,3999.833,120.0,8,1,2,0.00000,0.00000,0.00000,0.00000,0.00000
3.673,0,3657.000,175552,192000,3999.667,120.0,8,1,2,0.00000,0.00000,0.00000,0.00000,0.00000
3.673,1,3666.000,175991,192000,3999.521,120.0,8,1,2,0.00000,0.00000,0.00000,0.00000,0.00000
3.673,2,3648.000,175113,192000,3999.812,120.0,8,1,2,0.00000,0.00000,0.00000,0.00000,0.00000
3.773,0,3757.000,180373,192000,3999.229,120.0,8,1,2,0.00000,0.00000,0.00000,0.00000,0.00000
3.773,1,3767.000,180824,192000,3999.833,120.0,8,1,2,0.00000,0.00000,0.00000,0.00000,0.00000
3.773,2,3748.000,179922,192000,3999.625,120.0,8,1,2,0.00000,0.00000,0.00000,0.00000,0.00000
3.876,0,3860.000,185320,192000,3999.167,120.0,8,1,2,0.00000,0.00000,0.00000,0.00000,0.00000
3.876,1,3870.000,185783,192000,3999.521,120.0,8,1,2,0.00000,0.00000,0.00000,0.00000,0.00000
3.876,2,3851.000,184856,192000,3999.833,120.0,8,1,2,0.00000,0.00000,0.00000,0.00000,0.00000
3.977,0,3962.000,190182,192000,3999.875,120.0,8,1,2,0.00000,0.00000,0.00000,0.00000,0.00000
3.977,1,3972.000,190658,192000,3999.958,120.0,8,1,2,0.00000,0.00000,0.00000,0.00000,0.00000
3.977,2,3952.000,189707,192000,3999.771,120.0,8,1,2,0.00000,0.00000,0.00000,0.00000,0.00000
4.078,0,4062.000,3006,192000,3999.375,120.0,8,2,2,0.00000,0.00000,0.00000,0.00000,0.00000
4.078,1,4072.000,3494,192000,3999.208,120.0,8,2,2,0.00000,0.00000,0.00000,0.00000,0.00000
4.078,2,4052.000,2519,192000,3999.521,120.0,8,2,2,0.00000,0.00000,0.00000,0.00000,0.00000
4.179,0,4163.000,7840,192000,3999.667,120.0,8,2,2,0.00000,0.00000,0.00000,0.00000,0.00000
4.179,1,4173.000,8340,192000,3999.250,120.0,8,2,2,0.00000,0.00000,0.00000,0.00000,0.00000
4.179,2,4152.000,7341,192000,3999.062,120.0,8,2,2,0.00000,0.00000,0.00000,0.00000,0.00000
4.280,0,4265.000,12721,192000,3999.979,120.0,8,2,2,0.00000,0.00000,0.00000,0.00000,0.00000
4.280,1,4275.000,13233,192000,3999.312,120.0,8,2,2,0.00000,0.00000,0.00000,0.00000,0.00000
4.280,2,4254.000,12210,192000,3999.625,120.0,8,2,2,0.00000,0.00000,0.00000,0.00000,0.00000
4.382,0,4366.000,17615,192000,3999.021,120.0,8,2,2,0.00000,0.00000,0.00000,0.00000,0.00000
4.382,1,4377.000,18139,192000,3999.104,120.0,8,2,2,0.00000,0.00000,0.00000,0.00000,0.00000
4.382,2,4356.000,17091,192000,3999.938,120.0,8,2,2,0.00000,0.00000,0.00000,0.00000,0.00000
4.485,0,4469.000,22559,192000,3999.021,120.0,8,2,2,0.00000,0.00000,0.00000,0.00000,0.00000
4.485,1,4481.000,23096,192000,3999.833,120.0,8,2,2,0.00000,0.00000,0.00000,0.00000,0.00000
4.485,2,4458.000,22023,192000,3999.188,120.0,8,2,2,0.00000,0.00000,0.00000,0.00000,0.00000
4.586,0,4570.000,27378,192000,3999.625,120.0,8,2,2,0.00000,0.00000,0.00000,0.00000,0.00000
4.586,1,4581.000,27926,192000,3999.208,120.0,8,2,2,0.00000,0.00000,0.00000,0.00000,0.00000
4.586,2,4558.000,26829,192000,3999.062,120.0,8,2,2,0.00000,0.00000,0.00000,0.00000,0.00000
4.687,0,4671.000,32236,192000,3999.417,120.0,8,2,2,0.00000,0.00000,0.00000,0.00000,0.00000
4.687,1,4683.000,32797,192000,3999.729,120.0,8,2,2,0.00000,0.00000,0.00000,0.00000,0.00000
4.687,2,4659.000,31676,192000,3999.083,120.0,8,2,2,0.00000,0.00000,0.00000,0.00000,0.00000
4.788,0,4772.000,37086,192000,3999.375,120.0,8,2,2,0.00000,0.00000,0.00000,0.00000,0.00000
4.788,1,4784.000,37659,192000,3999.438,120.0,8,2,2,0.00000,0.00000,0.00000,0.00000,0.00000
4.788,2,4760.000,36513,192000,3999.312,120.0,8,2,2,0.00000,0.00000,0.00000,0.00000,0.00000
4.890,0,4875.000,42007,192000,3999.854,120.0,8,2,2,0.00000,0.00000,0.00000,0.00000,0.00000
4.890,1,4887.000,42592,192000,3999.667,120.0,8,2,2,0.00000,0.00000,0.00000,0.00000,0.00000
4.890,2,4862.000,41421,192000,3999.062,120.0,8,2,2,0.00000,0.00000,0.00000,0.00000,0.00000
4.992,0,4976.000,46883,192000,3999.271,120.0,8,2,2,0.00000,0.00000,0.00000,0.00000,0.00000
4.992,1,4989.000,47480,192000,3999.833,120.0,8,2,2,0.00000,0.00000,0.00000,0.00000,0.00000
4.992,2,4964.000,46286,192000,3999.708,120.0,8,2,2,0.00000,0.00000,0.00000,0.00000,0.00000
5.094,0,5078.000,51753,192000,3999.812,120.0,8,2,2,0.00000,0.00000,0.00000,0.00000,0.00000
5.094,1,5090.000,52362,192000,3999.125,120.0,8,2,2,0.00000,0.00000,0.00000,0.00000,0.00000
5.094,2,5065.000,51143,192000,3999.521,120.0,8,2,2,0.00000,0.00000,0.00000,0.00000,0.00000
5.194,0,5178.000,56575,192000,3999.354,120.0,8,2,2,0.00000,0.00000,0.00000,0.00000,0.00000
5.194,1,5191.000,57197,192000,3999.396,120.0,8,2,2,0.00000,0.00000,0.00000,0.00000,0.00000
5.194,2,5165.000,55954,192000,3999.292,120.0,8,2,2,0.00000,0.00000,0.00000,0.00000,0.00000
5.294,0,5278.000,61383,192000,3999.188,120.0,8,2,2,0.00000,0.00000,0.00000,0.00000,0.00000
5.294,1,5292.000,62016,192000,0.000,120.0,8,2,2,0.00000,0.00000,0.00000,0.00000,0.00000
5.294,2,5265.000,60749,192000,3999.396,120.0,8,2,2,0.00000,0.00000,0.00000,0.00000,0.00000
5.395,0,5379.000,66228,192000,3999.250,120.0,8,2,2,0.00000,0.00000,0.00000,0.00000,0.00000
5.395,1,5393.000,66873,192000,3999.812,120.0,8,2,2,0.00000,0.00000,0.00000,0.00000,0.00000
5.395,2,5366.000,65582,192000,3999.708,120.0,8,2,2,0.00000,0.00000,0.00000,0.00000,0.00000
5.496,0,5480.000,71073,192000,3999.312,120.0,8,2,2,0.00000,0.00000,0.00000,0.00000,0.00000
5.496,1,5494.000,71730,192000,3999.625,120.0,8,2,2,0.00000,0.00000,0.00000,0.00000,0.00000
5.496,2,5466.000,70415,192000,3999.021,120.0,8,2,2,0.00000,0.00000,0.00000,0.00000,0.00000
5.597,0,5581.000,75910,192000,3999.542,120.0,8,2,2,0.00000,0.00000,0.00000,0.00000,0.00000
5.597,1,5595.000,76580,192000,3999.583,120.0,8,2,2,0.00000,0.00000,0.00000,0.00000,0.00000
5.597,2,5567.000,75240,192000,3999.500,120.0,8,2,2,0.00000,0.00000,0.00000,0.00000,0.00000
5.699,0,5683.000,80824,192000,3999.167,120.0,8,2,2,0.00000,0.00000,0.00000,0.00000,0.00000
5.699,1,5698.000,81506,192000,3999.958,120.0,8,2,2,0.00000,0.00000,0.00000,0.00000,0.00000
5.699,2,5669.000,80142,192000,3999.375,120.0,8,2,2,0.00000,0.00000,0.00000,0.00000,0.00000
5.800,0,5784.000,85643,192000,3999.771,120.0,8,2,2,0.00000,0.00000,0.00000,0.00000,0.00000
5.800,1,5798.000,86338,192000,3999.292,120.0,8,2,2,0.00000,0.00000,0.00000,0.00000,0.00000
5.800,2,5769.000,84949,192000,3999.229,120.0,8,2,2,0.00000,0.00000,0.00000,0.00000,0.00000
5.901,0,5885.000,90494,192000,3999.708,120.0,8,2,2,0.00000,0.00000,0.00000,0.00000,0.00000
5.901,1,5900.000,91200,192000,0.000,120.0,8,2,2,0.00000,0.00000,0.00000,0.00000,0.00000
5.901,2,5870.000,89788,192000,3999.417,120.0,8,2,2,0.00000,0.00000,0.00000,0.00000,0.00000
6.003,0,5988.000,95427,192000,3999.938,120.0,8,2,2,0.00000,0.00000,0.00000,0.00000,0.00000
6.003,1,6003.000,96146,192000,3999.958,120.0,8,2,2,0.00000,0.00000,0.00000,0.00000,0.00000
6.003,2,5973.000,94708,192000,3999.917,120.0,8,2,2,0.00000,0.00000,0.00000,0.00000,0.00000
6.104,0,6088.000,100266,192000,3999.125,120.0,8,2,2,0.00000,0.00000,0.00000,0.00000,0.00000
6.104,1,6104.000,100997,192000,3999.896,120.0,8,2,2,0.00000,0.00000,0.00000,0.00000,0.00000
6.104,2,6073.000,99535,192000,3999.354,120.0,8,2,2,0.00000,0.00000,0.00000,0.00000,0.00000
6.207,0,6191.000,105196,192000,3999.417,120.0,8,2,2,0.00000,0.00000,0.00000,0.00000,0.00000
6.207,1,6207.000,105939,192000,3999.938,120.0,8,2,2,0.00000,0.00000,0.00000,0.00000,0.00000
6.207,2,6176.000,104453,192000,3999.896,120.0,8,2,2,0.00000,0.00000,0.00000,0.00000,0.00000
6.309,0,6293.000,110087,192000,3999.521,120.0,8,2,2,0.00000,0.00000,0.00000,0.00000,0.00000
6.309,1,6309.000,110842,192000,3999.792,120.0,8,2,2,0.00000,0.00000,0.00000,0.00000,0.00000
6.309,2,6277.000,109331,192000,3999.271,120.0,8,2,2,0.00000,0.00000,0.00000,0.00000,0.00000
6.409,0,6394.000,114912,192000,0.000,120.0,8,2,2,0.00000,0.00000,0.00000,0.00000,0.00000
6.409,1,6410.000,115680,192000,0.000,120.0,8,2,2,0.00000,0.00000,0.00000,0.00000,0.00000
6.409,2,6378.000,114145,192000,3999.979,120.0,8,2,2,0.00000,0.00000,0.00000,0.00000,0.00000
6.511,0,6495.000,119805,192000,3999.062,120.0,8,2,2,0.00000,0.00000,0.00000,0.00000,0.00000
6.511,1,6512.000,120584,192000,3999.833,120.0,8,2,2,0.00000,0.00000,0.00000,0.00000,0.00000
6.511,2,6479.000,119025,192000,3999.312,120.0,8,2,2,0.00000,0.00000,0.00000,0.00000,0.00000
6.615,0,6599.000,124763,192000,3999.771,120.0,8,2,2,0.00000,0.00000,0.00000,0.00000,0.00000
6.615,1,6615.000,125555,192000,3999.271,120.0,8,2,2,0.00000,0.00000,0.00000,0.00000,0.00000
6.615,2,6582.000,123971,192000,3999.271,120.0,8,2,2,0.00000,0.00000,0.00000,0.00000,0.00000
6.716,0,6701.000,129648,192000,0.000,120.0,8,2,2,0.00000,0.00000,0.00000,0.00000,0.00000
6.716,1,6717.000,130452,192000,3999.250,120.0,8,2,2,0.00000,0.00000,0.00000,0.00000,0.00000
6.716,2,6684.000,128844,192000,3999.750,120.0,8,2,2,0.00000,0.00000,0.00000,0.00000,0.00000
6.820,0,6804.000,134618,192000,3999.458,120.0,8,2,2,0.00000,0.00000,0.00000,0.00000,0.00000
6.820,1,6821.000,135435,192000,3999.438,120.0,8,2,2,0.00000,0.00000,0.00000,0.00000,0.00000
6.820,2,6787.000,133801,192000,3999.479,120.0,8,2,2,0.00000,0.00000,0.00000,0.00000,0.00000
6.922,0,6907.000,139541,192000,3999.896,120.0,8,2,2,0.00000,0.00000,0.00000,0.00000,0.00000
6.922,1,6924.000,140370,192000,3999.625,120.0,8,2,2,0.00000,0.00000,0.00000,0.00000,0.00000
6.922,2,6889.000,138712,192000,3999.167,120.0,8,2,2,0.00000,0.00000,0.00000,0.00000,0.00000
7.025,0,7009.000,144457,192000,3999.479,120.0,8,2,2,0.00000,0.00000,0.00000,0.00000,0.00000
7.025,1,7027.000,145298,192000,3999.958,120.0,8,2,2,0.00000,0.00000,0.00000,0.00000,0.00000
7.025,2,6991.000,143615,192000,3999.021,120.0,8,2,2,0.00000,0.00000,0.00000,0.00000,0.00000
7.128,0,7112.000,149400,192000,3999.500,120.0,8,2,2,0.00000,0.00000,0.00000,0.00000,0.00000
7.128,1,7130.000,150254,192000,3999.708,120.0,8,2,2,0.00000,0.00000,0.00000,0.00000,0.00000
7.128,2,7094.000,148546,192000,3999.292,120.0,8,2,2,0.00000,0.00000,0.00000,0.00000,0.00000
7.231,0,7215.000,154349,192000,3999.396,120.0,8,2,2,0.00000,0.00000,0.00000,0.00000,0.00000
7.231,1,7233.000,155215,192000,3999.354,120.0,8,2,2,0.00000,0.00000,0.00000,0.00000,0.00000
7.231,2,7197.000,153483,192000,3999.438,120.0,8,2,2,0.00000,0.00000,0.00000,0.00000,0.00000
7.332,0,7316.000,159199,192000,3999.354,120.0,8,2,2,0.00000,0.00000,0.00000,0.00000,0.00000
7.332,1,7334.000,160077,192000,3999.062,120.0,8,2,2,0.00000,0.00000,0.00000,0.00000,0.00000
7.332,2,7298.000,158321,192000,3999.646,120.0,8,2,2,0.00000,0.00000,0.00000,0.00000,0.00000
7.434,0,7418.000,164095,192000,3999.354,120.0,8,2,2,0.00000,0.00000,0.00000,0.00000,0.00000
7.434,1,7437.000,164985,192000,3999.812,120.0,8,2,2,0.00000,0.00000,0.00000,0.00000,0.00000
7.434,2,7400.000,163204,192000,3999.917,120.0,8,2,2,0.00000,0.00000,0.00000,0.00000,0.00000
7.536,0,7521.000,169012,192000,3999.917,120.0,8,2,2,0.00000,0.00000,0.00000,0.00000,0.00000
7.536,1,7539.000,169915,192000,3999.104,120.0,8,2,2,0.00000,0.00000,0.00000,0.00000,0.00000
7.536,2,7502.000,168110,192000,3999.708,120.0,8,2,2,0.00000,0.00000,0.00000,0.00000,0.00000
7.637,0,7621.000,173842,192000,3999.292,120.0,8,2,2,0.00000,0.00000,0.00000,0.00000,0.00000
7.637,1,7640.000,174757,192000,3999.229,120.0,8,2,2,0.00000,0.00000,0.00000,0.00000,0.00000
7.637,2,7602.000,172928,192000,3999.333,120.0,8,2,2,0.00000,0.00000,0.00000,0.00000,0.00000
7.737,0,7722.000,178662,192000,3999.875,120.0,8,2,2,0.00000,0.00000,0.00000,0.00000,0.00000
7.737,1,7741.000,179589,192000,3999.562,120.0,8,2,2,0.00000,0.00000,0.00000,0.00000,0.00000
7.737,2,7702.000,177735,192000,3999.188,120.0,8,2,2,0.00000,0.00000,0.00000,0.00000,0.00000
7.840,0,7824.000,183562,192000,3999.792,120.0,8,2,2,0.00000,0.00000,0.00000,0.00000,0.00000
7.840,1,7843.000,184501,192000,3999.229,120.0,8,2,2,0.00000,0.00000,0.00000,0.00000,0.00000
7.840,2,7804.000,182623,192000,3999.354,120.0,8,2,2,0.00000,0.00000,0.00000,0.00000,0.00000
7.942,0,7926.000,188472,192000,3999.500,120.0,8,2,2,0.00000,0.00000,0.00000,0.00000,0.00000
7.942,1,7946.000,189423,192000,3999.688,120.0,8,2,2,0.00000,0.00000,0.00000,0.00000,0.00000
7.942,2,7906.000,187521,192000,3999.312,120.0,8,2,2,0.00000,0.00000,0.00000,0.00000,0.00000
8.044,0,8029.000,1396,192000,3999.917,120.0,8,3,2,0.00000,0.00000,0.00000,0.00000,0.00000
8.044,1,8049.000,2360,192000,3999.833,120.0,8,3,2,0.00000,0.00000,0.00000,0.00000,0.00000
8.044,2,8009.000,433,192000,3999.979,120.0,8,3,2,0.00000,0.00000,0.00000,0.00000,0.00000
8.146,0,8130.000,6266,192000,3999.458,120.0,8,3,2,0.00000,0.00000,0.00000,0.00000,0.00000
8.146,1,8150.000,7241,192000,3999.146,120.0,8,3,2,0.00000,0.00000,0.00000,0.00000,0.00000
8.146,2,8110.000,5290,192000,3999.792,120.0,8,3,2,0.00000,0.00000,0.00000,0.00000,0.00000
8.246,0,8231.000,11090,192000,3999.958,120.0,8,3,2,0.00000,0.00000,0.00000,0.00000,0.00000
8.246,1,8251.000,12078,192000,3999.375,120.0,8,3,2,0.00000,0.00000,0.00000,0.00000,0.00000
8.246,2,8210.000,10102,192000,3999.542,120.0,8,3,2,0.00000,0.00000,0.00000,0.00000,0.00000
8.347,0,8331.000,15903,192000,3999.688,120.0,8,3,2,0.00000,0.00000,0.00000,0.00000,0.00000
8.347,1,8352.000,16902,192000,3999.875,120.0,8,3,2,0.00000,0.00000,0.00000,0.00000,0.00000
8.347,2,8310.000,14903,192000,3999.521,120.0,8,3,2,0.00000,0.00000,0.00000,0.00000,0.00000
8.449,0,8433.000,20830,192000,3999.042,120.0,8,3,2,0.00000,0.00000,0.00000,0.00000,0.00000
8.449,1,8455.000,21842,192000,3999.958,120.0,8,3,2,0.00000,0.00000,0.00000,0.00000,0.00000
8.449,2,8412.000,19818,192000,3999.125,120.0,8,3,2,0.00000,0.00000,0.00000,0.00000,0.00000
8.552,0,8536.000,25767,192000,3999.188,120.0,8,3,2,0.00000,0.00000,0.00000,0.00000,0.00000
8.552,1,8558.000,26791,192000,3999.854,120.0,8,3,2,0.00000,0.00000,0.00000,0.00000,0.00000
8.552,2,8515.000,24742,192000,3999.542,120.0,8,3,2,0.00000,0.00000,0.00000,0.00000,0.00000
8.653,0,8637.000,30599,192000,3999.521,120.0,8,3,2,0.00000,0.00000,0.00000,0.00000,0.00000
8.653,1,8659.000,31635,192000,3999.938,120.0,8,3,2,0.00000,0.00000,0.00000,0.00000,0.00000
8.653,2,8615.000,29562,192000,3999.125,120.0,8,3,2,0.00000,0.00000,0.00000,0.00000,0.00000
8.755,0,8739.000,35494,192000,3999.542,120.0,8,3,2,0.00000,0.00000,0.00000,0.00000,0.00000
8.755,1,8761.000,36542,192000,3999.708,120.0,8,3,2,0.00000,0.00000,0.00000,0.00000,0.00000
8.755,2,8717.000,34445,192000,3999.396,120.0,8,3,2,0.00000,0.00000,0.00000,0.00000,0.00000
8.856,0,8840.000,40362,192000,3999.125,120.0,8,3,2,0.00000,0.00000,0.00000,0.00000,0.00000
8.856,1,8862.000,41423,192000,3999.021,120.0,8,3,2,0.00000,0.00000,0.00000,0.00000,0.00000
8.856,2,8818.000,39301,192000,3999.229,120.0,8,3,2,0.00000,0.00000,0.00000,0.00000,0.00000
8.959,0,8943.000,45292,192000,3999.417,120.0,8,3,2,0.00000,0.00000,0.00000,0.00000,0.00000
8.959,1,8965.000,46365,192000,3999.062,120.0,8,3,2,0.00000,0.00000,0.00000,0.00000,0.00000
8.959,2,8921.000,44219,192000,3999.771,120.0,8,3,2,0.00000,0.00000,0.00000,0.00000,0.00000
9.061,0,9045.000,50206,192000,3999.042,120.0,8,3,2,0.00000,0.00000,0.00000,0.00000,0.00000
9.061,1,9068.000,51292,192000,3999.417,120.0,8,3,2,0.00000,0.00000,0.00000,0.00000,0.00000
9.061,2,9023.000,49121,192000,3999.646,120.0,8,3,2,0.00000,0.00000,0.00000,0.00000,0.00000
9.164,0,9149.000,55155,192000,3999.938,120.0,8,3,2,0.00000,0.00000,0.00000,0.00000,0.00000
9.164,1,9171.000,56253,192000,3999.062,120.0,8,3,2,0.00000,0.00000,0.00000,0.00000,0.00000
9.164,2,9126.000,54057,192000,3999.812,120.0,8,3,2,0.00000,0.00000,0.00000,0.00000,0.00000
9.265,0,9249.000,59981,192000,3999.396,120.0,8,3,2,0.00000,0.00000,0.00000,0.00000,0.00000
9.265,1,9272.000,61091,192000,3999.271,120.0,8,3,2,0.00000,0.00000,0.00000,0.00000,0.00000
9.265,2,9226.000,58871,192000,3999.521,120.0,8,3,2,0.00000,0.00000,0.00000,0.00000,0.00000
9.365,0,9350.000,64800,192000,0.000,120.0,8,3,2,0.00000,0.00000,0.00000,0.00000,0.00000
9.365,1,9373.000,65922,192000,3999.625,120.0,8,3,2,0.00000,0.00000,0.00000,0.00000,0.00000
9.365,2,9326.000,63678,192000,3999.375,120.0,8,3,2,0.00000,0.00000,0.00000,0.00000,0.00000
9.466,0,9451.000,69649,192000,3999.979,120.0,8,3,2,0.00000,0.00000,0.00000,0.00000,0.00000
9.466,1,9474.000,70783,192000,3999.354,120.0,8,3,2,0.00000,0.00000,0.00000,0.00000,0.00000
9.466,2,9427.000,68514,192000,3999.625,120.0,8,3,2,0.00000,0.00000,0.00000,0.00000,0.00000
9.568,0,9552.000,74524,192000,3999.417,120.0,8,3,2,0.00000,0.00000,0.00000,0.00000,0.00000
9.568,1,9576.000,75671,192000,3999.521,120.0,8,3,2,0.00000,0.00000,0.00000,0.00000,0.00000
9.568,2,9528.000,73378,192000,3999.292,120.0,8,3,2,0.00000,0.00000,0.00000,0.00000,0.00000
9.669,0,9653.000,79388,192000,3999.083,120.0,8,3,2,0.00000,0.00000,0.00000,0.00000,0.00000
9.669,1,9678.000,80546,192000,3999.958,120.0,8,3,2,0.00000,0.00000,0.00000,0.00000,0.00000
9.669,2,9629.000,78229,192000,3999.229,120.0,8,3,2,0.00000,0.00000,0.00000,0.00000,0.00000
9.771,0,9755.000,84277,192000,3999.229,120.0,8,3,2,0.00000,0.00000,0.00000,0.00000,0.00000
9.771,1,9780.000,85448,192000,3999.833,120.0,8,3,2,0.00000,0.00000,0.00000,0.00000,0.00000
9.771,2,9731.000,83107,192000,3999.604,120.0,8,3,2,0.00000,0.00000,0.00000,0.00000,0.00000
9.873,0,9857.000,89154,192000,3999.625,120.0,8,3,2,0.00000,0.00000,0.00000,0.00000,0.00000
9.873,1,9882.000,90336,192000,0.000,120.0,8,3,2,0.00000,0.00000,0.00000,0.00000,0.00000
9.873,2,9832.000,87971,192000,3999.271,120.0,8,3,2,0.00000,0.00000,0.00000,0.00000,0.00000
9.975,0,9960.000,94086,192000,3999.875,120.0,8,3,2,0.00000,0.00000,0.00000,0.00000,0.00000
9.975,1,9985.000,95282,192000,3999.958,120.0,8,3,2,0.00000,0.00000,0.00000,0.00000,0.00000
9.975,2,9935.000,92891,192000,3999.771,120.0,8,3,2,0.00000,0.00000,0.00000,0.00000,0.00000
10.076,0,10061.000,98929,192000,3999.979,120.0,8,3,2,0.00000,0.00000,0.00000,0.00000,0.00000
10.076,1,10086.000,100137,192000,3999.812,120.0,8,3,2,0.00000,0.00000,0.00000,0.00000,0.00000
10.076,2,10035.000,97722,192000,3999.125,120.0,8,3,2,0.00000,0.00000,0.00000,0.00000,0.00000
10.176,0,10161.000,103735,192000,3999.854,120.0,8,3,2,0.00000,0.00000,0.00000,0.00000,0.00000
10.176,1,10186.000,104955,192000,3999.438,120.0,8,3,2,0.00000,0.00000,0.00000,0.00000,0.00000
10.176,2,10135.000,102516,192000,3999.250,120.0,8,3,2,0.00000,0.00000,0.00000,0.00000,0.00000
10.279,0,10264.000,108675,192000,3999.938,120.0,8,3,2,0.00000,0.00000,0.00000,0.00000,0.00000
10.279,1,10289.000,109907,192000,3999.271,120.0,8,3,2,0.00000,0.00000,0.00000,0.00000,0.00000
10.279,2,10238.000,107443,192000,3999.604,120.0,8,3,2,0.00000,0.00000,0.00000,0.00000,0.00000
10.380,0,10365.000,113525,192000,3999.896,120.0,8,3,2,0.00000,0.00000,0.00000,0.00000,0.00000
10.380,1,10391.000,114769,192000,3999.979,120.0,8,3,2,0.00000,0.00000,0.00000,0.00000,0.00000
10.380,2,10339.000,112281,192000,3999.812,120.0,8,3,2,0.00000,0.00000,0.00000,0.00000,0.00000
10.482,0,10466.000,118411,192000,3999.104,120.0,8,3,2,0.00000,0.00000,0.00000,0.00000,0.00000
10.482,1,10493.000,119667,192000,3999.938,120.0,8,3,2,0.00000,0.00000,0.00000,0.00000,0.00000
10.482,2,10440.000,117155,192000,3999.271,120.0,8,3,2,0.00000,0.00000,0.00000,0.00000,0.00000
10.584,0,10568.000,123306,192000,3999.125,120.0,8,3,2,0.00000,0.00000,0.00000,0.00000,0.00000
10.584,1,10595.000,124574,192000,3999.708,120.0,8,3,2,0.00000,0.00000,0.00000,0.00000,0.00000
10.584,2,10542.000,122038,192000,3999.542,120.0,8,3,2,0.00000,0.00000,0.00000,0.00000,0.00000
10.686,0,10670.000,128203,192000,3999.104,120.0,8,3,2,0.00000,0.00000,0.00000,0.00000,0.00000
10.686,1,10697.000,129484,192000,3999.417,120.0,8,3,2,0.00000,0.00000,0.00000,0.00000,0.00000
10.686,2,10644.000,126923,192000,3999.771,120.0,8,3,2,0.00000,0.00000,0.00000,0.00000,0.00000
10.787,0,10771.000,133043,192000,3999.271,120.0,8,3,2,0.00000,0.00000,0.00000,0.00000,0.00000
10.787,1,10798.000,134336,192000,3999.333,120.0,8,3,2,0.00000,0.00000,0.00000,0.00000,0.00000
10.787,2,10744.000,131750,192000,3999.208,120.0,8,3,2,0.00000,0.00000,0.00000,0.00000,0.00000
10.890,0,10874.000,137989,192000,3999.229,120.0,8,3,2,0.00000,0.00000,0.00000,0.00000,0.00000
10.890,1,10901.000,139294,192000,3999.042,120.0,8,3,2,0.00000,0.00000,0.00000,0.00000,0.00000
10.890,2,10847.000,136684,192000,3999.417,120.0,8,3,2,0.00000,0.00000,0.00000,0.00000,0.00000
10.993,0,10978.000,142947,192000,3999.938,120.0,8,3,2,0.00000,0.00000,0.00000,0.00000,0.00000
10.993,1,11005.000,144265,192000,3999.479,120.0,8,3,2,0.00000,0.00000,0.00000,0.00000,0.00000
10.993,2,10950.000,141630,192000,3999.375,120.0,8,3,2,0.00000,0.00000,0.00000,0.00000,0.00000
11.093,0,11078.000,147747,192000,3999.938,120.0,8,3,2,0.00000,0.00000,0.00000,0.00000,0.00000
11.093,1,11105.000,149077,192000,3999.229,120.0,8,3,2,0.00000,0.00000,0.00000,0.00000,0.00000
11.093,2,11050.000,146418,192000,3999.625,120.0,8,3,2,0.00000,0.00000,0.00000,0.00000,0.00000
11.196,0,11180.000,152663,192000,3999.521,120.0,8,3,2,0.00000,0.00000,0.00000,0.00000,0.00000
11.196,1,11208.000,154005,192000,3999.562,120.0,8,3,2,0.00000,0.00000,0.00000,0.00000,0.00000
11.196,2,11152.000,151321,192000,3999.479,120.0,8,3,2,0.00000,0.00000,0.00000,0.00000,0.00000
11.299,0,11283.000,157610,192000,3999.458,120.0,8,3,2,0.00000,0.00000,0.00000,0.00000,0.00000
11.299,1,11311.000,158964,192000,3999.250,120.0,8,3,2,0.00000,0.00000,0.00000,0.00000,0.00000
11.299,2,11255.000,156256,192000,3999.667,120.0,8,3,2,0.00000,0.00000,0.00000,0.00000,0.00000
11.402,0,11386.000,162549,192000,3999.562,120.0,8,3,2,0.00000,0.00000,0.00000,0.00000,0.00000
11.402,1,11414.000,163916,192000,3999.083,120.0,8,3,2,0.00000,0.00000,0.00000,0.00000,0.00000
11.402,2,11357.000,161183,192000,3999.021,120.0,8,3,2,0.00000,0.00000,0.00000,0.00000,0.00000
11.505,0,11489.000,167497,192000,3999.479,120.0,8,3,2,0.00000,0.00000,0.00000,0.00000,0.00000
11.505,1,11518.000,168875,192000,3999.771,120.0,8,3,2,0.00000,0.00000,0.00000,0.00000,0.00000
11.505,2,11460.000,166118,192000,3999.208,120.0,8,3,2,0.00000,0.00000,0.00000,0.00000,0.00000
11.607,0,11591.000,172402,192000,3999.292,120.0,8,3,2,0.00000,0.00000,0.00000,0.00000,0.00000
11.607,1,11620.000,173793,192000,3999.312,120.0,8,3,2,0.00000,0.00000,0.00000,0.00000,0.00000
11.607,2,11562.000,171011,192000,3999.271,120.0,8,3,2,0.00000,0.00000,0.00000,0.00000,0.00000
11.709,0,11693.000,177304,192000,3999.167,120.0,8,3,2,0.00000,0.00000,0.00000,0.00000,0.00000
11.709,1,11723.000,178708,192000,3999.917,120.0,8,3,2,0.00000,0.00000,0.00000,0.00000,0.00000
11.709,2,11664.000,175901,192000,3999.396,120.0,8,3,2,0.00000,0.00000,0.00000,0.00000,0.00000
11.811,0,11795.000,182193,192000,3999.312,120.0,8,3,2,0.00000,0.00000,0.00000,0.00000,0.00000
11.811,1,11825.000,183609,192000,3999.812,120.0,8,3,2,0.00000,0.00000,0.00000,0.00000,0.00000
11.811,2,11766.000,180778,192000,3999.792,120.0,8,3,2,0.00000,0.00000,0.00000,0.00000,0.00000
11.912,0,11896.000,187021,192000,3999.729,120.0,8,3,2,0.00000,0.00000,0.00000,0.00000,0.00000
11.912,1,11926.000,188448,192000,0.000,120.0,8,3,2,0.00000,0.00000,0.00000,0.00000,0.00000
11.912,2,11866.000,185593,192000,3999.479,120.0,8,3,2,0.00000,0.00000,0.00000,0.00000,0.00000
12.014,0,11998.000,191923,192000,3999.604,120.0,8,3,2,0.00000,0.00000,0.00000,0.00000,0.00000
12.014,1,12028.000,1362,192000,3999.625,120.0,8,4,2,0.00000,0.00000,0.00000,0.00000,0.00000
12.014,2,11968.000,190483,192000,3999.604,120.0,8,3,2,0.00000,0.00000,0.00000,0.00000,0.00000
12.116,0,12100.000,4837,192000,3999.229,120.0,8,4,2,0.00000,0.00000,0.00000,0.00000,0.00000
12.116,1,12131.000,6290,192000,3999.958,120.0,8,4,2,0.00000,0.00000,0.00000,0.00000,0.00000
12.116,2,12070.000,3385,192000,3999.479,120.0,8,4,2,0.00000,0.00000,0.00000,0.00000,0.00000
12.220,0,12204.000,9807,192000,3999.688,120.0,8,4,2,0.00000,0.00000,0.00000,0.00000,0.00000
12.220,1,12234.000,11272,192000,3999.167,120.0,8,4,2,0.00000,0.00000,0.00000,0.00000,0.00000
12.220,2,12173.000,8342,192000,3999.208,120.0,8,4,2,0.00000,0.00000,0.00000,0.00000,0.00000
12.321,0,12305.000,14660,192000,3999.583,120.0,8,4,2,0.00000,0.00000,0.00000,0.00000,0.00000
12.321,1,12336.000,16137,192000,3999.812,120.0,8,4,2,0.00000,0.00000,0.00000,0.00000,0.00000
12.321,2,12274.000,13184,192000,3999.333,120.0,8,4,2,0.00000,0.00000,0.00000,0.00000,0.00000
12.423,0,12407.000,19578,192000,3999.125,120.0,8,4,2,0.00000,0.00000,0.00000,0.00000,0.00000
12.423,1,12438.000,21067,192000,3999.104,120.0,8,4,2,0.00000,0.00000,0.00000,0.00000,0.00000
12.423,2,12376.000,18089,192000,3999.146,120.0,8,4,2,0.00000,0.00000,0.00000,0.00000,0.00000
12.524,0,12508.000,24401,192000,3999.646,120.0,8,4,2,0.00000,0.00000,0.00000,0.00000,0.00000
12.524,1,12539.000,25902,192000,3999.375,120.0,8,4,2,0.00000,0.00000,0.00000,0.00000,0.00000
12.524,2,12477.000,22900,192000,3999.917,120.0,8,4,2,0.00000,0.00000,0.00000,0.00000,0.00000
12.626,0,12610.000,29312,192000,3999.333,120.0,8,4,2,0.00000,0.00000,0.00000,0.00000,0.00000
12.626,1,12642.000,30825,192000,3999.812,120.0,8,4,2,0.00000,0.00000,0.00000,0.00000,0.00000
12.626,2,12579.000,27799,192000,3999.854,120.0,8,4,2,0.00000,0.00000,0.00000,0.00000,0.00000
12.727,0,12711.000,34170,192000,3999.125,120.0,8,4,2,0.00000,0.00000,0.00000,0.00000,0.00000
12.727,1,12743.000,35695,192000,3999.354,120.0,8,4,2,0.00000,0.00000,0.00000,0.00000,0.00000
12.727,2,12680.000,32644,192000,3999.917,120.0,8,4,2,0.00000,0.00000,0.00000,0.00000,0.00000
12.829,0,12813.000,39064,192000,3999.167,120.0,8,4,2,0.00000,0.00000,0.00000,0.00000,0.00000
12.829,1,12845.000,40602,192000,3999.125,120.0,8,4,2,0.00000,0.00000,0.00000,0.00000,0.00000
12.829,2,12781.000,37526,192000,3999.208,120.0,8,4,2,0.00000,0.00000,0.00000,0.00000,0.00000
12.932,0,12916.000,44002,192000,3999.292,120.0,8,4,2,0.00000,0.00000,0.00000,0.00000,0.00000
12.932,1,12949.000,45552,192000,0.000,120.0,8,4,2,0.00000,0.00000,0.00000,0.00000,0.00000
12.932,2,12884.000,42452,192000,3999.583,120.0,8,4,2,0.00000,0.00000,0.00000,0.00000,0.00000
13.033,0,13017.000,48833,192000,3999.646,120.0,8,4,2,0.00000,0.00000,0.00000,0.00000,0.00000
13.033,1,13049.000,50395,192000,3999.104,120.0,8,4,2,0.00000,0.00000,0.00000,0.00000,0.00000
13.033,2,12984.000,47271,192000,3999.188,120.0,8,4,2,0.00000,0.00000,0.00000,0.00000,0.00000
13.135,0,13119.000,53724,192000,3999.750,120.0,8,4,2,0.00000,0.00000,0.00000,0.00000,0.00000
13.135,1,13152.000,55298,192000,3999.958,120.0,8,4,2,0.00000,0.00000,0.00000,0.00000,0.00000
13.135,2,13086.000,52150,192000,3999.542,120.0,8,4,2,0.00000,0.00000,0.00000,0.00000,0.00000
13.237,0,13222.000,58662,192000,3999.875,120.0,8,4,2,0.00000,0.00000,0.00000,0.00000,0.00000
13.237,1,13255.000,60249,192000,3999.812,120.0,8,4,2,0.00000,0.00000,0.00000,0.00000,0.00000
13.237,2,13189.000,57075,192000,3999.938,120.0,8,4,2,0.00000,0.00000,0.00000,0.00000,0.00000
13.339,0,13324.000,63560,192000,3999.833,120.0,8,4,2,0.00000,0.00000,0.00000,0.00000,0.00000
13.339,1,13357.000,65159,192000,3999.521,120.0,8,4,2,0.00000,0.00000,0.00000,0.00000,0.00000
13.339,2,13290.000,61961,192000,3999.146,120.0,8,4,2,0.00000,0.00000,0.00000,0.00000,0.00000
13.441,0,13425.000,68409,192000,3999.812,120.0,8,4,2,0.00000,0.00000,0.00000,0.00000,0.00000
13.441,1,13458.000,70020,192000,3999.250,120.0,8,4,2,0.00000,0.00000,0.00000,0.00000,0.00000
13.441,2,13391.000,66798,192000,3999.375,120.0,8,4,2,0.00000,0.00000,0.00000,0.00000,0.00000
13.543,0,13527.000,73335,192000,3999.188,120.0,8,4,2,0.00000,0.00000,0.00000,0.00000,0.00000
13.543,1,13561.000,74958,192000,3999.375,120.0,8,4,2,0.00000,0.00000,0.00000,0.00000,0.00000
13.543,2,13494.000,71712,192000,0.000,120.0,8,4,2,0.00000,0.00000,0.00000,0.00000,0.00000
13.645,0,13629.000,78230,192000,3999.208,120.0,8,4,2,0.00000,0.00000,0.00000,0.00000,0.00000
13.645,1,13663.000,79866,192000,3999.125,120.0,8,4,2,0.00000,0.00000,0.00000,0.00000,0.00000
13.645,2,13595.000,76595,192000,3999.271,120.0,8,4,2,0.00000,0.00000,0.00000,0.00000,0.00000
13.745,0,13729.000,83034,192000,3999.125,120.0,8,4,2,0.00000,0.00000,0.00000,0.00000,0.00000
13.745,1,13764.000,84681,192000,3999.812,120.0,8,4,2,0.00000,0.00000,0.00000,0.00000,0.00000
13.745,2,13695.000,81386,192000,3999.458,120.0,8,4,2,0.00000,0.00000,0.00000,0.00000,0.00000
13.846,0,13830.000,87857,192000,3999.646,120.0,8,4,2,0.00000,0.00000,0.00000,0.00000,0.00000
13.846,1,13864.000,89517,192000,3999.062,120.0,8,4,2,0.00000,0.00000,0.00000,0.00000,0.00000
13.846,2,13795.000,86198,192000,3999.208,120.0,8,4,2,0.00000,0.00000,0.00000,0.00000,0.00000
13.949,0,13933.000,92818,192000,3999.292,120.0,8,4,2,0.00000,0.00000,0.00000,0.00000,0.00000
13.949,1,13968.000,94490,192000,3999.458,120.0,8,4,2,0.00000,0.00000,0.00000,0.00000,0.00000
13.949,2,13898.000,91146,192000,3999.125,120.0,8,4,2,0.00000,0.00000,0.00000,0.00000,0.00000
14.049,0,14033.000,97625,192000,3999.146,120.0,8,4,2,0.00000,0.00000,0.00000,0.00000,0.00000
14.049,1,14068.000,99309,192000,3999.062,120.0,8,4,2,0.00000,0.00000,0.00000,0.00000,0.00000
14.049,2,13998.000,95941,192000,3999.229,120.0,8,4,2,0.00000,0.00000,0.00000,0.00000,0.00000
14.151,0,14135.000,102488,192000,3999.833,120.0,8,4,2,0.00000,0.00000,0.00000,0.00000,0.00000
14.151,1,14170.000,104185,192000,3999.479,120.0,8,4,2,0.00000,0.00000,0.00000,0.00000,0.00000
14.151,2,14099.000,100792,192000,3999.167,120.0,8,4,2,0.00000,0.00000,0.00000,0.00000,0.00000
14.252,0,14236.000,107342,192000,3999.708,120.0,8,4,2,0.00000,0.00000,0.00000,0.00000,0.00000
14.252,1,14271.000,109051,192000,3999.104,120.0,8,4,2,0.00000,0.00000,0.00000,0.00000,0.00000
14.252,2,14200.000,105634,192000,3999.292,120.0,8,4,2,0.00000,0.00000,0.00000,0.00000,0.00000
14.354,0,14338.000,112238,192000,3999.708,120.0,8,4,2,0.00000,0.00000,0.00000,0.00000,0.00000
14.354,1,14374.000,113959,192000,3999.854,120.0,8,4,2,0.00000,0.00000,0.00000,0.00000,0.00000
14.354,2,14302.000,110518,192000,3999.542,120.0,8,4,2,0.00000,0.00000,0.00000,0.00000,0.00000
14.454,0,14438.000,117051,192000,3999.438,120.0,8,4,2,0.00000,0.00000,0.00000,0.00000,0.00000
14.454,1,14474.000,118784,192000,3999.333,120.0,8,4,2,0.00000,0.00000,0.00000,0.00000,0.00000
14.454,2,14402.000,115318,192000,3999.542,120.0,8,4,2,0.00000,0.00000,0.00000,0.00000,0.00000
14.556,0,14540.000,121956,192000,3999.250,120.0,8,4,2,0.00000,0.00000,0.00000,0.00000,0.00000
14.556,1,14577.000,123701,192000,3999.896,120.0,8,4,2,0.00000,0.00000,0.00000,0.00000,0.00000
14.556,2,14504.000,120211,192000,3999.604,120.0,8,4,2,0.00000,0.00000,0.00000,0.00000,0.00000
14.658,0,14642.000,126828,192000,3999.750,120.0,8,4,2,0.00000,0.00000,0.00000,0.00000,0.00000
14.658,1,14678.000,128585,192000,3999.146,120.0,8,4,2,0.00000,0.00000,0.00000,0.00000,0.00000
14.658,2,14605.000,125071,192000,3999.354,120.0,8,4,2,0.00000,0.00000,0.00000,0.00000,0.00000
14.760,0,14744.000,131720,192000,3999.833,120.0,8,4,2,0.00000,0.00000,0.00000,0.00000,0.00000
14.760,1,14781.000,133490,192000,3999.958,120.0,8,4,2,0.00000,0.00000,0.00000,0.00000,0.00000
14.760,2,14707.000,129951,192000,3999.688,120.0,8,4,2,0.00000,0.00000,0.00000,0.00000,0.00000
14.862,0,14846.000,136646,192000,3999.208,120.0,8,4,2,0.00000,0.00000,0.00000,0.00000,0.00000
14.862,1,14883.000,138428,192000,3999.083,120.0,8,4,2,0.00000,0.00000,0.00000,0.00000,0.00000
14.862,2,14809.000,134864,192000,3999.333,120.0,8,4,2,0.00000,0.00000,0.00000,0.00000,0.00000
14.962,0,14947.000,141462,192000,3999.875,120.0,8,4,2,0.00000,0.00000,0.00000,0.00000,0.00000
14.962,1,14984.000,143256,192000,3999.500,120.0,8,4,2,0.00000,0.00000,0.00000,0.00000,0.00000
14.962,2,14909.000,139668,192000,3999.250,120.0,8,4,2,0.00000,0.00000,0.00000,0.00000,0.00000
15.062,0,15047.000,146264,192000,3999.833,120.0,8,4,2,0.00000,0.00000,0.00000,0.00000,0.00000
15.062,1,15084.000,148069,192000,3999.229,120.0,8,4,2,0.00000,0.00000,0.00000,0.00000,0.00000
15.062,2,15009.000,144458,192000,3999.458,120.0,8,4,2,0.00000,0.00000,0.00000,0.00000,0.00000
15.164,0,15149.000,151152,192000,0.000,120.0,8,4,2,0.00000,0.00000,0.00000,0.00000,0.00000
15.164,1,15186.000,152970,192000,3999.125,120.0,8,4,2,0.00000,0.00000,0.00000,0.00000,0.00000
15.164,2,15111.000,149334,192000,3999.875,120.0,8,4,2,0.00000,0.00000,0.00000,0.00000,0.00000
15.265,0,15249.000,155999,192000,3999.021,120.0,8,4,2,0.00000,0.00000,0.00000,0.00000,0.00000
15.265,1,15288.000,157829,192000,3999.896,120.0,8,4,2,0.00000,0.00000,0.00000,0.00000,0.00000
15.265,2,15211.000,154168,192000,3999.167,120.0,8,4,2,0.00000,0.00000,0.00000,0.00000,0.00000
15.368,0,15352.000,160906,192000,3999.792,120.0,8,4,2,0.00000,0.00000,0.00000,0.00000,0.00000
15.368,1,15390.000,162748,192000,3999.417,120.0,8,4,2,0.00000,0.00000,0.00000,0.00000,0.00000
15.368,2,15313.000,159064,192000,3999.167,120.0,8,4,2,0.00000,0.00000,0.00000,0.00000,0.00000
15.468,0,15452.000,165707,192000,3999.771,120.0,8,4,2,0.00000,0.00000,0.00000,0.00000,0.00000
15.468,1,15490.000,167561,192000,3999.146,120.0,8,4,2,0.00000,0.00000,0.00000,0.00000,0.00000
15.468,2,15413.000,163852,192000,3999.417,120.0,8,4,2,0.00000,0.00000,0.00000,0.00000,0.00000
15.571,0,15555.000,170656,192000,3999.667,120.0,8,4,2,0.00000,0.00000,0.00000,0.00000,0.00000
15.571,1,15594.000,172523,192000,3999.771,120.0,8,4,2,0.00000,0.00000,0.00000,0.00000,0.00000
15.571,2,15516.000,168789,192000,3999.562,120.0,8,4,2,0.00000,0.00000,0.00000,0.00000,0.00000
15.672,0,15656.000,175510,192000,3999.542,120.0,8,4,2,0.00000,0.00000,0.00000,0.00000,0.00000
15.672,1,15695.000,177389,192000,3999.396,120.0,8,4,2,0.00000,0.00000,0.00000,0.00000,0.00000
15.672,2,15617.000,173631,192000,3999.688,120.0,8,4,2,0.00000,0.00000,0.00000,0.00000,0.00000
15.774,0,15759.000,180435,192000,3999.938,120.0,8,4,2,0.00000,0.00000,0.00000,0.00000,0.00000
15.774,1,15798.000,182326,192000,3999.542,120.0,8,4,2,0.00000,0.00000,0.00000,0.00000,0.00000
15.774,2,15719.000,178544,192000,3999.333,120.0,8,4,2,0.00000,0.00000,0.00000,0.00000,0.00000
15.877,0,15862.000,185376,192000,0.000,120.0,8,4,2,0.00000,0.00000,0.00000,0.00000,0.00000
15.877,1,15901.000,187279,192000,3999.354,120.0,8,4,2,0.00000,0.00000,0.00000,0.00000,0.00000
15.877,2,15822.000,183472,192000,3999.667,120.0,8,4,2,0.00000,0.00000,0.00000,0.00000,0.00000
15.980,0,15964.000,190294,192000,3999.542,120.0,8,4,2,0.00000,0.00000,0.00000,0.00000,0.00000
15.980,1,16004.000,210,192000,3999.625,120.0,8,5,2,0.00000,0.00000,0.00000,0.00000,0.00000
15.980,2,15924.000,188378,192000,3999.458,120.0,8,4,2,0.00000,0.00000,0.00000,0.00000,0.00000
16.083,0,16067.000,3234,192000,3999.625,120.0,8,5,2,0.00000,0.00000,0.00000,0.00000,0.00000
16.083,1,16107.000,5163,192000,3999.438,120.0,8,5,2,0.00000,0.00000,0.00000,0.00000,0.00000
16.083,2,16027.000,1306,192000,3999.792,120.0,8,5,2,0.12284,0.00000,0.12284,0.00000,0.00000
16.186,0,16170.000,8176,192000,3999.667,120.0,8,5,2,0.00000,0.00000,0.00000,0.00000,0.00000
16.186,1,16210.000,10116,192000,3999.250,120.0,8,5,2,0.00000,0.00000,0.00000,0.00000,0.00000
16.186,2,16129.000,6235,192000,3999.104,120.0,8,5,2,0.08015,0.00000,0.08015,0.00000,0.00000
16.286,0,16270.000,12998,192000,3999.208,120.0,8,5,2,0.00000,0.00000,0.00000,0.00000,0.00000
16.286,1,16311.000,14951,192000,3999.521,120.0,8,5,2,0.00000,0.00000,0.00000,0.00000,0.00000
16.286,2,16230.000,11046,192000,3999.875,120.0,8,5,2,0.05283,0.00000,0.05283,0.00000,0.00000
16.389,0,16373.000,17928,192000,3999.500,120.0,8,5,2,0.00000,0.00000,0.00000,0.00000,0.00000
16.389,1,16414.000,19893,192000,3999.562,120.0,8,5,2,0.00000,0.00000,0.00000,0.00000,0.00000
16.389,2,16332.000,15963,192000,3999.438,120.0,8,5,2,0.03450,0.00000,0.03450,0.00000,0.00000
16.491,0,16476.000,22854,192000,3999.875,120.0,8,5,2,0.00000,0.00000,0.00000,0.00000,0.00000
16.491,1,16517.000,24831,192000,3999.688,120.0,8,5,2,0.00000,0.00000,0.00000,0.00000,0.00000
16.491,2,16434.000,20876,192000,3999.083,120.0,8,5,2,0.02254,0.00000,0.02254,0.00000,0.00000
16.592,0,16576.000,27688,192000,3999.167,120.0,8,5,2,0.00000,0.00000,0.00000,0.00000,0.00000
16.592,1,16618.000,29677,192000,3999.729,120.0,8,5,2,0.00000,0.00000,0.00000,0.00000,0.00000
16.592,2,16535.000,25699,192000,3999.604,120.0,8,5,2,0.01484,0.00000,0.01484,0.00000,0.00000
16.693,0,16677.000,32525,192000,3999.396,120.0,8,5,2,0.00000,0.00000,0.00000,0.00000,0.00000
16.693,1,16719.000,34526,192000,3999.708,120.0,8,5,2,0.00000,0.00000,0.00000,0.00000,0.00000
16.693,2,16635.000,30524,192000,3999.083,120.0,8,5,2,0.00977,0.00000,0.00977,0.00000,0.00000
16.796,0,16780.000,37460,192000,3999.583,120.0,8,5,2,0.00000,0.00000,0.00000,0.00000,0.00000
16.796,1,16822.000,39473,192000,3999.646,120.0,8,5,2,0.00000,0.00000,0.00000,0.00000,0.00000
16.796,2,16738.000,35446,192000,3999.542,120.0,8,5,2,0.00638,0.00000,0.00638,0.00000,0.00000
16.896,0,16880.000,42283,192000,3999.104,120.0,8,5,2,0.00000,0.00000,0.00000,0.00000,0.00000
16.896,1,16923.000,44309,192000,3999.896,120.0,8,5,2,0.00000,0.00000,0.00000,0.00000,0.00000
16.896,2,16838.000,40257,192000,3999.312,120.0,8,5,2,0.00420,0.00000,0.00420,0.00000,0.00000
16.999,0,16983.000,47230,192000,3999.042,120.0,8,5,2,0.00000,0.00000,0.00000,0.00000,0.00000
16.999,1,17026.000,49269,192000,3999.562,120.0,8,5,2,0.00000,0.00000,0.00000,0.00000,0.00000
16.999,2,16941.000,45192,192000,3999.500,120.0,8,5,2,0.00274,0.00000,0.00274,0.00000,0.00000
17.101,0,17085.000,52117,192000,3999.229,120.0,8,5,2,0.00000,0.00000,0.00000,0.00000,0.00000
17.101,1,17128.000,54168,192000,3999.500,120.0,8,5,2,0.00000,0.00000,0.00000,0.00000,0.00000
17.101,2,17043.000,50067,192000,3999.938,120.0,8,5,2,0.00180,0.00000,0.00180,0.00000,0.00000
17.201,0,17185.000,56927,192000,3999.021,120.0,8,5,2,0.00000,0.00000,0.00000,0.00000,0.00000
17.201,1,17228.000,58989,192000,3999.062,120.0,8,5,2,0.00000,0.00000,0.00000,0.00000,0.00000
17.201,2,17143.000,54864,192000,0.000,120.0,8,5,2,0.00119,0.00000,0.00119,0.00000,0.00000
17.303,0,17287.000,61789,192000,3999.729,120.0,8,5,2,0.00000,0.00000,0.00000,0.00000,0.00000
17.303,1,17330.000,63864,192000,3999.500,120.0,8,5,2,0.00000,0.00000,0.00000,0.00000,0.00000
17.303,2,17244.000,59715,192000,3999.938,120.0,8,5,2,0.00078,0.00000,0.00078,0.00000,0.00000
17.404,0,17389.000,66675,192000,3999.938,120.0,8,5,2,0.00000,0.00000,0.00000,0.00000,0.00000
17.404,1,17432.000,68761,192000,3999.479,120.0,8,5,2,0.00000,0.00000,0.00000,0.00000,0.00000
17.404,2,17345.000,64588,192000,3999.417,120.0,8,5,2,0.00051,0.00000,0.00051,0.00000,0.00000
17.508,0,17492.000,71654,192000,3999.208,120.0,8,5,2,0.00000,0.00000,0.00000,0.00000,0.00000
17.508,1,17536.000,73753,192000,3999.479,120.0,8,5,2,0.00000,0.00000,0.00000,0.00000,0.00000
17.508,2,17449.000,69555,192000,3999.938,120.0,8,5,2,0.00033,0.00000,0.00033,0.00000,0.00000
17.611,0,17595.000,76604,192000,3999.083,120.0,8,5,2,0.00000,0.00000,0.00000,0.00000,0.00000
17.611,1,17639.000,78716,192000,3999.083,120.0,8,5,2,0.00000,0.00000,0.00000,0.00000,0.00000
17.611,2,17551.000,74493,192000,3999.062,120.0,8,5,2,0.00022,0.00000,0.00022,0.00000,0.00000
17.713,0,17698.000,81511,192000,3999.854,120.0,8,5,2,0.00000,0.00000,0.00000,0.00000,0.00000
17.713,1,17742.000,83635,192000,3999.604,120.0,8,5,2,0.00000,0.00000,0.00000,0.00000,0.00000
17.713,2,17653.000,79388,192000,3999.083,120.0,8,5,2,0.00014,0.00000,0.00014,0.00000,0.00000
17.814,0,17799.000,86357,192000,3999.896,120.0,8,5,2,0.00000,0.00000,0.00000,0.00000,0.00000
17.814,1,17843.000,88493,192000,3999.396,120.0,8,5,2,0.00000,0.00000,0.00000,0.00000,0.00000
17.814,2,17754.000,84222,192000,3999.375,120.0,8,5,2,0.00009,0.00000,0.00009,0.00000,0.00000
17.916,0,17900.000,91235,192000,3999.271,120.0,8,5,2,0.00000,0.00000,0.00000,0.00000,0.00000
17.916,1,17945.000,93383,192000,3999.521,120.0,8,5,2,0.00000,0.00000,0.00000,0.00000,0.00000
17.916,2,17855.000,89087,192000,3999.021,120.0,8,5,2,0.00006,0.00000,0.00006,0.00000,0.00000
18.018,0,18002.000,96123,192000,3999.438,120.0,8,5,2,0.00000,0.00000,0.00000,0.00000,0.00000
18.018,1,18047.000,98283,192000,3999.438,120.0,8,5,2,0.00000,0.00000,0.00000,0.00000,0.00000
18.018,2,17957.000,93963,192000,3999.438,120.0,8,5,2,0.00004,0.00000,0.00004,0.00000,0.00000
18.119,0,18103.000,100955,192000,3999.771,120.0,8,5,2,0.00000,0.00000,0.00000,0.00000,0.00000
18.119,1,18148.000,103127,192000,3999.521,120.0,8,5,2,0.00000,0.00000,0.00000,0.00000,0.00000
18.119,2,18057.000,98782,192000,3999.042,120.0,8,5,2,0.00003,0.00000,0.00003,0.00000,0.00000
18.219,0,18204.000,105798,192000,3999.875,120.0,8,5,2,0.00000,0.00000,0.00000,0.00000,0.00000
18.219,1,18249.000,107982,192000,3999.375,120.0,8,5,2,0.00000,0.00000,0.00000,0.00000,0.00000
18.219,2,18158.000,103613,192000,3999.396,120.0,8,5,2,0.00002,0.00000,0.00002,0.00000,0.00000
18.319,0,18304.000,110600,192000,3999.833,120.0,8,5,2,0.00000,0.00000,0.00000,0.00000,0.00000
18.319,1,18349.000,112797,192000,3999.062,120.0,8,5,2,0.00000,0.00000,0.00000,0.00000,0.00000
18.319,2,18258.000,108404,192000,3999.583,120.0,8,5,2,0.00001,0.00000,0.00001,0.00000,0.00000
18.422,0,18406.000,115533,192000,3999.062,120.0,8,5,2,0.00000,0.00000,0.00000,0.00000,0.00000
18.422,1,18452.000,117741,192000,3999.062,120.0,8,5,2,0.00000,0.00000,0.00000,0.00000,0.00000
18.422,2,18360.000,113324,192000,3999.083,120.0,8,5,2,0.00001,0.00000,0.00001,0.00000,0.00000
18.524,0,18508.000,120418,192000,3999.292,120.0,8,5,2,0.00000,0.00000,0.00000,0.00000,0.00000
18.524,1,18554.000,122639,192000,3999.021,120.0,8,5,2,0.00000,0.00000,0.00000,0.00000,0.00000
18.524,2,18462.000,118197,192000,3999.562,120.0,8,5,2,0.00000,0.00000,0.00000,0.00000,0.00000
18.626,0,18610.000,125309,192000,3999.396,120.0,8,5,2,0.00000,0.00000,0.00000,0.00000,0.00000
18.626,1,18657.000,127542,192000,3999.875,120.0,8,5,2,0.00000,0.00000,0.00000,0.00000,0.00000
18.626,2,18564.000,123076,192000,3999.917,120.0,8,5,2,0.00000,0.00000,0.00000,0.00000,0.00000
18.727,0,18712.000,130177,192000,3999.979,120.0,8,5,2,0.00000,0.00000,0.00000,0.00000,0.00000
18.727,1,18758.000,132422,192000,3999.208,120.0,8,5,2,0.00000,0.00000,0.00000,0.00000,0.00000
18.727,2,18665.000,127931,192000,3999.771,120.0,8,5,2,0.00000,0.00000,0.00000,0.00000,0.00000
18.829,0,18813.000,135034,192000,3999.792,120.0,8,5,2,0.00000,0.00000,0.00000,0.00000,0.00000
18.829,1,18860.000,137291,192000,3999.771,120.0,8,5,2,0.00000,0.00000,0.00000,0.00000,0.00000
18.829,2,18766.000,132776,192000,3999.833,120.0,8,5,2,0.00000,0.00000,0.00000,0.00000,0.00000
18.932,0,18916.000,139979,192000,3999.771,120.0,8,5,2,0.00000,0.00000,0.00000,0.00000,0.00000
18.932,1,18963.000,142249,192000,3999.479,120.0,8,5,2,0.00000,0.00000,0.00000,0.00000,0.00000
18.932,2,18868.000,137709,192000,3999.062,120.0,8,5,2,0.00000,0.00000,0.00000,0.00000,0.00000
19.032,0,19016.000,144781,192000,3999.729,120.0,8,5,2,0.00000,0.00000,0.00000,0.00000,0.00000
19.032,1,19063.000,147063,192000,3999.188,120.0,8,5,2,0.00000,0.00000,0.00000,0.00000,0.00000
19.032,2,18968.000,142499,192000,3999.271,120.0,8,5,2,0.00000,0.00000,0.00000,0.00000,0.00000
19.134,0,19118.000,149705,192000,3999.146,120.0,8,5,2,0.00000,0.00000,0.00000,0.00000,0.00000
19.134,1,19166.000,152000,192000,3999.333,120.0,8,5,2,0.00000,0.00000,0.00000,0.00000,0.00000
19.134,2,19071.000,147411,192000,3999.938,120.0,8,5,2,0.00000,0.00000,0.00000,0.00000,0.00000
19.235,0,19219.000,154546,192000,3999.292,120.0,8,5,2,0.00000,0.00000,0.00000,0.00000,0.00000
19.235,1,19267.000,156852,192000,3999.250,120.0,8,5,2,0.00000,0.00000,0.00000,0.00000,0.00000
19.235,2,19171.000,152240,192000,3999.333,120.0,8,5,2,0.00000,0.00000,0.00000,0.00000,0.00000
19.337,0,19321.000,159436,192000,3999.417,120.0,8,5,2,0.00000,0.00000,0.00000,0.00000,0.00000
19.337,1,19369.000,161755,192000,3999.104,120.0,8,5,2,0.00000,0.00000,0.00000,0.00000,0.00000
19.337,2,19273.000,157117,192000,3999.729,120.0,8,5,2,0.00000,0.00000,0.00000,0.00000,0.00000
19.437,0,19421.000,164252,192000,3999.083,120.0,8,5,2,0.00000,0.00000,0.00000,0.00000,0.00000
19.437,1,19470.000,166582,192000,3999.542,120.0,8,5,2,0.00000,0.00000,0.00000,0.00000,0.00000
19.437,2,19373.000,161921,192000,3999.646,120.0,8,5,2,0.00000,0.00000,0.00000,0.00000,0.00000
19.540,0,19525.000,169200,192000,0.000,120.0,8,5,2,0.00000,0.00000,0.00000,0.00000,0.00000
19.540,1,19573.000,171543,192000,3999.188,120.0,8,5,2,0.00000,0.00000,0.00000,0.00000,0.00000
19.540,2,19476.000,166857,192000,3999.812,120.0,8,5,2,0.00000,0.00000,0.00000,0.00000,0.00000
19.641,0,19625.000,174023,192000,3999.521,120.0,8,5,2,0.00000,0.00000,0.00000,0.00000,0.00000
19.641,1,19674.000,176378,192000,3999.458,120.0,8,5,2,0.00000,0.00000,0.00000,0.00000,0.00000
19.641,2,19576.000,171668,192000,3999.583,120.0,8,5,2,0.00000,0.00000,0.00000,0.00000,0.00000
19.743,0,19727.000,178915,192000,3999.604,120.0,8,5,2,0.00000,0.00000,0.00000,0.00000,0.00000
19.743,1,19776.000,181282,192000,3999.292,120.0,8,5,2,0.00000,0.00000,0.00000,0.00000,0.00000
19.743,2,19678.000,176547,192000,3999.938,120.0,8,5,2,0.00000,0.00000,0.00000,0.00000,0.00000
19.844,0,19828.000,183772,192000,3999.417,120.0,8,5,2,0.00000,0.00000,0.00000,0.00000,0.00000
19.844,1,19878.000,186152,192000,3999.833,120.0,8,5,2,0.00000,0.00000,0.00000,0.00000,0.00000
19.844,2,19779.000,181393,192000,3999.979,120.0,8,5,2,0.00000,0.00000,0.00000,0.00000,0.00000
19.947,0,19931.000,188732,192000,3999.083,120.0,8,5,2,0.00000,0.00000,0.00000,0.00000,0.00000
19.947,1,19981.000,191124,192000,3999.250,120.0,8,5,2,0.00000,0.00000,0.00000,0.00000,0.00000
19.947,2,19882.000,186340,192000,3999.917,120.0,8,5,2,0.00000,0.00000,0.00000,0.00000,0.00000
20.048,0,20033.000,1591,192000,3999.854,120.0,8,6,2,0.12086,0.12078,0.12086,0.00000,0.00000
20.048,1,20083.000,3995,192000,3999.771,120.0,8,6,2,0.09795,0.09786,0.09795,0.00000,0.00000
20.048,2,19983.000,191187,192000,3999.938,120.0,8,5,2,0.00000,0.00000,0.00000,0.00000,0.00000
20.150,0,20134.000,6475,192000,3999.104,120.0,8,6,2,0.07916,0.07911,0.07916,0.00000,0.00000
20.150,1,20185.000,8891,192000,3999.771,120.0,8,6,2,0.06409,0.06403,0.06409,0.00000,0.00000
20.150,2,20084.000,4058,192000,3999.458,120.0,8,6,2,0.09681,0.09681,0.00000,0.00000,0.00000
20.253,0,20238.000,11430,192000,3999.875,120.0,8,6,2,0.05153,0.05150,0.05153,0.00000,0.00000
20.253,1,20288.000,13858,192000,3999.292,120.0,8,6,2,0.04167,0.04164,0.04167,0.00000,0.00000
20.253,2,20187.000,9001,192000,3999.479,120.0,8,6,2,0.06309,0.06309,0.00000,0.00000,0.00000
20.356,0,20340.000,16350,192000,3999.375,120.0,8,6,2,0.03364,0.03362,0.03364,0.00000,0.00000
20.356,1,20391.000,18791,192000,3999.521,120.0,8,6,2,0.02718,0.02716,0.02718,0.00000,0.00000
20.356,2,20289.000,13909,192000,3999.229,120.0,8,6,2,0.04123,0.04123,0.00000,0.00000,0.00000
20.457,0,20441.000,21196,192000,3999.417,120.0,8,6,2,0.02211,0.02210,0.02211,0.00000,0.00000
20.457,1,20492.000,23649,192000,3999.312,120.0,8,6,2,0.01784,0.01783,0.01784,0.00000,0.00000
20.457,2,20390.000,18743,192000,3999.521,120.0,8,6,2,0.02712,0.02712,0.00000,0.00000,0.00000
20.559,0,20543.000,26104,192000,3999.167,120.0,8,6,2,0.01445,0.01444,0.01445,0.00000,0.00000
20.559,1,20595.000,28570,192000,3999.792,120.0,8,6,2,0.01165,0.01164,0.01165,0.00000,0.00000
20.559,2,20492.000,23639,192000,3999.521,120.0,8,6,2,0.01775,0.01775,0.00000,0.00000,0.00000
20.660,0,20644.000,30927,192000,3999.688,120.0,8,6,2,0.00951,0.00951,0.00951,0.00000,0.00000
20.660,1,20695.000,33405,192000,3999.062,120.0,8,6,2,0.00766,0.00766,0.00766,0.00000,0.00000
20.660,2,20592.000,28450,192000,3999.292,120.0,8,6,2,0.01170,0.01170,0.00000,0.00000,0.00000
20.762,0,20746.000,35820,192000,3999.750,120.0,8,6,2,0.00623,0.00622,0.00623,0.00000,0.00000
20.762,1,20798.000,38310,192000,3999.875,120.0,8,6,2,0.00501,0.00500,0.00501,0.00000,0.00000
20.762,2,20694.000,33331,192000,3999.604,120.0,8,6,2,0.00766,0.00766,0.00000,0.00000,0.00000
20.862,0,20846.000,40653,192000,3999.062,120.0,8,6,2,0.00410,0.00409,0.00410,0.00000,0.00000
20.862,1,20899.000,43154,192000,3999.958,120.0,8,6,2,0.00329,0.00329,0.00329,0.00000,0.00000
20.862,2,20794.000,38151,192000,3999.188,120.0,8,6,2,0.00505,0.00505,0.00000,0.00000,0.00000
20.965,0,20949.000,45595,192000,3999.104,120.0,8,6,2,0.00267,0.00267,0.00267,0.00000,0.00000
20.965,1,21002.000,48109,192000,3999.729,120.0,8,6,2,0.00214,0.00214,0.00214,0.00000,0.00000
20.965,2,20897.000,43081,192000,3999.479,120.0,8,6,2,0.00329,0.00329,0.00000,0.00000,0.00000
21.068,0,21052.000,50522,192000,3999.458,120.0,8,6,2,0.00174,0.00174,0.00174,0.00000,0.00000
21.068,1,21105.000,53048,192000,3999.833,120.0,8,6,2,0.00140,0.00140,0.00140,0.00000,0.00000
21.068,2,20999.000,47995,192000,3999.104,120.0,8,6,2,0.00215,0.00215,0.00000,0.00000,0.00000
21.168,0,21152.000,55337,192000,3999.146,120.0,8,6,2,0.00115,0.00115,0.00115,0.00000,0.00000
21.168,1,21205.000,57875,192000,3999.271,120.0,8,6,2,0.00092,0.00092,0.00092,0.00000,0.00000
21.168,2,21099.000,52798,192000,3999.042,120.0,8,6,2,0.00142,0.00142,0.00000,0.00000,0.00000
21.271,0,21255.000,60251,192000,3999.771,120.0,8,6,2,0.00075,0.00075,0.00075,0.00000,0.00000
21.271,1,21308.000,62802,192000,3999.625,120.0,8,6,2,0.00060,0.00060,0.00060,0.00000,0.00000
21.271,2,21202.000,57701,192000,3999.896,120.0,8,6,2,0.00093,0.00093,0.00000,0.00000,0.00000
21.373,0,21357.000,65149,192000,3999.729,120.0,8,6,2,0.00049,0.00049,0.00049,0.00000,0.00000
21.373,1,21410.000,67712,192000,3999.333,120.0,8,6,2,0.00039,0.00039,0.00039,0.00000,0.00000
21.373,2,21303.000,62586,192000,3999.125,120.0,8,6,2,0.00061,0.00061,0.00000,0.00000,0.00000
21.473,0,21457.000,69982,192000,3999.042,120.0,8,6,2,0.00032,0.00032,0.00032,0.00000,0.00000
21.473,1,21511.000,72557,192000,3999.396,120.0,8,6,2,0.00026,0.00026,0.00026,0.00000,0.00000
21.473,2,21404.000,67407,192000,3999.688,120.0,8,6,2,0.00040,0.00040,0.00000,0.00000,0.00000
21.576,0,21560.000,74898,192000,3999.625,120.0,8,6,2,0.00021,0.00021,0.00021,0.00000,0.00000
21.576,1,21614.000,77485,192000,3999.729,120.0,8,6,2,0.00017,0.00017,0.00017,0.00000,0.00000
21.576,2,21506.000,72310,192000,3999.542,120.0,8,6,2,0.00026,0.00026,0.00000,0.00000,0.00000
21.676,0,21660.000,79715,192000,3999.271,120.0,8,6,2,0.00014,0.00014,0.00014,0.00000,0.00000
21.676,1,21714.000,82314,192000,3999.125,120.0,8,6,2,0.00011,0.00011,0.00011,0.00000,0.00000
21.676,2,21606.000,77115,192000,3999.438,120.0,8,6,2,0.00017,0.00017,0.00000,0.00000,0.00000
21.779,0,21763.000,84659,192000,3999.271,120.0,8,6,2,0.00009,0.00009,0.00009,0.00000,0.00000
21.779,1,21818.000,87271,192000,3999.854,120.0,8,6,2,0.00007,0.00007,0.00007,0.00000,0.00000
21.779,2,21709.000,82047,192000,3999.688,120.0,8,6,2,0.00011,0.00011,0.00000,0.00000,0.00000
21.879,0,21864.000,89479,192000,3999.854,120.0,8,6,2,0.00006,0.00006,0.00006,0.00000,0.00000
21.879,1,21918.000,92103,192000,3999.188,120.0,8,6,2,0.00005,0.00005,0.00005,0.00000,0.00000
21.879,2,21809.000,86856,192000,3999.500,120.0,8,6,2,0.00007,0.00007,0.00000,0.00000,0.00000
21.982,0,21967.000,94423,192000,3999.854,120.0,8,6,2,0.00004,0.00004,0.00004,0.00000,0.00000
21.982,1,22022.000,97059,192000,3999.938,120.0,8,6,2,0.00003,0.00003,0.00003,0.00000,0.00000
21.982,2,21912.000,91787,192000,3999.771,120.0,8,6,2,0.00005,0.00005,0.00000,0.00000,0.00000
22.083,0,22067.000,99246,192000,3999.375,120.0,8,6,2,0.00003,0.00003,0.00003,0.00000,0.00000
22.083,1,22122.000,101894,192000,3999.208,120.0,8,6,2,0.00002,0.00002,0.00002,0.00000,0.00000
22.083,2,22012.000,96598,192000,3999.542,120.0,8,6,2,0.00003,0.00003,0.00000,0.00000,0.00000
22.183,0,22167.000,104051,192000,3999.271,120.0,8,6,2,0.00002,0.00002,0.00002,0.00000,0.00000
22.183,1,22223.000,106711,192000,3999.854,120.0,8,6,2,0.00001,0.00001,0.00001,0.00000,0.00000
22.183,2,22112.000,101391,192000,3999.688,120.0,8,6,2,0.00002,0.00002,0.00000,0.00000,0.00000
22.283,0,22267.000,108863,192000,3999.021,120.0,8,6,2,0.00001,0.00001,0.00001,0.00000,0.00000
22.283,1,22323.000,111535,192000,3999.354,120.0,8,6,2,0.00001,0.00001,0.00001,0.00000,0.00000
22.283,2,22212.000,106190,192000,3999.708,120.0,8,6,2,0.00001,0.00001,0.00000,0.00000,0.00000
22.384,0,22369.000,113719,192000,3999.854,120.0,8,6,2,0.00001,0.00001,0.00001,0.00000,0.00000
22.384,1,22425.000,116403,192000,3999.938,120.0,8,6,2,0.00001,0.00001,0.00001,0.00000,0.00000
22.384,2,22313.000,111035,192000,3999.771,120.0,8,6,2,0.00001,0.00001,0.00000,0.00000,0.00000
22.487,0,22472.000,118660,192000,3999.917,120.0,8,6,2,0.00000,0.00000,0.00000,0.00000,0.00000
22.487,1,22528.000,121357,192000,3999.729,120.0,8,6,2,0.00000,0.00000,0.00000,0.00000,0.00000
22.487,2,22415.000,115964,192000,3999.083,120.0,8,6,2,0.00001,0.00001,0.00000,0.00000,0.00000
22.589,0,22573.000,123525,192000,3999.562,120.0,8,6,2,0.00000,0.00000,0.00000,0.00000,0.00000
22.589,1,22629.000,126234,192000,3999.125,120.0,8,6,2,0.00000,0.00000,0.00000,0.00000,0.00000
22.589,2,22517.000,120816,192000,0.000,120.0,8,6,2,0.00000,0.00000,0.00000,0.00000,0.00000
22.689,0,22673.000,128346,192000,3999.125,120.0,8,6,2,0.00000,0.00000,0.00000,0.00000,0.00000
22.689,1,22730.000,131067,192000,3999.438,120.0,8,6,2,0.00000,0.00000,0.00000,0.00000,0.00000
22.689,2,22617.000,125625,192000,3999.812,120.0,8,6,2,0.00000,0.00000,0.00000,0.00000,0.00000
22.791,0,22775.000,133222,192000,3999.542,120.0,8,6,2,0.00000,0.00000,0.00000,0.00000,0.00000
22.791,1,22832.000,135955,192000,3999.604,120.0,8,6,2,0.00000,0.00000,0.00000,0.00000,0.00000
22.791,2,22718.000,130488,192000,3999.500,120.0,8,6,2,0.00000,0.00000,0.00000,0.00000,0.00000
22.891,0,22875.000,138033,192000,3999.312,120.0,8,6,2,0.00000,0.00000,0.00000,0.00000,0.00000
22.891,1,22932.000,140778,192000,3999.125,120.0,8,6,2,0.00000,0.00000,0.00000,0.00000,0.00000
22.891,2,22818.000,135288,192000,3999.500,120.0,8,6,2,0.00000,0.00000,0.00000,0.00000,0.00000
22.993,0,22977.000,142921,192000,3999.479,120.0,8,6,2,0.00000,0.00000,0.00000,0.00000,0.00000
22.993,1,23034.000,145679,192000,3999.021,120.0,8,6,2,0.00000,0.00000,0.00000,0.00000,0.00000
22.993,2,22920.000,140164,192000,3999.917,120.0,8,6,2,0.00000,0.00000,0.00000,0.00000,0.00000
23.094,0,23078.000,147779,192000,3999.271,120.0,8,6,2,0.00000,0.00000,0.00000,0.00000,0.00000
23.094,1,23136.000,150548,192000,3999.583,120.0,8,6,2,0.00000,0.00000,0.00000,0.00000,0.00000
23.094,2,23021.000,145009,192000,3999.979,120.0,8,6,2,0.00000,0.00000,0.00000,0.00000,0.00000
23.195,0,23179.000,152610,192000,3999.625,120.0,8,6,2,0.00000,0.00000,0.00000,0.00000,0.00000
23.195,1,23237.000,155391,192000,3999.688,120.0,8,6,2,0.00000,0.00000,0.00000,0.00000,0.00000
23.195,2,23121.000,149828,192000,3999.583,120.0,8,6,2,0.00000,0.00000,0.00000,0.00000,0.00000
23.295,0,23279.000,157413,192000,3999.562,120.0,8,6,2,0.00000,0.00000,0.00000,0.00000,0.00000
23.295,1,23337.000,160207,192000,3999.354,120.0,8,6,2,0.00000,0.00000,0.00000,0.00000,0.00000
23.295,2,23221.000,154620,192000,3999.750,120.0,8,6,2,0.00000,0.00000,0.00000,0.00000,0.00000
23.397,0,23381.000,162314,192000,3999.458,120.0,8,6,2,0.00000,0.00000,0.00000,0.00000,0.00000
23.397,1,23440.000,165120,192000,0.000,120.0,8,6,2,0.00000,0.00000,0.00000,0.00000,0.00000
23.397,2,23323.000,159508,192000,3999.917,120.0,8,6,2,0.00000,0.00000,0.00000,0.00000,0.00000
23.498,0,23482.000,167154,192000,3999.625,120.0,8,6,2,0.00000,0.00000,0.00000,0.00000,0.00000
23.498,1,23541.000,169972,192000,3999.917,120.0,8,6,2,0.00000,0.00000,0.00000,0.00000,0.00000
23.498,2,23423.000,164336,192000,3999.333,120.0,8,6,2,0.00000,0.00000,0.00000,0.00000,0.00000
23.601,0,23585.000,172107,192000,3999.438,120.0,8,6,2,0.00000,0.00000,0.00000,0.00000,0.00000
23.601,1,23644.000,174937,192000,3999.479,120.0,8,6,2,0.00000,0.00000,0.00000,0.00000,0.00000
23.601,2,23526.000,169277,192000,3999.396,120.0,8,6,2,0.00000,0.00000,0.00000,0.00000,0.00000
23.701,0,23685.000,176909,192000,3999.396,120.0,8,6,2,0.00000,0.00000,0.00000,0.00000,0.00000
23.701,1,23744.000,179751,192000,3999.188,120.0,8,6,2,0.00000,0.00000,0.00000,0.00000,0.00000
23.701,2,23626.000,174067,192000,3999.604,120.0,8,6,2,0.00000,0.00000,0.00000,0.00000,0.00000
23.801,0,23785.000,181714,192000,3999.292,120.0,8,6,2,0.00000,0.00000,0.00000,0.00000,0.00000
23.801,1,23845.000,184569,192000,3999.812,120.0,8,6,2,0.00000,0.00000,0.00000,0.00000,0.00000
23.801,2,23726.000,178860,192000,3999.750,120.0,8,6,2,0.00000,0.00000,0.00000,0.00000,0.00000
23.902,0,23887.000,186584,192000,3999.833,120.0,8,6,2,0.00000,0.00000,0.00000,0.00000,0.00000
23.902,1,23946.000,189450,192000,3999.125,120.0,8,6,2,0.00000,0.00000,0.00000,0.00000,0.00000
23.902,2,23827.000,183717,192000,3999.562,120.0,8,6,2,0.00000,0.00000,0.00000,0.00000,0.00000
24.004,0,23989.000,191479,192000,3999.854,120.0,8,6,2,0.00000,0.00000,0.00000,0.00000,0.00000
24.004,1,24049.000,2357,192000,3999.896,120.0,8,7,2,0.00000,0.00000,0.00000,0.00000,0.00000
24.004,2,23929.000,188600,192000,3999.833,120.0,8,6,2,0.00000,0.00000,0.00000,0.00000,0.00000
24.105,0,24089.000,4310,192000,3999.208,120.0,8,7,2,0.00000,0.00000,0.00000,0.00000,0.00000
24.105,1,24150.000,7201,192000,3999.979,120.0,8,7,2,0.00000,0.00000,0.00000,0.00000,0.00000
24.105,2,24029.000,1419,192000,3999.438,120.0,8,7,2,0.00000,0.00000,0.00000,0.00000,0.00000
24.207,0,24192.000,9220,192000,3999.917,120.0,8,7,2,0.00000,0.00000,0.00000,0.00000,0.00000
24.207,1,24252.000,12123,192000,3999.438,120.0,8,7,2,0.00000,0.00000,0.00000,0.00000,0.00000
24.207,2,24131.000,6317,192000,3999.396,120.0,8,7,2,0.00000,0.00000,0.00000,0.00000,0.00000
24.309,0,24293.000,14110,192000,3999.042,120.0,8,7,2,0.00000,0.00000,0.00000,0.00000,0.00000
24.309,1,24354.000,17025,192000,3999.312,120.0,8,7,2,0.00000,0.00000,0.00000,0.00000,0.00000
24.309,2,24233.000,11195,192000,3999.771,120.0,8,7,2,0.00000,0.00000,0.00000,0.00000,0.00000
24.412,0,24396.000,19050,192000,3999.125,120.0,8,7,2,0.00000,0.00000,0.00000,0.00000,0.00000
24.412,1,24457.000,21977,192000,3999.146,120.0,8,7,2,0.00000,0.00000,0.00000,0.00000,0.00000
24.412,2,24335.000,16122,192000,3999.125,120.0,8,7,2,0.00000,0.00000,0.00000,0.00000,0.00000
24.512,0,24497.000,23860,192000,3999.917,120.0,8,7,2,0.00000,0.00000,0.00000,0.00000,0.00000
24.512,1,24558.000,26800,192000,3999.667,120.0,8,7,2,0.00000,0.00000,0.00000,0.00000,0.00000
24.512,2,24435.000,20921,192000,3999.146,120.0,8,7,2,0.00000,0.00000,0.00000,0.00000,0.00000
24.614,0,24598.000,28718,192000,3999.708,120.0,8,7,2,0.00000,0.00000,0.00000,0.00000,0.00000
24.614,1,24659.000,31670,192000,3999.208,120.0,8,7,2,0.00000,0.00000,0.00000,0.00000,0.00000
24.614,2,24536.000,25767,192000,3999.188,120.0,8,7,2,0.00000,0.00000,0.00000,0.00000,0.00000
24.716,0,24700.000,33632,192000,3999.333,120.0,8,7,2,0.00000,0.00000,0.00000,0.00000,0.00000
24.716,1,24762.000,36596,192000,3999.583,120.0,8,7,2,0.00000,0.00000,0.00000,0.00000,0.00000
24.716,2,24638.000,30667,192000,3999.104,120.0,8,7,2,0.00000,0.00000,0.00000,0.00000,0.00000
24.816,0,24800.000,38444,192000,3999.083,120.0,8,7,2,0.00000,0.00000,0.00000,0.00000,0.00000
24.816,1,24862.000,41421,192000,3999.062,120.0,8,7,2,0.00000,0.00000,0.00000,0.00000,0.00000
24.816,2,24738.000,35468,192000,3999.083,120.0,8,7,2,0.00000,0.00000,0.00000,0.00000,0.00000
24.917,0,24901.000,43257,192000,3999.812,120.0,8,7,2,0.00000,0.00000,0.00000,0.00000,0.00000
24.917,1,24963.000,46246,192000,3999.542,120.0,8,7,2,0.00000,0.00000,0.00000,0.00000,0.00000
24.917,2,24838.000,40269,192000,3999.062,120.0,8,7,2,0.00000,0.00000,0.00000,0.00000,0.00000
25.018,0,25002.000,48136,192000,3999.167,120.0,8,7,2,0.00000,0.00000,0.00000,0.00000,0.00000
25.018,1,25065.000,51136,192000,3999.667,120.0,8,7,2,0.00000,0.00000,0.00000,0.00000,0.00000
25.018,2,24940.000,45135,192000,3999.688,120.0,8,7,2,0.00000,0.00000,0.00000,0.00000,0.00000
25.119,0,25103.000,52985,192000,3999.146,120.0,8,7,2,0.00000,0.00000,0.00000,0.00000,0.00000
25.119,1,25166.000,55997,192000,3999.396,120.0,8,7,2,0.00000,0.00000,0.00000,0.00000,0.00000
25.119,2,25041.000,49972,192000,3999.917,120.0,8,7,2,0.00000,0.00000,0.00000,0.00000,0.00000
25.221,0,25205.000,57860,192000,3999.583,120.0,8,7,2,0.00000,0.00000,0.00000,0.00000,0.00000
25.221,1,25268.000,60885,192000,3999.562,120.0,8,7,2,0.00000,0.00000,0.00000,0.00000,0.00000
25.221,2,25142.000,54835,192000,3999.604,120.0,8,7,2,0.00000,0.00000,0.00000,0.00000,0.00000
25.324,0,25309.000,62833,192000,3999.979,120.0,8,7,2,0.00000,0.00000,0.00000,0.00000,0.00000
25.324,1,25372.000,65870,192000,3999.708,120.0,8,7,2,0.00000,0.00000,0.00000,0.00000,0.00000
25.324,2,25245.000,59796,192000,3999.250,120.0,8,7,2,0.00000,0.00000,0.00000,0.00000,0.00000
25.427,0,25411.000,67774,192000,3999.042,120.0,8,7,2,0.00000,0.00000,0.00000,0.00000,0.00000
25.427,1,25475.000,70823,192000,3999.521,120.0,8,7,2,0.00000,0.00000,0.00000,0.00000,0.00000
25.427,2,25348.000,64724,192000,3999.583,120.0,8,7,2,0.00000,0.00000,0.00000,0.00000,0.00000
25.528,0,25512.000,72588,192000,3999.750,120.0,8,7,2,0.00000,0.00000,0.00000,0.00000,0.00000
25.528,1,25576.000,75650,192000,3999.958,120.0,8,7,2,0.00000,0.00000,0.00000,0.00000,0.00000
25.528,2,25448.000,69527,192000,3999.521,120.0,8,7,2,0.00000,0.00000,0.00000,0.00000,0.00000
25.631,0,25615.000,77539,192000,3999.604,120.0,8,7,2,0.00000,0.00000,0.00000,0.00000,0.00000
25.631,1,25679.000,80613,192000,3999.562,120.0,8,7,2,0.00000,0.00000,0.00000,0.00000,0.00000
25.631,2,25551.000,74465,192000,3999.646,120.0,8,7,2,0.00000,0.00000,0.00000,0.00000,0.00000
25.732,0,25716.000,82406,192000,3999.208,120.0,8,7,2,0.00000,0.00000,0.00000,0.00000,0.00000
25.732,1,25781.000,85492,192000,3999.917,120.0,8,7,2,0.00000,0.00000,0.00000,0.00000,0.00000
25.732,2,25652.000,79320,192000,3999.500,120.0,8,7,2,0.00000,0.00000,0.00000,0.00000,0.00000
25.833,0,25817.000,87257,192000,3999.146,120.0,8,7,2,0.00000,0.00000,0.00000,0.00000,0.00000
25.833,1,25882.000,90355,192000,3999.604,120.0,8,7,2,0.00000,0.00000,0.00000,0.00000,0.00000
25.833,2,25753.000,84159,192000,3999.688,120.0,8,7,2,0.00000,0.00000,0.00000,0.00000,0.00000
25.936,0,25921.000,92210,192000,3999.958,120.0,8,7,2,0.00000,0.00000,0.00000,0.00000,0.00000
25.936,1,25985.000,95320,192000,3999.167,120.0,8,7,2,0.00000,0.00000,0.00000,0.00000,0.00000
25.936,2,25856.000,89099,192000,3999.771,120.0,8,7,2,0.00000,0.00000,0.00000,0.00000,0.00000
26.040,0,26024.000,97163,192000,3999.771,120.0,8,7,2,0.00000,0.00000,0.00000,0.00000,0.00000
26.040,1,26089.000,100286,192000,3999.708,120.0,8,7,2,0.00000,0.00000,0.00000,0.00000,0.00000
26.040,2,25959.000,94040,192000,3999.833,120.0,8,7,2,0.00000,0.00000,0.00000,0.00000,0.00000
26.141,0,26125.000,102027,192000,3999.438,120.0,8,7,2,0.00000,0.00000,0.00000,0.00000,0.00000
26.141,1,26190.000,105162,192000,3999.125,120.0,8,7,2,0.00000,0.00000,0.00000,0.00000,0.00000
26.141,2,26060.000,98892,192000,3999.750,120.0,8,7,2,0.00000,0.00000,0.00000,0.00000,0.00000
26.242,0,26226.000,106856,192000,3999.833,120.0,8,7,2,0.00000,0.00000,0.00000,0.00000,0.00000
26.242,1,26291.000,110004,192000,3999.250,120.0,8,7,2,0.00000,0.00000,0.00000,0.00000,0.00000
26.242,2,26160.000,103709,192000,3999.396,120.0,8,7,2,0.00000,0.00000,0.00000,0.00000,0.00000
26.344,0,26328.000,111759,192000,3999.688,120.0,8,7,2,0.00000,0.00000,0.00000,0.00000,0.00000
26.344,1,26394.000,114918,192000,3999.875,120.0,8,7,2,0.00000,0.00000,0.00000,0.00000,0.00000
26.344,2,26262.000,108599,192000,3999.521,120.0,8,7,2,0.00000,0.00000,0.00000,0.00000,0.00000
26.444,0,26428.000,116562,192000,3999.625,120.0,8,7,2,0.00000,0.00000,0.00000,0.00000,0.00000
26.444,1,26494.000,119733,192000,3999.562,120.0,8,7,2,0.00000,0.00000,0.00000,0.00000,0.00000
26.444,2,26362.000,113390,192000,3999.708,120.0,8,7,2,0.00000,0.00000,0.00000,0.00000,0.00000
26.546,0,26530.000,121458,192000,3999.625,120.0,8,7,2,0.00000,0.00000,0.00000,0.00000,0.00000
26.546,1,26596.000,124642,192000,3999.292,120.0,8,7,2,0.00000,0.00000,0.00000,0.00000,0.00000
26.546,2,26464.000,118274,192000,3999.958,120.0,8,7,2,0.00000,0.00000,0.00000,0.00000,0.00000
26.648,0,26632.000,126351,192000,3999.688,120.0,8,7,2,0.00000,0.00000,0.00000,0.00000,0.00000
26.648,1,26698.000,129547,192000,3999.104,120.0,8,7,2,0.00000,0.00000,0.00000,0.00000,0.00000
26.648,2,26565.000,123156,192000,3999.250,120.0,8,7,2,0.00000,0.00000,0.00000,0.00000,0.00000
26.748,0,26732.000,131178,192000,3999.125,120.0,8,7,2,0.00000,0.00000,0.00000,0.00000,0.00000
26.748,1,26799.000,134386,192000,3999.292,120.0,8,7,2,0.00000,0.00000,0.00000,0.00000,0.00000
26.748,2,26666.000,127970,192000,3999.958,120.0,8,7,2,0.00000,0.00000,0.00000,0.00000,0.00000
26.850,0,26834.000,136050,192000,3999.625,120.0,8,7,2,0.00000,0.00000,0.00000,0.00000,0.00000
26.850,1,26901.000,139270,192000,3999.542,120.0,8,7,2,0.00000,0.00000,0.00000,0.00000,0.00000
26.850,2,26767.000,132830,192000,3999.708,120.0,8,7,2,0.00000,0.00000,0.00000,0.00000,0.00000
26.953,0,26937.000,140989,192000,3999.729,120.0,8,7,2,0.00000,0.00000,0.00000,0.00000,0.00000
26.953,1,27004.000,144222,192000,3999.375,120.0,8,7,2,0.00000,0.00000,0.00000,0.00000,0.00000
26.953,2,26869.000,137756,192000,3999.083,120.0,8,7,2,0.00000,0.00000,0.00000,0.00000,0.00000
27.056,0,27040.000,145954,192000,3999.292,120.0,8,7,2,0.00000,0.00000,0.00000,0.00000,0.00000
27.056,1,27108.000,149199,192000,3999.688,120.0,8,7,2,0.00000,0.00000,0.00000,0.00000,0.00000
27.056,2,26973.000,142709,192000,3999.896,120.0,8,7,2,0.00000,0.00000,0.00000,0.00000,0.00000
27.159,0,27143.000,150877,192000,3999.729,120.0,8,7,2,0.00000,0.00000,0.00000,0.00000,0.00000
27.159,1,27211.000,154135,192000,3999.854,120.0,8,7,2,0.00000,0.00000,0.00000,0.00000,0.00000
27.159,2,27075.000,147620,192000,3999.583,120.0,8,7,2,0.00000,0.00000,0.00000,0.00000,0.00000
27.261,0,27245.000,155799,192000,3999.188,120.0,8,7,2,0.00000,0.00000,0.00000,0.00000,0.00000
27.261,1,27313.000,159068,192000,3999.083,120.0,8,7,2,0.00000,0.00000,0.00000,0.00000,0.00000
27.261,2,27177.000,152529,192000,3999.312,120.0,8,7,2,0.00000,0.00000,0.00000,0.00000,0.00000
27.364,0,27348.000,160713,192000,3999.812,120.0,8,7,2,0.00000,0.00000,0.00000,0.00000,0.00000
27.364,1,27416.000,163995,192000,3999.438,120.0,8,7,2,0.00000,0.00000,0.00000,0.00000,0.00000
27.364,2,27279.000,157432,192000,3999.167,120.0,8,7,2,0.00000,0.00000,0.00000,0.00000,0.00000
27.464,0,27449.000,165556,192000,3999.917,120.0,8,7,2,0.00000,0.00000,0.00000,0.00000,0.00000
27.464,1,27517.000,168850,192000,3999.292,120.0,8,7,2,0.00000,0.00000,0.00000,0.00000,0.00000
27.464,2,27380.000,162262,192000,3999.542,120.0,8,7,2,0.00000,0.00000,0.00000,0.00000,0.00000
27.567,0,27551.000,170463,192000,3999.688,120.0,8,7,2,0.00000,0.00000,0.00000,0.00000,0.00000
27.567,1,27620.000,173769,192000,3999.812,120.0,8,7,2,0.00000,0.00000,0.00000,0.00000,0.00000
27.567,2,27482.000,167157,192000,3999.562,120.0,8,7,2,0.00000,0.00000,0.00000,0.00000,0.00000
27.667,0,27651.000,175266,192000,3999.625,120.0,8,7,2,0.00000,0.00000,0.00000,0.00000,0.00000
27.667,1,27720.000,178584,192000,3999.500,120.0,8,7,2,0.00000,0.00000,0.00000,0.00000,0.00000
27.667,2,27582.000,171947,192000,3999.771,120.0,8,7,2,0.00000,0.00000,0.00000,0.00000,0.00000
27.768,0,27752.000,180126,192000,3999.375,120.0,8,7,2,0.00000,0.00000,0.00000,0.00000,0.00000
27.768,1,27822.000,183457,192000,3999.979,120.0,8,7,2,0.00000,0.00000,0.00000,0.00000,0.00000
27.768,2,27683.000,176796,192000,3999.750,120.0,8,7,2,0.00000,0.00000,0.00000,0.00000,0.00000
27.868,0,27852.000,184931,192000,3999.271,120.0,8,7,2,0.00000,0.00000,0.00000,0.00000,0.00000
27.868,1,27922.000,188273,192000,3999.646,120.0,8,7,2,0.00000,0.00000,0.00000,0.00000,0.00000
27.868,2,27783.000,181588,192000,3999.917,120.0,8,7,2,0.00000,0.00000,0.00000,0.00000,0.00000
27.970,0,27954.000,189803,192000,3999.771,120.0,8,7,2,0.00000,0.00000,0.00000,0.00000,0.00000
27.970,1,28024.000,1158,192000,3999.875,120.0,8,8,2,0.00000,0.00000,0.00000,0.00000,0.00000
27.970,2,27884.000,186448,192000,3999.667,120.0,8,7,2,0.00000,0.00000,0.00000,0.00000,0.00000
28.072,0,28056.000,2721,192000,3999.312,120.0,8,8,2,0.00000,0.00000,0.00000,0.00000,0.00000
28.072,1,28126.000,6088,192000,3999.167,120.0,8,8,2,0.00000,0.00000,0.00000,0.00000,0.00000
28.072,2,27986.000,191354,192000,3999.458,120.0,8,7,2,0.00000,0.00000,0.00000,0.00000,0.00000
28.173,0,28157.000,7553,192000,3999.646,120.0,8,8,2,0.00000,0.00000,0.00000,0.00000,0.00000
28.173,1,28227.000,10931,192000,3999.271,120.0,8,8,2,0.00000,0.00000,0.00000,0.00000,0.00000
28.173,2,28086.000,4174,192000,3999.042,120.0,8,8,2,0.09656,0.00000,0.09656,0.00000,0.00000
28.273,0,28257.000,12362,192000,3999.458,120.0,8,8,2,0.00000,0.00000,0.00000,0.00000,0.00000
28.273,1,28328.000,15753,192000,3999.812,120.0,8,8,2,0.00000,0.00000,0.00000,0.00000,0.00000
28.273,2,28186.000,8971,192000,3999.104,120.0,8,8,2,0.06372,0.00000,0.06372,0.00000,0.00000
28.375,0,28359.000,17241,192000,3999.812,120.0,8,8,2,0.00000,0.00000,0.00000,0.00000,0.00000
28.375,1,28430.000,20644,192000,3999.917,120.0,8,8,2,0.00000,0.00000,0.00000,0.00000,0.00000
28.375,2,28288.000,13838,192000,3999.708,120.0,8,8,2,0.04180,0.00000,0.04180,0.00000,0.00000
28.478,0,28462.000,22191,192000,3999.688,120.0,8,8,2,0.00000,0.00000,0.00000,0.00000,0.00000
28.478,1,28533.000,25607,192000,3999.521,120.0,8,8,2,0.00000,0.00000,0.00000,0.00000,0.00000
28.478,2,28391.000,18776,192000,3999.833,120.0,8,8,2,0.02725,0.00000,0.02725,0.00000,0.00000
28.581,0,28565.000,27148,192000,3999.417,120.0,8,8,2,0.00000,0.00000,0.00000,0.00000,0.00000
28.581,1,28637.000,30576,192000,0.000,120.0,8,8,2,0.00000,0.00000,0.00000,0.00000,0.00000
28.581,2,28494.000,23720,192000,3999.833,120.0,8,8,2,0.01775,0.00000,0.01775,0.00000,0.00000
28.681,0,28665.000,31956,192000,3999.250,120.0,8,8,2,0.00000,0.00000,0.00000,0.00000,0.00000
28.681,1,28737.000,35395,192000,3999.604,120.0,8,8,2,0.00000,0.00000,0.00000,0.00000,0.00000
28.681,2,28594.000,28516,192000,3999.917,120.0,8,8,2,0.01172,0.00000,0.01172,0.00000,0.00000
28.784,0,28768.000,36909,192000,3999.062,120.0,8,8,2,0.00000,0.00000,0.00000,0.00000,0.00000
28.784,1,28840.000,40361,192000,3999.146,120.0,8,8,2,0.00000,0.00000,0.00000,0.00000,0.00000
28.784,2,28697.000,33456,192000,0.000,120.0,8,8,2,0.00764,0.00000,0.00764,0.00000,0.00000
28.887,0,28871.000,41843,192000,3999.271,120.0,8,8,2,0.00000,0.00000,0.00000,0.00000,0.00000
28.887,1,28943.000,45308,192000,3999.083,120.0,8,8,2,0.00000,0.00000,0.00000,0.00000,0.00000
28.887,2,28799.000,38378,192000,3999.458,120.0,8,8,2,0.00499,0.00000,0.00499,0.00000,0.00000
28.988,0,28972.000,46703,192000,3999.021,120.0,8,8,2,0.00000,0.00000,0.00000,0.00000,0.00000
28.988,1,29045.000,50180,192000,3999.583,120.0,8,8,2,0.00000,0.00000,0.00000,0.00000,0.00000
28.988,2,28900.000,43226,192000,3999.458,120.0,8,8,2,0.00328,0.00000,0.00328,0.00000,0.00000
29.090,0,29074.000,51566,192000,3999.708,120.0,8,8,2,0.00000,0.00000,0.00000,0.00000,0.00000
29.090,1,29146.000,55055,192000,3999.021,120.0,8,8,2,0.00000,0.00000,0.00000,0.00000,0.00000
29.090,2,29001.000,48077,192000,3999.396,120.0,8,8,2,0.00215,0.00000,0.00215,0.00000,0.00000
29.192,0,29176.000,56482,192000,3999.292,120.0,8,8,2,0.00000,0.00000,0.00000,0.00000,0.00000
29.192,1,29249.000,59983,192000,3999.354,120.0,8,8,2,0.00000,0.00000,0.00000,0.00000,0.00000
29.192,2,29103.000,52980,192000,3999.250,120.0,8,8,2,0.00141,0.00000,0.00141,0.00000,0.00000
29.294,0,29279.000,61392,192000,0.000,120.0,8,8,2,0.00000,0.00000,0.00000,0.00000,0.00000
29.294,1,29352.000,64906,192000,3999.792,120.0,8,8,2,0.00000,0.00000,0.00000,0.00000,0.00000
29.294,2,29205.000,57879,192000,3999.188,120.0,8,8,2,0.00092,0.00000,0.00092,0.00000,0.00000
29.395,0,29380.000,66247,192000,3999.854,120.0,8,8,2,0.00000,0.00000,0.00000,0.00000,0.00000
29.395,1,29453.000,69773,192000,3999.396,120.0,8,8,2,0.00000,0.00000,0.00000,0.00000,0.00000
29.395,2,29306.000,62722,192000,3999.292,120.0,8,8,2,0.00060,0.00000,0.00060,0.00000,0.00000
29.496,0,29480.000,71057,192000,3999.646,120.0,8,8,2,0.00000,0.00000,0.00000,0.00000,0.00000
29.496,1,29554.000,74594,192000,3999.958,120.0,8,8,2,0.00000,0.00000,0.00000,0.00000,0.00000
29.496,2,29406.000,67519,192000,3999.354,120.0,8,8,2,0.00040,0.00000,0.00040,0.00000,0.00000
29.598,0,29582.000,75949,192000,3999.729,120.0,8,8,2,0.00000,0.00000,0.00000,0.00000,0.00000
29.598,1,29656.000,79499,192000,3999.771,120.0,8,8,2,0.00000,0.00000,0.00000,0.00000,0.00000
29.598,2,29508.000,72400,192000,3999.667,120.0,8,8,2,0.00026,0.00000,0.00026,0.00000,0.00000
29.700,0,29684.000,80870,192000,3999.208,120.0,8,8,2,0.00000,0.00000,0.00000,0.00000,0.00000
29.700,1,29759.000,84432,192000,0.000,120.0,8,8,2,0.00000,0.00000,0.00000,0.00000,0.00000
29.700,2,29610.000,77308,192000,3999.417,120.0,8,8,2,0.00017,0.00000,0.00017,0.00000,0.00000
29.800,0,29785.000,85684,192000,3999.917,120.0,8,8,2,0.00000,0.00000,0.00000,0.00000,0.00000
29.800,1,29859.000,89259,192000,3999.438,120.0,8,8,2,0.00000,0.00000,0.00000,0.00000,0.00000
29.800,2,29710.000,82110,192000,3999.375,120.0,8,8,2,0.00011,0.00000,0.00011,0.00000,0.00000
29.901,0,29885.000,90523,192000,3999.104,120.0,8,8,2,0.00000,0.00000,0.00000,0.00000,0.00000
29.901,1,29960.000,94109,192000,3999.396,120.0,8,8,2,0.00000,0.00000,0.00000,0.00000,0.00000
29.901,2,29811.000,86937,192000,3999.812,120.0,8,8,2,0.00007,0.00000,0.00007,0.00000,0.00000
30.005,0,29989.000,95489,192000,3999.646,120.0,8,8,2,0.00000,0.00000,0.00000,0.00000,0.00000
30.005,1,30064.000,99088,192000,3999.667,120.0,8,8,2,0.00000,0.00000,0.00000,0.00000,0.00000
30.005,2,29914.000,91890,192000,3999.625,120.0,8,8,2,0.00005,0.00000,0.00005,0.00000,0.00000
30.105,0,30089.000,100303,192000,3999.354,120.0,8,8,2,0.00000,0.00000,0.00000,0.00000,0.00000
30.105,1,30164.000,103914,192000,3999.125,120.0,8,8,2,0.00000,0.00000,0.00000,0.00000,0.00000
30.105,2,30014.000,96692,192000,3999.583,120.0,8,8,2,0.00003,0.00000,0.00003,0.00000,0.00000
30.206,0,30190.000,105145,192000,3999.479,120.0,8,8,2,0.00000,0.00000,0.00000,0.00000,0.00000
30.206,1,30266.000,108768,192000,0.000,120.0,8,8,2,0.00000,0.00000,0.00000,0.00000,0.00000
30.206,2,30115.000,101522,192000,3999.958,120.0,8,8,2,0.00002,0.00000,0.00002,0.00000,0.00000
30.308,0,30292.000,110043,192000,3999.438,120.0,8,8,2,0.00000,0.00000,0.00000,0.00000,0.00000
30.308,1,30368.000,113678,192000,3999.708,120.0,8,8,2,0.00000,0.00000,0.00000,0.00000,0.00000
30.308,2,30216.000,106408,192000,3999.167,120.0,8,8,2,0.00001,0.00000,0.00001,0.00000,0.00000
30.411,0,30395.000,114975,192000,3999.688,120.0,8,8,2,0.00000,0.00000,0.00000,0.00000,0.00000
30.411,1,30471.000,118623,192000,3999.688,120.0,8,8,2,0.00000,0.00000,0.00000,0.00000,0.00000
30.411,2,30319.000,111328,192000,3999.667,120.0,8,8,2,0.00001,0.00000,0.00001,0.00000,0.00000
30.511,0,30495.000,119782,192000,3999.542,120.0,8,8,2,0.00000,0.00000,0.00000,0.00000,0.00000
30.511,1,30571.000,123442,192000,3999.292,120.0,8,8,2,0.00000,0.00000,0.00000,0.00000,0.00000
30.511,2,30419.000,116123,192000,3999.771,120.0,8,8,2,0.00001,0.00000,0.00001,0.00000,0.00000
30.614,0,30598.000,124738,192000,3999.292,120.0,8,8,2,0.00000,0.00000,0.00000,0.00000,0.00000
30.614,1,30675.000,128410,192000,3999.792,120.0,8,8,2,0.00000,0.00000,0.00000,0.00000,0.00000
30.614,2,30522.000,121066,192000,3999.792,120.0,8,8,2,0.00000,0.00000,0.00000,0.00000,0.00000
30.714,0,30698.000,129547,192000,3999.104,120.0,8,8,2,0.00000,0.00000,0.00000,0.00000,0.00000
30.714,1,30775.000,133231,192000,3999.354,120.0,8,8,2,0.00000,0.00000,0.00000,0.00000,0.00000
30.714,2,30622.000,125863,192000,3999.854,120.0,8,8,2,0.00000,0.00000,0.00000,0.00000,0.00000
30.816,0,30800.000,134423,192000,3999.521,120.0,8,8,2,0.00000,0.00000,0.00000,0.00000,0.00000
30.816,1,30877.000,138119,192000,3999.521,120.0,8,8,2,0.00000,0.00000,0.00000,0.00000,0.00000
30.816,2,30723.000,130727,192000,3999.521,120.0,8,8,2,0.00000,0.00000,0.00000,0.00000,0.00000
30.918,0,30902.000,139338,192000,3999.125,120.0,8,8,2,0.00000,0.00000,0.00000,0.00000,0.00000
30.918,1,30980.000,143046,192000,3999.875,120.0,8,8,2,0.00000,0.00000,0.00000,0.00000,0.00000
30.918,2,30825.000,135629,192000,3999.396,120.0,8,8,2,0.00000,0.00000,0.00000,0.00000,0.00000
31.019,0,31003.000,144179,192000,3999.271,120.0,8,8,2,0.00000,0.00000,0.00000,0.00000,0.00000
31.019,1,31081.000,147899,192000,3999.771,120.0,8,8,2,0.00000,0.00000,0.00000,0.00000,0.00000
31.019,2,30926.000,140458,192000,3999.792,120.0,8,8,2,0.00000,0.00000,0.00000,0.00000,0.00000
31.122,0,31106.000,149131,192000,3999.104,120.0,8,8,2,0.00000,0.00000,0.00000,0.00000,0.00000
31.122,1,31184.000,152864,192000,3999.333,120.0,8,8,2,0.00000,0.00000,0.00000,0.00000,0.00000
31.122,2,31029.000,145398,192000,3999.875,120.0,8,8,2,0.00000,0.00000,0.00000,0.00000,0.00000
31.223,0,31207.000,153972,192000,3999.250,120.0,8,8,2,0.00000,0.00000,0.00000,0.00000,0.00000
31.223,1,31285.000,157717,192000,3999.229,120.0,8,8,2,0.00000,0.00000,0.00000,0.00000,0.00000
31.223,2,31129.000,150227,192000,3999.271,120.0,8,8,2,0.00000,0.00000,0.00000,0.00000,0.00000
31.324,0,31308.000,158806,192000,3999.542,120.0,8,8,2,0.00000,0.00000,0.00000,0.00000,0.00000
31.324,1,31386.000,162563,192000,3999.271,120.0,8,8,2,0.00000,0.00000,0.00000,0.00000,0.00000
31.324,2,31230.000,155049,192000,3999.812,120.0,8,8,2,0.00000,0.00000,0.00000,0.00000,0.00000
31.425,0,31409.000,163675,192000,3999.104,120.0,8,8,2,0.00000,0.00000,0.00000,0.00000,0.00000
31.425,1,31488.000,167444,192000,3999.583,120.0,8,8,2,0.00000,0.00000,0.00000,0.00000,0.00000
31.425,2,31331.000,159906,192000,3999.625,120.0,8,8,2,0.00000,0.00000,0.00000,0.00000,0.00000
31.526,0,31510.000,168518,192000,3999.208,120.0,8,8,2,0.00000,0.00000,0.00000,0.00000,0.00000
31.526,1,31589.000,172299,192000,3999.438,120.0,8,8,2,0.00000,0.00000,0.00000,0.00000,0.00000
31.526,2,31432.000,164736,192000,0.000,120.0,8,8,2,0.00000,0.00000,0.00000,0.00000,0.00000
31.628,0,31612.000,173417,192000,3999.146,120.0,8,8,2,0.00000,0.00000,0.00000,0.00000,0.00000
31.628,1,31691.000,177211,192000,3999.104,120.0,8,8,2,0.00000,0.00000,0.00000,0.00000,0.00000
31.628,2,31533.000,169624,192000,3999.167,120.0,8,8,2,0.00000,0.00000,0.00000,0.00000,0.00000
31.731,0,31715.000,178331,192000,3999.771,120.0,8,8,2,0.00000,0.00000,0.00000,0.00000,0.00000
31.731,1,31794.000,182137,192000,3999.479,120.0,8,8,2,0.00000,0.00000,0.00000,0.00000,0.00000
31.731,2,31635.000,174525,192000,3999.062,120.0,8,8,2,0.00000,0.00000,0.00000,0.00000,0.00000
31.834,0,31818.000,183294,192000,3999.375,120.0,8,8,2,0.00000,0.00000,0.00000,0.00000,0.00000
31.834,1,31898.000,187112,192000,3999.833,120.0,8,8,2,0.00000,0.00000,0.00000,0.00000,0.00000
31.834,2,31739.000,179475,192000,3999.938,120.0,8,8,2,0.00000,0.00000,0.00000,0.00000,0.00000
31.936,0,31921.000,188216,192000,3999.833,120.0,8,8,2,0.00000,0.00000,0.00000,0.00000,0.00000
31.936,1,32000.000,46,192000,3999.042,120.0,8,9,2,0.00019,0.00017,0.00019,0.00000,0.00000
31.936,2,31841.000,184385,192000,3999.646,120.0,8,8,2,0.00000,0.00000,0.00000,0.00000,0.00000
32.038,0,32022.000,1071,192000,3999.688,120.0,8,9,2,0.12595,0.12583,0.12595,0.00000,0.00000
32.038,1,32102.000,4914,192000,3999.625,120.0,8,9,2,0.09015,0.09015,0.09009,0.00000,0.00000
32.038,2,31942.000,189228,192000,3999.750,120.0,8,8,2,0.00000,0.00000,0.00000,0.00000,0.00000
32.139,0,32123.000,5947,192000,3999.104,120.0,8,9,2,0.08255,0.08247,0.08255,0.00000,0.00000
32.139,1,32204.000,9802,192000,3999.792,120.0,8,9,2,0.05902,0.05902,0.05899,0.00000,0.00000
32.139,2,32043.000,2092,192000,3999.417,120.0,8,9,2,0.11658,0.11658,0.00000,0.00000,0.00000
32.240,0,32225.000,10804,192000,3999.917,120.0,8,9,2,0.05419,0.05414,0.05419,0.00000,0.00000
32.240,1,32305.000,14671,192000,3999.354,120.0,8,9,2,0.03871,0.03871,0.03869,0.00000,0.00000
32.240,2,32144.000,6937,192000,3999.479,120.0,8,9,2,0.07661,0.07661,0.00000,0.00000,0.00000
32.341,0,32325.000,15611,192000,3999.771,120.0,8,9,2,0.03573,0.03570,0.03573,0.00000,0.00000
32.341,1,32406.000,19491,192000,3999.938,120.0,8,9,2,0.02549,0.02549,0.02548,0.00000,0.00000
32.341,2,32244.000,11732,192000,3999.583,120.0,8,9,2,0.05057,0.05057,0.00000,0.00000,0.00000
32.442,0,32426.000,20486,192000,3999.208,120.0,8,9,2,0.02342,0.02340,0.02342,0.00000,0.00000
32.442,1,32507.000,24377,192000,3999.146,120.0,8,9,2,0.01669,0.01669,0.01669,0.00000,0.00000
32.442,2,32345.000,16595,192000,3999.271,120.0,8,9,2,0.03318,0.03318,0.00000,0.00000,0.00000
32.544,0,32528.000,25372,192000,3999.417,120.0,8,9,2,0.01534,0.01532,0.01534,0.00000,0.00000
32.544,1,32609.000,29275,192000,3999.104,120.0,8,9,2,0.01092,0.01092,0.01092,0.00000,0.00000
32.544,2,32447.000,21468,192000,3999.750,120.0,8,9,2,0.02175,0.02175,0.00000,0.00000,0.00000
32.645,0,32629.000,30233,192000,3999.146,120.0,8,9,2,0.01007,0.01006,0.01007,0.00000,0.00000
32.645,1,32711.000,34149,192000,3999.562,120.0,8,9,2,0.00716,0.00716,0.00716,0.00000,0.00000
32.645,2,32548.000,26317,192000,3999.729,120.0,8,9,2,0.01429,0.01429,0.00000,0.00000,0.00000
32.747,0,32732.000,35138,192000,3999.958,120.0,8,9,2,0.00658,0.00657,0.00658,0.00000,0.00000
32.747,1,32813.000,39066,192000,3999.125,120.0,8,9,2,0.00468,0.00468,0.00467,0.00000,0.00000
32.747,2,32650.000,31210,192000,3999.792,120.0,8,9,2,0.00935,0.00935,0.00000,0.00000,0.00000
32.848,0,32832.000,39952,192000,3999.667,120.0,8,9,2,0.00434,0.00433,0.00434,0.00000,0.00000
32.848,1,32914.000,43892,192000,3999.583,120.0,8,9,2,0.00308,0.00308,0.00308,0.00000,0.00000
32.848,2,32750.000,36012,192000,3999.750,120.0,8,9,2,0.00617,0.00617,0.00000,0.00000,0.00000
32.948,0,32932.000,44774,192000,3999.208,120.0,8,9,2,0.00286,0.00285,0.00286,0.00000,0.00000
32.948,1,33015.000,48726,192000,3999.875,120.0,8,9,2,0.00202,0.00202,0.00202,0.00000,0.00000
32.948,2,32850.000,40822,192000,3999.542,120.0,8,9,2,0.00407,0.00407,0.00000,0.00000,0.00000
33.049,0,33033.000,49606,192000,3999.542,120.0,8,9,2,0.00188,0.00188,0.00188,0.00000,0.00000
33.049,1,33116.000,53570,192000,3999.958,120.0,8,9,2,0.00133,0.00133,0.00133,0.00000,0.00000
33.049,2,32950.000,45641,192000,3999.146,120.0,8,9,2,0.00268,0.00268,0.00000,0.00000,0.00000
33.149,0,33133.000,54421,192000,3999.229,120.0,8,9,2,0.00124,0.00124,0.00124,0.00000,0.00000
33.149,1,33216.000,58397,192000,3999.396,120.0,8,9,2,0.00088,0.00088,0.00088,0.00000,0.00000
33.149,2,33050.000,50445,192000,3999.062,120.0,8,9,2,0.00177,0.00177,0.00000,0.00000,0.00000
33.249,0,33234.000,59238,192000,3999.875,120.0,8,9,2,0.00082,0.00081,0.00082,0.00000,0.00000
33.249,1,33317.000,63226,192000,3999.792,120.0,8,9,2,0.00058,0.00058,0.00058,0.00000,0.00000
33.249,2,33151.000,55250,192000,3999.958,120.0,8,9,2,0.00117,0.00117,0.00000,0.00000,0.00000
33.352,0,33336.000,64168,192000,3999.167,120.0,8,9,2,0.00053,0.00053,0.00053,0.00000,0.00000
33.352,1,33420.000,68169,192000,3999.812,120.0,8,9,2,0.00038,0.00038,0.00038,0.00000,0.00000
33.352,2,33253.000,60168,192000,3999.500,120.0,8,9,2,0.00076,0.00076,0.00000,0.00000,0.00000
33.455,0,33439.000,69081,192000,3999.812,120.0,8,9,2,0.00035,0.00035,0.00035,0.00000,0.00000
33.455,1,33522.000,73093,192000,3999.229,120.0,8,9,2,0.00025,0.00025,0.00025,0.00000,0.00000
33.455,2,33355.000,65068,192000,3999.417,120.0,8,9,2,0.00050,0.00050,0.00000,0.00000,0.00000
33.556,0,33540.000,73948,192000,3999.417,120.0,8,9,2,0.00023,0.00023,0.00023,0.00000,0.00000
33.556,1,33624.000,77973,192000,3999.562,120.0,8,9,2,0.00016,0.00016,0.00016,0.00000,0.00000
33.556,2,33456.000,69923,192000,3999.271,120.0,8,9,2,0.00033,0.00033,0.00000,0.00000,0.00000
33.657,0,33641.000,78793,192000,3999.479,120.0,8,9,2,0.00015,0.00015,0.00015,0.00000,0.00000
33.657,1,33725.000,82831,192000,3999.354,120.0,8,9,2,0.00011,0.00011,0.00011,0.00000,0.00000
33.657,2,33557.000,74756,192000,3999.583,120.0,8,9,2,0.00021,0.00021,0.00000,0.00000,0.00000
33.758,0,33742.000,83629,192000,3999.729,120.0,8,9,2,0.00010,0.00010,0.00010,0.00000,0.00000
33.758,1,33826.000,87678,192000,3999.375,120.0,8,9,2,0.00007,0.00007,0.00007,0.00000,0.00000
33.758,2,33657.000,79580,192000,3999.083,120.0,8,9,2,0.00014,0.00014,0.00000,0.00000,0.00000
33.859,0,33844.000,88518,192000,3999.875,120.0,8,9,2,0.00006,0.00006,0.00006,0.00000,0.00000
33.859,1,33928.000,92580,192000,3999.250,120.0,8,9,2,0.00005,0.00005,0.00005,0.00000,0.00000
33.859,2,33759.000,84457,192000,3999.479,120.0,8,9,2,0.00009,0.00009,0.00000,0.00000,0.00000
33.963,0,33947.000,93468,192000,3999.750,120.0,8,9,2,0.00004,0.00004,0.00004,0.00000,0.00000
33.963,1,34032.000,97542,192000,3999.875,120.0,8,9,2,0.00003,0.00003,0.00003,0.00000,0.00000
33.963,2,33862.000,89394,192000,3999.625,120.0,8,9,2,0.00006,0.00006,0.00000,0.00000,0.00000
34.065,0,34050.000,98400,192000,0.000,120.0,8,9,2,0.00003,0.00003,0.00003,0.00000,0.00000
34.065,1,34135.000,102486,192000,3999.875,120.0,8,9,2,0.00002,0.00002,0.00002,0.00000,0.00000
34.065,2,33964.000,94314,192000,3999.125,120.0,8,9,2,0.00004,0.00004,0.00000,0.00000,0.00000
34.166,0,34150.000,103209,192000,3999.812,120.0,8,9,2,0.00002,0.00002,0.00002,0.00000,0.00000
34.166,1,34235.000,107307,192000,3999.438,120.0,8,9,2,0.00001,0.00001,0.00001,0.00000,0.00000
34.166,2,34064.000,99111,192000,3999.188,120.0,8,9,2,0.00003,0.00003,0.00000,0.00000,0.00000
34.267,0,34252.000,108101,192000,3999.896,120.0,8,9,2,0.00001,0.00001,0.00001,0.00000,0.00000
34.267,1,34337.000,112211,192000,3999.271,120.0,8,9,2,0.00001,0.00001,0.00001,0.00000,0.00000
34.267,2,34166.000,103991,192000,3999.521,120.0,8,9,2,0.00002,0.00002,0.00000,0.00000,0.00000
34.369,0,34353.000,112975,192000,3999.354,120.0,8,9,2,0.00001,0.00001,0.00001,0.00000,0.00000
34.369,1,34439.000,117097,192000,3999.479,120.0,8,9,2,0.00001,0.00001,0.00001,0.00000,0.00000
34.369,2,34267.000,108852,192000,3999.250,120.0,8,9,2,0.00001,0.00001,0.00000,0.00000,0.00000
34.471,0,34455.000,117877,192000,3999.229,120.0,8,9,2,0.00001,0.00001,0.00001,0.00000,0.00000
34.471,1,34541.000,122011,192000,3999.104,120.0,8,9,2,0.00000,0.00000,0.00000,0.00000,0.00000
34.471,2,34369.000,113742,192000,3999.375,120.0,8,9,2,0.00001,0.00001,0.00000,0.00000,0.00000
34.571,0,34556.000,122695,192000,3999.854,120.0,8,9,2,0.00000,0.00000,0.00000,0.00000,0.00000
34.571,1,34642.000,126842,192000,3999.458,120.0,8,9,2,0.00000,0.00000,0.00000,0.00000,0.00000
34.571,2,34469.000,118548,192000,3999.250,120.0,8,9,2,0.00000,0.00000,0.00000,0.00000,0.00000
34.672,0,34656.000,127530,192000,3999.125,120.0,8,9,2,0.00000,0.00000,0.00000,0.00000,0.00000
34.672,1,34743.000,131689,192000,3999.479,120.0,8,9,2,0.00000,0.00000,0.00000,0.00000,0.00000
34.672,2,34570.000,123371,192000,3999.771,120.0,8,9,2,0.00000,0.00000,0.00000,0.00000,0.00000
34.775,0,34759.000,132446,192000,3999.708,120.0,8,9,2,0.00000,0.00000,0.00000,0.00000,0.00000
34.775,1,34846.000,136617,192000,3999.812,120.0,8,9,2,0.00000,0.00000,0.00000,0.00000,0.00000
34.775,2,34672.000,128275,192000,3999.604,120.0,8,9,2,0.00000,0.00000,0.00000,0.00000,0.00000
34.877,0,34861.000,137367,192000,3999.188,120.0,8,9,2,0.00000,0.00000,0.00000,0.00000,0.00000
34.877,1,34948.000,141551,192000,3999.021,120.0,8,9,2,0.00000,0.00000,0.00000,0.00000,0.00000
34.877,2,34774.000,133184,192000,3999.333,120.0,8,9,2,0.00000,0.00000,0.00000,0.00000,0.00000
34.981,0,34965.000,142342,192000,3999.542,120.0,8,9,2,0.00000,0.00000,0.00000,0.00000,0.00000
34.981,1,35052.000,146538,192000,3999.125,120.0,8,9,2,0.00000,0.00000,0.00000,0.00000,0.00000
34.981,2,34878.000,138146,192000,3999.958,120.0,8,9,2,0.00000,0.00000,0.00000,0.00000,0.00000
35.083,0,35067.000,147263,192000,3999.021,120.0,8,9,2,0.00000,0.00000,0.00000,0.00000,0.00000
35.083,1,35155.000,151471,192000,3999.354,120.0,8,9,2,0.00000,0.00000,0.00000,0.00000,0.00000
35.083,2,34980.000,143055,192000,3999.688,120.0,8,9,2,0.00000,0.00000,0.00000,0.00000,0.00000
35.184,0,35169.000,152120,192000,3999.833,120.0,8,9,2,0.00000,0.00000,0.00000,0.00000,0.00000
35.184,1,35257.000,156340,192000,3999.917,120.0,8,9,2,0.00000,0.00000,0.00000,0.00000,0.00000
35.184,2,35081.000,147900,192000,3999.750,120.0,8,9,2,0.00000,0.00000,0.00000,0.00000,0.00000
35.285,0,35269.000,156940,192000,3999.417,120.0,8,9,2,0.00000,0.00000,0.00000,0.00000,0.00000
35.285,1,35357.000,161173,192000,3999.229,120.0,8,9,2,0.00000,0.00000,0.00000,0.00000,0.00000
35.285,2,35181.000,152708,192000,3999.583,120.0,8,9,2,0.00000,0.00000,0.00000,0.00000,0.00000
35.389,0,35373.000,161915,192000,3999.771,120.0,8,9,2,0.00000,0.00000,0.00000,0.00000,0.00000
35.389,1,35461.000,166160,192000,3999.333,120.0,8,9,2,0.00000,0.00000,0.00000,0.00000,0.00000
35.389,2,35284.000,157670,192000,3999.208,120.0,8,9,2,0.00000,0.00000,0.00000,0.00000,0.00000
35.492,0,35476.000,166894,192000,3999.042,120.0,8,9,2,0.00000,0.00000,0.00000,0.00000,0.00000
35.492,1,35565.000,171152,192000,3999.333,120.0,8,9,2,0.00000,0.00000,0.00000,0.00000,0.00000
35.492,2,35388.000,162637,192000,3999.729,120.0,8,9,2,0.00000,0.00000,0.00000,0.00000,0.00000
35.595,0,35579.000,171835,192000,3999.104,120.0,8,9,2,0.00000,0.00000,0.00000,0.00000,0.00000
35.595,1,35668.000,176104,192000,3999.167,120.0,8,9,2,0.00000,0.00000,0.00000,0.00000,0.00000
35.595,2,35490.000,167565,192000,3999.062,120.0,8,9,2,0.00000,0.00000,0.00000,0.00000,0.00000
35.696,0,35680.000,176654,192000,3999.708,120.0,8,9,2,0.00000,0.00000,0.00000,0.00000,0.00000
35.696,1,35769.000,180935,192000,3999.521,120.0,8,9,2,0.00000,0.00000,0.00000,0.00000,0.00000
35.696,2,35591.000,172372,192000,3999.917,120.0,8,9,2,0.00000,0.00000,0.00000,0.00000,0.00000
35.796,0,35780.000,181486,192000,3999.042,120.0,8,9,2,0.00000,0.00000,0.00000,0.00000,0.00000
35.796,1,35870.000,185780,192000,3999.583,120.0,8,9,2,0.00000,0.00000,0.00000,0.00000,0.00000
35.796,2,35691.000,177193,192000,3999.479,120.0,8,9,2,0.00000,0.00000,0.00000,0.00000,0.00000
35.899,0,35883.000,186395,192000,3999.771,120.0,8,9,2,0.00000,0.00000,0.00000,0.00000,0.00000
35.899,1,35972.000,190701,192000,3999.062,120.0,8,9,2,0.00000,0.00000,0.00000,0.00000,0.00000
35.899,2,35793.000,182089,192000,3999.479,120.0,8,9,2,0.00000,0.00000,0.00000,0.00000,0.00000
36.001,0,35985.000,191301,192000,3999.562,120.0,8,9,2,0.00000,0.00000,0.00000,0.00000,0.00000
36.001,1,36075.000,3619,192000,3999.604,120.0,8,10,2,0.00000,0.00000,0.00000,0.00000,0.00000
36.001,2,35895.000,186983,192000,3999.521,120.0,8,9,2,0.00000,0.00000,0.00000,0.00000,0.00000
36.104,0,36088.000,4251,192000,3999.438,120.0,8,10,2,0.00000,0.00000,0.00000,0.00000,0.00000
36.104,1,36178.000,8582,192000,3999.208,120.0,8,10,2,0.00000,0.00000,0.00000,0.00000,0.00000
36.104,2,35998.000,191920,192000,3999.667,120.0,8,9,2,0.00000,0.00000,0.00000,0.00000,0.00000
36.207,0,36192.000,9218,192000,3999.958,120.0,8,10,2,0.00000,0.00000,0.00000,0.00000,0.00000
36.207,1,36282.000,13561,192000,3999.479,120.0,8,10,2,0.00000,0.00000,0.00000,0.00000,0.00000
36.207,2,36101.000,4875,192000,3999.438,120.0,8,10,2,0.00000,0.00000,0.00000,0.00000,0.00000
36.310,0,36295.000,14164,192000,3999.917,120.0,8,10,2,0.00000,0.00000,0.00000,0.00000,0.00000
36.310,1,36385.000,18519,192000,3999.188,120.0,8,10,2,0.00000,0.00000,0.00000,0.00000,0.00000
36.310,2,36204.000,9808,192000,3999.667,120.0,8,10,2,0.00000,0.00000,0.00000,0.00000,0.00000
36.411,0,36395.000,18986,192000,3999.458,120.0,8,10,2,0.00000,0.00000,0.00000,0.00000,0.00000
36.411,1,36486.000,23354,192000,3999.458,120.0,8,10,2,0.00000,0.00000,0.00000,0.00000,0.00000
36.411,2,36304.000,14618,192000,3999.458,120.0,8,10,2,0.00000,0.00000,0.00000,0.00000,0.00000
36.512,0,36496.000,23816,192000,3999.833,120.0,8,10,2,0.00000,0.00000,0.00000,0.00000,0.00000
36.512,1,36587.000,28196,192000,3999.583,120.0,8,10,2,0.00000,0.00000,0.00000,0.00000,0.00000
36.512,2,36404.000,19437,192000,3999.062,120.0,8,10,2,0.00000,0.00000,0.00000,0.00000,0.00000
36.613,0,36597.000,28679,192000,3999.521,120.0,8,10,2,0.00000,0.00000,0.00000,0.00000,0.00000
36.613,1,36688.000,33071,192000,3999.021,120.0,8,10,2,0.00000,0.00000,0.00000,0.00000,0.00000
36.613,2,36505.000,24287,192000,3999.021,120.0,8,10,2,0.00000,0.00000,0.00000,0.00000,0.00000
36.714,0,36698.000,33545,192000,3999.146,120.0,8,10,2,0.00000,0.00000,0.00000,0.00000,0.00000
36.714,1,36790.000,37949,192000,3999.396,120.0,8,10,2,0.00000,0.00000,0.00000,0.00000,0.00000
36.714,2,36607.000,29141,192000,3999.896,120.0,8,10,2,0.00000,0.00000,0.00000,0.00000,0.00000
36.815,0,36799.000,38396,192000,3999.083,120.0,8,10,2,0.00000,0.00000,0.00000,0.00000,0.00000
36.815,1,36891.000,42812,192000,3999.083,120.0,8,10,2,0.00000,0.00000,0.00000,0.00000,0.00000
36.815,2,36707.000,33980,192000,3999.083,120.0,8,10,2,0.00000,0.00000,0.00000,0.00000,0.00000
36.917,0,36901.000,43274,192000,3999.458,120.0,8,10,2,0.00000,0.00000,0.00000,0.00000,0.00000
36.917,1,36993.000,47702,192000,3999.208,120.0,8,10,2,0.00000,0.00000,0.00000,0.00000,0.00000
36.917,2,36809.000,38845,192000,3999.729,120.0,8,10,2,0.00000,0.00000,0.00000,0.00000,0.00000
37.019,0,37003.000,48154,192000,3999.792,120.0,8,10,2,0.00000,0.00000,0.00000,0.00000,0.00000
37.019,1,37095.000,52594,192000,3999.292,120.0,8,10,2,0.00000,0.00000,0.00000,0.00000,0.00000
37.019,2,36910.000,43713,192000,3999.312,120.0,8,10,2,0.00000,0.00000,0.00000,0.00000,0.00000
37.119,0,37103.000,52956,192000,3999.750,120.0,8,10,2,0.00000,0.00000,0.00000,0.00000,0.00000
37.119,1,37196.000,57409,192000,3999.979,120.0,8,10,2,0.00000,0.00000,0.00000,0.00000,0.00000
37.119,2,37010.000,48504,192000,3999.500,120.0,8,10,2,0.00000,0.00000,0.00000,0.00000,0.00000
37.220,0,37204.000,57831,192000,3999.188,120.0,8,10,2,0.00000,0.00000,0.00000,0.00000,0.00000
37.220,1,37297.000,62295,192000,3999.188,120.0,8,10,2,0.00000,0.00000,0.00000,0.00000,0.00000
37.220,2,37111.000,53366,192000,3999.208,120.0,8,10,2,0.00000,0.00000,0.00000,0.00000,0.00000
37.322,0,37306.000,62699,192000,3999.771,120.0,8,10,2,0.00000,0.00000,0.00000,0.00000,0.00000
37.322,1,37399.000,67176,192000,3999.500,120.0,8,10,2,0.00000,0.00000,0.00000,0.00000,0.00000
37.322,2,37212.000,58223,192000,3999.021,120.0,8,10,2,0.00000,0.00000,0.00000,0.00000,0.00000
37.425,0,37409.000,67651,192000,3999.604,120.0,8,10,2,0.00000,0.00000,0.00000,0.00000,0.00000
37.425,1,37502.000,72140,192000,3999.083,120.0,8,10,2,0.00000,0.00000,0.00000,0.00000,0.00000
37.425,2,37315.000,63162,192000,3999.125,120.0,8,10,2,0.00000,0.00000,0.00000,0.00000,0.00000
37.526,0,37510.000,72512,192000,3999.333,120.0,8,10,2,0.00000,0.00000,0.00000,0.00000,0.00000
37.526,1,37604.000,77014,192000,3999.542,120.0,8,10,2,0.00000,0.00000,0.00000,0.00000,0.00000
37.526,2,37416.000,68011,192000,3999.104,120.0,8,10,2,0.00000,0.00000,0.00000,0.00000,0.00000
37.629,0,37613.000,77463,192000,3999.188,120.0,8,10,2,0.00000,0.00000,0.00000,0.00000,0.00000
37.629,1,37707.000,81977,192000,3999.146,120.0,8,10,2,0.00000,0.00000,0.00000,0.00000,0.00000
37.629,2,37519.000,72949,192000,3999.229,120.0,8,10,2,0.00000,0.00000,0.00000,0.00000,0.00000
37.731,0,37715.000,82359,192000,3999.188,120.0,8,10,2,0.00000,0.00000,0.00000,0.00000,0.00000
37.731,1,37810.000,86885,192000,3999.896,120.0,8,10,2,0.00000,0.00000,0.00000,0.00000,0.00000
37.731,2,37621.000,77833,192000,3999.479,120.0,8,10,2,0.00000,0.00000,0.00000,0.00000,0.00000
37.834,0,37818.000,87296,192000,3999.333,120.0,8,10,2,0.00000,0.00000,0.00000,0.00000,0.00000
37.834,1,37913.000,91834,192000,3999.792,120.0,8,10,2,0.00000,0.00000,0.00000,0.00000,0.00000
37.834,2,37724.000,82758,192000,3999.875,120.0,8,10,2,0.00000,0.00000,0.00000,0.00000,0.00000
37.936,0,37920.000,92196,192000,3999.250,120.0,8,10,2,0.00000,0.00000,0.00000,0.00000,0.00000
37.936,1,38015.000,96747,192000,3999.438,120.0,8,10,2,0.00000,0.00000,0.00000,0.00000,0.00000
37.936,2,37825.000,87646,192000,3999.042,120.0,8,10,2,0.00000,0.00000,0.00000,0.00000,0.00000
38.039,0,38023.000,97150,192000,3999.042,120.0,8,10,2,0.00000,0.00000,0.00000,0.00000,0.00000
38.039,1,38119.000,101712,192000,0.000,120.0,8,10,2,0.00000,0.00000,0.00000,0.00000,0.00000
38.039,2,37928.000,92587,192000,3999.104,120.0,8,10,2,0.00000,0.00000,0.00000,0.00000,0.00000
38.140,0,38124.000,101994,192000,3999.125,120.0,8,10,2,0.00000,0.00000,0.00000,0.00000,0.00000
38.140,1,38220.000,106569,192000,3999.812,120.0,8,10,2,0.00000,0.00000,0.00000,0.00000,0.00000
38.140,2,38029.000,97419,192000,3999.438,120.0,8,10,2,0.00000,0.00000,0.00000,0.00000,0.00000
38.241,0,38226.000,106851,192000,3999.938,120.0,8,10,2,0.00000,0.00000,0.00000,0.00000,0.00000
38.241,1,38321.000,111438,192000,3999.375,120.0,8,10,2,0.00000,0.00000,0.00000,0.00000,0.00000
38.241,2,38130.000,102263,192000,3999.521,120.0,8,10,2,0.00000,0.00000,0.00000,0.00000,0.00000
38.342,0,38326.000,111670,192000,3999.542,120.0,8,10,2,0.00000,0.00000,0.00000,0.00000,0.00000
38.342,1,38422.000,116269,192000,3999.729,120.0,8,10,2,0.00000,0.00000,0.00000,0.00000,0.00000
38.342,2,38230.000,107071,192000,3999.354,120.0,8,10,2,0.00000,0.00000,0.00000,0.00000,0.00000
38.445,0,38429.000,116639,192000,3999.021,120.0,8,10,2,0.00000,0.00000,0.00000,0.00000,0.00000
38.445,1,38526.000,121250,192000,3999.958,120.0,8,10,2,0.00000,0.00000,0.00000,0.00000,0.00000
38.445,2,38333.000,112027,192000,3999.104,120.0,8,10,2,0.00000,0.00000,0.00000,0.00000,0.00000
38.546,0,38530.000,121472,192000,3999.333,120.0,8,10,2,0.00000,0.00000,0.00000,0.00000,0.00000
38.546,1,38626.000,126095,192000,3999.021,120.0,8,10,2,0.00000,0.00000,0.00000,0.00000,0.00000
38.546,2,38434.000,116848,192000,3999.667,120.0,8,10,2,0.00000,0.00000,0.00000,0.00000,0.00000
38.649,0,38634.000,126438,192000,3999.875,120.0,8,10,2,0.00000,0.00000,0.00000,0.00000,0.00000
38.649,1,38730.000,131074,192000,3999.292,120.0,8,10,2,0.00000,0.00000,0.00000,0.00000,0.00000
38.649,2,38537.000,121801,192000,3999.479,120.0,8,10,2,0.00000,0.00000,0.00000,0.00000,0.00000
38.750,0,38735.000,131286,192000,3999.875,120.0,8,10,2,0.00000,0.00000,0.00000,0.00000,0.00000
38.750,1,38831.000,135934,192000,3999.042,120.0,8,10,2,0.00000,0.00000,0.00000,0.00000,0.00000
38.750,2,38638.000,126638,192000,3999.708,120.0,8,10,2,0.00000,0.00000,0.00000,0.00000,0.00000
38.851,0,38835.000,136115,192000,3999.271,120.0,8,10,2,0.00000,0.00000,0.00000,0.00000,0.00000
38.851,1,38932.000,140775,192000,3999.188,120.0,8,10,2,0.00000,0.00000,0.00000,0.00000,0.00000
38.851,2,38738.000,131455,192000,3999.354,120.0,8,10,2,0.00000,0.00000,0.00000,0.00000,0.00000
38.952,0,38936.000,140959,192000,3999.354,120.0,8,10,2,0.00000,0.00000,0.00000,0.00000,0.00000
38.952,1,39034.000,145632,192000,0.000,120.0,8,10,2,0.00000,0.00000,0.00000,0.00000,0.00000
38.952,2,38839.000,136287,192000,3999.688,120.0,8,10,2,0.00000,0.00000,0.00000,0.00000,0.00000
39.052,0,39036.000,145763,192000,3999.271,120.0,8,10,2,0.00000,0.00000,0.00000,0.00000,0.00000
39.052,1,39134.000,150447,192000,3999.688,120.0,8,10,2,0.00000,0.00000,0.00000,0.00000,0.00000
39.052,2,38939.000,141078,192000,3999.875,120.0,8,10,2,0.00000,0.00000,0.00000,0.00000,0.00000
39.155,0,39139.000,150694,192000,3999.542,120.0,8,10,2,0.00000,0.00000,0.00000,0.00000,0.00000
39.155,1,39237.000,155390,192000,3999.708,120.0,8,10,2,0.00000,0.00000,0.00000,0.00000,0.00000
39.155,2,39041.000,145997,192000,3999.396,120.0,8,10,2,0.00000,0.00000,0.00000,0.00000,0.00000
39.256,0,39240.000,155541,192000,3999.562,120.0,8,10,2,0.00000,0.00000,0.00000,0.00000,0.00000
39.256,1,39338.000,160250,192000,3999.458,120.0,8,10,2,0.00000,0.00000,0.00000,0.00000,0.00000
39.256,2,39142.000,150832,192000,3999.667,120.0,8,10,2,0.00000,0.00000,0.00000,0.00000,0.00000
39.359,0,39343.000,160504,192000,3999.167,120.0,8,10,2,0.00000,0.00000,0.00000,0.00000,0.00000
39.359,1,39442.000,165225,192000,3999.812,120.0,8,10,2,0.00000,0.00000,0.00000,0.00000,0.00000
39.359,2,39245.000,155783,192000,3999.521,120.0,8,10,2,0.00000,0.00000,0.00000,0.00000,0.00000
39.462,0,39446.000,165439,192000,3999.354,120.0,8,10,2,0.00000,0.00000,0.00000,0.00000,0.00000
39.462,1,39545.000,170173,192000,3999.729,120.0,8,10,2,0.00000,0.00000,0.00000,0.00000,0.00000
39.462,2,39348.000,160705,192000,3999.979,120.0,8,10,2,0.00000,0.00000,0.00000,0.00000,0.00000
39.563,0,39547.000,170287,192000,3999.354,120.0,8,10,2,0.00000,0.00000,0.00000,0.00000,0.00000
39.563,1,39646.000,175033,192000,3999.479,120.0,8,10,2,0.00000,0.00000,0.00000,0.00000,0.00000
39.563,2,39448.000,165542,192000,3999.208,120.0,8,10,2,0.00000,0.00000,0.00000,0.00000,0.00000
39.667,0,39651.000,175257,192000,3999.812,120.0,8,10,2,0.00000,0.00000,0.00000,0.00000,0.00000
39.667,1,39750.000,180015,192000,3999.688,120.0,8,10,2,0.00000,0.00000,0.00000,0.00000,0.00000
39.667,2,39552.000,170499,192000,3999.938,120.0,8,10,2,0.00000,0.00000,0.00000,0.00000,0.00000
39.767,0,39751.000,180062,192000,3999.708,120.0,8,10,2,0.00000,0.00000,0.00000,0.00000,0.00000
39.767,1,39850.000,184832,192000,3999.333,120.0,8,10,2,0.00000,0.00000,0.00000,0.00000,0.00000
39.767,2,39651.000,175292,192000,3999.083,120.0,8,10,2,0.00000,0.00000,0.00000,0.00000,0.00000
39.868,0,39852.000,184936,192000,3999.167,120.0,8,10,2,0.00000,0.00000,0.00000,0.00000,0.00000
39.868,1,39952.000,189718,192000,3999.542,120.0,8,10,2,0.00000,0.00000,0.00000,0.00000,0.00000
39.868,2,39753.000,180153,192000,3999.812,120.0,8,10,2,0.00000,0.00000,0.00000,0.00000,0.00000
39.971,0,39956.000,189894,192000,3999.875,120.0,8,10,2,0.00000,0.00000,0.00000,0.00000,0.00000
39.971,1,40056.000,2688,192000,0.000,120.0,8,11,2,0.00000,0.00000,0.00000,0.00000,0.00000
39.971,2,39856.000,185099,192000,3999.771,120.0,8,10,2,0.00000,0.00000,0.00000,0.00000,0.00000
40.072,0,40056.000,2721,192000,3999.312,120.0,8,11,2,0.00000,0.00000,0.00000,0.00000,0.00000
40.072,1,40156.000,7528,192000,3999.167,120.0,8,11,2,0.00000,0.00000,0.00000,0.00000,0.00000
40.072,2,39956.000,189914,192000,3999.458,120.0,8,10,2,0.00000,0.00000,0.00000,0.00000,0.00000
40.172,0,40156.000,7524,192000,3999.250,120.0,8,11,2,0.00000,0.00000,0.00000,0.00000,0.00000
40.172,1,40257.000,12343,192000,3999.854,120.0,8,11,2,0.00000,0.00000,0.00000,0.00000,0.00000
40.172,2,40056.000,2705,192000,3999.646,120.0,8,11,2,0.10973,0.00000,0.10973,0.00000,0.00000
40.274,0,40258.000,12431,192000,3999.021,120.0,8,11,2,0.00000,0.00000,0.00000,0.00000,0.00000
40.274,1,40359.000,17262,192000,3999.375,120.0,8,11,2,0.00000,0.00000,0.00000,0.00000,0.00000
40.274,2,40158.000,7600,192000,3999.667,120.0,8,11,2,0.07180,0.00000,0.07180,0.00000,0.00000
40.377,0,40361.000,17358,192000,3999.375,120.0,8,11,2,0.00000,0.00000,0.00000,0.00000,0.00000
40.377,1,40462.000,22202,192000,3999.458,120.0,8,11,2,0.00000,0.00000,0.00000,0.00000,0.00000
40.377,2,40260.000,12515,192000,3999.271,120.0,8,11,2,0.04690,0.00000,0.04690,0.00000,0.00000
40.479,0,40463.000,22240,192000,3999.667,120.0,8,11,2,0.00000,0.00000,0.00000,0.00000,0.00000
40.479,1,40564.000,27096,192000,3999.500,120.0,8,11,2,0.00000,0.00000,0.00000,0.00000,0.00000
40.479,2,40362.000,17384,192000,3999.833,120.0,8,11,2,0.03076,0.00000,0.03076,0.00000,0.00000
40.582,0,40566.000,27201,192000,3999.312,120.0,8,11,2,0.00000,0.00000,0.00000,0.00000,0.00000
40.582,1,40668.000,32069,192000,3999.896,120.0,8,11,2,0.00000,0.00000,0.00000,0.00000,0.00000
40.582,2,40465.000,22333,192000,3999.729,120.0,8,11,2,0.02003,0.00000,0.02003,0.00000,0.00000
40.684,0,40668.000,32089,192000,3999.479,120.0,8,11,2,0.00000,0.00000,0.00000,0.00000,0.00000
40.684,1,40770.000,36969,192000,3999.812,120.0,8,11,2,0.00000,0.00000,0.00000,0.00000,0.00000
40.684,2,40566.000,27209,192000,3999.146,120.0,8,11,2,0.01313,0.00000,0.01313,0.00000,0.00000
40.787,0,40771.000,37035,192000,3999.438,120.0,8,11,2,0.00000,0.00000,0.00000,0.00000,0.00000
40.787,1,40873.000,41927,192000,3999.521,120.0,8,11,2,0.00000,0.00000,0.00000,0.00000,0.00000
40.787,2,40669.000,32142,192000,3999.375,120.0,8,11,2,0.00856,0.00000,0.00856,0.00000,0.00000
40.888,0,40873.000,41904,192000,0.000,120.0,8,11,2,0.00000,0.00000,0.00000,0.00000,0.00000
40.888,1,40975.000,46808,192000,3999.833,120.0,8,11,2,0.00000,0.00000,0.00000,0.00000,0.00000
40.888,2,40770.000,36999,192000,3999.188,120.0,8,11,2,0.00562,0.00000,0.00562,0.00000,0.00000
40.991,0,40976.000,46852,192000,3999.917,120.0,8,11,2,0.00000,0.00000,0.00000,0.00000,0.00000
40.991,1,41078.000,51769,192000,3999.479,120.0,8,11,2,0.00000,0.00000,0.00000,0.00000,0.00000
40.991,2,40873.000,41935,192000,3999.354,120.0,8,11,2,0.00367,0.00000,0.00367,0.00000,0.00000
41.092,0,41076.000,51670,192000,3999.542,120.0,8,11,2,0.00000,0.00000,0.00000,0.00000,0.00000
41.092,1,41179.000,56599,192000,3999.854,120.0,8,11,2,0.00000,0.00000,0.00000,0.00000,0.00000
41.092,2,40973.000,46740,192000,3999.250,120.0,8,11,2,0.00242,0.00000,0.00242,0.00000,0.00000
41.193,0,41177.000,56512,192000,3999.667,120.0,8,11,2,0.00000,0.00000,0.00000,0.00000,0.00000
41.193,1,41280.000,61454,192000,3999.708,120.0,8,11,2,0.00000,0.00000,0.00000,0.00000,0.00000
41.193,2,41074.000,51571,192000,3999.604,120.0,8,11,2,0.00159,0.00000,0.00159,0.00000,0.00000
41.294,0,41278.000,61353,192000,3999.812,120.0,8,11,2,0.00000,0.00000,0.00000,0.00000,0.00000
41.294,1,41381.000,66307,192000,3999.604,120.0,8,11,2,0.00000,0.00000,0.00000,0.00000,0.00000
41.294,2,41175.000,56400,192000,0.000,120.0,8,11,2,0.00105,0.00000,0.00105,0.00000,0.00000
41.394,0,41378.000,66176,192000,3999.333,120.0,8,11,2,0.00000,0.00000,0.00000,0.00000,0.00000
41.394,1,41482.000,71142,192000,3999.875,120.0,8,11,2,0.00000,0.00000,0.00000,0.00000,0.00000
41.394,2,41275.000,61211,192000,3999.771,120.0,8,11,2,0.00069,0.00000,0.00069,0.00000,0.00000
41.495,0,41479.000,71005,192000,3999.729,120.0,8,11,2,0.00000,0.00000,0.00000,0.00000,0.00000
41.495,1,41582.000,75982,192000,3999.042,120.0,8,11,2,0.00000,0.00000,0.00000,0.00000,0.00000
41.495,2,41375.000,66027,192000,3999.438,120.0,8,11,2,0.00045,0.00000,0.00045,0.00000,0.00000
41.596,0,41580.000,75854,192000,3999.708,120.0,8,11,2,0.00000,0.00000,0.00000,0.00000,0.00000
41.596,1,41684.000,80843,192000,3999.771,120.0,8,11,2,0.00000,0.00000,0.00000,0.00000,0.00000
41.596,2,41476.000,70864,192000,3999.667,120.0,8,11,2,0.00030,0.00000,0.00030,0.00000,0.00000
41.696,0,41680.000,80681,192000,3999.146,120.0,8,11,2,0.00000,0.00000,0.00000,0.00000,0.00000
41.696,1,41785.000,85682,192000,3999.958,120.0,8,11,2,0.00000,0.00000,0.00000,0.00000,0.00000
41.696,2,41576.000,75679,192000,3999.354,120.0,8,11,2,0.00020,0.00000,0.00020,0.00000,0.00000
41.798,0,41782.000,85548,192000,3999.750,120.0,8,11,2,0.00000,0.00000,0.00000,0.00000,0.00000
41.798,1,41886.000,90562,192000,3999.292,120.0,8,11,2,0.00000,0.00000,0.00000,0.00000,0.00000
41.798,2,41677.000,80534,192000,3999.208,120.0,8,11,2,0.00013,0.00000,0.00013,0.00000,0.00000
41.901,0,41885.000,90510,192000,3999.375,120.0,8,11,2,0.00000,0.00000,0.00000,0.00000,0.00000
41.901,1,41990.000,95536,192000,3999.667,120.0,8,11,2,0.00000,0.00000,0.00000,0.00000,0.00000
41.901,2,41780.000,85483,192000,3999.104,120.0,8,11,2,0.00008,0.00000,0.00008,0.00000,0.00000
42.002,0,41986.000,95364,192000,3999.250,120.0,8,11,2,0.00000,0.00000,0.00000,0.00000,0.00000
42.002,1,42091.000,100402,192000,3999.292,120.0,8,11,2,0.00000,0.00000,0.00000,0.00000,0.00000
42.002,2,41881.000,90325,192000,3999.229,120.0,8,11,2,0.00006,0.00000,0.00006,0.00000,0.00000
42.106,0,42090.000,100336,192000,3999.667,120.0,8,11,2,0.00000,0.00000,0.00000,0.00000,0.00000
42.106,1,42195.000,105387,192000,3999.438,120.0,8,11,2,0.00000,0.00000,0.00000,0.00000,0.00000
42.106,2,41985.000,95285,192000,3999.896,120.0,8,11,2,0.00004,0.00000,0.00004,0.00000,0.00000
42.207,0,42191.000,105180,192000,3999.750,120.0,8,11,2,0.00000,0.00000,0.00000,0.00000,0.00000
42.207,1,42296.000,110243,192000,3999.271,120.0,8,11,2,0.00000,0.00000,0.00000,0.00000,0.00000
42.207,2,42085.000,100117,192000,3999.229,120.0,8,11,2,0.00002,0.00000,0.00002,0.00000,0.00000
42.307,0,42291.000,109987,192000,3999.604,120.0,8,11,2,0.00000,0.00000,0.00000,0.00000,0.00000
42.307,1,42397.000,115062,192000,3999.875,120.0,8,11,2,0.00000,0.00000,0.00000,0.00000,0.00000
42.307,2,42185.000,104912,192000,3999.333,120.0,8,11,2,0.00002,0.00000,0.00002,0.00000,0.00000
42.410,0,42394.000,114932,192000,3999.583,120.0,8,11,2,0.00000,0.00000,0.00000,0.00000,0.00000
42.410,1,42500.000,120019,192000,3999.604,120.0,8,11,2,0.00000,0.00000,0.00000,0.00000,0.00000
42.410,2,42288.000,109845,192000,3999.562,120.0,8,11,2,0.00001,0.00000,0.00001,0.00000,0.00000
42.513,0,42497.000,119871,192000,3999.688,120.0,8,11,2,0.00000,0.00000,0.00000,0.00000,0.00000
42.513,1,42603.000,124971,192000,3999.438,120.0,8,11,2,0.00000,0.00000,0.00000,0.00000,0.00000
42.513,2,42391.000,114771,192000,3999.938,120.0,8,11,2,0.00001,0.00000,0.00001,0.00000,0.00000
42.616,0,42600.000,124832,192000,3999.333,120.0,8,11,2,0.00000,0.00000,0.00000,0.00000,0.00000
42.616,1,42707.000,129944,192000,3999.833,120.0,8,11,2,0.00000,0.00000,0.00000,0.00000,0.00000
42.616,2,42494.000,119720,192000,3999.833,120.0,8,11,2,0.00000,0.00000,0.00000,0.00000,0.00000
42.719,0,42704.000,129794,192000,3999.958,120.0,8,11,2,0.00000,0.00000,0.00000,0.00000,0.00000
42.719,1,42810.000,134918,192000,3999.208,120.0,8,11,2,0.00000,0.00000,0.00000,0.00000,0.00000
42.719,2,42597.000,124669,192000,3999.729,120.0,8,11,2,0.00000,0.00000,0.00000,0.00000,0.00000
42.820,0,42804.000,134609,192000,3999.646,120.0,8,11,2,0.00000,0.00000,0.00000,0.00000,0.00000
42.820,1,42911.000,139746,192000,3999.625,120.0,8,11,2,0.00000,0.00000,0.00000,0.00000,0.00000
42.820,2,42697.000,129473,192000,3999.646,120.0,8,11,2,0.00000,0.00000,0.00000,0.00000,0.00000
42.923,0,42907.000,139550,192000,3999.708,120.0,8,11,2,0.00000,0.00000,0.00000,0.00000,0.00000
42.923,1,43014.000,144699,192000,3999.438,120.0,8,11,2,0.00000,0.00000,0.00000,0.00000,0.00000
42.923,2,42800.000,134401,192000,3999.979,120.0,8,11,2,0.00000,0.00000,0.00000,0.00000,0.00000
43.024,0,43008.000,144393,192000,3999.812,120.0,8,11,2,0.00000,0.00000,0.00000,0.00000,0.00000
43.024,1,43115.000,149554,192000,3999.292,120.0,8,11,2,0.00000,0.00000,0.00000,0.00000,0.00000
43.024,2,42900.000,139232,192000,3999.333,120.0,8,11,2,0.00000,0.00000,0.00000,0.00000,0.00000
43.126,0,43110.000,149327,192000,3999.021,120.0,8,11,2,0.00000,0.00000,0.00000,0.00000,0.00000
43.126,1,43218.000,154501,192000,3999.229,120.0,8,11,2,0.00000,0.00000,0.00000,0.00000,0.00000
43.126,2,43003.000,144154,192000,3999.792,120.0,8,11,2,0.00000,0.00000,0.00000,0.00000,0.00000
43.230,0,43214.000,154285,192000,3999.729,120.0,8,11,2,0.00000,0.00000,0.00000,0.00000,0.00000
43.230,1,43322.000,159470,192000,3999.708,120.0,8,11,2,0.00000,0.00000,0.00000,0.00000,0.00000
43.230,2,43106.000,149099,192000,3999.771,120.0,8,11,2,0.00000,0.00000,0.00000,0.00000,0.00000
43.333,0,43317.000,159230,192000,3999.708,120.0,8,11,2,0.00000,0.00000,0.00000,0.00000,0.00000
43.333,1,43425.000,164429,192000,3999.396,120.0,8,11,2,0.00000,0.00000,0.00000,0.00000,0.00000
43.333,2,43209.000,154032,192000,0.000,120.0,8,11,2,0.00000,0.00000,0.00000,0.00000,0.00000
43.435,0,43419.000,164143,192000,3999.354,120.0,8,11,2,0.00000,0.00000,0.00000,0.00000,0.00000
43.435,1,43528.000,169353,192000,3999.812,120.0,8,11,2,0.00000,0.00000,0.00000,0.00000,0.00000
43.435,2,43311.000,158933,192000,3999.896,120.0,8,11,2,0.00000,0.00000,0.00000,0.00000,0.00000
43.535,0,43520.000,168961,192000,3999.979,120.0,8,11,2,0.00000,0.00000,0.00000,0.00000,0.00000
43.535,1,43628.000,174184,192000,3999.167,120.0,8,11,2,0.00000,0.00000,0.00000,0.00000,0.00000
43.535,2,43411.000,163739,192000,3999.771,120.0,8,11,2,0.00000,0.00000,0.00000,0.00000,0.00000
43.637,0,43621.000,173850,192000,3999.125,120.0,8,11,2,0.00000,0.00000,0.00000,0.00000,0.00000
43.637,1,43730.000,179084,192000,3999.083,120.0,8,11,2,0.00000,0.00000,0.00000,0.00000,0.00000
43.637,2,43512.000,168615,192000,3999.188,120.0,8,11,2,0.00000,0.00000,0.00000,0.00000,0.00000
43.739,0,43723.000,178738,192000,3999.292,120.0,8,11,2,0.00000,0.00000,0.00000,0.00000,0.00000
43.739,1,43833.000,183985,192000,3999.979,120.0,8,11,2,0.00000,0.00000,0.00000,0.00000,0.00000
43.739,2,43614.000,173491,192000,3999.604,120.0,8,11,2,0.00000,0.00000,0.00000,0.00000,0.00000
43.841,0,43825.000,183636,192000,3999.250,120.0,8,11,2,0.00000,0.00000,0.00000,0.00000,0.00000
43.841,1,43935.000,188895,192000,3999.688,120.0,8,11,2,0.00000,0.00000,0.00000,0.00000,0.00000
43.841,2,43716.000,178377,192000,3999.812,120.0,8,11,2,0.00000,0.00000,0.00000,0.00000,0.00000
43.943,0,43927.000,188543,192000,3999.021,120.0,8,11,2,0.00000,0.00000,0.00000,0.00000,0.00000
43.943,1,44037.000,1814,192000,3999.208,120.0,8,12,2,0.11850,0.11850,0.11821,0.00000,0.00000
43.943,2,43818.000,183271,192000,3999.854,120.0,8,11,2,0.00000,0.00000,0.00000,0.00000,0.00000
44.045,0,44029.000,1419,192000,3999.438,120.0,8,12,2,0.12223,0.12211,0.12223,0.00000,0.00000
44.045,1,44139.000,6702,192000,3999.375,120.0,8,12,2,0.07759,0.07759,0.07740,0.00000,0.00000
44.045,2,43919.000,188135,192000,3999.521,120.0,8,11,2,0.00000,0.00000,0.00000,0.00000,0.00000
44.149,0,44133.000,6424,192000,3999.167,120.0,8,12,2,0.07922,0.07915,0.07922,0.00000,0.00000
44.149,1,44244.000,11720,192000,3999.833,120.0,8,12,2,0.05023,0.05023,0.05011,0.00000,0.00000
44.149,2,44023.000,1127,192000,3999.521,120.0,8,12,2,0.12576,0.12576,0.00000,0.00000,0.00000
44.251,0,44235.000,11304,192000,3999.500,120.0,8,12,2,0.05191,0.05186,0.05191,0.00000,0.00000
44.251,1,44346.000,16613,192000,3999.896,120.0,8,12,2,0.03287,0.03287,0.03279,0.00000,0.00000
44.251,2,44124.000,5996,192000,3999.083,120.0,8,12,2,0.08247,0.08247,0.00000,0.00000,0.00000
44.354,0,44339.000,16275,192000,3999.938,120.0,8,12,2,0.03374,0.03371,0.03374,0.00000,0.00000
44.354,1,44449.000,21596,192000,3999.083,120.0,8,12,2,0.02135,0.02135,0.02129,0.00000,0.00000
44.354,2,44228.000,10954,192000,3999.792,120.0,8,12,2,0.05367,0.05367,0.00000,0.00000,0.00000
44.456,0,44441.000,21170,192000,3999.958,120.0,8,12,2,0.02208,0.02206,0.02208,0.00000,0.00000
44.456,1,44552.000,26503,192000,3999.854,120.0,8,12,2,0.01395,0.01395,0.01392,0.00000,0.00000
44.456,2,44329.000,15837,192000,3999.062,120.0,8,12,2,0.03516,0.03516,0.00000,0.00000,0.00000
44.557,0,44541.000,25977,192000,3999.812,120.0,8,12,2,0.01456,0.01454,0.01456,0.00000,0.00000
44.557,1,44652.000,31322,192000,3999.458,120.0,8,12,2,0.00919,0.00919,0.00917,0.00000,0.00000
44.557,2,44429.000,20632,192000,3999.167,120.0,8,12,2,0.02321,0.02321,0.00000,0.00000,0.00000
44.659,0,44643.000,30897,192000,3999.312,120.0,8,12,2,0.00951,0.00950,0.00951,0.00000,0.00000
44.659,1,44755.000,36254,192000,3999.708,120.0,8,12,2,0.00600,0.00600,0.00598,0.00000,0.00000
44.659,2,44532.000,25539,192000,3999.938,120.0,8,12,2,0.01517,0.01517,0.00000,0.00000,0.00000
44.759,0,44744.000,35720,192000,3999.833,120.0,8,12,2,0.00626,0.00625,0.00626,0.00000,0.00000
44.759,1,44856.000,41089,192000,3999.979,120.0,8,12,2,0.00394,0.00394,0.00393,0.00000,0.00000
44.759,2,44632.000,30350,192000,3999.708,120.0,8,12,2,0.01000,0.01000,0.00000,0.00000,0.00000
44.860,0,44845.000,40563,192000,3999.938,120.0,8,12,2,0.00411,0.00411,0.00411,0.00000,0.00000
44.860,1,44957.000,45945,192000,3999.812,120.0,8,12,2,0.00259,0.00259,0.00258,0.00000,0.00000
44.860,2,44732.000,35182,192000,3999.042,120.0,8,12,2,0.00658,0.00658,0.00000,0.00000,0.00000
44.961,0,44945.000,45407,192000,3999.021,120.0,8,12,2,0.00270,0.00270,0.00270,0.00000,0.00000
44.961,1,45058.000,50800,192000,3999.667,120.0,8,12,2,0.00170,0.00170,0.00170,0.00000,0.00000
44.961,2,44833.000,40013,192000,3999.396,120.0,8,12,2,0.00433,0.00433,0.00000,0.00000,0.00000
45.061,0,45046.000,50208,192000,0.000,120.0,8,12,2,0.00178,0.00178,0.00178,0.00000,0.00000
45.061,1,45158.000,55613,192000,3999.396,120.0,8,12,2,0.00112,0.00112,0.00112,0.00000,0.00000
45.061,2,44933.000,44802,192000,3999.625,120.0,8,12,2,0.00286,0.00286,0.00000,0.00000,0.00000
45.163,0,45147.000,55093,192000,3999.229,120.0,8,12,2,0.00117,0.00117,0.00117,0.00000,0.00000
45.163,1,45260.000,60511,192000,3999.354,120.0,8,12,2,0.00073,0.00073,0.00073,0.00000,0.00000
45.163,2,45034.000,49675,192000,3999.104,120.0,8,12,2,0.00187,0.00187,0.00000,0.00000,0.00000
45.263,0,45248.000,59904,192000,0.000,120.0,8,12,2,0.00077,0.00077,0.00077,0.00000,0.00000
45.263,1,45361.000,65333,192000,3999.896,120.0,8,12,2,0.00048,0.00048,0.00048,0.00000,0.00000
45.263,2,45134.000,54474,192000,3999.125,120.0,8,12,2,0.00124,0.00124,0.00000,0.00000,0.00000
45.366,0,45351.000,64851,192000,3999.938,120.0,8,12,2,0.00050,0.00050,0.00050,0.00000,0.00000
45.366,1,45464.000,70294,192000,3999.542,120.0,8,12,2,0.00031,0.00031,0.00031,0.00000,0.00000
45.366,2,45237.000,59409,192000,3999.312,120.0,8,12,2,0.00081,0.00081,0.00000,0.00000,0.00000
45.469,0,45453.000,69756,192000,3999.750,120.0,8,12,2,0.00033,0.00033,0.00033,0.00000,0.00000
45.469,1,45566.000,75211,192000,3999.104,120.0,8,12,2,0.00021,0.00021,0.00020,0.00000,0.00000
45.469,2,45339.000,64302,192000,3999.375,120.0,8,12,2,0.00053,0.00053,0.00000,0.00000,0.00000
45.570,0,45554.000,74629,192000,3999.229,120.0,8,12,2,0.00021,0.00021,0.00021,0.00000,0.00000
45.570,1,45668.000,80095,192000,3999.354,120.0,8,12,2,0.00013,0.00013,0.00013,0.00000,0.00000
45.570,2,45440.000,69162,192000,3999.125,120.0,8,12,2,0.00035,0.00035,0.00000,0.00000,0.00000
45.672,0,45656.000,79524,192000,3999.250,120.0,8,12,2,0.00014,0.00014,0.00014,0.00000,0.00000
45.672,1,45770.000,85002,192000,3999.125,120.0,8,12,2,0.00009,0.00009,0.00009,0.00000,0.00000
45.672,2,45542.000,74045,192000,3999.396,120.0,8,12,2,0.00023,0.00023,0.00000,0.00000,0.00000
45.774,0,45758.000,84396,192000,3999.750,120.0,8,12,2,0.00009,0.00009,0.00009,0.00000,0.00000
45.774,1,45872.000,89887,192000,3999.354,120.0,8,12,2,0.00006,0.00006,0.00006,0.00000,0.00000
45.774,2,45643.000,78905,192000,3999.146,120.0,8,12,2,0.00015,0.00015,0.00000,0.00000,0.00000
45.874,0,45859.000,89237,192000,3999.896,120.0,8,12,2,0.00006,0.00006,0.00006,0.00000,0.00000
45.874,1,45973.000,94741,192000,3999.229,120.0,8,12,2,0.00004,0.00004,0.00004,0.00000,0.00000
45.874,2,45744.000,83734,192000,3999.542,120.0,8,12,2,0.00010,0.00010,0.00000,0.00000,0.00000
45.978,0,45962.000,94192,192000,3999.667,120.0,8,12,2,0.00004,0.00004,0.00004,0.00000,0.00000
45.978,1,46077.000,99708,192000,3999.750,120.0,8,12,2,0.00002,0.00002,0.00002,0.00000,0.00000
45.978,2,45847.000,88676,192000,3999.583,120.0,8,12,2,0.00006,0.00006,0.00000,0.00000,0.00000
46.078,0,46063.000,99026,192000,3999.958,120.0,8,12,2,0.00003,0.00003,0.00003,0.00000,0.00000
46.078,1,46178.000,104554,192000,3999.792,120.0,8,12,2,0.00002,0.00002,0.00002,0.00000,0.00000
46.078,2,45947.000,93499,192000,3999.104,120.0,8,12,2,0.00004,0.00004,0.00000,0.00000,0.00000
46.180,0,46164.000,103884,192000,3999.750,120.0,8,12,2,0.00002,0.00002,0.00002,0.00000,0.00000
46.180,1,46279.000,109423,192000,3999.354,120.0,8,12,2,0.00001,0.00001,0.00001,0.00000,0.00000
46.180,2,46048.000,98344,192000,3999.167,120.0,8,12,2,0.00003,0.00003,0.00000,0.00000,0.00000
46.280,0,46264.000,108693,192000,3999.562,120.0,8,12,2,0.00001,0.00001,0.00001,0.00000,0.00000
46.280,1,46380.000,114245,192000,3999.896,120.0,8,12,2,0.00001,0.00001,0.00001,0.00000,0.00000
46.280,2,46148.000,103141,192000,3999.229,120.0,8,12,2,0.00002,0.00002,0.00000,0.00000,0.00000
46.383,0,46367.000,113632,192000,3999.667,120.0,8,12,2,0.00001,0.00001,0.00001,0.00000,0.00000
46.383,1,46483.000,119196,192000,3999.750,120.0,8,12,2,0.00000,0.00000,0.00000,0.00000,0.00000
46.383,2,46251.000,108068,192000,3999.583,120.0,8,12,2,0.00001,0.00001,0.00000,0.00000,0.00000
46.484,0,46468.000,118475,192000,3999.771,120.0,8,12,2,0.00000,0.00000,0.00000,0.00000,0.00000
46.484,1,46584.000,124051,192000,3999.604,120.0,8,12,2,0.00000,0.00000,0.00000,0.00000,0.00000
46.484,2,46352.000,112899,192000,3999.938,120.0,8,12,2,0.00001,0.00001,0.00000,0.00000,0.00000
46.585,0,46569.000,123343,192000,3999.354,120.0,8,12,2,0.00000,0.00000,0.00000,0.00000,0.00000
46.585,1,46686.000,128931,192000,3999.938,120.0,8,12,2,0.00000,0.00000,0.00000,0.00000,0.00000
46.585,2,46453.000,117755,192000,3999.771,120.0,8,12,2,0.00001,0.00001,0.00000,0.00000,0.00000
46.686,0,46670.000,128199,192000,3999.188,120.0,8,12,2,0.00000,0.00000,0.00000,0.00000,0.00000
46.686,1,46787.000,133799,192000,3999.521,120.0,8,12,2,0.00000,0.00000,0.00000,0.00000,0.00000
46.686,2,46554.000,122598,192000,3999.875,120.0,8,12,2,0.00000,0.00000,0.00000,0.00000,0.00000
46.789,0,46773.000,133125,192000,3999.562,120.0,8,12,2,0.00000,0.00000,0.00000,0.00000,0.00000
46.789,1,46890.000,138738,192000,3999.625,120.0,8,12,2,0.00000,0.00000,0.00000,0.00000,0.00000
46.789,2,46656.000,127512,192000,3999.500,120.0,8,12,2,0.00000,0.00000,0.00000,0.00000,0.00000
46.891,0,46876.000,138049,192000,3999.979,120.0,8,12,2,0.00000,0.00000,0.00000,0.00000,0.00000
46.891,1,46993.000,143675,192000,3999.771,120.0,8,12,2,0.00000,0.00000,0.00000,0.00000,0.00000
46.891,2,46758.000,132424,192000,3999.167,120.0,8,12,2,0.00000,0.00000,0.00000,0.00000,0.00000
46.994,0,46978.000,142961,192000,3999.646,120.0,8,12,2,0.00000,0.00000,0.00000,0.00000,0.00000
46.994,1,47095.000,148598,192000,3999.208,120.0,8,12,2,0.00000,0.00000,0.00000,0.00000,0.00000
46.994,2,46860.000,137323,192000,3999.104,120.0,8,12,2,0.00000,0.00000,0.00000,0.00000,0.00000
47.096,0,47080.000,147853,192000,3999.729,120.0,8,12,2,0.00000,0.00000,0.00000,0.00000,0.00000
47.096,1,47197.000,153502,192000,3999.042,120.0,8,12,2,0.00000,0.00000,0.00000,0.00000,0.00000
47.096,2,46962.000,142203,192000,3999.438,120.0,8,12,2,0.00000,0.00000,0.00000,0.00000,0.00000
47.199,0,47184.000,152835,192000,3999.938,120.0,8,12,2,0.00000,0.00000,0.00000,0.00000,0.00000
47.199,1,47302.000,158497,192000,3999.979,120.0,8,12,2,0.00000,0.00000,0.00000,0.00000,0.00000
47.199,2,47066.000,147173,192000,3999.896,120.0,8,12,2,0.00000,0.00000,0.00000,0.00000,0.00000
47.303,0,47287.000,157807,192000,3999.354,120.0,8,12,2,0.00000,0.00000,0.00000,0.00000,0.00000
47.303,1,47405.000,163481,192000,3999.146,120.0,8,12,2,0.00000,0.00000,0.00000,0.00000,0.00000
47.303,2,47169.000,152132,192000,3999.583,120.0,8,12,2,0.00000,0.00000,0.00000,0.00000,0.00000
47.405,0,47389.000,162689,192000,3999.646,120.0,8,12,2,0.00000,0.00000,0.00000,0.00000,0.00000
47.405,1,47507.000,168376,192000,3999.167,120.0,8,12,2,0.00000,0.00000,0.00000,0.00000,0.00000
47.405,2,47270.000,157002,192000,3999.125,120.0,8,12,2,0.00000,0.00000,0.00000,0.00000,0.00000
47.506,0,47490.000,167529,192000,3999.812,120.0,8,12,2,0.00000,0.00000,0.00000,0.00000,0.00000
47.506,1,47608.000,173228,192000,3999.083,120.0,8,12,2,0.00000,0.00000,0.00000,0.00000,0.00000
47.506,2,47371.000,161830,192000,3999.542,120.0,8,12,2,0.00000,0.00000,0.00000,0.00000,0.00000
47.607,0,47591.000,172411,192000,3999.104,120.0,8,12,2,0.00000,0.00000,0.00000,0.00000,0.00000
47.607,1,47710.000,178122,192000,3999.125,120.0,8,12,2,0.00000,0.00000,0.00000,0.00000,0.00000
47.607,2,47472.000,166700,192000,3999.083,120.0,8,12,2,0.00000,0.00000,0.00000,0.00000,0.00000
47.709,0,47693.000,177276,192000,3999.750,120.0,8,12,2,0.00000,0.00000,0.00000,0.00000,0.00000
47.709,1,47812.000,182999,192000,3999.521,120.0,8,12,2,0.00000,0.00000,0.00000,0.00000,0.00000
47.709,2,47574.000,171553,192000,3999.979,120.0,8,12,2,0.00000,0.00000,0.00000,0.00000,0.00000
47.809,0,47793.000,182081,192000,3999.646,120.0,8,12,2,0.00000,0.00000,0.00000,0.00000,0.00000
47.809,1,47912.000,187816,192000,3999.167,120.0,8,12,2,0.00000,0.00000,0.00000,0.00000,0.00000
47.809,2,47673.000,176345,192000,3999.146,120.0,8,12,2,0.00000,0.00000,0.00000,0.00000,0.00000
47.912,0,47897.000,187059,192000,3999.938,120.0,8,12,2,0.00000,0.00000,0.00000,0.00000,0.00000
47.912,1,48016.000,806,192000,3999.208,120.0,8,13,2,0.00000,0.00000,0.00000,0.00000,0.00000
47.912,2,47777.000,181311,192000,3999.688,120.0,8,12,2,0.00000,0.00000,0.00000,0.00000,0.00000
48.014,0,47998.000,191949,192000,3999.062,120.0,8,12,2,0.00000,0.00000,0.00000,0.00000,0.00000
48.014,1,48118.000,5709,192000,3999.062,120.0,8,13,2,0.00000,0.00000,0.00000,0.00000,0.00000
48.014,2,47878.000,186189,192000,3999.062,120.0,8,12,2,0.00000,0.00000,0.00000,0.00000,0.00000
48.115,0,48099.000,4763,192000,3999.771,120.0,8,13,2,0.00000,0.00000,0.00000,0.00000,0.00000
48.115,1,48219.000,10535,192000,3999.521,120.0,8,13,2,0.00000,0.00000,0.00000,0.00000,0.00000
48.115,2,47978.000,190991,192000,3999.021,120.0,8,12,2,0.00000,0.00000,0.00000,0.00000,0.00000
48.215,0,48199.000,9564,192000,3999.750,120.0,8,13,2,0.00000,0.00000,0.00000,0.00000,0.00000
48.215,1,48319.000,15348,192000,3999.250,120.0,8,13,2,0.00000,0.00000,0.00000,0.00000,0.00000
48.215,2,48078.000,3780,192000,3999.250,120.0,8,13,2,0.00000,0.00000,0.00000,0.00000,0.00000
48.318,0,48302.000,14517,192000,3999.562,120.0,8,13,2,0.00000,0.00000,0.00000,0.00000,0.00000
48.318,1,48423.000,20313,192000,3999.812,120.0,8,13,2,0.00000,0.00000,0.00000,0.00000,0.00000
48.318,2,48181.000,8721,192000,3999.312,120.0,8,13,2,0.00000,0.00000,0.00000,0.00000,0.00000
48.419,0,48403.000,19375,192000,3999.354,120.0,8,13,2,0.00000,0.00000,0.00000,0.00000,0.00000
48.419,1,48524.000,25184,192000,3999.333,120.0,8,13,2,0.00000,0.00000,0.00000,0.00000,0.00000
48.419,2,48282.000,13567,192000,3999.354,120.0,8,13,2,0.00000,0.00000,0.00000,0.00000,0.00000
48.520,0,48504.000,24212,192000,3999.583,120.0,8,13,2,0.00000,0.00000,0.00000,0.00000,0.00000
48.520,1,48625.000,30033,192000,3999.312,120.0,8,13,2,0.00000,0.00000,0.00000,0.00000,0.00000
48.520,2,48383.000,18392,192000,3999.833,120.0,8,13,2,0.00000,0.00000,0.00000,0.00000,0.00000
48.621,0,48605.000,29087,192000,3999.021,120.0,8,13,2,0.00000,0.00000,0.00000,0.00000,0.00000
48.621,1,48727.000,34920,192000,3999.500,120.0,8,13,2,0.00000,0.00000,0.00000,0.00000,0.00000
48.621,2,48484.000,23255,192000,3999.521,120.0,8,13,2,0.00000,0.00000,0.00000,0.00000,0.00000
48.722,0,48706.000,33905,192000,3999.646,120.0,8,13,2,0.00000,0.00000,0.00000,0.00000,0.00000
48.722,1,48828.000,39750,192000,3999.875,120.0,8,13,2,0.00000,0.00000,0.00000,0.00000,0.00000
48.722,2,48584.000,28060,192000,3999.417,120.0,8,13,2,0.00000,0.00000,0.00000,0.00000,0.00000
48.825,0,48809.000,38858,192000,3999.458,120.0,8,13,2,0.00000,0.00000,0.00000,0.00000,0.00000
48.825,1,48931.000,44715,192000,3999.438,120.0,8,13,2,0.00000,0.00000,0.00000,0.00000,0.00000
48.825,2,48687.000,33001,192000,3999.479,120.0,8,13,2,0.00000,0.00000,0.00000,0.00000,0.00000
48.926,0,48911.000,43736,192000,3999.833,120.0,8,13,2,0.00000,0.00000,0.00000,0.00000,0.00000
48.926,1,49033.000,49605,192000,3999.562,120.0,8,13,2,0.00000,0.00000,0.00000,0.00000,0.00000
48.926,2,48788.000,37866,192000,3999.125,120.0,8,13,2,0.00000,0.00000,0.00000,0.00000,0.00000
49.028,0,49012.000,48605,192000,3999.396,120.0,8,13,2,0.00000,0.00000,0.00000,0.00000,0.00000
49.028,1,49135.000,54486,192000,3999.875,120.0,8,13,2,0.00000,0.00000,0.00000,0.00000,0.00000
49.028,2,48890.000,42723,192000,3999.938,120.0,8,13,2,0.00000,0.00000,0.00000,0.00000,0.00000
49.130,0,49114.000,53487,192000,3999.688,120.0,8,13,2,0.00000,0.00000,0.00000,0.00000,0.00000
49.130,1,49237.000,59381,192000,3999.896,120.0,8,13,2,0.00000,0.00000,0.00000,0.00000,0.00000
49.130,2,48991.000,47593,192000,3999.479,120.0,8,13,2,0.00000,0.00000,0.00000,0.00000,0.00000
49.232,0,49216.000,58381,192000,3999.729,120.0,8,13,2,0.00000,0.00000,0.00000,0.00000,0.00000
49.232,1,49339.000,64287,192000,3999.688,120.0,8,13,2,0.00000,0.00000,0.00000,0.00000,0.00000
49.232,2,49093.000,52475,192000,3999.771,120.0,8,13,2,0.00000,0.00000,0.00000,0.00000,0.00000
49.334,0,49318.000,63308,192000,3999.083,120.0,8,13,2,0.00000,0.00000,0.00000,0.00000,0.00000
49.334,1,49442.000,69226,192000,3999.792,120.0,8,13,2,0.00000,0.00000,0.00000,0.00000,0.00000
49.334,2,49195.000,57389,192000,3999.396,120.0,8,13,2,0.00000,0.00000,0.00000,0.00000,0.00000
49.437,0,49421.000,68248,192000,3999.167,120.0,8,13,2,0.00000,0.00000,0.00000,0.00000,0.00000
49.437,1,49545.000,74178,192000,3999.625,120.0,8,13,2,0.00000,0.00000,0.00000,0.00000,0.00000
49.437,2,49298.000,62317,192000,3999.729,120.0,8,13,2,0.00000,0.00000,0.00000,0.00000,0.00000
49.540,0,49524.000,73177,192000,3999.479,120.0,8,13,2,0.00000,0.00000,0.00000,0.00000,0.00000
49.540,1,49648.000,79120,192000,3999.667,120.0,8,13,2,0.00000,0.00000,0.00000,0.00000,0.00000
49.540,2,49400.000,67234,192000,3999.292,120.0,8,13,2,0.00000,0.00000,0.00000,0.00000,0.00000
49.641,0,49625.000,78038,192000,3999.208,120.0,8,13,2,0.00000,0.00000,0.00000,0.00000,0.00000
49.641,1,49749.000,83993,192000,3999.146,120.0,8,13,2,0.00000,0.00000,0.00000,0.00000,0.00000
49.641,2,49501.000,72082,192000,3999.292,120.0,8,13,2,0.00000,0.00000,0.00000,0.00000,0.00000
49.744,0,49728.000,82974,192000,3999.375,120.0,8,13,2,0.00000,0.00000,0.00000,0.00000,0.00000
49.744,1,49852.000,88942,192000,3999.042,120.0,8,13,2,0.00000,0.00000,0.00000,0.00000,0.00000
49.744,2,49604.000,77007,192000,3999.688,120.0,8,13,2,0.00000,0.00000,0.00000,0.00000,0.00000
49.846,0,49830.000,87854,192000,3999.708,120.0,8,13,2,0.00000,0.00000,0.00000,0.00000,0.00000
49.846,1,49954.000,93834,192000,3999.125,120.0,8,13,2,0.00000,0.00000,0.00000,0.00000,0.00000
49.846,2,49705.000,81875,192000,3999.271,120.0,8,13,2,0.00000,0.00000,0.00000,0.00000,0.00000
49.946,0,49930.000,92684,192000,3999.083,120.0,8,13,2,0.00000,0.00000,0.00000,0.00000,0.00000
49.946,1,50055.000,98676,192000,3999.250,120.0,8,13,2,0.00000,0.00000,0.00000,0.00000,0.00000
49.946,2,49806.000,86692,192000,3999.917,120.0,8,13,2,0.00000,0.00000,0.00000,0.00000,0.00000
50.049,0,50033.000,97612,192000,3999.417,120.0,8,13,2,0.00000,0.00000,0.00000,0.00000,0.00000
50.049,1,50158.000,103616,192000,3999.333,120.0,8,13,2,0.00000,0.00000,0.00000,0.00000,0.00000
50.049,2,49908.000,91608,192000,3999.500,120.0,8,13,2,0.00000,0.00000,0.00000,0.00000,0.00000
50.151,0,50135.000,102515,192000,3999.271,120.0,8,13,2,0.00000,0.00000,0.00000,0.00000,0.00000
50.151,1,50261.000,108531,192000,3999.938,120.0,8,13,2,0.00000,0.00000,0.00000,0.00000,0.00000
50.151,2,50010.000,96499,192000,3999.604,120.0,8,13,2,0.00000,0.00000,0.00000,0.00000,0.00000
50.254,0,50238.000,107446,192000,3999.542,120.0,8,13,2,0.00000,0.00000,0.00000,0.00000,0.00000
50.254,1,50364.000,113475,192000,3999.938,120.0,8,13,2,0.00000,0.00000,0.00000,0.00000,0.00000
50.254,2,50112.000,101418,192000,3999.125,120.0,8,13,2,0.00000,0.00000,0.00000,0.00000,0.00000
50.357,0,50341.000,112401,192000,3999.312,120.0,8,13,2,0.00000,0.00000,0.00000,0.00000,0.00000
50.357,1,50467.000,118442,192000,3999.458,120.0,8,13,2,0.00000,0.00000,0.00000,0.00000,0.00000
50.357,2,50215.000,106360,192000,3999.167,120.0,8,13,2,0.00000,0.00000,0.00000,0.00000,0.00000
50.460,0,50445.000,117361,192000,3999.979,120.0,8,13,2,0.00000,0.00000,0.00000,0.00000,0.00000
50.460,1,50571.000,123415,192000,3999.854,120.0,8,13,2,0.00000,0.00000,0.00000,0.00000,0.00000
50.460,2,50318.000,111308,192000,3999.083,120.0,8,13,2,0.00000,0.00000,0.00000,0.00000,0.00000
50.564,0,50548.000,122319,192000,3999.688,120.0,8,13,2,0.00000,0.00000,0.00000,0.00000,0.00000
50.564,1,50674.000,128384,192000,3999.333,120.0,8,13,2,0.00000,0.00000,0.00000,0.00000,0.00000
50.564,2,50421.000,116253,192000,3999.062,120.0,8,13,2,0.00000,0.00000,0.00000,0.00000,0.00000
50.664,0,50648.000,127131,192000,3999.438,120.0,8,13,2,0.00000,0.00000,0.00000,0.00000,0.00000
50.664,1,50775.000,133209,192000,3999.812,120.0,8,13,2,0.00000,0.00000,0.00000,0.00000,0.00000
50.664,2,50521.000,121053,192000,3999.062,120.0,8,13,2,0.00000,0.00000,0.00000,0.00000,0.00000
50.765,0,50749.000,131966,192000,3999.708,120.0,8,13,2,0.00000,0.00000,0.00000,0.00000,0.00000
50.765,1,50876.000,138056,192000,3999.833,120.0,8,13,2,0.00000,0.00000,0.00000,0.00000,0.00000
50.765,2,50622.000,125876,192000,3999.583,120.0,8,13,2,0.00000,0.00000,0.00000,0.00000,0.00000
50.868,0,50852.000,136943,192000,3999.021,120.0,8,13,2,0.00000,0.00000,0.00000,0.00000,0.00000
50.868,1,50980.000,143046,192000,3999.875,120.0,8,13,2,0.00000,0.00000,0.00000,0.00000,0.00000
50.868,2,50725.000,130841,192000,3999.146,120.0,8,13,2,0.00000,0.00000,0.00000,0.00000,0.00000
50.971,0,50955.000,141861,192000,3999.562,120.0,8,13,2,0.00000,0.00000,0.00000,0.00000,0.00000
50.971,1,51082.000,147976,192000,3999.167,120.0,8,13,2,0.00000,0.00000,0.00000,0.00000,0.00000
50.971,2,50828.000,135746,192000,3999.958,120.0,8,13,2,0.00000,0.00000,0.00000,0.00000,0.00000
51.073,0,51057.000,146747,192000,3999.771,120.0,8,13,2,0.00000,0.00000,0.00000,0.00000,0.00000
51.073,1,51184.000,152874,192000,3999.125,120.0,8,13,2,0.00000,0.00000,0.00000,0.00000,0.00000
51.073,2,50929.000,140620,192000,3999.417,120.0,8,13,2,0.00000,0.00000,0.00000,0.00000,0.00000
51.173,0,51158.000,151592,192000,3999.833,120.0,8,13,2,0.00000,0.00000,0.00000,0.00000,0.00000
51.173,1,51286.000,157731,192000,3999.938,120.0,8,13,2,0.00000,0.00000,0.00000,0.00000,0.00000
51.173,2,51030.000,145453,192000,3999.729,120.0,8,13,2,0.00000,0.00000,0.00000,0.00000,0.00000
51.275,0,51260.000,156482,192000,3999.958,120.0,8,13,2,0.00000,0.00000,0.00000,0.00000,0.00000
51.275,1,51388.000,162633,192000,3999.812,120.0,8,13,2,0.00000,0.00000,0.00000,0.00000,0.00000
51.275,2,51131.000,150331,192000,3999.104,120.0,8,13,2,0.00000,0.00000,0.00000,0.00000,0.00000
51.377,0,51361.000,161338,192000,3999.792,120.0,8,13,2,0.00000,0.00000,0.00000,0.00000,0.00000
51.377,1,51489.000,167501,192000,3999.396,120.0,8,13,2,0.00000,0.00000,0.00000,0.00000,0.00000
51.377,2,51232.000,155174,192000,3999.208,120.0,8,13,2,0.00000,0.00000,0.00000,0.00000,0.00000
51.480,0,51464.000,166301,192000,3999.396,120.0,8,13,2,0.00000,0.00000,0.00000,0.00000,0.00000
51.480,1,51593.000,172477,192000,3999.729,120.0,8,13,2,0.00000,0.00000,0.00000,0.00000,0.00000
51.480,2,51335.000,160125,192000,3999.062,120.0,8,13,2,0.00000,0.00000,0.00000,0.00000,0.00000
51.582,0,51566.000,171206,192000,3999.208,120.0,8,13,2,0.00000,0.00000,0.00000,0.00000,0.00000
51.582,1,51695.000,177394,192000,3999.292,120.0,8,13,2,0.00000,0.00000,0.00000,0.00000,0.00000
51.582,2,51437.000,165018,192000,3999.125,120.0,8,13,2,0.00000,0.00000,0.00000,0.00000,0.00000
51.685,0,51669.000,176136,192000,3999.500,120.0,8,13,2,0.00000,0.00000,0.00000,0.00000,0.00000
51.685,1,51798.000,182336,192000,3999.333,120.0,8,13,2,0.00000,0.00000,0.00000,0.00000,0.00000
51.685,2,51540.000,169936,192000,3999.667,120.0,8,13,2,0.00000,0.00000,0.00000,0.00000,0.00000
51.788,0,51772.000,181072,192000,3999.667,120.0,8,13,2,0.00000,0.00000,0.00000,0.00000,0.00000
51.788,1,51901.000,187285,192000,3999.229,120.0,8,13,2,0.00000,0.00000,0.00000,0.00000,0.00000
51.788,2,51642.000,174859,192000,3999.104,120.0,8,13,2,0.00000,0.00000,0.00000,0.00000,0.00000
51.889,0,51873.000,185947,192000,3999.104,120.0,8,13,2,0.00000,0.00000,0.00000,0.00000,0.00000
51.889,1,52003.000,172,192000,3999.417,120.0,8,14,2,0.00000,0.00000,0.00000,0.00000,0.00000
51.889,2,51744.000,179722,192000,3999.792,120.0,8,13,2,0.00000,0.00000,0.00000,0.00000,0.00000
51.991,0,51975.000,190837,192000,3999.229,120.0,8,13,2,0.00000,0.00000,0.00000,0.00000,0.00000
51.991,1,52105.000,5074,192000,3999.292,120.0,8,14,2,0.00000,0.00000,0.00000,0.00000,0.00000
51.991,2,51845.000,184600,192000,3999.167,120.0,8,13,2,0.00000,0.00000,0.00000,0.00000,0.00000
52.092,0,52076.000,3662,192000,3999.708,120.0,8,14,2,0.00000,0.00000,0.00000,0.00000,0.00000
52.092,1,52206.000,9911,192000,3999.521,120.0,8,14,2,0.00000,0.00000,0.00000,0.00000,0.00000
52.092,2,51946.000,189412,192000,3999.917,120.0,8,13,2,0.00000,0.00000,0.00000,0.00000,0.00000
52.195,0,52179.000,8612,192000,3999.583,120.0,8,14,2,0.00000,0.00000,0.00000,0.00000,0.00000
52.195,1,52309.000,14873,192000,3999.146,120.0,8,14,2,0.00000,0.00000,0.00000,0.00000,0.00000
52.195,2,52048.000,2350,192000,3999.042,120.0,8,14,2,0.11330,0.00000,0.11330,0.00000,0.00000
52.297,0,52281.000,13499,192000,3999.771,120.0,8,14,2,0.00000,0.00000,0.00000,0.00000,0.00000
52.297,1,52411.000,19773,192000,3999.062,120.0,8,14,2,0.00000,0.00000,0.00000,0.00000,0.00000
52.297,2,52150.000,7225,192000,3999.479,120.0,8,14,2,0.07427,0.00000,0.07427,0.00000,0.00000
52.398,0,52382.000,18380,192000,3999.083,120.0,8,14,2,0.00000,0.00000,0.00000,0.00000,0.00000
52.398,1,52513.000,24666,192000,3999.125,120.0,8,14,2,0.00000,0.00000,0.00000,0.00000,0.00000
52.398,2,52251.000,12094,192000,3999.042,120.0,8,14,2,0.04871,0.00000,0.04871,0.00000,0.00000
52.499,0,52483.000,23231,192000,3999.021,120.0,8,14,2,0.00000,0.00000,0.00000,0.00000,0.00000
52.499,1,52615.000,29529,192000,3999.812,120.0,8,14,2,0.00000,0.00000,0.00000,0.00000,0.00000
52.499,2,52352.000,16933,192000,3999.229,120.0,8,14,2,0.03203,0.00000,0.03203,0.00000,0.00000
52.602,0,52586.000,28147,192000,3999.604,120.0,8,14,2,0.00000,0.00000,0.00000,0.00000,0.00000
52.602,1,52717.000,34458,192000,3999.125,120.0,8,14,2,0.00000,0.00000,0.00000,0.00000,0.00000
52.602,2,52454.000,21837,192000,3999.062,120.0,8,14,2,0.02094,0.00000,0.02094,0.00000,0.00000
52.704,0,52688.000,33048,192000,3999.500,120.0,8,14,2,0.00000,0.00000,0.00000,0.00000,0.00000
52.704,1,52820.000,39370,192000,3999.792,120.0,8,14,2,0.00000,0.00000,0.00000,0.00000,0.00000
52.704,2,52556.000,26725,192000,3999.229,120.0,8,14,2,0.01371,0.00000,0.01371,0.00000,0.00000
52.804,0,52788.000,37852,192000,3999.417,120.0,8,14,2,0.00000,0.00000,0.00000,0.00000,0.00000
52.804,1,52920.000,44187,192000,3999.438,120.0,8,14,2,0.00000,0.00000,0.00000,0.00000,0.00000
52.804,2,52656.000,31518,192000,3999.375,120.0,8,14,2,0.00905,0.00000,0.00905,0.00000,0.00000
52.906,0,52890.000,42764,192000,3999.083,120.0,8,14,2,0.00000,0.00000,0.00000,0.00000,0.00000
52.906,1,53023.000,49111,192000,3999.854,120.0,8,14,2,0.00000,0.00000,0.00000,0.00000,0.00000
52.906,2,52758.000,36417,192000,3999.312,120.0,8,14,2,0.00592,0.00000,0.00592,0.00000,0.00000
53.009,0,52994.000,47712,192000,0.000,120.0,8,14,2,0.00000,0.00000,0.00000,0.00000,0.00000
53.009,1,53126.000,54071,192000,3999.521,120.0,8,14,2,0.00000,0.00000,0.00000,0.00000,0.00000
53.009,2,52861.000,41353,192000,3999.479,120.0,8,14,2,0.00386,0.00000,0.00386,0.00000,0.00000
53.111,0,53095.000,52578,192000,3999.625,120.0,8,14,2,0.00000,0.00000,0.00000,0.00000,0.00000
53.111,1,53228.000,58949,192000,3999.896,120.0,8,14,2,0.00000,0.00000,0.00000,0.00000,0.00000
53.111,2,52962.000,46206,192000,3999.375,120.0,8,14,2,0.00254,0.00000,0.00254,0.00000,0.00000
53.212,0,53196.000,57452,192000,3999.083,120.0,8,14,2,0.00000,0.00000,0.00000,0.00000,0.00000
53.212,1,53329.000,63836,192000,3999.083,120.0,8,14,2,0.00000,0.00000,0.00000,0.00000,0.00000
53.212,2,53063.000,51069,192000,3999.062,120.0,8,14,2,0.00166,0.00000,0.00166,0.00000,0.00000
53.315,0,53299.000,62395,192000,3999.104,120.0,8,14,2,0.00000,0.00000,0.00000,0.00000,0.00000
53.315,1,53433.000,68791,192000,3999.854,120.0,8,14,2,0.00000,0.00000,0.00000,0.00000,0.00000
53.315,2,53166.000,55999,192000,3999.354,120.0,8,14,2,0.00109,0.00000,0.00109,0.00000,0.00000
53.417,0,53401.000,67279,192000,3999.354,120.0,8,14,2,0.00000,0.00000,0.00000,0.00000,0.00000
53.417,1,53535.000,73688,192000,3999.833,120.0,8,14,2,0.00000,0.00000,0.00000,0.00000,0.00000
53.417,2,53268.000,60871,192000,3999.854,120.0,8,14,2,0.00071,0.00000,0.00071,0.00000,0.00000
53.520,0,53504.000,72204,192000,3999.750,120.0,8,14,2,0.00000,0.00000,0.00000,0.00000,0.00000
53.520,1,53638.000,78624,192000,0.000,120.0,8,14,2,0.00000,0.00000,0.00000,0.00000,0.00000
53.520,2,53370.000,65783,192000,3999.521,120.0,8,14,2,0.00046,0.00000,0.00046,0.00000,0.00000
53.622,0,53606.000,77134,192000,3999.042,120.0,8,14,2,0.00000,0.00000,0.00000,0.00000,0.00000
53.622,1,53740.000,83566,192000,3999.042,120.0,8,14,2,0.00000,0.00000,0.00000,0.00000,0.00000
53.622,2,53472.000,70701,192000,3999.062,120.0,8,14,2,0.00030,0.00000,0.00030,0.00000,0.00000
53.724,0,53708.000,82030,192000,3999.042,120.0,8,14,2,0.00000,0.00000,0.00000,0.00000,0.00000
53.724,1,53843.000,88476,192000,3999.750,120.0,8,14,2,0.00000,0.00000,0.00000,0.00000,0.00000
53.724,2,53574.000,75585,192000,3999.312,120.0,8,14,2,0.00020,0.00000,0.00020,0.00000,0.00000
53.827,0,53812.000,86983,192000,3999.854,120.0,8,14,2,0.00000,0.00000,0.00000,0.00000,0.00000
53.827,1,53946.000,93440,192000,3999.333,120.0,8,14,2,0.00000,0.00000,0.00000,0.00000,0.00000
53.827,2,53677.000,80525,192000,3999.396,120.0,8,14,2,0.00013,0.00000,0.00013,0.00000,0.00000
53.930,0,53914.000,91912,192000,3999.167,120.0,8,14,2,0.00000,0.00000,0.00000,0.00000,0.00000
53.930,1,54049.000,98382,192000,3999.375,120.0,8,14,2,0.00000,0.00000,0.00000,0.00000,0.00000
53.930,2,53780.000,85442,192000,3999.958,120.0,8,14,2,0.00008,0.00000,0.00008,0.00000,0.00000
54.031,0,54016.000,96775,192000,3999.854,120.0,8,14,2,0.00000,0.00000,0.00000,0.00000,0.00000
54.031,1,54151.000,103257,192000,3999.812,120.0,8,14,2,0.00000,0.00000,0.00000,0.00000,0.00000
54.031,2,53881.000,90293,192000,3999.896,120.0,8,14,2,0.00006,0.00000,0.00006,0.00000,0.00000
54.134,0,54118.000,101692,192000,3999.417,120.0,8,14,2,0.00000,0.00000,0.00000,0.00000,0.00000
54.134,1,54253.000,108186,192000,3999.125,120.0,8,14,2,0.00000,0.00000,0.00000,0.00000,0.00000
54.134,2,53983.000,95198,192000,3999.708,120.0,8,14,2,0.00004,0.00000,0.00004,0.00000,0.00000
54.237,0,54222.000,106661,192000,3999.896,120.0,8,14,2,0.00000,0.00000,0.00000,0.00000,0.00000
54.237,1,54357.000,113168,192000,3999.333,120.0,8,14,2,0.00000,0.00000,0.00000,0.00000,0.00000
54.237,2,54086.000,100155,192000,3999.438,120.0,8,14,2,0.00002,0.00000,0.00002,0.00000,0.00000
54.339,0,54323.000,111519,192000,3999.688,120.0,8,14,2,0.00000,0.00000,0.00000,0.00000,0.00000
54.339,1,54459.000,118038,192000,3999.875,120.0,8,14,2,0.00000,0.00000,0.00000,0.00000,0.00000
54.339,2,54187.000,105000,192000,3999.500,120.0,8,14,2,0.00002,0.00000,0.00002,0.00000,0.00000
54.442,0,54426.000,116474,192000,3999.458,120.0,8,14,2,0.00000,0.00000,0.00000,0.00000,0.00000
54.442,1,54562.000,123005,192000,3999.396,120.0,8,14,2,0.00000,0.00000,0.00000,0.00000,0.00000
54.442,2,54290.000,109943,192000,3999.521,120.0,8,14,2,0.00001,0.00000,0.00001,0.00000,0.00000
54.542,0,54526.000,121287,192000,3999.188,120.0,8,14,2,0.00000,0.00000,0.00000,0.00000,0.00000
54.542,1,54663.000,127831,192000,3999.854,120.0,8,14,2,0.00000,0.00000,0.00000,0.00000,0.00000
54.542,2,54390.000,114744,192000,3999.500,120.0,8,14,2,0.00001,0.00000,0.00001,0.00000,0.00000
54.645,0,54629.000,126205,192000,3999.729,120.0,8,14,2,0.00000,0.00000,0.00000,0.00000,0.00000
54.645,1,54765.000,132761,192000,3999.146,120.0,8,14,2,0.00000,0.00000,0.00000,0.00000,0.00000
54.645,2,54492.000,119650,192000,3999.292,120.0,8,14,2,0.00000,0.00000,0.00000,0.00000,0.00000
54.747,0,54731.000,131112,192000,3999.500,120.0,8,14,2,0.00000,0.00000,0.00000,0.00000,0.00000
54.747,1,54868.000,137680,192000,3999.667,120.0,8,14,2,0.00000,0.00000,0.00000,0.00000,0.00000
54.747,2,54594.000,124544,192000,3999.333,120.0,8,14,2,0.00000,0.00000,0.00000,0.00000,0.00000
54.847,0,54832.000,135943,192000,3999.854,120.0,8,14,2,0.00000,0.00000,0.00000,0.00000,0.00000
54.847,1,54969.000,142523,192000,3999.771,120.0,8,14,2,0.00000,0.00000,0.00000,0.00000,0.00000
54.847,2,54695.000,129363,192000,3999.938,120.0,8,14,2,0.00000,0.00000,0.00000,0.00000,0.00000
54.948,0,54932.000,140762,192000,3999.458,120.0,8,14,2,0.00000,0.00000,0.00000,0.00000,0.00000
54.948,1,55069.000,147354,192000,3999.125,120.0,8,14,2,0.00000,0.00000,0.00000,0.00000,0.00000
54.948,2,54795.000,134170,192000,3999.792,120.0,8,14,2,0.00000,0.00000,0.00000,0.00000,0.00000
55.051,0,55035.000,145724,192000,3999.083,120.0,8,14,2,0.00000,0.00000,0.00000,0.00000,0.00000
55.051,1,55173.000,152329,192000,3999.479,120.0,8,14,2,0.00000,0.00000,0.00000,0.00000,0.00000
55.051,2,54898.000,139120,192000,3999.667,120.0,8,14,2,0.00000,0.00000,0.00000,0.00000,0.00000
55.153,0,55137.000,150605,192000,3999.396,120.0,8,14,2,0.00000,0.00000,0.00000,0.00000,0.00000
55.153,1,55275.000,157222,192000,3999.542,120.0,8,14,2,0.00000,0.00000,0.00000,0.00000,0.00000
55.153,2,54999.000,143989,192000,3999.229,120.0,8,14,2,0.00000,0.00000,0.00000,0.00000,0.00000
55.256,0,55240.000,155560,192000,3999.167,120.0,8,14,2,0.00000,0.00000,0.00000,0.00000,0.00000
55.256,1,55378.000,162189,192000,3999.062,120.0,8,14,2,0.00000,0.00000,0.00000,0.00000,0.00000
55.256,2,55102.000,148931,192000,3999.271,120.0,8,14,2,0.00000,0.00000,0.00000,0.00000,0.00000
55.357,0,55341.000,160405,192000,3999.229,120.0,8,14,2,0.00000,0.00000,0.00000,0.00000,0.00000
55.357,1,55480.000,167046,192000,3999.875,120.0,8,14,2,0.00000,0.00000,0.00000,0.00000,0.00000
55.357,2,55203.000,153764,192000,3999.583,120.0,8,14,2,0.00000,0.00000,0.00000,0.00000,0.00000
55.460,0,55444.000,165323,192000,3999.771,120.0,8,14,2,0.00000,0.00000,0.00000,0.00000,0.00000
55.460,1,55582.000,171976,192000,3999.167,120.0,8,14,2,0.00000,0.00000,0.00000,0.00000,0.00000
55.460,2,55305.000,158670,192000,3999.375,120.0,8,14,2,0.00000,0.00000,0.00000,0.00000,0.00000
55.561,0,55545.000,170188,192000,3999.417,120.0,8,14,2,0.00000,0.00000,0.00000,0.00000,0.00000
55.561,1,55684.000,176853,192000,3999.562,120.0,8,14,2,0.00000,0.00000,0.00000,0.00000,0.00000
55.561,2,55406.000,163522,192000,3999.292,120.0,8,14,2,0.00000,0.00000,0.00000,0.00000,0.00000
55.664,0,55648.000,175137,192000,3999.312,120.0,8,14,2,0.00000,0.00000,0.00000,0.00000,0.00000
55.664,1,55787.000,181815,192000,3999.188,120.0,8,14,2,0.00000,0.00000,0.00000,0.00000,0.00000
55.664,2,55509.000,168459,192000,3999.438,120.0,8,14,2,0.00000,0.00000,0.00000,0.00000,0.00000
55.764,0,55748.000,179948,192000,3999.083,120.0,8,14,2,0.00000,0.00000,0.00000,0.00000,0.00000
55.764,1,55888.000,186638,192000,3999.708,120.0,8,14,2,0.00000,0.00000,0.00000,0.00000,0.00000
55.764,2,55609.000,173258,192000,3999.458,120.0,8,14,2,0.00000,0.00000,0.00000,0.00000,0.00000
55.867,0,55851.000,184872,192000,3999.500,120.0,8,14,2,0.00000,0.00000,0.00000,0.00000,0.00000
55.867,1,55991.000,191574,192000,3999.875,120.0,8,14,2,0.00000,0.00000,0.00000,0.00000,0.00000
55.867,2,55711.000,178169,192000,3999.146,120.0,8,14,2,0.00000,0.00000,0.00000,0.00000,0.00000
55.968,0,55952.000,189724,192000,3999.417,120.0,8,14,2,0.00000,0.00000,0.00000,0.00000,0.00000
55.968,1,56092.000,4439,192000,3999.521,120.0,8,15,2,0.09391,0.09391,0.09386,0.00000,0.00000
55.968,2,55812.000,183010,192000,3999.292,120.0,8,14,2,0.00000,0.00000,0.00000,0.00000,0.00000
56.068,0,56052.000,2527,192000,3999.354,120.0,8,15,2,0.11138,0.11127,0.11138,0.00000,0.00000
56.068,1,56192.000,9254,192000,3999.208,120.0,8,15,2,0.06188,0.06188,0.06184,0.00000,0.00000
56.068,2,55912.000,187801,192000,3999.479,120.0,8,14,2,0.00000,0.00000,0.00000,0.00000,0.00000
56.171,0,56155.000,7479,192000,3999.188,120.0,8,15,2,0.07252,0.07245,0.07252,0.00000,0.00000
56.171,1,56296.000,14218,192000,3999.792,120.0,8,15,2,0.04025,0.04025,0.04022,0.00000,0.00000
56.171,2,56015.000,740,192000,3999.583,120.0,8,15,2,0.10324,0.10324,0.00000,0.00000,0.00000
56.272,0,56256.000,12315,192000,3999.438,120.0,8,15,2,0.04770,0.04765,0.04770,0.00000,0.00000
56.272,1,56397.000,19066,192000,3999.792,120.0,8,15,2,0.02644,0.02644,0.02643,0.00000,0.00000
56.272,2,56115.000,5565,192000,3999.062,120.0,8,15,2,0.08515,0.08515,0.00000,0.00000,0.00000
56.374,0,56358.000,17226,192000,3999.125,120.0,8,15,2,0.03117,0.03114,0.03117,0.00000,0.00000
56.374,1,56499.000,23989,192000,3999.229,120.0,8,15,2,0.01726,0.01726,0.01725,0.00000,0.00000
56.374,2,56217.000,10463,192000,3999.021,120.0,8,15,2,0.05570,0.05570,0.00000,0.00000,0.00000
56.477,0,56461.000,22137,192000,3999.812,120.0,8,15,2,0.02037,0.02035,0.02037,0.00000,0.00000
56.477,1,56602.000,28912,192000,3999.667,120.0,8,15,2,0.01127,0.01127,0.01126,0.00000,0.00000
56.477,2,56320.000,15361,192000,3999.979,120.0,8,15,2,0.03644,0.03644,0.00000,0.00000,0.00000
56.578,0,56562.000,26994,192000,3999.625,120.0,8,15,2,0.01337,0.01336,0.01337,0.00000,0.00000
56.578,1,56703.000,33782,192000,3999.208,120.0,8,15,2,0.00739,0.00739,0.00738,0.00000,0.00000
56.578,2,56420.000,20207,192000,3999.021,120.0,8,15,2,0.02394,0.02394,0.00000,0.00000,0.00000
56.680,0,56664.000,31912,192000,3999.167,120.0,8,15,2,0.00873,0.00872,0.00873,0.00000,0.00000
56.680,1,56806.000,38711,192000,3999.521,120.0,8,15,2,0.00482,0.00482,0.00482,0.00000,0.00000
56.680,2,56523.000,25112,192000,3999.833,120.0,8,15,2,0.01565,0.01565,0.00000,0.00000,0.00000
56.783,0,56767.000,36837,192000,3999.562,120.0,8,15,2,0.00570,0.00569,0.00570,0.00000,0.00000
56.783,1,56909.000,43649,192000,3999.646,120.0,8,15,2,0.00314,0.00314,0.00314,0.00000,0.00000
56.783,2,56625.000,30025,192000,3999.479,120.0,8,15,2,0.01023,0.01023,0.00000,0.00000,0.00000
56.883,0,56867.000,41651,192000,3999.271,120.0,8,15,2,0.00376,0.00375,0.00376,0.00000,0.00000
56.883,1,57009.000,48475,192000,3999.104,120.0,8,15,2,0.00207,0.00207,0.00207,0.00000,0.00000
56.883,2,56725.000,34826,192000,3999.458,120.0,8,15,2,0.00675,0.00675,0.00000,0.00000,0.00000
56.985,0,56969.000,46541,192000,3999.396,120.0,8,15,2,0.00246,0.00246,0.00246,0.00000,0.00000
56.985,1,57112.000,53377,192000,3999.979,120.0,8,15,2,0.00135,0.00135,0.00135,0.00000,0.00000
56.985,2,56827.000,39704,192000,3999.833,120.0,8,15,2,0.00442,0.00442,0.00000,0.00000,0.00000
57.085,0,57069.000,51347,192000,3999.271,120.0,8,15,2,0.00162,0.00162,0.00162,0.00000,0.00000
57.085,1,57212.000,58196,192000,3999.583,120.0,8,15,2,0.00089,0.00089,0.00089,0.00000,0.00000
57.085,2,56927.000,44499,192000,3999.938,120.0,8,15,2,0.00292,0.00292,0.00000,0.00000,0.00000
57.188,0,57172.000,56295,192000,3999.188,120.0,8,15,2,0.00106,0.00105,0.00106,0.00000,0.00000
57.188,1,57315.000,63156,192000,3999.250,120.0,8,15,2,0.00058,0.00058,0.00058,0.00000,0.00000
57.188,2,57029.000,49434,192000,3999.125,120.0,8,15,2,0.00190,0.00190,0.00000,0.00000,0.00000
57.291,0,57275.000,61239,192000,3999.188,120.0,8,15,2,0.00069,0.00069,0.00069,0.00000,0.00000
57.291,1,57419.000,68113,192000,3999.979,120.0,8,15,2,0.00038,0.00038,0.00038,0.00000,0.00000
57.291,2,57132.000,54366,192000,3999.375,120.0,8,15,2,0.00124,0.00124,0.00000,0.00000,0.00000
57.393,0,57377.000,66120,192000,3999.500,120.0,8,15,2,0.00045,0.00045,0.00045,0.00000,0.00000
57.393,1,57520.000,73006,192000,3999.042,120.0,8,15,2,0.00025,0.00025,0.00025,0.00000,0.00000
57.393,2,57234.000,59235,192000,3999.938,120.0,8,15,2,0.00081,0.00081,0.00000,0.00000,0.00000
57.495,0,57479.000,71034,192000,3999.125,120.0,8,15,2,0.00029,0.00029,0.00029,0.00000,0.00000
57.495,1,57623.000,77932,192000,3999.417,120.0,8,15,2,0.00016,0.00016,0.00016,0.00000,0.00000
57.495,2,57336.000,64136,192000,3999.833,120.0,8,15,2,0.00053,0.00053,0.00000,0.00000,0.00000
57.596,0,57580.000,75882,192000,3999.125,120.0,8,15,2,0.00019,0.00019,0.00019,0.00000,0.00000
57.596,1,57724.000,82791,192000,3999.188,120.0,8,15,2,0.00011,0.00011,0.00011,0.00000,0.00000
57.596,2,57436.000,68972,192000,3999.083,120.0,8,15,2,0.00035,0.00035,0.00000,0.00000,0.00000
57.699,0,57684.000,80835,192000,3999.938,120.0,8,15,2,0.00013,0.00013,0.00013,0.00000,0.00000
57.699,1,57828.000,87758,192000,3999.708,120.0,8,15,2,0.00007,0.00007,0.00007,0.00000,0.00000
57.699,2,57539.000,73913,192000,3999.146,120.0,8,15,2,0.00023,0.00023,0.00000,0.00000,0.00000
57.803,0,57787.000,85797,192000,3999.562,120.0,8,15,2,0.00008,0.00008,0.00008,0.00000,0.00000
57.803,1,57931.000,92731,192000,3999.104,120.0,8,15,2,0.00004,0.00004,0.00004,0.00000,0.00000
57.803,2,57642.000,78862,192000,3999.042,120.0,8,15,2,0.00015,0.00015,0.00000,0.00000,0.00000
57.905,0,57889.000,90706,192000,3999.292,120.0,8,15,2,0.00005,0.00005,0.00005,0.00000,0.00000
57.905,1,58034.000,97653,192000,3999.562,120.0,8,15,2,0.00003,0.00003,0.00003,0.00000,0.00000
57.905,2,57744.000,83759,192000,3999.021,120.0,8,15,2,0.00010,0.00010,0.00000,0.00000,0.00000
58.008,0,57993.000,95664,192000,0.000,120.0,8,15,2,0.00003,0.00003,0.00003,0.00000,0.00000
58.008,1,58137.000,102623,192000,3999.021,120.0,8,15,2,0.00002,0.00002,0.00002,0.00000,0.00000
58.008,2,57848.000,88705,192000,3999.979,120.0,8,15,2,0.00006,0.00006,0.00000,0.00000,0.00000
58.111,0,58095.000,100573,192000,3999.729,120.0,8,15,2,0.00002,0.00002,0.00002,0.00000,0.00000
58.111,1,58240.000,107545,192000,3999.479,120.0,8,15,2,0.00001,0.00001,0.00001,0.00000,0.00000
58.111,2,57950.000,93602,192000,3999.958,120.0,8,15,2,0.00004,0.00004,0.00000,0.00000,0.00000
58.212,0,58196.000,105449,192000,3999.146,120.0,8,15,2,0.00001,0.00001,0.00001,0.00000,0.00000
58.212,1,58342.000,112433,192000,3999.646,120.0,8,15,2,0.00001,0.00001,0.00001,0.00000,0.00000
58.212,2,58051.000,98465,192000,3999.646,120.0,8,15,2,0.00003,0.00003,0.00000,0.00000,0.00000
58.314,0,58298.000,110318,192000,3999.708,120.0,8,15,2,0.00001,0.00001,0.00001,0.00000,0.00000
58.314,1,58444.000,117313,192000,3999.979,120.0,8,15,2,0.00001,0.00001,0.00001,0.00000,0.00000
58.314,2,58152.000,103322,192000,3999.458,120.0,8,15,2,0.00002,0.00002,0.00000,0.00000,0.00000
58.416,0,58401.000,115251,192000,3999.938,120.0,8,15,2,0.00001,0.00001,0.00001,0.00000,0.00000
58.416,1,58547.000,122259,192000,3999.938,120.0,8,15,2,0.00000,0.00000,0.00000,0.00000,0.00000
58.416,2,58255.000,108243,192000,3999.938,120.0,8,15,2,0.00001,0.00001,0.00000,0.00000,0.00000
58.519,0,58503.000,120176,192000,3999.333,120.0,8,15,2,0.00000,0.00000,0.00000,0.00000,0.00000
58.519,1,58649.000,127196,192000,3999.083,120.0,8,15,2,0.00000,0.00000,0.00000,0.00000,0.00000
58.519,2,58357.000,113155,192000,3999.604,120.0,8,15,2,0.00001,0.00001,0.00000,0.00000,0.00000
58.621,0,58605.000,125073,192000,3999.312,120.0,8,15,2,0.00000,0.00000,0.00000,0.00000,0.00000
58.621,1,58752.000,132106,192000,3999.792,120.0,8,15,2,0.00000,0.00000,0.00000,0.00000,0.00000
58.621,2,58459.000,118040,192000,3999.833,120.0,8,15,2,0.00000,0.00000,0.00000,0.00000,0.00000
58.722,0,58707.000,129940,192000,3999.917,120.0,8,15,2,0.00000,0.00000,0.00000,0.00000,0.00000
58.722,1,58853.000,136985,192000,3999.146,120.0,8,15,2,0.00000,0.00000,0.00000,0.00000,0.00000
58.722,2,58560.000,122895,192000,3999.688,120.0,8,15,2,0.00000,0.00000,0.00000,0.00000,0.00000
58.824,0,58808.000,134822,192000,3999.208,120.0,8,15,2,0.00000,0.00000,0.00000,0.00000,0.00000
58.824,1,58955.000,141879,192000,3999.188,120.0,8,15,2,0.00000,0.00000,0.00000,0.00000,0.00000
58.824,2,58661.000,127765,192000,3999.229,120.0,8,15,2,0.00000,0.00000,0.00000,0.00000,0.00000
58.928,0,58912.000,139790,192000,3999.708,120.0,8,15,2,0.00000,0.00000,0.00000,0.00000,0.00000
58.928,1,59059.000,146859,192000,3999.438,120.0,8,15,2,0.00000,0.00000,0.00000,0.00000,0.00000
58.928,2,58765.000,132720,192000,0.000,120.0,8,15,2,0.00000,0.00000,0.00000,0.00000,0.00000
59.029,0,59013.000,144646,192000,3999.542,120.0,8,15,2,0.00000,0.00000,0.00000,0.00000,0.00000
59.029,1,59160.000,151727,192000,3999.021,120.0,8,15,2,0.00000,0.00000,0.00000,0.00000,0.00000
59.029,2,58865.000,137564,192000,3999.083,120.0,8,15,2,0.00000,0.00000,0.00000,0.00000,0.00000
59.130,0,59114.000,149493,192000,3999.562,120.0,8,15,2,0.00000,0.00000,0.00000,0.00000,0.00000
59.130,1,59262.000,156586,192000,3999.792,120.0,8,15,2,0.00000,0.00000,0.00000,0.00000,0.00000
59.130,2,58966.000,142399,192000,3999.354,120.0,8,15,2,0.00000,0.00000,0.00000,0.00000,0.00000
59.233,0,59217.000,154444,192000,3999.417,120.0,8,15,2,0.00000,0.00000,0.00000,0.00000,0.00000
59.233,1,59365.000,161550,192000,3999.375,120.0,8,15,2,0.00000,0.00000,0.00000,0.00000,0.00000
59.233,2,59069.000,147337,192000,3999.479,120.0,8,15,2,0.00000,0.00000,0.00000,0.00000,0.00000
59.335,0,59319.000,159356,192000,3999.083,120.0,8,15,2,0.00000,0.00000,0.00000,0.00000,0.00000
59.335,1,59468.000,166475,192000,3999.771,120.0,8,15,2,0.00000,0.00000,0.00000,0.00000,0.00000
59.335,2,59171.000,152238,192000,3999.375,120.0,8,15,2,0.00000,0.00000,0.00000,0.00000,0.00000
59.436,0,59421.000,164212,192000,3999.917,120.0,8,15,2,0.00000,0.00000,0.00000,0.00000,0.00000
59.436,1,59569.000,171342,192000,3999.375,120.0,8,15,2,0.00000,0.00000,0.00000,0.00000,0.00000
59.436,2,59272.000,157081,192000,3999.479,120.0,8,15,2,0.00000,0.00000,0.00000,0.00000,0.00000
59.537,0,59521.000,169051,192000,3999.104,120.0,8,15,2,0.00000,0.00000,0.00000,0.00000,0.00000
59.537,1,59670.000,176194,192000,3999.292,120.0,8,15,2,0.00000,0.00000,0.00000,0.00000,0.00000
59.537,2,59373.000,161908,192000,3999.917,120.0,8,15,2,0.00000,0.00000,0.00000,0.00000,0.00000
59.641,0,59625.000,174032,192000,3999.333,120.0,8,15,2,0.00000,0.00000,0.00000,0.00000,0.00000
59.641,1,59774.000,181187,192000,3999.271,120.0,8,15,2,0.00000,0.00000,0.00000,0.00000,0.00000
59.641,2,59476.000,166877,192000,3999.396,120.0,8,15,2,0.00000,0.00000,0.00000,0.00000,0.00000
59.741,0,59725.000,178843,192000,3999.104,120.0,8,15,2,0.00000,0.00000,0.00000,0.00000,0.00000
59.741,1,59875.000,186010,192000,3999.792,120.0,8,15,2,0.00000,0.00000,0.00000,0.00000,0.00000
59.741,2,59576.000,171675,192000,3999.438,120.0,8,15,2,0.00000,0.00000,0.00000,0.00000,0.00000
59.841,0,59826.000,183651,192000,3999.938,120.0,8,15,2,0.00000,0.00000,0.00000,0.00000,0.00000
59.841,1,59975.000,190830,192000,3999.375,120.0,8,15,2,0.00000,0.00000,0.00000,0.00000,0.00000
59.841,2,59676.000,176472,192000,3999.500,120.0,8,15,2,0.00000,0.00000,0.00000,0.00000,0.00000
59.943,0,59927.000,188532,192000,3999.250,120.0,8,15,2,0.00000,0.00000,0.00000,0.00000,0.00000
59.943,1,60077.000,3724,192000,3999.417,120.0,8,16,2,0.00000,0.00000,0.00000,0.00000,0.00000
59.943,2,59777.000,181341,192000,3999.062,120.0,8,15,2,0.00000,0.00000,0.00000,0.00000,0.00000
60.044,0,60029.000,1396,192000,3999.917,120.0,8,16,2,0.00000,0.00000,0.00000,0.00000,0.00000
60.044,1,60179.000,8600,192000,3999.833,120.0,8,16,2,0.00000,0.00000,0.00000,0.00000,0.00000
60.044,2,59879.000,186193,192000,3999.979,120.0,8,15,2,0.00000,0.00000,0.00000,0.00000,0.00000
60.148,0,60132.000,6352,192000,3999.667,120.0,8,16,2,0.00000,0.00000,0.00000,0.00000,0.00000
60.148,1,60282.000,13568,192000,3999.333,120.0,8,16,2,0.00000,0.00000,0.00000,0.00000,0.00000
60.148,2,59982.000,191136,192000,0.000,120.0,8,15,2,0.00000,0.00000,0.00000,0.00000,0.00000
60.249,0,60233.000,11199,192000,3999.688,120.0,8,16,2,0.00000,0.00000,0.00000,0.00000,0.00000
60.249,1,60383.000,18427,192000,3999.104,120.0,8,16,2,0.00000,0.00000,0.00000,0.00000,0.00000
60.249,2,60082.000,3971,192000,3999.271,120.0,8,16,2,0.00000,0.00000,0.00000,0.00000,0.00000
60.349,0,60333.000,16000,192000,3999.667,120.0,8,16,2,0.00000,0.00000,0.00000,0.00000,0.00000
60.349,1,60484.000,23240,192000,3999.833,120.0,8,16,2,0.00000,0.00000,0.00000,0.00000,0.00000
60.349,2,60182.000,8760,192000,3999.500,120.0,8,16,2,0.00000,0.00000,0.00000,0.00000,0.00000
60.452,0,60436.000,20959,192000,3999.354,120.0,8,16,2,0.00000,0.00000,0.00000,0.00000,0.00000
60.452,1,60587.000,28211,192000,3999.271,120.0,8,16,2,0.00000,0.00000,0.00000,0.00000,0.00000
60.452,2,60285.000,13707,192000,3999.438,120.0,8,16,2,0.00000,0.00000,0.00000,0.00000,0.00000
60.555,0,60539.000,25913,192000,3999.146,120.0,8,16,2,0.00000,0.00000,0.00000,0.00000,0.00000
60.555,1,60691.000,33178,192000,3999.792,120.0,8,16,2,0.00000,0.00000,0.00000,0.00000,0.00000
60.555,2,60388.000,18648,192000,3999.500,120.0,8,16,2,0.00000,0.00000,0.00000,0.00000,0.00000
60.659,0,60643.000,30890,192000,3999.458,120.0,8,16,2,0.00000,0.00000,0.00000,0.00000,0.00000
60.659,1,60795.000,38168,192000,3999.833,120.0,8,16,2,0.00000,0.00000,0.00000,0.00000,0.00000
60.659,2,60491.000,23613,192000,3999.062,120.0,8,16,2,0.00000,0.00000,0.00000,0.00000,0.00000
60.759,0,60743.000,35701,192000,3999.229,120.0,8,16,2,0.00000,0.00000,0.00000,0.00000,0.00000
60.759,1,60895.000,42991,192000,3999.354,120.0,8,16,2,0.00000,0.00000,0.00000,0.00000,0.00000
60.759,2,60591.000,28412,192000,3999.083,120.0,8,16,2,0.00000,0.00000,0.00000,0.00000,0.00000
60.860,0,60845.000,40563,192000,3999.938,120.0,8,16,2,0.00000,0.00000,0.00000,0.00000,0.00000
60.860,1,60997.000,47864,192000,3999.833,120.0,8,16,2,0.00000,0.00000,0.00000,0.00000,0.00000
60.860,2,60692.000,33261,192000,3999.062,120.0,8,16,2,0.00000,0.00000,0.00000,0.00000,0.00000
60.961,0,60945.000,45380,192000,3999.583,120.0,8,16,2,0.00000,0.00000,0.00000,0.00000,0.00000
60.961,1,61097.000,52693,192000,3999.229,120.0,8,16,2,0.00000,0.00000,0.00000,0.00000,0.00000
60.961,2,60793.000,38066,192000,3999.958,120.0,8,16,2,0.00000,0.00000,0.00000,0.00000,0.00000
61.062,0,61046.000,50246,192000,3999.208,120.0,8,16,2,0.00000,0.00000,0.00000,0.00000,0.00000
61.062,1,61199.000,57572,192000,3999.583,120.0,8,16,2,0.00000,0.00000,0.00000,0.00000,0.00000
61.062,2,60894.000,42920,192000,3999.833,120.0,8,16,2,0.00000,0.00000,0.00000,0.00000,0.00000
61.163,0,61148.000,55110,192000,3999.875,120.0,8,16,2,0.00000,0.00000,0.00000,0.00000,0.00000
61.163,1,61301.000,62448,192000,0.000,120.0,8,16,2,0.00000,0.00000,0.00000,0.00000,0.00000
61.163,2,60995.000,47772,192000,3999.750,120.0,8,16,2,0.00000,0.00000,0.00000,0.00000,0.00000
61.265,0,61249.000,59964,192000,3999.750,120.0,8,16,2,0.00000,0.00000,0.00000,0.00000,0.00000
61.265,1,61402.000,67314,192000,3999.625,120.0,8,16,2,0.00000,0.00000,0.00000,0.00000,0.00000
61.265,2,61096.000,52614,192000,3999.875,120.0,8,16,2,0.00000,0.00000,0.00000,0.00000,0.00000
61.366,0,61350.000,64845,192000,3999.062,120.0,8,16,2,0.00000,0.00000,0.00000,0.00000,0.00000
61.366,1,61504.000,72207,192000,3999.688,120.0,8,16,2,0.00000,0.00000,0.00000,0.00000,0.00000
61.366,2,61197.000,57483,192000,3999.438,120.0,8,16,2,0.00000,0.00000,0.00000,0.00000,0.00000
61.469,0,61453.000,69766,192000,3999.542,120.0,8,16,2,0.00000,0.00000,0.00000,0.00000,0.00000
61.469,1,61607.000,77140,192000,3999.917,120.0,8,16,2,0.00000,0.00000,0.00000,0.00000,0.00000
61.469,2,61299.000,62391,192000,3999.188,120.0,8,16,2,0.00000,0.00000,0.00000,0.00000,0.00000
61.569,0,61554.000,74592,192000,0.000,120.0,8,16,2,0.00000,0.00000,0.00000,0.00000,0.00000
61.569,1,61707.000,81978,192000,3999.125,120.0,8,16,2,0.00000,0.00000,0.00000,0.00000,0.00000
61.569,2,61400.000,67205,192000,3999.896,120.0,8,16,2,0.00000,0.00000,0.00000,0.00000,0.00000
61.670,0,61654.000,79409,192000,3999.646,120.0,8,16,2,0.00000,0.00000,0.00000,0.00000,0.00000
61.670,1,61808.000,86807,192000,3999.521,120.0,8,16,2,0.00000,0.00000,0.00000,0.00000,0.00000
61.670,2,61500.000,72010,192000,3999.792,120.0,8,16,2,0.00000,0.00000,0.00000,0.00000,0.00000
61.770,0,61755.000,84248,192000,3999.833,120.0,8,16,2,0.00000,0.00000,0.00000,0.00000,0.00000
61.770,1,61909.000,91659,192000,3999.438,120.0,8,16,2,0.00000,0.00000,0.00000,0.00000,0.00000
61.770,2,61600.000,76837,192000,3999.229,120.0,8,16,2,0.00000,0.00000,0.00000,0.00000,0.00000
61.873,0,61857.000,89174,192000,3999.208,120.0,8,16,2,0.00000,0.00000,0.00000,0.00000,0.00000
61.873,1,62012.000,96597,192000,3999.562,120.0,8,16,2,0.00000,0.00000,0.00000,0.00000,0.00000
61.873,2,61703.000,81751,192000,3999.854,120.0,8,16,2,0.00000,0.00000,0.00000,0.00000,0.00000
61.974,0,61958.000,94025,192000,3999.146,120.0,8,16,2,0.00000,0.00000,0.00000,0.00000,0.00000
61.974,1,62113.000,101460,192000,3999.250,120.0,8,16,2,0.00000,0.00000,0.00000,0.00000,0.00000
61.974,2,61803.000,86590,192000,3999.042,120.0,8,16,2,0.00000,0.00000,0.00000,0.00000,0.00000
62.078,0,62062.000,98995,192000,3999.604,120.0,8,16,2,0.00000,0.00000,0.00000,0.00000,0.00000
62.078,1,62217.000,106443,192000,3999.438,120.0,8,16,2,0.00000,0.00000,0.00000,0.00000,0.00000
62.078,2,61907.000,91548,192000,3999.750,120.0,8,16,2,0.00000,0.00000,0.00000,0.00000,0.00000
62.179,0,62163.000,103856,192000,3999.333,120.0,8,16,2,0.00000,0.00000,0.00000,0.00000,0.00000
62.179,1,62319.000,111316,192000,3999.917,120.0,8,16,2,0.00000,0.00000,0.00000,0.00000,0.00000
62.179,2,62008.000,96396,192000,3999.750,120.0,8,16,2,0.00000,0.00000,0.00000,0.00000,0.00000
62.281,0,62265.000,108757,192000,3999.229,120.0,8,16,2,0.00000,0.00000,0.00000,0.00000,0.00000
62.281,1,62421.000,116228,192000,3999.583,120.0,8,16,2,0.00000,0.00000,0.00000,0.00000,0.00000
62.281,2,62110.000,101285,192000,3999.896,120.0,8,16,2,0.00000,0.00000,0.00000,0.00000,0.00000
62.382,0,62366.000,113604,192000,3999.250,120.0,8,16,2,0.00000,0.00000,0.00000,0.00000,0.00000
62.382,1,62522.000,121088,192000,3999.333,120.0,8,16,2,0.00000,0.00000,0.00000,0.00000,0.00000
62.382,2,62210.000,106120,192000,3999.167,120.0,8,16,2,0.00000,0.00000,0.00000,0.00000,0.00000
62.484,0,62468.000,118491,192000,3999.438,120.0,8,16,2,0.00000,0.00000,0.00000,0.00000,0.00000
62.484,1,62624.000,125987,192000,3999.271,120.0,8,16,2,0.00000,0.00000,0.00000,0.00000,0.00000
62.484,2,62312.000,110995,192000,3999.604,120.0,8,16,2,0.00000,0.00000,0.00000,0.00000,0.00000
62.585,0,62569.000,123334,192000,3999.542,120.0,8,16,2,0.00000,0.00000,0.00000,0.00000,0.00000
62.585,1,62725.000,130842,192000,3999.125,120.0,8,16,2,0.00000,0.00000,0.00000,0.00000,0.00000
62.585,2,62413.000,115826,192000,3999.958,120.0,8,16,2,0.00000,0.00000,0.00000,0.00000,0.00000
62.687,0,62671.000,128242,192000,3999.292,120.0,8,16,2,0.00000,0.00000,0.00000,0.00000,0.00000
62.687,1,62828.000,135763,192000,3999.604,120.0,8,16,2,0.00000,0.00000,0.00000,0.00000,0.00000
62.687,2,62515.000,120722,192000,3999.958,120.0,8,16,2,0.00000,0.00000,0.00000,0.00000,0.00000
62.790,0,62774.000,133185,192000,3999.312,120.0,8,16,2,0.00000,0.00000,0.00000,0.00000,0.00000
62.790,1,62931.000,140718,192000,3999.375,120.0,8,16,2,0.00000,0.00000,0.00000,0.00000,0.00000
62.790,2,62617.000,125652,192000,3999.250,120.0,8,16,2,0.00000,0.00000,0.00000,0.00000,0.00000
62.891,0,62875.000,138015,192000,3999.688,120.0,8,16,2,0.00000,0.00000,0.00000,0.00000,0.00000
62.891,1,63032.000,145560,192000,3999.500,120.0,8,16,2,0.00000,0.00000,0.00000,0.00000,0.00000
62.891,2,62718.000,130469,192000,3999.896,120.0,8,16,2,0.00000,0.00000,0.00000,0.00000,0.00000
62.992,0,62976.000,142868,192000,3999.583,120.0,8,16,2,0.00000,0.00000,0.00000,0.00000,0.00000
62.992,1,63133.000,150425,192000,3999.146,120.0,8,16,2,0.00000,0.00000,0.00000,0.00000,0.00000
62.992,2,62818.000,135310,192000,3999.042,120.0,8,16,2,0.00000,0.00000,0.00000,0.00000,0.00000
63.093,0,63077.000,147722,192000,3999.458,120.0,8,16,2,0.00000,0.00000,0.00000,0.00000,0.00000
63.093,1,63235.000,155291,192000,3999.771,120.0,8,16,2,0.00000,0.00000,0.00000,0.00000,0.00000
63.093,2,62919.000,140152,192000,3999.167,120.0,8,16,2,0.00000,0.00000,0.00000,0.00000,0.00000
63.193,0,63178.000,152544,192000,0.000,120.0,8,16,2,0.00000,0.00000,0.00000,0.00000,0.00000
63.193,1,63335.000,160125,192000,3999.062,120.0,8,16,2,0.00000,0.00000,0.00000,0.00000,0.00000
63.193,2,63020.000,144962,192000,3999.958,120.0,8,16,2,0.00000,0.00000,0.00000,0.00000,0.00000
63.295,0,63279.000,157403,192000,3999.771,120.0,8,16,2,0.00000,0.00000,0.00000,0.00000,0.00000
63.295,1,63437.000,164997,192000,3999.562,120.0,8,16,2,0.00000,0.00000,0.00000,0.00000,0.00000
63.295,2,63121.000,149810,192000,3999.958,120.0,8,16,2,0.00000,0.00000,0.00000,0.00000,0.00000
63.396,0,63380.000,162272,192000,3999.333,120.0,8,16,2,0.00000,0.00000,0.00000,0.00000,0.00000
63.396,1,63539.000,169878,192000,3999.875,120.0,8,16,2,0.00000,0.00000,0.00000,0.00000,0.00000
63.396,2,63222.000,154666,192000,3999.792,120.0,8,16,2,0.00000,0.00000,0.00000,0.00000,0.00000
63.498,0,63482.000,167170,192000,3999.292,120.0,8,16,2,0.00000,0.00000,0.00000,0.00000,0.00000
63.498,1,63641.000,174788,192000,3999.583,120.0,8,16,2,0.00000,0.00000,0.00000,0.00000,0.00000
63.498,2,63324.000,159552,192000,0.000,120.0,8,16,2,0.00000,0.00000,0.00000,0.00000,0.00000
63.602,0,63586.000,172139,192000,3999.771,120.0,8,16,2,0.00000,0.00000,0.00000,0.00000,0.00000
63.602,1,63745.000,179769,192000,3999.812,120.0,8,16,2,0.00000,0.00000,0.00000,0.00000,0.00000
63.602,2,63427.000,164509,192000,3999.729,120.0,8,16,2,0.00000,0.00000,0.00000,0.00000,0.00000
63.702,0,63687.000,176976,192000,0.000,120.0,8,16,2,0.00000,0.00000,0.00000,0.00000,0.00000
63.702,1,63846.000,184618,192000,3999.792,120.0,8,16,2,0.00000,0.00000,0.00000,0.00000,0.00000
63.702,2,63527.000,169333,192000,3999.229,120.0,8,16,2,0.00000,0.00000,0.00000,0.00000,0.00000
63.804,0,63788.000,181850,192000,3999.458,120.0,8,16,2,0.00000,0.00000,0.00000,0.00000,0.00000
63.804,1,63948.000,189504,192000,0.000,120.0,8,16,2,0.00000,0.00000,0.00000,0.00000,0.00000
63.804,2,63629.000,174195,192000,3999.938,120.0,8,16,2,0.00000,0.00000,0.00000,0.00000,0.00000
63.907,0,63891.000,186795,192000,3999.438,120.0,8,16,2,0.00000,0.00000,0.00000,0.00000,0.00000
63.907,1,64051.000,2462,192000,3999.708,120.0,8,17,2,0.00000,0.00000,0.00000,0.00000,0.00000
63.907,2,63731.000,179128,192000,3999.167,120.0,8,16,2,0.00000,0.00000,0.00000,0.00000,0.00000
64.010,0,63994.000,191733,192000,3999.562,120.0,8,16,2,0.00000,0.00000,0.00000,0.00000,0.00000
64.010,1,64154.000,7412,192000,3999.583,120.0,8,17,2,0.00000,0.00000,0.00000,0.00000,0.00000
64.010,2,63834.000,184053,192000,3999.562,120.0,8,16,2,0.00000,0.00000,0.00000,0.00000,0.00000
64.112,0,64096.000,4650,192000,3999.125,120.0,8,17,2,0.00000,0.00000,0.00000,0.00000,0.00000
64.112,1,64257.000,12342,192000,3999.875,120.0,8,17,2,0.00000,0.00000,0.00000,0.00000,0.00000
64.112,2,63936.000,188959,192000,3999.354,120.0,8,16,2,0.00000,0.00000,0.00000,0.00000,0.00000
64.214,0,64198.000,9541,192000,3999.229,120.0,8,17,2,0.00000,0.00000,0.00000,0.00000,0.00000
64.214,1,64359.000,17245,192000,3999.729,120.0,8,17,2,0.00000,0.00000,0.00000,0.00000,0.00000
64.214,2,64038.000,1837,192000,3999.729,120.0,8,17,2,0.11879,0.00000,0.11879,0.00000,0.00000
64.314,0,64298.000,14345,192000,3999.146,120.0,8,17,2,0.00000,0.00000,0.00000,0.00000,0.00000
64.314,1,64459.000,22061,192000,3999.396,120.0,8,17,2,0.00000,0.00000,0.00000,0.00000,0.00000
64.314,2,64138.000,6629,192000,3999.896,120.0,8,17,2,0.07843,0.00000,0.07843,0.00000,0.00000
64.418,0,64402.000,19318,192000,3999.542,120.0,8,17,2,0.00000,0.00000,0.00000,0.00000,0.00000
64.418,1,64563.000,27046,192000,3999.542,120.0,8,17,2,0.00000,0.00000,0.00000,0.00000,0.00000
64.418,2,64241.000,11590,192000,3999.542,120.0,8,17,2,0.05103,0.00000,0.05103,0.00000,0.00000
64.518,0,64502.000,24121,192000,3999.479,120.0,8,17,2,0.00000,0.00000,0.00000,0.00000,0.00000
64.518,1,64663.000,31862,192000,3999.208,120.0,8,17,2,0.00000,0.00000,0.00000,0.00000,0.00000
64.518,2,64341.000,16381,192000,3999.729,120.0,8,17,2,0.03369,0.00000,0.03369,0.00000,0.00000
64.618,0,64603.000,28952,192000,3999.833,120.0,8,17,2,0.00000,0.00000,0.00000,0.00000,0.00000
64.618,1,64764.000,36704,192000,3999.333,120.0,8,17,2,0.00000,0.00000,0.00000,0.00000,0.00000
64.618,2,64441.000,21199,192000,3999.354,120.0,8,17,2,0.02219,0.00000,0.02219,0.00000,0.00000
64.721,0,64705.000,33860,192000,3999.583,120.0,8,17,2,0.00000,0.00000,0.00000,0.00000,0.00000
64.721,1,64867.000,41625,192000,3999.812,120.0,8,17,2,0.00000,0.00000,0.00000,0.00000,0.00000
64.721,2,64543.000,26095,192000,3999.354,120.0,8,17,2,0.01452,0.00000,0.01452,0.00000,0.00000
64.822,0,64807.000,38742,192000,3999.875,120.0,8,17,2,0.00000,0.00000,0.00000,0.00000,0.00000
64.822,1,64969.000,46519,192000,3999.854,120.0,8,17,2,0.00000,0.00000,0.00000,0.00000,0.00000
64.822,2,64645.000,30966,192000,3999.875,120.0,8,17,2,0.00952,0.00000,0.00952,0.00000,0.00000
64.923,0,64907.000,43564,192000,3999.417,120.0,8,17,2,0.00000,0.00000,0.00000,0.00000,0.00000
64.923,1,65069.000,51352,192000,3999.167,120.0,8,17,2,0.00000,0.00000,0.00000,0.00000,0.00000
64.923,2,64745.000,35775,192000,3999.688,120.0,8,17,2,0.00628,0.00000,0.00628,0.00000,0.00000
65.025,0,65009.000,48449,192000,3999.646,120.0,8,17,2,0.00000,0.00000,0.00000,0.00000,0.00000
65.025,1,65171.000,56250,192000,3999.125,120.0,8,17,2,0.00000,0.00000,0.00000,0.00000,0.00000
65.025,2,64846.000,40647,192000,3999.188,120.0,8,17,2,0.00412,0.00000,0.00412,0.00000,0.00000
65.126,0,65110.000,53306,192000,3999.458,120.0,8,17,2,0.00000,0.00000,0.00000,0.00000,0.00000
65.126,1,65273.000,61119,192000,3999.688,120.0,8,17,2,0.00000,0.00000,0.00000,0.00000,0.00000
65.126,2,64947.000,45493,192000,3999.229,120.0,8,17,2,0.00270,0.00000,0.00270,0.00000,0.00000
65.227,0,65211.000,58147,192000,3999.604,120.0,8,17,2,0.00000,0.00000,0.00000,0.00000,0.00000
65.227,1,65374.000,65973,192000,3999.562,120.0,8,17,2,0.00000,0.00000,0.00000,0.00000,0.00000
65.227,2,65048.000,50322,192000,3999.625,120.0,8,17,2,0.00178,0.00000,0.00178,0.00000,0.00000
65.329,0,65313.000,63051,192000,3999.438,120.0,8,17,2,0.00000,0.00000,0.00000,0.00000,0.00000
65.329,1,65476.000,70889,192000,3999.146,120.0,8,17,2,0.00000,0.00000,0.00000,0.00000,0.00000
65.329,2,65150.000,55214,192000,3999.708,120.0,8,17,2,0.00116,0.00000,0.00116,0.00000,0.00000
65.433,0,65417.000,68028,192000,3999.750,120.0,8,17,2,0.00000,0.00000,0.00000,0.00000,0.00000
65.433,1,65580.000,75878,192000,3999.208,120.0,8,17,2,0.00000,0.00000,0.00000,0.00000,0.00000
65.433,2,65253.000,60178,192000,3999.292,120.0,8,17,2,0.00076,0.00000,0.00076,0.00000,0.00000
65.536,0,65520.000,72979,192000,3999.604,120.0,8,17,2,0.00000,0.00000,0.00000,0.00000,0.00000
65.536,1,65684.000,80842,192000,3999.792,120.0,8,17,2,0.00000,0.00000,0.00000,0.00000,0.00000
65.536,2,65356.000,65117,192000,3999.396,120.0,8,17,2,0.00049,0.00000,0.00049,0.00000,0.00000
65.639,0,65623.000,77922,192000,3999.625,120.0,8,17,2,0.00000,0.00000,0.00000,0.00000,0.00000
65.639,1,65787.000,85796,192000,3999.583,120.0,8,17,2,0.00000,0.00000,0.00000,0.00000,0.00000
65.639,2,65459.000,70047,192000,3999.688,120.0,8,17,2,0.00032,0.00000,0.00032,0.00000,0.00000
65.741,0,65725.000,82835,192000,3999.271,120.0,8,17,2,0.00000,0.00000,0.00000,0.00000,0.00000
65.741,1,65890.000,90722,192000,3999.958,120.0,8,17,2,0.00000,0.00000,0.00000,0.00000,0.00000
65.741,2,65561.000,74948,192000,3999.583,120.0,8,17,2,0.00021,0.00000,0.00021,0.00000,0.00000
65.844,0,65829.000,87799,192000,3999.854,120.0,8,17,2,0.00000,0.00000,0.00000,0.00000,0.00000
65.844,1,65993.000,95699,192000,3999.271,120.0,8,17,2,0.00000,0.00000,0.00000,0.00000,0.00000
65.844,2,65664.000,79900,192000,3999.417,120.0,8,17,2,0.00014,0.00000,0.00014,0.00000,0.00000
65.945,0,65929.000,92625,192000,3999.312,120.0,8,17,2,0.00000,0.00000,0.00000,0.00000,0.00000
65.945,1,66094.000,100537,192000,3999.479,120.0,8,17,2,0.00000,0.00000,0.00000,0.00000,0.00000
65.945,2,65764.000,84714,192000,3999.125,120.0,8,17,2,0.00009,0.00000,0.00009,0.00000,0.00000
66.047,0,66031.000,97523,192000,3999.271,120.0,8,17,2,0.00000,0.00000,0.00000,0.00000,0.00000
66.047,1,66196.000,105447,192000,3999.188,120.0,8,17,2,0.00000,0.00000,0.00000,0.00000,0.00000
66.047,2,65866.000,89599,192000,3999.354,120.0,8,17,2,0.00006,0.00000,0.00006,0.00000,0.00000
66.149,0,66133.000,102429,192000,3999.062,120.0,8,17,2,0.00000,0.00000,0.00000,0.00000,0.00000
66.149,1,66299.000,110365,192000,3999.729,120.0,8,17,2,0.00000,0.00000,0.00000,0.00000,0.00000
66.149,2,65968.000,94493,192000,3999.396,120.0,8,17,2,0.00004,0.00000,0.00004,0.00000,0.00000
66.251,0,66235.000,107300,192000,3999.583,120.0,8,17,2,0.00000,0.00000,0.00000,0.00000,0.00000
66.251,1,66401.000,115248,192000,0.000,120.0,8,17,2,0.00000,0.00000,0.00000,0.00000,0.00000
66.251,2,66069.000,99352,192000,3999.167,120.0,8,17,2,0.00003,0.00000,0.00003,0.00000,0.00000
66.352,0,66336.000,112144,192000,3999.667,120.0,8,17,2,0.00000,0.00000,0.00000,0.00000,0.00000
66.352,1,66502.000,120105,192000,3999.812,120.0,8,17,2,0.00000,0.00000,0.00000,0.00000,0.00000
66.352,2,66170.000,104184,192000,3999.500,120.0,8,17,2,0.00002,0.00000,0.00002,0.00000,0.00000
66.455,0,66439.000,117091,192000,3999.604,120.0,8,17,2,0.00000,0.00000,0.00000,0.00000,0.00000
66.455,1,66605.000,125063,192000,3999.521,120.0,8,17,2,0.00000,0.00000,0.00000,0.00000,0.00000
66.455,2,66273.000,109118,192000,3999.708,120.0,8,17,2,0.00001,0.00000,0.00001,0.00000,0.00000
66.555,0,66539.000,121902,192000,3999.375,120.0,8,17,2,0.00000,0.00000,0.00000,0.00000,0.00000
66.555,1,66705.000,129887,192000,3999.021,120.0,8,17,2,0.00000,0.00000,0.00000,0.00000,0.00000
66.555,2,66373.000,113917,192000,3999.729,120.0,8,17,2,0.00001,0.00000,0.00001,0.00000,0.00000
66.656,0,66640.000,126762,192000,3999.125,120.0,8,17,2,0.00000,0.00000,0.00000,0.00000,0.00000
66.656,1,66807.000,134759,192000,3999.521,120.0,8,17,2,0.00000,0.00000,0.00000,0.00000,0.00000
66.656,2,66474.000,118765,192000,3999.729,120.0,8,17,2,0.00000,0.00000,0.00000,0.00000,0.00000
66.758,0,66742.000,131639,192000,3999.521,120.0,8,17,2,0.00000,0.00000,0.00000,0.00000,0.00000
66.758,1,66909.000,139648,192000,3999.667,120.0,8,17,2,0.00000,0.00000,0.00000,0.00000,0.00000
66.758,2,66575.000,123630,192000,3999.375,120.0,8,17,2,0.00000,0.00000,0.00000,0.00000,0.00000
66.859,0,66843.000,136500,192000,3999.250,120.0,8,17,2,0.00000,0.00000,0.00000,0.00000,0.00000
66.859,1,67010.000,144521,192000,3999.146,120.0,8,17,2,0.00000,0.00000,0.00000,0.00000,0.00000
66.859,2,66676.000,128479,192000,3999.354,120.0,8,17,2,0.00000,0.00000,0.00000,0.00000,0.00000
66.960,0,66944.000,141332,192000,3999.583,120.0,8,17,2,0.00000,0.00000,0.00000,0.00000,0.00000
66.960,1,67111.000,149365,192000,3999.229,120.0,8,17,2,0.00000,0.00000,0.00000,0.00000,0.00000
66.960,2,66777.000,133298,192000,3999.958,120.0,8,17,2,0.00000,0.00000,0.00000,0.00000,0.00000
67.062,0,67046.000,146218,192000,3999.792,120.0,8,17,2,0.00000,0.00000,0.00000,0.00000,0.00000
67.062,1,67213.000,154264,192000,3999.167,120.0,8,17,2,0.00000,0.00000,0.00000,0.00000,0.00000
67.062,2,66878.000,138173,192000,3999.396,120.0,8,17,2,0.00000,0.00000,0.00000,0.00000,0.00000
67.162,0,67146.000,151047,192000,3999.188,120.0,8,17,2,0.00000,0.00000,0.00000,0.00000,0.00000
67.162,1,67314.000,159105,192000,3999.312,120.0,8,17,2,0.00000,0.00000,0.00000,0.00000,0.00000
67.162,2,66978.000,142989,192000,3999.062,120.0,8,17,2,0.00000,0.00000,0.00000,0.00000,0.00000
67.263,0,67247.000,155870,192000,3999.708,120.0,8,17,2,0.00000,0.00000,0.00000,0.00000,0.00000
67.263,1,67415.000,163939,192000,3999.604,120.0,8,17,2,0.00000,0.00000,0.00000,0.00000,0.00000
67.263,2,67079.000,147800,192000,3999.833,120.0,8,17,2,0.00000,0.00000,0.00000,0.00000,0.00000
67.363,0,67347.000,160681,192000,3999.479,120.0,8,17,2,0.00000,0.00000,0.00000,0.00000,0.00000
67.363,1,67515.000,168763,192000,3999.104,120.0,8,17,2,0.00000,0.00000,0.00000,0.00000,0.00000
67.363,2,67179.000,152600,192000,3999.833,120.0,8,17,2,0.00000,0.00000,0.00000,0.00000,0.00000
67.464,0,67448.000,165512,192000,3999.833,120.0,8,17,2,0.00000,0.00000,0.00000,0.00000,0.00000
67.464,1,67616.000,173606,192000,3999.208,120.0,8,17,2,0.00000,0.00000,0.00000,0.00000,0.00000
67.464,2,67279.000,157419,192000,3999.438,120.0,8,17,2,0.00000,0.00000,0.00000,0.00000,0.00000
67.567,0,67551.000,170475,192000,3999.438,120.0,8,17,2,0.00000,0.00000,0.00000,0.00000,0.00000
67.567,1,67720.000,178581,192000,3999.562,120.0,8,17,2,0.00000,0.00000,0.00000,0.00000,0.00000
67.567,2,67382.000,162368,192000,3999.333,120.0,8,17,2,0.00000,0.00000,0.00000,0.00000,0.00000
67.670,0,67654.000,175402,192000,3999.792,120.0,8,17,2,0.00000,0.00000,0.00000,0.00000,0.00000
67.670,1,67823.000,183520,192000,3999.667,120.0,8,17,2,0.00000,0.00000,0.00000,0.00000,0.00000
67.670,2,67485.000,167283,192000,3999.938,120.0,8,17,2,0.00000,0.00000,0.00000,0.00000,0.00000
67.772,0,67756.000,180324,192000,3999.250,120.0,8,17,2,0.00000,0.00000,0.00000,0.00000,0.00000
67.772,1,67926.000,188454,192000,3999.875,120.0,8,17,2,0.00000,0.00000,0.00000,0.00000,0.00000
67.772,2,67587.000,172193,192000,3999.646,120.0,8,17,2,0.00000,0.00000,0.00000,0.00000,0.00000
67.873,0,67858.000,185189,192000,3999.896,120.0,8,17,2,0.00000,0.00000,0.00000,0.00000,0.00000
67.873,1,68027.000,1332,192000,3999.250,120.0,8,18,2,0.12277,0.12277,0.12270,0.00000,0.00000
67.873,2,67688.000,177046,192000,3999.542,120.0,8,17,2,0.00000,0.00000,0.00000,0.00000,0.00000
67.974,0,67958.000,190028,192000,3999.083,120.0,8,17,2,0.00000,0.00000,0.00000,0.00000,0.00000
67.974,1,68128.000,6183,192000,3999.188,120.0,8,18,2,0.08064,0.08064,0.08060,0.00000,0.00000
67.974,2,67789.000,181873,192000,3999.979,120.0,8,17,2,0.00000,0.00000,0.00000,0.00000,0.00000
68.076,0,68060.000,2908,192000,3999.417,120.0,8,18,2,0.10761,0.10723,0.10761,0.00000,0.00000
68.076,1,68230.000,11075,192000,3999.271,120.0,8,18,2,0.05278,0.05278,0.05275,0.00000,0.00000
68.076,2,67890.000,186740,192000,3999.583,120.0,8,17,2,0.00000,0.00000,0.00000,0.00000,0.00000
68.179,0,68163.000,7847,192000,3999.521,120.0,8,18,2,0.07015,0.06990,0.07015,0.00000,0.00000
68.179,1,68333.000,16027,192000,3999.104,120.0,8,18,2,0.03437,0.03437,0.03435,0.00000,0.00000
68.179,2,67993.000,191668,192000,3999.917,120.0,8,17,2,0.00000,0.00000,0.00000,0.00000,0.00000
68.279,0,68263.000,12671,192000,3999.021,120.0,8,18,2,0.04618,0.04602,0.04618,0.00000,0.00000
68.279,1,68434.000,20863,192000,3999.354,120.0,8,18,2,0.02260,0.02260,0.02259,0.00000,0.00000
68.279,2,68093.000,4480,192000,3999.667,120.0,8,18,2,0.09388,0.09388,0.00000,0.00000,0.00000
68.379,0,68364.000,17472,192000,0.000,120.0,8,18,2,0.03047,0.03036,0.03047,0.00000,0.00000
68.379,1,68534.000,25676,192000,3999.083,120.0,8,18,2,0.01490,0.01490,0.01489,0.00000,0.00000
68.379,2,68193.000,9268,192000,3999.917,120.0,8,18,2,0.06200,0.06200,0.00000,0.00000,0.00000
68.481,0,68466.000,22368,192000,0.000,120.0,8,18,2,0.01993,0.01986,0.01993,0.00000,0.00000
68.481,1,68637.000,30584,192000,3999.833,120.0,8,18,2,0.00974,0.00974,0.00973,0.00000,0.00000
68.481,2,68294.000,14153,192000,3999.146,120.0,8,18,2,0.04061,0.04061,0.00000,0.00000,0.00000
68.584,0,68568.000,27304,192000,3999.167,120.0,8,18,2,0.01300,0.01295,0.01300,0.00000,0.00000
68.584,1,68740.000,35532,192000,3999.750,120.0,8,18,2,0.00634,0.00634,0.00634,0.00000,0.00000
68.584,2,68397.000,19076,192000,3999.583,120.0,8,18,2,0.02651,0.02651,0.00000,0.00000,0.00000
68.686,0,68670.000,32197,192000,3999.229,120.0,8,18,2,0.00851,0.00848,0.00851,0.00000,0.00000
68.686,1,68842.000,40438,192000,3999.542,120.0,8,18,2,0.00415,0.00415,0.00414,0.00000,0.00000
68.686,2,68499.000,23957,192000,3999.896,120.0,8,18,2,0.01737,0.01737,0.00000,0.00000,0.00000
68.786,0,68771.000,37012,192000,3999.917,120.0,8,18,2,0.00560,0.00559,0.00560,0.00000,0.00000
68.786,1,68943.000,45265,192000,3999.979,120.0,8,18,2,0.00273,0.00273,0.00273,0.00000,0.00000
68.786,2,68599.000,28760,192000,3999.833,120.0,8,18,2,0.01145,0.01145,0.00000,0.00000,0.00000
68.890,0,68874.000,41978,192000,3999.458,120.0,8,18,2,0.00365,0.00363,0.00365,0.00000,0.00000
68.890,1,69046.000,50243,192000,3999.271,120.0,8,18,2,0.00177,0.00177,0.00177,0.00000,0.00000
68.890,2,68702.000,33713,192000,3999.646,120.0,8,18,2,0.00746,0.00746,0.00000,0.00000,0.00000
68.993,0,68977.000,46911,192000,3999.688,120.0,8,18,2,0.00238,0.00237,0.00238,0.00000,0.00000
68.993,1,69149.000,55188,192000,3999.250,120.0,8,18,2,0.00115,0.00115,0.00115,0.00000,0.00000
68.993,2,68804.000,38634,192000,3999.125,120.0,8,18,2,0.00487,0.00487,0.00000,0.00000,0.00000
69.094,0,69078.000,51790,192000,3999.042,120.0,8,18,2,0.00156,0.00155,0.00156,0.00000,0.00000
69.094,1,69251.000,60080,192000,3999.333,120.0,8,18,2,0.00076,0.00076,0.00076,0.00000,0.00000
69.094,2,68906.000,43501,192000,3999.729,120.0,8,18,2,0.00319,0.00319,0.00000,0.00000,0.00000
69.196,0,69180.000,56653,192000,3999.729,120.0,8,18,2,0.00102,0.00102,0.00102,0.00000,0.00000
69.196,1,69353.000,64955,192000,3999.771,120.0,8,18,2,0.00050,0.00050,0.00050,0.00000,0.00000
69.196,2,69007.000,48351,192000,3999.688,120.0,8,18,2,0.00210,0.00210,0.00000,0.00000,0.00000
69.297,0,69281.000,61530,192000,3999.125,120.0,8,18,2,0.00067,0.00067,0.00067,0.00000,0.00000
69.297,1,69455.000,69844,192000,3999.917,120.0,8,18,2,0.00032,0.00032,0.00032,0.00000,0.00000
69.297,2,69108.000,53216,192000,3999.333,120.0,8,18,2,0.00138,0.00138,0.00000,0.00000,0.00000
69.400,0,69384.000,66440,192000,3999.833,120.0,8,18,2,0.00044,0.00044,0.00044,0.00000,0.00000
69.400,1,69557.000,74766,192000,3999.375,120.0,8,18,2,0.00021,0.00021,0.00021,0.00000,0.00000
69.400,2,69210.000,58114,192000,3999.292,120.0,8,18,2,0.00090,0.00090,0.00000,0.00000,0.00000
69.501,0,69485.000,71326,192000,3999.042,120.0,8,18,2,0.00029,0.00029,0.00029,0.00000,0.00000
69.501,1,69659.000,79665,192000,3999.312,120.0,8,18,2,0.00014,0.00014,0.00014,0.00000,0.00000
69.501,2,69312.000,62988,192000,3999.750,120.0,8,18,2,0.00059,0.00059,0.00000,0.00000,0.00000
69.603,0,69587.000,76203,192000,3999.438,120.0,8,18,2,0.00019,0.00019,0.00019,0.00000,0.00000
69.603,1,69761.000,84554,192000,3999.458,120.0,8,18,2,0.00009,0.00009,0.00009,0.00000,0.00000
69.603,2,69413.000,67853,192000,3999.396,120.0,8,18,2,0.00039,0.00039,0.00000,0.00000,0.00000
69.704,0,69688.000,81048,192000,3999.500,120.0,8,18,2,0.00012,0.00012,0.00012,0.00000,0.00000
69.704,1,69862.000,89411,192000,3999.271,120.0,8,18,2,0.00006,0.00006,0.00006,0.00000,0.00000
69.704,2,69514.000,72685,192000,3999.729,120.0,8,18,2,0.00025,0.00025,0.00000,0.00000,0.00000
69.806,0,69790.000,85932,192000,3999.750,120.0,8,18,2,0.00008,0.00008,0.00008,0.00000,0.00000
69.806,1,69964.000,94307,192000,3999.271,120.0,8,18,2,0.00004,0.00004,0.00004,0.00000,0.00000
69.806,2,69615.000,77557,192000,3999.229,120.0,8,18,2,0.00017,0.00017,0.00000,0.00000,0.00000
69.906,0,69890.000,90761,192000,3999.146,120.0,8,18,2,0.00005,0.00005,0.00005,0.00000,0.00000
69.906,1,70065.000,99148,192000,3999.417,120.0,8,18,2,0.00003,0.00003,0.00003,0.00000,0.00000
69.906,2,69716.000,82374,192000,3999.875,120.0,8,18,2,0.00011,0.00011,0.00000,0.00000,0.00000
70.007,0,69991.000,95596,192000,3999.417,120.0,8,18,2,0.00004,0.00003,0.00004,0.00000,0.00000
70.007,1,70166.000,103995,192000,3999.438,120.0,8,18,2,0.00002,0.00002,0.00002,0.00000,0.00000
70.007,2,69816.000,87197,192000,3999.396,120.0,8,18,2,0.00007,0.00007,0.00000,0.00000,0.00000
70.109,0,70093.000,100493,192000,3999.396,120.0,8,18,2,0.00002,0.00002,0.00002,0.00000,0.00000
70.109,1,70268.000,108905,192000,3999.146,120.0,8,18,2,0.00001,0.00001,0.00001,0.00000,0.00000
70.109,2,69918.000,92082,192000,3999.625,120.0,8,18,2,0.00005,0.00005,0.00000,0.00000,0.00000
70.210,0,70195.000,105365,192000,3999.896,120.0,8,18,2,0.00002,0.00001,0.00002,0.00000,0.00000
70.210,1,70370.000,113789,192000,3999.396,120.0,8,18,2,0.00001,0.00001,0.00001,0.00000,0.00000
70.210,2,70019.000,96942,192000,3999.375,120.0,8,18,2,0.00003,0.00003,0.00000,0.00000,0.00000
70.314,0,70298.000,110326,192000,3999.542,120.0,8,18,2,0.00001,0.00001,0.00001,0.00000,0.00000
70.314,1,70474.000,118762,192000,3999.792,120.0,8,18,2,0.00000,0.00000,0.00000,0.00000,0.00000
70.314,2,70122.000,101890,192000,3999.292,120.0,8,18,2,0.00002,0.00002,0.00000,0.00000,0.00000
70.417,0,70401.000,115281,192000,3999.312,120.0,8,18,2,0.00001,0.00001,0.00001,0.00000,0.00000
70.417,1,70577.000,123730,192000,3999.292,120.0,8,18,2,0.00000,0.00000,0.00000,0.00000,0.00000
70.417,2,70225.000,106833,192000,3999.312,120.0,8,18,2,0.00001,0.00001,0.00000,0.00000,0.00000
70.521,0,70505.000,120254,192000,3999.708,120.0,8,18,2,0.00000,0.00000,0.00000,0.00000,0.00000
70.521,1,70681.000,128715,192000,3999.438,120.0,8,18,2,0.00000,0.00000,0.00000,0.00000,0.00000
70.521,2,70329.000,111793,192000,3999.979,120.0,8,18,2,0.00001,0.00001,0.00000,0.00000,0.00000
70.622,0,70606.000,125104,192000,3999.667,120.0,8,18,2,0.00000,0.00000,0.00000,0.00000,0.00000
70.622,1,70782.000,133576,192000,3999.167,120.0,8,18,2,0.00000,0.00000,0.00000,0.00000,0.00000
70.622,2,70429.000,116631,192000,3999.188,120.0,8,18,2,0.00001,0.00001,0.00000,0.00000,0.00000
70.725,0,70709.000,130078,192000,3999.042,120.0,8,18,2,0.00000,0.00000,0.00000,0.00000,0.00000
70.725,1,70886.000,138564,192000,3999.250,120.0,8,18,2,0.00000,0.00000,0.00000,0.00000,0.00000
70.725,2,70533.000,121593,192000,3999.812,120.0,8,18,2,0.00000,0.00000,0.00000,0.00000,0.00000
70.829,0,70813.000,135047,192000,3999.521,120.0,8,18,2,0.00000,0.00000,0.00000,0.00000,0.00000
70.829,1,70990.000,143545,192000,3999.479,120.0,8,18,2,0.00000,0.00000,0.00000,0.00000,0.00000
70.829,2,70636.000,126549,192000,3999.562,120.0,8,18,2,0.00000,0.00000,0.00000,0.00000,0.00000
70.929,0,70913.000,139849,192000,3999.479,120.0,8,18,2,0.00000,0.00000,0.00000,0.00000,0.00000
70.929,1,71090.000,148359,192000,3999.188,120.0,8,18,2,0.00000,0.00000,0.00000,0.00000,0.00000
70.929,2,70736.000,131340,192000,3999.750,120.0,8,18,2,0.00000,0.00000,0.00000,0.00000,0.00000
71.033,0,71017.000,144827,192000,3999.771,120.0,8,18,2,0.00000,0.00000,0.00000,0.00000,0.00000
71.033,1,71194.000,153349,192000,3999.229,120.0,8,18,2,0.00000,0.00000,0.00000,0.00000,0.00000
71.033,2,70839.000,136305,192000,3999.312,120.0,8,18,2,0.00000,0.00000,0.00000,0.00000,0.00000
71.134,0,71118.000,149673,192000,3999.812,120.0,8,18,2,0.00000,0.00000,0.00000,0.00000,0.00000
71.134,1,71295.000,158207,192000,3999.021,120.0,8,18,2,0.00000,0.00000,0.00000,0.00000,0.00000
71.134,2,70940.000,141139,192000,3999.604,120.0,8,18,2,0.00000,0.00000,0.00000,0.00000,0.00000
71.234,0,71218.000,154483,192000,3999.604,120.0,8,18,2,0.00000,0.00000,0.00000,0.00000,0.00000
71.234,1,71396.000,163029,192000,3999.562,120.0,8,18,2,0.00000,0.00000,0.00000,0.00000,0.00000
71.234,2,71040.000,145937,192000,3999.646,120.0,8,18,2,0.00000,0.00000,0.00000,0.00000,0.00000
71.334,0,71318.000,159287,192000,3999.521,120.0,8,18,2,0.00000,0.00000,0.00000,0.00000,0.00000
71.334,1,71496.000,167845,192000,3999.229,120.0,8,18,2,0.00000,0.00000,0.00000,0.00000,0.00000
71.334,2,71140.000,150728,192000,3999.833,120.0,8,18,2,0.00000,0.00000,0.00000,0.00000,0.00000
71.434,0,71418.000,164105,192000,3999.146,120.0,8,18,2,0.00000,0.00000,0.00000,0.00000,0.00000
71.434,1,71597.000,172675,192000,3999.604,120.0,8,18,2,0.00000,0.00000,0.00000,0.00000,0.00000
71.434,2,71240.000,155534,192000,3999.708,120.0,8,18,2,0.00000,0.00000,0.00000,0.00000,0.00000
71.536,0,71520.000,169002,192000,3999.125,120.0,8,18,2,0.00000,0.00000,0.00000,0.00000,0.00000
71.536,1,71699.000,177584,192000,3999.333,120.0,8,18,2,0.00000,0.00000,0.00000,0.00000,0.00000
71.536,2,71342.000,160419,192000,3999.938,120.0,8,18,2,0.00000,0.00000,0.00000,0.00000,0.00000
71.638,0,71622.000,173886,192000,3999.375,120.0,8,18,2,0.00000,0.00000,0.00000,0.00000,0.00000
71.638,1,71801.000,182481,192000,3999.312,120.0,8,18,2,0.00000,0.00000,0.00000,0.00000,0.00000
71.638,2,71443.000,165291,192000,3999.438,120.0,8,18,2,0.00000,0.00000,0.00000,0.00000,0.00000
71.741,0,71725.000,178827,192000,3999.438,120.0,8,18,2,0.00000,0.00000,0.00000,0.00000,0.00000
71.741,1,71904.000,187434,192000,3999.125,120.0,8,18,2,0.00000,0.00000,0.00000,0.00000,0.00000
71.741,2,71546.000,170220,192000,3999.750,120.0,8,18,2,0.00000,0.00000,0.00000,0.00000,0.00000
71.843,0,71827.000,183707,192000,3999.771,120.0,8,18,2,0.00000,0.00000,0.00000,0.00000,0.00000
71.843,1,72006.000,326,192000,3999.208,120.0,8,19,2,0.00000,0.00000,0.00000,0.00000,0.00000
71.843,2,71647.000,175087,192000,3999.354,120.0,8,18,2,0.00000,0.00000,0.00000,0.00000,0.00000
71.944,0,71928.000,188589,192000,3999.062,120.0,8,18,2,0.00000,0.00000,0.00000,0.00000,0.00000
71.944,1,72108.000,5220,192000,3999.250,120.0,8,19,2,0.00000,0.00000,0.00000,0.00000,0.00000
71.944,2,71749.000,179957,192000,3999.896,120.0,8,18,2,0.00000,0.00000,0.00000,0.00000,0.00000
72.045,0,72029.000,1439,192000,3999.021,120.0,8,19,2,0.00000,0.00000,0.00000,0.00000,0.00000
72.045,1,72210.000,10082,192000,3999.958,120.0,8,19,2,0.00000,0.00000,0.00000,0.00000,0.00000
72.045,2,71849.000,184795,192000,3999.104,120.0,8,18,2,0.00000,0.00000,0.00000,0.00000,0.00000
72.147,0,72131.000,6335,192000,3999.021,120.0,8,19,2,0.00000,0.00000,0.00000,0.00000,0.00000
72.147,1,72312.000,14991,192000,3999.688,120.0,8,19,2,0.00000,0.00000,0.00000,0.00000,0.00000
72.147,2,71951.000,189679,192000,3999.354,120.0,8,18,2,0.00000,0.00000,0.00000,0.00000,0.00000
72.248,0,72232.000,11177,192000,3999.146,120.0,8,19,2,0.00000,0.00000,0.00000,0.00000,0.00000
72.248,1,72413.000,19845,192000,3999.562,120.0,8,19,2,0.00000,0.00000,0.00000,0.00000,0.00000
72.248,2,72052.000,2509,192000,3999.729,120.0,8,19,2,0.00000,0.00000,0.00000,0.00000,0.00000
72.350,0,72334.000,16072,192000,3999.167,120.0,8,19,2,0.00000,0.00000,0.00000,0.00000,0.00000
72.350,1,72515.000,24752,192000,3999.333,120.0,8,19,2,0.00000,0.00000,0.00000,0.00000,0.00000
72.350,2,72153.000,7391,192000,3999.021,120.0,8,19,2,0.00000,0.00000,0.00000,0.00000,0.00000
72.452,0,72436.000,20947,192000,3999.604,120.0,8,19,2,0.00000,0.00000,0.00000,0.00000,0.00000
72.452,1,72617.000,29640,192000,3999.500,120.0,8,19,2,0.00000,0.00000,0.00000,0.00000,0.00000
72.452,2,72255.000,12255,192000,3999.688,120.0,8,19,2,0.00000,0.00000,0.00000,0.00000,0.00000
72.553,0,72537.000,25804,192000,3999.417,120.0,8,19,2,0.00000,0.00000,0.00000,0.00000,0.00000
72.553,1,72718.000,34508,192000,3999.083,120.0,8,19,2,0.00000,0.00000,0.00000,0.00000,0.00000
72.553,2,72356.000,17099,192000,3999.771,120.0,8,19,2,0.00000,0.00000,0.00000,0.00000,0.00000
72.654,0,72638.000,30654,192000,3999.375,120.0,8,19,2,0.00000,0.00000,0.00000,0.00000,0.00000
72.654,1,72820.000,39371,192000,3999.771,120.0,8,19,2,0.00000,0.00000,0.00000,0.00000,0.00000
72.654,2,72457.000,21937,192000,3999.979,120.0,8,19,2,0.00000,0.00000,0.00000,0.00000,0.00000
72.755,0,72739.000,35493,192000,3999.562,120.0,8,19,2,0.00000,0.00000,0.00000,0.00000,0.00000
72.755,1,72921.000,44222,192000,3999.708,120.0,8,19,2,0.00000,0.00000,0.00000,0.00000,0.00000
72.755,2,72557.000,26765,192000,3999.396,120.0,8,19,2,0.00000,0.00000,0.00000,0.00000,0.00000
72.856,0,72840.000,40339,192000,3999.604,120.0,8,19,2,0.00000,0.00000,0.00000,0.00000,0.00000
72.856,1,73022.000,49080,192000,3999.500,120.0,8,19,2,0.00000,0.00000,0.00000,0.00000,0.00000
72.856,2,72658.000,31598,192000,3999.708,120.0,8,19,2,0.00000,0.00000,0.00000,0.00000,0.00000
72.956,0,72940.000,45157,192000,3999.229,120.0,8,19,2,0.00000,0.00000,0.00000,0.00000,0.00000
72.956,1,73123.000,53910,192000,3999.875,120.0,8,19,2,0.00000,0.00000,0.00000,0.00000,0.00000
72.956,2,72758.000,36404,192000,3999.583,120.0,8,19,2,0.00000,0.00000,0.00000,0.00000,0.00000
73.056,0,73040.000,49963,192000,3999.104,120.0,8,19,2,0.00000,0.00000,0.00000,0.00000,0.00000
73.056,1,73223.000,58728,192000,3999.500,120.0,8,19,2,0.00000,0.00000,0.00000,0.00000,0.00000
73.056,2,72858.000,41198,192000,3999.708,120.0,8,19,2,0.00000,0.00000,0.00000,0.00000,0.00000
73.159,0,73143.000,54906,192000,3999.125,120.0,8,19,2,0.00000,0.00000,0.00000,0.00000,0.00000
73.159,1,73326.000,63683,192000,3999.271,120.0,8,19,2,0.00000,0.00000,0.00000,0.00000,0.00000
73.159,2,72961.000,46128,192000,0.000,120.0,8,19,2,0.00000,0.00000,0.00000,0.00000,0.00000
73.262,0,73246.000,59849,192000,3999.146,120.0,8,19,2,0.00000,0.00000,0.00000,0.00000,0.00000
73.262,1,73429.000,68639,192000,3999.021,120.0,8,19,2,0.00000,0.00000,0.00000,0.00000,0.00000
73.262,2,73063.000,51059,192000,3999.271,120.0,8,19,2,0.00000,0.00000,0.00000,0.00000,0.00000
73.363,0,73348.000,64704,192000,0.000,120.0,8,19,2,0.00000,0.00000,0.00000,0.00000,0.00000
73.363,1,73531.000,73506,192000,3999.625,120.0,8,19,2,0.00000,0.00000,0.00000,0.00000,0.00000
73.363,2,73164.000,55902,192000,3999.375,120.0,8,19,2,0.00000,0.00000,0.00000,0.00000,0.00000
73.465,0,73449.000,69569,192000,3999.646,120.0,8,19,2,0.00000,0.00000,0.00000,0.00000,0.00000
73.465,1,73632.000,78383,192000,3999.021,120.0,8,19,2,0.00000,0.00000,0.00000,0.00000,0.00000
73.465,2,73265.000,60755,192000,3999.271,120.0,8,19,2,0.00000,0.00000,0.00000,0.00000,0.00000
73.566,0,73550.000,74425,192000,3999.479,120.0,8,19,2,0.00000,0.00000,0.00000,0.00000,0.00000
73.566,1,73734.000,83251,192000,3999.604,120.0,8,19,2,0.00000,0.00000,0.00000,0.00000,0.00000
73.566,2,73366.000,65599,192000,3999.354,120.0,8,19,2,0.00000,0.00000,0.00000,0.00000,0.00000
73.667,0,73651.000,79293,192000,3999.062,120.0,8,19,2,0.00000,0.00000,0.00000,0.00000,0.00000
73.667,1,73836.000,88132,192000,3999.917,120.0,8,19,2,0.00000,0.00000,0.00000,0.00000,0.00000
73.667,2,73467.000,70455,192000,3999.188,120.0,8,19,2,0.00000,0.00000,0.00000,0.00000,0.00000
73.770,0,73754.000,84206,192000,3999.708,120.0,8,19,2,0.00000,0.00000,0.00000,0.00000,0.00000
73.770,1,73938.000,93057,192000,3999.312,120.0,8,19,2,0.00000,0.00000,0.00000,0.00000,0.00000
73.770,2,73569.000,75356,192000,3999.083,120.0,8,19,2,0.00000,0.00000,0.00000,0.00000,0.00000
73.871,0,73856.000,89095,192000,3999.854,120.0,8,19,2,0.00000,0.00000,0.00000,0.00000,0.00000
73.871,1,74040.000,97958,192000,3999.208,120.0,8,19,2,0.00000,0.00000,0.00000,0.00000,0.00000
73.871,2,73671.000,80233,192000,3999.479,120.0,8,19,2,0.00000,0.00000,0.00000,0.00000,0.00000
73.971,0,73956.000,93896,192000,3999.833,120.0,8,19,2,0.00000,0.00000,0.00000,0.00000,0.00000
73.971,1,74141.000,102771,192000,3999.938,120.0,8,19,2,0.00000,0.00000,0.00000,0.00000,0.00000
73.971,2,73771.000,85021,192000,3999.729,120.0,8,19,2,0.00000,0.00000,0.00000,0.00000,0.00000
74.072,0,74056.000,98735,192000,3999.021,120.0,8,19,2,0.00000,0.00000,0.00000,0.00000,0.00000
74.072,1,74242.000,107622,192000,3999.875,120.0,8,19,2,0.00000,0.00000,0.00000,0.00000,0.00000
74.072,2,73871.000,89848,192000,3999.167,120.0,8,19,2,0.00000,0.00000,0.00000,0.00000,0.00000
74.174,0,74158.000,103611,192000,3999.438,120.0,8,19,2,0.00000,0.00000,0.00000,0.00000,0.00000
74.174,1,74343.000,112510,192000,3999.042,120.0,8,19,2,0.00000,0.00000,0.00000,0.00000,0.00000
74.174,2,73973.000,94711,192000,3999.854,120.0,8,19,2,0.00000,0.00000,0.00000,0.00000,0.00000
74.277,0,74261.000,108538,192000,3999.792,120.0,8,19,2,0.00000,0.00000,0.00000,0.00000,0.00000
74.277,1,74446.000,117449,192000,3999.146,120.0,8,19,2,0.00000,0.00000,0.00000,0.00000,0.00000
74.277,2,74075.000,99626,192000,3999.458,120.0,8,19,2,0.00000,0.00000,0.00000,0.00000,0.00000
74.377,0,74362.000,113383,192000,3999.854,120.0,8,19,2,0.00000,0.00000,0.00000,0.00000,0.00000
74.377,1,74548.000,122307,192000,3999.938,120.0,8,19,2,0.00000,0.00000,0.00000,0.00000,0.00000
74.377,2,74176.000,104460,192000,3999.750,120.0,8,19,2,0.00000,0.00000,0.00000,0.00000,0.00000
74.481,0,74465.000,118353,192000,3999.312,120.0,8,19,2,0.00000,0.00000,0.00000,0.00000,0.00000
74.481,1,74651.000,127289,192000,3999.146,120.0,8,19,2,0.00000,0.00000,0.00000,0.00000,0.00000
74.481,2,74279.000,109417,192000,3999.479,120.0,8,19,2,0.00000,0.00000,0.00000,0.00000,0.00000
74.582,0,74566.000,123203,192000,3999.271,120.0,8,19,2,0.00000,0.00000,0.00000,0.00000,0.00000
74.582,1,74753.000,132151,192000,3999.854,120.0,8,19,2,0.00000,0.00000,0.00000,0.00000,0.00000
74.582,2,74380.000,114255,192000,3999.688,120.0,8,19,2,0.00000,0.00000,0.00000,0.00000,0.00000
74.686,0,74670.000,128171,192000,3999.771,120.0,8,19,2,0.00000,0.00000,0.00000,0.00000,0.00000
74.686,1,74856.000,137132,192000,3999.083,120.0,8,19,2,0.00000,0.00000,0.00000,0.00000,0.00000
74.686,2,74483.000,119211,192000,3999.438,120.0,8,19,2,0.00000,0.00000,0.00000,0.00000,0.00000
74.786,0,74770.000,132988,192000,3999.417,120.0,8,19,2,0.00000,0.00000,0.00000,0.00000,0.00000
74.786,1,74957.000,141961,192000,3999.479,120.0,8,19,2,0.00000,0.00000,0.00000,0.00000,0.00000
74.786,2,74583.000,124016,192000,3999.333,120.0,8,19,2,0.00000,0.00000,0.00000,0.00000,0.00000
74.889,0,74873.000,137940,192000,3999.250,120.0,8,19,2,0.00000,0.00000,0.00000,0.00000,0.00000
74.889,1,75060.000,146925,192000,3999.062,120.0,8,19,2,0.00000,0.00000,0.00000,0.00000,0.00000
74.889,2,74686.000,128955,192000,3999.438,120.0,8,19,2,0.00000,0.00000,0.00000,0.00000,0.00000
74.990,0,74974.000,142765,192000,3999.729,120.0,8,19,2,0.00000,0.00000,0.00000,0.00000,0.00000
74.990,1,75161.000,151762,192000,3999.292,120.0,8,19,2,0.00000,0.00000,0.00000,0.00000,0.00000
74.990,2,74786.000,133768,192000,3999.167,120.0,8,19,2,0.00000,0.00000,0.00000,0.00000,0.00000
75.092,0,75076.000,147671,192000,3999.521,120.0,8,19,2,0.00000,0.00000,0.00000,0.00000,0.00000
75.092,1,75264.000,156680,192000,3999.833,120.0,8,19,2,0.00000,0.00000,0.00000,0.00000,0.00000
75.092,2,74888.000,138661,192000,3999.229,120.0,8,19,2,0.00000,0.00000,0.00000,0.00000,0.00000
75.193,0,75177.000,152524,192000,3999.417,120.0,8,19,2,0.00000,0.00000,0.00000,0.00000,0.00000
75.193,1,75365.000,161545,192000,3999.479,120.0,8,19,2,0.00000,0.00000,0.00000,0.00000,0.00000
75.193,2,74989.000,143503,192000,3999.354,120.0,8,19,2,0.00000,0.00000,0.00000,0.00000,0.00000
75.293,0,75277.000,157324,192000,3999.417,120.0,8,19,2,0.00000,0.00000,0.00000,0.00000,0.00000
75.293,1,75465.000,166358,192000,3999.208,120.0,8,19,2,0.00000,0.00000,0.00000,0.00000,0.00000
75.293,2,75089.000,148291,192000,3999.604,120.0,8,19,2,0.00000,0.00000,0.00000,0.00000,0.00000
75.397,0,75381.000,162300,192000,3999.750,120.0,8,19,2,0.00000,0.00000,0.00000,0.00000,0.00000
75.397,1,75569.000,171346,192000,3999.292,120.0,8,19,2,0.00000,0.00000,0.00000,0.00000,0.00000
75.397,2,75192.000,153254,192000,3999.208,120.0,8,19,2,0.00000,0.00000,0.00000,0.00000,0.00000
75.499,0,75483.000,167225,192000,3999.146,120.0,8,19,2,0.00000,0.00000,0.00000,0.00000,0.00000
75.499,1,75672.000,176283,192000,3999.438,120.0,8,19,2,0.00000,0.00000,0.00000,0.00000,0.00000
75.499,2,75295.000,158167,192000,3999.854,120.0,8,19,2,0.00000,0.00000,0.00000,0.00000,0.00000
75.601,0,75585.000,172122,192000,3999.125,120.0,8,19,2,0.00000,0.00000,0.00000,0.00000,0.00000
75.601,1,75774.000,181192,192000,3999.167,120.0,8,19,2,0.00000,0.00000,0.00000,0.00000,0.00000
75.601,2,75396.000,163051,192000,3999.104,120.0,8,19,2,0.00000,0.00000,0.00000,0.00000,0.00000
75.703,0,75687.000,176992,192000,3999.667,120.0,8,19,2,0.00000,0.00000,0.00000,0.00000,0.00000
75.703,1,75876.000,186074,192000,3999.458,120.0,8,19,2,0.00000,0.00000,0.00000,0.00000,0.00000
75.703,2,75498.000,167909,192000,3999.896,120.0,8,19,2,0.00000,0.00000,0.00000,0.00000,0.00000
75.804,0,75788.000,181845,192000,3999.562,120.0,8,19,2,0.00000,0.00000,0.00000,0.00000,0.00000
75.804,1,75977.000,190939,192000,3999.104,120.0,8,19,2,0.00000,0.00000,0.00000,0.00000,0.00000
75.804,2,75598.000,172750,192000,3999.042,120.0,8,19,2,0.00000,0.00000,0.00000,0.00000,0.00000
75.906,0,75890.000,186767,192000,3999.021,120.0,8,19,2,0.00000,0.00000,0.00000,0.00000,0.00000
75.906,1,76080.000,3873,192000,3999.312,120.0,8,20,2,0.00000,0.00000,0.00000,0.00000,0.00000
75.906,2,75701.000,177660,192000,3999.750,120.0,8,19,2,0.00000,0.00000,0.00000,0.00000,0.00000
76.010,0,75994.000,191736,192000,3999.500,120.0,8,19,2,0.00000,0.00000,0.00000,0.00000,0.00000
76.010,1,76184.000,8855,192000,3999.521,120.0,8,20,2,0.00000,0.00000,0.00000,0.00000,0.00000
76.010,2,75804.000,182616,192000,3999.500,120.0,8,19,2,0.00000,0.00000,0.00000,0.00000,0.00000
76.112,0,76096.000,4644,192000,3999.250,120.0,8,20,2,0.00000,0.00000,0.00000,0.00000,0.00000
76.112,1,76287.000,13776,192000,0.000,120.0,8,20,2,0.00000,0.00000,0.00000,0.00000,0.00000
76.112,2,75906.000,187513,192000,3999.479,120.0,8,19,2,0.00000,0.00000,0.00000,0.00000,0.00000
76.219,0,76203.000,9768,192000,3999.500,120.0,8,20,2,0.00000,0.00000,0.00000,0.00000,0.00000
76.219,1,76394.000,18913,192000,3999.979,120.0,8,20,2,0.00000,0.00000,0.00000,0.00000,0.00000
76.219,2,76013.000,624,192000,0.000,120.0,8,20,2,0.08748,0.00000,0.08748,0.00000,0.00000
76.319,0,76304.000,14595,192000,3999.938,120.0,8,20,2,0.00000,0.00000,0.00000,0.00000,0.00000
76.319,1,76494.000,23752,192000,3999.167,120.0,8,20,2,0.00000,0.00000,0.00000,0.00000,0.00000
76.319,2,76113.000,5438,192000,3999.708,120.0,8,20,2,0.08690,0.00000,0.08690,0.00000,0.00000
76.420,0,76404.000,19400,192000,3999.833,120.0,8,20,2,0.00000,0.00000,0.00000,0.00000,0.00000
76.420,1,76595.000,28569,192000,3999.812,120.0,8,20,2,0.00000,0.00000,0.00000,0.00000,0.00000
76.420,2,76213.000,10232,192000,3999.833,120.0,8,20,2,0.05736,0.00000,0.05736,0.00000,0.00000
76.520,0,76504.000,24211,192000,3999.604,120.0,8,20,2,0.00000,0.00000,0.00000,0.00000,0.00000
76.520,1,76695.000,33392,192000,3999.333,120.0,8,20,2,0.00000,0.00000,0.00000,0.00000,0.00000
76.520,2,76313.000,15030,192000,3999.875,120.0,8,20,2,0.03785,0.00000,0.03785,0.00000,0.00000
76.621,0,76605.000,29070,192000,3999.375,120.0,8,20,2,0.00000,0.00000,0.00000,0.00000,0.00000
76.621,1,76797.000,38263,192000,3999.854,120.0,8,20,2,0.00000,0.00000,0.00000,0.00000,0.00000
76.621,2,76414.000,19877,192000,3999.896,120.0,8,20,2,0.02487,0.00000,0.02487,0.00000,0.00000
76.723,0,76707.000,33972,192000,3999.250,120.0,8,20,2,0.00000,0.00000,0.00000,0.00000,0.00000
76.723,1,76899.000,43176,192000,3999.500,120.0,8,20,2,0.00000,0.00000,0.00000,0.00000,0.00000
76.723,2,76515.000,24767,192000,3999.021,120.0,8,20,2,0.01628,0.00000,0.01628,0.00000,0.00000
76.826,0,76810.000,38904,192000,3999.500,120.0,8,20,2,0.00000,0.00000,0.00000,0.00000,0.00000
76.826,1,77002.000,48121,192000,3999.479,120.0,8,20,2,0.00000,0.00000,0.00000,0.00000,0.00000
76.826,2,76618.000,29687,192000,3999.521,120.0,8,20,2,0.01063,0.00000,0.01063,0.00000,0.00000
76.926,0,76911.000,43729,192000,3999.979,120.0,8,20,2,0.00000,0.00000,0.00000,0.00000,0.00000
76.926,1,77103.000,52959,192000,3999.688,120.0,8,20,2,0.00000,0.00000,0.00000,0.00000,0.00000
76.926,2,76718.000,34500,192000,3999.250,120.0,8,20,2,0.00701,0.00000,0.00701,0.00000,0.00000
77.029,0,77014.000,48675,192000,3999.938,120.0,8,20,2,0.00000,0.00000,0.00000,0.00000,0.00000
77.029,1,77206.000,57917,192000,3999.396,120.0,8,20,2,0.00000,0.00000,0.00000,0.00000,0.00000
77.029,2,76821.000,39433,192000,3999.479,120.0,8,20,2,0.00457,0.00000,0.00457,0.00000,0.00000
77.131,0,77116.000,53569,192000,3999.979,120.0,8,20,2,0.00000,0.00000,0.00000,0.00000,0.00000
77.131,1,77308.000,62823,192000,3999.188,120.0,8,20,2,0.00000,0.00000,0.00000,0.00000,0.00000
77.131,2,76923.000,44315,192000,3999.771,120.0,8,20,2,0.00299,0.00000,0.00299,0.00000,0.00000
77.234,0,77218.000,58476,192000,3999.750,120.0,8,20,2,0.00000,0.00000,0.00000,0.00000,0.00000
77.234,1,77411.000,67743,192000,3999.688,120.0,8,20,2,0.00000,0.00000,0.00000,0.00000,0.00000
77.234,2,77025.000,49210,192000,3999.792,120.0,8,20,2,0.00196,0.00000,0.00196,0.00000,0.00000
77.335,0,77319.000,63321,192000,3999.812,120.0,8,20,2,0.00000,0.00000,0.00000,0.00000,0.00000
77.335,1,77512.000,72600,192000,3999.500,120.0,8,20,2,0.00000,0.00000,0.00000,0.00000,0.00000
77.335,2,77125.000,54043,192000,3999.104,120.0,8,20,2,0.00129,0.00000,0.00129,0.00000,0.00000
77.437,0,77421.000,68246,192000,3999.208,120.0,8,20,2,0.00000,0.00000,0.00000,0.00000,0.00000
77.437,1,77615.000,77536,192000,3999.667,120.0,8,20,2,0.00000,0.00000,0.00000,0.00000,0.00000
77.437,2,77228.000,58955,192000,3999.771,120.0,8,20,2,0.00084,0.00000,0.00084,0.00000,0.00000
77.540,0,77524.000,73176,192000,3999.500,120.0,8,20,2,0.00000,0.00000,0.00000,0.00000,0.00000
77.540,1,77718.000,82479,192000,3999.688,120.0,8,20,2,0.00000,0.00000,0.00000,0.00000,0.00000
77.540,2,77330.000,63873,192000,3999.312,120.0,8,20,2,0.00055,0.00000,0.00055,0.00000,0.00000
77.641,0,77625.000,78036,192000,3999.250,120.0,8,20,2,0.00000,0.00000,0.00000,0.00000,0.00000
77.641,1,77819.000,87351,192000,3999.188,120.0,8,20,2,0.00000,0.00000,0.00000,0.00000,0.00000
77.641,2,77431.000,68721,192000,3999.312,120.0,8,20,2,0.00036,0.00000,0.00036,0.00000,0.00000
77.744,0,77728.000,82956,192000,3999.750,120.0,8,20,2,0.00000,0.00000,0.00000,0.00000,0.00000
77.744,1,77922.000,92284,192000,3999.417,120.0,8,20,2,0.00000,0.00000,0.00000,0.00000,0.00000
77.744,2,77533.000,73629,192000,3999.062,120.0,8,20,2,0.00024,0.00000,0.00024,0.00000,0.00000
77.845,0,77830.000,87846,192000,3999.875,120.0,8,20,2,0.00000,0.00000,0.00000,0.00000,0.00000
77.845,1,78024.000,97185,192000,3999.312,120.0,8,20,2,0.00000,0.00000,0.00000,0.00000,0.00000
77.845,2,77635.000,78506,192000,3999.458,120.0,8,20,2,0.00015,0.00000,0.00015,0.00000,0.00000
77.947,0,77931.000,92698,192000,3999.792,120.0,8,20,2,0.00000,0.00000,0.00000,0.00000,0.00000
77.947,1,78126.000,102050,192000,3999.958,120.0,8,20,2,0.00000,0.00000,0.00000,0.00000,0.00000
77.947,2,77736.000,83346,192000,3999.625,120.0,8,20,2,0.00010,0.00000,0.00010,0.00000,0.00000
78.050,0,78034.000,97655,192000,3999.521,120.0,8,20,2,0.00000,0.00000,0.00000,0.00000,0.00000
78.050,1,78229.000,107019,192000,3999.438,120.0,8,20,2,0.00000,0.00000,0.00000,0.00000,0.00000
78.050,2,77839.000,88291,192000,3999.604,120.0,8,20,2,0.00007,0.00000,0.00007,0.00000,0.00000
78.152,0,78136.000,102547,192000,3999.604,120.0,8,20,2,0.00000,0.00000,0.00000,0.00000,0.00000
78.152,1,78331.000,111924,192000,3999.250,120.0,8,20,2,0.00000,0.00000,0.00000,0.00000,0.00000
78.152,2,77941.000,93171,192000,3999.938,120.0,8,20,2,0.00004,0.00000,0.00004,0.00000,0.00000
78.253,0,78237.000,107421,192000,3999.062,120.0,8,20,2,0.00000,0.00000,0.00000,0.00000,0.00000
78.253,1,78433.000,116810,192000,3999.458,120.0,8,20,2,0.00000,0.00000,0.00000,0.00000,0.00000
78.253,2,78042.000,98032,192000,3999.667,120.0,8,20,2,0.00003,0.00000,0.00003,0.00000,0.00000
78.355,0,78339.000,112283,192000,3999.771,120.0,8,20,2,0.00000,0.00000,0.00000,0.00000,0.00000
78.355,1,78535.000,121683,192000,3999.938,120.0,8,20,2,0.00000,0.00000,0.00000,0.00000,0.00000
78.355,2,78143.000,102882,192000,3999.625,120.0,8,20,2,0.00002,0.00000,0.00002,0.00000,0.00000
78.457,0,78441.000,117181,192000,3999.729,120.0,8,20,2,0.00000,0.00000,0.00000,0.00000,0.00000
78.457,1,78637.000,126594,192000,3999.625,120.0,8,20,2,0.00000,0.00000,0.00000,0.00000,0.00000
78.457,2,78245.000,107768,192000,3999.833,120.0,8,20,2,0.00001,0.00000,0.00001,0.00000,0.00000
78.558,0,78542.000,122055,192000,3999.188,120.0,8,20,2,0.00000,0.00000,0.00000,0.00000,0.00000
78.558,1,78739.000,131480,192000,3999.833,120.0,8,20,2,0.00000,0.00000,0.00000,0.00000,0.00000
78.558,2,78346.000,112630,192000,3999.542,120.0,8,20,2,0.00001,0.00000,0.00001,0.00000,0.00000
78.662,0,78646.000,127016,192000,3999.833,120.0,8,20,2,0.00000,0.00000,0.00000,0.00000,0.00000
78.662,1,78842.000,136454,192000,3999.208,120.0,8,20,2,0.00000,0.00000,0.00000,0.00000,0.00000
78.662,2,78449.000,117579,192000,3999.438,120.0,8,20,2,0.00001,0.00000,0.00001,0.00000,0.00000
78.764,0,78748.000,131913,192000,3999.812,120.0,8,20,2,0.00000,0.00000,0.00000,0.00000,0.00000
78.764,1,78945.000,141363,192000,3999.938,120.0,8,20,2,0.00000,0.00000,0.00000,0.00000,0.00000
78.764,2,78551.000,122463,192000,3999.688,120.0,8,20,2,0.00000,0.00000,0.00000,0.00000,0.00000
78.864,0,78848.000,136715,192000,3999.771,120.0,8,20,2,0.00000,0.00000,0.00000,0.00000,0.00000
78.864,1,79045.000,146177,192000,3999.646,120.0,8,20,2,0.00000,0.00000,0.00000,0.00000,0.00000
78.864,2,78651.000,127254,192000,3999.875,120.0,8,20,2,0.00000,0.00000,0.00000,0.00000,0.00000
78.965,0,78949.000,141568,192000,3999.667,120.0,8,20,2,0.00000,0.00000,0.00000,0.00000,0.00000
78.965,1,79146.000,151042,192000,3999.292,120.0,8,20,2,0.00000,0.00000,0.00000,0.00000,0.00000
78.965,2,78751.000,132094,192000,3999.042,120.0,8,20,2,0.00000,0.00000,0.00000,0.00000,0.00000
79.066,0,79050.000,146420,192000,3999.583,120.0,8,20,2,0.00000,0.00000,0.00000,0.00000,0.00000
79.066,1,79248.000,155906,192000,3999.958,120.0,8,20,2,0.00000,0.00000,0.00000,0.00000,0.00000
79.066,2,78852.000,136934,192000,3999.208,120.0,8,20,2,0.00000,0.00000,0.00000,0.00000,0.00000
79.166,0,79150.000,151224,192000,3999.500,120.0,8,20,2,0.00000,0.00000,0.00000,0.00000,0.00000
79.166,1,79348.000,160722,192000,3999.625,120.0,8,20,2,0.00000,0.00000,0.00000,0.00000,0.00000
79.166,2,78952.000,141726,192000,3999.375,120.0,8,20,2,0.00000,0.00000,0.00000,0.00000,0.00000
79.268,0,79252.000,156138,192000,3999.125,120.0,8,20,2,0.00000,0.00000,0.00000,0.00000,0.00000
79.268,1,79451.000,165649,192000,3999.979,120.0,8,20,2,0.00000,0.00000,0.00000,0.00000,0.00000
79.268,2,79054.000,146628,192000,3999.250,120.0,8,20,2,0.00000,0.00000,0.00000,0.00000,0.00000
79.370,0,79355.000,161043,192000,3999.938,120.0,8,20,2,0.00000,0.00000,0.00000,0.00000,0.00000
79.370,1,79553.000,170566,192000,3999.542,120.0,8,20,2,0.00000,0.00000,0.00000,0.00000,0.00000
79.370,2,79156.000,151521,192000,3999.312,120.0,8,20,2,0.00000,0.00000,0.00000,0.00000,0.00000
79.471,0,79455.000,165869,192000,3999.396,120.0,8,20,2,0.00000,0.00000,0.00000,0.00000,0.00000
79.471,1,79654.000,175403,192000,3999.771,120.0,8,20,2,0.00000,0.00000,0.00000,0.00000,0.00000
79.471,2,79256.000,156334,192000,3999.042,120.0,8,20,2,0.00000,0.00000,0.00000,0.00000,0.00000
79.572,0,79557.000,170744,192000,3999.833,120.0,8,20,2,0.00000,0.00000,0.00000,0.00000,0.00000
79.572,1,79756.000,180291,192000,3999.938,120.0,8,20,2,0.00000,0.00000,0.00000,0.00000,0.00000
79.572,2,79358.000,161197,192000,3999.729,120.0,8,20,2,0.00000,0.00000,0.00000,0.00000,0.00000
79.675,0,79659.000,175644,192000,3999.750,120.0,8,20,2,0.00000,0.00000,0.00000,0.00000,0.00000
79.675,1,79858.000,185203,192000,3999.604,120.0,8,20,2,0.00000,0.00000,0.00000,0.00000,0.00000
79.675,2,79460.000,166085,192000,3999.896,120.0,8,20,2,0.00000,0.00000,0.00000,0.00000,0.00000
79.778,0,79762.000,180599,192000,3999.521,120.0,8,20,2,0.00000,0.00000,0.00000,0.00000,0.00000
79.778,1,79961.000,190170,192000,3999.125,120.0,8,20,2,0.00000,0.00000,0.00000,0.00000,0.00000
79.778,2,79563.000,171027,192000,3999.938,120.0,8,20,2,0.00000,0.00000,0.00000,0.00000,0.00000
79.881,0,79865.000,185536,192000,3999.667,120.0,8,20,2,0.00000,0.00000,0.00000,0.00000,0.00000
79.881,1,80065.000,3120,192000,0.000,120.0,8,21,2,0.10534,0.10534,0.10528,0.00000,0.00000
79.881,2,79665.000,175952,192000,3999.333,120.0,8,20,2,0.00000,0.00000,0.00000,0.00000,0.00000
79.984,0,79968.000,190478,192000,3999.708,120.0,8,20,2,0.00000,0.00000,0.00000,0.00000,0.00000
79.984,1,80168.000,8074,192000,3999.792,120.0,8,21,2,0.06858,0.06858,0.06854,0.00000,0.00000
79.984,2,79768.000,180881,192000,3999.646,120.0,8,20,2,0.00000,0.00000,0.00000,0.00000,0.00000
80.085,0,80069.000,3352,192000,3999.167,120.0,8,21,2,0.10292,0.10283,0.10292,0.00000,0.00000
80.085,1,80270.000,12961,192000,3999.979,120.0,8,21,2,0.04491,0.04491,0.04488,0.00000,0.00000
80.085,2,79869.000,185744,192000,3999.333,120.0,8,20,2,0.00000,0.00000,0.00000,0.00000,0.00000
80.186,0,80170.000,8170,192000,3999.792,120.0,8,21,2,0.06780,0.06773,0.06780,0.00000,0.00000
80.186,1,80370.000,17790,192000,3999.375,120.0,8,21,2,0.02955,0.02955,0.02954,0.00000,0.00000
80.186,2,79969.000,190549,192000,3999.229,120.0,8,20,2,0.00000,0.00000,0.00000,0.00000,0.00000
80.286,0,80270.000,12998,192000,3999.208,120.0,8,21,2,0.04462,0.04458,0.04462,0.00000,0.00000
80.286,1,80471.000,22631,192000,3999.521,120.0,8,21,2,0.01943,0.01943,0.01942,0.00000,0.00000
80.286,2,80070.000,3365,192000,3999.896,120.0,8,21,2,0.10327,0.10327,0.00000,0.00000,0.00000
80.386,0,80371.000,17814,192000,3999.875,120.0,8,21,2,0.02940,0.02937,0.02940,0.00000,0.00000
80.386,1,80572.000,27458,192000,3999.958,120.0,8,21,2,0.01279,0.01279,0.01278,0.00000,0.00000
80.386,2,80170.000,8169,192000,3999.812,120.0,8,21,2,0.06811,0.06811,0.00000,0.00000,0.00000
80.490,0,80474.000,22767,192000,3999.688,120.0,8,21,2,0.01914,0.01912,0.01914,0.00000,0.00000
80.490,1,80675.000,32424,192000,3999.500,120.0,8,21,2,0.00832,0.00832,0.00831,0.00000,0.00000
80.490,2,80273.000,13110,192000,3999.875,120.0,8,21,2,0.04439,0.04439,0.00000,0.00000,0.00000
80.593,0,80577.000,27718,192000,3999.542,120.0,8,21,2,0.01246,0.01245,0.01246,0.00000,0.00000
80.593,1,80778.000,37387,192000,3999.104,120.0,8,21,2,0.00541,0.00541,0.00541,0.00000,0.00000
80.593,2,80376.000,18049,192000,3999.979,120.0,8,21,2,0.02894,0.02894,0.00000,0.00000,0.00000
80.695,0,80679.000,32619,192000,3999.438,120.0,8,21,2,0.00815,0.00814,0.00815,0.00000,0.00000
80.695,1,80881.000,42301,192000,3999.729,120.0,8,21,2,0.00353,0.00353,0.00353,0.00000,0.00000
80.695,2,80477.000,22938,192000,3999.125,120.0,8,21,2,0.01894,0.01894,0.00000,0.00000,0.00000
80.797,0,80781.000,37524,192000,3999.250,120.0,8,21,2,0.00533,0.00532,0.00533,0.00000,0.00000
80.797,1,80983.000,47217,192000,3999.312,120.0,8,21,2,0.00231,0.00231,0.00231,0.00000,0.00000
80.797,2,80579.000,27830,192000,3999.208,120.0,8,21,2,0.01240,0.01240,0.00000,0.00000,0.00000
80.899,0,80884.000,42433,192000,3999.979,120.0,8,21,2,0.00348,0.00348,0.00348,0.00000,0.00000
80.899,1,81086.000,52139,192000,3999.771,120.0,8,21,2,0.00151,0.00151,0.00151,0.00000,0.00000
80.899,2,80681.000,32727,192000,3999.188,120.0,8,21,2,0.00811,0.00811,0.00000,0.00000,0.00000
81.001,0,80985.000,47289,192000,3999.812,120.0,8,21,2,0.00229,0.00228,0.00229,0.00000,0.00000
81.001,1,81187.000,57007,192000,3999.354,120.0,8,21,2,0.00099,0.00099,0.00099,0.00000,0.00000
81.001,2,80782.000,37571,192000,3999.271,120.0,8,21,2,0.00533,0.00533,0.00000,0.00000,0.00000
81.102,0,81086.000,52140,192000,3999.750,120.0,8,21,2,0.00150,0.00150,0.00150,0.00000,0.00000
81.102,1,81288.000,61871,192000,3999.021,120.0,8,21,2,0.00065,0.00065,0.00065,0.00000,0.00000
81.102,2,80883.000,42410,192000,3999.458,120.0,8,21,2,0.00351,0.00351,0.00000,0.00000,0.00000
81.204,0,81188.000,57056,192000,3999.333,120.0,8,21,2,0.00098,0.00098,0.00098,0.00000,0.00000
81.204,1,81391.000,66799,192000,3999.354,120.0,8,21,2,0.00042,0.00042,0.00042,0.00000,0.00000
81.204,2,80985.000,47314,192000,3999.292,120.0,8,21,2,0.00229,0.00229,0.00000,0.00000,0.00000
81.305,0,81289.000,61903,192000,3999.354,120.0,8,21,2,0.00064,0.00064,0.00064,0.00000,0.00000
81.305,1,81492.000,71658,192000,3999.125,120.0,8,21,2,0.00028,0.00028,0.00028,0.00000,0.00000
81.305,2,81086.000,52148,192000,3999.583,120.0,8,21,2,0.00151,0.00151,0.00000,0.00000,0.00000
81.406,0,81390.000,66760,192000,3999.167,120.0,8,21,2,0.00042,0.00042,0.00042,0.00000,0.00000
81.406,1,81594.000,76527,192000,3999.688,120.0,8,21,2,0.00018,0.00018,0.00018,0.00000,0.00000
81.406,2,81187.000,56993,192000,3999.646,120.0,8,21,2,0.00099,0.00099,0.00000,0.00000,0.00000
81.509,0,81493.000,71689,192000,3999.479,120.0,8,21,2,0.00028,0.00028,0.00028,0.00000,0.00000
81.509,1,81697.000,81468,192000,3999.750,120.0,8,21,2,0.00012,0.00012,0.00012,0.00000,0.00000
81.509,2,81289.000,61909,192000,3999.229,120.0,8,21,2,0.00065,0.00065,0.00000,0.00000,0.00000
81.611,0,81595.000,76572,192000,3999.750,120.0,8,21,2,0.00018,0.00018,0.00018,0.00000,0.00000
81.611,1,81799.000,86364,192000,3999.750,120.0,8,21,2,0.00008,0.00008,0.00008,0.00000,0.00000
81.611,2,81391.000,66781,192000,3999.729,120.0,8,21,2,0.00042,0.00042,0.00000,0.00000,0.00000
81.713,0,81697.000,81485,192000,3999.396,120.0,8,21,2,0.00012,0.00012,0.00012,0.00000,0.00000
81.713,1,81901.000,91288,192000,3999.167,120.0,8,21,2,0.00005,0.00005,0.00005,0.00000,0.00000
81.713,2,81493.000,71681,192000,3999.646,120.0,8,21,2,0.00028,0.00028,0.00000,0.00000,0.00000
81.815,0,81799.000,86376,192000,3999.500,120.0,8,21,2,0.00008,0.00008,0.00008,0.00000,0.00000
81.815,1,82004.000,96192,192000,0.000,120.0,8,21,2,0.00003,0.00003,0.00003,0.00000,0.00000
81.815,2,81595.000,76560,192000,0.000,120.0,8,21,2,0.00018,0.00018,0.00000,0.00000,0.00000
81.915,0,81899.000,91195,192000,3999.104,120.0,8,21,2,0.00005,0.00005,0.00005,0.00000,0.00000
81.915,1,82104.000,101023,192000,3999.354,120.0,8,21,2,0.00002,0.00002,0.00002,0.00000,0.00000
81.915,2,81695.000,81367,192000,3999.854,120.0,8,21,2,0.00012,0.00012,0.00000,0.00000,0.00000
82.017,0,82001.000,96061,192000,3999.729,120.0,8,21,2,0.00003,0.00003,0.00003,0.00000,0.00000
82.017,1,82206.000,105902,192000,3999.708,120.0,8,21,2,0.00001,0.00001,0.00001,0.00000,0.00000
82.017,2,81796.000,86221,192000,3999.729,120.0,8,21,2,0.00008,0.00008,0.00000,0.00000,0.00000
82.120,0,82104.000,101012,192000,3999.583,120.0,8,21,2,0.00002,0.00002,0.00002,0.00000,0.00000
82.120,1,82309.000,110865,192000,3999.312,120.0,8,21,2,0.00001,0.00001,0.00001,0.00000,0.00000
82.120,2,81899.000,91160,192000,3999.833,120.0,8,21,2,0.00005,0.00005,0.00000,0.00000,0.00000
82.221,0,82205.000,105860,192000,3999.583,120.0,8,21,2,0.00001,0.00001,0.00001,0.00000,0.00000
82.221,1,82410.000,115725,192000,3999.062,120.0,8,21,2,0.00001,0.00001,0.00001,0.00000,0.00000
82.221,2,81999.000,95996,192000,3999.083,120.0,8,21,2,0.00003,0.00003,0.00000,0.00000,0.00000
82.322,0,82306.000,110718,192000,3999.375,120.0,8,21,2,0.00001,0.00001,0.00001,0.00000,0.00000
82.322,1,82512.000,120595,192000,3999.604,120.0,8,21,2,0.00000,0.00000,0.00000,0.00000,0.00000
82.322,2,82100.000,100841,192000,3999.146,120.0,8,21,2,0.00002,0.00002,0.00000,0.00000,0.00000
82.422,0,82406.000,115520,192000,3999.333,120.0,8,21,2,0.00001,0.00001,0.00001,0.00000,0.00000
82.422,1,82612.000,125409,192000,3999.312,120.0,8,21,2,0.00000,0.00000,0.00000,0.00000,0.00000
82.422,2,82200.000,105631,192000,3999.354,120.0,8,21,2,0.00001,0.00001,0.00000,0.00000,0.00000
82.525,0,82509.000,120471,192000,3999.188,120.0,8,21,2,0.00000,0.00000,0.00000,0.00000,0.00000
82.525,1,82716.000,130372,192000,3999.917,120.0,8,21,2,0.00000,0.00000,0.00000,0.00000,0.00000
82.525,2,82303.000,110570,192000,3999.458,120.0,8,21,2,0.00001,0.00001,0.00000,0.00000,0.00000
82.626,0,82610.000,125300,192000,3999.583,120.0,8,21,2,0.00000,0.00000,0.00000,0.00000,0.00000
82.626,1,82816.000,135213,192000,3999.062,120.0,8,21,2,0.00000,0.00000,0.00000,0.00000,0.00000
82.626,2,82403.000,115387,192000,3999.104,120.0,8,21,2,0.00001,0.00001,0.00000,0.00000,0.00000
82.729,0,82713.000,130243,192000,3999.604,120.0,8,21,2,0.00000,0.00000,0.00000,0.00000,0.00000
82.729,1,82920.000,140169,192000,3999.812,120.0,8,21,2,0.00000,0.00000,0.00000,0.00000,0.00000
82.729,2,82506.000,120317,192000,3999.396,120.0,8,21,2,0.00000,0.00000,0.00000,0.00000,0.00000
82.830,0,82814.000,135104,192000,3999.333,120.0,8,21,2,0.00000,0.00000,0.00000,0.00000,0.00000
82.830,1,83021.000,145042,192000,3999.292,120.0,8,21,2,0.00000,0.00000,0.00000,0.00000,0.00000
82.830,2,82607.000,125166,192000,3999.375,120.0,8,21,2,0.00000,0.00000,0.00000,0.00000,0.00000
82.932,0,82916.000,139999,192000,3999.354,120.0,8,21,2,0.00000,0.00000,0.00000,0.00000,0.00000
82.932,1,83123.000,149949,192000,3999.062,120.0,8,21,2,0.00000,0.00000,0.00000,0.00000,0.00000
82.932,2,82709.000,130049,192000,3999.646,120.0,8,21,2,0.00000,0.00000,0.00000,0.00000,0.00000
83.033,0,83017.000,144832,192000,3999.667,120.0,8,21,2,0.00000,0.00000,0.00000,0.00000,0.00000
83.033,1,83224.000,154794,192000,3999.125,120.0,8,21,2,0.00000,0.00000,0.00000,0.00000,0.00000
83.033,2,82809.000,134870,192000,3999.208,120.0,8,21,2,0.00000,0.00000,0.00000,0.00000,0.00000
83.135,0,83119.000,149740,192000,3999.417,120.0,8,21,2,0.00000,0.00000,0.00000,0.00000,0.00000
83.135,1,83327.000,159715,192000,3999.604,120.0,8,21,2,0.00000,0.00000,0.00000,0.00000,0.00000
83.135,2,82911.000,139766,192000,3999.208,120.0,8,21,2,0.00000,0.00000,0.00000,0.00000,0.00000
83.238,0,83222.000,154686,192000,3999.375,120.0,8,21,2,0.00000,0.00000,0.00000,0.00000,0.00000
83.238,1,83430.000,164672,192000,3999.333,120.0,8,21,2,0.00000,0.00000,0.00000,0.00000,0.00000
83.238,2,83014.000,144699,192000,3999.438,120.0,8,21,2,0.00000,0.00000,0.00000,0.00000,0.00000
83.340,0,83324.000,159577,192000,3999.479,120.0,8,21,2,0.00000,0.00000,0.00000,0.00000,0.00000
83.340,1,83532.000,169576,192000,3999.167,120.0,8,21,2,0.00000,0.00000,0.00000,0.00000,0.00000
83.340,2,83116.000,149578,192000,3999.792,120.0,8,21,2,0.00000,0.00000,0.00000,0.00000,0.00000
83.440,0,83424.000,164378,192000,3999.458,120.0,8,21,2,0.00000,0.00000,0.00000,0.00000,0.00000
83.440,1,83633.000,174389,192000,3999.896,120.0,8,21,2,0.00000,0.00000,0.00000,0.00000,0.00000
83.440,2,83215.000,154367,192000,3999.021,120.0,8,21,2,0.00000,0.00000,0.00000,0.00000,0.00000
83.544,0,83528.000,169355,192000,3999.771,120.0,8,21,2,0.00000,0.00000,0.00000,0.00000,0.00000
83.544,1,83737.000,179378,192000,3999.958,120.0,8,21,2,0.00000,0.00000,0.00000,0.00000,0.00000
83.544,2,83319.000,159331,192000,3999.604,120.0,8,21,2,0.00000,0.00000,0.00000,0.00000,0.00000
83.646,0,83631.000,174294,192000,3999.875,120.0,8,21,2,0.00000,0.00000,0.00000,0.00000,0.00000
83.646,1,83840.000,184330,192000,3999.792,120.0,8,21,2,0.00000,0.00000,0.00000,0.00000,0.00000
83.646,2,83422.000,164258,192000,3999.958,120.0,8,21,2,0.00000,0.00000,0.00000,0.00000,0.00000
83.750,0,83734.000,179265,192000,3999.312,120.0,8,21,2,0.00000,0.00000,0.00000,0.00000,0.00000
83.750,1,83944.000,189314,192000,3999.958,120.0,8,21,2,0.00000,0.00000,0.00000,0.00000,0.00000
83.750,2,83525.000,169217,192000,3999.646,120.0,8,21,2,0.00000,0.00000,0.00000,0.00000,0.00000
83.853,0,83837.000,184200,192000,3999.500,120.0,8,21,2,0.00000,0.00000,0.00000,0.00000,0.00000
83.853,1,84047.000,2260,192000,3999.917,120.0,8,22,2,0.00000,0.00000,0.00000,0.00000,0.00000
83.853,2,83627.000,174139,192000,3999.104,120.0,8,21,2,0.00000,0.00000,0.00000,0.00000,0.00000
83.954,0,83938.000,189056,192000,3999.333,120.0,8,21,2,0.00000,0.00000,0.00000,0.00000,0.00000
83.954,1,84148.000,7129,192000,3999.479,120.0,8,22,2,0.00000,0.00000,0.00000,0.00000,0.00000
83.954,2,83728.000,178984,192000,3999.167,120.0,8,21,2,0.00000,0.00000,0.00000,0.00000,0.00000
84.057,0,84042.000,2020,192000,3999.917,120.0,8,22,2,0.00000,0.00000,0.00000,0.00000,0.00000
84.057,1,84252.000,12105,192000,3999.812,120.0,8,22,2,0.00000,0.00000,0.00000,0.00000,0.00000
84.057,2,83831.000,183935,192000,3999.021,120.0,8,21,2,0.00000,0.00000,0.00000,0.00000,0.00000
84.160,0,84144.000,6938,192000,3999.458,120.0,8,22,2,0.00000,0.00000,0.00000,0.00000,0.00000
84.160,1,84354.000,17035,192000,3999.104,120.0,8,22,2,0.00000,0.00000,0.00000,0.00000,0.00000
84.160,2,83934.000,188840,192000,3999.833,120.0,8,21,2,0.00000,0.00000,0.00000,0.00000,0.00000
84.262,0,84247.000,11860,192000,3999.917,120.0,8,22,2,0.00000,0.00000,0.00000,0.00000,0.00000
84.262,1,84457.000,21970,192000,3999.292,120.0,8,22,2,0.00000,0.00000,0.00000,0.00000,0.00000
84.262,2,84036.000,1751,192000,3999.521,120.0,8,22,2,0.00000,0.00000,0.00000,0.00000,0.00000
84.364,0,84348.000,16719,192000,3999.688,120.0,8,22,2,0.00000,0.00000,0.00000,0.00000,0.00000
84.364,1,84559.000,26841,192000,3999.812,120.0,8,22,2,0.00000,0.00000,0.00000,0.00000,0.00000
84.364,2,84137.000,6598,192000,3999.542,120.0,8,22,2,0.00000,0.00000,0.00000,0.00000,0.00000
84.466,0,84450.000,21611,192000,3999.771,120.0,8,22,2,0.00000,0.00000,0.00000,0.00000,0.00000
84.466,1,84661.000,31745,192000,3999.646,120.0,8,22,2,0.00000,0.00000,0.00000,0.00000,0.00000
84.466,2,84239.000,11477,192000,3999.896,120.0,8,22,2,0.00000,0.00000,0.00000,0.00000,0.00000
84.566,0,84550.000,26421,192000,3999.562,120.0,8,22,2,0.00000,0.00000,0.00000,0.00000,0.00000
84.566,1,84761.000,36568,192000,3999.167,120.0,8,22,2,0.00000,0.00000,0.00000,0.00000,0.00000
84.566,2,84339.000,16275,192000,3999.938,120.0,8,22,2,0.00000,0.00000,0.00000,0.00000,0.00000
84.666,0,84650.000,31227,192000,3999.438,120.0,8,22,2,0.00000,0.00000,0.00000,0.00000,0.00000
84.666,1,84862.000,41385,192000,3999.812,120.0,8,22,2,0.00000,0.00000,0.00000,0.00000,0.00000
84.666,2,84438.000,21069,192000,3999.062,120.0,8,22,2,0.00000,0.00000,0.00000,0.00000,0.00000
84.768,0,84752.000,36113,192000,3999.646,120.0,8,22,2,0.00000,0.00000,0.00000,0.00000,0.00000
84.768,1,84964.000,46284,192000,3999.750,120.0,8,22,2,0.00000,0.00000,0.00000,0.00000,0.00000
84.768,2,84540.000,25943,192000,3999.521,120.0,8,22,2,0.00000,0.00000,0.00000,0.00000,0.00000
84.869,0,84854.000,40997,192000,3999.896,120.0,8,22,2,0.00000,0.00000,0.00000,0.00000,0.00000
84.869,1,85066.000,51179,192000,3999.771,120.0,8,22,2,0.00000,0.00000,0.00000,0.00000,0.00000
84.869,2,84641.000,30814,192000,3999.042,120.0,8,22,2,0.00000,0.00000,0.00000,0.00000,0.00000
84.973,0,84957.000,45946,192000,3999.792,120.0,8,22,2,0.00000,0.00000,0.00000,0.00000,0.00000
84.973,1,85169.000,56141,192000,3999.396,120.0,8,22,2,0.00000,0.00000,0.00000,0.00000,0.00000
84.973,2,84744.000,35751,192000,3999.188,120.0,8,22,2,0.00000,0.00000,0.00000,0.00000,0.00000
85.076,0,85060.000,50895,192000,3999.688,120.0,8,22,2,0.00000,0.00000,0.00000,0.00000,0.00000
85.076,1,85272.000,61102,192000,3999.042,120.0,8,22,2,0.00000,0.00000,0.00000,0.00000,0.00000
85.076,2,84847.000,40687,192000,3999.354,120.0,8,22,2,0.00000,0.00000,0.00000,0.00000,0.00000
85.176,0,85160.000,55727,192000,3999.021,120.0,8,22,2,0.00000,0.00000,0.00000,0.00000,0.00000
85.176,1,85373.000,65947,192000,3999.104,120.0,8,22,2,0.00000,0.00000,0.00000,0.00000,0.00000
85.176,2,84948.000,45508,192000,3999.917,120.0,8,22,2,0.00000,0.00000,0.00000,0.00000,0.00000
85.279,0,85263.000,60644,192000,3999.583,120.0,8,22,2,0.00000,0.00000,0.00000,0.00000,0.00000
85.279,1,85476.000,70876,192000,3999.417,120.0,8,22,2,0.00000,0.00000,0.00000,0.00000,0.00000
85.279,2,85050.000,50412,192000,3999.750,120.0,8,22,2,0.00000,0.00000,0.00000,0.00000,0.00000
85.381,0,85365.000,65561,192000,3999.146,120.0,8,22,2,0.00000,0.00000,0.00000,0.00000,0.00000
85.381,1,85579.000,75805,192000,3999.729,120.0,8,22,2,0.00000,0.00000,0.00000,0.00000,0.00000
85.381,2,85152.000,55317,192000,3999.562,120.0,8,22,2,0.00000,0.00000,0.00000,0.00000,0.00000
85.481,0,85466.000,70375,192000,3999.854,120.0,8,22,2,0.00000,0.00000,0.00000,0.00000,0.00000
85.481,1,85679.000,80631,192000,3999.188,120.0,8,22,2,0.00000,0.00000,0.00000,0.00000,0.00000
85.481,2,85252.000,60119,192000,3999.521,120.0,8,22,2,0.00000,0.00000,0.00000,0.00000,0.00000
85.583,0,85567.000,75225,192000,3999.812,120.0,8,22,2,0.00000,0.00000,0.00000,0.00000,0.00000
85.583,1,85781.000,85493,192000,3999.896,120.0,8,22,2,0.00000,0.00000,0.00000,0.00000,0.00000
85.583,2,85353.000,64956,192000,3999.750,120.0,8,22,2,0.00000,0.00000,0.00000,0.00000,0.00000
85.686,0,85670.000,80180,192000,3999.583,120.0,8,22,2,0.00000,0.00000,0.00000,0.00000,0.00000
85.686,1,85884.000,90460,192000,3999.417,120.0,8,22,2,0.00000,0.00000,0.00000,0.00000,0.00000
85.686,2,85456.000,69899,192000,3999.771,120.0,8,22,2,0.00000,0.00000,0.00000,0.00000,0.00000
85.787,0,85771.000,85043,192000,3999.271,120.0,8,22,2,0.00000,0.00000,0.00000,0.00000,0.00000
85.787,1,85986.000,95335,192000,3999.854,120.0,8,22,2,0.00000,0.00000,0.00000,0.00000,0.00000
85.787,2,85557.000,74750,192000,3999.708,120.0,8,22,2,0.00000,0.00000,0.00000,0.00000,0.00000
85.887,0,85871.000,89851,192000,3999.104,120.0,8,22,2,0.00000,0.00000,0.00000,0.00000,0.00000
85.887,1,86086.000,100156,192000,3999.417,120.0,8,22,2,0.00000,0.00000,0.00000,0.00000,0.00000
85.887,2,85657.000,79547,192000,3999.771,120.0,8,22,2,0.00000,0.00000,0.00000,0.00000,0.00000
85.991,0,85975.000,94817,192000,3999.646,120.0,8,22,2,0.00000,0.00000,0.00000,0.00000,0.00000
85.991,1,86190.000,105134,192000,3999.708,120.0,8,22,2,0.00000,0.00000,0.00000,0.00000,0.00000
85.991,2,85760.000,84500,192000,3999.583,120.0,8,22,2,0.00000,0.00000,0.00000,0.00000,0.00000
86.093,0,86077.000,99710,192000,3999.708,120.0,8,22,2,0.00000,0.00000,0.00000,0.00000,0.00000
86.093,1,86292.000,110039,192000,3999.521,120.0,8,22,2,0.00000,0.00000,0.00000,0.00000,0.00000
86.093,2,85862.000,89381,192000,3999.896,120.0,8,22,2,0.00000,0.00000,0.00000,0.00000,0.00000
86.194,0,86179.000,104593,192000,3999.979,120.0,8,22,2,0.00000,0.00000,0.00000,0.00000,0.00000
86.194,1,86394.000,114934,192000,3999.542,120.0,8,22,2,0.00000,0.00000,0.00000,0.00000,0.00000
86.194,2,85963.000,94251,192000,3999.438,120.0,8,22,2,0.00000,0.00000,0.00000,0.00000,0.00000
86.295,0,86279.000,109414,192000,3999.542,120.0,8,22,2,0.00000,0.00000,0.00000,0.00000,0.00000
86.295,1,86495.000,119768,192000,3999.833,120.0,8,22,2,0.00000,0.00000,0.00000,0.00000,0.00000
86.295,2,86063.000,99061,192000,3999.229,120.0,8,22,2,0.00000,0.00000,0.00000,0.00000,0.00000
86.397,0,86382.000,114341,192000,3999.896,120.0,8,22,2,0.00000,0.00000,0.00000,0.00000,0.00000
86.397,1,86598.000,124707,192000,3999.938,120.0,8,22,2,0.00000,0.00000,0.00000,0.00000,0.00000
86.397,2,86166.000,103976,192000,3999.833,120.0,8,22,2,0.00000,0.00000,0.00000,0.00000,0.00000
86.498,0,86482.000,119146,192000,3999.792,120.0,8,22,2,0.00000,0.00000,0.00000,0.00000,0.00000
86.498,1,86698.000,129524,192000,3999.583,120.0,8,22,2,0.00000,0.00000,0.00000,0.00000,0.00000
86.498,2,86266.000,108768,192000,0.000,120.0,8,22,2,0.00000,0.00000,0.00000,0.00000,0.00000
86.600,0,86584.000,124075,192000,3999.104,120.0,8,22,2,0.00000,0.00000,0.00000,0.00000,0.00000
86.600,1,86801.000,134465,192000,3999.646,120.0,8,22,2,0.00000,0.00000,0.00000,0.00000,0.00000
86.600,2,86368.000,113685,192000,3999.562,120.0,8,22,2,0.00000,0.00000,0.00000,0.00000,0.00000
86.700,0,86684.000,128879,192000,3999.021,120.0,8,22,2,0.00000,0.00000,0.00000,0.00000,0.00000
86.700,1,86901.000,139281,192000,3999.312,120.0,8,22,2,0.00000,0.00000,0.00000,0.00000,0.00000
86.700,2,86468.000,118477,192000,3999.729,120.0,8,22,2,0.00000,0.00000,0.00000,0.00000,0.00000
86.801,0,86785.000,133698,192000,3999.625,120.0,8,22,2,0.00000,0.00000,0.00000,0.00000,0.00000
86.801,1,87002.000,144112,192000,3999.667,120.0,8,22,2,0.00000,0.00000,0.00000,0.00000,0.00000
86.801,2,86568.000,123283,192000,3999.604,120.0,8,22,2,0.00000,0.00000,0.00000,0.00000,0.00000
86.904,0,86888.000,138663,192000,3999.188,120.0,8,22,2,0.00000,0.00000,0.00000,0.00000,0.00000
86.904,1,87106.000,149089,192000,3999.979,120.0,8,22,2,0.00000,0.00000,0.00000,0.00000,0.00000
86.904,2,86671.000,128236,192000,3999.417,120.0,8,22,2,0.00000,0.00000,0.00000,0.00000,0.00000
87.007,0,86991.000,143615,192000,3999.021,120.0,8,22,2,0.00000,0.00000,0.00000,0.00000,0.00000
87.007,1,87209.000,154054,192000,3999.542,120.0,8,22,2,0.00000,0.00000,0.00000,0.00000,0.00000
87.007,2,86774.000,133176,192000,3999.500,120.0,8,22,2,0.00000,0.00000,0.00000,0.00000,0.00000
87.109,0,87093.000,148492,192000,3999.417,120.0,8,22,2,0.00000,0.00000,0.00000,0.00000,0.00000
87.109,1,87311.000,158943,192000,3999.688,120.0,8,22,2,0.00000,0.00000,0.00000,0.00000,0.00000
87.109,2,86875.000,138041,192000,3999.146,120.0,8,22,2,0.00000,0.00000,0.00000,0.00000,0.00000
87.209,0,87194.000,153313,192000,3999.979,120.0,8,22,2,0.00000,0.00000,0.00000,0.00000,0.00000
87.209,1,87412.000,163776,192000,0.000,120.0,8,22,2,0.00000,0.00000,0.00000,0.00000,0.00000
87.209,2,86976.000,142849,192000,3999.979,120.0,8,22,2,0.00000,0.00000,0.00000,0.00000,0.00000
87.310,0,87294.000,158155,192000,3999.104,120.0,8,22,2,0.00000,0.00000,0.00000,0.00000,0.00000
87.310,1,87513.000,168630,192000,3999.875,120.0,8,22,2,0.00000,0.00000,0.00000,0.00000,0.00000
87.310,2,87076.000,147679,192000,3999.354,120.0,8,22,2,0.00000,0.00000,0.00000,0.00000,0.00000
87.411,0,87395.000,162981,192000,3999.562,120.0,8,22,2,0.00000,0.00000,0.00000,0.00000,0.00000
87.411,1,87613.000,173468,192000,3999.083,120.0,8,22,2,0.00000,0.00000,0.00000,0.00000,0.00000
87.411,2,87176.000,152493,192000,3999.062,120.0,8,22,2,0.00000,0.00000,0.00000,0.00000,0.00000
87.511,0,87495.000,167802,192000,3999.125,120.0,8,22,2,0.00000,0.00000,0.00000,0.00000,0.00000
87.511,1,87714.000,178302,192000,3999.375,120.0,8,22,2,0.00000,0.00000,0.00000,0.00000,0.00000
87.511,2,87277.000,157303,192000,3999.854,120.0,8,22,2,0.00000,0.00000,0.00000,0.00000,0.00000
87.611,0,87595.000,172602,192000,3999.125,120.0,8,22,2,0.00000,0.00000,0.00000,0.00000,0.00000
87.611,1,87814.000,183114,192000,3999.125,120.0,8,22,2,0.00000,0.00000,0.00000,0.00000,0.00000
87.611,2,87376.000,162091,192000,3999.104,120.0,8,22,2,0.00000,0.00000,0.00000,0.00000,0.00000
87.714,0,87698.000,177534,192000,3999.375,120.0,8,22,2,0.00000,0.00000,0.00000,0.00000,0.00000
87.714,1,87917.000,188058,192000,3999.125,120.0,8,22,2,0.00000,0.00000,0.00000,0.00000,0.00000
87.714,2,87479.000,167010,192000,3999.625,120.0,8,22,2,0.00000,0.00000,0.00000,0.00000,0.00000
87.820,0,87804.000,182630,192000,3999.208,120.0,8,22,2,0.00000,0.00000,0.00000,0.00000,0.00000
87.820,1,88024.000,1167,192000,3999.688,120.0,8,23,2,0.00000,0.00000,0.00000,0.00000,0.00000
87.820,2,87585.000,172093,192000,3999.729,120.0,8,22,2,0.00000,0.00000,0.00000,0.00000,0.00000
87.921,0,87905.000,187480,192000,3999.167,120.0,8,22,2,0.00000,0.00000,0.00000,0.00000,0.00000
87.921,1,88125.000,6029,192000,3999.396,120.0,8,23,2,0.00000,0.00000,0.00000,0.00000,0.00000
87.921,2,87686.000,176931,192000,3999.938,120.0,8,22,2,0.00000,0.00000,0.00000,0.00000,0.00000
88.026,0,88010.000,489,192000,3999.812,120.0,8,23,2,0.00000,0.00000,0.00000,0.00000,0.00000
88.026,1,88230.000,11050,192000,3999.792,120.0,8,23,2,0.00000,0.00000,0.00000,0.00000,0.00000
88.026,2,87790.000,181928,192000,3999.833,120.0,8,22,2,0.00000,0.00000,0.00000,0.00000,0.00000
88.126,0,88110.000,5318,192000,3999.208,120.0,8,23,2,0.00000,0.00000,0.00000,0.00000,0.00000
88.126,1,88331.000,15891,192000,3999.938,120.0,8,23,2,0.00000,0.00000,0.00000,0.00000,0.00000
88.126,2,87890.000,186744,192000,3999.500,120.0,8,22,2,0.00000,0.00000,0.00000,0.00000,0.00000
88.226,0,88210.000,10122,192000,3999.125,120.0,8,23,2,0.00000,0.00000,0.00000,0.00000,0.00000
88.226,1,88431.000,20707,192000,3999.604,120.0,8,23,2,0.00000,0.00000,0.00000,0.00000,0.00000
88.226,2,87990.000,191536,192000,3999.667,120.0,8,22,2,0.00000,0.00000,0.00000,0.00000,0.00000
88.328,0,88312.000,15017,192000,3999.146,120.0,8,23,2,0.00000,0.00000,0.00000,0.00000,0.00000
88.328,1,88533.000,25615,192000,3999.354,120.0,8,23,2,0.00000,0.00000,0.00000,0.00000,0.00000
88.328,2,88092.000,4420,192000,3999.917,120.0,8,23,2,0.09518,0.00000,0.09518,0.00000,0.00000
88.431,0,88415.000,19934,192000,3999.708,120.0,8,23,2,0.00000,0.00000,0.00000,0.00000,0.00000
88.431,1,88636.000,30544,192000,3999.667,120.0,8,23,2,0.00000,0.00000,0.00000,0.00000,0.00000
88.431,2,88194.000,9324,192000,3999.750,120.0,8,23,2,0.06223,0.00000,0.06223,0.00000,0.00000
88.534,0,88518.000,24876,192000,3999.750,120.0,8,23,2,0.00000,0.00000,0.00000,0.00000,0.00000
88.534,1,88739.000,35498,192000,3999.458,120.0,8,23,2,0.00000,0.00000,0.00000,0.00000,0.00000
88.534,2,88296.000,14253,192000,3999.062,120.0,8,23,2,0.04060,0.00000,0.04060,0.00000,0.00000
88.634,0,88618.000,29694,192000,3999.375,120.0,8,23,2,0.00000,0.00000,0.00000,0.00000,0.00000
88.634,1,88840.000,40328,192000,3999.833,120.0,8,23,2,0.00000,0.00000,0.00000,0.00000,0.00000
88.634,2,88397.000,19060,192000,3999.917,120.0,8,23,2,0.02677,0.00000,0.02677,0.00000,0.00000
88.736,0,88720.000,34577,192000,3999.646,120.0,8,23,2,0.00000,0.00000,0.00000,0.00000,0.00000
88.736,1,88942.000,45223,192000,3999.854,120.0,8,23,2,0.00000,0.00000,0.00000,0.00000,0.00000
88.736,2,88498.000,23930,192000,3999.458,120.0,8,23,2,0.01755,0.00000,0.01755,0.00000,0.00000
88.836,0,88820.000,39398,192000,3999.208,120.0,8,23,2,0.00000,0.00000,0.00000,0.00000,0.00000
88.836,1,89042.000,50057,192000,3999.146,120.0,8,23,2,0.00000,0.00000,0.00000,0.00000,0.00000
88.836,2,88598.000,28740,192000,3999.250,120.0,8,23,2,0.01157,0.00000,0.01157,0.00000,0.00000
88.940,0,88924.000,44360,192000,3999.833,120.0,8,23,2,0.00000,0.00000,0.00000,0.00000,0.00000
88.940,1,89146.000,55031,192000,3999.521,120.0,8,23,2,0.00000,0.00000,0.00000,0.00000,0.00000
88.940,2,88701.000,33689,192000,3999.146,120.0,8,23,2,0.00754,0.00000,0.00754,0.00000,0.00000
89.040,0,89024.000,49177,192000,3999.479,120.0,8,23,2,0.00000,0.00000,0.00000,0.00000,0.00000
89.040,1,89247.000,59860,192000,3999.917,120.0,8,23,2,0.00000,0.00000,0.00000,0.00000,0.00000
89.040,2,88801.000,38494,192000,3999.042,120.0,8,23,2,0.00497,0.00000,0.00497,0.00000,0.00000
89.142,0,89127.000,54101,192000,3999.896,120.0,8,23,2,0.00000,0.00000,0.00000,0.00000,0.00000
89.142,1,89349.000,64796,192000,3999.083,120.0,8,23,2,0.00000,0.00000,0.00000,0.00000,0.00000
89.142,2,88904.000,43405,192000,3999.729,120.0,8,23,2,0.00325,0.00000,0.00325,0.00000,0.00000
89.243,0,89228.000,58949,192000,3999.896,120.0,8,23,2,0.00000,0.00000,0.00000,0.00000,0.00000
89.243,1,89451.000,69656,192000,3999.833,120.0,8,23,2,0.00000,0.00000,0.00000,0.00000,0.00000
89.243,2,89005.000,48242,192000,3999.958,120.0,8,23,2,0.00214,0.00000,0.00214,0.00000,0.00000
89.345,0,89330.000,63842,192000,3999.958,120.0,8,23,2,0.00000,0.00000,0.00000,0.00000,0.00000
89.345,1,89553.000,74562,192000,3999.625,120.0,8,23,2,0.00000,0.00000,0.00000,0.00000,0.00000
89.345,2,89106.000,53122,192000,3999.292,120.0,8,23,2,0.00140,0.00000,0.00140,0.00000,0.00000
89.447,0,89431.000,68709,192000,3999.562,120.0,8,23,2,0.00000,0.00000,0.00000,0.00000,0.00000
89.447,1,89655.000,79440,192000,0.000,120.0,8,23,2,0.00000,0.00000,0.00000,0.00000,0.00000
89.447,2,89207.000,57977,192000,3999.146,120.0,8,23,2,0.00092,0.00000,0.00092,0.00000,0.00000
89.549,0,89533.000,73616,192000,3999.333,120.0,8,23,2,0.00000,0.00000,0.00000,0.00000,0.00000
89.549,1,89757.000,84360,192000,3999.500,120.0,8,23,2,0.00000,0.00000,0.00000,0.00000,0.00000
89.549,2,89309.000,62872,192000,3999.167,120.0,8,23,2,0.00060,0.00000,0.00060,0.00000,0.00000
89.651,0,89635.000,78520,192000,3999.167,120.0,8,23,2,0.00000,0.00000,0.00000,0.00000,0.00000
89.651,1,89859.000,89277,192000,3999.062,120.0,8,23,2,0.00000,0.00000,0.00000,0.00000,0.00000
89.651,2,89411.000,67764,192000,3999.250,120.0,8,23,2,0.00039,0.00000,0.00039,0.00000,0.00000
89.753,0,89737.000,83422,192000,3999.042,120.0,8,23,2,0.00000,0.00000,0.00000,0.00000,0.00000
89.753,1,89962.000,94190,192000,3999.708,120.0,8,23,2,0.00000,0.00000,0.00000,0.00000,0.00000
89.753,2,89513.000,72653,192000,3999.396,120.0,8,23,2,0.00026,0.00000,0.00026,0.00000,0.00000
89.856,0,89840.000,88360,192000,3999.167,120.0,8,23,2,0.00000,0.00000,0.00000,0.00000,0.00000
89.856,1,90065.000,99141,192000,3999.562,120.0,8,23,2,0.00000,0.00000,0.00000,0.00000,0.00000
89.856,2,89616.000,77579,192000,3999.771,120.0,8,23,2,0.00017,0.00000,0.00017,0.00000,0.00000
89.959,0,89943.000,93285,192000,3999.562,120.0,8,23,2,0.00000,0.00000,0.00000,0.00000,0.00000
89.959,1,90168.000,104078,192000,3999.708,120.0,8,23,2,0.00000,0.00000,0.00000,0.00000,0.00000
89.959,2,89718.000,82491,192000,3999.438,120.0,8,23,2,0.00011,0.00000,0.00011,0.00000,0.00000
90.061,0,90045.000,98170,192000,3999.792,120.0,8,23,2,0.00000,0.00000,0.00000,0.00000,0.00000
90.061,1,90270.000,108976,192000,3999.667,120.0,8,23,2,0.00000,0.00000,0.00000,0.00000,0.00000
90.061,2,89820.000,87365,192000,3999.896,120.0,8,23,2,0.00007,0.00000,0.00007,0.00000,0.00000
90.162,0,90146.000,103038,192000,3999.375,120.0,8,23,2,0.00000,0.00000,0.00000,0.00000,0.00000
90.162,1,90371.000,113855,192000,3999.021,120.0,8,23,2,0.00000,0.00000,0.00000,0.00000,0.00000
90.162,2,89921.000,92220,192000,3999.750,120.0,8,23,2,0.00005,0.00000,0.00005,0.00000,0.00000
90.264,0,90248.000,107919,192000,3999.688,120.0,8,23,2,0.00000,0.00000,0.00000,0.00000,0.00000
90.264,1,90473.000,118749,192000,3999.062,120.0,8,23,2,0.00000,0.00000,0.00000,0.00000,0.00000
90.264,2,90022.000,97090,192000,3999.292,120.0,8,23,2,0.00003,0.00000,0.00003,0.00000,0.00000
90.364,0,90348.000,112736,192000,3999.333,120.0,8,23,2,0.00000,0.00000,0.00000,0.00000,0.00000
90.364,1,90574.000,123578,192000,3999.458,120.0,8,23,2,0.00000,0.00000,0.00000,0.00000,0.00000
90.364,2,90122.000,101894,192000,3999.208,120.0,8,23,2,0.00002,0.00000,0.00002,0.00000,0.00000
90.468,0,90452.000,117716,192000,3999.583,120.0,8,23,2,0.00000,0.00000,0.00000,0.00000,0.00000
90.468,1,90678.000,128570,192000,3999.458,120.0,8,23,2,0.00000,0.00000,0.00000,0.00000,0.00000
90.468,2,90226.000,106861,192000,3999.729,120.0,8,23,2,0.00001,0.00000,0.00001,0.00000,0.00000
90.571,0,90555.000,122676,192000,3999.250,120.0,8,23,2,0.00000,0.00000,0.00000,0.00000,0.00000
90.571,1,90782.000,133543,192000,3999.854,120.0,8,23,2,0.00000,0.00000,0.00000,0.00000,0.00000
90.571,2,90329.000,111809,192000,3999.646,120.0,8,23,2,0.00001,0.00000,0.00001,0.00000,0.00000
90.671,0,90656.000,127488,192000,0.000,120.0,8,23,2,0.00000,0.00000,0.00000,0.00000,0.00000
90.671,1,90882.000,138367,192000,3999.354,120.0,8,23,2,0.00000,0.00000,0.00000,0.00000,0.00000
90.671,2,90429.000,116609,192000,3999.646,120.0,8,23,2,0.00001,0.00000,0.00001,0.00000,0.00000
90.772,0,90756.000,132334,192000,3999.042,120.0,8,23,2,0.00000,0.00000,0.00000,0.00000,0.00000
90.772,1,90983.000,143225,192000,3999.146,120.0,8,23,2,0.00000,0.00000,0.00000,0.00000,0.00000
90.772,2,90530.000,121443,192000,3999.938,120.0,8,23,2,0.00000,0.00000,0.00000,0.00000,0.00000
90.875,0,90860.000,137286,192000,3999.875,120.0,8,23,2,0.00000,0.00000,0.00000,0.00000,0.00000
90.875,1,91087.000,148190,192000,3999.708,120.0,8,23,2,0.00000,0.00000,0.00000,0.00000,0.00000
90.875,2,90632.000,126383,192000,3999.021,120.0,8,23,2,0.00000,0.00000,0.00000,0.00000,0.00000
90.976,0,90960.000,142104,192000,3999.500,120.0,8,23,2,0.00000,0.00000,0.00000,0.00000,0.00000
90.976,1,91187.000,153019,192000,3999.104,120.0,8,23,2,0.00000,0.00000,0.00000,0.00000,0.00000
90.976,2,90733.000,131189,192000,3999.896,120.0,8,23,2,0.00000,0.00000,0.00000,0.00000,0.00000
91.077,0,91062.000,146983,192000,3999.854,120.0,8,23,2,0.00000,0.00000,0.00000,0.00000,0.00000
91.077,1,91289.000,157911,192000,3999.188,120.0,8,23,2,0.00000,0.00000,0.00000,0.00000,0.00000
91.077,2,90834.000,136056,192000,3999.500,120.0,8,23,2,0.00000,0.00000,0.00000,0.00000,0.00000
91.181,0,91165.000,151931,192000,3999.771,120.0,8,23,2,0.00000,0.00000,0.00000,0.00000,0.00000
91.181,1,91393.000,162871,192000,3999.854,120.0,8,23,2,0.00000,0.00000,0.00000,0.00000,0.00000
91.181,2,90937.000,140992,192000,3999.667,120.0,8,23,2,0.00000,0.00000,0.00000,0.00000,0.00000
91.283,0,91267.000,156824,192000,3999.833,120.0,8,23,2,0.00000,0.00000,0.00000,0.00000,0.00000
91.283,1,91495.000,167776,192000,3999.667,120.0,8,23,2,0.00000,0.00000,0.00000,0.00000,0.00000
91.283,2,91039.000,145872,192000,0.000,120.0,8,23,2,0.00000,0.00000,0.00000,0.00000,0.00000
91.386,0,91370.000,161787,192000,3999.438,120.0,8,23,2,0.00000,0.00000,0.00000,0.00000,0.00000
91.386,1,91598.000,172751,192000,3999.021,120.0,8,23,2,0.00000,0.00000,0.00000,0.00000,0.00000
91.386,2,91142.000,150822,192000,3999.875,120.0,8,23,2,0.00000,0.00000,0.00000,0.00000,0.00000
91.486,0,91470.000,166590,192000,3999.375,120.0,8,23,2,0.00000,0.00000,0.00000,0.00000,0.00000
91.486,1,91699.000,177566,192000,3999.708,120.0,8,23,2,0.00000,0.00000,0.00000,0.00000,0.00000
91.486,2,91241.000,155613,192000,3999.062,120.0,8,23,2,0.00000,0.00000,0.00000,0.00000,0.00000
91.588,0,91572.000,171465,192000,3999.812,120.0,8,23,2,0.00000,0.00000,0.00000,0.00000,0.00000
91.588,1,91801.000,182454,192000,3999.875,120.0,8,23,2,0.00000,0.00000,0.00000,0.00000,0.00000
91.588,2,91343.000,160476,192000,3999.750,120.0,8,23,2,0.00000,0.00000,0.00000,0.00000,0.00000
91.690,0,91674.000,176395,192000,3999.104,120.0,8,23,2,0.00000,0.00000,0.00000,0.00000,0.00000
91.690,1,91904.000,187396,192000,3999.917,120.0,8,23,2,0.00000,0.00000,0.00000,0.00000,0.00000
91.690,2,91445.000,165393,192000,3999.312,120.0,8,23,2,0.00000,0.00000,0.00000,0.00000,0.00000
91.792,0,91776.000,181277,192000,3999.396,120.0,8,23,2,0.00000,0.00000,0.00000,0.00000,0.00000
91.792,1,92006.000,291,192000,3999.938,120.0,8,24,2,0.02443,0.02443,0.02341,0.00000,0.00000
91.792,2,91547.000,170264,192000,3999.833,120.0,8,23,2,0.00000,0.00000,0.00000,0.00000,0.00000
91.896,0,91880.000,186252,192000,3999.750,120.0,8,23,2,0.00000,0.00000,0.00000,0.00000,0.00000
91.896,1,92109.000,5277,192000,3999.062,120.0,8,24,2,0.08718,0.08718,0.08713,0.00000,0.00000
91.896,2,91650.000,175226,192000,3999.458,120.0,8,23,2,0.00000,0.00000,0.00000,0.00000,0.00000
91.997,0,91982.000,191141,192000,3999.896,120.0,8,23,2,0.00000,0.00000,0.00000,0.00000,0.00000
91.997,1,92212.000,10179,192000,3999.938,120.0,8,24,2,0.05701,0.05701,0.05698,0.00000,0.00000
91.997,2,91752.000,180103,192000,3999.854,120.0,8,23,2,0.00000,0.00000,0.00000,0.00000,0.00000
92.099,0,92083.000,4023,192000,3999.188,120.0,8,24,2,0.09760,0.09726,0.09760,0.00000,0.00000
92.099,1,92314.000,15073,192000,3999.979,120.0,8,24,2,0.03731,0.03731,0.03729,0.00000,0.00000
92.099,2,91853.000,184972,192000,3999.417,120.0,8,23,2,0.00000,0.00000,0.00000,0.00000,0.00000
92.202,0,92187.000,8978,192000,3999.958,120.0,8,24,2,0.06353,0.06331,0.06353,0.00000,0.00000
92.202,1,92417.000,20040,192000,3999.500,120.0,8,24,2,0.02426,0.02426,0.02425,0.00000,0.00000
92.202,2,91956.000,189915,192000,3999.438,120.0,8,23,2,0.00000,0.00000,0.00000,0.00000,0.00000
92.303,0,92287.000,13792,192000,3999.667,120.0,8,24,2,0.04187,0.04172,0.04187,0.00000,0.00000
92.303,1,92518.000,24867,192000,3999.938,120.0,8,24,2,0.01597,0.01597,0.01596,0.00000,0.00000
92.303,2,92056.000,2718,192000,3999.375,120.0,8,24,2,0.10977,0.10977,0.00000,0.00000,0.00000
92.405,0,92390.000,18726,192000,3999.875,120.0,8,24,2,0.02730,0.02721,0.02730,0.00000,0.00000
92.405,1,92621.000,29813,192000,3999.896,120.0,8,24,2,0.01040,0.01040,0.01040,0.00000,0.00000
92.405,2,92159.000,7639,192000,3999.854,120.0,8,24,2,0.07167,0.07167,0.00000,0.00000,0.00000
92.506,0,92490.000,23542,192000,3999.542,120.0,8,24,2,0.01799,0.01792,0.01799,0.00000,0.00000
92.506,1,92721.000,34641,192000,3999.312,120.0,8,24,2,0.00685,0.00685,0.00684,0.00000,0.00000
92.506,2,92259.000,12444,192000,3999.750,120.0,8,24,2,0.04726,0.04726,0.00000,0.00000,0.00000
92.608,0,92592.000,28435,192000,3999.604,120.0,8,24,2,0.01177,0.01173,0.01177,0.00000,0.00000
92.608,1,92823.000,39546,192000,3999.125,120.0,8,24,2,0.00448,0.00448,0.00447,0.00000,0.00000
92.608,2,92360.000,17324,192000,3999.083,120.0,8,24,2,0.03097,0.03097,0.00000,0.00000,0.00000
92.708,0,92693.000,33268,192000,3999.917,120.0,8,24,2,0.00774,0.00772,0.00774,0.00000,0.00000
92.708,1,92924.000,44391,192000,3999.188,120.0,8,24,2,0.00294,0.00294,0.00294,0.00000,0.00000
92.708,2,92461.000,22144,192000,3999.667,120.0,8,24,2,0.02039,0.02039,0.00000,0.00000,0.00000
92.810,0,92794.000,38151,192000,3999.188,120.0,8,24,2,0.00507,0.00506,0.00507,0.00000,0.00000
92.810,1,93026.000,49287,192000,3999.188,120.0,8,24,2,0.00192,0.00192,0.00192,0.00000,0.00000
92.810,2,92562.000,27016,192000,3999.167,120.0,8,24,2,0.01337,0.01337,0.00000,0.00000,0.00000
92.911,0,92895.000,42983,192000,3999.521,120.0,8,24,2,0.00334,0.00333,0.00334,0.00000,0.00000
92.911,1,93127.000,54130,192000,3999.292,120.0,8,24,2,0.00127,0.00127,0.00126,0.00000,0.00000
92.911,2,92663.000,31835,192000,3999.771,120.0,8,24,2,0.00881,0.00881,0.00000,0.00000,0.00000
93.013,0,92998.000,47906,192000,3999.958,120.0,8,24,2,0.00218,0.00217,0.00218,0.00000,0.00000
93.013,1,93230.000,59066,192000,3999.458,120.0,8,24,2,0.00082,0.00082,0.00082,0.00000,0.00000
93.013,2,92765.000,36746,192000,3999.458,120.0,8,24,2,0.00576,0.00576,0.00000,0.00000,0.00000
93.116,0,93100.000,52828,192000,3999.417,120.0,8,24,2,0.00142,0.00142,0.00142,0.00000,0.00000
93.116,1,93333.000,64000,192000,3999.667,120.0,8,24,2,0.00054,0.00054,0.00054,0.00000,0.00000
93.116,2,92867.000,41655,192000,3999.188,120.0,8,24,2,0.00376,0.00376,0.00000,0.00000,0.00000
93.219,0,93203.000,57790,192000,3999.042,120.0,8,24,2,0.00093,0.00092,0.00093,0.00000,0.00000
93.219,1,93436.000,68974,192000,3999.042,120.0,8,24,2,0.00035,0.00035,0.00035,0.00000,0.00000
93.219,2,92970.000,46605,192000,3999.062,120.0,8,24,2,0.00245,0.00245,0.00000,0.00000,0.00000
93.321,0,93305.000,62672,192000,3999.333,120.0,8,24,2,0.00061,0.00060,0.00061,0.00000,0.00000
93.321,1,93538.000,73869,192000,3999.062,120.0,8,24,2,0.00023,0.00023,0.00023,0.00000,0.00000
93.321,2,93072.000,51475,192000,3999.604,120.0,8,24,2,0.00161,0.00161,0.00000,0.00000,0.00000
93.422,0,93406.000,67515,192000,3999.438,120.0,8,24,2,0.00040,0.00040,0.00040,0.00000,0.00000
93.422,1,93640.000,78724,192000,3999.917,120.0,8,24,2,0.00015,0.00015,0.00015,0.00000,0.00000
93.422,2,93173.000,56306,192000,3999.958,120.0,8,24,2,0.00106,0.00106,0.00000,0.00000,0.00000
93.523,0,93507.000,72370,192000,3999.292,120.0,8,24,2,0.00026,0.00026,0.00026,0.00000,0.00000
93.523,1,93741.000,83591,192000,3999.521,120.0,8,24,2,0.00010,0.00010,0.00010,0.00000,0.00000
93.523,2,93273.000,61149,192000,3999.062,120.0,8,24,2,0.00069,0.00069,0.00000,0.00000,0.00000
93.624,0,93608.000,77194,192000,3999.792,120.0,8,24,2,0.00017,0.00017,0.00017,0.00000,0.00000
93.624,1,93842.000,88428,192000,3999.750,120.0,8,24,2,0.00006,0.00006,0.00006,0.00000,0.00000
93.624,2,93374.000,65961,192000,3999.812,120.0,8,24,2,0.00046,0.00046,0.00000,0.00000,0.00000
93.726,0,93710.000,82107,192000,3999.438,120.0,8,24,2,0.00011,0.00011,0.00011,0.00000,0.00000
93.726,1,93944.000,93353,192000,3999.146,120.0,8,24,2,0.00004,0.00004,0.00004,0.00000,0.00000
93.726,2,93476.000,70862,192000,3999.708,120.0,8,24,2,0.00030,0.00030,0.00000,0.00000,0.00000
93.826,0,93810.000,86908,192000,3999.417,120.0,8,24,2,0.00007,0.00007,0.00007,0.00000,0.00000
93.826,1,94045.000,98165,192000,3999.896,120.0,8,24,2,0.00003,0.00003,0.00003,0.00000,0.00000
93.826,2,93576.000,75650,192000,3999.958,120.0,8,24,2,0.00020,0.00020,0.00000,0.00000,0.00000
93.926,0,93910.000,91711,192000,3999.354,120.0,8,24,2,0.00005,0.00005,0.00005,0.00000,0.00000
93.926,1,94145.000,102980,192000,3999.583,120.0,8,24,2,0.00002,0.00002,0.00002,0.00000,0.00000
93.926,2,93675.000,80441,192000,3999.146,120.0,8,24,2,0.00013,0.00013,0.00000,0.00000,0.00000
94.029,0,94013.000,96644,192000,3999.583,120.0,8,24,2,0.00003,0.00003,0.00003,0.00000,0.00000
94.029,1,94248.000,107925,192000,3999.562,120.0,8,24,2,0.00001,0.00001,0.00001,0.00000,0.00000
94.029,2,93778.000,85362,192000,3999.625,120.0,8,24,2,0.00009,0.00009,0.00000,0.00000,0.00000
94.132,0,94116.000,101614,192000,3999.042,120.0,8,24,2,0.00002,0.00002,0.00002,0.00000,0.00000
94.132,1,94352.000,112908,192000,3999.750,120.0,8,24,2,0.00001,0.00001,0.00001,0.00000,0.00000
94.132,2,93881.000,90320,192000,3999.333,120.0,8,24,2,0.00006,0.00006,0.00000,0.00000,0.00000
94.233,0,94217.000,106426,192000,3999.792,120.0,8,24,2,0.00001,0.00001,0.00001,0.00000,0.00000
94.233,1,94452.000,117732,192000,3999.250,120.0,8,24,2,0.00001,0.00001,0.00001,0.00000,0.00000
94.233,2,93981.000,95120,192000,3999.333,120.0,8,24,2,0.00004,0.00004,0.00000,0.00000,0.00000
94.334,0,94318.000,111280,192000,3999.667,120.0,8,24,2,0.00001,0.00001,0.00001,0.00000,0.00000
94.334,1,94554.000,122599,192000,3999.854,120.0,8,24,2,0.00000,0.00000,0.00000,0.00000,0.00000
94.334,2,94082.000,99962,192000,3999.458,120.0,8,24,2,0.00002,0.00002,0.00000,0.00000,0.00000
94.437,0,94421.000,116242,192000,3999.292,120.0,8,24,2,0.00001,0.00001,0.00001,0.00000,0.00000
94.437,1,94657.000,127572,192000,3999.250,120.0,8,24,2,0.00000,0.00000,0.00000,0.00000,0.00000
94.437,2,94185.000,104911,192000,3999.354,120.0,8,24,2,0.00002,0.00002,0.00000,0.00000,0.00000
94.540,0,94524.000,121167,192000,3999.688,120.0,8,24,2,0.00000,0.00000,0.00000,0.00000,0.00000
94.540,1,94760.000,132510,192000,3999.375,120.0,8,24,2,0.00000,0.00000,0.00000,0.00000,0.00000
94.540,2,94288.000,109824,192000,0.000,120.0,8,24,2,0.00001,0.00001,0.00000,0.00000,0.00000
94.640,0,94624.000,125978,192000,3999.458,120.0,8,24,2,0.00000,0.00000,0.00000,0.00000,0.00000
94.640,1,94861.000,137333,192000,3999.896,120.0,8,24,2,0.00000,0.00000,0.00000,0.00000,0.00000
94.640,2,94387.000,114623,192000,3999.021,120.0,8,24,2,0.00001,0.00001,0.00000,0.00000,0.00000
94.744,0,94728.000,130957,192000,3999.729,120.0,8,24,2,0.00000,0.00000,0.00000,0.00000,0.00000
94.744,1,94965.000,142324,192000,3999.917,120.0,8,24,2,0.00000,0.00000,0.00000,0.00000,0.00000
94.744,2,94491.000,119590,192000,3999.542,120.0,8,24,2,0.00000,0.00000,0.00000,0.00000,0.00000
94.845,0,94829.000,135837,192000,3999.062,120.0,8,24,2,0.00000,0.00000,0.00000,0.00000,0.00000
94.845,1,95067.000,147216,192000,0.000,120.0,8,24,2,0.00000,0.00000,0.00000,0.00000,0.00000
94.845,2,94592.000,124457,192000,3999.146,120.0,8,24,2,0.00000,0.00000,0.00000,0.00000,0.00000
94.946,0,94930.000,140656,192000,3999.667,120.0,8,24,2,0.00000,0.00000,0.00000,0.00000,0.00000
94.946,1,95167.000,152048,192000,3999.333,120.0,8,24,2,0.00000,0.00000,0.00000,0.00000,0.00000
94.946,2,94693.000,129265,192000,3999.979,120.0,8,24,2,0.00000,0.00000,0.00000,0.00000,0.00000
95.046,0,95030.000,145482,192000,3999.125,120.0,8,24,2,0.00000,0.00000,0.00000,0.00000,0.00000
95.046,1,95268.000,156886,192000,3999.542,120.0,8,24,2,0.00000,0.00000,0.00000,0.00000,0.00000
95.046,2,94793.000,134079,192000,3999.688,120.0,8,24,2,0.00000,0.00000,0.00000,0.00000,0.00000
95.149,0,95133.000,150415,192000,3999.354,120.0,8,24,2,0.00000,0.00000,0.00000,0.00000,0.00000
95.149,1,95371.000,161831,192000,3999.521,120.0,8,24,2,0.00000,0.00000,0.00000,0.00000,0.00000
95.149,2,94895.000,138999,192000,3999.188,120.0,8,24,2,0.00000,0.00000,0.00000,0.00000,0.00000
95.249,0,95233.000,155217,192000,3999.312,120.0,8,24,2,0.00000,0.00000,0.00000,0.00000,0.00000
95.249,1,95471.000,166645,192000,3999.229,120.0,8,24,2,0.00000,0.00000,0.00000,0.00000,0.00000
95.249,2,94995.000,143788,192000,3999.417,120.0,8,24,2,0.00000,0.00000,0.00000,0.00000,0.00000
95.350,0,95334.000,160040,192000,3999.833,120.0,8,24,2,0.00000,0.00000,0.00000,0.00000,0.00000
95.350,1,95572.000,171480,192000,3999.500,120.0,8,24,2,0.00000,0.00000,0.00000,0.00000,0.00000
95.350,2,95095.000,148600,192000,3999.167,120.0,8,24,2,0.00000,0.00000,0.00000,0.00000,0.00000
95.453,0,95437.000,165015,192000,3999.188,120.0,8,24,2,0.00000,0.00000,0.00000,0.00000,0.00000
95.453,1,95676.000,176467,192000,3999.604,120.0,8,24,2,0.00000,0.00000,0.00000,0.00000,0.00000
95.453,2,95199.000,153562,192000,3999.792,120.0,8,24,2,0.00000,0.00000,0.00000,0.00000,0.00000
95.554,0,95538.000,169856,192000,3999.333,120.0,8,24,2,0.00000,0.00000,0.00000,0.00000,0.00000
95.554,1,95777.000,181320,192000,3999.500,120.0,8,24,2,0.00000,0.00000,0.00000,0.00000,0.00000
95.554,2,95299.000,158391,192000,3999.188,120.0,8,24,2,0.00000,0.00000,0.00000,0.00000,0.00000
95.655,0,95639.000,174718,192000,3999.042,120.0,8,24,2,0.00000,0.00000,0.00000,0.00000,0.00000
95.655,1,95879.000,186195,192000,3999.938,120.0,8,24,2,0.00000,0.00000,0.00000,0.00000,0.00000
95.655,2,95400.000,163241,192000,3999.146,120.0,8,24,2,0.00000,0.00000,0.00000,0.00000,0.00000
95.759,0,95743.000,179674,192000,3999.792,120.0,8,24,2,0.00000,0.00000,0.00000,0.00000,0.00000
95.759,1,95982.000,191163,192000,3999.438,120.0,8,24,2,0.00000,0.00000,0.00000,0.00000,0.00000
95.759,2,95503.000,168184,192000,3999.167,120.0,8,24,2,0.00000,0.00000,0.00000,0.00000,0.00000
95.862,0,95846.000,184639,192000,3999.354,120.0,8,24,2,0.00000,0.00000,0.00000,0.00000,0.00000
95.862,1,96086.000,4141,192000,3999.729,120.0,8,25,2,0.00000,0.00000,0.00000,0.00000,0.00000
95.862,2,95607.000,173138,192000,3999.958,120.0,8,24,2,0.00000,0.00000,0.00000,0.00000,0.00000
95.964,0,95949.000,189560,192000,3999.833,120.0,8,24,2,0.00000,0.00000,0.00000,0.00000,0.00000
95.964,1,96189.000,9074,192000,3999.958,120.0,8,25,2,0.00000,0.00000,0.00000,0.00000,0.00000
95.964,2,95709.000,178046,192000,3999.708,120.0,8,24,2,0.00000,0.00000,0.00000,0.00000,0.00000
96.066,0,96050.000,2447,192000,3999.021,120.0,8,25,2,0.00000,0.00000,0.00000,0.00000,0.00000
96.066,1,96291.000,13973,192000,3999.896,120.0,8,25,2,0.00000,0.00000,0.00000,0.00000,0.00000
96.066,2,95810.000,182921,192000,3999.146,120.0,8,24,2,0.00000,0.00000,0.00000,0.00000,0.00000
96.167,0,96151.000,7261,192000,3999.729,120.0,8,25,2,0.00000,0.00000,0.00000,0.00000,0.00000
96.167,1,96391.000,18799,192000,3999.354,120.0,8,25,2,0.00000,0.00000,0.00000,0.00000,0.00000
96.167,2,95910.000,187723,192000,3999.104,120.0,8,24,2,0.00000,0.00000,0.00000,0.00000,0.00000
96.269,0,96253.000,12157,192000,3999.729,120.0,8,25,2,0.00000,0.00000,0.00000,0.00000,0.00000
96.269,1,96493.000,23707,192000,3999.104,120.0,8,25,2,0.00000,0.00000,0.00000,0.00000,0.00000
96.269,2,96012.000,606,192000,3999.375,120.0,8,25,2,0.00000,0.00000,0.00000,0.00000,0.00000
96.370,0,96354.000,17039,192000,3999.021,120.0,8,25,2,0.00000,0.00000,0.00000,0.00000,0.00000
96.370,1,96595.000,28602,192000,3999.125,120.0,8,25,2,0.00000,0.00000,0.00000,0.00000,0.00000
96.370,2,96114.000,5476,192000,3999.917,120.0,8,25,2,0.00000,0.00000,0.00000,0.00000,0.00000
96.474,0,96458.000,22017,192000,3999.312,120.0,8,25,2,0.00000,0.00000,0.00000,0.00000,0.00000
96.474,1,96699.000,33592,192000,3999.167,120.0,8,25,2,0.00000,0.00000,0.00000,0.00000,0.00000
96.474,2,96217.000,10442,192000,3999.458,120.0,8,25,2,0.00000,0.00000,0.00000,0.00000,0.00000
96.577,0,96561.000,26953,192000,3999.479,120.0,8,25,2,0.00000,0.00000,0.00000,0.00000,0.00000
96.577,1,96802.000,38540,192000,3999.083,120.0,8,25,2,0.00000,0.00000,0.00000,0.00000,0.00000
96.577,2,96320.000,15365,192000,3999.896,120.0,8,25,2,0.00000,0.00000,0.00000,0.00000,0.00000
96.678,0,96663.000,31830,192000,3999.875,120.0,8,25,2,0.00000,0.00000,0.00000,0.00000,0.00000
96.678,1,96904.000,43429,192000,3999.229,120.0,8,25,2,0.00000,0.00000,0.00000,0.00000,0.00000
96.678,2,96421.000,20230,192000,3999.542,120.0,8,25,2,0.00000,0.00000,0.00000,0.00000,0.00000
96.781,0,96765.000,36762,192000,3999.125,120.0,8,25,2,0.00000,0.00000,0.00000,0.00000,0.00000
96.781,1,97007.000,48374,192000,3999.208,120.0,8,25,2,0.00000,0.00000,0.00000,0.00000,0.00000
96.781,2,96523.000,25150,192000,3999.042,120.0,8,25,2,0.00000,0.00000,0.00000,0.00000,0.00000
96.884,0,96868.000,41684,192000,3999.583,120.0,8,25,2,0.00000,0.00000,0.00000,0.00000,0.00000
96.884,1,97110.000,53308,192000,3999.417,120.0,8,25,2,0.00000,0.00000,0.00000,0.00000,0.00000
96.884,2,96626.000,30060,192000,3999.750,120.0,8,25,2,0.00000,0.00000,0.00000,0.00000,0.00000
96.987,0,96971.000,46643,192000,3999.271,120.0,8,25,2,0.00000,0.00000,0.00000,0.00000,0.00000
96.987,1,97214.000,58280,192000,3999.833,120.0,8,25,2,0.00000,0.00000,0.00000,0.00000,0.00000
96.987,2,96729.000,35006,192000,3999.708,120.0,8,25,2,0.00000,0.00000,0.00000,0.00000,0.00000
97.089,0,97073.000,51517,192000,3999.729,120.0,8,25,2,0.00000,0.00000,0.00000,0.00000,0.00000
97.089,1,97315.000,63166,192000,3999.042,120.0,8,25,2,0.00000,0.00000,0.00000,0.00000,0.00000
97.089,2,96830.000,39868,192000,3999.417,120.0,8,25,2,0.00000,0.00000,0.00000,0.00000,0.00000
97.192,0,97176.000,56484,192000,3999.250,120.0,8,25,2,0.00000,0.00000,0.00000,0.00000,0.00000
97.192,1,97419.000,68146,192000,3999.292,120.0,8,25,2,0.00000,0.00000,0.00000,0.00000,0.00000
97.192,2,96933.000,44823,192000,3999.188,120.0,8,25,2,0.00000,0.00000,0.00000,0.00000,0.00000
97.295,0,97279.000,61401,192000,3999.812,120.0,8,25,2,0.00000,0.00000,0.00000,0.00000,0.00000
97.295,1,97522.000,73074,192000,3999.625,120.0,8,25,2,0.00000,0.00000,0.00000,0.00000,0.00000
97.295,2,97035.000,49727,192000,3999.021,120.0,8,25,2,0.00000,0.00000,0.00000,0.00000,0.00000
97.396,0,97380.000,66249,192000,3999.812,120.0,8,25,2,0.00000,0.00000,0.00000,0.00000,0.00000
97.396,1,97623.000,77935,192000,3999.354,120.0,8,25,2,0.00000,0.00000,0.00000,0.00000,0.00000
97.396,2,97136.000,54564,192000,3999.250,120.0,8,25,2,0.00000,0.00000,0.00000,0.00000,0.00000
97.499,0,97483.000,71226,192000,3999.125,120.0,8,25,2,0.00000,0.00000,0.00000,0.00000,0.00000
97.499,1,97727.000,82924,192000,3999.417,120.0,8,25,2,0.00000,0.00000,0.00000,0.00000,0.00000
97.499,2,97240.000,59528,192000,3999.833,120.0,8,25,2,0.00000,0.00000,0.00000,0.00000,0.00000
97.602,0,97586.000,76167,192000,3999.188,120.0,8,25,2,0.00000,0.00000,0.00000,0.00000,0.00000
97.602,1,97830.000,87877,192000,3999.229,120.0,8,25,2,0.00000,0.00000,0.00000,0.00000,0.00000
97.602,2,97342.000,64456,192000,3999.167,120.0,8,25,2,0.00000,0.00000,0.00000,0.00000,0.00000
97.703,0,97687.000,80988,192000,3999.750,120.0,8,25,2,0.00000,0.00000,0.00000,0.00000,0.00000
97.703,1,97931.000,92711,192000,3999.521,120.0,8,25,2,0.00000,0.00000,0.00000,0.00000,0.00000
97.703,2,97443.000,69266,192000,3999.958,120.0,8,25,2,0.00000,0.00000,0.00000,0.00000,0.00000
97.806,0,97790.000,85937,192000,3999.646,120.0,8,25,2,0.00000,0.00000,0.00000,0.00000,0.00000
97.806,1,98034.000,97672,192000,3999.167,120.0,8,25,2,0.00000,0.00000,0.00000,0.00000,0.00000
97.806,2,97545.000,74202,192000,3999.125,120.0,8,25,2,0.00000,0.00000,0.00000,0.00000,0.00000
97.906,0,97890.000,90750,192000,3999.375,120.0,8,25,2,0.00000,0.00000,0.00000,0.00000,0.00000
97.906,1,98135.000,102497,192000,3999.646,120.0,8,25,2,0.00000,0.00000,0.00000,0.00000,0.00000
97.906,2,97645.000,79003,192000,3999.104,120.0,8,25,2,0.00000,0.00000,0.00000,0.00000,0.00000
98.007,0,97992.000,95618,192000,3999.958,120.0,8,25,2,0.00000,0.00000,0.00000,0.00000,0.00000
98.007,1,98237.000,107377,192000,3999.979,120.0,8,25,2,0.00000,0.00000,0.00000,0.00000,0.00000
98.007,2,97747.000,83858,192000,3999.958,120.0,8,25,2,0.00000,0.00000,0.00000,0.00000,0.00000
98.108,0,98093.000,100469,192000,3999.896,120.0,8,25,2,0.00000,0.00000,0.00000,0.00000,0.00000
98.108,1,98338.000,112240,192000,3999.667,120.0,8,25,2,0.00000,0.00000,0.00000,0.00000,0.00000
98.108,2,97847.000,88698,192000,3999.125,120.0,8,25,2,0.00000,0.00000,0.00000,0.00000,0.00000
98.209,0,98193.000,105303,192000,3999.188,120.0,8,25,2,0.00000,0.00000,0.00000,0.00000,0.00000
98.209,1,98439.000,117086,192000,3999.708,120.0,8,25,2,0.00000,0.00000,0.00000,0.00000,0.00000
98.209,2,97948.000,93520,192000,3999.667,120.0,8,25,2,0.00000,0.00000,0.00000,0.00000,0.00000
98.310,0,98294.000,110126,192000,3999.708,120.0,8,25,2,0.00000,0.00000,0.00000,0.00000,0.00000
98.310,1,98540.000,121922,192000,3999.958,120.0,8,25,2,0.00000,0.00000,0.00000,0.00000,0.00000
98.310,2,98048.000,98331,192000,3999.438,120.0,8,25,2,0.00000,0.00000,0.00000,0.00000,0.00000
98.411,0,98395.000,114974,192000,3999.708,120.0,8,25,2,0.00000,0.00000,0.00000,0.00000,0.00000
98.411,1,98641.000,126782,192000,3999.708,120.0,8,25,2,0.00000,0.00000,0.00000,0.00000,0.00000
98.411,2,98149.000,103167,192000,3999.688,120.0,8,25,2,0.00000,0.00000,0.00000,0.00000,0.00000
98.514,0,98498.000,119921,192000,3999.646,120.0,8,25,2,0.00000,0.00000,0.00000,0.00000,0.00000
98.514,1,98744.000,131740,192000,3999.417,120.0,8,25,2,0.00000,0.00000,0.00000,0.00000,0.00000
98.514,2,98252.000,108101,192000,3999.896,120.0,8,25,2,0.00000,0.00000,0.00000,0.00000,0.00000
98.614,0,98598.000,124727,192000,3999.521,120.0,8,25,2,0.00000,0.00000,0.00000,0.00000,0.00000
98.614,1,98844.000,136559,192000,3999.021,120.0,8,25,2,0.00000,0.00000,0.00000,0.00000,0.00000
98.614,2,98351.000,112895,192000,3999.021,120.0,8,25,2,0.00000,0.00000,0.00000,0.00000,0.00000
98.716,0,98700.000,129619,192000,3999.604,120.0,8,25,2,0.00000,0.00000,0.00000,0.00000,0.00000
98.716,1,98947.000,141463,192000,3999.854,120.0,8,25,2,0.00000,0.00000,0.00000,0.00000,0.00000
98.716,2,98453.000,117775,192000,3999.354,120.0,8,25,2,0.00000,0.00000,0.00000,0.00000,0.00000
98.818,0,98803.000,134551,192000,3999.854,120.0,8,25,2,0.00000,0.00000,0.00000,0.00000,0.00000
98.818,1,99050.000,146407,192000,3999.854,120.0,8,25,2,0.00000,0.00000,0.00000,0.00000,0.00000
98.818,2,98556.000,122695,192000,3999.854,120.0,8,25,2,0.00000,0.00000,0.00000,0.00000,0.00000
98.920,0,98905.000,139440,192000,0.000,120.0,8,25,2,0.00000,0.00000,0.00000,0.00000,0.00000
98.920,1,99152.000,151309,192000,3999.729,120.0,8,25,2,0.00000,0.00000,0.00000,0.00000,0.00000
98.920,2,98657.000,127571,192000,3999.271,120.0,8,25,2,0.00000,0.00000,0.00000,0.00000,0.00000
99.023,0,99007.000,144350,192000,3999.708,120.0,8,25,2,0.00000,0.00000,0.00000,0.00000,0.00000
99.023,1,99254.000,156231,192000,3999.188,120.0,8,25,2,0.00000,0.00000,0.00000,0.00000,0.00000
99.023,2,98759.000,132469,192000,3999.229,120.0,8,25,2,0.00000,0.00000,0.00000,0.00000,0.00000
99.125,0,99109.000,149258,192000,3999.458,120.0,8,25,2,0.00000,0.00000,0.00000,0.00000,0.00000
99.125,1,99357.000,161152,192000,3999.667,120.0,8,25,2,0.00000,0.00000,0.00000,0.00000,0.00000
99.125,2,98861.000,137365,192000,3999.229,120.0,8,25,2,0.00000,0.00000,0.00000,0.00000,0.00000
99.227,0,99211.000,154160,192000,3999.333,120.0,8,25,2,0.00000,0.00000,0.00000,0.00000,0.00000
99.227,1,99459.000,166065,192000,3999.312,120.0,8,25,2,0.00000,0.00000,0.00000,0.00000,0.00000
99.227,2,98963.000,142254,192000,3999.375,120.0,8,25,2,0.00000,0.00000,0.00000,0.00000,0.00000
99.327,0,99311.000,158972,192000,3999.083,120.0,8,25,2,0.00000,0.00000,0.00000,0.00000,0.00000
99.327,1,99560.000,170890,192000,3999.792,120.0,8,25,2,0.00000,0.00000,0.00000,0.00000,0.00000
99.327,2,99063.000,147055,192000,3999.354,120.0,8,25,2,0.00000,0.00000,0.00000,0.00000,0.00000
99.429,0,99413.000,163839,192000,3999.688,120.0,8,25,2,0.00000,0.00000,0.00000,0.00000,0.00000
99.429,1,99661.000,175769,192000,3999.146,120.0,8,25,2,0.00000,0.00000,0.00000,0.00000,0.00000
99.429,2,99164.000,151909,192000,3999.229,120.0,8,25,2,0.00000,0.00000,0.00000,0.00000,0.00000
99.531,0,99515.000,168736,192000,3999.667,120.0,8,25,2,0.00000,0.00000,0.00000,0.00000,0.00000
99.531,1,99764.000,180678,192000,3999.875,120.0,8,25,2,0.00000,0.00000,0.00000,0.00000,0.00000
99.531,2,99266.000,156794,192000,3999.458,120.0,8,25,2,0.00000,0.00000,0.00000,0.00000,0.00000
99.631,0,99615.000,173557,192000,3999.229,120.0,8,25,2,0.00000,0.00000,0.00000,0.00000,0.00000
99.631,1,99864.000,185511,192000,3999.188,120.0,8,25,2,0.00000,0.00000,0.00000,0.00000,0.00000
99.631,2,99366.000,161603,192000,3999.271,120.0,8,25,2,0.00000,0.00000,0.00000,0.00000,0.00000
99.734,0,99718.000,178506,192000,3999.125,120.0,8,25,2,0.00000,0.00000,0.00000,0.00000,0.00000
99.734,1,99968.000,190472,192000,3999.833,120.0,8,25,2,0.00000,0.00000,0.00000,0.00000,0.00000
99.734,2,99469.000,166540,192000,3999.417,120.0,8,25,2,0.00000,0.00000,0.00000,0.00000,0.00000
99.837,0,99821.000,183439,192000,3999.354,120.0,8,25,2,0.00000,0.00000,0.00000,0.00000,0.00000
99.837,1,100071.000,3418,192000,3999.792,120.0,8,26,2,0.00000,0.00000,0.00000,0.00000,0.00000
99.837,2,99572.000,171461,192000,3999.896,120.0,8,25,2,0.00000,0.00000,0.00000,0.00000,0.00000
99.937,0,99921.000,188241,192000,3999.312,120.0,8,25,2,0.00000,0.00000,0.00000,0.00000,0.00000
99.937,1,100171.000,8232,192000,3999.500,120.0,8,26,2,0.00000,0.00000,0.00000,0.00000,0.00000
99.937,2,99671.000,176250,192000,3999.125,120.0,8,25,2,0.00000,0.00000,0.00000,0.00000,0.00000
100.039,0,100024.000,1152,192000,0.000,120.0,8,26,2,0.00000,0.00000,0.00000,0.00000,0.00000
100.039,1,100274.000,13155,192000,3999.938,120.0,8,26,2,0.00000,0.00000,0.00000,0.00000,0.00000
100.039,2,99773.000,181149,192000,3999.062,120.0,8,25,2,0.00000,0.00000,0.00000,0.00000,0.00000
100.142,0,100126.000,6071,192000,3999.521,120.0,8,26,2,0.00000,0.00000,0.00000,0.00000,0.00000
100.142,1,100376.000,18086,192000,3999.208,120.0,8,26,2,0.00000,0.00000,0.00000,0.00000,0.00000
100.142,2,99876.000,186056,192000,3999.833,120.0,8,25,2,0.00000,0.00000,0.00000,0.00000,0.00000
100.244,0,100228.000,10956,192000,3999.750,120.0,8,26,2,0.00000,0.00000,0.00000,0.00000,0.00000
100.244,1,100478.000,22984,192000,3999.167,120.0,8,26,2,0.00000,0.00000,0.00000,0.00000,0.00000
100.244,2,99977.000,190929,192000,3999.312,120.0,8,25,2,0.00000,0.00000,0.00000,0.00000,0.00000
100.346,0,100330.000,15849,192000,3999.812,120.0,8,26,2,0.00000,0.00000,0.00000,0.00000,0.00000
100.346,1,100581.000,27889,192000,3999.979,120.0,8,26,2,0.00000,0.00000,0.00000,0.00000,0.00000
100.346,2,100079.000,3810,192000,3999.625,120.0,8,26,2,0.09925,0.00000,0.09925,0.00000,0.00000
100.447,0,100431.000,20702,192000,3999.708,120.0,8,26,2,0.00000,0.00000,0.00000,0.00000,0.00000
100.447,1,100682.000,32754,192000,3999.625,120.0,8,26,2,0.00000,0.00000,0.00000,0.00000,0.00000
100.447,2,100180.000,8650,192000,3999.792,120.0,8,26,2,0.06526,0.00000,0.06526,0.00000,0.00000
100.548,0,100532.000,25563,192000,3999.438,120.0,8,26,2,0.00000,0.00000,0.00000,0.00000,0.00000
100.548,1,100783.000,37627,192000,3999.104,120.0,8,26,2,0.00000,0.00000,0.00000,0.00000,0.00000
100.548,2,100281.000,13499,192000,3999.771,120.0,8,26,2,0.04287,0.00000,0.04287,0.00000,0.00000
100.649,0,100633.000,30402,192000,3999.625,120.0,8,26,2,0.00000,0.00000,0.00000,0.00000,0.00000
100.649,1,100884.000,42478,192000,3999.042,120.0,8,26,2,0.00000,0.00000,0.00000,0.00000,0.00000
100.649,2,100381.000,18326,192000,3999.208,120.0,8,26,2,0.02822,0.00000,0.02822,0.00000,0.00000
100.750,0,100734.000,35269,192000,3999.229,120.0,8,26,2,0.00000,0.00000,0.00000,0.00000,0.00000
100.750,1,100986.000,47358,192000,3999.375,120.0,8,26,2,0.00000,0.00000,0.00000,0.00000,0.00000
100.750,2,100482.000,23181,192000,3999.062,120.0,8,26,2,0.01853,0.00000,0.01853,0.00000,0.00000
100.851,0,100835.000,40100,192000,3999.583,120.0,8,26,2,0.00000,0.00000,0.00000,0.00000,0.00000
100.851,1,101087.000,52201,192000,3999.479,120.0,8,26,2,0.00000,0.00000,0.00000,0.00000,0.00000
100.851,2,100583.000,28000,192000,3999.667,120.0,8,26,2,0.01220,0.00000,0.01220,0.00000,0.00000
100.952,0,100936.000,44965,192000,3999.229,120.0,8,26,2,0.00000,0.00000,0.00000,0.00000,0.00000
100.952,1,101189.000,57078,192000,3999.875,120.0,8,26,2,0.00000,0.00000,0.00000,0.00000,0.00000
100.952,2,100684.000,32853,192000,3999.562,120.0,8,26,2,0.00801,0.00000,0.00801,0.00000,0.00000
101.053,0,101037.000,49802,192000,3999.458,120.0,8,26,2,0.00000,0.00000,0.00000,0.00000,0.00000
101.053,1,101290.000,61927,192000,3999.854,120.0,8,26,2,0.00000,0.00000,0.00000,0.00000,0.00000
101.053,2,100784.000,37678,192000,3999.042,120.0,8,26,2,0.00528,0.00000,0.00528,0.00000,0.00000
101.155,0,101139.000,54719,192000,3999.021,120.0,8,26,2,0.00000,0.00000,0.00000,0.00000,0.00000
101.155,1,101392.000,66856,192000,3999.167,120.0,8,26,2,0.00000,0.00000,0.00000,0.00000,0.00000
101.155,2,100887.000,42582,192000,3999.875,120.0,8,26,2,0.00345,0.00000,0.00345,0.00000,0.00000
101.256,0,101240.000,59561,192000,3999.146,120.0,8,26,2,0.00000,0.00000,0.00000,0.00000,0.00000
101.256,1,101493.000,71710,192000,3999.042,120.0,8,26,2,0.00000,0.00000,0.00000,0.00000,0.00000
101.256,2,100987.000,47412,192000,3999.250,120.0,8,26,2,0.00227,0.00000,0.00227,0.00000,0.00000
101.358,0,101342.000,64439,192000,3999.521,120.0,8,26,2,0.00000,0.00000,0.00000,0.00000,0.00000
101.358,1,101595.000,76600,192000,3999.167,120.0,8,26,2,0.00000,0.00000,0.00000,0.00000,0.00000
101.358,2,101089.000,52277,192000,3999.896,120.0,8,26,2,0.00149,0.00000,0.00149,0.00000,0.00000
101.460,0,101444.000,69338,192000,3999.458,120.0,8,26,2,0.00000,0.00000,0.00000,0.00000,0.00000
101.460,1,101698.000,81511,192000,3999.854,120.0,8,26,2,0.00000,0.00000,0.00000,0.00000,0.00000
101.460,2,101190.000,57164,192000,3999.083,120.0,8,26,2,0.00098,0.00000,0.00098,0.00000,0.00000
101.561,0,101545.000,74175,192000,3999.688,120.0,8,26,2,0.00000,0.00000,0.00000,0.00000,0.00000
101.561,1,101799.000,86360,192000,3999.833,120.0,8,26,2,0.00000,0.00000,0.00000,0.00000,0.00000
101.561,2,101291.000,61989,192000,3999.562,120.0,8,26,2,0.00064,0.00000,0.00064,0.00000,0.00000
101.661,0,101645.000,79002,192000,3999.125,120.0,8,26,2,0.00000,0.00000,0.00000,0.00000,0.00000
101.661,1,101899.000,91199,192000,3999.021,120.0,8,26,2,0.00000,0.00000,0.00000,0.00000,0.00000
101.661,2,101391.000,66804,192000,3999.250,120.0,8,26,2,0.00042,0.00000,0.00042,0.00000,0.00000
101.765,0,101749.000,83962,192000,3999.792,120.0,8,26,2,0.00000,0.00000,0.00000,0.00000,0.00000
101.765,1,102003.000,96172,192000,3999.417,120.0,8,26,2,0.00000,0.00000,0.00000,0.00000,0.00000
101.765,2,101494.000,71752,192000,3999.167,120.0,8,26,2,0.00028,0.00000,0.00028,0.00000,0.00000
101.866,0,101850.000,88844,192000,3999.083,120.0,8,26,2,0.00000,0.00000,0.00000,0.00000,0.00000
101.866,1,102105.000,101066,192000,3999.458,120.0,8,26,2,0.00000,0.00000,0.00000,0.00000,0.00000
101.866,2,101596.000,76622,192000,3999.708,120.0,8,26,2,0.00018,0.00000,0.00018,0.00000,0.00000
101.969,0,101953.000,93766,192000,3999.542,120.0,8,26,2,0.00000,0.00000,0.00000,0.00000,0.00000
101.969,1,102208.000,106000,192000,3999.667,120.0,8,26,2,0.00000,0.00000,0.00000,0.00000,0.00000
101.969,2,101698.000,81531,192000,3999.438,120.0,8,26,2,0.00012,0.00000,0.00012,0.00000,0.00000
102.070,0,102054.000,98622,192000,3999.375,120.0,8,26,2,0.00000,0.00000,0.00000,0.00000,0.00000
102.070,1,102309.000,110868,192000,3999.250,120.0,8,26,2,0.00000,0.00000,0.00000,0.00000,0.00000
102.070,2,101799.000,86375,192000,3999.521,120.0,8,26,2,0.00008,0.00000,0.00008,0.00000,0.00000
102.170,0,102154.000,103434,192000,3999.125,120.0,8,26,2,0.00000,0.00000,0.00000,0.00000,0.00000
102.170,1,102410.000,115693,192000,3999.729,120.0,8,26,2,0.00000,0.00000,0.00000,0.00000,0.00000
102.170,2,101899.000,91175,192000,3999.521,120.0,8,26,2,0.00005,0.00000,0.00005,0.00000,0.00000
102.272,0,102256.000,108320,192000,3999.333,120.0,8,26,2,0.00000,0.00000,0.00000,0.00000,0.00000
102.272,1,102512.000,120591,192000,3999.688,120.0,8,26,2,0.00000,0.00000,0.00000,0.00000,0.00000
102.272,2,102001.000,96049,192000,3999.979,120.0,8,26,2,0.00003,0.00000,0.00003,0.00000,0.00000
102.375,0,102359.000,113250,192000,3999.625,120.0,8,26,2,0.00000,0.00000,0.00000,0.00000,0.00000
102.375,1,102615.000,125533,192000,3999.729,120.0,8,26,2,0.00000,0.00000,0.00000,0.00000,0.00000
102.375,2,102103.000,100967,192000,3999.521,120.0,8,26,2,0.00002,0.00000,0.00002,0.00000,0.00000
102.477,0,102461.000,118153,192000,3999.479,120.0,8,26,2,0.00000,0.00000,0.00000,0.00000,0.00000
102.477,1,102717.000,130448,192000,3999.333,120.0,8,26,2,0.00000,0.00000,0.00000,0.00000,0.00000
102.477,2,102205.000,105857,192000,3999.646,120.0,8,26,2,0.00001,0.00000,0.00001,0.00000,0.00000
102.579,0,102563.000,123033,192000,3999.812,120.0,8,26,2,0.00000,0.00000,0.00000,0.00000,0.00000
102.579,1,102819.000,135341,192000,3999.396,120.0,8,26,2,0.00000,0.00000,0.00000,0.00000,0.00000
102.579,2,102306.000,110725,192000,3999.229,120.0,8,26,2,0.00001,0.00000,0.00001,0.00000,0.00000
102.679,0,102663.000,127840,192000,3999.667,120.0,8,26,2,0.00000,0.00000,0.00000,0.00000,0.00000
102.679,1,102919.000,140159,192000,3999.021,120.0,8,26,2,0.00000,0.00000,0.00000,0.00000,0.00000
102.679,2,102406.000,115520,192000,3999.333,120.0,8,26,2,0.00001,0.00000,0.00001,0.00000,0.00000
102.780,0,102764.000,132707,192000,3999.271,120.0,8,26,2,0.00000,0.00000,0.00000,0.00000,0.00000
102.780,1,103021.000,145038,192000,3999.375,120.0,8,26,2,0.00000,0.00000,0.00000,0.00000,0.00000
102.780,2,102507.000,120375,192000,3999.188,120.0,8,26,2,0.00000,0.00000,0.00000,0.00000,0.00000
102.882,0,102866.000,137612,192000,3999.083,120.0,8,26,2,0.00000,0.00000,0.00000,0.00000,0.00000
102.882,1,103124.000,149957,192000,3999.896,120.0,8,26,2,0.00000,0.00000,0.00000,0.00000,0.00000
102.882,2,102609.000,125268,192000,3999.250,120.0,8,26,2,0.00000,0.00000,0.00000,0.00000,0.00000
102.984,0,102968.000,142500,192000,3999.250,120.0,8,26,2,0.00000,0.00000,0.00000,0.00000,0.00000
102.984,1,103226.000,154856,192000,3999.833,120.0,8,26,2,0.00000,0.00000,0.00000,0.00000,0.00000
102.984,2,102711.000,130143,192000,3999.688,120.0,8,26,2,0.00000,0.00000,0.00000,0.00000,0.00000
103.087,0,103071.000,147445,192000,3999.229,120.0,8,26,2,0.00000,0.00000,0.00000,0.00000,0.00000
103.087,1,103329.000,159814,192000,3999.542,120.0,8,26,2,0.00000,0.00000,0.00000,0.00000,0.00000
103.087,2,102814.000,135076,192000,3999.917,120.0,8,26,2,0.00000,0.00000,0.00000,0.00000,0.00000
103.189,0,103173.000,152351,192000,3999.021,120.0,8,26,2,0.00000,0.00000,0.00000,0.00000,0.00000
103.189,1,103431.000,164732,192000,3999.083,120.0,8,26,2,0.00000,0.00000,0.00000,0.00000,0.00000
103.189,2,102916.000,139970,192000,3999.958,120.0,8,26,2,0.00000,0.00000,0.00000,0.00000,0.00000
103.290,0,103274.000,157197,192000,3999.062,120.0,8,26,2,0.00000,0.00000,0.00000,0.00000,0.00000
103.290,1,103533.000,169590,192000,3999.875,120.0,8,26,2,0.00000,0.00000,0.00000,0.00000,0.00000
103.290,2,103016.000,144804,192000,3999.250,120.0,8,26,2,0.00000,0.00000,0.00000,0.00000,0.00000
103.391,0,103375.000,162015,192000,3999.688,120.0,8,26,2,0.00000,0.00000,0.00000,0.00000,0.00000
103.391,1,103633.000,174420,192000,3999.250,120.0,8,26,2,0.00000,0.00000,0.00000,0.00000,0.00000
103.391,2,103116.000,149610,192000,3999.125,120.0,8,26,2,0.00000,0.00000,0.00000,0.00000,0.00000
103.493,0,103477.000,166918,192000,3999.542,120.0,8,26,2,0.00000,0.00000,0.00000,0.00000,0.00000
103.493,1,103736.000,179335,192000,3999.854,120.0,8,26,2,0.00000,0.00000,0.00000,0.00000,0.00000
103.493,2,103218.000,154500,192000,3999.250,120.0,8,26,2,0.00000,0.00000,0.00000,0.00000,0.00000
103.596,0,103580.000,171859,192000,3999.604,120.0,8,26,2,0.00000,0.00000,0.00000,0.00000,0.00000
103.596,1,103839.000,184288,192000,3999.667,120.0,8,26,2,0.00000,0.00000,0.00000,0.00000,0.00000
103.596,2,103321.000,159429,192000,3999.562,120.0,8,26,2,0.00000,0.00000,0.00000,0.00000,0.00000
103.699,0,103683.000,176802,192000,3999.625,120.0,8,26,2,0.00000,0.00000,0.00000,0.00000,0.00000
103.699,1,103942.000,189244,192000,3999.417,120.0,8,26,2,0.00000,0.00000,0.00000,0.00000,0.00000
103.699,2,103424.000,164360,192000,3999.833,120.0,8,26,2,0.00000,0.00000,0.00000,0.00000,0.00000
103.802,0,103786.000,181763,192000,3999.271,120.0,8,26,2,0.00000,0.00000,0.00000,0.00000,0.00000
103.802,1,104046.000,2218,192000,3999.792,120.0,8,27,2,0.11403,0.11403,0.11397,0.00000,0.00000
103.802,2,103527.000,169309,192000,3999.729,120.0,8,26,2,0.00000,0.00000,0.00000,0.00000,0.00000
103.904,0,103888.000,186636,192000,3999.750,120.0,8,26,2,0.00000,0.00000,0.00000,0.00000,0.00000
103.904,1,104147.000,7102,192000,3999.042,120.0,8,27,2,0.07469,0.07469,0.07465,0.00000,0.00000
103.904,2,103628.000,174169,192000,3999.479,120.0,8,26,2,0.00000,0.00000,0.00000,0.00000,0.00000
104.006,0,103990.000,191536,192000,3999.667,120.0,8,26,2,0.00000,0.00000,0.00000,0.00000,0.00000
104.006,1,104250.000,12015,192000,3999.688,120.0,8,27,2,0.04880,0.04880,0.04877,0.00000,0.00000
104.006,2,103730.000,179057,192000,3999.646,120.0,8,26,2,0.00000,0.00000,0.00000,0.00000,0.00000
104.107,0,104092.000,4417,192000,3999.979,120.0,8,27,2,0.09397,0.09389,0.09397,0.00000,0.00000
104.107,1,104352.000,16908,192000,3999.750,120.0,8,27,2,0.03194,0.03194,0.03192,0.00000,0.00000
104.107,2,103831.000,183926,192000,3999.208,120.0,8,26,2,0.00000,0.00000,0.00000,0.00000,0.00000
104.210,0,104194.000,9358,192000,3999.042,120.0,8,27,2,0.06125,0.06119,0.06125,0.00000,0.00000
104.210,1,104455.000,21861,192000,3999.562,120.0,8,27,2,0.02079,0.02079,0.02078,0.00000,0.00000
104.210,2,103934.000,188855,192000,3999.521,120.0,8,26,2,0.00000,0.00000,0.00000,0.00000,0.00000
104.312,0,104296.000,14223,192000,3999.688,120.0,8,27,2,0.04018,0.04014,0.04018,0.00000,0.00000
104.312,1,104557.000,26739,192000,3999.938,120.0,8,27,2,0.01363,0.01363,0.01362,0.00000,0.00000
104.312,2,104035.000,1707,192000,3999.438,120.0,8,27,2,0.11899,0.11899,0.00000,0.00000,0.00000
104.412,0,104397.000,19060,192000,3999.917,120.0,8,27,2,0.02642,0.02640,0.02642,0.00000,0.00000
104.412,1,104658.000,31588,192000,3999.917,120.0,8,27,2,0.00895,0.00895,0.00895,0.00000,0.00000
104.412,2,104136.000,6532,192000,3999.917,120.0,8,27,2,0.07834,0.07834,0.00000,0.00000,0.00000
104.515,0,104500.000,24004,192000,3999.917,120.0,8,27,2,0.01722,0.01720,0.01722,0.00000,0.00000
104.515,1,104761.000,36544,192000,3999.667,120.0,8,27,2,0.00583,0.00583,0.00582,0.00000,0.00000
104.515,2,104238.000,11464,192000,3999.167,120.0,8,27,2,0.05110,0.05110,0.00000,0.00000,0.00000
104.618,0,104602.000,28939,192000,3999.104,120.0,8,27,2,0.01123,0.01122,0.01123,0.00000,0.00000
104.618,1,104864.000,41491,192000,3999.604,120.0,8,27,2,0.00380,0.00380,0.00379,0.00000,0.00000
104.618,2,104341.000,16386,192000,3999.625,120.0,8,27,2,0.03336,0.03336,0.00000,0.00000,0.00000
104.719,0,104704.000,33797,192000,3999.896,120.0,8,27,2,0.00737,0.00736,0.00737,0.00000,0.00000
104.719,1,104965.000,46362,192000,3999.125,120.0,8,27,2,0.00249,0.00249,0.00249,0.00000,0.00000
104.719,2,104442.000,21233,192000,3999.646,120.0,8,27,2,0.02192,0.02192,0.00000,0.00000,0.00000
104.819,0,104804.000,38599,192000,3999.854,120.0,8,27,2,0.00486,0.00486,0.00486,0.00000,0.00000
104.819,1,105066.000,51175,192000,3999.854,120.0,8,27,2,0.00164,0.00164,0.00164,0.00000,0.00000
104.819,2,104542.000,26022,192000,3999.875,120.0,8,27,2,0.01447,0.01447,0.00000,0.00000,0.00000
104.922,0,104906.000,43513,192000,3999.479,120.0,8,27,2,0.00318,0.00317,0.00318,0.00000,0.00000
104.922,1,105168.000,56101,192000,3999.229,120.0,8,27,2,0.00107,0.00107,0.00107,0.00000,0.00000
104.922,2,104644.000,30924,192000,3999.750,120.0,8,27,2,0.00947,0.00947,0.00000,0.00000,0.00000
105.025,0,105009.000,48455,192000,3999.521,120.0,8,27,2,0.00207,0.00207,0.00207,0.00000,0.00000
105.025,1,105272.000,61056,192000,0.000,120.0,8,27,2,0.00070,0.00070,0.00070,0.00000,0.00000
105.025,2,104746.000,35854,192000,3999.042,120.0,8,27,2,0.00617,0.00617,0.00000,0.00000,0.00000
105.126,0,105110.000,53309,192000,3999.396,120.0,8,27,2,0.00136,0.00136,0.00136,0.00000,0.00000
105.126,1,105373.000,65922,192000,3999.625,120.0,8,27,2,0.00046,0.00046,0.00046,0.00000,0.00000
105.126,2,104847.000,40695,192000,3999.188,120.0,8,27,2,0.00406,0.00406,0.00000,0.00000,0.00000
105.229,0,105213.000,58240,192000,3999.667,120.0,8,27,2,0.00089,0.00089,0.00089,0.00000,0.00000
105.229,1,105476.000,70866,192000,3999.625,120.0,8,27,2,0.00030,0.00030,0.00030,0.00000,0.00000
105.229,2,104950.000,45615,192000,3999.688,120.0,8,27,2,0.00265,0.00265,0.00000,0.00000,0.00000
105.331,0,105316.000,63169,192000,3999.979,120.0,8,27,2,0.00058,0.00058,0.00058,0.00000,0.00000
105.331,1,105579.000,75807,192000,3999.688,120.0,8,27,2,0.00019,0.00019,0.00019,0.00000,0.00000
105.331,2,105052.000,50531,192000,3999.271,120.0,8,27,2,0.00173,0.00173,0.00000,0.00000,0.00000
105.435,0,105419.000,68128,192000,3999.667,120.0,8,27,2,0.00038,0.00038,0.00038,0.00000,0.00000
105.435,1,105682.000,80778,192000,3999.125,120.0,8,27,2,0.00013,0.00013,0.00013,0.00000,0.00000
105.435,2,105155.000,55477,192000,3999.229,120.0,8,27,2,0.00113,0.00113,0.00000,0.00000,0.00000
105.538,0,105522.000,73083,192000,3999.438,120.0,8,27,2,0.00025,0.00024,0.00025,0.00000,0.00000
105.538,1,105786.000,85746,192000,3999.625,120.0,8,27,2,0.00008,0.00008,0.00008,0.00000,0.00000
105.538,2,105258.000,60420,192000,3999.250,120.0,8,27,2,0.00073,0.00073,0.00000,0.00000,0.00000
105.640,0,105624.000,77993,192000,3999.146,120.0,8,27,2,0.00016,0.00016,0.00016,0.00000,0.00000
105.640,1,105888.000,90668,192000,3999.083,120.0,8,27,2,0.00005,0.00005,0.00005,0.00000,0.00000
105.640,2,105360.000,65318,192000,3999.208,120.0,8,27,2,0.00048,0.00048,0.00000,0.00000,0.00000
105.742,0,105726.000,82890,192000,3999.125,120.0,8,27,2,0.00010,0.00010,0.00010,0.00000,0.00000
105.742,1,105991.000,95577,192000,3999.812,120.0,8,27,2,0.00003,0.00003,0.00003,0.00000,0.00000
105.742,2,105462.000,70202,192000,3999.458,120.0,8,27,2,0.00031,0.00031,0.00000,0.00000,0.00000
105.845,0,105829.000,87839,192000,3999.021,120.0,8,27,2,0.00007,0.00007,0.00007,0.00000,0.00000
105.845,1,106094.000,100539,192000,3999.438,120.0,8,27,2,0.00002,0.00002,0.00002,0.00000,0.00000
105.845,2,105565.000,75139,192000,3999.604,120.0,8,27,2,0.00021,0.00021,0.00000,0.00000,0.00000
105.945,0,105930.000,92645,192000,3999.896,120.0,8,27,2,0.00004,0.00004,0.00004,0.00000,0.00000
105.945,1,106194.000,105356,192000,3999.083,120.0,8,27,2,0.00001,0.00001,0.00001,0.00000,0.00000
105.945,2,105665.000,79933,192000,3999.729,120.0,8,27,2,0.00014,0.00014,0.00000,0.00000,0.00000
106.045,0,106030.000,97445,192000,3999.896,120.0,8,27,2,0.00003,0.00003,0.00003,0.00000,0.00000
106.045,1,106295.000,110168,192000,3999.833,120.0,8,27,2,0.00001,0.00001,0.00001,0.00000,0.00000
106.045,2,105765.000,84721,192000,3999.979,120.0,8,27,2,0.00009,0.00009,0.00000,0.00000,0.00000
106.149,0,106133.000,102420,192000,3999.250,120.0,8,27,2,0.00002,0.00002,0.00002,0.00000,0.00000
106.149,1,106399.000,115156,192000,3999.917,120.0,8,27,2,0.00001,0.00001,0.00001,0.00000,0.00000
106.149,2,105868.000,89683,192000,3999.604,120.0,8,27,2,0.00006,0.00006,0.00000,0.00000,0.00000
106.252,0,106236.000,107361,192000,3999.312,120.0,8,27,2,0.00001,0.00001,0.00001,0.00000,0.00000
106.252,1,106502.000,120109,192000,3999.729,120.0,8,27,2,0.00000,0.00000,0.00000,0.00000,0.00000
106.252,2,105971.000,94612,192000,3999.917,120.0,8,27,2,0.00004,0.00004,0.00000,0.00000,0.00000
106.352,0,106336.000,112165,192000,3999.229,120.0,8,27,2,0.00001,0.00001,0.00001,0.00000,0.00000
106.352,1,106602.000,124926,192000,3999.375,120.0,8,27,2,0.00000,0.00000,0.00000,0.00000,0.00000
106.352,2,106070.000,99405,192000,3999.062,120.0,8,27,2,0.00003,0.00003,0.00000,0.00000,0.00000
106.452,0,106436.000,116966,192000,3999.208,120.0,8,27,2,0.00001,0.00001,0.00001,0.00000,0.00000
106.452,1,106702.000,129738,192000,3999.125,120.0,8,27,2,0.00000,0.00000,0.00000,0.00000,0.00000
106.452,2,106170.000,104194,192000,3999.292,120.0,8,27,2,0.00002,0.00002,0.00000,0.00000,0.00000
106.553,0,106538.000,121825,192000,3999.979,120.0,8,27,2,0.00000,0.00000,0.00000,0.00000,0.00000
106.553,1,106804.000,134609,192000,3999.646,120.0,8,27,2,0.00000,0.00000,0.00000,0.00000,0.00000
106.553,2,106271.000,109040,192000,3999.333,120.0,8,27,2,0.00001,0.00001,0.00000,0.00000,0.00000
106.654,0,106638.000,126639,192000,3999.688,120.0,8,27,2,0.00000,0.00000,0.00000,0.00000,0.00000
106.654,1,106904.000,139436,192000,3999.083,120.0,8,27,2,0.00000,0.00000,0.00000,0.00000,0.00000
106.654,2,106371.000,113842,192000,3999.292,120.0,8,27,2,0.00001,0.00001,0.00000,0.00000,0.00000
106.755,0,106740.000,131526,192000,3999.875,120.0,8,27,2,0.00000,0.00000,0.00000,0.00000,0.00000
106.755,1,107006.000,144335,192000,3999.021,120.0,8,27,2,0.00000,0.00000,0.00000,0.00000,0.00000
106.755,2,106473.000,118718,192000,3999.708,120.0,8,27,2,0.00000,0.00000,0.00000,0.00000,0.00000
106.856,0,106840.000,136361,192000,3999.146,120.0,8,27,2,0.00000,0.00000,0.00000,0.00000,0.00000
106.856,1,107107.000,149182,192000,3999.042,120.0,8,27,2,0.00000,0.00000,0.00000,0.00000,0.00000
106.856,2,106573.000,123540,192000,3999.250,120.0,8,27,2,0.00000,0.00000,0.00000,0.00000,0.00000
106.958,0,106942.000,141234,192000,3999.625,120.0,8,27,2,0.00000,0.00000,0.00000,0.00000,0.00000
106.958,1,107209.000,154067,192000,3999.271,120.0,8,27,2,0.00000,0.00000,0.00000,0.00000,0.00000
106.958,2,106675.000,128401,192000,3999.979,120.0,8,27,2,0.00000,0.00000,0.00000,0.00000,0.00000
107.059,0,107043.000,146087,192000,3999.521,120.0,8,27,2,0.00000,0.00000,0.00000,0.00000,0.00000
107.059,1,107311.000,158933,192000,3999.896,120.0,8,27,2,0.00000,0.00000,0.00000,0.00000,0.00000
107.059,2,106775.000,133242,192000,3999.125,120.0,8,27,2,0.00000,0.00000,0.00000,0.00000,0.00000
107.162,0,107146.000,151040,192000,3999.333,120.0,8,27,2,0.00000,0.00000,0.00000,0.00000,0.00000
107.162,1,107414.000,163898,192000,3999.458,120.0,8,27,2,0.00000,0.00000,0.00000,0.00000,0.00000
107.162,2,106878.000,138183,192000,3999.188,120.0,8,27,2,0.00000,0.00000,0.00000,0.00000,0.00000
107.262,0,107247.000,155864,192000,3999.833,120.0,8,27,2,0.00000,0.00000,0.00000,0.00000,0.00000
107.262,1,107515.000,168733,192000,3999.729,120.0,8,27,2,0.00000,0.00000,0.00000,0.00000,0.00000
107.262,2,106979.000,142994,192000,3999.958,120.0,8,27,2,0.00000,0.00000,0.00000,0.00000,0.00000
107.363,0,107347.000,160701,192000,3999.062,120.0,8,27,2,0.00000,0.00000,0.00000,0.00000,0.00000
107.363,1,107616.000,173583,192000,3999.688,120.0,8,27,2,0.00000,0.00000,0.00000,0.00000,0.00000
107.363,2,107079.000,147819,192000,3999.438,120.0,8,27,2,0.00000,0.00000,0.00000,0.00000,0.00000
107.464,0,107449.000,165556,192000,3999.917,120.0,8,27,2,0.00000,0.00000,0.00000,0.00000,0.00000
107.464,1,107717.000,178450,192000,3999.292,120.0,8,27,2,0.00000,0.00000,0.00000,0.00000,0.00000
107.464,2,107180.000,152662,192000,3999.542,120.0,8,27,2,0.00000,0.00000,0.00000,0.00000,0.00000
107.566,0,107550.000,170430,192000,3999.375,120.0,8,27,2,0.00000,0.00000,0.00000,0.00000,0.00000
107.566,1,107819.000,183336,192000,3999.500,120.0,8,27,2,0.00000,0.00000,0.00000,0.00000,0.00000
107.566,2,107281.000,157524,192000,3999.250,120.0,8,27,2,0.00000,0.00000,0.00000,0.00000,0.00000
107.669,0,107653.000,175365,192000,3999.562,120.0,8,27,2,0.00000,0.00000,0.00000,0.00000,0.00000
107.669,1,107922.000,188284,192000,3999.417,120.0,8,27,2,0.00000,0.00000,0.00000,0.00000,0.00000
107.669,2,107384.000,162447,192000,3999.688,120.0,8,27,2,0.00000,0.00000,0.00000,0.00000,0.00000
107.769,0,107753.000,180175,192000,3999.354,120.0,8,27,2,0.00000,0.00000,0.00000,0.00000,0.00000
107.769,1,108023.000,1105,192000,3999.979,120.0,8,28,2,0.00000,0.00000,0.00000,0.00000,0.00000
107.769,2,107484.000,167244,192000,3999.750,120.0,8,27,2,0.00000,0.00000,0.00000,0.00000,0.00000
107.869,0,107853.000,184981,192000,3999.229,120.0,8,27,2,0.00000,0.00000,0.00000,0.00000,0.00000
107.869,1,108123.000,5924,192000,3999.583,120.0,8,28,2,0.00000,0.00000,0.00000,0.00000,0.00000
107.869,2,107584.000,172039,192000,3999.854,120.0,8,27,2,0.00000,0.00000,0.00000,0.00000,0.00000
107.972,0,107956.000,189912,192000,3999.500,120.0,8,27,2,0.00000,0.00000,0.00000,0.00000,0.00000
107.972,1,108226.000,10867,192000,3999.604,120.0,8,28,2,0.00000,0.00000,0.00000,0.00000,0.00000
107.972,2,107686.000,176957,192000,3999.396,120.0,8,27,2,0.00000,0.00000,0.00000,0.00000,0.00000
108.073,0,108057.000,2772,192000,3999.250,120.0,8,28,2,0.00000,0.00000,0.00000,0.00000,0.00000
108.073,1,108327.000,15739,192000,3999.104,120.0,8,28,2,0.00000,0.00000,0.00000,0.00000,0.00000
108.073,2,107787.000,181805,192000,3999.396,120.0,8,27,2,0.00000,0.00000,0.00000,0.00000,0.00000
108.176,0,108160.000,7722,192000,3999.125,120.0,8,28,2,0.00000,0.00000,0.00000,0.00000,0.00000
108.176,1,108431.000,20701,192000,3999.729,120.0,8,28,2,0.00000,0.00000,0.00000,0.00000,0.00000
108.176,2,107890.000,186743,192000,3999.521,120.0,8,27,2,0.00000,0.00000,0.00000,0.00000,0.00000
108.280,0,108264.000,12682,192000,3999.792,120.0,8,28,2,0.00000,0.00000,0.00000,0.00000,0.00000
108.280,1,108534.000,25673,192000,3999.146,120.0,8,28,2,0.00000,0.00000,0.00000,0.00000,0.00000
108.280,2,107993.000,191690,192000,3999.458,120.0,8,27,2,0.00000,0.00000,0.00000,0.00000,0.00000
108.380,0,108364.000,17488,192000,3999.667,120.0,8,28,2,0.00000,0.00000,0.00000,0.00000,0.00000
108.380,1,108635.000,30492,192000,3999.750,120.0,8,28,2,0.00000,0.00000,0.00000,0.00000,0.00000
108.380,2,108093.000,4484,192000,3999.583,120.0,8,28,2,0.00000,0.00000,0.00000,0.00000,0.00000
108.480,0,108465.000,22322,192000,3999.958,120.0,8,28,2,0.00000,0.00000,0.00000,0.00000,0.00000
108.480,1,108736.000,35338,192000,3999.792,120.0,8,28,2,0.00000,0.00000,0.00000,0.00000,0.00000
108.480,2,108193.000,9306,192000,3999.125,120.0,8,28,2,0.00000,0.00000,0.00000,0.00000,0.00000
108.583,0,108567.000,27248,192000,3999.333,120.0,8,28,2,0.00000,0.00000,0.00000,0.00000,0.00000
108.583,1,108839.000,40276,192000,3999.917,120.0,8,28,2,0.00000,0.00000,0.00000,0.00000,0.00000
108.583,2,108296.000,14220,192000,3999.750,120.0,8,28,2,0.00000,0.00000,0.00000,0.00000,0.00000
108.684,0,108668.000,32099,192000,3999.271,120.0,8,28,2,0.00000,0.00000,0.00000,0.00000,0.00000
108.684,1,108940.000,45140,192000,3999.583,120.0,8,28,2,0.00000,0.00000,0.00000,0.00000,0.00000
108.684,2,108397.000,19059,192000,3999.938,120.0,8,28,2,0.00000,0.00000,0.00000,0.00000,0.00000
108.786,0,108771.000,37010,192000,3999.958,120.0,8,28,2,0.00000,0.00000,0.00000,0.00000,0.00000
108.786,1,109042.000,50062,192000,3999.042,120.0,8,28,2,0.00000,0.00000,0.00000,0.00000,0.00000
108.786,2,108499.000,23957,192000,3999.896,120.0,8,28,2,0.00000,0.00000,0.00000,0.00000,0.00000
108.888,0,108873.000,41906,192000,3999.958,120.0,8,28,2,0.00000,0.00000,0.00000,0.00000,0.00000
108.888,1,109145.000,54970,192000,3999.792,120.0,8,28,2,0.00000,0.00000,0.00000,0.00000,0.00000
108.888,2,108600.000,28841,192000,3999.146,120.0,8,28,2,0.00000,0.00000,0.00000,0.00000,0.00000
108.989,0,108973.000,46726,192000,3999.542,120.0,8,28,2,0.00000,0.00000,0.00000,0.00000,0.00000
108.989,1,109245.000,59803,192000,3999.104,120.0,8,28,2,0.00000,0.00000,0.00000,0.00000,0.00000
108.989,2,108701.000,33649,192000,3999.979,120.0,8,28,2,0.00000,0.00000,0.00000,0.00000,0.00000
109.090,0,109075.000,51605,192000,3999.896,120.0,8,28,2,0.00000,0.00000,0.00000,0.00000,0.00000
109.090,1,109347.000,64694,192000,3999.208,120.0,8,28,2,0.00000,0.00000,0.00000,0.00000,0.00000
109.090,2,108802.000,38516,192000,3999.583,120.0,8,28,2,0.00000,0.00000,0.00000,0.00000,0.00000
109.191,0,109175.000,56428,192000,3999.417,120.0,8,28,2,0.00000,0.00000,0.00000,0.00000,0.00000
109.191,1,109448.000,69530,192000,3999.458,120.0,8,28,2,0.00000,0.00000,0.00000,0.00000,0.00000
109.191,2,108902.000,43327,192000,3999.354,120.0,8,28,2,0.00000,0.00000,0.00000,0.00000,0.00000
109.291,0,109275.000,61238,192000,3999.208,120.0,8,28,2,0.00000,0.00000,0.00000,0.00000,0.00000
109.291,1,109549.000,74352,192000,0.000,120.0,8,28,2,0.00000,0.00000,0.00000,0.00000,0.00000
109.291,2,109002.000,48125,192000,3999.396,120.0,8,28,2,0.00000,0.00000,0.00000,0.00000,0.00000
109.394,0,109378.000,66162,192000,3999.625,120.0,8,28,2,0.00000,0.00000,0.00000,0.00000,0.00000
109.394,1,109651.000,79288,192000,3999.167,120.0,8,28,2,0.00000,0.00000,0.00000,0.00000,0.00000
109.394,2,109104.000,53037,192000,3999.062,120.0,8,28,2,0.00000,0.00000,0.00000,0.00000,0.00000
109.494,0,109478.000,70966,192000,3999.542,120.0,8,28,2,0.00000,0.00000,0.00000,0.00000,0.00000
109.494,1,109752.000,84103,192000,3999.854,120.0,8,28,2,0.00000,0.00000,0.00000,0.00000,0.00000
109.494,2,109204.000,57828,192000,3999.250,120.0,8,28,2,0.00000,0.00000,0.00000,0.00000,0.00000
109.595,0,109579.000,75835,192000,3999.104,120.0,8,28,2,0.00000,0.00000,0.00000,0.00000,0.00000
109.595,1,109853.000,88985,192000,3999.146,120.0,8,28,2,0.00000,0.00000,0.00000,0.00000,0.00000
109.595,2,109305.000,62686,192000,3999.042,120.0,8,28,2,0.00000,0.00000,0.00000,0.00000,0.00000
109.698,0,109682.000,80759,192000,3999.521,120.0,8,28,2,0.00000,0.00000,0.00000,0.00000,0.00000
109.698,1,109956.000,93921,192000,3999.312,120.0,8,28,2,0.00000,0.00000,0.00000,0.00000,0.00000
109.698,2,109408.000,67597,192000,3999.729,120.0,8,28,2,0.00000,0.00000,0.00000,0.00000,0.00000
109.800,0,109785.000,85686,192000,3999.875,120.0,8,28,2,0.00000,0.00000,0.00000,0.00000,0.00000
109.800,1,110059.000,98860,192000,3999.417,120.0,8,28,2,0.00000,0.00000,0.00000,0.00000,0.00000
109.800,2,109510.000,72512,192000,3999.333,120.0,8,28,2,0.00000,0.00000,0.00000,0.00000,0.00000
109.902,0,109886.000,90558,192000,3999.375,120.0,8,28,2,0.00000,0.00000,0.00000,0.00000,0.00000
109.902,1,110161.000,103744,192000,3999.667,120.0,8,28,2,0.00000,0.00000,0.00000,0.00000,0.00000
109.902,2,109611.000,77371,192000,3999.104,120.0,8,28,2,0.00000,0.00000,0.00000,0.00000,0.00000
110.002,0,109986.000,95371,192000,3999.104,120.0,8,28,2,0.00000,0.00000,0.00000,0.00000,0.00000
110.002,1,110261.000,108569,192000,3999.146,120.0,8,28,2,0.00000,0.00000,0.00000,0.00000,0.00000
110.002,2,109711.000,82172,192000,3999.083,120.0,8,28,2,0.00000,0.00000,0.00000,0.00000,0.00000
110.105,0,110089.000,100294,192000,3999.542,120.0,8,28,2,0.00000,0.00000,0.00000,0.00000,0.00000
110.105,1,110364.000,113505,192000,3999.312,120.0,8,28,2,0.00000,0.00000,0.00000,0.00000,0.00000
110.105,2,109814.000,87083,192000,3999.771,120.0,8,28,2,0.00000,0.00000,0.00000,0.00000,0.00000
110.206,0,110190.000,105144,192000,3999.500,120.0,8,28,2,0.00000,0.00000,0.00000,0.00000,0.00000
110.206,1,110465.000,118367,192000,3999.021,120.0,8,28,2,0.00000,0.00000,0.00000,0.00000,0.00000
110.206,2,109915.000,91921,192000,3999.979,120.0,8,28,2,0.00000,0.00000,0.00000,0.00000,0.00000
110.307,0,110292.000,110023,192000,3999.854,120.0,8,28,2,0.00000,0.00000,0.00000,0.00000,0.00000
110.307,1,110567.000,123258,192000,3999.125,120.0,8,28,2,0.00000,0.00000,0.00000,0.00000,0.00000
110.307,2,110016.000,96788,192000,3999.583,120.0,8,28,2,0.00000,0.00000,0.00000,0.00000,0.00000
110.411,0,110395.000,114976,192000,3999.667,120.0,8,28,2,0.00000,0.00000,0.00000,0.00000,0.00000
110.411,1,110671.000,128223,192000,3999.688,120.0,8,28,2,0.00000,0.00000,0.00000,0.00000,0.00000
110.411,2,110119.000,101728,192000,3999.667,120.0,8,28,2,0.00000,0.00000,0.00000,0.00000,0.00000
110.512,0,110496.000,119831,192000,3999.521,120.0,8,28,2,0.00000,0.00000,0.00000,0.00000,0.00000
110.512,1,110772.000,133091,192000,3999.271,120.0,8,28,2,0.00000,0.00000,0.00000,0.00000,0.00000
110.512,2,110220.000,106572,192000,3999.750,120.0,8,28,2,0.00000,0.00000,0.00000,0.00000,0.00000
110.614,0,110598.000,124724,192000,3999.583,120.0,8,28,2,0.00000,0.00000,0.00000,0.00000,0.00000
110.614,1,110874.000,137995,192000,3999.104,120.0,8,28,2,0.00000,0.00000,0.00000,0.00000,0.00000
110.614,2,110321.000,111452,192000,3999.083,120.0,8,28,2,0.00000,0.00000,0.00000,0.00000,0.00000
110.715,0,110699.000,129597,192000,3999.062,120.0,8,28,2,0.00000,0.00000,0.00000,0.00000,0.00000
110.715,1,110976.000,142881,192000,3999.312,120.0,8,28,2,0.00000,0.00000,0.00000,0.00000,0.00000
110.715,2,110423.000,116313,192000,3999.812,120.0,8,28,2,0.00000,0.00000,0.00000,0.00000,0.00000
110.817,0,110802.000,134496,192000,0.000,120.0,8,28,2,0.00000,0.00000,0.00000,0.00000,0.00000
110.817,1,111079.000,147792,192000,0.000,120.0,8,28,2,0.00000,0.00000,0.00000,0.00000,0.00000
110.817,2,110525.000,121200,192000,0.000,120.0,8,28,2,0.00000,0.00000,0.00000,0.00000,0.00000
110.919,0,110903.000,139363,192000,3999.604,120.0,8,28,2,0.00000,0.00000,0.00000,0.00000,0.00000
110.919,1,111180.000,152672,192000,3999.333,120.0,8,28,2,0.00000,0.00000,0.00000,0.00000,0.00000
110.919,2,110626.000,126055,192000,3999.854,120.0,8,28,2,0.00000,0.00000,0.00000,0.00000,0.00000
111.022,0,111006.000,144307,192000,3999.604,120.0,8,28,2,0.00000,0.00000,0.00000,0.00000,0.00000
111.022,1,111283.000,157628,192000,3999.083,120.0,8,28,2,0.00000,0.00000,0.00000,0.00000,0.00000
111.022,2,110728.000,130987,192000,3999.104,120.0,8,28,2,0.00000,0.00000,0.00000,0.00000,0.00000
111.122,0,111106.000,149112,192000,3999.500,120.0,8,28,2,0.00000,0.00000,0.00000,0.00000,0.00000
111.122,1,111384.000,162445,192000,3999.729,120.0,8,28,2,0.00000,0.00000,0.00000,0.00000,0.00000
111.122,2,110828.000,135779,192000,3999.271,120.0,8,28,2,0.00000,0.00000,0.00000,0.00000,0.00000
111.224,0,111208.000,153999,192000,3999.688,120.0,8,28,2,0.00000,0.00000,0.00000,0.00000,0.00000
111.224,1,111486.000,167344,192000,3999.667,120.0,8,28,2,0.00000,0.00000,0.00000,0.00000,0.00000
111.224,2,110930.000,140654,192000,3999.708,120.0,8,28,2,0.00000,0.00000,0.00000,0.00000,0.00000
111.326,0,111310.000,158909,192000,3999.396,120.0,8,28,2,0.00000,0.00000,0.00000,0.00000,0.00000
111.326,1,111588.000,172266,192000,3999.125,120.0,8,28,2,0.00000,0.00000,0.00000,0.00000,0.00000
111.326,2,111032.000,145551,192000,3999.688,120.0,8,28,2,0.00000,0.00000,0.00000,0.00000,0.00000
111.427,0,111411.000,163774,192000,3999.042,120.0,8,28,2,0.00000,0.00000,0.00000,0.00000,0.00000
111.427,1,111690.000,177143,192000,3999.521,120.0,8,28,2,0.00000,0.00000,0.00000,0.00000,0.00000
111.427,2,111133.000,150405,192000,3999.562,120.0,8,28,2,0.00000,0.00000,0.00000,0.00000,0.00000
111.530,0,111514.000,168708,192000,3999.250,120.0,8,28,2,0.00000,0.00000,0.00000,0.00000,0.00000
111.530,1,111793.000,182090,192000,3999.458,120.0,8,28,2,0.00000,0.00000,0.00000,0.00000,0.00000
111.530,2,111235.000,155326,192000,3999.042,120.0,8,28,2,0.00000,0.00000,0.00000,0.00000,0.00000
111.631,0,111615.000,173563,192000,3999.104,120.0,8,28,2,0.00000,0.00000,0.00000,0.00000,0.00000
111.631,1,111894.000,186957,192000,3999.062,120.0,8,28,2,0.00000,0.00000,0.00000,0.00000,0.00000
111.631,2,111336.000,160169,192000,3999.146,120.0,8,28,2,0.00000,0.00000,0.00000,0.00000,0.00000
111.731,0,111716.000,178370,192000,3999.958,120.0,8,28,2,0.00000,0.00000,0.00000,0.00000,0.00000
111.731,1,111995.000,191776,192000,3999.667,120.0,8,28,2,0.00000,0.00000,0.00000,0.00000,0.00000
111.731,2,111436.000,164964,192000,3999.250,120.0,8,28,2,0.00000,0.00000,0.00000,0.00000,0.00000
111.833,0,111817.000,183249,192000,3999.312,120.0,8,28,2,0.00000,0.00000,0.00000,0.00000,0.00000
111.833,1,112097.000,4667,192000,3999.771,120.0,8,29,2,0.00000,0.00000,0.00000,0.00000,0.00000
111.833,2,111538.000,169831,192000,3999.854,120.0,8,28,2,0.00000,0.00000,0.00000,0.00000,0.00000
111.935,0,111920.000,188162,192000,3999.958,120.0,8,28,2,0.00000,0.00000,0.00000,0.00000,0.00000
111.935,1,112199.000,9592,192000,3999.167,120.0,8,29,2,0.00000,0.00000,0.00000,0.00000,0.00000
111.935,2,111640.000,174731,192000,3999.771,120.0,8,28,2,0.00000,0.00000,0.00000,0.00000,0.00000
112.037,0,112021.000,1020,192000,3999.750,120.0,8,29,2,0.00000,0.00000,0.00000,0.00000,0.00000
112.037,1,112301.000,14463,192000,3999.688,120.0,8,29,2,0.00000,0.00000,0.00000,0.00000,0.00000
112.037,2,111741.000,179577,192000,3999.812,120.0,8,28,2,0.00000,0.00000,0.00000,0.00000,0.00000
112.138,0,112122.000,5870,192000,3999.708,120.0,8,29,2,0.00000,0.00000,0.00000,0.00000,0.00000
112.138,1,112402.000,19325,192000,3999.396,120.0,8,29,2,0.00000,0.00000,0.00000,0.00000,0.00000
112.138,2,111842.000,184416,192000,0.000,120.0,8,28,2,0.00000,0.00000,0.00000,0.00000,0.00000
112.241,0,112225.000,10843,192000,3999.104,120.0,8,29,2,0.00000,0.00000,0.00000,0.00000,0.00000
112.241,1,112506.000,24310,192000,3999.542,120.0,8,29,2,0.00000,0.00000,0.00000,0.00000,0.00000
112.241,2,111945.000,189375,192000,3999.688,120.0,8,28,2,0.00000,0.00000,0.00000,0.00000,0.00000
112.342,0,112326.000,15682,192000,3999.292,120.0,8,29,2,0.00000,0.00000,0.00000,0.00000,0.00000
112.342,1,112607.000,29162,192000,3999.458,120.0,8,29,2,0.00000,0.00000,0.00000,0.00000,0.00000
112.342,2,112045.000,2203,192000,3999.104,120.0,8,29,2,0.11447,0.00000,0.11447,0.00000,0.00000
112.442,0,112427.000,20503,192000,3999.854,120.0,8,29,2,0.00000,0.00000,0.00000,0.00000,0.00000
112.442,1,112708.000,33994,192000,3999.792,120.0,8,29,2,0.00000,0.00000,0.00000,0.00000,0.00000
112.442,2,112146.000,7011,192000,3999.938,120.0,8,29,2,0.07547,0.00000,0.07547,0.00000,0.00000
112.543,0,112527.000,25338,192000,3999.125,120.0,8,29,2,0.00000,0.00000,0.00000,0.00000,0.00000
112.543,1,112809.000,38842,192000,3999.792,120.0,8,29,2,0.00000,0.00000,0.00000,0.00000,0.00000
112.543,2,112246.000,11835,192000,3999.438,120.0,8,29,2,0.04969,0.00000,0.04969,0.00000,0.00000
112.644,0,112628.000,30156,192000,3999.750,120.0,8,29,2,0.00000,0.00000,0.00000,0.00000,0.00000
112.644,1,112909.000,43671,192000,3999.188,120.0,8,29,2,0.00000,0.00000,0.00000,0.00000,0.00000
112.644,2,112346.000,16640,192000,3999.333,120.0,8,29,2,0.03277,0.00000,0.03277,0.00000,0.00000
112.744,0,112728.000,34971,192000,3999.438,120.0,8,29,2,0.00000,0.00000,0.00000,0.00000,0.00000
112.744,1,113010.000,48499,192000,3999.604,120.0,8,29,2,0.00000,0.00000,0.00000,0.00000,0.00000
112.744,2,112446.000,21444,192000,3999.250,120.0,8,29,2,0.02161,0.00000,0.02161,0.00000,0.00000
112.844,0,112829.000,39794,192000,3999.958,120.0,8,29,2,0.00000,0.00000,0.00000,0.00000,0.00000
112.844,1,113111.000,53334,192000,3999.875,120.0,8,29,2,0.00000,0.00000,0.00000,0.00000,0.00000
112.844,2,112546.000,26255,192000,3999.021,120.0,8,29,2,0.01424,0.00000,0.01424,0.00000,0.00000
112.945,0,112929.000,44639,192000,3999.021,120.0,8,29,2,0.00000,0.00000,0.00000,0.00000,0.00000
112.945,1,113212.000,58190,192000,3999.708,120.0,8,29,2,0.00000,0.00000,0.00000,0.00000,0.00000
112.945,2,112647.000,31087,192000,3999.354,120.0,8,29,2,0.00937,0.00000,0.00937,0.00000,0.00000
113.045,0,113030.000,49441,192000,3999.979,120.0,8,29,2,0.00000,0.00000,0.00000,0.00000,0.00000
113.045,1,113312.000,63005,192000,3999.396,120.0,8,29,2,0.00000,0.00000,0.00000,0.00000,0.00000
113.045,2,112747.000,35878,192000,3999.542,120.0,8,29,2,0.00619,0.00000,0.00619,0.00000,0.00000
113.147,0,113131.000,54330,192000,3999.125,120.0,8,29,2,0.00000,0.00000,0.00000,0.00000,0.00000
113.147,1,113414.000,67906,192000,3999.292,120.0,8,29,2,0.00000,0.00000,0.00000,0.00000,0.00000
113.147,2,112849.000,40754,192000,3999.958,120.0,8,29,2,0.00406,0.00000,0.00406,0.00000,0.00000
113.247,0,113231.000,59134,192000,3999.042,120.0,8,29,2,0.00000,0.00000,0.00000,0.00000,0.00000
113.247,1,113515.000,72722,192000,3999.958,120.0,8,29,2,0.00000,0.00000,0.00000,0.00000,0.00000
113.247,2,112948.000,45546,192000,3999.125,120.0,8,29,2,0.00268,0.00000,0.00268,0.00000,0.00000
113.349,0,113333.000,63997,192000,3999.729,120.0,8,29,2,0.00000,0.00000,0.00000,0.00000,0.00000
113.349,1,113616.000,77597,192000,3999.396,120.0,8,29,2,0.00000,0.00000,0.00000,0.00000,0.00000
113.349,2,113049.000,50397,192000,3999.062,120.0,8,29,2,0.00176,0.00000,0.00176,0.00000,0.00000
113.449,0,113433.000,68824,192000,3999.167,120.0,8,29,2,0.00000,0.00000,0.00000,0.00000,0.00000
113.449,1,113717.000,82436,192000,3999.583,120.0,8,29,2,0.00000,0.00000,0.00000,0.00000,0.00000
113.449,2,113150.000,55212,192000,3999.750,120.0,8,29,2,0.00116,0.00000,0.00116,0.00000,0.00000
113.552,0,113536.000,73757,192000,3999.396,120.0,8,29,2,0.00000,0.00000,0.00000,0.00000,0.00000
113.552,1,113820.000,87382,192000,3999.542,120.0,8,29,2,0.00000,0.00000,0.00000,0.00000,0.00000
113.552,2,113252.000,60133,192000,3999.229,120.0,8,29,2,0.00076,0.00000,0.00076,0.00000,0.00000
113.653,0,113637.000,78613,192000,3999.229,120.0,8,29,2,0.00000,0.00000,0.00000,0.00000,0.00000
113.653,1,113921.000,92250,192000,3999.125,120.0,8,29,2,0.00000,0.00000,0.00000,0.00000,0.00000
113.653,2,113353.000,64977,192000,3999.312,120.0,8,29,2,0.00050,0.00000,0.00050,0.00000,0.00000
113.754,0,113738.000,83458,192000,3999.292,120.0,8,29,2,0.00000,0.00000,0.00000,0.00000,0.00000
113.754,1,114023.000,97107,192000,3999.938,120.0,8,29,2,0.00000,0.00000,0.00000,0.00000,0.00000
113.754,2,113454.000,69810,192000,3999.625,120.0,8,29,2,0.00033,0.00000,0.00033,0.00000,0.00000
113.857,0,113841.000,88411,192000,3999.104,120.0,8,29,2,0.00000,0.00000,0.00000,0.00000,0.00000
113.857,1,114126.000,102073,192000,3999.479,120.0,8,29,2,0.00000,0.00000,0.00000,0.00000,0.00000
113.857,2,113557.000,74750,192000,3999.708,120.0,8,29,2,0.00021,0.00000,0.00021,0.00000,0.00000
113.959,0,113943.000,93296,192000,3999.333,120.0,8,29,2,0.00000,0.00000,0.00000,0.00000,0.00000
113.959,1,114228.000,106969,192000,3999.479,120.0,8,29,2,0.00000,0.00000,0.00000,0.00000,0.00000
113.959,2,113658.000,79623,192000,3999.188,120.0,8,29,2,0.00014,0.00000,0.00014,0.00000,0.00000
114.062,0,114046.000,98233,192000,3999.479,120.0,8,29,2,0.00000,0.00000,0.00000,0.00000,0.00000
114.062,1,114331.000,111919,192000,3999.354,120.0,8,29,2,0.00000,0.00000,0.00000,0.00000,0.00000
114.062,2,113761.000,84547,192000,3999.604,120.0,8,29,2,0.00009,0.00000,0.00009,0.00000,0.00000
114.164,0,114148.000,103128,192000,3999.500,120.0,8,29,2,0.00000,0.00000,0.00000,0.00000,0.00000
114.164,1,114433.000,116826,192000,3999.125,120.0,8,29,2,0.00000,0.00000,0.00000,0.00000,0.00000
114.164,2,113863.000,89430,192000,3999.875,120.0,8,29,2,0.00006,0.00000,0.00006,0.00000,0.00000
114.264,0,114248.000,107944,192000,3999.167,120.0,8,29,2,0.00000,0.00000,0.00000,0.00000,0.00000
114.264,1,114534.000,121654,192000,3999.542,120.0,8,29,2,0.00000,0.00000,0.00000,0.00000,0.00000
114.264,2,113963.000,94234,192000,3999.792,120.0,8,29,2,0.00004,0.00000,0.00004,0.00000,0.00000
114.365,0,114349.000,112769,192000,3999.646,120.0,8,29,2,0.00000,0.00000,0.00000,0.00000,0.00000
114.365,1,114635.000,126491,192000,3999.771,120.0,8,29,2,0.00000,0.00000,0.00000,0.00000,0.00000
114.365,2,114063.000,99047,192000,3999.521,120.0,8,29,2,0.00003,0.00000,0.00003,0.00000,0.00000
114.465,0,114449.000,117586,192000,3999.292,120.0,8,29,2,0.00000,0.00000,0.00000,0.00000,0.00000
114.465,1,114735.000,131320,192000,3999.167,120.0,8,29,2,0.00000,0.00000,0.00000,0.00000,0.00000
114.465,2,114163.000,103852,192000,3999.417,120.0,8,29,2,0.00002,0.00000,0.00002,0.00000,0.00000
114.567,0,114551.000,122483,192000,3999.271,120.0,8,29,2,0.00000,0.00000,0.00000,0.00000,0.00000
114.567,1,114838.000,136230,192000,3999.875,120.0,8,29,2,0.00000,0.00000,0.00000,0.00000,0.00000
114.567,2,114265.000,108737,192000,3999.646,120.0,8,29,2,0.00001,0.00000,0.00001,0.00000,0.00000
114.667,0,114651.000,127288,192000,3999.167,120.0,8,29,2,0.00000,0.00000,0.00000,0.00000,0.00000
114.667,1,114938.000,141046,192000,3999.542,120.0,8,29,2,0.00000,0.00000,0.00000,0.00000,0.00000
114.667,2,114365.000,113530,192000,3999.792,120.0,8,29,2,0.00001,0.00000,0.00001,0.00000,0.00000
114.770,0,114754.000,132236,192000,3999.083,120.0,8,29,2,0.00000,0.00000,0.00000,0.00000,0.00000
114.770,1,115041.000,146007,192000,3999.188,120.0,8,29,2,0.00000,0.00000,0.00000,0.00000,0.00000
114.770,2,114468.000,118466,192000,3999.958,120.0,8,29,2,0.00000,0.00000,0.00000,0.00000,0.00000
114.870,0,114854.000,137039,192000,3999.021,120.0,8,29,2,0.00000,0.00000,0.00000,0.00000,0.00000
114.870,1,115142.000,150822,192000,3999.875,120.0,8,29,2,0.00000,0.00000,0.00000,0.00000,0.00000
114.870,2,114567.000,123256,192000,3999.167,120.0,8,29,2,0.00000,0.00000,0.00000,0.00000,0.00000
114.971,0,114955.000,141885,192000,3999.062,120.0,8,29,2,0.00000,0.00000,0.00000,0.00000,0.00000
114.971,1,115243.000,155679,192000,3999.688,120.0,8,29,2,0.00000,0.00000,0.00000,0.00000,0.00000
114.971,2,114668.000,128090,192000,3999.458,120.0,8,29,2,0.00000,0.00000,0.00000,0.00000,0.00000
115.072,0,115057.000,146744,192000,3999.833,120.0,8,29,2,0.00000,0.00000,0.00000,0.00000,0.00000
115.072,1,115344.000,160550,192000,3999.208,120.0,8,29,2,0.00000,0.00000,0.00000,0.00000,0.00000
115.072,2,114769.000,132937,192000,3999.479,120.0,8,29,2,0.00000,0.00000,0.00000,0.00000,0.00000
115.173,0,115157.000,151579,192000,3999.104,120.0,8,29,2,0.00000,0.00000,0.00000,0.00000,0.00000
115.173,1,115445.000,165398,192000,3999.208,120.0,8,29,2,0.00000,0.00000,0.00000,0.00000,0.00000
115.173,2,114870.000,137760,192000,0.000,120.0,8,29,2,0.00000,0.00000,0.00000,0.00000,0.00000
115.274,0,115258.000,156392,192000,3999.833,120.0,8,29,2,0.00000,0.00000,0.00000,0.00000,0.00000
115.274,1,115546.000,170223,192000,3999.688,120.0,8,29,2,0.00000,0.00000,0.00000,0.00000,0.00000
115.274,2,114970.000,142561,192000,3999.979,120.0,8,29,2,0.00000,0.00000,0.00000,0.00000,0.00000
115.375,0,115359.000,161278,192000,3999.042,120.0,8,29,2,0.00000,0.00000,0.00000,0.00000,0.00000
115.375,1,115648.000,175121,192000,3999.646,120.0,8,29,2,0.00000,0.00000,0.00000,0.00000,0.00000
115.375,2,115071.000,147435,192000,3999.438,120.0,8,29,2,0.00000,0.00000,0.00000,0.00000,0.00000
115.477,0,115461.000,166157,192000,3999.396,120.0,8,29,2,0.00000,0.00000,0.00000,0.00000,0.00000
115.477,1,115750.000,180013,192000,3999.729,120.0,8,29,2,0.00000,0.00000,0.00000,0.00000,0.00000
115.477,2,115172.000,152302,192000,3999.042,120.0,8,29,2,0.00000,0.00000,0.00000,0.00000,0.00000
115.578,0,115562.000,171018,192000,3999.125,120.0,8,29,2,0.00000,0.00000,0.00000,0.00000,0.00000
115.578,1,115851.000,184885,192000,3999.229,120.0,8,29,2,0.00000,0.00000,0.00000,0.00000,0.00000
115.578,2,115273.000,157150,192000,3999.042,120.0,8,29,2,0.00000,0.00000,0.00000,0.00000,0.00000
115.681,0,115665.000,175960,192000,3999.167,120.0,8,29,2,0.00000,0.00000,0.00000,0.00000,0.00000
115.681,1,115955.000,189840,192000,0.000,120.0,8,29,2,0.00000,0.00000,0.00000,0.00000,0.00000
115.681,2,115376.000,162080,192000,3999.333,120.0,8,29,2,0.00000,0.00000,0.00000,0.00000,0.00000
115.782,0,115766.000,180784,192000,3999.667,120.0,8,29,2,0.00000,0.00000,0.00000,0.00000,0.00000
115.782,1,116055.000,2676,192000,3999.250,120.0,8,30,2,0.10946,0.10937,0.10946,0.00000,0.00000
115.782,2,115476.000,166892,192000,3999.083,120.0,8,29,2,0.00000,0.00000,0.00000,0.00000,0.00000
115.884,0,115868.000,185675,192000,3999.771,120.0,8,29,2,0.00000,0.00000,0.00000,0.00000,0.00000
115.884,1,116157.000,7580,192000,3999.083,120.0,8,30,2,0.07157,0.07151,0.07157,0.00000,0.00000
115.884,2,115578.000,171771,192000,3999.438,120.0,8,29,2,0.00000,0.00000,0.00000,0.00000,0.00000
115.986,0,115970.000,190588,192000,3999.417,120.0,8,29,2,0.00000,0.00000,0.00000,0.00000,0.00000
115.986,1,116260.000,12505,192000,3999.479,120.0,8,30,2,0.04671,0.04667,0.04671,0.00000,0.00000
115.986,2,115680.000,176671,192000,3999.354,120.0,8,29,2,0.00000,0.00000,0.00000,0.00000,0.00000
116.087,0,116071.000,3423,192000,3999.688,120.0,8,30,2,0.10612,0.10602,0.10612,0.00000,0.00000
116.087,1,116361.000,17352,192000,3999.500,120.0,8,30,2,0.03069,0.03067,0.03069,0.00000,0.00000
116.087,2,115781.000,181494,192000,3999.875,120.0,8,29,2,0.00000,0.00000,0.00000,0.00000,0.00000
116.188,0,116172.000,8272,192000,3999.667,120.0,8,30,2,0.06972,0.06965,0.06972,0.00000,0.00000
116.188,1,116462.000,22213,192000,3999.229,120.0,8,30,2,0.02014,0.02013,0.02014,0.00000,0.00000
116.188,2,115881.000,186331,192000,3999.104,120.0,8,29,2,0.00000,0.00000,0.00000,0.00000,0.00000
116.289,0,116273.000,13124,192000,3999.583,120.0,8,30,2,0.04579,0.04575,0.04579,0.00000,0.00000
116.289,1,116564.000,27077,192000,3999.896,120.0,8,30,2,0.01322,0.01320,0.01322,0.00000,0.00000
116.289,2,115982.000,191171,192000,3999.271,120.0,8,29,2,0.00000,0.00000,0.00000,0.00000,0.00000
116.389,0,116374.000,17959,192000,3999.854,120.0,8,30,2,0.03012,0.03009,0.03012,0.00000,0.00000
116.389,1,116665.000,31924,192000,3999.917,120.0,8,30,2,0.00868,0.00868,0.00868,0.00000,0.00000
116.389,2,116083.000,3994,192000,3999.792,120.0,8,30,2,0.09730,0.09730,0.00000,0.00000,0.00000
116.492,0,116476.000,22889,192000,3999.146,120.0,8,30,2,0.01965,0.01963,0.01965,0.00000,0.00000
116.492,1,116768.000,36867,192000,3999.938,120.0,8,30,2,0.00566,0.00565,0.00566,0.00000,0.00000
116.492,2,116185.000,8912,192000,3999.333,120.0,8,30,2,0.06354,0.06354,0.00000,0.00000,0.00000
116.595,0,116579.000,27831,192000,3999.188,120.0,8,30,2,0.01280,0.01279,0.01280,0.00000,0.00000
116.595,1,116871.000,41821,192000,3999.729,120.0,8,30,2,0.00368,0.00368,0.00368,0.00000,0.00000
116.595,2,116288.000,13842,192000,3999.625,120.0,8,30,2,0.04145,0.04145,0.00000,0.00000,0.00000
116.698,0,116683.000,32784,192000,0.000,120.0,8,30,2,0.00834,0.00833,0.00834,0.00000,0.00000
116.698,1,116974.000,46786,192000,3999.292,120.0,8,30,2,0.00240,0.00239,0.00240,0.00000,0.00000
116.698,2,116391.000,18782,192000,3999.708,120.0,8,30,2,0.02702,0.02702,0.00000,0.00000,0.00000
116.800,0,116784.000,37653,192000,3999.562,120.0,8,30,2,0.00547,0.00546,0.00547,0.00000,0.00000
116.800,1,117076.000,51667,192000,3999.604,120.0,8,30,2,0.00157,0.00157,0.00157,0.00000,0.00000
116.800,2,116492.000,23638,192000,3999.542,120.0,8,30,2,0.01774,0.01774,0.00000,0.00000,0.00000
116.901,0,116885.000,42523,192000,3999.104,120.0,8,30,2,0.00359,0.00358,0.00359,0.00000,0.00000
116.901,1,117178.000,56549,192000,3999.896,120.0,8,30,2,0.00103,0.00103,0.00103,0.00000,0.00000
116.901,2,116593.000,28497,192000,3999.312,120.0,8,30,2,0.01164,0.01164,0.00000,0.00000,0.00000
117.004,0,116988.000,47452,192000,3999.417,120.0,8,30,2,0.00234,0.00234,0.00234,0.00000,0.00000
117.004,1,117281.000,61491,192000,3999.938,120.0,8,30,2,0.00067,0.00067,0.00067,0.00000,0.00000
117.004,2,116696.000,33413,192000,3999.896,120.0,8,30,2,0.00761,0.00761,0.00000,0.00000,0.00000
117.105,0,117089.000,52294,192000,3999.542,120.0,8,30,2,0.00154,0.00154,0.00154,0.00000,0.00000
117.105,1,117382.000,66345,192000,3999.812,120.0,8,30,2,0.00044,0.00044,0.00044,0.00000,0.00000
117.105,2,116796.000,38243,192000,3999.271,120.0,8,30,2,0.00500,0.00500,0.00000,0.00000,0.00000
117.208,0,117192.000,57249,192000,3999.312,120.0,8,30,2,0.00100,0.00100,0.00100,0.00000,0.00000
117.208,1,117485.000,71312,192000,3999.333,120.0,8,30,2,0.00029,0.00029,0.00029,0.00000,0.00000
117.208,2,116899.000,43186,192000,3999.292,120.0,8,30,2,0.00326,0.00326,0.00000,0.00000,0.00000
117.309,0,117293.000,62105,192000,3999.146,120.0,8,30,2,0.00066,0.00066,0.00066,0.00000,0.00000
117.309,1,117587.000,76180,192000,3999.917,120.0,8,30,2,0.00019,0.00019,0.00019,0.00000,0.00000
117.309,2,117000.000,48029,192000,3999.396,120.0,8,30,2,0.00214,0.00214,0.00000,0.00000,0.00000
117.410,0,117394.000,66950,192000,3999.208,120.0,8,30,2,0.00043,0.00043,0.00043,0.00000,0.00000
117.410,1,117688.000,81037,192000,3999.729,120.0,8,30,2,0.00012,0.00012,0.00012,0.00000,0.00000
117.410,2,117101.000,52862,192000,3999.708,120.0,8,30,2,0.00141,0.00141,0.00000,0.00000,0.00000
117.511,0,117495.000,71789,192000,3999.396,120.0,8,30,2,0.00028,0.00028,0.00028,0.00000,0.00000
117.511,1,117789.000,85888,192000,3999.667,120.0,8,30,2,0.00008,0.00008,0.00008,0.00000,0.00000
117.511,2,117201.000,57689,192000,3999.146,120.0,8,30,2,0.00093,0.00093,0.00000,0.00000,0.00000
117.614,0,117598.000,76736,192000,3999.333,120.0,8,30,2,0.00018,0.00018,0.00018,0.00000,0.00000
117.614,1,117892.000,90848,192000,3999.333,120.0,8,30,2,0.00005,0.00005,0.00005,0.00000,0.00000
117.614,2,117304.000,62624,192000,3999.333,120.0,8,30,2,0.00061,0.00061,0.00000,0.00000,0.00000
117.717,0,117701.000,81680,192000,3999.333,120.0,8,30,2,0.00012,0.00012,0.00012,0.00000,0.00000
117.717,1,117995.000,95804,192000,3999.083,120.0,8,30,2,0.00003,0.00003,0.00003,0.00000,0.00000
117.717,2,117407.000,67555,192000,3999.604,120.0,8,30,2,0.00039,0.00039,0.00000,0.00000,0.00000
117.824,0,117808.000,86802,192000,3999.625,120.0,8,30,2,0.00008,0.00008,0.00008,0.00000,0.00000
117.824,1,118102.000,100939,192000,3999.104,120.0,8,30,2,0.00002,0.00002,0.00002,0.00000,0.00000
117.824,2,117513.000,72665,192000,3999.146,120.0,8,30,2,0.00025,0.00025,0.00000,0.00000,0.00000
117.926,0,117910.000,91723,192000,3999.104,120.0,8,30,2,0.00005,0.00005,0.00005,0.00000,0.00000
117.926,1,118205.000,105873,192000,3999.312,120.0,8,30,2,0.00001,0.00001,0.00001,0.00000,0.00000
117.926,2,117616.000,77574,192000,3999.875,120.0,8,30,2,0.00017,0.00017,0.00000,0.00000,0.00000
118.301,0,118103.000,100959,192000,3999.688,120.0,8,30,2,0.00002,0.00002,0.00002,0.00000,0.00000
118.301,1,118398.000,115120,192000,3999.667,120.0,8,30,2,0.00001,0.00001,0.00001,0.00000,0.00000
118.301,2,117808.000,86799,192000,3999.688,120.0,8,30,2,0.00007,0.00007,0.00000,0.00000,0.00000
118.401,0,118203.000,105765,192000,3999.562,120.0,8,30,2,0.00001,0.00001,0.00001,0.00000,0.00000
118.401,1,118498.000,119937,192000,3999.312,120.0,8,30,2,0.00000,0.00000,0.00000,0.00000,0.00000
118.401,2,117908.000,91592,192000,3999.833,120.0,8,30,2,0.00005,0.00005,0.00000,0.00000,0.00000
118.503,0,118305.000,110662,192000,3999.542,120.0,8,30,2,0.00001,0.00001,0.00001,0.00000,0.00000
118.503,1,118600.000,124847,192000,3999.021,120.0,8,30,2,0.00000,0.00000,0.00000,0.00000,0.00000
118.503,2,118009.000,96477,192000,3999.062,120.0,8,30,2,0.00003,0.00003,0.00000,0.00000,0.00000
118.606,0,118407.000,115575,192000,3999.188,120.0,8,30,2,0.00001,0.00001,0.00001,0.00000,0.00000
118.606,1,118703.000,129772,192000,3999.417,120.0,8,30,2,0.00000,0.00000,0.00000,0.00000,0.00000
118.606,2,118112.000,101378,192000,3999.958,120.0,8,30,2,0.00002,0.00002,0.00000,0.00000,0.00000
118.709,0,118511.000,120551,192000,3999.521,120.0,8,30,2,0.00000,0.00000,0.00000,0.00000,0.00000
118.709,1,118807.000,134760,192000,3999.500,120.0,8,30,2,0.00000,0.00000,0.00000,0.00000,0.00000
118.709,2,118215.000,106341,192000,3999.562,120.0,8,30,2,0.00001,0.00001,0.00000,0.00000,0.00000
118.811,0,118613.000,125446,192000,3999.542,120.0,8,30,2,0.00000,0.00000,0.00000,0.00000,0.00000
118.811,1,118909.000,139668,192000,3999.250,120.0,8,30,2,0.00000,0.00000,0.00000,0.00000,0.00000
118.811,2,118317.000,111224,192000,3999.833,120.0,8,30,2,0.00001,0.00001,0.00000,0.00000,0.00000
118.913,0,118715.000,130338,192000,3999.625,120.0,8,30,2,0.00000,0.00000,0.00000,0.00000,0.00000
118.913,1,119011.000,144572,192000,3999.083,120.0,8,30,2,0.00000,0.00000,0.00000,0.00000,0.00000
118.913,2,118418.000,116105,192000,3999.146,120.0,8,30,2,0.00001,0.00001,0.00000,0.00000,0.00000
119.015,0,118817.000,135239,192000,3999.521,120.0,8,30,2,0.00000,0.00000,0.00000,0.00000,0.00000
119.015,1,119114.000,149485,192000,3999.729,120.0,8,30,2,0.00000,0.00000,0.00000,0.00000,0.00000
119.015,2,118520.000,120993,192000,3999.312,120.0,8,30,2,0.00000,0.00000,0.00000,0.00000,0.00000
119.117,0,118919.000,140127,192000,3999.688,120.0,8,30,2,0.00000,0.00000,0.00000,0.00000,0.00000
119.117,1,119216.000,154385,192000,3999.646,120.0,8,30,2,0.00000,0.00000,0.00000,0.00000,0.00000
119.117,2,118622.000,125869,192000,3999.729,120.0,8,30,2,0.00000,0.00000,0.00000,0.00000,0.00000
119.220,0,119022.000,145076,192000,3999.583,120.0,8,30,2,0.00000,0.00000,0.00000,0.00000,0.00000
119.220,1,119319.000,159347,192000,3999.271,120.0,8,30,2,0.00000,0.00000,0.00000,0.00000,0.00000
119.220,2,118725.000,130805,192000,3999.896,120.0,8,30,2,0.00000,0.00000,0.00000,0.00000,0.00000
119.322,0,119124.000,149982,192000,3999.375,120.0,8,30,2,0.00000,0.00000,0.00000,0.00000,0.00000
119.322,1,119422.000,164265,192000,3999.812,120.0,8,30,2,0.00000,0.00000,0.00000,0.00000,0.00000
119.322,2,118827.000,135699,192000,3999.938,120.0,8,30,2,0.00000,0.00000,0.00000,0.00000,0.00000
119.424,0,119226.000,154849,192000,3999.979,120.0,8,30,2,0.00000,0.00000,0.00000,0.00000,0.00000
119.424,1,119523.000,169144,192000,3999.167,120.0,8,30,2,0.00000,0.00000,0.00000,0.00000,0.00000
119.424,2,118928.000,140553,192000,3999.812,120.0,8,30,2,0.00000,0.00000,0.00000,0.00000,0.00000
119.527,0,119328.000,159783,192000,3999.188,120.0,8,30,2,0.00000,0.00000,0.00000,0.00000,0.00000
119.527,1,119626.000,174091,192000,3999.104,120.0,8,30,2,0.00000,0.00000,0.00000,0.00000,0.00000
119.527,2,119030.000,145476,192000,3999.250,120.0,8,30,2,0.00000,0.00000,0.00000,0.00000,0.00000
119.629,0,119430.000,164680,192000,3999.167,120.0,8,30,2,0.00000,0.00000,0.00000,0.00000,0.00000
119.629,1,119729.000,179000,192000,3999.833,120.0,8,30,2,0.00000,0.00000,0.00000,0.00000,0.00000
119.629,2,119132.000,150361,192000,3999.479,120.0,8,30,2,0.00000,0.00000,0.00000,0.00000,0.00000
119.729,0,119531.000,169515,192000,3999.438,120.0,8,30,2,0.00000,0.00000,0.00000,0.00000,0.00000
119.729,1,119830.000,183847,192000,3999.854,120.0,8,30,2,0.00000,0.00000,0.00000,0.00000,0.00000
119.729,2,119233.000,155184,192000,0.000,120.0,8,30,2,0.00000,0.00000,0.00000,0.00000,0.00000
119.830,0,119631.000,174326,192000,3999.208,120.0,8,30,2,0.00000,0.00000,0.00000,0.00000,0.00000
119.830,1,119930.000,188670,192000,3999.375,120.0,8,30,2,0.00000,0.00000,0.00000,0.00000,0.00000
119.830,2,119332.000,159983,192000,3999.021,120.0,8,30,2,0.00000,0.00000,0.00000,0.00000,0.00000
119.932,0,119733.000,179221,192000,3999.229,120.0,8,30,2,0.00000,0.00000,0.00000,0.00000,0.00000
119.932,1,120032.000,1577,192000,3999.146,120.0,8,31,2,0.00000,0.00000,0.00000,0.00000,0.00000
119.932,2,119434.000,164865,192000,3999.312,120.0,8,30,2,0.00000,0.00000,0.00000,0.00000,0.00000
