t_s,idx,spos_ms,interval_pos,interval_len,interval_phase_ms,bpm,bpi,loop,nusers,remote_peak,upk0,upk1,upk2,upk3
0.100,0,87.000,4205,192000,3999.396,120.0,8,1,2,0.00000,0.00000,0.00000,0.00000,0.00000
0.100,1,87.000,4205,192000,3999.396,120.0,8,1,2,0.00000,0.00000,0.00000,0.00000,0.00000
0.202,0,189.000,9093,192000,3999.562,120.0,8,1,2,0.00000,0.00000,0.00000,0.00000,0.00000
0.202,1,189.000,9093,192000,3999.562,120.0,8,1,2,0.00000,0.00000,0.00000,0.00000,0.00000
0.303,0,290.000,13946,192000,3999.458,120.0,8,1,2,0.00000,0.00000,0.00000,0.00000,0.00000
0.303,1,290.000,13946,192000,3999.458,120.0,8,1,2,0.00000,0.00000,0.00000,0.00000,0.00000
0.405,0,392.000,18826,192000,3999.792,120.0,8,1,2,0.00000,0.00000,0.00000,0.00000,0.00000
0.405,1,392.000,18826,192000,3999.792,120.0,8,1,2,0.00000,0.00000,0.00000,0.00000,0.00000
0.506,0,493.000,23699,192000,3999.271,120.0,8,1,2,0.00000,0.00000,0.00000,0.00000,0.00000
0.506,1,493.000,23699,192000,3999.271,120.0,8,1,2,0.00000,0.00000,0.00000,0.00000,0.00000
0.607,0,594.000,28523,192000,3999.771,120.0,8,1,2,0.00000,0.00000,0.00000,0.00000,0.00000
0.607,1,594.000,28523,192000,3999.771,120.0,8,1,2,0.00000,0.00000,0.00000,0.00000,0.00000
0.708,0,695.000,33360,192000,0.000,120.0,8,1,2,0.00000,0.00000,0.00000,0.00000,0.00000
0.708,1,695.000,33360,192000,0.000,120.0,8,1,2,0.00000,0.00000,0.00000,0.00000,0.00000
0.808,0,795.000,38203,192000,3999.104,120.0,8,1,2,0.00000,0.00000,0.00000,0.00000,0.00000
0.808,1,795.000,38203,192000,3999.104,120.0,8,1,2,0.00000,0.00000,0.00000,0.00000,0.00000
0.910,0,897.000,43058,192000,3999.958,120.0,8,1,2,0.00000,0.00000,0.00000,0.00000,0.00000
0.910,1,897.000,43058,192000,3999.958,120.0,8,1,2,0.00000,0.00000,0.00000,0.00000,0.00000
1.011,0,998.000,47930,192000,3999.458,120.0,8,1,2,0.00000,0.00000,0.00000,0.00000,0.00000
1.011,1,998.000,47930,192000,3999.458,120.0,8,1,2,0.00000,0.00000,0.00000,0.00000,0.00000
1.111,0,1098.000,52738,192000,3999.292,120.0,8,1,2,0.00000,0.00000,0.00000,0.00000,0.00000
1.111,1,1098.000,52738,192000,3999.292,120.0,8,1,2,0.00000,0.00000,0.00000,0.00000,0.00000
1.211,0,1198.000,57550,192000,3999.042,120.0,8,1,2,0.00000,0.00000,0.00000,0.00000,0.00000
1.211,1,1198.000,57550,192000,3999.042,120.0,8,1,2,0.00000,0.00000,0.00000,0.00000,0.00000
1.312,0,1299.000,62366,192000,3999.708,120.0,8,1,2,0.00000,0.00000,0.00000,0.00000,0.00000
1.312,1,1299.000,62366,192000,3999.708,120.0,8,1,2,0.00000,0.00000,0.00000,0.00000,0.00000
1.413,0,1400.000,67245,192000,3999.062,120.0,8,1,2,0.00000,0.00000,0.00000,0.00000,0.00000
1.413,1,1400.000,67245,192000,3999.062,120.0,8,1,2,0.00000,0.00000,0.00000,0.00000,0.00000
1.515,0,1502.000,72139,192000,3999.104,120.0,8,1,2,0.00000,0.00000,0.00000,0.00000,0.00000
1.515,1,1502.000,72139,192000,3999.104,120.0,8,1,2,0.00000,0.00000,0.00000,0.00000,0.00000
1.615,0,1602.000,76943,192000,3999.021,120.0,8,1,2,0.00000,0.00000,0.00000,0.00000,0.00000
1.615,1,1602.000,76943,192000,3999.021,120.0,8,1,2,0.00000,0.00000,0.00000,0.00000,0.00000
1.716,0,1703.000,81783,192000,3999.188,120.0,8,1,2,0.00000,0.00000,0.00000,0.00000,0.00000
1.716,1,1703.000,81783,192000,3999.188,120.0,8,1,2,0.00000,0.00000,0.00000,0.00000,0.00000
1.816,0,1803.000,86586,192000,3999.125,120.0,8,1,2,0.00000,0.00000,0.00000,0.00000,0.00000
1.816,1,1803.000,86586,192000,3999.125,120.0,8,1,2,0.00000,0.00000,0.00000,0.00000,0.00000
1.918,0,1905.000,91460,192000,3999.583,120.0,8,1,2,0.00000,0.00000,0.00000,0.00000,0.00000
1.918,1,1905.000,91460,192000,3999.583,120.0,8,1,2,0.00000,0.00000,0.00000,0.00000,0.00000
2.018,0,2005.000,96270,192000,3999.375,120.0,8,1,2,0.00000,0.00000,0.00000,0.00000,0.00000
2.018,1,2005.000,96270,192000,3999.375,120.0,8,1,2,0.00000,0.00000,0.00000,0.00000,0.00000
2.120,0,2107.000,101182,192000,3999.042,120.0,8,1,2,0.00000,0.00000,0.00000,0.00000,0.00000
2.120,1,2107.000,101182,192000,3999.042,120.0,8,1,2,0.00000,0.00000,0.00000,0.00000,0.00000
2.221,0,2208.000,106022,192000,3999.208,120.0,8,1,2,0.00000,0.00000,0.00000,0.00000,0.00000
2.221,1,2208.000,106022,192000,3999.208,120.0,8,1,2,0.00000,0.00000,0.00000,0.00000,0.00000
2.323,0,2310.000,110891,192000,3999.771,120.0,8,1,2,0.00000,0.00000,0.00000,0.00000,0.00000
2.323,1,2310.000,110891,192000,3999.771,120.0,8,1,2,0.00000,0.00000,0.00000,0.00000,0.00000
2.424,0,2411.000,115738,192000,3999.792,120.0,8,1,2,0.00000,0.00000,0.00000,0.00000,0.00000
2.424,1,2411.000,115738,192000,3999.792,120.0,8,1,2,0.00000,0.00000,0.00000,0.00000,0.00000
2.524,0,2511.000,120570,192000,3999.125,120.0,8,1,2,0.00000,0.00000,0.00000,0.00000,0.00000
2.524,1,2511.000,120570,192000,3999.125,120.0,8,1,2,0.00000,0.00000,0.00000,0.00000,0.00000
2.625,0,2612.000,125419,192000,3999.104,120.0,8,1,2,0.00000,0.00000,0.00000,0.00000,0.00000
2.625,1,2612.000,125419,192000,3999.104,120.0,8,1,2,0.00000,0.00000,0.00000,0.00000,0.00000
2.727,0,2714.000,130278,192000,3999.875,120.0,8,1,2,0.00000,0.00000,0.00000,0.00000,0.00000
2.727,1,2714.000,130278,192000,3999.875,120.0,8,1,2,0.00000,0.00000,0.00000,0.00000,0.00000
2.828,0,2815.000,135141,192000,3999.562,120.0,8,1,2,0.00000,0.00000,0.00000,0.00000,0.00000
2.828,1,2815.000,135141,192000,3999.562,120.0,8,1,2,0.00000,0.00000,0.00000,0.00000,0.00000
2.929,0,2916.000,140010,192000,3999.125,120.0,8,1,2,0.00000,0.00000,0.00000,0.00000,0.00000
2.929,1,2916.000,140010,192000,3999.125,120.0,8,1,2,0.00000,0.00000,0.00000,0.00000,0.00000
3.030,0,3017.000,144827,192000,3999.771,120.0,8,1,2,0.00000,0.00000,0.00000,0.00000,0.00000
3.030,1,3017.000,144827,192000,3999.771,120.0,8,1,2,0.00000,0.00000,0.00000,0.00000,0.00000
3.132,0,3119.000,149729,192000,3999.646,120.0,8,1,2,0.00000,0.00000,0.00000,0.00000,0.00000
3.132,1,3119.000,149729,192000,3999.646,120.0,8,1,2,0.00000,0.00000,0.00000,0.00000,0.00000
3.233,0,3220.000,154596,192000,3999.250,120.0,8,1,2,0.00000,0.00000,0.00000,0.00000,0.00000
3.233,1,3220.000,154596,192000,3999.250,120.0,8,1,2,0.00000,0.00000,0.00000,0.00000,0.00000
3.335,0,3322.000,159469,192000,3999.729,120.0,8,1,2,0.00000,0.00000,0.00000,0.00000,0.00000
3.335,1,3322.000,159469,192000,3999.729,120.0,8,1,2,0.00000,0.00000,0.00000,0.00000,0.00000
3.436,0,3423.000,164317,192000,3999.729,120.0,8,1,2,0.00000,0.00000,0.00000,0.00000,0.00000
3.436,1,3423.000,164317,192000,3999.729,120.0,8,1,2,0.00000,0.00000,0.00000,0.00000,0.00000
3.539,0,3526.000,169268,192000,3999.583,120.0,8,1,2,0.00000,0.00000,0.00000,0.00000,0.00000
3.539,1,3526.000,169268,192000,3999.583,120.0,8,1,2,0.00000,0.00000,0.00000,0.00000,0.00000
3.641,0,3628.000,174165,192000,3999.562,120.0,8,1,2,0.00000,0.00000,0.00000,0.00000,0.00000
3.641,1,3628.000,174165,192000,3999.562,120.0,8,1,2,0.00000,0.00000,0.00000,0.00000,0.00000
3.742,0,3729.000,178993,192000,3999.979,120.0,8,1,2,0.00000,0.00000,0.00000,0.00000,0.00000
3.742,1,3729.000,178993,192000,3999.979,120.0,8,1,2,0.00000,0.00000,0.00000,0.00000,0.00000
3.843,0,3830.000,183854,192000,3999.708,120.0,8,1,2,0.00000,0.00000,0.00000,0.00000,0.00000
3.843,1,3830.000,183854,192000,3999.708,120.0,8,1,2,0.00000,0.00000,0.00000,0.00000,0.00000
3.944,0,3931.000,188707,192000,3999.604,120.0,8,1,2,0.00000,0.00000,0.00000,0.00000,0.00000
3.944,1,3931.000,188707,192000,3999.604,120.0,8,1,2,0.00000,0.00000,0.00000,0.00000,0.00000
4.044,0,4031.000,1530,192000,3999.125,120.0,8,2,2,0.00000,0.00000,0.00000,0.00000,0.00000
4.044,1,4031.000,1530,192000,3999.125,120.0,8,2,2,0.00000,0.00000,0.00000,0.00000,0.00000
4.044,2,48.000,2325,192000,3999.562,120.0,8,1,2,0.00000,0.00000,0.00000,0.00000,0.00000
4.147,0,4134.000,6448,192000,3999.667,120.0,8,2,2,0.00000,0.00000,0.00000,0.00000,0.00000
4.147,1,4134.000,6448,192000,3999.667,120.0,8,2,2,0.00000,0.00000,0.00000,0.00000,0.00000
4.147,2,150.000,7243,192000,3999.104,120.0,8,1,2,0.00000,0.00000,0.00000,0.00000,0.00000
4.248,0,4235.000,11319,192000,3999.188,120.0,8,2,2,0.00000,0.00000,0.00000,0.00000,0.00000
4.248,1,4235.000,11319,192000,3999.188,120.0,8,2,2,0.00000,0.00000,0.00000,0.00000,0.00000
4.248,2,252.000,12114,192000,3999.625,120.0,8,1,2,0.00000,0.00000,0.00000,0.00000,0.00000
4.350,0,4337.000,16221,192000,3999.062,120.0,8,2,2,0.00000,0.00000,0.00000,0.00000,0.00000
4.350,1,4337.000,16221,192000,3999.062,120.0,8,2,2,0.00000,0.00000,0.00000,0.00000,0.00000
4.350,2,354.000,17016,192000,3999.500,120.0,8,1,2,0.00000,0.00000,0.00000,0.00000,0.00000
4.453,0,4440.000,21128,192000,3999.833,120.0,8,2,2,0.00000,0.00000,0.00000,0.00000,0.00000
4.453,1,4440.000,21128,192000,3999.833,120.0,8,2,2,0.00000,0.00000,0.00000,0.00000,0.00000
4.453,2,456.000,21923,192000,3999.271,120.0,8,1,2,0.00000,0.00000,0.00000,0.00000,0.00000
4.553,0,4540.000,25954,192000,3999.292,120.0,8,2,2,0.00000,0.00000,0.00000,0.00000,0.00000
4.553,1,4540.000,25954,192000,3999.292,120.0,8,2,2,0.00000,0.00000,0.00000,0.00000,0.00000
4.553,2,557.000,26749,192000,3999.729,120.0,8,1,2,0.00000,0.00000,0.00000,0.00000,0.00000
4.656,0,4643.000,30891,192000,3999.438,120.0,8,2,2,0.00000,0.00000,0.00000,0.00000,0.00000
4.656,1,4643.000,30891,192000,3999.438,120.0,8,2,2,0.00000,0.00000,0.00000,0.00000,0.00000
4.656,2,660.000,31686,192000,3999.875,120.0,8,1,2,0.00000,0.00000,0.00000,0.00000,0.00000
4.757,0,4744.000,35748,192000,3999.250,120.0,8,2,2,0.00000,0.00000,0.00000,0.00000,0.00000
4.757,1,4744.000,35748,192000,3999.250,120.0,8,2,2,0.00000,0.00000,0.00000,0.00000,0.00000
4.757,2,761.000,36543,192000,3999.688,120.0,8,1,2,0.00000,0.00000,0.00000,0.00000,0.00000
4.858,0,4845.000,40580,192000,3999.583,120.0,8,2,2,0.00000,0.00000,0.00000,0.00000,0.00000
4.858,1,4845.000,40580,192000,3999.583,120.0,8,2,2,0.00000,0.00000,0.00000,0.00000,0.00000
4.858,2,861.000,41375,192000,3999.021,120.0,8,1,2,0.00000,0.00000,0.00000,0.00000,0.00000
4.959,0,4946.000,45423,192000,3999.688,120.0,8,2,2,0.00000,0.00000,0.00000,0.00000,0.00000
4.959,1,4946.000,45423,192000,3999.688,120.0,8,2,2,0.00000,0.00000,0.00000,0.00000,0.00000
4.959,2,962.000,46218,192000,3999.125,120.0,8,1,2,0.00000,0.00000,0.00000,0.00000,0.00000
5.061,0,5048.000,50327,192000,3999.521,120.0,8,2,2,0.00000,0.00000,0.00000,0.00000,0.00000
5.061,1,5048.000,50327,192000,3999.521,120.0,8,2,2,0.00000,0.00000,0.00000,0.00000,0.00000
5.061,2,1065.000,51122,192000,3999.958,120.0,8,1,2,0.00000,0.00000,0.00000,0.00000,0.00000
5.162,0,5149.000,55182,192000,3999.375,120.0,8,2,2,0.00000,0.00000,0.00000,0.00000,0.00000
5.162,1,5149.000,55182,192000,3999.375,120.0,8,2,2,0.00000,0.00000,0.00000,0.00000,0.00000
5.162,2,1166.000,55977,192000,3999.812,120.0,8,1,2,0.00000,0.00000,0.00000,0.00000,0.00000
5.263,0,5250.000,60007,192000,3999.854,120.0,8,2,2,0.00000,0.00000,0.00000,0.00000,0.00000
5.263,1,5250.000,60007,192000,3999.854,120.0,8,2,2,0.00000,0.00000,0.00000,0.00000,0.00000
5.263,2,1266.000,60802,192000,3999.292,120.0,8,1,2,0.00000,0.00000,0.00000,0.00000,0.00000
5.365,0,5352.000,64896,192000,0.000,120.0,8,2,2,0.00000,0.00000,0.00000,0.00000,0.00000
5.365,1,5352.000,64896,192000,0.000,120.0,8,2,2,0.00000,0.00000,0.00000,0.00000,0.00000
5.365,2,1368.000,65691,192000,3999.438,120.0,8,1,2,0.00000,0.00000,0.00000,0.00000,0.00000
5.466,0,5453.000,69775,192000,3999.354,120.0,8,2,2,0.00000,0.00000,0.00000,0.00000,0.00000
5.466,1,5453.000,69775,192000,3999.354,120.0,8,2,2,0.00000,0.00000,0.00000,0.00000,0.00000
5.466,2,1470.000,70570,192000,3999.792,120.0,8,1,2,0.00000,0.00000,0.00000,0.00000,0.00000
5.567,0,5554.000,74602,192000,3999.792,120.0,8,2,2,0.00000,0.00000,0.00000,0.00000,0.00000
5.567,1,5554.000,74602,192000,3999.792,120.0,8,2,2,0.00000,0.00000,0.00000,0.00000,0.00000
5.567,2,1570.000,75397,192000,3999.229,120.0,8,1,2,0.00000,0.00000,0.00000,0.00000,0.00000
5.668,0,5655.000,79458,192000,3999.625,120.0,8,2,2,0.00000,0.00000,0.00000,0.00000,0.00000
5.668,1,5655.000,79458,192000,3999.625,120.0,8,2,2,0.00000,0.00000,0.00000,0.00000,0.00000
5.668,2,1671.000,80253,192000,3999.062,120.0,8,1,2,0.00000,0.00000,0.00000,0.00000,0.00000
5.768,0,5755.000,84273,192000,3999.312,120.0,8,2,2,0.00000,0.00000,0.00000,0.00000,0.00000
5.768,1,5755.000,84273,192000,3999.312,120.0,8,2,2,0.00000,0.00000,0.00000,0.00000,0.00000
5.768,2,1772.000,85068,192000,3999.750,120.0,8,1,2,0.00000,0.00000,0.00000,0.00000,0.00000
5.869,0,5856.000,89099,192000,3999.771,120.0,8,2,2,0.00000,0.00000,0.00000,0.00000,0.00000
5.869,1,5856.000,89099,192000,3999.771,120.0,8,2,2,0.00000,0.00000,0.00000,0.00000,0.00000
5.869,2,1872.000,89894,192000,3999.208,120.0,8,1,2,0.00000,0.00000,0.00000,0.00000,0.00000
5.970,0,5957.000,93959,192000,3999.521,120.0,8,2,2,0.00000,0.00000,0.00000,0.00000,0.00000
5.970,1,5957.000,93959,192000,3999.521,120.0,8,2,2,0.00000,0.00000,0.00000,0.00000,0.00000
5.970,2,1974.000,94754,192000,3999.958,120.0,8,1,2,0.00000,0.00000,0.00000,0.00000,0.00000
6.072,0,6059.000,98837,192000,3999.896,120.0,8,2,2,0.00000,0.00000,0.00000,0.00000,0.00000
6.072,1,6059.000,98837,192000,3999.896,120.0,8,2,2,0.00000,0.00000,0.00000,0.00000,0.00000
6.072,2,2075.000,99632,192000,3999.333,120.0,8,1,2,0.00000,0.00000,0.00000,0.00000,0.00000
6.174,0,6161.000,103774,192000,3999.042,120.0,8,2,2,0.00000,0.00000,0.00000,0.00000,0.00000
6.174,1,6161.000,103774,192000,3999.042,120.0,8,2,2,0.00000,0.00000,0.00000,0.00000,0.00000
6.174,2,2178.000,104569,192000,3999.479,120.0,8,1,2,0.00000,0.00000,0.00000,0.00000,0.00000
6.275,0,6262.000,108621,192000,3999.062,120.0,8,2,2,0.00000,0.00000,0.00000,0.00000,0.00000
6.275,1,6262.000,108621,192000,3999.062,120.0,8,2,2,0.00000,0.00000,0.00000,0.00000,0.00000
6.275,2,2279.000,109416,192000,3999.500,120.0,8,1,2,0.00000,0.00000,0.00000,0.00000,0.00000
6.377,0,6364.000,113498,192000,3999.458,120.0,8,2,2,0.00000,0.00000,0.00000,0.00000,0.00000
6.377,1,6364.000,113498,192000,3999.458,120.0,8,2,2,0.00000,0.00000,0.00000,0.00000,0.00000
6.377,2,2381.000,114293,192000,3999.896,120.0,8,1,2,0.00000,0.00000,0.00000,0.00000,0.00000
6.480,0,6467.000,118421,192000,3999.896,120.0,8,2,2,0.00000,0.00000,0.00000,0.00000,0.00000
6.480,1,6467.000,118421,192000,3999.896,120.0,8,2,2,0.00000,0.00000,0.00000,0.00000,0.00000
6.480,2,2483.000,119216,192000,3999.333,120.0,8,1,2,0.00000,0.00000,0.00000,0.00000,0.00000
6.582,0,6569.000,123321,192000,3999.812,120.0,8,2,2,0.00000,0.00000,0.00000,0.00000,0.00000
6.582,1,6569.000,123321,192000,3999.812,120.0,8,2,2,0.00000,0.00000,0.00000,0.00000,0.00000
6.582,2,2585.000,124116,192000,3999.250,120.0,8,1,2,0.00000,0.00000,0.00000,0.00000,0.00000
6.684,0,6671.000,128239,192000,3999.354,120.0,8,2,2,0.00000,0.00000,0.00000,0.00000,0.00000
6.684,1,6671.000,128239,192000,3999.354,120.0,8,2,2,0.00000,0.00000,0.00000,0.00000,0.00000
6.684,2,2688.000,129034,192000,3999.792,120.0,8,1,2,0.00000,0.00000,0.00000,0.00000,0.00000
6.786,0,6773.000,133140,192000,3999.250,120.0,8,2,2,0.00000,0.00000,0.00000,0.00000,0.00000
6.786,1,6773.000,133140,192000,3999.250,120.0,8,2,2,0.00000,0.00000,0.00000,0.00000,0.00000
6.786,2,2790.000,133935,192000,3999.688,120.0,8,1,2,0.00000,0.00000,0.00000,0.00000,0.00000
6.889,0,6876.000,138081,192000,3999.312,120.0,8,2,2,0.00000,0.00000,0.00000,0.00000,0.00000
6.889,1,6876.000,138081,192000,3999.312,120.0,8,2,2,0.00000,0.00000,0.00000,0.00000,0.00000
6.889,2,2893.000,138876,192000,3999.750,120.0,8,1,2,0.00000,0.00000,0.00000,0.00000,0.00000
6.990,0,6977.000,142925,192000,3999.396,120.0,8,2,2,0.00000,0.00000,0.00000,0.00000,0.00000
6.990,1,6977.000,142925,192000,3999.396,120.0,8,2,2,0.00000,0.00000,0.00000,0.00000,0.00000
6.990,2,2994.000,143720,192000,3999.833,120.0,8,1,2,0.00000,0.00000,0.00000,0.00000,0.00000
7.092,0,7079.000,147830,192000,3999.208,120.0,8,2,2,0.00000,0.00000,0.00000,0.00000,0.00000
7.092,1,7079.000,147830,192000,3999.208,120.0,8,2,2,0.00000,0.00000,0.00000,0.00000,0.00000
7.092,2,3096.000,148625,192000,3999.646,120.0,8,1,2,0.00000,0.00000,0.00000,0.00000,0.00000
7.193,0,7180.000,152648,192000,3999.833,120.0,8,2,2,0.00000,0.00000,0.00000,0.00000,0.00000
7.193,1,7180.000,152648,192000,3999.833,120.0,8,2,2,0.00000,0.00000,0.00000,0.00000,0.00000
7.193,2,3196.000,153443,192000,3999.271,120.0,8,1,2,0.00000,0.00000,0.00000,0.00000,0.00000
7.296,0,7283.000,157584,192000,0.000,120.0,8,2,2,0.00000,0.00000,0.00000,0.00000,0.00000
7.296,1,7283.000,157584,192000,0.000,120.0,8,2,2,0.00000,0.00000,0.00000,0.00000,0.00000
7.296,2,3299.000,158379,192000,3999.438,120.0,8,1,2,0.00000,0.00000,0.00000,0.00000,0.00000
7.397,0,7384.000,162460,192000,3999.417,120.0,8,2,2,0.00000,0.00000,0.00000,0.00000,0.00000
7.397,1,7384.000,162460,192000,3999.417,120.0,8,2,2,0.00000,0.00000,0.00000,0.00000,0.00000
7.397,2,3401.000,163255,192000,3999.854,120.0,8,1,2,0.00000,0.00000,0.00000,0.00000,0.00000
7.497,0,7484.000,167279,192000,3999.021,120.0,8,2,2,0.00000,0.00000,0.00000,0.00000,0.00000
7.497,1,7484.000,167279,192000,3999.021,120.0,8,2,2,0.00000,0.00000,0.00000,0.00000,0.00000
7.497,2,3501.000,168074,192000,3999.458,120.0,8,1,2,0.00000,0.00000,0.00000,0.00000,0.00000
7.600,0,7587.000,172216,192000,3999.167,120.0,8,2,2,0.00000,0.00000,0.00000,0.00000,0.00000
7.600,1,7587.000,172216,192000,3999.167,120.0,8,2,2,0.00000,0.00000,0.00000,0.00000,0.00000
7.600,2,3604.000,173011,192000,3999.604,120.0,8,1,2,0.00000,0.00000,0.00000,0.00000,0.00000
7.703,0,7690.000,177128,192000,3999.833,120.0,8,2,2,0.00000,0.00000,0.00000,0.00000,0.00000
7.703,1,7690.000,177128,192000,3999.833,120.0,8,2,2,0.00000,0.00000,0.00000,0.00000,0.00000
7.703,2,3706.000,177923,192000,3999.271,120.0,8,1,2,0.00000,0.00000,0.00000,0.00000,0.00000
7.803,0,7790.000,181961,192000,3999.146,120.0,8,2,2,0.00000,0.00000,0.00000,0.00000,0.00000
7.803,1,7790.000,181961,192000,3999.146,120.0,8,2,2,0.00000,0.00000,0.00000,0.00000,0.00000
7.803,2,3807.000,182756,192000,3999.583,120.0,8,1,2,0.00000,0.00000,0.00000,0.00000,0.00000
7.905,0,7892.000,186820,192000,3999.917,120.0,8,2,2,0.00000,0.00000,0.00000,0.00000,0.00000
7.905,1,7892.000,186820,192000,3999.917,120.0,8,2,2,0.00000,0.00000,0.00000,0.00000,0.00000
7.905,2,3908.000,187615,192000,3999.354,120.0,8,1,2,0.00000,0.00000,0.00000,0.00000,0.00000
8.005,0,7992.000,191657,192000,3999.146,120.0,8,2,2,0.00000,0.00000,0.00000,0.00000,0.00000
8.005,1,7992.000,191657,192000,3999.146,120.0,8,2,2,0.00000,0.00000,0.00000,0.00000,0.00000
8.005,2,4009.000,452,192000,3999.583,120.0,8,2,2,0.00000,0.00000,0.00000,0.00000,0.00000
8.108,0,8095.000,4604,192000,3999.083,120.0,8,3,2,0.00000,0.00000,0.00000,0.00000,0.00000
8.108,1,8095.000,4604,192000,3999.083,120.0,8,3,2,0.00000,0.00000,0.00000,0.00000,0.00000
8.108,2,4112.000,5399,192000,3999.521,120.0,8,2,2,0.00000,0.00000,0.00000,0.00000,0.00000
8.209,0,8196.000,9425,192000,3999.646,120.0,8,3,2,0.00000,0.00000,0.00000,0.00000,0.00000
8.209,1,8196.000,9425,192000,3999.646,120.0,8,3,2,0.00000,0.00000,0.00000,0.00000,0.00000
8.209,2,4212.000,10220,192000,3999.083,120.0,8,2,2,0.00000,0.00000,0.00000,0.00000,0.00000
8.310,0,8297.000,14288,192000,3999.333,120.0,8,3,2,0.00000,0.00000,0.00000,0.00000,0.00000
8.310,1,8297.000,14288,192000,3999.333,120.0,8,3,2,0.00000,0.00000,0.00000,0.00000,0.00000
8.310,2,4314.000,15083,192000,3999.771,120.0,8,2,2,0.00000,0.00000,0.00000,0.00000,0.00000
8.413,0,8400.000,19229,192000,3999.396,120.0,8,3,2,0.00000,0.00000,0.00000,0.00000,0.00000
8.413,1,8400.000,19229,192000,3999.396,120.0,8,3,2,0.00000,0.00000,0.00000,0.00000,0.00000
8.413,2,4417.000,20024,192000,3999.833,120.0,8,2,2,0.00000,0.00000,0.00000,0.00000,0.00000
8.514,0,8501.000,24068,192000,3999.583,120.0,8,3,2,0.00000,0.00000,0.00000,0.00000,0.00000
8.514,1,8501.000,24068,192000,3999.583,120.0,8,3,2,0.00000,0.00000,0.00000,0.00000,0.00000
8.514,2,4517.000,24863,192000,3999.021,120.0,8,2,2,0.00000,0.00000,0.00000,0.00000,0.00000
8.617,0,8604.000,29003,192000,3999.771,120.0,8,3,2,0.00000,0.00000,0.00000,0.00000,0.00000
8.617,1,8604.000,29003,192000,3999.771,120.0,8,3,2,0.00000,0.00000,0.00000,0.00000,0.00000
8.617,2,4620.000,29798,192000,3999.208,120.0,8,2,2,0.00000,0.00000,0.00000,0.00000,0.00000
8.718,0,8705.000,33868,192000,3999.417,120.0,8,3,2,0.00000,0.00000,0.00000,0.00000,0.00000
8.718,1,8705.000,33868,192000,3999.417,120.0,8,3,2,0.00000,0.00000,0.00000,0.00000,0.00000
8.718,2,4722.000,34663,192000,3999.854,120.0,8,2,2,0.00000,0.00000,0.00000,0.00000,0.00000
8.820,0,8807.000,38776,192000,3999.167,120.0,8,3,2,0.00000,0.00000,0.00000,0.00000,0.00000
8.820,1,8807.000,38776,192000,3999.167,120.0,8,3,2,0.00000,0.00000,0.00000,0.00000,0.00000
8.820,2,4824.000,39571,192000,3999.604,120.0,8,2,2,0.00000,0.00000,0.00000,0.00000,0.00000
8.923,0,8910.000,43681,192000,3999.979,120.0,8,3,2,0.00000,0.00000,0.00000,0.00000,0.00000
8.923,1,8910.000,43681,192000,3999.979,120.0,8,3,2,0.00000,0.00000,0.00000,0.00000,0.00000
8.923,2,4926.000,44476,192000,3999.417,120.0,8,2,2,0.00000,0.00000,0.00000,0.00000,0.00000
9.025,0,9012.000,48580,192000,3999.917,120.0,8,3,2,0.00000,0.00000,0.00000,0.00000,0.00000
9.025,1,9012.000,48580,192000,3999.917,120.0,8,3,2,0.00000,0.00000,0.00000,0.00000,0.00000
9.025,2,5028.000,49375,192000,3999.354,120.0,8,2,2,0.00000,0.00000,0.00000,0.00000,0.00000
9.125,0,9112.000,53385,192000,3999.812,120.0,8,3,2,0.00000,0.00000,0.00000,0.00000,0.00000
9.125,1,9112.000,53385,192000,3999.812,120.0,8,3,2,0.00000,0.00000,0.00000,0.00000,0.00000
9.125,2,5128.000,54180,192000,3999.250,120.0,8,2,2,0.00000,0.00000,0.00000,0.00000,0.00000
9.227,0,9214.000,58299,192000,3999.438,120.0,8,3,2,0.00000,0.00000,0.00000,0.00000,0.00000
9.227,1,9214.000,58299,192000,3999.438,120.0,8,3,2,0.00000,0.00000,0.00000,0.00000,0.00000
9.227,2,5231.000,59094,192000,3999.875,120.0,8,2,2,0.00000,0.00000,0.00000,0.00000,0.00000
9.329,0,9316.000,63168,192000,0.000,120.0,8,3,2,0.00000,0.00000,0.00000,0.00000,0.00000
9.329,1,9316.000,63168,192000,0.000,120.0,8,3,2,0.00000,0.00000,0.00000,0.00000,0.00000
9.329,2,5332.000,63963,192000,3999.438,120.0,8,2,2,0.00000,0.00000,0.00000,0.00000,0.00000
9.431,0,9418.000,68090,192000,3999.458,120.0,8,3,2,0.00000,0.00000,0.00000,0.00000,0.00000
9.431,1,9418.000,68090,192000,3999.458,120.0,8,3,2,0.00000,0.00000,0.00000,0.00000,0.00000
9.431,2,5435.000,68885,192000,3999.896,120.0,8,2,2,0.00000,0.00000,0.00000,0.00000,0.00000
9.532,0,9519.000,72957,192000,3999.062,120.0,8,3,2,0.00000,0.00000,0.00000,0.00000,0.00000
9.532,1,9519.000,72957,192000,3999.062,120.0,8,3,2,0.00000,0.00000,0.00000,0.00000,0.00000
9.532,2,5536.000,73752,192000,3999.500,120.0,8,2,2,0.00000,0.00000,0.00000,0.00000,0.00000
9.633,0,9620.000,77807,192000,3999.021,120.0,8,3,2,0.00000,0.00000,0.00000,0.00000,0.00000
9.633,1,9620.000,77807,192000,3999.021,120.0,8,3,2,0.00000,0.00000,0.00000,0.00000,0.00000
9.633,2,5637.000,78602,192000,3999.458,120.0,8,2,2,0.00000,0.00000,0.00000,0.00000,0.00000
9.735,0,9722.000,82677,192000,3999.562,120.0,8,3,2,0.00000,0.00000,0.00000,0.00000,0.00000
9.735,1,9722.000,82677,192000,3999.562,120.0,8,3,2,0.00000,0.00000,0.00000,0.00000,0.00000
9.735,2,5739.000,83472,192000,0.000,120.0,8,2,2,0.00000,0.00000,0.00000,0.00000,0.00000
9.836,0,9823.000,87537,192000,3999.312,120.0,8,3,2,0.00000,0.00000,0.00000,0.00000,0.00000
9.836,1,9823.000,87537,192000,3999.312,120.0,8,3,2,0.00000,0.00000,0.00000,0.00000,0.00000
9.836,2,5840.000,88332,192000,3999.750,120.0,8,2,2,0.00000,0.00000,0.00000,0.00000,0.00000
9.937,0,9924.000,92354,192000,3999.958,120.0,8,3,2,0.00000,0.00000,0.00000,0.00000,0.00000
9.937,1,9924.000,92354,192000,3999.958,120.0,8,3,2,0.00000,0.00000,0.00000,0.00000,0.00000
9.937,2,5940.000,93149,192000,3999.396,120.0,8,2,2,0.00000,0.00000,0.00000,0.00000,0.00000
10.037,0,10024.000,97189,192000,3999.229,120.0,8,3,2,0.00000,0.00000,0.00000,0.00000,0.00000
10.037,1,10024.000,97189,192000,3999.229,120.0,8,3,2,0.00000,0.00000,0.00000,0.00000,0.00000
10.037,2,6041.000,97984,192000,3999.667,120.0,8,2,2,0.00000,0.00000,0.00000,0.00000,0.00000
10.138,0,10125.000,102005,192000,3999.896,120.0,8,3,2,0.00000,0.00000,0.00000,0.00000,0.00000
10.138,1,10125.000,102005,192000,3999.896,120.0,8,3,2,0.00000,0.00000,0.00000,0.00000,0.00000
10.138,2,6141.000,102800,192000,3999.333,120.0,8,2,2,0.00000,0.00000,0.00000,0.00000,0.00000
10.240,0,10227.000,106907,192000,3999.771,120.0,8,3,2,0.00000,0.00000,0.00000,0.00000,0.00000
10.240,1,10227.000,106907,192000,3999.771,120.0,8,3,2,0.00000,0.00000,0.00000,0.00000,0.00000
10.240,2,6243.000,107702,192000,3999.208,120.0,8,2,2,0.00000,0.00000,0.00000,0.00000,0.00000
10.341,0,10328.000,111770,192000,3999.458,120.0,8,3,2,0.00000,0.00000,0.00000,0.00000,0.00000
10.341,1,10328.000,111770,192000,3999.458,120.0,8,3,2,0.00000,0.00000,0.00000,0.00000,0.00000
10.341,2,6345.000,112565,192000,3999.896,120.0,8,2,2,0.00000,0.00000,0.00000,0.00000,0.00000
10.442,0,10429.000,116631,192000,3999.188,120.0,8,3,2,0.00000,0.00000,0.00000,0.00000,0.00000
10.442,1,10429.000,116631,192000,3999.188,120.0,8,3,2,0.00000,0.00000,0.00000,0.00000,0.00000
10.442,2,6446.000,117426,192000,3999.625,120.0,8,2,2,0.00000,0.00000,0.00000,0.00000,0.00000
10.545,0,10532.000,121541,192000,3999.896,120.0,8,3,2,0.00000,0.00000,0.00000,0.00000,0.00000
10.545,1,10532.000,121541,192000,3999.896,120.0,8,3,2,0.00000,0.00000,0.00000,0.00000,0.00000
10.545,2,6548.000,122336,192000,3999.333,120.0,8,2,2,0.00000,0.00000,0.00000,0.00000,0.00000
10.647,0,10634.000,126477,192000,3999.062,120.0,8,3,2,0.00000,0.00000,0.00000,0.00000,0.00000
10.647,1,10634.000,126477,192000,3999.062,120.0,8,3,2,0.00000,0.00000,0.00000,0.00000,0.00000
10.647,2,6651.000,127272,192000,3999.500,120.0,8,2,2,0.00000,0.00000,0.00000,0.00000,0.00000
10.750,0,10737.000,131382,192000,3999.875,120.0,8,3,2,0.00000,0.00000,0.00000,0.00000,0.00000
10.750,1,10737.000,131382,192000,3999.875,120.0,8,3,2,0.00000,0.00000,0.00000,0.00000,0.00000
10.750,2,6753.000,132177,192000,3999.312,120.0,8,2,2,0.00000,0.00000,0.00000,0.00000,0.00000
10.852,0,10839.000,136294,192000,3999.542,120.0,8,3,2,0.00000,0.00000,0.00000,0.00000,0.00000
10.852,1,10839.000,136294,192000,3999.542,120.0,8,3,2,0.00000,0.00000,0.00000,0.00000,0.00000
10.852,2,6856.000,137089,192000,3999.979,120.0,8,2,2,0.00000,0.00000,0.00000,0.00000,0.00000
10.955,0,10942.000,141227,192000,3999.771,120.0,8,3,2,0.00000,0.00000,0.00000,0.00000,0.00000
10.955,1,10942.000,141227,192000,3999.771,120.0,8,3,2,0.00000,0.00000,0.00000,0.00000,0.00000
10.955,2,6958.000,142022,192000,3999.208,120.0,8,2,2,0.00000,0.00000,0.00000,0.00000,0.00000
11.056,0,11043.000,146104,192000,3999.167,120.0,8,3,2,0.00000,0.00000,0.00000,0.00000,0.00000
11.056,1,11043.000,146104,192000,3999.167,120.0,8,3,2,0.00000,0.00000,0.00000,0.00000,0.00000
11.056,2,7060.000,146899,192000,3999.604,120.0,8,2,2,0.00000,0.00000,0.00000,0.00000,0.00000
11.157,0,11144.000,150918,192000,3999.875,120.0,8,3,2,0.00000,0.00000,0.00000,0.00000,0.00000
11.157,1,11144.000,150918,192000,3999.875,120.0,8,3,2,0.00000,0.00000,0.00000,0.00000,0.00000
11.157,2,7160.000,151713,192000,3999.312,120.0,8,2,2,0.00000,0.00000,0.00000,0.00000,0.00000
11.259,0,11246.000,155853,192000,3999.062,120.0,8,3,2,0.00000,0.00000,0.00000,0.00000,0.00000
11.259,1,11246.000,155853,192000,3999.062,120.0,8,3,2,0.00000,0.00000,0.00000,0.00000,0.00000
11.259,2,7263.000,156648,192000,3999.500,120.0,8,2,2,0.00000,0.00000,0.00000,0.00000,0.00000
11.361,0,11348.000,160705,192000,3999.979,120.0,8,3,2,0.00000,0.00000,0.00000,0.00000,0.00000
11.361,1,11348.000,160705,192000,3999.979,120.0,8,3,2,0.00000,0.00000,0.00000,0.00000,0.00000
11.361,2,7364.000,161500,192000,3999.417,120.0,8,2,2,0.00000,0.00000,0.00000,0.00000,0.00000
11.461,0,11448.000,165509,192000,3999.896,120.0,8,3,2,0.00000,0.00000,0.00000,0.00000,0.00000
11.461,1,11448.000,165509,192000,3999.896,120.0,8,3,2,0.00000,0.00000,0.00000,0.00000,0.00000
11.461,2,7464.000,166304,192000,3999.333,120.0,8,2,2,0.00000,0.00000,0.00000,0.00000,0.00000
11.561,0,11548.000,170339,192000,3999.271,120.0,8,3,2,0.00000,0.00000,0.00000,0.00000,0.00000
11.561,1,11548.000,170339,192000,3999.271,120.0,8,3,2,0.00000,0.00000,0.00000,0.00000,0.00000
11.561,2,7565.000,171134,192000,3999.708,120.0,8,2,2,0.00000,0.00000,0.00000,0.00000,0.00000
11.662,0,11649.000,175182,192000,3999.375,120.0,8,3,2,0.00000,0.00000,0.00000,0.00000,0.00000
11.662,1,11649.000,175182,192000,3999.375,120.0,8,3,2,0.00000,0.00000,0.00000,0.00000,0.00000
11.662,2,7666.000,175977,192000,3999.812,120.0,8,2,2,0.00000,0.00000,0.00000,0.00000,0.00000
11.763,0,11750.000,180019,192000,3999.604,120.0,8,3,2,0.00000,0.00000,0.00000,0.00000,0.00000
11.763,1,11750.000,180019,192000,3999.604,120.0,8,3,2,0.00000,0.00000,0.00000,0.00000,0.00000
11.763,2,7766.000,180814,192000,3999.042,120.0,8,2,2,0.00000,0.00000,0.00000,0.00000,0.00000
11.864,0,11851.000,184862,192000,3999.708,120.0,8,3,2,0.00000,0.00000,0.00000,0.00000,0.00000
11.864,1,11851.000,184862,192000,3999.708,120.0,8,3,2,0.00000,0.00000,0.00000,0.00000,0.00000
11.864,2,7867.000,185657,192000,3999.146,120.0,8,2,2,0.00000,0.00000,0.00000,0.00000,0.00000
11.966,0,11953.000,189765,192000,3999.562,120.0,8,3,2,0.00000,0.00000,0.00000,0.00000,0.00000
11.966,1,11953.000,189765,192000,3999.562,120.0,8,3,2,0.00000,0.00000,0.00000,0.00000,0.00000
11.966,2,7970.000,190560,192000,0.000,120.0,8,2,2,0.00000,0.00000,0.00000,0.00000,0.00000
12.068,0,12055.000,2674,192000,3999.292,120.0,8,4,2,0.00000,0.00000,0.00000,0.00000,0.00000
12.068,1,12055.000,2674,192000,3999.292,120.0,8,4,2,0.00000,0.00000,0.00000,0.00000,0.00000
12.068,2,8072.000,3469,192000,3999.729,120.0,8,3,2,0.00000,0.00000,0.00000,0.00000,0.00000
12.169,0,12156.000,7491,192000,3999.938,120.0,8,4,2,0.00000,0.00000,0.00000,0.00000,0.00000
12.169,1,12156.000,7491,192000,3999.938,120.0,8,4,2,0.00000,0.00000,0.00000,0.00000,0.00000
12.169,2,8172.000,8286,192000,3999.375,120.0,8,3,2,0.00000,0.00000,0.00000,0.00000,0.00000
12.269,0,12256.000,12309,192000,3999.562,120.0,8,4,2,0.00000,0.00000,0.00000,0.00000,0.00000
12.269,1,12256.000,12309,192000,3999.562,120.0,8,4,2,0.00000,0.00000,0.00000,0.00000,0.00000
12.269,2,8273.000,13104,192000,0.000,120.0,8,3,2,0.00000,0.00000,0.00000,0.00000,0.00000
12.370,0,12357.000,17172,192000,3999.250,120.0,8,4,2,0.00000,0.00000,0.00000,0.00000,0.00000
12.370,1,12357.000,17172,192000,3999.250,120.0,8,4,2,0.00000,0.00000,0.00000,0.00000,0.00000
12.370,2,8374.000,17967,192000,3999.688,120.0,8,3,2,0.00000,0.00000,0.00000,0.00000,0.00000
12.472,0,12459.000,22032,192000,0.000,120.0,8,4,2,0.00000,0.00000,0.00000,0.00000,0.00000
12.472,1,12459.000,22032,192000,0.000,120.0,8,4,2,0.00000,0.00000,0.00000,0.00000,0.00000
12.472,2,8475.000,22827,192000,3999.438,120.0,8,3,2,0.00000,0.00000,0.00000,0.00000,0.00000
12.573,0,12560.000,26882,192000,3999.958,120.0,8,4,2,0.00000,0.00000,0.00000,0.00000,0.00000
12.573,1,12560.000,26882,192000,3999.958,120.0,8,4,2,0.00000,0.00000,0.00000,0.00000,0.00000
12.573,2,8576.000,27677,192000,3999.396,120.0,8,3,2,0.00000,0.00000,0.00000,0.00000,0.00000
12.673,0,12660.000,31725,192000,3999.062,120.0,8,4,2,0.00000,0.00000,0.00000,0.00000,0.00000
12.673,1,12660.000,31725,192000,3999.062,120.0,8,4,2,0.00000,0.00000,0.00000,0.00000,0.00000
12.673,2,8677.000,32520,192000,3999.500,120.0,8,3,2,0.00000,0.00000,0.00000,0.00000,0.00000
12.776,0,12763.000,36656,192000,3999.333,120.0,8,4,2,0.00000,0.00000,0.00000,0.00000,0.00000
12.776,1,12763.000,36656,192000,3999.333,120.0,8,4,2,0.00000,0.00000,0.00000,0.00000,0.00000
12.776,2,8780.000,37451,192000,3999.771,120.0,8,3,2,0.00000,0.00000,0.00000,0.00000,0.00000
12.879,0,12866.000,41572,192000,3999.917,120.0,8,4,2,0.00000,0.00000,0.00000,0.00000,0.00000
12.879,1,12866.000,41572,192000,3999.917,120.0,8,4,2,0.00000,0.00000,0.00000,0.00000,0.00000
12.879,2,8882.000,42367,192000,3999.354,120.0,8,3,2,0.00000,0.00000,0.00000,0.00000,0.00000
12.980,0,12967.000,46443,192000,3999.438,120.0,8,4,2,0.00000,0.00000,0.00000,0.00000,0.00000
12.980,1,12967.000,46443,192000,3999.438,120.0,8,4,2,0.00000,0.00000,0.00000,0.00000,0.00000
12.980,2,8984.000,47238,192000,3999.875,120.0,8,3,2,0.00000,0.00000,0.00000,0.00000,0.00000
13.081,0,13068.000,51307,192000,3999.104,120.0,8,4,2,0.00000,0.00000,0.00000,0.00000,0.00000
13.081,1,13068.000,51307,192000,3999.104,120.0,8,4,2,0.00000,0.00000,0.00000,0.00000,0.00000
13.081,2,9085.000,52102,192000,3999.542,120.0,8,3,2,0.00000,0.00000,0.00000,0.00000,0.00000
13.183,0,13170.000,56163,192000,3999.938,120.0,8,4,2,0.00000,0.00000,0.00000,0.00000,0.00000
13.183,1,13170.000,56163,192000,3999.938,120.0,8,4,2,0.00000,0.00000,0.00000,0.00000,0.00000
13.183,2,9186.000,56958,192000,3999.375,120.0,8,3,2,0.00000,0.00000,0.00000,0.00000,0.00000
13.285,0,13272.000,61090,192000,3999.292,120.0,8,4,2,0.00000,0.00000,0.00000,0.00000,0.00000
13.285,1,13272.000,61090,192000,3999.292,120.0,8,4,2,0.00000,0.00000,0.00000,0.00000,0.00000
13.285,2,9289.000,61885,192000,3999.729,120.0,8,3,2,0.00000,0.00000,0.00000,0.00000,0.00000
13.388,0,13375.000,66008,192000,3999.833,120.0,8,4,2,0.00000,0.00000,0.00000,0.00000,0.00000
13.388,1,13375.000,66008,192000,3999.833,120.0,8,4,2,0.00000,0.00000,0.00000,0.00000,0.00000
13.388,2,9391.000,66803,192000,3999.271,120.0,8,3,2,0.00000,0.00000,0.00000,0.00000,0.00000
13.488,0,13475.000,70846,192000,3999.042,120.0,8,4,2,0.00000,0.00000,0.00000,0.00000,0.00000
13.488,1,13475.000,70846,192000,3999.042,120.0,8,4,2,0.00000,0.00000,0.00000,0.00000,0.00000
13.488,2,9492.000,71641,192000,3999.479,120.0,8,3,2,0.00000,0.00000,0.00000,0.00000,0.00000
13.591,0,13578.000,75768,192000,3999.500,120.0,8,4,2,0.00000,0.00000,0.00000,0.00000,0.00000
13.591,1,13578.000,75768,192000,3999.500,120.0,8,4,2,0.00000,0.00000,0.00000,0.00000,0.00000
13.591,2,9595.000,76563,192000,3999.938,120.0,8,3,2,0.00000,0.00000,0.00000,0.00000,0.00000
13.693,0,13680.000,80647,192000,3999.854,120.0,8,4,2,0.00000,0.00000,0.00000,0.00000,0.00000
13.693,1,13680.000,80647,192000,3999.854,120.0,8,4,2,0.00000,0.00000,0.00000,0.00000,0.00000
13.693,2,9696.000,81442,192000,3999.292,120.0,8,3,2,0.00000,0.00000,0.00000,0.00000,0.00000
13.793,0,13780.000,85478,192000,3999.208,120.0,8,4,2,0.00000,0.00000,0.00000,0.00000,0.00000
13.793,1,13780.000,85478,192000,3999.208,120.0,8,4,2,0.00000,0.00000,0.00000,0.00000,0.00000
13.793,2,9797.000,86273,192000,3999.646,120.0,8,3,2,0.00000,0.00000,0.00000,0.00000,0.00000
13.896,0,13883.000,90400,192000,3999.667,120.0,8,4,2,0.00000,0.00000,0.00000,0.00000,0.00000
13.896,1,13883.000,90400,192000,3999.667,120.0,8,4,2,0.00000,0.00000,0.00000,0.00000,0.00000
13.896,2,9899.000,91195,192000,3999.104,120.0,8,3,2,0.00000,0.00000,0.00000,0.00000,0.00000
13.997,0,13984.000,95235,192000,3999.938,120.0,8,4,2,0.00000,0.00000,0.00000,0.00000,0.00000
13.997,1,13984.000,95235,192000,3999.938,120.0,8,4,2,0.00000,0.00000,0.00000,0.00000,0.00000
13.997,2,10000.000,96030,192000,3999.375,120.0,8,3,2,0.00000,0.00000,0.00000,0.00000,0.00000
14.099,0,14086.000,100144,192000,3999.667,120.0,8,4,2,0.00000,0.00000,0.00000,0.00000,0.00000
14.099,1,14086.000,100144,192000,3999.667,120.0,8,4,2,0.00000,0.00000,0.00000,0.00000,0.00000
14.099,2,10102.000,100939,192000,3999.104,120.0,8,3,2,0.00000,0.00000,0.00000,0.00000,0.00000
14.200,0,14187.000,104982,192000,3999.875,120.0,8,4,2,0.00000,0.00000,0.00000,0.00000,0.00000
14.200,1,14187.000,104982,192000,3999.875,120.0,8,4,2,0.00000,0.00000,0.00000,0.00000,0.00000
14.200,2,10203.000,105777,192000,3999.312,120.0,8,3,2,0.00000,0.00000,0.00000,0.00000,0.00000
14.301,0,14288.000,109864,192000,3999.167,120.0,8,4,2,0.00000,0.00000,0.00000,0.00000,0.00000
14.301,1,14288.000,109864,192000,3999.167,120.0,8,4,2,0.00000,0.00000,0.00000,0.00000,0.00000
14.301,2,10305.000,110659,192000,3999.604,120.0,8,3,2,0.00000,0.00000,0.00000,0.00000,0.00000
14.402,0,14389.000,114685,192000,3999.729,120.0,8,4,2,0.00000,0.00000,0.00000,0.00000,0.00000
14.402,1,14389.000,114685,192000,3999.729,120.0,8,4,2,0.00000,0.00000,0.00000,0.00000,0.00000
14.402,2,10405.000,115480,192000,3999.167,120.0,8,3,2,0.00000,0.00000,0.00000,0.00000,0.00000
14.504,0,14491.000,119614,192000,3999.042,120.0,8,4,2,0.00000,0.00000,0.00000,0.00000,0.00000
14.504,1,14491.000,119614,192000,3999.042,120.0,8,4,2,0.00000,0.00000,0.00000,0.00000,0.00000
14.504,2,10508.000,120409,192000,3999.479,120.0,8,3,2,0.00000,0.00000,0.00000,0.00000,0.00000
14.606,0,14593.000,124470,192000,3999.875,120.0,8,4,2,0.00000,0.00000,0.00000,0.00000,0.00000
14.606,1,14593.000,124470,192000,3999.875,120.0,8,4,2,0.00000,0.00000,0.00000,0.00000,0.00000
14.606,2,10609.000,125265,192000,3999.312,120.0,8,3,2,0.00000,0.00000,0.00000,0.00000,0.00000
14.707,0,14694.000,129343,192000,3999.354,120.0,8,4,2,0.00000,0.00000,0.00000,0.00000,0.00000
14.707,1,14694.000,129343,192000,3999.354,120.0,8,4,2,0.00000,0.00000,0.00000,0.00000,0.00000
14.707,2,10711.000,130138,192000,3999.792,120.0,8,3,2,0.00000,0.00000,0.00000,0.00000,0.00000
14.807,0,14794.000,134155,192000,3999.104,120.0,8,4,2,0.00000,0.00000,0.00000,0.00000,0.00000
14.807,1,14794.000,134155,192000,3999.104,120.0,8,4,2,0.00000,0.00000,0.00000,0.00000,0.00000
14.807,2,10811.000,134950,192000,3999.542,120.0,8,3,2,0.00000,0.00000,0.00000,0.00000,0.00000
14.909,0,14896.000,139041,192000,3999.312,120.0,8,4,2,0.00000,0.00000,0.00000,0.00000,0.00000
14.909,1,14896.000,139041,192000,3999.312,120.0,8,4,2,0.00000,0.00000,0.00000,0.00000,0.00000
14.909,2,10913.000,139836,192000,3999.750,120.0,8,3,2,0.00000,0.00000,0.00000,0.00000,0.00000
15.011,0,14998.000,143924,192000,3999.583,120.0,8,4,2,0.00000,0.00000,0.00000,0.00000,0.00000
15.011,1,14998.000,143924,192000,3999.583,120.0,8,4,2,0.00000,0.00000,0.00000,0.00000,0.00000
15.011,2,11014.000,144719,192000,3999.021,120.0,8,3,2,0.00000,0.00000,0.00000,0.00000,0.00000
15.113,0,15100.000,148837,192000,3999.229,120.0,8,4,2,0.00000,0.00000,0.00000,0.00000,0.00000
15.113,1,15100.000,148837,192000,3999.229,120.0,8,4,2,0.00000,0.00000,0.00000,0.00000,0.00000
15.113,2,11117.000,149632,192000,3999.667,120.0,8,3,2,0.00000,0.00000,0.00000,0.00000,0.00000
15.214,0,15201.000,153679,192000,3999.354,120.0,8,4,2,0.00000,0.00000,0.00000,0.00000,0.00000
15.214,1,15201.000,153679,192000,3999.354,120.0,8,4,2,0.00000,0.00000,0.00000,0.00000,0.00000
15.214,2,11218.000,154474,192000,3999.792,120.0,8,3,2,0.00000,0.00000,0.00000,0.00000,0.00000
15.316,0,15303.000,158547,192000,3999.938,120.0,8,4,2,0.00000,0.00000,0.00000,0.00000,0.00000
15.316,1,15303.000,158547,192000,3999.938,120.0,8,4,2,0.00000,0.00000,0.00000,0.00000,0.00000
15.316,2,11319.000,159342,192000,3999.375,120.0,8,3,2,0.00000,0.00000,0.00000,0.00000,0.00000
15.416,0,15403.000,163366,192000,3999.542,120.0,8,4,2,0.00000,0.00000,0.00000,0.00000,0.00000
15.416,1,15403.000,163366,192000,3999.542,120.0,8,4,2,0.00000,0.00000,0.00000,0.00000,0.00000
15.416,2,11420.000,164161,192000,3999.979,120.0,8,3,2,0.00000,0.00000,0.00000,0.00000,0.00000
15.518,0,15505.000,168281,192000,3999.146,120.0,8,4,2,0.00000,0.00000,0.00000,0.00000,0.00000
15.518,1,15505.000,168281,192000,3999.146,120.0,8,4,2,0.00000,0.00000,0.00000,0.00000,0.00000
15.518,2,11522.000,169076,192000,3999.583,120.0,8,3,2,0.00000,0.00000,0.00000,0.00000,0.00000
15.621,0,15608.000,173194,192000,3999.792,120.0,8,4,2,0.00000,0.00000,0.00000,0.00000,0.00000
15.621,1,15608.000,173194,192000,3999.792,120.0,8,4,2,0.00000,0.00000,0.00000,0.00000,0.00000
15.621,2,11624.000,173989,192000,3999.229,120.0,8,3,2,0.00000,0.00000,0.00000,0.00000,0.00000
15.724,0,15711.000,178131,192000,3999.938,120.0,8,4,2,0.00000,0.00000,0.00000,0.00000,0.00000
15.724,1,15711.000,178131,192000,3999.938,120.0,8,4,2,0.00000,0.00000,0.00000,0.00000,0.00000
15.724,2,11727.000,178926,192000,3999.375,120.0,8,3,2,0.00000,0.00000,0.00000,0.00000,0.00000
15.826,0,15813.000,183068,192000,3999.083,120.0,8,4,2,0.00000,0.00000,0.00000,0.00000,0.00000
15.826,1,15813.000,183068,192000,3999.083,120.0,8,4,2,0.00000,0.00000,0.00000,0.00000,0.00000
15.826,2,11830.000,183863,192000,3999.521,120.0,8,3,2,0.00000,0.00000,0.00000,0.00000,0.00000
15.928,0,15915.000,187928,192000,3999.833,120.0,8,4,2,0.00000,0.00000,0.00000,0.00000,0.00000
15.928,1,15915.000,187928,192000,3999.833,120.0,8,4,2,0.00000,0.00000,0.00000,0.00000,0.00000
15.928,2,11931.000,188723,192000,3999.271,120.0,8,3,2,0.00000,0.00000,0.00000,0.00000,0.00000
16.033,0,16020.000,978,192000,3999.625,120.0,8,5,2,0.00000,0.00000,0.00000,0.00000,0.00000
16.033,1,16020.000,978,192000,3999.625,120.0,8,5,2,0.00000,0.00000,0.00000,0.00000,0.00000
16.033,2,12036.000,1773,192000,3999.062,120.0,8,4,2,0.00000,0.00000,0.00000,0.00000,0.00000
16.134,0,16121.000,5836,192000,3999.417,120.0,8,5,2,0.00000,0.00000,0.00000,0.00000,0.00000
16.134,1,16121.000,5836,192000,3999.417,120.0,8,5,2,0.00000,0.00000,0.00000,0.00000,0.00000
16.134,2,12138.000,6631,192000,3999.854,120.0,8,4,2,0.00000,0.00000,0.00000,0.00000,0.00000
16.235,0,16222.000,10656,192000,0.000,120.0,8,5,2,0.00000,0.00000,0.00000,0.00000,0.00000
16.235,1,16222.000,10656,192000,0.000,120.0,8,5,2,0.00000,0.00000,0.00000,0.00000,0.00000
16.235,2,12238.000,11451,192000,3999.438,120.0,8,4,2,0.00000,0.00000,0.00000,0.00000,0.00000
16.336,0,16323.000,15533,192000,3999.396,120.0,8,5,2,0.00000,0.00000,0.00000,0.00000,0.00000
16.336,1,16323.000,15533,192000,3999.396,120.0,8,5,2,0.00000,0.00000,0.00000,0.00000,0.00000
16.336,2,12340.000,16328,192000,3999.833,120.0,8,4,2,0.00000,0.00000,0.00000,0.00000,0.00000
16.439,0,16426.000,20451,192000,3999.938,120.0,8,5,2,0.00000,0.00000,0.00000,0.00000,0.00000
16.439,1,16426.000,20451,192000,3999.938,120.0,8,5,2,0.00000,0.00000,0.00000,0.00000,0.00000
16.439,2,12442.000,21246,192000,3999.375,120.0,8,4,2,0.00000,0.00000,0.00000,0.00000,0.00000
16.540,0,16527.000,25340,192000,3999.083,120.0,8,5,2,0.00000,0.00000,0.00000,0.00000,0.00000
16.540,1,16527.000,25340,192000,3999.083,120.0,8,5,2,0.00000,0.00000,0.00000,0.00000,0.00000
16.540,2,12544.000,26135,192000,3999.521,120.0,8,4,2,0.00000,0.00000,0.00000,0.00000,0.00000
16.643,0,16630.000,30275,192000,3999.271,120.0,8,5,2,0.00000,0.00000,0.00000,0.00000,0.00000
16.643,1,16630.000,30275,192000,3999.271,120.0,8,5,2,0.00000,0.00000,0.00000,0.00000,0.00000
16.643,2,12647.000,31070,192000,3999.708,120.0,8,4,2,0.00000,0.00000,0.00000,0.00000,0.00000
16.747,0,16734.000,35247,192000,3999.688,120.0,8,5,2,0.00000,0.00000,0.00000,0.00000,0.00000
16.747,1,16734.000,35247,192000,3999.688,120.0,8,5,2,0.00000,0.00000,0.00000,0.00000,0.00000
16.747,2,12750.000,36042,192000,3999.125,120.0,8,4,2,0.00000,0.00000,0.00000,0.00000,0.00000
16.847,0,16834.000,40062,192000,3999.375,120.0,8,5,2,0.00000,0.00000,0.00000,0.00000,0.00000
16.847,1,16834.000,40062,192000,3999.375,120.0,8,5,2,0.00000,0.00000,0.00000,0.00000,0.00000
16.847,2,12851.000,40857,192000,3999.812,120.0,8,4,2,0.00000,0.00000,0.00000,0.00000,0.00000
16.950,0,16937.000,45006,192000,3999.375,120.0,8,5,2,0.00000,0.00000,0.00000,0.00000,0.00000
16.950,1,16937.000,45006,192000,3999.375,120.0,8,5,2,0.00000,0.00000,0.00000,0.00000,0.00000
16.950,2,12954.000,45801,192000,3999.812,120.0,8,4,2,0.00000,0.00000,0.00000,0.00000,0.00000
17.051,0,17038.000,49838,192000,3999.708,120.0,8,5,2,0.00000,0.00000,0.00000,0.00000,0.00000
17.051,1,17038.000,49838,192000,3999.708,120.0,8,5,2,0.00000,0.00000,0.00000,0.00000,0.00000
17.051,2,13054.000,50633,192000,3999.146,120.0,8,4,2,0.00000,0.00000,0.00000,0.00000,0.00000
17.153,0,17140.000,54731,192000,3999.771,120.0,8,5,2,0.00000,0.00000,0.00000,0.00000,0.00000
17.153,1,17140.000,54731,192000,3999.771,120.0,8,5,2,0.00000,0.00000,0.00000,0.00000,0.00000
17.153,2,13156.000,55526,192000,3999.208,120.0,8,4,2,0.00000,0.00000,0.00000,0.00000,0.00000
17.254,0,17241.000,59602,192000,3999.292,120.0,8,5,2,0.00000,0.00000,0.00000,0.00000,0.00000
17.254,1,17241.000,59602,192000,3999.292,120.0,8,5,2,0.00000,0.00000,0.00000,0.00000,0.00000
17.254,2,13258.000,60397,192000,3999.729,120.0,8,4,2,0.00000,0.00000,0.00000,0.00000,0.00000
17.356,0,17343.000,64477,192000,3999.729,120.0,8,5,2,0.00000,0.00000,0.00000,0.00000,0.00000
17.356,1,17343.000,64477,192000,3999.729,120.0,8,5,2,0.00000,0.00000,0.00000,0.00000,0.00000
17.356,2,13359.000,65272,192000,3999.167,120.0,8,4,2,0.00000,0.00000,0.00000,0.00000,0.00000
17.457,0,17444.000,69347,192000,3999.271,120.0,8,5,2,0.00000,0.00000,0.00000,0.00000,0.00000
17.457,1,17444.000,69347,192000,3999.271,120.0,8,5,2,0.00000,0.00000,0.00000,0.00000,0.00000
17.457,2,13461.000,70142,192000,3999.708,120.0,8,4,2,0.00000,0.00000,0.00000,0.00000,0.00000
17.558,0,17545.000,74206,192000,3999.042,120.0,8,5,2,0.00000,0.00000,0.00000,0.00000,0.00000
17.558,1,17545.000,74206,192000,3999.042,120.0,8,5,2,0.00000,0.00000,0.00000,0.00000,0.00000
17.558,2,13562.000,75001,192000,3999.479,120.0,8,4,2,0.00000,0.00000,0.00000,0.00000,0.00000
17.659,0,17646.000,79049,192000,3999.146,120.0,8,5,2,0.00000,0.00000,0.00000,0.00000,0.00000
17.659,1,17646.000,79049,192000,3999.146,120.0,8,5,2,0.00000,0.00000,0.00000,0.00000,0.00000
17.659,2,13663.000,79844,192000,3999.583,120.0,8,4,2,0.00000,0.00000,0.00000,0.00000,0.00000
17.760,0,17747.000,83887,192000,3999.354,120.0,8,5,2,0.00000,0.00000,0.00000,0.00000,0.00000
17.760,1,17747.000,83887,192000,3999.354,120.0,8,5,2,0.00000,0.00000,0.00000,0.00000,0.00000
17.760,2,13764.000,84682,192000,3999.792,120.0,8,4,2,0.00000,0.00000,0.00000,0.00000,0.00000
17.862,0,17849.000,88787,192000,3999.271,120.0,8,5,2,0.00000,0.00000,0.00000,0.00000,0.00000
17.862,1,17849.000,88787,192000,3999.271,120.0,8,5,2,0.00000,0.00000,0.00000,0.00000,0.00000
17.862,2,13866.000,89582,192000,3999.708,120.0,8,4,2,0.00000,0.00000,0.00000,0.00000,0.00000
17.964,0,17951.000,93679,192000,3999.354,120.0,8,5,2,0.00000,0.00000,0.00000,0.00000,0.00000
17.964,1,17951.000,93679,192000,3999.354,120.0,8,5,2,0.00000,0.00000,0.00000,0.00000,0.00000
17.964,2,13968.000,94474,192000,3999.792,120.0,8,4,2,0.00000,0.00000,0.00000,0.00000,0.00000
18.065,0,18052.000,98540,192000,3999.083,120.0,8,5,2,0.00000,0.00000,0.00000,0.00000,0.00000
18.065,1,18052.000,98540,192000,3999.083,120.0,8,5,2,0.00000,0.00000,0.00000,0.00000,0.00000
18.065,2,14069.000,99335,192000,3999.521,120.0,8,4,2,0.00000,0.00000,0.00000,0.00000,0.00000
18.166,0,18153.000,103381,192000,3999.229,120.0,8,5,2,0.00000,0.00000,0.00000,0.00000,0.00000
18.166,1,18153.000,103381,192000,3999.229,120.0,8,5,2,0.00000,0.00000,0.00000,0.00000,0.00000
18.166,2,14170.000,104176,192000,3999.667,120.0,8,4,2,0.00000,0.00000,0.00000,0.00000,0.00000
18.267,0,18254.000,108215,192000,3999.521,120.0,8,5,2,0.00000,0.00000,0.00000,0.00000,0.00000
18.267,1,18254.000,108215,192000,3999.521,120.0,8,5,2,0.00000,0.00000,0.00000,0.00000,0.00000
18.267,2,14271.000,109010,192000,3999.958,120.0,8,4,2,0.00000,0.00000,0.00000,0.00000,0.00000
18.371,0,18358.000,113231,192000,3999.021,120.0,8,5,2,0.00000,0.00000,0.00000,0.00000,0.00000
18.371,1,18358.000,113231,192000,3999.021,120.0,8,5,2,0.00000,0.00000,0.00000,0.00000,0.00000
18.371,2,14375.000,114026,192000,3999.458,120.0,8,4,2,0.00000,0.00000,0.00000,0.00000,0.00000
18.473,0,18460.000,118081,192000,3999.979,120.0,8,5,2,0.00000,0.00000,0.00000,0.00000,0.00000
18.473,1,18460.000,118081,192000,3999.979,120.0,8,5,2,0.00000,0.00000,0.00000,0.00000,0.00000
18.473,2,14476.000,118876,192000,3999.417,120.0,8,4,2,0.00000,0.00000,0.00000,0.00000,0.00000
18.575,0,18562.000,122984,192000,3999.833,120.0,8,5,2,0.00000,0.00000,0.00000,0.00000,0.00000
18.575,1,18562.000,122984,192000,3999.833,120.0,8,5,2,0.00000,0.00000,0.00000,0.00000,0.00000
18.575,2,14578.000,123779,192000,3999.271,120.0,8,4,2,0.00000,0.00000,0.00000,0.00000,0.00000
18.677,0,18664.000,127913,192000,3999.146,120.0,8,5,2,0.00000,0.00000,0.00000,0.00000,0.00000
18.677,1,18664.000,127913,192000,3999.146,120.0,8,5,2,0.00000,0.00000,0.00000,0.00000,0.00000
18.677,2,14681.000,128708,192000,3999.583,120.0,8,4,2,0.00000,0.00000,0.00000,0.00000,0.00000
18.779,0,18766.000,132779,192000,3999.771,120.0,8,5,2,0.00000,0.00000,0.00000,0.00000,0.00000
18.779,1,18766.000,132779,192000,3999.771,120.0,8,5,2,0.00000,0.00000,0.00000,0.00000,0.00000
18.779,2,14782.000,133574,192000,3999.208,120.0,8,4,2,0.00000,0.00000,0.00000,0.00000,0.00000
18.881,0,18868.000,137689,192000,3999.479,120.0,8,5,2,0.00000,0.00000,0.00000,0.00000,0.00000
18.881,1,18868.000,137689,192000,3999.479,120.0,8,5,2,0.00000,0.00000,0.00000,0.00000,0.00000
18.881,2,14885.000,138484,192000,3999.917,120.0,8,4,2,0.00000,0.00000,0.00000,0.00000,0.00000
18.983,0,18970.000,142606,192000,3999.042,120.0,8,5,2,0.00000,0.00000,0.00000,0.00000,0.00000
18.983,1,18970.000,142606,192000,3999.042,120.0,8,5,2,0.00000,0.00000,0.00000,0.00000,0.00000
18.983,2,14987.000,143401,192000,3999.479,120.0,8,4,2,0.00000,0.00000,0.00000,0.00000,0.00000
19.084,0,19071.000,147440,192000,3999.333,120.0,8,5,2,0.00000,0.00000,0.00000,0.00000,0.00000
19.084,1,19071.000,147440,192000,3999.333,120.0,8,5,2,0.00000,0.00000,0.00000,0.00000,0.00000
19.084,2,15088.000,148235,192000,3999.771,120.0,8,4,2,0.00000,0.00000,0.00000,0.00000,0.00000
19.184,0,19171.000,152246,192000,3999.208,120.0,8,5,2,0.00000,0.00000,0.00000,0.00000,0.00000
19.184,1,19171.000,152246,192000,3999.208,120.0,8,5,2,0.00000,0.00000,0.00000,0.00000,0.00000
19.184,2,15188.000,153041,192000,3999.646,120.0,8,4,2,0.00000,0.00000,0.00000,0.00000,0.00000
19.284,0,19271.000,157046,192000,3999.208,120.0,8,5,2,0.00000,0.00000,0.00000,0.00000,0.00000
19.284,1,19271.000,157046,192000,3999.208,120.0,8,5,2,0.00000,0.00000,0.00000,0.00000,0.00000
19.284,2,15288.000,157841,192000,3999.646,120.0,8,4,2,0.00000,0.00000,0.00000,0.00000,0.00000
19.386,0,19373.000,161924,192000,3999.583,120.0,8,5,2,0.00000,0.00000,0.00000,0.00000,0.00000
19.386,1,19373.000,161924,192000,3999.583,120.0,8,5,2,0.00000,0.00000,0.00000,0.00000,0.00000
19.386,2,15389.000,162719,192000,3999.021,120.0,8,4,2,0.00000,0.00000,0.00000,0.00000,0.00000
19.487,0,19474.000,166762,192000,3999.792,120.0,8,5,2,0.00000,0.00000,0.00000,0.00000,0.00000
19.487,1,19474.000,166762,192000,3999.792,120.0,8,5,2,0.00000,0.00000,0.00000,0.00000,0.00000
19.487,2,15490.000,167557,192000,3999.229,120.0,8,4,2,0.00000,0.00000,0.00000,0.00000,0.00000
19.588,0,19575.000,171615,192000,3999.688,120.0,8,5,2,0.00000,0.00000,0.00000,0.00000,0.00000
19.588,1,19575.000,171615,192000,3999.688,120.0,8,5,2,0.00000,0.00000,0.00000,0.00000,0.00000
19.588,2,15591.000,172410,192000,3999.125,120.0,8,4,2,0.00000,0.00000,0.00000,0.00000,0.00000
19.690,0,19677.000,176526,192000,3999.375,120.0,8,5,2,0.00000,0.00000,0.00000,0.00000,0.00000
19.690,1,19677.000,176526,192000,3999.375,120.0,8,5,2,0.00000,0.00000,0.00000,0.00000,0.00000
19.690,2,15694.000,177321,192000,3999.812,120.0,8,4,2,0.00000,0.00000,0.00000,0.00000,0.00000
19.792,0,19779.000,181407,192000,3999.688,120.0,8,5,2,0.00000,0.00000,0.00000,0.00000,0.00000
19.792,1,19779.000,181407,192000,3999.688,120.0,8,5,2,0.00000,0.00000,0.00000,0.00000,0.00000
19.792,2,15795.000,182202,192000,3999.125,120.0,8,4,2,0.00000,0.00000,0.00000,0.00000,0.00000
19.894,0,19881.000,186318,192000,3999.375,120.0,8,5,2,0.00000,0.00000,0.00000,0.00000,0.00000
19.894,1,19881.000,186318,192000,3999.375,120.0,8,5,2,0.00000,0.00000,0.00000,0.00000,0.00000
19.894,2,15898.000,187113,192000,3999.812,120.0,8,4,2,0.00000,0.00000,0.00000,0.00000,0.00000
19.996,0,19983.000,191222,192000,3999.208,120.0,8,5,2,0.00000,0.00000,0.00000,0.00000,0.00000
19.996,1,19983.000,191222,192000,3999.208,120.0,8,5,2,0.00000,0.00000,0.00000,0.00000,0.00000
19.996,2,16000.000,17,192000,3999.646,120.0,8,5,2,0.00001,0.00001,0.00001,0.00000,0.00000
20.099,0,20086.000,4146,192000,3999.625,120.0,8,6,2,0.09635,0.09635,0.09622,0.00000,0.00000
20.099,1,20086.000,4146,192000,3999.625,120.0,8,6,2,0.09622,0.09612,0.09622,0.00000,0.00000
20.099,2,16102.000,4941,192000,3999.062,120.0,8,5,2,0.09124,0.08962,0.09124,0.00000,0.00000
20.201,0,20188.000,9055,192000,3999.354,120.0,8,6,2,0.06297,0.06297,0.06289,0.00000,0.00000
20.201,1,20188.000,9055,192000,3999.354,120.0,8,6,2,0.06289,0.06282,0.06289,0.00000,0.00000
20.201,2,16205.000,9850,192000,3999.792,120.0,8,5,2,0.05963,0.05857,0.05963,0.00000,0.00000
20.303,0,20290.000,13962,192000,3999.125,120.0,8,6,2,0.04116,0.04116,0.04111,0.00000,0.00000
20.303,1,20290.000,13962,192000,3999.125,120.0,8,6,2,0.04111,0.04106,0.04111,0.00000,0.00000
20.303,2,16307.000,14757,192000,3999.562,120.0,8,5,2,0.03898,0.03829,0.03898,0.00000,0.00000
20.405,0,20392.000,18820,192000,3999.917,120.0,8,6,2,0.02702,0.02702,0.02698,0.00000,0.00000
20.405,1,20392.000,18820,192000,3999.917,120.0,8,6,2,0.02698,0.02696,0.02698,0.00000,0.00000
20.405,2,16408.000,19615,192000,3999.354,120.0,8,5,2,0.02559,0.02513,0.02559,0.00000,0.00000
20.506,0,20493.000,23683,192000,3999.604,120.0,8,6,2,0.01773,0.01773,0.01771,0.00000,0.00000
20.506,1,20493.000,23683,192000,3999.604,120.0,8,6,2,0.01771,0.01769,0.01771,0.00000,0.00000
20.506,2,16509.000,24478,192000,3999.042,120.0,8,5,2,0.01679,0.01649,0.01679,0.00000,0.00000
20.607,0,20594.000,28519,192000,3999.854,120.0,8,6,2,0.01166,0.01166,0.01165,0.00000,0.00000
20.607,1,20594.000,28519,192000,3999.854,120.0,8,6,2,0.01165,0.01163,0.01165,0.00000,0.00000
20.607,2,16610.000,29314,192000,3999.292,120.0,8,5,2,0.01104,0.01085,0.01104,0.00000,0.00000
20.709,0,20696.000,33438,192000,3999.375,120.0,8,6,2,0.00761,0.00761,0.00760,0.00000,0.00000
20.709,1,20696.000,33438,192000,3999.375,120.0,8,6,2,0.00760,0.00760,0.00760,0.00000,0.00000
20.709,2,16713.000,34233,192000,3999.812,120.0,8,5,2,0.00721,0.00708,0.00721,0.00000,0.00000
20.811,0,20798.000,38331,192000,3999.438,120.0,8,6,2,0.00498,0.00498,0.00498,0.00000,0.00000
20.811,1,20798.000,38331,192000,3999.438,120.0,8,6,2,0.00498,0.00497,0.00498,0.00000,0.00000
20.811,2,16815.000,39126,192000,3999.875,120.0,8,5,2,0.00472,0.00464,0.00472,0.00000,0.00000
20.912,0,20899.000,43185,192000,3999.312,120.0,8,6,2,0.00327,0.00327,0.00327,0.00000,0.00000
20.912,1,20899.000,43185,192000,3999.312,120.0,8,6,2,0.00327,0.00326,0.00327,0.00000,0.00000
20.912,2,16916.000,43980,192000,3999.750,120.0,8,5,2,0.00310,0.00304,0.00310,0.00000,0.00000
21.014,0,21001.000,48080,192000,3999.333,120.0,8,6,2,0.00214,0.00214,0.00214,0.00000,0.00000
21.014,1,21001.000,48080,192000,3999.333,120.0,8,6,2,0.00214,0.00214,0.00214,0.00000,0.00000
21.014,2,17018.000,48875,192000,3999.771,120.0,8,5,2,0.00203,0.00199,0.00203,0.00000,0.00000
21.116,0,21103.000,52954,192000,3999.792,120.0,8,6,2,0.00140,0.00140,0.00140,0.00000,0.00000
21.116,1,21103.000,52954,192000,3999.792,120.0,8,6,2,0.00140,0.00140,0.00140,0.00000,0.00000
21.116,2,17119.000,53749,192000,3999.229,120.0,8,5,2,0.00133,0.00131,0.00133,0.00000,0.00000
21.216,0,21203.000,57761,192000,3999.646,120.0,8,6,2,0.00093,0.00093,0.00092,0.00000,0.00000
21.216,1,21203.000,57761,192000,3999.646,120.0,8,6,2,0.00092,0.00092,0.00092,0.00000,0.00000
21.216,2,17219.000,58556,192000,3999.083,120.0,8,5,2,0.00088,0.00086,0.00088,0.00000,0.00000
21.318,0,21305.000,62671,192000,3999.354,120.0,8,6,2,0.00060,0.00060,0.00060,0.00000,0.00000
21.318,1,21305.000,62671,192000,3999.354,120.0,8,6,2,0.00060,0.00060,0.00060,0.00000,0.00000
21.318,2,17322.000,63466,192000,3999.792,120.0,8,5,2,0.00057,0.00056,0.00057,0.00000,0.00000
21.419,0,21406.000,67512,192000,3999.500,120.0,8,6,2,0.00040,0.00040,0.00040,0.00000,0.00000
21.419,1,21406.000,67512,192000,3999.500,120.0,8,6,2,0.00040,0.00040,0.00040,0.00000,0.00000
21.419,2,17423.000,68307,192000,3999.938,120.0,8,5,2,0.00038,0.00037,0.00038,0.00000,0.00000
21.519,0,21506.000,72331,192000,3999.104,120.0,8,6,2,0.00026,0.00026,0.00026,0.00000,0.00000
21.519,1,21506.000,72331,192000,3999.104,120.0,8,6,2,0.00026,0.00026,0.00026,0.00000,0.00000
21.519,2,17523.000,73126,192000,3999.542,120.0,8,5,2,0.00025,0.00024,0.00025,0.00000,0.00000
21.622,0,21609.000,77252,192000,3999.583,120.0,8,6,2,0.00017,0.00017,0.00017,0.00000,0.00000
21.622,1,21609.000,77252,192000,3999.583,120.0,8,6,2,0.00017,0.00017,0.00017,0.00000,0.00000
21.622,2,17625.000,78047,192000,3999.021,120.0,8,5,2,0.00016,0.00016,0.00016,0.00000,0.00000
21.723,0,21710.000,82126,192000,3999.042,120.0,8,6,2,0.00011,0.00011,0.00011,0.00000,0.00000
21.723,1,21710.000,82126,192000,3999.042,120.0,8,6,2,0.00011,0.00011,0.00011,0.00000,0.00000
21.723,2,17727.000,82921,192000,3999.479,120.0,8,5,2,0.00011,0.00010,0.00011,0.00000,0.00000
21.826,0,21813.000,87051,192000,3999.438,120.0,8,6,2,0.00007,0.00007,0.00007,0.00000,0.00000
21.826,1,21813.000,87051,192000,3999.438,120.0,8,6,2,0.00007,0.00007,0.00007,0.00000,0.00000
21.826,2,17830.000,87846,192000,3999.875,120.0,8,5,2,0.00007,0.00007,0.00007,0.00000,0.00000
21.926,0,21913.000,91853,192000,3999.396,120.0,8,6,2,0.00005,0.00005,0.00005,0.00000,0.00000
21.926,1,21913.000,91853,192000,3999.396,120.0,8,6,2,0.00005,0.00005,0.00005,0.00000,0.00000
21.926,2,17930.000,92648,192000,3999.833,120.0,8,5,2,0.00005,0.00004,0.00005,0.00000,0.00000
22.026,0,22013.000,96654,192000,3999.375,120.0,8,6,2,0.00003,0.00003,0.00003,0.00000,0.00000
22.026,1,22013.000,96654,192000,3999.375,120.0,8,6,2,0.00003,0.00003,0.00003,0.00000,0.00000
22.026,2,18030.000,97449,192000,3999.812,120.0,8,5,2,0.00003,0.00003,0.00003,0.00000,0.00000
22.128,0,22115.000,101560,192000,3999.167,120.0,8,6,2,0.00002,0.00002,0.00002,0.00000,0.00000
22.128,1,22115.000,101560,192000,3999.167,120.0,8,6,2,0.00002,0.00002,0.00002,0.00000,0.00000
22.128,2,18132.000,102355,192000,3999.604,120.0,8,5,2,0.00002,0.00002,0.00002,0.00000,0.00000
22.231,0,22218.000,106485,192000,3999.562,120.0,8,6,2,0.00001,0.00001,0.00001,0.00000,0.00000
22.231,1,22218.000,106485,192000,3999.562,120.0,8,6,2,0.00001,0.00001,0.00001,0.00000,0.00000
22.231,2,18235.000,107280,192000,0.000,120.0,8,5,2,0.00001,0.00001,0.00001,0.00000,0.00000
22.334,0,22321.000,111415,192000,3999.854,120.0,8,6,2,0.00001,0.00001,0.00001,0.00000,0.00000
22.334,1,22321.000,111415,192000,3999.854,120.0,8,6,2,0.00001,0.00001,0.00001,0.00000,0.00000
22.334,2,18337.000,112210,192000,3999.292,120.0,8,5,2,0.00001,0.00001,0.00001,0.00000,0.00000
22.436,0,22423.000,116327,192000,3999.521,120.0,8,6,2,0.00001,0.00001,0.00001,0.00000,0.00000
22.436,1,22423.000,116327,192000,3999.521,120.0,8,6,2,0.00001,0.00001,0.00001,0.00000,0.00000
22.436,2,18440.000,117122,192000,3999.958,120.0,8,5,2,0.00001,0.00001,0.00001,0.00000,0.00000
22.538,0,22525.000,121221,192000,3999.562,120.0,8,6,2,0.00000,0.00000,0.00000,0.00000,0.00000
22.538,1,22525.000,121221,192000,3999.562,120.0,8,6,2,0.00000,0.00000,0.00000,0.00000,0.00000
22.538,2,18542.000,122016,192000,0.000,120.0,8,5,2,0.00000,0.00000,0.00000,0.00000,0.00000
22.638,0,22625.000,126040,192000,3999.167,120.0,8,6,2,0.00000,0.00000,0.00000,0.00000,0.00000
22.638,1,22625.000,126040,192000,3999.167,120.0,8,6,2,0.00000,0.00000,0.00000,0.00000,0.00000
22.638,2,18642.000,126835,192000,3999.604,120.0,8,5,2,0.00000,0.00000,0.00000,0.00000,0.00000
22.740,0,22727.000,130938,192000,3999.125,120.0,8,6,2,0.00000,0.00000,0.00000,0.00000,0.00000
22.740,1,22727.000,130938,192000,3999.125,120.0,8,6,2,0.00000,0.00000,0.00000,0.00000,0.00000
22.740,2,18744.000,131733,192000,3999.562,120.0,8,5,2,0.00000,0.00000,0.00000,0.00000,0.00000
22.840,0,22827.000,135738,192000,3999.125,120.0,8,6,2,0.00000,0.00000,0.00000,0.00000,0.00000
22.840,1,22827.000,135738,192000,3999.125,120.0,8,6,2,0.00000,0.00000,0.00000,0.00000,0.00000
22.840,2,18844.000,136533,192000,3999.562,120.0,8,5,2,0.00000,0.00000,0.00000,0.00000,0.00000
22.941,0,22928.000,140546,192000,3999.958,120.0,8,6,2,0.00000,0.00000,0.00000,0.00000,0.00000
22.941,1,22928.000,140546,192000,3999.958,120.0,8,6,2,0.00000,0.00000,0.00000,0.00000,0.00000
22.941,2,18944.000,141341,192000,3999.396,120.0,8,5,2,0.00000,0.00000,0.00000,0.00000,0.00000
23.042,0,23029.000,145409,192000,3999.646,120.0,8,6,2,0.00000,0.00000,0.00000,0.00000,0.00000
23.042,1,23029.000,145409,192000,3999.646,120.0,8,6,2,0.00000,0.00000,0.00000,0.00000,0.00000
23.042,2,19045.000,146204,192000,3999.083,120.0,8,5,2,0.00000,0.00000,0.00000,0.00000,0.00000
23.143,0,23130.000,150261,192000,3999.562,120.0,8,6,2,0.00000,0.00000,0.00000,0.00000,0.00000
23.143,1,23130.000,150261,192000,3999.562,120.0,8,6,2,0.00000,0.00000,0.00000,0.00000,0.00000
23.143,2,19147.000,151056,192000,0.000,120.0,8,5,2,0.00000,0.00000,0.00000,0.00000,0.00000
23.244,0,23231.000,155092,192000,3999.917,120.0,8,6,2,0.00000,0.00000,0.00000,0.00000,0.00000
23.244,1,23231.000,155092,192000,3999.917,120.0,8,6,2,0.00000,0.00000,0.00000,0.00000,0.00000
23.244,2,19247.000,155887,192000,3999.354,120.0,8,5,2,0.00000,0.00000,0.00000,0.00000,0.00000
23.346,0,23333.000,159990,192000,3999.875,120.0,8,6,2,0.00000,0.00000,0.00000,0.00000,0.00000
23.346,1,23333.000,159990,192000,3999.875,120.0,8,6,2,0.00000,0.00000,0.00000,0.00000,0.00000
23.346,2,19349.000,160785,192000,3999.312,120.0,8,5,2,0.00000,0.00000,0.00000,0.00000,0.00000
23.447,0,23434.000,164857,192000,3999.479,120.0,8,6,2,0.00000,0.00000,0.00000,0.00000,0.00000
23.447,1,23434.000,164857,192000,3999.479,120.0,8,6,2,0.00000,0.00000,0.00000,0.00000,0.00000
23.447,2,19451.000,165652,192000,3999.917,120.0,8,5,2,0.00000,0.00000,0.00000,0.00000,0.00000
23.549,0,23536.000,169755,192000,3999.438,120.0,8,6,2,0.00000,0.00000,0.00000,0.00000,0.00000
23.549,1,23536.000,169755,192000,3999.438,120.0,8,6,2,0.00000,0.00000,0.00000,0.00000,0.00000
23.549,2,19553.000,170550,192000,3999.875,120.0,8,5,2,0.00000,0.00000,0.00000,0.00000,0.00000
23.651,0,23638.000,174632,192000,3999.833,120.0,8,6,2,0.00000,0.00000,0.00000,0.00000,0.00000
23.651,1,23638.000,174632,192000,3999.833,120.0,8,6,2,0.00000,0.00000,0.00000,0.00000,0.00000
23.651,2,19654.000,175427,192000,3999.271,120.0,8,5,2,0.00000,0.00000,0.00000,0.00000,0.00000
23.753,0,23740.000,179520,192000,0.000,120.0,8,6,2,0.00000,0.00000,0.00000,0.00000,0.00000
23.753,1,23740.000,179520,192000,0.000,120.0,8,6,2,0.00000,0.00000,0.00000,0.00000,0.00000
23.753,2,19756.000,180315,192000,3999.438,120.0,8,5,2,0.00000,0.00000,0.00000,0.00000,0.00000
23.854,0,23841.000,184396,192000,3999.417,120.0,8,6,2,0.00000,0.00000,0.00000,0.00000,0.00000
23.854,1,23841.000,184396,192000,3999.417,120.0,8,6,2,0.00000,0.00000,0.00000,0.00000,0.00000
23.854,2,19858.000,185191,192000,3999.854,120.0,8,5,2,0.00000,0.00000,0.00000,0.00000,0.00000
23.955,0,23942.000,189234,192000,3999.625,120.0,8,6,2,0.00000,0.00000,0.00000,0.00000,0.00000
23.955,1,23942.000,189234,192000,3999.625,120.0,8,6,2,0.00000,0.00000,0.00000,0.00000,0.00000
23.955,2,19958.000,190029,192000,3999.062,120.0,8,5,2,0.00000,0.00000,0.00000,0.00000,0.00000
24.057,0,24044.000,2152,192000,3999.167,120.0,8,7,2,0.00000,0.00000,0.00000,0.00000,0.00000
24.057,1,24044.000,2152,192000,3999.167,120.0,8,7,2,0.00000,0.00000,0.00000,0.00000,0.00000
24.057,2,20061.000,2947,192000,3999.604,120.0,8,6,2,0.00000,0.00000,0.00000,0.00000,0.00000
24.157,0,24144.000,6953,192000,3999.146,120.0,8,7,2,0.00000,0.00000,0.00000,0.00000,0.00000
24.157,1,24144.000,6953,192000,3999.146,120.0,8,7,2,0.00000,0.00000,0.00000,0.00000,0.00000
24.157,2,20161.000,7748,192000,3999.583,120.0,8,6,2,0.00000,0.00000,0.00000,0.00000,0.00000
24.259,0,24246.000,11817,192000,3999.812,120.0,8,7,2,0.00000,0.00000,0.00000,0.00000,0.00000
24.259,1,24246.000,11817,192000,3999.812,120.0,8,7,2,0.00000,0.00000,0.00000,0.00000,0.00000
24.259,2,20262.000,12612,192000,3999.250,120.0,8,6,2,0.00000,0.00000,0.00000,0.00000,0.00000
24.360,0,24347.000,16659,192000,3999.938,120.0,8,7,2,0.00000,0.00000,0.00000,0.00000,0.00000
24.360,1,24347.000,16659,192000,3999.938,120.0,8,7,2,0.00000,0.00000,0.00000,0.00000,0.00000
24.360,2,20363.000,17454,192000,3999.375,120.0,8,6,2,0.00000,0.00000,0.00000,0.00000,0.00000
24.460,0,24447.000,21496,192000,3999.167,120.0,8,7,2,0.00000,0.00000,0.00000,0.00000,0.00000
24.460,1,24447.000,21496,192000,3999.167,120.0,8,7,2,0.00000,0.00000,0.00000,0.00000,0.00000
24.460,2,20464.000,22291,192000,3999.604,120.0,8,6,2,0.00000,0.00000,0.00000,0.00000,0.00000
24.561,0,24548.000,26319,192000,3999.688,120.0,8,7,2,0.00000,0.00000,0.00000,0.00000,0.00000
24.561,1,24548.000,26319,192000,3999.688,120.0,8,7,2,0.00000,0.00000,0.00000,0.00000,0.00000
24.561,2,20564.000,27114,192000,3999.125,120.0,8,6,2,0.00000,0.00000,0.00000,0.00000,0.00000
24.662,0,24649.000,31179,192000,3999.438,120.0,8,7,2,0.00000,0.00000,0.00000,0.00000,0.00000
24.662,1,24649.000,31179,192000,3999.438,120.0,8,7,2,0.00000,0.00000,0.00000,0.00000,0.00000
24.662,2,20666.000,31974,192000,3999.875,120.0,8,6,2,0.00000,0.00000,0.00000,0.00000,0.00000
24.763,0,24750.000,36031,192000,3999.354,120.0,8,7,2,0.00000,0.00000,0.00000,0.00000,0.00000
24.763,1,24750.000,36031,192000,3999.354,120.0,8,7,2,0.00000,0.00000,0.00000,0.00000,0.00000
24.763,2,20767.000,36826,192000,3999.792,120.0,8,6,2,0.00000,0.00000,0.00000,0.00000,0.00000
24.863,0,24850.000,40834,192000,3999.292,120.0,8,7,2,0.00000,0.00000,0.00000,0.00000,0.00000
24.863,1,24850.000,40834,192000,3999.292,120.0,8,7,2,0.00000,0.00000,0.00000,0.00000,0.00000
24.863,2,20867.000,41629,192000,3999.729,120.0,8,6,2,0.00000,0.00000,0.00000,0.00000,0.00000
24.964,0,24951.000,45685,192000,3999.229,120.0,8,7,2,0.00000,0.00000,0.00000,0.00000,0.00000
24.964,1,24951.000,45685,192000,3999.229,120.0,8,7,2,0.00000,0.00000,0.00000,0.00000,0.00000
24.964,2,20968.000,46480,192000,3999.667,120.0,8,6,2,0.00000,0.00000,0.00000,0.00000,0.00000
25.067,0,25054.000,50608,192000,3999.667,120.0,8,7,2,0.00000,0.00000,0.00000,0.00000,0.00000
25.067,1,25054.000,50608,192000,3999.667,120.0,8,7,2,0.00000,0.00000,0.00000,0.00000,0.00000
25.067,2,21070.000,51403,192000,3999.104,120.0,8,6,2,0.00000,0.00000,0.00000,0.00000,0.00000
25.168,0,25155.000,55468,192000,3999.417,120.0,8,7,2,0.00000,0.00000,0.00000,0.00000,0.00000
25.168,1,25155.000,55468,192000,3999.417,120.0,8,7,2,0.00000,0.00000,0.00000,0.00000,0.00000
25.168,2,21172.000,56263,192000,3999.854,120.0,8,6,2,0.00000,0.00000,0.00000,0.00000,0.00000
25.268,0,25255.000,60273,192000,3999.312,120.0,8,7,2,0.00000,0.00000,0.00000,0.00000,0.00000
25.268,1,25255.000,60273,192000,3999.312,120.0,8,7,2,0.00000,0.00000,0.00000,0.00000,0.00000
25.268,2,21272.000,61068,192000,3999.750,120.0,8,6,2,0.00000,0.00000,0.00000,0.00000,0.00000
25.369,0,25356.000,65131,192000,3999.104,120.0,8,7,2,0.00000,0.00000,0.00000,0.00000,0.00000
25.369,1,25356.000,65131,192000,3999.104,120.0,8,7,2,0.00000,0.00000,0.00000,0.00000,0.00000
25.369,2,21373.000,65926,192000,3999.542,120.0,8,6,2,0.00000,0.00000,0.00000,0.00000,0.00000
25.470,0,25457.000,69951,192000,3999.688,120.0,8,7,2,0.00000,0.00000,0.00000,0.00000,0.00000
25.470,1,25457.000,69951,192000,3999.688,120.0,8,7,2,0.00000,0.00000,0.00000,0.00000,0.00000
25.470,2,21473.000,70746,192000,3999.125,120.0,8,6,2,0.00000,0.00000,0.00000,0.00000,0.00000
25.571,0,25558.000,74808,192000,3999.500,120.0,8,7,2,0.00000,0.00000,0.00000,0.00000,0.00000
25.571,1,25558.000,74808,192000,3999.500,120.0,8,7,2,0.00000,0.00000,0.00000,0.00000,0.00000
25.571,2,21575.000,75603,192000,3999.938,120.0,8,6,2,0.00000,0.00000,0.00000,0.00000,0.00000
25.674,0,25661.000,79736,192000,3999.833,120.0,8,7,2,0.00000,0.00000,0.00000,0.00000,0.00000
25.674,1,25661.000,79736,192000,3999.833,120.0,8,7,2,0.00000,0.00000,0.00000,0.00000,0.00000
25.674,2,21677.000,80531,192000,3999.271,120.0,8,6,2,0.00000,0.00000,0.00000,0.00000,0.00000
25.776,0,25763.000,84669,192000,3999.062,120.0,8,7,2,0.00000,0.00000,0.00000,0.00000,0.00000
25.776,1,25763.000,84669,192000,3999.062,120.0,8,7,2,0.00000,0.00000,0.00000,0.00000,0.00000
25.776,2,21780.000,85464,192000,3999.500,120.0,8,6,2,0.00000,0.00000,0.00000,0.00000,0.00000
25.877,0,25864.000,89473,192000,3999.979,120.0,8,7,2,0.00000,0.00000,0.00000,0.00000,0.00000
25.877,1,25864.000,89473,192000,3999.979,120.0,8,7,2,0.00000,0.00000,0.00000,0.00000,0.00000
25.877,2,21880.000,90268,192000,3999.417,120.0,8,6,2,0.00000,0.00000,0.00000,0.00000,0.00000
25.979,0,25966.000,94388,192000,3999.583,120.0,8,7,2,0.00000,0.00000,0.00000,0.00000,0.00000
25.979,1,25966.000,94388,192000,3999.583,120.0,8,7,2,0.00000,0.00000,0.00000,0.00000,0.00000
25.979,2,21982.000,95183,192000,3999.021,120.0,8,6,2,0.00000,0.00000,0.00000,0.00000,0.00000
26.081,0,26068.000,99297,192000,3999.312,120.0,8,7,2,0.00000,0.00000,0.00000,0.00000,0.00000
26.081,1,26068.000,99297,192000,3999.312,120.0,8,7,2,0.00000,0.00000,0.00000,0.00000,0.00000
26.081,2,22085.000,100092,192000,3999.750,120.0,8,6,2,0.00000,0.00000,0.00000,0.00000,0.00000
26.182,0,26169.000,104121,192000,3999.812,120.0,8,7,2,0.00000,0.00000,0.00000,0.00000,0.00000
26.182,1,26169.000,104121,192000,3999.812,120.0,8,7,2,0.00000,0.00000,0.00000,0.00000,0.00000
26.182,2,22185.000,104916,192000,3999.250,120.0,8,6,2,0.00000,0.00000,0.00000,0.00000,0.00000
26.285,0,26272.000,109056,192000,0.000,120.0,8,7,2,0.00000,0.00000,0.00000,0.00000,0.00000
26.285,1,26272.000,109056,192000,0.000,120.0,8,7,2,0.00000,0.00000,0.00000,0.00000,0.00000
26.285,2,22288.000,109851,192000,3999.438,120.0,8,6,2,0.00000,0.00000,0.00000,0.00000,0.00000
26.387,0,26374.000,113976,192000,3999.500,120.0,8,7,2,0.00000,0.00000,0.00000,0.00000,0.00000
26.387,1,26374.000,113976,192000,3999.500,120.0,8,7,2,0.00000,0.00000,0.00000,0.00000,0.00000
26.387,2,22391.000,114771,192000,3999.938,120.0,8,6,2,0.00000,0.00000,0.00000,0.00000,0.00000
26.489,0,26476.000,118880,192000,3999.333,120.0,8,7,2,0.00000,0.00000,0.00000,0.00000,0.00000
26.489,1,26476.000,118880,192000,3999.333,120.0,8,7,2,0.00000,0.00000,0.00000,0.00000,0.00000
26.489,2,22493.000,119675,192000,3999.771,120.0,8,6,2,0.00000,0.00000,0.00000,0.00000,0.00000
26.589,0,26576.000,123690,192000,3999.125,120.0,8,7,2,0.00000,0.00000,0.00000,0.00000,0.00000
26.589,1,26576.000,123690,192000,3999.125,120.0,8,7,2,0.00000,0.00000,0.00000,0.00000,0.00000
26.589,2,22593.000,124485,192000,3999.562,120.0,8,6,2,0.00000,0.00000,0.00000,0.00000,0.00000
26.690,0,26676.000,128495,192000,3999.021,120.0,8,7,2,0.00000,0.00000,0.00000,0.00000,0.00000
26.690,1,26676.000,128495,192000,3999.021,120.0,8,7,2,0.00000,0.00000,0.00000,0.00000,0.00000
26.690,2,22693.000,129290,192000,3999.458,120.0,8,6,2,0.00000,0.00000,0.00000,0.00000,0.00000
26.790,0,26777.000,133312,192000,3999.667,120.0,8,7,2,0.00000,0.00000,0.00000,0.00000,0.00000
26.790,1,26777.000,133312,192000,3999.667,120.0,8,7,2,0.00000,0.00000,0.00000,0.00000,0.00000
26.790,2,22793.000,134107,192000,3999.104,120.0,8,6,2,0.00000,0.00000,0.00000,0.00000,0.00000
26.891,0,26878.000,138162,192000,3999.625,120.0,8,7,2,0.00000,0.00000,0.00000,0.00000,0.00000
26.891,1,26878.000,138162,192000,3999.625,120.0,8,7,2,0.00000,0.00000,0.00000,0.00000,0.00000
26.891,2,22894.000,138957,192000,3999.062,120.0,8,6,2,0.00000,0.00000,0.00000,0.00000,0.00000
26.992,0,26979.000,142993,192000,3999.979,120.0,8,7,2,0.00000,0.00000,0.00000,0.00000,0.00000
26.992,1,26979.000,142993,192000,3999.979,120.0,8,7,2,0.00000,0.00000,0.00000,0.00000,0.00000
26.992,2,22995.000,143788,192000,3999.417,120.0,8,6,2,0.00000,0.00000,0.00000,0.00000,0.00000
27.092,0,27079.000,147803,192000,3999.771,120.0,8,7,2,0.00000,0.00000,0.00000,0.00000,0.00000
27.092,1,27079.000,147803,192000,3999.771,120.0,8,7,2,0.00000,0.00000,0.00000,0.00000,0.00000
27.092,2,23095.000,148598,192000,3999.208,120.0,8,6,2,0.00000,0.00000,0.00000,0.00000,0.00000
27.194,0,27181.000,152725,192000,3999.229,120.0,8,7,2,0.00000,0.00000,0.00000,0.00000,0.00000
27.194,1,27181.000,152725,192000,3999.229,120.0,8,7,2,0.00000,0.00000,0.00000,0.00000,0.00000
27.194,2,23198.000,153520,192000,3999.667,120.0,8,6,2,0.00000,0.00000,0.00000,0.00000,0.00000
27.296,0,27283.000,157599,192000,3999.688,120.0,8,7,2,0.00000,0.00000,0.00000,0.00000,0.00000
27.296,1,27283.000,157599,192000,3999.688,120.0,8,7,2,0.00000,0.00000,0.00000,0.00000,0.00000
27.296,2,23299.000,158394,192000,3999.125,120.0,8,6,2,0.00000,0.00000,0.00000,0.00000,0.00000
27.397,0,27384.000,162479,192000,3999.021,120.0,8,7,2,0.00000,0.00000,0.00000,0.00000,0.00000
27.397,1,27384.000,162479,192000,3999.021,120.0,8,7,2,0.00000,0.00000,0.00000,0.00000,0.00000
27.397,2,23401.000,163274,192000,3999.458,120.0,8,6,2,0.00000,0.00000,0.00000,0.00000,0.00000
27.499,0,27486.000,167375,192000,3999.021,120.0,8,7,2,0.00000,0.00000,0.00000,0.00000,0.00000
27.499,1,27486.000,167375,192000,3999.021,120.0,8,7,2,0.00000,0.00000,0.00000,0.00000,0.00000
27.499,2,23503.000,168170,192000,3999.458,120.0,8,6,2,0.00000,0.00000,0.00000,0.00000,0.00000
27.602,0,27589.000,172294,192000,3999.542,120.0,8,7,2,0.00000,0.00000,0.00000,0.00000,0.00000
27.602,1,27589.000,172294,192000,3999.542,120.0,8,7,2,0.00000,0.00000,0.00000,0.00000,0.00000
27.602,2,23606.000,173089,192000,3999.979,120.0,8,6,2,0.00000,0.00000,0.00000,0.00000,0.00000
27.704,0,27691.000,177191,192000,3999.521,120.0,8,7,2,0.00000,0.00000,0.00000,0.00000,0.00000
27.704,1,27691.000,177191,192000,3999.521,120.0,8,7,2,0.00000,0.00000,0.00000,0.00000,0.00000
27.704,2,23708.000,177986,192000,3999.958,120.0,8,6,2,0.00000,0.00000,0.00000,0.00000,0.00000
27.805,0,27792.000,182051,192000,3999.271,120.0,8,7,2,0.00000,0.00000,0.00000,0.00000,0.00000
27.805,1,27792.000,182051,192000,3999.271,120.0,8,7,2,0.00000,0.00000,0.00000,0.00000,0.00000
27.805,2,23809.000,182846,192000,3999.708,120.0,8,6,2,0.00000,0.00000,0.00000,0.00000,0.00000
27.906,0,27893.000,186877,192000,3999.729,120.0,8,7,2,0.00000,0.00000,0.00000,0.00000,0.00000
27.906,1,27893.000,186877,192000,3999.729,120.0,8,7,2,0.00000,0.00000,0.00000,0.00000,0.00000
27.906,2,23909.000,187672,192000,3999.167,120.0,8,6,2,0.00000,0.00000,0.00000,0.00000,0.00000
28.007,0,27994.000,191739,192000,3999.438,120.0,8,7,2,0.00000,0.00000,0.00000,0.00000,0.00000
28.007,1,27994.000,191739,192000,3999.438,120.0,8,7,2,0.00000,0.00000,0.00000,0.00000,0.00000
28.007,2,24011.000,534,192000,3999.875,120.0,8,7,2,0.00000,0.00000,0.00000,0.00000,0.00000
28.109,0,28096.000,4645,192000,3999.229,120.0,8,8,2,0.00000,0.00000,0.00000,0.00000,0.00000
28.109,1,28096.000,4645,192000,3999.229,120.0,8,8,2,0.00000,0.00000,0.00000,0.00000,0.00000
28.109,2,24113.000,5440,192000,3999.667,120.0,8,7,2,0.00000,0.00000,0.00000,0.00000,0.00000
28.212,0,28199.000,9580,192000,3999.417,120.0,8,8,2,0.00000,0.00000,0.00000,0.00000,0.00000
28.212,1,28199.000,9580,192000,3999.417,120.0,8,8,2,0.00000,0.00000,0.00000,0.00000,0.00000
28.212,2,24216.000,10375,192000,3999.854,120.0,8,7,2,0.00000,0.00000,0.00000,0.00000,0.00000
28.315,0,28302.000,14502,192000,3999.875,120.0,8,8,2,0.00000,0.00000,0.00000,0.00000,0.00000
28.315,1,28302.000,14502,192000,3999.875,120.0,8,8,2,0.00000,0.00000,0.00000,0.00000,0.00000
28.315,2,24318.000,15297,192000,3999.312,120.0,8,7,2,0.00000,0.00000,0.00000,0.00000,0.00000
28.417,0,28404.000,19412,192000,3999.583,120.0,8,8,2,0.00000,0.00000,0.00000,0.00000,0.00000
28.417,1,28404.000,19412,192000,3999.583,120.0,8,8,2,0.00000,0.00000,0.00000,0.00000,0.00000
28.417,2,24420.000,20207,192000,3999.021,120.0,8,7,2,0.00000,0.00000,0.00000,0.00000,0.00000
28.522,0,28509.000,24442,192000,3999.792,120.0,8,8,2,0.00000,0.00000,0.00000,0.00000,0.00000
28.522,1,28509.000,24442,192000,3999.792,120.0,8,8,2,0.00000,0.00000,0.00000,0.00000,0.00000
28.522,2,24525.000,25237,192000,3999.229,120.0,8,7,2,0.00000,0.00000,0.00000,0.00000,0.00000
28.624,0,28611.000,29353,192000,3999.479,120.0,8,8,2,0.00000,0.00000,0.00000,0.00000,0.00000
28.624,1,28611.000,29353,192000,3999.479,120.0,8,8,2,0.00000,0.00000,0.00000,0.00000,0.00000
28.624,2,24628.000,30148,192000,3999.917,120.0,8,7,2,0.00000,0.00000,0.00000,0.00000,0.00000
28.726,0,28713.000,34269,192000,3999.062,120.0,8,8,2,0.00000,0.00000,0.00000,0.00000,0.00000
28.726,1,28713.000,34269,192000,3999.062,120.0,8,8,2,0.00000,0.00000,0.00000,0.00000,0.00000
28.726,2,24730.000,35064,192000,3999.500,120.0,8,7,2,0.00000,0.00000,0.00000,0.00000,0.00000
28.828,0,28815.000,39128,192000,3999.833,120.0,8,8,2,0.00000,0.00000,0.00000,0.00000,0.00000
28.828,1,28815.000,39128,192000,3999.833,120.0,8,8,2,0.00000,0.00000,0.00000,0.00000,0.00000
28.828,2,24831.000,39923,192000,3999.271,120.0,8,7,2,0.00000,0.00000,0.00000,0.00000,0.00000
28.930,0,28917.000,44047,192000,3999.354,120.0,8,8,2,0.00000,0.00000,0.00000,0.00000,0.00000
28.930,1,28917.000,44047,192000,3999.354,120.0,8,8,2,0.00000,0.00000,0.00000,0.00000,0.00000
28.930,2,24934.000,44842,192000,3999.792,120.0,8,7,2,0.00000,0.00000,0.00000,0.00000,0.00000
29.033,0,29020.000,49000,192000,3999.167,120.0,8,8,2,0.00000,0.00000,0.00000,0.00000,0.00000
29.033,1,29020.000,49000,192000,3999.167,120.0,8,8,2,0.00000,0.00000,0.00000,0.00000,0.00000
29.033,2,25037.000,49795,192000,3999.604,120.0,8,7,2,0.00000,0.00000,0.00000,0.00000,0.00000
29.136,0,29123.000,53933,192000,3999.396,120.0,8,8,2,0.00000,0.00000,0.00000,0.00000,0.00000
29.136,1,29123.000,53933,192000,3999.396,120.0,8,8,2,0.00000,0.00000,0.00000,0.00000,0.00000
29.136,2,25140.000,54728,192000,3999.833,120.0,8,7,2,0.00000,0.00000,0.00000,0.00000,0.00000
29.238,0,29225.000,58835,192000,3999.271,120.0,8,8,2,0.00000,0.00000,0.00000,0.00000,0.00000
29.238,1,29225.000,58835,192000,3999.271,120.0,8,8,2,0.00000,0.00000,0.00000,0.00000,0.00000
29.238,2,25242.000,59630,192000,3999.708,120.0,8,7,2,0.00000,0.00000,0.00000,0.00000,0.00000
29.340,0,29327.000,63709,192000,3999.729,120.0,8,8,2,0.00000,0.00000,0.00000,0.00000,0.00000
29.340,1,29327.000,63709,192000,3999.729,120.0,8,8,2,0.00000,0.00000,0.00000,0.00000,0.00000
29.340,2,25343.000,64504,192000,3999.167,120.0,8,7,2,0.00000,0.00000,0.00000,0.00000,0.00000
29.443,0,29430.000,68669,192000,3999.396,120.0,8,8,2,0.00000,0.00000,0.00000,0.00000,0.00000
29.443,1,29430.000,68669,192000,3999.396,120.0,8,8,2,0.00000,0.00000,0.00000,0.00000,0.00000
29.443,2,25447.000,69464,192000,3999.833,120.0,8,7,2,0.00000,0.00000,0.00000,0.00000,0.00000
29.546,0,29533.000,73619,192000,3999.271,120.0,8,8,2,0.00000,0.00000,0.00000,0.00000,0.00000
29.546,1,29533.000,73619,192000,3999.271,120.0,8,8,2,0.00000,0.00000,0.00000,0.00000,0.00000
29.546,2,25550.000,74414,192000,3999.708,120.0,8,7,2,0.00000,0.00000,0.00000,0.00000,0.00000
29.647,0,29634.000,78457,192000,3999.479,120.0,8,8,2,0.00000,0.00000,0.00000,0.00000,0.00000
29.647,1,29634.000,78457,192000,3999.479,120.0,8,8,2,0.00000,0.00000,0.00000,0.00000,0.00000
29.647,2,25651.000,79252,192000,3999.917,120.0,8,7,2,0.00000,0.00000,0.00000,0.00000,0.00000
29.748,0,29735.000,83318,192000,3999.208,120.0,8,8,2,0.00000,0.00000,0.00000,0.00000,0.00000
29.748,1,29735.000,83318,192000,3999.208,120.0,8,8,2,0.00000,0.00000,0.00000,0.00000,0.00000
29.748,2,25752.000,84113,192000,3999.646,120.0,8,7,2,0.00000,0.00000,0.00000,0.00000,0.00000
29.850,0,29837.000,88196,192000,3999.583,120.0,8,8,2,0.00000,0.00000,0.00000,0.00000,0.00000
29.850,1,29837.000,88196,192000,3999.583,120.0,8,8,2,0.00000,0.00000,0.00000,0.00000,0.00000
29.850,2,25853.000,88991,192000,3999.021,120.0,8,7,2,0.00000,0.00000,0.00000,0.00000,0.00000
29.953,0,29940.000,93132,192000,3999.750,120.0,8,8,2,0.00000,0.00000,0.00000,0.00000,0.00000
29.953,1,29940.000,93132,192000,3999.750,120.0,8,8,2,0.00000,0.00000,0.00000,0.00000,0.00000
29.953,2,25956.000,93927,192000,3999.188,120.0,8,7,2,0.00000,0.00000,0.00000,0.00000,0.00000
30.054,0,30041.000,98012,192000,3999.083,120.0,8,8,2,0.00000,0.00000,0.00000,0.00000,0.00000
30.054,1,30041.000,98012,192000,3999.083,120.0,8,8,2,0.00000,0.00000,0.00000,0.00000,0.00000
30.054,2,26058.000,98807,192000,3999.521,120.0,8,7,2,0.00000,0.00000,0.00000,0.00000,0.00000
30.155,0,30142.000,102841,192000,3999.479,120.0,8,8,2,0.00000,0.00000,0.00000,0.00000,0.00000
30.155,1,30142.000,102841,192000,3999.479,120.0,8,8,2,0.00000,0.00000,0.00000,0.00000,0.00000
30.155,2,26159.000,103636,192000,3999.917,120.0,8,7,2,0.00000,0.00000,0.00000,0.00000,0.00000
30.257,0,30244.000,107745,192000,3999.312,120.0,8,8,2,0.00000,0.00000,0.00000,0.00000,0.00000
30.257,1,30244.000,107745,192000,3999.312,120.0,8,8,2,0.00000,0.00000,0.00000,0.00000,0.00000
30.257,2,26261.000,108540,192000,3999.750,120.0,8,7,2,0.00000,0.00000,0.00000,0.00000,0.00000
30.358,0,30345.000,112560,192000,0.000,120.0,8,8,2,0.00000,0.00000,0.00000,0.00000,0.00000
30.358,1,30345.000,112560,192000,0.000,120.0,8,8,2,0.00000,0.00000,0.00000,0.00000,0.00000
30.358,2,26361.000,113355,192000,3999.438,120.0,8,7,2,0.00000,0.00000,0.00000,0.00000,0.00000
30.459,0,30446.000,117430,192000,3999.542,120.0,8,8,2,0.00000,0.00000,0.00000,0.00000,0.00000
30.459,1,30446.000,117430,192000,3999.542,120.0,8,8,2,0.00000,0.00000,0.00000,0.00000,0.00000
30.459,2,26463.000,118225,192000,3999.979,120.0,8,7,2,0.00000,0.00000,0.00000,0.00000,0.00000
30.561,0,30548.000,122306,192000,3999.958,120.0,8,8,2,0.00000,0.00000,0.00000,0.00000,0.00000
30.561,1,30548.000,122306,192000,3999.958,120.0,8,8,2,0.00000,0.00000,0.00000,0.00000,0.00000
30.561,2,26564.000,123101,192000,3999.396,120.0,8,7,2,0.00000,0.00000,0.00000,0.00000,0.00000
30.661,0,30648.000,127138,192000,3999.292,120.0,8,8,2,0.00000,0.00000,0.00000,0.00000,0.00000
30.661,1,30648.000,127138,192000,3999.292,120.0,8,8,2,0.00000,0.00000,0.00000,0.00000,0.00000
30.661,2,26665.000,127933,192000,3999.729,120.0,8,7,2,0.00000,0.00000,0.00000,0.00000,0.00000
30.762,0,30749.000,131973,192000,3999.562,120.0,8,8,2,0.00000,0.00000,0.00000,0.00000,0.00000
30.762,1,30749.000,131973,192000,3999.562,120.0,8,8,2,0.00000,0.00000,0.00000,0.00000,0.00000
30.762,2,26766.000,132768,192000,0.000,120.0,8,7,2,0.00000,0.00000,0.00000,0.00000,0.00000
30.864,0,30851.000,136855,192000,3999.854,120.0,8,8,2,0.00000,0.00000,0.00000,0.00000,0.00000
30.864,1,30851.000,136855,192000,3999.854,120.0,8,8,2,0.00000,0.00000,0.00000,0.00000,0.00000
30.864,2,26867.000,137650,192000,3999.292,120.0,8,7,2,0.00000,0.00000,0.00000,0.00000,0.00000
30.965,0,30952.000,141698,192000,3999.958,120.0,8,8,2,0.00000,0.00000,0.00000,0.00000,0.00000
30.965,1,30952.000,141698,192000,3999.958,120.0,8,8,2,0.00000,0.00000,0.00000,0.00000,0.00000
30.965,2,26968.000,142493,192000,3999.396,120.0,8,7,2,0.00000,0.00000,0.00000,0.00000,0.00000
31.066,0,31053.000,146585,192000,3999.146,120.0,8,8,2,0.00000,0.00000,0.00000,0.00000,0.00000
31.066,1,31053.000,146585,192000,3999.146,120.0,8,8,2,0.00000,0.00000,0.00000,0.00000,0.00000
31.066,2,27070.000,147380,192000,3999.583,120.0,8,7,2,0.00000,0.00000,0.00000,0.00000,0.00000
31.167,0,31154.000,151436,192000,3999.083,120.0,8,8,2,0.00000,0.00000,0.00000,0.00000,0.00000
31.167,1,31154.000,151436,192000,3999.083,120.0,8,8,2,0.00000,0.00000,0.00000,0.00000,0.00000
31.167,2,27171.000,152231,192000,3999.521,120.0,8,7,2,0.00000,0.00000,0.00000,0.00000,0.00000
31.268,0,31255.000,156240,192000,0.000,120.0,8,8,2,0.00000,0.00000,0.00000,0.00000,0.00000
31.268,1,31255.000,156240,192000,0.000,120.0,8,8,2,0.00000,0.00000,0.00000,0.00000,0.00000
31.268,2,27271.000,157035,192000,3999.438,120.0,8,7,2,0.00000,0.00000,0.00000,0.00000,0.00000
31.368,0,31355.000,161071,192000,3999.354,120.0,8,8,2,0.00000,0.00000,0.00000,0.00000,0.00000
31.368,1,31355.000,161071,192000,3999.354,120.0,8,8,2,0.00000,0.00000,0.00000,0.00000,0.00000
31.368,2,27372.000,161866,192000,3999.792,120.0,8,7,2,0.00000,0.00000,0.00000,0.00000,0.00000
31.469,0,31456.000,165920,192000,3999.333,120.0,8,8,2,0.00000,0.00000,0.00000,0.00000,0.00000
31.469,1,31456.000,165920,192000,3999.333,120.0,8,8,2,0.00000,0.00000,0.00000,0.00000,0.00000
31.469,2,27473.000,166715,192000,3999.771,120.0,8,7,2,0.00000,0.00000,0.00000,0.00000,0.00000
31.571,0,31558.000,170815,192000,3999.354,120.0,8,8,2,0.00000,0.00000,0.00000,0.00000,0.00000
31.571,1,31558.000,170815,192000,3999.354,120.0,8,8,2,0.00000,0.00000,0.00000,0.00000,0.00000
31.571,2,27575.000,171610,192000,3999.792,120.0,8,7,2,0.00000,0.00000,0.00000,0.00000,0.00000
31.672,0,31659.000,175671,192000,3999.188,120.0,8,8,2,0.00000,0.00000,0.00000,0.00000,0.00000
31.672,1,31659.000,175671,192000,3999.188,120.0,8,8,2,0.00000,0.00000,0.00000,0.00000,0.00000
31.672,2,27676.000,176466,192000,3999.625,120.0,8,7,2,0.00000,0.00000,0.00000,0.00000,0.00000
31.774,0,31761.000,180541,192000,3999.729,120.0,8,8,2,0.00000,0.00000,0.00000,0.00000,0.00000
31.774,1,31761.000,180541,192000,3999.729,120.0,8,8,2,0.00000,0.00000,0.00000,0.00000,0.00000
31.774,2,27777.000,181336,192000,3999.167,120.0,8,7,2,0.00000,0.00000,0.00000,0.00000,0.00000
31.875,0,31862.000,185384,192000,3999.833,120.0,8,8,2,0.00000,0.00000,0.00000,0.00000,0.00000
31.875,1,31862.000,185384,192000,3999.833,120.0,8,8,2,0.00000,0.00000,0.00000,0.00000,0.00000
31.875,2,27878.000,186179,192000,3999.271,120.0,8,7,2,0.00000,0.00000,0.00000,0.00000,0.00000
31.975,0,31962.000,190202,192000,3999.458,120.0,8,8,2,0.00000,0.00000,0.00000,0.00000,0.00000
31.975,1,31962.000,190202,192000,3999.458,120.0,8,8,2,0.00000,0.00000,0.00000,0.00000,0.00000
31.975,2,27979.000,190997,192000,3999.896,120.0,8,7,2,0.00000,0.00000,0.00000,0.00000,0.00000
32.077,0,32064.000,3108,192000,3999.250,120.0,8,9,2,0.10573,0.10573,0.10566,0.00000,0.00000
32.077,1,32064.000,3108,192000,3999.250,120.0,8,9,2,0.10566,0.10540,0.10566,0.00000,0.00000
32.077,2,28081.000,3903,192000,3999.688,120.0,8,8,2,0.09860,0.09812,0.09860,0.00000,0.00000
32.179,0,32166.000,7994,192000,3999.458,120.0,8,9,2,0.06924,0.06924,0.06919,0.00000,0.00000
32.179,1,32166.000,7994,192000,3999.458,120.0,8,9,2,0.06919,0.06902,0.06919,0.00000,0.00000
32.179,2,28183.000,8789,192000,3999.896,120.0,8,8,2,0.06457,0.06426,0.06457,0.00000,0.00000
32.279,0,32266.000,12800,192000,3999.333,120.0,8,9,2,0.04565,0.04565,0.04563,0.00000,0.00000
32.279,1,32266.000,12800,192000,3999.333,120.0,8,9,2,0.04563,0.04551,0.04563,0.00000,0.00000
32.279,2,28283.000,13595,192000,3999.771,120.0,8,8,2,0.04258,0.04237,0.04258,0.00000,0.00000
32.381,0,32368.000,17688,192000,3999.500,120.0,8,9,2,0.02989,0.02989,0.02987,0.00000,0.00000
32.381,1,32368.000,17688,192000,3999.500,120.0,8,9,2,0.02987,0.02980,0.02987,0.00000,0.00000
32.381,2,28385.000,18483,192000,3999.938,120.0,8,8,2,0.02788,0.02774,0.02788,0.00000,0.00000
32.482,0,32469.000,22551,192000,3999.188,120.0,8,9,2,0.01961,0.01961,0.01960,0.00000,0.00000
32.482,1,32469.000,22551,192000,3999.188,120.0,8,9,2,0.01960,0.01955,0.01960,0.00000,0.00000
32.482,2,28486.000,23346,192000,3999.625,120.0,8,8,2,0.01829,0.01820,0.01829,0.00000,0.00000
32.585,0,32572.000,27461,192000,3999.896,120.0,8,9,2,0.01282,0.01282,0.01281,0.00000,0.00000
32.585,1,32572.000,27461,192000,3999.896,120.0,8,9,2,0.01281,0.01278,0.01281,0.00000,0.00000
32.585,2,28588.000,28256,192000,3999.333,120.0,8,8,2,0.01195,0.01190,0.01195,0.00000,0.00000
32.687,0,32674.000,32366,192000,3999.708,120.0,8,9,2,0.00838,0.00838,0.00837,0.00000,0.00000
32.687,1,32674.000,32366,192000,3999.708,120.0,8,9,2,0.00837,0.00835,0.00837,0.00000,0.00000
32.687,2,28690.000,33161,192000,3999.146,120.0,8,8,2,0.00782,0.00778,0.00782,0.00000,0.00000
32.789,0,32776.000,37284,192000,3999.250,120.0,8,9,2,0.00547,0.00547,0.00547,0.00000,0.00000
32.789,1,32776.000,37284,192000,3999.250,120.0,8,9,2,0.00547,0.00546,0.00547,0.00000,0.00000
32.789,2,28793.000,38079,192000,3999.688,120.0,8,8,2,0.00510,0.00508,0.00510,0.00000,0.00000
32.891,0,32878.000,42174,192000,3999.375,120.0,8,9,2,0.00358,0.00358,0.00358,0.00000,0.00000
32.891,1,32878.000,42174,192000,3999.375,120.0,8,9,2,0.00358,0.00357,0.00358,0.00000,0.00000
32.891,2,28895.000,42969,192000,3999.812,120.0,8,8,2,0.00334,0.00332,0.00334,0.00000,0.00000
32.993,0,32980.000,47058,192000,3999.625,120.0,8,9,2,0.00235,0.00235,0.00234,0.00000,0.00000
32.993,1,32980.000,47058,192000,3999.625,120.0,8,9,2,0.00234,0.00234,0.00234,0.00000,0.00000
32.993,2,28996.000,47853,192000,3999.062,120.0,8,8,2,0.00219,0.00218,0.00219,0.00000,0.00000
33.096,0,33083.000,51987,192000,3999.938,120.0,8,9,2,0.00153,0.00153,0.00153,0.00000,0.00000
33.096,1,33083.000,51987,192000,3999.938,120.0,8,9,2,0.00153,0.00153,0.00153,0.00000,0.00000
33.096,2,29099.000,52782,192000,3999.375,120.0,8,8,2,0.00143,0.00142,0.00143,0.00000,0.00000
33.198,0,33185.000,56901,192000,3999.562,120.0,8,9,2,0.00100,0.00100,0.00100,0.00000,0.00000
33.198,1,33185.000,56901,192000,3999.562,120.0,8,9,2,0.00100,0.00100,0.00100,0.00000,0.00000
33.198,2,29202.000,57696,192000,0.000,120.0,8,8,2,0.00093,0.00093,0.00093,0.00000,0.00000
33.300,0,33287.000,61791,192000,3999.688,120.0,8,9,2,0.00065,0.00065,0.00065,0.00000,0.00000
33.300,1,33287.000,61791,192000,3999.688,120.0,8,9,2,0.00065,0.00065,0.00065,0.00000,0.00000
33.300,2,29303.000,62586,192000,3999.125,120.0,8,8,2,0.00061,0.00061,0.00061,0.00000,0.00000
33.403,0,33390.000,66721,192000,3999.979,120.0,8,9,2,0.00043,0.00043,0.00043,0.00000,0.00000
33.403,1,33390.000,66721,192000,3999.979,120.0,8,9,2,0.00043,0.00043,0.00043,0.00000,0.00000
33.403,2,29406.000,67516,192000,3999.417,120.0,8,8,2,0.00040,0.00040,0.00040,0.00000,0.00000
33.504,0,33491.000,71590,192000,3999.542,120.0,8,9,2,0.00028,0.00028,0.00028,0.00000,0.00000
33.504,1,33491.000,71590,192000,3999.542,120.0,8,9,2,0.00028,0.00028,0.00028,0.00000,0.00000
33.504,2,29508.000,72385,192000,3999.979,120.0,8,8,2,0.00026,0.00026,0.00026,0.00000,0.00000
33.605,0,33592.000,76436,192000,3999.583,120.0,8,9,2,0.00018,0.00018,0.00018,0.00000,0.00000
33.605,1,33592.000,76436,192000,3999.583,120.0,8,9,2,0.00018,0.00018,0.00018,0.00000,0.00000
33.605,2,29608.000,77231,192000,3999.021,120.0,8,8,2,0.00017,0.00017,0.00017,0.00000,0.00000
33.706,0,33693.000,81285,192000,3999.562,120.0,8,9,2,0.00012,0.00012,0.00012,0.00000,0.00000
33.706,1,33693.000,81285,192000,3999.562,120.0,8,9,2,0.00012,0.00012,0.00012,0.00000,0.00000
33.706,2,29710.000,82080,192000,0.000,120.0,8,8,2,0.00011,0.00011,0.00011,0.00000,0.00000
33.806,0,33793.000,86099,192000,3999.271,120.0,8,9,2,0.00008,0.00008,0.00008,0.00000,0.00000
33.806,1,33793.000,86099,192000,3999.271,120.0,8,9,2,0.00008,0.00008,0.00008,0.00000,0.00000
33.806,2,29810.000,86894,192000,3999.708,120.0,8,8,2,0.00007,0.00007,0.00007,0.00000,0.00000
33.907,0,33894.000,90955,192000,3999.104,120.0,8,9,2,0.00005,0.00005,0.00005,0.00000,0.00000
33.907,1,33894.000,90955,192000,3999.104,120.0,8,9,2,0.00005,0.00005,0.00005,0.00000,0.00000
33.907,2,29911.000,91750,192000,3999.542,120.0,8,8,2,0.00005,0.00005,0.00005,0.00000,0.00000
34.007,0,33994.000,95757,192000,3999.062,120.0,8,9,2,0.00003,0.00003,0.00003,0.00000,0.00000
34.007,1,33994.000,95757,192000,3999.062,120.0,8,9,2,0.00003,0.00003,0.00003,0.00000,0.00000
34.007,2,30011.000,96552,192000,3999.500,120.0,8,8,2,0.00003,0.00003,0.00003,0.00000,0.00000
34.110,0,34097.000,100676,192000,3999.583,120.0,8,9,2,0.00002,0.00002,0.00002,0.00000,0.00000
34.110,1,34097.000,100676,192000,3999.583,120.0,8,9,2,0.00002,0.00002,0.00002,0.00000,0.00000
34.110,2,30113.000,101471,192000,3999.021,120.0,8,8,2,0.00002,0.00002,0.00002,0.00000,0.00000
34.211,0,34198.000,105538,192000,3999.292,120.0,8,9,2,0.00001,0.00001,0.00001,0.00000,0.00000
34.211,1,34198.000,105538,192000,3999.292,120.0,8,9,2,0.00001,0.00001,0.00001,0.00000,0.00000
34.211,2,30215.000,106333,192000,3999.729,120.0,8,8,2,0.00001,0.00001,0.00001,0.00000,0.00000
34.314,0,34301.000,110462,192000,3999.708,120.0,8,9,2,0.00001,0.00001,0.00001,0.00000,0.00000
34.314,1,34301.000,110462,192000,3999.708,120.0,8,9,2,0.00001,0.00001,0.00001,0.00000,0.00000
34.314,2,30317.000,111257,192000,3999.146,120.0,8,8,2,0.00001,0.00001,0.00001,0.00000,0.00000
34.415,0,34402.000,115296,192000,0.000,120.0,8,9,2,0.00001,0.00001,0.00001,0.00000,0.00000
34.415,1,34402.000,115296,192000,0.000,120.0,8,9,2,0.00001,0.00001,0.00001,0.00000,0.00000
34.415,2,30418.000,116091,192000,3999.438,120.0,8,8,2,0.00001,0.00001,0.00001,0.00000,0.00000
34.516,0,34503.000,120166,192000,3999.542,120.0,8,9,2,0.00000,0.00000,0.00000,0.00000,0.00000
34.516,1,34503.000,120166,192000,3999.542,120.0,8,9,2,0.00000,0.00000,0.00000,0.00000,0.00000
34.516,2,30520.000,120961,192000,3999.979,120.0,8,8,2,0.00000,0.00000,0.00000,0.00000,0.00000
34.617,0,34604.000,125001,192000,3999.812,120.0,8,9,2,0.00000,0.00000,0.00000,0.00000,0.00000
34.617,1,34604.000,125001,192000,3999.812,120.0,8,9,2,0.00000,0.00000,0.00000,0.00000,0.00000
34.617,2,30620.000,125796,192000,3999.250,120.0,8,8,2,0.00000,0.00000,0.00000,0.00000,0.00000
34.717,0,34704.000,129804,192000,3999.750,120.0,8,9,2,0.00000,0.00000,0.00000,0.00000,0.00000
34.717,1,34704.000,129804,192000,3999.750,120.0,8,9,2,0.00000,0.00000,0.00000,0.00000,0.00000
34.717,2,30720.000,130599,192000,3999.188,120.0,8,8,2,0.00000,0.00000,0.00000,0.00000,0.00000
34.819,0,34806.000,134690,192000,3999.958,120.0,8,9,2,0.00000,0.00000,0.00000,0.00000,0.00000
34.819,1,34806.000,134690,192000,3999.958,120.0,8,9,2,0.00000,0.00000,0.00000,0.00000,0.00000
34.819,2,30822.000,135485,192000,3999.396,120.0,8,8,2,0.00000,0.00000,0.00000,0.00000,0.00000
34.921,0,34908.000,139600,192000,3999.667,120.0,8,9,2,0.00000,0.00000,0.00000,0.00000,0.00000
34.921,1,34908.000,139600,192000,3999.667,120.0,8,9,2,0.00000,0.00000,0.00000,0.00000,0.00000
34.921,2,30924.000,140395,192000,3999.104,120.0,8,8,2,0.00000,0.00000,0.00000,0.00000,0.00000
35.023,0,35010.000,144518,192000,3999.208,120.0,8,9,2,0.00000,0.00000,0.00000,0.00000,0.00000
35.023,1,35010.000,144518,192000,3999.208,120.0,8,9,2,0.00000,0.00000,0.00000,0.00000,0.00000
35.023,2,31027.000,145313,192000,3999.646,120.0,8,8,2,0.00000,0.00000,0.00000,0.00000,0.00000
35.124,0,35111.000,149347,192000,3999.604,120.0,8,9,2,0.00000,0.00000,0.00000,0.00000,0.00000
35.124,1,35111.000,149347,192000,3999.604,120.0,8,9,2,0.00000,0.00000,0.00000,0.00000,0.00000
35.124,2,31127.000,150142,192000,3999.042,120.0,8,8,2,0.00000,0.00000,0.00000,0.00000,0.00000
35.225,0,35212.000,154206,192000,3999.375,120.0,8,9,2,0.00000,0.00000,0.00000,0.00000,0.00000
35.225,1,35212.000,154206,192000,3999.375,120.0,8,9,2,0.00000,0.00000,0.00000,0.00000,0.00000
35.225,2,31229.000,155001,192000,3999.812,120.0,8,8,2,0.00000,0.00000,0.00000,0.00000,0.00000
35.327,0,35314.000,159083,192000,3999.771,120.0,8,9,2,0.00000,0.00000,0.00000,0.00000,0.00000
35.327,1,35314.000,159083,192000,3999.771,120.0,8,9,2,0.00000,0.00000,0.00000,0.00000,0.00000
35.327,2,31330.000,159878,192000,3999.208,120.0,8,8,2,0.00000,0.00000,0.00000,0.00000,0.00000
35.428,0,35415.000,163943,192000,3999.521,120.0,8,9,2,0.00000,0.00000,0.00000,0.00000,0.00000
35.428,1,35415.000,163943,192000,3999.521,120.0,8,9,2,0.00000,0.00000,0.00000,0.00000,0.00000
35.428,2,31432.000,164738,192000,3999.958,120.0,8,8,2,0.00000,0.00000,0.00000,0.00000,0.00000
35.529,0,35516.000,168778,192000,3999.792,120.0,8,9,2,0.00000,0.00000,0.00000,0.00000,0.00000
35.529,1,35516.000,168778,192000,3999.792,120.0,8,9,2,0.00000,0.00000,0.00000,0.00000,0.00000
35.529,2,31532.000,169573,192000,3999.229,120.0,8,8,2,0.00000,0.00000,0.00000,0.00000,0.00000
35.631,0,35618.000,173681,192000,3999.646,120.0,8,9,2,0.00000,0.00000,0.00000,0.00000,0.00000
35.631,1,35618.000,173681,192000,3999.646,120.0,8,9,2,0.00000,0.00000,0.00000,0.00000,0.00000
35.631,2,31634.000,174476,192000,3999.083,120.0,8,8,2,0.00000,0.00000,0.00000,0.00000,0.00000
35.732,0,35719.000,178551,192000,3999.188,120.0,8,9,2,0.00000,0.00000,0.00000,0.00000,0.00000
35.732,1,35719.000,178551,192000,3999.188,120.0,8,9,2,0.00000,0.00000,0.00000,0.00000,0.00000
35.732,2,31736.000,179346,192000,3999.625,120.0,8,8,2,0.00000,0.00000,0.00000,0.00000,0.00000
35.833,0,35820.000,183390,192000,3999.375,120.0,8,9,2,0.00000,0.00000,0.00000,0.00000,0.00000
35.833,1,35820.000,183390,192000,3999.375,120.0,8,9,2,0.00000,0.00000,0.00000,0.00000,0.00000
35.833,2,31837.000,184185,192000,3999.812,120.0,8,8,2,0.00000,0.00000,0.00000,0.00000,0.00000
35.936,0,35923.000,188318,192000,3999.708,120.0,8,9,2,0.00000,0.00000,0.00000,0.00000,0.00000
35.936,1,35923.000,188318,192000,3999.708,120.0,8,9,2,0.00000,0.00000,0.00000,0.00000,0.00000
35.936,2,31939.000,189113,192000,3999.146,120.0,8,8,2,0.00000,0.00000,0.00000,0.00000,0.00000
36.038,0,36025.000,1222,192000,3999.542,120.0,8,10,2,0.00000,0.00000,0.00000,0.00000,0.00000
36.038,1,36025.000,1222,192000,3999.542,120.0,8,10,2,0.00000,0.00000,0.00000,0.00000,0.00000
36.038,2,32042.000,2017,192000,3999.979,120.0,8,9,2,0.00000,0.00000,0.00000,0.00000,0.00000
36.141,0,36128.000,6152,192000,3999.833,120.0,8,10,2,0.00000,0.00000,0.00000,0.00000,0.00000
36.141,1,36128.000,6152,192000,3999.833,120.0,8,10,2,0.00000,0.00000,0.00000,0.00000,0.00000
36.141,2,32144.000,6947,192000,3999.271,120.0,8,9,2,0.00000,0.00000,0.00000,0.00000,0.00000
36.242,0,36229.000,11006,192000,3999.708,120.0,8,10,2,0.00000,0.00000,0.00000,0.00000,0.00000
36.242,1,36229.000,11006,192000,3999.708,120.0,8,10,2,0.00000,0.00000,0.00000,0.00000,0.00000
36.242,2,32245.000,11801,192000,3999.146,120.0,8,9,2,0.00000,0.00000,0.00000,0.00000,0.00000
36.344,0,36331.000,15888,192000,0.000,120.0,8,10,2,0.00000,0.00000,0.00000,0.00000,0.00000
36.344,1,36331.000,15888,192000,0.000,120.0,8,10,2,0.00000,0.00000,0.00000,0.00000,0.00000
36.344,2,32347.000,16683,192000,3999.438,120.0,8,9,2,0.00000,0.00000,0.00000,0.00000,0.00000
36.446,0,36433.000,20822,192000,3999.208,120.0,8,10,2,0.00000,0.00000,0.00000,0.00000,0.00000
36.446,1,36433.000,20822,192000,3999.208,120.0,8,10,2,0.00000,0.00000,0.00000,0.00000,0.00000
36.446,2,32450.000,21617,192000,3999.646,120.0,8,9,2,0.00000,0.00000,0.00000,0.00000,0.00000
36.547,0,36534.000,25634,192000,3999.958,120.0,8,10,2,0.00000,0.00000,0.00000,0.00000,0.00000
36.547,1,36534.000,25634,192000,3999.958,120.0,8,10,2,0.00000,0.00000,0.00000,0.00000,0.00000
36.547,2,32550.000,26429,192000,3999.396,120.0,8,9,2,0.00000,0.00000,0.00000,0.00000,0.00000
36.649,0,36636.000,30548,192000,3999.583,120.0,8,10,2,0.00000,0.00000,0.00000,0.00000,0.00000
36.649,1,36636.000,30548,192000,3999.583,120.0,8,10,2,0.00000,0.00000,0.00000,0.00000,0.00000
36.649,2,32652.000,31343,192000,3999.021,120.0,8,9,2,0.00000,0.00000,0.00000,0.00000,0.00000
36.751,0,36738.000,35466,192000,3999.125,120.0,8,10,2,0.00000,0.00000,0.00000,0.00000,0.00000
36.751,1,36738.000,35466,192000,3999.125,120.0,8,10,2,0.00000,0.00000,0.00000,0.00000,0.00000
36.751,2,32755.000,36261,192000,3999.562,120.0,8,9,2,0.00000,0.00000,0.00000,0.00000,0.00000
36.854,0,36841.000,40379,192000,3999.771,120.0,8,10,2,0.00000,0.00000,0.00000,0.00000,0.00000
36.854,1,36841.000,40379,192000,3999.771,120.0,8,10,2,0.00000,0.00000,0.00000,0.00000,0.00000
36.854,2,32857.000,41174,192000,3999.208,120.0,8,9,2,0.00000,0.00000,0.00000,0.00000,0.00000
36.956,0,36943.000,45294,192000,3999.375,120.0,8,10,2,0.00000,0.00000,0.00000,0.00000,0.00000
36.956,1,36943.000,45294,192000,3999.375,120.0,8,10,2,0.00000,0.00000,0.00000,0.00000,0.00000
36.956,2,32960.000,46089,192000,3999.812,120.0,8,9,2,0.00000,0.00000,0.00000,0.00000,0.00000
37.058,0,37045.000,50174,192000,3999.708,120.0,8,10,2,0.00000,0.00000,0.00000,0.00000,0.00000
37.058,1,37045.000,50174,192000,3999.708,120.0,8,10,2,0.00000,0.00000,0.00000,0.00000,0.00000
37.058,2,33061.000,50969,192000,3999.146,120.0,8,9,2,0.00000,0.00000,0.00000,0.00000,0.00000
37.158,0,37145.000,54989,192000,3999.396,120.0,8,10,2,0.00000,0.00000,0.00000,0.00000,0.00000
37.158,1,37145.000,54989,192000,3999.396,120.0,8,10,2,0.00000,0.00000,0.00000,0.00000,0.00000
37.158,2,33162.000,55784,192000,3999.833,120.0,8,9,2,0.00000,0.00000,0.00000,0.00000,0.00000
37.260,0,37247.000,59898,192000,3999.125,120.0,8,10,2,0.00000,0.00000,0.00000,0.00000,0.00000
37.260,1,37247.000,59898,192000,3999.125,120.0,8,10,2,0.00000,0.00000,0.00000,0.00000,0.00000
37.260,2,33264.000,60693,192000,3999.562,120.0,8,9,2,0.00000,0.00000,0.00000,0.00000,0.00000
37.361,0,37348.000,64746,192000,3999.125,120.0,8,10,2,0.00000,0.00000,0.00000,0.00000,0.00000
37.361,1,37348.000,64746,192000,3999.125,120.0,8,10,2,0.00000,0.00000,0.00000,0.00000,0.00000
37.361,2,33365.000,65541,192000,3999.562,120.0,8,9,2,0.00000,0.00000,0.00000,0.00000,0.00000
37.463,0,37450.000,69616,192000,3999.667,120.0,8,10,2,0.00000,0.00000,0.00000,0.00000,0.00000
37.463,1,37450.000,69616,192000,3999.667,120.0,8,10,2,0.00000,0.00000,0.00000,0.00000,0.00000
37.463,2,33466.000,70411,192000,3999.104,120.0,8,9,2,0.00000,0.00000,0.00000,0.00000,0.00000
37.565,0,37552.000,74540,192000,3999.083,120.0,8,10,2,0.00000,0.00000,0.00000,0.00000,0.00000
37.565,1,37552.000,74540,192000,3999.083,120.0,8,10,2,0.00000,0.00000,0.00000,0.00000,0.00000
37.565,2,33569.000,75335,192000,3999.521,120.0,8,9,2,0.00000,0.00000,0.00000,0.00000,0.00000
37.667,0,37654.000,79392,192000,0.000,120.0,8,10,2,0.00000,0.00000,0.00000,0.00000,0.00000
37.667,1,37654.000,79392,192000,0.000,120.0,8,10,2,0.00000,0.00000,0.00000,0.00000,0.00000
37.667,2,33670.000,80187,192000,3999.438,120.0,8,9,2,0.00000,0.00000,0.00000,0.00000,0.00000
37.767,0,37754.000,84205,192000,3999.729,120.0,8,10,2,0.00000,0.00000,0.00000,0.00000,0.00000
37.767,1,37754.000,84205,192000,3999.729,120.0,8,10,2,0.00000,0.00000,0.00000,0.00000,0.00000
37.767,2,33770.000,85000,192000,3999.167,120.0,8,9,2,0.00000,0.00000,0.00000,0.00000,0.00000
37.869,0,37856.000,89089,192000,3999.979,120.0,8,10,2,0.00000,0.00000,0.00000,0.00000,0.00000
37.869,1,37856.000,89089,192000,3999.979,120.0,8,10,2,0.00000,0.00000,0.00000,0.00000,0.00000
37.869,2,33872.000,89884,192000,3999.417,120.0,8,9,2,0.00000,0.00000,0.00000,0.00000,0.00000
37.970,0,37957.000,93971,192000,3999.271,120.0,8,10,2,0.00000,0.00000,0.00000,0.00000,0.00000
37.970,1,37957.000,93971,192000,3999.271,120.0,8,10,2,0.00000,0.00000,0.00000,0.00000,0.00000
37.970,2,33974.000,94766,192000,3999.708,120.0,8,9,2,0.00000,0.00000,0.00000,0.00000,0.00000
38.071,0,38058.000,98787,192000,3999.938,120.0,8,10,2,0.00000,0.00000,0.00000,0.00000,0.00000
38.071,1,38058.000,98787,192000,3999.938,120.0,8,10,2,0.00000,0.00000,0.00000,0.00000,0.00000
38.071,2,34074.000,99582,192000,3999.375,120.0,8,9,2,0.00000,0.00000,0.00000,0.00000,0.00000
38.173,0,38160.000,103702,192000,3999.542,120.0,8,10,2,0.00000,0.00000,0.00000,0.00000,0.00000
38.173,1,38160.000,103702,192000,3999.542,120.0,8,10,2,0.00000,0.00000,0.00000,0.00000,0.00000
38.173,2,34177.000,104497,192000,3999.979,120.0,8,9,2,0.00000,0.00000,0.00000,0.00000,0.00000
38.275,0,38262.000,108608,192000,3999.333,120.0,8,10,2,0.00000,0.00000,0.00000,0.00000,0.00000
38.275,1,38262.000,108608,192000,3999.333,120.0,8,10,2,0.00000,0.00000,0.00000,0.00000,0.00000
38.275,2,34279.000,109403,192000,3999.771,120.0,8,9,2,0.00000,0.00000,0.00000,0.00000,0.00000
38.377,0,38364.000,113477,192000,3999.896,120.0,8,10,2,0.00000,0.00000,0.00000,0.00000,0.00000
38.377,1,38364.000,113477,192000,3999.896,120.0,8,10,2,0.00000,0.00000,0.00000,0.00000,0.00000
38.377,2,34380.000,114272,192000,3999.333,120.0,8,9,2,0.00000,0.00000,0.00000,0.00000,0.00000
38.477,0,38464.000,118306,192000,3999.292,120.0,8,10,2,0.00000,0.00000,0.00000,0.00000,0.00000
38.477,1,38464.000,118306,192000,3999.292,120.0,8,10,2,0.00000,0.00000,0.00000,0.00000,0.00000
38.477,2,34481.000,119101,192000,3999.729,120.0,8,9,2,0.00000,0.00000,0.00000,0.00000,0.00000
38.580,0,38567.000,123246,192000,3999.375,120.0,8,10,2,0.00000,0.00000,0.00000,0.00000,0.00000
38.580,1,38567.000,123246,192000,3999.375,120.0,8,10,2,0.00000,0.00000,0.00000,0.00000,0.00000
38.580,2,34584.000,124041,192000,3999.812,120.0,8,9,2,0.00000,0.00000,0.00000,0.00000,0.00000
38.682,0,38669.000,128131,192000,3999.604,120.0,8,10,2,0.00000,0.00000,0.00000,0.00000,0.00000
38.682,1,38669.000,128131,192000,3999.604,120.0,8,10,2,0.00000,0.00000,0.00000,0.00000,0.00000
38.682,2,34685.000,128926,192000,3999.042,120.0,8,9,2,0.00000,0.00000,0.00000,0.00000,0.00000
38.784,0,38771.000,133008,192000,0.000,120.0,8,10,2,0.00000,0.00000,0.00000,0.00000,0.00000
38.784,1,38771.000,133008,192000,0.000,120.0,8,10,2,0.00000,0.00000,0.00000,0.00000,0.00000
38.784,2,34787.000,133803,192000,3999.438,120.0,8,9,2,0.00000,0.00000,0.00000,0.00000,0.00000
38.885,0,38872.000,137885,192000,3999.396,120.0,8,10,2,0.00000,0.00000,0.00000,0.00000,0.00000
38.885,1,38872.000,137885,192000,3999.396,120.0,8,10,2,0.00000,0.00000,0.00000,0.00000,0.00000
38.885,2,34889.000,138680,192000,3999.833,120.0,8,9,2,0.00000,0.00000,0.00000,0.00000,0.00000
38.987,0,38974.000,142767,192000,3999.688,120.0,8,10,2,0.00000,0.00000,0.00000,0.00000,0.00000
38.987,1,38974.000,142767,192000,3999.688,120.0,8,10,2,0.00000,0.00000,0.00000,0.00000,0.00000
38.987,2,34990.000,143562,192000,3999.125,120.0,8,9,2,0.00000,0.00000,0.00000,0.00000,0.00000
39.088,0,39075.000,147644,192000,3999.083,120.0,8,10,2,0.00000,0.00000,0.00000,0.00000,0.00000
39.088,1,39075.000,147644,192000,3999.083,120.0,8,10,2,0.00000,0.00000,0.00000,0.00000,0.00000
39.088,2,35092.000,148439,192000,3999.521,120.0,8,9,2,0.00000,0.00000,0.00000,0.00000,0.00000
39.188,0,39175.000,152447,192000,3999.021,120.0,8,10,2,0.00000,0.00000,0.00000,0.00000,0.00000
39.188,1,39175.000,152447,192000,3999.021,120.0,8,10,2,0.00000,0.00000,0.00000,0.00000,0.00000
39.188,2,35192.000,153242,192000,3999.458,120.0,8,9,2,0.00000,0.00000,0.00000,0.00000,0.00000
39.291,0,39278.000,157349,192000,3999.896,120.0,8,10,2,0.00000,0.00000,0.00000,0.00000,0.00000
39.291,1,39278.000,157349,192000,3999.896,120.0,8,10,2,0.00000,0.00000,0.00000,0.00000,0.00000
39.291,2,35294.000,158144,192000,3999.333,120.0,8,9,2,0.00000,0.00000,0.00000,0.00000,0.00000
39.393,0,39380.000,162261,192000,3999.562,120.0,8,10,2,0.00000,0.00000,0.00000,0.00000,0.00000
39.393,1,39380.000,162261,192000,3999.562,120.0,8,10,2,0.00000,0.00000,0.00000,0.00000,0.00000
39.393,2,35397.000,163056,192000,0.000,120.0,8,9,2,0.00000,0.00000,0.00000,0.00000,0.00000
39.495,0,39482.000,167156,192000,3999.583,120.0,8,10,2,0.00000,0.00000,0.00000,0.00000,0.00000
39.495,1,39482.000,167156,192000,3999.583,120.0,8,10,2,0.00000,0.00000,0.00000,0.00000,0.00000
39.495,2,35498.000,167951,192000,3999.021,120.0,8,9,2,0.00000,0.00000,0.00000,0.00000,0.00000
39.597,0,39584.000,172064,192000,3999.333,120.0,8,10,2,0.00000,0.00000,0.00000,0.00000,0.00000
39.597,1,39584.000,172064,192000,3999.333,120.0,8,10,2,0.00000,0.00000,0.00000,0.00000,0.00000
39.597,2,35601.000,172859,192000,3999.771,120.0,8,9,2,0.00000,0.00000,0.00000,0.00000,0.00000
39.698,0,39685.000,176923,192000,3999.104,120.0,8,10,2,0.00000,0.00000,0.00000,0.00000,0.00000
39.698,1,39685.000,176923,192000,3999.104,120.0,8,10,2,0.00000,0.00000,0.00000,0.00000,0.00000
39.698,2,35702.000,177718,192000,3999.542,120.0,8,9,2,0.00000,0.00000,0.00000,0.00000,0.00000
39.799,0,39786.000,181760,192000,3999.333,120.0,8,10,2,0.00000,0.00000,0.00000,0.00000,0.00000
39.799,1,39786.000,181760,192000,3999.333,120.0,8,10,2,0.00000,0.00000,0.00000,0.00000,0.00000
39.799,2,35803.000,182555,192000,3999.771,120.0,8,9,2,0.00000,0.00000,0.00000,0.00000,0.00000
39.902,0,39889.000,186692,192000,3999.583,120.0,8,10,2,0.00000,0.00000,0.00000,0.00000,0.00000
39.902,1,39889.000,186692,192000,3999.583,120.0,8,10,2,0.00000,0.00000,0.00000,0.00000,0.00000
39.902,2,35905.000,187487,192000,3999.021,120.0,8,9,2,0.00000,0.00000,0.00000,0.00000,0.00000
40.002,0,39989.000,191497,192000,3999.479,120.0,8,10,2,0.00000,0.00000,0.00000,0.00000,0.00000
40.002,1,39989.000,191497,192000,3999.479,120.0,8,10,2,0.00000,0.00000,0.00000,0.00000,0.00000
40.002,2,36006.000,292,192000,3999.917,120.0,8,10,2,0.00000,0.00000,0.00000,0.00000,0.00000
40.104,0,40091.000,4396,192000,3999.417,120.0,8,11,2,0.00000,0.00000,0.00000,0.00000,0.00000
40.104,1,40091.000,4396,192000,3999.417,120.0,8,11,2,0.00000,0.00000,0.00000,0.00000,0.00000
40.104,2,36108.000,5191,192000,3999.854,120.0,8,10,2,0.00000,0.00000,0.00000,0.00000,0.00000
40.204,0,40191.000,9204,192000,3999.250,120.0,8,11,2,0.00000,0.00000,0.00000,0.00000,0.00000
40.204,1,40191.000,9204,192000,3999.250,120.0,8,11,2,0.00000,0.00000,0.00000,0.00000,0.00000
40.204,2,36208.000,9999,192000,3999.688,120.0,8,10,2,0.00000,0.00000,0.00000,0.00000,0.00000
40.304,0,40291.000,14009,192000,3999.146,120.0,8,11,2,0.00000,0.00000,0.00000,0.00000,0.00000
40.304,1,40291.000,14009,192000,3999.146,120.0,8,11,2,0.00000,0.00000,0.00000,0.00000,0.00000
40.304,2,36308.000,14804,192000,3999.583,120.0,8,10,2,0.00000,0.00000,0.00000,0.00000,0.00000
40.407,0,40394.000,18931,192000,3999.604,120.0,8,11,2,0.00000,0.00000,0.00000,0.00000,0.00000
40.407,1,40394.000,18931,192000,3999.604,120.0,8,11,2,0.00000,0.00000,0.00000,0.00000,0.00000
40.407,2,36410.000,19726,192000,3999.042,120.0,8,10,2,0.00000,0.00000,0.00000,0.00000,0.00000
40.508,0,40495.000,23799,192000,3999.188,120.0,8,11,2,0.00000,0.00000,0.00000,0.00000,0.00000
40.508,1,40495.000,23799,192000,3999.188,120.0,8,11,2,0.00000,0.00000,0.00000,0.00000,0.00000
40.508,2,36512.000,24594,192000,3999.625,120.0,8,10,2,0.00000,0.00000,0.00000,0.00000,0.00000
40.610,0,40597.000,28702,192000,3999.042,120.0,8,11,2,0.00000,0.00000,0.00000,0.00000,0.00000
40.610,1,40597.000,28702,192000,3999.042,120.0,8,11,2,0.00000,0.00000,0.00000,0.00000,0.00000
40.610,2,36614.000,29497,192000,3999.479,120.0,8,10,2,0.00000,0.00000,0.00000,0.00000,0.00000
40.711,0,40698.000,33535,192000,3999.354,120.0,8,11,2,0.00000,0.00000,0.00000,0.00000,0.00000
40.711,1,40698.000,33535,192000,3999.354,120.0,8,11,2,0.00000,0.00000,0.00000,0.00000,0.00000
40.711,2,36715.000,34330,192000,3999.792,120.0,8,10,2,0.00000,0.00000,0.00000,0.00000,0.00000
40.813,0,40800.000,38413,192000,3999.729,120.0,8,11,2,0.00000,0.00000,0.00000,0.00000,0.00000
40.813,1,40800.000,38413,192000,3999.729,120.0,8,11,2,0.00000,0.00000,0.00000,0.00000,0.00000
40.813,2,36816.000,39208,192000,3999.167,120.0,8,10,2,0.00000,0.00000,0.00000,0.00000,0.00000
40.914,0,40901.000,43289,192000,3999.146,120.0,8,11,2,0.00000,0.00000,0.00000,0.00000,0.00000
40.914,1,40901.000,43289,192000,3999.146,120.0,8,11,2,0.00000,0.00000,0.00000,0.00000,0.00000
40.914,2,36918.000,44084,192000,3999.583,120.0,8,10,2,0.00000,0.00000,0.00000,0.00000,0.00000
41.015,0,41002.000,48136,192000,3999.167,120.0,8,11,2,0.00000,0.00000,0.00000,0.00000,0.00000
41.015,1,41002.000,48136,192000,3999.167,120.0,8,11,2,0.00000,0.00000,0.00000,0.00000,0.00000
41.015,2,37019.000,48931,192000,3999.604,120.0,8,10,2,0.00000,0.00000,0.00000,0.00000,0.00000
41.117,0,41104.000,53032,192000,3999.167,120.0,8,11,2,0.00000,0.00000,0.00000,0.00000,0.00000
41.117,1,41104.000,53032,192000,3999.167,120.0,8,11,2,0.00000,0.00000,0.00000,0.00000,0.00000
41.117,2,37121.000,53827,192000,3999.604,120.0,8,10,2,0.00000,0.00000,0.00000,0.00000,0.00000
41.218,0,41205.000,57877,192000,3999.229,120.0,8,11,2,0.00000,0.00000,0.00000,0.00000,0.00000
41.218,1,41205.000,57877,192000,3999.229,120.0,8,11,2,0.00000,0.00000,0.00000,0.00000,0.00000
41.218,2,37222.000,58672,192000,3999.667,120.0,8,10,2,0.00000,0.00000,0.00000,0.00000,0.00000
41.318,0,41305.000,62678,192000,3999.208,120.0,8,11,2,0.00000,0.00000,0.00000,0.00000,0.00000
41.318,1,41305.000,62678,192000,3999.208,120.0,8,11,2,0.00000,0.00000,0.00000,0.00000,0.00000
41.318,2,37322.000,63473,192000,3999.646,120.0,8,10,2,0.00000,0.00000,0.00000,0.00000,0.00000
41.421,0,41408.000,67589,192000,3999.896,120.0,8,11,2,0.00000,0.00000,0.00000,0.00000,0.00000
41.421,1,41408.000,67589,192000,3999.896,120.0,8,11,2,0.00000,0.00000,0.00000,0.00000,0.00000
41.421,2,37424.000,68384,192000,3999.333,120.0,8,10,2,0.00000,0.00000,0.00000,0.00000,0.00000
41.523,0,41510.000,72522,192000,3999.125,120.0,8,11,2,0.00000,0.00000,0.00000,0.00000,0.00000
41.523,1,41510.000,72522,192000,3999.125,120.0,8,11,2,0.00000,0.00000,0.00000,0.00000,0.00000
41.523,2,37527.000,73317,192000,3999.562,120.0,8,10,2,0.00000,0.00000,0.00000,0.00000,0.00000
41.624,0,41611.000,77346,192000,3999.625,120.0,8,11,2,0.00000,0.00000,0.00000,0.00000,0.00000
41.624,1,41611.000,77346,192000,3999.625,120.0,8,11,2,0.00000,0.00000,0.00000,0.00000,0.00000
41.624,2,37627.000,78141,192000,3999.062,120.0,8,10,2,0.00000,0.00000,0.00000,0.00000,0.00000
41.726,0,41713.000,82254,192000,3999.375,120.0,8,11,2,0.00000,0.00000,0.00000,0.00000,0.00000
41.726,1,41713.000,82254,192000,3999.375,120.0,8,11,2,0.00000,0.00000,0.00000,0.00000,0.00000
41.726,2,37730.000,83049,192000,3999.812,120.0,8,10,2,0.00000,0.00000,0.00000,0.00000,0.00000
41.827,0,41814.000,87106,192000,3999.292,120.0,8,11,2,0.00000,0.00000,0.00000,0.00000,0.00000
41.827,1,41814.000,87106,192000,3999.292,120.0,8,11,2,0.00000,0.00000,0.00000,0.00000,0.00000
41.827,2,37831.000,87901,192000,3999.729,120.0,8,10,2,0.00000,0.00000,0.00000,0.00000,0.00000
41.929,0,41916.000,92009,192000,3999.146,120.0,8,11,2,0.00000,0.00000,0.00000,0.00000,0.00000
41.929,1,41916.000,92009,192000,3999.146,120.0,8,11,2,0.00000,0.00000,0.00000,0.00000,0.00000
41.929,2,37933.000,92804,192000,3999.583,120.0,8,10,2,0.00000,0.00000,0.00000,0.00000,0.00000
42.031,0,42018.000,96901,192000,3999.229,120.0,8,11,2,0.00000,0.00000,0.00000,0.00000,0.00000
42.031,1,42018.000,96901,192000,3999.229,120.0,8,11,2,0.00000,0.00000,0.00000,0.00000,0.00000
42.031,2,38035.000,97696,192000,3999.667,120.0,8,10,2,0.00000,0.00000,0.00000,0.00000,0.00000
42.136,0,42123.000,101939,192000,3999.271,120.0,8,11,2,0.00000,0.00000,0.00000,0.00000,0.00000
42.136,1,42123.000,101939,192000,3999.271,120.0,8,11,2,0.00000,0.00000,0.00000,0.00000,0.00000
42.136,2,38140.000,102734,192000,3999.708,120.0,8,10,2,0.00000,0.00000,0.00000,0.00000,0.00000
42.239,0,42226.000,106851,192000,3999.938,120.0,8,11,2,0.00000,0.00000,0.00000,0.00000,0.00000
42.239,1,42226.000,106851,192000,3999.938,120.0,8,11,2,0.00000,0.00000,0.00000,0.00000,0.00000
42.239,2,38242.000,107646,192000,3999.375,120.0,8,10,2,0.00000,0.00000,0.00000,0.00000,0.00000
42.340,0,42327.000,111704,192000,3999.833,120.0,8,11,2,0.00000,0.00000,0.00000,0.00000,0.00000
42.340,1,42327.000,111704,192000,3999.833,120.0,8,11,2,0.00000,0.00000,0.00000,0.00000,0.00000
42.340,2,38343.000,112499,192000,3999.271,120.0,8,10,2,0.00000,0.00000,0.00000,0.00000,0.00000
42.442,0,42429.000,116600,192000,3999.833,120.0,8,11,2,0.00000,0.00000,0.00000,0.00000,0.00000
42.442,1,42429.000,116600,192000,3999.833,120.0,8,11,2,0.00000,0.00000,0.00000,0.00000,0.00000
42.442,2,38445.000,117395,192000,3999.271,120.0,8,10,2,0.00000,0.00000,0.00000,0.00000,0.00000
42.543,0,42530.000,121482,192000,3999.125,120.0,8,11,2,0.00000,0.00000,0.00000,0.00000,0.00000
42.543,1,42530.000,121482,192000,3999.125,120.0,8,11,2,0.00000,0.00000,0.00000,0.00000,0.00000
42.543,2,38547.000,122277,192000,3999.562,120.0,8,10,2,0.00000,0.00000,0.00000,0.00000,0.00000
42.645,0,42632.000,126379,192000,3999.104,120.0,8,11,2,0.00000,0.00000,0.00000,0.00000,0.00000
42.645,1,42632.000,126379,192000,3999.104,120.0,8,11,2,0.00000,0.00000,0.00000,0.00000,0.00000
42.645,2,38649.000,127174,192000,3999.542,120.0,8,10,2,0.00000,0.00000,0.00000,0.00000,0.00000
42.747,0,42734.000,131248,192000,3999.667,120.0,8,11,2,0.00000,0.00000,0.00000,0.00000,0.00000
42.747,1,42734.000,131248,192000,3999.667,120.0,8,11,2,0.00000,0.00000,0.00000,0.00000,0.00000
42.747,2,38750.000,132043,192000,3999.104,120.0,8,10,2,0.00000,0.00000,0.00000,0.00000,0.00000
42.850,0,42837.000,136178,192000,3999.958,120.0,8,11,2,0.00000,0.00000,0.00000,0.00000,0.00000
42.850,1,42837.000,136178,192000,3999.958,120.0,8,11,2,0.00000,0.00000,0.00000,0.00000,0.00000
42.850,2,38853.000,136973,192000,3999.396,120.0,8,10,2,0.00000,0.00000,0.00000,0.00000,0.00000
42.951,0,42938.000,141041,192000,3999.646,120.0,8,11,2,0.00000,0.00000,0.00000,0.00000,0.00000
42.951,1,42938.000,141041,192000,3999.646,120.0,8,11,2,0.00000,0.00000,0.00000,0.00000,0.00000
42.951,2,38954.000,141836,192000,3999.083,120.0,8,10,2,0.00000,0.00000,0.00000,0.00000,0.00000
43.052,0,43039.000,145906,192000,3999.292,120.0,8,11,2,0.00000,0.00000,0.00000,0.00000,0.00000
43.052,1,43039.000,145906,192000,3999.292,120.0,8,11,2,0.00000,0.00000,0.00000,0.00000,0.00000
43.052,2,39056.000,146701,192000,3999.729,120.0,8,10,2,0.00000,0.00000,0.00000,0.00000,0.00000
43.154,0,43141.000,150809,192000,3999.146,120.0,8,11,2,0.00000,0.00000,0.00000,0.00000,0.00000
43.154,1,43141.000,150809,192000,3999.146,120.0,8,11,2,0.00000,0.00000,0.00000,0.00000,0.00000
43.154,2,39158.000,151604,192000,3999.583,120.0,8,10,2,0.00000,0.00000,0.00000,0.00000,0.00000
43.257,0,43244.000,155721,192000,3999.812,120.0,8,11,2,0.00000,0.00000,0.00000,0.00000,0.00000
43.257,1,43244.000,155721,192000,3999.812,120.0,8,11,2,0.00000,0.00000,0.00000,0.00000,0.00000
43.257,2,39260.000,156516,192000,3999.250,120.0,8,10,2,0.00000,0.00000,0.00000,0.00000,0.00000
43.358,0,43345.000,160595,192000,3999.271,120.0,8,11,2,0.00000,0.00000,0.00000,0.00000,0.00000
43.358,1,43345.000,160595,192000,3999.271,120.0,8,11,2,0.00000,0.00000,0.00000,0.00000,0.00000
43.358,2,39362.000,161390,192000,3999.708,120.0,8,10,2,0.00000,0.00000,0.00000,0.00000,0.00000
43.459,0,43446.000,165451,192000,3999.104,120.0,8,11,2,0.00000,0.00000,0.00000,0.00000,0.00000
43.459,1,43446.000,165451,192000,3999.104,120.0,8,11,2,0.00000,0.00000,0.00000,0.00000,0.00000
43.459,2,39463.000,166246,192000,3999.542,120.0,8,10,2,0.00000,0.00000,0.00000,0.00000,0.00000
43.562,0,43549.000,170367,192000,3999.688,120.0,8,11,2,0.00000,0.00000,0.00000,0.00000,0.00000
43.562,1,43549.000,170367,192000,3999.688,120.0,8,11,2,0.00000,0.00000,0.00000,0.00000,0.00000
43.562,2,39565.000,171162,192000,3999.125,120.0,8,10,2,0.00000,0.00000,0.00000,0.00000,0.00000
43.663,0,43650.000,175205,192000,3999.896,120.0,8,11,2,0.00000,0.00000,0.00000,0.00000,0.00000
43.663,1,43650.000,175205,192000,3999.896,120.0,8,11,2,0.00000,0.00000,0.00000,0.00000,0.00000
43.663,2,39666.000,176000,192000,3999.333,120.0,8,10,2,0.00000,0.00000,0.00000,0.00000,0.00000
43.764,0,43751.000,180068,192000,3999.583,120.0,8,11,2,0.00000,0.00000,0.00000,0.00000,0.00000
43.764,1,43751.000,180068,192000,3999.583,120.0,8,11,2,0.00000,0.00000,0.00000,0.00000,0.00000
43.764,2,39767.000,180863,192000,3999.021,120.0,8,10,2,0.00000,0.00000,0.00000,0.00000,0.00000
43.867,0,43854.000,185002,192000,3999.792,120.0,8,11,2,0.00000,0.00000,0.00000,0.00000,0.00000
43.867,1,43854.000,185002,192000,3999.792,120.0,8,11,2,0.00000,0.00000,0.00000,0.00000,0.00000
43.867,2,39870.000,185797,192000,3999.229,120.0,8,10,2,0.00000,0.00000,0.00000,0.00000,0.00000
43.970,0,43957.000,189946,192000,3999.792,120.0,8,11,2,0.00000,0.00000,0.00000,0.00000,0.00000
43.970,1,43957.000,189946,192000,3999.792,120.0,8,11,2,0.00000,0.00000,0.00000,0.00000,0.00000
43.970,2,39973.000,190741,192000,3999.229,120.0,8,10,2,0.00000,0.00000,0.00000,0.00000,0.00000
44.070,0,44057.000,2765,192000,3999.396,120.0,8,12,2,0.10876,0.10876,0.10865,0.00000,0.00000
44.070,1,44057.000,2765,192000,3999.396,120.0,8,12,2,0.10865,0.10859,0.10865,0.00000,0.00000
44.070,2,40074.000,3560,192000,3999.833,120.0,8,11,2,0.10313,0.10281,0.10313,0.00000,0.00000
44.171,0,44158.000,7620,192000,3999.250,120.0,8,12,2,0.07141,0.07141,0.07134,0.00000,0.00000
44.171,1,44158.000,7620,192000,3999.250,120.0,8,12,2,0.07134,0.07130,0.07134,0.00000,0.00000
44.171,2,40175.000,8415,192000,3999.688,120.0,8,11,2,0.06772,0.06751,0.06772,0.00000,0.00000
44.272,0,44259.000,12454,192000,3999.542,120.0,8,12,2,0.04697,0.04697,0.04693,0.00000,0.00000
44.272,1,44259.000,12454,192000,3999.542,120.0,8,12,2,0.04693,0.04690,0.04693,0.00000,0.00000
44.272,2,40276.000,13249,192000,3999.979,120.0,8,11,2,0.04454,0.04441,0.04454,0.00000,0.00000
44.373,0,44360.000,17318,192000,3999.208,120.0,8,12,2,0.03082,0.03082,0.03079,0.00000,0.00000
44.373,1,44360.000,17318,192000,3999.208,120.0,8,12,2,0.03079,0.03077,0.03079,0.00000,0.00000
44.373,2,40377.000,18113,192000,3999.646,120.0,8,11,2,0.02923,0.02914,0.02923,0.00000,0.00000
44.474,0,44461.000,22160,192000,3999.333,120.0,8,12,2,0.02026,0.02026,0.02024,0.00000,0.00000
44.474,1,44461.000,22160,192000,3999.333,120.0,8,12,2,0.02024,0.02023,0.02024,0.00000,0.00000
44.474,2,40478.000,22955,192000,3999.771,120.0,8,11,2,0.01921,0.01915,0.01921,0.00000,0.00000
44.576,0,44563.000,27065,192000,3999.146,120.0,8,12,2,0.01325,0.01325,0.01323,0.00000,0.00000
44.576,1,44563.000,27065,192000,3999.146,120.0,8,12,2,0.01323,0.01323,0.01323,0.00000,0.00000
44.576,2,40580.000,27860,192000,3999.583,120.0,8,11,2,0.01256,0.01252,0.01256,0.00000,0.00000
44.676,0,44663.000,31869,192000,3999.062,120.0,8,12,2,0.00874,0.00874,0.00873,0.00000,0.00000
44.676,1,44663.000,31869,192000,3999.062,120.0,8,12,2,0.00873,0.00872,0.00873,0.00000,0.00000
44.676,2,40680.000,32664,192000,3999.500,120.0,8,11,2,0.00828,0.00826,0.00828,0.00000,0.00000
44.778,0,44765.000,36749,192000,3999.396,120.0,8,12,2,0.00572,0.00572,0.00572,0.00000,0.00000
44.778,1,44765.000,36749,192000,3999.396,120.0,8,12,2,0.00572,0.00571,0.00572,0.00000,0.00000
44.778,2,40782.000,37544,192000,3999.833,120.0,8,11,2,0.00543,0.00541,0.00543,0.00000,0.00000
44.880,0,44867.000,41643,192000,3999.438,120.0,8,12,2,0.00375,0.00375,0.00374,0.00000,0.00000
44.880,1,44867.000,41643,192000,3999.438,120.0,8,12,2,0.00374,0.00374,0.00374,0.00000,0.00000
44.880,2,40884.000,42438,192000,3999.875,120.0,8,11,2,0.00355,0.00354,0.00355,0.00000,0.00000
44.982,0,44969.000,46544,192000,3999.333,120.0,8,12,2,0.00245,0.00245,0.00245,0.00000,0.00000
44.982,1,44969.000,46544,192000,3999.333,120.0,8,12,2,0.00245,0.00245,0.00245,0.00000,0.00000
44.982,2,40986.000,47339,192000,3999.771,120.0,8,11,2,0.00232,0.00232,0.00232,0.00000,0.00000
45.083,0,45070.000,51387,192000,3999.438,120.0,8,12,2,0.00161,0.00161,0.00161,0.00000,0.00000
45.083,1,45070.000,51387,192000,3999.438,120.0,8,12,2,0.00161,0.00161,0.00161,0.00000,0.00000
45.083,2,41087.000,52182,192000,3999.875,120.0,8,11,2,0.00153,0.00152,0.00153,0.00000,0.00000
45.184,0,45171.000,56228,192000,3999.583,120.0,8,12,2,0.00106,0.00106,0.00106,0.00000,0.00000
45.184,1,45171.000,56228,192000,3999.583,120.0,8,12,2,0.00106,0.00106,0.00106,0.00000,0.00000
45.184,2,41187.000,57023,192000,3999.021,120.0,8,11,2,0.00100,0.00100,0.00100,0.00000,0.00000
45.285,0,45272.000,61079,192000,3999.521,120.0,8,12,2,0.00070,0.00070,0.00069,0.00000,0.00000
45.285,1,45272.000,61079,192000,3999.521,120.0,8,12,2,0.00069,0.00069,0.00069,0.00000,0.00000
45.285,2,41289.000,61874,192000,3999.958,120.0,8,11,2,0.00066,0.00066,0.00066,0.00000,0.00000
45.386,0,45373.000,65945,192000,3999.146,120.0,8,12,2,0.00046,0.00046,0.00046,0.00000,0.00000
45.386,1,45373.000,65945,192000,3999.146,120.0,8,12,2,0.00046,0.00046,0.00046,0.00000,0.00000
45.386,2,41390.000,66740,192000,3999.583,120.0,8,11,2,0.00043,0.00043,0.00043,0.00000,0.00000
45.488,0,45475.000,70815,192000,3999.688,120.0,8,12,2,0.00030,0.00030,0.00030,0.00000,0.00000
45.488,1,45475.000,70815,192000,3999.688,120.0,8,12,2,0.00030,0.00030,0.00030,0.00000,0.00000
45.488,2,41491.000,71610,192000,3999.125,120.0,8,11,2,0.00028,0.00028,0.00028,0.00000,0.00000
45.590,0,45577.000,75729,192000,3999.312,120.0,8,12,2,0.00020,0.00020,0.00020,0.00000,0.00000
45.590,1,45577.000,75729,192000,3999.312,120.0,8,12,2,0.00020,0.00020,0.00020,0.00000,0.00000
45.590,2,41594.000,76524,192000,3999.750,120.0,8,11,2,0.00019,0.00018,0.00019,0.00000,0.00000
45.692,0,45679.000,80634,192000,3999.125,120.0,8,12,2,0.00013,0.00013,0.00013,0.00000,0.00000
45.692,1,45679.000,80634,192000,3999.125,120.0,8,12,2,0.00013,0.00013,0.00013,0.00000,0.00000
45.692,2,41696.000,81429,192000,3999.562,120.0,8,11,2,0.00012,0.00012,0.00012,0.00000,0.00000
45.793,0,45780.000,85455,192000,3999.688,120.0,8,12,2,0.00008,0.00008,0.00008,0.00000,0.00000
45.793,1,45780.000,85455,192000,3999.688,120.0,8,12,2,0.00008,0.00008,0.00008,0.00000,0.00000
45.793,2,41796.000,86250,192000,3999.125,120.0,8,11,2,0.00008,0.00008,0.00008,0.00000,0.00000
45.895,0,45882.000,90336,192000,0.000,120.0,8,12,2,0.00006,0.00006,0.00006,0.00000,0.00000
45.895,1,45882.000,90336,192000,0.000,120.0,8,12,2,0.00006,0.00006,0.00006,0.00000,0.00000
45.895,2,41898.000,91131,192000,3999.438,120.0,8,11,2,0.00005,0.00005,0.00005,0.00000,0.00000
45.996,0,45983.000,95216,192000,3999.333,120.0,8,12,2,0.00004,0.00004,0.00004,0.00000,0.00000
45.996,1,45983.000,95216,192000,3999.333,120.0,8,12,2,0.00004,0.00004,0.00004,0.00000,0.00000
45.996,2,42000.000,96011,192000,3999.771,120.0,8,11,2,0.00003,0.00003,0.00003,0.00000,0.00000
46.097,0,46084.000,100048,192000,3999.667,120.0,8,12,2,0.00002,0.00002,0.00002,0.00000,0.00000
46.097,1,46084.000,100048,192000,3999.667,120.0,8,12,2,0.00002,0.00002,0.00002,0.00000,0.00000
46.097,2,42100.000,100843,192000,3999.104,120.0,8,11,2,0.00002,0.00002,0.00002,0.00000,0.00000
46.197,0,46184.000,104863,192000,3999.354,120.0,8,12,2,0.00002,0.00002,0.00002,0.00000,0.00000
46.197,1,46184.000,104863,192000,3999.354,120.0,8,12,2,0.00002,0.00002,0.00002,0.00000,0.00000
46.197,2,42201.000,105658,192000,3999.792,120.0,8,11,2,0.00001,0.00001,0.00001,0.00000,0.00000
46.298,0,46285.000,109719,192000,3999.188,120.0,8,12,2,0.00001,0.00001,0.00001,0.00000,0.00000
46.298,1,46285.000,109719,192000,3999.188,120.0,8,12,2,0.00001,0.00001,0.00001,0.00000,0.00000
46.298,2,42302.000,110514,192000,3999.625,120.0,8,11,2,0.00001,0.00001,0.00001,0.00000,0.00000
46.399,0,46386.000,114574,192000,3999.042,120.0,8,12,2,0.00001,0.00001,0.00001,0.00000,0.00000
46.399,1,46386.000,114574,192000,3999.042,120.0,8,12,2,0.00001,0.00001,0.00001,0.00000,0.00000
46.399,2,42403.000,115369,192000,3999.479,120.0,8,11,2,0.00001,0.00001,0.00001,0.00000,0.00000
46.501,0,46488.000,119447,192000,3999.521,120.0,8,12,2,0.00000,0.00000,0.00000,0.00000,0.00000
46.501,1,46488.000,119447,192000,3999.521,120.0,8,12,2,0.00000,0.00000,0.00000,0.00000,0.00000
46.501,2,42505.000,120242,192000,3999.958,120.0,8,11,2,0.00000,0.00000,0.00000,0.00000,0.00000
46.603,0,46590.000,124340,192000,3999.583,120.0,8,12,2,0.00000,0.00000,0.00000,0.00000,0.00000
46.603,1,46590.000,124340,192000,3999.583,120.0,8,12,2,0.00000,0.00000,0.00000,0.00000,0.00000
46.603,2,42606.000,125135,192000,3999.021,120.0,8,11,2,0.00000,0.00000,0.00000,0.00000,0.00000
46.705,0,46692.000,129224,192000,3999.833,120.0,8,12,2,0.00000,0.00000,0.00000,0.00000,0.00000
46.705,1,46692.000,129224,192000,3999.833,120.0,8,12,2,0.00000,0.00000,0.00000,0.00000,0.00000
46.705,2,42708.000,130019,192000,3999.271,120.0,8,11,2,0.00000,0.00000,0.00000,0.00000,0.00000
46.806,0,46793.000,134067,192000,3999.938,120.0,8,12,2,0.00000,0.00000,0.00000,0.00000,0.00000
46.806,1,46793.000,134067,192000,3999.938,120.0,8,12,2,0.00000,0.00000,0.00000,0.00000,0.00000
46.806,2,42809.000,134862,192000,3999.375,120.0,8,11,2,0.00000,0.00000,0.00000,0.00000,0.00000
46.908,0,46895.000,138999,192000,3999.188,120.0,8,12,2,0.00000,0.00000,0.00000,0.00000,0.00000
46.908,1,46895.000,138999,192000,3999.188,120.0,8,12,2,0.00000,0.00000,0.00000,0.00000,0.00000
46.908,2,42912.000,139794,192000,3999.625,120.0,8,11,2,0.00000,0.00000,0.00000,0.00000,0.00000
47.009,0,46996.000,143853,192000,3999.062,120.0,8,12,2,0.00000,0.00000,0.00000,0.00000,0.00000
47.009,1,46996.000,143853,192000,3999.062,120.0,8,12,2,0.00000,0.00000,0.00000,0.00000,0.00000
47.009,2,43013.000,144648,192000,3999.500,120.0,8,11,2,0.00000,0.00000,0.00000,0.00000,0.00000
47.111,0,47098.000,148735,192000,3999.354,120.0,8,12,2,0.00000,0.00000,0.00000,0.00000,0.00000
47.111,1,47098.000,148735,192000,3999.354,120.0,8,12,2,0.00000,0.00000,0.00000,0.00000,0.00000
47.111,2,43115.000,149530,192000,3999.792,120.0,8,11,2,0.00000,0.00000,0.00000,0.00000,0.00000
47.213,0,47200.000,153647,192000,3999.021,120.0,8,12,2,0.00000,0.00000,0.00000,0.00000,0.00000
47.213,1,47200.000,153647,192000,3999.021,120.0,8,12,2,0.00000,0.00000,0.00000,0.00000,0.00000
47.213,2,43217.000,154442,192000,3999.458,120.0,8,11,2,0.00000,0.00000,0.00000,0.00000,0.00000
47.315,0,47302.000,158541,192000,3999.062,120.0,8,12,2,0.00000,0.00000,0.00000,0.00000,0.00000
47.315,1,47302.000,158541,192000,3999.062,120.0,8,12,2,0.00000,0.00000,0.00000,0.00000,0.00000
47.315,2,43319.000,159336,192000,3999.500,120.0,8,11,2,0.00000,0.00000,0.00000,0.00000,0.00000
47.417,0,47404.000,163406,192000,3999.708,120.0,8,12,2,0.00000,0.00000,0.00000,0.00000,0.00000
47.417,1,47404.000,163406,192000,3999.708,120.0,8,12,2,0.00000,0.00000,0.00000,0.00000,0.00000
47.417,2,43420.000,164201,192000,3999.146,120.0,8,11,2,0.00000,0.00000,0.00000,0.00000,0.00000
47.518,0,47505.000,168240,192000,0.000,120.0,8,12,2,0.00000,0.00000,0.00000,0.00000,0.00000
47.518,1,47505.000,168240,192000,0.000,120.0,8,12,2,0.00000,0.00000,0.00000,0.00000,0.00000
47.518,2,43521.000,169035,192000,3999.438,120.0,8,11,2,0.00000,0.00000,0.00000,0.00000,0.00000
47.618,0,47605.000,173085,192000,3999.062,120.0,8,12,2,0.00000,0.00000,0.00000,0.00000,0.00000
47.618,1,47605.000,173085,192000,3999.062,120.0,8,12,2,0.00000,0.00000,0.00000,0.00000,0.00000
47.618,2,43622.000,173880,192000,3999.500,120.0,8,11,2,0.00000,0.00000,0.00000,0.00000,0.00000
47.721,0,47708.000,177995,192000,3999.771,120.0,8,12,2,0.00000,0.00000,0.00000,0.00000,0.00000
47.721,1,47708.000,177995,192000,3999.771,120.0,8,12,2,0.00000,0.00000,0.00000,0.00000,0.00000
47.721,2,43724.000,178790,192000,3999.208,120.0,8,11,2,0.00000,0.00000,0.00000,0.00000,0.00000
47.822,0,47809.000,182868,192000,3999.250,120.0,8,12,2,0.00000,0.00000,0.00000,0.00000,0.00000
47.822,1,47809.000,182868,192000,3999.250,120.0,8,12,2,0.00000,0.00000,0.00000,0.00000,0.00000
47.822,2,43826.000,183663,192000,3999.688,120.0,8,11,2,0.00000,0.00000,0.00000,0.00000,0.00000
47.925,0,47912.000,187796,192000,3999.583,120.0,8,12,2,0.00000,0.00000,0.00000,0.00000,0.00000
47.925,1,47912.000,187796,192000,3999.583,120.0,8,12,2,0.00000,0.00000,0.00000,0.00000,0.00000
47.925,2,43928.000,188591,192000,3999.021,120.0,8,11,2,0.00000,0.00000,0.00000,0.00000,0.00000
48.027,0,48014.000,675,192000,3999.938,120.0,8,13,2,0.00000,0.00000,0.00000,0.00000,0.00000
48.027,1,48014.000,675,192000,3999.938,120.0,8,13,2,0.00000,0.00000,0.00000,0.00000,0.00000
48.027,2,44030.000,1470,192000,3999.375,120.0,8,12,2,0.00000,0.00000,0.00000,0.00000,0.00000
48.128,0,48115.000,5524,192000,3999.917,120.0,8,13,2,0.00000,0.00000,0.00000,0.00000,0.00000
48.128,1,48115.000,5524,192000,3999.917,120.0,8,13,2,0.00000,0.00000,0.00000,0.00000,0.00000
48.128,2,44131.000,6319,192000,3999.354,120.0,8,12,2,0.00000,0.00000,0.00000,0.00000,0.00000
48.228,0,48215.000,10339,192000,3999.604,120.0,8,13,2,0.00000,0.00000,0.00000,0.00000,0.00000
48.228,1,48215.000,10339,192000,3999.604,120.0,8,13,2,0.00000,0.00000,0.00000,0.00000,0.00000
48.228,2,44231.000,11134,192000,3999.042,120.0,8,12,2,0.00000,0.00000,0.00000,0.00000,0.00000
48.329,0,48316.000,15170,192000,3999.958,120.0,8,13,2,0.00000,0.00000,0.00000,0.00000,0.00000
48.329,1,48316.000,15170,192000,3999.958,120.0,8,13,2,0.00000,0.00000,0.00000,0.00000,0.00000
48.329,2,44332.000,15965,192000,3999.396,120.0,8,12,2,0.00000,0.00000,0.00000,0.00000,0.00000
48.429,0,48416.000,20006,192000,3999.208,120.0,8,13,2,0.00000,0.00000,0.00000,0.00000,0.00000
48.429,1,48416.000,20006,192000,3999.208,120.0,8,13,2,0.00000,0.00000,0.00000,0.00000,0.00000
48.429,2,44433.000,20801,192000,3999.646,120.0,8,12,2,0.00000,0.00000,0.00000,0.00000,0.00000
48.533,0,48520.000,24965,192000,3999.896,120.0,8,13,2,0.00000,0.00000,0.00000,0.00000,0.00000
48.533,1,48520.000,24965,192000,3999.896,120.0,8,13,2,0.00000,0.00000,0.00000,0.00000,0.00000
48.533,2,44536.000,25760,192000,3999.333,120.0,8,12,2,0.00000,0.00000,0.00000,0.00000,0.00000
48.635,0,48622.000,29859,192000,3999.938,120.0,8,13,2,0.00000,0.00000,0.00000,0.00000,0.00000
48.635,1,48622.000,29859,192000,3999.938,120.0,8,13,2,0.00000,0.00000,0.00000,0.00000,0.00000
48.635,2,44638.000,30654,192000,3999.375,120.0,8,12,2,0.00000,0.00000,0.00000,0.00000,0.00000
48.735,0,48722.000,34689,192000,3999.312,120.0,8,13,2,0.00000,0.00000,0.00000,0.00000,0.00000
48.735,1,48722.000,34689,192000,3999.312,120.0,8,13,2,0.00000,0.00000,0.00000,0.00000,0.00000
48.735,2,44739.000,35484,192000,3999.750,120.0,8,12,2,0.00000,0.00000,0.00000,0.00000,0.00000
48.838,0,48825.000,39625,192000,3999.479,120.0,8,13,2,0.00000,0.00000,0.00000,0.00000,0.00000
48.838,1,48825.000,39625,192000,3999.479,120.0,8,13,2,0.00000,0.00000,0.00000,0.00000,0.00000
48.838,2,44842.000,40420,192000,3999.917,120.0,8,12,2,0.00000,0.00000,0.00000,0.00000,0.00000
48.940,0,48927.000,44507,192000,3999.771,120.0,8,13,2,0.00000,0.00000,0.00000,0.00000,0.00000
48.940,1,48927.000,44507,192000,3999.771,120.0,8,13,2,0.00000,0.00000,0.00000,0.00000,0.00000
48.940,2,44943.000,45302,192000,3999.208,120.0,8,12,2,0.00000,0.00000,0.00000,0.00000,0.00000
49.041,0,49028.000,49385,192000,3999.146,120.0,8,13,2,0.00000,0.00000,0.00000,0.00000,0.00000
49.041,1,49028.000,49385,192000,3999.146,120.0,8,13,2,0.00000,0.00000,0.00000,0.00000,0.00000
49.041,2,45045.000,50180,192000,3999.583,120.0,8,12,2,0.00000,0.00000,0.00000,0.00000,0.00000
49.143,0,49130.000,54246,192000,3999.875,120.0,8,13,2,0.00000,0.00000,0.00000,0.00000,0.00000
49.143,1,49130.000,54246,192000,3999.875,120.0,8,13,2,0.00000,0.00000,0.00000,0.00000,0.00000
49.143,2,45146.000,55041,192000,3999.312,120.0,8,12,2,0.00000,0.00000,0.00000,0.00000,0.00000
49.243,0,49230.000,59067,192000,3999.438,120.0,8,13,2,0.00000,0.00000,0.00000,0.00000,0.00000
49.243,1,49230.000,59067,192000,3999.438,120.0,8,13,2,0.00000,0.00000,0.00000,0.00000,0.00000
49.243,2,45247.000,59862,192000,3999.875,120.0,8,12,2,0.00000,0.00000,0.00000,0.00000,0.00000
49.344,0,49331.000,63894,192000,3999.875,120.0,8,13,2,0.00000,0.00000,0.00000,0.00000,0.00000
49.344,1,49331.000,63894,192000,3999.875,120.0,8,13,2,0.00000,0.00000,0.00000,0.00000,0.00000
49.344,2,45347.000,64689,192000,3999.312,120.0,8,12,2,0.00000,0.00000,0.00000,0.00000,0.00000
49.445,0,49432.000,68775,192000,3999.188,120.0,8,13,2,0.00000,0.00000,0.00000,0.00000,0.00000
49.445,1,49432.000,68775,192000,3999.188,120.0,8,13,2,0.00000,0.00000,0.00000,0.00000,0.00000
49.445,2,45449.000,69570,192000,3999.625,120.0,8,12,2,0.00000,0.00000,0.00000,0.00000,0.00000
49.545,0,49532.000,73575,192000,3999.188,120.0,8,13,2,0.00000,0.00000,0.00000,0.00000,0.00000
49.545,1,49532.000,73575,192000,3999.188,120.0,8,13,2,0.00000,0.00000,0.00000,0.00000,0.00000
49.545,2,45549.000,74370,192000,3999.625,120.0,8,12,2,0.00000,0.00000,0.00000,0.00000,0.00000
49.648,0,49635.000,78513,192000,3999.312,120.0,8,13,2,0.00000,0.00000,0.00000,0.00000,0.00000
49.648,1,49635.000,78513,192000,3999.312,120.0,8,13,2,0.00000,0.00000,0.00000,0.00000,0.00000
49.648,2,45652.000,79308,192000,3999.750,120.0,8,12,2,0.00000,0.00000,0.00000,0.00000,0.00000
49.751,0,49738.000,83434,192000,3999.792,120.0,8,13,2,0.00000,0.00000,0.00000,0.00000,0.00000
49.751,1,49738.000,83434,192000,3999.792,120.0,8,13,2,0.00000,0.00000,0.00000,0.00000,0.00000
49.751,2,45754.000,84229,192000,3999.229,120.0,8,12,2,0.00000,0.00000,0.00000,0.00000,0.00000
49.851,0,49838.000,88258,192000,3999.292,120.0,8,13,2,0.00000,0.00000,0.00000,0.00000,0.00000
49.851,1,49838.000,88258,192000,3999.292,120.0,8,13,2,0.00000,0.00000,0.00000,0.00000,0.00000
49.851,2,45855.000,89053,192000,3999.729,120.0,8,12,2,0.00000,0.00000,0.00000,0.00000,0.00000
49.952,0,49939.000,93089,192000,3999.646,120.0,8,13,2,0.00000,0.00000,0.00000,0.00000,0.00000
49.952,1,49939.000,93089,192000,3999.646,120.0,8,13,2,0.00000,0.00000,0.00000,0.00000,0.00000
49.952,2,45955.000,93884,192000,3999.083,120.0,8,12,2,0.00000,0.00000,0.00000,0.00000,0.00000
50.053,0,50040.000,97937,192000,3999.646,120.0,8,13,2,0.00000,0.00000,0.00000,0.00000,0.00000
50.053,1,50040.000,97937,192000,3999.646,120.0,8,13,2,0.00000,0.00000,0.00000,0.00000,0.00000
50.053,2,46056.000,98732,192000,3999.083,120.0,8,12,2,0.00000,0.00000,0.00000,0.00000,0.00000
50.155,0,50142.000,102824,192000,3999.833,120.0,8,13,2,0.00000,0.00000,0.00000,0.00000,0.00000
50.155,1,50142.000,102824,192000,3999.833,120.0,8,13,2,0.00000,0.00000,0.00000,0.00000,0.00000
50.155,2,46158.000,103619,192000,3999.271,120.0,8,12,2,0.00000,0.00000,0.00000,0.00000,0.00000
50.257,0,50244.000,107752,192000,3999.167,120.0,8,13,2,0.00000,0.00000,0.00000,0.00000,0.00000
50.257,1,50244.000,107752,192000,3999.167,120.0,8,13,2,0.00000,0.00000,0.00000,0.00000,0.00000
50.257,2,46261.000,108547,192000,3999.604,120.0,8,12,2,0.00000,0.00000,0.00000,0.00000,0.00000
50.358,0,50345.000,112570,192000,3999.792,120.0,8,13,2,0.00000,0.00000,0.00000,0.00000,0.00000
50.358,1,50345.000,112570,192000,3999.792,120.0,8,13,2,0.00000,0.00000,0.00000,0.00000,0.00000
50.358,2,46361.000,113365,192000,3999.229,120.0,8,12,2,0.00000,0.00000,0.00000,0.00000,0.00000
50.458,0,50445.000,117370,192000,3999.792,120.0,8,13,2,0.00000,0.00000,0.00000,0.00000,0.00000
50.458,1,50445.000,117370,192000,3999.792,120.0,8,13,2,0.00000,0.00000,0.00000,0.00000,0.00000
50.458,2,46461.000,118165,192000,3999.229,120.0,8,12,2,0.00000,0.00000,0.00000,0.00000,0.00000
50.560,0,50547.000,122269,192000,3999.729,120.0,8,13,2,0.00000,0.00000,0.00000,0.00000,0.00000
50.560,1,50547.000,122269,192000,3999.729,120.0,8,13,2,0.00000,0.00000,0.00000,0.00000,0.00000
50.560,2,46563.000,123064,192000,3999.167,120.0,8,12,2,0.00000,0.00000,0.00000,0.00000,0.00000
50.662,0,50649.000,127197,192000,3999.062,120.0,8,13,2,0.00000,0.00000,0.00000,0.00000,0.00000
50.662,1,50649.000,127197,192000,3999.062,120.0,8,13,2,0.00000,0.00000,0.00000,0.00000,0.00000
50.662,2,46666.000,127992,192000,3999.500,120.0,8,12,2,0.00000,0.00000,0.00000,0.00000,0.00000
50.765,0,50752.000,132128,192000,3999.333,120.0,8,13,2,0.00000,0.00000,0.00000,0.00000,0.00000
50.765,1,50752.000,132128,192000,3999.333,120.0,8,13,2,0.00000,0.00000,0.00000,0.00000,0.00000
50.765,2,46769.000,132923,192000,3999.771,120.0,8,12,2,0.00000,0.00000,0.00000,0.00000,0.00000
50.868,0,50855.000,137056,192000,3999.667,120.0,8,13,2,0.00000,0.00000,0.00000,0.00000,0.00000
50.868,1,50855.000,137056,192000,3999.667,120.0,8,13,2,0.00000,0.00000,0.00000,0.00000,0.00000
50.868,2,46871.000,137851,192000,3999.104,120.0,8,12,2,0.00000,0.00000,0.00000,0.00000,0.00000
50.970,0,50957.000,141964,192000,3999.417,120.0,8,13,2,0.00000,0.00000,0.00000,0.00000,0.00000
50.970,1,50957.000,141964,192000,3999.417,120.0,8,13,2,0.00000,0.00000,0.00000,0.00000,0.00000
50.970,2,46974.000,142759,192000,3999.854,120.0,8,12,2,0.00000,0.00000,0.00000,0.00000,0.00000
51.072,0,51059.000,146842,192000,3999.792,120.0,8,13,2,0.00000,0.00000,0.00000,0.00000,0.00000
51.072,1,51059.000,146842,192000,3999.792,120.0,8,13,2,0.00000,0.00000,0.00000,0.00000,0.00000
51.072,2,47075.000,147637,192000,3999.229,120.0,8,12,2,0.00000,0.00000,0.00000,0.00000,0.00000
51.172,0,51159.000,151679,192000,3999.021,120.0,8,13,2,0.00000,0.00000,0.00000,0.00000,0.00000
51.172,1,51159.000,151679,192000,3999.021,120.0,8,13,2,0.00000,0.00000,0.00000,0.00000,0.00000
51.172,2,47176.000,152474,192000,3999.458,120.0,8,12,2,0.00000,0.00000,0.00000,0.00000,0.00000
51.273,0,51260.000,156522,192000,3999.125,120.0,8,13,2,0.00000,0.00000,0.00000,0.00000,0.00000
51.273,1,51260.000,156522,192000,3999.125,120.0,8,13,2,0.00000,0.00000,0.00000,0.00000,0.00000
51.273,2,47277.000,157317,192000,3999.562,120.0,8,12,2,0.00000,0.00000,0.00000,0.00000,0.00000
51.374,0,51361.000,161329,192000,3999.979,120.0,8,13,2,0.00000,0.00000,0.00000,0.00000,0.00000
51.374,1,51361.000,161329,192000,3999.979,120.0,8,13,2,0.00000,0.00000,0.00000,0.00000,0.00000
51.374,2,47377.000,162124,192000,3999.417,120.0,8,12,2,0.00000,0.00000,0.00000,0.00000,0.00000
51.475,0,51462.000,166193,192000,3999.646,120.0,8,13,2,0.00000,0.00000,0.00000,0.00000,0.00000
51.475,1,51462.000,166193,192000,3999.646,120.0,8,13,2,0.00000,0.00000,0.00000,0.00000,0.00000
51.475,2,47478.000,166988,192000,3999.083,120.0,8,12,2,0.00000,0.00000,0.00000,0.00000,0.00000
51.578,0,51565.000,171121,192000,3999.979,120.0,8,13,2,0.00000,0.00000,0.00000,0.00000,0.00000
51.578,1,51565.000,171121,192000,3999.979,120.0,8,13,2,0.00000,0.00000,0.00000,0.00000,0.00000
51.578,2,47581.000,171916,192000,3999.417,120.0,8,12,2,0.00000,0.00000,0.00000,0.00000,0.00000
51.680,0,51667.000,176039,192000,3999.521,120.0,8,13,2,0.00000,0.00000,0.00000,0.00000,0.00000
51.680,1,51667.000,176039,192000,3999.521,120.0,8,13,2,0.00000,0.00000,0.00000,0.00000,0.00000
51.680,2,47684.000,176834,192000,3999.958,120.0,8,12,2,0.00000,0.00000,0.00000,0.00000,0.00000
51.782,0,51769.000,180937,192000,3999.479,120.0,8,13,2,0.00000,0.00000,0.00000,0.00000,0.00000
51.782,1,51769.000,180937,192000,3999.479,120.0,8,13,2,0.00000,0.00000,0.00000,0.00000,0.00000
51.782,2,47786.000,181732,192000,3999.917,120.0,8,12,2,0.00000,0.00000,0.00000,0.00000,0.00000
51.882,0,51869.000,185737,192000,3999.479,120.0,8,13,2,0.00000,0.00000,0.00000,0.00000,0.00000
51.882,1,51869.000,185737,192000,3999.479,120.0,8,13,2,0.00000,0.00000,0.00000,0.00000,0.00000
51.882,2,47886.000,186532,192000,3999.917,120.0,8,12,2,0.00000,0.00000,0.00000,0.00000,0.00000
51.985,0,51972.000,190661,192000,3999.896,120.0,8,13,2,0.00000,0.00000,0.00000,0.00000,0.00000
51.985,1,51972.000,190661,192000,3999.896,120.0,8,13,2,0.00000,0.00000,0.00000,0.00000,0.00000
51.985,2,47988.000,191456,192000,3999.333,120.0,8,12,2,0.00000,0.00000,0.00000,0.00000,0.00000
52.086,0,52073.000,3524,192000,3999.583,120.0,8,14,2,0.00000,0.00000,0.00000,0.00000,0.00000
52.086,1,52073.000,3524,192000,3999.583,120.0,8,14,2,0.00000,0.00000,0.00000,0.00000,0.00000
52.086,2,48089.000,4319,192000,3999.021,120.0,8,13,2,0.00000,0.00000,0.00000,0.00000,0.00000
52.188,0,52175.000,8432,192000,3999.333,120.0,8,14,2,0.00000,0.00000,0.00000,0.00000,0.00000
52.188,1,52175.000,8432,192000,3999.333,120.0,8,14,2,0.00000,0.00000,0.00000,0.00000,0.00000
52.188,2,48192.000,9227,192000,3999.771,120.0,8,13,2,0.00000,0.00000,0.00000,0.00000,0.00000
52.290,0,52277.000,13306,192000,3999.792,120.0,8,14,2,0.00000,0.00000,0.00000,0.00000,0.00000
52.290,1,52277.000,13306,192000,3999.792,120.0,8,14,2,0.00000,0.00000,0.00000,0.00000,0.00000
52.290,2,48293.000,14101,192000,3999.229,120.0,8,13,2,0.00000,0.00000,0.00000,0.00000,0.00000
52.391,0,52378.000,18171,192000,3999.438,120.0,8,14,2,0.00000,0.00000,0.00000,0.00000,0.00000
52.391,1,52378.000,18171,192000,3999.438,120.0,8,14,2,0.00000,0.00000,0.00000,0.00000,0.00000
52.391,2,48395.000,18966,192000,3999.875,120.0,8,13,2,0.00000,0.00000,0.00000,0.00000,0.00000
52.492,0,52479.000,23013,192000,3999.562,120.0,8,14,2,0.00000,0.00000,0.00000,0.00000,0.00000
52.492,1,52479.000,23013,192000,3999.562,120.0,8,14,2,0.00000,0.00000,0.00000,0.00000,0.00000
52.492,2,48496.000,23808,192000,0.000,120.0,8,13,2,0.00000,0.00000,0.00000,0.00000,0.00000
52.593,0,52580.000,27855,192000,3999.688,120.0,8,14,2,0.00000,0.00000,0.00000,0.00000,0.00000
52.593,1,52580.000,27855,192000,3999.688,120.0,8,14,2,0.00000,0.00000,0.00000,0.00000,0.00000
52.593,2,48596.000,28650,192000,3999.125,120.0,8,13,2,0.00000,0.00000,0.00000,0.00000,0.00000
52.694,0,52681.000,32689,192000,3999.979,120.0,8,14,2,0.00000,0.00000,0.00000,0.00000,0.00000
52.694,1,52681.000,32689,192000,3999.979,120.0,8,14,2,0.00000,0.00000,0.00000,0.00000,0.00000
52.694,2,48697.000,33484,192000,3999.417,120.0,8,13,2,0.00000,0.00000,0.00000,0.00000,0.00000
52.795,0,52782.000,37561,192000,3999.479,120.0,8,14,2,0.00000,0.00000,0.00000,0.00000,0.00000
52.795,1,52782.000,37561,192000,3999.479,120.0,8,14,2,0.00000,0.00000,0.00000,0.00000,0.00000
52.795,2,48799.000,38356,192000,3999.917,120.0,8,13,2,0.00000,0.00000,0.00000,0.00000,0.00000
52.896,0,52883.000,42385,192000,3999.979,120.0,8,14,2,0.00000,0.00000,0.00000,0.00000,0.00000
52.896,1,52883.000,42385,192000,3999.979,120.0,8,14,2,0.00000,0.00000,0.00000,0.00000,0.00000
52.896,2,48899.000,43180,192000,3999.417,120.0,8,13,2,0.00000,0.00000,0.00000,0.00000,0.00000
52.996,0,52983.000,47191,192000,3999.854,120.0,8,14,2,0.00000,0.00000,0.00000,0.00000,0.00000
52.996,1,52983.000,47191,192000,3999.854,120.0,8,14,2,0.00000,0.00000,0.00000,0.00000,0.00000
52.996,2,48999.000,47986,192000,3999.292,120.0,8,13,2,0.00000,0.00000,0.00000,0.00000,0.00000
53.097,0,53084.000,52036,192000,3999.917,120.0,8,14,2,0.00000,0.00000,0.00000,0.00000,0.00000
53.097,1,53084.000,52036,192000,3999.917,120.0,8,14,2,0.00000,0.00000,0.00000,0.00000,0.00000
53.097,2,49100.000,52831,192000,3999.354,120.0,8,13,2,0.00000,0.00000,0.00000,0.00000,0.00000
53.199,0,53186.000,56941,192000,3999.729,120.0,8,14,2,0.00000,0.00000,0.00000,0.00000,0.00000
53.199,1,53186.000,56941,192000,3999.729,120.0,8,14,2,0.00000,0.00000,0.00000,0.00000,0.00000
53.199,2,49202.000,57736,192000,3999.167,120.0,8,13,2,0.00000,0.00000,0.00000,0.00000,0.00000
53.299,0,53286.000,61775,192000,3999.021,120.0,8,14,2,0.00000,0.00000,0.00000,0.00000,0.00000
53.299,1,53286.000,61775,192000,3999.021,120.0,8,14,2,0.00000,0.00000,0.00000,0.00000,0.00000
53.299,2,49303.000,62570,192000,3999.458,120.0,8,13,2,0.00000,0.00000,0.00000,0.00000,0.00000
53.401,0,53388.000,66657,192000,3999.312,120.0,8,14,2,0.00000,0.00000,0.00000,0.00000,0.00000
53.401,1,53388.000,66657,192000,3999.312,120.0,8,14,2,0.00000,0.00000,0.00000,0.00000,0.00000
53.401,2,49405.000,67452,192000,3999.750,120.0,8,13,2,0.00000,0.00000,0.00000,0.00000,0.00000
53.502,0,53489.000,71494,192000,3999.542,120.0,8,14,2,0.00000,0.00000,0.00000,0.00000,0.00000
53.502,1,53489.000,71494,192000,3999.542,120.0,8,14,2,0.00000,0.00000,0.00000,0.00000,0.00000
53.502,2,49506.000,72289,192000,3999.979,120.0,8,13,2,0.00000,0.00000,0.00000,0.00000,0.00000
53.605,0,53592.000,76430,192000,3999.708,120.0,8,14,2,0.00000,0.00000,0.00000,0.00000,0.00000
53.605,1,53592.000,76430,192000,3999.708,120.0,8,14,2,0.00000,0.00000,0.00000,0.00000,0.00000
53.605,2,49608.000,77225,192000,3999.146,120.0,8,13,2,0.00000,0.00000,0.00000,0.00000,0.00000
53.707,0,53694.000,81314,192000,3999.958,120.0,8,14,2,0.00000,0.00000,0.00000,0.00000,0.00000
53.707,1,53694.000,81314,192000,3999.958,120.0,8,14,2,0.00000,0.00000,0.00000,0.00000,0.00000
53.707,2,49710.000,82109,192000,3999.396,120.0,8,13,2,0.00000,0.00000,0.00000,0.00000,0.00000
53.809,0,53796.000,86237,192000,3999.396,120.0,8,14,2,0.00000,0.00000,0.00000,0.00000,0.00000
53.809,1,53796.000,86237,192000,3999.396,120.0,8,14,2,0.00000,0.00000,0.00000,0.00000,0.00000
53.809,2,49813.000,87032,192000,3999.833,120.0,8,13,2,0.00000,0.00000,0.00000,0.00000,0.00000
53.911,0,53898.000,91137,192000,3999.312,120.0,8,14,2,0.00000,0.00000,0.00000,0.00000,0.00000
53.911,1,53898.000,91137,192000,3999.312,120.0,8,14,2,0.00000,0.00000,0.00000,0.00000,0.00000
53.911,2,49915.000,91932,192000,3999.750,120.0,8,13,2,0.00000,0.00000,0.00000,0.00000,0.00000
54.014,0,54001.000,96068,192000,3999.583,120.0,8,14,2,0.00000,0.00000,0.00000,0.00000,0.00000
54.014,1,54001.000,96068,192000,3999.583,120.0,8,14,2,0.00000,0.00000,0.00000,0.00000,0.00000
54.014,2,50017.000,96863,192000,3999.021,120.0,8,13,2,0.00000,0.00000,0.00000,0.00000,0.00000
54.115,0,54102.000,100931,192000,3999.271,120.0,8,14,2,0.00000,0.00000,0.00000,0.00000,0.00000
54.115,1,54102.000,100931,192000,3999.271,120.0,8,14,2,0.00000,0.00000,0.00000,0.00000,0.00000
54.115,2,50119.000,101726,192000,3999.708,120.0,8,13,2,0.00000,0.00000,0.00000,0.00000,0.00000
54.215,0,54202.000,105739,192000,3999.104,120.0,8,14,2,0.00000,0.00000,0.00000,0.00000,0.00000
54.215,1,54202.000,105739,192000,3999.104,120.0,8,14,2,0.00000,0.00000,0.00000,0.00000,0.00000
54.215,2,50219.000,106534,192000,3999.542,120.0,8,13,2,0.00000,0.00000,0.00000,0.00000,0.00000
54.318,0,54305.000,110661,192000,3999.562,120.0,8,14,2,0.00000,0.00000,0.00000,0.00000,0.00000
54.318,1,54305.000,110661,192000,3999.562,120.0,8,14,2,0.00000,0.00000,0.00000,0.00000,0.00000
54.318,2,50322.000,111456,192000,0.000,120.0,8,13,2,0.00000,0.00000,0.00000,0.00000,0.00000
54.420,0,54407.000,115567,192000,3999.354,120.0,8,14,2,0.00000,0.00000,0.00000,0.00000,0.00000
54.420,1,54407.000,115567,192000,3999.354,120.0,8,14,2,0.00000,0.00000,0.00000,0.00000,0.00000
54.420,2,50424.000,116362,192000,3999.792,120.0,8,13,2,0.00000,0.00000,0.00000,0.00000,0.00000
54.520,0,54507.000,120373,192000,3999.229,120.0,8,14,2,0.00000,0.00000,0.00000,0.00000,0.00000
54.520,1,54507.000,120373,192000,3999.229,120.0,8,14,2,0.00000,0.00000,0.00000,0.00000,0.00000
54.520,2,50524.000,121168,192000,3999.667,120.0,8,13,2,0.00000,0.00000,0.00000,0.00000,0.00000
54.622,0,54609.000,125250,192000,3999.625,120.0,8,14,2,0.00000,0.00000,0.00000,0.00000,0.00000
54.622,1,54609.000,125250,192000,3999.625,120.0,8,14,2,0.00000,0.00000,0.00000,0.00000,0.00000
54.622,2,50625.000,126045,192000,3999.062,120.0,8,13,2,0.00000,0.00000,0.00000,0.00000,0.00000
54.724,0,54711.000,130154,192000,3999.458,120.0,8,14,2,0.00000,0.00000,0.00000,0.00000,0.00000
54.724,1,54711.000,130154,192000,3999.458,120.0,8,14,2,0.00000,0.00000,0.00000,0.00000,0.00000
54.724,2,50728.000,130949,192000,3999.896,120.0,8,13,2,0.00000,0.00000,0.00000,0.00000,0.00000
54.827,0,54814.000,135075,192000,3999.938,120.0,8,14,2,0.00000,0.00000,0.00000,0.00000,0.00000
54.827,1,54814.000,135075,192000,3999.938,120.0,8,14,2,0.00000,0.00000,0.00000,0.00000,0.00000
54.827,2,50830.000,135870,192000,3999.375,120.0,8,13,2,0.00000,0.00000,0.00000,0.00000,0.00000
54.927,0,54914.000,139902,192000,3999.375,120.0,8,14,2,0.00000,0.00000,0.00000,0.00000,0.00000
54.927,1,54914.000,139902,192000,3999.375,120.0,8,14,2,0.00000,0.00000,0.00000,0.00000,0.00000
54.927,2,50931.000,140697,192000,3999.812,120.0,8,13,2,0.00000,0.00000,0.00000,0.00000,0.00000
55.028,0,55015.000,144749,192000,3999.396,120.0,8,14,2,0.00000,0.00000,0.00000,0.00000,0.00000
55.028,1,55015.000,144749,192000,3999.396,120.0,8,14,2,0.00000,0.00000,0.00000,0.00000,0.00000
55.028,2,51032.000,145544,192000,3999.833,120.0,8,13,2,0.00000,0.00000,0.00000,0.00000,0.00000
55.130,0,55117.000,149656,192000,3999.167,120.0,8,14,2,0.00000,0.00000,0.00000,0.00000,0.00000
55.130,1,55117.000,149656,192000,3999.167,120.0,8,14,2,0.00000,0.00000,0.00000,0.00000,0.00000
55.130,2,51134.000,150451,192000,3999.604,120.0,8,13,2,0.00000,0.00000,0.00000,0.00000,0.00000
55.232,0,55219.000,154544,192000,3999.333,120.0,8,14,2,0.00000,0.00000,0.00000,0.00000,0.00000
55.232,1,55219.000,154544,192000,3999.333,120.0,8,14,2,0.00000,0.00000,0.00000,0.00000,0.00000
55.232,2,51236.000,155339,192000,3999.771,120.0,8,13,2,0.00000,0.00000,0.00000,0.00000,0.00000
55.334,0,55321.000,159424,192000,3999.667,120.0,8,14,2,0.00000,0.00000,0.00000,0.00000,0.00000
55.334,1,55321.000,159424,192000,3999.667,120.0,8,14,2,0.00000,0.00000,0.00000,0.00000,0.00000
55.334,2,51337.000,160219,192000,3999.104,120.0,8,13,2,0.00000,0.00000,0.00000,0.00000,0.00000
55.436,0,55423.000,164320,192000,3999.667,120.0,8,14,2,0.00000,0.00000,0.00000,0.00000,0.00000
55.436,1,55423.000,164320,192000,3999.667,120.0,8,14,2,0.00000,0.00000,0.00000,0.00000,0.00000
55.436,2,51439.000,165115,192000,3999.104,120.0,8,13,2,0.00000,0.00000,0.00000,0.00000,0.00000
55.539,0,55526.000,169253,192000,3999.896,120.0,8,14,2,0.00000,0.00000,0.00000,0.00000,0.00000
55.539,1,55526.000,169253,192000,3999.896,120.0,8,14,2,0.00000,0.00000,0.00000,0.00000,0.00000
55.539,2,51542.000,170048,192000,3999.333,120.0,8,13,2,0.00000,0.00000,0.00000,0.00000,0.00000
55.641,0,55628.000,174190,192000,3999.042,120.0,8,14,2,0.00000,0.00000,0.00000,0.00000,0.00000
55.641,1,55628.000,174190,192000,3999.042,120.0,8,14,2,0.00000,0.00000,0.00000,0.00000,0.00000
55.641,2,51645.000,174985,192000,3999.479,120.0,8,13,2,0.00000,0.00000,0.00000,0.00000,0.00000
55.742,0,55729.000,178997,192000,3999.896,120.0,8,14,2,0.00000,0.00000,0.00000,0.00000,0.00000
55.742,1,55729.000,178997,192000,3999.896,120.0,8,14,2,0.00000,0.00000,0.00000,0.00000,0.00000
55.742,2,51745.000,179792,192000,3999.333,120.0,8,13,2,0.00000,0.00000,0.00000,0.00000,0.00000
55.845,0,55832.000,183938,192000,3999.958,120.0,8,14,2,0.00000,0.00000,0.00000,0.00000,0.00000
55.845,1,55832.000,183938,192000,3999.958,120.0,8,14,2,0.00000,0.00000,0.00000,0.00000,0.00000
55.845,2,51848.000,184733,192000,3999.396,120.0,8,13,2,0.00000,0.00000,0.00000,0.00000,0.00000
55.945,0,55932.000,188776,192000,3999.167,120.0,8,14,2,0.00000,0.00000,0.00000,0.00000,0.00000
55.945,1,55932.000,188776,192000,3999.167,120.0,8,14,2,0.00000,0.00000,0.00000,0.00000,0.00000
55.945,2,51949.000,189571,192000,3999.604,120.0,8,13,2,0.00000,0.00000,0.00000,0.00000,0.00000
56.048,0,56035.000,1680,192000,0.000,120.0,8,15,2,0.11995,0.11995,0.11948,0.00000,0.00000
56.048,1,56035.000,1680,192000,0.000,120.0,8,15,2,0.11958,0.11958,0.11948,0.00000,0.00000
56.048,2,52051.000,2475,192000,3999.438,120.0,8,14,2,0.11141,0.11124,0.11141,0.00000,0.00000
56.149,0,56136.000,6554,192000,3999.458,120.0,8,15,2,0.07863,0.07863,0.07832,0.00000,0.00000
56.149,1,56136.000,6554,192000,3999.458,120.0,8,15,2,0.07839,0.07839,0.07832,0.00000,0.00000
56.149,2,52153.000,7349,192000,3999.896,120.0,8,14,2,0.07303,0.07292,0.07303,0.00000,0.00000
56.252,0,56239.000,11479,192000,3999.854,120.0,8,15,2,0.05132,0.05132,0.05112,0.00000,0.00000
56.252,1,56239.000,11479,192000,3999.854,120.0,8,15,2,0.05116,0.05116,0.05112,0.00000,0.00000
56.252,2,52255.000,12274,192000,3999.292,120.0,8,14,2,0.04766,0.04759,0.04766,0.00000,0.00000
56.352,0,56339.000,16305,192000,3999.312,120.0,8,15,2,0.03378,0.03378,0.03365,0.00000,0.00000
56.352,1,56339.000,16305,192000,3999.312,120.0,8,15,2,0.03368,0.03368,0.03365,0.00000,0.00000
56.352,2,52356.000,17100,192000,3999.750,120.0,8,14,2,0.03138,0.03133,0.03138,0.00000,0.00000
56.453,0,56440.000,21141,192000,3999.562,120.0,8,15,2,0.02222,0.02222,0.02213,0.00000,0.00000
56.453,1,56440.000,21141,192000,3999.562,120.0,8,15,2,0.02215,0.02215,0.02213,0.00000,0.00000
56.453,2,52457.000,21936,192000,0.000,120.0,8,14,2,0.02064,0.02060,0.02064,0.00000,0.00000
56.555,0,56542.000,26046,192000,3999.375,120.0,8,15,2,0.01453,0.01453,0.01447,0.00000,0.00000
56.555,1,56542.000,26046,192000,3999.375,120.0,8,15,2,0.01448,0.01448,0.01447,0.00000,0.00000
56.555,2,52559.000,26841,192000,3999.812,120.0,8,14,2,0.01349,0.01347,0.01349,0.00000,0.00000
56.658,0,56645.000,30963,192000,3999.938,120.0,8,15,2,0.00949,0.00949,0.00945,0.00000,0.00000
56.658,1,56645.000,30963,192000,3999.938,120.0,8,15,2,0.00946,0.00946,0.00945,0.00000,0.00000
56.658,2,52661.000,31758,192000,3999.375,120.0,8,14,2,0.00881,0.00880,0.00881,0.00000,0.00000
56.760,0,56747.000,35876,192000,3999.583,120.0,8,15,2,0.00620,0.00620,0.00617,0.00000,0.00000
56.760,1,56747.000,35876,192000,3999.583,120.0,8,15,2,0.00618,0.00618,0.00617,0.00000,0.00000
56.760,2,52763.000,36671,192000,3999.021,120.0,8,14,2,0.00576,0.00575,0.00576,0.00000,0.00000
56.861,0,56848.000,40744,192000,3999.167,120.0,8,15,2,0.00407,0.00407,0.00405,0.00000,0.00000
56.861,1,56848.000,40744,192000,3999.167,120.0,8,15,2,0.00405,0.00405,0.00405,0.00000,0.00000
56.861,2,52865.000,41539,192000,3999.604,120.0,8,14,2,0.00378,0.00377,0.00378,0.00000,0.00000
56.962,0,56949.000,45577,192000,3999.479,120.0,8,15,2,0.00267,0.00267,0.00266,0.00000,0.00000
56.962,1,56949.000,45577,192000,3999.479,120.0,8,15,2,0.00267,0.00267,0.00266,0.00000,0.00000
56.962,2,52966.000,46372,192000,3999.917,120.0,8,14,2,0.00248,0.00248,0.00248,0.00000,0.00000
57.064,0,57051.000,50448,192000,0.000,120.0,8,15,2,0.00175,0.00175,0.00175,0.00000,0.00000
57.064,1,57051.000,50448,192000,0.000,120.0,8,15,2,0.00175,0.00175,0.00175,0.00000,0.00000
57.064,2,53067.000,51243,192000,3999.438,120.0,8,14,2,0.00163,0.00163,0.00163,0.00000,0.00000
57.164,0,57151.000,55270,192000,3999.542,120.0,8,15,2,0.00115,0.00115,0.00115,0.00000,0.00000
57.164,1,57151.000,55270,192000,3999.542,120.0,8,15,2,0.00115,0.00115,0.00115,0.00000,0.00000
57.164,2,53168.000,56065,192000,3999.979,120.0,8,14,2,0.00107,0.00107,0.00107,0.00000,0.00000
57.267,0,57254.000,60199,192000,3999.854,120.0,8,15,2,0.00075,0.00075,0.00075,0.00000,0.00000
57.267,1,57254.000,60199,192000,3999.854,120.0,8,15,2,0.00075,0.00075,0.00075,0.00000,0.00000
57.267,2,53270.000,60994,192000,3999.292,120.0,8,14,2,0.00070,0.00070,0.00070,0.00000,0.00000
57.368,0,57355.000,65048,192000,3999.833,120.0,8,15,2,0.00049,0.00049,0.00049,0.00000,0.00000
57.368,1,57355.000,65048,192000,3999.833,120.0,8,15,2,0.00049,0.00049,0.00049,0.00000,0.00000
57.368,2,53371.000,65843,192000,3999.271,120.0,8,14,2,0.00046,0.00046,0.00046,0.00000,0.00000
57.470,0,57457.000,69936,192000,0.000,120.0,8,15,2,0.00032,0.00032,0.00032,0.00000,0.00000
57.470,1,57457.000,69936,192000,0.000,120.0,8,15,2,0.00032,0.00032,0.00032,0.00000,0.00000
57.470,2,53473.000,70731,192000,3999.438,120.0,8,14,2,0.00030,0.00030,0.00030,0.00000,0.00000
57.573,0,57560.000,74885,192000,3999.896,120.0,8,15,2,0.00021,0.00021,0.00021,0.00000,0.00000
57.573,1,57560.000,74885,192000,3999.896,120.0,8,15,2,0.00021,0.00021,0.00021,0.00000,0.00000
57.573,2,53576.000,75680,192000,3999.333,120.0,8,14,2,0.00020,0.00020,0.00020,0.00000,0.00000
57.674,0,57661.000,79736,192000,3999.833,120.0,8,15,2,0.00014,0.00014,0.00014,0.00000,0.00000
57.674,1,57661.000,79736,192000,3999.833,120.0,8,15,2,0.00014,0.00014,0.00014,0.00000,0.00000
57.674,2,53677.000,80531,192000,3999.271,120.0,8,14,2,0.00013,0.00013,0.00013,0.00000,0.00000
57.774,0,57761.000,84561,192000,3999.312,120.0,8,15,2,0.00009,0.00009,0.00009,0.00000,0.00000
57.774,1,57761.000,84561,192000,3999.312,120.0,8,15,2,0.00009,0.00009,0.00009,0.00000,0.00000
57.774,2,53778.000,85356,192000,3999.750,120.0,8,14,2,0.00008,0.00008,0.00008,0.00000,0.00000
57.874,0,57861.000,89373,192000,3999.062,120.0,8,15,2,0.00006,0.00006,0.00006,0.00000,0.00000
57.874,1,57861.000,89373,192000,3999.062,120.0,8,15,2,0.00006,0.00006,0.00006,0.00000,0.00000
57.874,2,53878.000,90168,192000,3999.500,120.0,8,14,2,0.00006,0.00006,0.00006,0.00000,0.00000
57.975,0,57962.000,94190,192000,3999.708,120.0,8,15,2,0.00004,0.00004,0.00004,0.00000,0.00000
57.975,1,57962.000,94190,192000,3999.708,120.0,8,15,2,0.00004,0.00004,0.00004,0.00000,0.00000
57.975,2,53978.000,94985,192000,3999.146,120.0,8,14,2,0.00004,0.00004,0.00004,0.00000,0.00000
58.076,0,58063.000,99050,192000,3999.458,120.0,8,15,2,0.00003,0.00003,0.00003,0.00000,0.00000
58.076,1,58063.000,99050,192000,3999.458,120.0,8,15,2,0.00003,0.00003,0.00003,0.00000,0.00000
58.076,2,54080.000,99845,192000,3999.896,120.0,8,14,2,0.00002,0.00002,0.00002,0.00000,0.00000
58.177,0,58164.000,103876,192000,3999.917,120.0,8,15,2,0.00002,0.00002,0.00002,0.00000,0.00000
58.177,1,58164.000,103876,192000,3999.917,120.0,8,15,2,0.00002,0.00002,0.00002,0.00000,0.00000
58.177,2,54180.000,104671,192000,3999.354,120.0,8,14,2,0.00002,0.00002,0.00002,0.00000,0.00000
58.279,0,58266.000,108790,192000,3999.542,120.0,8,15,2,0.00001,0.00001,0.00001,0.00000,0.00000
58.279,1,58266.000,108790,192000,3999.542,120.0,8,15,2,0.00001,0.00001,0.00001,0.00000,0.00000
58.279,2,54283.000,109585,192000,3999.979,120.0,8,14,2,0.00001,0.00001,0.00001,0.00000,0.00000
58.380,0,58367.000,113628,192000,3999.750,120.0,8,15,2,0.00001,0.00001,0.00001,0.00000,0.00000
58.380,1,58367.000,113628,192000,3999.750,120.0,8,15,2,0.00001,0.00001,0.00001,0.00000,0.00000
58.380,2,54383.000,114423,192000,3999.188,120.0,8,14,2,0.00001,0.00001,0.00001,0.00000,0.00000
58.481,0,58468.000,118464,192000,0.000,120.0,8,15,2,0.00000,0.00000,0.00000,0.00000,0.00000
58.481,1,58468.000,118464,192000,0.000,120.0,8,15,2,0.00000,0.00000,0.00000,0.00000,0.00000
58.481,2,54484.000,119259,192000,3999.438,120.0,8,14,2,0.00000,0.00000,0.00000,0.00000,0.00000
58.582,0,58569.000,123355,192000,3999.104,120.0,8,15,2,0.00000,0.00000,0.00000,0.00000,0.00000
58.582,1,58569.000,123355,192000,3999.104,120.0,8,15,2,0.00000,0.00000,0.00000,0.00000,0.00000
58.582,2,54586.000,124150,192000,3999.542,120.0,8,14,2,0.00000,0.00000,0.00000,0.00000,0.00000
58.684,0,58671.000,128210,192000,3999.958,120.0,8,15,2,0.00000,0.00000,0.00000,0.00000,0.00000
58.684,1,58671.000,128210,192000,3999.958,120.0,8,15,2,0.00000,0.00000,0.00000,0.00000,0.00000
58.684,2,54687.000,129005,192000,3999.396,120.0,8,14,2,0.00000,0.00000,0.00000,0.00000,0.00000
58.785,0,58772.000,133090,192000,3999.292,120.0,8,15,2,0.00000,0.00000,0.00000,0.00000,0.00000
58.785,1,58772.000,133090,192000,3999.292,120.0,8,15,2,0.00000,0.00000,0.00000,0.00000,0.00000
58.785,2,54789.000,133885,192000,3999.729,120.0,8,14,2,0.00000,0.00000,0.00000,0.00000,0.00000
58.887,0,58874.000,137979,192000,3999.438,120.0,8,15,2,0.00000,0.00000,0.00000,0.00000,0.00000
58.887,1,58874.000,137979,192000,3999.438,120.0,8,15,2,0.00000,0.00000,0.00000,0.00000,0.00000
58.887,2,54891.000,138774,192000,3999.875,120.0,8,14,2,0.00000,0.00000,0.00000,0.00000,0.00000
58.990,0,58977.000,142908,192000,3999.750,120.0,8,15,2,0.00000,0.00000,0.00000,0.00000,0.00000
58.990,1,58977.000,142908,192000,3999.750,120.0,8,15,2,0.00000,0.00000,0.00000,0.00000,0.00000
58.990,2,54993.000,143703,192000,3999.188,120.0,8,14,2,0.00000,0.00000,0.00000,0.00000,0.00000
59.090,0,59077.000,147726,192000,3999.375,120.0,8,15,2,0.00000,0.00000,0.00000,0.00000,0.00000
59.090,1,59077.000,147726,192000,3999.375,120.0,8,15,2,0.00000,0.00000,0.00000,0.00000,0.00000
59.090,2,55094.000,148521,192000,3999.812,120.0,8,14,2,0.00000,0.00000,0.00000,0.00000,0.00000
59.191,0,59178.000,152561,192000,3999.646,120.0,8,15,2,0.00000,0.00000,0.00000,0.00000,0.00000
59.191,1,59178.000,152561,192000,3999.646,120.0,8,15,2,0.00000,0.00000,0.00000,0.00000,0.00000
59.191,2,55194.000,153356,192000,3999.083,120.0,8,14,2,0.00000,0.00000,0.00000,0.00000,0.00000
59.292,0,59279.000,157394,192000,3999.958,120.0,8,15,2,0.00000,0.00000,0.00000,0.00000,0.00000
59.292,1,59279.000,157394,192000,3999.958,120.0,8,15,2,0.00000,0.00000,0.00000,0.00000,0.00000
59.292,2,55295.000,158189,192000,3999.396,120.0,8,14,2,0.00000,0.00000,0.00000,0.00000,0.00000
59.393,0,59380.000,162268,192000,3999.417,120.0,8,15,2,0.00000,0.00000,0.00000,0.00000,0.00000
59.393,1,59380.000,162268,192000,3999.417,120.0,8,15,2,0.00000,0.00000,0.00000,0.00000,0.00000
59.393,2,55397.000,163063,192000,3999.854,120.0,8,14,2,0.00000,0.00000,0.00000,0.00000,0.00000
59.494,0,59481.000,167133,192000,3999.062,120.0,8,15,2,0.00000,0.00000,0.00000,0.00000,0.00000
59.494,1,59481.000,167133,192000,3999.062,120.0,8,15,2,0.00000,0.00000,0.00000,0.00000,0.00000
59.494,2,55498.000,167928,192000,3999.500,120.0,8,14,2,0.00000,0.00000,0.00000,0.00000,0.00000
59.596,0,59583.000,171999,192000,3999.688,120.0,8,15,2,0.00000,0.00000,0.00000,0.00000,0.00000
59.596,1,59583.000,171999,192000,3999.688,120.0,8,15,2,0.00000,0.00000,0.00000,0.00000,0.00000
59.596,2,55599.000,172794,192000,3999.125,120.0,8,14,2,0.00000,0.00000,0.00000,0.00000,0.00000
59.696,0,59683.000,176807,192000,3999.521,120.0,8,15,2,0.00000,0.00000,0.00000,0.00000,0.00000
59.696,1,59683.000,176807,192000,3999.521,120.0,8,15,2,0.00000,0.00000,0.00000,0.00000,0.00000
59.696,2,55700.000,177602,192000,3999.958,120.0,8,14,2,0.00000,0.00000,0.00000,0.00000,0.00000
59.797,0,59784.000,181638,192000,3999.875,120.0,8,15,2,0.00000,0.00000,0.00000,0.00000,0.00000
59.797,1,59784.000,181638,192000,3999.875,120.0,8,15,2,0.00000,0.00000,0.00000,0.00000,0.00000
59.797,2,55800.000,182433,192000,3999.312,120.0,8,14,2,0.00000,0.00000,0.00000,0.00000,0.00000
59.898,0,59885.000,186496,192000,3999.667,120.0,8,15,2,0.00000,0.00000,0.00000,0.00000,0.00000
59.898,1,59885.000,186496,192000,3999.667,120.0,8,15,2,0.00000,0.00000,0.00000,0.00000,0.00000
59.898,2,55901.000,187291,192000,3999.104,120.0,8,14,2,0.00000,0.00000,0.00000,0.00000,0.00000
59.999,0,59986.000,191333,192000,3999.896,120.0,8,15,2,0.00000,0.00000,0.00000,0.00000,0.00000
59.999,1,59986.000,191333,192000,3999.896,120.0,8,15,2,0.00000,0.00000,0.00000,0.00000,0.00000
59.999,2,56002.000,128,192000,3999.333,120.0,8,15,2,0.00000,0.00000,0.00000,0.00000,0.00000
60.101,0,60088.000,4253,192000,3999.396,120.0,8,16,2,0.00000,0.00000,0.00000,0.00000,0.00000
60.101,1,60088.000,4253,192000,3999.396,120.0,8,16,2,0.00000,0.00000,0.00000,0.00000,0.00000
60.101,2,56105.000,5048,192000,3999.833,120.0,8,15,2,0.00000,0.00000,0.00000,0.00000,0.00000
60.202,0,60189.000,9089,192000,3999.646,120.0,8,16,2,0.00000,0.00000,0.00000,0.00000,0.00000
60.202,1,60189.000,9089,192000,3999.646,120.0,8,16,2,0.00000,0.00000,0.00000,0.00000,0.00000
60.202,2,56205.000,9884,192000,3999.083,120.0,8,15,2,0.00000,0.00000,0.00000,0.00000,0.00000
60.303,0,60290.000,13945,192000,3999.479,120.0,8,16,2,0.00000,0.00000,0.00000,0.00000,0.00000
60.303,1,60290.000,13945,192000,3999.479,120.0,8,16,2,0.00000,0.00000,0.00000,0.00000,0.00000
60.303,2,56307.000,14740,192000,3999.917,120.0,8,15,2,0.00000,0.00000,0.00000,0.00000,0.00000
60.405,0,60392.000,18822,192000,3999.875,120.0,8,16,2,0.00000,0.00000,0.00000,0.00000,0.00000
60.405,1,60392.000,18822,192000,3999.875,120.0,8,16,2,0.00000,0.00000,0.00000,0.00000,0.00000
60.405,2,56408.000,19617,192000,3999.312,120.0,8,15,2,0.00000,0.00000,0.00000,0.00000,0.00000
60.507,0,60494.000,23757,192000,3999.062,120.0,8,16,2,0.00000,0.00000,0.00000,0.00000,0.00000
60.507,1,60494.000,23757,192000,3999.062,120.0,8,16,2,0.00000,0.00000,0.00000,0.00000,0.00000
60.507,2,56511.000,24552,192000,3999.500,120.0,8,15,2,0.00000,0.00000,0.00000,0.00000,0.00000
60.610,0,60597.000,28656,192000,0.000,120.0,8,16,2,0.00000,0.00000,0.00000,0.00000,0.00000
60.610,1,60597.000,28656,192000,0.000,120.0,8,16,2,0.00000,0.00000,0.00000,0.00000,0.00000
60.610,2,56613.000,29451,192000,3999.438,120.0,8,15,2,0.00000,0.00000,0.00000,0.00000,0.00000
60.712,0,60699.000,33564,192000,3999.750,120.0,8,16,2,0.00000,0.00000,0.00000,0.00000,0.00000
60.712,1,60699.000,33564,192000,3999.750,120.0,8,16,2,0.00000,0.00000,0.00000,0.00000,0.00000
60.712,2,56715.000,34359,192000,3999.188,120.0,8,15,2,0.00000,0.00000,0.00000,0.00000,0.00000
60.814,0,60801.000,38493,192000,3999.062,120.0,8,16,2,0.00000,0.00000,0.00000,0.00000,0.00000
60.814,1,60801.000,38493,192000,3999.062,120.0,8,16,2,0.00000,0.00000,0.00000,0.00000,0.00000
60.814,2,56818.000,39288,192000,3999.500,120.0,8,15,2,0.00000,0.00000,0.00000,0.00000,0.00000
60.917,0,60904.000,43416,192000,3999.500,120.0,8,16,2,0.00000,0.00000,0.00000,0.00000,0.00000
60.917,1,60904.000,43416,192000,3999.500,120.0,8,16,2,0.00000,0.00000,0.00000,0.00000,0.00000
60.917,2,56921.000,44211,192000,3999.938,120.0,8,15,2,0.00000,0.00000,0.00000,0.00000,0.00000
61.018,0,61005.000,48285,192000,3999.062,120.0,8,16,2,0.00000,0.00000,0.00000,0.00000,0.00000
61.018,1,61005.000,48285,192000,3999.062,120.0,8,16,2,0.00000,0.00000,0.00000,0.00000,0.00000
61.018,2,57022.000,49080,192000,3999.500,120.0,8,15,2,0.00000,0.00000,0.00000,0.00000,0.00000
61.119,0,61106.000,53123,192000,3999.271,120.0,8,16,2,0.00000,0.00000,0.00000,0.00000,0.00000
61.119,1,61106.000,53123,192000,3999.271,120.0,8,16,2,0.00000,0.00000,0.00000,0.00000,0.00000
61.119,2,57123.000,53918,192000,3999.708,120.0,8,15,2,0.00000,0.00000,0.00000,0.00000,0.00000
61.221,0,61208.000,58016,192000,3999.333,120.0,8,16,2,0.00000,0.00000,0.00000,0.00000,0.00000
61.221,1,61208.000,58016,192000,3999.333,120.0,8,16,2,0.00000,0.00000,0.00000,0.00000,0.00000
61.221,2,57225.000,58811,192000,3999.771,120.0,8,15,2,0.00000,0.00000,0.00000,0.00000,0.00000
61.322,0,61309.000,62877,192000,3999.062,120.0,8,16,2,0.00000,0.00000,0.00000,0.00000,0.00000
61.322,1,61309.000,62877,192000,3999.062,120.0,8,16,2,0.00000,0.00000,0.00000,0.00000,0.00000
61.322,2,57326.000,63672,192000,3999.500,120.0,8,15,2,0.00000,0.00000,0.00000,0.00000,0.00000
61.423,0,61410.000,67718,192000,3999.208,120.0,8,16,2,0.00000,0.00000,0.00000,0.00000,0.00000
61.423,1,61410.000,67718,192000,3999.208,120.0,8,16,2,0.00000,0.00000,0.00000,0.00000,0.00000
61.423,2,57427.000,68513,192000,3999.646,120.0,8,15,2,0.00000,0.00000,0.00000,0.00000,0.00000
61.526,0,61513.000,72654,192000,3999.375,120.0,8,16,2,0.00000,0.00000,0.00000,0.00000,0.00000
61.526,1,61513.000,72654,192000,3999.375,120.0,8,16,2,0.00000,0.00000,0.00000,0.00000,0.00000
61.526,2,57530.000,73449,192000,3999.812,120.0,8,15,2,0.00000,0.00000,0.00000,0.00000,0.00000
61.626,0,61613.000,77461,192000,3999.229,120.0,8,16,2,0.00000,0.00000,0.00000,0.00000,0.00000
61.626,1,61613.000,77461,192000,3999.229,120.0,8,16,2,0.00000,0.00000,0.00000,0.00000,0.00000
61.626,2,57630.000,78256,192000,3999.667,120.0,8,15,2,0.00000,0.00000,0.00000,0.00000,0.00000
61.727,0,61714.000,82286,192000,3999.708,120.0,8,16,2,0.00000,0.00000,0.00000,0.00000,0.00000
61.727,1,61714.000,82286,192000,3999.708,120.0,8,16,2,0.00000,0.00000,0.00000,0.00000,0.00000
61.727,2,57730.000,83081,192000,3999.146,120.0,8,15,2,0.00000,0.00000,0.00000,0.00000,0.00000
61.829,0,61816.000,87207,192000,3999.188,120.0,8,16,2,0.00000,0.00000,0.00000,0.00000,0.00000
61.829,1,61816.000,87207,192000,3999.188,120.0,8,16,2,0.00000,0.00000,0.00000,0.00000,0.00000
61.829,2,57833.000,88002,192000,3999.625,120.0,8,15,2,0.00000,0.00000,0.00000,0.00000,0.00000
61.929,0,61916.000,92011,192000,3999.104,120.0,8,16,2,0.00000,0.00000,0.00000,0.00000,0.00000
61.929,1,61916.000,92011,192000,3999.104,120.0,8,16,2,0.00000,0.00000,0.00000,0.00000,0.00000
61.929,2,57933.000,92806,192000,3999.542,120.0,8,15,2,0.00000,0.00000,0.00000,0.00000,0.00000
62.030,0,62017.000,96819,192000,3999.938,120.0,8,16,2,0.00000,0.00000,0.00000,0.00000,0.00000
62.030,1,62017.000,96819,192000,3999.938,120.0,8,16,2,0.00000,0.00000,0.00000,0.00000,0.00000
62.030,2,58033.000,97614,192000,3999.375,120.0,8,15,2,0.00000,0.00000,0.00000,0.00000,0.00000
62.132,0,62119.000,101712,192000,0.000,120.0,8,16,2,0.00000,0.00000,0.00000,0.00000,0.00000
62.132,1,62119.000,101712,192000,0.000,120.0,8,16,2,0.00000,0.00000,0.00000,0.00000,0.00000
62.132,2,58135.000,102507,192000,3999.438,120.0,8,15,2,0.00000,0.00000,0.00000,0.00000,0.00000
62.232,0,62219.000,106539,192000,3999.438,120.0,8,16,2,0.00000,0.00000,0.00000,0.00000,0.00000
62.232,1,62219.000,106539,192000,3999.438,120.0,8,16,2,0.00000,0.00000,0.00000,0.00000,0.00000
62.232,2,58236.000,107334,192000,3999.875,120.0,8,15,2,0.00000,0.00000,0.00000,0.00000,0.00000
62.334,0,62321.000,111454,192000,3999.042,120.0,8,16,2,0.00000,0.00000,0.00000,0.00000,0.00000
62.334,1,62321.000,111454,192000,3999.042,120.0,8,16,2,0.00000,0.00000,0.00000,0.00000,0.00000
62.334,2,58338.000,112249,192000,3999.479,120.0,8,15,2,0.00000,0.00000,0.00000,0.00000,0.00000
62.435,0,62422.000,116303,192000,3999.021,120.0,8,16,2,0.00000,0.00000,0.00000,0.00000,0.00000
62.435,1,62422.000,116303,192000,3999.021,120.0,8,16,2,0.00000,0.00000,0.00000,0.00000,0.00000
62.435,2,58439.000,117098,192000,3999.458,120.0,8,15,2,0.00000,0.00000,0.00000,0.00000,0.00000
62.537,0,62524.000,121180,192000,3999.417,120.0,8,16,2,0.00000,0.00000,0.00000,0.00000,0.00000
62.537,1,62524.000,121180,192000,3999.417,120.0,8,16,2,0.00000,0.00000,0.00000,0.00000,0.00000
62.537,2,58541.000,121975,192000,3999.854,120.0,8,15,2,0.00000,0.00000,0.00000,0.00000,0.00000
62.638,0,62625.000,126033,192000,3999.312,120.0,8,16,2,0.00000,0.00000,0.00000,0.00000,0.00000
62.638,1,62625.000,126033,192000,3999.312,120.0,8,16,2,0.00000,0.00000,0.00000,0.00000,0.00000
62.638,2,58642.000,126828,192000,3999.750,120.0,8,15,2,0.00000,0.00000,0.00000,0.00000,0.00000
62.740,0,62727.000,130931,192000,3999.271,120.0,8,16,2,0.00000,0.00000,0.00000,0.00000,0.00000
62.740,1,62727.000,130931,192000,3999.271,120.0,8,16,2,0.00000,0.00000,0.00000,0.00000,0.00000
62.740,2,58744.000,131726,192000,3999.708,120.0,8,15,2,0.00000,0.00000,0.00000,0.00000,0.00000
62.841,0,62828.000,135745,192000,3999.979,120.0,8,16,2,0.00000,0.00000,0.00000,0.00000,0.00000
62.841,1,62828.000,135745,192000,3999.979,120.0,8,16,2,0.00000,0.00000,0.00000,0.00000,0.00000
62.841,2,58844.000,136540,192000,3999.417,120.0,8,15,2,0.00000,0.00000,0.00000,0.00000,0.00000
62.941,0,62928.000,140582,192000,3999.208,120.0,8,16,2,0.00000,0.00000,0.00000,0.00000,0.00000
62.941,1,62928.000,140582,192000,3999.208,120.0,8,16,2,0.00000,0.00000,0.00000,0.00000,0.00000
62.941,2,58945.000,141377,192000,3999.646,120.0,8,15,2,0.00000,0.00000,0.00000,0.00000,0.00000
63.043,0,63030.000,145445,192000,3999.896,120.0,8,16,2,0.00000,0.00000,0.00000,0.00000,0.00000
63.043,1,63030.000,145445,192000,3999.896,120.0,8,16,2,0.00000,0.00000,0.00000,0.00000,0.00000
63.043,2,59046.000,146240,192000,3999.333,120.0,8,15,2,0.00000,0.00000,0.00000,0.00000,0.00000
63.143,0,63130.000,150260,192000,3999.583,120.0,8,16,2,0.00000,0.00000,0.00000,0.00000,0.00000
63.143,1,63130.000,150260,192000,3999.583,120.0,8,16,2,0.00000,0.00000,0.00000,0.00000,0.00000
63.143,2,59146.000,151055,192000,3999.021,120.0,8,15,2,0.00000,0.00000,0.00000,0.00000,0.00000
63.243,0,63230.000,155067,192000,3999.438,120.0,8,16,2,0.00000,0.00000,0.00000,0.00000,0.00000
63.243,1,63230.000,155067,192000,3999.438,120.0,8,16,2,0.00000,0.00000,0.00000,0.00000,0.00000
63.243,2,59247.000,155862,192000,3999.875,120.0,8,15,2,0.00000,0.00000,0.00000,0.00000,0.00000
63.344,0,63331.000,159932,192000,3999.083,120.0,8,16,2,0.00000,0.00000,0.00000,0.00000,0.00000
63.344,1,63331.000,159932,192000,3999.083,120.0,8,16,2,0.00000,0.00000,0.00000,0.00000,0.00000
63.344,2,59348.000,160727,192000,3999.521,120.0,8,15,2,0.00000,0.00000,0.00000,0.00000,0.00000
63.445,0,63432.000,164760,192000,3999.500,120.0,8,16,2,0.00000,0.00000,0.00000,0.00000,0.00000
63.445,1,63432.000,164760,192000,3999.500,120.0,8,16,2,0.00000,0.00000,0.00000,0.00000,0.00000
63.445,2,59449.000,165555,192000,3999.938,120.0,8,15,2,0.00000,0.00000,0.00000,0.00000,0.00000
63.546,0,63533.000,169595,192000,3999.771,120.0,8,16,2,0.00000,0.00000,0.00000,0.00000,0.00000
63.546,1,63533.000,169595,192000,3999.771,120.0,8,16,2,0.00000,0.00000,0.00000,0.00000,0.00000
63.546,2,59549.000,170390,192000,3999.208,120.0,8,15,2,0.00000,0.00000,0.00000,0.00000,0.00000
63.646,0,63633.000,174398,192000,3999.708,120.0,8,16,2,0.00000,0.00000,0.00000,0.00000,0.00000
63.646,1,63633.000,174398,192000,3999.708,120.0,8,16,2,0.00000,0.00000,0.00000,0.00000,0.00000
63.646,2,59649.000,175193,192000,3999.146,120.0,8,15,2,0.00000,0.00000,0.00000,0.00000,0.00000
63.749,0,63736.000,179374,192000,3999.042,120.0,8,16,2,0.00000,0.00000,0.00000,0.00000,0.00000
63.749,1,63736.000,179374,192000,3999.042,120.0,8,16,2,0.00000,0.00000,0.00000,0.00000,0.00000
63.749,2,59753.000,180169,192000,3999.479,120.0,8,15,2,0.00000,0.00000,0.00000,0.00000,0.00000
63.851,0,63838.000,184248,192000,3999.500,120.0,8,16,2,0.00000,0.00000,0.00000,0.00000,0.00000
63.851,1,63838.000,184248,192000,3999.500,120.0,8,16,2,0.00000,0.00000,0.00000,0.00000,0.00000
63.851,2,59855.000,185043,192000,3999.938,120.0,8,15,2,0.00000,0.00000,0.00000,0.00000,0.00000
63.952,0,63939.000,189105,192000,3999.312,120.0,8,16,2,0.00000,0.00000,0.00000,0.00000,0.00000
63.952,1,63939.000,189105,192000,3999.312,120.0,8,16,2,0.00000,0.00000,0.00000,0.00000,0.00000
63.952,2,59956.000,189900,192000,3999.750,120.0,8,15,2,0.00000,0.00000,0.00000,0.00000,0.00000
64.054,0,64041.000,1982,192000,3999.708,120.0,8,17,2,0.00000,0.00000,0.00000,0.00000,0.00000
64.054,1,64041.000,1982,192000,3999.708,120.0,8,17,2,0.00000,0.00000,0.00000,0.00000,0.00000
64.054,2,60057.000,2777,192000,3999.146,120.0,8,16,2,0.00000,0.00000,0.00000,0.00000,0.00000
64.155,0,64142.000,6850,192000,3999.292,120.0,8,17,2,0.00000,0.00000,0.00000,0.00000,0.00000
64.155,1,64142.000,6850,192000,3999.292,120.0,8,17,2,0.00000,0.00000,0.00000,0.00000,0.00000
64.155,2,60159.000,7645,192000,3999.729,120.0,8,16,2,0.00000,0.00000,0.00000,0.00000,0.00000
64.257,0,64244.000,11723,192000,3999.771,120.0,8,17,2,0.00000,0.00000,0.00000,0.00000,0.00000
64.257,1,64244.000,11723,192000,3999.771,120.0,8,17,2,0.00000,0.00000,0.00000,0.00000,0.00000
64.257,2,60260.000,12518,192000,3999.208,120.0,8,16,2,0.00000,0.00000,0.00000,0.00000,0.00000
64.359,0,64346.000,16653,192000,3999.062,120.0,8,17,2,0.00000,0.00000,0.00000,0.00000,0.00000
64.359,1,64346.000,16653,192000,3999.062,120.0,8,17,2,0.00000,0.00000,0.00000,0.00000,0.00000
64.359,2,60363.000,17448,192000,3999.500,120.0,8,16,2,0.00000,0.00000,0.00000,0.00000,0.00000
64.462,0,64449.000,21595,192000,3999.104,120.0,8,17,2,0.00000,0.00000,0.00000,0.00000,0.00000
64.462,1,64449.000,21595,192000,3999.104,120.0,8,17,2,0.00000,0.00000,0.00000,0.00000,0.00000
64.462,2,60466.000,22390,192000,3999.542,120.0,8,16,2,0.00000,0.00000,0.00000,0.00000,0.00000
64.564,0,64551.000,26492,192000,3999.083,120.0,8,17,2,0.00000,0.00000,0.00000,0.00000,0.00000
64.564,1,64551.000,26492,192000,3999.083,120.0,8,17,2,0.00000,0.00000,0.00000,0.00000,0.00000
64.564,2,60568.000,27287,192000,3999.521,120.0,8,16,2,0.00000,0.00000,0.00000,0.00000,0.00000
64.666,0,64653.000,31355,192000,3999.771,120.0,8,17,2,0.00000,0.00000,0.00000,0.00000,0.00000
64.666,1,64653.000,31355,192000,3999.771,120.0,8,17,2,0.00000,0.00000,0.00000,0.00000,0.00000
64.666,2,60669.000,32150,192000,3999.208,120.0,8,16,2,0.00000,0.00000,0.00000,0.00000,0.00000
64.766,0,64753.000,36181,192000,3999.229,120.0,8,17,2,0.00000,0.00000,0.00000,0.00000,0.00000
64.766,1,64753.000,36181,192000,3999.229,120.0,8,17,2,0.00000,0.00000,0.00000,0.00000,0.00000
64.766,2,60770.000,36976,192000,3999.667,120.0,8,16,2,0.00000,0.00000,0.00000,0.00000,0.00000
64.869,0,64856.000,41117,192000,3999.396,120.0,8,17,2,0.00000,0.00000,0.00000,0.00000,0.00000
64.869,1,64856.000,41117,192000,3999.396,120.0,8,17,2,0.00000,0.00000,0.00000,0.00000,0.00000
64.869,2,60873.000,41912,192000,3999.833,120.0,8,16,2,0.00000,0.00000,0.00000,0.00000,0.00000
64.972,0,64959.000,46046,192000,3999.708,120.0,8,17,2,0.00000,0.00000,0.00000,0.00000,0.00000
64.972,1,64959.000,46046,192000,3999.708,120.0,8,17,2,0.00000,0.00000,0.00000,0.00000,0.00000
64.972,2,60975.000,46841,192000,3999.146,120.0,8,16,2,0.00000,0.00000,0.00000,0.00000,0.00000
65.072,0,65059.000,50872,192000,3999.167,120.0,8,17,2,0.00000,0.00000,0.00000,0.00000,0.00000
65.072,1,65059.000,50872,192000,3999.167,120.0,8,17,2,0.00000,0.00000,0.00000,0.00000,0.00000
65.072,2,61076.000,51667,192000,3999.604,120.0,8,16,2,0.00000,0.00000,0.00000,0.00000,0.00000
65.175,0,65162.000,55789,192000,3999.729,120.0,8,17,2,0.00000,0.00000,0.00000,0.00000,0.00000
65.175,1,65162.000,55789,192000,3999.729,120.0,8,17,2,0.00000,0.00000,0.00000,0.00000,0.00000
65.175,2,61178.000,56584,192000,3999.167,120.0,8,16,2,0.00000,0.00000,0.00000,0.00000,0.00000
65.276,0,65263.000,60651,192000,3999.438,120.0,8,17,2,0.00000,0.00000,0.00000,0.00000,0.00000
65.276,1,65263.000,60651,192000,3999.438,120.0,8,17,2,0.00000,0.00000,0.00000,0.00000,0.00000
65.276,2,61280.000,61446,192000,3999.875,120.0,8,16,2,0.00000,0.00000,0.00000,0.00000,0.00000
65.378,0,65365.000,65524,192000,3999.917,120.0,8,17,2,0.00000,0.00000,0.00000,0.00000,0.00000
65.378,1,65365.000,65524,192000,3999.917,120.0,8,17,2,0.00000,0.00000,0.00000,0.00000,0.00000
65.378,2,61381.000,66319,192000,3999.354,120.0,8,16,2,0.00000,0.00000,0.00000,0.00000,0.00000
65.480,0,65467.000,70435,192000,3999.604,120.0,8,17,2,0.00000,0.00000,0.00000,0.00000,0.00000
65.480,1,65467.000,70435,192000,3999.604,120.0,8,17,2,0.00000,0.00000,0.00000,0.00000,0.00000
65.480,2,61483.000,71230,192000,3999.042,120.0,8,16,2,0.00000,0.00000,0.00000,0.00000,0.00000
65.580,0,65567.000,75253,192000,3999.229,120.0,8,17,2,0.00000,0.00000,0.00000,0.00000,0.00000
65.580,1,65567.000,75253,192000,3999.229,120.0,8,17,2,0.00000,0.00000,0.00000,0.00000,0.00000
65.580,2,61584.000,76048,192000,3999.667,120.0,8,16,2,0.00000,0.00000,0.00000,0.00000,0.00000
65.680,0,65667.000,80059,192000,3999.104,120.0,8,17,2,0.00000,0.00000,0.00000,0.00000,0.00000
65.680,1,65667.000,80059,192000,3999.104,120.0,8,17,2,0.00000,0.00000,0.00000,0.00000,0.00000
65.680,2,61684.000,80854,192000,3999.542,120.0,8,16,2,0.00000,0.00000,0.00000,0.00000,0.00000
65.782,0,65769.000,84931,192000,3999.604,120.0,8,17,2,0.00000,0.00000,0.00000,0.00000,0.00000
65.782,1,65769.000,84931,192000,3999.604,120.0,8,17,2,0.00000,0.00000,0.00000,0.00000,0.00000
65.782,2,61785.000,85726,192000,3999.042,120.0,8,16,2,0.00000,0.00000,0.00000,0.00000,0.00000
65.882,0,65869.000,89744,192000,3999.333,120.0,8,17,2,0.00000,0.00000,0.00000,0.00000,0.00000
65.882,1,65869.000,89744,192000,3999.333,120.0,8,17,2,0.00000,0.00000,0.00000,0.00000,0.00000
65.882,2,61886.000,90539,192000,3999.771,120.0,8,16,2,0.00000,0.00000,0.00000,0.00000,0.00000
65.985,0,65972.000,94667,192000,3999.771,120.0,8,17,2,0.00000,0.00000,0.00000,0.00000,0.00000
65.985,1,65972.000,94667,192000,3999.771,120.0,8,17,2,0.00000,0.00000,0.00000,0.00000,0.00000
65.985,2,61988.000,95462,192000,3999.208,120.0,8,16,2,0.00000,0.00000,0.00000,0.00000,0.00000
66.086,0,66073.000,99511,192000,3999.854,120.0,8,17,2,0.00000,0.00000,0.00000,0.00000,0.00000
66.086,1,66073.000,99511,192000,3999.854,120.0,8,17,2,0.00000,0.00000,0.00000,0.00000,0.00000
66.086,2,62089.000,100306,192000,3999.292,120.0,8,16,2,0.00000,0.00000,0.00000,0.00000,0.00000
66.187,0,66174.000,104394,192000,3999.125,120.0,8,17,2,0.00000,0.00000,0.00000,0.00000,0.00000
66.187,1,66174.000,104394,192000,3999.125,120.0,8,17,2,0.00000,0.00000,0.00000,0.00000,0.00000
66.187,2,62191.000,105189,192000,3999.562,120.0,8,16,2,0.00000,0.00000,0.00000,0.00000,0.00000
66.289,0,66276.000,109279,192000,3999.354,120.0,8,17,2,0.00000,0.00000,0.00000,0.00000,0.00000
66.289,1,66276.000,109279,192000,3999.354,120.0,8,17,2,0.00000,0.00000,0.00000,0.00000,0.00000
66.289,2,62293.000,110074,192000,3999.792,120.0,8,16,2,0.00000,0.00000,0.00000,0.00000,0.00000
66.389,0,66376.000,114090,192000,3999.125,120.0,8,17,2,0.00000,0.00000,0.00000,0.00000,0.00000
66.389,1,66376.000,114090,192000,3999.125,120.0,8,17,2,0.00000,0.00000,0.00000,0.00000,0.00000
66.389,2,62393.000,114885,192000,3999.562,120.0,8,16,2,0.00000,0.00000,0.00000,0.00000,0.00000
66.490,0,66477.000,118939,192000,3999.104,120.0,8,17,2,0.00000,0.00000,0.00000,0.00000,0.00000
66.490,1,66477.000,118939,192000,3999.104,120.0,8,17,2,0.00000,0.00000,0.00000,0.00000,0.00000
66.490,2,62494.000,119734,192000,3999.542,120.0,8,16,2,0.00000,0.00000,0.00000,0.00000,0.00000
66.592,0,66579.000,123808,192000,3999.667,120.0,8,17,2,0.00000,0.00000,0.00000,0.00000,0.00000
66.592,1,66579.000,123808,192000,3999.667,120.0,8,17,2,0.00000,0.00000,0.00000,0.00000,0.00000
66.592,2,62595.000,124603,192000,3999.104,120.0,8,16,2,0.00000,0.00000,0.00000,0.00000,0.00000
66.694,0,66681.000,128694,192000,3999.875,120.0,8,17,2,0.00000,0.00000,0.00000,0.00000,0.00000
66.694,1,66681.000,128694,192000,3999.875,120.0,8,17,2,0.00000,0.00000,0.00000,0.00000,0.00000
66.694,2,62697.000,129489,192000,3999.312,120.0,8,16,2,0.00000,0.00000,0.00000,0.00000,0.00000
66.796,0,66783.000,133617,192000,3999.312,120.0,8,17,2,0.00000,0.00000,0.00000,0.00000,0.00000
66.796,1,66783.000,133617,192000,3999.312,120.0,8,17,2,0.00000,0.00000,0.00000,0.00000,0.00000
66.796,2,62800.000,134412,192000,3999.750,120.0,8,16,2,0.00000,0.00000,0.00000,0.00000,0.00000
66.897,0,66884.000,138478,192000,3999.042,120.0,8,17,2,0.00000,0.00000,0.00000,0.00000,0.00000
66.897,1,66884.000,138478,192000,3999.042,120.0,8,17,2,0.00000,0.00000,0.00000,0.00000,0.00000
66.897,2,62901.000,139273,192000,3999.479,120.0,8,16,2,0.00000,0.00000,0.00000,0.00000,0.00000
67.000,0,66987.000,143400,192000,3999.500,120.0,8,17,2,0.00000,0.00000,0.00000,0.00000,0.00000
67.000,1,66987.000,143400,192000,3999.500,120.0,8,17,2,0.00000,0.00000,0.00000,0.00000,0.00000
67.000,2,63004.000,144195,192000,3999.938,120.0,8,16,2,0.00000,0.00000,0.00000,0.00000,0.00000
67.102,0,67089.000,148302,192000,3999.375,120.0,8,17,2,0.00000,0.00000,0.00000,0.00000,0.00000
67.102,1,67089.000,148302,192000,3999.375,120.0,8,17,2,0.00000,0.00000,0.00000,0.00000,0.00000
67.102,2,63106.000,149097,192000,3999.812,120.0,8,16,2,0.00000,0.00000,0.00000,0.00000,0.00000
67.205,0,67192.000,153230,192000,3999.708,120.0,8,17,2,0.00000,0.00000,0.00000,0.00000,0.00000
67.205,1,67192.000,153230,192000,3999.708,120.0,8,17,2,0.00000,0.00000,0.00000,0.00000,0.00000
67.205,2,63208.000,154025,192000,3999.146,120.0,8,16,2,0.00000,0.00000,0.00000,0.00000,0.00000
67.307,0,67294.000,158137,192000,3999.479,120.0,8,17,2,0.00000,0.00000,0.00000,0.00000,0.00000
67.307,1,67294.000,158137,192000,3999.479,120.0,8,17,2,0.00000,0.00000,0.00000,0.00000,0.00000
67.307,2,63311.000,158932,192000,3999.917,120.0,8,16,2,0.00000,0.00000,0.00000,0.00000,0.00000
67.407,0,67394.000,162950,192000,3999.208,120.0,8,17,2,0.00000,0.00000,0.00000,0.00000,0.00000
67.407,1,67394.000,162950,192000,3999.208,120.0,8,17,2,0.00000,0.00000,0.00000,0.00000,0.00000
67.407,2,63411.000,163745,192000,3999.646,120.0,8,16,2,0.00000,0.00000,0.00000,0.00000,0.00000
67.508,0,67495.000,167801,192000,3999.146,120.0,8,17,2,0.00000,0.00000,0.00000,0.00000,0.00000
67.508,1,67495.000,167801,192000,3999.146,120.0,8,17,2,0.00000,0.00000,0.00000,0.00000,0.00000
67.508,2,63512.000,168596,192000,3999.583,120.0,8,16,2,0.00000,0.00000,0.00000,0.00000,0.00000
67.611,0,67598.000,172750,192000,3999.042,120.0,8,17,2,0.00000,0.00000,0.00000,0.00000,0.00000
67.611,1,67598.000,172750,192000,3999.042,120.0,8,17,2,0.00000,0.00000,0.00000,0.00000,0.00000
67.611,2,63615.000,173545,192000,3999.479,120.0,8,16,2,0.00000,0.00000,0.00000,0.00000,0.00000
67.714,0,67701.000,177676,192000,3999.417,120.0,8,17,2,0.00000,0.00000,0.00000,0.00000,0.00000
67.714,1,67701.000,177676,192000,3999.417,120.0,8,17,2,0.00000,0.00000,0.00000,0.00000,0.00000
67.714,2,63718.000,178471,192000,3999.854,120.0,8,16,2,0.00000,0.00000,0.00000,0.00000,0.00000
67.815,0,67802.000,182509,192000,3999.729,120.0,8,17,2,0.00000,0.00000,0.00000,0.00000,0.00000
67.815,1,67802.000,182509,192000,3999.729,120.0,8,17,2,0.00000,0.00000,0.00000,0.00000,0.00000
67.815,2,63818.000,183304,192000,3999.167,120.0,8,16,2,0.00000,0.00000,0.00000,0.00000,0.00000
67.917,0,67904.000,187408,192000,3999.667,120.0,8,17,2,0.00000,0.00000,0.00000,0.00000,0.00000
67.917,1,67904.000,187408,192000,3999.667,120.0,8,17,2,0.00000,0.00000,0.00000,0.00000,0.00000
67.917,2,63920.000,188203,192000,3999.104,120.0,8,16,2,0.00000,0.00000,0.00000,0.00000,0.00000
68.022,0,68009.000,455,192000,3999.521,120.0,8,18,2,0.05555,0.05260,0.05555,0.00000,0.00000
68.022,1,68009.000,455,192000,3999.521,120.0,8,18,2,0.05731,0.05731,0.05555,0.00000,0.00000
68.022,2,64026.000,1250,192000,3999.958,120.0,8,17,2,0.12586,0.12547,0.12586,0.00000,0.00000
68.123,0,68110.000,5292,192000,3999.750,120.0,8,18,2,0.08723,0.08723,0.08715,0.00000,0.00000
68.123,1,68110.000,5292,192000,3999.750,120.0,8,18,2,0.08715,0.08710,0.08715,0.00000,0.00000
68.123,2,64126.000,6087,192000,3999.188,120.0,8,17,2,0.08277,0.08251,0.08277,0.00000,0.00000
68.225,0,68212.000,10191,192000,3999.688,120.0,8,18,2,0.05706,0.05706,0.05701,0.00000,0.00000
68.225,1,68212.000,10191,192000,3999.688,120.0,8,18,2,0.05701,0.05697,0.05701,0.00000,0.00000
68.225,2,64228.000,10986,192000,3999.125,120.0,8,17,2,0.05414,0.05397,0.05414,0.00000,0.00000
68.326,0,68313.000,15055,192000,3999.354,120.0,8,18,2,0.03744,0.03744,0.03740,0.00000,0.00000
68.326,1,68313.000,15055,192000,3999.354,120.0,8,18,2,0.03740,0.03738,0.03740,0.00000,0.00000
68.326,2,64330.000,15850,192000,3999.792,120.0,8,17,2,0.03552,0.03541,0.03552,0.00000,0.00000
68.426,0,68413.000,19870,192000,3999.042,120.0,8,18,2,0.02467,0.02467,0.02464,0.00000,0.00000
68.426,1,68413.000,19870,192000,3999.042,120.0,8,18,2,0.02464,0.02463,0.02464,0.00000,0.00000
68.426,2,64430.000,20665,192000,3999.479,120.0,8,17,2,0.02341,0.02333,0.02341,0.00000,0.00000
68.529,0,68516.000,24791,192000,3999.521,120.0,8,18,2,0.01611,0.01611,0.01609,0.00000,0.00000
68.529,1,68516.000,24791,192000,3999.521,120.0,8,18,2,0.01609,0.01608,0.01609,0.00000,0.00000
68.529,2,64533.000,25586,192000,3999.958,120.0,8,17,2,0.01528,0.01523,0.01528,0.00000,0.00000
68.630,0,68617.000,29645,192000,3999.396,120.0,8,18,2,0.01058,0.01058,0.01057,0.00000,0.00000
68.630,1,68617.000,29645,192000,3999.396,120.0,8,18,2,0.01057,0.01056,0.01057,0.00000,0.00000
68.630,2,64634.000,30440,192000,3999.833,120.0,8,17,2,0.01003,0.01000,0.01003,0.00000,0.00000
68.733,0,68720.000,34582,192000,3999.542,120.0,8,18,2,0.00690,0.00690,0.00689,0.00000,0.00000
68.733,1,68720.000,34582,192000,3999.542,120.0,8,18,2,0.00689,0.00688,0.00689,0.00000,0.00000
68.733,2,64737.000,35377,192000,3999.979,120.0,8,17,2,0.00654,0.00652,0.00654,0.00000,0.00000
68.833,0,68820.000,39394,192000,3999.292,120.0,8,18,2,0.00454,0.00454,0.00454,0.00000,0.00000
68.833,1,68820.000,39394,192000,3999.292,120.0,8,18,2,0.00454,0.00454,0.00454,0.00000,0.00000
68.833,2,64837.000,40189,192000,3999.729,120.0,8,17,2,0.00431,0.00430,0.00431,0.00000,0.00000
68.935,0,68922.000,44280,192000,3999.500,120.0,8,18,2,0.00298,0.00298,0.00297,0.00000,0.00000
68.935,1,68922.000,44280,192000,3999.500,120.0,8,18,2,0.00297,0.00297,0.00297,0.00000,0.00000
68.935,2,64939.000,45075,192000,3999.938,120.0,8,17,2,0.00282,0.00281,0.00282,0.00000,0.00000
69.035,0,69022.000,49082,192000,3999.458,120.0,8,18,2,0.00196,0.00196,0.00196,0.00000,0.00000
69.035,1,69022.000,49082,192000,3999.458,120.0,8,18,2,0.00196,0.00196,0.00196,0.00000,0.00000
69.035,2,65039.000,49877,192000,3999.896,120.0,8,17,2,0.00186,0.00186,0.00186,0.00000,0.00000
69.137,0,69124.000,53972,192000,3999.583,120.0,8,18,2,0.00129,0.00129,0.00128,0.00000,0.00000
69.137,1,69124.000,53972,192000,3999.583,120.0,8,18,2,0.00128,0.00128,0.00128,0.00000,0.00000
69.137,2,65140.000,54767,192000,3999.021,120.0,8,17,2,0.00122,0.00122,0.00122,0.00000,0.00000
69.238,0,69225.000,58804,192000,3999.917,120.0,8,18,2,0.00085,0.00085,0.00084,0.00000,0.00000
69.238,1,69225.000,58804,192000,3999.917,120.0,8,18,2,0.00084,0.00084,0.00084,0.00000,0.00000
69.238,2,65241.000,59599,192000,3999.354,120.0,8,17,2,0.00080,0.00080,0.00080,0.00000,0.00000
69.338,0,69325.000,63642,192000,3999.125,120.0,8,18,2,0.00056,0.00056,0.00056,0.00000,0.00000
69.338,1,69325.000,63642,192000,3999.125,120.0,8,18,2,0.00056,0.00056,0.00056,0.00000,0.00000
69.338,2,65342.000,64437,192000,3999.562,120.0,8,17,2,0.00053,0.00053,0.00053,0.00000,0.00000
69.440,0,69427.000,68541,192000,3999.062,120.0,8,18,2,0.00036,0.00036,0.00036,0.00000,0.00000
69.440,1,69427.000,68541,192000,3999.062,120.0,8,18,2,0.00036,0.00036,0.00036,0.00000,0.00000
69.440,2,65444.000,69336,192000,3999.500,120.0,8,17,2,0.00035,0.00034,0.00035,0.00000,0.00000
69.541,0,69528.000,73356,192000,3999.750,120.0,8,18,2,0.00024,0.00024,0.00024,0.00000,0.00000
69.541,1,69528.000,73356,192000,3999.750,120.0,8,18,2,0.00024,0.00024,0.00024,0.00000,0.00000
69.541,2,65544.000,74151,192000,3999.188,120.0,8,17,2,0.00023,0.00023,0.00023,0.00000,0.00000
69.641,0,69628.000,78171,192000,3999.438,120.0,8,18,2,0.00016,0.00016,0.00016,0.00000,0.00000
69.641,1,69628.000,78171,192000,3999.438,120.0,8,18,2,0.00016,0.00016,0.00016,0.00000,0.00000
69.641,2,65645.000,78966,192000,3999.875,120.0,8,17,2,0.00015,0.00015,0.00015,0.00000,0.00000
69.742,0,69729.000,83021,192000,3999.396,120.0,8,18,2,0.00010,0.00010,0.00010,0.00000,0.00000
69.742,1,69729.000,83021,192000,3999.396,120.0,8,18,2,0.00010,0.00010,0.00010,0.00000,0.00000
69.742,2,65746.000,83816,192000,3999.833,120.0,8,17,2,0.00010,0.00010,0.00010,0.00000,0.00000
69.846,0,69833.000,88029,192000,3999.062,120.0,8,18,2,0.00007,0.00007,0.00007,0.00000,0.00000
69.846,1,69833.000,88029,192000,3999.062,120.0,8,18,2,0.00007,0.00007,0.00007,0.00000,0.00000
69.846,2,65850.000,88824,192000,3999.500,120.0,8,17,2,0.00006,0.00006,0.00006,0.00000,0.00000
69.948,0,69935.000,92926,192000,3999.042,120.0,8,18,2,0.00004,0.00004,0.00004,0.00000,0.00000
69.948,1,69935.000,92926,192000,3999.042,120.0,8,18,2,0.00004,0.00004,0.00004,0.00000,0.00000
69.948,2,65952.000,93721,192000,3999.479,120.0,8,17,2,0.00004,0.00004,0.00004,0.00000,0.00000
70.050,0,70037.000,97776,192000,0.000,120.0,8,18,2,0.00003,0.00003,0.00003,0.00000,0.00000
70.050,1,70037.000,97776,192000,0.000,120.0,8,18,2,0.00003,0.00003,0.00003,0.00000,0.00000
70.050,2,66053.000,98571,192000,3999.438,120.0,8,17,2,0.00003,0.00003,0.00003,0.00000,0.00000
70.152,0,70139.000,102711,192000,3999.188,120.0,8,18,2,0.00002,0.00002,0.00002,0.00000,0.00000
70.152,1,70139.000,102711,192000,3999.188,120.0,8,18,2,0.00002,0.00002,0.00002,0.00000,0.00000
70.152,2,66156.000,103506,192000,3999.625,120.0,8,17,2,0.00002,0.00002,0.00002,0.00000,0.00000
70.255,0,70242.000,107636,192000,3999.583,120.0,8,18,2,0.00001,0.00001,0.00001,0.00000,0.00000
70.255,1,70242.000,107636,192000,3999.583,120.0,8,18,2,0.00001,0.00001,0.00001,0.00000,0.00000
70.255,2,66258.000,108431,192000,3999.021,120.0,8,17,2,0.00001,0.00001,0.00001,0.00000,0.00000
70.357,0,70344.000,112523,192000,3999.771,120.0,8,18,2,0.00001,0.00001,0.00001,0.00000,0.00000
70.357,1,70344.000,112523,192000,3999.771,120.0,8,18,2,0.00001,0.00001,0.00001,0.00000,0.00000
70.357,2,66360.000,113318,192000,3999.208,120.0,8,17,2,0.00001,0.00001,0.00001,0.00000,0.00000
70.459,0,70446.000,117435,192000,3999.438,120.0,8,18,2,0.00001,0.00001,0.00001,0.00000,0.00000
70.459,1,70446.000,117435,192000,3999.438,120.0,8,18,2,0.00001,0.00001,0.00001,0.00000,0.00000
70.459,2,66463.000,118230,192000,3999.875,120.0,8,17,2,0.00000,0.00000,0.00000,0.00000,0.00000
70.560,0,70547.000,122284,192000,3999.417,120.0,8,18,2,0.00000,0.00000,0.00000,0.00000,0.00000
70.560,1,70547.000,122284,192000,3999.417,120.0,8,18,2,0.00000,0.00000,0.00000,0.00000,0.00000
70.560,2,66564.000,123079,192000,3999.854,120.0,8,17,2,0.00000,0.00000,0.00000,0.00000,0.00000
70.662,0,70649.000,127199,192000,3999.021,120.0,8,18,2,0.00000,0.00000,0.00000,0.00000,0.00000
70.662,1,70649.000,127199,192000,3999.021,120.0,8,18,2,0.00000,0.00000,0.00000,0.00000,0.00000
70.662,2,66666.000,127994,192000,3999.458,120.0,8,17,2,0.00000,0.00000,0.00000,0.00000,0.00000
70.765,0,70752.000,132103,192000,3999.854,120.0,8,18,2,0.00000,0.00000,0.00000,0.00000,0.00000
70.765,1,70752.000,132103,192000,3999.854,120.0,8,18,2,0.00000,0.00000,0.00000,0.00000,0.00000
70.765,2,66768.000,132898,192000,3999.292,120.0,8,17,2,0.00000,0.00000,0.00000,0.00000,0.00000
70.865,0,70852.000,136943,192000,3999.021,120.0,8,18,2,0.00000,0.00000,0.00000,0.00000,0.00000
70.865,1,70852.000,136943,192000,3999.021,120.0,8,18,2,0.00000,0.00000,0.00000,0.00000,0.00000
70.865,2,66869.000,137738,192000,3999.458,120.0,8,17,2,0.00000,0.00000,0.00000,0.00000,0.00000
70.968,0,70955.000,141850,192000,3999.792,120.0,8,18,2,0.00000,0.00000,0.00000,0.00000,0.00000
70.968,1,70955.000,141850,192000,3999.792,120.0,8,18,2,0.00000,0.00000,0.00000,0.00000,0.00000
70.968,2,66971.000,142645,192000,3999.229,120.0,8,17,2,0.00000,0.00000,0.00000,0.00000,0.00000
71.068,0,71055.000,146655,192000,3999.688,120.0,8,18,2,0.00000,0.00000,0.00000,0.00000,0.00000
71.068,1,71055.000,146655,192000,3999.688,120.0,8,18,2,0.00000,0.00000,0.00000,0.00000,0.00000
71.068,2,67071.000,147450,192000,3999.125,120.0,8,17,2,0.00000,0.00000,0.00000,0.00000,0.00000
71.171,0,71158.000,151586,192000,3999.958,120.0,8,18,2,0.00000,0.00000,0.00000,0.00000,0.00000
71.171,1,71158.000,151586,192000,3999.958,120.0,8,18,2,0.00000,0.00000,0.00000,0.00000,0.00000
71.171,2,67174.000,152381,192000,3999.396,120.0,8,17,2,0.00000,0.00000,0.00000,0.00000,0.00000
71.271,0,71258.000,156422,192000,3999.208,120.0,8,18,2,0.00000,0.00000,0.00000,0.00000,0.00000
71.271,1,71258.000,156422,192000,3999.208,120.0,8,18,2,0.00000,0.00000,0.00000,0.00000,0.00000
71.271,2,67275.000,157217,192000,3999.646,120.0,8,17,2,0.00000,0.00000,0.00000,0.00000,0.00000
71.374,0,71361.000,161341,192000,3999.729,120.0,8,18,2,0.00000,0.00000,0.00000,0.00000,0.00000
71.374,1,71361.000,161341,192000,3999.729,120.0,8,18,2,0.00000,0.00000,0.00000,0.00000,0.00000
71.374,2,67377.000,162136,192000,3999.167,120.0,8,17,2,0.00000,0.00000,0.00000,0.00000,0.00000
71.476,0,71463.000,166259,192000,3999.271,120.0,8,18,2,0.00000,0.00000,0.00000,0.00000,0.00000
71.476,1,71463.000,166259,192000,3999.271,120.0,8,18,2,0.00000,0.00000,0.00000,0.00000,0.00000
71.476,2,67480.000,167054,192000,3999.708,120.0,8,17,2,0.00000,0.00000,0.00000,0.00000,0.00000
71.578,0,71565.000,171130,192000,3999.792,120.0,8,18,2,0.00000,0.00000,0.00000,0.00000,0.00000
71.578,1,71565.000,171130,192000,3999.792,120.0,8,18,2,0.00000,0.00000,0.00000,0.00000,0.00000
71.578,2,67581.000,171925,192000,3999.229,120.0,8,17,2,0.00000,0.00000,0.00000,0.00000,0.00000
71.679,0,71666.000,175994,192000,3999.458,120.0,8,18,2,0.00000,0.00000,0.00000,0.00000,0.00000
71.679,1,71666.000,175994,192000,3999.458,120.0,8,18,2,0.00000,0.00000,0.00000,0.00000,0.00000
71.679,2,67683.000,176789,192000,3999.896,120.0,8,17,2,0.00000,0.00000,0.00000,0.00000,0.00000
71.779,0,71766.000,180813,192000,3999.062,120.0,8,18,2,0.00000,0.00000,0.00000,0.00000,0.00000
71.779,1,71766.000,180813,192000,3999.062,120.0,8,18,2,0.00000,0.00000,0.00000,0.00000,0.00000
71.779,2,67783.000,181608,192000,3999.500,120.0,8,17,2,0.00000,0.00000,0.00000,0.00000,0.00000
71.882,0,71869.000,185733,192000,3999.562,120.0,8,18,2,0.00000,0.00000,0.00000,0.00000,0.00000
71.882,1,71869.000,185733,192000,3999.562,120.0,8,18,2,0.00000,0.00000,0.00000,0.00000,0.00000
71.882,2,67886.000,186528,192000,0.000,120.0,8,17,2,0.00000,0.00000,0.00000,0.00000,0.00000
71.984,0,71971.000,190636,192000,3999.417,120.0,8,18,2,0.00000,0.00000,0.00000,0.00000,0.00000
71.984,1,71971.000,190636,192000,3999.417,120.0,8,18,2,0.00000,0.00000,0.00000,0.00000,0.00000
71.984,2,67988.000,191431,192000,3999.854,120.0,8,17,2,0.00000,0.00000,0.00000,0.00000,0.00000
72.086,0,72073.000,3536,192000,3999.333,120.0,8,19,2,0.00000,0.00000,0.00000,0.00000,0.00000
72.086,1,72073.000,3536,192000,3999.333,120.0,8,19,2,0.00000,0.00000,0.00000,0.00000,0.00000
72.086,2,68090.000,4331,192000,3999.771,120.0,8,18,2,0.00000,0.00000,0.00000,0.00000,0.00000
72.189,0,72176.000,8454,192000,3999.875,120.0,8,19,2,0.00000,0.00000,0.00000,0.00000,0.00000
72.189,1,72176.000,8454,192000,3999.875,120.0,8,19,2,0.00000,0.00000,0.00000,0.00000,0.00000
72.189,2,68192.000,9249,192000,3999.312,120.0,8,18,2,0.00000,0.00000,0.00000,0.00000,0.00000
72.289,0,72276.000,13270,192000,3999.542,120.0,8,19,2,0.00000,0.00000,0.00000,0.00000,0.00000
72.289,1,72276.000,13270,192000,3999.542,120.0,8,19,2,0.00000,0.00000,0.00000,0.00000,0.00000
72.289,2,68293.000,14065,192000,3999.979,120.0,8,18,2,0.00000,0.00000,0.00000,0.00000,0.00000
72.391,0,72378.000,18152,192000,3999.833,120.0,8,19,2,0.00000,0.00000,0.00000,0.00000,0.00000
72.391,1,72378.000,18152,192000,3999.833,120.0,8,19,2,0.00000,0.00000,0.00000,0.00000,0.00000
72.391,2,68394.000,18947,192000,3999.271,120.0,8,18,2,0.00000,0.00000,0.00000,0.00000,0.00000
72.493,0,72480.000,23064,192000,3999.500,120.0,8,19,2,0.00000,0.00000,0.00000,0.00000,0.00000
72.493,1,72480.000,23064,192000,3999.500,120.0,8,19,2,0.00000,0.00000,0.00000,0.00000,0.00000
72.493,2,68497.000,23859,192000,3999.938,120.0,8,18,2,0.00000,0.00000,0.00000,0.00000,0.00000
72.595,0,72582.000,27983,192000,3999.021,120.0,8,19,2,0.00000,0.00000,0.00000,0.00000,0.00000
72.595,1,72582.000,27983,192000,3999.021,120.0,8,19,2,0.00000,0.00000,0.00000,0.00000,0.00000
72.595,2,68599.000,28778,192000,3999.458,120.0,8,18,2,0.00000,0.00000,0.00000,0.00000,0.00000
72.697,0,72684.000,32832,192000,0.000,120.0,8,19,2,0.00000,0.00000,0.00000,0.00000,0.00000
72.697,1,72684.000,32832,192000,0.000,120.0,8,19,2,0.00000,0.00000,0.00000,0.00000,0.00000
72.697,2,68700.000,33627,192000,3999.438,120.0,8,18,2,0.00000,0.00000,0.00000,0.00000,0.00000
72.797,0,72784.000,37662,192000,3999.375,120.0,8,19,2,0.00000,0.00000,0.00000,0.00000,0.00000
72.797,1,72784.000,37662,192000,3999.375,120.0,8,19,2,0.00000,0.00000,0.00000,0.00000,0.00000
72.797,2,68801.000,38457,192000,3999.812,120.0,8,18,2,0.00000,0.00000,0.00000,0.00000,0.00000
72.900,0,72887.000,42592,192000,3999.667,120.0,8,19,2,0.00000,0.00000,0.00000,0.00000,0.00000
72.900,1,72887.000,42592,192000,3999.667,120.0,8,19,2,0.00000,0.00000,0.00000,0.00000,0.00000
72.900,2,68903.000,43387,192000,3999.104,120.0,8,18,2,0.00000,0.00000,0.00000,0.00000,0.00000
73.002,0,72989.000,47475,192000,3999.938,120.0,8,19,2,0.00000,0.00000,0.00000,0.00000,0.00000
73.002,1,72989.000,47475,192000,3999.938,120.0,8,19,2,0.00000,0.00000,0.00000,0.00000,0.00000
73.002,2,69005.000,48270,192000,3999.375,120.0,8,18,2,0.00000,0.00000,0.00000,0.00000,0.00000
73.103,0,73090.000,52367,192000,3999.021,120.0,8,19,2,0.00000,0.00000,0.00000,0.00000,0.00000
73.103,1,73090.000,52367,192000,3999.021,120.0,8,19,2,0.00000,0.00000,0.00000,0.00000,0.00000
73.103,2,69107.000,53162,192000,3999.458,120.0,8,18,2,0.00000,0.00000,0.00000,0.00000,0.00000
73.204,0,73191.000,57176,192000,3999.833,120.0,8,19,2,0.00000,0.00000,0.00000,0.00000,0.00000
73.204,1,73191.000,57176,192000,3999.833,120.0,8,19,2,0.00000,0.00000,0.00000,0.00000,0.00000
73.204,2,69207.000,57971,192000,3999.271,120.0,8,18,2,0.00000,0.00000,0.00000,0.00000,0.00000
73.305,0,73292.000,62038,192000,3999.542,120.0,8,19,2,0.00000,0.00000,0.00000,0.00000,0.00000
73.305,1,73292.000,62038,192000,3999.542,120.0,8,19,2,0.00000,0.00000,0.00000,0.00000,0.00000
73.305,2,69309.000,62833,192000,3999.979,120.0,8,18,2,0.00000,0.00000,0.00000,0.00000,0.00000
73.407,0,73394.000,66927,192000,3999.688,120.0,8,19,2,0.00000,0.00000,0.00000,0.00000,0.00000
73.407,1,73394.000,66927,192000,3999.688,120.0,8,19,2,0.00000,0.00000,0.00000,0.00000,0.00000
73.407,2,69410.000,67722,192000,3999.125,120.0,8,18,2,0.00000,0.00000,0.00000,0.00000,0.00000
73.507,0,73494.000,71742,192000,3999.375,120.0,8,19,2,0.00000,0.00000,0.00000,0.00000,0.00000
73.507,1,73494.000,71742,192000,3999.375,120.0,8,19,2,0.00000,0.00000,0.00000,0.00000,0.00000
73.507,2,69511.000,72537,192000,3999.812,120.0,8,18,2,0.00000,0.00000,0.00000,0.00000,0.00000
73.609,0,73596.000,76620,192000,3999.750,120.0,8,19,2,0.00000,0.00000,0.00000,0.00000,0.00000
73.609,1,73596.000,76620,192000,3999.750,120.0,8,19,2,0.00000,0.00000,0.00000,0.00000,0.00000
73.609,2,69612.000,77415,192000,3999.188,120.0,8,18,2,0.00000,0.00000,0.00000,0.00000,0.00000
73.711,0,73698.000,81526,192000,3999.542,120.0,8,19,2,0.00000,0.00000,0.00000,0.00000,0.00000
73.711,1,73698.000,81526,192000,3999.542,120.0,8,19,2,0.00000,0.00000,0.00000,0.00000,0.00000
73.711,2,69715.000,82321,192000,3999.979,120.0,8,18,2,0.00000,0.00000,0.00000,0.00000,0.00000
73.813,0,73800.000,86420,192000,3999.583,120.0,8,19,2,0.00000,0.00000,0.00000,0.00000,0.00000
73.813,1,73800.000,86420,192000,3999.583,120.0,8,19,2,0.00000,0.00000,0.00000,0.00000,0.00000
73.813,2,69816.000,87215,192000,3999.021,120.0,8,18,2,0.00000,0.00000,0.00000,0.00000,0.00000
73.915,0,73902.000,91322,192000,3999.458,120.0,8,19,2,0.00000,0.00000,0.00000,0.00000,0.00000
73.915,1,73902.000,91322,192000,3999.458,120.0,8,19,2,0.00000,0.00000,0.00000,0.00000,0.00000
73.915,2,69919.000,92117,192000,3999.896,120.0,8,18,2,0.00000,0.00000,0.00000,0.00000,0.00000
74.016,0,74003.000,96172,192000,3999.417,120.0,8,19,2,0.00000,0.00000,0.00000,0.00000,0.00000
74.016,1,74003.000,96172,192000,3999.417,120.0,8,19,2,0.00000,0.00000,0.00000,0.00000,0.00000
74.016,2,70020.000,96967,192000,3999.854,120.0,8,18,2,0.00000,0.00000,0.00000,0.00000,0.00000
74.116,0,74103.000,100976,192000,3999.333,120.0,8,19,2,0.00000,0.00000,0.00000,0.00000,0.00000
74.116,1,74103.000,100976,192000,3999.333,120.0,8,19,2,0.00000,0.00000,0.00000,0.00000,0.00000
74.116,2,70120.000,101771,192000,3999.771,120.0,8,18,2,0.00000,0.00000,0.00000,0.00000,0.00000
74.218,0,74205.000,105854,192000,3999.708,120.0,8,19,2,0.00000,0.00000,0.00000,0.00000,0.00000
74.218,1,74205.000,105854,192000,3999.708,120.0,8,19,2,0.00000,0.00000,0.00000,0.00000,0.00000
74.218,2,70221.000,106649,192000,3999.146,120.0,8,18,2,0.00000,0.00000,0.00000,0.00000,0.00000
74.319,0,74306.000,110718,192000,3999.375,120.0,8,19,2,0.00000,0.00000,0.00000,0.00000,0.00000
74.319,1,74306.000,110718,192000,3999.375,120.0,8,19,2,0.00000,0.00000,0.00000,0.00000,0.00000
74.319,2,70323.000,111513,192000,3999.812,120.0,8,18,2,0.00000,0.00000,0.00000,0.00000,0.00000
74.421,0,74408.000,115590,192000,3999.875,120.0,8,19,2,0.00000,0.00000,0.00000,0.00000,0.00000
74.421,1,74408.000,115590,192000,3999.875,120.0,8,19,2,0.00000,0.00000,0.00000,0.00000,0.00000
74.421,2,70424.000,116385,192000,3999.312,120.0,8,18,2,0.00000,0.00000,0.00000,0.00000,0.00000
74.521,0,74508.000,120406,192000,3999.542,120.0,8,19,2,0.00000,0.00000,0.00000,0.00000,0.00000
74.521,1,74508.000,120406,192000,3999.542,120.0,8,19,2,0.00000,0.00000,0.00000,0.00000,0.00000
74.521,2,70525.000,121201,192000,3999.979,120.0,8,18,2,0.00000,0.00000,0.00000,0.00000,0.00000
74.621,0,74608.000,125215,192000,3999.354,120.0,8,19,2,0.00000,0.00000,0.00000,0.00000,0.00000
74.621,1,74608.000,125215,192000,3999.354,120.0,8,19,2,0.00000,0.00000,0.00000,0.00000,0.00000
74.621,2,70625.000,126010,192000,3999.792,120.0,8,18,2,0.00000,0.00000,0.00000,0.00000,0.00000
74.723,0,74710.000,130117,192000,3999.229,120.0,8,19,2,0.00000,0.00000,0.00000,0.00000,0.00000
74.723,1,74710.000,130117,192000,3999.229,120.0,8,19,2,0.00000,0.00000,0.00000,0.00000,0.00000
74.723,2,70727.000,130912,192000,3999.667,120.0,8,18,2,0.00000,0.00000,0.00000,0.00000,0.00000
74.825,0,74812.000,134988,192000,3999.750,120.0,8,19,2,0.00000,0.00000,0.00000,0.00000,0.00000
74.825,1,74812.000,134988,192000,3999.750,120.0,8,19,2,0.00000,0.00000,0.00000,0.00000,0.00000
74.825,2,70828.000,135783,192000,3999.188,120.0,8,18,2,0.00000,0.00000,0.00000,0.00000,0.00000
74.926,0,74913.000,139871,192000,3999.021,120.0,8,19,2,0.00000,0.00000,0.00000,0.00000,0.00000
74.926,1,74913.000,139871,192000,3999.021,120.0,8,19,2,0.00000,0.00000,0.00000,0.00000,0.00000
74.926,2,70930.000,140666,192000,3999.458,120.0,8,18,2,0.00000,0.00000,0.00000,0.00000,0.00000
75.027,0,75014.000,144701,192000,3999.396,120.0,8,19,2,0.00000,0.00000,0.00000,0.00000,0.00000
75.027,1,75014.000,144701,192000,3999.396,120.0,8,19,2,0.00000,0.00000,0.00000,0.00000,0.00000
75.027,2,71031.000,145496,192000,3999.833,120.0,8,18,2,0.00000,0.00000,0.00000,0.00000,0.00000
75.128,0,75115.000,149531,192000,3999.771,120.0,8,19,2,0.00000,0.00000,0.00000,0.00000,0.00000
75.128,1,75115.000,149531,192000,3999.771,120.0,8,19,2,0.00000,0.00000,0.00000,0.00000,0.00000
75.128,2,71131.000,150326,192000,3999.208,120.0,8,18,2,0.00000,0.00000,0.00000,0.00000,0.00000
75.230,0,75217.000,154420,192000,3999.917,120.0,8,19,2,0.00000,0.00000,0.00000,0.00000,0.00000
75.230,1,75217.000,154420,192000,3999.917,120.0,8,19,2,0.00000,0.00000,0.00000,0.00000,0.00000
75.230,2,71233.000,155215,192000,3999.354,120.0,8,18,2,0.00000,0.00000,0.00000,0.00000,0.00000
75.330,0,75317.000,159234,192000,3999.625,120.0,8,19,2,0.00000,0.00000,0.00000,0.00000,0.00000
75.330,1,75317.000,159234,192000,3999.625,120.0,8,19,2,0.00000,0.00000,0.00000,0.00000,0.00000
75.330,2,71333.000,160029,192000,3999.062,120.0,8,18,2,0.00000,0.00000,0.00000,0.00000,0.00000
75.432,0,75419.000,164113,192000,3999.979,120.0,8,19,2,0.00000,0.00000,0.00000,0.00000,0.00000
75.432,1,75419.000,164113,192000,3999.979,120.0,8,19,2,0.00000,0.00000,0.00000,0.00000,0.00000
75.432,2,71435.000,164908,192000,3999.417,120.0,8,18,2,0.00000,0.00000,0.00000,0.00000,0.00000
75.532,0,75519.000,168954,192000,3999.125,120.0,8,19,2,0.00000,0.00000,0.00000,0.00000,0.00000
75.532,1,75519.000,168954,192000,3999.125,120.0,8,19,2,0.00000,0.00000,0.00000,0.00000,0.00000
75.532,2,71536.000,169749,192000,3999.562,120.0,8,18,2,0.00000,0.00000,0.00000,0.00000,0.00000
75.635,0,75622.000,173860,192000,3999.917,120.0,8,19,2,0.00000,0.00000,0.00000,0.00000,0.00000
75.635,1,75622.000,173860,192000,3999.917,120.0,8,19,2,0.00000,0.00000,0.00000,0.00000,0.00000
75.635,2,71638.000,174655,192000,3999.354,120.0,8,18,2,0.00000,0.00000,0.00000,0.00000,0.00000
75.735,0,75722.000,178666,192000,3999.792,120.0,8,19,2,0.00000,0.00000,0.00000,0.00000,0.00000
75.735,1,75722.000,178666,192000,3999.792,120.0,8,19,2,0.00000,0.00000,0.00000,0.00000,0.00000
75.735,2,71738.000,179461,192000,3999.229,120.0,8,18,2,0.00000,0.00000,0.00000,0.00000,0.00000
75.836,0,75823.000,183523,192000,3999.604,120.0,8,19,2,0.00000,0.00000,0.00000,0.00000,0.00000
75.836,1,75823.000,183523,192000,3999.604,120.0,8,19,2,0.00000,0.00000,0.00000,0.00000,0.00000
75.836,2,71839.000,184318,192000,3999.042,120.0,8,18,2,0.00000,0.00000,0.00000,0.00000,0.00000
75.948,0,75935.000,188898,192000,3999.625,120.0,8,19,2,0.00000,0.00000,0.00000,0.00000,0.00000
75.948,1,75935.000,188898,192000,3999.625,120.0,8,19,2,0.00000,0.00000,0.00000,0.00000,0.00000
75.948,2,71951.000,189693,192000,3999.062,120.0,8,18,2,0.00000,0.00000,0.00000,0.00000,0.00000
76.049,0,76036.000,1761,192000,3999.312,120.0,8,20,2,0.00000,0.00000,0.00000,0.00000,0.00000
76.049,1,76036.000,1761,192000,3999.312,120.0,8,20,2,0.00000,0.00000,0.00000,0.00000,0.00000
76.049,2,72053.000,2556,192000,3999.750,120.0,8,19,2,0.00000,0.00000,0.00000,0.00000,0.00000
76.152,0,76139.000,6677,192000,3999.896,120.0,8,20,2,0.00000,0.00000,0.00000,0.00000,0.00000
76.152,1,76139.000,6677,192000,3999.896,120.0,8,20,2,0.00000,0.00000,0.00000,0.00000,0.00000
76.152,2,72155.000,7472,192000,3999.333,120.0,8,19,2,0.00000,0.00000,0.00000,0.00000,0.00000
76.253,0,76240.000,11527,192000,3999.854,120.0,8,20,2,0.00000,0.00000,0.00000,0.00000,0.00000
76.253,1,76240.000,11527,192000,3999.854,120.0,8,20,2,0.00000,0.00000,0.00000,0.00000,0.00000
76.253,2,72256.000,12322,192000,3999.292,120.0,8,19,2,0.00000,0.00000,0.00000,0.00000,0.00000
76.354,0,76341.000,16410,192000,3999.125,120.0,8,20,2,0.00000,0.00000,0.00000,0.00000,0.00000
76.354,1,76341.000,16410,192000,3999.125,120.0,8,20,2,0.00000,0.00000,0.00000,0.00000,0.00000
76.354,2,72358.000,17205,192000,3999.562,120.0,8,19,2,0.00000,0.00000,0.00000,0.00000,0.00000
76.457,0,76444.000,21357,192000,3999.062,120.0,8,20,2,0.00000,0.00000,0.00000,0.00000,0.00000
76.457,1,76444.000,21357,192000,3999.062,120.0,8,20,2,0.00000,0.00000,0.00000,0.00000,0.00000
76.457,2,72461.000,22152,192000,3999.500,120.0,8,19,2,0.00000,0.00000,0.00000,0.00000,0.00000
76.558,0,76545.000,26175,192000,3999.688,120.0,8,20,2,0.00000,0.00000,0.00000,0.00000,0.00000
76.558,1,76545.000,26175,192000,3999.688,120.0,8,20,2,0.00000,0.00000,0.00000,0.00000,0.00000
76.558,2,72561.000,26970,192000,3999.125,120.0,8,19,2,0.00000,0.00000,0.00000,0.00000,0.00000
76.659,0,76646.000,31047,192000,3999.188,120.0,8,20,2,0.00000,0.00000,0.00000,0.00000,0.00000
76.659,1,76646.000,31047,192000,3999.188,120.0,8,20,2,0.00000,0.00000,0.00000,0.00000,0.00000
76.659,2,72663.000,31842,192000,3999.625,120.0,8,19,2,0.00000,0.00000,0.00000,0.00000,0.00000
76.762,0,76749.000,35988,192000,3999.250,120.0,8,20,2,0.00000,0.00000,0.00000,0.00000,0.00000
76.762,1,76749.000,35988,192000,3999.250,120.0,8,20,2,0.00000,0.00000,0.00000,0.00000,0.00000
76.762,2,72766.000,36783,192000,3999.688,120.0,8,19,2,0.00000,0.00000,0.00000,0.00000,0.00000
76.863,0,76850.000,40833,192000,3999.312,120.0,8,20,2,0.00000,0.00000,0.00000,0.00000,0.00000
76.863,1,76850.000,40833,192000,3999.312,120.0,8,20,2,0.00000,0.00000,0.00000,0.00000,0.00000
76.863,2,72867.000,41628,192000,3999.750,120.0,8,19,2,0.00000,0.00000,0.00000,0.00000,0.00000
76.965,0,76952.000,45705,192000,3999.812,120.0,8,20,2,0.00000,0.00000,0.00000,0.00000,0.00000
76.965,1,76952.000,45705,192000,3999.812,120.0,8,20,2,0.00000,0.00000,0.00000,0.00000,0.00000
76.965,2,72968.000,46500,192000,3999.250,120.0,8,19,2,0.00000,0.00000,0.00000,0.00000,0.00000
77.065,0,77052.000,50507,192000,3999.771,120.0,8,20,2,0.00000,0.00000,0.00000,0.00000,0.00000
77.065,1,77052.000,50507,192000,3999.771,120.0,8,20,2,0.00000,0.00000,0.00000,0.00000,0.00000
77.065,2,73068.000,51302,192000,3999.208,120.0,8,19,2,0.00000,0.00000,0.00000,0.00000,0.00000
77.165,0,77152.000,55310,192000,3999.708,120.0,8,20,2,0.00000,0.00000,0.00000,0.00000,0.00000
77.165,1,77152.000,55310,192000,3999.708,120.0,8,20,2,0.00000,0.00000,0.00000,0.00000,0.00000
77.165,2,73168.000,56105,192000,3999.146,120.0,8,19,2,0.00000,0.00000,0.00000,0.00000,0.00000
77.265,0,77252.000,60124,192000,3999.417,120.0,8,20,2,0.00000,0.00000,0.00000,0.00000,0.00000
77.265,1,77252.000,60124,192000,3999.417,120.0,8,20,2,0.00000,0.00000,0.00000,0.00000,0.00000
77.265,2,73269.000,60919,192000,3999.854,120.0,8,19,2,0.00000,0.00000,0.00000,0.00000,0.00000
77.366,0,77353.000,64985,192000,3999.146,120.0,8,20,2,0.00000,0.00000,0.00000,0.00000,0.00000
77.366,1,77353.000,64985,192000,3999.146,120.0,8,20,2,0.00000,0.00000,0.00000,0.00000,0.00000
77.366,2,73370.000,65780,192000,3999.583,120.0,8,19,2,0.00000,0.00000,0.00000,0.00000,0.00000
77.467,0,77454.000,69814,192000,3999.542,120.0,8,20,2,0.00000,0.00000,0.00000,0.00000,0.00000
77.467,1,77454.000,69814,192000,3999.542,120.0,8,20,2,0.00000,0.00000,0.00000,0.00000,0.00000
77.467,2,73471.000,70609,192000,3999.979,120.0,8,19,2,0.00000,0.00000,0.00000,0.00000,0.00000
77.569,0,77556.000,74696,192000,3999.833,120.0,8,20,2,0.00000,0.00000,0.00000,0.00000,0.00000
77.569,1,77556.000,74696,192000,3999.833,120.0,8,20,2,0.00000,0.00000,0.00000,0.00000,0.00000
77.569,2,73572.000,75491,192000,3999.271,120.0,8,19,2,0.00000,0.00000,0.00000,0.00000,0.00000
77.669,0,77656.000,79516,192000,3999.417,120.0,8,20,2,0.00000,0.00000,0.00000,0.00000,0.00000
77.669,1,77656.000,79516,192000,3999.417,120.0,8,20,2,0.00000,0.00000,0.00000,0.00000,0.00000
77.669,2,73673.000,80311,192000,3999.854,120.0,8,19,2,0.00000,0.00000,0.00000,0.00000,0.00000
77.770,0,77757.000,84362,192000,3999.458,120.0,8,20,2,0.00000,0.00000,0.00000,0.00000,0.00000
77.770,1,77757.000,84362,192000,3999.458,120.0,8,20,2,0.00000,0.00000,0.00000,0.00000,0.00000
77.770,2,73774.000,85157,192000,3999.896,120.0,8,19,2,0.00000,0.00000,0.00000,0.00000,0.00000
77.873,0,77860.000,89290,192000,3999.792,120.0,8,20,2,0.00000,0.00000,0.00000,0.00000,0.00000
77.873,1,77860.000,89290,192000,3999.792,120.0,8,20,2,0.00000,0.00000,0.00000,0.00000,0.00000
77.873,2,73876.000,90085,192000,3999.229,120.0,8,19,2,0.00000,0.00000,0.00000,0.00000,0.00000
77.973,0,77960.000,94114,192000,3999.292,120.0,8,20,2,0.00000,0.00000,0.00000,0.00000,0.00000
77.973,1,77960.000,94114,192000,3999.292,120.0,8,20,2,0.00000,0.00000,0.00000,0.00000,0.00000
77.973,2,73977.000,94909,192000,3999.729,120.0,8,19,2,0.00000,0.00000,0.00000,0.00000,0.00000
78.074,0,78061.000,98953,192000,3999.479,120.0,8,20,2,0.00000,0.00000,0.00000,0.00000,0.00000
78.074,1,78061.000,98953,192000,3999.479,120.0,8,20,2,0.00000,0.00000,0.00000,0.00000,0.00000
78.074,2,74078.000,99748,192000,3999.917,120.0,8,19,2,0.00000,0.00000,0.00000,0.00000,0.00000
78.175,0,78162.000,103791,192000,3999.688,120.0,8,20,2,0.00000,0.00000,0.00000,0.00000,0.00000
78.175,1,78162.000,103791,192000,3999.688,120.0,8,20,2,0.00000,0.00000,0.00000,0.00000,0.00000
78.175,2,74178.000,104586,192000,3999.125,120.0,8,19,2,0.00000,0.00000,0.00000,0.00000,0.00000
78.277,0,78264.000,108684,192000,3999.750,120.0,8,20,2,0.00000,0.00000,0.00000,0.00000,0.00000
78.277,1,78264.000,108684,192000,3999.750,120.0,8,20,2,0.00000,0.00000,0.00000,0.00000,0.00000
78.277,2,74280.000,109479,192000,3999.188,120.0,8,19,2,0.00000,0.00000,0.00000,0.00000,0.00000
78.379,0,78366.000,113573,192000,3999.896,120.0,8,20,2,0.00000,0.00000,0.00000,0.00000,0.00000
78.379,1,78366.000,113573,192000,3999.896,120.0,8,20,2,0.00000,0.00000,0.00000,0.00000,0.00000
78.379,2,74382.000,114368,192000,3999.333,120.0,8,19,2,0.00000,0.00000,0.00000,0.00000,0.00000
78.480,0,78467.000,118450,192000,3999.292,120.0,8,20,2,0.00000,0.00000,0.00000,0.00000,0.00000
78.480,1,78467.000,118450,192000,3999.292,120.0,8,20,2,0.00000,0.00000,0.00000,0.00000,0.00000
78.480,2,74484.000,119245,192000,3999.729,120.0,8,19,2,0.00000,0.00000,0.00000,0.00000,0.00000
78.581,0,78568.000,123302,192000,3999.208,120.0,8,20,2,0.00000,0.00000,0.00000,0.00000,0.00000
78.581,1,78568.000,123302,192000,3999.208,120.0,8,20,2,0.00000,0.00000,0.00000,0.00000,0.00000
78.581,2,74585.000,124097,192000,3999.646,120.0,8,19,2,0.00000,0.00000,0.00000,0.00000,0.00000
78.683,0,78670.000,128195,192000,3999.271,120.0,8,20,2,0.00000,0.00000,0.00000,0.00000,0.00000
78.683,1,78670.000,128195,192000,3999.271,120.0,8,20,2,0.00000,0.00000,0.00000,0.00000,0.00000
78.683,2,74687.000,128990,192000,3999.708,120.0,8,19,2,0.00000,0.00000,0.00000,0.00000,0.00000
78.786,0,78773.000,133108,192000,3999.917,120.0,8,20,2,0.00000,0.00000,0.00000,0.00000,0.00000
78.786,1,78773.000,133108,192000,3999.917,120.0,8,20,2,0.00000,0.00000,0.00000,0.00000,0.00000
78.786,2,74789.000,133903,192000,3999.354,120.0,8,19,2,0.00000,0.00000,0.00000,0.00000,0.00000
78.887,0,78874.000,137998,192000,3999.042,120.0,8,20,2,0.00000,0.00000,0.00000,0.00000,0.00000
78.887,1,78874.000,137998,192000,3999.042,120.0,8,20,2,0.00000,0.00000,0.00000,0.00000,0.00000
78.887,2,74891.000,138793,192000,3999.479,120.0,8,19,2,0.00000,0.00000,0.00000,0.00000,0.00000
79.003,0,78990.000,143556,192000,3999.250,120.0,8,20,2,0.00000,0.00000,0.00000,0.00000,0.00000
79.003,1,78990.000,143556,192000,3999.250,120.0,8,20,2,0.00000,0.00000,0.00000,0.00000,0.00000
79.003,2,75007.000,144351,192000,3999.688,120.0,8,19,2,0.00000,0.00000,0.00000,0.00000,0.00000
79.106,0,79093.000,148480,192000,3999.667,120.0,8,20,2,0.00000,0.00000,0.00000,0.00000,0.00000
79.106,1,79093.000,148480,192000,3999.667,120.0,8,20,2,0.00000,0.00000,0.00000,0.00000,0.00000
79.106,2,75109.000,149275,192000,3999.104,120.0,8,19,2,0.00000,0.00000,0.00000,0.00000,0.00000
79.208,0,79195.000,153391,192000,3999.354,120.0,8,20,2,0.00000,0.00000,0.00000,0.00000,0.00000
79.208,1,79195.000,153391,192000,3999.354,120.0,8,20,2,0.00000,0.00000,0.00000,0.00000,0.00000
79.208,2,75212.000,154186,192000,3999.792,120.0,8,19,2,0.00000,0.00000,0.00000,0.00000,0.00000
79.310,0,79297.000,158284,192000,3999.417,120.0,8,20,2,0.00000,0.00000,0.00000,0.00000,0.00000
79.310,1,79297.000,158284,192000,3999.417,120.0,8,20,2,0.00000,0.00000,0.00000,0.00000,0.00000
79.310,2,75314.000,159079,192000,3999.854,120.0,8,19,2,0.00000,0.00000,0.00000,0.00000,0.00000
79.413,0,79400.000,163206,192000,3999.875,120.0,8,20,2,0.00000,0.00000,0.00000,0.00000,0.00000
79.413,1,79400.000,163206,192000,3999.875,120.0,8,20,2,0.00000,0.00000,0.00000,0.00000,0.00000
79.413,2,75416.000,164001,192000,3999.312,120.0,8,19,2,0.00000,0.00000,0.00000,0.00000,0.00000
79.515,0,79502.000,168116,192000,3999.583,120.0,8,20,2,0.00000,0.00000,0.00000,0.00000,0.00000
79.515,1,79502.000,168116,192000,3999.583,120.0,8,20,2,0.00000,0.00000,0.00000,0.00000,0.00000
79.515,2,75518.000,168911,192000,3999.021,120.0,8,19,2,0.00000,0.00000,0.00000,0.00000,0.00000
79.616,0,79603.000,172986,192000,3999.125,120.0,8,20,2,0.00000,0.00000,0.00000,0.00000,0.00000
79.616,1,79603.000,172986,192000,3999.125,120.0,8,20,2,0.00000,0.00000,0.00000,0.00000,0.00000
79.616,2,75620.000,173781,192000,3999.562,120.0,8,19,2,0.00000,0.00000,0.00000,0.00000,0.00000
79.718,0,79705.000,177852,192000,3999.750,120.0,8,20,2,0.00000,0.00000,0.00000,0.00000,0.00000
79.718,1,79705.000,177852,192000,3999.750,120.0,8,20,2,0.00000,0.00000,0.00000,0.00000,0.00000
79.718,2,75721.000,178647,192000,3999.188,120.0,8,19,2,0.00000,0.00000,0.00000,0.00000,0.00000
79.819,0,79806.000,182693,192000,3999.896,120.0,8,20,2,0.00000,0.00000,0.00000,0.00000,0.00000
79.819,1,79806.000,182693,192000,3999.896,120.0,8,20,2,0.00000,0.00000,0.00000,0.00000,0.00000
79.819,2,75822.000,183488,192000,3999.333,120.0,8,19,2,0.00000,0.00000,0.00000,0.00000,0.00000
79.920,0,79907.000,187565,192000,3999.396,120.0,8,20,2,0.00000,0.00000,0.00000,0.00000,0.00000
79.920,1,79907.000,187565,192000,3999.396,120.0,8,20,2,0.00000,0.00000,0.00000,0.00000,0.00000
79.920,2,75924.000,188360,192000,3999.833,120.0,8,19,2,0.00000,0.00000,0.00000,0.00000,0.00000
80.025,0,80012.000,612,192000,3999.250,120.0,8,21,2,0.08853,0.08748,0.08853,0.00000,0.00000
80.025,1,80012.000,612,192000,3999.250,120.0,8,21,2,0.08853,0.08177,0.08853,0.00000,0.00000
80.025,2,76029.000,1407,192000,3999.688,120.0,8,20,2,0.12217,0.12198,0.12217,0.00000,0.00000
80.126,0,80113.000,5462,192000,3999.208,120.0,8,21,2,0.08632,0.08632,0.08598,0.00000,0.00000
80.126,1,80113.000,5462,192000,3999.208,120.0,8,21,2,0.08605,0.08605,0.08598,0.00000,0.00000
80.126,2,76130.000,6257,192000,3999.646,120.0,8,20,2,0.08025,0.08013,0.08025,0.00000,0.00000
80.227,0,80214.000,10301,192000,3999.396,120.0,8,21,2,0.05676,0.05676,0.05654,0.00000,0.00000
80.227,1,80214.000,10301,192000,3999.396,120.0,8,21,2,0.05658,0.05658,0.05654,0.00000,0.00000
80.227,2,76231.000,11096,192000,3999.833,120.0,8,20,2,0.05277,0.05269,0.05277,0.00000,0.00000
80.329,0,80316.000,15211,192000,3999.104,120.0,8,21,2,0.03709,0.03709,0.03695,0.00000,0.00000
80.329,1,80316.000,15211,192000,3999.104,120.0,8,21,2,0.03698,0.03698,0.03695,0.00000,0.00000
80.329,2,76333.000,16006,192000,3999.542,120.0,8,20,2,0.03448,0.03443,0.03448,0.00000,0.00000
80.431,0,80418.000,20098,192000,3999.292,120.0,8,21,2,0.02429,0.02429,0.02419,0.00000,0.00000
80.431,1,80418.000,20098,192000,3999.292,120.0,8,21,2,0.02421,0.02421,0.02419,0.00000,0.00000
80.431,2,76435.000,20893,192000,3999.729,120.0,8,20,2,0.02258,0.02255,0.02258,0.00000,0.00000
80.533,0,80520.000,24990,192000,3999.375,120.0,8,21,2,0.01590,0.01590,0.01583,0.00000,0.00000
80.533,1,80520.000,24990,192000,3999.375,120.0,8,21,2,0.01585,0.01585,0.01583,0.00000,0.00000
80.533,2,76537.000,25785,192000,3999.812,120.0,8,20,2,0.01478,0.01476,0.01478,0.00000,0.00000
80.635,0,80622.000,29872,192000,3999.667,120.0,8,21,2,0.01041,0.01041,0.01037,0.00000,0.00000
80.635,1,80622.000,29872,192000,3999.667,120.0,8,21,2,0.01038,0.01038,0.01037,0.00000,0.00000
80.635,2,76638.000,30667,192000,3999.104,120.0,8,20,2,0.00968,0.00967,0.00968,0.00000,0.00000
80.736,0,80723.000,34707,192000,3999.938,120.0,8,21,2,0.00685,0.00685,0.00682,0.00000,0.00000
80.736,1,80723.000,34707,192000,3999.938,120.0,8,21,2,0.00683,0.00683,0.00682,0.00000,0.00000
80.736,2,76739.000,35502,192000,3999.375,120.0,8,20,2,0.00637,0.00636,0.00637,0.00000,0.00000
80.836,0,80823.000,39546,192000,3999.125,120.0,8,21,2,0.00450,0.00450,0.00449,0.00000,0.00000
80.836,1,80823.000,39546,192000,3999.125,120.0,8,21,2,0.00449,0.00449,0.00449,0.00000,0.00000
80.836,2,76840.000,40341,192000,3999.562,120.0,8,20,2,0.00419,0.00418,0.00419,0.00000,0.00000
80.938,0,80925.000,44400,192000,0.000,120.0,8,21,2,0.00296,0.00296,0.00295,0.00000,0.00000
80.938,1,80925.000,44400,192000,0.000,120.0,8,21,2,0.00295,0.00295,0.00295,0.00000,0.00000
80.938,2,76941.000,45195,192000,3999.438,120.0,8,20,2,0.00275,0.00275,0.00275,0.00000,0.00000
81.038,0,81025.000,49222,192000,3999.542,120.0,8,21,2,0.00195,0.00195,0.00194,0.00000,0.00000
81.038,1,81025.000,49222,192000,3999.542,120.0,8,21,2,0.00194,0.00194,0.00194,0.00000,0.00000
81.038,2,77042.000,50017,192000,3999.979,120.0,8,20,2,0.00181,0.00181,0.00181,0.00000,0.00000
81.138,0,81125.000,54043,192000,3999.104,120.0,8,21,2,0.00128,0.00128,0.00128,0.00000,0.00000
81.138,1,81125.000,54043,192000,3999.104,120.0,8,21,2,0.00128,0.00128,0.00128,0.00000,0.00000
81.138,2,77142.000,54838,192000,3999.542,120.0,8,20,2,0.00119,0.00119,0.00119,0.00000,0.00000
81.240,0,81227.000,58915,192000,3999.604,120.0,8,21,2,0.00084,0.00084,0.00084,0.00000,0.00000
81.240,1,81227.000,58915,192000,3999.604,120.0,8,21,2,0.00084,0.00084,0.00084,0.00000,0.00000
81.240,2,77243.000,59710,192000,3999.042,120.0,8,20,2,0.00078,0.00078,0.00078,0.00000,0.00000
81.342,0,81329.000,63839,192000,3999.021,120.0,8,21,2,0.00055,0.00055,0.00055,0.00000,0.00000
81.342,1,81329.000,63839,192000,3999.021,120.0,8,21,2,0.00055,0.00055,0.00055,0.00000,0.00000
81.342,2,77346.000,64634,192000,3999.458,120.0,8,20,2,0.00051,0.00051,0.00051,0.00000,0.00000
81.443,0,81430.000,68682,192000,3999.125,120.0,8,21,2,0.00036,0.00036,0.00036,0.00000,0.00000
81.443,1,81430.000,68682,192000,3999.125,120.0,8,21,2,0.00036,0.00036,0.00036,0.00000,0.00000
81.443,2,77447.000,69477,192000,3999.562,120.0,8,20,2,0.00034,0.00033,0.00034,0.00000,0.00000
81.545,0,81532.000,73542,192000,3999.875,120.0,8,21,2,0.00024,0.00024,0.00024,0.00000,0.00000
81.545,1,81532.000,73542,192000,3999.875,120.0,8,21,2,0.00024,0.00024,0.00024,0.00000,0.00000
81.545,2,77548.000,74337,192000,3999.312,120.0,8,20,2,0.00022,0.00022,0.00022,0.00000,0.00000
81.646,0,81633.000,78412,192000,3999.417,120.0,8,21,2,0.00016,0.00016,0.00015,0.00000,0.00000
81.646,1,81633.000,78412,192000,3999.417,120.0,8,21,2,0.00015,0.00015,0.00015,0.00000,0.00000
81.646,2,77650.000,79207,192000,3999.854,120.0,8,20,2,0.00014,0.00014,0.00014,0.00000,0.00000
81.747,0,81734.000,83250,192000,3999.625,120.0,8,21,2,0.00010,0.00010,0.00010,0.00000,0.00000
81.747,1,81734.000,83250,192000,3999.625,120.0,8,21,2,0.00010,0.00010,0.00010,0.00000,0.00000
81.747,2,77750.000,84045,192000,3999.062,120.0,8,20,2,0.00009,0.00009,0.00009,0.00000,0.00000
81.847,0,81834.000,88068,192000,3999.250,120.0,8,21,2,0.00007,0.00007,0.00007,0.00000,0.00000
81.847,1,81834.000,88068,192000,3999.250,120.0,8,21,2,0.00007,0.00007,0.00007,0.00000,0.00000
81.847,2,77851.000,88863,192000,3999.688,120.0,8,20,2,0.00006,0.00006,0.00006,0.00000,0.00000
81.950,0,81937.000,92992,192000,3999.667,120.0,8,21,2,0.00004,0.00004,0.00004,0.00000,0.00000
81.950,1,81937.000,92992,192000,3999.667,120.0,8,21,2,0.00004,0.00004,0.00004,0.00000,0.00000
81.950,2,77953.000,93787,192000,3999.104,120.0,8,20,2,0.00004,0.00004,0.00004,0.00000,0.00000
82.051,0,82038.000,97850,192000,3999.458,120.0,8,21,2,0.00003,0.00003,0.00003,0.00000,0.00000
82.051,1,82038.000,97850,192000,3999.458,120.0,8,21,2,0.00003,0.00003,0.00003,0.00000,0.00000
82.051,2,78055.000,98645,192000,3999.896,120.0,8,20,2,0.00003,0.00003,0.00003,0.00000,0.00000
82.151,0,82138.000,102652,192000,3999.417,120.0,8,21,2,0.00002,0.00002,0.00002,0.00000,0.00000
82.151,1,82138.000,102652,192000,3999.417,120.0,8,21,2,0.00002,0.00002,0.00002,0.00000,0.00000
82.151,2,78155.000,103447,192000,3999.854,120.0,8,20,2,0.00002,0.00002,0.00002,0.00000,0.00000
82.252,0,82239.000,107505,192000,3999.312,120.0,8,21,2,0.00001,0.00001,0.00001,0.00000,0.00000
82.252,1,82239.000,107505,192000,3999.312,120.0,8,21,2,0.00001,0.00001,0.00001,0.00000,0.00000
82.252,2,78256.000,108300,192000,3999.750,120.0,8,20,2,0.00001,0.00001,0.00001,0.00000,0.00000
82.352,0,82339.000,112312,192000,3999.167,120.0,8,21,2,0.00001,0.00001,0.00001,0.00000,0.00000
82.352,1,82339.000,112312,192000,3999.167,120.0,8,21,2,0.00001,0.00001,0.00001,0.00000,0.00000
82.352,2,78356.000,113107,192000,3999.604,120.0,8,20,2,0.00001,0.00001,0.00001,0.00000,0.00000
82.454,0,82441.000,117187,192000,3999.604,120.0,8,21,2,0.00001,0.00001,0.00001,0.00000,0.00000
82.454,1,82441.000,117187,192000,3999.604,120.0,8,21,2,0.00001,0.00001,0.00001,0.00000,0.00000
82.454,2,78457.000,117982,192000,3999.042,120.0,8,20,2,0.00001,0.00001,0.00001,0.00000,0.00000
82.556,0,82543.000,122099,192000,3999.271,120.0,8,21,2,0.00000,0.00000,0.00000,0.00000,0.00000
82.556,1,82543.000,122099,192000,3999.271,120.0,8,21,2,0.00000,0.00000,0.00000,0.00000,0.00000
82.556,2,78560.000,122894,192000,3999.708,120.0,8,20,2,0.00000,0.00000,0.00000,0.00000,0.00000
82.659,0,82646.000,127025,192000,3999.646,120.0,8,21,2,0.00000,0.00000,0.00000,0.00000,0.00000
82.659,1,82646.000,127025,192000,3999.646,120.0,8,21,2,0.00000,0.00000,0.00000,0.00000,0.00000
82.659,2,78662.000,127820,192000,3999.083,120.0,8,20,2,0.00000,0.00000,0.00000,0.00000,0.00000
82.759,0,82746.000,131828,192000,3999.583,120.0,8,21,2,0.00000,0.00000,0.00000,0.00000,0.00000
82.759,1,82746.000,131828,192000,3999.583,120.0,8,21,2,0.00000,0.00000,0.00000,0.00000,0.00000
82.759,2,78762.000,132623,192000,3999.021,120.0,8,20,2,0.00000,0.00000,0.00000,0.00000,0.00000
82.859,0,82846.000,136638,192000,3999.375,120.0,8,21,2,0.00000,0.00000,0.00000,0.00000,0.00000
82.859,1,82846.000,136638,192000,3999.375,120.0,8,21,2,0.00000,0.00000,0.00000,0.00000,0.00000
82.859,2,78863.000,137433,192000,3999.812,120.0,8,20,2,0.00000,0.00000,0.00000,0.00000,0.00000
82.961,0,82948.000,141545,192000,3999.146,120.0,8,21,2,0.00000,0.00000,0.00000,0.00000,0.00000
82.961,1,82948.000,141545,192000,3999.146,120.0,8,21,2,0.00000,0.00000,0.00000,0.00000,0.00000
82.961,2,78965.000,142340,192000,3999.583,120.0,8,20,2,0.00000,0.00000,0.00000,0.00000,0.00000
83.062,0,83049.000,146360,192000,3999.833,120.0,8,21,2,0.00000,0.00000,0.00000,0.00000,0.00000
83.062,1,83049.000,146360,192000,3999.833,120.0,8,21,2,0.00000,0.00000,0.00000,0.00000,0.00000
83.062,2,79065.000,147155,192000,3999.271,120.0,8,20,2,0.00000,0.00000,0.00000,0.00000,0.00000
83.164,0,83151.000,151284,192000,3999.250,120.0,8,21,2,0.00000,0.00000,0.00000,0.00000,0.00000
83.164,1,83151.000,151284,192000,3999.250,120.0,8,21,2,0.00000,0.00000,0.00000,0.00000,0.00000
83.164,2,79168.000,152079,192000,3999.688,120.0,8,20,2,0.00000,0.00000,0.00000,0.00000,0.00000
83.265,0,83252.000,156106,192000,3999.792,120.0,8,21,2,0.00000,0.00000,0.00000,0.00000,0.00000
83.265,1,83252.000,156106,192000,3999.792,120.0,8,21,2,0.00000,0.00000,0.00000,0.00000,0.00000
83.265,2,79268.000,156901,192000,3999.229,120.0,8,20,2,0.00000,0.00000,0.00000,0.00000,0.00000
83.366,0,83353.000,160945,192000,3999.979,120.0,8,21,2,0.00000,0.00000,0.00000,0.00000,0.00000
83.366,1,83353.000,160945,192000,3999.979,120.0,8,21,2,0.00000,0.00000,0.00000,0.00000,0.00000
83.366,2,79369.000,161740,192000,3999.417,120.0,8,20,2,0.00000,0.00000,0.00000,0.00000,0.00000
83.468,0,83455.000,165850,192000,3999.792,120.0,8,21,2,0.00000,0.00000,0.00000,0.00000,0.00000
83.468,1,83455.000,165850,192000,3999.792,120.0,8,21,2,0.00000,0.00000,0.00000,0.00000,0.00000
83.468,2,79471.000,166645,192000,3999.229,120.0,8,20,2,0.00000,0.00000,0.00000,0.00000,0.00000
83.568,0,83555.000,170656,192000,3999.667,120.0,8,21,2,0.00000,0.00000,0.00000,0.00000,0.00000
83.568,1,83555.000,170656,192000,3999.667,120.0,8,21,2,0.00000,0.00000,0.00000,0.00000,0.00000
83.568,2,79571.000,171451,192000,3999.104,120.0,8,20,2,0.00000,0.00000,0.00000,0.00000,0.00000
83.669,0,83656.000,175499,192000,3999.771,120.0,8,21,2,0.00000,0.00000,0.00000,0.00000,0.00000
83.669,1,83656.000,175499,192000,3999.771,120.0,8,21,2,0.00000,0.00000,0.00000,0.00000,0.00000
83.669,2,79672.000,176294,192000,3999.208,120.0,8,20,2,0.00000,0.00000,0.00000,0.00000,0.00000
83.769,0,83756.000,180335,192000,3999.021,120.0,8,21,2,0.00000,0.00000,0.00000,0.00000,0.00000
83.769,1,83756.000,180335,192000,3999.021,120.0,8,21,2,0.00000,0.00000,0.00000,0.00000,0.00000
83.769,2,79773.000,181130,192000,3999.458,120.0,8,20,2,0.00000,0.00000,0.00000,0.00000,0.00000
83.871,0,83858.000,185215,192000,3999.354,120.0,8,21,2,0.00000,0.00000,0.00000,0.00000,0.00000
83.871,1,83858.000,185215,192000,3999.354,120.0,8,21,2,0.00000,0.00000,0.00000,0.00000,0.00000
83.871,2,79875.000,186010,192000,3999.792,120.0,8,20,2,0.00000,0.00000,0.00000,0.00000,0.00000
83.972,0,83959.000,190061,192000,3999.396,120.0,8,21,2,0.00000,0.00000,0.00000,0.00000,0.00000
83.972,1,83959.000,190061,192000,3999.396,120.0,8,21,2,0.00000,0.00000,0.00000,0.00000,0.00000
83.972,2,79976.000,190856,192000,3999.833,120.0,8,20,2,0.00000,0.00000,0.00000,0.00000,0.00000
84.072,0,84059.000,2861,192000,3999.396,120.0,8,22,2,0.00000,0.00000,0.00000,0.00000,0.00000
84.072,1,84059.000,2861,192000,3999.396,120.0,8,22,2,0.00000,0.00000,0.00000,0.00000,0.00000
84.072,2,80076.000,3656,192000,3999.833,120.0,8,21,2,0.00000,0.00000,0.00000,0.00000,0.00000
84.173,0,84160.000,7726,192000,3999.042,120.0,8,22,2,0.00000,0.00000,0.00000,0.00000,0.00000
84.173,1,84160.000,7726,192000,3999.042,120.0,8,22,2,0.00000,0.00000,0.00000,0.00000,0.00000
84.173,2,80177.000,8521,192000,3999.479,120.0,8,21,2,0.00000,0.00000,0.00000,0.00000,0.00000
84.275,0,84262.000,12591,192000,3999.688,120.0,8,22,2,0.00000,0.00000,0.00000,0.00000,0.00000
84.275,1,84262.000,12591,192000,3999.688,120.0,8,22,2,0.00000,0.00000,0.00000,0.00000,0.00000
84.275,2,80278.000,13386,192000,3999.125,120.0,8,21,2,0.00000,0.00000,0.00000,0.00000,0.00000
84.377,0,84364.000,17494,192000,3999.542,120.0,8,22,2,0.00000,0.00000,0.00000,0.00000,0.00000
84.377,1,84364.000,17494,192000,3999.542,120.0,8,22,2,0.00000,0.00000,0.00000,0.00000,0.00000
84.377,2,80381.000,18289,192000,3999.979,120.0,8,21,2,0.00000,0.00000,0.00000,0.00000,0.00000
84.477,0,84464.000,22306,192000,3999.292,120.0,8,22,2,0.00000,0.00000,0.00000,0.00000,0.00000
84.477,1,84464.000,22306,192000,3999.292,120.0,8,22,2,0.00000,0.00000,0.00000,0.00000,0.00000
84.477,2,80481.000,23101,192000,3999.729,120.0,8,21,2,0.00000,0.00000,0.00000,0.00000,0.00000
84.578,0,84565.000,27127,192000,3999.854,120.0,8,22,2,0.00000,0.00000,0.00000,0.00000,0.00000
84.578,1,84565.000,27127,192000,3999.854,120.0,8,22,2,0.00000,0.00000,0.00000,0.00000,0.00000
84.578,2,80581.000,27922,192000,3999.292,120.0,8,21,2,0.00000,0.00000,0.00000,0.00000,0.00000
84.681,0,84668.000,32073,192000,3999.812,120.0,8,22,2,0.00000,0.00000,0.00000,0.00000,0.00000
84.681,1,84668.000,32073,192000,3999.812,120.0,8,22,2,0.00000,0.00000,0.00000,0.00000,0.00000
84.681,2,80684.000,32868,192000,3999.250,120.0,8,21,2,0.00000,0.00000,0.00000,0.00000,0.00000
84.782,0,84769.000,36924,192000,3999.750,120.0,8,22,2,0.00000,0.00000,0.00000,0.00000,0.00000
84.782,1,84769.000,36924,192000,3999.750,120.0,8,22,2,0.00000,0.00000,0.00000,0.00000,0.00000
84.782,2,80785.000,37719,192000,3999.188,120.0,8,21,2,0.00000,0.00000,0.00000,0.00000,0.00000
84.883,0,84870.000,41788,192000,3999.417,120.0,8,22,2,0.00000,0.00000,0.00000,0.00000,0.00000
84.883,1,84870.000,41788,192000,3999.417,120.0,8,22,2,0.00000,0.00000,0.00000,0.00000,0.00000
84.883,2,80887.000,42583,192000,3999.854,120.0,8,21,2,0.00000,0.00000,0.00000,0.00000,0.00000
84.985,0,84972.000,46688,192000,3999.333,120.0,8,22,2,0.00000,0.00000,0.00000,0.00000,0.00000
84.985,1,84972.000,46688,192000,3999.333,120.0,8,22,2,0.00000,0.00000,0.00000,0.00000,0.00000
84.985,2,80989.000,47483,192000,3999.771,120.0,8,21,2,0.00000,0.00000,0.00000,0.00000,0.00000
85.087,0,85074.000,51589,192000,3999.229,120.0,8,22,2,0.00000,0.00000,0.00000,0.00000,0.00000
85.087,1,85074.000,51589,192000,3999.229,120.0,8,22,2,0.00000,0.00000,0.00000,0.00000,0.00000
85.087,2,81091.000,52384,192000,3999.667,120.0,8,21,2,0.00000,0.00000,0.00000,0.00000,0.00000
85.190,0,85177.000,56519,192000,3999.521,120.0,8,22,2,0.00000,0.00000,0.00000,0.00000,0.00000
85.190,1,85177.000,56519,192000,3999.521,120.0,8,22,2,0.00000,0.00000,0.00000,0.00000,0.00000
85.190,2,81194.000,57314,192000,3999.958,120.0,8,21,2,0.00000,0.00000,0.00000,0.00000,0.00000
85.293,0,85280.000,61461,192000,3999.562,120.0,8,22,2,0.00000,0.00000,0.00000,0.00000,0.00000
85.293,1,85280.000,61461,192000,3999.562,120.0,8,22,2,0.00000,0.00000,0.00000,0.00000,0.00000
85.293,2,81297.000,62256,192000,0.000,120.0,8,21,2,0.00000,0.00000,0.00000,0.00000,0.00000
85.393,0,85380.000,66272,192000,3999.333,120.0,8,22,2,0.00000,0.00000,0.00000,0.00000,0.00000
85.393,1,85380.000,66272,192000,3999.333,120.0,8,22,2,0.00000,0.00000,0.00000,0.00000,0.00000
85.393,2,81397.000,67067,192000,3999.771,120.0,8,21,2,0.00000,0.00000,0.00000,0.00000,0.00000
85.495,0,85482.000,71175,192000,3999.188,120.0,8,22,2,0.00000,0.00000,0.00000,0.00000,0.00000
85.495,1,85482.000,71175,192000,3999.188,120.0,8,22,2,0.00000,0.00000,0.00000,0.00000,0.00000
85.495,2,81499.000,71970,192000,3999.625,120.0,8,21,2,0.00000,0.00000,0.00000,0.00000,0.00000
85.596,0,85583.000,76029,192000,3999.062,120.0,8,22,2,0.00000,0.00000,0.00000,0.00000,0.00000
85.596,1,85583.000,76029,192000,3999.062,120.0,8,22,2,0.00000,0.00000,0.00000,0.00000,0.00000
85.596,2,81600.000,76824,192000,3999.500,120.0,8,21,2,0.00000,0.00000,0.00000,0.00000,0.00000
85.698,0,85685.000,80911,192000,3999.354,120.0,8,22,2,0.00000,0.00000,0.00000,0.00000,0.00000
85.698,1,85685.000,80911,192000,3999.354,120.0,8,22,2,0.00000,0.00000,0.00000,0.00000,0.00000
85.698,2,81702.000,81706,192000,3999.792,120.0,8,21,2,0.00000,0.00000,0.00000,0.00000,0.00000
85.799,0,85786.000,85770,192000,3999.125,120.0,8,22,2,0.00000,0.00000,0.00000,0.00000,0.00000
85.799,1,85786.000,85770,192000,3999.125,120.0,8,22,2,0.00000,0.00000,0.00000,0.00000,0.00000
85.799,2,81803.000,86565,192000,3999.562,120.0,8,21,2,0.00000,0.00000,0.00000,0.00000,0.00000
85.902,0,85889.000,90672,192000,0.000,120.0,8,22,2,0.00000,0.00000,0.00000,0.00000,0.00000
85.902,1,85889.000,90672,192000,0.000,120.0,8,22,2,0.00000,0.00000,0.00000,0.00000,0.00000
85.902,2,81905.000,91467,192000,3999.438,120.0,8,21,2,0.00000,0.00000,0.00000,0.00000,0.00000
86.002,0,85989.000,95506,192000,3999.292,120.0,8,22,2,0.00000,0.00000,0.00000,0.00000,0.00000
86.002,1,85989.000,95506,192000,3999.292,120.0,8,22,2,0.00000,0.00000,0.00000,0.00000,0.00000
86.002,2,82006.000,96301,192000,3999.729,120.0,8,21,2,0.00000,0.00000,0.00000,0.00000,0.00000
86.105,0,86092.000,100426,192000,3999.792,120.0,8,22,2,0.00000,0.00000,0.00000,0.00000,0.00000
86.105,1,86092.000,100426,192000,3999.792,120.0,8,22,2,0.00000,0.00000,0.00000,0.00000,0.00000
86.105,2,82108.000,101221,192000,3999.229,120.0,8,21,2,0.00000,0.00000,0.00000,0.00000,0.00000
86.207,0,86194.000,105331,192000,3999.604,120.0,8,22,2,0.00000,0.00000,0.00000,0.00000,0.00000
86.207,1,86194.000,105331,192000,3999.604,120.0,8,22,2,0.00000,0.00000,0.00000,0.00000,0.00000
86.207,2,82210.000,106126,192000,3999.042,120.0,8,21,2,0.00000,0.00000,0.00000,0.00000,0.00000
86.308,0,86295.000,110167,192000,3999.854,120.0,8,22,2,0.00000,0.00000,0.00000,0.00000,0.00000
86.308,1,86295.000,110167,192000,3999.854,120.0,8,22,2,0.00000,0.00000,0.00000,0.00000,0.00000
86.308,2,82311.000,110962,192000,3999.292,120.0,8,21,2,0.00000,0.00000,0.00000,0.00000,0.00000
86.410,0,86397.000,115075,192000,3999.604,120.0,8,22,2,0.00000,0.00000,0.00000,0.00000,0.00000
86.410,1,86397.000,115075,192000,3999.604,120.0,8,22,2,0.00000,0.00000,0.00000,0.00000,0.00000
86.410,2,82413.000,115870,192000,3999.042,120.0,8,21,2,0.00000,0.00000,0.00000,0.00000,0.00000
86.513,0,86500.000,120014,192000,3999.708,120.0,8,22,2,0.00000,0.00000,0.00000,0.00000,0.00000
86.513,1,86500.000,120014,192000,3999.708,120.0,8,22,2,0.00000,0.00000,0.00000,0.00000,0.00000
86.513,2,82516.000,120809,192000,3999.146,120.0,8,21,2,0.00000,0.00000,0.00000,0.00000,0.00000
86.613,0,86600.000,124832,192000,3999.333,120.0,8,22,2,0.00000,0.00000,0.00000,0.00000,0.00000
86.613,1,86600.000,124832,192000,3999.333,120.0,8,22,2,0.00000,0.00000,0.00000,0.00000,0.00000
86.613,2,82617.000,125627,192000,3999.771,120.0,8,21,2,0.00000,0.00000,0.00000,0.00000,0.00000
86.715,0,86702.000,129716,192000,3999.583,120.0,8,22,2,0.00000,0.00000,0.00000,0.00000,0.00000
86.715,1,86702.000,129716,192000,3999.583,120.0,8,22,2,0.00000,0.00000,0.00000,0.00000,0.00000
86.715,2,82718.000,130511,192000,3999.021,120.0,8,21,2,0.00000,0.00000,0.00000,0.00000,0.00000
86.816,0,86803.000,134574,192000,3999.375,120.0,8,22,2,0.00000,0.00000,0.00000,0.00000,0.00000
86.816,1,86803.000,134574,192000,3999.375,120.0,8,22,2,0.00000,0.00000,0.00000,0.00000,0.00000
86.816,2,82820.000,135369,192000,3999.812,120.0,8,21,2,0.00000,0.00000,0.00000,0.00000,0.00000
86.919,0,86906.000,139489,192000,3999.979,120.0,8,22,2,0.00000,0.00000,0.00000,0.00000,0.00000
86.919,1,86906.000,139489,192000,3999.979,120.0,8,22,2,0.00000,0.00000,0.00000,0.00000,0.00000
86.919,2,82922.000,140284,192000,3999.417,120.0,8,21,2,0.00000,0.00000,0.00000,0.00000,0.00000
87.020,0,87007.000,144376,192000,3999.167,120.0,8,22,2,0.00000,0.00000,0.00000,0.00000,0.00000
87.020,1,87007.000,144376,192000,3999.167,120.0,8,22,2,0.00000,0.00000,0.00000,0.00000,0.00000
87.020,2,83024.000,145171,192000,3999.604,120.0,8,21,2,0.00000,0.00000,0.00000,0.00000,0.00000
87.122,0,87109.000,149271,192000,3999.188,120.0,8,22,2,0.00000,0.00000,0.00000,0.00000,0.00000
87.122,1,87109.000,149271,192000,3999.188,120.0,8,22,2,0.00000,0.00000,0.00000,0.00000,0.00000
87.122,2,83126.000,150066,192000,3999.625,120.0,8,21,2,0.00000,0.00000,0.00000,0.00000,0.00000
87.223,0,87210.000,154081,192000,3999.979,120.0,8,22,2,0.00000,0.00000,0.00000,0.00000,0.00000
87.223,1,87210.000,154081,192000,3999.979,120.0,8,22,2,0.00000,0.00000,0.00000,0.00000,0.00000
87.223,2,83226.000,154876,192000,3999.417,120.0,8,21,2,0.00000,0.00000,0.00000,0.00000,0.00000
87.324,0,87311.000,158934,192000,3999.875,120.0,8,22,2,0.00000,0.00000,0.00000,0.00000,0.00000
87.324,1,87311.000,158934,192000,3999.875,120.0,8,22,2,0.00000,0.00000,0.00000,0.00000,0.00000
87.324,2,83327.000,159729,192000,3999.312,120.0,8,21,2,0.00000,0.00000,0.00000,0.00000,0.00000
87.427,0,87414.000,163875,192000,3999.938,120.0,8,22,2,0.00000,0.00000,0.00000,0.00000,0.00000
87.427,1,87414.000,163875,192000,3999.938,120.0,8,22,2,0.00000,0.00000,0.00000,0.00000,0.00000
87.427,2,83430.000,164670,192000,3999.375,120.0,8,21,2,0.00000,0.00000,0.00000,0.00000,0.00000
87.528,0,87515.000,168745,192000,3999.479,120.0,8,22,2,0.00000,0.00000,0.00000,0.00000,0.00000
87.528,1,87515.000,168745,192000,3999.479,120.0,8,22,2,0.00000,0.00000,0.00000,0.00000,0.00000
87.528,2,83532.000,169540,192000,3999.917,120.0,8,21,2,0.00000,0.00000,0.00000,0.00000,0.00000
87.631,0,87618.000,173672,192000,3999.833,120.0,8,22,2,0.00000,0.00000,0.00000,0.00000,0.00000
87.631,1,87618.000,173672,192000,3999.833,120.0,8,22,2,0.00000,0.00000,0.00000,0.00000,0.00000
87.631,2,83634.000,174467,192000,3999.271,120.0,8,21,2,0.00000,0.00000,0.00000,0.00000,0.00000
87.732,0,87719.000,178528,192000,3999.667,120.0,8,22,2,0.00000,0.00000,0.00000,0.00000,0.00000
87.732,1,87719.000,178528,192000,3999.667,120.0,8,22,2,0.00000,0.00000,0.00000,0.00000,0.00000
87.732,2,83735.000,179323,192000,3999.104,120.0,8,21,2,0.00000,0.00000,0.00000,0.00000,0.00000
87.832,0,87819.000,183332,192000,3999.583,120.0,8,22,2,0.00000,0.00000,0.00000,0.00000,0.00000
87.832,1,87819.000,183332,192000,3999.583,120.0,8,22,2,0.00000,0.00000,0.00000,0.00000,0.00000
87.832,2,83835.000,184127,192000,3999.021,120.0,8,21,2,0.00000,0.00000,0.00000,0.00000,0.00000
87.934,0,87921.000,188247,192000,3999.188,120.0,8,22,2,0.00000,0.00000,0.00000,0.00000,0.00000
87.934,1,87921.000,188247,192000,3999.188,120.0,8,22,2,0.00000,0.00000,0.00000,0.00000,0.00000
87.934,2,83938.000,189042,192000,3999.625,120.0,8,21,2,0.00000,0.00000,0.00000,0.00000,0.00000
88.035,0,88022.000,1102,192000,3999.042,120.0,8,23,2,0.00000,0.00000,0.00000,0.00000,0.00000
88.035,1,88022.000,1102,192000,3999.042,120.0,8,23,2,0.00000,0.00000,0.00000,0.00000,0.00000
88.035,2,84039.000,1897,192000,3999.479,120.0,8,22,2,0.00000,0.00000,0.00000,0.00000,0.00000
88.137,0,88124.000,5977,192000,3999.479,120.0,8,23,2,0.00000,0.00000,0.00000,0.00000,0.00000
88.137,1,88124.000,5977,192000,3999.479,120.0,8,23,2,0.00000,0.00000,0.00000,0.00000,0.00000
88.137,2,84141.000,6772,192000,3999.917,120.0,8,22,2,0.00000,0.00000,0.00000,0.00000,0.00000
88.238,0,88225.000,10831,192000,3999.354,120.0,8,23,2,0.00000,0.00000,0.00000,0.00000,0.00000
88.238,1,88225.000,10831,192000,3999.354,120.0,8,23,2,0.00000,0.00000,0.00000,0.00000,0.00000
88.238,2,84242.000,11626,192000,3999.792,120.0,8,22,2,0.00000,0.00000,0.00000,0.00000,0.00000
88.339,0,88326.000,15660,192000,3999.750,120.0,8,23,2,0.00000,0.00000,0.00000,0.00000,0.00000
88.339,1,88326.000,15660,192000,3999.750,120.0,8,23,2,0.00000,0.00000,0.00000,0.00000,0.00000
88.339,2,84342.000,16455,192000,3999.188,120.0,8,22,2,0.00000,0.00000,0.00000,0.00000,0.00000
88.439,0,88426.000,20476,192000,3999.417,120.0,8,23,2,0.00000,0.00000,0.00000,0.00000,0.00000
88.439,1,88426.000,20476,192000,3999.417,120.0,8,23,2,0.00000,0.00000,0.00000,0.00000,0.00000
88.439,2,84443.000,21271,192000,3999.854,120.0,8,22,2,0.00000,0.00000,0.00000,0.00000,0.00000
88.540,0,88527.000,25322,192000,3999.458,120.0,8,23,2,0.00000,0.00000,0.00000,0.00000,0.00000
88.540,1,88527.000,25322,192000,3999.458,120.0,8,23,2,0.00000,0.00000,0.00000,0.00000,0.00000
88.540,2,84544.000,26117,192000,3999.896,120.0,8,22,2,0.00000,0.00000,0.00000,0.00000,0.00000
88.641,0,88628.000,30158,192000,3999.708,120.0,8,23,2,0.00000,0.00000,0.00000,0.00000,0.00000
88.641,1,88628.000,30158,192000,3999.708,120.0,8,23,2,0.00000,0.00000,0.00000,0.00000,0.00000
88.641,2,84644.000,30953,192000,3999.146,120.0,8,22,2,0.00000,0.00000,0.00000,0.00000,0.00000
88.743,0,88730.000,35077,192000,3999.229,120.0,8,23,2,0.00000,0.00000,0.00000,0.00000,0.00000
88.743,1,88730.000,35077,192000,3999.229,120.0,8,23,2,0.00000,0.00000,0.00000,0.00000,0.00000
88.743,2,84747.000,35872,192000,3999.667,120.0,8,22,2,0.00000,0.00000,0.00000,0.00000,0.00000
88.845,0,88832.000,39970,192000,3999.292,120.0,8,23,2,0.00000,0.00000,0.00000,0.00000,0.00000
88.845,1,88832.000,39970,192000,3999.292,120.0,8,23,2,0.00000,0.00000,0.00000,0.00000,0.00000
88.845,2,84849.000,40765,192000,3999.729,120.0,8,22,2,0.00000,0.00000,0.00000,0.00000,0.00000
88.946,0,88933.000,44810,192000,3999.458,120.0,8,23,2,0.00000,0.00000,0.00000,0.00000,0.00000
88.946,1,88933.000,44810,192000,3999.458,120.0,8,23,2,0.00000,0.00000,0.00000,0.00000,0.00000
88.946,2,84950.000,45605,192000,3999.896,120.0,8,22,2,0.00000,0.00000,0.00000,0.00000,0.00000
89.048,0,89035.000,49695,192000,3999.688,120.0,8,23,2,0.00000,0.00000,0.00000,0.00000,0.00000
89.048,1,89035.000,49695,192000,3999.688,120.0,8,23,2,0.00000,0.00000,0.00000,0.00000,0.00000
89.048,2,85051.000,50490,192000,3999.125,120.0,8,22,2,0.00000,0.00000,0.00000,0.00000,0.00000
89.150,0,89137.000,54588,192000,3999.750,120.0,8,23,2,0.00000,0.00000,0.00000,0.00000,0.00000
89.150,1,89137.000,54588,192000,3999.750,120.0,8,23,2,0.00000,0.00000,0.00000,0.00000,0.00000
89.150,2,85153.000,55383,192000,3999.188,120.0,8,22,2,0.00000,0.00000,0.00000,0.00000,0.00000
89.251,0,89238.000,59447,192000,3999.521,120.0,8,23,2,0.00000,0.00000,0.00000,0.00000,0.00000
89.251,1,89238.000,59447,192000,3999.521,120.0,8,23,2,0.00000,0.00000,0.00000,0.00000,0.00000
89.251,2,85255.000,60242,192000,3999.958,120.0,8,22,2,0.00000,0.00000,0.00000,0.00000,0.00000
89.352,0,89339.000,64280,192000,3999.833,120.0,8,23,2,0.00000,0.00000,0.00000,0.00000,0.00000
89.352,1,89339.000,64280,192000,3999.833,120.0,8,23,2,0.00000,0.00000,0.00000,0.00000,0.00000
89.352,2,85355.000,65075,192000,3999.271,120.0,8,22,2,0.00000,0.00000,0.00000,0.00000,0.00000
89.453,0,89440.000,69145,192000,3999.479,120.0,8,23,2,0.00000,0.00000,0.00000,0.00000,0.00000
89.453,1,89440.000,69145,192000,3999.479,120.0,8,23,2,0.00000,0.00000,0.00000,0.00000,0.00000
89.453,2,85457.000,69940,192000,3999.917,120.0,8,22,2,0.00000,0.00000,0.00000,0.00000,0.00000
89.554,0,89541.000,73998,192000,3999.375,120.0,8,23,2,0.00000,0.00000,0.00000,0.00000,0.00000
89.554,1,89541.000,73998,192000,3999.375,120.0,8,23,2,0.00000,0.00000,0.00000,0.00000,0.00000
89.554,2,85558.000,74793,192000,3999.812,120.0,8,22,2,0.00000,0.00000,0.00000,0.00000,0.00000
89.657,0,89644.000,78931,192000,3999.604,120.0,8,23,2,0.00000,0.00000,0.00000,0.00000,0.00000
89.657,1,89644.000,78931,192000,3999.604,120.0,8,23,2,0.00000,0.00000,0.00000,0.00000,0.00000
89.657,2,85660.000,79726,192000,3999.042,120.0,8,22,2,0.00000,0.00000,0.00000,0.00000,0.00000
89.757,0,89744.000,83732,192000,3999.583,120.0,8,23,2,0.00000,0.00000,0.00000,0.00000,0.00000
89.757,1,89744.000,83732,192000,3999.583,120.0,8,23,2,0.00000,0.00000,0.00000,0.00000,0.00000
89.757,2,85760.000,84527,192000,3999.021,120.0,8,22,2,0.00000,0.00000,0.00000,0.00000,0.00000
89.858,0,89845.000,88586,192000,3999.458,120.0,8,23,2,0.00000,0.00000,0.00000,0.00000,0.00000
89.858,1,89845.000,88586,192000,3999.458,120.0,8,23,2,0.00000,0.00000,0.00000,0.00000,0.00000
89.858,2,85862.000,89381,192000,3999.896,120.0,8,22,2,0.00000,0.00000,0.00000,0.00000,0.00000
89.959,0,89946.000,93433,192000,3999.479,120.0,8,23,2,0.00000,0.00000,0.00000,0.00000,0.00000
89.959,1,89946.000,93433,192000,3999.479,120.0,8,23,2,0.00000,0.00000,0.00000,0.00000,0.00000
89.959,2,85963.000,94228,192000,3999.917,120.0,8,22,2,0.00000,0.00000,0.00000,0.00000,0.00000
90.059,0,90046.000,98239,192000,3999.354,120.0,8,23,2,0.00000,0.00000,0.00000,0.00000,0.00000
90.059,1,90046.000,98239,192000,3999.354,120.0,8,23,2,0.00000,0.00000,0.00000,0.00000,0.00000
90.059,2,86063.000,99034,192000,3999.792,120.0,8,22,2,0.00000,0.00000,0.00000,0.00000,0.00000
90.159,0,90146.000,103048,192000,3999.167,120.0,8,23,2,0.00000,0.00000,0.00000,0.00000,0.00000
90.159,1,90146.000,103048,192000,3999.167,120.0,8,23,2,0.00000,0.00000,0.00000,0.00000,0.00000
90.159,2,86163.000,103843,192000,3999.604,120.0,8,22,2,0.00000,0.00000,0.00000,0.00000,0.00000
90.262,0,90249.000,107982,192000,3999.375,120.0,8,23,2,0.00000,0.00000,0.00000,0.00000,0.00000
90.262,1,90249.000,107982,192000,3999.375,120.0,8,23,2,0.00000,0.00000,0.00000,0.00000,0.00000
90.262,2,86266.000,108777,192000,3999.812,120.0,8,22,2,0.00000,0.00000,0.00000,0.00000,0.00000
90.363,0,90350.000,112807,192000,3999.854,120.0,8,23,2,0.00000,0.00000,0.00000,0.00000,0.00000
90.363,1,90350.000,112807,192000,3999.854,120.0,8,23,2,0.00000,0.00000,0.00000,0.00000,0.00000
90.363,2,86366.000,113602,192000,3999.292,120.0,8,22,2,0.00000,0.00000,0.00000,0.00000,0.00000
90.464,0,90451.000,117664,192000,3999.667,120.0,8,23,2,0.00000,0.00000,0.00000,0.00000,0.00000
90.464,1,90451.000,117664,192000,3999.667,120.0,8,23,2,0.00000,0.00000,0.00000,0.00000,0.00000
90.464,2,86467.000,118459,192000,3999.104,120.0,8,22,2,0.00000,0.00000,0.00000,0.00000,0.00000
90.564,0,90551.000,122493,192000,3999.062,120.0,8,23,2,0.00000,0.00000,0.00000,0.00000,0.00000
90.564,1,90551.000,122493,192000,3999.062,120.0,8,23,2,0.00000,0.00000,0.00000,0.00000,0.00000
90.564,2,86568.000,123288,192000,3999.500,120.0,8,22,2,0.00000,0.00000,0.00000,0.00000,0.00000
90.666,0,90653.000,127344,192000,0.000,120.0,8,23,2,0.00000,0.00000,0.00000,0.00000,0.00000
90.666,1,90653.000,127344,192000,0.000,120.0,8,23,2,0.00000,0.00000,0.00000,0.00000,0.00000
90.666,2,86669.000,128139,192000,3999.438,120.0,8,22,2,0.00000,0.00000,0.00000,0.00000,0.00000
90.767,0,90754.000,132197,192000,3999.896,120.0,8,23,2,0.00000,0.00000,0.00000,0.00000,0.00000
90.767,1,90754.000,132197,192000,3999.896,120.0,8,23,2,0.00000,0.00000,0.00000,0.00000,0.00000
90.767,2,86770.000,132992,192000,3999.333,120.0,8,22,2,0.00000,0.00000,0.00000,0.00000,0.00000
90.868,0,90855.000,137080,192000,3999.167,120.0,8,23,2,0.00000,0.00000,0.00000,0.00000,0.00000
90.868,1,90855.000,137080,192000,3999.167,120.0,8,23,2,0.00000,0.00000,0.00000,0.00000,0.00000
90.868,2,86872.000,137875,192000,3999.604,120.0,8,22,2,0.00000,0.00000,0.00000,0.00000,0.00000
90.969,0,90956.000,141905,192000,3999.646,120.0,8,23,2,0.00000,0.00000,0.00000,0.00000,0.00000
90.969,1,90956.000,141905,192000,3999.646,120.0,8,23,2,0.00000,0.00000,0.00000,0.00000,0.00000
90.969,2,86972.000,142700,192000,3999.083,120.0,8,22,2,0.00000,0.00000,0.00000,0.00000,0.00000
91.071,0,91058.000,146784,192000,0.000,120.0,8,23,2,0.00000,0.00000,0.00000,0.00000,0.00000
91.071,1,91058.000,146784,192000,0.000,120.0,8,23,2,0.00000,0.00000,0.00000,0.00000,0.00000
91.071,2,87074.000,147579,192000,3999.438,120.0,8,22,2,0.00000,0.00000,0.00000,0.00000,0.00000
91.172,0,91159.000,151663,192000,3999.354,120.0,8,23,2,0.00000,0.00000,0.00000,0.00000,0.00000
91.172,1,91159.000,151663,192000,3999.354,120.0,8,23,2,0.00000,0.00000,0.00000,0.00000,0.00000
91.172,2,87176.000,152458,192000,3999.792,120.0,8,22,2,0.00000,0.00000,0.00000,0.00000,0.00000
91.273,0,91260.000,156524,192000,3999.083,120.0,8,23,2,0.00000,0.00000,0.00000,0.00000,0.00000
91.273,1,91260.000,156524,192000,3999.083,120.0,8,23,2,0.00000,0.00000,0.00000,0.00000,0.00000
91.273,2,87277.000,157319,192000,3999.521,120.0,8,22,2,0.00000,0.00000,0.00000,0.00000,0.00000
91.376,0,91363.000,161434,192000,3999.792,120.0,8,23,2,0.00000,0.00000,0.00000,0.00000,0.00000
91.376,1,91363.000,161434,192000,3999.792,120.0,8,23,2,0.00000,0.00000,0.00000,0.00000,0.00000
91.376,2,87379.000,162229,192000,3999.229,120.0,8,22,2,0.00000,0.00000,0.00000,0.00000,0.00000
91.479,0,91466.000,166372,192000,3999.917,120.0,8,23,2,0.00000,0.00000,0.00000,0.00000,0.00000
91.479,1,91466.000,166372,192000,3999.917,120.0,8,23,2,0.00000,0.00000,0.00000,0.00000,0.00000
91.479,2,87482.000,167167,192000,3999.354,120.0,8,22,2,0.00000,0.00000,0.00000,0.00000,0.00000
91.580,0,91567.000,171224,192000,3999.833,120.0,8,23,2,0.00000,0.00000,0.00000,0.00000,0.00000
91.580,1,91567.000,171224,192000,3999.833,120.0,8,23,2,0.00000,0.00000,0.00000,0.00000,0.00000
91.580,2,87583.000,172019,192000,3999.271,120.0,8,22,2,0.00000,0.00000,0.00000,0.00000,0.00000
91.680,0,91667.000,176040,192000,3999.500,120.0,8,23,2,0.00000,0.00000,0.00000,0.00000,0.00000
91.680,1,91667.000,176040,192000,3999.500,120.0,8,23,2,0.00000,0.00000,0.00000,0.00000,0.00000
91.680,2,87684.000,176835,192000,3999.938,120.0,8,22,2,0.00000,0.00000,0.00000,0.00000,0.00000
91.780,0,91767.000,180860,192000,3999.083,120.0,8,23,2,0.00000,0.00000,0.00000,0.00000,0.00000
91.780,1,91767.000,180860,192000,3999.083,120.0,8,23,2,0.00000,0.00000,0.00000,0.00000,0.00000
91.780,2,87784.000,181655,192000,3999.521,120.0,8,22,2,0.00000,0.00000,0.00000,0.00000,0.00000
91.882,0,91869.000,185731,192000,3999.604,120.0,8,23,2,0.00000,0.00000,0.00000,0.00000,0.00000
91.882,1,91869.000,185731,192000,3999.604,120.0,8,23,2,0.00000,0.00000,0.00000,0.00000,0.00000
91.882,2,87885.000,186526,192000,3999.042,120.0,8,22,2,0.00000,0.00000,0.00000,0.00000,0.00000
91.984,0,91971.000,190633,192000,3999.479,120.0,8,23,2,0.00000,0.00000,0.00000,0.00000,0.00000
91.984,1,91971.000,190633,192000,3999.479,120.0,8,23,2,0.00000,0.00000,0.00000,0.00000,0.00000
91.984,2,87988.000,191428,192000,3999.917,120.0,8,22,2,0.00000,0.00000,0.00000,0.00000,0.00000
92.085,0,92072.000,3468,192000,3999.750,120.0,8,24,2,0.10249,0.10249,0.10242,0.00000,0.00000
92.085,1,92072.000,3468,192000,3999.750,120.0,8,24,2,0.10242,0.10217,0.10242,0.00000,0.00000
92.085,2,88088.000,4263,192000,3999.188,120.0,8,23,2,0.09706,0.09676,0.09706,0.00000,0.00000
92.186,0,92173.000,8330,192000,3999.458,120.0,8,24,2,0.06725,0.06725,0.06721,0.00000,0.00000
92.186,1,92173.000,8330,192000,3999.458,120.0,8,24,2,0.06721,0.06705,0.06721,0.00000,0.00000
92.186,2,88190.000,9125,192000,3999.896,120.0,8,23,2,0.06369,0.06349,0.06369,0.00000,0.00000
92.289,0,92276.000,13269,192000,3999.562,120.0,8,24,2,0.04384,0.04384,0.04381,0.00000,0.00000
92.289,1,92276.000,13269,192000,3999.562,120.0,8,24,2,0.04381,0.04370,0.04381,0.00000,0.00000
92.289,2,88293.000,14064,192000,0.000,120.0,8,23,2,0.04152,0.04139,0.04152,0.00000,0.00000
92.391,0,92378.000,18181,192000,3999.229,120.0,8,24,2,0.02864,0.02864,0.02863,0.00000,0.00000
92.391,1,92378.000,18181,192000,3999.229,120.0,8,24,2,0.02863,0.02856,0.02863,0.00000,0.00000
92.391,2,88395.000,18976,192000,3999.667,120.0,8,23,2,0.02713,0.02704,0.02713,0.00000,0.00000
92.492,0,92479.000,23031,192000,3999.188,120.0,8,24,2,0.01882,0.01882,0.01880,0.00000,0.00000
92.492,1,92479.000,23031,192000,3999.188,120.0,8,24,2,0.01880,0.01876,0.01880,0.00000,0.00000
92.492,2,88496.000,23826,192000,3999.625,120.0,8,23,2,0.01782,0.01776,0.01782,0.00000,0.00000
92.595,0,92582.000,27936,192000,0.000,120.0,8,24,2,0.01230,0.01230,0.01229,0.00000,0.00000
92.595,1,92582.000,27936,192000,0.000,120.0,8,24,2,0.01229,0.01226,0.01229,0.00000,0.00000
92.595,2,88598.000,28731,192000,3999.438,120.0,8,23,2,0.01165,0.01161,0.01165,0.00000,0.00000
92.697,0,92684.000,32868,192000,3999.250,120.0,8,24,2,0.00802,0.00802,0.00802,0.00000,0.00000
92.697,1,92684.000,32868,192000,3999.250,120.0,8,24,2,0.00802,0.00800,0.00802,0.00000,0.00000
92.697,2,88701.000,33663,192000,3999.688,120.0,8,23,2,0.00760,0.00758,0.00760,0.00000,0.00000
92.797,0,92784.000,37672,192000,3999.167,120.0,8,24,2,0.00529,0.00529,0.00529,0.00000,0.00000
92.797,1,92784.000,37672,192000,3999.167,120.0,8,24,2,0.00529,0.00528,0.00529,0.00000,0.00000
92.797,2,88801.000,38467,192000,3999.604,120.0,8,23,2,0.00501,0.00500,0.00501,0.00000,0.00000
92.898,0,92885.000,42514,192000,3999.292,120.0,8,24,2,0.00348,0.00348,0.00348,0.00000,0.00000
92.898,1,92885.000,42514,192000,3999.292,120.0,8,24,2,0.00348,0.00347,0.00348,0.00000,0.00000
92.898,2,88902.000,43309,192000,3999.729,120.0,8,23,2,0.00329,0.00328,0.00329,0.00000,0.00000
92.999,0,92986.000,47355,192000,3999.438,120.0,8,24,2,0.00229,0.00229,0.00229,0.00000,0.00000
92.999,1,92986.000,47355,192000,3999.438,120.0,8,24,2,0.00229,0.00228,0.00229,0.00000,0.00000
92.999,2,89003.000,48150,192000,3999.875,120.0,8,23,2,0.00217,0.00216,0.00217,0.00000,0.00000
93.101,0,93088.000,52269,192000,3999.062,120.0,8,24,2,0.00149,0.00149,0.00149,0.00000,0.00000
93.101,1,93088.000,52269,192000,3999.062,120.0,8,24,2,0.00149,0.00149,0.00149,0.00000,0.00000
93.101,2,89105.000,53064,192000,3999.500,120.0,8,23,2,0.00141,0.00141,0.00141,0.00000,0.00000
93.203,0,93190.000,57142,192000,3999.542,120.0,8,24,2,0.00098,0.00098,0.00098,0.00000,0.00000
93.203,1,93190.000,57142,192000,3999.542,120.0,8,24,2,0.00098,0.00098,0.00098,0.00000,0.00000
93.203,2,89207.000,57937,192000,3999.979,120.0,8,23,2,0.00093,0.00092,0.00093,0.00000,0.00000
93.305,0,93292.000,62041,192000,3999.479,120.0,8,24,2,0.00064,0.00064,0.00064,0.00000,0.00000
93.305,1,93292.000,62041,192000,3999.479,120.0,8,24,2,0.00064,0.00064,0.00064,0.00000,0.00000
93.305,2,89309.000,62836,192000,3999.917,120.0,8,23,2,0.00061,0.00060,0.00061,0.00000,0.00000
93.407,0,93394.000,66959,192000,3999.021,120.0,8,24,2,0.00042,0.00042,0.00042,0.00000,0.00000
93.407,1,93394.000,66959,192000,3999.021,120.0,8,24,2,0.00042,0.00042,0.00042,0.00000,0.00000
93.407,2,89411.000,67754,192000,3999.458,120.0,8,23,2,0.00040,0.00040,0.00040,0.00000,0.00000
93.508,0,93495.000,71777,192000,3999.646,120.0,8,24,2,0.00028,0.00028,0.00028,0.00000,0.00000
93.508,1,93495.000,71777,192000,3999.646,120.0,8,24,2,0.00028,0.00027,0.00028,0.00000,0.00000
93.508,2,89511.000,72572,192000,3999.083,120.0,8,23,2,0.00026,0.00026,0.00026,0.00000,0.00000
93.608,0,93595.000,76587,192000,3999.438,120.0,8,24,2,0.00018,0.00018,0.00018,0.00000,0.00000
93.608,1,93595.000,76587,192000,3999.438,120.0,8,24,2,0.00018,0.00018,0.00018,0.00000,0.00000
93.608,2,89612.000,77382,192000,3999.875,120.0,8,23,2,0.00017,0.00017,0.00017,0.00000,0.00000
93.709,0,93696.000,81448,192000,3999.167,120.0,8,24,2,0.00012,0.00012,0.00012,0.00000,0.00000
93.709,1,93696.000,81448,192000,3999.167,120.0,8,24,2,0.00012,0.00012,0.00012,0.00000,0.00000
93.709,2,89713.000,82243,192000,3999.604,120.0,8,23,2,0.00011,0.00011,0.00011,0.00000,0.00000
93.811,0,93798.000,86315,192000,3999.771,120.0,8,24,2,0.00008,0.00008,0.00008,0.00000,0.00000
93.811,1,93798.000,86315,192000,3999.771,120.0,8,24,2,0.00008,0.00008,0.00008,0.00000,0.00000
93.811,2,89814.000,87110,192000,3999.208,120.0,8,23,2,0.00007,0.00007,0.00007,0.00000,0.00000
93.911,0,93898.000,91142,192000,3999.208,120.0,8,24,2,0.00005,0.00005,0.00005,0.00000,0.00000
93.911,1,93898.000,91142,192000,3999.208,120.0,8,24,2,0.00005,0.00005,0.00005,0.00000,0.00000
93.911,2,89915.000,91937,192000,3999.646,120.0,8,23,2,0.00005,0.00005,0.00005,0.00000,0.00000
94.011,0,93998.000,95949,192000,3999.062,120.0,8,24,2,0.00003,0.00003,0.00003,0.00000,0.00000
94.011,1,93998.000,95949,192000,3999.062,120.0,8,24,2,0.00003,0.00003,0.00003,0.00000,0.00000
94.011,2,90015.000,96744,192000,3999.500,120.0,8,23,2,0.00003,0.00003,0.00003,0.00000,0.00000
94.112,0,94099.000,100761,192000,3999.812,120.0,8,24,2,0.00002,0.00002,0.00002,0.00000,0.00000
94.112,1,94099.000,100761,192000,3999.812,120.0,8,24,2,0.00002,0.00002,0.00002,0.00000,0.00000
94.112,2,90115.000,101556,192000,3999.250,120.0,8,23,2,0.00002,0.00002,0.00002,0.00000,0.00000
94.213,0,94200.000,105606,192000,3999.875,120.0,8,24,2,0.00001,0.00001,0.00001,0.00000,0.00000
94.213,1,94200.000,105606,192000,3999.875,120.0,8,24,2,0.00001,0.00001,0.00001,0.00000,0.00000
94.213,2,90216.000,106401,192000,3999.312,120.0,8,23,2,0.00001,0.00001,0.00001,0.00000,0.00000
94.315,0,94302.000,110515,192000,3999.604,120.0,8,24,2,0.00001,0.00001,0.00001,0.00000,0.00000
94.315,1,94302.000,110515,192000,3999.604,120.0,8,24,2,0.00001,0.00001,0.00001,0.00000,0.00000
94.315,2,90318.000,111310,192000,3999.042,120.0,8,23,2,0.00001,0.00001,0.00001,0.00000,0.00000
94.416,0,94403.000,115350,192000,3999.875,120.0,8,24,2,0.00001,0.00001,0.00001,0.00000,0.00000
94.416,1,94403.000,115350,192000,3999.875,120.0,8,24,2,0.00001,0.00001,0.00001,0.00000,0.00000
94.416,2,90419.000,116145,192000,3999.312,120.0,8,23,2,0.00001,0.00001,0.00001,0.00000,0.00000
94.517,0,94504.000,120221,192000,3999.396,120.0,8,24,2,0.00000,0.00000,0.00000,0.00000,0.00000
94.517,1,94504.000,120221,192000,3999.396,120.0,8,24,2,0.00000,0.00000,0.00000,0.00000,0.00000
94.517,2,90521.000,121016,192000,3999.833,120.0,8,23,2,0.00000,0.00000,0.00000,0.00000,0.00000
94.618,0,94605.000,125085,192000,3999.062,120.0,8,24,2,0.00000,0.00000,0.00000,0.00000,0.00000
94.618,1,94605.000,125085,192000,3999.062,120.0,8,24,2,0.00000,0.00000,0.00000,0.00000,0.00000
94.618,2,90622.000,125880,192000,3999.500,120.0,8,23,2,0.00000,0.00000,0.00000,0.00000,0.00000
94.721,0,94708.000,130004,192000,3999.583,120.0,8,24,2,0.00000,0.00000,0.00000,0.00000,0.00000
94.721,1,94708.000,130004,192000,3999.583,120.0,8,24,2,0.00000,0.00000,0.00000,0.00000,0.00000
94.721,2,90724.000,130799,192000,3999.021,120.0,8,23,2,0.00000,0.00000,0.00000,0.00000,0.00000
94.821,0,94808.000,134828,192000,3999.083,120.0,8,24,2,0.00000,0.00000,0.00000,0.00000,0.00000
94.821,1,94808.000,134828,192000,3999.083,120.0,8,24,2,0.00000,0.00000,0.00000,0.00000,0.00000
94.821,2,90825.000,135623,192000,3999.521,120.0,8,23,2,0.00000,0.00000,0.00000,0.00000,0.00000
94.922,0,94909.000,139648,192000,3999.667,120.0,8,24,2,0.00000,0.00000,0.00000,0.00000,0.00000
94.922,1,94909.000,139648,192000,3999.667,120.0,8,24,2,0.00000,0.00000,0.00000,0.00000,0.00000
94.922,2,90925.000,140443,192000,3999.104,120.0,8,23,2,0.00000,0.00000,0.00000,0.00000,0.00000
95.025,0,95012.000,144582,192000,3999.875,120.0,8,24,2,0.00000,0.00000,0.00000,0.00000,0.00000
95.025,1,95012.000,144582,192000,3999.875,120.0,8,24,2,0.00000,0.00000,0.00000,0.00000,0.00000
95.025,2,91028.000,145377,192000,3999.312,120.0,8,23,2,0.00000,0.00000,0.00000,0.00000,0.00000
95.127,0,95114.000,149490,192000,3999.625,120.0,8,24,2,0.00000,0.00000,0.00000,0.00000,0.00000
95.127,1,95114.000,149490,192000,3999.625,120.0,8,24,2,0.00000,0.00000,0.00000,0.00000,0.00000
95.127,2,91130.000,150285,192000,3999.062,120.0,8,23,2,0.00000,0.00000,0.00000,0.00000,0.00000
95.229,0,95216.000,154383,192000,3999.688,120.0,8,24,2,0.00000,0.00000,0.00000,0.00000,0.00000
95.229,1,95216.000,154383,192000,3999.688,120.0,8,24,2,0.00000,0.00000,0.00000,0.00000,0.00000
95.229,2,91232.000,155178,192000,3999.125,120.0,8,23,2,0.00000,0.00000,0.00000,0.00000,0.00000
95.330,0,95317.000,159227,192000,3999.771,120.0,8,24,2,0.00000,0.00000,0.00000,0.00000,0.00000
95.330,1,95317.000,159227,192000,3999.771,120.0,8,24,2,0.00000,0.00000,0.00000,0.00000,0.00000
95.330,2,91333.000,160022,192000,3999.208,120.0,8,23,2,0.00000,0.00000,0.00000,0.00000,0.00000
95.431,0,95418.000,164070,192000,3999.875,120.0,8,24,2,0.00000,0.00000,0.00000,0.00000,0.00000
95.431,1,95418.000,164070,192000,3999.875,120.0,8,24,2,0.00000,0.00000,0.00000,0.00000,0.00000
95.431,2,91434.000,164865,192000,3999.312,120.0,8,23,2,0.00000,0.00000,0.00000,0.00000,0.00000
95.531,0,95518.000,168886,192000,3999.542,120.0,8,24,2,0.00000,0.00000,0.00000,0.00000,0.00000
95.531,1,95518.000,168886,192000,3999.542,120.0,8,24,2,0.00000,0.00000,0.00000,0.00000,0.00000
95.531,2,91535.000,169681,192000,3999.979,120.0,8,23,2,0.00000,0.00000,0.00000,0.00000,0.00000
95.631,0,95618.000,173700,192000,3999.250,120.0,8,24,2,0.00000,0.00000,0.00000,0.00000,0.00000
95.631,1,95618.000,173700,192000,3999.250,120.0,8,24,2,0.00000,0.00000,0.00000,0.00000,0.00000
95.631,2,91635.000,174495,192000,3999.688,120.0,8,23,2,0.00000,0.00000,0.00000,0.00000,0.00000
95.732,0,95719.000,178540,192000,3999.417,120.0,8,24,2,0.00000,0.00000,0.00000,0.00000,0.00000
95.732,1,95719.000,178540,192000,3999.417,120.0,8,24,2,0.00000,0.00000,0.00000,0.00000,0.00000
95.732,2,91736.000,179335,192000,3999.854,120.0,8,23,2,0.00000,0.00000,0.00000,0.00000,0.00000
95.833,0,95820.000,183364,192000,3999.917,120.0,8,24,2,0.00000,0.00000,0.00000,0.00000,0.00000
95.833,1,95820.000,183364,192000,3999.917,120.0,8,24,2,0.00000,0.00000,0.00000,0.00000,0.00000
95.833,2,91836.000,184159,192000,3999.354,120.0,8,23,2,0.00000,0.00000,0.00000,0.00000,0.00000
95.934,0,95921.000,188237,192000,3999.396,120.0,8,24,2,0.00000,0.00000,0.00000,0.00000,0.00000
95.934,1,95921.000,188237,192000,3999.396,120.0,8,24,2,0.00000,0.00000,0.00000,0.00000,0.00000
95.934,2,91938.000,189032,192000,3999.833,120.0,8,23,2,0.00000,0.00000,0.00000,0.00000,0.00000
96.039,0,96026.000,1287,192000,3999.188,120.0,8,25,2,0.00000,0.00000,0.00000,0.00000,0.00000
96.039,1,96026.000,1287,192000,3999.188,120.0,8,25,2,0.00000,0.00000,0.00000,0.00000,0.00000
96.039,2,92043.000,2082,192000,3999.625,120.0,8,24,2,0.00000,0.00000,0.00000,0.00000,0.00000
96.141,0,96128.000,6177,192000,3999.312,120.0,8,25,2,0.00000,0.00000,0.00000,0.00000,0.00000
96.141,1,96128.000,6177,192000,3999.312,120.0,8,25,2,0.00000,0.00000,0.00000,0.00000,0.00000
96.141,2,92145.000,6972,192000,3999.750,120.0,8,24,2,0.00000,0.00000,0.00000,0.00000,0.00000
96.242,0,96229.000,10998,192000,3999.875,120.0,8,25,2,0.00000,0.00000,0.00000,0.00000,0.00000
96.242,1,96229.000,10998,192000,3999.875,120.0,8,25,2,0.00000,0.00000,0.00000,0.00000,0.00000
96.242,2,92245.000,11793,192000,3999.312,120.0,8,24,2,0.00000,0.00000,0.00000,0.00000,0.00000
96.343,0,96330.000,15856,192000,3999.667,120.0,8,25,2,0.00000,0.00000,0.00000,0.00000,0.00000
96.343,1,96330.000,15856,192000,3999.667,120.0,8,25,2,0.00000,0.00000,0.00000,0.00000,0.00000
96.343,2,92346.000,16651,192000,3999.104,120.0,8,24,2,0.00000,0.00000,0.00000,0.00000,0.00000
96.444,0,96431.000,20730,192000,3999.125,120.0,8,25,2,0.00000,0.00000,0.00000,0.00000,0.00000
96.444,1,96431.000,20730,192000,3999.125,120.0,8,25,2,0.00000,0.00000,0.00000,0.00000,0.00000
96.444,2,92448.000,21525,192000,3999.562,120.0,8,24,2,0.00000,0.00000,0.00000,0.00000,0.00000
96.545,0,96532.000,25564,192000,3999.417,120.0,8,25,2,0.00000,0.00000,0.00000,0.00000,0.00000
96.545,1,96532.000,25564,192000,3999.417,120.0,8,25,2,0.00000,0.00000,0.00000,0.00000,0.00000
96.545,2,92549.000,26359,192000,3999.854,120.0,8,24,2,0.00000,0.00000,0.00000,0.00000,0.00000
96.645,0,96632.000,30372,192000,3999.250,120.0,8,25,2,0.00000,0.00000,0.00000,0.00000,0.00000
96.645,1,96632.000,30372,192000,3999.250,120.0,8,25,2,0.00000,0.00000,0.00000,0.00000,0.00000
96.645,2,92649.000,31167,192000,3999.688,120.0,8,24,2,0.00000,0.00000,0.00000,0.00000,0.00000
96.746,0,96733.000,35206,192000,3999.542,120.0,8,25,2,0.00000,0.00000,0.00000,0.00000,0.00000
96.746,1,96733.000,35206,192000,3999.542,120.0,8,25,2,0.00000,0.00000,0.00000,0.00000,0.00000
96.746,2,92750.000,36001,192000,3999.979,120.0,8,24,2,0.00000,0.00000,0.00000,0.00000,0.00000
96.848,0,96835.000,40107,192000,3999.438,120.0,8,25,2,0.00000,0.00000,0.00000,0.00000,0.00000
96.848,1,96835.000,40107,192000,3999.438,120.0,8,25,2,0.00000,0.00000,0.00000,0.00000,0.00000
96.848,2,92852.000,40902,192000,3999.875,120.0,8,24,2,0.00000,0.00000,0.00000,0.00000,0.00000
96.950,0,96937.000,45023,192000,3999.021,120.0,8,25,2,0.00000,0.00000,0.00000,0.00000,0.00000
96.950,1,96937.000,45023,192000,3999.021,120.0,8,25,2,0.00000,0.00000,0.00000,0.00000,0.00000
96.950,2,92954.000,45818,192000,3999.458,120.0,8,24,2,0.00000,0.00000,0.00000,0.00000,0.00000
97.051,0,97038.000,49857,192000,3999.312,120.0,8,25,2,0.00000,0.00000,0.00000,0.00000,0.00000
97.051,1,97038.000,49857,192000,3999.312,120.0,8,25,2,0.00000,0.00000,0.00000,0.00000,0.00000
97.051,2,93055.000,50652,192000,3999.750,120.0,8,24,2,0.00000,0.00000,0.00000,0.00000,0.00000
97.151,0,97138.000,54660,192000,3999.250,120.0,8,25,2,0.00000,0.00000,0.00000,0.00000,0.00000
97.151,1,97138.000,54660,192000,3999.250,120.0,8,25,2,0.00000,0.00000,0.00000,0.00000,0.00000
97.151,2,93155.000,55455,192000,3999.688,120.0,8,24,2,0.00000,0.00000,0.00000,0.00000,0.00000
97.254,0,97241.000,59591,192000,3999.521,120.0,8,25,2,0.00000,0.00000,0.00000,0.00000,0.00000
97.254,1,97241.000,59591,192000,3999.521,120.0,8,25,2,0.00000,0.00000,0.00000,0.00000,0.00000
97.254,2,93258.000,60386,192000,3999.958,120.0,8,24,2,0.00000,0.00000,0.00000,0.00000,0.00000
97.356,0,97343.000,64493,192000,3999.396,120.0,8,25,2,0.00000,0.00000,0.00000,0.00000,0.00000
97.356,1,97343.000,64493,192000,3999.396,120.0,8,25,2,0.00000,0.00000,0.00000,0.00000,0.00000
97.356,2,93360.000,65288,192000,3999.833,120.0,8,24,2,0.00000,0.00000,0.00000,0.00000,0.00000
97.457,0,97444.000,69336,192000,3999.500,120.0,8,25,2,0.00000,0.00000,0.00000,0.00000,0.00000
97.457,1,97444.000,69336,192000,3999.500,120.0,8,25,2,0.00000,0.00000,0.00000,0.00000,0.00000
97.457,2,93461.000,70131,192000,3999.938,120.0,8,24,2,0.00000,0.00000,0.00000,0.00000,0.00000
97.558,0,97545.000,74168,192000,3999.833,120.0,8,25,2,0.00000,0.00000,0.00000,0.00000,0.00000
97.558,1,97545.000,74168,192000,3999.833,120.0,8,25,2,0.00000,0.00000,0.00000,0.00000,0.00000
97.558,2,93561.000,74963,192000,3999.271,120.0,8,24,2,0.00000,0.00000,0.00000,0.00000,0.00000
97.659,0,97646.000,79014,192000,3999.875,120.0,8,25,2,0.00000,0.00000,0.00000,0.00000,0.00000
97.659,1,97646.000,79014,192000,3999.875,120.0,8,25,2,0.00000,0.00000,0.00000,0.00000,0.00000
97.659,2,93662.000,79809,192000,3999.312,120.0,8,24,2,0.00000,0.00000,0.00000,0.00000,0.00000
97.760,0,97747.000,83878,192000,3999.542,120.0,8,25,2,0.00000,0.00000,0.00000,0.00000,0.00000
97.760,1,97747.000,83878,192000,3999.542,120.0,8,25,2,0.00000,0.00000,0.00000,0.00000,0.00000
97.760,2,93764.000,84673,192000,3999.979,120.0,8,24,2,0.00000,0.00000,0.00000,0.00000,0.00000
97.861,0,97848.000,88707,192000,3999.938,120.0,8,25,2,0.00000,0.00000,0.00000,0.00000,0.00000
97.861,1,97848.000,88707,192000,3999.938,120.0,8,25,2,0.00000,0.00000,0.00000,0.00000,0.00000
97.861,2,93864.000,89502,192000,3999.375,120.0,8,24,2,0.00000,0.00000,0.00000,0.00000,0.00000
97.963,0,97950.000,93626,192000,3999.458,120.0,8,25,2,0.00000,0.00000,0.00000,0.00000,0.00000
97.963,1,97950.000,93626,192000,3999.458,120.0,8,25,2,0.00000,0.00000,0.00000,0.00000,0.00000
97.963,2,93967.000,94421,192000,3999.896,120.0,8,24,2,0.00000,0.00000,0.00000,0.00000,0.00000
98.066,0,98053.000,98554,192000,3999.792,120.0,8,25,2,0.00000,0.00000,0.00000,0.00000,0.00000
98.066,1,98053.000,98554,192000,3999.792,120.0,8,25,2,0.00000,0.00000,0.00000,0.00000,0.00000
98.066,2,94069.000,99349,192000,3999.229,120.0,8,24,2,0.00000,0.00000,0.00000,0.00000,0.00000
98.168,0,98155.000,103470,192000,3999.375,120.0,8,25,2,0.00000,0.00000,0.00000,0.00000,0.00000
98.168,1,98155.000,103470,192000,3999.375,120.0,8,25,2,0.00000,0.00000,0.00000,0.00000,0.00000
98.168,2,94172.000,104265,192000,3999.812,120.0,8,24,2,0.00000,0.00000,0.00000,0.00000,0.00000
98.268,0,98255.000,108276,192000,3999.250,120.0,8,25,2,0.00000,0.00000,0.00000,0.00000,0.00000
98.268,1,98255.000,108276,192000,3999.250,120.0,8,25,2,0.00000,0.00000,0.00000,0.00000,0.00000
98.268,2,94272.000,109071,192000,3999.688,120.0,8,24,2,0.00000,0.00000,0.00000,0.00000,0.00000
98.371,0,98358.000,113192,192000,3999.833,120.0,8,25,2,0.00000,0.00000,0.00000,0.00000,0.00000
98.371,1,98358.000,113192,192000,3999.833,120.0,8,25,2,0.00000,0.00000,0.00000,0.00000,0.00000
98.371,2,94374.000,113987,192000,3999.271,120.0,8,24,2,0.00000,0.00000,0.00000,0.00000,0.00000
98.473,0,98460.000,118119,192000,3999.188,120.0,8,25,2,0.00000,0.00000,0.00000,0.00000,0.00000
98.473,1,98460.000,118119,192000,3999.188,120.0,8,25,2,0.00000,0.00000,0.00000,0.00000,0.00000
98.473,2,94477.000,118914,192000,3999.625,120.0,8,24,2,0.00000,0.00000,0.00000,0.00000,0.00000
98.576,0,98563.000,123033,192000,3999.812,120.0,8,25,2,0.00000,0.00000,0.00000,0.00000,0.00000
98.576,1,98563.000,123033,192000,3999.812,120.0,8,25,2,0.00000,0.00000,0.00000,0.00000,0.00000
98.576,2,94579.000,123828,192000,3999.250,120.0,8,24,2,0.00000,0.00000,0.00000,0.00000,0.00000
98.676,0,98663.000,127869,192000,3999.062,120.0,8,25,2,0.00000,0.00000,0.00000,0.00000,0.00000
98.676,1,98663.000,127869,192000,3999.062,120.0,8,25,2,0.00000,0.00000,0.00000,0.00000,0.00000
98.676,2,94680.000,128664,192000,3999.500,120.0,8,24,2,0.00000,0.00000,0.00000,0.00000,0.00000
98.778,0,98765.000,132728,192000,3999.833,120.0,8,25,2,0.00000,0.00000,0.00000,0.00000,0.00000
98.778,1,98765.000,132728,192000,3999.833,120.0,8,25,2,0.00000,0.00000,0.00000,0.00000,0.00000
98.778,2,94781.000,133523,192000,3999.271,120.0,8,24,2,0.00000,0.00000,0.00000,0.00000,0.00000
98.878,0,98865.000,137561,192000,3999.146,120.0,8,25,2,0.00000,0.00000,0.00000,0.00000,0.00000
98.878,1,98865.000,137561,192000,3999.146,120.0,8,25,2,0.00000,0.00000,0.00000,0.00000,0.00000
98.878,2,94882.000,138356,192000,3999.583,120.0,8,24,2,0.00000,0.00000,0.00000,0.00000,0.00000
98.979,0,98966.000,142375,192000,3999.854,120.0,8,25,2,0.00000,0.00000,0.00000,0.00000,0.00000
98.979,1,98966.000,142375,192000,3999.854,120.0,8,25,2,0.00000,0.00000,0.00000,0.00000,0.00000
98.979,2,94982.000,143170,192000,3999.292,120.0,8,24,2,0.00000,0.00000,0.00000,0.00000,0.00000
99.079,0,99066.000,147206,192000,3999.208,120.0,8,25,2,0.00000,0.00000,0.00000,0.00000,0.00000
99.079,1,99066.000,147206,192000,3999.208,120.0,8,25,2,0.00000,0.00000,0.00000,0.00000,0.00000
99.079,2,95083.000,148001,192000,3999.646,120.0,8,24,2,0.00000,0.00000,0.00000,0.00000,0.00000
99.180,0,99167.000,152020,192000,3999.917,120.0,8,25,2,0.00000,0.00000,0.00000,0.00000,0.00000
99.180,1,99167.000,152020,192000,3999.917,120.0,8,25,2,0.00000,0.00000,0.00000,0.00000,0.00000
99.180,2,95183.000,152815,192000,3999.354,120.0,8,24,2,0.00000,0.00000,0.00000,0.00000,0.00000
99.281,0,99268.000,156911,192000,3999.021,120.0,8,25,2,0.00000,0.00000,0.00000,0.00000,0.00000
99.281,1,99268.000,156911,192000,3999.021,120.0,8,25,2,0.00000,0.00000,0.00000,0.00000,0.00000
99.281,2,95285.000,157706,192000,3999.458,120.0,8,24,2,0.00000,0.00000,0.00000,0.00000,0.00000
99.382,0,99369.000,161733,192000,3999.562,120.0,8,25,2,0.00000,0.00000,0.00000,0.00000,0.00000
99.382,1,99369.000,161733,192000,3999.562,120.0,8,25,2,0.00000,0.00000,0.00000,0.00000,0.00000
99.382,2,95386.000,162528,192000,0.000,120.0,8,24,2,0.00000,0.00000,0.00000,0.00000,0.00000
99.485,0,99472.000,166656,192000,0.000,120.0,8,25,2,0.00000,0.00000,0.00000,0.00000,0.00000
99.485,1,99472.000,166656,192000,0.000,120.0,8,25,2,0.00000,0.00000,0.00000,0.00000,0.00000
99.485,2,95488.000,167451,192000,3999.438,120.0,8,24,2,0.00000,0.00000,0.00000,0.00000,0.00000
99.585,0,99572.000,171470,192000,3999.708,120.0,8,25,2,0.00000,0.00000,0.00000,0.00000,0.00000
99.585,1,99572.000,171470,192000,3999.708,120.0,8,25,2,0.00000,0.00000,0.00000,0.00000,0.00000
99.585,2,95588.000,172265,192000,3999.146,120.0,8,24,2,0.00000,0.00000,0.00000,0.00000,0.00000
99.686,0,99673.000,176304,192000,0.000,120.0,8,25,2,0.00000,0.00000,0.00000,0.00000,0.00000
99.686,1,99673.000,176304,192000,0.000,120.0,8,25,2,0.00000,0.00000,0.00000,0.00000,0.00000
99.686,2,95689.000,177099,192000,3999.438,120.0,8,24,2,0.00000,0.00000,0.00000,0.00000,0.00000
99.788,0,99775.000,181214,192000,3999.708,120.0,8,25,2,0.00000,0.00000,0.00000,0.00000,0.00000
99.788,1,99775.000,181214,192000,3999.708,120.0,8,25,2,0.00000,0.00000,0.00000,0.00000,0.00000
99.788,2,95791.000,182009,192000,3999.146,120.0,8,24,2,0.00000,0.00000,0.00000,0.00000,0.00000
99.889,0,99876.000,186067,192000,3999.604,120.0,8,25,2,0.00000,0.00000,0.00000,0.00000,0.00000
99.889,1,99876.000,186067,192000,3999.604,120.0,8,25,2,0.00000,0.00000,0.00000,0.00000,0.00000
99.889,2,95892.000,186862,192000,3999.042,120.0,8,24,2,0.00000,0.00000,0.00000,0.00000,0.00000
99.991,0,99978.000,190949,192000,3999.896,120.0,8,25,2,0.00000,0.00000,0.00000,0.00000,0.00000
99.991,1,99978.000,190949,192000,3999.896,120.0,8,25,2,0.00000,0.00000,0.00000,0.00000,0.00000
99.991,2,95994.000,191744,192000,3999.333,120.0,8,24,2,0.00000,0.00000,0.00000,0.00000,0.00000
100.093,0,100080.000,3841,192000,3999.979,120.0,8,26,2,0.00000,0.00000,0.00000,0.00000,0.00000
100.093,1,100080.000,3841,192000,3999.979,120.0,8,26,2,0.00000,0.00000,0.00000,0.00000,0.00000
100.093,2,96096.000,4636,192000,3999.417,120.0,8,25,2,0.00000,0.00000,0.00000,0.00000,0.00000
100.194,0,100181.000,8729,192000,3999.146,120.0,8,26,2,0.00000,0.00000,0.00000,0.00000,0.00000
100.194,1,100181.000,8729,192000,3999.146,120.0,8,26,2,0.00000,0.00000,0.00000,0.00000,0.00000
100.194,2,96198.000,9524,192000,3999.583,120.0,8,25,2,0.00000,0.00000,0.00000,0.00000,0.00000
100.295,0,100282.000,13582,192000,3999.042,120.0,8,26,2,0.00000,0.00000,0.00000,0.00000,0.00000
100.295,1,100282.000,13582,192000,3999.042,120.0,8,26,2,0.00000,0.00000,0.00000,0.00000,0.00000
100.295,2,96299.000,14377,192000,3999.479,120.0,8,25,2,0.00000,0.00000,0.00000,0.00000,0.00000
100.398,0,100385.000,18488,192000,3999.833,120.0,8,26,2,0.00000,0.00000,0.00000,0.00000,0.00000
100.398,1,100385.000,18488,192000,3999.833,120.0,8,26,2,0.00000,0.00000,0.00000,0.00000,0.00000
100.398,2,96401.000,19283,192000,3999.271,120.0,8,25,2,0.00000,0.00000,0.00000,0.00000,0.00000
100.498,0,100485.000,23324,192000,3999.083,120.0,8,26,2,0.00000,0.00000,0.00000,0.00000,0.00000
100.498,1,100485.000,23324,192000,3999.083,120.0,8,26,2,0.00000,0.00000,0.00000,0.00000,0.00000
100.498,2,96502.000,24119,192000,3999.521,120.0,8,25,2,0.00000,0.00000,0.00000,0.00000,0.00000
100.599,0,100586.000,28165,192000,3999.229,120.0,8,26,2,0.00000,0.00000,0.00000,0.00000,0.00000
100.599,1,100586.000,28165,192000,3999.229,120.0,8,26,2,0.00000,0.00000,0.00000,0.00000,0.00000
100.599,2,96603.000,28960,192000,3999.667,120.0,8,25,2,0.00000,0.00000,0.00000,0.00000,0.00000
100.701,0,100688.000,33062,192000,3999.208,120.0,8,26,2,0.00000,0.00000,0.00000,0.00000,0.00000
100.701,1,100688.000,33062,192000,3999.208,120.0,8,26,2,0.00000,0.00000,0.00000,0.00000,0.00000
100.701,2,96705.000,33857,192000,3999.646,120.0,8,25,2,0.00000,0.00000,0.00000,0.00000,0.00000
100.803,0,100790.000,37957,192000,3999.229,120.0,8,26,2,0.00000,0.00000,0.00000,0.00000,0.00000
100.803,1,100790.000,37957,192000,3999.229,120.0,8,26,2,0.00000,0.00000,0.00000,0.00000,0.00000
100.803,2,96807.000,38752,192000,3999.667,120.0,8,25,2,0.00000,0.00000,0.00000,0.00000,0.00000
100.905,0,100892.000,42843,192000,3999.438,120.0,8,26,2,0.00000,0.00000,0.00000,0.00000,0.00000
100.905,1,100892.000,42843,192000,3999.438,120.0,8,26,2,0.00000,0.00000,0.00000,0.00000,0.00000
100.905,2,96909.000,43638,192000,3999.875,120.0,8,25,2,0.00000,0.00000,0.00000,0.00000,0.00000
101.006,0,100993.000,47679,192000,3999.688,120.0,8,26,2,0.00000,0.00000,0.00000,0.00000,0.00000
101.006,1,100993.000,47679,192000,3999.688,120.0,8,26,2,0.00000,0.00000,0.00000,0.00000,0.00000
101.006,2,97009.000,48474,192000,3999.125,120.0,8,25,2,0.00000,0.00000,0.00000,0.00000,0.00000
101.108,0,101095.000,52560,192000,0.000,120.0,8,26,2,0.00000,0.00000,0.00000,0.00000,0.00000
101.108,1,101095.000,52560,192000,0.000,120.0,8,26,2,0.00000,0.00000,0.00000,0.00000,0.00000
101.108,2,97111.000,53355,192000,3999.438,120.0,8,25,2,0.00000,0.00000,0.00000,0.00000,0.00000
101.208,0,101195.000,57383,192000,3999.521,120.0,8,26,2,0.00000,0.00000,0.00000,0.00000,0.00000
101.208,1,101195.000,57383,192000,3999.521,120.0,8,26,2,0.00000,0.00000,0.00000,0.00000,0.00000
101.208,2,97212.000,58178,192000,3999.958,120.0,8,25,2,0.00000,0.00000,0.00000,0.00000,0.00000
101.309,0,101296.000,62237,192000,3999.396,120.0,8,26,2,0.00000,0.00000,0.00000,0.00000,0.00000
101.309,1,101296.000,62237,192000,3999.396,120.0,8,26,2,0.00000,0.00000,0.00000,0.00000,0.00000
101.309,2,97313.000,63032,192000,3999.833,120.0,8,25,2,0.00000,0.00000,0.00000,0.00000,0.00000
101.411,0,101398.000,67142,192000,3999.208,120.0,8,26,2,0.00000,0.00000,0.00000,0.00000,0.00000
101.411,1,101398.000,67142,192000,3999.208,120.0,8,26,2,0.00000,0.00000,0.00000,0.00000,0.00000
101.411,2,97415.000,67937,192000,3999.646,120.0,8,25,2,0.00000,0.00000,0.00000,0.00000,0.00000
101.514,0,101501.000,72078,192000,3999.375,120.0,8,26,2,0.00000,0.00000,0.00000,0.00000,0.00000
101.514,1,101501.000,72078,192000,3999.375,120.0,8,26,2,0.00000,0.00000,0.00000,0.00000,0.00000
101.514,2,97518.000,72873,192000,3999.812,120.0,8,25,2,0.00000,0.00000,0.00000,0.00000,0.00000
101.615,0,101602.000,76932,192000,3999.250,120.0,8,26,2,0.00000,0.00000,0.00000,0.00000,0.00000
101.615,1,101602.000,76932,192000,3999.250,120.0,8,26,2,0.00000,0.00000,0.00000,0.00000,0.00000
101.615,2,97619.000,77727,192000,3999.688,120.0,8,25,2,0.00000,0.00000,0.00000,0.00000,0.00000
101.717,0,101704.000,81801,192000,3999.812,120.0,8,26,2,0.00000,0.00000,0.00000,0.00000,0.00000
101.717,1,101704.000,81801,192000,3999.812,120.0,8,26,2,0.00000,0.00000,0.00000,0.00000,0.00000
101.717,2,97720.000,82596,192000,3999.250,120.0,8,25,2,0.00000,0.00000,0.00000,0.00000,0.00000
101.818,0,101805.000,86655,192000,3999.688,120.0,8,26,2,0.00000,0.00000,0.00000,0.00000,0.00000
101.818,1,101805.000,86655,192000,3999.688,120.0,8,26,2,0.00000,0.00000,0.00000,0.00000,0.00000
101.818,2,97821.000,87450,192000,3999.125,120.0,8,25,2,0.00000,0.00000,0.00000,0.00000,0.00000
101.919,0,101906.000,91511,192000,3999.521,120.0,8,26,2,0.00000,0.00000,0.00000,0.00000,0.00000
101.919,1,101906.000,91511,192000,3999.521,120.0,8,26,2,0.00000,0.00000,0.00000,0.00000,0.00000
101.919,2,97923.000,92306,192000,3999.958,120.0,8,25,2,0.00000,0.00000,0.00000,0.00000,0.00000
102.020,0,102007.000,96375,192000,3999.188,120.0,8,26,2,0.00000,0.00000,0.00000,0.00000,0.00000
102.020,1,102007.000,96375,192000,3999.188,120.0,8,26,2,0.00000,0.00000,0.00000,0.00000,0.00000
102.020,2,98024.000,97170,192000,3999.625,120.0,8,25,2,0.00000,0.00000,0.00000,0.00000,0.00000
102.122,0,102109.000,101260,192000,3999.417,120.0,8,26,2,0.00000,0.00000,0.00000,0.00000,0.00000
102.122,1,102109.000,101260,192000,3999.417,120.0,8,26,2,0.00000,0.00000,0.00000,0.00000,0.00000
102.122,2,98126.000,102055,192000,3999.854,120.0,8,25,2,0.00000,0.00000,0.00000,0.00000,0.00000
102.223,0,102210.000,106085,192000,3999.896,120.0,8,26,2,0.00000,0.00000,0.00000,0.00000,0.00000
102.223,1,102210.000,106085,192000,3999.896,120.0,8,26,2,0.00000,0.00000,0.00000,0.00000,0.00000
102.223,2,98226.000,106880,192000,3999.333,120.0,8,25,2,0.00000,0.00000,0.00000,0.00000,0.00000
102.325,0,102312.000,110984,192000,3999.833,120.0,8,26,2,0.00000,0.00000,0.00000,0.00000,0.00000
102.325,1,102312.000,110984,192000,3999.833,120.0,8,26,2,0.00000,0.00000,0.00000,0.00000,0.00000
102.325,2,98328.000,111779,192000,3999.271,120.0,8,25,2,0.00000,0.00000,0.00000,0.00000,0.00000
102.426,0,102413.000,115835,192000,3999.771,120.0,8,26,2,0.00000,0.00000,0.00000,0.00000,0.00000
102.426,1,102413.000,115835,192000,3999.771,120.0,8,26,2,0.00000,0.00000,0.00000,0.00000,0.00000
102.426,2,98429.000,116630,192000,3999.208,120.0,8,25,2,0.00000,0.00000,0.00000,0.00000,0.00000
102.528,0,102515.000,120725,192000,3999.896,120.0,8,26,2,0.00000,0.00000,0.00000,0.00000,0.00000
102.528,1,102515.000,120725,192000,3999.896,120.0,8,26,2,0.00000,0.00000,0.00000,0.00000,0.00000
102.528,2,98531.000,121520,192000,3999.333,120.0,8,25,2,0.00000,0.00000,0.00000,0.00000,0.00000
102.628,0,102615.000,125542,192000,3999.542,120.0,8,26,2,0.00000,0.00000,0.00000,0.00000,0.00000
102.628,1,102615.000,125542,192000,3999.542,120.0,8,26,2,0.00000,0.00000,0.00000,0.00000,0.00000
102.628,2,98632.000,126337,192000,3999.979,120.0,8,25,2,0.00000,0.00000,0.00000,0.00000,0.00000
102.729,0,102716.000,130386,192000,3999.625,120.0,8,26,2,0.00000,0.00000,0.00000,0.00000,0.00000
102.729,1,102716.000,130386,192000,3999.625,120.0,8,26,2,0.00000,0.00000,0.00000,0.00000,0.00000
102.729,2,98732.000,131181,192000,3999.062,120.0,8,25,2,0.00000,0.00000,0.00000,0.00000,0.00000
102.832,0,102819.000,135317,192000,3999.896,120.0,8,26,2,0.00000,0.00000,0.00000,0.00000,0.00000
102.832,1,102819.000,135317,192000,3999.896,120.0,8,26,2,0.00000,0.00000,0.00000,0.00000,0.00000
102.832,2,98835.000,136112,192000,3999.333,120.0,8,25,2,0.00000,0.00000,0.00000,0.00000,0.00000
102.932,0,102919.000,140142,192000,3999.375,120.0,8,26,2,0.00000,0.00000,0.00000,0.00000,0.00000
102.932,1,102919.000,140142,192000,3999.375,120.0,8,26,2,0.00000,0.00000,0.00000,0.00000,0.00000
102.932,2,98936.000,140937,192000,3999.812,120.0,8,25,2,0.00000,0.00000,0.00000,0.00000,0.00000
103.034,0,103021.000,145030,192000,3999.542,120.0,8,26,2,0.00000,0.00000,0.00000,0.00000,0.00000
103.034,1,103021.000,145030,192000,3999.542,120.0,8,26,2,0.00000,0.00000,0.00000,0.00000,0.00000
103.034,2,99038.000,145825,192000,3999.979,120.0,8,25,2,0.00000,0.00000,0.00000,0.00000,0.00000
103.136,0,103123.000,149920,192000,3999.667,120.0,8,26,2,0.00000,0.00000,0.00000,0.00000,0.00000
103.136,1,103123.000,149920,192000,3999.667,120.0,8,26,2,0.00000,0.00000,0.00000,0.00000,0.00000
103.136,2,99139.000,150715,192000,3999.104,120.0,8,25,2,0.00000,0.00000,0.00000,0.00000,0.00000
103.238,0,103224.000,154799,192000,3999.021,120.0,8,26,2,0.00000,0.00000,0.00000,0.00000,0.00000
103.238,1,103224.000,154799,192000,3999.021,120.0,8,26,2,0.00000,0.00000,0.00000,0.00000,0.00000
103.238,2,99241.000,155594,192000,3999.458,120.0,8,25,2,0.00000,0.00000,0.00000,0.00000,0.00000
103.339,0,103326.000,159676,192000,3999.417,120.0,8,26,2,0.00000,0.00000,0.00000,0.00000,0.00000
103.339,1,103326.000,159676,192000,3999.417,120.0,8,26,2,0.00000,0.00000,0.00000,0.00000,0.00000
103.339,2,99343.000,160471,192000,3999.854,120.0,8,25,2,0.00000,0.00000,0.00000,0.00000,0.00000
103.441,0,103428.000,164573,192000,3999.396,120.0,8,26,2,0.00000,0.00000,0.00000,0.00000,0.00000
103.441,1,103428.000,164573,192000,3999.396,120.0,8,26,2,0.00000,0.00000,0.00000,0.00000,0.00000
103.441,2,99445.000,165368,192000,3999.833,120.0,8,25,2,0.00000,0.00000,0.00000,0.00000,0.00000
103.544,0,103531.000,169489,192000,3999.979,120.0,8,26,2,0.00000,0.00000,0.00000,0.00000,0.00000
103.544,1,103531.000,169489,192000,3999.979,120.0,8,26,2,0.00000,0.00000,0.00000,0.00000,0.00000
103.544,2,99547.000,170284,192000,3999.417,120.0,8,25,2,0.00000,0.00000,0.00000,0.00000,0.00000
103.644,0,103631.000,174331,192000,3999.104,120.0,8,26,2,0.00000,0.00000,0.00000,0.00000,0.00000
103.644,1,103631.000,174331,192000,3999.104,120.0,8,26,2,0.00000,0.00000,0.00000,0.00000,0.00000
103.644,2,99648.000,175126,192000,3999.542,120.0,8,25,2,0.00000,0.00000,0.00000,0.00000,0.00000
103.746,0,103733.000,179191,192000,3999.854,120.0,8,26,2,0.00000,0.00000,0.00000,0.00000,0.00000
103.746,1,103733.000,179191,192000,3999.854,120.0,8,26,2,0.00000,0.00000,0.00000,0.00000,0.00000
103.746,2,99749.000,179986,192000,3999.292,120.0,8,25,2,0.00000,0.00000,0.00000,0.00000,0.00000
103.847,0,103834.000,184065,192000,3999.312,120.0,8,26,2,0.00000,0.00000,0.00000,0.00000,0.00000
103.847,1,103834.000,184065,192000,3999.312,120.0,8,26,2,0.00000,0.00000,0.00000,0.00000,0.00000
103.847,2,99851.000,184860,192000,3999.750,120.0,8,25,2,0.00000,0.00000,0.00000,0.00000,0.00000
103.947,0,103934.000,188872,192000,3999.167,120.0,8,26,2,0.00000,0.00000,0.00000,0.00000,0.00000
103.947,1,103934.000,188872,192000,3999.167,120.0,8,26,2,0.00000,0.00000,0.00000,0.00000,0.00000
103.947,2,99951.000,189667,192000,3999.604,120.0,8,25,2,0.00000,0.00000,0.00000,0.00000,0.00000
104.048,0,104035.000,1710,192000,3999.375,120.0,8,27,2,0.11948,0.11948,0.11941,0.00000,0.00000
104.048,1,104035.000,1710,192000,3999.375,120.0,8,27,2,0.11941,0.11911,0.11941,0.00000,0.00000
104.048,2,100052.000,2505,192000,3999.812,120.0,8,26,2,0.11244,0.11052,0.11244,0.00000,0.00000
104.149,0,104136.000,6534,192000,3999.875,120.0,8,27,2,0.07867,0.07867,0.07862,0.00000,0.00000
104.149,1,104136.000,6534,192000,3999.875,120.0,8,27,2,0.07862,0.07842,0.07862,0.00000,0.00000
104.149,2,100152.000,7329,192000,3999.312,120.0,8,26,2,0.07403,0.07277,0.07403,0.00000,0.00000
104.251,0,104238.000,11464,192000,3999.167,120.0,8,27,2,0.05132,0.05132,0.05129,0.00000,0.00000
104.251,1,104238.000,11464,192000,3999.167,120.0,8,27,2,0.05129,0.05116,0.05129,0.00000,0.00000
104.251,2,100255.000,12259,192000,3999.604,120.0,8,26,2,0.04830,0.04747,0.04830,0.00000,0.00000
104.354,0,104341.000,16391,192000,3999.521,120.0,8,27,2,0.03349,0.03349,0.03347,0.00000,0.00000
104.354,1,104341.000,16391,192000,3999.521,120.0,8,27,2,0.03347,0.03338,0.03347,0.00000,0.00000
104.354,2,100358.000,17186,192000,3999.958,120.0,8,26,2,0.03151,0.03098,0.03151,0.00000,0.00000
104.455,0,104442.000,21260,192000,3999.083,120.0,8,27,2,0.02196,0.02196,0.02195,0.00000,0.00000
104.455,1,104442.000,21260,192000,3999.083,120.0,8,27,2,0.02195,0.02189,0.02195,0.00000,0.00000
104.455,2,100459.000,22055,192000,3999.521,120.0,8,26,2,0.02067,0.02031,0.02067,0.00000,0.00000
104.556,0,104543.000,26098,192000,3999.292,120.0,8,27,2,0.01444,0.01444,0.01443,0.00000,0.00000
104.556,1,104543.000,26098,192000,3999.292,120.0,8,27,2,0.01443,0.01440,0.01443,0.00000,0.00000
104.556,2,100560.000,26893,192000,3999.729,120.0,8,26,2,0.01359,0.01336,0.01359,0.00000,0.00000
104.657,0,104644.000,30933,192000,3999.562,120.0,8,27,2,0.00950,0.00950,0.00949,0.00000,0.00000
104.657,1,104644.000,30933,192000,3999.562,120.0,8,27,2,0.00949,0.00947,0.00949,0.00000,0.00000
104.657,2,100661.000,31728,192000,0.000,120.0,8,26,2,0.00894,0.00879,0.00894,0.00000,0.00000
104.757,0,104744.000,35739,192000,3999.438,120.0,8,27,2,0.00626,0.00626,0.00626,0.00000,0.00000
104.757,1,104744.000,35739,192000,3999.438,120.0,8,27,2,0.00626,0.00624,0.00626,0.00000,0.00000
104.757,2,100761.000,36534,192000,3999.875,120.0,8,26,2,0.00589,0.00579,0.00589,0.00000,0.00000
104.858,0,104845.000,40601,192000,3999.146,120.0,8,27,2,0.00411,0.00411,0.00411,0.00000,0.00000
104.858,1,104845.000,40601,192000,3999.146,120.0,8,27,2,0.00411,0.00410,0.00411,0.00000,0.00000
104.858,2,100862.000,41396,192000,3999.583,120.0,8,26,2,0.00387,0.00380,0.00387,0.00000,0.00000
104.959,0,104946.000,45431,192000,3999.521,120.0,8,27,2,0.00270,0.00270,0.00270,0.00000,0.00000
104.959,1,104946.000,45431,192000,3999.521,120.0,8,27,2,0.00270,0.00270,0.00270,0.00000,0.00000
104.959,2,100963.000,46226,192000,3999.958,120.0,8,26,2,0.00255,0.00250,0.00255,0.00000,0.00000
105.059,0,105046.000,50246,192000,3999.208,120.0,8,27,2,0.00178,0.00178,0.00178,0.00000,0.00000
105.059,1,105046.000,50246,192000,3999.208,120.0,8,27,2,0.00178,0.00178,0.00178,0.00000,0.00000
105.059,2,101063.000,51041,192000,3999.646,120.0,8,26,2,0.00168,0.00165,0.00168,0.00000,0.00000
105.161,0,105148.000,55118,192000,3999.708,120.0,8,27,2,0.00117,0.00117,0.00117,0.00000,0.00000
105.161,1,105148.000,55118,192000,3999.708,120.0,8,27,2,0.00117,0.00116,0.00117,0.00000,0.00000
105.161,2,101164.000,55913,192000,3999.146,120.0,8,26,2,0.00110,0.00108,0.00110,0.00000,0.00000
105.264,0,105251.000,60053,192000,3999.896,120.0,8,27,2,0.00076,0.00076,0.00076,0.00000,0.00000
105.264,1,105251.000,60053,192000,3999.896,120.0,8,27,2,0.00076,0.00076,0.00076,0.00000,0.00000
105.264,2,101267.000,60848,192000,3999.333,120.0,8,26,2,0.00072,0.00070,0.00072,0.00000,0.00000
105.365,0,105352.000,64930,192000,3999.292,120.0,8,27,2,0.00050,0.00050,0.00050,0.00000,0.00000
105.365,1,105352.000,64930,192000,3999.292,120.0,8,27,2,0.00050,0.00050,0.00050,0.00000,0.00000
105.365,2,101369.000,65725,192000,3999.729,120.0,8,26,2,0.00047,0.00046,0.00047,0.00000,0.00000
105.468,0,105455.000,69863,192000,3999.521,120.0,8,27,2,0.00033,0.00033,0.00033,0.00000,0.00000
105.468,1,105455.000,69863,192000,3999.521,120.0,8,27,2,0.00033,0.00032,0.00033,0.00000,0.00000
105.468,2,101472.000,70658,192000,3999.958,120.0,8,26,2,0.00031,0.00030,0.00031,0.00000,0.00000
105.570,0,105557.000,74749,192000,3999.729,120.0,8,27,2,0.00021,0.00021,0.00021,0.00000,0.00000
105.570,1,105557.000,74749,192000,3999.729,120.0,8,27,2,0.00021,0.00021,0.00021,0.00000,0.00000
105.570,2,101573.000,75544,192000,3999.167,120.0,8,26,2,0.00020,0.00020,0.00020,0.00000,0.00000
105.671,0,105658.000,79629,192000,3999.062,120.0,8,27,2,0.00014,0.00014,0.00014,0.00000,0.00000
105.671,1,105658.000,79629,192000,3999.062,120.0,8,27,2,0.00014,0.00014,0.00014,0.00000,0.00000
105.671,2,101675.000,80424,192000,3999.500,120.0,8,26,2,0.00013,0.00013,0.00013,0.00000,0.00000
105.773,0,105760.000,84516,192000,3999.250,120.0,8,27,2,0.00009,0.00009,0.00009,0.00000,0.00000
105.773,1,105760.000,84516,192000,3999.250,120.0,8,27,2,0.00009,0.00009,0.00009,0.00000,0.00000
105.773,2,101777.000,85311,192000,3999.688,120.0,8,26,2,0.00009,0.00008,0.00009,0.00000,0.00000
105.873,0,105860.000,89326,192000,3999.042,120.0,8,27,2,0.00006,0.00006,0.00006,0.00000,0.00000
105.873,1,105860.000,89326,192000,3999.042,120.0,8,27,2,0.00006,0.00006,0.00006,0.00000,0.00000
105.873,2,101877.000,90121,192000,3999.479,120.0,8,26,2,0.00006,0.00006,0.00006,0.00000,0.00000
105.976,0,105963.000,94257,192000,3999.312,120.0,8,27,2,0.00004,0.00004,0.00004,0.00000,0.00000
105.976,1,105963.000,94257,192000,3999.312,120.0,8,27,2,0.00004,0.00004,0.00004,0.00000,0.00000
105.976,2,101980.000,95052,192000,3999.750,120.0,8,26,2,0.00004,0.00004,0.00004,0.00000,0.00000
106.079,0,106066.000,99179,192000,3999.771,120.0,8,27,2,0.00003,0.00003,0.00003,0.00000,0.00000
106.079,1,106066.000,99179,192000,3999.771,120.0,8,27,2,0.00003,0.00003,0.00003,0.00000,0.00000
106.079,2,102082.000,99974,192000,3999.208,120.0,8,26,2,0.00002,0.00002,0.00002,0.00000,0.00000
106.181,0,106168.000,104081,192000,3999.646,120.0,8,27,2,0.00002,0.00002,0.00002,0.00000,0.00000
106.181,1,106168.000,104081,192000,3999.646,120.0,8,27,2,0.00002,0.00002,0.00002,0.00000,0.00000
106.181,2,102184.000,104876,192000,3999.083,120.0,8,26,2,0.00002,0.00002,0.00002,0.00000,0.00000
106.282,0,106269.000,108933,192000,3999.562,120.0,8,27,2,0.00001,0.00001,0.00001,0.00000,0.00000
106.282,1,106269.000,108933,192000,3999.562,120.0,8,27,2,0.00001,0.00001,0.00001,0.00000,0.00000
106.282,2,102286.000,109728,192000,0.000,120.0,8,26,2,0.00001,0.00001,0.00001,0.00000,0.00000
106.383,0,106370.000,113776,192000,3999.667,120.0,8,27,2,0.00001,0.00001,0.00001,0.00000,0.00000
106.383,1,106370.000,113776,192000,3999.667,120.0,8,27,2,0.00001,0.00001,0.00001,0.00000,0.00000
106.383,2,102386.000,114571,192000,3999.104,120.0,8,26,2,0.00001,0.00001,0.00001,0.00000,0.00000
106.489,0,106476.000,118889,192000,3999.146,120.0,8,27,2,0.00000,0.00000,0.00000,0.00000,0.00000
106.489,1,106476.000,118889,192000,3999.146,120.0,8,27,2,0.00000,0.00000,0.00000,0.00000,0.00000
106.489,2,102493.000,119684,192000,3999.583,120.0,8,26,2,0.00000,0.00000,0.00000,0.00000,0.00000
106.602,0,106589.000,124289,192000,3999.646,120.0,8,27,2,0.00000,0.00000,0.00000,0.00000,0.00000
106.602,1,106589.000,124289,192000,3999.646,120.0,8,27,2,0.00000,0.00000,0.00000,0.00000,0.00000
106.602,2,102605.000,125084,192000,3999.083,120.0,8,26,2,0.00000,0.00000,0.00000,0.00000,0.00000
106.704,0,106691.000,129210,192000,3999.125,120.0,8,27,2,0.00000,0.00000,0.00000,0.00000,0.00000
106.704,1,106691.000,129210,192000,3999.125,120.0,8,27,2,0.00000,0.00000,0.00000,0.00000,0.00000
106.704,2,102708.000,130005,192000,3999.562,120.0,8,26,2,0.00000,0.00000,0.00000,0.00000,0.00000
106.807,0,106794.000,134143,192000,3999.354,120.0,8,27,2,0.00000,0.00000,0.00000,0.00000,0.00000
106.807,1,106794.000,134143,192000,3999.354,120.0,8,27,2,0.00000,0.00000,0.00000,0.00000,0.00000
106.807,2,102811.000,134938,192000,3999.792,120.0,8,26,2,0.00000,0.00000,0.00000,0.00000,0.00000
106.910,0,106897.000,139066,192000,3999.792,120.0,8,27,2,0.00000,0.00000,0.00000,0.00000,0.00000
106.910,1,106897.000,139066,192000,3999.792,120.0,8,27,2,0.00000,0.00000,0.00000,0.00000,0.00000
106.910,2,102913.000,139861,192000,3999.229,120.0,8,26,2,0.00000,0.00000,0.00000,0.00000,0.00000
107.012,0,106999.000,143995,192000,3999.104,120.0,8,27,2,0.00000,0.00000,0.00000,0.00000,0.00000
107.012,1,106999.000,143995,192000,3999.104,120.0,8,27,2,0.00000,0.00000,0.00000,0.00000,0.00000
107.012,2,103016.000,144790,192000,3999.542,120.0,8,26,2,0.00000,0.00000,0.00000,0.00000,0.00000
107.115,0,107102.000,148926,192000,3999.375,120.0,8,27,2,0.00000,0.00000,0.00000,0.00000,0.00000
107.115,1,107102.000,148926,192000,3999.375,120.0,8,27,2,0.00000,0.00000,0.00000,0.00000,0.00000
107.115,2,103119.000,149721,192000,3999.812,120.0,8,26,2,0.00000,0.00000,0.00000,0.00000,0.00000
107.217,0,107204.000,153811,192000,3999.604,120.0,8,27,2,0.00000,0.00000,0.00000,0.00000,0.00000
107.217,1,107204.000,153811,192000,3999.604,120.0,8,27,2,0.00000,0.00000,0.00000,0.00000,0.00000
107.217,2,103220.000,154606,192000,3999.042,120.0,8,26,2,0.00000,0.00000,0.00000,0.00000,0.00000
107.318,0,107305.000,158645,192000,3999.896,120.0,8,27,2,0.00000,0.00000,0.00000,0.00000,0.00000
107.318,1,107305.000,158645,192000,3999.896,120.0,8,27,2,0.00000,0.00000,0.00000,0.00000,0.00000
107.318,2,103321.000,159440,192000,3999.333,120.0,8,26,2,0.00000,0.00000,0.00000,0.00000,0.00000
107.420,0,107407.000,163574,192000,3999.208,120.0,8,27,2,0.00000,0.00000,0.00000,0.00000,0.00000
107.420,1,107407.000,163574,192000,3999.208,120.0,8,27,2,0.00000,0.00000,0.00000,0.00000,0.00000
107.420,2,103424.000,164369,192000,3999.646,120.0,8,26,2,0.00000,0.00000,0.00000,0.00000,0.00000
107.522,0,107509.000,168439,192000,3999.854,120.0,8,27,2,0.00000,0.00000,0.00000,0.00000,0.00000
107.522,1,107509.000,168439,192000,3999.854,120.0,8,27,2,0.00000,0.00000,0.00000,0.00000,0.00000
107.522,2,103525.000,169234,192000,3999.292,120.0,8,26,2,0.00000,0.00000,0.00000,0.00000,0.00000
107.623,0,107610.000,173290,192000,3999.792,120.0,8,27,2,0.00000,0.00000,0.00000,0.00000,0.00000
107.623,1,107610.000,173290,192000,3999.792,120.0,8,27,2,0.00000,0.00000,0.00000,0.00000,0.00000
107.623,2,103626.000,174085,192000,3999.229,120.0,8,26,2,0.00000,0.00000,0.00000,0.00000,0.00000
107.724,0,107711.000,178141,192000,3999.729,120.0,8,27,2,0.00000,0.00000,0.00000,0.00000,0.00000
107.724,1,107711.000,178141,192000,3999.729,120.0,8,27,2,0.00000,0.00000,0.00000,0.00000,0.00000
107.724,2,103727.000,178936,192000,3999.167,120.0,8,26,2,0.00000,0.00000,0.00000,0.00000,0.00000
107.826,0,107813.000,183060,192000,3999.250,120.0,8,27,2,0.00000,0.00000,0.00000,0.00000,0.00000
107.826,1,107813.000,183060,192000,3999.250,120.0,8,27,2,0.00000,0.00000,0.00000,0.00000,0.00000
107.826,2,103830.000,183855,192000,3999.688,120.0,8,26,2,0.00000,0.00000,0.00000,0.00000,0.00000
107.929,0,107916.000,187974,192000,3999.875,120.0,8,27,2,0.00000,0.00000,0.00000,0.00000,0.00000
107.929,1,107916.000,187974,192000,3999.875,120.0,8,27,2,0.00000,0.00000,0.00000,0.00000,0.00000
107.929,2,103932.000,188769,192000,3999.312,120.0,8,26,2,0.00000,0.00000,0.00000,0.00000,0.00000
108.035,0,108022.000,1098,192000,3999.125,120.0,8,28,2,0.00000,0.00000,0.00000,0.00000,0.00000
108.035,1,108022.000,1098,192000,3999.125,120.0,8,28,2,0.00000,0.00000,0.00000,0.00000,0.00000
108.035,2,104039.000,1893,192000,3999.562,120.0,8,27,2,0.00000,0.00000,0.00000,0.00000,0.00000
108.136,0,108123.000,5936,192000,3999.333,120.0,8,28,2,0.00000,0.00000,0.00000,0.00000,0.00000
108.136,1,108123.000,5936,192000,3999.333,120.0,8,28,2,0.00000,0.00000,0.00000,0.00000,0.00000
108.136,2,104140.000,6731,192000,3999.771,120.0,8,27,2,0.00000,0.00000,0.00000,0.00000,0.00000
108.237,0,108224.000,10778,192000,3999.458,120.0,8,28,2,0.00000,0.00000,0.00000,0.00000,0.00000
108.237,1,108224.000,10778,192000,3999.458,120.0,8,28,2,0.00000,0.00000,0.00000,0.00000,0.00000
108.237,2,104241.000,11573,192000,3999.896,120.0,8,27,2,0.00000,0.00000,0.00000,0.00000,0.00000
108.340,0,108327.000,15701,192000,3999.896,120.0,8,28,2,0.00000,0.00000,0.00000,0.00000,0.00000
108.340,1,108327.000,15701,192000,3999.896,120.0,8,28,2,0.00000,0.00000,0.00000,0.00000,0.00000
108.340,2,104343.000,16496,192000,3999.333,120.0,8,27,2,0.00000,0.00000,0.00000,0.00000,0.00000
108.442,0,108429.000,20597,192000,3999.896,120.0,8,28,2,0.00000,0.00000,0.00000,0.00000,0.00000
108.442,1,108429.000,20597,192000,3999.896,120.0,8,28,2,0.00000,0.00000,0.00000,0.00000,0.00000
108.442,2,104445.000,21392,192000,3999.333,120.0,8,27,2,0.00000,0.00000,0.00000,0.00000,0.00000
108.544,0,108531.000,25505,192000,3999.646,120.0,8,28,2,0.00000,0.00000,0.00000,0.00000,0.00000
108.544,1,108531.000,25505,192000,3999.646,120.0,8,28,2,0.00000,0.00000,0.00000,0.00000,0.00000
108.544,2,104547.000,26300,192000,3999.083,120.0,8,27,2,0.00000,0.00000,0.00000,0.00000,0.00000
108.646,0,108633.000,30415,192000,3999.354,120.0,8,28,2,0.00000,0.00000,0.00000,0.00000,0.00000
108.646,1,108633.000,30415,192000,3999.354,120.0,8,28,2,0.00000,0.00000,0.00000,0.00000,0.00000
108.646,2,104650.000,31210,192000,3999.792,120.0,8,27,2,0.00000,0.00000,0.00000,0.00000,0.00000
108.747,0,108734.000,35264,192000,3999.333,120.0,8,28,2,0.00000,0.00000,0.00000,0.00000,0.00000
108.747,1,108734.000,35264,192000,3999.333,120.0,8,28,2,0.00000,0.00000,0.00000,0.00000,0.00000
108.747,2,104751.000,36059,192000,3999.771,120.0,8,27,2,0.00000,0.00000,0.00000,0.00000,0.00000
108.848,0,108835.000,40115,192000,3999.271,120.0,8,28,2,0.00000,0.00000,0.00000,0.00000,0.00000
108.848,1,108835.000,40115,192000,3999.271,120.0,8,28,2,0.00000,0.00000,0.00000,0.00000,0.00000
108.848,2,104852.000,40910,192000,3999.708,120.0,8,27,2,0.00000,0.00000,0.00000,0.00000,0.00000
108.950,0,108937.000,45018,192000,3999.125,120.0,8,28,2,0.00000,0.00000,0.00000,0.00000,0.00000
108.950,1,108937.000,45018,192000,3999.125,120.0,8,28,2,0.00000,0.00000,0.00000,0.00000,0.00000
108.950,2,104954.000,45813,192000,3999.562,120.0,8,27,2,0.00000,0.00000,0.00000,0.00000,0.00000
109.053,0,109040.000,49960,192000,3999.167,120.0,8,28,2,0.00000,0.00000,0.00000,0.00000,0.00000
109.053,1,109040.000,49960,192000,3999.167,120.0,8,28,2,0.00000,0.00000,0.00000,0.00000,0.00000
109.053,2,105057.000,50755,192000,3999.604,120.0,8,27,2,0.00000,0.00000,0.00000,0.00000,0.00000
109.154,0,109141.000,54796,192000,3999.417,120.0,8,28,2,0.00000,0.00000,0.00000,0.00000,0.00000
109.154,1,109141.000,54796,192000,3999.417,120.0,8,28,2,0.00000,0.00000,0.00000,0.00000,0.00000
109.154,2,105158.000,55591,192000,3999.854,120.0,8,27,2,0.00000,0.00000,0.00000,0.00000,0.00000
109.255,0,109242.000,59662,192000,3999.042,120.0,8,28,2,0.00000,0.00000,0.00000,0.00000,0.00000
109.255,1,109242.000,59662,192000,3999.042,120.0,8,28,2,0.00000,0.00000,0.00000,0.00000,0.00000
109.255,2,105259.000,60457,192000,3999.479,120.0,8,27,2,0.00000,0.00000,0.00000,0.00000,0.00000
109.357,0,109344.000,64522,192000,3999.792,120.0,8,28,2,0.00000,0.00000,0.00000,0.00000,0.00000
109.357,1,109344.000,64522,192000,3999.792,120.0,8,28,2,0.00000,0.00000,0.00000,0.00000,0.00000
109.357,2,105360.000,65317,192000,3999.229,120.0,8,27,2,0.00000,0.00000,0.00000,0.00000,0.00000
109.460,0,109447.000,69461,192000,3999.896,120.0,8,28,2,0.00000,0.00000,0.00000,0.00000,0.00000
109.460,1,109447.000,69461,192000,3999.896,120.0,8,28,2,0.00000,0.00000,0.00000,0.00000,0.00000
109.460,2,105463.000,70256,192000,3999.333,120.0,8,27,2,0.00000,0.00000,0.00000,0.00000,0.00000
109.562,0,109549.000,74362,192000,3999.792,120.0,8,28,2,0.00000,0.00000,0.00000,0.00000,0.00000
109.562,1,109549.000,74362,192000,3999.792,120.0,8,28,2,0.00000,0.00000,0.00000,0.00000,0.00000
109.562,2,105565.000,75157,192000,3999.229,120.0,8,27,2,0.00000,0.00000,0.00000,0.00000,0.00000
109.663,0,109650.000,79208,192000,3999.833,120.0,8,28,2,0.00000,0.00000,0.00000,0.00000,0.00000
109.663,1,109650.000,79208,192000,3999.833,120.0,8,28,2,0.00000,0.00000,0.00000,0.00000,0.00000
109.663,2,105666.000,80003,192000,3999.271,120.0,8,27,2,0.00000,0.00000,0.00000,0.00000,0.00000
109.764,0,109751.000,84086,192000,3999.208,120.0,8,28,2,0.00000,0.00000,0.00000,0.00000,0.00000
109.764,1,109751.000,84086,192000,3999.208,120.0,8,28,2,0.00000,0.00000,0.00000,0.00000,0.00000
109.764,2,105768.000,84881,192000,3999.646,120.0,8,27,2,0.00000,0.00000,0.00000,0.00000,0.00000
109.865,0,109852.000,88925,192000,3999.396,120.0,8,28,2,0.00000,0.00000,0.00000,0.00000,0.00000
109.865,1,109852.000,88925,192000,3999.396,120.0,8,28,2,0.00000,0.00000,0.00000,0.00000,0.00000
109.865,2,105869.000,89720,192000,3999.833,120.0,8,27,2,0.00000,0.00000,0.00000,0.00000,0.00000
109.967,0,109954.000,93827,192000,3999.271,120.0,8,28,2,0.00000,0.00000,0.00000,0.00000,0.00000
109.967,1,109954.000,93827,192000,3999.271,120.0,8,28,2,0.00000,0.00000,0.00000,0.00000,0.00000
109.967,2,105971.000,94622,192000,3999.708,120.0,8,27,2,0.00000,0.00000,0.00000,0.00000,0.00000
110.070,0,110057.000,98774,192000,3999.208,120.0,8,28,2,0.00000,0.00000,0.00000,0.00000,0.00000
110.070,1,110057.000,98774,192000,3999.208,120.0,8,28,2,0.00000,0.00000,0.00000,0.00000,0.00000
110.070,2,106074.000,99569,192000,3999.646,120.0,8,27,2,0.00000,0.00000,0.00000,0.00000,0.00000
110.171,0,110158.000,103606,192000,3999.542,120.0,8,28,2,0.00000,0.00000,0.00000,0.00000,0.00000
110.171,1,110158.000,103606,192000,3999.542,120.0,8,28,2,0.00000,0.00000,0.00000,0.00000,0.00000
110.171,2,106175.000,104401,192000,3999.979,120.0,8,27,2,0.00000,0.00000,0.00000,0.00000,0.00000
110.273,0,110260.000,108506,192000,3999.458,120.0,8,28,2,0.00000,0.00000,0.00000,0.00000,0.00000
110.273,1,110260.000,108506,192000,3999.458,120.0,8,28,2,0.00000,0.00000,0.00000,0.00000,0.00000
110.273,2,106277.000,109301,192000,3999.896,120.0,8,27,2,0.00000,0.00000,0.00000,0.00000,0.00000
110.374,0,110361.000,113370,192000,3999.125,120.0,8,28,2,0.00000,0.00000,0.00000,0.00000,0.00000
110.374,1,110361.000,113370,192000,3999.125,120.0,8,28,2,0.00000,0.00000,0.00000,0.00000,0.00000
110.374,2,106378.000,114165,192000,3999.562,120.0,8,27,2,0.00000,0.00000,0.00000,0.00000,0.00000
110.476,0,110463.000,118261,192000,3999.229,120.0,8,28,2,0.00000,0.00000,0.00000,0.00000,0.00000
110.476,1,110463.000,118261,192000,3999.229,120.0,8,28,2,0.00000,0.00000,0.00000,0.00000,0.00000
110.476,2,106480.000,119056,192000,3999.667,120.0,8,27,2,0.00000,0.00000,0.00000,0.00000,0.00000
110.578,0,110565.000,123160,192000,3999.167,120.0,8,28,2,0.00000,0.00000,0.00000,0.00000,0.00000
110.578,1,110565.000,123160,192000,3999.167,120.0,8,28,2,0.00000,0.00000,0.00000,0.00000,0.00000
110.578,2,106582.000,123955,192000,3999.604,120.0,8,27,2,0.00000,0.00000,0.00000,0.00000,0.00000
110.679,0,110666.000,127984,192000,3999.667,120.0,8,28,2,0.00000,0.00000,0.00000,0.00000,0.00000
110.679,1,110666.000,127984,192000,3999.667,120.0,8,28,2,0.00000,0.00000,0.00000,0.00000,0.00000
110.679,2,106682.000,128779,192000,3999.104,120.0,8,27,2,0.00000,0.00000,0.00000,0.00000,0.00000
110.780,0,110767.000,132834,192000,3999.625,120.0,8,28,2,0.00000,0.00000,0.00000,0.00000,0.00000
110.780,1,110767.000,132834,192000,3999.625,120.0,8,28,2,0.00000,0.00000,0.00000,0.00000,0.00000
110.780,2,106783.000,133629,192000,3999.062,120.0,8,27,2,0.00000,0.00000,0.00000,0.00000,0.00000
110.883,0,110870.000,137767,192000,3999.854,120.0,8,28,2,0.00000,0.00000,0.00000,0.00000,0.00000
110.883,1,110870.000,137767,192000,3999.854,120.0,8,28,2,0.00000,0.00000,0.00000,0.00000,0.00000
110.883,2,106886.000,138562,192000,3999.292,120.0,8,27,2,0.00000,0.00000,0.00000,0.00000,0.00000
110.986,0,110973.000,142713,192000,3999.812,120.0,8,28,2,0.00000,0.00000,0.00000,0.00000,0.00000
110.986,1,110973.000,142713,192000,3999.812,120.0,8,28,2,0.00000,0.00000,0.00000,0.00000,0.00000
110.986,2,106989.000,143508,192000,3999.250,120.0,8,27,2,0.00000,0.00000,0.00000,0.00000,0.00000
111.087,0,111074.000,147576,192000,3999.500,120.0,8,28,2,0.00000,0.00000,0.00000,0.00000,0.00000
111.087,1,111074.000,147576,192000,3999.500,120.0,8,28,2,0.00000,0.00000,0.00000,0.00000,0.00000
111.087,2,107091.000,148371,192000,3999.938,120.0,8,27,2,0.00000,0.00000,0.00000,0.00000,0.00000
111.187,0,111174.000,152386,192000,3999.292,120.0,8,28,2,0.00000,0.00000,0.00000,0.00000,0.00000
111.187,1,111174.000,152386,192000,3999.292,120.0,8,28,2,0.00000,0.00000,0.00000,0.00000,0.00000
111.187,2,107191.000,153181,192000,3999.729,120.0,8,27,2,0.00000,0.00000,0.00000,0.00000,0.00000
111.290,0,111277.000,157306,192000,3999.792,120.0,8,28,2,0.00000,0.00000,0.00000,0.00000,0.00000
111.290,1,111277.000,157306,192000,3999.792,120.0,8,28,2,0.00000,0.00000,0.00000,0.00000,0.00000
111.290,2,107293.000,158101,192000,3999.229,120.0,8,27,2,0.00000,0.00000,0.00000,0.00000,0.00000
111.390,0,111377.000,162128,192000,3999.333,120.0,8,28,2,0.00000,0.00000,0.00000,0.00000,0.00000
111.390,1,111377.000,162128,192000,3999.333,120.0,8,28,2,0.00000,0.00000,0.00000,0.00000,0.00000
111.390,2,107394.000,162923,192000,3999.771,120.0,8,27,2,0.00000,0.00000,0.00000,0.00000,0.00000
111.491,0,111478.000,166945,192000,3999.979,120.0,8,28,2,0.00000,0.00000,0.00000,0.00000,0.00000
111.491,1,111478.000,166945,192000,3999.979,120.0,8,28,2,0.00000,0.00000,0.00000,0.00000,0.00000
111.491,2,107494.000,167740,192000,3999.417,120.0,8,27,2,0.00000,0.00000,0.00000,0.00000,0.00000
111.593,0,111580.000,171851,192000,3999.771,120.0,8,28,2,0.00000,0.00000,0.00000,0.00000,0.00000
111.593,1,111580.000,171851,192000,3999.771,120.0,8,28,2,0.00000,0.00000,0.00000,0.00000,0.00000
111.593,2,107596.000,172646,192000,3999.208,120.0,8,27,2,0.00000,0.00000,0.00000,0.00000,0.00000
111.694,0,111681.000,176724,192000,3999.250,120.0,8,28,2,0.00000,0.00000,0.00000,0.00000,0.00000
111.694,1,111681.000,176724,192000,3999.250,120.0,8,28,2,0.00000,0.00000,0.00000,0.00000,0.00000
111.694,2,107698.000,177519,192000,3999.688,120.0,8,27,2,0.00000,0.00000,0.00000,0.00000,0.00000
111.796,0,111783.000,181624,192000,3999.167,120.0,8,28,2,0.00000,0.00000,0.00000,0.00000,0.00000
111.796,1,111783.000,181624,192000,3999.167,120.0,8,28,2,0.00000,0.00000,0.00000,0.00000,0.00000
111.796,2,107800.000,182419,192000,3999.604,120.0,8,27,2,0.00000,0.00000,0.00000,0.00000,0.00000
111.899,0,111886.000,186560,192000,3999.333,120.0,8,28,2,0.00000,0.00000,0.00000,0.00000,0.00000
111.899,1,111886.000,186560,192000,3999.333,120.0,8,28,2,0.00000,0.00000,0.00000,0.00000,0.00000
111.899,2,107903.000,187355,192000,3999.771,120.0,8,27,2,0.00000,0.00000,0.00000,0.00000,0.00000
112.000,0,111987.000,191416,192000,3999.167,120.0,8,28,2,0.00000,0.00000,0.00000,0.00000,0.00000
112.000,1,111987.000,191416,192000,3999.167,120.0,8,28,2,0.00000,0.00000,0.00000,0.00000,0.00000
112.000,2,108004.000,211,192000,3999.604,120.0,8,28,2,0.00000,0.00000,0.00000,0.00000,0.00000
112.101,0,112088.000,4233,192000,3999.812,120.0,8,29,2,0.00000,0.00000,0.00000,0.00000,0.00000
112.101,1,112088.000,4233,192000,3999.812,120.0,8,29,2,0.00000,0.00000,0.00000,0.00000,0.00000
112.101,2,108104.000,5028,192000,3999.250,120.0,8,28,2,0.00000,0.00000,0.00000,0.00000,0.00000
112.203,0,112190.000,9149,192000,3999.396,120.0,8,29,2,0.00000,0.00000,0.00000,0.00000,0.00000
112.203,1,112190.000,9149,192000,3999.396,120.0,8,29,2,0.00000,0.00000,0.00000,0.00000,0.00000
112.203,2,108207.000,9944,192000,3999.833,120.0,8,28,2,0.00000,0.00000,0.00000,0.00000,0.00000
112.305,0,112292.000,14022,192000,3999.875,120.0,8,29,2,0.00000,0.00000,0.00000,0.00000,0.00000
112.305,1,112292.000,14022,192000,3999.875,120.0,8,29,2,0.00000,0.00000,0.00000,0.00000,0.00000
112.305,2,108308.000,14817,192000,3999.312,120.0,8,28,2,0.00000,0.00000,0.00000,0.00000,0.00000
112.406,0,112393.000,18881,192000,3999.646,120.0,8,29,2,0.00000,0.00000,0.00000,0.00000,0.00000
112.406,1,112393.000,18881,192000,3999.646,120.0,8,29,2,0.00000,0.00000,0.00000,0.00000,0.00000
112.406,2,108409.000,19676,192000,3999.083,120.0,8,28,2,0.00000,0.00000,0.00000,0.00000,0.00000
112.506,0,112493.000,23701,192000,3999.229,120.0,8,29,2,0.00000,0.00000,0.00000,0.00000,0.00000
112.506,1,112493.000,23701,192000,3999.229,120.0,8,29,2,0.00000,0.00000,0.00000,0.00000,0.00000
112.506,2,108510.000,24496,192000,3999.667,120.0,8,28,2,0.00000,0.00000,0.00000,0.00000,0.00000
112.608,0,112595.000,28586,192000,3999.458,120.0,8,29,2,0.00000,0.00000,0.00000,0.00000,0.00000
112.608,1,112595.000,28586,192000,3999.458,120.0,8,29,2,0.00000,0.00000,0.00000,0.00000,0.00000
112.608,2,108612.000,29381,192000,3999.896,120.0,8,28,2,0.00000,0.00000,0.00000,0.00000,0.00000
112.709,0,112696.000,33412,192000,3999.917,120.0,8,29,2,0.00000,0.00000,0.00000,0.00000,0.00000
112.709,1,112696.000,33412,192000,3999.917,120.0,8,29,2,0.00000,0.00000,0.00000,0.00000,0.00000
112.709,2,108712.000,34207,192000,3999.354,120.0,8,28,2,0.00000,0.00000,0.00000,0.00000,0.00000
112.809,0,112796.000,38223,192000,3999.688,120.0,8,29,2,0.00000,0.00000,0.00000,0.00000,0.00000
112.809,1,112796.000,38223,192000,3999.688,120.0,8,29,2,0.00000,0.00000,0.00000,0.00000,0.00000
112.809,2,108812.000,39018,192000,3999.125,120.0,8,28,2,0.00000,0.00000,0.00000,0.00000,0.00000
112.910,0,112897.000,43087,192000,3999.354,120.0,8,29,2,0.00000,0.00000,0.00000,0.00000,0.00000
112.910,1,112897.000,43087,192000,3999.354,120.0,8,29,2,0.00000,0.00000,0.00000,0.00000,0.00000
112.910,2,108914.000,43882,192000,3999.792,120.0,8,28,2,0.00000,0.00000,0.00000,0.00000,0.00000
113.012,0,112999.000,47969,192000,3999.646,120.0,8,29,2,0.00000,0.00000,0.00000,0.00000,0.00000
113.012,1,112999.000,47969,192000,3999.646,120.0,8,29,2,0.00000,0.00000,0.00000,0.00000,0.00000
113.012,2,109015.000,48764,192000,3999.083,120.0,8,28,2,0.00000,0.00000,0.00000,0.00000,0.00000
113.114,0,113101.000,52855,192000,3999.854,120.0,8,29,2,0.00000,0.00000,0.00000,0.00000,0.00000
113.114,1,113101.000,52855,192000,3999.854,120.0,8,29,2,0.00000,0.00000,0.00000,0.00000,0.00000
113.114,2,109117.000,53650,192000,3999.292,120.0,8,28,2,0.00000,0.00000,0.00000,0.00000,0.00000
113.216,0,113203.000,57777,192000,3999.312,120.0,8,29,2,0.00000,0.00000,0.00000,0.00000,0.00000
113.216,1,113203.000,57777,192000,3999.312,120.0,8,29,2,0.00000,0.00000,0.00000,0.00000,0.00000
113.216,2,109220.000,58572,192000,3999.750,120.0,8,28,2,0.00000,0.00000,0.00000,0.00000,0.00000
113.318,0,113305.000,62686,192000,3999.042,120.0,8,29,2,0.00000,0.00000,0.00000,0.00000,0.00000
113.318,1,113305.000,62686,192000,3999.042,120.0,8,29,2,0.00000,0.00000,0.00000,0.00000,0.00000
113.318,2,109322.000,63481,192000,3999.479,120.0,8,28,2,0.00000,0.00000,0.00000,0.00000,0.00000
113.421,0,113408.000,67585,192000,3999.979,120.0,8,29,2,0.00000,0.00000,0.00000,0.00000,0.00000
113.421,1,113408.000,67585,192000,3999.979,120.0,8,29,2,0.00000,0.00000,0.00000,0.00000,0.00000
113.421,2,109424.000,68380,192000,3999.417,120.0,8,28,2,0.00000,0.00000,0.00000,0.00000,0.00000
113.523,0,113510.000,72513,192000,3999.312,120.0,8,29,2,0.00000,0.00000,0.00000,0.00000,0.00000
113.523,1,113510.000,72513,192000,3999.312,120.0,8,29,2,0.00000,0.00000,0.00000,0.00000,0.00000
113.523,2,109527.000,73308,192000,3999.750,120.0,8,28,2,0.00000,0.00000,0.00000,0.00000,0.00000
113.625,0,113612.000,77418,192000,3999.125,120.0,8,29,2,0.00000,0.00000,0.00000,0.00000,0.00000
113.625,1,113612.000,77418,192000,3999.125,120.0,8,29,2,0.00000,0.00000,0.00000,0.00000,0.00000
113.625,2,109629.000,78213,192000,3999.562,120.0,8,28,2,0.00000,0.00000,0.00000,0.00000,0.00000
113.727,0,113714.000,82285,192000,3999.729,120.0,8,29,2,0.00000,0.00000,0.00000,0.00000,0.00000
113.727,1,113714.000,82285,192000,3999.729,120.0,8,29,2,0.00000,0.00000,0.00000,0.00000,0.00000
113.727,2,109730.000,83080,192000,3999.167,120.0,8,28,2,0.00000,0.00000,0.00000,0.00000,0.00000
113.827,0,113814.000,87096,192000,3999.500,120.0,8,29,2,0.00000,0.00000,0.00000,0.00000,0.00000
113.827,1,113814.000,87096,192000,3999.500,120.0,8,29,2,0.00000,0.00000,0.00000,0.00000,0.00000
113.827,2,109831.000,87891,192000,3999.938,120.0,8,28,2,0.00000,0.00000,0.00000,0.00000,0.00000
113.928,0,113915.000,91954,192000,3999.292,120.0,8,29,2,0.00000,0.00000,0.00000,0.00000,0.00000
113.928,1,113915.000,91954,192000,3999.292,120.0,8,29,2,0.00000,0.00000,0.00000,0.00000,0.00000
113.928,2,109932.000,92749,192000,3999.729,120.0,8,28,2,0.00000,0.00000,0.00000,0.00000,0.00000
114.030,0,114017.000,96854,192000,3999.208,120.0,8,29,2,0.00000,0.00000,0.00000,0.00000,0.00000
114.030,1,114017.000,96854,192000,3999.208,120.0,8,29,2,0.00000,0.00000,0.00000,0.00000,0.00000
114.030,2,110034.000,97649,192000,3999.646,120.0,8,28,2,0.00000,0.00000,0.00000,0.00000,0.00000
114.131,0,114118.000,101695,192000,3999.354,120.0,8,29,2,0.00000,0.00000,0.00000,0.00000,0.00000
114.131,1,114118.000,101695,192000,3999.354,120.0,8,29,2,0.00000,0.00000,0.00000,0.00000,0.00000
114.131,2,110135.000,102490,192000,3999.792,120.0,8,28,2,0.00000,0.00000,0.00000,0.00000,0.00000
114.233,0,114220.000,106570,192000,3999.792,120.0,8,29,2,0.00000,0.00000,0.00000,0.00000,0.00000
114.233,1,114220.000,106570,192000,3999.792,120.0,8,29,2,0.00000,0.00000,0.00000,0.00000,0.00000
114.233,2,110236.000,107365,192000,3999.229,120.0,8,28,2,0.00000,0.00000,0.00000,0.00000,0.00000
114.333,0,114320.000,111395,192000,3999.271,120.0,8,29,2,0.00000,0.00000,0.00000,0.00000,0.00000
114.333,1,114320.000,111395,192000,3999.271,120.0,8,29,2,0.00000,0.00000,0.00000,0.00000,0.00000
114.333,2,110337.000,112190,192000,3999.708,120.0,8,28,2,0.00000,0.00000,0.00000,0.00000,0.00000
114.435,0,114422.000,116258,192000,3999.958,120.0,8,29,2,0.00000,0.00000,0.00000,0.00000,0.00000
114.435,1,114422.000,116258,192000,3999.958,120.0,8,29,2,0.00000,0.00000,0.00000,0.00000,0.00000
114.435,2,110438.000,117053,192000,3999.396,120.0,8,28,2,0.00000,0.00000,0.00000,0.00000,0.00000
114.536,0,114523.000,121145,192000,3999.146,120.0,8,29,2,0.00000,0.00000,0.00000,0.00000,0.00000
114.536,1,114523.000,121145,192000,3999.146,120.0,8,29,2,0.00000,0.00000,0.00000,0.00000,0.00000
114.536,2,110540.000,121940,192000,3999.583,120.0,8,28,2,0.00000,0.00000,0.00000,0.00000,0.00000
114.638,0,114625.000,126027,192000,3999.438,120.0,8,29,2,0.00000,0.00000,0.00000,0.00000,0.00000
114.638,1,114625.000,126027,192000,3999.438,120.0,8,29,2,0.00000,0.00000,0.00000,0.00000,0.00000
114.638,2,110642.000,126822,192000,3999.875,120.0,8,28,2,0.00000,0.00000,0.00000,0.00000,0.00000
114.741,0,114728.000,130946,192000,3999.958,120.0,8,29,2,0.00000,0.00000,0.00000,0.00000,0.00000
114.741,1,114728.000,130946,192000,3999.958,120.0,8,29,2,0.00000,0.00000,0.00000,0.00000,0.00000
114.741,2,110744.000,131741,192000,3999.396,120.0,8,28,2,0.00000,0.00000,0.00000,0.00000,0.00000
114.843,0,114830.000,135853,192000,3999.729,120.0,8,29,2,0.00000,0.00000,0.00000,0.00000,0.00000
114.843,1,114830.000,135853,192000,3999.729,120.0,8,29,2,0.00000,0.00000,0.00000,0.00000,0.00000
114.843,2,110846.000,136648,192000,3999.167,120.0,8,28,2,0.00000,0.00000,0.00000,0.00000,0.00000
114.945,0,114932.000,140774,192000,3999.208,120.0,8,29,2,0.00000,0.00000,0.00000,0.00000,0.00000
114.945,1,114932.000,140774,192000,3999.208,120.0,8,29,2,0.00000,0.00000,0.00000,0.00000,0.00000
114.945,2,110949.000,141569,192000,3999.646,120.0,8,28,2,0.00000,0.00000,0.00000,0.00000,0.00000
115.046,0,115033.000,145589,192000,3999.896,120.0,8,29,2,0.00000,0.00000,0.00000,0.00000,0.00000
115.046,1,115033.000,145589,192000,3999.896,120.0,8,29,2,0.00000,0.00000,0.00000,0.00000,0.00000
115.046,2,111049.000,146384,192000,3999.333,120.0,8,28,2,0.00000,0.00000,0.00000,0.00000,0.00000
115.147,0,115134.000,150464,192000,3999.333,120.0,8,29,2,0.00000,0.00000,0.00000,0.00000,0.00000
115.147,1,115134.000,150464,192000,3999.333,120.0,8,29,2,0.00000,0.00000,0.00000,0.00000,0.00000
115.147,2,111151.000,151259,192000,3999.771,120.0,8,28,2,0.00000,0.00000,0.00000,0.00000,0.00000
115.249,0,115236.000,155358,192000,3999.375,120.0,8,29,2,0.00000,0.00000,0.00000,0.00000,0.00000
115.249,1,115236.000,155358,192000,3999.375,120.0,8,29,2,0.00000,0.00000,0.00000,0.00000,0.00000
115.249,2,111253.000,156153,192000,3999.812,120.0,8,28,2,0.00000,0.00000,0.00000,0.00000,0.00000
115.351,0,115338.000,160253,192000,3999.396,120.0,8,29,2,0.00000,0.00000,0.00000,0.00000,0.00000
115.351,1,115338.000,160253,192000,3999.396,120.0,8,29,2,0.00000,0.00000,0.00000,0.00000,0.00000
115.351,2,111355.000,161048,192000,3999.833,120.0,8,28,2,0.00000,0.00000,0.00000,0.00000,0.00000
115.453,0,115440.000,165158,192000,3999.208,120.0,8,29,2,0.00000,0.00000,0.00000,0.00000,0.00000
115.453,1,115440.000,165158,192000,3999.208,120.0,8,29,2,0.00000,0.00000,0.00000,0.00000,0.00000
115.453,2,111457.000,165953,192000,3999.646,120.0,8,28,2,0.00000,0.00000,0.00000,0.00000,0.00000
115.555,0,115542.000,170024,192000,3999.833,120.0,8,29,2,0.00000,0.00000,0.00000,0.00000,0.00000
115.555,1,115542.000,170024,192000,3999.833,120.0,8,29,2,0.00000,0.00000,0.00000,0.00000,0.00000
115.555,2,111558.000,170819,192000,3999.271,120.0,8,28,2,0.00000,0.00000,0.00000,0.00000,0.00000
115.655,0,115642.000,174859,192000,3999.104,120.0,8,29,2,0.00000,0.00000,0.00000,0.00000,0.00000
115.655,1,115642.000,174859,192000,3999.104,120.0,8,29,2,0.00000,0.00000,0.00000,0.00000,0.00000
115.655,2,111659.000,175654,192000,3999.542,120.0,8,28,2,0.00000,0.00000,0.00000,0.00000,0.00000
115.758,0,115745.000,179777,192000,3999.646,120.0,8,29,2,0.00000,0.00000,0.00000,0.00000,0.00000
115.758,1,115745.000,179777,192000,3999.646,120.0,8,29,2,0.00000,0.00000,0.00000,0.00000,0.00000
115.758,2,111761.000,180572,192000,3999.083,120.0,8,28,2,0.00000,0.00000,0.00000,0.00000,0.00000
115.859,0,115846.000,184611,192000,3999.938,120.0,8,29,2,0.00000,0.00000,0.00000,0.00000,0.00000
115.859,1,115846.000,184611,192000,3999.938,120.0,8,29,2,0.00000,0.00000,0.00000,0.00000,0.00000
115.859,2,111862.000,185406,192000,3999.375,120.0,8,28,2,0.00000,0.00000,0.00000,0.00000,0.00000
115.959,0,115946.000,189415,192000,3999.854,120.0,8,29,2,0.00000,0.00000,0.00000,0.00000,0.00000
115.959,1,115946.000,189415,192000,3999.854,120.0,8,29,2,0.00000,0.00000,0.00000,0.00000,0.00000
115.959,2,111962.000,190210,192000,3999.292,120.0,8,28,2,0.00000,0.00000,0.00000,0.00000,0.00000
116.060,0,116047.000,2276,192000,3999.583,120.0,8,30,2,0.11329,0.11329,0.11318,0.00000,0.00000
116.060,1,116047.000,2276,192000,3999.583,120.0,8,30,2,0.11318,0.11285,0.11318,0.00000,0.00000
116.060,2,112063.000,3071,192000,3999.021,120.0,8,29,2,0.10658,0.10589,0.10658,0.00000,0.00000
116.162,0,116149.000,7186,192000,3999.292,120.0,8,30,2,0.07403,0.07403,0.07396,0.00000,0.00000
116.162,1,116149.000,7186,192000,3999.292,120.0,8,30,2,0.07396,0.07375,0.07396,0.00000,0.00000
116.162,2,112166.000,7981,192000,3999.729,120.0,8,29,2,0.06965,0.06920,0.06965,0.00000,0.00000
116.263,0,116250.000,12012,192000,3999.750,120.0,8,30,2,0.04873,0.04873,0.04869,0.00000,0.00000
116.263,1,116250.000,12012,192000,3999.750,120.0,8,30,2,0.04869,0.04855,0.04869,0.00000,0.00000
116.263,2,112266.000,12807,192000,3999.188,120.0,8,29,2,0.04585,0.04555,0.04585,0.00000,0.00000
116.363,0,116350.000,16815,192000,3999.688,120.0,8,30,2,0.03214,0.03214,0.03211,0.00000,0.00000
116.363,1,116350.000,16815,192000,3999.688,120.0,8,30,2,0.03211,0.03202,0.03211,0.00000,0.00000
116.363,2,112366.000,17610,192000,3999.125,120.0,8,29,2,0.03024,0.03005,0.03024,0.00000,0.00000
116.465,0,116452.000,21703,192000,3999.854,120.0,8,30,2,0.02105,0.02105,0.02103,0.00000,0.00000
116.465,1,116452.000,21703,192000,3999.854,120.0,8,30,2,0.02103,0.02097,0.02103,0.00000,0.00000
116.465,2,112468.000,22498,192000,3999.292,120.0,8,29,2,0.01980,0.01967,0.01980,0.00000,0.00000
116.565,0,116552.000,26537,192000,3999.146,120.0,8,30,2,0.01384,0.01384,0.01383,0.00000,0.00000
116.565,1,116552.000,26537,192000,3999.146,120.0,8,30,2,0.01383,0.01379,0.01383,0.00000,0.00000
116.565,2,112569.000,27332,192000,3999.583,120.0,8,29,2,0.01302,0.01294,0.01302,0.00000,0.00000
116.667,0,116654.000,31408,192000,3999.667,120.0,8,30,2,0.00908,0.00908,0.00907,0.00000,0.00000
116.667,1,116654.000,31408,192000,3999.667,120.0,8,30,2,0.00907,0.00904,0.00907,0.00000,0.00000
116.667,2,112670.000,32203,192000,3999.104,120.0,8,29,2,0.00854,0.00849,0.00854,0.00000,0.00000
116.768,0,116755.000,36261,192000,3999.562,120.0,8,30,2,0.00596,0.00596,0.00596,0.00000,0.00000
116.768,1,116755.000,36261,192000,3999.562,120.0,8,30,2,0.00596,0.00594,0.00596,0.00000,0.00000
116.768,2,112772.000,37056,192000,0.000,120.0,8,29,2,0.00561,0.00557,0.00561,0.00000,0.00000
116.870,0,116857.000,41145,192000,3999.812,120.0,8,30,2,0.00390,0.00390,0.00390,0.00000,0.00000
116.870,1,116857.000,41145,192000,3999.812,120.0,8,30,2,0.00390,0.00389,0.00390,0.00000,0.00000
116.870,2,112873.000,41940,192000,3999.250,120.0,8,29,2,0.00367,0.00365,0.00367,0.00000,0.00000
116.970,0,116957.000,45958,192000,3999.542,120.0,8,30,2,0.00257,0.00257,0.00257,0.00000,0.00000
116.970,1,116957.000,45958,192000,3999.542,120.0,8,30,2,0.00257,0.00256,0.00257,0.00000,0.00000
116.970,2,112974.000,46753,192000,3999.979,120.0,8,29,2,0.00242,0.00241,0.00242,0.00000,0.00000
117.071,0,117058.000,50802,192000,3999.625,120.0,8,30,2,0.00169,0.00169,0.00169,0.00000,0.00000
117.071,1,117058.000,50802,192000,3999.625,120.0,8,30,2,0.00169,0.00168,0.00169,0.00000,0.00000
117.071,2,113074.000,51597,192000,3999.062,120.0,8,29,2,0.00159,0.00158,0.00159,0.00000,0.00000
117.171,0,117158.000,55603,192000,3999.604,120.0,8,30,2,0.00112,0.00112,0.00111,0.00000,0.00000
117.171,1,117158.000,55603,192000,3999.604,120.0,8,30,2,0.00111,0.00111,0.00111,0.00000,0.00000
117.171,2,113174.000,56398,192000,3999.042,120.0,8,29,2,0.00105,0.00104,0.00105,0.00000,0.00000
117.273,0,117260.000,60504,192000,3999.500,120.0,8,30,2,0.00073,0.00073,0.00073,0.00000,0.00000
117.273,1,117260.000,60504,192000,3999.500,120.0,8,30,2,0.00073,0.00073,0.00073,0.00000,0.00000
117.273,2,113277.000,61299,192000,3999.938,120.0,8,29,2,0.00069,0.00068,0.00069,0.00000,0.00000
117.374,0,117361.000,65373,192000,3999.062,120.0,8,30,2,0.00048,0.00048,0.00048,0.00000,0.00000
117.374,1,117361.000,65373,192000,3999.062,120.0,8,30,2,0.00048,0.00048,0.00048,0.00000,0.00000
117.374,2,113378.000,66168,192000,3999.500,120.0,8,29,2,0.00045,0.00045,0.00045,0.00000,0.00000
117.476,0,117463.000,70233,192000,3999.812,120.0,8,30,2,0.00031,0.00031,0.00031,0.00000,0.00000
117.476,1,117463.000,70233,192000,3999.812,120.0,8,30,2,0.00031,0.00031,0.00031,0.00000,0.00000
117.476,2,113479.000,71028,192000,3999.250,120.0,8,29,2,0.00030,0.00029,0.00030,0.00000,0.00000
117.577,0,117564.000,75116,192000,3999.083,120.0,8,30,2,0.00021,0.00021,0.00021,0.00000,0.00000
117.577,1,117564.000,75116,192000,3999.083,120.0,8,30,2,0.00021,0.00020,0.00021,0.00000,0.00000
117.577,2,113581.000,75911,192000,3999.521,120.0,8,29,2,0.00019,0.00019,0.00019,0.00000,0.00000
117.680,0,117667.000,80045,192000,3999.396,120.0,8,30,2,0.00013,0.00013,0.00013,0.00000,0.00000
117.680,1,117667.000,80045,192000,3999.396,120.0,8,30,2,0.00013,0.00013,0.00013,0.00000,0.00000
117.680,2,113684.000,80840,192000,3999.833,120.0,8,29,2,0.00013,0.00013,0.00013,0.00000,0.00000
117.782,0,117769.000,84947,192000,3999.271,120.0,8,30,2,0.00009,0.00009,0.00009,0.00000,0.00000
117.782,1,117769.000,84947,192000,3999.271,120.0,8,30,2,0.00009,0.00009,0.00009,0.00000,0.00000
117.782,2,113786.000,85742,192000,3999.708,120.0,8,29,2,0.00008,0.00008,0.00008,0.00000,0.00000
117.883,0,117870.000,89768,192000,3999.833,120.0,8,30,2,0.00006,0.00006,0.00006,0.00000,0.00000
117.883,1,117870.000,89768,192000,3999.833,120.0,8,30,2,0.00006,0.00006,0.00006,0.00000,0.00000
117.883,2,113886.000,90563,192000,3999.271,120.0,8,29,2,0.00005,0.00005,0.00005,0.00000,0.00000
117.984,0,117971.000,94653,192000,3999.062,120.0,8,30,2,0.00004,0.00004,0.00004,0.00000,0.00000
117.984,1,117971.000,94653,192000,3999.062,120.0,8,30,2,0.00004,0.00004,0.00004,0.00000,0.00000
117.984,2,113988.000,95448,192000,3999.500,120.0,8,29,2,0.00004,0.00004,0.00004,0.00000,0.00000
118.086,0,118073.000,99540,192000,3999.250,120.0,8,30,2,0.00002,0.00002,0.00002,0.00000,0.00000
118.086,1,118073.000,99540,192000,3999.250,120.0,8,30,2,0.00002,0.00002,0.00002,0.00000,0.00000
118.086,2,114090.000,100335,192000,3999.688,120.0,8,29,2,0.00002,0.00002,0.00002,0.00000,0.00000
118.187,0,118174.000,104374,192000,3999.542,120.0,8,30,2,0.00002,0.00002,0.00002,0.00000,0.00000
118.187,1,118174.000,104374,192000,3999.542,120.0,8,30,2,0.00002,0.00002,0.00002,0.00000,0.00000
118.187,2,114191.000,105169,192000,3999.979,120.0,8,29,2,0.00002,0.00002,0.00002,0.00000,0.00000
118.288,0,118275.000,109212,192000,3999.750,120.0,8,30,2,0.00001,0.00001,0.00001,0.00000,0.00000
118.288,1,118275.000,109212,192000,3999.750,120.0,8,30,2,0.00001,0.00001,0.00001,0.00000,0.00000
118.288,2,114291.000,110007,192000,3999.188,120.0,8,29,2,0.00001,0.00001,0.00001,0.00000,0.00000
118.389,0,118376.000,114060,192000,3999.750,120.0,8,30,2,0.00001,0.00001,0.00001,0.00000,0.00000
118.389,1,118376.000,114060,192000,3999.750,120.0,8,30,2,0.00001,0.00001,0.00001,0.00000,0.00000
118.389,2,114392.000,114855,192000,3999.188,120.0,8,29,2,0.00001,0.00001,0.00001,0.00000,0.00000
118.491,0,118478.000,118981,192000,3999.229,120.0,8,30,2,0.00000,0.00000,0.00000,0.00000,0.00000
118.491,1,118478.000,118981,192000,3999.229,120.0,8,30,2,0.00000,0.00000,0.00000,0.00000,0.00000
118.491,2,114495.000,119776,192000,3999.667,120.0,8,29,2,0.00000,0.00000,0.00000,0.00000,0.00000
118.593,0,118580.000,123864,192000,3999.500,120.0,8,30,2,0.00000,0.00000,0.00000,0.00000,0.00000
118.593,1,118580.000,123864,192000,3999.500,120.0,8,30,2,0.00000,0.00000,0.00000,0.00000,0.00000
118.593,2,114597.000,124659,192000,3999.938,120.0,8,29,2,0.00000,0.00000,0.00000,0.00000,0.00000
118.693,0,118680.000,128664,192000,3999.500,120.0,8,30,2,0.00000,0.00000,0.00000,0.00000,0.00000
118.693,1,118680.000,128664,192000,3999.500,120.0,8,30,2,0.00000,0.00000,0.00000,0.00000,0.00000
118.693,2,114697.000,129459,192000,3999.938,120.0,8,29,2,0.00000,0.00000,0.00000,0.00000,0.00000
118.793,0,118780.000,133477,192000,3999.229,120.0,8,30,2,0.00000,0.00000,0.00000,0.00000,0.00000
118.793,1,118780.000,133477,192000,3999.229,120.0,8,30,2,0.00000,0.00000,0.00000,0.00000,0.00000
118.793,2,114797.000,134272,192000,3999.667,120.0,8,29,2,0.00000,0.00000,0.00000,0.00000,0.00000
118.894,0,118881.000,138319,192000,3999.354,120.0,8,30,2,0.00000,0.00000,0.00000,0.00000,0.00000
118.894,1,118881.000,138319,192000,3999.354,120.0,8,30,2,0.00000,0.00000,0.00000,0.00000,0.00000
118.894,2,114898.000,139114,192000,3999.792,120.0,8,29,2,0.00000,0.00000,0.00000,0.00000,0.00000
118.996,0,118983.000,143191,192000,3999.854,120.0,8,30,2,0.00000,0.00000,0.00000,0.00000,0.00000
118.996,1,118983.000,143191,192000,3999.854,120.0,8,30,2,0.00000,0.00000,0.00000,0.00000,0.00000
118.996,2,114999.000,143986,192000,3999.292,120.0,8,29,2,0.00000,0.00000,0.00000,0.00000,0.00000
119.096,0,119083.000,148013,192000,3999.396,120.0,8,30,2,0.00000,0.00000,0.00000,0.00000,0.00000
119.096,1,119083.000,148013,192000,3999.396,120.0,8,30,2,0.00000,0.00000,0.00000,0.00000,0.00000
119.096,2,115100.000,148808,192000,3999.833,120.0,8,29,2,0.00000,0.00000,0.00000,0.00000,0.00000
119.199,0,119186.000,152941,192000,3999.729,120.0,8,30,2,0.00000,0.00000,0.00000,0.00000,0.00000
119.199,1,119186.000,152941,192000,3999.729,120.0,8,30,2,0.00000,0.00000,0.00000,0.00000,0.00000
119.199,2,115202.000,153736,192000,3999.167,120.0,8,29,2,0.00000,0.00000,0.00000,0.00000,0.00000
119.300,0,119287.000,157814,192000,3999.208,120.0,8,30,2,0.00000,0.00000,0.00000,0.00000,0.00000
119.300,1,119287.000,157814,192000,3999.208,120.0,8,30,2,0.00000,0.00000,0.00000,0.00000,0.00000
119.300,2,115304.000,158609,192000,3999.646,120.0,8,29,2,0.00000,0.00000,0.00000,0.00000,0.00000
119.402,0,119389.000,162697,192000,3999.479,120.0,8,30,2,0.00000,0.00000,0.00000,0.00000,0.00000
119.402,1,119389.000,162697,192000,3999.479,120.0,8,30,2,0.00000,0.00000,0.00000,0.00000,0.00000
119.402,2,115406.000,163492,192000,3999.917,120.0,8,29,2,0.00000,0.00000,0.00000,0.00000,0.00000
119.504,0,119491.000,167569,192000,3999.979,120.0,8,30,2,0.00000,0.00000,0.00000,0.00000,0.00000
119.504,1,119491.000,167569,192000,3999.979,120.0,8,30,2,0.00000,0.00000,0.00000,0.00000,0.00000
119.504,2,115507.000,168364,192000,3999.417,120.0,8,29,2,0.00000,0.00000,0.00000,0.00000,0.00000
119.606,0,119593.000,172480,192000,3999.667,120.0,8,30,2,0.00000,0.00000,0.00000,0.00000,0.00000
119.606,1,119593.000,172480,192000,3999.667,120.0,8,30,2,0.00000,0.00000,0.00000,0.00000,0.00000
119.606,2,115609.000,173275,192000,3999.104,120.0,8,29,2,0.00000,0.00000,0.00000,0.00000,0.00000
119.707,0,119694.000,177328,192000,3999.667,120.0,8,30,2,0.00000,0.00000,0.00000,0.00000,0.00000
119.707,1,119694.000,177328,192000,3999.667,120.0,8,30,2,0.00000,0.00000,0.00000,0.00000,0.00000
119.707,2,115710.000,178123,192000,3999.104,120.0,8,29,2,0.00000,0.00000,0.00000,0.00000,0.00000
119.807,0,119794.000,182130,192000,3999.625,120.0,8,30,2,0.00000,0.00000,0.00000,0.00000,0.00000
119.807,1,119794.000,182130,192000,3999.625,120.0,8,30,2,0.00000,0.00000,0.00000,0.00000,0.00000
119.807,2,115810.000,182925,192000,3999.062,120.0,8,29,2,0.00000,0.00000,0.00000,0.00000,0.00000
119.909,0,119896.000,187040,192000,3999.333,120.0,8,30,2,0.00000,0.00000,0.00000,0.00000,0.00000
119.909,1,119896.000,187040,192000,3999.333,120.0,8,30,2,0.00000,0.00000,0.00000,0.00000,0.00000
119.909,2,115913.000,187835,192000,3999.771,120.0,8,29,2,0.00000,0.00000,0.00000,0.00000,0.00000
