t_s,idx,spos_ms,interval_pos,interval_len,interval_phase_ms,bpm,bpi,loop,nusers,remote_peak,upk0,upk1,upk2,upk3
0.102,0,86.000,4170,192000,3999.125,120.0,8,1,2,0.00000,0.00000,0.00000,0.00000,0.00000
0.102,1,87.000,4178,192000,3999.958,120.0,8,1,2,0.00000,0.00000,0.00000,0.00000,0.00000
0.102,2,86.000,4162,192000,3999.292,120.0,8,1,2,0.00000,0.00000,0.00000,0.00000,0.00000
0.204,0,189.000,9074,192000,3999.958,120.0,8,1,2,0.00000,0.00000,0.00000,0.00000,0.00000
0.204,1,189.000,9092,192000,3999.583,120.0,8,1,2,0.00000,0.00000,0.00000,0.00000,0.00000
0.204,2,188.000,9056,192000,3999.333,120.0,8,1,2,0.00000,0.00000,0.00000,0.00000,0.00000
0.305,0,289.000,13893,192000,3999.562,120.0,8,1,2,0.00000,0.00000,0.00000,0.00000,0.00000
0.305,1,290.000,13920,192000,0.000,120.0,8,1,2,0.00000,0.00000,0.00000,0.00000,0.00000
0.305,2,288.000,13865,192000,3999.146,120.0,8,1,2,0.00000,0.00000,0.00000,0.00000,0.00000
0.406,0,390.000,18748,192000,3999.417,120.0,8,1,2,0.00000,0.00000,0.00000,0.00000,0.00000
0.406,1,391.000,18785,192000,3999.646,120.0,8,1,2,0.00000,0.00000,0.00000,0.00000,0.00000
0.406,2,389.000,18711,192000,3999.188,120.0,8,1,2,0.00000,0.00000,0.00000,0.00000,0.00000
0.508,0,492.000,23639,192000,3999.521,120.0,8,1,2,0.00000,0.00000,0.00000,0.00000,0.00000
0.508,1,493.000,23686,192000,3999.542,120.0,8,1,2,0.00000,0.00000,0.00000,0.00000,0.00000
0.508,2,491.000,23592,192000,3999.500,120.0,8,1,2,0.00000,0.00000,0.00000,0.00000,0.00000
0.610,0,594.000,28538,192000,3999.458,120.0,8,1,2,0.00000,0.00000,0.00000,0.00000,0.00000
0.610,1,595.000,28594,192000,3999.292,120.0,8,1,2,0.00000,0.00000,0.00000,0.00000,0.00000
0.610,2,593.000,28481,192000,3999.646,120.0,8,1,2,0.00000,0.00000,0.00000,0.00000,0.00000
0.711,0,696.000,33414,192000,3999.875,120.0,8,1,2,0.00000,0.00000,0.00000,0.00000,0.00000
0.711,1,697.000,33480,192000,3999.500,120.0,8,1,2,0.00000,0.00000,0.00000,0.00000,0.00000
0.711,2,694.000,33347,192000,3999.271,120.0,8,1,2,0.00000,0.00000,0.00000,0.00000,0.00000
0.814,0,798.000,38333,192000,3999.396,120.0,8,1,2,0.00000,0.00000,0.00000,0.00000,0.00000
0.814,1,800.000,38409,192000,3999.812,120.0,8,1,2,0.00000,0.00000,0.00000,0.00000,0.00000
0.814,2,797.000,38256,192000,0.000,120.0,8,1,2,0.00000,0.00000,0.00000,0.00000,0.00000
0.915,0,899.000,43188,192000,3999.250,120.0,8,1,2,0.00000,0.00000,0.00000,0.00000,0.00000
0.915,1,901.000,43275,192000,3999.438,120.0,8,1,2,0.00000,0.00000,0.00000,0.00000,0.00000
0.915,2,897.000,43102,192000,3999.042,120.0,8,1,2,0.00000,0.00000,0.00000,0.00000,0.00000
1.016,0,1001.000,48056,192000,3999.833,120.0,8,1,2,0.00000,0.00000,0.00000,0.00000,0.00000
1.016,1,1003.000,48152,192000,3999.833,120.0,8,1,2,0.00000,0.00000,0.00000,0.00000,0.00000
1.016,2,999.000,47960,192000,3999.833,120.0,8,1,2,0.00000,0.00000,0.00000,0.00000,0.00000
1.117,0,1102.000,52901,192000,3999.896,120.0,8,1,2,0.00000,0.00000,0.00000,0.00000,0.00000
1.117,1,1104.000,53007,192000,3999.688,120.0,8,1,2,0.00000,0.00000,0.00000,0.00000,0.00000
1.117,2,1099.000,52796,192000,3999.083,120.0,8,1,2,0.00000,0.00000,0.00000,0.00000,0.00000
1.219,0,1204.000,57808,192000,3999.667,120.0,8,1,2,0.00000,0.00000,0.00000,0.00000,0.00000
1.219,1,1206.000,57923,192000,3999.271,120.0,8,1,2,0.00000,0.00000,0.00000,0.00000,0.00000
1.219,2,1201.000,57692,192000,3999.083,120.0,8,1,2,0.00000,0.00000,0.00000,0.00000,0.00000
1.321,0,1305.000,62674,192000,3999.292,120.0,8,1,2,0.00000,0.00000,0.00000,0.00000,0.00000
1.321,1,1308.000,62799,192000,3999.688,120.0,8,1,2,0.00000,0.00000,0.00000,0.00000,0.00000
1.321,2,1303.000,62549,192000,3999.896,120.0,8,1,2,0.00000,0.00000,0.00000,0.00000,0.00000
1.423,0,1408.000,67599,192000,3999.688,120.0,8,1,2,0.00000,0.00000,0.00000,0.00000,0.00000
1.423,1,1411.000,67734,192000,3999.875,120.0,8,1,2,0.00000,0.00000,0.00000,0.00000,0.00000
1.423,2,1405.000,67464,192000,3999.500,120.0,8,1,2,0.00000,0.00000,0.00000,0.00000,0.00000
1.526,0,1511.000,72544,192000,3999.667,120.0,8,1,2,0.00000,0.00000,0.00000,0.00000,0.00000
1.526,1,1514.000,72689,192000,3999.646,120.0,8,1,2,0.00000,0.00000,0.00000,0.00000,0.00000
1.526,2,1508.000,72399,192000,3999.688,120.0,8,1,2,0.00000,0.00000,0.00000,0.00000,0.00000
1.629,0,1614.000,77488,192000,3999.667,120.0,8,1,2,0.00000,0.00000,0.00000,0.00000,0.00000
1.629,1,1617.000,77643,192000,3999.438,120.0,8,1,2,0.00000,0.00000,0.00000,0.00000,0.00000
1.629,2,1611.000,77333,192000,3999.896,120.0,8,1,2,0.00000,0.00000,0.00000,0.00000,0.00000
1.731,0,1716.000,82368,192000,0.000,120.0,8,1,2,0.00000,0.00000,0.00000,0.00000,0.00000
1.731,1,1719.000,82532,192000,3999.583,120.0,8,1,2,0.00000,0.00000,0.00000,0.00000,0.00000
1.731,2,1712.000,82203,192000,3999.438,120.0,8,1,2,0.00000,0.00000,0.00000,0.00000,0.00000
1.834,0,1818.000,87304,192000,3999.167,120.0,8,1,2,0.00000,0.00000,0.00000,0.00000,0.00000
1.834,1,1822.000,87478,192000,3999.542,120.0,8,1,2,0.00000,0.00000,0.00000,0.00000,0.00000
1.834,2,1815.000,87129,192000,3999.812,120.0,8,1,2,0.00000,0.00000,0.00000,0.00000,0.00000
1.936,0,1921.000,92220,192000,3999.750,120.0,8,1,2,0.00000,0.00000,0.00000,0.00000,0.00000
1.936,1,1925.000,92405,192000,3999.896,120.0,8,1,2,0.00000,0.00000,0.00000,0.00000,0.00000
1.936,2,1917.000,92036,192000,3999.583,120.0,8,1,2,0.00000,0.00000,0.00000,0.00000,0.00000
2.038,0,2023.000,97109,192000,3999.896,120.0,8,1,2,0.00000,0.00000,0.00000,0.00000,0.00000
2.038,1,2027.000,97303,192000,3999.854,120.0,8,1,2,0.00000,0.00000,0.00000,0.00000,0.00000
2.038,2,2019.000,96915,192000,3999.938,120.0,8,1,2,0.00000,0.00000,0.00000,0.00000,0.00000
2.140,0,2124.000,101995,192000,3999.104,120.0,8,1,2,0.00000,0.00000,0.00000,0.00000,0.00000
2.140,1,2129.000,102198,192000,3999.875,120.0,8,1,2,0.00000,0.00000,0.00000,0.00000,0.00000
2.140,2,2120.000,101791,192000,3999.354,120.0,8,1,2,0.00000,0.00000,0.00000,0.00000,0.00000
2.242,0,2226.000,106888,192000,3999.167,120.0,8,1,2,0.00000,0.00000,0.00000,0.00000,0.00000
2.242,1,2231.000,107101,192000,3999.729,120.0,8,1,2,0.00000,0.00000,0.00000,0.00000,0.00000
2.242,2,2222.000,106674,192000,3999.625,120.0,8,1,2,0.00000,0.00000,0.00000,0.00000,0.00000
2.344,0,2329.000,111796,192000,3999.917,120.0,8,1,2,0.00000,0.00000,0.00000,0.00000,0.00000
2.344,1,2333.000,112020,192000,3999.250,120.0,8,1,2,0.00000,0.00000,0.00000,0.00000,0.00000
2.344,2,2324.000,111573,192000,3999.562,120.0,8,1,2,0.00000,0.00000,0.00000,0.00000,0.00000
2.445,0,2429.000,116631,192000,3999.188,120.0,8,1,2,0.00000,0.00000,0.00000,0.00000,0.00000
2.445,1,2434.000,116864,192000,3999.333,120.0,8,1,2,0.00000,0.00000,0.00000,0.00000,0.00000
2.445,2,2424.000,116397,192000,3999.062,120.0,8,1,2,0.00000,0.00000,0.00000,0.00000,0.00000
2.545,0,2530.000,121447,192000,3999.854,120.0,8,1,2,0.00000,0.00000,0.00000,0.00000,0.00000
2.545,1,2535.000,121690,192000,3999.792,120.0,8,1,2,0.00000,0.00000,0.00000,0.00000,0.00000
2.545,2,2525.000,121205,192000,3999.896,120.0,8,1,2,0.00000,0.00000,0.00000,0.00000,0.00000
2.646,0,2631.000,126292,192000,3999.917,120.0,8,1,2,0.00000,0.00000,0.00000,0.00000,0.00000
2.646,1,2636.000,126544,192000,3999.667,120.0,8,1,2,0.00000,0.00000,0.00000,0.00000,0.00000
2.646,2,2625.000,126039,192000,3999.188,120.0,8,1,2,0.00000,0.00000,0.00000,0.00000,0.00000
2.749,0,2733.000,131227,192000,3999.104,120.0,8,1,2,0.00000,0.00000,0.00000,0.00000,0.00000
2.749,1,2739.000,131489,192000,3999.646,120.0,8,1,2,0.00000,0.00000,0.00000,0.00000,0.00000
2.749,2,2728.000,130964,192000,3999.583,120.0,8,1,2,0.00000,0.00000,0.00000,0.00000,0.00000
2.852,0,2836.000,136167,192000,3999.188,120.0,8,1,2,0.00000,0.00000,0.00000,0.00000,0.00000
2.852,1,2842.000,136439,192000,3999.521,120.0,8,1,2,0.00000,0.00000,0.00000,0.00000,0.00000
2.852,2,2831.000,135895,192000,3999.854,120.0,8,1,2,0.00000,0.00000,0.00000,0.00000,0.00000
2.954,0,2939.000,141091,192000,3999.604,120.0,8,1,2,0.00000,0.00000,0.00000,0.00000,0.00000
2.954,1,2945.000,141373,192000,3999.729,120.0,8,1,2,0.00000,0.00000,0.00000,0.00000,0.00000
2.954,2,2933.000,140809,192000,3999.479,120.0,8,1,2,0.00000,0.00000,0.00000,0.00000,0.00000
3.055,0,3039.000,145913,192000,3999.146,120.0,8,1,2,0.00000,0.00000,0.00000,0.00000,0.00000
3.055,1,3045.000,146205,192000,3999.062,120.0,8,1,2,0.00000,0.00000,0.00000,0.00000,0.00000
3.055,2,3033.000,145621,192000,3999.229,120.0,8,1,2,0.00000,0.00000,0.00000,0.00000,0.00000
3.156,0,3141.000,150787,192000,3999.604,120.0,8,1,2,0.00000,0.00000,0.00000,0.00000,0.00000
3.156,1,3147.000,151089,192000,3999.312,120.0,8,1,2,0.00000,0.00000,0.00000,0.00000,0.00000
3.156,2,3135.000,150486,192000,3999.875,120.0,8,1,2,0.00000,0.00000,0.00000,0.00000,0.00000
3.258,0,3242.000,155655,192000,3999.188,120.0,8,1,2,0.00000,0.00000,0.00000,0.00000,0.00000
3.258,1,3249.000,155966,192000,3999.708,120.0,8,1,2,0.00000,0.00000,0.00000,0.00000,0.00000
3.258,2,3236.000,155344,192000,3999.667,120.0,8,1,2,0.00000,0.00000,0.00000,0.00000,0.00000
3.359,0,3343.000,160494,192000,3999.375,120.0,8,1,2,0.00000,0.00000,0.00000,0.00000,0.00000
3.359,1,3350.000,160815,192000,3999.688,120.0,8,1,2,0.00000,0.00000,0.00000,0.00000,0.00000
3.359,2,3336.000,160173,192000,3999.062,120.0,8,1,2,0.00000,0.00000,0.00000,0.00000,0.00000
3.460,0,3444.000,165347,192000,3999.271,120.0,8,1,2,0.00000,0.00000,0.00000,0.00000,0.00000
3.460,1,3451.000,165678,192000,3999.375,120.0,8,1,2,0.00000,0.00000,0.00000,0.00000,0.00000
3.460,2,3437.000,165017,192000,3999.146,120.0,8,1,2,0.00000,0.00000,0.00000,0.00000,0.00000
3.562,0,3546.000,170244,192000,3999.250,120.0,8,1,2,0.00000,0.00000,0.00000,0.00000,0.00000
3.562,1,3553.000,170584,192000,3999.167,120.0,8,1,2,0.00000,0.00000,0.00000,0.00000,0.00000
3.562,2,3539.000,169904,192000,3999.333,120.0,8,1,2,0.00000,0.00000,0.00000,0.00000,0.00000
3.662,0,3647.000,175065,192000,3999.812,120.0,8,1,2,0.00000,0.00000,0.00000,0.00000,0.00000
3.662,1,3654.000,175415,192000,3999.521,120.0,8,1,2,0.00000,0.00000,0.00000,0.00000,0.00000
3.662,2,3639.000,174715,192000,3999.104,120.0,8,1,2,0.00000,0.00000,0.00000,0.00000,0.00000
3.763,0,3748.000,179919,192000,3999.688,120.0,8,1,2,0.00000,0.00000,0.00000,0.00000,0.00000
3.763,1,3755.000,180279,192000,3999.188,120.0,8,1,2,0.00000,0.00000,0.00000,0.00000,0.00000
3.763,2,3740.000,179559,192000,3999.188,120.0,8,1,2,0.00000,0.00000,0.00000,0.00000,0.00000
3.864,0,3849.000,184757,192000,3999.896,120.0,8,1,2,0.00000,0.00000,0.00000,0.00000,0.00000
3.864,1,3856.000,185126,192000,3999.208,120.0,8,1,2,0.00000,0.00000,0.00000,0.00000,0.00000
3.864,2,3841.000,184387,192000,3999.604,120.0,8,1,2,0.00000,0.00000,0.00000,0.00000,0.00000
3.964,0,3949.000,189560,192000,3999.833,120.0,8,1,2,0.00000,0.00000,0.00000,0.00000,0.00000
3.964,1,3957.000,189939,192000,3999.938,120.0,8,1,2,0.00000,0.00000,0.00000,0.00000,0.00000
3.964,2,3941.000,189181,192000,3999.729,120.0,8,1,2,0.00000,0.00000,0.00000,0.00000,0.00000
4.065,0,4049.000,2372,192000,3999.583,120.0,8,2,2,0.00000,0.00000,0.00000,0.00000,0.00000
4.065,1,4057.000,2760,192000,3999.500,120.0,8,2,2,0.00000,0.00000,0.00000,0.00000,0.00000
4.065,2,4041.000,1983,192000,3999.688,120.0,8,2,2,0.00000,0.00000,0.00000,0.00000,0.00000
4.166,0,4150.000,7222,192000,3999.542,120.0,8,2,2,0.00000,0.00000,0.00000,0.00000,0.00000
4.166,1,4158.000,7620,192000,3999.250,120.0,8,2,2,0.00000,0.00000,0.00000,0.00000,0.00000
4.166,2,4142.000,6824,192000,3999.833,120.0,8,2,2,0.00000,0.00000,0.00000,0.00000,0.00000
4.266,0,4250.000,12028,192000,3999.417,120.0,8,2,2,0.00000,0.00000,0.00000,0.00000,0.00000
4.266,1,4259.000,12436,192000,3999.917,120.0,8,2,2,0.00000,0.00000,0.00000,0.00000,0.00000
4.266,2,4242.000,11620,192000,3999.917,120.0,8,2,2,0.00000,0.00000,0.00000,0.00000,0.00000
4.368,0,4352.000,16930,192000,3999.292,120.0,8,2,2,0.00000,0.00000,0.00000,0.00000,0.00000
4.368,1,4361.000,17348,192000,3999.583,120.0,8,2,2,0.00000,0.00000,0.00000,0.00000,0.00000
4.368,2,4344.000,16513,192000,3999.979,120.0,8,2,2,0.00000,0.00000,0.00000,0.00000,0.00000
4.469,0,4453.000,21788,192000,3999.083,120.0,8,2,2,0.00000,0.00000,0.00000,0.00000,0.00000
4.469,1,4462.000,22215,192000,3999.188,120.0,8,2,2,0.00000,0.00000,0.00000,0.00000,0.00000
4.469,2,4445.000,21361,192000,3999.979,120.0,8,2,2,0.00000,0.00000,0.00000,0.00000,0.00000
4.571,0,4555.000,26667,192000,3999.438,120.0,8,2,2,0.00000,0.00000,0.00000,0.00000,0.00000
4.571,1,4564.000,27104,192000,3999.333,120.0,8,2,2,0.00000,0.00000,0.00000,0.00000,0.00000
4.571,2,4546.000,26230,192000,3999.542,120.0,8,2,2,0.00000,0.00000,0.00000,0.00000,0.00000
4.673,0,4658.000,31587,192000,3999.938,120.0,8,2,2,0.00000,0.00000,0.00000,0.00000,0.00000
4.673,1,4667.000,32034,192000,3999.625,120.0,8,2,2,0.00000,0.00000,0.00000,0.00000,0.00000
4.673,2,4648.000,31140,192000,3999.250,120.0,8,2,2,0.00000,0.00000,0.00000,0.00000,0.00000
4.775,0,4759.000,36471,192000,3999.188,120.0,8,2,2,0.00000,0.00000,0.00000,0.00000,0.00000
4.775,1,4769.000,36927,192000,3999.688,120.0,8,2,2,0.00000,0.00000,0.00000,0.00000,0.00000
4.775,2,4750.000,36014,192000,3999.708,120.0,8,2,2,0.00000,0.00000,0.00000,0.00000,0.00000
4.876,0,4860.000,41314,192000,3999.292,120.0,8,2,2,0.00000,0.00000,0.00000,0.00000,0.00000
4.876,1,4870.000,41781,192000,3999.562,120.0,8,2,2,0.00000,0.00000,0.00000,0.00000,0.00000
4.876,2,4851.000,40848,192000,0.000,120.0,8,2,2,0.00000,0.00000,0.00000,0.00000,0.00000
4.978,0,4962.000,46209,192000,3999.312,120.0,8,2,2,0.00000,0.00000,0.00000,0.00000,0.00000
4.978,1,4972.000,46685,192000,3999.396,120.0,8,2,2,0.00000,0.00000,0.00000,0.00000,0.00000
4.978,2,4952.000,45733,192000,3999.229,120.0,8,2,2,0.00000,0.00000,0.00000,0.00000,0.00000
5.080,0,5064.000,51118,192000,3999.042,120.0,8,2,2,0.00000,0.00000,0.00000,0.00000,0.00000
5.080,1,5075.000,51604,192000,3999.917,120.0,8,2,2,0.00000,0.00000,0.00000,0.00000,0.00000
5.080,2,5054.000,50632,192000,3999.167,120.0,8,2,2,0.00000,0.00000,0.00000,0.00000,0.00000
5.182,0,5167.000,56027,192000,3999.771,120.0,8,2,2,0.00000,0.00000,0.00000,0.00000,0.00000
5.182,1,5177.000,56523,192000,3999.438,120.0,8,2,2,0.00000,0.00000,0.00000,0.00000,0.00000
5.182,2,5156.000,55532,192000,3999.083,120.0,8,2,2,0.00000,0.00000,0.00000,0.00000,0.00000
5.283,0,5268.000,60880,192000,3999.667,120.0,8,2,2,0.00000,0.00000,0.00000,0.00000,0.00000
5.283,1,5278.000,61385,192000,3999.146,120.0,8,2,2,0.00000,0.00000,0.00000,0.00000,0.00000
5.283,2,5257.000,60374,192000,3999.208,120.0,8,2,2,0.00000,0.00000,0.00000,0.00000,0.00000
5.386,0,5370.000,65794,192000,3999.292,120.0,8,2,2,0.00000,0.00000,0.00000,0.00000,0.00000
5.386,1,5381.000,66309,192000,3999.562,120.0,8,2,2,0.00000,0.00000,0.00000,0.00000,0.00000
5.386,2,5359.000,65278,192000,3999.042,120.0,8,2,2,0.00000,0.00000,0.00000,0.00000,0.00000
5.486,0,5470.000,70607,192000,3999.021,120.0,8,2,2,0.00000,0.00000,0.00000,0.00000,0.00000
5.486,1,5481.000,71132,192000,3999.083,120.0,8,2,2,0.00000,0.00000,0.00000,0.00000,0.00000
5.486,2,5460.000,70082,192000,3999.958,120.0,8,2,2,0.00000,0.00000,0.00000,0.00000,0.00000
5.588,0,5572.000,75493,192000,3999.229,120.0,8,2,2,0.00000,0.00000,0.00000,0.00000,0.00000
5.588,1,5583.000,76028,192000,3999.083,120.0,8,2,2,0.00000,0.00000,0.00000,0.00000,0.00000
5.588,2,5561.000,74959,192000,3999.354,120.0,8,2,2,0.00000,0.00000,0.00000,0.00000,0.00000
5.690,0,5674.000,80386,192000,3999.292,120.0,8,2,2,0.00000,0.00000,0.00000,0.00000,0.00000
5.690,1,5686.000,80931,192000,3999.938,120.0,8,2,2,0.00000,0.00000,0.00000,0.00000,0.00000
5.690,2,5663.000,79842,192000,3999.625,120.0,8,2,2,0.00000,0.00000,0.00000,0.00000,0.00000
5.790,0,5775.000,85200,192000,0.000,120.0,8,2,2,0.00000,0.00000,0.00000,0.00000,0.00000
5.790,1,5786.000,85754,192000,3999.458,120.0,8,2,2,0.00000,0.00000,0.00000,0.00000,0.00000
5.790,2,5763.000,84646,192000,3999.542,120.0,8,2,2,0.00000,0.00000,0.00000,0.00000,0.00000
5.892,0,5877.000,90104,192000,3999.833,120.0,8,2,2,0.00000,0.00000,0.00000,0.00000,0.00000
5.892,1,5888.000,90668,192000,3999.083,120.0,8,2,2,0.00000,0.00000,0.00000,0.00000,0.00000
5.892,2,5865.000,89540,192000,3999.583,120.0,8,2,2,0.00000,0.00000,0.00000,0.00000,0.00000
5.994,0,5979.000,94994,192000,3999.958,120.0,8,2,2,0.00000,0.00000,0.00000,0.00000,0.00000
5.994,1,5990.000,95567,192000,3999.021,120.0,8,2,2,0.00000,0.00000,0.00000,0.00000,0.00000
5.994,2,5967.000,94420,192000,3999.917,120.0,8,2,2,0.00000,0.00000,0.00000,0.00000,0.00000
6.096,0,6080.000,99880,192000,3999.167,120.0,8,2,2,0.00000,0.00000,0.00000,0.00000,0.00000
6.096,1,6092.000,100463,192000,3999.021,120.0,8,2,2,0.00000,0.00000,0.00000,0.00000,0.00000
6.096,2,6068.000,99296,192000,3999.333,120.0,8,2,2,0.00000,0.00000,0.00000,0.00000,0.00000
6.197,0,6181.000,104717,192000,3999.396,120.0,8,2,2,0.00000,0.00000,0.00000,0.00000,0.00000
6.197,1,6193.000,105310,192000,3999.042,120.0,8,2,2,0.00000,0.00000,0.00000,0.00000,0.00000
6.197,2,6169.000,104124,192000,3999.750,120.0,8,2,2,0.00000,0.00000,0.00000,0.00000,0.00000
6.299,0,6283.000,109625,192000,3999.146,120.0,8,2,2,0.00000,0.00000,0.00000,0.00000,0.00000
6.299,1,6296.000,110228,192000,3999.583,120.0,8,2,2,0.00000,0.00000,0.00000,0.00000,0.00000
6.299,2,6271.000,109022,192000,3999.708,120.0,8,2,2,0.00000,0.00000,0.00000,0.00000,0.00000
6.401,0,6386.000,114547,192000,3999.604,120.0,8,2,2,0.00000,0.00000,0.00000,0.00000,0.00000
6.401,1,6399.000,115160,192000,3999.833,120.0,8,2,2,0.00000,0.00000,0.00000,0.00000,0.00000
6.401,2,6373.000,113934,192000,3999.375,120.0,8,2,2,0.00000,0.00000,0.00000,0.00000,0.00000
6.503,0,6488.000,119438,192000,3999.708,120.0,8,2,2,0.00000,0.00000,0.00000,0.00000,0.00000
6.503,1,6501.000,120061,192000,3999.729,120.0,8,2,2,0.00000,0.00000,0.00000,0.00000,0.00000
6.503,2,6475.000,118815,192000,3999.688,120.0,8,2,2,0.00000,0.00000,0.00000,0.00000,0.00000
6.604,0,6589.000,124277,192000,3999.896,120.0,8,2,2,0.00000,0.00000,0.00000,0.00000,0.00000
6.604,1,6602.000,124909,192000,3999.729,120.0,8,2,2,0.00000,0.00000,0.00000,0.00000,0.00000
6.604,2,6575.000,123645,192000,3999.062,120.0,8,2,2,0.00000,0.00000,0.00000,0.00000,0.00000
6.706,0,6690.000,129149,192000,3999.396,120.0,8,2,2,0.00000,0.00000,0.00000,0.00000,0.00000
6.706,1,6703.000,129791,192000,3999.021,120.0,8,2,2,0.00000,0.00000,0.00000,0.00000,0.00000
6.706,2,6677.000,128507,192000,3999.771,120.0,8,2,2,0.00000,0.00000,0.00000,0.00000,0.00000
6.808,0,6792.000,134043,192000,3999.438,120.0,8,2,2,0.00000,0.00000,0.00000,0.00000,0.00000
6.808,1,6806.000,134695,192000,3999.854,120.0,8,2,2,0.00000,0.00000,0.00000,0.00000,0.00000
6.808,2,6778.000,133391,192000,3999.021,120.0,8,2,2,0.00000,0.00000,0.00000,0.00000,0.00000
6.908,0,6893.000,138868,192000,3999.917,120.0,8,2,2,0.00000,0.00000,0.00000,0.00000,0.00000
6.908,1,6906.000,139529,192000,3999.146,120.0,8,2,2,0.00000,0.00000,0.00000,0.00000,0.00000
6.908,2,6879.000,138206,192000,3999.708,120.0,8,2,2,0.00000,0.00000,0.00000,0.00000,0.00000
7.011,0,6995.000,143795,192000,3999.271,120.0,8,2,2,0.00000,0.00000,0.00000,0.00000,0.00000
7.011,1,7009.000,144467,192000,3999.271,120.0,8,2,2,0.00000,0.00000,0.00000,0.00000,0.00000
7.011,2,6981.000,143124,192000,3999.250,120.0,8,2,2,0.00000,0.00000,0.00000,0.00000,0.00000
7.111,0,7095.000,148600,192000,3999.167,120.0,8,2,2,0.00000,0.00000,0.00000,0.00000,0.00000
7.111,1,7110.000,149281,192000,3999.979,120.0,8,2,2,0.00000,0.00000,0.00000,0.00000,0.00000
7.111,2,7081.000,147919,192000,3999.354,120.0,8,2,2,0.00000,0.00000,0.00000,0.00000,0.00000
7.211,0,7196.000,153421,192000,3999.729,120.0,8,2,2,0.00000,0.00000,0.00000,0.00000,0.00000
7.211,1,7210.000,154112,192000,3999.333,120.0,8,2,2,0.00000,0.00000,0.00000,0.00000,0.00000
7.211,2,7181.000,152730,192000,3999.125,120.0,8,2,2,0.00000,0.00000,0.00000,0.00000,0.00000
7.312,0,7297.000,158262,192000,3999.875,120.0,8,2,2,0.00000,0.00000,0.00000,0.00000,0.00000
7.312,1,7311.000,158962,192000,3999.292,120.0,8,2,2,0.00000,0.00000,0.00000,0.00000,0.00000
7.312,2,7282.000,157561,192000,3999.479,120.0,8,2,2,0.00000,0.00000,0.00000,0.00000,0.00000
7.412,0,7397.000,163072,192000,3999.667,120.0,8,2,2,0.00000,0.00000,0.00000,0.00000,0.00000
7.412,1,7412.000,163782,192000,3999.875,120.0,8,2,2,0.00000,0.00000,0.00000,0.00000,0.00000
7.412,2,7382.000,162362,192000,3999.458,120.0,8,2,2,0.00000,0.00000,0.00000,0.00000,0.00000
7.513,0,7497.000,167896,192000,3999.167,120.0,8,2,2,0.00000,0.00000,0.00000,0.00000,0.00000
7.513,1,7512.000,168616,192000,3999.167,120.0,8,2,2,0.00000,0.00000,0.00000,0.00000,0.00000
7.513,2,7482.000,167177,192000,3999.146,120.0,8,2,2,0.00000,0.00000,0.00000,0.00000,0.00000
7.615,0,7599.000,172785,192000,3999.312,120.0,8,2,2,0.00000,0.00000,0.00000,0.00000,0.00000
7.615,1,7614.000,173514,192000,3999.125,120.0,8,2,2,0.00000,0.00000,0.00000,0.00000,0.00000
7.615,2,7584.000,172055,192000,3999.521,120.0,8,2,2,0.00000,0.00000,0.00000,0.00000,0.00000
7.715,0,7699.000,177589,192000,3999.229,120.0,8,2,2,0.00000,0.00000,0.00000,0.00000,0.00000
7.715,1,7715.000,178328,192000,3999.833,120.0,8,2,2,0.00000,0.00000,0.00000,0.00000,0.00000
7.715,2,7684.000,176850,192000,3999.625,120.0,8,2,2,0.00000,0.00000,0.00000,0.00000,0.00000
7.818,0,7802.000,182540,192000,3999.083,120.0,8,2,2,0.00000,0.00000,0.00000,0.00000,0.00000
7.818,1,7818.000,183289,192000,3999.479,120.0,8,2,2,0.00000,0.00000,0.00000,0.00000,0.00000
7.818,2,7787.000,181791,192000,3999.688,120.0,8,2,2,0.00000,0.00000,0.00000,0.00000,0.00000
7.918,0,7903.000,187362,192000,3999.625,120.0,8,2,2,0.00000,0.00000,0.00000,0.00000,0.00000
7.918,1,7919.000,188121,192000,3999.812,120.0,8,2,2,0.00000,0.00000,0.00000,0.00000,0.00000
7.918,2,7887.000,186604,192000,3999.417,120.0,8,2,2,0.00000,0.00000,0.00000,0.00000,0.00000
8.020,0,8005.000,256,192000,3999.667,120.0,8,3,2,0.00000,0.00000,0.00000,0.00000,0.00000
8.020,1,8021.000,1024,192000,3999.667,120.0,8,3,2,0.00000,0.00000,0.00000,0.00000,0.00000
8.020,2,7989.000,191488,192000,3999.667,120.0,8,2,2,0.00000,0.00000,0.00000,0.00000,0.00000
8.121,0,8106.000,5095,192000,3999.854,120.0,8,3,2,0.00000,0.00000,0.00000,0.00000,0.00000
8.121,1,8122.000,5873,192000,3999.646,120.0,8,3,2,0.00000,0.00000,0.00000,0.00000,0.00000
8.121,2,8089.000,4318,192000,3999.042,120.0,8,3,2,0.00000,0.00000,0.00000,0.00000,0.00000
8.223,0,8208.000,10003,192000,3999.604,120.0,8,3,2,0.00000,0.00000,0.00000,0.00000,0.00000
8.223,1,8224.000,10790,192000,3999.208,120.0,8,3,2,0.00000,0.00000,0.00000,0.00000,0.00000
8.223,2,8191.000,9215,192000,3999.021,120.0,8,3,2,0.00000,0.00000,0.00000,0.00000,0.00000
8.325,0,8309.000,14853,192000,3999.562,120.0,8,3,2,0.00000,0.00000,0.00000,0.00000,0.00000
8.325,1,8326.000,15650,192000,3999.958,120.0,8,3,2,0.00000,0.00000,0.00000,0.00000,0.00000
8.325,2,8292.000,14055,192000,3999.188,120.0,8,3,2,0.00000,0.00000,0.00000,0.00000,0.00000
8.427,0,8412.000,19785,192000,3999.812,120.0,8,3,2,0.00000,0.00000,0.00000,0.00000,0.00000
8.427,1,8429.000,20592,192000,0.000,120.0,8,3,2,0.00000,0.00000,0.00000,0.00000,0.00000
8.427,2,8395.000,18978,192000,3999.625,120.0,8,3,2,0.00000,0.00000,0.00000,0.00000,0.00000
8.528,0,8512.000,24599,192000,3999.521,120.0,8,3,2,0.00000,0.00000,0.00000,0.00000,0.00000
8.528,1,8529.000,25416,192000,3999.500,120.0,8,3,2,0.00000,0.00000,0.00000,0.00000,0.00000
8.528,2,8495.000,23782,192000,3999.542,120.0,8,3,2,0.00000,0.00000,0.00000,0.00000,0.00000
8.628,0,8613.000,29432,192000,3999.833,120.0,8,3,2,0.00000,0.00000,0.00000,0.00000,0.00000
8.628,1,8630.000,30258,192000,3999.625,120.0,8,3,2,0.00000,0.00000,0.00000,0.00000,0.00000
8.628,2,8595.000,28605,192000,3999.062,120.0,8,3,2,0.00000,0.00000,0.00000,0.00000,0.00000
8.731,0,8715.000,34350,192000,3999.375,120.0,8,3,2,0.00000,0.00000,0.00000,0.00000,0.00000
8.731,1,8733.000,35187,192000,3999.938,120.0,8,3,2,0.00000,0.00000,0.00000,0.00000,0.00000
8.731,2,8698.000,33514,192000,3999.792,120.0,8,3,2,0.00000,0.00000,0.00000,0.00000,0.00000
8.831,0,8815.000,39159,192000,3999.188,120.0,8,3,2,0.00000,0.00000,0.00000,0.00000,0.00000
8.831,1,8833.000,40005,192000,3999.562,120.0,8,3,2,0.00000,0.00000,0.00000,0.00000,0.00000
8.831,2,8798.000,38313,192000,3999.812,120.0,8,3,2,0.00000,0.00000,0.00000,0.00000,0.00000
8.934,0,8918.000,44107,192000,3999.104,120.0,8,3,2,0.00000,0.00000,0.00000,0.00000,0.00000
8.934,1,8936.000,44963,192000,3999.271,120.0,8,3,2,0.00000,0.00000,0.00000,0.00000,0.00000
8.934,2,8901.000,43251,192000,3999.938,120.0,8,3,2,0.00000,0.00000,0.00000,0.00000,0.00000
9.036,0,9021.000,49023,192000,3999.688,120.0,8,3,2,0.00000,0.00000,0.00000,0.00000,0.00000
9.036,1,9039.000,49889,192000,3999.646,120.0,8,3,2,0.00000,0.00000,0.00000,0.00000,0.00000
9.036,2,9003.000,48158,192000,3999.708,120.0,8,3,2,0.00000,0.00000,0.00000,0.00000,0.00000
9.138,0,9122.000,53899,192000,3999.104,120.0,8,3,2,0.00000,0.00000,0.00000,0.00000,0.00000
9.138,1,9141.000,54774,192000,3999.875,120.0,8,3,2,0.00000,0.00000,0.00000,0.00000,0.00000
9.138,2,9104.000,53023,192000,3999.354,120.0,8,3,2,0.00000,0.00000,0.00000,0.00000,0.00000
9.240,0,9225.000,58817,192000,3999.646,120.0,8,3,2,0.00000,0.00000,0.00000,0.00000,0.00000
9.240,1,9243.000,59702,192000,3999.208,120.0,8,3,2,0.00000,0.00000,0.00000,0.00000,0.00000
9.240,2,9206.000,57931,192000,3999.104,120.0,8,3,2,0.00000,0.00000,0.00000,0.00000,0.00000
9.343,0,9327.000,63733,192000,3999.229,120.0,8,3,2,0.00000,0.00000,0.00000,0.00000,0.00000
9.343,1,9346.000,64628,192000,3999.583,120.0,8,3,2,0.00000,0.00000,0.00000,0.00000,0.00000
9.343,2,9309.000,62838,192000,3999.875,120.0,8,3,2,0.00000,0.00000,0.00000,0.00000,0.00000
9.445,0,9430.000,68644,192000,3999.917,120.0,8,3,2,0.00000,0.00000,0.00000,0.00000,0.00000
9.445,1,9448.000,69549,192000,3999.062,120.0,8,3,2,0.00000,0.00000,0.00000,0.00000,0.00000
9.445,2,9411.000,67739,192000,3999.771,120.0,8,3,2,0.00000,0.00000,0.00000,0.00000,0.00000
9.548,0,9533.000,73590,192000,3999.875,120.0,8,3,2,0.00000,0.00000,0.00000,0.00000,0.00000
9.548,1,9552.000,74505,192000,3999.812,120.0,8,3,2,0.00000,0.00000,0.00000,0.00000,0.00000
9.548,2,9514.000,72676,192000,3999.917,120.0,8,3,2,0.00000,0.00000,0.00000,0.00000,0.00000
9.651,0,9635.000,78514,192000,3999.292,120.0,8,3,2,0.00000,0.00000,0.00000,0.00000,0.00000
9.651,1,9654.000,79439,192000,3999.021,120.0,8,3,2,0.00000,0.00000,0.00000,0.00000,0.00000
9.651,2,9616.000,77589,192000,3999.562,120.0,8,3,2,0.00000,0.00000,0.00000,0.00000,0.00000
9.751,0,9736.000,83344,192000,3999.667,120.0,8,3,2,0.00000,0.00000,0.00000,0.00000,0.00000
9.751,1,9755.000,84278,192000,3999.208,120.0,8,3,2,0.00000,0.00000,0.00000,0.00000,0.00000
9.751,2,9716.000,82409,192000,3999.146,120.0,8,3,2,0.00000,0.00000,0.00000,0.00000,0.00000
9.852,0,9837.000,88192,192000,3999.667,120.0,8,3,2,0.00000,0.00000,0.00000,0.00000,0.00000
9.852,1,9857.000,89136,192000,0.000,120.0,8,3,2,0.00000,0.00000,0.00000,0.00000,0.00000
9.852,2,9817.000,87248,192000,3999.333,120.0,8,3,2,0.00000,0.00000,0.00000,0.00000,0.00000
9.954,0,9939.000,93077,192000,3999.896,120.0,8,3,2,0.00000,0.00000,0.00000,0.00000,0.00000
9.954,1,9958.000,94031,192000,3999.021,120.0,8,3,2,0.00000,0.00000,0.00000,0.00000,0.00000
9.954,2,9919.000,92123,192000,3999.771,120.0,8,3,2,0.00000,0.00000,0.00000,0.00000,0.00000
10.057,0,10041.000,97999,192000,3999.354,120.0,8,3,2,0.00000,0.00000,0.00000,0.00000,0.00000
10.057,1,10061.000,98962,192000,3999.292,120.0,8,3,2,0.00000,0.00000,0.00000,0.00000,0.00000
10.057,2,10021.000,97035,192000,3999.438,120.0,8,3,2,0.00000,0.00000,0.00000,0.00000,0.00000
10.158,0,10142.000,102852,192000,3999.250,120.0,8,3,2,0.00000,0.00000,0.00000,0.00000,0.00000
10.158,1,10163.000,103826,192000,3999.958,120.0,8,3,2,0.00000,0.00000,0.00000,0.00000,0.00000
10.158,2,10122.000,101879,192000,3999.521,120.0,8,3,2,0.00000,0.00000,0.00000,0.00000,0.00000
10.259,0,10244.000,107726,192000,3999.708,120.0,8,3,2,0.00000,0.00000,0.00000,0.00000,0.00000
10.259,1,10264.000,108709,192000,3999.229,120.0,8,3,2,0.00000,0.00000,0.00000,0.00000,0.00000
10.259,2,10223.000,106743,192000,3999.188,120.0,8,3,2,0.00000,0.00000,0.00000,0.00000,0.00000
10.359,0,10344.000,112530,192000,3999.625,120.0,8,3,2,0.00000,0.00000,0.00000,0.00000,0.00000
10.359,1,10365.000,113523,192000,3999.938,120.0,8,3,2,0.00000,0.00000,0.00000,0.00000,0.00000
10.359,2,10323.000,111537,192000,3999.312,120.0,8,3,2,0.00000,0.00000,0.00000,0.00000,0.00000
10.462,0,10447.000,117469,192000,3999.729,120.0,8,3,2,0.00000,0.00000,0.00000,0.00000,0.00000
10.462,1,10468.000,118472,192000,3999.833,120.0,8,3,2,0.00000,0.00000,0.00000,0.00000,0.00000
10.462,2,10426.000,116467,192000,3999.604,120.0,8,3,2,0.00000,0.00000,0.00000,0.00000,0.00000
10.563,0,10548.000,122319,192000,3999.688,120.0,8,3,2,0.00000,0.00000,0.00000,0.00000,0.00000
10.563,1,10569.000,123331,192000,3999.604,120.0,8,3,2,0.00000,0.00000,0.00000,0.00000,0.00000
10.563,2,10527.000,121306,192000,3999.792,120.0,8,3,2,0.00000,0.00000,0.00000,0.00000,0.00000
10.666,0,10650.000,127234,192000,3999.292,120.0,8,3,2,0.00000,0.00000,0.00000,0.00000,0.00000
10.666,1,10672.000,128257,192000,3999.979,120.0,8,3,2,0.00000,0.00000,0.00000,0.00000,0.00000
10.666,2,10629.000,126212,192000,3999.583,120.0,8,3,2,0.00000,0.00000,0.00000,0.00000,0.00000
10.768,0,10752.000,132143,192000,3999.021,120.0,8,3,2,0.00000,0.00000,0.00000,0.00000,0.00000
10.768,1,10774.000,133176,192000,3999.500,120.0,8,3,2,0.00000,0.00000,0.00000,0.00000,0.00000
10.768,2,10731.000,131111,192000,3999.521,120.0,8,3,2,0.00000,0.00000,0.00000,0.00000,0.00000
10.869,0,10853.000,136987,192000,3999.104,120.0,8,3,2,0.00000,0.00000,0.00000,0.00000,0.00000
10.869,1,10875.000,138029,192000,3999.396,120.0,8,3,2,0.00000,0.00000,0.00000,0.00000,0.00000
10.869,2,10832.000,135945,192000,3999.812,120.0,8,3,2,0.00000,0.00000,0.00000,0.00000,0.00000
10.971,0,10956.000,141892,192000,3999.917,120.0,8,3,2,0.00000,0.00000,0.00000,0.00000,0.00000
10.971,1,10978.000,142944,192000,0.000,120.0,8,3,2,0.00000,0.00000,0.00000,0.00000,0.00000
10.971,2,10934.000,140840,192000,3999.833,120.0,8,3,2,0.00000,0.00000,0.00000,0.00000,0.00000
11.073,0,11057.000,146766,192000,3999.375,120.0,8,3,2,0.00000,0.00000,0.00000,0.00000,0.00000
11.073,1,11079.000,147827,192000,3999.271,120.0,8,3,2,0.00000,0.00000,0.00000,0.00000,0.00000
11.073,2,11035.000,145704,192000,3999.500,120.0,8,3,2,0.00000,0.00000,0.00000,0.00000,0.00000
11.174,0,11158.000,151611,192000,3999.438,120.0,8,3,2,0.00000,0.00000,0.00000,0.00000,0.00000
11.174,1,11180.000,152682,192000,3999.125,120.0,8,3,2,0.00000,0.00000,0.00000,0.00000,0.00000
11.174,2,11136.000,150540,192000,3999.750,120.0,8,3,2,0.00000,0.00000,0.00000,0.00000,0.00000
11.274,0,11258.000,156413,192000,3999.396,120.0,8,3,2,0.00000,0.00000,0.00000,0.00000,0.00000
11.274,1,11281.000,157493,192000,3999.896,120.0,8,3,2,0.00000,0.00000,0.00000,0.00000,0.00000
11.274,2,11236.000,155332,192000,3999.917,120.0,8,3,2,0.00000,0.00000,0.00000,0.00000,0.00000
11.375,0,11359.000,161270,192000,3999.208,120.0,8,3,2,0.00000,0.00000,0.00000,0.00000,0.00000
11.375,1,11382.000,162360,192000,3999.500,120.0,8,3,2,0.00000,0.00000,0.00000,0.00000,0.00000
11.375,2,11337.000,160180,192000,3999.917,120.0,8,3,2,0.00000,0.00000,0.00000,0.00000,0.00000
11.476,0,11460.000,166114,192000,3999.292,120.0,8,3,2,0.00000,0.00000,0.00000,0.00000,0.00000
11.476,1,11483.000,167214,192000,3999.375,120.0,8,3,2,0.00000,0.00000,0.00000,0.00000,0.00000
11.476,2,11437.000,165014,192000,3999.208,120.0,8,3,2,0.00000,0.00000,0.00000,0.00000,0.00000
11.577,0,11561.000,170959,192000,3999.354,120.0,8,3,2,0.00000,0.00000,0.00000,0.00000,0.00000
11.577,1,11584.000,172068,192000,3999.250,120.0,8,3,2,0.00000,0.00000,0.00000,0.00000,0.00000
11.577,2,11538.000,169849,192000,3999.479,120.0,8,3,2,0.00000,0.00000,0.00000,0.00000,0.00000
11.678,0,11662.000,175815,192000,3999.188,120.0,8,3,2,0.00000,0.00000,0.00000,0.00000,0.00000
11.678,1,11686.000,176934,192000,3999.875,120.0,8,3,2,0.00000,0.00000,0.00000,0.00000,0.00000
11.678,2,11639.000,174695,192000,3999.521,120.0,8,3,2,0.00000,0.00000,0.00000,0.00000,0.00000
11.780,0,11764.000,180710,192000,3999.208,120.0,8,3,2,0.00000,0.00000,0.00000,0.00000,0.00000
11.780,1,11788.000,181839,192000,3999.688,120.0,8,3,2,0.00000,0.00000,0.00000,0.00000,0.00000
11.780,2,11741.000,179580,192000,3999.750,120.0,8,3,2,0.00000,0.00000,0.00000,0.00000,0.00000
11.882,0,11867.000,185628,192000,3999.750,120.0,8,3,2,0.00000,0.00000,0.00000,0.00000,0.00000
11.882,1,11890.000,186767,192000,3999.021,120.0,8,3,2,0.00000,0.00000,0.00000,0.00000,0.00000
11.882,2,11843.000,184489,192000,3999.479,120.0,8,3,2,0.00000,0.00000,0.00000,0.00000,0.00000
11.984,0,11969.000,190528,192000,3999.667,120.0,8,3,2,0.00000,0.00000,0.00000,0.00000,0.00000
11.984,1,11993.000,191677,192000,3999.729,120.0,8,3,2,0.00000,0.00000,0.00000,0.00000,0.00000
11.984,2,11945.000,189379,192000,3999.604,120.0,8,3,2,0.00000,0.00000,0.00000,0.00000,0.00000
12.087,0,12071.000,3442,192000,3999.292,120.0,8,4,2,0.00000,0.00000,0.00000,0.00000,0.00000
12.087,1,12095.000,4601,192000,3999.146,120.0,8,4,2,0.00000,0.00000,0.00000,0.00000,0.00000
12.087,2,12047.000,2283,192000,3999.438,120.0,8,4,2,0.00000,0.00000,0.00000,0.00000,0.00000
12.189,0,12174.000,8370,192000,3999.625,120.0,8,4,2,0.00000,0.00000,0.00000,0.00000,0.00000
12.189,1,12198.000,9539,192000,3999.271,120.0,8,4,2,0.00000,0.00000,0.00000,0.00000,0.00000
12.189,2,12150.000,7202,192000,3999.958,120.0,8,4,2,0.00000,0.00000,0.00000,0.00000,0.00000
12.291,0,12275.000,13224,192000,3999.500,120.0,8,4,2,0.00000,0.00000,0.00000,0.00000,0.00000
12.291,1,12300.000,14402,192000,3999.958,120.0,8,4,2,0.00000,0.00000,0.00000,0.00000,0.00000
12.291,2,12250.000,12045,192000,3999.062,120.0,8,4,2,0.00000,0.00000,0.00000,0.00000,0.00000
12.393,0,12378.000,18150,192000,3999.875,120.0,8,4,2,0.00000,0.00000,0.00000,0.00000,0.00000
12.393,1,12402.000,19338,192000,3999.125,120.0,8,4,2,0.00000,0.00000,0.00000,0.00000,0.00000
12.393,2,12353.000,16962,192000,3999.625,120.0,8,4,2,0.00000,0.00000,0.00000,0.00000,0.00000
12.494,0,12478.000,22969,192000,3999.479,120.0,8,4,2,0.00000,0.00000,0.00000,0.00000,0.00000
12.494,1,12503.000,24166,192000,3999.542,120.0,8,4,2,0.00000,0.00000,0.00000,0.00000,0.00000
12.494,2,12453.000,21771,192000,3999.438,120.0,8,4,2,0.00000,0.00000,0.00000,0.00000,0.00000
12.596,0,12580.000,27872,192000,3999.333,120.0,8,4,2,0.00000,0.00000,0.00000,0.00000,0.00000
12.596,1,12605.000,29079,192000,3999.188,120.0,8,4,2,0.00000,0.00000,0.00000,0.00000,0.00000
12.596,2,12555.000,26664,192000,3999.500,120.0,8,4,2,0.00000,0.00000,0.00000,0.00000,0.00000
12.697,0,12681.000,32716,192000,3999.417,120.0,8,4,2,0.00000,0.00000,0.00000,0.00000,0.00000
12.697,1,12706.000,33933,192000,3999.062,120.0,8,4,2,0.00000,0.00000,0.00000,0.00000,0.00000
12.697,2,12656.000,31499,192000,3999.771,120.0,8,4,2,0.00000,0.00000,0.00000,0.00000,0.00000
12.797,0,12781.000,37516,192000,3999.417,120.0,8,4,2,0.00000,0.00000,0.00000,0.00000,0.00000
12.797,1,12807.000,38743,192000,3999.854,120.0,8,4,2,0.00000,0.00000,0.00000,0.00000,0.00000
12.797,2,12756.000,36289,192000,3999.979,120.0,8,4,2,0.00000,0.00000,0.00000,0.00000,0.00000
12.899,0,12884.000,42449,192000,3999.646,120.0,8,4,2,0.00000,0.00000,0.00000,0.00000,0.00000
12.899,1,12910.000,43685,192000,3999.896,120.0,8,4,2,0.00000,0.00000,0.00000,0.00000,0.00000
12.899,2,12858.000,41212,192000,3999.417,120.0,8,4,2,0.00000,0.00000,0.00000,0.00000,0.00000
13.001,0,12985.000,47301,192000,3999.562,120.0,8,4,2,0.00000,0.00000,0.00000,0.00000,0.00000
13.001,1,13011.000,48547,192000,3999.604,120.0,8,4,2,0.00000,0.00000,0.00000,0.00000,0.00000
13.001,2,12959.000,46055,192000,3999.521,120.0,8,4,2,0.00000,0.00000,0.00000,0.00000,0.00000
13.102,0,13086.000,52148,192000,3999.583,120.0,8,4,2,0.00000,0.00000,0.00000,0.00000,0.00000
13.102,1,13112.000,53404,192000,3999.417,120.0,8,4,2,0.00000,0.00000,0.00000,0.00000,0.00000
13.102,2,13060.000,50892,192000,3999.750,120.0,8,4,2,0.00000,0.00000,0.00000,0.00000,0.00000
13.204,0,13188.000,57057,192000,3999.312,120.0,8,4,2,0.00000,0.00000,0.00000,0.00000,0.00000
13.204,1,13215.000,58323,192000,3999.938,120.0,8,4,2,0.00000,0.00000,0.00000,0.00000,0.00000
13.204,2,13162.000,55791,192000,3999.688,120.0,8,4,2,0.00000,0.00000,0.00000,0.00000,0.00000
13.307,0,13291.000,61993,192000,3999.479,120.0,8,4,2,0.00000,0.00000,0.00000,0.00000,0.00000
13.307,1,13318.000,63269,192000,3999.896,120.0,8,4,2,0.00000,0.00000,0.00000,0.00000,0.00000
13.307,2,13264.000,60718,192000,3999.042,120.0,8,4,2,0.00000,0.00000,0.00000,0.00000,0.00000
13.408,0,13392.000,66860,192000,3999.083,120.0,8,4,2,0.00000,0.00000,0.00000,0.00000,0.00000
13.408,1,13419.000,68146,192000,3999.292,120.0,8,4,2,0.00000,0.00000,0.00000,0.00000,0.00000
13.408,2,13366.000,65575,192000,3999.854,120.0,8,4,2,0.00000,0.00000,0.00000,0.00000,0.00000
13.511,0,13496.000,71809,192000,3999.979,120.0,8,4,2,0.00000,0.00000,0.00000,0.00000,0.00000
13.511,1,13523.000,73105,192000,3999.979,120.0,8,4,2,0.00000,0.00000,0.00000,0.00000,0.00000
13.511,2,13469.000,70514,192000,3999.958,120.0,8,4,2,0.00000,0.00000,0.00000,0.00000,0.00000
13.613,0,13598.000,76707,192000,3999.938,120.0,8,4,2,0.00000,0.00000,0.00000,0.00000,0.00000
13.613,1,13625.000,78012,192000,3999.750,120.0,8,4,2,0.00000,0.00000,0.00000,0.00000,0.00000
13.613,2,13570.000,75401,192000,3999.146,120.0,8,4,2,0.00000,0.00000,0.00000,0.00000,0.00000
13.715,0,13699.000,81579,192000,3999.438,120.0,8,4,2,0.00000,0.00000,0.00000,0.00000,0.00000
13.715,1,13726.000,82894,192000,3999.042,120.0,8,4,2,0.00000,0.00000,0.00000,0.00000,0.00000
13.715,2,13672.000,80265,192000,3999.812,120.0,8,4,2,0.00000,0.00000,0.00000,0.00000,0.00000
13.815,0,13800.000,86402,192000,3999.958,120.0,8,4,2,0.00000,0.00000,0.00000,0.00000,0.00000
13.815,1,13827.000,87727,192000,3999.354,120.0,8,4,2,0.00000,0.00000,0.00000,0.00000,0.00000
13.815,2,13772.000,85077,192000,3999.562,120.0,8,4,2,0.00000,0.00000,0.00000,0.00000,0.00000
13.915,0,13900.000,91214,192000,3999.708,120.0,8,4,2,0.00000,0.00000,0.00000,0.00000,0.00000
13.915,1,13928.000,92549,192000,3999.896,120.0,8,4,2,0.00000,0.00000,0.00000,0.00000,0.00000
13.915,2,13872.000,89880,192000,3999.500,120.0,8,4,2,0.00000,0.00000,0.00000,0.00000,0.00000
14.017,0,14002.000,96096,192000,0.000,120.0,8,4,2,0.00000,0.00000,0.00000,0.00000,0.00000
14.017,1,14030.000,97440,192000,0.000,120.0,8,4,2,0.00000,0.00000,0.00000,0.00000,0.00000
14.017,2,13974.000,94752,192000,0.000,120.0,8,4,2,0.00000,0.00000,0.00000,0.00000,0.00000
14.118,0,14103.000,100946,192000,3999.958,120.0,8,4,2,0.00000,0.00000,0.00000,0.00000,0.00000
14.118,1,14131.000,102299,192000,3999.771,120.0,8,4,2,0.00000,0.00000,0.00000,0.00000,0.00000
14.118,2,14074.000,99592,192000,3999.167,120.0,8,4,2,0.00000,0.00000,0.00000,0.00000,0.00000
14.220,0,14205.000,105848,192000,3999.833,120.0,8,4,2,0.00000,0.00000,0.00000,0.00000,0.00000
14.220,1,14233.000,107211,192000,3999.438,120.0,8,4,2,0.00000,0.00000,0.00000,0.00000,0.00000
14.220,2,14176.000,104484,192000,3999.250,120.0,8,4,2,0.00000,0.00000,0.00000,0.00000,0.00000
14.322,0,14307.000,110755,192000,3999.604,120.0,8,4,2,0.00000,0.00000,0.00000,0.00000,0.00000
14.322,1,14336.000,112128,192000,0.000,120.0,8,4,2,0.00000,0.00000,0.00000,0.00000,0.00000
14.322,2,14278.000,109382,192000,3999.208,120.0,8,4,2,0.00000,0.00000,0.00000,0.00000,0.00000
14.425,0,14409.000,115675,192000,3999.104,120.0,8,4,2,0.00000,0.00000,0.00000,0.00000,0.00000
14.425,1,14438.000,117058,192000,3999.292,120.0,8,4,2,0.00000,0.00000,0.00000,0.00000,0.00000
14.425,2,14381.000,114292,192000,3999.917,120.0,8,4,2,0.00000,0.00000,0.00000,0.00000,0.00000
14.527,0,14511.000,120561,192000,3999.312,120.0,8,4,2,0.00000,0.00000,0.00000,0.00000,0.00000
14.527,1,14540.000,121954,192000,3999.292,120.0,8,4,2,0.00000,0.00000,0.00000,0.00000,0.00000
14.527,2,14482.000,119168,192000,3999.333,120.0,8,4,2,0.00000,0.00000,0.00000,0.00000,0.00000
14.628,0,14612.000,125418,192000,3999.125,120.0,8,4,2,0.00000,0.00000,0.00000,0.00000,0.00000
14.628,1,14642.000,126820,192000,3999.917,120.0,8,4,2,0.00000,0.00000,0.00000,0.00000,0.00000
14.628,2,14583.000,124015,192000,3999.354,120.0,8,4,2,0.00000,0.00000,0.00000,0.00000,0.00000
14.730,0,14714.000,130318,192000,3999.042,120.0,8,4,2,0.00000,0.00000,0.00000,0.00000,0.00000
14.730,1,14744.000,131731,192000,3999.604,120.0,8,4,2,0.00000,0.00000,0.00000,0.00000,0.00000
14.730,2,14685.000,128906,192000,3999.458,120.0,8,4,2,0.00000,0.00000,0.00000,0.00000,0.00000
14.832,0,14816.000,135209,192000,3999.146,120.0,8,4,2,0.00000,0.00000,0.00000,0.00000,0.00000
14.832,1,14846.000,136631,192000,3999.521,120.0,8,4,2,0.00000,0.00000,0.00000,0.00000,0.00000
14.832,2,14787.000,133787,192000,3999.771,120.0,8,4,2,0.00000,0.00000,0.00000,0.00000,0.00000
14.934,0,14919.000,140115,192000,3999.938,120.0,8,4,2,0.00000,0.00000,0.00000,0.00000,0.00000
14.934,1,14948.000,141547,192000,3999.104,120.0,8,4,2,0.00000,0.00000,0.00000,0.00000,0.00000
14.934,2,14889.000,138683,192000,3999.771,120.0,8,4,2,0.00000,0.00000,0.00000,0.00000,0.00000
15.034,0,15019.000,144920,192000,3999.833,120.0,8,4,2,0.00000,0.00000,0.00000,0.00000,0.00000
15.034,1,15049.000,146362,192000,3999.792,120.0,8,4,2,0.00000,0.00000,0.00000,0.00000,0.00000
15.034,2,14989.000,143479,192000,3999.854,120.0,8,4,2,0.00000,0.00000,0.00000,0.00000,0.00000
15.134,0,15119.000,149728,192000,3999.667,120.0,8,4,2,0.00000,0.00000,0.00000,0.00000,0.00000
15.134,1,15149.000,151179,192000,3999.438,120.0,8,4,2,0.00000,0.00000,0.00000,0.00000,0.00000
15.134,2,15089.000,148277,192000,3999.896,120.0,8,4,2,0.00000,0.00000,0.00000,0.00000,0.00000
15.236,0,15220.000,154592,192000,3999.333,120.0,8,4,2,0.00000,0.00000,0.00000,0.00000,0.00000
15.236,1,15251.000,156053,192000,3999.896,120.0,8,4,2,0.00000,0.00000,0.00000,0.00000,0.00000
15.236,2,15190.000,153131,192000,3999.771,120.0,8,4,2,0.00000,0.00000,0.00000,0.00000,0.00000
15.336,0,15321.000,159418,192000,3999.792,120.0,8,4,2,0.00000,0.00000,0.00000,0.00000,0.00000
15.336,1,15351.000,160888,192000,3999.167,120.0,8,4,2,0.00000,0.00000,0.00000,0.00000,0.00000
15.336,2,15290.000,157947,192000,3999.438,120.0,8,4,2,0.00000,0.00000,0.00000,0.00000,0.00000
15.438,0,15423.000,164304,192000,0.000,120.0,8,4,2,0.00000,0.00000,0.00000,0.00000,0.00000
15.438,1,15453.000,165784,192000,3999.167,120.0,8,4,2,0.00000,0.00000,0.00000,0.00000,0.00000
15.438,2,15392.000,162824,192000,3999.833,120.0,8,4,2,0.00000,0.00000,0.00000,0.00000,0.00000
15.541,0,15525.000,169226,192000,3999.458,120.0,8,4,2,0.00000,0.00000,0.00000,0.00000,0.00000
15.541,1,15556.000,170716,192000,3999.417,120.0,8,4,2,0.00000,0.00000,0.00000,0.00000,0.00000
15.541,2,15494.000,167736,192000,3999.500,120.0,8,4,2,0.00000,0.00000,0.00000,0.00000,0.00000
15.643,0,15628.000,174145,192000,3999.979,120.0,8,4,2,0.00000,0.00000,0.00000,0.00000,0.00000
15.643,1,15659.000,175645,192000,3999.729,120.0,8,4,2,0.00000,0.00000,0.00000,0.00000,0.00000
15.643,2,15596.000,172645,192000,3999.229,120.0,8,4,2,0.00000,0.00000,0.00000,0.00000,0.00000
15.744,0,15728.000,178968,192000,3999.500,120.0,8,4,2,0.00000,0.00000,0.00000,0.00000,0.00000
15.744,1,15759.000,180477,192000,3999.062,120.0,8,4,2,0.00000,0.00000,0.00000,0.00000,0.00000
15.744,2,15697.000,177458,192000,3999.958,120.0,8,4,2,0.00000,0.00000,0.00000,0.00000,0.00000
15.845,0,15830.000,183848,192000,3999.833,120.0,8,4,2,0.00000,0.00000,0.00000,0.00000,0.00000
15.845,1,15861.000,185368,192000,3999.167,120.0,8,4,2,0.00000,0.00000,0.00000,0.00000,0.00000
15.845,2,15798.000,182329,192000,3999.479,120.0,8,4,2,0.00000,0.00000,0.00000,0.00000,0.00000
15.948,0,15932.000,188758,192000,3999.542,120.0,8,4,2,0.00000,0.00000,0.00000,0.00000,0.00000
15.948,1,15964.000,190288,192000,3999.667,120.0,8,4,2,0.00000,0.00000,0.00000,0.00000,0.00000
15.948,2,15900.000,187229,192000,3999.396,120.0,8,4,2,0.00000,0.00000,0.00000,0.00000,0.00000
16.049,0,16033.000,1620,192000,3999.250,120.0,8,5,2,0.00000,0.00000,0.00000,0.00000,0.00000
16.049,1,16065.000,3159,192000,3999.188,120.0,8,5,2,0.00000,0.00000,0.00000,0.00000,0.00000
16.049,2,16001.000,81,192000,3999.312,120.0,8,5,2,0.00123,0.00123,0.00120,0.00000,0.00000
16.151,0,16136.000,6544,192000,3999.667,120.0,8,5,2,0.00000,0.00000,0.00000,0.00000,0.00000
16.151,1,16168.000,8093,192000,3999.396,120.0,8,5,2,0.00000,0.00000,0.00000,0.00000,0.00000
16.151,2,16104.000,4995,192000,3999.938,120.0,8,5,2,0.08952,0.08938,0.08952,0.00000,0.00000
16.252,0,16236.000,11358,192000,3999.375,120.0,8,5,2,0.00000,0.00000,0.00000,0.00000,0.00000
16.252,1,16269.000,12917,192000,3999.896,120.0,8,5,2,0.00000,0.00000,0.00000,0.00000,0.00000
16.252,2,16204.000,9800,192000,3999.833,120.0,8,5,2,0.05903,0.05894,0.05903,0.00000,0.00000
16.353,0,16337.000,16200,192000,3999.500,120.0,8,5,2,0.00000,0.00000,0.00000,0.00000,0.00000
16.353,1,16370.000,17768,192000,3999.833,120.0,8,5,2,0.00000,0.00000,0.00000,0.00000,0.00000
16.353,2,16304.000,14631,192000,3999.188,120.0,8,5,2,0.03884,0.03878,0.03884,0.00000,0.00000
16.455,0,16440.000,21135,192000,3999.688,120.0,8,5,2,0.00000,0.00000,0.00000,0.00000,0.00000
16.455,1,16473.000,22713,192000,3999.812,120.0,8,5,2,0.00000,0.00000,0.00000,0.00000,0.00000
16.455,2,16407.000,19557,192000,3999.562,120.0,8,5,2,0.02535,0.02531,0.02535,0.00000,0.00000
16.558,0,16543.000,26065,192000,3999.979,120.0,8,5,2,0.00000,0.00000,0.00000,0.00000,0.00000
16.558,1,16576.000,27653,192000,3999.896,120.0,8,5,2,0.00000,0.00000,0.00000,0.00000,0.00000
16.558,2,16509.000,24477,192000,3999.062,120.0,8,5,2,0.01655,0.01653,0.01655,0.00000,0.00000
16.660,0,16644.000,30941,192000,3999.396,120.0,8,5,2,0.00000,0.00000,0.00000,0.00000,0.00000
16.660,1,16677.000,32538,192000,3999.125,120.0,8,5,2,0.00000,0.00000,0.00000,0.00000,0.00000
16.660,2,16611.000,29343,192000,3999.688,120.0,8,5,2,0.01086,0.01084,0.01086,0.00000,0.00000
16.761,0,16745.000,35804,192000,3999.083,120.0,8,5,2,0.00000,0.00000,0.00000,0.00000,0.00000
16.761,1,16779.000,37411,192000,3999.604,120.0,8,5,2,0.00000,0.00000,0.00000,0.00000,0.00000
16.761,2,16712.000,34196,192000,3999.583,120.0,8,5,2,0.00713,0.00712,0.00713,0.00000,0.00000
16.862,0,16847.000,40663,192000,3999.854,120.0,8,5,2,0.00000,0.00000,0.00000,0.00000,0.00000
16.862,1,16880.000,42280,192000,3999.167,120.0,8,5,2,0.00000,0.00000,0.00000,0.00000,0.00000
16.862,2,16813.000,39046,192000,3999.542,120.0,8,5,2,0.00468,0.00468,0.00468,0.00000,0.00000
16.962,0,16947.000,45464,192000,3999.833,120.0,8,5,2,0.00000,0.00000,0.00000,0.00000,0.00000
16.962,1,16981.000,47091,192000,3999.938,120.0,8,5,2,0.00000,0.00000,0.00000,0.00000,0.00000
16.962,2,16913.000,43838,192000,3999.708,120.0,8,5,2,0.00309,0.00309,0.00309,0.00000,0.00000
17.063,0,17048.000,50314,192000,3999.792,120.0,8,5,2,0.00000,0.00000,0.00000,0.00000,0.00000
17.063,1,17082.000,51951,192000,3999.688,120.0,8,5,2,0.00000,0.00000,0.00000,0.00000,0.00000
17.063,2,17014.000,48678,192000,3999.875,120.0,8,5,2,0.00203,0.00203,0.00203,0.00000,0.00000
17.166,0,17150.000,55239,192000,3999.188,120.0,8,5,2,0.00000,0.00000,0.00000,0.00000,0.00000
17.166,1,17185.000,56886,192000,3999.875,120.0,8,5,2,0.00000,0.00000,0.00000,0.00000,0.00000
17.166,2,17116.000,53593,192000,3999.479,120.0,8,5,2,0.00133,0.00133,0.00133,0.00000,0.00000
17.267,0,17252.000,60115,192000,3999.604,120.0,8,5,2,0.00000,0.00000,0.00000,0.00000,0.00000
17.267,1,17286.000,61771,192000,3999.104,120.0,8,5,2,0.00000,0.00000,0.00000,0.00000,0.00000
17.267,2,17217.000,58459,192000,3999.104,120.0,8,5,2,0.00087,0.00087,0.00087,0.00000,0.00000
17.370,0,17355.000,65054,192000,3999.708,120.0,8,5,2,0.00000,0.00000,0.00000,0.00000,0.00000
17.370,1,17390.000,66720,192000,0.000,120.0,8,5,2,0.00000,0.00000,0.00000,0.00000,0.00000
17.370,2,17320.000,63388,192000,3999.417,120.0,8,5,2,0.00057,0.00057,0.00057,0.00000,0.00000
17.471,0,17455.000,69879,192000,3999.188,120.0,8,5,2,0.00000,0.00000,0.00000,0.00000,0.00000
17.471,1,17490.000,71555,192000,3999.271,120.0,8,5,2,0.00000,0.00000,0.00000,0.00000,0.00000
17.471,2,17420.000,68204,192000,3999.083,120.0,8,5,2,0.00037,0.00037,0.00037,0.00000,0.00000
17.571,0,17555.000,74683,192000,3999.104,120.0,8,5,2,0.00000,0.00000,0.00000,0.00000,0.00000
17.571,1,17591.000,76369,192000,3999.979,120.0,8,5,2,0.00000,0.00000,0.00000,0.00000,0.00000
17.571,2,17520.000,72998,192000,3999.208,120.0,8,5,2,0.00025,0.00025,0.00025,0.00000,0.00000
17.674,0,17658.000,79620,192000,3999.250,120.0,8,5,2,0.00000,0.00000,0.00000,0.00000,0.00000
17.674,1,17694.000,81315,192000,3999.938,120.0,8,5,2,0.00000,0.00000,0.00000,0.00000,0.00000
17.674,2,17623.000,77925,192000,3999.562,120.0,8,5,2,0.00016,0.00016,0.00016,0.00000,0.00000
17.776,0,17760.000,84500,192000,3999.583,120.0,8,5,2,0.00000,0.00000,0.00000,0.00000,0.00000
17.776,1,17795.000,86205,192000,3999.062,120.0,8,5,2,0.00000,0.00000,0.00000,0.00000,0.00000
17.776,2,17724.000,82796,192000,3999.083,120.0,8,5,2,0.00011,0.00011,0.00011,0.00000,0.00000
17.878,0,17863.000,89430,192000,3999.875,120.0,8,5,2,0.00000,0.00000,0.00000,0.00000,0.00000
17.878,1,17898.000,91145,192000,3999.146,120.0,8,5,2,0.00000,0.00000,0.00000,0.00000,0.00000
17.878,2,17827.000,87715,192000,3999.604,120.0,8,5,2,0.00007,0.00007,0.00007,0.00000,0.00000
17.980,0,17964.000,94307,192000,3999.271,120.0,8,5,2,0.00000,0.00000,0.00000,0.00000,0.00000
17.980,1,18000.000,96031,192000,3999.354,120.0,8,5,2,0.00000,0.00000,0.00000,0.00000,0.00000
17.980,2,17928.000,92583,192000,3999.188,120.0,8,5,2,0.00005,0.00005,0.00005,0.00000,0.00000
18.083,0,18067.000,99248,192000,3999.333,120.0,8,5,2,0.00000,0.00000,0.00000,0.00000,0.00000
18.083,1,18103.000,100983,192000,3999.188,120.0,8,5,2,0.00000,0.00000,0.00000,0.00000,0.00000
18.083,2,18031.000,97514,192000,3999.458,120.0,8,5,2,0.00003,0.00003,0.00003,0.00000,0.00000
18.184,0,18169.000,104118,192000,3999.875,120.0,8,5,2,0.00000,0.00000,0.00000,0.00000,0.00000
18.184,1,18205.000,105862,192000,3999.542,120.0,8,5,2,0.00000,0.00000,0.00000,0.00000,0.00000
18.184,2,18132.000,102374,192000,3999.208,120.0,8,5,2,0.00002,0.00002,0.00002,0.00000,0.00000
18.285,0,18270.000,108974,192000,3999.708,120.0,8,5,2,0.00000,0.00000,0.00000,0.00000,0.00000
18.285,1,18306.000,110728,192000,3999.167,120.0,8,5,2,0.00000,0.00000,0.00000,0.00000,0.00000
18.285,2,18233.000,107220,192000,3999.250,120.0,8,5,2,0.00001,0.00001,0.00001,0.00000,0.00000
18.387,0,18371.000,113855,192000,3999.021,120.0,8,5,2,0.00000,0.00000,0.00000,0.00000,0.00000
18.387,1,18408.000,115618,192000,3999.292,120.0,8,5,2,0.00000,0.00000,0.00000,0.00000,0.00000
18.387,2,18335.000,112091,192000,3999.771,120.0,8,5,2,0.00001,0.00001,0.00001,0.00000,0.00000
18.488,0,18472.000,118684,192000,3999.417,120.0,8,5,2,0.00000,0.00000,0.00000,0.00000,0.00000
18.488,1,18509.000,120457,192000,3999.479,120.0,8,5,2,0.00000,0.00000,0.00000,0.00000,0.00000
18.488,2,18435.000,116911,192000,3999.354,120.0,8,5,2,0.00001,0.00001,0.00001,0.00000,0.00000
18.588,0,18572.000,123500,192000,3999.083,120.0,8,5,2,0.00000,0.00000,0.00000,0.00000,0.00000
18.588,1,18610.000,125282,192000,3999.958,120.0,8,5,2,0.00000,0.00000,0.00000,0.00000,0.00000
18.588,2,18535.000,121717,192000,3999.229,120.0,8,5,2,0.00000,0.00000,0.00000,0.00000,0.00000
18.690,0,18674.000,128391,192000,3999.188,120.0,8,5,2,0.00000,0.00000,0.00000,0.00000,0.00000
18.690,1,18712.000,130184,192000,3999.833,120.0,8,5,2,0.00000,0.00000,0.00000,0.00000,0.00000
18.690,2,18637.000,126599,192000,3999.521,120.0,8,5,2,0.00000,0.00000,0.00000,0.00000,0.00000
18.790,0,18775.000,133219,192000,3999.604,120.0,8,5,2,0.00000,0.00000,0.00000,0.00000,0.00000
18.790,1,18812.000,135021,192000,3999.062,120.0,8,5,2,0.00000,0.00000,0.00000,0.00000,0.00000
18.790,2,18737.000,131417,192000,3999.146,120.0,8,5,2,0.00000,0.00000,0.00000,0.00000,0.00000
18.891,0,18875.000,138029,192000,3999.396,120.0,8,5,2,0.00000,0.00000,0.00000,0.00000,0.00000
18.891,1,18913.000,139841,192000,3999.646,120.0,8,5,2,0.00000,0.00000,0.00000,0.00000,0.00000
18.891,2,18837.000,136217,192000,3999.146,120.0,8,5,2,0.00000,0.00000,0.00000,0.00000,0.00000
18.991,0,18976.000,142864,192000,3999.667,120.0,8,5,2,0.00000,0.00000,0.00000,0.00000,0.00000
18.991,1,19014.000,144685,192000,3999.729,120.0,8,5,2,0.00000,0.00000,0.00000,0.00000,0.00000
18.991,2,18938.000,141042,192000,3999.625,120.0,8,5,2,0.00000,0.00000,0.00000,0.00000,0.00000
19.092,0,19077.000,147707,192000,3999.771,120.0,8,5,2,0.00000,0.00000,0.00000,0.00000,0.00000
19.092,1,19115.000,149538,192000,3999.625,120.0,8,5,2,0.00000,0.00000,0.00000,0.00000,0.00000
19.092,2,19039.000,145876,192000,3999.917,120.0,8,5,2,0.00000,0.00000,0.00000,0.00000,0.00000
19.193,0,19177.000,152537,192000,3999.146,120.0,8,5,2,0.00000,0.00000,0.00000,0.00000,0.00000
19.193,1,19216.000,154378,192000,3999.792,120.0,8,5,2,0.00000,0.00000,0.00000,0.00000,0.00000
19.193,2,19139.000,150696,192000,3999.500,120.0,8,5,2,0.00000,0.00000,0.00000,0.00000,0.00000
19.295,0,19279.000,157439,192000,3999.021,120.0,8,5,2,0.00000,0.00000,0.00000,0.00000,0.00000
19.295,1,19318.000,159289,192000,3999.479,120.0,8,5,2,0.00000,0.00000,0.00000,0.00000,0.00000
19.295,2,19241.000,155588,192000,3999.583,120.0,8,5,2,0.00000,0.00000,0.00000,0.00000,0.00000
19.398,0,19382.000,162365,192000,3999.396,120.0,8,5,2,0.00000,0.00000,0.00000,0.00000,0.00000
19.398,1,19421.000,164226,192000,3999.625,120.0,8,5,2,0.00000,0.00000,0.00000,0.00000,0.00000
19.398,2,19343.000,160505,192000,3999.146,120.0,8,5,2,0.00000,0.00000,0.00000,0.00000,0.00000
19.499,0,19484.000,167244,192000,3999.750,120.0,8,5,2,0.00000,0.00000,0.00000,0.00000,0.00000
19.499,1,19523.000,169115,192000,3999.771,120.0,8,5,2,0.00000,0.00000,0.00000,0.00000,0.00000
19.499,2,19445.000,165374,192000,3999.708,120.0,8,5,2,0.00000,0.00000,0.00000,0.00000,0.00000
19.601,0,19585.000,172106,192000,3999.458,120.0,8,5,2,0.00000,0.00000,0.00000,0.00000,0.00000
19.601,1,19624.000,173986,192000,3999.292,120.0,8,5,2,0.00000,0.00000,0.00000,0.00000,0.00000
19.601,2,19546.000,170226,192000,3999.625,120.0,8,5,2,0.00000,0.00000,0.00000,0.00000,0.00000
19.701,0,19685.000,176925,192000,3999.062,120.0,8,5,2,0.00000,0.00000,0.00000,0.00000,0.00000
19.701,1,19725.000,178814,192000,3999.708,120.0,8,5,2,0.00000,0.00000,0.00000,0.00000,0.00000
19.701,2,19646.000,175035,192000,3999.438,120.0,8,5,2,0.00000,0.00000,0.00000,0.00000,0.00000
19.803,0,19787.000,181803,192000,3999.438,120.0,8,5,2,0.00000,0.00000,0.00000,0.00000,0.00000
19.803,1,19827.000,183702,192000,3999.875,120.0,8,5,2,0.00000,0.00000,0.00000,0.00000,0.00000
19.803,2,19748.000,179904,192000,0.000,120.0,8,5,2,0.00000,0.00000,0.00000,0.00000,0.00000
19.904,0,19888.000,186659,192000,3999.271,120.0,8,5,2,0.00000,0.00000,0.00000,0.00000,0.00000
19.904,1,19928.000,188569,192000,3999.479,120.0,8,5,2,0.00000,0.00000,0.00000,0.00000,0.00000
19.904,2,19848.000,184750,192000,3999.042,120.0,8,5,2,0.00000,0.00000,0.00000,0.00000,0.00000
20.006,0,19990.000,191560,192000,3999.167,120.0,8,5,2,0.00000,0.00000,0.00000,0.00000,0.00000
20.006,1,20030.000,1479,192000,3999.188,120.0,8,6,2,0.12136,0.12136,0.12129,0.00000,0.00000
20.006,2,19950.000,189641,192000,3999.146,120.0,8,5,2,0.00000,0.00000,0.00000,0.00000,0.00000
20.108,0,20092.000,4451,192000,3999.271,120.0,8,6,2,0.09383,0.09350,0.09383,0.00000,0.00000
20.108,1,20132.000,6380,192000,3999.083,120.0,8,6,2,0.07937,0.07937,0.07933,0.00000,0.00000
20.108,2,20052.000,2522,192000,3999.458,120.0,8,6,2,0.00000,0.00000,0.00000,0.00000,0.00000
20.210,0,20195.000,9370,192000,3999.792,120.0,8,6,2,0.06127,0.06105,0.06127,0.00000,0.00000
20.210,1,20235.000,11309,192000,3999.396,120.0,8,6,2,0.05178,0.05178,0.05175,0.00000,0.00000
20.210,2,20154.000,7432,192000,3999.167,120.0,8,6,2,0.00000,0.00000,0.00000,0.00000,0.00000
20.311,0,20296.000,14209,192000,3999.979,120.0,8,6,2,0.04029,0.04014,0.04029,0.00000,0.00000
20.311,1,20336.000,16157,192000,3999.396,120.0,8,6,2,0.03402,0.03402,0.03400,0.00000,0.00000
20.311,2,20255.000,12261,192000,3999.562,120.0,8,6,2,0.00000,0.00000,0.00000,0.00000,0.00000
20.412,0,20396.000,19034,192000,3999.458,120.0,8,6,2,0.02652,0.02643,0.02652,0.00000,0.00000
20.412,1,20437.000,20991,192000,3999.688,120.0,8,6,2,0.02238,0.02238,0.02237,0.00000,0.00000
20.412,2,20355.000,17076,192000,3999.250,120.0,8,6,2,0.00000,0.00000,0.00000,0.00000,0.00000
20.512,0,20496.000,23848,192000,3999.167,120.0,8,6,2,0.01748,0.01741,0.01748,0.00000,0.00000
20.512,1,20537.000,25816,192000,3999.167,120.0,8,6,2,0.01473,0.01473,0.01473,0.00000,0.00000
20.512,2,20455.000,21881,192000,3999.146,120.0,8,6,2,0.00000,0.00000,0.00000,0.00000,0.00000
20.612,0,20597.000,28668,192000,3999.750,120.0,8,6,2,0.01151,0.01147,0.01151,0.00000,0.00000
20.612,1,20638.000,30645,192000,3999.562,120.0,8,6,2,0.00970,0.00970,0.00969,0.00000,0.00000
20.612,2,20556.000,26691,192000,3999.938,120.0,8,6,2,0.00000,0.00000,0.00000,0.00000,0.00000
20.715,0,20699.000,33578,192000,3999.458,120.0,8,6,2,0.00752,0.00750,0.00752,0.00000,0.00000
20.715,1,20740.000,35565,192000,3999.062,120.0,8,6,2,0.00633,0.00633,0.00633,0.00000,0.00000
20.715,2,20658.000,31591,192000,3999.854,120.0,8,6,2,0.00000,0.00000,0.00000,0.00000,0.00000
20.818,0,20802.000,38517,192000,3999.562,120.0,8,6,2,0.00490,0.00489,0.00490,0.00000,0.00000
20.818,1,20844.000,40514,192000,3999.958,120.0,8,6,2,0.00412,0.00412,0.00412,0.00000,0.00000
20.818,2,20760.000,36520,192000,3999.167,120.0,8,6,2,0.00000,0.00000,0.00000,0.00000,0.00000
20.920,0,20905.000,43447,192000,3999.854,120.0,8,6,2,0.00320,0.00319,0.00320,0.00000,0.00000
20.920,1,20946.000,45454,192000,3999.042,120.0,8,6,2,0.00269,0.00269,0.00269,0.00000,0.00000
20.920,2,20863.000,41440,192000,3999.667,120.0,8,6,2,0.00000,0.00000,0.00000,0.00000,0.00000
21.020,0,21005.000,48254,192000,3999.708,120.0,8,6,2,0.00211,0.00210,0.00211,0.00000,0.00000
21.020,1,21047.000,50270,192000,3999.708,120.0,8,6,2,0.00177,0.00177,0.00177,0.00000,0.00000
21.020,2,20963.000,46238,192000,3999.708,120.0,8,6,2,0.00000,0.00000,0.00000,0.00000,0.00000
21.122,0,21106.000,53120,192000,3999.333,120.0,8,6,2,0.00138,0.00138,0.00138,0.00000,0.00000
21.122,1,21148.000,55146,192000,3999.125,120.0,8,6,2,0.00116,0.00116,0.00116,0.00000,0.00000
21.122,2,21064.000,51094,192000,3999.542,120.0,8,6,2,0.00000,0.00000,0.00000,0.00000,0.00000
21.223,0,21207.000,57968,192000,3999.333,120.0,8,6,2,0.00091,0.00091,0.00091,0.00000,0.00000
21.223,1,21250.000,60004,192000,3999.917,120.0,8,6,2,0.00076,0.00076,0.00076,0.00000,0.00000
21.223,2,21165.000,55932,192000,3999.750,120.0,8,6,2,0.00000,0.00000,0.00000,0.00000,0.00000
21.324,0,21308.000,62808,192000,3999.500,120.0,8,6,2,0.00060,0.00060,0.00060,0.00000,0.00000
21.324,1,21351.000,64853,192000,3999.896,120.0,8,6,2,0.00050,0.00050,0.00050,0.00000,0.00000
21.324,2,21265.000,60763,192000,3999.104,120.0,8,6,2,0.00000,0.00000,0.00000,0.00000,0.00000
21.425,0,21409.000,67675,192000,3999.104,120.0,8,6,2,0.00039,0.00039,0.00039,0.00000,0.00000
21.425,1,21452.000,69730,192000,3999.292,120.0,8,6,2,0.00033,0.00033,0.00033,0.00000,0.00000
21.425,2,21367.000,65620,192000,3999.917,120.0,8,6,2,0.00000,0.00000,0.00000,0.00000,0.00000
21.525,0,21510.000,72489,192000,3999.812,120.0,8,6,2,0.00026,0.00026,0.00026,0.00000,0.00000
21.525,1,21553.000,74554,192000,3999.792,120.0,8,6,2,0.00022,0.00022,0.00022,0.00000,0.00000
21.525,2,21467.000,70424,192000,3999.833,120.0,8,6,2,0.00000,0.00000,0.00000,0.00000,0.00000
21.626,0,21611.000,77342,192000,3999.708,120.0,8,6,2,0.00017,0.00017,0.00017,0.00000,0.00000
21.626,1,21654.000,79416,192000,3999.500,120.0,8,6,2,0.00014,0.00014,0.00014,0.00000,0.00000
21.626,2,21568.000,75267,192000,3999.938,120.0,8,6,2,0.00000,0.00000,0.00000,0.00000,0.00000
21.729,0,21713.000,82265,192000,3999.146,120.0,8,6,2,0.00011,0.00011,0.00011,0.00000,0.00000
21.729,1,21757.000,84349,192000,3999.729,120.0,8,6,2,0.00009,0.00009,0.00009,0.00000,0.00000
21.729,2,21670.000,80181,192000,3999.562,120.0,8,6,2,0.00000,0.00000,0.00000,0.00000,0.00000
21.832,0,21816.000,87202,192000,3999.292,120.0,8,6,2,0.00007,0.00007,0.00007,0.00000,0.00000
21.832,1,21860.000,89296,192000,3999.667,120.0,8,6,2,0.00006,0.00006,0.00006,0.00000,0.00000
21.832,2,21773.000,85108,192000,3999.917,120.0,8,6,2,0.00000,0.00000,0.00000,0.00000,0.00000
21.935,0,21919.000,92146,192000,3999.292,120.0,8,6,2,0.00005,0.00005,0.00005,0.00000,0.00000
21.935,1,21963.000,94250,192000,3999.458,120.0,8,6,2,0.00004,0.00004,0.00004,0.00000,0.00000
21.935,2,21875.000,90042,192000,3999.125,120.0,8,6,2,0.00000,0.00000,0.00000,0.00000,0.00000
22.037,0,22021.000,97036,192000,3999.417,120.0,8,6,2,0.00003,0.00003,0.00003,0.00000,0.00000
22.037,1,22065.000,99149,192000,3999.396,120.0,8,6,2,0.00003,0.00003,0.00003,0.00000,0.00000
22.037,2,21977.000,94922,192000,3999.458,120.0,8,6,2,0.00000,0.00000,0.00000,0.00000,0.00000
22.138,0,22122.000,101887,192000,3999.354,120.0,8,6,2,0.00002,0.00002,0.00002,0.00000,0.00000
22.138,1,22166.000,104010,192000,3999.125,120.0,8,6,2,0.00002,0.00002,0.00002,0.00000,0.00000
22.138,2,22078.000,99763,192000,3999.604,120.0,8,6,2,0.00000,0.00000,0.00000,0.00000,0.00000
22.240,0,22224.000,106783,192000,3999.354,120.0,8,6,2,0.00001,0.00001,0.00001,0.00000,0.00000
22.240,1,22269.000,108916,192000,3999.917,120.0,8,6,2,0.00001,0.00001,0.00001,0.00000,0.00000
22.240,2,22180.000,104650,192000,3999.792,120.0,8,6,2,0.00000,0.00000,0.00000,0.00000,0.00000
22.342,0,22326.000,111681,192000,3999.312,120.0,8,6,2,0.00001,0.00001,0.00001,0.00000,0.00000
22.342,1,22371.000,113824,192000,3999.667,120.0,8,6,2,0.00001,0.00001,0.00001,0.00000,0.00000
22.342,2,22282.000,109538,192000,3999.958,120.0,8,6,2,0.00000,0.00000,0.00000,0.00000,0.00000
22.443,0,22428.000,116552,192000,3999.833,120.0,8,6,2,0.00001,0.00001,0.00001,0.00000,0.00000
22.443,1,22473.000,118705,192000,3999.979,120.0,8,6,2,0.00000,0.00000,0.00000,0.00000,0.00000
22.443,2,22383.000,114399,192000,3999.688,120.0,8,6,2,0.00000,0.00000,0.00000,0.00000,0.00000
22.545,0,22529.000,121435,192000,3999.104,120.0,8,6,2,0.00000,0.00000,0.00000,0.00000,0.00000
22.545,1,22574.000,123598,192000,3999.042,120.0,8,6,2,0.00000,0.00000,0.00000,0.00000,0.00000
22.545,2,22484.000,119273,192000,3999.146,120.0,8,6,2,0.00000,0.00000,0.00000,0.00000,0.00000
22.645,0,22629.000,126238,192000,3999.042,120.0,8,6,2,0.00000,0.00000,0.00000,0.00000,0.00000
22.645,1,22675.000,128410,192000,3999.792,120.0,8,6,2,0.00000,0.00000,0.00000,0.00000,0.00000
22.645,2,22584.000,124066,192000,3999.292,120.0,8,6,2,0.00000,0.00000,0.00000,0.00000,0.00000
22.748,0,22732.000,131169,192000,3999.312,120.0,8,6,2,0.00000,0.00000,0.00000,0.00000,0.00000
22.748,1,22778.000,133351,192000,3999.854,120.0,8,6,2,0.00000,0.00000,0.00000,0.00000,0.00000
22.748,2,22687.000,128987,192000,3999.771,120.0,8,6,2,0.00000,0.00000,0.00000,0.00000,0.00000
22.848,0,22832.000,135979,192000,3999.104,120.0,8,6,2,0.00000,0.00000,0.00000,0.00000,0.00000
22.848,1,22878.000,138171,192000,3999.438,120.0,8,6,2,0.00000,0.00000,0.00000,0.00000,0.00000
22.848,2,22787.000,133787,192000,3999.771,120.0,8,6,2,0.00000,0.00000,0.00000,0.00000,0.00000
22.950,0,22934.000,140870,192000,3999.208,120.0,8,6,2,0.00000,0.00000,0.00000,0.00000,0.00000
22.950,1,22980.000,143072,192000,3999.333,120.0,8,6,2,0.00000,0.00000,0.00000,0.00000,0.00000
22.950,2,22888.000,138669,192000,3999.062,120.0,8,6,2,0.00000,0.00000,0.00000,0.00000,0.00000
23.053,0,23037.000,145802,192000,3999.458,120.0,8,6,2,0.00000,0.00000,0.00000,0.00000,0.00000
23.053,1,23083.000,148013,192000,3999.396,120.0,8,6,2,0.00000,0.00000,0.00000,0.00000,0.00000
23.053,2,22991.000,143591,192000,3999.521,120.0,8,6,2,0.00000,0.00000,0.00000,0.00000,0.00000
23.155,0,23140.000,150730,192000,3999.792,120.0,8,6,2,0.00000,0.00000,0.00000,0.00000,0.00000
23.155,1,23186.000,152951,192000,3999.521,120.0,8,6,2,0.00000,0.00000,0.00000,0.00000,0.00000
23.155,2,23093.000,148509,192000,3999.062,120.0,8,6,2,0.00000,0.00000,0.00000,0.00000,0.00000
23.256,0,23241.000,155580,192000,3999.750,120.0,8,6,2,0.00000,0.00000,0.00000,0.00000,0.00000
23.256,1,23287.000,157811,192000,3999.271,120.0,8,6,2,0.00000,0.00000,0.00000,0.00000,0.00000
23.256,2,23194.000,153349,192000,3999.229,120.0,8,6,2,0.00000,0.00000,0.00000,0.00000,0.00000
23.356,0,23341.000,160384,192000,3999.667,120.0,8,6,2,0.00000,0.00000,0.00000,0.00000,0.00000
23.356,1,23388.000,162624,192000,0.000,120.0,8,6,2,0.00000,0.00000,0.00000,0.00000,0.00000
23.356,2,23294.000,158143,192000,3999.354,120.0,8,6,2,0.00000,0.00000,0.00000,0.00000,0.00000
23.459,0,23443.000,165293,192000,3999.396,120.0,8,6,2,0.00000,0.00000,0.00000,0.00000,0.00000
23.459,1,23490.000,167544,192000,3999.500,120.0,8,6,2,0.00000,0.00000,0.00000,0.00000,0.00000
23.459,2,23396.000,163043,192000,3999.271,120.0,8,6,2,0.00000,0.00000,0.00000,0.00000,0.00000
23.562,0,23546.000,170229,192000,3999.562,120.0,8,6,2,0.00000,0.00000,0.00000,0.00000,0.00000
23.562,1,23593.000,172490,192000,3999.458,120.0,8,6,2,0.00000,0.00000,0.00000,0.00000,0.00000
23.562,2,23499.000,167969,192000,3999.646,120.0,8,6,2,0.00000,0.00000,0.00000,0.00000,0.00000
23.662,0,23647.000,175057,192000,3999.979,120.0,8,6,2,0.00000,0.00000,0.00000,0.00000,0.00000
23.662,1,23694.000,177327,192000,3999.688,120.0,8,6,2,0.00000,0.00000,0.00000,0.00000,0.00000
23.662,2,23599.000,172787,192000,3999.271,120.0,8,6,2,0.00000,0.00000,0.00000,0.00000,0.00000
23.765,0,23749.000,179999,192000,3999.021,120.0,8,6,2,0.00000,0.00000,0.00000,0.00000,0.00000
23.765,1,23797.000,182279,192000,3999.521,120.0,8,6,2,0.00000,0.00000,0.00000,0.00000,0.00000
23.765,2,23702.000,177720,192000,3999.500,120.0,8,6,2,0.00000,0.00000,0.00000,0.00000,0.00000
23.866,0,23851.000,184858,192000,3999.792,120.0,8,6,2,0.00000,0.00000,0.00000,0.00000,0.00000
23.866,1,23898.000,187147,192000,3999.104,120.0,8,6,2,0.00000,0.00000,0.00000,0.00000,0.00000
23.866,2,23803.000,182568,192000,3999.500,120.0,8,6,2,0.00000,0.00000,0.00000,0.00000,0.00000
23.967,0,23951.000,189674,192000,3999.458,120.0,8,6,2,0.00000,0.00000,0.00000,0.00000,0.00000
23.967,1,23999.000,191973,192000,3999.562,120.0,8,6,2,0.00000,0.00000,0.00000,0.00000,0.00000
23.967,2,23903.000,187375,192000,3999.354,120.0,8,6,2,0.00000,0.00000,0.00000,0.00000,0.00000
24.068,0,24052.000,2535,192000,3999.188,120.0,8,7,2,0.00000,0.00000,0.00000,0.00000,0.00000
24.068,1,24100.000,4844,192000,3999.083,120.0,8,7,2,0.00000,0.00000,0.00000,0.00000,0.00000
24.068,2,24004.000,226,192000,3999.292,120.0,8,7,2,0.00000,0.00000,0.00000,0.00000,0.00000
24.168,0,24153.000,7345,192000,3999.979,120.0,8,7,2,0.00000,0.00000,0.00000,0.00000,0.00000
24.168,1,24201.000,9663,192000,3999.688,120.0,8,7,2,0.00000,0.00000,0.00000,0.00000,0.00000
24.168,2,24104.000,5027,192000,3999.271,120.0,8,7,2,0.00000,0.00000,0.00000,0.00000,0.00000
24.268,0,24253.000,12150,192000,3999.875,120.0,8,7,2,0.00000,0.00000,0.00000,0.00000,0.00000
24.268,1,24301.000,14478,192000,3999.375,120.0,8,7,2,0.00000,0.00000,0.00000,0.00000,0.00000
24.268,2,24204.000,9822,192000,3999.375,120.0,8,7,2,0.00000,0.00000,0.00000,0.00000,0.00000
24.368,0,24353.000,16958,192000,3999.708,120.0,8,7,2,0.00000,0.00000,0.00000,0.00000,0.00000
24.368,1,24401.000,19295,192000,3999.021,120.0,8,7,2,0.00000,0.00000,0.00000,0.00000,0.00000
24.368,2,24304.000,14620,192000,3999.417,120.0,8,7,2,0.00000,0.00000,0.00000,0.00000,0.00000
24.469,0,24454.000,21796,192000,3999.917,120.0,8,7,2,0.00000,0.00000,0.00000,0.00000,0.00000
24.469,1,24503.000,24144,192000,0.000,120.0,8,7,2,0.00000,0.00000,0.00000,0.00000,0.00000
24.469,2,24405.000,19449,192000,3999.812,120.0,8,7,2,0.00000,0.00000,0.00000,0.00000,0.00000
24.569,0,24554.000,26601,192000,3999.812,120.0,8,7,2,0.00000,0.00000,0.00000,0.00000,0.00000
24.569,1,24603.000,28958,192000,3999.708,120.0,8,7,2,0.00000,0.00000,0.00000,0.00000,0.00000
24.569,2,24505.000,24244,192000,3999.917,120.0,8,7,2,0.00000,0.00000,0.00000,0.00000,0.00000
24.671,0,24655.000,31467,192000,3999.438,120.0,8,7,2,0.00000,0.00000,0.00000,0.00000,0.00000
24.671,1,24704.000,33834,192000,3999.125,120.0,8,7,2,0.00000,0.00000,0.00000,0.00000,0.00000
24.671,2,24606.000,29101,192000,3999.729,120.0,8,7,2,0.00000,0.00000,0.00000,0.00000,0.00000
24.774,0,24758.000,36418,192000,3999.292,120.0,8,7,2,0.00000,0.00000,0.00000,0.00000,0.00000
24.774,1,24808.000,38795,192000,3999.771,120.0,8,7,2,0.00000,0.00000,0.00000,0.00000,0.00000
24.774,2,24709.000,34041,192000,3999.812,120.0,8,7,2,0.00000,0.00000,0.00000,0.00000,0.00000
24.876,0,24861.000,41333,192000,3999.896,120.0,8,7,2,0.00000,0.00000,0.00000,0.00000,0.00000
24.876,1,24910.000,43720,192000,3999.167,120.0,8,7,2,0.00000,0.00000,0.00000,0.00000,0.00000
24.876,2,24811.000,38947,192000,3999.604,120.0,8,7,2,0.00000,0.00000,0.00000,0.00000,0.00000
24.978,0,24962.000,46207,192000,3999.354,120.0,8,7,2,0.00000,0.00000,0.00000,0.00000,0.00000
24.978,1,25012.000,48604,192000,3999.417,120.0,8,7,2,0.00000,0.00000,0.00000,0.00000,0.00000
24.978,2,24912.000,43811,192000,3999.271,120.0,8,7,2,0.00000,0.00000,0.00000,0.00000,0.00000
25.078,0,25062.000,51009,192000,3999.312,120.0,8,7,2,0.00000,0.00000,0.00000,0.00000,0.00000
25.078,1,25112.000,53415,192000,3999.188,120.0,8,7,2,0.00000,0.00000,0.00000,0.00000,0.00000
25.078,2,25012.000,48603,192000,3999.438,120.0,8,7,2,0.00000,0.00000,0.00000,0.00000,0.00000
25.180,0,25164.000,55903,192000,3999.354,120.0,8,7,2,0.00000,0.00000,0.00000,0.00000,0.00000
25.180,1,25214.000,58319,192000,3999.021,120.0,8,7,2,0.00000,0.00000,0.00000,0.00000,0.00000
25.180,2,25114.000,53488,192000,3999.667,120.0,8,7,2,0.00000,0.00000,0.00000,0.00000,0.00000
25.281,0,25265.000,60756,192000,3999.250,120.0,8,7,2,0.00000,0.00000,0.00000,0.00000,0.00000
25.281,1,25316.000,63181,192000,3999.729,120.0,8,7,2,0.00000,0.00000,0.00000,0.00000,0.00000
25.281,2,25215.000,58331,192000,3999.771,120.0,8,7,2,0.00000,0.00000,0.00000,0.00000,0.00000
25.383,0,25368.000,65680,192000,3999.667,120.0,8,7,2,0.00000,0.00000,0.00000,0.00000,0.00000
25.383,1,25419.000,68116,192000,3999.917,120.0,8,7,2,0.00000,0.00000,0.00000,0.00000,0.00000
25.383,2,25317.000,63245,192000,3999.396,120.0,8,7,2,0.00000,0.00000,0.00000,0.00000,0.00000
25.485,0,25469.000,70550,192000,3999.208,120.0,8,7,2,0.00000,0.00000,0.00000,0.00000,0.00000
25.485,1,25520.000,72995,192000,3999.271,120.0,8,7,2,0.00000,0.00000,0.00000,0.00000,0.00000
25.485,2,25418.000,68105,192000,3999.146,120.0,8,7,2,0.00000,0.00000,0.00000,0.00000,0.00000
25.588,0,25572.000,75476,192000,3999.583,120.0,8,7,2,0.00000,0.00000,0.00000,0.00000,0.00000
25.588,1,25623.000,77931,192000,3999.438,120.0,8,7,2,0.00000,0.00000,0.00000,0.00000,0.00000
25.588,2,25521.000,73021,192000,3999.729,120.0,8,7,2,0.00000,0.00000,0.00000,0.00000,0.00000
25.688,0,25672.000,80284,192000,3999.417,120.0,8,7,2,0.00000,0.00000,0.00000,0.00000,0.00000
25.688,1,25723.000,82749,192000,3999.062,120.0,8,7,2,0.00000,0.00000,0.00000,0.00000,0.00000
25.688,2,25621.000,77820,192000,3999.750,120.0,8,7,2,0.00000,0.00000,0.00000,0.00000,0.00000
25.791,0,25775.000,85222,192000,3999.542,120.0,8,7,2,0.00000,0.00000,0.00000,0.00000,0.00000
25.791,1,25827.000,87696,192000,0.000,120.0,8,7,2,0.00000,0.00000,0.00000,0.00000,0.00000
25.791,2,25723.000,82748,192000,3999.083,120.0,8,7,2,0.00000,0.00000,0.00000,0.00000,0.00000
25.891,0,25875.000,90022,192000,3999.542,120.0,8,7,2,0.00000,0.00000,0.00000,0.00000,0.00000
25.891,1,25927.000,92506,192000,3999.792,120.0,8,7,2,0.00000,0.00000,0.00000,0.00000,0.00000
25.891,2,25823.000,87538,192000,3999.292,120.0,8,7,2,0.00000,0.00000,0.00000,0.00000,0.00000
25.991,0,25976.000,94854,192000,3999.875,120.0,8,7,2,0.00000,0.00000,0.00000,0.00000,0.00000
25.991,1,26028.000,97347,192000,3999.938,120.0,8,7,2,0.00000,0.00000,0.00000,0.00000,0.00000
25.991,2,25924.000,92360,192000,3999.833,120.0,8,7,2,0.00000,0.00000,0.00000,0.00000,0.00000
26.093,0,26078.000,99748,192000,3999.917,120.0,8,7,2,0.00000,0.00000,0.00000,0.00000,0.00000
26.093,1,26130.000,102252,192000,3999.750,120.0,8,7,2,0.00000,0.00000,0.00000,0.00000,0.00000
26.093,2,26025.000,97245,192000,3999.062,120.0,8,7,2,0.00000,0.00000,0.00000,0.00000,0.00000
26.194,0,26178.000,104584,192000,3999.167,120.0,8,7,2,0.00000,0.00000,0.00000,0.00000,0.00000
26.194,1,26231.000,107097,192000,3999.812,120.0,8,7,2,0.00000,0.00000,0.00000,0.00000,0.00000
26.194,2,26126.000,102071,192000,3999.521,120.0,8,7,2,0.00000,0.00000,0.00000,0.00000,0.00000
26.296,0,26281.000,109502,192000,3999.708,120.0,8,7,2,0.00000,0.00000,0.00000,0.00000,0.00000
26.296,1,26333.000,112025,192000,3999.146,120.0,8,7,2,0.00000,0.00000,0.00000,0.00000,0.00000
26.296,2,26228.000,106979,192000,3999.271,120.0,8,7,2,0.00000,0.00000,0.00000,0.00000,0.00000
26.397,0,26382.000,114339,192000,3999.938,120.0,8,7,2,0.00000,0.00000,0.00000,0.00000,0.00000
26.397,1,26434.000,116871,192000,3999.188,120.0,8,7,2,0.00000,0.00000,0.00000,0.00000,0.00000
26.397,2,26329.000,111806,192000,3999.708,120.0,8,7,2,0.00000,0.00000,0.00000,0.00000,0.00000
26.498,0,26482.000,119180,192000,3999.083,120.0,8,7,2,0.00000,0.00000,0.00000,0.00000,0.00000
26.498,1,26535.000,121722,192000,3999.125,120.0,8,7,2,0.00000,0.00000,0.00000,0.00000,0.00000
26.498,2,26429.000,116637,192000,3999.062,120.0,8,7,2,0.00000,0.00000,0.00000,0.00000,0.00000
26.599,0,26583.000,124027,192000,3999.104,120.0,8,7,2,0.00000,0.00000,0.00000,0.00000,0.00000
26.599,1,26637.000,126579,192000,3999.938,120.0,8,7,2,0.00000,0.00000,0.00000,0.00000,0.00000
26.599,2,26530.000,121475,192000,3999.271,120.0,8,7,2,0.00000,0.00000,0.00000,0.00000,0.00000
26.701,0,26685.000,128918,192000,3999.208,120.0,8,7,2,0.00000,0.00000,0.00000,0.00000,0.00000
26.701,1,26739.000,131480,192000,3999.833,120.0,8,7,2,0.00000,0.00000,0.00000,0.00000,0.00000
26.701,2,26632.000,126356,192000,3999.583,120.0,8,7,2,0.00000,0.00000,0.00000,0.00000,0.00000
26.804,0,26788.000,133867,192000,3999.104,120.0,8,7,2,0.00000,0.00000,0.00000,0.00000,0.00000
26.804,1,26842.000,136439,192000,3999.521,120.0,8,7,2,0.00000,0.00000,0.00000,0.00000,0.00000
26.804,2,26735.000,131296,192000,3999.667,120.0,8,7,2,0.00000,0.00000,0.00000,0.00000,0.00000
26.905,0,26889.000,138716,192000,3999.083,120.0,8,7,2,0.00000,0.00000,0.00000,0.00000,0.00000
26.905,1,26943.000,141297,192000,3999.312,120.0,8,7,2,0.00000,0.00000,0.00000,0.00000,0.00000
26.905,2,26836.000,136135,192000,3999.854,120.0,8,7,2,0.00000,0.00000,0.00000,0.00000,0.00000
27.008,0,26993.000,143665,192000,3999.979,120.0,8,7,2,0.00000,0.00000,0.00000,0.00000,0.00000
27.008,1,27047.000,146256,192000,0.000,120.0,8,7,2,0.00000,0.00000,0.00000,0.00000,0.00000
27.008,2,26939.000,141074,192000,3999.958,120.0,8,7,2,0.00000,0.00000,0.00000,0.00000,0.00000
27.111,0,27095.000,148600,192000,3999.167,120.0,8,7,2,0.00000,0.00000,0.00000,0.00000,0.00000
27.111,1,27150.000,151201,192000,3999.979,120.0,8,7,2,0.00000,0.00000,0.00000,0.00000,0.00000
27.111,2,27041.000,145999,192000,3999.354,120.0,8,7,2,0.00000,0.00000,0.00000,0.00000,0.00000
27.211,0,27196.000,153421,192000,3999.729,120.0,8,7,2,0.00000,0.00000,0.00000,0.00000,0.00000
27.211,1,27250.000,156031,192000,3999.354,120.0,8,7,2,0.00000,0.00000,0.00000,0.00000,0.00000
27.211,2,27141.000,150810,192000,3999.125,120.0,8,7,2,0.00000,0.00000,0.00000,0.00000,0.00000
27.312,0,27296.000,158254,192000,3999.042,120.0,8,7,2,0.00000,0.00000,0.00000,0.00000,0.00000
27.312,1,27351.000,160874,192000,3999.458,120.0,8,7,2,0.00000,0.00000,0.00000,0.00000,0.00000
27.312,2,27242.000,155634,192000,3999.625,120.0,8,7,2,0.00000,0.00000,0.00000,0.00000,0.00000
27.414,0,27399.000,163157,192000,3999.896,120.0,8,7,2,0.00000,0.00000,0.00000,0.00000,0.00000
27.414,1,27453.000,165787,192000,3999.104,120.0,8,7,2,0.00000,0.00000,0.00000,0.00000,0.00000
27.414,2,27344.000,160527,192000,3999.688,120.0,8,7,2,0.00000,0.00000,0.00000,0.00000,0.00000
27.517,0,27502.000,168098,192000,3999.958,120.0,8,7,2,0.00000,0.00000,0.00000,0.00000,0.00000
27.517,1,27557.000,170738,192000,3999.958,120.0,8,7,2,0.00000,0.00000,0.00000,0.00000,0.00000
27.517,2,27447.000,165458,192000,3999.958,120.0,8,7,2,0.00000,0.00000,0.00000,0.00000,0.00000
27.619,0,27604.000,172993,192000,3999.979,120.0,8,7,2,0.00000,0.00000,0.00000,0.00000,0.00000
27.619,1,27659.000,175642,192000,3999.792,120.0,8,7,2,0.00000,0.00000,0.00000,0.00000,0.00000
27.619,2,27548.000,170343,192000,3999.188,120.0,8,7,2,0.00000,0.00000,0.00000,0.00000,0.00000
27.721,0,27706.000,177902,192000,3999.708,120.0,8,7,2,0.00000,0.00000,0.00000,0.00000,0.00000
27.721,1,27761.000,180562,192000,3999.292,120.0,8,7,2,0.00000,0.00000,0.00000,0.00000,0.00000
27.721,2,27650.000,175243,192000,3999.104,120.0,8,7,2,0.00000,0.00000,0.00000,0.00000,0.00000
27.823,0,27808.000,182801,192000,3999.646,120.0,8,7,2,0.00000,0.00000,0.00000,0.00000,0.00000
27.823,1,27863.000,185470,192000,3999.042,120.0,8,7,2,0.00000,0.00000,0.00000,0.00000,0.00000
27.823,2,27752.000,180131,192000,3999.271,120.0,8,7,2,0.00000,0.00000,0.00000,0.00000,0.00000
27.926,0,27910.000,187725,192000,3999.062,120.0,8,7,2,0.00000,0.00000,0.00000,0.00000,0.00000
27.926,1,27966.000,190405,192000,3999.229,120.0,8,7,2,0.00000,0.00000,0.00000,0.00000,0.00000
27.926,2,27855.000,185046,192000,3999.875,120.0,8,7,2,0.00000,0.00000,0.00000,0.00000,0.00000
28.028,0,28012.000,607,192000,3999.354,120.0,8,8,2,0.00000,0.00000,0.00000,0.00000,0.00000
28.028,1,28068.000,3296,192000,3999.333,120.0,8,8,2,0.00000,0.00000,0.00000,0.00000,0.00000
28.028,2,27956.000,189918,192000,3999.375,120.0,8,7,2,0.00000,0.00000,0.00000,0.00000,0.00000
28.130,0,28114.000,5518,192000,3999.042,120.0,8,8,2,0.00000,0.00000,0.00000,0.00000,0.00000
28.130,1,28171.000,8217,192000,3999.812,120.0,8,8,2,0.00000,0.00000,0.00000,0.00000,0.00000
28.130,2,28058.000,2819,192000,3999.271,120.0,8,8,2,0.10818,0.10802,0.10818,0.00000,0.00000
28.232,0,28216.000,10391,192000,3999.521,120.0,8,8,2,0.00000,0.00000,0.00000,0.00000,0.00000
28.232,1,28272.000,13099,192000,3999.104,120.0,8,8,2,0.00000,0.00000,0.00000,0.00000,0.00000
28.232,2,28160.000,7682,192000,3999.958,120.0,8,8,2,0.07098,0.07088,0.07098,0.00000,0.00000
28.334,0,28318.000,15290,192000,3999.458,120.0,8,8,2,0.00000,0.00000,0.00000,0.00000,0.00000
28.334,1,28375.000,18008,192000,3999.833,120.0,8,8,2,0.00000,0.00000,0.00000,0.00000,0.00000
28.334,2,28261.000,12572,192000,3999.083,120.0,8,8,2,0.04647,0.04640,0.04647,0.00000,0.00000
28.434,0,28419.000,20127,192000,3999.688,120.0,8,8,2,0.00000,0.00000,0.00000,0.00000,0.00000
28.434,1,28476.000,22855,192000,3999.854,120.0,8,8,2,0.00000,0.00000,0.00000,0.00000,0.00000
28.434,2,28362.000,17399,192000,3999.521,120.0,8,8,2,0.03059,0.03054,0.03059,0.00000,0.00000
28.537,0,28521.000,25028,192000,3999.583,120.0,8,8,2,0.00000,0.00000,0.00000,0.00000,0.00000
28.537,1,28578.000,27766,192000,3999.542,120.0,8,8,2,0.00000,0.00000,0.00000,0.00000,0.00000
28.537,2,28464.000,22291,192000,3999.604,120.0,8,8,2,0.02002,0.01999,0.02002,0.00000,0.00000
28.638,0,28622.000,29883,192000,3999.438,120.0,8,8,2,0.00000,0.00000,0.00000,0.00000,0.00000
28.638,1,28679.000,32630,192000,3999.208,120.0,8,8,2,0.00000,0.00000,0.00000,0.00000,0.00000
28.638,2,28565.000,27135,192000,3999.688,120.0,8,8,2,0.01316,0.01314,0.01316,0.00000,0.00000
28.738,0,28722.000,34695,192000,3999.188,120.0,8,8,2,0.00000,0.00000,0.00000,0.00000,0.00000
28.738,1,28780.000,37452,192000,3999.750,120.0,8,8,2,0.00000,0.00000,0.00000,0.00000,0.00000
28.738,2,28665.000,31938,192000,3999.625,120.0,8,8,2,0.00868,0.00867,0.00868,0.00000,0.00000
28.839,0,28823.000,39526,192000,3999.542,120.0,8,8,2,0.00000,0.00000,0.00000,0.00000,0.00000
28.839,1,28881.000,42293,192000,3999.896,120.0,8,8,2,0.00000,0.00000,0.00000,0.00000,0.00000
28.839,2,28765.000,36760,192000,3999.167,120.0,8,8,2,0.00571,0.00571,0.00571,0.00000,0.00000
28.939,0,28923.000,44351,192000,3999.021,120.0,8,8,2,0.00000,0.00000,0.00000,0.00000,0.00000
28.939,1,28981.000,47128,192000,3999.167,120.0,8,8,2,0.00000,0.00000,0.00000,0.00000,0.00000
28.939,2,28866.000,41575,192000,3999.854,120.0,8,8,2,0.00377,0.00376,0.00377,0.00000,0.00000
29.041,0,29025.000,49234,192000,3999.292,120.0,8,8,2,0.00000,0.00000,0.00000,0.00000,0.00000
29.041,1,29083.000,52020,192000,3999.250,120.0,8,8,2,0.00000,0.00000,0.00000,0.00000,0.00000
29.041,2,28967.000,46447,192000,3999.354,120.0,8,8,2,0.00247,0.00247,0.00247,0.00000,0.00000
29.143,0,29127.000,54118,192000,3999.542,120.0,8,8,2,0.00000,0.00000,0.00000,0.00000,0.00000
29.143,1,29185.000,56914,192000,3999.292,120.0,8,8,2,0.00000,0.00000,0.00000,0.00000,0.00000
29.143,2,29069.000,51322,192000,3999.792,120.0,8,8,2,0.00162,0.00162,0.00162,0.00000,0.00000
29.245,0,29229.000,59031,192000,3999.188,120.0,8,8,2,0.00000,0.00000,0.00000,0.00000,0.00000
29.245,1,29288.000,61837,192000,3999.729,120.0,8,8,2,0.00000,0.00000,0.00000,0.00000,0.00000
29.245,2,29171.000,56226,192000,3999.625,120.0,8,8,2,0.00106,0.00106,0.00106,0.00000,0.00000
29.346,0,29330.000,63869,192000,3999.396,120.0,8,8,2,0.00000,0.00000,0.00000,0.00000,0.00000
29.346,1,29389.000,66684,192000,3999.750,120.0,8,8,2,0.00000,0.00000,0.00000,0.00000,0.00000
29.346,2,29271.000,61053,192000,3999.062,120.0,8,8,2,0.00070,0.00070,0.00070,0.00000,0.00000
29.447,0,29432.000,68755,192000,3999.604,120.0,8,8,2,0.00000,0.00000,0.00000,0.00000,0.00000
29.447,1,29491.000,71580,192000,3999.750,120.0,8,8,2,0.00000,0.00000,0.00000,0.00000,0.00000
29.447,2,29373.000,65930,192000,3999.458,120.0,8,8,2,0.00046,0.00046,0.00046,0.00000,0.00000
29.548,0,29532.000,73566,192000,3999.375,120.0,8,8,2,0.00000,0.00000,0.00000,0.00000,0.00000
29.548,1,29591.000,76401,192000,3999.312,120.0,8,8,2,0.00000,0.00000,0.00000,0.00000,0.00000
29.548,2,29473.000,70731,192000,3999.438,120.0,8,8,2,0.00030,0.00030,0.00030,0.00000,0.00000
29.649,0,29633.000,78425,192000,3999.146,120.0,8,8,2,0.00000,0.00000,0.00000,0.00000,0.00000
29.649,1,29693.000,81269,192000,3999.896,120.0,8,8,2,0.00000,0.00000,0.00000,0.00000,0.00000
29.649,2,29574.000,75580,192000,3999.417,120.0,8,8,2,0.00020,0.00020,0.00020,0.00000,0.00000
29.752,0,29736.000,83350,192000,3999.542,120.0,8,8,2,0.00000,0.00000,0.00000,0.00000,0.00000
29.752,1,29795.000,86205,192000,3999.062,120.0,8,8,2,0.00000,0.00000,0.00000,0.00000,0.00000
29.752,2,29677.000,80496,192000,0.000,120.0,8,8,2,0.00013,0.00013,0.00013,0.00000,0.00000
29.854,0,29839.000,88283,192000,3999.771,120.0,8,8,2,0.00000,0.00000,0.00000,0.00000,0.00000
29.854,1,29898.000,91148,192000,3999.083,120.0,8,8,2,0.00000,0.00000,0.00000,0.00000,0.00000
29.854,2,29779.000,85419,192000,3999.438,120.0,8,8,2,0.00008,0.00008,0.00008,0.00000,0.00000
29.955,0,29939.000,93106,192000,3999.292,120.0,8,8,2,0.00000,0.00000,0.00000,0.00000,0.00000
29.955,1,29999.000,95980,192000,3999.417,120.0,8,8,2,0.00000,0.00000,0.00000,0.00000,0.00000
29.955,2,29879.000,90232,192000,3999.167,120.0,8,8,2,0.00006,0.00006,0.00006,0.00000,0.00000
30.056,0,30041.000,97986,192000,3999.625,120.0,8,8,2,0.00000,0.00000,0.00000,0.00000,0.00000
30.056,1,30101.000,100869,192000,3999.562,120.0,8,8,2,0.00000,0.00000,0.00000,0.00000,0.00000
30.056,2,29981.000,95102,192000,3999.708,120.0,8,8,2,0.00004,0.00004,0.00004,0.00000,0.00000
30.157,0,30142.000,102834,192000,3999.625,120.0,8,8,2,0.00000,0.00000,0.00000,0.00000,0.00000
30.157,1,30202.000,105727,192000,3999.354,120.0,8,8,2,0.00000,0.00000,0.00000,0.00000,0.00000
30.157,2,30082.000,99940,192000,3999.917,120.0,8,8,2,0.00002,0.00002,0.00002,0.00000,0.00000
30.258,0,30243.000,107679,192000,3999.688,120.0,8,8,2,0.00000,0.00000,0.00000,0.00000,0.00000
30.258,1,30303.000,110583,192000,3999.188,120.0,8,8,2,0.00000,0.00000,0.00000,0.00000,0.00000
30.258,2,30182.000,104776,192000,3999.167,120.0,8,8,2,0.00002,0.00002,0.00002,0.00000,0.00000
30.360,0,30344.000,112537,192000,3999.479,120.0,8,8,2,0.00000,0.00000,0.00000,0.00000,0.00000
30.360,1,30405.000,115449,192000,3999.812,120.0,8,8,2,0.00000,0.00000,0.00000,0.00000,0.00000
30.360,2,30283.000,109624,192000,3999.167,120.0,8,8,2,0.00001,0.00001,0.00001,0.00000,0.00000
30.460,0,30444.000,117337,192000,3999.479,120.0,8,8,2,0.00000,0.00000,0.00000,0.00000,0.00000
30.460,1,30505.000,120260,192000,3999.583,120.0,8,8,2,0.00000,0.00000,0.00000,0.00000,0.00000
30.460,2,30383.000,114415,192000,3999.354,120.0,8,8,2,0.00001,0.00001,0.00001,0.00000,0.00000
30.561,0,30546.000,122210,192000,3999.958,120.0,8,8,2,0.00000,0.00000,0.00000,0.00000,0.00000
30.561,1,30607.000,125142,192000,3999.875,120.0,8,8,2,0.00000,0.00000,0.00000,0.00000,0.00000
30.561,2,30484.000,119278,192000,3999.042,120.0,8,8,2,0.00000,0.00000,0.00000,0.00000,0.00000
30.663,0,30648.000,127113,192000,3999.812,120.0,8,8,2,0.00000,0.00000,0.00000,0.00000,0.00000
30.663,1,30709.000,130055,192000,3999.521,120.0,8,8,2,0.00000,0.00000,0.00000,0.00000,0.00000
30.663,2,30586.000,124171,192000,3999.104,120.0,8,8,2,0.00000,0.00000,0.00000,0.00000,0.00000
30.765,0,30750.000,132003,192000,3999.938,120.0,8,8,2,0.00000,0.00000,0.00000,0.00000,0.00000
30.765,1,30811.000,134955,192000,3999.438,120.0,8,8,2,0.00000,0.00000,0.00000,0.00000,0.00000
30.765,2,30688.000,129051,192000,3999.438,120.0,8,8,2,0.00000,0.00000,0.00000,0.00000,0.00000
30.868,0,30853.000,136944,192000,0.000,120.0,8,8,2,0.00000,0.00000,0.00000,0.00000,0.00000
30.868,1,30914.000,139905,192000,3999.312,120.0,8,8,2,0.00000,0.00000,0.00000,0.00000,0.00000
30.868,2,30791.000,133982,192000,3999.708,120.0,8,8,2,0.00000,0.00000,0.00000,0.00000,0.00000
30.970,0,30955.000,141856,192000,3999.667,120.0,8,8,2,0.00000,0.00000,0.00000,0.00000,0.00000
30.970,1,31017.000,144827,192000,3999.771,120.0,8,8,2,0.00000,0.00000,0.00000,0.00000,0.00000
30.970,2,30893.000,138884,192000,3999.583,120.0,8,8,2,0.00000,0.00000,0.00000,0.00000,0.00000
31.071,0,31056.000,146693,192000,3999.896,120.0,8,8,2,0.00000,0.00000,0.00000,0.00000,0.00000
31.071,1,31118.000,149674,192000,3999.792,120.0,8,8,2,0.00000,0.00000,0.00000,0.00000,0.00000
31.071,2,30994.000,143712,192000,0.000,120.0,8,8,2,0.00000,0.00000,0.00000,0.00000,0.00000
31.174,0,31159.000,151635,192000,3999.938,120.0,8,8,2,0.00000,0.00000,0.00000,0.00000,0.00000
31.174,1,31221.000,154626,192000,3999.625,120.0,8,8,2,0.00000,0.00000,0.00000,0.00000,0.00000
31.174,2,31096.000,148644,192000,3999.250,120.0,8,8,2,0.00000,0.00000,0.00000,0.00000,0.00000
31.277,0,31261.000,156549,192000,3999.562,120.0,8,8,2,0.00000,0.00000,0.00000,0.00000,0.00000
31.277,1,31323.000,159549,192000,3999.062,120.0,8,8,2,0.00000,0.00000,0.00000,0.00000,0.00000
31.277,2,31198.000,153548,192000,3999.083,120.0,8,8,2,0.00000,0.00000,0.00000,0.00000,0.00000
31.377,0,31361.000,161370,192000,3999.125,120.0,8,8,2,0.00000,0.00000,0.00000,0.00000,0.00000
31.377,1,31424.000,164380,192000,3999.417,120.0,8,8,2,0.00000,0.00000,0.00000,0.00000,0.00000
31.377,2,31299.000,158359,192000,3999.854,120.0,8,8,2,0.00000,0.00000,0.00000,0.00000,0.00000
31.479,0,31464.000,166277,192000,3999.896,120.0,8,8,2,0.00000,0.00000,0.00000,0.00000,0.00000
31.479,1,31527.000,169298,192000,3999.958,120.0,8,8,2,0.00000,0.00000,0.00000,0.00000,0.00000
31.479,2,31401.000,163257,192000,3999.812,120.0,8,8,2,0.00000,0.00000,0.00000,0.00000,0.00000
31.581,0,31565.000,171164,192000,3999.083,120.0,8,8,2,0.00000,0.00000,0.00000,0.00000,0.00000
31.581,1,31629.000,174195,192000,3999.938,120.0,8,8,2,0.00000,0.00000,0.00000,0.00000,0.00000
31.581,2,31502.000,168134,192000,3999.208,120.0,8,8,2,0.00000,0.00000,0.00000,0.00000,0.00000
31.684,0,31668.000,176096,192000,3999.333,120.0,8,8,2,0.00000,0.00000,0.00000,0.00000,0.00000
31.684,1,31732.000,179136,192000,0.000,120.0,8,8,2,0.00000,0.00000,0.00000,0.00000,0.00000
31.684,2,31605.000,173056,192000,3999.667,120.0,8,8,2,0.00000,0.00000,0.00000,0.00000,0.00000
31.785,0,31770.000,180973,192000,3999.729,120.0,8,8,2,0.00000,0.00000,0.00000,0.00000,0.00000
31.785,1,31833.000,184023,192000,3999.188,120.0,8,8,2,0.00000,0.00000,0.00000,0.00000,0.00000
31.785,2,31706.000,177924,192000,3999.250,120.0,8,8,2,0.00000,0.00000,0.00000,0.00000,0.00000
31.888,0,31872.000,185902,192000,3999.042,120.0,8,8,2,0.00000,0.00000,0.00000,0.00000,0.00000
31.888,1,31936.000,188961,192000,3999.312,120.0,8,8,2,0.00000,0.00000,0.00000,0.00000,0.00000
31.888,2,31809.000,182842,192000,3999.792,120.0,8,8,2,0.00000,0.00000,0.00000,0.00000,0.00000
31.991,0,31975.000,190831,192000,3999.354,120.0,8,8,2,0.00000,0.00000,0.00000,0.00000,0.00000
31.991,1,32039.000,1900,192000,3999.417,120.0,8,9,2,0.11706,0.11706,0.11699,0.00000,0.00000
31.991,2,31911.000,187762,192000,3999.292,120.0,8,8,2,0.00000,0.00000,0.00000,0.00000,0.00000
32.091,0,32076.000,3664,192000,3999.667,120.0,8,9,2,0.10057,0.10048,0.10057,0.00000,0.00000
32.091,1,32140.000,6743,192000,3999.521,120.0,8,9,2,0.07694,0.07694,0.07690,0.00000,0.00000
32.091,2,32012.000,585,192000,3999.812,120.0,8,9,2,0.00000,0.00000,0.00000,0.00000,0.00000
32.194,0,32179.000,8597,192000,3999.896,120.0,8,9,2,0.06559,0.06553,0.06559,0.00000,0.00000
32.194,1,32243.000,11686,192000,3999.542,120.0,8,9,2,0.05014,0.05014,0.05011,0.00000,0.00000
32.194,2,32114.000,5508,192000,3999.250,120.0,8,9,2,0.00000,0.00000,0.00000,0.00000,0.00000
32.295,0,32279.000,13427,192000,3999.271,120.0,8,9,2,0.04316,0.04312,0.04316,0.00000,0.00000
32.295,1,32344.000,16525,192000,3999.729,120.0,8,9,2,0.03297,0.03297,0.03295,0.00000,0.00000
32.295,2,32215.000,10328,192000,3999.833,120.0,8,9,2,0.00000,0.00000,0.00000,0.00000,0.00000
32.396,0,32380.000,18285,192000,3999.062,120.0,8,9,2,0.02833,0.02831,0.02833,0.00000,0.00000
32.396,1,32445.000,21394,192000,3999.292,120.0,8,9,2,0.02162,0.02162,0.02161,0.00000,0.00000
32.396,2,32316.000,15177,192000,3999.812,120.0,8,9,2,0.00000,0.00000,0.00000,0.00000,0.00000
32.497,0,32481.000,23113,192000,3999.479,120.0,8,9,2,0.01865,0.01863,0.01865,0.00000,0.00000
32.497,1,32546.000,26231,192000,3999.521,120.0,8,9,2,0.01422,0.01422,0.01421,0.00000,0.00000
32.497,2,32416.000,19995,192000,3999.438,120.0,8,9,2,0.00000,0.00000,0.00000,0.00000,0.00000
32.597,0,32581.000,27929,192000,3999.146,120.0,8,9,2,0.01229,0.01227,0.01229,0.00000,0.00000
32.597,1,32647.000,31057,192000,3999.979,120.0,8,9,2,0.00936,0.00936,0.00935,0.00000,0.00000
32.597,2,32516.000,24801,192000,3999.312,120.0,8,9,2,0.00000,0.00000,0.00000,0.00000,0.00000
32.699,0,32683.000,32810,192000,3999.458,120.0,8,9,2,0.00805,0.00804,0.00805,0.00000,0.00000
32.699,1,32748.000,35947,192000,3999.104,120.0,8,9,2,0.00613,0.00613,0.00612,0.00000,0.00000
32.699,2,32618.000,29672,192000,3999.833,120.0,8,9,2,0.00000,0.00000,0.00000,0.00000,0.00000
32.801,0,32785.000,37709,192000,3999.396,120.0,8,9,2,0.00527,0.00526,0.00527,0.00000,0.00000
32.801,1,32851.000,40857,192000,3999.812,120.0,8,9,2,0.00400,0.00400,0.00400,0.00000,0.00000
32.801,2,32720.000,34562,192000,3999.958,120.0,8,9,2,0.00000,0.00000,0.00000,0.00000,0.00000
32.901,0,32886.000,42547,192000,3999.604,120.0,8,9,2,0.00346,0.00346,0.00346,0.00000,0.00000
32.901,1,32952.000,45703,192000,3999.854,120.0,8,9,2,0.00263,0.00263,0.00263,0.00000,0.00000
32.901,2,32820.000,39390,192000,3999.375,120.0,8,9,2,0.00000,0.00000,0.00000,0.00000,0.00000
33.004,0,32989.000,47478,192000,3999.875,120.0,8,9,2,0.00226,0.00226,0.00226,0.00000,0.00000
33.004,1,33055.000,50644,192000,3999.917,120.0,8,9,2,0.00171,0.00171,0.00171,0.00000,0.00000
33.004,2,32923.000,44311,192000,3999.854,120.0,8,9,2,0.00000,0.00000,0.00000,0.00000,0.00000
33.106,0,33090.000,52354,192000,3999.292,120.0,8,9,2,0.00148,0.00148,0.00148,0.00000,0.00000
33.106,1,33156.000,55530,192000,3999.125,120.0,8,9,2,0.00112,0.00112,0.00112,0.00000,0.00000
33.106,2,33024.000,49177,192000,3999.479,120.0,8,9,2,0.00000,0.00000,0.00000,0.00000,0.00000
33.206,0,33191.000,57170,192000,3999.958,120.0,8,9,2,0.00098,0.00097,0.00098,0.00000,0.00000
33.206,1,33257.000,60356,192000,3999.583,120.0,8,9,2,0.00074,0.00074,0.00074,0.00000,0.00000
33.206,2,33124.000,53984,192000,3999.333,120.0,8,9,2,0.00000,0.00000,0.00000,0.00000,0.00000
33.308,0,33292.000,62056,192000,3999.167,120.0,8,9,2,0.00064,0.00064,0.00064,0.00000,0.00000
33.308,1,33359.000,65252,192000,3999.583,120.0,8,9,2,0.00048,0.00048,0.00048,0.00000,0.00000
33.308,2,33226.000,58860,192000,3999.750,120.0,8,9,2,0.00000,0.00000,0.00000,0.00000,0.00000
33.410,0,33394.000,66945,192000,3999.312,120.0,8,9,2,0.00042,0.00042,0.00042,0.00000,0.00000
33.410,1,33461.000,70151,192000,3999.521,120.0,8,9,2,0.00032,0.00032,0.00032,0.00000,0.00000
33.410,2,33327.000,63739,192000,3999.104,120.0,8,9,2,0.00000,0.00000,0.00000,0.00000,0.00000
33.513,0,33497.000,71898,192000,3999.125,120.0,8,9,2,0.00027,0.00027,0.00027,0.00000,0.00000
33.513,1,33564.000,75113,192000,3999.146,120.0,8,9,2,0.00021,0.00021,0.00021,0.00000,0.00000
33.513,2,33430.000,68682,192000,3999.125,120.0,8,9,2,0.00000,0.00000,0.00000,0.00000,0.00000
33.615,0,33599.000,76787,192000,3999.271,120.0,8,9,2,0.00018,0.00018,0.00018,0.00000,0.00000
33.615,1,33666.000,80013,192000,3999.062,120.0,8,9,2,0.00013,0.00013,0.00013,0.00000,0.00000
33.615,2,33532.000,73562,192000,3999.458,120.0,8,9,2,0.00000,0.00000,0.00000,0.00000,0.00000
33.716,0,33701.000,81655,192000,3999.854,120.0,8,9,2,0.00012,0.00012,0.00012,0.00000,0.00000
33.716,1,33768.000,84890,192000,3999.458,120.0,8,9,2,0.00009,0.00009,0.00009,0.00000,0.00000
33.716,2,33633.000,78420,192000,3999.250,120.0,8,9,2,0.00000,0.00000,0.00000,0.00000,0.00000
33.817,0,33802.000,86497,192000,3999.979,120.0,8,9,2,0.00008,0.00008,0.00008,0.00000,0.00000
33.817,1,33869.000,89741,192000,3999.396,120.0,8,9,2,0.00006,0.00006,0.00006,0.00000,0.00000
33.817,2,33734.000,83252,192000,3999.583,120.0,8,9,2,0.00000,0.00000,0.00000,0.00000,0.00000
33.919,0,33903.000,91389,192000,3999.062,120.0,8,9,2,0.00005,0.00005,0.00005,0.00000,0.00000
33.919,1,33971.000,94643,192000,3999.271,120.0,8,9,2,0.00004,0.00004,0.00004,0.00000,0.00000
33.919,2,33836.000,88134,192000,3999.875,120.0,8,9,2,0.00000,0.00000,0.00000,0.00000,0.00000
34.020,0,34005.000,96258,192000,3999.625,120.0,8,9,2,0.00003,0.00003,0.00003,0.00000,0.00000
34.020,1,34073.000,99522,192000,3999.625,120.0,8,9,2,0.00002,0.00002,0.00002,0.00000,0.00000
34.020,2,33937.000,92993,192000,3999.646,120.0,8,9,2,0.00000,0.00000,0.00000,0.00000,0.00000
34.123,0,34107.000,101170,192000,3999.292,120.0,8,9,2,0.00002,0.00002,0.00002,0.00000,0.00000
34.123,1,34175.000,104444,192000,3999.083,120.0,8,9,2,0.00002,0.00002,0.00002,0.00000,0.00000
34.123,2,34039.000,97896,192000,3999.500,120.0,8,9,2,0.00000,0.00000,0.00000,0.00000,0.00000
34.225,0,34209.000,106071,192000,3999.188,120.0,8,9,2,0.00001,0.00001,0.00001,0.00000,0.00000
34.225,1,34278.000,109355,192000,3999.771,120.0,8,9,2,0.00001,0.00001,0.00001,0.00000,0.00000
34.225,2,34141.000,102787,192000,3999.604,120.0,8,9,2,0.00000,0.00000,0.00000,0.00000,0.00000
34.325,0,34310.000,110882,192000,3999.958,120.0,8,9,2,0.00001,0.00001,0.00001,0.00000,0.00000
34.325,1,34378.000,114175,192000,3999.354,120.0,8,9,2,0.00001,0.00001,0.00001,0.00000,0.00000
34.325,2,34241.000,107588,192000,3999.583,120.0,8,9,2,0.00000,0.00000,0.00000,0.00000,0.00000
34.427,0,34411.000,115773,192000,3999.062,120.0,8,9,2,0.00001,0.00001,0.00001,0.00000,0.00000
34.427,1,34480.000,119076,192000,3999.250,120.0,8,9,2,0.00000,0.00000,0.00000,0.00000,0.00000
34.427,2,34343.000,112470,192000,3999.875,120.0,8,9,2,0.00000,0.00000,0.00000,0.00000,0.00000
34.529,0,34513.000,120646,192000,3999.542,120.0,8,9,2,0.00000,0.00000,0.00000,0.00000,0.00000
34.529,1,34582.000,123959,192000,3999.521,120.0,8,9,2,0.00000,0.00000,0.00000,0.00000,0.00000
34.529,2,34444.000,117333,192000,3999.562,120.0,8,9,2,0.00000,0.00000,0.00000,0.00000,0.00000
34.631,0,34615.000,125545,192000,3999.479,120.0,8,9,2,0.00000,0.00000,0.00000,0.00000,0.00000
34.631,1,34684.000,128868,192000,3999.250,120.0,8,9,2,0.00000,0.00000,0.00000,0.00000,0.00000
34.631,2,34546.000,122222,192000,3999.708,120.0,8,9,2,0.00000,0.00000,0.00000,0.00000,0.00000
34.733,0,34717.000,130442,192000,3999.458,120.0,8,9,2,0.00000,0.00000,0.00000,0.00000,0.00000
34.733,1,34786.000,133775,192000,3999.021,120.0,8,9,2,0.00000,0.00000,0.00000,0.00000,0.00000
34.733,2,34648.000,127110,192000,3999.875,120.0,8,9,2,0.00000,0.00000,0.00000,0.00000,0.00000
34.835,0,34819.000,135350,192000,3999.208,120.0,8,9,2,0.00000,0.00000,0.00000,0.00000,0.00000
34.835,1,34889.000,138693,192000,3999.562,120.0,8,9,2,0.00000,0.00000,0.00000,0.00000,0.00000
34.835,2,34750.000,132008,192000,3999.833,120.0,8,9,2,0.00000,0.00000,0.00000,0.00000,0.00000
34.936,0,34921.000,140227,192000,3999.604,120.0,8,9,2,0.00000,0.00000,0.00000,0.00000,0.00000
34.936,1,34991.000,143579,192000,3999.771,120.0,8,9,2,0.00000,0.00000,0.00000,0.00000,0.00000
34.936,2,34851.000,136875,192000,3999.438,120.0,8,9,2,0.00000,0.00000,0.00000,0.00000,0.00000
35.039,0,35024.000,145160,192000,3999.833,120.0,8,9,2,0.00000,0.00000,0.00000,0.00000,0.00000
35.039,1,35094.000,148522,192000,3999.792,120.0,8,9,2,0.00000,0.00000,0.00000,0.00000,0.00000
35.039,2,34954.000,141798,192000,3999.875,120.0,8,9,2,0.00000,0.00000,0.00000,0.00000,0.00000
35.141,0,35126.000,150064,192000,3999.667,120.0,8,9,2,0.00000,0.00000,0.00000,0.00000,0.00000
35.141,1,35196.000,153436,192000,3999.417,120.0,8,9,2,0.00000,0.00000,0.00000,0.00000,0.00000
35.141,2,35056.000,146692,192000,3999.917,120.0,8,9,2,0.00000,0.00000,0.00000,0.00000,0.00000
35.242,0,35226.000,154879,192000,3999.354,120.0,8,9,2,0.00000,0.00000,0.00000,0.00000,0.00000
35.242,1,35297.000,158261,192000,3999.896,120.0,8,9,2,0.00000,0.00000,0.00000,0.00000,0.00000
35.242,2,35156.000,151498,192000,3999.792,120.0,8,9,2,0.00000,0.00000,0.00000,0.00000,0.00000
35.342,0,35326.000,159682,192000,3999.292,120.0,8,9,2,0.00000,0.00000,0.00000,0.00000,0.00000
35.342,1,35397.000,163074,192000,3999.625,120.0,8,9,2,0.00000,0.00000,0.00000,0.00000,0.00000
35.342,2,35256.000,156291,192000,3999.938,120.0,8,9,2,0.00000,0.00000,0.00000,0.00000,0.00000
35.443,0,35428.000,164555,192000,3999.771,120.0,8,9,2,0.00000,0.00000,0.00000,0.00000,0.00000
35.443,1,35499.000,167956,192000,3999.917,120.0,8,9,2,0.00000,0.00000,0.00000,0.00000,0.00000
35.443,2,35357.000,161154,192000,3999.625,120.0,8,9,2,0.00000,0.00000,0.00000,0.00000,0.00000
35.546,0,35530.000,169477,192000,3999.229,120.0,8,9,2,0.00000,0.00000,0.00000,0.00000,0.00000
35.546,1,35601.000,172888,192000,3999.167,120.0,8,9,2,0.00000,0.00000,0.00000,0.00000,0.00000
35.546,2,35459.000,166066,192000,3999.292,120.0,8,9,2,0.00000,0.00000,0.00000,0.00000,0.00000
35.646,0,35631.000,174306,192000,3999.625,120.0,8,9,2,0.00000,0.00000,0.00000,0.00000,0.00000
35.646,1,35702.000,177727,192000,3999.354,120.0,8,9,2,0.00000,0.00000,0.00000,0.00000,0.00000
35.646,2,35560.000,170886,192000,3999.875,120.0,8,9,2,0.00000,0.00000,0.00000,0.00000,0.00000
35.747,0,35732.000,179139,192000,3999.938,120.0,8,9,2,0.00000,0.00000,0.00000,0.00000,0.00000
35.747,1,35803.000,182569,192000,3999.479,120.0,8,9,2,0.00000,0.00000,0.00000,0.00000,0.00000
35.747,2,35660.000,175709,192000,3999.396,120.0,8,9,2,0.00000,0.00000,0.00000,0.00000,0.00000
35.850,0,35834.000,184065,192000,3999.312,120.0,8,9,2,0.00000,0.00000,0.00000,0.00000,0.00000
35.850,1,35906.000,187505,192000,3999.646,120.0,8,9,2,0.00000,0.00000,0.00000,0.00000,0.00000
35.850,2,35763.000,180625,192000,3999.979,120.0,8,9,2,0.00000,0.00000,0.00000,0.00000,0.00000
35.953,0,35937.000,189012,192000,3999.250,120.0,8,9,2,0.00000,0.00000,0.00000,0.00000,0.00000
35.953,1,36009.000,461,192000,3999.396,120.0,8,10,2,0.00000,0.00000,0.00000,0.00000,0.00000
35.953,2,35865.000,185562,192000,3999.125,120.0,8,9,2,0.00000,0.00000,0.00000,0.00000,0.00000
36.053,0,36038.000,1824,192000,0.000,120.0,8,10,2,0.00000,0.00000,0.00000,0.00000,0.00000
36.053,1,36110.000,5283,192000,3999.938,120.0,8,10,2,0.00000,0.00000,0.00000,0.00000,0.00000
36.053,2,35965.000,190364,192000,3999.083,120.0,8,9,2,0.00000,0.00000,0.00000,0.00000,0.00000
36.155,0,36139.000,6692,192000,3999.583,120.0,8,10,2,0.00000,0.00000,0.00000,0.00000,0.00000
36.155,1,36211.000,10161,192000,3999.312,120.0,8,10,2,0.00000,0.00000,0.00000,0.00000,0.00000
36.155,2,36067.000,3223,192000,3999.854,120.0,8,10,2,0.00000,0.00000,0.00000,0.00000,0.00000
36.255,0,36239.000,11519,192000,3999.021,120.0,8,10,2,0.00000,0.00000,0.00000,0.00000,0.00000
36.255,1,36312.000,14997,192000,3999.562,120.0,8,10,2,0.00000,0.00000,0.00000,0.00000,0.00000
36.255,2,36167.000,8040,192000,3999.500,120.0,8,10,2,0.00000,0.00000,0.00000,0.00000,0.00000
36.356,0,36340.000,16343,192000,3999.521,120.0,8,10,2,0.00000,0.00000,0.00000,0.00000,0.00000
36.356,1,36413.000,19832,192000,3999.833,120.0,8,10,2,0.00000,0.00000,0.00000,0.00000,0.00000
36.356,2,36267.000,12855,192000,3999.188,120.0,8,10,2,0.00000,0.00000,0.00000,0.00000,0.00000
36.457,0,36442.000,21230,192000,3999.708,120.0,8,10,2,0.00000,0.00000,0.00000,0.00000,0.00000
36.457,1,36515.000,24728,192000,3999.833,120.0,8,10,2,0.00000,0.00000,0.00000,0.00000,0.00000
36.457,2,36369.000,17732,192000,3999.583,120.0,8,10,2,0.00000,0.00000,0.00000,0.00000,0.00000
36.558,0,36543.000,26074,192000,3999.792,120.0,8,10,2,0.00000,0.00000,0.00000,0.00000,0.00000
36.558,1,36616.000,29582,192000,3999.708,120.0,8,10,2,0.00000,0.00000,0.00000,0.00000,0.00000
36.558,2,36470.000,22566,192000,3999.875,120.0,8,10,2,0.00000,0.00000,0.00000,0.00000,0.00000
36.659,0,36644.000,30931,192000,3999.604,120.0,8,10,2,0.00000,0.00000,0.00000,0.00000,0.00000
36.659,1,36717.000,34448,192000,3999.333,120.0,8,10,2,0.00000,0.00000,0.00000,0.00000,0.00000
36.659,2,36571.000,27413,192000,3999.896,120.0,8,10,2,0.00000,0.00000,0.00000,0.00000,0.00000
36.760,0,36744.000,35740,192000,3999.417,120.0,8,10,2,0.00000,0.00000,0.00000,0.00000,0.00000
36.760,1,36818.000,39267,192000,3999.938,120.0,8,10,2,0.00000,0.00000,0.00000,0.00000,0.00000
36.760,2,36671.000,32213,192000,3999.896,120.0,8,10,2,0.00000,0.00000,0.00000,0.00000,0.00000
36.861,0,36846.000,40613,192000,3999.896,120.0,8,10,2,0.00000,0.00000,0.00000,0.00000,0.00000
36.861,1,36919.000,44150,192000,3999.208,120.0,8,10,2,0.00000,0.00000,0.00000,0.00000,0.00000
36.861,2,36772.000,37076,192000,3999.583,120.0,8,10,2,0.00000,0.00000,0.00000,0.00000,0.00000
36.964,0,36948.000,45545,192000,3999.146,120.0,8,10,2,0.00000,0.00000,0.00000,0.00000,0.00000
36.964,1,37022.000,49092,192000,3999.250,120.0,8,10,2,0.00000,0.00000,0.00000,0.00000,0.00000
36.964,2,36874.000,41998,192000,3999.042,120.0,8,10,2,0.00000,0.00000,0.00000,0.00000,0.00000
37.066,0,37050.000,50431,192000,3999.354,120.0,8,10,2,0.00000,0.00000,0.00000,0.00000,0.00000
37.066,1,37124.000,53988,192000,3999.250,120.0,8,10,2,0.00000,0.00000,0.00000,0.00000,0.00000
37.066,2,36976.000,46875,192000,3999.438,120.0,8,10,2,0.00000,0.00000,0.00000,0.00000,0.00000
37.166,0,37150.000,55235,192000,3999.271,120.0,8,10,2,0.00000,0.00000,0.00000,0.00000,0.00000
37.166,1,37225.000,58801,192000,3999.979,120.0,8,10,2,0.00000,0.00000,0.00000,0.00000,0.00000
37.166,2,37076.000,51669,192000,3999.562,120.0,8,10,2,0.00000,0.00000,0.00000,0.00000,0.00000
37.267,0,37252.000,60108,192000,3999.750,120.0,8,10,2,0.00000,0.00000,0.00000,0.00000,0.00000
37.267,1,37326.000,63684,192000,3999.250,120.0,8,10,2,0.00000,0.00000,0.00000,0.00000,0.00000
37.267,2,37177.000,56532,192000,3999.250,120.0,8,10,2,0.00000,0.00000,0.00000,0.00000,0.00000
37.369,0,37354.000,65008,192000,3999.667,120.0,8,10,2,0.00000,0.00000,0.00000,0.00000,0.00000
37.369,1,37429.000,68594,192000,3999.958,120.0,8,10,2,0.00000,0.00000,0.00000,0.00000,0.00000
37.369,2,37279.000,61423,192000,3999.354,120.0,8,10,2,0.00000,0.00000,0.00000,0.00000,0.00000
37.472,0,37457.000,69940,192000,3999.917,120.0,8,10,2,0.00000,0.00000,0.00000,0.00000,0.00000
37.472,1,37531.000,73535,192000,3999.021,120.0,8,10,2,0.00000,0.00000,0.00000,0.00000,0.00000
37.472,2,37382.000,66344,192000,3999.833,120.0,8,10,2,0.00000,0.00000,0.00000,0.00000,0.00000
37.573,0,37557.000,74779,192000,3999.104,120.0,8,10,2,0.00000,0.00000,0.00000,0.00000,0.00000
37.573,1,37633.000,78385,192000,3999.979,120.0,8,10,2,0.00000,0.00000,0.00000,0.00000,0.00000
37.573,2,37482.000,71174,192000,3999.208,120.0,8,10,2,0.00000,0.00000,0.00000,0.00000,0.00000
37.675,0,37659.000,79653,192000,3999.562,120.0,8,10,2,0.00000,0.00000,0.00000,0.00000,0.00000
37.675,1,37734.000,83268,192000,3999.250,120.0,8,10,2,0.00000,0.00000,0.00000,0.00000,0.00000
37.675,2,37584.000,76038,192000,3999.875,120.0,8,10,2,0.00000,0.00000,0.00000,0.00000,0.00000
37.776,0,37760.000,84501,192000,3999.562,120.0,8,10,2,0.00000,0.00000,0.00000,0.00000,0.00000
37.776,1,37835.000,88126,192000,3999.042,120.0,8,10,2,0.00000,0.00000,0.00000,0.00000,0.00000
37.776,2,37684.000,80877,192000,3999.062,120.0,8,10,2,0.00000,0.00000,0.00000,0.00000,0.00000
37.876,0,37860.000,89316,192000,3999.250,120.0,8,10,2,0.00000,0.00000,0.00000,0.00000,0.00000
37.876,1,37936.000,92951,192000,3999.521,120.0,8,10,2,0.00000,0.00000,0.00000,0.00000,0.00000
37.876,2,37785.000,85682,192000,3999.958,120.0,8,10,2,0.00000,0.00000,0.00000,0.00000,0.00000
37.977,0,37962.000,94177,192000,3999.979,120.0,8,10,2,0.00000,0.00000,0.00000,0.00000,0.00000
37.977,1,38037.000,97821,192000,3999.062,120.0,8,10,2,0.00000,0.00000,0.00000,0.00000,0.00000
37.977,2,37886.000,90533,192000,3999.896,120.0,8,10,2,0.00000,0.00000,0.00000,0.00000,0.00000
38.078,0,38062.000,99014,192000,3999.208,120.0,8,10,2,0.00000,0.00000,0.00000,0.00000,0.00000
38.078,1,38138.000,102668,192000,3999.083,120.0,8,10,2,0.00000,0.00000,0.00000,0.00000,0.00000
38.078,2,37986.000,95360,192000,3999.333,120.0,8,10,2,0.00000,0.00000,0.00000,0.00000,0.00000
38.181,0,38165.000,103955,192000,3999.271,120.0,8,10,2,0.00000,0.00000,0.00000,0.00000,0.00000
38.181,1,38242.000,107619,192000,3999.938,120.0,8,10,2,0.00000,0.00000,0.00000,0.00000,0.00000
38.181,2,38089.000,100291,192000,3999.604,120.0,8,10,2,0.00000,0.00000,0.00000,0.00000,0.00000
38.283,0,38267.000,108861,192000,3999.062,120.0,8,10,2,0.00000,0.00000,0.00000,0.00000,0.00000
38.283,1,38344.000,112535,192000,3999.521,120.0,8,10,2,0.00000,0.00000,0.00000,0.00000,0.00000
38.283,2,38191.000,105188,192000,3999.583,120.0,8,10,2,0.00000,0.00000,0.00000,0.00000,0.00000
38.384,0,38369.000,113730,192000,3999.625,120.0,8,10,2,0.00000,0.00000,0.00000,0.00000,0.00000
38.384,1,38446.000,117413,192000,3999.896,120.0,8,10,2,0.00000,0.00000,0.00000,0.00000,0.00000
38.384,2,38292.000,110047,192000,3999.354,120.0,8,10,2,0.00000,0.00000,0.00000,0.00000,0.00000
38.485,0,38470.000,118572,192000,3999.750,120.0,8,10,2,0.00000,0.00000,0.00000,0.00000,0.00000
38.485,1,38547.000,122265,192000,3999.812,120.0,8,10,2,0.00000,0.00000,0.00000,0.00000,0.00000
38.485,2,38393.000,114879,192000,3999.688,120.0,8,10,2,0.00000,0.00000,0.00000,0.00000,0.00000
38.588,0,38572.000,123489,192000,3999.312,120.0,8,10,2,0.00000,0.00000,0.00000,0.00000,0.00000
38.588,1,38649.000,127192,192000,3999.167,120.0,8,10,2,0.00000,0.00000,0.00000,0.00000,0.00000
38.588,2,38495.000,119787,192000,3999.438,120.0,8,10,2,0.00000,0.00000,0.00000,0.00000,0.00000
38.690,0,38675.000,128402,192000,3999.958,120.0,8,10,2,0.00000,0.00000,0.00000,0.00000,0.00000
38.690,1,38752.000,132114,192000,3999.625,120.0,8,10,2,0.00000,0.00000,0.00000,0.00000,0.00000
38.690,2,38597.000,124689,192000,3999.312,120.0,8,10,2,0.00000,0.00000,0.00000,0.00000,0.00000
38.792,0,38777.000,133313,192000,3999.646,120.0,8,10,2,0.00000,0.00000,0.00000,0.00000,0.00000
38.792,1,38854.000,137036,192000,3999.083,120.0,8,10,2,0.00000,0.00000,0.00000,0.00000,0.00000
38.792,2,38699.000,129591,192000,3999.188,120.0,8,10,2,0.00000,0.00000,0.00000,0.00000,0.00000
38.893,0,38878.000,138152,192000,3999.833,120.0,8,10,2,0.00000,0.00000,0.00000,0.00000,0.00000
38.893,1,38955.000,141884,192000,3999.083,120.0,8,10,2,0.00000,0.00000,0.00000,0.00000,0.00000
38.893,2,38800.000,134420,192000,3999.583,120.0,8,10,2,0.00000,0.00000,0.00000,0.00000,0.00000
38.996,0,38980.000,143062,192000,3999.542,120.0,8,10,2,0.00000,0.00000,0.00000,0.00000,0.00000
38.996,1,39058.000,146804,192000,3999.583,120.0,8,10,2,0.00000,0.00000,0.00000,0.00000,0.00000
38.996,2,38902.000,139320,192000,3999.500,120.0,8,10,2,0.00000,0.00000,0.00000,0.00000,0.00000
39.098,0,39082.000,147958,192000,3999.542,120.0,8,10,2,0.00000,0.00000,0.00000,0.00000,0.00000
39.098,1,39160.000,151710,192000,3999.375,120.0,8,10,2,0.00000,0.00000,0.00000,0.00000,0.00000
39.098,2,39004.000,144207,192000,3999.688,120.0,8,10,2,0.00000,0.00000,0.00000,0.00000,0.00000
39.200,0,39184.000,152853,192000,3999.562,120.0,8,10,2,0.00000,0.00000,0.00000,0.00000,0.00000
39.200,1,39262.000,156615,192000,3999.188,120.0,8,10,2,0.00000,0.00000,0.00000,0.00000,0.00000
39.200,2,39106.000,149092,192000,3999.917,120.0,8,10,2,0.00000,0.00000,0.00000,0.00000,0.00000
39.301,0,39285.000,157700,192000,3999.583,120.0,8,10,2,0.00000,0.00000,0.00000,0.00000,0.00000
39.301,1,39363.000,161471,192000,3999.021,120.0,8,10,2,0.00000,0.00000,0.00000,0.00000,0.00000
39.301,2,39206.000,153929,192000,3999.146,120.0,8,10,2,0.00000,0.00000,0.00000,0.00000,0.00000
39.402,0,39386.000,162565,192000,3999.229,120.0,8,10,2,0.00000,0.00000,0.00000,0.00000,0.00000
39.402,1,39465.000,166346,192000,3999.458,120.0,8,10,2,0.00000,0.00000,0.00000,0.00000,0.00000
39.402,2,39308.000,158784,192000,0.000,120.0,8,10,2,0.00000,0.00000,0.00000,0.00000,0.00000
39.504,0,39488.000,167460,192000,3999.250,120.0,8,10,2,0.00000,0.00000,0.00000,0.00000,0.00000
39.504,1,39567.000,171251,192000,3999.271,120.0,8,10,2,0.00000,0.00000,0.00000,0.00000,0.00000
39.504,2,39409.000,163669,192000,3999.229,120.0,8,10,2,0.00000,0.00000,0.00000,0.00000,0.00000
39.606,0,39590.000,172359,192000,3999.188,120.0,8,10,2,0.00000,0.00000,0.00000,0.00000,0.00000
39.606,1,39669.000,176159,192000,3999.021,120.0,8,10,2,0.00000,0.00000,0.00000,0.00000,0.00000
39.606,2,39511.000,168558,192000,3999.375,120.0,8,10,2,0.00000,0.00000,0.00000,0.00000,0.00000
39.707,0,39692.000,177216,192000,0.000,120.0,8,10,2,0.00000,0.00000,0.00000,0.00000,0.00000
39.707,1,39771.000,181027,192000,3999.604,120.0,8,10,2,0.00000,0.00000,0.00000,0.00000,0.00000
39.707,2,39612.000,173406,192000,3999.375,120.0,8,10,2,0.00000,0.00000,0.00000,0.00000,0.00000
39.807,0,39792.000,182022,192000,3999.875,120.0,8,10,2,0.00000,0.00000,0.00000,0.00000,0.00000
39.807,1,39871.000,185842,192000,3999.292,120.0,8,10,2,0.00000,0.00000,0.00000,0.00000,0.00000
39.807,2,39712.000,178202,192000,3999.458,120.0,8,10,2,0.00000,0.00000,0.00000,0.00000,0.00000
39.910,0,39894.000,186934,192000,3999.542,120.0,8,10,2,0.00000,0.00000,0.00000,0.00000,0.00000
39.910,1,39974.000,190764,192000,3999.750,120.0,8,10,2,0.00000,0.00000,0.00000,0.00000,0.00000
39.910,2,39814.000,183105,192000,3999.312,120.0,8,10,2,0.00000,0.00000,0.00000,0.00000,0.00000
40.010,0,39994.000,191735,192000,3999.521,120.0,8,10,2,0.00000,0.00000,0.00000,0.00000,0.00000
40.010,1,40074.000,3574,192000,3999.542,120.0,8,11,2,0.00000,0.00000,0.00000,0.00000,0.00000
40.010,2,39914.000,187895,192000,3999.521,120.0,8,10,2,0.00000,0.00000,0.00000,0.00000,0.00000
40.111,0,40096.000,4613,192000,3999.896,120.0,8,11,2,0.00000,0.00000,0.00000,0.00000,0.00000
40.111,1,40176.000,8462,192000,3999.708,120.0,8,11,2,0.00000,0.00000,0.00000,0.00000,0.00000
40.111,2,40015.000,764,192000,3999.083,120.0,8,11,2,0.11192,0.11192,0.11018,0.00000,0.00000
40.211,0,40196.000,9423,192000,3999.688,120.0,8,11,2,0.00000,0.00000,0.00000,0.00000,0.00000
40.211,1,40276.000,13282,192000,3999.292,120.0,8,11,2,0.00000,0.00000,0.00000,0.00000,0.00000
40.211,2,40115.000,5564,192000,3999.083,120.0,8,11,2,0.08509,0.08496,0.08509,0.00000,0.00000
40.313,0,40298.000,14318,192000,3999.708,120.0,8,11,2,0.00000,0.00000,0.00000,0.00000,0.00000
40.313,1,40378.000,18186,192000,3999.125,120.0,8,11,2,0.00000,0.00000,0.00000,0.00000,0.00000
40.313,2,40217.000,10450,192000,3999.292,120.0,8,11,2,0.05572,0.05564,0.05572,0.00000,0.00000
40.415,0,40400.000,19202,192000,3999.958,120.0,8,11,2,0.00000,0.00000,0.00000,0.00000,0.00000
40.415,1,40480.000,23080,192000,3999.167,120.0,8,11,2,0.00000,0.00000,0.00000,0.00000,0.00000
40.415,2,40319.000,15323,192000,3999.771,120.0,8,11,2,0.03653,0.03648,0.03653,0.00000,0.00000
40.517,0,40501.000,24093,192000,3999.062,120.0,8,11,2,0.00000,0.00000,0.00000,0.00000,0.00000
40.517,1,40582.000,27981,192000,3999.062,120.0,8,11,2,0.00000,0.00000,0.00000,0.00000,0.00000
40.517,2,40420.000,20205,192000,3999.062,120.0,8,11,2,0.02393,0.02389,0.02393,0.00000,0.00000
40.619,0,40603.000,28965,192000,3999.562,120.0,8,11,2,0.00000,0.00000,0.00000,0.00000,0.00000
40.619,1,40684.000,32863,192000,3999.354,120.0,8,11,2,0.00000,0.00000,0.00000,0.00000,0.00000
40.619,2,40522.000,25067,192000,3999.771,120.0,8,11,2,0.01570,0.01568,0.01570,0.00000,0.00000
40.720,0,40705.000,33857,192000,3999.646,120.0,8,11,2,0.00000,0.00000,0.00000,0.00000,0.00000
40.720,1,40786.000,37764,192000,3999.250,120.0,8,11,2,0.00000,0.00000,0.00000,0.00000,0.00000
40.720,2,40623.000,29949,192000,3999.062,120.0,8,11,2,0.01029,0.01027,0.01029,0.00000,0.00000
40.821,0,40805.000,38682,192000,3999.125,120.0,8,11,2,0.00000,0.00000,0.00000,0.00000,0.00000
40.821,1,40887.000,42599,192000,3999.521,120.0,8,11,2,0.00000,0.00000,0.00000,0.00000,0.00000
40.821,2,40724.000,34765,192000,3999.729,120.0,8,11,2,0.00678,0.00677,0.00678,0.00000,0.00000
40.921,0,40906.000,43488,192000,0.000,120.0,8,11,2,0.00000,0.00000,0.00000,0.00000,0.00000
40.921,1,40987.000,47415,192000,3999.188,120.0,8,11,2,0.00000,0.00000,0.00000,0.00000,0.00000
40.921,2,40824.000,39561,192000,3999.812,120.0,8,11,2,0.00447,0.00447,0.00447,0.00000,0.00000
41.022,0,41006.000,48309,192000,3999.562,120.0,8,11,2,0.00000,0.00000,0.00000,0.00000,0.00000
41.022,1,41088.000,52245,192000,3999.562,120.0,8,11,2,0.00000,0.00000,0.00000,0.00000,0.00000
41.022,2,40924.000,44373,192000,3999.562,120.0,8,11,2,0.00295,0.00294,0.00295,0.00000,0.00000
41.123,0,41107.000,53183,192000,3999.021,120.0,8,11,2,0.00000,0.00000,0.00000,0.00000,0.00000
41.123,1,41190.000,57129,192000,3999.812,120.0,8,11,2,0.00000,0.00000,0.00000,0.00000,0.00000
41.123,2,41025.000,49237,192000,3999.229,120.0,8,11,2,0.00193,0.00193,0.00193,0.00000,0.00000
41.223,0,41208.000,57996,192000,3999.750,120.0,8,11,2,0.00000,0.00000,0.00000,0.00000,0.00000
41.223,1,41290.000,61951,192000,3999.354,120.0,8,11,2,0.00000,0.00000,0.00000,0.00000,0.00000
41.223,2,41125.000,54040,192000,3999.167,120.0,8,11,2,0.00128,0.00127,0.00128,0.00000,0.00000
41.325,0,41310.000,62880,192000,0.000,120.0,8,11,2,0.00000,0.00000,0.00000,0.00000,0.00000
41.325,1,41392.000,66845,192000,3999.396,120.0,8,11,2,0.00000,0.00000,0.00000,0.00000,0.00000
41.325,2,41227.000,58914,192000,3999.625,120.0,8,11,2,0.00084,0.00084,0.00084,0.00000,0.00000
41.426,0,41410.000,67703,192000,3999.521,120.0,8,11,2,0.00000,0.00000,0.00000,0.00000,0.00000
41.426,1,41493.000,71679,192000,3999.688,120.0,8,11,2,0.00000,0.00000,0.00000,0.00000,0.00000
41.426,2,41327.000,63728,192000,3999.333,120.0,8,11,2,0.00055,0.00055,0.00055,0.00000,0.00000
41.526,0,41510.000,72514,192000,3999.292,120.0,8,11,2,0.00000,0.00000,0.00000,0.00000,0.00000
41.526,1,41593.000,76499,192000,3999.271,120.0,8,11,2,0.00000,0.00000,0.00000,0.00000,0.00000
41.526,2,41427.000,68530,192000,3999.292,120.0,8,11,2,0.00036,0.00036,0.00036,0.00000,0.00000
41.627,0,41611.000,77369,192000,3999.146,120.0,8,11,2,0.00000,0.00000,0.00000,0.00000,0.00000
41.627,1,41695.000,81364,192000,3999.917,120.0,8,11,2,0.00000,0.00000,0.00000,0.00000,0.00000
41.627,2,41528.000,73375,192000,3999.354,120.0,8,11,2,0.00024,0.00024,0.00024,0.00000,0.00000
41.727,0,41712.000,82180,192000,3999.917,120.0,8,11,2,0.00000,0.00000,0.00000,0.00000,0.00000
41.727,1,41795.000,86184,192000,3999.500,120.0,8,11,2,0.00000,0.00000,0.00000,0.00000,0.00000
41.727,2,41628.000,78176,192000,3999.333,120.0,8,11,2,0.00016,0.00016,0.00016,0.00000,0.00000
41.828,0,41813.000,87032,192000,3999.833,120.0,8,11,2,0.00000,0.00000,0.00000,0.00000,0.00000
41.828,1,41896.000,91046,192000,3999.208,120.0,8,11,2,0.00000,0.00000,0.00000,0.00000,0.00000
41.828,2,41729.000,83018,192000,3999.458,120.0,8,11,2,0.00010,0.00010,0.00010,0.00000,0.00000
41.929,0,41913.000,91862,192000,3999.208,120.0,8,11,2,0.00000,0.00000,0.00000,0.00000,0.00000
41.929,1,41997.000,95886,192000,3999.375,120.0,8,11,2,0.00000,0.00000,0.00000,0.00000,0.00000
41.929,2,41829.000,87839,192000,3999.021,120.0,8,11,2,0.00007,0.00007,0.00007,0.00000,0.00000
42.030,0,42014.000,96696,192000,3999.500,120.0,8,11,2,0.00000,0.00000,0.00000,0.00000,0.00000
42.030,1,42098.000,100729,192000,3999.479,120.0,8,11,2,0.00000,0.00000,0.00000,0.00000,0.00000
42.030,2,41930.000,92663,192000,3999.521,120.0,8,11,2,0.00004,0.00004,0.00004,0.00000,0.00000
42.132,0,42116.000,101592,192000,3999.500,120.0,8,11,2,0.00000,0.00000,0.00000,0.00000,0.00000
42.132,1,42200.000,105635,192000,3999.271,120.0,8,11,2,0.00000,0.00000,0.00000,0.00000,0.00000
42.132,2,42032.000,97549,192000,3999.729,120.0,8,11,2,0.00003,0.00003,0.00003,0.00000,0.00000
42.232,0,42216.000,106411,192000,3999.104,120.0,8,11,2,0.00000,0.00000,0.00000,0.00000,0.00000
42.232,1,42301.000,110464,192000,3999.667,120.0,8,11,2,0.00000,0.00000,0.00000,0.00000,0.00000
42.232,2,42132.000,102359,192000,3999.521,120.0,8,11,2,0.00002,0.00002,0.00002,0.00000,0.00000
42.335,0,42319.000,111334,192000,3999.542,120.0,8,11,2,0.00000,0.00000,0.00000,0.00000,0.00000
42.335,1,42404.000,115396,192000,3999.917,120.0,8,11,2,0.00000,0.00000,0.00000,0.00000,0.00000
42.335,2,42234.000,107271,192000,3999.188,120.0,8,11,2,0.00001,0.00001,0.00001,0.00000,0.00000
42.437,0,42421.000,116245,192000,3999.229,120.0,8,11,2,0.00000,0.00000,0.00000,0.00000,0.00000
42.437,1,42506.000,120317,192000,3999.396,120.0,8,11,2,0.00000,0.00000,0.00000,0.00000,0.00000
42.437,2,42336.000,112172,192000,3999.083,120.0,8,11,2,0.00001,0.00001,0.00001,0.00000,0.00000
42.540,0,42524.000,121181,192000,3999.396,120.0,8,11,2,0.00000,0.00000,0.00000,0.00000,0.00000
42.540,1,42609.000,125263,192000,3999.354,120.0,8,11,2,0.00000,0.00000,0.00000,0.00000,0.00000
42.540,2,42439.000,117099,192000,3999.438,120.0,8,11,2,0.00001,0.00001,0.00001,0.00000,0.00000
42.641,0,42625.000,126023,192000,3999.521,120.0,8,11,2,0.00000,0.00000,0.00000,0.00000,0.00000
42.641,1,42710.000,130115,192000,3999.271,120.0,8,11,2,0.00000,0.00000,0.00000,0.00000,0.00000
42.641,2,42540.000,121931,192000,3999.771,120.0,8,11,2,0.00000,0.00000,0.00000,0.00000,0.00000
42.741,0,42726.000,130856,192000,3999.833,120.0,8,11,2,0.00000,0.00000,0.00000,0.00000,0.00000
42.741,1,42811.000,134957,192000,3999.396,120.0,8,11,2,0.00000,0.00000,0.00000,0.00000,0.00000
42.741,2,42640.000,126754,192000,3999.292,120.0,8,11,2,0.00000,0.00000,0.00000,0.00000,0.00000
42.843,0,42827.000,135738,192000,3999.125,120.0,8,11,2,0.00000,0.00000,0.00000,0.00000,0.00000
42.843,1,42913.000,139849,192000,3999.479,120.0,8,11,2,0.00000,0.00000,0.00000,0.00000,0.00000
42.843,2,42742.000,131626,192000,3999.792,120.0,8,11,2,0.00000,0.00000,0.00000,0.00000,0.00000
42.945,0,42929.000,140637,192000,3999.062,120.0,8,11,2,0.00000,0.00000,0.00000,0.00000,0.00000
42.945,1,43015.000,144758,192000,3999.208,120.0,8,11,2,0.00000,0.00000,0.00000,0.00000,0.00000
42.945,2,42844.000,136516,192000,3999.917,120.0,8,11,2,0.00000,0.00000,0.00000,0.00000,0.00000
43.047,0,43031.000,145508,192000,3999.583,120.0,8,11,2,0.00000,0.00000,0.00000,0.00000,0.00000
43.047,1,43117.000,149639,192000,3999.521,120.0,8,11,2,0.00000,0.00000,0.00000,0.00000,0.00000
43.047,2,42945.000,141378,192000,3999.625,120.0,8,11,2,0.00000,0.00000,0.00000,0.00000,0.00000
43.148,0,43132.000,150383,192000,3999.021,120.0,8,11,2,0.00000,0.00000,0.00000,0.00000,0.00000
43.148,1,43219.000,154523,192000,3999.771,120.0,8,11,2,0.00000,0.00000,0.00000,0.00000,0.00000
43.148,2,43046.000,146242,192000,3999.292,120.0,8,11,2,0.00000,0.00000,0.00000,0.00000,0.00000
43.248,0,43233.000,155192,192000,3999.833,120.0,8,11,2,0.00000,0.00000,0.00000,0.00000,0.00000
43.248,1,43319.000,159343,192000,3999.354,120.0,8,11,2,0.00000,0.00000,0.00000,0.00000,0.00000
43.248,2,43146.000,151042,192000,3999.292,120.0,8,11,2,0.00000,0.00000,0.00000,0.00000,0.00000
43.349,0,43333.000,160031,192000,3999.021,120.0,8,11,2,0.00000,0.00000,0.00000,0.00000,0.00000
43.349,1,43420.000,164191,192000,3999.354,120.0,8,11,2,0.00000,0.00000,0.00000,0.00000,0.00000
43.349,2,43247.000,155871,192000,3999.688,120.0,8,11,2,0.00000,0.00000,0.00000,0.00000,0.00000
43.451,0,43435.000,164917,192000,3999.229,120.0,8,11,2,0.00000,0.00000,0.00000,0.00000,0.00000
43.451,1,43522.000,169087,192000,3999.354,120.0,8,11,2,0.00000,0.00000,0.00000,0.00000,0.00000
43.451,2,43348.000,160748,192000,3999.083,120.0,8,11,2,0.00000,0.00000,0.00000,0.00000,0.00000
43.551,0,43536.000,169731,192000,3999.938,120.0,8,11,2,0.00000,0.00000,0.00000,0.00000,0.00000
43.551,1,43623.000,173910,192000,3999.875,120.0,8,11,2,0.00000,0.00000,0.00000,0.00000,0.00000
43.551,2,43449.000,165552,192000,0.000,120.0,8,11,2,0.00000,0.00000,0.00000,0.00000,0.00000
43.653,0,43638.000,174637,192000,3999.729,120.0,8,11,2,0.00000,0.00000,0.00000,0.00000,0.00000
43.653,1,43725.000,178826,192000,3999.458,120.0,8,11,2,0.00000,0.00000,0.00000,0.00000,0.00000
43.653,2,43551.000,170448,192000,0.000,120.0,8,11,2,0.00000,0.00000,0.00000,0.00000,0.00000
43.756,0,43740.000,179549,192000,3999.396,120.0,8,11,2,0.00000,0.00000,0.00000,0.00000,0.00000
43.756,1,43828.000,183748,192000,3999.917,120.0,8,11,2,0.00000,0.00000,0.00000,0.00000,0.00000
43.756,2,43653.000,175350,192000,3999.875,120.0,8,11,2,0.00000,0.00000,0.00000,0.00000,0.00000
43.857,0,43841.000,184401,192000,3999.312,120.0,8,11,2,0.00000,0.00000,0.00000,0.00000,0.00000
43.857,1,43929.000,188609,192000,3999.646,120.0,8,11,2,0.00000,0.00000,0.00000,0.00000,0.00000
43.857,2,43754.000,180192,192000,0.000,120.0,8,11,2,0.00000,0.00000,0.00000,0.00000,0.00000
43.957,0,43942.000,189229,192000,3999.729,120.0,8,11,2,0.00000,0.00000,0.00000,0.00000,0.00000
43.957,1,44030.000,1447,192000,3999.854,120.0,8,12,2,0.12142,0.12142,0.12135,0.00000,0.00000
43.957,2,43854.000,185011,192000,3999.604,120.0,8,11,2,0.00000,0.00000,0.00000,0.00000,0.00000
44.059,0,44043.000,2108,192000,3999.083,120.0,8,12,2,0.11545,0.11500,0.11545,0.00000,0.00000
44.059,1,44132.000,6336,192000,0.000,120.0,8,12,2,0.07949,0.07949,0.07944,0.00000,0.00000
44.059,2,43955.000,189880,192000,3999.167,120.0,8,11,2,0.00000,0.00000,0.00000,0.00000,0.00000
44.161,0,44145.000,6997,192000,3999.229,120.0,8,12,2,0.07559,0.07529,0.07559,0.00000,0.00000
44.161,1,44234.000,11235,192000,3999.938,120.0,8,12,2,0.05200,0.05200,0.05197,0.00000,0.00000
44.161,2,44057.000,2759,192000,3999.521,120.0,8,12,2,0.00000,0.00000,0.00000,0.00000,0.00000
44.262,0,44246.000,11829,192000,3999.562,120.0,8,12,2,0.04973,0.04953,0.04973,0.00000,0.00000
44.262,1,44334.000,16077,192000,3999.062,120.0,8,12,2,0.03418,0.03418,0.03416,0.00000,0.00000
44.262,2,44157.000,7582,192000,3999.042,120.0,8,12,2,0.00000,0.00000,0.00000,0.00000,0.00000
44.363,0,44348.000,16719,192000,3999.688,120.0,8,12,2,0.03256,0.03243,0.03256,0.00000,0.00000
44.363,1,44437.000,20977,192000,3999.979,120.0,8,12,2,0.02236,0.02236,0.02234,0.00000,0.00000
44.363,2,44259.000,12462,192000,3999.375,120.0,8,12,2,0.00000,0.00000,0.00000,0.00000,0.00000
44.466,0,44450.000,21620,192000,3999.583,120.0,8,12,2,0.02129,0.02121,0.02129,0.00000,0.00000
44.466,1,44539.000,25887,192000,3999.688,120.0,8,12,2,0.01461,0.01461,0.01460,0.00000,0.00000
44.466,2,44361.000,17352,192000,3999.500,120.0,8,12,2,0.00000,0.00000,0.00000,0.00000,0.00000
44.568,0,44552.000,26540,192000,3999.083,120.0,8,12,2,0.01390,0.01385,0.01390,0.00000,0.00000
44.568,1,44642.000,30816,192000,0.000,120.0,8,12,2,0.00953,0.00953,0.00953,0.00000,0.00000
44.568,2,44463.000,22263,192000,3999.188,120.0,8,12,2,0.00000,0.00000,0.00000,0.00000,0.00000
44.671,0,44655.000,31469,192000,3999.396,120.0,8,12,2,0.00907,0.00903,0.00907,0.00000,0.00000
44.671,1,44744.000,35755,192000,3999.104,120.0,8,12,2,0.00621,0.00621,0.00621,0.00000,0.00000
44.671,2,44566.000,27182,192000,3999.708,120.0,8,12,2,0.00000,0.00000,0.00000,0.00000,0.00000
44.774,0,44758.000,36415,192000,3999.354,120.0,8,12,2,0.00591,0.00589,0.00591,0.00000,0.00000
44.774,1,44848.000,40712,192000,3999.833,120.0,8,12,2,0.00404,0.00404,0.00404,0.00000,0.00000
44.774,2,44669.000,32119,192000,3999.854,120.0,8,12,2,0.00000,0.00000,0.00000,0.00000,0.00000
44.875,0,44860.000,41290,192000,3999.792,120.0,8,12,2,0.00387,0.00386,0.00387,0.00000,0.00000
44.875,1,44949.000,45596,192000,3999.083,120.0,8,12,2,0.00265,0.00265,0.00265,0.00000,0.00000
44.875,2,44770.000,36984,192000,3999.500,120.0,8,12,2,0.00000,0.00000,0.00000,0.00000,0.00000
44.978,0,44963.000,46225,192000,3999.979,120.0,8,12,2,0.00253,0.00252,0.00253,0.00000,0.00000
44.978,1,45052.000,50541,192000,3999.062,120.0,8,12,2,0.00173,0.00173,0.00172,0.00000,0.00000
44.978,2,44873.000,41908,192000,3999.917,120.0,8,12,2,0.00000,0.00000,0.00000,0.00000,0.00000
45.079,0,45064.000,51081,192000,3999.812,120.0,8,12,2,0.00166,0.00165,0.00166,0.00000,0.00000
45.079,1,45154.000,55407,192000,3999.688,120.0,8,12,2,0.00113,0.00113,0.00113,0.00000,0.00000
45.079,2,44974.000,46755,192000,3999.938,120.0,8,12,2,0.00000,0.00000,0.00000,0.00000,0.00000
45.181,0,45166.000,55986,192000,3999.625,120.0,8,12,2,0.00108,0.00108,0.00108,0.00000,0.00000
45.181,1,45256.000,60321,192000,3999.312,120.0,8,12,2,0.00074,0.00074,0.00074,0.00000,0.00000
45.181,2,45076.000,51650,192000,3999.958,120.0,8,12,2,0.00000,0.00000,0.00000,0.00000,0.00000
45.282,0,45266.000,60788,192000,3999.583,120.0,8,12,2,0.00072,0.00071,0.00072,0.00000,0.00000
45.282,1,45356.000,65133,192000,3999.062,120.0,8,12,2,0.00049,0.00049,0.00049,0.00000,0.00000
45.282,2,45175.000,56442,192000,3999.125,120.0,8,12,2,0.00000,0.00000,0.00000,0.00000,0.00000
45.384,0,45369.000,65720,192000,3999.833,120.0,8,12,2,0.00047,0.00046,0.00047,0.00000,0.00000
45.384,1,45459.000,70076,192000,3999.083,120.0,8,12,2,0.00032,0.00032,0.00032,0.00000,0.00000
45.384,2,45278.000,61365,192000,3999.562,120.0,8,12,2,0.00000,0.00000,0.00000,0.00000,0.00000
45.486,0,45471.000,70624,192000,3999.667,120.0,8,12,2,0.00030,0.00030,0.00030,0.00000,0.00000
45.486,1,45562.000,74989,192000,3999.729,120.0,8,12,2,0.00021,0.00021,0.00021,0.00000,0.00000
45.486,2,45380.000,66259,192000,3999.604,120.0,8,12,2,0.00000,0.00000,0.00000,0.00000,0.00000
45.589,0,45573.000,75535,192000,3999.354,120.0,8,12,2,0.00020,0.00020,0.00020,0.00000,0.00000
45.589,1,45664.000,79910,192000,3999.208,120.0,8,12,2,0.00014,0.00014,0.00014,0.00000,0.00000
45.589,2,45482.000,71160,192000,3999.500,120.0,8,12,2,0.00000,0.00000,0.00000,0.00000,0.00000
45.690,0,45674.000,80380,192000,3999.417,120.0,8,12,2,0.00013,0.00013,0.00013,0.00000,0.00000
45.690,1,45765.000,84764,192000,3999.083,120.0,8,12,2,0.00009,0.00009,0.00009,0.00000,0.00000
45.690,2,45583.000,75995,192000,3999.771,120.0,8,12,2,0.00000,0.00000,0.00000,0.00000,0.00000
45.790,0,45774.000,85188,192000,3999.250,120.0,8,12,2,0.00009,0.00009,0.00009,0.00000,0.00000
45.790,1,45866.000,89582,192000,3999.708,120.0,8,12,2,0.00006,0.00006,0.00006,0.00000,0.00000
45.790,2,45683.000,80794,192000,3999.792,120.0,8,12,2,0.00000,0.00000,0.00000,0.00000,0.00000
45.890,0,45874.000,89990,192000,3999.208,120.0,8,12,2,0.00006,0.00006,0.00006,0.00000,0.00000
45.890,1,45966.000,94394,192000,3999.458,120.0,8,12,2,0.00004,0.00004,0.00004,0.00000,0.00000
45.890,2,45783.000,85586,192000,3999.958,120.0,8,12,2,0.00000,0.00000,0.00000,0.00000,0.00000
45.991,0,45976.000,94864,192000,3999.667,120.0,8,12,2,0.00004,0.00004,0.00004,0.00000,0.00000
45.991,1,46068.000,99278,192000,3999.708,120.0,8,12,2,0.00003,0.00003,0.00003,0.00000,0.00000
45.991,2,45884.000,90451,192000,3999.604,120.0,8,12,2,0.00000,0.00000,0.00000,0.00000,0.00000
46.092,0,46076.000,99685,192000,3999.229,120.0,8,12,2,0.00002,0.00002,0.00002,0.00000,0.00000
46.092,1,46168.000,104108,192000,3999.083,120.0,8,12,2,0.00002,0.00002,0.00002,0.00000,0.00000
46.092,2,45984.000,95262,192000,3999.375,120.0,8,12,2,0.00000,0.00000,0.00000,0.00000,0.00000
46.194,0,46179.000,104598,192000,3999.875,120.0,8,12,2,0.00002,0.00002,0.00002,0.00000,0.00000
46.194,1,46271.000,109031,192000,3999.521,120.0,8,12,2,0.00001,0.00001,0.00001,0.00000,0.00000
46.194,2,46086.000,100165,192000,3999.229,120.0,8,12,2,0.00000,0.00000,0.00000,0.00000,0.00000
46.295,0,46280.000,109441,192000,3999.979,120.0,8,12,2,0.00001,0.00001,0.00001,0.00000,0.00000
46.295,1,46372.000,113883,192000,3999.438,120.0,8,12,2,0.00001,0.00001,0.00001,0.00000,0.00000
46.295,2,46187.000,104998,192000,3999.542,120.0,8,12,2,0.00000,0.00000,0.00000,0.00000,0.00000
46.395,0,46380.000,114256,192000,3999.667,120.0,8,12,2,0.00001,0.00001,0.00001,0.00000,0.00000
46.395,1,46473.000,118708,192000,3999.917,120.0,8,12,2,0.00000,0.00000,0.00000,0.00000,0.00000
46.395,2,46287.000,109804,192000,3999.417,120.0,8,12,2,0.00000,0.00000,0.00000,0.00000,0.00000
46.497,0,46481.000,119125,192000,3999.229,120.0,8,12,2,0.00000,0.00000,0.00000,0.00000,0.00000
46.497,1,46574.000,123587,192000,3999.271,120.0,8,12,2,0.00000,0.00000,0.00000,0.00000,0.00000
46.497,2,46388.000,114663,192000,3999.188,120.0,8,12,2,0.00000,0.00000,0.00000,0.00000,0.00000
46.600,0,46584.000,124073,192000,3999.146,120.0,8,12,2,0.00000,0.00000,0.00000,0.00000,0.00000
46.600,1,46678.000,128545,192000,3999.979,120.0,8,12,2,0.00000,0.00000,0.00000,0.00000,0.00000
46.600,2,46491.000,119601,192000,3999.312,120.0,8,12,2,0.00000,0.00000,0.00000,0.00000,0.00000
46.702,0,46686.000,128973,192000,3999.062,120.0,8,12,2,0.00000,0.00000,0.00000,0.00000,0.00000
46.702,1,46780.000,133455,192000,3999.688,120.0,8,12,2,0.00000,0.00000,0.00000,0.00000,0.00000
46.702,2,46593.000,124491,192000,3999.438,120.0,8,12,2,0.00000,0.00000,0.00000,0.00000,0.00000
46.804,0,46789.000,133883,192000,3999.771,120.0,8,12,2,0.00000,0.00000,0.00000,0.00000,0.00000
46.804,1,46882.000,138375,192000,3999.188,120.0,8,12,2,0.00000,0.00000,0.00000,0.00000,0.00000
46.804,2,46695.000,129392,192000,3999.333,120.0,8,12,2,0.00000,0.00000,0.00000,0.00000,0.00000
46.907,0,46891.000,138810,192000,3999.125,120.0,8,12,2,0.00000,0.00000,0.00000,0.00000,0.00000
46.907,1,46985.000,143311,192000,3999.354,120.0,8,12,2,0.00000,0.00000,0.00000,0.00000,0.00000
46.907,2,46798.000,134309,192000,3999.896,120.0,8,12,2,0.00000,0.00000,0.00000,0.00000,0.00000
47.008,0,46992.000,143654,192000,3999.208,120.0,8,12,2,0.00000,0.00000,0.00000,0.00000,0.00000
47.008,1,47086.000,148165,192000,3999.229,120.0,8,12,2,0.00000,0.00000,0.00000,0.00000,0.00000
47.008,2,46898.000,139143,192000,3999.188,120.0,8,12,2,0.00000,0.00000,0.00000,0.00000,0.00000
47.110,0,47094.000,148558,192000,3999.042,120.0,8,12,2,0.00000,0.00000,0.00000,0.00000,0.00000
47.110,1,47189.000,153079,192000,3999.854,120.0,8,12,2,0.00000,0.00000,0.00000,0.00000,0.00000
47.110,2,47000.000,144037,192000,3999.229,120.0,8,12,2,0.00000,0.00000,0.00000,0.00000,0.00000
47.212,0,47197.000,153459,192000,3999.938,120.0,8,12,2,0.00000,0.00000,0.00000,0.00000,0.00000
47.212,1,47291.000,157990,192000,3999.542,120.0,8,12,2,0.00000,0.00000,0.00000,0.00000,0.00000
47.212,2,47102.000,148929,192000,3999.312,120.0,8,12,2,0.00000,0.00000,0.00000,0.00000,0.00000
47.314,0,47299.000,158363,192000,3999.771,120.0,8,12,2,0.00000,0.00000,0.00000,0.00000,0.00000
47.314,1,47393.000,162904,192000,3999.167,120.0,8,12,2,0.00000,0.00000,0.00000,0.00000,0.00000
47.314,2,47204.000,153823,192000,3999.354,120.0,8,12,2,0.00000,0.00000,0.00000,0.00000,0.00000
47.414,0,47399.000,163168,192000,3999.667,120.0,8,12,2,0.00000,0.00000,0.00000,0.00000,0.00000
47.414,1,47494.000,167718,192000,3999.875,120.0,8,12,2,0.00000,0.00000,0.00000,0.00000,0.00000
47.414,2,47304.000,158618,192000,3999.458,120.0,8,12,2,0.00000,0.00000,0.00000,0.00000,0.00000
47.517,0,47502.000,168099,192000,3999.938,120.0,8,12,2,0.00000,0.00000,0.00000,0.00000,0.00000
47.517,1,47597.000,172659,192000,3999.938,120.0,8,12,2,0.00000,0.00000,0.00000,0.00000,0.00000
47.517,2,47407.000,163539,192000,3999.938,120.0,8,12,2,0.00000,0.00000,0.00000,0.00000,0.00000
47.620,0,47604.000,173028,192000,3999.250,120.0,8,12,2,0.00000,0.00000,0.00000,0.00000,0.00000
47.620,1,47699.000,177598,192000,3999.042,120.0,8,12,2,0.00000,0.00000,0.00000,0.00000,0.00000
47.620,2,47509.000,168459,192000,3999.438,120.0,8,12,2,0.00000,0.00000,0.00000,0.00000,0.00000
47.721,0,47705.000,177868,192000,3999.417,120.0,8,12,2,0.00000,0.00000,0.00000,0.00000,0.00000
47.721,1,47800.000,182447,192000,3999.021,120.0,8,12,2,0.00000,0.00000,0.00000,0.00000,0.00000
47.721,2,47610.000,173288,192000,3999.833,120.0,8,12,2,0.00000,0.00000,0.00000,0.00000,0.00000
47.823,0,47808.000,182793,192000,3999.812,120.0,8,12,2,0.00000,0.00000,0.00000,0.00000,0.00000
47.823,1,47903.000,187383,192000,3999.188,120.0,8,12,2,0.00000,0.00000,0.00000,0.00000,0.00000
47.823,2,47712.000,178204,192000,3999.417,120.0,8,12,2,0.00000,0.00000,0.00000,0.00000,0.00000
47.924,0,47908.000,187626,192000,3999.125,120.0,8,12,2,0.00000,0.00000,0.00000,0.00000,0.00000
47.924,1,48004.000,225,192000,3999.312,120.0,8,13,2,0.00000,0.00000,0.00000,0.00000,0.00000
47.924,2,47813.000,183027,192000,3999.938,120.0,8,12,2,0.00000,0.00000,0.00000,0.00000,0.00000
48.028,0,48013.000,643,192000,3999.604,120.0,8,13,2,0.00000,0.00000,0.00000,0.00000,0.00000
48.028,1,48109.000,5252,192000,3999.583,120.0,8,13,2,0.00000,0.00000,0.00000,0.00000,0.00000
48.028,2,47917.000,188034,192000,3999.625,120.0,8,12,2,0.00000,0.00000,0.00000,0.00000,0.00000
48.131,0,48116.000,5572,192000,3999.917,120.0,8,13,2,0.00000,0.00000,0.00000,0.00000,0.00000
48.131,1,48212.000,10191,192000,3999.688,120.0,8,13,2,0.00000,0.00000,0.00000,0.00000,0.00000
48.131,2,48019.000,953,192000,3999.146,120.0,8,13,2,0.00000,0.00000,0.00000,0.00000,0.00000
48.231,0,48216.000,10374,192000,3999.875,120.0,8,13,2,0.00000,0.00000,0.00000,0.00000,0.00000
48.231,1,48312.000,15003,192000,3999.438,120.0,8,13,2,0.00000,0.00000,0.00000,0.00000,0.00000
48.231,2,48119.000,5746,192000,3999.292,120.0,8,13,2,0.00000,0.00000,0.00000,0.00000,0.00000
48.332,0,48316.000,15209,192000,3999.146,120.0,8,13,2,0.00000,0.00000,0.00000,0.00000,0.00000
48.332,1,48413.000,19848,192000,3999.500,120.0,8,13,2,0.00000,0.00000,0.00000,0.00000,0.00000
48.332,2,48220.000,10571,192000,3999.771,120.0,8,13,2,0.00000,0.00000,0.00000,0.00000,0.00000
48.434,0,48418.000,20099,192000,3999.271,120.0,8,13,2,0.00000,0.00000,0.00000,0.00000,0.00000
48.434,1,48515.000,24747,192000,3999.438,120.0,8,13,2,0.00000,0.00000,0.00000,0.00000,0.00000
48.434,2,48321.000,15451,192000,3999.104,120.0,8,13,2,0.00000,0.00000,0.00000,0.00000,0.00000
48.535,0,48520.000,24969,192000,3999.812,120.0,8,13,2,0.00000,0.00000,0.00000,0.00000,0.00000
48.535,1,48617.000,29626,192000,3999.792,120.0,8,13,2,0.00000,0.00000,0.00000,0.00000,0.00000
48.535,2,48423.000,20311,192000,3999.854,120.0,8,13,2,0.00000,0.00000,0.00000,0.00000,0.00000
48.636,0,48621.000,29809,192000,3999.979,120.0,8,13,2,0.00000,0.00000,0.00000,0.00000,0.00000
48.636,1,48718.000,34476,192000,3999.750,120.0,8,13,2,0.00000,0.00000,0.00000,0.00000,0.00000
48.636,2,48523.000,25142,192000,3999.208,120.0,8,13,2,0.00000,0.00000,0.00000,0.00000,0.00000
48.738,0,48722.000,34685,192000,3999.396,120.0,8,13,2,0.00000,0.00000,0.00000,0.00000,0.00000
48.738,1,48820.000,39362,192000,3999.958,120.0,8,13,2,0.00000,0.00000,0.00000,0.00000,0.00000
48.738,2,48625.000,30007,192000,3999.854,120.0,8,13,2,0.00000,0.00000,0.00000,0.00000,0.00000
48.839,0,48823.000,39543,192000,3999.188,120.0,8,13,2,0.00000,0.00000,0.00000,0.00000,0.00000
48.839,1,48921.000,44230,192000,3999.542,120.0,8,13,2,0.00000,0.00000,0.00000,0.00000,0.00000
48.839,2,48726.000,34856,192000,3999.833,120.0,8,13,2,0.00000,0.00000,0.00000,0.00000,0.00000
48.941,0,48925.000,44424,192000,3999.500,120.0,8,13,2,0.00000,0.00000,0.00000,0.00000,0.00000
48.941,1,49023.000,49120,192000,3999.667,120.0,8,13,2,0.00000,0.00000,0.00000,0.00000,0.00000
48.941,2,48827.000,39727,192000,3999.354,120.0,8,13,2,0.00000,0.00000,0.00000,0.00000,0.00000
49.043,0,49028.000,49349,192000,3999.896,120.0,8,13,2,0.00000,0.00000,0.00000,0.00000,0.00000
49.043,1,49126.000,54055,192000,3999.854,120.0,8,13,2,0.00000,0.00000,0.00000,0.00000,0.00000
49.043,2,48930.000,44642,192000,3999.958,120.0,8,13,2,0.00000,0.00000,0.00000,0.00000,0.00000
49.144,0,49128.000,54186,192000,3999.125,120.0,8,13,2,0.00000,0.00000,0.00000,0.00000,0.00000
49.144,1,49227.000,58902,192000,3999.875,120.0,8,13,2,0.00000,0.00000,0.00000,0.00000,0.00000
49.144,2,49030.000,49470,192000,3999.375,120.0,8,13,2,0.00000,0.00000,0.00000,0.00000,0.00000
49.245,0,49230.000,59058,192000,3999.625,120.0,8,13,2,0.00000,0.00000,0.00000,0.00000,0.00000
49.245,1,49328.000,63784,192000,3999.167,120.0,8,13,2,0.00000,0.00000,0.00000,0.00000,0.00000
49.245,2,49131.000,54332,192000,3999.083,120.0,8,13,2,0.00000,0.00000,0.00000,0.00000,0.00000
49.346,0,49330.000,63866,192000,3999.458,120.0,8,13,2,0.00000,0.00000,0.00000,0.00000,0.00000
49.346,1,49429.000,68601,192000,3999.812,120.0,8,13,2,0.00000,0.00000,0.00000,0.00000,0.00000
49.346,2,49231.000,59130,192000,3999.125,120.0,8,13,2,0.00000,0.00000,0.00000,0.00000,0.00000
49.446,0,49431.000,68697,192000,3999.812,120.0,8,13,2,0.00000,0.00000,0.00000,0.00000,0.00000
49.446,1,49530.000,73442,192000,3999.958,120.0,8,13,2,0.00000,0.00000,0.00000,0.00000,0.00000
49.446,2,49332.000,63951,192000,3999.688,120.0,8,13,2,0.00000,0.00000,0.00000,0.00000,0.00000
49.548,0,49532.000,73576,192000,3999.167,120.0,8,13,2,0.00000,0.00000,0.00000,0.00000,0.00000
49.548,1,49631.000,78331,192000,3999.104,120.0,8,13,2,0.00000,0.00000,0.00000,0.00000,0.00000
49.548,2,49433.000,68821,192000,3999.229,120.0,8,13,2,0.00000,0.00000,0.00000,0.00000,0.00000
49.650,0,49635.000,78493,192000,3999.729,120.0,8,13,2,0.00000,0.00000,0.00000,0.00000,0.00000
49.650,1,49734.000,83258,192000,3999.458,120.0,8,13,2,0.00000,0.00000,0.00000,0.00000,0.00000
49.650,2,49536.000,73728,192000,0.000,120.0,8,13,2,0.00000,0.00000,0.00000,0.00000,0.00000
49.751,0,49736.000,83346,192000,3999.625,120.0,8,13,2,0.00000,0.00000,0.00000,0.00000,0.00000
49.751,1,49835.000,88121,192000,3999.146,120.0,8,13,2,0.00000,0.00000,0.00000,0.00000,0.00000
49.751,2,49636.000,78572,192000,3999.083,120.0,8,13,2,0.00000,0.00000,0.00000,0.00000,0.00000
49.854,0,49839.000,88276,192000,3999.917,120.0,8,13,2,0.00000,0.00000,0.00000,0.00000,0.00000
49.854,1,49938.000,93060,192000,3999.250,120.0,8,13,2,0.00000,0.00000,0.00000,0.00000,0.00000
49.854,2,49739.000,83492,192000,3999.583,120.0,8,13,2,0.00000,0.00000,0.00000,0.00000,0.00000
49.955,0,49939.000,93110,192000,3999.208,120.0,8,13,2,0.00000,0.00000,0.00000,0.00000,0.00000
49.955,1,50039.000,97904,192000,3999.333,120.0,8,13,2,0.00000,0.00000,0.00000,0.00000,0.00000
49.955,2,49839.000,88316,192000,3999.083,120.0,8,13,2,0.00000,0.00000,0.00000,0.00000,0.00000
50.056,0,50041.000,97978,192000,3999.792,120.0,8,13,2,0.00000,0.00000,0.00000,0.00000,0.00000
50.056,1,50141.000,102782,192000,3999.708,120.0,8,13,2,0.00000,0.00000,0.00000,0.00000,0.00000
50.056,2,49941.000,93174,192000,3999.875,120.0,8,13,2,0.00000,0.00000,0.00000,0.00000,0.00000
50.157,0,50141.000,102801,192000,3999.312,120.0,8,13,2,0.00000,0.00000,0.00000,0.00000,0.00000
50.157,1,50241.000,107614,192000,3999.042,120.0,8,13,2,0.00000,0.00000,0.00000,0.00000,0.00000
50.157,2,50041.000,97988,192000,3999.583,120.0,8,13,2,0.00000,0.00000,0.00000,0.00000,0.00000
50.259,0,50243.000,107705,192000,3999.146,120.0,8,13,2,0.00000,0.00000,0.00000,0.00000,0.00000
50.259,1,50344.000,112528,192000,3999.667,120.0,8,13,2,0.00000,0.00000,0.00000,0.00000,0.00000
50.259,2,50143.000,102881,192000,3999.646,120.0,8,13,2,0.00000,0.00000,0.00000,0.00000,0.00000
50.360,0,50345.000,112576,192000,3999.667,120.0,8,13,2,0.00000,0.00000,0.00000,0.00000,0.00000
50.360,1,50446.000,117408,192000,0.000,120.0,8,13,2,0.00000,0.00000,0.00000,0.00000,0.00000
50.360,2,50244.000,107743,192000,3999.354,120.0,8,13,2,0.00000,0.00000,0.00000,0.00000,0.00000
50.461,0,50446.000,117409,192000,3999.979,120.0,8,13,2,0.00000,0.00000,0.00000,0.00000,0.00000
50.461,1,50546.000,122252,192000,3999.083,120.0,8,13,2,0.00000,0.00000,0.00000,0.00000,0.00000
50.461,2,50345.000,112566,192000,3999.875,120.0,8,13,2,0.00000,0.00000,0.00000,0.00000,0.00000
50.562,0,50546.000,122231,192000,3999.521,120.0,8,13,2,0.00000,0.00000,0.00000,0.00000,0.00000
50.562,1,50647.000,127083,192000,3999.438,120.0,8,13,2,0.00000,0.00000,0.00000,0.00000,0.00000
50.562,2,50445.000,117379,192000,3999.604,120.0,8,13,2,0.00000,0.00000,0.00000,0.00000,0.00000
50.663,0,50648.000,127108,192000,3999.917,120.0,8,13,2,0.00000,0.00000,0.00000,0.00000,0.00000
50.663,1,50749.000,131970,192000,3999.625,120.0,8,13,2,0.00000,0.00000,0.00000,0.00000,0.00000
50.663,2,50546.000,122246,192000,3999.208,120.0,8,13,2,0.00000,0.00000,0.00000,0.00000,0.00000
50.765,0,50750.000,132014,192000,3999.708,120.0,8,13,2,0.00000,0.00000,0.00000,0.00000,0.00000
50.765,1,50851.000,136885,192000,3999.229,120.0,8,13,2,0.00000,0.00000,0.00000,0.00000,0.00000
50.765,2,50648.000,127142,192000,3999.208,120.0,8,13,2,0.00000,0.00000,0.00000,0.00000,0.00000
50.867,0,50852.000,136910,192000,3999.708,120.0,8,13,2,0.00000,0.00000,0.00000,0.00000,0.00000
50.867,1,50954.000,141792,192000,0.000,120.0,8,13,2,0.00000,0.00000,0.00000,0.00000,0.00000
50.867,2,50750.000,132029,192000,3999.396,120.0,8,13,2,0.00000,0.00000,0.00000,0.00000,0.00000
50.970,0,50954.000,141837,192000,3999.062,120.0,8,13,2,0.00000,0.00000,0.00000,0.00000,0.00000
50.970,1,51056.000,146728,192000,3999.167,120.0,8,13,2,0.00000,0.00000,0.00000,0.00000,0.00000
50.970,2,50853.000,136945,192000,3999.979,120.0,8,13,2,0.00000,0.00000,0.00000,0.00000,0.00000
51.070,0,51055.000,146650,192000,3999.792,120.0,8,13,2,0.00000,0.00000,0.00000,0.00000,0.00000
51.070,1,51157.000,151551,192000,3999.688,120.0,8,13,2,0.00000,0.00000,0.00000,0.00000,0.00000
51.070,2,50953.000,141749,192000,3999.896,120.0,8,13,2,0.00000,0.00000,0.00000,0.00000,0.00000
51.171,0,51155.000,151463,192000,3999.521,120.0,8,13,2,0.00000,0.00000,0.00000,0.00000,0.00000
51.171,1,51257.000,156374,192000,3999.208,120.0,8,13,2,0.00000,0.00000,0.00000,0.00000,0.00000
51.171,2,51053.000,146552,192000,3999.833,120.0,8,13,2,0.00000,0.00000,0.00000,0.00000,0.00000
51.273,0,51258.000,156389,192000,3999.896,120.0,8,13,2,0.00000,0.00000,0.00000,0.00000,0.00000
51.273,1,51360.000,161310,192000,3999.375,120.0,8,13,2,0.00000,0.00000,0.00000,0.00000,0.00000
51.273,2,51155.000,151469,192000,3999.396,120.0,8,13,2,0.00000,0.00000,0.00000,0.00000,0.00000
51.375,0,51360.000,161287,192000,3999.854,120.0,8,13,2,0.00000,0.00000,0.00000,0.00000,0.00000
51.375,1,51462.000,166217,192000,3999.146,120.0,8,13,2,0.00000,0.00000,0.00000,0.00000,0.00000
51.375,2,51257.000,156357,192000,3999.562,120.0,8,13,2,0.00000,0.00000,0.00000,0.00000,0.00000
51.476,0,51460.000,166108,192000,3999.417,120.0,8,13,2,0.00000,0.00000,0.00000,0.00000,0.00000
51.476,1,51563.000,171048,192000,3999.500,120.0,8,13,2,0.00000,0.00000,0.00000,0.00000,0.00000
51.476,2,51357.000,161168,192000,3999.333,120.0,8,13,2,0.00000,0.00000,0.00000,0.00000,0.00000
51.579,0,51563.000,171061,192000,3999.229,120.0,8,13,2,0.00000,0.00000,0.00000,0.00000,0.00000
51.579,1,51666.000,176011,192000,3999.104,120.0,8,13,2,0.00000,0.00000,0.00000,0.00000,0.00000
51.579,2,51460.000,166111,192000,3999.354,120.0,8,13,2,0.00000,0.00000,0.00000,0.00000,0.00000
51.679,0,51664.000,175891,192000,3999.604,120.0,8,13,2,0.00000,0.00000,0.00000,0.00000,0.00000
51.679,1,51767.000,180850,192000,3999.292,120.0,8,13,2,0.00000,0.00000,0.00000,0.00000,0.00000
51.679,2,51561.000,170931,192000,3999.938,120.0,8,13,2,0.00000,0.00000,0.00000,0.00000,0.00000
51.782,0,51767.000,180834,192000,3999.625,120.0,8,13,2,0.00000,0.00000,0.00000,0.00000,0.00000
51.782,1,51870.000,185803,192000,3999.104,120.0,8,13,2,0.00000,0.00000,0.00000,0.00000,0.00000
51.782,2,51663.000,175864,192000,3999.167,120.0,8,13,2,0.00000,0.00000,0.00000,0.00000,0.00000
51.883,0,51868.000,185671,192000,3999.854,120.0,8,13,2,0.00000,0.00000,0.00000,0.00000,0.00000
51.883,1,51971.000,190650,192000,3999.125,120.0,8,13,2,0.00000,0.00000,0.00000,0.00000,0.00000
51.883,2,51764.000,180692,192000,3999.583,120.0,8,13,2,0.00000,0.00000,0.00000,0.00000,0.00000
51.985,0,51969.000,190546,192000,3999.292,120.0,8,13,2,0.00000,0.00000,0.00000,0.00000,0.00000
51.985,1,52073.000,3535,192000,3999.354,120.0,8,14,2,0.00000,0.00000,0.00000,0.00000,0.00000
51.985,2,51865.000,185558,192000,3999.208,120.0,8,13,2,0.00000,0.00000,0.00000,0.00000,0.00000
52.087,0,52072.000,3463,192000,3999.854,120.0,8,14,2,0.00000,0.00000,0.00000,0.00000,0.00000
52.087,1,52176.000,8462,192000,3999.708,120.0,8,14,2,0.00000,0.00000,0.00000,0.00000,0.00000
52.087,2,51968.000,190464,192000,0.000,120.0,8,13,2,0.00000,0.00000,0.00000,0.00000,0.00000
52.188,0,52172.000,8299,192000,3999.104,120.0,8,14,2,0.00000,0.00000,0.00000,0.00000,0.00000
52.188,1,52277.000,13307,192000,3999.771,120.0,8,14,2,0.00000,0.00000,0.00000,0.00000,0.00000
52.188,2,52068.000,3290,192000,3999.458,120.0,8,14,2,0.10370,0.10309,0.10370,0.00000,0.00000
52.290,0,52274.000,13182,192000,3999.375,120.0,8,14,2,0.00000,0.00000,0.00000,0.00000,0.00000
52.290,1,52379.000,18200,192000,3999.833,120.0,8,14,2,0.00000,0.00000,0.00000,0.00000,0.00000
52.290,2,52170.000,8164,192000,3999.917,120.0,8,14,2,0.06798,0.06758,0.06798,0.00000,0.00000
52.390,0,52375.000,18009,192000,3999.812,120.0,8,14,2,0.00000,0.00000,0.00000,0.00000,0.00000
52.390,1,52479.000,23036,192000,3999.083,120.0,8,14,2,0.00000,0.00000,0.00000,0.00000,0.00000
52.390,2,52270.000,12981,192000,3999.562,120.0,8,14,2,0.04478,0.04452,0.04478,0.00000,0.00000
52.490,0,52475.000,22811,192000,3999.771,120.0,8,14,2,0.00000,0.00000,0.00000,0.00000,0.00000
52.490,1,52580.000,27849,192000,3999.812,120.0,8,14,2,0.00000,0.00000,0.00000,0.00000,0.00000
52.490,2,52370.000,17774,192000,3999.708,120.0,8,14,2,0.02956,0.02939,0.02956,0.00000,0.00000
52.592,0,52577.000,27705,192000,3999.812,120.0,8,14,2,0.00000,0.00000,0.00000,0.00000,0.00000
52.592,1,52682.000,32752,192000,3999.667,120.0,8,14,2,0.00000,0.00000,0.00000,0.00000,0.00000
52.592,2,52472.000,22658,192000,3999.958,120.0,8,14,2,0.01936,0.01925,0.01936,0.00000,0.00000
52.695,0,52679.000,32622,192000,3999.375,120.0,8,14,2,0.00000,0.00000,0.00000,0.00000,0.00000
52.695,1,52784.000,37679,192000,3999.021,120.0,8,14,2,0.00000,0.00000,0.00000,0.00000,0.00000
52.695,2,52574.000,27565,192000,3999.729,120.0,8,14,2,0.01266,0.01258,0.01266,0.00000,0.00000
52.796,0,52780.000,37462,192000,3999.542,120.0,8,14,2,0.00000,0.00000,0.00000,0.00000,0.00000
52.796,1,52886.000,42529,192000,3999.979,120.0,8,14,2,0.00000,0.00000,0.00000,0.00000,0.00000
52.796,2,52674.000,32396,192000,3999.083,120.0,8,14,2,0.00833,0.00828,0.00833,0.00000,0.00000
52.898,0,52882.000,42356,192000,3999.583,120.0,8,14,2,0.00000,0.00000,0.00000,0.00000,0.00000
52.898,1,52988.000,47433,192000,3999.812,120.0,8,14,2,0.00000,0.00000,0.00000,0.00000,0.00000
52.898,2,52776.000,37280,192000,3999.333,120.0,8,14,2,0.00545,0.00542,0.00545,0.00000,0.00000
52.999,0,52984.000,47235,192000,3999.938,120.0,8,14,2,0.00000,0.00000,0.00000,0.00000,0.00000
52.999,1,53090.000,52321,192000,3999.979,120.0,8,14,2,0.00000,0.00000,0.00000,0.00000,0.00000
52.999,2,52878.000,42149,192000,3999.896,120.0,8,14,2,0.00358,0.00356,0.00358,0.00000,0.00000
53.100,0,53084.000,52075,192000,3999.104,120.0,8,14,2,0.00000,0.00000,0.00000,0.00000,0.00000
53.100,1,53191.000,57171,192000,3999.938,120.0,8,14,2,0.00000,0.00000,0.00000,0.00000,0.00000
53.100,2,52978.000,46979,192000,3999.271,120.0,8,14,2,0.00235,0.00234,0.00235,0.00000,0.00000
53.201,0,53185.000,56917,192000,3999.229,120.0,8,14,2,0.00000,0.00000,0.00000,0.00000,0.00000
53.201,1,53292.000,62023,192000,3999.854,120.0,8,14,2,0.00000,0.00000,0.00000,0.00000,0.00000
53.201,2,53079.000,51812,192000,3999.583,120.0,8,14,2,0.00155,0.00154,0.00155,0.00000,0.00000
53.304,0,53288.000,61846,192000,3999.542,120.0,8,14,2,0.00000,0.00000,0.00000,0.00000,0.00000
53.304,1,53395.000,66961,192000,3999.979,120.0,8,14,2,0.00000,0.00000,0.00000,0.00000,0.00000
53.304,2,53181.000,56730,192000,3999.125,120.0,8,14,2,0.00101,0.00101,0.00101,0.00000,0.00000
53.404,0,53388.000,66654,192000,3999.375,120.0,8,14,2,0.00000,0.00000,0.00000,0.00000,0.00000
53.404,1,53495.000,71779,192000,3999.604,120.0,8,14,2,0.00000,0.00000,0.00000,0.00000,0.00000
53.404,2,53281.000,61529,192000,3999.146,120.0,8,14,2,0.00067,0.00066,0.00067,0.00000,0.00000
53.505,0,53490.000,71538,192000,3999.625,120.0,8,14,2,0.00000,0.00000,0.00000,0.00000,0.00000
53.505,1,53597.000,76672,192000,3999.667,120.0,8,14,2,0.00000,0.00000,0.00000,0.00000,0.00000
53.505,2,53383.000,66403,192000,3999.604,120.0,8,14,2,0.00044,0.00043,0.00044,0.00000,0.00000
53.606,0,53590.000,76351,192000,3999.354,120.0,8,14,2,0.00000,0.00000,0.00000,0.00000,0.00000
53.606,1,53697.000,81496,192000,3999.167,120.0,8,14,2,0.00000,0.00000,0.00000,0.00000,0.00000
53.606,2,53483.000,71207,192000,3999.521,120.0,8,14,2,0.00029,0.00029,0.00029,0.00000,0.00000
53.708,0,53692.000,81241,192000,3999.479,120.0,8,14,2,0.00000,0.00000,0.00000,0.00000,0.00000
53.708,1,53799.000,86395,192000,3999.104,120.0,8,14,2,0.00000,0.00000,0.00000,0.00000,0.00000
53.708,2,53585.000,76086,192000,3999.875,120.0,8,14,2,0.00019,0.00019,0.00019,0.00000,0.00000
53.810,0,53795.000,86161,192000,3999.979,120.0,8,14,2,0.00000,0.00000,0.00000,0.00000,0.00000
53.810,1,53902.000,91325,192000,3999.396,120.0,8,14,2,0.00000,0.00000,0.00000,0.00000,0.00000
53.810,2,53687.000,80997,192000,3999.562,120.0,8,14,2,0.00012,0.00012,0.00012,0.00000,0.00000
53.910,0,53895.000,90977,192000,3999.646,120.0,8,14,2,0.00000,0.00000,0.00000,0.00000,0.00000
53.910,1,54003.000,96151,192000,3999.854,120.0,8,14,2,0.00000,0.00000,0.00000,0.00000,0.00000
53.910,2,53787.000,85804,192000,3999.417,120.0,8,14,2,0.00008,0.00008,0.00008,0.00000,0.00000
54.012,0,53996.000,95853,192000,3999.062,120.0,8,14,2,0.00000,0.00000,0.00000,0.00000,0.00000
54.012,1,54104.000,101036,192000,3999.083,120.0,8,14,2,0.00000,0.00000,0.00000,0.00000,0.00000
54.012,2,53888.000,90669,192000,3999.062,120.0,8,14,2,0.00005,0.00005,0.00005,0.00000,0.00000
54.113,0,54098.000,100722,192000,3999.625,120.0,8,14,2,0.00000,0.00000,0.00000,0.00000,0.00000
54.113,1,54206.000,105915,192000,3999.438,120.0,8,14,2,0.00000,0.00000,0.00000,0.00000,0.00000
54.113,2,53990.000,95529,192000,3999.812,120.0,8,14,2,0.00004,0.00003,0.00004,0.00000,0.00000
54.215,0,54199.000,105594,192000,3999.125,120.0,8,14,2,0.00000,0.00000,0.00000,0.00000,0.00000
54.215,1,54308.000,110797,192000,3999.729,120.0,8,14,2,0.00000,0.00000,0.00000,0.00000,0.00000
54.215,2,54091.000,100391,192000,3999.521,120.0,8,14,2,0.00002,0.00002,0.00002,0.00000,0.00000
54.316,0,54300.000,110445,192000,3999.062,120.0,8,14,2,0.00000,0.00000,0.00000,0.00000,0.00000
54.316,1,54409.000,115658,192000,3999.458,120.0,8,14,2,0.00000,0.00000,0.00000,0.00000,0.00000
54.316,2,54192.000,105232,192000,3999.667,120.0,8,14,2,0.00002,0.00002,0.00002,0.00000,0.00000
54.418,0,54402.000,115338,192000,3999.125,120.0,8,14,2,0.00000,0.00000,0.00000,0.00000,0.00000
54.418,1,54511.000,120560,192000,3999.333,120.0,8,14,2,0.00000,0.00000,0.00000,0.00000,0.00000
54.418,2,54294.000,110115,192000,3999.938,120.0,8,14,2,0.00001,0.00001,0.00001,0.00000,0.00000
54.520,0,54505.000,120247,192000,3999.854,120.0,8,14,2,0.00000,0.00000,0.00000,0.00000,0.00000
54.520,1,54614.000,125479,192000,3999.854,120.0,8,14,2,0.00000,0.00000,0.00000,0.00000,0.00000
54.520,2,54396.000,115015,192000,3999.854,120.0,8,14,2,0.00001,0.00001,0.00001,0.00000,0.00000
54.621,0,54606.000,125102,192000,3999.708,120.0,8,14,2,0.00000,0.00000,0.00000,0.00000,0.00000
54.621,1,54715.000,130344,192000,3999.500,120.0,8,14,2,0.00000,0.00000,0.00000,0.00000,0.00000
54.621,2,54497.000,119860,192000,3999.917,120.0,8,14,2,0.00000,0.00000,0.00000,0.00000,0.00000
54.722,0,54707.000,129941,192000,3999.896,120.0,8,14,2,0.00000,0.00000,0.00000,0.00000,0.00000
54.722,1,54816.000,135192,192000,3999.500,120.0,8,14,2,0.00000,0.00000,0.00000,0.00000,0.00000
54.722,2,54597.000,124689,192000,3999.312,120.0,8,14,2,0.00000,0.00000,0.00000,0.00000,0.00000
54.825,0,54809.000,134854,192000,3999.542,120.0,8,14,2,0.00000,0.00000,0.00000,0.00000,0.00000
54.825,1,54919.000,140115,192000,3999.938,120.0,8,14,2,0.00000,0.00000,0.00000,0.00000,0.00000
54.825,2,54699.000,129592,192000,3999.167,120.0,8,14,2,0.00000,0.00000,0.00000,0.00000,0.00000
54.926,0,54911.000,139737,192000,3999.812,120.0,8,14,2,0.00000,0.00000,0.00000,0.00000,0.00000
54.926,1,55021.000,145009,192000,3999.979,120.0,8,14,2,0.00000,0.00000,0.00000,0.00000,0.00000
54.926,2,54801.000,134466,192000,3999.625,120.0,8,14,2,0.00000,0.00000,0.00000,0.00000,0.00000
55.027,0,55011.000,144569,192000,3999.146,120.0,8,14,2,0.00000,0.00000,0.00000,0.00000,0.00000
55.027,1,55121.000,149850,192000,3999.125,120.0,8,14,2,0.00000,0.00000,0.00000,0.00000,0.00000
55.027,2,54901.000,139288,192000,3999.167,120.0,8,14,2,0.00000,0.00000,0.00000,0.00000,0.00000
55.127,0,55111.000,149369,192000,3999.146,120.0,8,14,2,0.00000,0.00000,0.00000,0.00000,0.00000
55.127,1,55222.000,154660,192000,3999.917,120.0,8,14,2,0.00000,0.00000,0.00000,0.00000,0.00000
55.127,2,55001.000,144079,192000,3999.354,120.0,8,14,2,0.00000,0.00000,0.00000,0.00000,0.00000
55.229,0,55214.000,154279,192000,3999.854,120.0,8,14,2,0.00000,0.00000,0.00000,0.00000,0.00000
55.229,1,55324.000,159579,192000,3999.438,120.0,8,14,2,0.00000,0.00000,0.00000,0.00000,0.00000
55.229,2,55103.000,148979,192000,3999.271,120.0,8,14,2,0.00000,0.00000,0.00000,0.00000,0.00000
55.332,0,55316.000,159189,192000,3999.562,120.0,8,14,2,0.00000,0.00000,0.00000,0.00000,0.00000
55.332,1,55427.000,164499,192000,3999.938,120.0,8,14,2,0.00000,0.00000,0.00000,0.00000,0.00000
55.332,2,55205.000,153879,192000,3999.188,120.0,8,14,2,0.00000,0.00000,0.00000,0.00000,0.00000
55.434,0,55418.000,164084,192000,3999.583,120.0,8,14,2,0.00000,0.00000,0.00000,0.00000,0.00000
55.434,1,55529.000,169404,192000,3999.750,120.0,8,14,2,0.00000,0.00000,0.00000,0.00000,0.00000
55.434,2,55307.000,158764,192000,3999.417,120.0,8,14,2,0.00000,0.00000,0.00000,0.00000,0.00000
55.535,0,55520.000,168965,192000,3999.896,120.0,8,14,2,0.00000,0.00000,0.00000,0.00000,0.00000
55.535,1,55631.000,174294,192000,3999.875,120.0,8,14,2,0.00000,0.00000,0.00000,0.00000,0.00000
55.535,2,55409.000,163635,192000,3999.938,120.0,8,14,2,0.00000,0.00000,0.00000,0.00000,0.00000
55.637,0,55622.000,173865,192000,3999.812,120.0,8,14,2,0.00000,0.00000,0.00000,0.00000,0.00000
55.637,1,55733.000,179204,192000,3999.583,120.0,8,14,2,0.00000,0.00000,0.00000,0.00000,0.00000
55.637,2,55510.000,168525,192000,3999.062,120.0,8,14,2,0.00000,0.00000,0.00000,0.00000,0.00000
55.738,0,55722.000,178702,192000,3999.042,120.0,8,14,2,0.00000,0.00000,0.00000,0.00000,0.00000
55.738,1,55834.000,184052,192000,3999.583,120.0,8,14,2,0.00000,0.00000,0.00000,0.00000,0.00000
55.738,2,55611.000,173353,192000,3999.479,120.0,8,14,2,0.00000,0.00000,0.00000,0.00000,0.00000
55.841,0,55826.000,183651,192000,3999.938,120.0,8,14,2,0.00000,0.00000,0.00000,0.00000,0.00000
55.841,1,55937.000,189011,192000,3999.271,120.0,8,14,2,0.00000,0.00000,0.00000,0.00000,0.00000
55.841,2,55714.000,178292,192000,3999.583,120.0,8,14,2,0.00000,0.00000,0.00000,0.00000,0.00000
55.942,0,55927.000,188513,192000,3999.646,120.0,8,14,2,0.00000,0.00000,0.00000,0.00000,0.00000
55.942,1,56039.000,1881,192000,3999.812,120.0,8,15,2,0.11711,0.11711,0.11704,0.00000,0.00000
55.942,2,55815.000,183144,192000,3999.500,120.0,8,14,2,0.00000,0.00000,0.00000,0.00000,0.00000
56.044,0,56028.000,1364,192000,3999.583,120.0,8,15,2,0.12288,0.12285,0.12288,0.00000,0.00000
56.044,1,56140.000,6742,192000,3999.542,120.0,8,15,2,0.07686,0.07686,0.07681,0.00000,0.00000
56.044,2,55916.000,187985,192000,3999.646,120.0,8,14,2,0.00000,0.00000,0.00000,0.00000,0.00000
56.145,0,56129.000,6214,192000,3999.542,120.0,8,15,2,0.08072,0.08070,0.08072,0.00000,0.00000
56.145,1,56241.000,11602,192000,3999.292,120.0,8,15,2,0.05044,0.05044,0.05041,0.00000,0.00000
56.145,2,56017.000,826,192000,3999.792,120.0,8,15,2,0.00000,0.00000,0.00000,0.00000,0.00000
56.246,0,56231.000,11094,192000,3999.875,120.0,8,15,2,0.05289,0.05287,0.05289,0.00000,0.00000
56.246,1,56343.000,16492,192000,3999.417,120.0,8,15,2,0.03302,0.03302,0.03300,0.00000,0.00000
56.246,2,56118.000,5696,192000,3999.333,120.0,8,15,2,0.00000,0.00000,0.00000,0.00000,0.00000
56.347,0,56331.000,15908,192000,3999.583,120.0,8,15,2,0.03485,0.03484,0.03485,0.00000,0.00000
56.347,1,56444.000,21316,192000,3999.917,120.0,8,15,2,0.02174,0.02174,0.02173,0.00000,0.00000
56.347,2,56218.000,10500,192000,3999.250,120.0,8,15,2,0.00000,0.00000,0.00000,0.00000,0.00000
56.448,0,56432.000,20761,192000,3999.479,120.0,8,15,2,0.02289,0.02288,0.02289,0.00000,0.00000
56.448,1,56545.000,26179,192000,3999.604,120.0,8,15,2,0.01427,0.01427,0.01426,0.00000,0.00000
56.448,2,56319.000,15344,192000,3999.333,120.0,8,15,2,0.00000,0.00000,0.00000,0.00000,0.00000
56.550,0,56535.000,25695,192000,3999.688,120.0,8,15,2,0.01493,0.01492,0.01493,0.00000,0.00000
56.550,1,56648.000,31123,192000,3999.604,120.0,8,15,2,0.00929,0.00929,0.00929,0.00000,0.00000
56.550,2,56422.000,20268,192000,3999.750,120.0,8,15,2,0.00000,0.00000,0.00000,0.00000,0.00000
56.652,0,56636.000,30563,192000,3999.271,120.0,8,15,2,0.00979,0.00979,0.00979,0.00000,0.00000
56.652,1,56750.000,36000,192000,0.000,120.0,8,15,2,0.00609,0.00609,0.00609,0.00000,0.00000
56.652,2,56523.000,25126,192000,3999.542,120.0,8,15,2,0.00000,0.00000,0.00000,0.00000,0.00000
56.753,0,56738.000,35430,192000,3999.875,120.0,8,15,2,0.00642,0.00642,0.00642,0.00000,0.00000
56.753,1,56851.000,40877,192000,3999.396,120.0,8,15,2,0.00399,0.00399,0.00399,0.00000,0.00000
56.753,2,56624.000,29983,192000,3999.354,120.0,8,15,2,0.00000,0.00000,0.00000,0.00000,0.00000
56.855,0,56839.000,40315,192000,3999.104,120.0,8,15,2,0.00421,0.00420,0.00421,0.00000,0.00000
56.855,1,56953.000,45771,192000,3999.438,120.0,8,15,2,0.00261,0.00261,0.00261,0.00000,0.00000
56.855,2,56726.000,34858,192000,3999.792,120.0,8,15,2,0.00000,0.00000,0.00000,0.00000,0.00000
56.956,0,56940.000,45154,192000,3999.292,120.0,8,15,2,0.00277,0.00276,0.00277,0.00000,0.00000
56.956,1,57054.000,50621,192000,3999.396,120.0,8,15,2,0.00172,0.00172,0.00172,0.00000,0.00000
56.956,2,56826.000,39688,192000,3999.167,120.0,8,15,2,0.00000,0.00000,0.00000,0.00000,0.00000
57.057,0,57041.000,49988,192000,3999.583,120.0,8,15,2,0.00182,0.00182,0.00182,0.00000,0.00000
57.057,1,57155.000,55463,192000,3999.521,120.0,8,15,2,0.00113,0.00113,0.00113,0.00000,0.00000
57.057,2,56927.000,44512,192000,3999.667,120.0,8,15,2,0.00000,0.00000,0.00000,0.00000,0.00000
57.158,0,57143.000,54868,192000,3999.917,120.0,8,15,2,0.00119,0.00119,0.00119,0.00000,0.00000
57.158,1,57257.000,60354,192000,3999.625,120.0,8,15,2,0.00074,0.00074,0.00074,0.00000,0.00000
57.158,2,57028.000,49383,192000,3999.188,120.0,8,15,2,0.00000,0.00000,0.00000,0.00000,0.00000
57.261,0,57245.000,59785,192000,3999.479,120.0,8,15,2,0.00078,0.00078,0.00078,0.00000,0.00000
57.261,1,57360.000,65281,192000,3999.979,120.0,8,15,2,0.00048,0.00048,0.00048,0.00000,0.00000
57.261,2,57131.000,54290,192000,3999.958,120.0,8,15,2,0.00000,0.00000,0.00000,0.00000,0.00000
57.362,0,57347.000,64667,192000,3999.771,120.0,8,15,2,0.00051,0.00051,0.00051,0.00000,0.00000
57.362,1,57461.000,70172,192000,3999.083,120.0,8,15,2,0.00032,0.00032,0.00032,0.00000,0.00000
57.362,2,57232.000,59162,192000,3999.458,120.0,8,15,2,0.00000,0.00000,0.00000,0.00000,0.00000
57.463,0,57447.000,69497,192000,3999.146,120.0,8,15,2,0.00034,0.00034,0.00034,0.00000,0.00000
57.463,1,57562.000,75012,192000,3999.250,120.0,8,15,2,0.00021,0.00021,0.00021,0.00000,0.00000
57.463,2,57332.000,63983,192000,3999.021,120.0,8,15,2,0.00000,0.00000,0.00000,0.00000,0.00000
57.564,0,57548.000,74332,192000,3999.417,120.0,8,15,2,0.00022,0.00022,0.00022,0.00000,0.00000
57.564,1,57663.000,79857,192000,3999.312,120.0,8,15,2,0.00014,0.00014,0.00014,0.00000,0.00000
57.564,2,57433.000,68808,192000,3999.500,120.0,8,15,2,0.00000,0.00000,0.00000,0.00000,0.00000
57.665,0,57649.000,79173,192000,3999.562,120.0,8,15,2,0.00015,0.00015,0.00015,0.00000,0.00000
57.665,1,57764.000,84707,192000,3999.271,120.0,8,15,2,0.00009,0.00009,0.00009,0.00000,0.00000
57.665,2,57534.000,73639,192000,3999.854,120.0,8,15,2,0.00000,0.00000,0.00000,0.00000,0.00000
57.766,0,57751.000,84051,192000,3999.938,120.0,8,15,2,0.00010,0.00010,0.00010,0.00000,0.00000
57.766,1,57866.000,89595,192000,3999.438,120.0,8,15,2,0.00006,0.00006,0.00006,0.00000,0.00000
57.766,2,57635.000,78507,192000,3999.438,120.0,8,15,2,0.00000,0.00000,0.00000,0.00000,0.00000
57.868,0,57853.000,88947,192000,3999.938,120.0,8,15,2,0.00006,0.00006,0.00006,0.00000,0.00000
57.868,1,57968.000,94500,192000,3999.250,120.0,8,15,2,0.00004,0.00004,0.00004,0.00000,0.00000
57.868,2,57737.000,83393,192000,3999.646,120.0,8,15,2,0.00000,0.00000,0.00000,0.00000,0.00000
57.971,0,57955.000,93875,192000,3999.271,120.0,8,15,2,0.00004,0.00004,0.00004,0.00000,0.00000
57.971,1,58071.000,99439,192000,3999.354,120.0,8,15,2,0.00002,0.00002,0.00002,0.00000,0.00000
57.971,2,57839.000,88312,192000,3999.167,120.0,8,15,2,0.00000,0.00000,0.00000,0.00000,0.00000
58.072,0,58057.000,98755,192000,3999.604,120.0,8,15,2,0.00003,0.00003,0.00003,0.00000,0.00000
58.072,1,58173.000,104328,192000,3999.500,120.0,8,15,2,0.00002,0.00002,0.00002,0.00000,0.00000
58.072,2,57941.000,93181,192000,3999.729,120.0,8,15,2,0.00000,0.00000,0.00000,0.00000,0.00000
58.175,0,58159.000,103664,192000,3999.333,120.0,8,15,2,0.00002,0.00002,0.00002,0.00000,0.00000
58.175,1,58275.000,109247,192000,3999.021,120.0,8,15,2,0.00001,0.00001,0.00001,0.00000,0.00000
58.175,2,58043.000,98080,192000,3999.667,120.0,8,15,2,0.00000,0.00000,0.00000,0.00000,0.00000
58.276,0,58260.000,108503,192000,3999.521,120.0,8,15,2,0.00001,0.00001,0.00001,0.00000,0.00000
58.276,1,58376.000,114095,192000,3999.021,120.0,8,15,2,0.00001,0.00001,0.00001,0.00000,0.00000
58.276,2,58143.000,102910,192000,3999.042,120.0,8,15,2,0.00000,0.00000,0.00000,0.00000,0.00000
58.378,0,58362.000,113401,192000,3999.479,120.0,8,15,2,0.00001,0.00001,0.00001,0.00000,0.00000
58.378,1,58479.000,119003,192000,3999.771,120.0,8,15,2,0.00000,0.00000,0.00000,0.00000,0.00000
58.378,2,58245.000,107798,192000,3999.208,120.0,8,15,2,0.00000,0.00000,0.00000,0.00000,0.00000
58.480,0,58464.000,118315,192000,3999.104,120.0,8,15,2,0.00000,0.00000,0.00000,0.00000,0.00000
58.480,1,58581.000,123928,192000,3999.167,120.0,8,15,2,0.00000,0.00000,0.00000,0.00000,0.00000
58.480,2,58347.000,112703,192000,3999.021,120.0,8,15,2,0.00000,0.00000,0.00000,0.00000,0.00000
58.583,0,58568.000,123274,192000,3999.792,120.0,8,15,2,0.00000,0.00000,0.00000,0.00000,0.00000
58.583,1,58685.000,128896,192000,3999.667,120.0,8,15,2,0.00000,0.00000,0.00000,0.00000,0.00000
58.583,2,58451.000,117651,192000,3999.938,120.0,8,15,2,0.00000,0.00000,0.00000,0.00000,0.00000
58.685,0,58669.000,128148,192000,3999.250,120.0,8,15,2,0.00000,0.00000,0.00000,0.00000,0.00000
58.685,1,58787.000,133780,192000,3999.917,120.0,8,15,2,0.00000,0.00000,0.00000,0.00000,0.00000
58.685,2,58552.000,122516,192000,3999.583,120.0,8,15,2,0.00000,0.00000,0.00000,0.00000,0.00000
58.787,0,58771.000,133052,192000,3999.083,120.0,8,15,2,0.00000,0.00000,0.00000,0.00000,0.00000
58.787,1,58889.000,138694,192000,3999.542,120.0,8,15,2,0.00000,0.00000,0.00000,0.00000,0.00000
58.787,2,58654.000,127410,192000,3999.625,120.0,8,15,2,0.00000,0.00000,0.00000,0.00000,0.00000
58.890,0,58874.000,137997,192000,3999.062,120.0,8,15,2,0.00000,0.00000,0.00000,0.00000,0.00000
58.890,1,58992.000,143649,192000,3999.312,120.0,8,15,2,0.00000,0.00000,0.00000,0.00000,0.00000
58.890,2,58757.000,132345,192000,3999.812,120.0,8,15,2,0.00000,0.00000,0.00000,0.00000,0.00000
58.992,0,58976.000,142869,192000,3999.562,120.0,8,15,2,0.00000,0.00000,0.00000,0.00000,0.00000
58.992,1,59094.000,148531,192000,3999.604,120.0,8,15,2,0.00000,0.00000,0.00000,0.00000,0.00000
58.992,2,58858.000,137208,192000,3999.500,120.0,8,15,2,0.00000,0.00000,0.00000,0.00000,0.00000
59.093,0,59077.000,147735,192000,3999.188,120.0,8,15,2,0.00000,0.00000,0.00000,0.00000,0.00000
59.093,1,59195.000,153407,192000,3999.021,120.0,8,15,2,0.00000,0.00000,0.00000,0.00000,0.00000
59.093,2,58959.000,142064,192000,3999.333,120.0,8,15,2,0.00000,0.00000,0.00000,0.00000,0.00000
59.194,0,59179.000,152605,192000,3999.729,120.0,8,15,2,0.00000,0.00000,0.00000,0.00000,0.00000
59.194,1,59297.000,158286,192000,3999.375,120.0,8,15,2,0.00000,0.00000,0.00000,0.00000,0.00000
59.194,2,59060.000,146924,192000,3999.083,120.0,8,15,2,0.00000,0.00000,0.00000,0.00000,0.00000
59.296,0,59280.000,157478,192000,3999.208,120.0,8,15,2,0.00000,0.00000,0.00000,0.00000,0.00000
59.296,1,59399.000,163169,192000,3999.646,120.0,8,15,2,0.00000,0.00000,0.00000,0.00000,0.00000
59.296,2,59162.000,151787,192000,3999.771,120.0,8,15,2,0.00000,0.00000,0.00000,0.00000,0.00000
59.397,0,59382.000,162341,192000,3999.896,120.0,8,15,2,0.00000,0.00000,0.00000,0.00000,0.00000
59.397,1,59500.000,168042,192000,3999.125,120.0,8,15,2,0.00000,0.00000,0.00000,0.00000,0.00000
59.397,2,59263.000,156641,192000,3999.646,120.0,8,15,2,0.00000,0.00000,0.00000,0.00000,0.00000
59.498,0,59482.000,167183,192000,3999.021,120.0,8,15,2,0.00000,0.00000,0.00000,0.00000,0.00000
59.498,1,59601.000,172893,192000,3999.062,120.0,8,15,2,0.00000,0.00000,0.00000,0.00000,0.00000
59.498,2,59364.000,161473,192000,3999.979,120.0,8,15,2,0.00000,0.00000,0.00000,0.00000,0.00000
59.599,0,59584.000,172042,192000,3999.792,120.0,8,15,2,0.00000,0.00000,0.00000,0.00000,0.00000
59.599,1,59703.000,177761,192000,3999.646,120.0,8,15,2,0.00000,0.00000,0.00000,0.00000,0.00000
59.599,2,59465.000,166322,192000,3999.958,120.0,8,15,2,0.00000,0.00000,0.00000,0.00000,0.00000
59.702,0,59686.000,176961,192000,3999.312,120.0,8,15,2,0.00000,0.00000,0.00000,0.00000,0.00000
59.702,1,59806.000,182691,192000,3999.938,120.0,8,15,2,0.00000,0.00000,0.00000,0.00000,0.00000
59.702,2,59567.000,171232,192000,3999.667,120.0,8,15,2,0.00000,0.00000,0.00000,0.00000,0.00000
59.802,0,59786.000,181765,192000,3999.229,120.0,8,15,2,0.00000,0.00000,0.00000,0.00000,0.00000
59.802,1,59906.000,187504,192000,3999.667,120.0,8,15,2,0.00000,0.00000,0.00000,0.00000,0.00000
59.802,2,59667.000,176025,192000,3999.812,120.0,8,15,2,0.00000,0.00000,0.00000,0.00000,0.00000
59.904,0,59888.000,186667,192000,3999.104,120.0,8,15,2,0.00000,0.00000,0.00000,0.00000,0.00000
59.904,1,60008.000,416,192000,3999.333,120.0,8,16,2,0.00000,0.00000,0.00000,0.00000,0.00000
59.904,2,59769.000,180918,192000,3999.875,120.0,8,15,2,0.00000,0.00000,0.00000,0.00000,0.00000
60.005,0,59990.000,191536,192000,3999.667,120.0,8,15,2,0.00000,0.00000,0.00000,0.00000,0.00000
60.005,1,60110.000,5295,192000,3999.688,120.0,8,16,2,0.00000,0.00000,0.00000,0.00000,0.00000
60.005,2,59870.000,185777,192000,3999.646,120.0,8,15,2,0.00000,0.00000,0.00000,0.00000,0.00000
60.108,0,60092.000,4436,192000,3999.583,120.0,8,16,2,0.00000,0.00000,0.00000,0.00000,0.00000
60.108,1,60212.000,10205,192000,3999.396,120.0,8,16,2,0.00000,0.00000,0.00000,0.00000,0.00000
60.108,2,59972.000,190667,192000,3999.771,120.0,8,15,2,0.00000,0.00000,0.00000,0.00000,0.00000
60.209,0,60193.000,9290,192000,3999.458,120.0,8,16,2,0.00000,0.00000,0.00000,0.00000,0.00000
60.209,1,60313.000,15068,192000,3999.083,120.0,8,16,2,0.00000,0.00000,0.00000,0.00000,0.00000
60.209,2,60073.000,3511,192000,3999.854,120.0,8,16,2,0.00000,0.00000,0.00000,0.00000,0.00000
60.310,0,60294.000,14150,192000,3999.208,120.0,8,16,2,0.00000,0.00000,0.00000,0.00000,0.00000
60.310,1,60415.000,19938,192000,3999.625,120.0,8,16,2,0.00000,0.00000,0.00000,0.00000,0.00000
60.310,2,60174.000,8361,192000,3999.812,120.0,8,16,2,0.00000,0.00000,0.00000,0.00000,0.00000
60.413,0,60397.000,19079,192000,3999.521,120.0,8,16,2,0.00000,0.00000,0.00000,0.00000,0.00000
60.413,1,60518.000,24877,192000,3999.729,120.0,8,16,2,0.00000,0.00000,0.00000,0.00000,0.00000
60.413,2,60276.000,13281,192000,3999.312,120.0,8,16,2,0.00000,0.00000,0.00000,0.00000,0.00000
60.515,0,60499.000,23981,192000,3999.396,120.0,8,16,2,0.00000,0.00000,0.00000,0.00000,0.00000
60.515,1,60620.000,29789,192000,3999.396,120.0,8,16,2,0.00000,0.00000,0.00000,0.00000,0.00000
60.515,2,60378.000,18174,192000,3999.375,120.0,8,16,2,0.00000,0.00000,0.00000,0.00000,0.00000
60.617,0,60601.000,28884,192000,3999.250,120.0,8,16,2,0.00000,0.00000,0.00000,0.00000,0.00000
60.617,1,60722.000,34701,192000,3999.062,120.0,8,16,2,0.00000,0.00000,0.00000,0.00000,0.00000
60.617,2,60480.000,23066,192000,3999.458,120.0,8,16,2,0.00000,0.00000,0.00000,0.00000,0.00000
60.718,0,60702.000,33718,192000,3999.542,120.0,8,16,2,0.00000,0.00000,0.00000,0.00000,0.00000
60.718,1,60823.000,39546,192000,3999.125,120.0,8,16,2,0.00000,0.00000,0.00000,0.00000,0.00000
60.718,2,60581.000,27891,192000,3999.938,120.0,8,16,2,0.00000,0.00000,0.00000,0.00000,0.00000
60.820,0,60804.000,38635,192000,3999.104,120.0,8,16,2,0.00000,0.00000,0.00000,0.00000,0.00000
60.820,1,60926.000,44472,192000,3999.500,120.0,8,16,2,0.00000,0.00000,0.00000,0.00000,0.00000
60.820,2,60683.000,32798,192000,3999.708,120.0,8,16,2,0.00000,0.00000,0.00000,0.00000,0.00000
60.921,0,60906.000,43499,192000,3999.771,120.0,8,16,2,0.00000,0.00000,0.00000,0.00000,0.00000
60.921,1,61028.000,49346,192000,3999.958,120.0,8,16,2,0.00000,0.00000,0.00000,0.00000,0.00000
60.921,2,60784.000,37653,192000,3999.562,120.0,8,16,2,0.00000,0.00000,0.00000,0.00000,0.00000
61.023,0,61008.000,48398,192000,3999.708,120.0,8,16,2,0.00000,0.00000,0.00000,0.00000,0.00000
61.023,1,61130.000,54255,192000,3999.688,120.0,8,16,2,0.00000,0.00000,0.00000,0.00000,0.00000
61.023,2,60886.000,42542,192000,3999.708,120.0,8,16,2,0.00000,0.00000,0.00000,0.00000,0.00000
61.124,0,61108.000,53221,192000,3999.229,120.0,8,16,2,0.00000,0.00000,0.00000,0.00000,0.00000
61.124,1,61230.000,59087,192000,3999.021,120.0,8,16,2,0.00000,0.00000,0.00000,0.00000,0.00000
61.124,2,60986.000,47355,192000,3999.438,120.0,8,16,2,0.00000,0.00000,0.00000,0.00000,0.00000
61.226,0,61210.000,58112,192000,3999.333,120.0,8,16,2,0.00000,0.00000,0.00000,0.00000,0.00000
61.226,1,61333.000,63988,192000,3999.917,120.0,8,16,2,0.00000,0.00000,0.00000,0.00000,0.00000
61.226,2,61088.000,52236,192000,3999.750,120.0,8,16,2,0.00000,0.00000,0.00000,0.00000,0.00000
61.328,0,61312.000,63006,192000,3999.375,120.0,8,16,2,0.00000,0.00000,0.00000,0.00000,0.00000
61.328,1,61435.000,68892,192000,3999.750,120.0,8,16,2,0.00000,0.00000,0.00000,0.00000,0.00000
61.328,2,61190.000,57120,192000,0.000,120.0,8,16,2,0.00000,0.00000,0.00000,0.00000,0.00000
61.431,0,61415.000,67940,192000,3999.583,120.0,8,16,2,0.00000,0.00000,0.00000,0.00000,0.00000
61.431,1,61538.000,73836,192000,3999.750,120.0,8,16,2,0.00000,0.00000,0.00000,0.00000,0.00000
61.431,2,61292.000,62045,192000,3999.396,120.0,8,16,2,0.00000,0.00000,0.00000,0.00000,0.00000
61.532,0,61516.000,72803,192000,3999.271,120.0,8,16,2,0.00000,0.00000,0.00000,0.00000,0.00000
61.532,1,61639.000,78708,192000,3999.250,120.0,8,16,2,0.00000,0.00000,0.00000,0.00000,0.00000
61.532,2,61393.000,66898,192000,3999.292,120.0,8,16,2,0.00000,0.00000,0.00000,0.00000,0.00000
61.635,0,61619.000,77732,192000,3999.583,120.0,8,16,2,0.00000,0.00000,0.00000,0.00000,0.00000
61.635,1,61742.000,83647,192000,3999.354,120.0,8,16,2,0.00000,0.00000,0.00000,0.00000,0.00000
61.635,2,61496.000,71817,192000,3999.812,120.0,8,16,2,0.00000,0.00000,0.00000,0.00000,0.00000
61.735,0,61719.000,82534,192000,3999.542,120.0,8,16,2,0.00000,0.00000,0.00000,0.00000,0.00000
61.735,1,61842.000,88459,192000,3999.104,120.0,8,16,2,0.00000,0.00000,0.00000,0.00000,0.00000
61.735,2,61596.000,76609,192000,3999.979,120.0,8,16,2,0.00000,0.00000,0.00000,0.00000,0.00000
61.837,0,61822.000,87461,192000,3999.896,120.0,8,16,2,0.00000,0.00000,0.00000,0.00000,0.00000
61.837,1,61945.000,93396,192000,3999.250,120.0,8,16,2,0.00000,0.00000,0.00000,0.00000,0.00000
61.837,2,61698.000,81527,192000,3999.521,120.0,8,16,2,0.00000,0.00000,0.00000,0.00000,0.00000
61.938,0,61922.000,92278,192000,3999.542,120.0,8,16,2,0.00000,0.00000,0.00000,0.00000,0.00000
61.938,1,62046.000,98222,192000,3999.708,120.0,8,16,2,0.00000,0.00000,0.00000,0.00000,0.00000
61.938,2,61798.000,86334,192000,3999.375,120.0,8,16,2,0.00000,0.00000,0.00000,0.00000,0.00000
62.040,0,62025.000,97209,192000,3999.812,120.0,8,16,2,0.00000,0.00000,0.00000,0.00000,0.00000
62.040,1,62149.000,103163,192000,3999.771,120.0,8,16,2,0.00000,0.00000,0.00000,0.00000,0.00000
62.040,2,61901.000,91255,192000,3999.854,120.0,8,16,2,0.00000,0.00000,0.00000,0.00000,0.00000
62.142,0,62126.000,102076,192000,3999.417,120.0,8,16,2,0.00000,0.00000,0.00000,0.00000,0.00000
62.142,1,62250.000,108040,192000,3999.167,120.0,8,16,2,0.00000,0.00000,0.00000,0.00000,0.00000
62.142,2,62002.000,96112,192000,3999.667,120.0,8,16,2,0.00000,0.00000,0.00000,0.00000,0.00000
62.242,0,62226.000,106888,192000,3999.167,120.0,8,16,2,0.00000,0.00000,0.00000,0.00000,0.00000
62.242,1,62351.000,112862,192000,3999.708,120.0,8,16,2,0.00000,0.00000,0.00000,0.00000,0.00000
62.242,2,62102.000,100915,192000,3999.604,120.0,8,16,2,0.00000,0.00000,0.00000,0.00000,0.00000
62.342,0,62326.000,111689,192000,3999.146,120.0,8,16,2,0.00000,0.00000,0.00000,0.00000,0.00000
62.342,1,62451.000,117672,192000,3999.500,120.0,8,16,2,0.00000,0.00000,0.00000,0.00000,0.00000
62.342,2,62202.000,105706,192000,3999.792,120.0,8,16,2,0.00000,0.00000,0.00000,0.00000,0.00000
62.442,0,62427.000,116503,192000,3999.854,120.0,8,16,2,0.00000,0.00000,0.00000,0.00000,0.00000
62.442,1,62551.000,122495,192000,3999.021,120.0,8,16,2,0.00000,0.00000,0.00000,0.00000,0.00000
62.442,2,62302.000,110510,192000,3999.708,120.0,8,16,2,0.00000,0.00000,0.00000,0.00000,0.00000
62.545,0,62529.000,121428,192000,3999.250,120.0,8,16,2,0.00000,0.00000,0.00000,0.00000,0.00000
62.545,1,62654.000,127431,192000,3999.188,120.0,8,16,2,0.00000,0.00000,0.00000,0.00000,0.00000
62.545,2,62404.000,115425,192000,3999.312,120.0,8,16,2,0.00000,0.00000,0.00000,0.00000,0.00000
62.645,0,62630.000,126247,192000,3999.854,120.0,8,16,2,0.00000,0.00000,0.00000,0.00000,0.00000
62.645,1,62755.000,132259,192000,3999.604,120.0,8,16,2,0.00000,0.00000,0.00000,0.00000,0.00000
62.645,2,62504.000,120234,192000,3999.125,120.0,8,16,2,0.00000,0.00000,0.00000,0.00000,0.00000
62.747,0,62731.000,131129,192000,3999.146,120.0,8,16,2,0.00000,0.00000,0.00000,0.00000,0.00000
62.747,1,62857.000,137152,192000,3999.667,120.0,8,16,2,0.00000,0.00000,0.00000,0.00000,0.00000
62.747,2,62606.000,125107,192000,3999.604,120.0,8,16,2,0.00000,0.00000,0.00000,0.00000,0.00000
62.847,0,62832.000,135943,192000,3999.854,120.0,8,16,2,0.00000,0.00000,0.00000,0.00000,0.00000
62.847,1,62957.000,141975,192000,3999.188,120.0,8,16,2,0.00000,0.00000,0.00000,0.00000,0.00000
62.847,2,62706.000,129911,192000,3999.521,120.0,8,16,2,0.00000,0.00000,0.00000,0.00000,0.00000
62.950,0,62934.000,140860,192000,3999.417,120.0,8,16,2,0.00000,0.00000,0.00000,0.00000,0.00000
62.950,1,63060.000,146902,192000,3999.542,120.0,8,16,2,0.00000,0.00000,0.00000,0.00000,0.00000
62.950,2,62808.000,134819,192000,3999.271,120.0,8,16,2,0.00000,0.00000,0.00000,0.00000,0.00000
63.051,0,63035.000,145709,192000,3999.396,120.0,8,16,2,0.00000,0.00000,0.00000,0.00000,0.00000
63.051,1,63161.000,151760,192000,3999.333,120.0,8,16,2,0.00000,0.00000,0.00000,0.00000,0.00000
63.051,2,62909.000,139657,192000,3999.479,120.0,8,16,2,0.00000,0.00000,0.00000,0.00000,0.00000
63.153,0,63137.000,150597,192000,3999.562,120.0,8,16,2,0.00000,0.00000,0.00000,0.00000,0.00000
63.153,1,63263.000,156658,192000,3999.292,120.0,8,16,2,0.00000,0.00000,0.00000,0.00000,0.00000
63.153,2,63011.000,144536,192000,3999.833,120.0,8,16,2,0.00000,0.00000,0.00000,0.00000,0.00000
63.254,0,63238.000,155448,192000,3999.500,120.0,8,16,2,0.00000,0.00000,0.00000,0.00000,0.00000
63.254,1,63364.000,161518,192000,3999.042,120.0,8,16,2,0.00000,0.00000,0.00000,0.00000,0.00000
63.254,2,63112.000,149377,192000,3999.979,120.0,8,16,2,0.00000,0.00000,0.00000,0.00000,0.00000
63.356,0,63340.000,160364,192000,3999.083,120.0,8,16,2,0.00000,0.00000,0.00000,0.00000,0.00000
63.356,1,63467.000,166445,192000,3999.396,120.0,8,16,2,0.00000,0.00000,0.00000,0.00000,0.00000
63.356,2,63214.000,154284,192000,3999.750,120.0,8,16,2,0.00000,0.00000,0.00000,0.00000,0.00000
63.456,0,63441.000,165180,192000,3999.750,120.0,8,16,2,0.00000,0.00000,0.00000,0.00000,0.00000
63.456,1,63568.000,171270,192000,3999.875,120.0,8,16,2,0.00000,0.00000,0.00000,0.00000,0.00000
63.456,2,63314.000,159090,192000,3999.625,120.0,8,16,2,0.00000,0.00000,0.00000,0.00000,0.00000
63.557,0,63541.000,170010,192000,3999.125,120.0,8,16,2,0.00000,0.00000,0.00000,0.00000,0.00000
63.557,1,63668.000,176110,192000,3999.042,120.0,8,16,2,0.00000,0.00000,0.00000,0.00000,0.00000
63.557,2,63414.000,163911,192000,3999.188,120.0,8,16,2,0.00000,0.00000,0.00000,0.00000,0.00000
63.659,0,63643.000,174897,192000,3999.312,120.0,8,16,2,0.00000,0.00000,0.00000,0.00000,0.00000
63.659,1,63770.000,181007,192000,3999.021,120.0,8,16,2,0.00000,0.00000,0.00000,0.00000,0.00000
63.659,2,63516.000,168787,192000,3999.604,120.0,8,16,2,0.00000,0.00000,0.00000,0.00000,0.00000
63.761,0,63745.000,179787,192000,3999.438,120.0,8,16,2,0.00000,0.00000,0.00000,0.00000,0.00000
63.761,1,63873.000,185906,192000,3999.958,120.0,8,16,2,0.00000,0.00000,0.00000,0.00000,0.00000
63.761,2,63618.000,173668,192000,3999.917,120.0,8,16,2,0.00000,0.00000,0.00000,0.00000,0.00000
63.862,0,63847.000,184673,192000,3999.646,120.0,8,16,2,0.00000,0.00000,0.00000,0.00000,0.00000
63.862,1,63975.000,190802,192000,3999.958,120.0,8,16,2,0.00000,0.00000,0.00000,0.00000,0.00000
63.862,2,63719.000,178544,192000,3999.333,120.0,8,16,2,0.00000,0.00000,0.00000,0.00000,0.00000
63.964,0,63949.000,189564,192000,3999.750,120.0,8,16,2,0.00000,0.00000,0.00000,0.00000,0.00000
63.964,1,64077.000,3703,192000,3999.854,120.0,8,17,2,0.00000,0.00000,0.00000,0.00000,0.00000
63.964,2,63821.000,183425,192000,3999.646,120.0,8,16,2,0.00000,0.00000,0.00000,0.00000,0.00000
64.064,0,64049.000,2369,192000,3999.646,120.0,8,17,2,0.00000,0.00000,0.00000,0.00000,0.00000
64.064,1,64177.000,8517,192000,3999.562,120.0,8,17,2,0.00000,0.00000,0.00000,0.00000,0.00000
64.064,2,63921.000,188220,192000,3999.750,120.0,8,16,2,0.00000,0.00000,0.00000,0.00000,0.00000
64.165,0,64149.000,7184,192000,3999.333,120.0,8,17,2,0.00000,0.00000,0.00000,0.00000,0.00000
64.165,1,64277.000,13342,192000,3999.042,120.0,8,17,2,0.00000,0.00000,0.00000,0.00000,0.00000
64.165,2,64021.000,1026,192000,3999.625,120.0,8,17,2,0.12595,0.12576,0.12595,0.00000,0.00000
64.265,0,64250.000,12018,192000,3999.625,120.0,8,17,2,0.00000,0.00000,0.00000,0.00000,0.00000
64.265,1,64378.000,18186,192000,3999.125,120.0,8,17,2,0.00000,0.00000,0.00000,0.00000,0.00000
64.265,2,64121.000,5851,192000,3999.104,120.0,8,17,2,0.08292,0.08279,0.08292,0.00000,0.00000
64.369,0,64353.000,16977,192000,3999.312,120.0,8,17,2,0.00000,0.00000,0.00000,0.00000,0.00000
64.369,1,64482.000,23154,192000,3999.625,120.0,8,17,2,0.00000,0.00000,0.00000,0.00000,0.00000
64.369,2,64224.000,10799,192000,3999.021,120.0,8,17,2,0.05401,0.05392,0.05401,0.00000,0.00000
64.470,0,64454.000,21833,192000,3999.146,120.0,8,17,2,0.00000,0.00000,0.00000,0.00000,0.00000
64.470,1,64583.000,28020,192000,3999.250,120.0,8,17,2,0.00000,0.00000,0.00000,0.00000,0.00000
64.470,2,64325.000,15645,192000,3999.062,120.0,8,17,2,0.03549,0.03544,0.03549,0.00000,0.00000
64.570,0,64555.000,26659,192000,3999.604,120.0,8,17,2,0.00000,0.00000,0.00000,0.00000,0.00000
64.570,1,64684.000,32856,192000,3999.500,120.0,8,17,2,0.00000,0.00000,0.00000,0.00000,0.00000
64.570,2,64426.000,20461,192000,3999.729,120.0,8,17,2,0.02338,0.02335,0.02338,0.00000,0.00000
64.673,0,64658.000,31586,192000,3999.958,120.0,8,17,2,0.00000,0.00000,0.00000,0.00000,0.00000
64.673,1,64787.000,37793,192000,3999.646,120.0,8,17,2,0.00000,0.00000,0.00000,0.00000,0.00000
64.673,2,64528.000,25379,192000,3999.271,120.0,8,17,2,0.01527,0.01525,0.01527,0.00000,0.00000
64.773,0,64758.000,36394,192000,3999.792,120.0,8,17,2,0.00000,0.00000,0.00000,0.00000,0.00000
64.773,1,64887.000,42610,192000,3999.292,120.0,8,17,2,0.00000,0.00000,0.00000,0.00000,0.00000
64.773,2,64628.000,30177,192000,3999.312,120.0,8,17,2,0.01008,0.01006,0.01008,0.00000,0.00000
64.874,0,64859.000,41243,192000,3999.771,120.0,8,17,2,0.00000,0.00000,0.00000,0.00000,0.00000
64.874,1,64988.000,47469,192000,3999.062,120.0,8,17,2,0.00000,0.00000,0.00000,0.00000,0.00000
64.874,2,64729.000,35017,192000,3999.479,120.0,8,17,2,0.00662,0.00661,0.00662,0.00000,0.00000
64.974,0,64959.000,46047,192000,3999.688,120.0,8,17,2,0.00000,0.00000,0.00000,0.00000,0.00000
64.974,1,65089.000,52283,192000,3999.771,120.0,8,17,2,0.00000,0.00000,0.00000,0.00000,0.00000
64.974,2,64829.000,39811,192000,3999.604,120.0,8,17,2,0.00437,0.00437,0.00437,0.00000,0.00000
65.076,0,65061.000,50929,192000,3999.979,120.0,8,17,2,0.00000,0.00000,0.00000,0.00000,0.00000
65.076,1,65191.000,57174,192000,3999.875,120.0,8,17,2,0.00000,0.00000,0.00000,0.00000,0.00000
65.076,2,64930.000,44683,192000,3999.104,120.0,8,17,2,0.00287,0.00286,0.00287,0.00000,0.00000
65.177,0,65161.000,55748,192000,3999.583,120.0,8,17,2,0.00000,0.00000,0.00000,0.00000,0.00000
65.177,1,65291.000,62003,192000,3999.271,120.0,8,17,2,0.00000,0.00000,0.00000,0.00000,0.00000
65.177,2,65031.000,49492,192000,3999.917,120.0,8,17,2,0.00189,0.00189,0.00189,0.00000,0.00000
65.279,0,65263.000,60662,192000,3999.208,120.0,8,17,2,0.00000,0.00000,0.00000,0.00000,0.00000
65.279,1,65394.000,66927,192000,3999.688,120.0,8,17,2,0.00000,0.00000,0.00000,0.00000,0.00000
65.279,2,65133.000,54396,192000,3999.750,120.0,8,17,2,0.00124,0.00123,0.00124,0.00000,0.00000
65.379,0,65364.000,65481,192000,3999.812,120.0,8,17,2,0.00000,0.00000,0.00000,0.00000,0.00000
65.379,1,65494.000,71756,192000,3999.083,120.0,8,17,2,0.00000,0.00000,0.00000,0.00000,0.00000
65.379,2,65233.000,59207,192000,3999.521,120.0,8,17,2,0.00081,0.00081,0.00081,0.00000,0.00000
65.480,0,65465.000,70338,192000,3999.625,120.0,8,17,2,0.00000,0.00000,0.00000,0.00000,0.00000
65.480,1,65596.000,76623,192000,3999.688,120.0,8,17,2,0.00000,0.00000,0.00000,0.00000,0.00000
65.480,2,65334.000,64054,192000,3999.542,120.0,8,17,2,0.00054,0.00053,0.00054,0.00000,0.00000
65.581,0,65566.000,75179,192000,3999.771,120.0,8,17,2,0.00000,0.00000,0.00000,0.00000,0.00000
65.581,1,65697.000,81473,192000,3999.646,120.0,8,17,2,0.00000,0.00000,0.00000,0.00000,0.00000
65.581,2,65435.000,68885,192000,3999.896,120.0,8,17,2,0.00035,0.00035,0.00035,0.00000,0.00000
65.683,0,65667.000,80054,192000,3999.208,120.0,8,17,2,0.00000,0.00000,0.00000,0.00000,0.00000
65.683,1,65799.000,86358,192000,3999.875,120.0,8,17,2,0.00000,0.00000,0.00000,0.00000,0.00000
65.683,2,65536.000,73750,192000,3999.542,120.0,8,17,2,0.00023,0.00023,0.00023,0.00000,0.00000
65.785,0,65770.000,84968,192000,3999.833,120.0,8,17,2,0.00000,0.00000,0.00000,0.00000,0.00000
65.785,1,65901.000,91282,192000,3999.292,120.0,8,17,2,0.00000,0.00000,0.00000,0.00000,0.00000
65.785,2,65638.000,78655,192000,3999.354,120.0,8,17,2,0.00015,0.00015,0.00015,0.00000,0.00000
65.888,0,65872.000,89882,192000,3999.458,120.0,8,17,2,0.00000,0.00000,0.00000,0.00000,0.00000
65.888,1,66004.000,96205,192000,3999.729,120.0,8,17,2,0.00000,0.00000,0.00000,0.00000,0.00000
65.888,2,65740.000,83558,192000,3999.208,120.0,8,17,2,0.00010,0.00010,0.00010,0.00000,0.00000
65.990,0,65974.000,94783,192000,3999.354,120.0,8,17,2,0.00000,0.00000,0.00000,0.00000,0.00000
65.990,1,66106.000,101117,192000,3999.396,120.0,8,17,2,0.00000,0.00000,0.00000,0.00000,0.00000
65.990,2,65842.000,88450,192000,3999.292,120.0,8,17,2,0.00006,0.00006,0.00006,0.00000,0.00000
66.092,0,66076.000,99677,192000,3999.396,120.0,8,17,2,0.00000,0.00000,0.00000,0.00000,0.00000
66.092,1,66208.000,106020,192000,3999.250,120.0,8,17,2,0.00000,0.00000,0.00000,0.00000,0.00000
66.092,2,65944.000,93334,192000,3999.542,120.0,8,17,2,0.00004,0.00004,0.00004,0.00000,0.00000
66.194,0,66178.000,104578,192000,3999.292,120.0,8,17,2,0.00000,0.00000,0.00000,0.00000,0.00000
66.194,1,66311.000,110931,192000,3999.938,120.0,8,17,2,0.00000,0.00000,0.00000,0.00000,0.00000
66.194,2,66046.000,98225,192000,3999.646,120.0,8,17,2,0.00003,0.00003,0.00003,0.00000,0.00000
66.296,0,66281.000,109501,192000,3999.729,120.0,8,17,2,0.00000,0.00000,0.00000,0.00000,0.00000
66.296,1,66413.000,115863,192000,3999.188,120.0,8,17,2,0.00000,0.00000,0.00000,0.00000,0.00000
66.296,2,66148.000,103138,192000,3999.292,120.0,8,17,2,0.00002,0.00002,0.00002,0.00000,0.00000
66.399,0,66383.000,114406,192000,3999.542,120.0,8,17,2,0.00000,0.00000,0.00000,0.00000,0.00000
66.399,1,66516.000,120779,192000,3999.771,120.0,8,17,2,0.00000,0.00000,0.00000,0.00000,0.00000
66.399,2,66250.000,108034,192000,3999.292,120.0,8,17,2,0.00001,0.00001,0.00001,0.00000,0.00000
66.501,0,66485.000,119310,192000,3999.375,120.0,8,17,2,0.00000,0.00000,0.00000,0.00000,0.00000
66.501,1,66618.000,125693,192000,3999.396,120.0,8,17,2,0.00000,0.00000,0.00000,0.00000,0.00000
66.501,2,66352.000,112928,192000,3999.333,120.0,8,17,2,0.00001,0.00001,0.00001,0.00000,0.00000
66.602,0,66586.000,124170,192000,3999.125,120.0,8,17,2,0.00000,0.00000,0.00000,0.00000,0.00000
66.602,1,66720.000,130562,192000,3999.958,120.0,8,17,2,0.00000,0.00000,0.00000,0.00000,0.00000
66.602,2,66453.000,117778,192000,3999.292,120.0,8,17,2,0.00001,0.00001,0.00001,0.00000,0.00000
66.705,0,66689.000,129100,192000,3999.417,120.0,8,17,2,0.00000,0.00000,0.00000,0.00000,0.00000
66.705,1,66822.000,135502,192000,3999.042,120.0,8,17,2,0.00000,0.00000,0.00000,0.00000,0.00000
66.705,2,66556.000,122698,192000,3999.792,120.0,8,17,2,0.00000,0.00000,0.00000,0.00000,0.00000
66.807,0,66791.000,133996,192000,3999.417,120.0,8,17,2,0.00000,0.00000,0.00000,0.00000,0.00000
66.807,1,66925.000,140408,192000,3999.833,120.0,8,17,2,0.00000,0.00000,0.00000,0.00000,0.00000
66.807,2,66658.000,127584,192000,0.000,120.0,8,17,2,0.00000,0.00000,0.00000,0.00000,0.00000
66.909,0,66893.000,138899,192000,3999.271,120.0,8,17,2,0.00000,0.00000,0.00000,0.00000,0.00000
66.909,1,67027.000,145321,192000,3999.479,120.0,8,17,2,0.00000,0.00000,0.00000,0.00000,0.00000
66.909,2,66759.000,132477,192000,3999.062,120.0,8,17,2,0.00000,0.00000,0.00000,0.00000,0.00000
67.011,0,66995.000,143797,192000,3999.229,120.0,8,17,2,0.00000,0.00000,0.00000,0.00000,0.00000
67.011,1,67129.000,150228,192000,3999.250,120.0,8,17,2,0.00000,0.00000,0.00000,0.00000,0.00000
67.011,2,66861.000,137365,192000,3999.229,120.0,8,17,2,0.00000,0.00000,0.00000,0.00000,0.00000
67.112,0,67097.000,148673,192000,3999.646,120.0,8,17,2,0.00000,0.00000,0.00000,0.00000,0.00000
67.112,1,67231.000,155114,192000,3999.458,120.0,8,17,2,0.00000,0.00000,0.00000,0.00000,0.00000
67.112,2,66963.000,142232,192000,3999.833,120.0,8,17,2,0.00000,0.00000,0.00000,0.00000,0.00000
67.213,0,67197.000,153486,192000,3999.375,120.0,8,17,2,0.00000,0.00000,0.00000,0.00000,0.00000
67.213,1,67332.000,159937,192000,3999.979,120.0,8,17,2,0.00000,0.00000,0.00000,0.00000,0.00000
67.213,2,67063.000,147035,192000,3999.771,120.0,8,17,2,0.00000,0.00000,0.00000,0.00000,0.00000
67.315,0,67300.000,158403,192000,3999.938,120.0,8,17,2,0.00000,0.00000,0.00000,0.00000,0.00000
67.315,1,67434.000,164863,192000,3999.354,120.0,8,17,2,0.00000,0.00000,0.00000,0.00000,0.00000
67.315,2,67165.000,151942,192000,3999.542,120.0,8,17,2,0.00000,0.00000,0.00000,0.00000,0.00000
67.417,0,67401.000,163282,192000,3999.292,120.0,8,17,2,0.00000,0.00000,0.00000,0.00000,0.00000
67.417,1,67536.000,169752,192000,3999.500,120.0,8,17,2,0.00000,0.00000,0.00000,0.00000,0.00000
67.417,2,67266.000,156812,192000,3999.083,120.0,8,17,2,0.00000,0.00000,0.00000,0.00000,0.00000
67.518,0,67503.000,168149,192000,3999.896,120.0,8,17,2,0.00000,0.00000,0.00000,0.00000,0.00000
67.518,1,67638.000,174629,192000,3999.896,120.0,8,17,2,0.00000,0.00000,0.00000,0.00000,0.00000
67.518,2,67368.000,161669,192000,3999.896,120.0,8,17,2,0.00000,0.00000,0.00000,0.00000,0.00000
67.619,0,67603.000,172987,192000,3999.104,120.0,8,17,2,0.00000,0.00000,0.00000,0.00000,0.00000
67.619,1,67739.000,179476,192000,3999.917,120.0,8,17,2,0.00000,0.00000,0.00000,0.00000,0.00000
67.619,2,67468.000,166497,192000,3999.312,120.0,8,17,2,0.00000,0.00000,0.00000,0.00000,0.00000
67.721,0,67705.000,177880,192000,3999.167,120.0,8,17,2,0.00000,0.00000,0.00000,0.00000,0.00000
67.721,1,67841.000,184380,192000,3999.750,120.0,8,17,2,0.00000,0.00000,0.00000,0.00000,0.00000
67.721,2,67570.000,171380,192000,3999.583,120.0,8,17,2,0.00000,0.00000,0.00000,0.00000,0.00000
67.822,0,67806.000,182721,192000,3999.312,120.0,8,17,2,0.00000,0.00000,0.00000,0.00000,0.00000
67.822,1,67942.000,189230,192000,3999.708,120.0,8,17,2,0.00000,0.00000,0.00000,0.00000,0.00000
67.822,2,67671.000,176212,192000,3999.917,120.0,8,17,2,0.00000,0.00000,0.00000,0.00000,0.00000
67.923,0,67908.000,187597,192000,3999.729,120.0,8,17,2,0.00000,0.00000,0.00000,0.00000,0.00000
67.923,1,68044.000,2116,192000,3999.917,120.0,8,18,2,0.11520,0.11520,0.11492,0.00000,0.00000
67.923,2,67772.000,181078,192000,3999.542,120.0,8,17,2,0.00000,0.00000,0.00000,0.00000,0.00000
68.025,0,68010.000,482,192000,3999.958,120.0,8,18,2,0.06044,0.06044,0.05965,0.00000,0.00000
68.025,1,68146.000,7011,192000,3999.938,120.0,8,18,2,0.07538,0.07538,0.07519,0.00000,0.00000
68.025,2,67874.000,185953,192000,3999.979,120.0,8,17,2,0.00000,0.00000,0.00000,0.00000,0.00000
68.126,0,68111.000,5329,192000,3999.979,120.0,8,18,2,0.08714,0.08714,0.08689,0.00000,0.00000
68.126,1,68247.000,11868,192000,3999.750,120.0,8,18,2,0.04949,0.04949,0.04937,0.00000,0.00000
68.126,2,67974.000,190791,192000,3999.188,120.0,8,17,2,0.00000,0.00000,0.00000,0.00000,0.00000
68.227,0,68211.000,10163,192000,3999.271,120.0,8,18,2,0.05732,0.05732,0.05716,0.00000,0.00000
68.227,1,68348.000,16711,192000,3999.854,120.0,8,18,2,0.03253,0.03253,0.03245,0.00000,0.00000
68.227,2,68075.000,3615,192000,3999.688,120.0,8,18,2,0.00000,0.00000,0.00000,0.00000,0.00000
68.327,0,68312.000,14994,192000,3999.625,120.0,8,18,2,0.03772,0.03772,0.03761,0.00000,0.00000
68.327,1,68448.000,21551,192000,3999.021,120.0,8,18,2,0.02139,0.02139,0.02133,0.00000,0.00000
68.327,2,68175.000,8436,192000,3999.250,120.0,8,18,2,0.00000,0.00000,0.00000,0.00000,0.00000
68.430,0,68414.000,19903,192000,3999.354,120.0,8,18,2,0.02465,0.02465,0.02458,0.00000,0.00000
68.430,1,68551.000,26471,192000,3999.521,120.0,8,18,2,0.01396,0.01396,0.01393,0.00000,0.00000
68.430,2,68277.000,13335,192000,3999.188,120.0,8,18,2,0.00000,0.00000,0.00000,0.00000,0.00000
68.532,0,68516.000,24792,192000,3999.500,120.0,8,18,2,0.01614,0.01614,0.01609,0.00000,0.00000
68.532,1,68653.000,31370,192000,3999.458,120.0,8,18,2,0.00913,0.00913,0.00911,0.00000,0.00000
68.532,2,68379.000,18215,192000,3999.521,120.0,8,18,2,0.00000,0.00000,0.00000,0.00000,0.00000
68.634,0,68618.000,29698,192000,3999.292,120.0,8,18,2,0.01055,0.01055,0.01052,0.00000,0.00000
68.634,1,68755.000,36286,192000,3999.042,120.0,8,18,2,0.00597,0.00597,0.00595,0.00000,0.00000
68.634,2,68481.000,23111,192000,3999.521,120.0,8,18,2,0.00000,0.00000,0.00000,0.00000,0.00000
68.734,0,68719.000,34527,192000,3999.688,120.0,8,18,2,0.00694,0.00694,0.00692,0.00000,0.00000
68.734,1,68856.000,41123,192000,3999.271,120.0,8,18,2,0.00392,0.00392,0.00391,0.00000,0.00000
68.734,2,68581.000,27930,192000,3999.125,120.0,8,18,2,0.00000,0.00000,0.00000,0.00000,0.00000
68.835,0,68819.000,39336,192000,3999.500,120.0,8,18,2,0.00458,0.00458,0.00456,0.00000,0.00000
68.835,1,68957.000,45942,192000,3999.875,120.0,8,18,2,0.00258,0.00258,0.00258,0.00000,0.00000
68.835,2,68681.000,32729,192000,3999.146,120.0,8,18,2,0.00000,0.00000,0.00000,0.00000,0.00000
68.936,0,68920.000,44182,192000,3999.542,120.0,8,18,2,0.00301,0.00301,0.00300,0.00000,0.00000
68.936,1,69058.000,50798,192000,3999.708,120.0,8,18,2,0.00170,0.00170,0.00169,0.00000,0.00000
68.936,2,68782.000,37566,192000,3999.375,120.0,8,18,2,0.00000,0.00000,0.00000,0.00000,0.00000
69.038,0,69022.000,49086,192000,3999.375,120.0,8,18,2,0.00197,0.00197,0.00196,0.00000,0.00000
69.038,1,69160.000,55712,192000,3999.333,120.0,8,18,2,0.00111,0.00111,0.00111,0.00000,0.00000
69.038,2,68884.000,42460,192000,3999.417,120.0,8,18,2,0.00000,0.00000,0.00000,0.00000,0.00000
69.138,0,69122.000,53889,192000,3999.312,120.0,8,18,2,0.00130,0.00130,0.00129,0.00000,0.00000
69.138,1,69260.000,60524,192000,3999.083,120.0,8,18,2,0.00073,0.00073,0.00073,0.00000,0.00000
69.138,2,68984.000,47253,192000,3999.562,120.0,8,18,2,0.00000,0.00000,0.00000,0.00000,0.00000
69.240,0,69224.000,58784,192000,3999.333,120.0,8,18,2,0.00085,0.00085,0.00085,0.00000,0.00000
69.240,1,69363.000,65429,192000,3999.896,120.0,8,18,2,0.00048,0.00048,0.00048,0.00000,0.00000
69.240,2,69086.000,52139,192000,3999.771,120.0,8,18,2,0.00000,0.00000,0.00000,0.00000,0.00000
69.340,0,69324.000,63596,192000,3999.083,120.0,8,18,2,0.00056,0.00056,0.00056,0.00000,0.00000
69.340,1,69463.000,70251,192000,3999.438,120.0,8,18,2,0.00031,0.00031,0.00031,0.00000,0.00000
69.340,2,69186.000,56941,192000,3999.729,120.0,8,18,2,0.00000,0.00000,0.00000,0.00000,0.00000
69.441,0,69425.000,68438,192000,3999.208,120.0,8,18,2,0.00037,0.00037,0.00037,0.00000,0.00000
69.441,1,69564.000,75102,192000,3999.375,120.0,8,18,2,0.00021,0.00021,0.00021,0.00000,0.00000
69.441,2,69286.000,61773,192000,3999.062,120.0,8,18,2,0.00000,0.00000,0.00000,0.00000,0.00000
69.544,0,69528.000,73382,192000,3999.208,120.0,8,18,2,0.00024,0.00024,0.00024,0.00000,0.00000
69.544,1,69667.000,80056,192000,3999.167,120.0,8,18,2,0.00013,0.00013,0.00013,0.00000,0.00000
69.544,2,69389.000,66707,192000,3999.271,120.0,8,18,2,0.00000,0.00000,0.00000,0.00000,0.00000
69.645,0,69629.000,78233,192000,3999.146,120.0,8,18,2,0.00016,0.00016,0.00016,0.00000,0.00000
69.645,1,69769.000,84917,192000,3999.896,120.0,8,18,2,0.00009,0.00009,0.00009,0.00000,0.00000
69.645,2,69490.000,71549,192000,3999.396,120.0,8,18,2,0.00000,0.00000,0.00000,0.00000,0.00000
69.748,0,69732.000,83162,192000,3999.458,120.0,8,18,2,0.00010,0.00010,0.00010,0.00000,0.00000
69.748,1,69872.000,89857,192000,3999.979,120.0,8,18,2,0.00006,0.00006,0.00006,0.00000,0.00000
69.748,2,69593.000,76468,192000,3999.917,120.0,8,18,2,0.00000,0.00000,0.00000,0.00000,0.00000
69.849,0,69834.000,88040,192000,3999.833,120.0,8,18,2,0.00007,0.00007,0.00007,0.00000,0.00000
69.849,1,69973.000,94744,192000,3999.167,120.0,8,18,2,0.00004,0.00004,0.00004,0.00000,0.00000
69.849,2,69694.000,81336,192000,3999.500,120.0,8,18,2,0.00000,0.00000,0.00000,0.00000,0.00000
69.950,0,69934.000,92857,192000,3999.479,120.0,8,18,2,0.00004,0.00004,0.00004,0.00000,0.00000
69.950,1,70074.000,99571,192000,3999.604,120.0,8,18,2,0.00002,0.00002,0.00002,0.00000,0.00000
69.950,2,69794.000,86144,192000,3999.333,120.0,8,18,2,0.00000,0.00000,0.00000,0.00000,0.00000
70.051,0,70035.000,97713,192000,3999.312,120.0,8,18,2,0.00003,0.00003,0.00003,0.00000,0.00000
70.051,1,70175.000,104436,192000,3999.250,120.0,8,18,2,0.00002,0.00002,0.00002,0.00000,0.00000
70.051,2,69895.000,90990,192000,3999.375,120.0,8,18,2,0.00000,0.00000,0.00000,0.00000,0.00000
70.153,0,70137.000,102599,192000,3999.521,120.0,8,18,2,0.00002,0.00002,0.00002,0.00000,0.00000
70.153,1,70277.000,109332,192000,3999.250,120.0,8,18,2,0.00001,0.00001,0.00001,0.00000,0.00000
70.153,2,69997.000,95866,192000,3999.792,120.0,8,18,2,0.00000,0.00000,0.00000,0.00000,0.00000
70.253,0,70237.000,107416,192000,3999.167,120.0,8,18,2,0.00001,0.00001,0.00001,0.00000,0.00000
70.253,1,70378.000,114159,192000,3999.688,120.0,8,18,2,0.00001,0.00001,0.00001,0.00000,0.00000
70.253,2,70097.000,100674,192000,3999.625,120.0,8,18,2,0.00000,0.00000,0.00000,0.00000,0.00000
70.354,0,70338.000,112262,192000,3999.208,120.0,8,18,2,0.00001,0.00001,0.00001,0.00000,0.00000
70.354,1,70479.000,119014,192000,3999.542,120.0,8,18,2,0.00000,0.00000,0.00000,0.00000,0.00000
70.354,2,70198.000,105510,192000,3999.875,120.0,8,18,2,0.00000,0.00000,0.00000,0.00000,0.00000
70.456,0,70441.000,117173,192000,3999.896,120.0,8,18,2,0.00001,0.00001,0.00001,0.00000,0.00000
70.456,1,70581.000,123935,192000,3999.021,120.0,8,18,2,0.00000,0.00000,0.00000,0.00000,0.00000
70.456,2,70300.000,110411,192000,3999.771,120.0,8,18,2,0.00000,0.00000,0.00000,0.00000,0.00000
70.556,0,70541.000,121981,192000,3999.729,120.0,8,18,2,0.00000,0.00000,0.00000,0.00000,0.00000
70.556,1,70682.000,128752,192000,3999.667,120.0,8,18,2,0.00000,0.00000,0.00000,0.00000,0.00000
70.556,2,70400.000,115209,192000,3999.812,120.0,8,18,2,0.00000,0.00000,0.00000,0.00000,0.00000
70.657,0,70641.000,126793,192000,3999.479,120.0,8,18,2,0.00000,0.00000,0.00000,0.00000,0.00000
70.657,1,70782.000,133574,192000,3999.208,120.0,8,18,2,0.00000,0.00000,0.00000,0.00000,0.00000
70.657,2,70500.000,120011,192000,3999.771,120.0,8,18,2,0.00000,0.00000,0.00000,0.00000,0.00000
70.758,0,70742.000,131640,192000,3999.500,120.0,8,18,2,0.00000,0.00000,0.00000,0.00000,0.00000
70.758,1,70883.000,138431,192000,3999.021,120.0,8,18,2,0.00000,0.00000,0.00000,0.00000,0.00000
70.758,2,70601.000,124849,192000,3999.979,120.0,8,18,2,0.00000,0.00000,0.00000,0.00000,0.00000
70.860,0,70845.000,136574,192000,3999.708,120.0,8,18,2,0.00000,0.00000,0.00000,0.00000,0.00000
70.860,1,70986.000,143375,192000,3999.021,120.0,8,18,2,0.00000,0.00000,0.00000,0.00000,0.00000
70.860,2,70703.000,129773,192000,3999.396,120.0,8,18,2,0.00000,0.00000,0.00000,0.00000,0.00000
70.962,0,70946.000,141437,192000,3999.396,120.0,8,18,2,0.00000,0.00000,0.00000,0.00000,0.00000
70.962,1,71088.000,148248,192000,3999.500,120.0,8,18,2,0.00000,0.00000,0.00000,0.00000,0.00000
70.962,2,70804.000,134627,192000,3999.271,120.0,8,18,2,0.00000,0.00000,0.00000,0.00000,0.00000
71.062,0,71046.000,146240,192000,3999.333,120.0,8,18,2,0.00000,0.00000,0.00000,0.00000,0.00000
71.062,1,71188.000,153060,192000,3999.250,120.0,8,18,2,0.00000,0.00000,0.00000,0.00000,0.00000
71.062,2,70904.000,139419,192000,3999.438,120.0,8,18,2,0.00000,0.00000,0.00000,0.00000,0.00000
71.162,0,71147.000,151057,192000,3999.979,120.0,8,18,2,0.00000,0.00000,0.00000,0.00000,0.00000
71.162,1,71289.000,157887,192000,3999.688,120.0,8,18,2,0.00000,0.00000,0.00000,0.00000,0.00000
71.162,2,71004.000,144227,192000,3999.271,120.0,8,18,2,0.00000,0.00000,0.00000,0.00000,0.00000
71.263,0,71247.000,155885,192000,3999.396,120.0,8,18,2,0.00000,0.00000,0.00000,0.00000,0.00000
71.263,1,71390.000,162724,192000,3999.917,120.0,8,18,2,0.00000,0.00000,0.00000,0.00000,0.00000
71.263,2,71105.000,149045,192000,3999.896,120.0,8,18,2,0.00000,0.00000,0.00000,0.00000,0.00000
71.364,0,71348.000,160742,192000,3999.208,120.0,8,18,2,0.00000,0.00000,0.00000,0.00000,0.00000
71.364,1,71491.000,167591,192000,3999.521,120.0,8,18,2,0.00000,0.00000,0.00000,0.00000,0.00000
71.364,2,71206.000,153893,192000,3999.896,120.0,8,18,2,0.00000,0.00000,0.00000,0.00000,0.00000
71.465,0,71450.000,165608,192000,3999.833,120.0,8,18,2,0.00000,0.00000,0.00000,0.00000,0.00000
71.465,1,71593.000,172467,192000,3999.938,120.0,8,18,2,0.00000,0.00000,0.00000,0.00000,0.00000
71.465,2,71307.000,158749,192000,3999.729,120.0,8,18,2,0.00000,0.00000,0.00000,0.00000,0.00000
71.568,0,71553.000,170554,192000,3999.792,120.0,8,18,2,0.00000,0.00000,0.00000,0.00000,0.00000
71.568,1,71696.000,177423,192000,3999.688,120.0,8,18,2,0.00000,0.00000,0.00000,0.00000,0.00000
71.568,2,71410.000,163686,192000,3999.875,120.0,8,18,2,0.00000,0.00000,0.00000,0.00000,0.00000
71.671,0,71655.000,175476,192000,3999.250,120.0,8,18,2,0.00000,0.00000,0.00000,0.00000,0.00000
71.671,1,71799.000,182355,192000,3999.938,120.0,8,18,2,0.00000,0.00000,0.00000,0.00000,0.00000
71.671,2,71512.000,168597,192000,3999.562,120.0,8,18,2,0.00000,0.00000,0.00000,0.00000,0.00000
71.771,0,71755.000,180278,192000,3999.208,120.0,8,18,2,0.00000,0.00000,0.00000,0.00000,0.00000
71.771,1,71899.000,187166,192000,3999.708,120.0,8,18,2,0.00000,0.00000,0.00000,0.00000,0.00000
71.771,2,71612.000,173389,192000,3999.729,120.0,8,18,2,0.00000,0.00000,0.00000,0.00000,0.00000
71.872,0,71857.000,185136,192000,0.000,120.0,8,18,2,0.00000,0.00000,0.00000,0.00000,0.00000
71.872,1,72000.000,34,192000,3999.292,120.0,8,19,2,0.00000,0.00000,0.00000,0.00000,0.00000
71.872,2,71713.000,178238,192000,3999.708,120.0,8,18,2,0.00000,0.00000,0.00000,0.00000,0.00000
71.974,0,71959.000,190048,192000,3999.667,120.0,8,18,2,0.00000,0.00000,0.00000,0.00000,0.00000
71.974,1,72103.000,4956,192000,3999.750,120.0,8,19,2,0.00000,0.00000,0.00000,0.00000,0.00000
71.974,2,71815.000,183140,192000,3999.583,120.0,8,18,2,0.00000,0.00000,0.00000,0.00000,0.00000
72.076,0,72060.000,2913,192000,3999.312,120.0,8,19,2,0.00000,0.00000,0.00000,0.00000,0.00000
72.076,1,72204.000,9830,192000,3999.208,120.0,8,19,2,0.00000,0.00000,0.00000,0.00000,0.00000
72.076,2,71916.000,187995,192000,3999.438,120.0,8,18,2,0.00000,0.00000,0.00000,0.00000,0.00000
72.179,0,72164.000,7877,192000,3999.896,120.0,8,19,2,0.00000,0.00000,0.00000,0.00000,0.00000
72.179,1,72308.000,14804,192000,3999.583,120.0,8,19,2,0.00000,0.00000,0.00000,0.00000,0.00000
72.179,2,72019.000,949,192000,3999.229,120.0,8,19,2,0.00000,0.00000,0.00000,0.00000,0.00000
72.280,0,72264.000,12701,192000,3999.396,120.0,8,19,2,0.00000,0.00000,0.00000,0.00000,0.00000
72.280,1,72409.000,19639,192000,3999.854,120.0,8,19,2,0.00000,0.00000,0.00000,0.00000,0.00000
72.280,2,72120.000,5764,192000,3999.917,120.0,8,19,2,0.00000,0.00000,0.00000,0.00000,0.00000
72.381,0,72366.000,17578,192000,3999.792,120.0,8,19,2,0.00000,0.00000,0.00000,0.00000,0.00000
72.381,1,72510.000,24525,192000,3999.062,120.0,8,19,2,0.00000,0.00000,0.00000,0.00000,0.00000
72.381,2,72221.000,10631,192000,3999.521,120.0,8,19,2,0.00000,0.00000,0.00000,0.00000,0.00000
72.482,0,72467.000,22431,192000,3999.688,120.0,8,19,2,0.00000,0.00000,0.00000,0.00000,0.00000
72.482,1,72612.000,29388,192000,3999.750,120.0,8,19,2,0.00000,0.00000,0.00000,0.00000,0.00000
72.482,2,72322.000,15474,192000,3999.625,120.0,8,19,2,0.00000,0.00000,0.00000,0.00000,0.00000
72.585,0,72570.000,27360,192000,0.000,120.0,8,19,2,0.00000,0.00000,0.00000,0.00000,0.00000
72.585,1,72715.000,34327,192000,3999.854,120.0,8,19,2,0.00000,0.00000,0.00000,0.00000,0.00000
72.585,2,72424.000,20394,192000,3999.125,120.0,8,19,2,0.00000,0.00000,0.00000,0.00000,0.00000
72.688,0,72672.000,32277,192000,3999.562,120.0,8,19,2,0.00000,0.00000,0.00000,0.00000,0.00000
72.688,1,72817.000,39254,192000,3999.208,120.0,8,19,2,0.00000,0.00000,0.00000,0.00000,0.00000
72.688,2,72527.000,25301,192000,3999.896,120.0,8,19,2,0.00000,0.00000,0.00000,0.00000,0.00000
72.788,0,72773.000,37105,192000,3999.979,120.0,8,19,2,0.00000,0.00000,0.00000,0.00000,0.00000
72.788,1,72918.000,44091,192000,3999.438,120.0,8,19,2,0.00000,0.00000,0.00000,0.00000,0.00000
72.788,2,72627.000,30119,192000,3999.521,120.0,8,19,2,0.00000,0.00000,0.00000,0.00000,0.00000
72.891,0,72875.000,42047,192000,3999.021,120.0,8,19,2,0.00000,0.00000,0.00000,0.00000,0.00000
72.891,1,73021.000,49043,192000,3999.271,120.0,8,19,2,0.00000,0.00000,0.00000,0.00000,0.00000
72.891,2,72730.000,35051,192000,3999.771,120.0,8,19,2,0.00000,0.00000,0.00000,0.00000,0.00000
72.993,0,72977.000,46939,192000,3999.104,120.0,8,19,2,0.00000,0.00000,0.00000,0.00000,0.00000
72.993,1,73123.000,53945,192000,3999.146,120.0,8,19,2,0.00000,0.00000,0.00000,0.00000,0.00000
72.993,2,72831.000,39934,192000,3999.042,120.0,8,19,2,0.00000,0.00000,0.00000,0.00000,0.00000
73.094,0,73078.000,51790,192000,3999.042,120.0,8,19,2,0.00000,0.00000,0.00000,0.00000,0.00000
73.094,1,73225.000,58805,192000,3999.896,120.0,8,19,2,0.00000,0.00000,0.00000,0.00000,0.00000
73.094,2,72932.000,44775,192000,3999.188,120.0,8,19,2,0.00000,0.00000,0.00000,0.00000,0.00000
73.196,0,73181.000,56689,192000,3999.979,120.0,8,19,2,0.00000,0.00000,0.00000,0.00000,0.00000
73.196,1,73327.000,63714,192000,3999.625,120.0,8,19,2,0.00000,0.00000,0.00000,0.00000,0.00000
73.196,2,73034.000,49663,192000,3999.354,120.0,8,19,2,0.00000,0.00000,0.00000,0.00000,0.00000
73.297,0,73282.000,61536,192000,0.000,120.0,8,19,2,0.00000,0.00000,0.00000,0.00000,0.00000
73.297,1,73428.000,68571,192000,3999.438,120.0,8,19,2,0.00000,0.00000,0.00000,0.00000,0.00000
73.297,2,73135.000,54501,192000,3999.562,120.0,8,19,2,0.00000,0.00000,0.00000,0.00000,0.00000
73.399,0,73384.000,66434,192000,3999.958,120.0,8,19,2,0.00000,0.00000,0.00000,0.00000,0.00000
73.399,1,73530.000,73479,192000,3999.188,120.0,8,19,2,0.00000,0.00000,0.00000,0.00000,0.00000
73.399,2,73237.000,59390,192000,3999.708,120.0,8,19,2,0.00000,0.00000,0.00000,0.00000,0.00000
73.501,0,73485.000,71303,192000,3999.521,120.0,8,19,2,0.00000,0.00000,0.00000,0.00000,0.00000
73.501,1,73632.000,78357,192000,3999.562,120.0,8,19,2,0.00000,0.00000,0.00000,0.00000,0.00000
73.501,2,73338.000,64248,192000,3999.500,120.0,8,19,2,0.00000,0.00000,0.00000,0.00000,0.00000
73.602,0,73587.000,76190,192000,3999.708,120.0,8,19,2,0.00000,0.00000,0.00000,0.00000,0.00000
73.602,1,73734.000,83254,192000,3999.542,120.0,8,19,2,0.00000,0.00000,0.00000,0.00000,0.00000
73.602,2,73440.000,69126,192000,3999.875,120.0,8,19,2,0.00000,0.00000,0.00000,0.00000,0.00000
73.704,0,73688.000,81044,192000,3999.583,120.0,8,19,2,0.00000,0.00000,0.00000,0.00000,0.00000
73.704,1,73835.000,88118,192000,3999.208,120.0,8,19,2,0.00000,0.00000,0.00000,0.00000,0.00000
73.704,2,73541.000,73971,192000,3999.938,120.0,8,19,2,0.00000,0.00000,0.00000,0.00000,0.00000
73.804,0,73788.000,85862,192000,3999.208,120.0,8,19,2,0.00000,0.00000,0.00000,0.00000,0.00000
73.804,1,73936.000,92946,192000,3999.625,120.0,8,19,2,0.00000,0.00000,0.00000,0.00000,0.00000
73.804,2,73641.000,78779,192000,3999.771,120.0,8,19,2,0.00000,0.00000,0.00000,0.00000,0.00000
73.904,0,73888.000,90668,192000,3999.083,120.0,8,19,2,0.00000,0.00000,0.00000,0.00000,0.00000
73.904,1,74036.000,97761,192000,3999.312,120.0,8,19,2,0.00000,0.00000,0.00000,0.00000,0.00000
73.904,2,73741.000,83575,192000,3999.854,120.0,8,19,2,0.00000,0.00000,0.00000,0.00000,0.00000
74.011,0,73995.000,95790,192000,3999.375,120.0,8,19,2,0.00000,0.00000,0.00000,0.00000,0.00000
74.011,1,74143.000,102893,192000,3999.396,120.0,8,19,2,0.00000,0.00000,0.00000,0.00000,0.00000
74.011,2,73847.000,88687,192000,3999.354,120.0,8,19,2,0.00000,0.00000,0.00000,0.00000,0.00000
74.113,0,74097.000,100679,192000,3999.521,120.0,8,19,2,0.00000,0.00000,0.00000,0.00000,0.00000
74.113,1,74245.000,107792,192000,3999.333,120.0,8,19,2,0.00000,0.00000,0.00000,0.00000,0.00000
74.113,2,73949.000,93566,192000,3999.708,120.0,8,19,2,0.00000,0.00000,0.00000,0.00000,0.00000
74.214,0,74198.000,105541,192000,3999.229,120.0,8,19,2,0.00000,0.00000,0.00000,0.00000,0.00000
74.214,1,74347.000,112664,192000,3999.833,120.0,8,19,2,0.00000,0.00000,0.00000,0.00000,0.00000
74.214,2,74050.000,98418,192000,3999.625,120.0,8,19,2,0.00000,0.00000,0.00000,0.00000,0.00000
74.315,0,74300.000,110407,192000,3999.854,120.0,8,19,2,0.00000,0.00000,0.00000,0.00000,0.00000
74.315,1,74448.000,117539,192000,3999.271,120.0,8,19,2,0.00000,0.00000,0.00000,0.00000,0.00000
74.315,2,74151.000,103274,192000,3999.458,120.0,8,19,2,0.00000,0.00000,0.00000,0.00000,0.00000
74.417,0,74402.000,115305,192000,3999.812,120.0,8,19,2,0.00000,0.00000,0.00000,0.00000,0.00000
74.417,1,74550.000,122447,192000,3999.021,120.0,8,19,2,0.00000,0.00000,0.00000,0.00000,0.00000
74.417,2,74253.000,108163,192000,3999.604,120.0,8,19,2,0.00000,0.00000,0.00000,0.00000,0.00000
74.520,0,74504.000,120217,192000,3999.479,120.0,8,19,2,0.00000,0.00000,0.00000,0.00000,0.00000
74.520,1,74653.000,127369,192000,3999.479,120.0,8,19,2,0.00000,0.00000,0.00000,0.00000,0.00000
74.520,2,74355.000,113065,192000,3999.479,120.0,8,19,2,0.00000,0.00000,0.00000,0.00000,0.00000
74.621,0,74605.000,125065,192000,3999.479,120.0,8,19,2,0.00000,0.00000,0.00000,0.00000,0.00000
74.621,1,74754.000,132227,192000,3999.271,120.0,8,19,2,0.00000,0.00000,0.00000,0.00000,0.00000
74.621,2,74456.000,117903,192000,3999.688,120.0,8,19,2,0.00000,0.00000,0.00000,0.00000,0.00000
74.723,0,74707.000,129981,192000,3999.062,120.0,8,19,2,0.00000,0.00000,0.00000,0.00000,0.00000
74.723,1,74857.000,137153,192000,3999.646,120.0,8,19,2,0.00000,0.00000,0.00000,0.00000,0.00000
74.723,2,74558.000,122809,192000,3999.479,120.0,8,19,2,0.00000,0.00000,0.00000,0.00000,0.00000
74.826,0,74810.000,134901,192000,3999.562,120.0,8,19,2,0.00000,0.00000,0.00000,0.00000,0.00000
74.826,1,74960.000,142083,192000,3999.938,120.0,8,19,2,0.00000,0.00000,0.00000,0.00000,0.00000
74.826,2,74660.000,127720,192000,3999.167,120.0,8,19,2,0.00000,0.00000,0.00000,0.00000,0.00000
74.926,0,74911.000,139733,192000,3999.896,120.0,8,19,2,0.00000,0.00000,0.00000,0.00000,0.00000
74.926,1,75060.000,146925,192000,3999.062,120.0,8,19,2,0.00000,0.00000,0.00000,0.00000,0.00000
74.926,2,74761.000,132542,192000,3999.708,120.0,8,19,2,0.00000,0.00000,0.00000,0.00000,0.00000
75.028,0,75012.000,144620,192000,3999.083,120.0,8,19,2,0.00000,0.00000,0.00000,0.00000,0.00000
75.028,1,75162.000,151821,192000,3999.062,120.0,8,19,2,0.00000,0.00000,0.00000,0.00000,0.00000
75.028,2,74862.000,137419,192000,3999.104,120.0,8,19,2,0.00000,0.00000,0.00000,0.00000,0.00000
75.130,0,75115.000,149536,192000,3999.667,120.0,8,19,2,0.00000,0.00000,0.00000,0.00000,0.00000
75.130,1,75265.000,156747,192000,3999.438,120.0,8,19,2,0.00000,0.00000,0.00000,0.00000,0.00000
75.130,2,74965.000,142325,192000,3999.896,120.0,8,19,2,0.00000,0.00000,0.00000,0.00000,0.00000
75.232,0,75216.000,154410,192000,3999.125,120.0,8,19,2,0.00000,0.00000,0.00000,0.00000,0.00000
75.232,1,75367.000,161630,192000,3999.708,120.0,8,19,2,0.00000,0.00000,0.00000,0.00000,0.00000
75.232,2,75066.000,147189,192000,3999.562,120.0,8,19,2,0.00000,0.00000,0.00000,0.00000,0.00000
75.335,0,75319.000,159340,192000,3999.417,120.0,8,19,2,0.00000,0.00000,0.00000,0.00000,0.00000
75.335,1,75470.000,166570,192000,3999.792,120.0,8,19,2,0.00000,0.00000,0.00000,0.00000,0.00000
75.335,2,75168.000,152109,192000,3999.062,120.0,8,19,2,0.00000,0.00000,0.00000,0.00000,0.00000
75.435,0,75420.000,164167,192000,3999.854,120.0,8,19,2,0.00000,0.00000,0.00000,0.00000,0.00000
75.435,1,75570.000,171407,192000,3999.021,120.0,8,19,2,0.00000,0.00000,0.00000,0.00000,0.00000
75.435,2,75269.000,156927,192000,3999.688,120.0,8,19,2,0.00000,0.00000,0.00000,0.00000,0.00000
75.538,0,75522.000,169098,192000,3999.125,120.0,8,19,2,0.00000,0.00000,0.00000,0.00000,0.00000
75.538,1,75673.000,176348,192000,3999.083,120.0,8,19,2,0.00000,0.00000,0.00000,0.00000,0.00000
75.538,2,75371.000,161848,192000,3999.167,120.0,8,19,2,0.00000,0.00000,0.00000,0.00000,0.00000
75.640,0,75624.000,173991,192000,3999.188,120.0,8,19,2,0.00000,0.00000,0.00000,0.00000,0.00000
75.640,1,75776.000,181251,192000,3999.938,120.0,8,19,2,0.00000,0.00000,0.00000,0.00000,0.00000
75.640,2,75473.000,166731,192000,3999.438,120.0,8,19,2,0.00000,0.00000,0.00000,0.00000,0.00000
75.741,0,75726.000,178856,192000,3999.833,120.0,8,19,2,0.00000,0.00000,0.00000,0.00000,0.00000
75.741,1,75877.000,186125,192000,3999.396,120.0,8,19,2,0.00000,0.00000,0.00000,0.00000,0.00000
75.741,2,75574.000,171586,192000,3999.292,120.0,8,19,2,0.00000,0.00000,0.00000,0.00000,0.00000
75.844,0,75828.000,183781,192000,3999.229,120.0,8,19,2,0.00000,0.00000,0.00000,0.00000,0.00000
75.844,1,75980.000,191060,192000,3999.583,120.0,8,19,2,0.00000,0.00000,0.00000,0.00000,0.00000
75.844,2,75677.000,176502,192000,3999.875,120.0,8,19,2,0.00000,0.00000,0.00000,0.00000,0.00000
75.946,0,75931.000,188701,192000,3999.729,120.0,8,19,2,0.00000,0.00000,0.00000,0.00000,0.00000
75.946,1,76083.000,3991,192000,3999.854,120.0,8,20,2,0.00000,0.00000,0.00000,0.00000,0.00000
75.946,2,75779.000,181412,192000,3999.583,120.0,8,19,2,0.00000,0.00000,0.00000,0.00000,0.00000
76.047,0,76031.000,1530,192000,3999.125,120.0,8,20,2,0.00000,0.00000,0.00000,0.00000,0.00000
76.047,1,76183.000,8829,192000,3999.062,120.0,8,20,2,0.00000,0.00000,0.00000,0.00000,0.00000
76.047,2,75879.000,186231,192000,3999.188,120.0,8,19,2,0.00000,0.00000,0.00000,0.00000,0.00000
76.149,0,76133.000,6410,192000,3999.458,120.0,8,20,2,0.00000,0.00000,0.00000,0.00000,0.00000
76.149,1,76285.000,13718,192000,3999.208,120.0,8,20,2,0.00000,0.00000,0.00000,0.00000,0.00000
76.149,2,75981.000,191101,192000,3999.729,120.0,8,19,2,0.00000,0.00000,0.00000,0.00000,0.00000
76.249,0,76233.000,11214,192000,3999.375,120.0,8,20,2,0.00000,0.00000,0.00000,0.00000,0.00000
76.249,1,76386.000,18532,192000,3999.917,120.0,8,20,2,0.00000,0.00000,0.00000,0.00000,0.00000
76.249,2,76081.000,3896,192000,3999.833,120.0,8,20,2,0.09852,0.09837,0.09852,0.00000,0.00000
76.351,0,76335.000,16106,192000,3999.458,120.0,8,20,2,0.00000,0.00000,0.00000,0.00000,0.00000
76.351,1,76488.000,23434,192000,3999.792,120.0,8,20,2,0.00000,0.00000,0.00000,0.00000,0.00000
76.351,2,76182.000,8778,192000,3999.125,120.0,8,20,2,0.06454,0.06444,0.06454,0.00000,0.00000
76.452,0,76437.000,20988,192000,3999.750,120.0,8,20,2,0.00000,0.00000,0.00000,0.00000,0.00000
76.452,1,76590.000,28326,192000,3999.875,120.0,8,20,2,0.00000,0.00000,0.00000,0.00000,0.00000
76.452,2,76284.000,13650,192000,3999.625,120.0,8,20,2,0.04231,0.04225,0.04231,0.00000,0.00000
76.554,0,76539.000,25873,192000,3999.979,120.0,8,20,2,0.00000,0.00000,0.00000,0.00000,0.00000
76.554,1,76692.000,33220,192000,3999.917,120.0,8,20,2,0.00000,0.00000,0.00000,0.00000,0.00000
76.554,2,76385.000,18525,192000,3999.062,120.0,8,20,2,0.02774,0.02769,0.02774,0.00000,0.00000
76.656,0,76640.000,30755,192000,3999.271,120.0,8,20,2,0.00000,0.00000,0.00000,0.00000,0.00000
76.656,1,76794.000,38113,192000,3999.979,120.0,8,20,2,0.00000,0.00000,0.00000,0.00000,0.00000
76.656,2,76487.000,23398,192000,3999.542,120.0,8,20,2,0.01818,0.01816,0.01818,0.00000,0.00000
76.756,0,76741.000,35580,192000,3999.750,120.0,8,20,2,0.00000,0.00000,0.00000,0.00000,0.00000
76.756,1,76894.000,42947,192000,3999.271,120.0,8,20,2,0.00000,0.00000,0.00000,0.00000,0.00000
76.756,2,76587.000,28213,192000,3999.229,120.0,8,20,2,0.01198,0.01196,0.01198,0.00000,0.00000
76.859,0,76844.000,40514,192000,3999.958,120.0,8,20,2,0.00000,0.00000,0.00000,0.00000,0.00000
76.859,1,76997.000,47891,192000,3999.271,120.0,8,20,2,0.00000,0.00000,0.00000,0.00000,0.00000
76.859,2,76690.000,33138,192000,3999.625,120.0,8,20,2,0.00782,0.00781,0.00782,0.00000,0.00000
76.962,0,76946.000,45435,192000,3999.438,120.0,8,20,2,0.00000,0.00000,0.00000,0.00000,0.00000
76.962,1,77100.000,52821,192000,3999.562,120.0,8,20,2,0.00000,0.00000,0.00000,0.00000,0.00000
76.962,2,76792.000,38048,192000,3999.333,120.0,8,20,2,0.00511,0.00510,0.00511,0.00000,0.00000
77.062,0,77046.000,50251,192000,3999.104,120.0,8,20,2,0.00000,0.00000,0.00000,0.00000,0.00000
77.062,1,77200.000,57647,192000,3999.021,120.0,8,20,2,0.00000,0.00000,0.00000,0.00000,0.00000
77.062,2,76892.000,42855,192000,3999.188,120.0,8,20,2,0.00337,0.00336,0.00337,0.00000,0.00000
77.162,0,77147.000,55062,192000,3999.875,120.0,8,20,2,0.00000,0.00000,0.00000,0.00000,0.00000
77.162,1,77301.000,62468,192000,3999.583,120.0,8,20,2,0.00000,0.00000,0.00000,0.00000,0.00000
77.162,2,76992.000,47656,192000,3999.167,120.0,8,20,2,0.00222,0.00222,0.00222,0.00000,0.00000
77.264,0,77249.000,59966,192000,3999.708,120.0,8,20,2,0.00000,0.00000,0.00000,0.00000,0.00000
77.264,1,77403.000,67382,192000,3999.208,120.0,8,20,2,0.00000,0.00000,0.00000,0.00000,0.00000
77.264,2,77094.000,52550,192000,3999.208,120.0,8,20,2,0.00145,0.00145,0.00145,0.00000,0.00000
77.366,0,77350.000,64834,192000,3999.292,120.0,8,20,2,0.00000,0.00000,0.00000,0.00000,0.00000
77.366,1,77505.000,72259,192000,3999.604,120.0,8,20,2,0.00000,0.00000,0.00000,0.00000,0.00000
77.366,2,77196.000,57408,192000,0.000,120.0,8,20,2,0.00095,0.00095,0.00095,0.00000,0.00000
77.466,0,77451.000,69657,192000,3999.812,120.0,8,20,2,0.00000,0.00000,0.00000,0.00000,0.00000
77.466,1,77606.000,77092,192000,3999.917,120.0,8,20,2,0.00000,0.00000,0.00000,0.00000,0.00000
77.466,2,77296.000,62222,192000,3999.708,120.0,8,20,2,0.00063,0.00063,0.00063,0.00000,0.00000
77.567,0,77551.000,74492,192000,3999.083,120.0,8,20,2,0.00000,0.00000,0.00000,0.00000,0.00000
77.567,1,77707.000,81937,192000,3999.979,120.0,8,20,2,0.00000,0.00000,0.00000,0.00000,0.00000
77.567,2,77396.000,67047,192000,3999.188,120.0,8,20,2,0.00041,0.00041,0.00041,0.00000,0.00000
77.668,0,77652.000,79326,192000,3999.375,120.0,8,20,2,0.00000,0.00000,0.00000,0.00000,0.00000
77.668,1,77807.000,86780,192000,3999.083,120.0,8,20,2,0.00000,0.00000,0.00000,0.00000,0.00000
77.668,2,77497.000,71871,192000,3999.688,120.0,8,20,2,0.00027,0.00027,0.00027,0.00000,0.00000
77.769,0,77753.000,84182,192000,3999.208,120.0,8,20,2,0.00000,0.00000,0.00000,0.00000,0.00000
77.769,1,77909.000,91646,192000,3999.708,120.0,8,20,2,0.00000,0.00000,0.00000,0.00000,0.00000
77.769,2,77598.000,76718,192000,3999.708,120.0,8,20,2,0.00018,0.00018,0.00018,0.00000,0.00000
77.870,0,77854.000,89038,192000,3999.042,120.0,8,20,2,0.00000,0.00000,0.00000,0.00000,0.00000
77.870,1,78010.000,96511,192000,3999.354,120.0,8,20,2,0.00000,0.00000,0.00000,0.00000,0.00000
77.870,2,77699.000,81564,192000,3999.750,120.0,8,20,2,0.00012,0.00012,0.00012,0.00000,0.00000
77.970,0,77954.000,93839,192000,3999.021,120.0,8,20,2,0.00000,0.00000,0.00000,0.00000,0.00000
77.970,1,78110.000,101323,192000,3999.104,120.0,8,20,2,0.00000,0.00000,0.00000,0.00000,0.00000
77.970,2,77799.000,86356,192000,3999.917,120.0,8,20,2,0.00008,0.00008,0.00008,0.00000,0.00000
78.071,0,78055.000,98665,192000,3999.479,120.0,8,20,2,0.00000,0.00000,0.00000,0.00000,0.00000
78.071,1,78211.000,106158,192000,3999.375,120.0,8,20,2,0.00000,0.00000,0.00000,0.00000,0.00000
78.071,2,77899.000,91172,192000,3999.583,120.0,8,20,2,0.00005,0.00005,0.00005,0.00000,0.00000
78.172,0,78157.000,103551,192000,3999.688,120.0,8,20,2,0.00000,0.00000,0.00000,0.00000,0.00000
78.172,1,78313.000,111054,192000,3999.375,120.0,8,20,2,0.00000,0.00000,0.00000,0.00000,0.00000
78.172,2,78001.000,96048,192000,0.000,120.0,8,20,2,0.00003,0.00003,0.00003,0.00000,0.00000
78.273,0,78258.000,108395,192000,3999.771,120.0,8,20,2,0.00000,0.00000,0.00000,0.00000,0.00000
78.273,1,78414.000,115908,192000,3999.250,120.0,8,20,2,0.00000,0.00000,0.00000,0.00000,0.00000
78.273,2,78101.000,100883,192000,3999.271,120.0,8,20,2,0.00002,0.00002,0.00002,0.00000,0.00000
78.375,0,78359.000,113257,192000,3999.479,120.0,8,20,2,0.00000,0.00000,0.00000,0.00000,0.00000
78.375,1,78516.000,120779,192000,3999.771,120.0,8,20,2,0.00000,0.00000,0.00000,0.00000,0.00000
78.375,2,78202.000,105734,192000,3999.208,120.0,8,20,2,0.00001,0.00001,0.00001,0.00000,0.00000
78.476,0,78460.000,118101,192000,3999.562,120.0,8,20,2,0.00000,0.00000,0.00000,0.00000,0.00000
78.476,1,78617.000,125633,192000,3999.646,120.0,8,20,2,0.00000,0.00000,0.00000,0.00000,0.00000
78.476,2,78303.000,110569,192000,3999.479,120.0,8,20,2,0.00001,0.00001,0.00001,0.00000,0.00000
78.578,0,78563.000,123041,192000,3999.646,120.0,8,20,2,0.00000,0.00000,0.00000,0.00000,0.00000
78.578,1,78720.000,130583,192000,3999.521,120.0,8,20,2,0.00000,0.00000,0.00000,0.00000,0.00000
78.578,2,78406.000,115499,192000,3999.771,120.0,8,20,2,0.00001,0.00001,0.00001,0.00000,0.00000
78.679,0,78663.000,127856,192000,3999.333,120.0,8,20,2,0.00000,0.00000,0.00000,0.00000,0.00000
78.679,1,78820.000,135407,192000,3999.021,120.0,8,20,2,0.00000,0.00000,0.00000,0.00000,0.00000
78.679,2,78506.000,120304,192000,3999.667,120.0,8,20,2,0.00000,0.00000,0.00000,0.00000,0.00000
78.781,0,78766.000,132783,192000,3999.688,120.0,8,20,2,0.00000,0.00000,0.00000,0.00000,0.00000
78.781,1,78923.000,140344,192000,3999.167,120.0,8,20,2,0.00000,0.00000,0.00000,0.00000,0.00000
78.781,2,78608.000,125221,192000,3999.229,120.0,8,20,2,0.00000,0.00000,0.00000,0.00000,0.00000
78.882,0,78866.000,137591,192000,3999.521,120.0,8,20,2,0.00000,0.00000,0.00000,0.00000,0.00000
78.882,1,79024.000,145162,192000,3999.792,120.0,8,20,2,0.00000,0.00000,0.00000,0.00000,0.00000
78.882,2,78708.000,130020,192000,3999.250,120.0,8,20,2,0.00000,0.00000,0.00000,0.00000,0.00000
78.982,0,78966.000,142399,192000,3999.354,120.0,8,20,2,0.00000,0.00000,0.00000,0.00000,0.00000
78.982,1,79124.000,149979,192000,3999.438,120.0,8,20,2,0.00000,0.00000,0.00000,0.00000,0.00000
78.982,2,78808.000,134818,192000,3999.292,120.0,8,20,2,0.00000,0.00000,0.00000,0.00000,0.00000
79.083,0,79067.000,147236,192000,3999.583,120.0,8,20,2,0.00000,0.00000,0.00000,0.00000,0.00000
79.083,1,79225.000,154827,192000,3999.438,120.0,8,20,2,0.00000,0.00000,0.00000,0.00000,0.00000
79.083,2,78909.000,139646,192000,3999.708,120.0,8,20,2,0.00000,0.00000,0.00000,0.00000,0.00000
79.184,0,79168.000,152094,192000,3999.375,120.0,8,20,2,0.00000,0.00000,0.00000,0.00000,0.00000
79.184,1,79326.000,159694,192000,3999.042,120.0,8,20,2,0.00000,0.00000,0.00000,0.00000,0.00000
79.184,2,79010.000,144494,192000,3999.708,120.0,8,20,2,0.00000,0.00000,0.00000,0.00000,0.00000
79.285,0,79269.000,156955,192000,3999.104,120.0,8,20,2,0.00000,0.00000,0.00000,0.00000,0.00000
79.285,1,79428.000,164564,192000,3999.583,120.0,8,20,2,0.00000,0.00000,0.00000,0.00000,0.00000
79.285,2,79111.000,149345,192000,3999.646,120.0,8,20,2,0.00000,0.00000,0.00000,0.00000,0.00000
79.387,0,79371.000,161828,192000,3999.583,120.0,8,20,2,0.00000,0.00000,0.00000,0.00000,0.00000
79.387,1,79530.000,169447,192000,3999.854,120.0,8,20,2,0.00000,0.00000,0.00000,0.00000,0.00000
79.387,2,79212.000,154208,192000,3999.333,120.0,8,20,2,0.00000,0.00000,0.00000,0.00000,0.00000
79.487,0,79472.000,166669,192000,3999.729,120.0,8,20,2,0.00000,0.00000,0.00000,0.00000,0.00000
79.487,1,79631.000,174298,192000,3999.792,120.0,8,20,2,0.00000,0.00000,0.00000,0.00000,0.00000
79.487,2,79313.000,159040,192000,3999.667,120.0,8,20,2,0.00000,0.00000,0.00000,0.00000,0.00000
79.589,0,79574.000,171562,192000,3999.792,120.0,8,20,2,0.00000,0.00000,0.00000,0.00000,0.00000
79.589,1,79733.000,179201,192000,3999.646,120.0,8,20,2,0.00000,0.00000,0.00000,0.00000,0.00000
79.589,2,79415.000,163924,192000,3999.917,120.0,8,20,2,0.00000,0.00000,0.00000,0.00000,0.00000
79.691,0,79675.000,176441,192000,3999.146,120.0,8,20,2,0.00000,0.00000,0.00000,0.00000,0.00000
79.691,1,79835.000,184090,192000,3999.792,120.0,8,20,2,0.00000,0.00000,0.00000,0.00000,0.00000
79.691,2,79516.000,168793,192000,3999.479,120.0,8,20,2,0.00000,0.00000,0.00000,0.00000,0.00000
79.792,0,79777.000,181307,192000,3999.771,120.0,8,20,2,0.00000,0.00000,0.00000,0.00000,0.00000
79.792,1,79936.000,188965,192000,3999.229,120.0,8,20,2,0.00000,0.00000,0.00000,0.00000,0.00000
79.792,2,79617.000,173648,192000,3999.333,120.0,8,20,2,0.00000,0.00000,0.00000,0.00000,0.00000
79.895,0,79879.000,186226,192000,3999.292,120.0,8,20,2,0.00000,0.00000,0.00000,0.00000,0.00000
79.895,1,80039.000,1894,192000,3999.542,120.0,8,21,2,0.11735,0.11725,0.11735,0.00000,0.00000
79.895,2,79719.000,178558,192000,3999.042,120.0,8,20,2,0.00000,0.00000,0.00000,0.00000,0.00000
79.995,0,79979.000,191035,192000,3999.104,120.0,8,20,2,0.00000,0.00000,0.00000,0.00000,0.00000
79.995,1,80139.000,6713,192000,3999.146,120.0,8,21,2,0.07730,0.07723,0.07730,0.00000,0.00000
79.995,2,79819.000,183357,192000,3999.062,120.0,8,20,2,0.00000,0.00000,0.00000,0.00000,0.00000
80.096,0,80081.000,3902,192000,3999.708,120.0,8,21,2,0.10003,0.10003,0.09975,0.00000,0.00000
80.096,1,80241.000,11589,192000,3999.562,120.0,8,21,2,0.05066,0.05062,0.05066,0.00000,0.00000
80.096,2,79921.000,188214,192000,3999.875,120.0,8,20,2,0.00000,0.00000,0.00000,0.00000,0.00000
80.199,0,80183.000,8826,192000,3999.125,120.0,8,21,2,0.06529,0.06529,0.06511,0.00000,0.00000
80.199,1,80344.000,16523,192000,3999.771,120.0,8,21,2,0.03304,0.03301,0.03304,0.00000,0.00000
80.199,2,80023.000,1129,192000,3999.479,120.0,8,21,2,0.00000,0.00000,0.00000,0.00000,0.00000
80.300,0,80284.000,13652,192000,3999.583,120.0,8,21,2,0.04298,0.04298,0.04286,0.00000,0.00000
80.300,1,80445.000,21360,192000,0.000,120.0,8,21,2,0.02173,0.02171,0.02173,0.00000,0.00000
80.300,2,80123.000,5945,192000,3999.146,120.0,8,21,2,0.00000,0.00000,0.00000,0.00000,0.00000
80.400,0,80384.000,18460,192000,3999.417,120.0,8,21,2,0.02834,0.02834,0.02826,0.00000,0.00000
80.400,1,80545.000,26177,192000,3999.646,120.0,8,21,2,0.01431,0.01430,0.01431,0.00000,0.00000
80.400,2,80223.000,10744,192000,3999.167,120.0,8,21,2,0.00000,0.00000,0.00000,0.00000,0.00000
80.503,0,80487.000,23401,192000,3999.479,120.0,8,21,2,0.01847,0.01847,0.01842,0.00000,0.00000
80.503,1,80648.000,31127,192000,3999.521,120.0,8,21,2,0.00932,0.00931,0.00932,0.00000,0.00000
80.503,2,80326.000,15674,192000,3999.458,120.0,8,21,2,0.00000,0.00000,0.00000,0.00000,0.00000
80.604,0,80588.000,28265,192000,3999.146,120.0,8,21,2,0.01212,0.01212,0.01208,0.00000,0.00000
80.604,1,80750.000,36002,192000,3999.958,120.0,8,21,2,0.00611,0.00610,0.00611,0.00000,0.00000
80.604,2,80427.000,20529,192000,3999.312,120.0,8,21,2,0.00000,0.00000,0.00000,0.00000,0.00000
80.705,0,80690.000,33135,192000,3999.688,120.0,8,21,2,0.00795,0.00795,0.00792,0.00000,0.00000
80.705,1,80851.000,40881,192000,3999.312,120.0,8,21,2,0.00400,0.00400,0.00400,0.00000,0.00000
80.705,2,80528.000,25389,192000,3999.062,120.0,8,21,2,0.00000,0.00000,0.00000,0.00000,0.00000
80.806,0,80790.000,37965,192000,3999.062,120.0,8,21,2,0.00523,0.00523,0.00521,0.00000,0.00000
80.806,1,80952.000,45720,192000,3999.500,120.0,8,21,2,0.00263,0.00263,0.00263,0.00000,0.00000
80.806,2,80629.000,30209,192000,3999.646,120.0,8,21,2,0.00000,0.00000,0.00000,0.00000,0.00000
80.906,0,80891.000,42783,192000,3999.688,120.0,8,21,2,0.00344,0.00344,0.00343,0.00000,0.00000
80.906,1,81053.000,50549,192000,3999.896,120.0,8,21,2,0.00173,0.00173,0.00173,0.00000,0.00000
80.906,2,80729.000,35018,192000,3999.458,120.0,8,21,2,0.00000,0.00000,0.00000,0.00000,0.00000
81.006,0,80991.000,47583,192000,3999.688,120.0,8,21,2,0.00227,0.00227,0.00227,0.00000,0.00000
81.006,1,81153.000,55358,192000,3999.708,120.0,8,21,2,0.00114,0.00114,0.00114,0.00000,0.00000
81.006,2,80829.000,39808,192000,3999.667,120.0,8,21,2,0.00000,0.00000,0.00000,0.00000,0.00000
81.109,0,81094.000,52523,192000,3999.771,120.0,8,21,2,0.00148,0.00148,0.00148,0.00000,0.00000
81.109,1,81256.000,60308,192000,3999.583,120.0,8,21,2,0.00074,0.00074,0.00074,0.00000,0.00000
81.109,2,80932.000,44738,192000,3999.958,120.0,8,21,2,0.00000,0.00000,0.00000,0.00000,0.00000
81.210,0,81194.000,57352,192000,3999.167,120.0,8,21,2,0.00097,0.00097,0.00097,0.00000,0.00000
81.210,1,81357.000,65146,192000,3999.792,120.0,8,21,2,0.00049,0.00049,0.00049,0.00000,0.00000
81.210,2,81032.000,49557,192000,3999.562,120.0,8,21,2,0.00000,0.00000,0.00000,0.00000,0.00000
81.312,0,81296.000,62235,192000,3999.438,120.0,8,21,2,0.00064,0.00064,0.00064,0.00000,0.00000
81.312,1,81459.000,70039,192000,3999.854,120.0,8,21,2,0.00032,0.00032,0.00032,0.00000,0.00000
81.312,2,81133.000,54431,192000,3999.021,120.0,8,21,2,0.00000,0.00000,0.00000,0.00000,0.00000
81.414,0,81398.000,67125,192000,3999.562,120.0,8,21,2,0.00042,0.00042,0.00042,0.00000,0.00000
81.414,1,81561.000,74940,192000,3999.750,120.0,8,21,2,0.00021,0.00021,0.00021,0.00000,0.00000
81.414,2,81235.000,59311,192000,3999.354,120.0,8,21,2,0.00000,0.00000,0.00000,0.00000,0.00000
81.516,0,81500.000,72030,192000,3999.375,120.0,8,21,2,0.00027,0.00027,0.00027,0.00000,0.00000
81.516,1,81663.000,79854,192000,3999.375,120.0,8,21,2,0.00014,0.00014,0.00014,0.00000,0.00000
81.516,2,81337.000,64206,192000,3999.375,120.0,8,21,2,0.00000,0.00000,0.00000,0.00000,0.00000
81.618,0,81602.000,76943,192000,3999.021,120.0,8,21,2,0.00018,0.00018,0.00018,0.00000,0.00000
81.618,1,81766.000,84777,192000,3999.812,120.0,8,21,2,0.00009,0.00009,0.00009,0.00000,0.00000
81.618,2,81439.000,69109,192000,3999.229,120.0,8,21,2,0.00000,0.00000,0.00000,0.00000,0.00000
81.720,0,81705.000,81848,192000,3999.833,120.0,8,21,2,0.00012,0.00012,0.00012,0.00000,0.00000
81.720,1,81868.000,89691,192000,3999.438,120.0,8,21,2,0.00006,0.00006,0.00006,0.00000,0.00000
81.720,2,81541.000,74004,192000,3999.250,120.0,8,21,2,0.00000,0.00000,0.00000,0.00000,0.00000
81.821,0,81806.000,86698,192000,3999.792,120.0,8,21,2,0.00008,0.00008,0.00008,0.00000,0.00000
81.821,1,81969.000,94551,192000,3999.188,120.0,8,21,2,0.00004,0.00004,0.00004,0.00000,0.00000
81.821,2,81642.000,78845,192000,3999.396,120.0,8,21,2,0.00000,0.00000,0.00000,0.00000,0.00000
81.923,0,81907.000,91574,192000,3999.208,120.0,8,21,2,0.00005,0.00005,0.00005,0.00000,0.00000
81.923,1,82071.000,99437,192000,3999.396,120.0,8,21,2,0.00003,0.00003,0.00003,0.00000,0.00000
81.923,2,81743.000,83711,192000,3999.021,120.0,8,21,2,0.00000,0.00000,0.00000,0.00000,0.00000
82.026,0,82010.000,96511,192000,3999.354,120.0,8,21,2,0.00003,0.00003,0.00003,0.00000,0.00000
82.026,1,82174.000,104384,192000,3999.333,120.0,8,21,2,0.00002,0.00002,0.00002,0.00000,0.00000
82.026,2,81846.000,88638,192000,3999.375,120.0,8,21,2,0.00000,0.00000,0.00000,0.00000,0.00000
82.128,0,82112.000,101406,192000,3999.375,120.0,8,21,2,0.00002,0.00002,0.00002,0.00000,0.00000
82.128,1,82276.000,109289,192000,3999.146,120.0,8,21,2,0.00001,0.00001,0.00001,0.00000,0.00000
82.128,2,81948.000,93524,192000,3999.583,120.0,8,21,2,0.00000,0.00000,0.00000,0.00000,0.00000
82.230,0,82215.000,106328,192000,3999.833,120.0,8,21,2,0.00001,0.00001,0.00001,0.00000,0.00000
82.230,1,82379.000,114221,192000,3999.396,120.0,8,21,2,0.00001,0.00001,0.00001,0.00000,0.00000
82.230,2,82050.000,98436,192000,3999.250,120.0,8,21,2,0.00000,0.00000,0.00000,0.00000,0.00000
82.331,0,82315.000,111148,192000,3999.417,120.0,8,21,2,0.00001,0.00001,0.00001,0.00000,0.00000
82.331,1,82480.000,119050,192000,3999.792,120.0,8,21,2,0.00000,0.00000,0.00000,0.00000,0.00000
82.331,2,82150.000,103246,192000,3999.042,120.0,8,21,2,0.00000,0.00000,0.00000,0.00000,0.00000
82.433,0,82418.000,116065,192000,3999.979,120.0,8,21,2,0.00001,0.00001,0.00001,0.00000,0.00000
82.433,1,82582.000,123977,192000,3999.146,120.0,8,21,2,0.00000,0.00000,0.00000,0.00000,0.00000
82.433,2,82253.000,108153,192000,3999.812,120.0,8,21,2,0.00000,0.00000,0.00000,0.00000,0.00000
82.533,0,82518.000,120875,192000,3999.771,120.0,8,21,2,0.00000,0.00000,0.00000,0.00000,0.00000
82.533,1,82683.000,128797,192000,3999.729,120.0,8,21,2,0.00000,0.00000,0.00000,0.00000,0.00000
82.533,2,82353.000,112954,192000,3999.792,120.0,8,21,2,0.00000,0.00000,0.00000,0.00000,0.00000
82.635,0,82619.000,125742,192000,3999.375,120.0,8,21,2,0.00000,0.00000,0.00000,0.00000,0.00000
82.635,1,82784.000,133673,192000,3999.146,120.0,8,21,2,0.00000,0.00000,0.00000,0.00000,0.00000
82.635,2,82454.000,117811,192000,3999.604,120.0,8,21,2,0.00000,0.00000,0.00000,0.00000,0.00000
82.737,0,82722.000,130656,192000,0.000,120.0,8,21,2,0.00000,0.00000,0.00000,0.00000,0.00000
82.737,1,82887.000,138597,192000,3999.562,120.0,8,21,2,0.00000,0.00000,0.00000,0.00000,0.00000
82.737,2,82556.000,122715,192000,3999.438,120.0,8,21,2,0.00000,0.00000,0.00000,0.00000,0.00000
82.838,0,82822.000,135481,192000,3999.479,120.0,8,21,2,0.00000,0.00000,0.00000,0.00000,0.00000
82.838,1,82988.000,143432,192000,3999.833,120.0,8,21,2,0.00000,0.00000,0.00000,0.00000,0.00000
82.838,2,82656.000,127530,192000,3999.125,120.0,8,21,2,0.00000,0.00000,0.00000,0.00000,0.00000
82.938,0,82922.000,140299,192000,3999.104,120.0,8,21,2,0.00000,0.00000,0.00000,0.00000,0.00000
82.938,1,83088.000,148259,192000,3999.271,120.0,8,21,2,0.00000,0.00000,0.00000,0.00000,0.00000
82.938,2,82757.000,132338,192000,3999.958,120.0,8,21,2,0.00000,0.00000,0.00000,0.00000,0.00000
83.040,0,83024.000,145177,192000,3999.479,120.0,8,21,2,0.00000,0.00000,0.00000,0.00000,0.00000
83.040,1,83190.000,153148,192000,3999.417,120.0,8,21,2,0.00000,0.00000,0.00000,0.00000,0.00000
83.040,2,82858.000,137207,192000,3999.521,120.0,8,21,2,0.00000,0.00000,0.00000,0.00000,0.00000
83.140,0,83124.000,149996,192000,3999.083,120.0,8,21,2,0.00000,0.00000,0.00000,0.00000,0.00000
83.140,1,83291.000,157976,192000,3999.833,120.0,8,21,2,0.00000,0.00000,0.00000,0.00000,0.00000
83.140,2,82958.000,142016,192000,3999.333,120.0,8,21,2,0.00000,0.00000,0.00000,0.00000,0.00000
83.240,0,83224.000,154798,192000,3999.042,120.0,8,21,2,0.00000,0.00000,0.00000,0.00000,0.00000
83.240,1,83391.000,162787,192000,3999.604,120.0,8,21,2,0.00000,0.00000,0.00000,0.00000,0.00000
83.240,2,83058.000,146809,192000,3999.479,120.0,8,21,2,0.00000,0.00000,0.00000,0.00000,0.00000
83.340,0,83325.000,159605,192000,3999.896,120.0,8,21,2,0.00000,0.00000,0.00000,0.00000,0.00000
83.340,1,83491.000,167604,192000,3999.250,120.0,8,21,2,0.00000,0.00000,0.00000,0.00000,0.00000
83.340,2,83158.000,151606,192000,3999.542,120.0,8,21,2,0.00000,0.00000,0.00000,0.00000,0.00000
83.442,0,83426.000,164485,192000,3999.229,120.0,8,21,2,0.00000,0.00000,0.00000,0.00000,0.00000
83.442,1,83593.000,172494,192000,3999.375,120.0,8,21,2,0.00000,0.00000,0.00000,0.00000,0.00000
83.442,2,83259.000,156476,192000,3999.083,120.0,8,21,2,0.00000,0.00000,0.00000,0.00000,0.00000
83.542,0,83526.000,169287,192000,3999.188,120.0,8,21,2,0.00000,0.00000,0.00000,0.00000,0.00000
83.542,1,83693.000,177305,192000,3999.146,120.0,8,21,2,0.00000,0.00000,0.00000,0.00000,0.00000
83.542,2,83359.000,161269,192000,3999.229,120.0,8,21,2,0.00000,0.00000,0.00000,0.00000,0.00000
83.642,0,83627.000,174100,192000,3999.917,120.0,8,21,2,0.00000,0.00000,0.00000,0.00000,0.00000
83.642,1,83794.000,182128,192000,3999.667,120.0,8,21,2,0.00000,0.00000,0.00000,0.00000,0.00000
83.642,2,83459.000,166072,192000,3999.167,120.0,8,21,2,0.00000,0.00000,0.00000,0.00000,0.00000
83.742,0,83727.000,178914,192000,3999.625,120.0,8,21,2,0.00000,0.00000,0.00000,0.00000,0.00000
83.742,1,83894.000,186952,192000,3999.167,120.0,8,21,2,0.00000,0.00000,0.00000,0.00000,0.00000
83.742,2,83559.000,170877,192000,3999.062,120.0,8,21,2,0.00000,0.00000,0.00000,0.00000,0.00000
83.845,0,83830.000,183848,192000,3999.833,120.0,8,21,2,0.00000,0.00000,0.00000,0.00000,0.00000
83.845,1,83997.000,191895,192000,3999.188,120.0,8,21,2,0.00000,0.00000,0.00000,0.00000,0.00000
83.845,2,83662.000,175800,192000,3999.500,120.0,8,21,2,0.00000,0.00000,0.00000,0.00000,0.00000
83.947,0,83931.000,188723,192000,3999.271,120.0,8,21,2,0.00000,0.00000,0.00000,0.00000,0.00000
83.947,1,84099.000,4780,192000,3999.417,120.0,8,22,2,0.00000,0.00000,0.00000,0.00000,0.00000
83.947,2,83763.000,180666,192000,3999.125,120.0,8,21,2,0.00000,0.00000,0.00000,0.00000,0.00000
84.048,0,84032.000,1575,192000,3999.188,120.0,8,22,2,0.00000,0.00000,0.00000,0.00000,0.00000
84.048,1,84200.000,9642,192000,3999.125,120.0,8,22,2,0.00000,0.00000,0.00000,0.00000,0.00000
84.048,2,83864.000,185508,192000,3999.250,120.0,8,21,2,0.00000,0.00000,0.00000,0.00000,0.00000
84.148,0,84133.000,6387,192000,3999.938,120.0,8,22,2,0.00000,0.00000,0.00000,0.00000,0.00000
84.148,1,84301.000,14464,192000,3999.667,120.0,8,22,2,0.00000,0.00000,0.00000,0.00000,0.00000
84.148,2,83964.000,190311,192000,3999.188,120.0,8,21,2,0.00000,0.00000,0.00000,0.00000,0.00000
84.251,0,84235.000,11323,192000,3999.104,120.0,8,22,2,0.00000,0.00000,0.00000,0.00000,0.00000
84.251,1,84404.000,19410,192000,3999.625,120.0,8,22,2,0.00000,0.00000,0.00000,0.00000,0.00000
84.251,2,84067.000,3237,192000,3999.562,120.0,8,22,2,0.00000,0.00000,0.00000,0.00000,0.00000
84.352,0,84336.000,16163,192000,3999.271,120.0,8,22,2,0.00000,0.00000,0.00000,0.00000,0.00000
84.352,1,84505.000,24259,192000,3999.604,120.0,8,22,2,0.00000,0.00000,0.00000,0.00000,0.00000
84.352,2,84168.000,8067,192000,3999.938,120.0,8,22,2,0.00000,0.00000,0.00000,0.00000,0.00000
84.454,0,84438.000,21058,192000,3999.292,120.0,8,22,2,0.00000,0.00000,0.00000,0.00000,0.00000
84.454,1,84607.000,29164,192000,3999.417,120.0,8,22,2,0.00000,0.00000,0.00000,0.00000,0.00000
84.454,2,84269.000,12952,192000,3999.167,120.0,8,22,2,0.00000,0.00000,0.00000,0.00000,0.00000
84.554,0,84539.000,25875,192000,3999.938,120.0,8,22,2,0.00000,0.00000,0.00000,0.00000,0.00000
84.554,1,84708.000,33991,192000,3999.854,120.0,8,22,2,0.00000,0.00000,0.00000,0.00000,0.00000
84.554,2,84370.000,17760,192000,0.000,120.0,8,22,2,0.00000,0.00000,0.00000,0.00000,0.00000
84.654,0,84639.000,30678,192000,3999.875,120.0,8,22,2,0.00000,0.00000,0.00000,0.00000,0.00000
84.654,1,84808.000,38803,192000,3999.604,120.0,8,22,2,0.00000,0.00000,0.00000,0.00000,0.00000
84.654,2,84469.000,22552,192000,3999.167,120.0,8,22,2,0.00000,0.00000,0.00000,0.00000,0.00000
84.755,0,84739.000,35507,192000,3999.271,120.0,8,22,2,0.00000,0.00000,0.00000,0.00000,0.00000
84.755,1,84909.000,43642,192000,3999.792,120.0,8,22,2,0.00000,0.00000,0.00000,0.00000,0.00000
84.755,2,84570.000,27372,192000,3999.750,120.0,8,22,2,0.00000,0.00000,0.00000,0.00000,0.00000
84.856,0,84841.000,40369,192000,3999.979,120.0,8,22,2,0.00000,0.00000,0.00000,0.00000,0.00000
84.856,1,85010.000,48513,192000,3999.312,120.0,8,22,2,0.00000,0.00000,0.00000,0.00000,0.00000
84.856,2,84671.000,32224,192000,3999.667,120.0,8,22,2,0.00000,0.00000,0.00000,0.00000,0.00000
84.957,0,84941.000,45191,192000,3999.521,120.0,8,22,2,0.00000,0.00000,0.00000,0.00000,0.00000
84.957,1,85111.000,53345,192000,3999.646,120.0,8,22,2,0.00000,0.00000,0.00000,0.00000,0.00000
84.957,2,84771.000,37037,192000,3999.396,120.0,8,22,2,0.00000,0.00000,0.00000,0.00000,0.00000
85.059,0,85043.000,50109,192000,3999.062,120.0,8,22,2,0.00000,0.00000,0.00000,0.00000,0.00000
85.059,1,85214.000,58273,192000,3999.979,120.0,8,22,2,0.00000,0.00000,0.00000,0.00000,0.00000
85.059,2,84873.000,41945,192000,3999.146,120.0,8,22,2,0.00000,0.00000,0.00000,0.00000,0.00000
85.160,0,85145.000,54976,192000,3999.667,120.0,8,22,2,0.00000,0.00000,0.00000,0.00000,0.00000
85.160,1,85315.000,63150,192000,3999.375,120.0,8,22,2,0.00000,0.00000,0.00000,0.00000,0.00000
85.160,2,84975.000,46803,192000,3999.938,120.0,8,22,2,0.00000,0.00000,0.00000,0.00000,0.00000
85.261,0,85246.000,59827,192000,3999.604,120.0,8,22,2,0.00000,0.00000,0.00000,0.00000,0.00000
85.261,1,85416.000,68011,192000,3999.104,120.0,8,22,2,0.00000,0.00000,0.00000,0.00000,0.00000
85.261,2,85075.000,51644,192000,3999.083,120.0,8,22,2,0.00000,0.00000,0.00000,0.00000,0.00000
85.363,0,85347.000,64682,192000,3999.458,120.0,8,22,2,0.00000,0.00000,0.00000,0.00000,0.00000
85.363,1,85518.000,72876,192000,3999.750,120.0,8,22,2,0.00000,0.00000,0.00000,0.00000,0.00000
85.363,2,85176.000,56489,192000,3999.146,120.0,8,22,2,0.00000,0.00000,0.00000,0.00000,0.00000
85.465,0,85450.000,69618,192000,3999.625,120.0,8,22,2,0.00000,0.00000,0.00000,0.00000,0.00000
85.465,1,85621.000,77821,192000,3999.729,120.0,8,22,2,0.00000,0.00000,0.00000,0.00000,0.00000
85.465,2,85279.000,61415,192000,3999.521,120.0,8,22,2,0.00000,0.00000,0.00000,0.00000,0.00000
85.568,0,85553.000,74553,192000,3999.812,120.0,8,22,2,0.00000,0.00000,0.00000,0.00000,0.00000
85.568,1,85724.000,82766,192000,3999.708,120.0,8,22,2,0.00000,0.00000,0.00000,0.00000,0.00000
85.568,2,85382.000,66340,192000,3999.917,120.0,8,22,2,0.00000,0.00000,0.00000,0.00000,0.00000
85.669,0,85653.000,79384,192000,3999.167,120.0,8,22,2,0.00000,0.00000,0.00000,0.00000,0.00000
85.669,1,85825.000,87607,192000,3999.854,120.0,8,22,2,0.00000,0.00000,0.00000,0.00000,0.00000
85.669,2,85482.000,71162,192000,3999.458,120.0,8,22,2,0.00000,0.00000,0.00000,0.00000,0.00000
85.770,0,85755.000,84258,192000,3999.625,120.0,8,22,2,0.00000,0.00000,0.00000,0.00000,0.00000
85.770,1,85926.000,92490,192000,3999.125,120.0,8,22,2,0.00000,0.00000,0.00000,0.00000,0.00000
85.770,2,85583.000,76026,192000,3999.125,120.0,8,22,2,0.00000,0.00000,0.00000,0.00000,0.00000
85.871,0,85855.000,89086,192000,3999.042,120.0,8,22,2,0.00000,0.00000,0.00000,0.00000,0.00000
85.871,1,86027.000,97328,192000,3999.333,120.0,8,22,2,0.00000,0.00000,0.00000,0.00000,0.00000
85.871,2,85684.000,80844,192000,3999.750,120.0,8,22,2,0.00000,0.00000,0.00000,0.00000,0.00000
85.973,0,85958.000,93994,192000,3999.792,120.0,8,22,2,0.00000,0.00000,0.00000,0.00000,0.00000
85.973,1,86130.000,102246,192000,3999.875,120.0,8,22,2,0.00000,0.00000,0.00000,0.00000,0.00000
85.973,2,85786.000,85742,192000,3999.708,120.0,8,22,2,0.00000,0.00000,0.00000,0.00000,0.00000
86.076,0,86060.000,98901,192000,3999.562,120.0,8,22,2,0.00000,0.00000,0.00000,0.00000,0.00000
86.076,1,86232.000,107163,192000,3999.438,120.0,8,22,2,0.00000,0.00000,0.00000,0.00000,0.00000
86.076,2,85888.000,90639,192000,3999.688,120.0,8,22,2,0.00000,0.00000,0.00000,0.00000,0.00000
86.177,0,86161.000,103759,192000,3999.354,120.0,8,22,2,0.00000,0.00000,0.00000,0.00000,0.00000
86.177,1,86333.000,112030,192000,3999.042,120.0,8,22,2,0.00000,0.00000,0.00000,0.00000,0.00000
86.177,2,85989.000,95487,192000,3999.688,120.0,8,22,2,0.00000,0.00000,0.00000,0.00000,0.00000
86.279,0,86263.000,108654,192000,3999.375,120.0,8,22,2,0.00000,0.00000,0.00000,0.00000,0.00000
86.279,1,86436.000,116935,192000,3999.854,120.0,8,22,2,0.00000,0.00000,0.00000,0.00000,0.00000
86.279,2,86091.000,100373,192000,3999.896,120.0,8,22,2,0.00000,0.00000,0.00000,0.00000,0.00000
86.381,0,86366.000,113587,192000,3999.604,120.0,8,22,2,0.00000,0.00000,0.00000,0.00000,0.00000
86.381,1,86539.000,121878,192000,3999.875,120.0,8,22,2,0.00000,0.00000,0.00000,0.00000,0.00000
86.381,2,86193.000,105296,192000,3999.333,120.0,8,22,2,0.00000,0.00000,0.00000,0.00000,0.00000
86.483,0,86468.000,118483,192000,3999.604,120.0,8,22,2,0.00000,0.00000,0.00000,0.00000,0.00000
86.483,1,86641.000,126784,192000,3999.667,120.0,8,22,2,0.00000,0.00000,0.00000,0.00000,0.00000
86.483,2,86295.000,110183,192000,3999.521,120.0,8,22,2,0.00000,0.00000,0.00000,0.00000,0.00000
86.585,0,86570.000,123363,192000,3999.938,120.0,8,22,2,0.00000,0.00000,0.00000,0.00000,0.00000
86.585,1,86743.000,131674,192000,3999.792,120.0,8,22,2,0.00000,0.00000,0.00000,0.00000,0.00000
86.585,2,86396.000,115053,192000,3999.062,120.0,8,22,2,0.00000,0.00000,0.00000,0.00000,0.00000
86.687,0,86671.000,128238,192000,3999.375,120.0,8,22,2,0.00000,0.00000,0.00000,0.00000,0.00000
86.687,1,86844.000,136559,192000,3999.021,120.0,8,22,2,0.00000,0.00000,0.00000,0.00000,0.00000
86.687,2,86498.000,119918,192000,3999.708,120.0,8,22,2,0.00000,0.00000,0.00000,0.00000,0.00000
86.789,0,86774.000,133168,192000,3999.667,120.0,8,22,2,0.00000,0.00000,0.00000,0.00000,0.00000
86.789,1,86947.000,141499,192000,3999.104,120.0,8,22,2,0.00000,0.00000,0.00000,0.00000,0.00000
86.789,2,86600.000,124838,192000,3999.208,120.0,8,22,2,0.00000,0.00000,0.00000,0.00000,0.00000
86.892,0,86877.000,138113,192000,3999.646,120.0,8,22,2,0.00000,0.00000,0.00000,0.00000,0.00000
86.892,1,87051.000,146453,192000,3999.896,120.0,8,22,2,0.00000,0.00000,0.00000,0.00000,0.00000
86.892,2,86703.000,129773,192000,3999.396,120.0,8,22,2,0.00000,0.00000,0.00000,0.00000,0.00000
86.994,0,86978.000,142991,192000,3999.021,120.0,8,22,2,0.00000,0.00000,0.00000,0.00000,0.00000
86.994,1,87152.000,151340,192000,3999.083,120.0,8,22,2,0.00000,0.00000,0.00000,0.00000,0.00000
86.994,2,86805.000,134641,192000,3999.979,120.0,8,22,2,0.00000,0.00000,0.00000,0.00000,0.00000
87.096,0,87080.000,147886,192000,3999.042,120.0,8,22,2,0.00000,0.00000,0.00000,0.00000,0.00000
87.096,1,87255.000,156246,192000,3999.875,120.0,8,22,2,0.00000,0.00000,0.00000,0.00000,0.00000
87.096,2,86906.000,139526,192000,3999.208,120.0,8,22,2,0.00000,0.00000,0.00000,0.00000,0.00000
87.199,0,87183.000,152825,192000,3999.146,120.0,8,22,2,0.00000,0.00000,0.00000,0.00000,0.00000
87.199,1,87358.000,161195,192000,3999.771,120.0,8,22,2,0.00000,0.00000,0.00000,0.00000,0.00000
87.199,2,87009.000,144456,192000,3999.500,120.0,8,22,2,0.00000,0.00000,0.00000,0.00000,0.00000
87.302,0,87286.000,157753,192000,3999.479,120.0,8,22,2,0.00000,0.00000,0.00000,0.00000,0.00000
87.302,1,87461.000,166132,192000,3999.917,120.0,8,22,2,0.00000,0.00000,0.00000,0.00000,0.00000
87.302,2,87111.000,149373,192000,3999.062,120.0,8,22,2,0.00000,0.00000,0.00000,0.00000,0.00000
87.402,0,87387.000,162595,192000,3999.604,120.0,8,22,2,0.00000,0.00000,0.00000,0.00000,0.00000
87.402,1,87562.000,170984,192000,3999.833,120.0,8,22,2,0.00000,0.00000,0.00000,0.00000,0.00000
87.402,2,87212.000,154206,192000,3999.375,120.0,8,22,2,0.00000,0.00000,0.00000,0.00000,0.00000
87.503,0,87487.000,167410,192000,3999.292,120.0,8,22,2,0.00000,0.00000,0.00000,0.00000,0.00000
87.503,1,87662.000,175809,192000,3999.312,120.0,8,22,2,0.00000,0.00000,0.00000,0.00000,0.00000
87.503,2,87312.000,159012,192000,3999.250,120.0,8,22,2,0.00000,0.00000,0.00000,0.00000,0.00000
87.604,0,87588.000,172252,192000,3999.417,120.0,8,22,2,0.00000,0.00000,0.00000,0.00000,0.00000
87.604,1,87763.000,180660,192000,3999.250,120.0,8,22,2,0.00000,0.00000,0.00000,0.00000,0.00000
87.604,2,87413.000,163844,192000,3999.583,120.0,8,22,2,0.00000,0.00000,0.00000,0.00000,0.00000
87.704,0,87688.000,177055,192000,3999.354,120.0,8,22,2,0.00000,0.00000,0.00000,0.00000,0.00000
87.704,1,87864.000,185473,192000,3999.979,120.0,8,22,2,0.00000,0.00000,0.00000,0.00000,0.00000
87.704,2,87513.000,168637,192000,3999.729,120.0,8,22,2,0.00000,0.00000,0.00000,0.00000,0.00000
87.806,0,87791.000,181974,192000,3999.875,120.0,8,22,2,0.00000,0.00000,0.00000,0.00000,0.00000
87.806,1,87966.000,190402,192000,3999.292,120.0,8,22,2,0.00000,0.00000,0.00000,0.00000,0.00000
87.806,2,87615.000,173547,192000,3999.438,120.0,8,22,2,0.00000,0.00000,0.00000,0.00000,0.00000
87.908,0,87892.000,186836,192000,3999.583,120.0,8,22,2,0.00000,0.00000,0.00000,0.00000,0.00000
87.908,1,88068.000,3274,192000,3999.792,120.0,8,23,2,0.00000,0.00000,0.00000,0.00000,0.00000
87.908,2,87716.000,178399,192000,3999.354,120.0,8,22,2,0.00000,0.00000,0.00000,0.00000,0.00000
88.009,0,87993.000,191697,192000,3999.312,120.0,8,22,2,0.00000,0.00000,0.00000,0.00000,0.00000
88.009,1,88169.000,8144,192000,3999.333,120.0,8,23,2,0.00000,0.00000,0.00000,0.00000,0.00000
88.009,2,87817.000,183249,192000,3999.312,120.0,8,22,2,0.00000,0.00000,0.00000,0.00000,0.00000
88.110,0,88094.000,4537,192000,3999.479,120.0,8,23,2,0.00000,0.00000,0.00000,0.00000,0.00000
88.110,1,88270.000,12994,192000,3999.292,120.0,8,23,2,0.00000,0.00000,0.00000,0.00000,0.00000
88.110,2,87918.000,188080,192000,3999.667,120.0,8,22,2,0.00000,0.00000,0.00000,0.00000,0.00000
88.213,0,88197.000,9491,192000,3999.271,120.0,8,23,2,0.00000,0.00000,0.00000,0.00000,0.00000
88.213,1,88374.000,17957,192000,3999.896,120.0,8,23,2,0.00000,0.00000,0.00000,0.00000,0.00000
88.213,2,88021.000,1024,192000,3999.667,120.0,8,23,2,0.12595,0.12576,0.12595,0.00000,0.00000
88.315,0,88300.000,14408,192000,3999.833,120.0,8,23,2,0.00000,0.00000,0.00000,0.00000,0.00000
88.315,1,88476.000,22884,192000,3999.250,120.0,8,23,2,0.00000,0.00000,0.00000,0.00000,0.00000
88.315,2,88123.000,5931,192000,3999.438,120.0,8,23,2,0.08233,0.08220,0.08233,0.00000,0.00000
88.417,0,88402.000,19308,192000,3999.750,120.0,8,23,2,0.00000,0.00000,0.00000,0.00000,0.00000
88.417,1,88579.000,27794,192000,3999.958,120.0,8,23,2,0.00000,0.00000,0.00000,0.00000,0.00000
88.417,2,88225.000,10821,192000,3999.562,120.0,8,23,2,0.05389,0.05381,0.05389,0.00000,0.00000
88.518,0,88502.000,24132,192000,3999.250,120.0,8,23,2,0.00000,0.00000,0.00000,0.00000,0.00000
88.518,1,88679.000,32628,192000,3999.250,120.0,8,23,2,0.00000,0.00000,0.00000,0.00000,0.00000
88.518,2,88325.000,15636,192000,3999.250,120.0,8,23,2,0.03551,0.03546,0.03551,0.00000,0.00000
88.620,0,88604.000,29022,192000,3999.375,120.0,8,23,2,0.00000,0.00000,0.00000,0.00000,0.00000
88.620,1,88781.000,37528,192000,3999.167,120.0,8,23,2,0.00000,0.00000,0.00000,0.00000,0.00000
88.620,2,88427.000,20516,192000,3999.583,120.0,8,23,2,0.02327,0.02323,0.02327,0.00000,0.00000
88.721,0,88705.000,33869,192000,3999.396,120.0,8,23,2,0.00000,0.00000,0.00000,0.00000,0.00000
88.721,1,88883.000,42385,192000,3999.979,120.0,8,23,2,0.00000,0.00000,0.00000,0.00000,0.00000
88.721,2,88528.000,25354,192000,3999.792,120.0,8,23,2,0.01530,0.01528,0.01530,0.00000,0.00000
88.822,0,88806.000,38714,192000,3999.458,120.0,8,23,2,0.00000,0.00000,0.00000,0.00000,0.00000
88.822,1,88984.000,47240,192000,3999.833,120.0,8,23,2,0.00000,0.00000,0.00000,0.00000,0.00000
88.822,2,88628.000,30189,192000,3999.062,120.0,8,23,2,0.01006,0.01005,0.01006,0.00000,0.00000
88.924,0,88909.000,43637,192000,3999.896,120.0,8,23,2,0.00000,0.00000,0.00000,0.00000,0.00000
88.924,1,89086.000,52172,192000,3999.083,120.0,8,23,2,0.00000,0.00000,0.00000,0.00000,0.00000
88.924,2,88731.000,35102,192000,3999.708,120.0,8,23,2,0.00657,0.00656,0.00657,0.00000,0.00000
89.025,0,89009.000,48463,192000,3999.354,120.0,8,23,2,0.00000,0.00000,0.00000,0.00000,0.00000
89.025,1,89187.000,57007,192000,3999.354,120.0,8,23,2,0.00000,0.00000,0.00000,0.00000,0.00000
89.025,2,88831.000,39918,192000,3999.375,120.0,8,23,2,0.00433,0.00433,0.00433,0.00000,0.00000
89.126,0,89110.000,53322,192000,3999.125,120.0,8,23,2,0.00000,0.00000,0.00000,0.00000,0.00000
89.126,1,89289.000,61876,192000,3999.917,120.0,8,23,2,0.00000,0.00000,0.00000,0.00000,0.00000
89.126,2,88932.000,44767,192000,3999.354,120.0,8,23,2,0.00285,0.00284,0.00285,0.00000,0.00000
89.228,0,89212.000,58217,192000,3999.146,120.0,8,23,2,0.00000,0.00000,0.00000,0.00000,0.00000
89.228,1,89391.000,66781,192000,3999.729,120.0,8,23,2,0.00000,0.00000,0.00000,0.00000,0.00000
89.228,2,89034.000,49653,192000,3999.562,120.0,8,23,2,0.00186,0.00186,0.00186,0.00000,0.00000
89.329,0,89313.000,63063,192000,3999.188,120.0,8,23,2,0.00000,0.00000,0.00000,0.00000,0.00000
89.329,1,89492.000,71637,192000,3999.562,120.0,8,23,2,0.00000,0.00000,0.00000,0.00000,0.00000
89.329,2,89135.000,54489,192000,3999.812,120.0,8,23,2,0.00123,0.00122,0.00123,0.00000,0.00000
89.430,0,89414.000,67911,192000,3999.188,120.0,8,23,2,0.00000,0.00000,0.00000,0.00000,0.00000
89.430,1,89593.000,76494,192000,3999.375,120.0,8,23,2,0.00000,0.00000,0.00000,0.00000,0.00000
89.430,2,89235.000,59327,192000,3999.021,120.0,8,23,2,0.00081,0.00080,0.00081,0.00000,0.00000
89.531,0,89515.000,72766,192000,3999.042,120.0,8,23,2,0.00000,0.00000,0.00000,0.00000,0.00000
89.531,1,89694.000,81359,192000,3999.021,120.0,8,23,2,0.00000,0.00000,0.00000,0.00000,0.00000
89.531,2,89336.000,64173,192000,3999.062,120.0,8,23,2,0.00053,0.00053,0.00053,0.00000,0.00000
89.632,0,89616.000,77610,192000,3999.125,120.0,8,23,2,0.00000,0.00000,0.00000,0.00000,0.00000
89.632,1,89796.000,86213,192000,3999.896,120.0,8,23,2,0.00000,0.00000,0.00000,0.00000,0.00000
89.632,2,89437.000,69007,192000,3999.354,120.0,8,23,2,0.00035,0.00035,0.00035,0.00000,0.00000
89.734,0,89718.000,82487,192000,3999.521,120.0,8,23,2,0.00000,0.00000,0.00000,0.00000,0.00000
89.734,1,89897.000,91099,192000,3999.104,120.0,8,23,2,0.00000,0.00000,0.00000,0.00000,0.00000
89.734,2,89539.000,73874,192000,3999.958,120.0,8,23,2,0.00023,0.00023,0.00023,0.00000,0.00000
89.836,0,89821.000,87415,192000,3999.854,120.0,8,23,2,0.00000,0.00000,0.00000,0.00000,0.00000
89.836,1,90000.000,96037,192000,3999.229,120.0,8,23,2,0.00000,0.00000,0.00000,0.00000,0.00000
89.836,2,89641.000,78792,192000,3999.500,120.0,8,23,2,0.00015,0.00015,0.00015,0.00000,0.00000
89.938,0,89923.000,92323,192000,3999.604,120.0,8,23,2,0.00000,0.00000,0.00000,0.00000,0.00000
89.938,1,90103.000,100955,192000,3999.771,120.0,8,23,2,0.00000,0.00000,0.00000,0.00000,0.00000
89.938,2,89743.000,83690,192000,3999.458,120.0,8,23,2,0.00010,0.00010,0.00010,0.00000,0.00000
90.040,0,90024.000,97181,192000,3999.396,120.0,8,23,2,0.00000,0.00000,0.00000,0.00000,0.00000
90.040,1,90204.000,105823,192000,3999.354,120.0,8,23,2,0.00000,0.00000,0.00000,0.00000,0.00000
90.040,2,89844.000,88539,192000,3999.438,120.0,8,23,2,0.00006,0.00006,0.00006,0.00000,0.00000
90.140,0,90125.000,102010,192000,3999.792,120.0,8,23,2,0.00000,0.00000,0.00000,0.00000,0.00000
90.140,1,90305.000,110662,192000,3999.542,120.0,8,23,2,0.00000,0.00000,0.00000,0.00000,0.00000
90.140,2,89944.000,93358,192000,3999.042,120.0,8,23,2,0.00004,0.00004,0.00004,0.00000,0.00000
90.241,0,90225.000,106847,192000,3999.021,120.0,8,23,2,0.00000,0.00000,0.00000,0.00000,0.00000
90.241,1,90406.000,115508,192000,3999.583,120.0,8,23,2,0.00000,0.00000,0.00000,0.00000,0.00000
90.241,2,90045.000,98185,192000,3999.479,120.0,8,23,2,0.00003,0.00003,0.00003,0.00000,0.00000
90.342,0,90327.000,111704,192000,3999.833,120.0,8,23,2,0.00000,0.00000,0.00000,0.00000,0.00000
90.342,1,90507.000,120375,192000,3999.188,120.0,8,23,2,0.00000,0.00000,0.00000,0.00000,0.00000
90.342,2,90146.000,103033,192000,3999.479,120.0,8,23,2,0.00002,0.00002,0.00002,0.00000,0.00000
90.444,0,90428.000,116584,192000,3999.167,120.0,8,23,2,0.00000,0.00000,0.00000,0.00000,0.00000
90.444,1,90609.000,125265,192000,3999.312,120.0,8,23,2,0.00000,0.00000,0.00000,0.00000,0.00000
90.444,2,90247.000,107903,192000,3999.021,120.0,8,23,2,0.00001,0.00001,0.00001,0.00000,0.00000
90.545,0,90529.000,121420,192000,3999.417,120.0,8,23,2,0.00000,0.00000,0.00000,0.00000,0.00000
90.545,1,90710.000,130111,192000,3999.354,120.0,8,23,2,0.00000,0.00000,0.00000,0.00000,0.00000
90.545,2,90348.000,112729,192000,3999.479,120.0,8,23,2,0.00001,0.00001,0.00001,0.00000,0.00000
90.646,0,90630.000,126274,192000,3999.292,120.0,8,23,2,0.00000,0.00000,0.00000,0.00000,0.00000
90.646,1,90811.000,134974,192000,3999.042,120.0,8,23,2,0.00000,0.00000,0.00000,0.00000,0.00000
90.646,2,90449.000,117573,192000,3999.562,120.0,8,23,2,0.00001,0.00001,0.00001,0.00000,0.00000
90.748,0,90732.000,131179,192000,3999.104,120.0,8,23,2,0.00000,0.00000,0.00000,0.00000,0.00000
90.748,1,90914.000,139889,192000,3999.646,120.0,8,23,2,0.00000,0.00000,0.00000,0.00000,0.00000
90.748,2,90551.000,122468,192000,3999.583,120.0,8,23,2,0.00000,0.00000,0.00000,0.00000,0.00000
90.851,0,90835.000,136103,192000,3999.521,120.0,8,23,2,0.00000,0.00000,0.00000,0.00000,0.00000
90.851,1,91017.000,144823,192000,3999.854,120.0,8,23,2,0.00000,0.00000,0.00000,0.00000,0.00000
90.851,2,90653.000,127383,192000,3999.188,120.0,8,23,2,0.00000,0.00000,0.00000,0.00000,0.00000
90.952,0,90937.000,140989,192000,3999.729,120.0,8,23,2,0.00000,0.00000,0.00000,0.00000,0.00000
90.952,1,91119.000,149719,192000,3999.854,120.0,8,23,2,0.00000,0.00000,0.00000,0.00000,0.00000
90.952,2,90755.000,132259,192000,3999.604,120.0,8,23,2,0.00000,0.00000,0.00000,0.00000,0.00000
91.053,0,91038.000,145839,192000,3999.688,120.0,8,23,2,0.00000,0.00000,0.00000,0.00000,0.00000
91.053,1,91220.000,154578,192000,3999.625,120.0,8,23,2,0.00000,0.00000,0.00000,0.00000,0.00000
91.053,2,90856.000,137099,192000,3999.771,120.0,8,23,2,0.00000,0.00000,0.00000,0.00000,0.00000
91.155,0,91139.000,150698,192000,3999.458,120.0,8,23,2,0.00000,0.00000,0.00000,0.00000,0.00000
91.155,1,91321.000,159447,192000,3999.188,120.0,8,23,2,0.00000,0.00000,0.00000,0.00000,0.00000
91.155,2,90957.000,141948,192000,3999.750,120.0,8,23,2,0.00000,0.00000,0.00000,0.00000,0.00000
91.257,0,91242.000,155620,192000,3999.917,120.0,8,23,2,0.00000,0.00000,0.00000,0.00000,0.00000
91.257,1,91424.000,164379,192000,3999.438,120.0,8,23,2,0.00000,0.00000,0.00000,0.00000,0.00000
91.257,2,91059.000,146860,192000,3999.417,120.0,8,23,2,0.00000,0.00000,0.00000,0.00000,0.00000
91.357,0,91342.000,160428,192000,3999.750,120.0,8,23,2,0.00000,0.00000,0.00000,0.00000,0.00000
91.357,1,91524.000,169196,192000,3999.083,120.0,8,23,2,0.00000,0.00000,0.00000,0.00000,0.00000
91.357,2,91159.000,151659,192000,3999.438,120.0,8,23,2,0.00000,0.00000,0.00000,0.00000,0.00000
91.459,0,91444.000,165323,192000,3999.771,120.0,8,23,2,0.00000,0.00000,0.00000,0.00000,0.00000
91.459,1,91627.000,174101,192000,3999.896,120.0,8,23,2,0.00000,0.00000,0.00000,0.00000,0.00000
91.459,2,91261.000,156545,192000,3999.646,120.0,8,23,2,0.00000,0.00000,0.00000,0.00000,0.00000
91.561,0,91545.000,170204,192000,3999.083,120.0,8,23,2,0.00000,0.00000,0.00000,0.00000,0.00000
91.561,1,91729.000,178992,192000,0.000,120.0,8,23,2,0.00000,0.00000,0.00000,0.00000,0.00000
91.561,2,91362.000,161416,192000,3999.167,120.0,8,23,2,0.00000,0.00000,0.00000,0.00000,0.00000
91.663,0,91648.000,175122,192000,3999.625,120.0,8,23,2,0.00000,0.00000,0.00000,0.00000,0.00000
91.663,1,91831.000,183920,192000,3999.333,120.0,8,23,2,0.00000,0.00000,0.00000,0.00000,0.00000
91.663,2,91465.000,166324,192000,3999.917,120.0,8,23,2,0.00000,0.00000,0.00000,0.00000,0.00000
91.766,0,91750.000,180026,192000,3999.458,120.0,8,23,2,0.00000,0.00000,0.00000,0.00000,0.00000
91.766,1,91934.000,188834,192000,3999.958,120.0,8,23,2,0.00000,0.00000,0.00000,0.00000,0.00000
91.766,2,91567.000,171218,192000,3999.958,120.0,8,23,2,0.00000,0.00000,0.00000,0.00000,0.00000
91.866,0,91851.000,184851,192000,3999.938,120.0,8,23,2,0.00000,0.00000,0.00000,0.00000,0.00000
91.866,1,92034.000,1668,192000,3999.250,120.0,8,24,2,0.11964,0.11964,0.11930,0.00000,0.00000
91.866,2,91667.000,176033,192000,3999.646,120.0,8,23,2,0.00000,0.00000,0.00000,0.00000,0.00000
91.968,0,91952.000,189743,192000,3999.021,120.0,8,23,2,0.00000,0.00000,0.00000,0.00000,0.00000
91.968,1,92136.000,6571,192000,3999.104,120.0,8,24,2,0.07823,0.07823,0.07801,0.00000,0.00000
91.968,2,91769.000,180916,192000,3999.917,120.0,8,23,2,0.00000,0.00000,0.00000,0.00000,0.00000
92.070,0,92054.000,2630,192000,3999.208,120.0,8,24,2,0.11190,0.11179,0.11190,0.00000,0.00000
92.070,1,92238.000,11467,192000,3999.104,120.0,8,24,2,0.05119,0.05119,0.05104,0.00000,0.00000
92.070,2,91870.000,185793,192000,3999.312,120.0,8,23,2,0.00000,0.00000,0.00000,0.00000,0.00000
92.171,0,92155.000,7466,192000,3999.458,120.0,8,24,2,0.07360,0.07353,0.07360,0.00000,0.00000
92.171,1,92339.000,16313,192000,3999.146,120.0,8,24,2,0.03364,0.03364,0.03354,0.00000,0.00000
92.171,2,91971.000,190620,192000,3999.750,120.0,8,23,2,0.00000,0.00000,0.00000,0.00000,0.00000
92.272,0,92256.000,12332,192000,3999.083,120.0,8,24,2,0.04828,0.04823,0.04828,0.00000,0.00000
92.272,1,92441.000,21189,192000,3999.562,120.0,8,24,2,0.02205,0.02205,0.02198,0.00000,0.00000
92.272,2,92072.000,3476,192000,3999.583,120.0,8,24,2,0.00000,0.00000,0.00000,0.00000,0.00000
92.375,0,92359.000,17277,192000,3999.062,120.0,8,24,2,0.03145,0.03142,0.03145,0.00000,0.00000
92.375,1,92544.000,26143,192000,3999.354,120.0,8,24,2,0.01435,0.01435,0.01431,0.00000,0.00000
92.375,2,92175.000,8411,192000,3999.771,120.0,8,24,2,0.00000,0.00000,0.00000,0.00000,0.00000
92.477,0,92461.000,22157,192000,3999.396,120.0,8,24,2,0.02061,0.02059,0.02061,0.00000,0.00000
92.477,1,92646.000,31033,192000,3999.479,120.0,8,24,2,0.00940,0.00940,0.00937,0.00000,0.00000
92.477,2,92276.000,13281,192000,3999.312,120.0,8,24,2,0.00000,0.00000,0.00000,0.00000,0.00000
92.579,0,92563.000,27052,192000,3999.417,120.0,8,24,2,0.01349,0.01347,0.01349,0.00000,0.00000
92.579,1,92748.000,35938,192000,3999.292,120.0,8,24,2,0.00614,0.00614,0.00612,0.00000,0.00000
92.579,2,92378.000,18166,192000,3999.542,120.0,8,24,2,0.00000,0.00000,0.00000,0.00000,0.00000
92.680,0,92665.000,31930,192000,3999.792,120.0,8,24,2,0.00884,0.00883,0.00884,0.00000,0.00000
92.680,1,92850.000,40826,192000,3999.458,120.0,8,24,2,0.00402,0.00402,0.00401,0.00000,0.00000
92.680,2,92479.000,23034,192000,3999.125,120.0,8,24,2,0.00000,0.00000,0.00000,0.00000,0.00000
92.781,0,92765.000,36766,192000,3999.042,120.0,8,24,2,0.00581,0.00581,0.00581,0.00000,0.00000
92.781,1,92951.000,45671,192000,3999.521,120.0,8,24,2,0.00264,0.00264,0.00264,0.00000,0.00000
92.781,2,92580.000,27861,192000,3999.562,120.0,8,24,2,0.00000,0.00000,0.00000,0.00000,0.00000
92.884,0,92869.000,41713,192000,3999.979,120.0,8,24,2,0.00379,0.00378,0.00379,0.00000,0.00000
92.884,1,93054.000,50629,192000,3999.229,120.0,8,24,2,0.00172,0.00172,0.00172,0.00000,0.00000
92.884,2,92683.000,32798,192000,3999.708,120.0,8,24,2,0.00000,0.00000,0.00000,0.00000,0.00000
92.984,0,92969.000,46520,192000,3999.833,120.0,8,24,2,0.00250,0.00249,0.00250,0.00000,0.00000
92.984,1,93155.000,55445,192000,3999.896,120.0,8,24,2,0.00113,0.00113,0.00113,0.00000,0.00000
92.984,2,92783.000,37595,192000,3999.771,120.0,8,24,2,0.00000,0.00000,0.00000,0.00000,0.00000
93.086,0,93070.000,51404,192000,3999.083,120.0,8,24,2,0.00164,0.00163,0.00164,0.00000,0.00000
93.086,1,93257.000,60339,192000,3999.938,120.0,8,24,2,0.00074,0.00074,0.00074,0.00000,0.00000
93.086,2,92884.000,42469,192000,3999.229,120.0,8,24,2,0.00000,0.00000,0.00000,0.00000,0.00000
93.186,0,93171.000,56214,192000,3999.875,120.0,8,24,2,0.00108,0.00108,0.00108,0.00000,0.00000
93.186,1,93357.000,65158,192000,3999.542,120.0,8,24,2,0.00049,0.00049,0.00049,0.00000,0.00000
93.186,2,92984.000,47269,192000,3999.229,120.0,8,24,2,0.00000,0.00000,0.00000,0.00000,0.00000
93.289,0,93273.000,61130,192000,3999.458,120.0,8,24,2,0.00070,0.00070,0.00070,0.00000,0.00000
93.289,1,93460.000,70084,192000,3999.917,120.0,8,24,2,0.00032,0.00032,0.00032,0.00000,0.00000
93.289,2,93087.000,52176,192000,0.000,120.0,8,24,2,0.00000,0.00000,0.00000,0.00000,0.00000
93.390,0,93374.000,65983,192000,3999.354,120.0,8,24,2,0.00046,0.00046,0.00046,0.00000,0.00000
93.390,1,93561.000,74947,192000,3999.604,120.0,8,24,2,0.00021,0.00021,0.00021,0.00000,0.00000
93.390,2,93187.000,57019,192000,3999.104,120.0,8,24,2,0.00000,0.00000,0.00000,0.00000,0.00000
93.492,0,93476.000,70874,192000,3999.458,120.0,8,24,2,0.00030,0.00030,0.00030,0.00000,0.00000
93.492,1,93663.000,79848,192000,3999.500,120.0,8,24,2,0.00014,0.00014,0.00014,0.00000,0.00000
93.492,2,93289.000,61901,192000,3999.396,120.0,8,24,2,0.00000,0.00000,0.00000,0.00000,0.00000
93.593,0,93577.000,75716,192000,3999.583,120.0,8,24,2,0.00020,0.00020,0.00020,0.00000,0.00000
93.593,1,93764.000,84700,192000,3999.417,120.0,8,24,2,0.00009,0.00009,0.00009,0.00000,0.00000
93.593,2,93390.000,66733,192000,3999.729,120.0,8,24,2,0.00000,0.00000,0.00000,0.00000,0.00000
93.693,0,93677.000,80539,192000,3999.104,120.0,8,24,2,0.00013,0.00013,0.00013,0.00000,0.00000
93.693,1,93865.000,89532,192000,3999.750,120.0,8,24,2,0.00006,0.00006,0.00006,0.00000,0.00000
93.693,2,93490.000,71546,192000,3999.458,120.0,8,24,2,0.00000,0.00000,0.00000,0.00000,0.00000
93.795,0,93780.000,85445,192000,3999.896,120.0,8,24,2,0.00009,0.00009,0.00009,0.00000,0.00000
93.795,1,93967.000,94447,192000,3999.354,120.0,8,24,2,0.00004,0.00004,0.00004,0.00000,0.00000
93.795,2,93592.000,76442,192000,3999.458,120.0,8,24,2,0.00000,0.00000,0.00000,0.00000,0.00000
93.898,0,93882.000,90360,192000,3999.500,120.0,8,24,2,0.00006,0.00006,0.00006,0.00000,0.00000
93.898,1,94070.000,99373,192000,3999.729,120.0,8,24,2,0.00003,0.00003,0.00003,0.00000,0.00000
93.898,2,93694.000,81348,192000,3999.250,120.0,8,24,2,0.00000,0.00000,0.00000,0.00000,0.00000
94.001,0,93985.000,95325,192000,3999.062,120.0,8,24,2,0.00004,0.00004,0.00004,0.00000,0.00000
94.001,1,94173.000,104347,192000,3999.104,120.0,8,24,2,0.00002,0.00002,0.00002,0.00000,0.00000
94.001,2,93797.000,86302,192000,3999.042,120.0,8,24,2,0.00000,0.00000,0.00000,0.00000,0.00000
94.102,0,94086.000,100175,192000,3999.021,120.0,8,24,2,0.00002,0.00002,0.00002,0.00000,0.00000
94.102,1,94275.000,109207,192000,3999.854,120.0,8,24,2,0.00001,0.00001,0.00001,0.00000,0.00000
94.102,2,93898.000,91143,192000,3999.188,120.0,8,24,2,0.00000,0.00000,0.00000,0.00000,0.00000
94.203,0,94187.000,105003,192000,3999.438,120.0,8,24,2,0.00002,0.00002,0.00002,0.00000,0.00000
94.203,1,94375.000,114045,192000,3999.062,120.0,8,24,2,0.00001,0.00001,0.00001,0.00000,0.00000
94.203,2,93999.000,95961,192000,3999.812,120.0,8,24,2,0.00000,0.00000,0.00000,0.00000,0.00000
94.303,0,94287.000,109803,192000,3999.438,120.0,8,24,2,0.00001,0.00001,0.00001,0.00000,0.00000
94.303,1,94476.000,118854,192000,3999.875,120.0,8,24,2,0.00000,0.00000,0.00000,0.00000,0.00000
94.303,2,94099.000,100752,192000,0.000,120.0,8,24,2,0.00000,0.00000,0.00000,0.00000,0.00000
94.405,0,94389.000,114695,192000,3999.521,120.0,8,24,2,0.00001,0.00001,0.00001,0.00000,0.00000
94.405,1,94578.000,123757,192000,3999.729,120.0,8,24,2,0.00000,0.00000,0.00000,0.00000,0.00000
94.405,2,94200.000,105634,192000,3999.292,120.0,8,24,2,0.00000,0.00000,0.00000,0.00000,0.00000
94.507,0,94491.000,119606,192000,3999.208,120.0,8,24,2,0.00000,0.00000,0.00000,0.00000,0.00000
94.507,1,94680.000,128677,192000,3999.229,120.0,8,24,2,0.00000,0.00000,0.00000,0.00000,0.00000
94.507,2,94302.000,110535,192000,3999.188,120.0,8,24,2,0.00000,0.00000,0.00000,0.00000,0.00000
94.609,0,94593.000,124486,192000,3999.542,120.0,8,24,2,0.00000,0.00000,0.00000,0.00000,0.00000
94.609,1,94782.000,133567,192000,3999.354,120.0,8,24,2,0.00000,0.00000,0.00000,0.00000,0.00000
94.609,2,94404.000,115405,192000,3999.729,120.0,8,24,2,0.00000,0.00000,0.00000,0.00000,0.00000
94.711,0,94695.000,129393,192000,3999.312,120.0,8,24,2,0.00000,0.00000,0.00000,0.00000,0.00000
94.711,1,94885.000,138484,192000,3999.917,120.0,8,24,2,0.00000,0.00000,0.00000,0.00000,0.00000
94.711,2,94506.000,120303,192000,3999.688,120.0,8,24,2,0.00000,0.00000,0.00000,0.00000,0.00000
94.814,0,94798.000,134337,192000,3999.312,120.0,8,24,2,0.00000,0.00000,0.00000,0.00000,0.00000
94.814,1,94988.000,143438,192000,3999.708,120.0,8,24,2,0.00000,0.00000,0.00000,0.00000,0.00000
94.814,2,94609.000,125237,192000,3999.896,120.0,8,24,2,0.00000,0.00000,0.00000,0.00000,0.00000
94.914,0,94899.000,139159,192000,3999.854,120.0,8,24,2,0.00000,0.00000,0.00000,0.00000,0.00000
94.914,1,95088.000,148269,192000,3999.062,120.0,8,24,2,0.00000,0.00000,0.00000,0.00000,0.00000
94.914,2,94709.000,130049,192000,3999.646,120.0,8,24,2,0.00000,0.00000,0.00000,0.00000,0.00000
95.017,0,95001.000,144073,192000,3999.479,120.0,8,24,2,0.00000,0.00000,0.00000,0.00000,0.00000
95.017,1,95191.000,153193,192000,3999.479,120.0,8,24,2,0.00000,0.00000,0.00000,0.00000,0.00000
95.017,2,94811.000,134953,192000,3999.479,120.0,8,24,2,0.00000,0.00000,0.00000,0.00000,0.00000
95.119,0,95104.000,149003,192000,3999.771,120.0,8,24,2,0.00000,0.00000,0.00000,0.00000,0.00000
95.119,1,95294.000,158133,192000,3999.562,120.0,8,24,2,0.00000,0.00000,0.00000,0.00000,0.00000
95.119,2,94914.000,139873,192000,3999.979,120.0,8,24,2,0.00000,0.00000,0.00000,0.00000,0.00000
95.221,0,95205.000,153862,192000,3999.542,120.0,8,24,2,0.00000,0.00000,0.00000,0.00000,0.00000
95.221,1,95395.000,163001,192000,3999.146,120.0,8,24,2,0.00000,0.00000,0.00000,0.00000,0.00000
95.221,2,95015.000,144722,192000,3999.958,120.0,8,24,2,0.00000,0.00000,0.00000,0.00000,0.00000
95.323,0,95308.000,158784,192000,0.000,120.0,8,24,2,0.00000,0.00000,0.00000,0.00000,0.00000
95.323,1,95498.000,167933,192000,3999.396,120.0,8,24,2,0.00000,0.00000,0.00000,0.00000,0.00000
95.323,2,95117.000,149635,192000,3999.604,120.0,8,24,2,0.00000,0.00000,0.00000,0.00000,0.00000
95.426,0,95410.000,163706,192000,3999.458,120.0,8,24,2,0.00000,0.00000,0.00000,0.00000,0.00000
95.426,1,95601.000,172865,192000,3999.646,120.0,8,24,2,0.00000,0.00000,0.00000,0.00000,0.00000
95.426,2,95219.000,154547,192000,3999.271,120.0,8,24,2,0.00000,0.00000,0.00000,0.00000,0.00000
95.526,0,95510.000,168518,192000,3999.208,120.0,8,24,2,0.00000,0.00000,0.00000,0.00000,0.00000
95.526,1,95701.000,177687,192000,3999.188,120.0,8,24,2,0.00000,0.00000,0.00000,0.00000,0.00000
95.526,2,95319.000,159349,192000,3999.229,120.0,8,24,2,0.00000,0.00000,0.00000,0.00000,0.00000
95.628,0,95613.000,173432,192000,3999.833,120.0,8,24,2,0.00000,0.00000,0.00000,0.00000,0.00000
95.628,1,95804.000,182610,192000,3999.625,120.0,8,24,2,0.00000,0.00000,0.00000,0.00000,0.00000
95.628,2,95421.000,164253,192000,3999.062,120.0,8,24,2,0.00000,0.00000,0.00000,0.00000,0.00000
95.729,0,95713.000,178249,192000,3999.479,120.0,8,24,2,0.00000,0.00000,0.00000,0.00000,0.00000
95.729,1,95904.000,187437,192000,3999.062,120.0,8,24,2,0.00000,0.00000,0.00000,0.00000,0.00000
95.729,2,95522.000,169060,192000,3999.917,120.0,8,24,2,0.00000,0.00000,0.00000,0.00000,0.00000
95.831,0,95816.000,183182,192000,3999.708,120.0,8,24,2,0.00000,0.00000,0.00000,0.00000,0.00000
95.831,1,96007.000,380,192000,3999.083,120.0,8,25,2,0.00000,0.00000,0.00000,0.00000,0.00000
95.831,2,95624.000,173984,192000,3999.333,120.0,8,24,2,0.00000,0.00000,0.00000,0.00000,0.00000
95.933,0,95917.000,188043,192000,3999.438,120.0,8,24,2,0.00000,0.00000,0.00000,0.00000,0.00000
95.933,1,96109.000,5251,192000,3999.604,120.0,8,25,2,0.00000,0.00000,0.00000,0.00000,0.00000
95.933,2,95725.000,178835,192000,3999.271,120.0,8,24,2,0.00000,0.00000,0.00000,0.00000,0.00000
96.034,0,96018.000,909,192000,3999.062,120.0,8,25,2,0.00000,0.00000,0.00000,0.00000,0.00000
96.034,1,96210.000,10127,192000,3999.021,120.0,8,25,2,0.00000,0.00000,0.00000,0.00000,0.00000
96.034,2,95826.000,183692,192000,3999.083,120.0,8,24,2,0.00000,0.00000,0.00000,0.00000,0.00000
96.137,0,96121.000,5833,192000,3999.479,120.0,8,25,2,0.00000,0.00000,0.00000,0.00000,0.00000
96.137,1,96313.000,15061,192000,3999.229,120.0,8,25,2,0.00000,0.00000,0.00000,0.00000,0.00000
96.137,2,95929.000,188606,192000,3999.708,120.0,8,24,2,0.00000,0.00000,0.00000,0.00000,0.00000
96.238,0,96222.000,10686,192000,3999.375,120.0,8,25,2,0.00000,0.00000,0.00000,0.00000,0.00000
96.238,1,96415.000,19923,192000,3999.938,120.0,8,25,2,0.00000,0.00000,0.00000,0.00000,0.00000
96.238,2,96030.000,1449,192000,3999.812,120.0,8,25,2,0.00000,0.00000,0.00000,0.00000,0.00000
96.340,0,96324.000,15598,192000,3999.042,120.0,8,25,2,0.00000,0.00000,0.00000,0.00000,0.00000
96.340,1,96517.000,24845,192000,3999.396,120.0,8,25,2,0.00000,0.00000,0.00000,0.00000,0.00000
96.340,2,96132.000,6351,192000,3999.688,120.0,8,25,2,0.00000,0.00000,0.00000,0.00000,0.00000
96.442,0,96427.000,20506,192000,3999.792,120.0,8,25,2,0.00000,0.00000,0.00000,0.00000,0.00000
96.442,1,96620.000,29763,192000,3999.938,120.0,8,25,2,0.00000,0.00000,0.00000,0.00000,0.00000
96.442,2,96234.000,11249,192000,3999.646,120.0,8,25,2,0.00000,0.00000,0.00000,0.00000,0.00000
96.543,0,96527.000,25330,192000,3999.292,120.0,8,25,2,0.00000,0.00000,0.00000,0.00000,0.00000
96.543,1,96720.000,34597,192000,3999.229,120.0,8,25,2,0.00000,0.00000,0.00000,0.00000,0.00000
96.543,2,96334.000,16064,192000,3999.333,120.0,8,25,2,0.00000,0.00000,0.00000,0.00000,0.00000
96.646,0,96630.000,30266,192000,3999.458,120.0,8,25,2,0.00000,0.00000,0.00000,0.00000,0.00000
96.646,1,96823.000,39543,192000,3999.188,120.0,8,25,2,0.00000,0.00000,0.00000,0.00000,0.00000
96.646,2,96437.000,20990,192000,3999.708,120.0,8,25,2,0.00000,0.00000,0.00000,0.00000,0.00000
96.746,0,96731.000,35091,192000,3999.938,120.0,8,25,2,0.00000,0.00000,0.00000,0.00000,0.00000
96.746,1,96924.000,44377,192000,3999.479,120.0,8,25,2,0.00000,0.00000,0.00000,0.00000,0.00000
96.746,2,96537.000,25805,192000,3999.396,120.0,8,25,2,0.00000,0.00000,0.00000,0.00000,0.00000
96.847,0,96832.000,39951,192000,3999.688,120.0,8,25,2,0.00000,0.00000,0.00000,0.00000,0.00000
96.847,1,97025.000,49247,192000,3999.021,120.0,8,25,2,0.00000,0.00000,0.00000,0.00000,0.00000
96.847,2,96638.000,30655,192000,3999.354,120.0,8,25,2,0.00000,0.00000,0.00000,0.00000,0.00000
96.948,0,96932.000,44780,192000,3999.083,120.0,8,25,2,0.00000,0.00000,0.00000,0.00000,0.00000
96.948,1,97126.000,54086,192000,3999.208,120.0,8,25,2,0.00000,0.00000,0.00000,0.00000,0.00000
96.948,2,96739.000,35475,192000,3999.938,120.0,8,25,2,0.00000,0.00000,0.00000,0.00000,0.00000
97.050,0,97034.000,49676,192000,3999.083,120.0,8,25,2,0.00000,0.00000,0.00000,0.00000,0.00000
97.050,1,97228.000,58991,192000,3999.021,120.0,8,25,2,0.00000,0.00000,0.00000,0.00000,0.00000
97.050,2,96840.000,40361,192000,3999.146,120.0,8,25,2,0.00000,0.00000,0.00000,0.00000,0.00000
97.151,0,97136.000,54531,192000,3999.938,120.0,8,25,2,0.00000,0.00000,0.00000,0.00000,0.00000
97.151,1,97330.000,63855,192000,3999.688,120.0,8,25,2,0.00000,0.00000,0.00000,0.00000,0.00000
97.151,2,96941.000,45206,192000,3999.208,120.0,8,25,2,0.00000,0.00000,0.00000,0.00000,0.00000
97.254,0,97238.000,59447,192000,3999.521,120.0,8,25,2,0.00000,0.00000,0.00000,0.00000,0.00000
97.254,1,97432.000,68782,192000,3999.042,120.0,8,25,2,0.00000,0.00000,0.00000,0.00000,0.00000
97.254,2,97044.000,50113,192000,3999.979,120.0,8,25,2,0.00000,0.00000,0.00000,0.00000,0.00000
97.355,0,97339.000,64300,192000,3999.417,120.0,8,25,2,0.00000,0.00000,0.00000,0.00000,0.00000
97.355,1,97534.000,73645,192000,3999.729,120.0,8,25,2,0.00000,0.00000,0.00000,0.00000,0.00000
97.355,2,97144.000,54956,192000,3999.083,120.0,8,25,2,0.00000,0.00000,0.00000,0.00000,0.00000
97.455,0,97440.000,69136,192000,3999.667,120.0,8,25,2,0.00000,0.00000,0.00000,0.00000,0.00000
97.455,1,97635.000,78490,192000,3999.792,120.0,8,25,2,0.00000,0.00000,0.00000,0.00000,0.00000
97.455,2,97245.000,59782,192000,3999.542,120.0,8,25,2,0.00000,0.00000,0.00000,0.00000,0.00000
97.558,0,97543.000,74083,192000,3999.604,120.0,8,25,2,0.00000,0.00000,0.00000,0.00000,0.00000
97.558,1,97738.000,83447,192000,3999.521,120.0,8,25,2,0.00000,0.00000,0.00000,0.00000,0.00000
97.558,2,97348.000,64719,192000,3999.688,120.0,8,25,2,0.00000,0.00000,0.00000,0.00000,0.00000
97.659,0,97643.000,78891,192000,3999.438,120.0,8,25,2,0.00000,0.00000,0.00000,0.00000,0.00000
97.659,1,97838.000,88265,192000,3999.146,120.0,8,25,2,0.00000,0.00000,0.00000,0.00000,0.00000
97.659,2,97448.000,69518,192000,3999.708,120.0,8,25,2,0.00000,0.00000,0.00000,0.00000,0.00000
97.760,0,97744.000,83753,192000,3999.146,120.0,8,25,2,0.00000,0.00000,0.00000,0.00000,0.00000
97.760,1,97940.000,93136,192000,3999.667,120.0,8,25,2,0.00000,0.00000,0.00000,0.00000,0.00000
97.760,2,97549.000,74370,192000,3999.625,120.0,8,25,2,0.00000,0.00000,0.00000,0.00000,0.00000
97.861,0,97845.000,88588,192000,3999.417,120.0,8,25,2,0.00000,0.00000,0.00000,0.00000,0.00000
97.861,1,98041.000,97981,192000,3999.729,120.0,8,25,2,0.00000,0.00000,0.00000,0.00000,0.00000
97.861,2,97649.000,79195,192000,3999.104,120.0,8,25,2,0.00000,0.00000,0.00000,0.00000,0.00000
97.964,0,97948.000,93529,192000,3999.479,120.0,8,25,2,0.00000,0.00000,0.00000,0.00000,0.00000
97.964,1,98144.000,102932,192000,3999.583,120.0,8,25,2,0.00000,0.00000,0.00000,0.00000,0.00000
97.964,2,97752.000,84127,192000,3999.354,120.0,8,25,2,0.00000,0.00000,0.00000,0.00000,0.00000
98.065,0,98050.000,98410,192000,3999.792,120.0,8,25,2,0.00000,0.00000,0.00000,0.00000,0.00000
98.065,1,98246.000,107823,192000,3999.688,120.0,8,25,2,0.00000,0.00000,0.00000,0.00000,0.00000
98.065,2,97854.000,88998,192000,3999.875,120.0,8,25,2,0.00000,0.00000,0.00000,0.00000,0.00000
98.168,0,98152.000,103338,192000,3999.125,120.0,8,25,2,0.00000,0.00000,0.00000,0.00000,0.00000
98.168,1,98349.000,112760,192000,3999.833,120.0,8,25,2,0.00000,0.00000,0.00000,0.00000,0.00000
98.168,2,97956.000,93915,192000,3999.438,120.0,8,25,2,0.00000,0.00000,0.00000,0.00000,0.00000
98.271,0,98255.000,108268,192000,3999.417,120.0,8,25,2,0.00000,0.00000,0.00000,0.00000,0.00000
98.271,1,98452.000,117700,192000,3999.917,120.0,8,25,2,0.00000,0.00000,0.00000,0.00000,0.00000
98.271,2,98059.000,98835,192000,3999.938,120.0,8,25,2,0.00000,0.00000,0.00000,0.00000,0.00000
98.372,0,98356.000,113126,192000,3999.208,120.0,8,25,2,0.00000,0.00000,0.00000,0.00000,0.00000
98.372,1,98553.000,122568,192000,3999.500,120.0,8,25,2,0.00000,0.00000,0.00000,0.00000,0.00000
98.372,2,98160.000,103684,192000,3999.917,120.0,8,25,2,0.00000,0.00000,0.00000,0.00000,0.00000
98.474,0,98458.000,118019,192000,3999.271,120.0,8,25,2,0.00000,0.00000,0.00000,0.00000,0.00000
98.474,1,98655.000,127470,192000,3999.375,120.0,8,25,2,0.00000,0.00000,0.00000,0.00000,0.00000
98.474,2,98261.000,108567,192000,3999.188,120.0,8,25,2,0.00000,0.00000,0.00000,0.00000,0.00000
98.576,0,98560.000,122910,192000,3999.375,120.0,8,25,2,0.00000,0.00000,0.00000,0.00000,0.00000
98.576,1,98757.000,132372,192000,3999.250,120.0,8,25,2,0.00000,0.00000,0.00000,0.00000,0.00000
98.576,2,98363.000,113449,192000,3999.479,120.0,8,25,2,0.00000,0.00000,0.00000,0.00000,0.00000
98.677,0,98661.000,127752,192000,3999.500,120.0,8,25,2,0.00000,0.00000,0.00000,0.00000,0.00000
98.677,1,98858.000,137223,192000,3999.188,120.0,8,25,2,0.00000,0.00000,0.00000,0.00000,0.00000
98.677,2,98464.000,118281,192000,3999.812,120.0,8,25,2,0.00000,0.00000,0.00000,0.00000,0.00000
98.779,0,98763.000,132660,192000,3999.250,120.0,8,25,2,0.00000,0.00000,0.00000,0.00000,0.00000
98.779,1,98961.000,142141,192000,3999.729,120.0,8,25,2,0.00000,0.00000,0.00000,0.00000,0.00000
98.779,2,98566.000,123179,192000,3999.771,120.0,8,25,2,0.00000,0.00000,0.00000,0.00000,0.00000
98.879,0,98863.000,137466,192000,3999.125,120.0,8,25,2,0.00000,0.00000,0.00000,0.00000,0.00000
98.879,1,99061.000,146957,192000,3999.396,120.0,8,25,2,0.00000,0.00000,0.00000,0.00000,0.00000
98.879,2,98666.000,127975,192000,3999.854,120.0,8,25,2,0.00000,0.00000,0.00000,0.00000,0.00000
98.980,0,98964.000,142305,192000,3999.312,120.0,8,25,2,0.00000,0.00000,0.00000,0.00000,0.00000
98.980,1,99162.000,151805,192000,3999.396,120.0,8,25,2,0.00000,0.00000,0.00000,0.00000,0.00000
98.980,2,98766.000,132804,192000,3999.250,120.0,8,25,2,0.00000,0.00000,0.00000,0.00000,0.00000
99.081,0,99066.000,147187,192000,3999.604,120.0,8,25,2,0.00000,0.00000,0.00000,0.00000,0.00000
99.081,1,99264.000,156697,192000,3999.479,120.0,8,25,2,0.00000,0.00000,0.00000,0.00000,0.00000
99.081,2,98868.000,137676,192000,3999.750,120.0,8,25,2,0.00000,0.00000,0.00000,0.00000,0.00000
99.183,0,99168.000,152065,192000,3999.979,120.0,8,25,2,0.00000,0.00000,0.00000,0.00000,0.00000
99.183,1,99366.000,161585,192000,3999.646,120.0,8,25,2,0.00000,0.00000,0.00000,0.00000,0.00000
99.183,2,98969.000,142545,192000,3999.312,120.0,8,25,2,0.00000,0.00000,0.00000,0.00000,0.00000
99.285,0,99270.000,156978,192000,3999.625,120.0,8,25,2,0.00000,0.00000,0.00000,0.00000,0.00000
99.285,1,99468.000,166508,192000,3999.083,120.0,8,25,2,0.00000,0.00000,0.00000,0.00000,0.00000
99.285,2,99071.000,147448,192000,3999.167,120.0,8,25,2,0.00000,0.00000,0.00000,0.00000,0.00000
99.386,0,99371.000,161820,192000,3999.750,120.0,8,25,2,0.00000,0.00000,0.00000,0.00000,0.00000
99.386,1,99569.000,171359,192000,3999.021,120.0,8,25,2,0.00000,0.00000,0.00000,0.00000,0.00000
99.386,2,99172.000,152280,192000,3999.500,120.0,8,25,2,0.00000,0.00000,0.00000,0.00000,0.00000
99.487,0,99471.000,166641,192000,3999.312,120.0,8,25,2,0.00000,0.00000,0.00000,0.00000,0.00000
99.487,1,99670.000,176190,192000,3999.375,120.0,8,25,2,0.00000,0.00000,0.00000,0.00000,0.00000
99.487,2,99272.000,157092,192000,3999.250,120.0,8,25,2,0.00000,0.00000,0.00000,0.00000,0.00000
99.588,0,99573.000,171517,192000,3999.729,120.0,8,25,2,0.00000,0.00000,0.00000,0.00000,0.00000
99.588,1,99772.000,181076,192000,3999.583,120.0,8,25,2,0.00000,0.00000,0.00000,0.00000,0.00000
99.588,2,99374.000,161959,192000,3999.854,120.0,8,25,2,0.00000,0.00000,0.00000,0.00000,0.00000
99.690,0,99674.000,176387,192000,3999.271,120.0,8,25,2,0.00000,0.00000,0.00000,0.00000,0.00000
99.690,1,99874.000,185956,192000,3999.917,120.0,8,25,2,0.00000,0.00000,0.00000,0.00000,0.00000
99.690,2,99475.000,166819,192000,3999.604,120.0,8,25,2,0.00000,0.00000,0.00000,0.00000,0.00000
99.792,0,99776.000,181270,192000,3999.542,120.0,8,25,2,0.00000,0.00000,0.00000,0.00000,0.00000
99.792,1,99976.000,190848,192000,0.000,120.0,8,25,2,0.00000,0.00000,0.00000,0.00000,0.00000
99.792,2,99576.000,171691,192000,3999.104,120.0,8,25,2,0.00000,0.00000,0.00000,0.00000,0.00000
99.892,0,99877.000,186100,192000,3999.917,120.0,8,25,2,0.00000,0.00000,0.00000,0.00000,0.00000
99.892,1,100076.000,3688,192000,3999.167,120.0,8,26,2,0.00000,0.00000,0.00000,0.00000,0.00000
99.892,2,99677.000,176512,192000,3999.667,120.0,8,25,2,0.00000,0.00000,0.00000,0.00000,0.00000
99.993,0,99977.000,190926,192000,3999.375,120.0,8,25,2,0.00000,0.00000,0.00000,0.00000,0.00000
99.993,1,100177.000,8523,192000,3999.438,120.0,8,26,2,0.00000,0.00000,0.00000,0.00000,0.00000
99.993,2,99777.000,181328,192000,3999.333,120.0,8,25,2,0.00000,0.00000,0.00000,0.00000,0.00000
100.093,0,100078.000,3755,192000,3999.771,120.0,8,26,2,0.00000,0.00000,0.00000,0.00000,0.00000
100.093,1,100278.000,13362,192000,3999.625,120.0,8,26,2,0.00000,0.00000,0.00000,0.00000,0.00000
100.093,2,99878.000,186148,192000,3999.917,120.0,8,25,2,0.00000,0.00000,0.00000,0.00000,0.00000
100.194,0,100179.000,8608,192000,3999.667,120.0,8,26,2,0.00000,0.00000,0.00000,0.00000,0.00000
100.194,1,100379.000,18225,192000,3999.312,120.0,8,26,2,0.00000,0.00000,0.00000,0.00000,0.00000
100.194,2,99978.000,190991,192000,3999.021,120.0,8,25,2,0.00000,0.00000,0.00000,0.00000,0.00000
100.297,0,100281.000,13521,192000,3999.312,120.0,8,26,2,0.00000,0.00000,0.00000,0.00000,0.00000
100.297,1,100482.000,23148,192000,3999.750,120.0,8,26,2,0.00000,0.00000,0.00000,0.00000,0.00000
100.297,2,100081.000,3894,192000,3999.875,120.0,8,26,2,0.09843,0.09828,0.09843,0.00000,0.00000
100.399,0,100384.000,18434,192000,3999.958,120.0,8,26,2,0.00000,0.00000,0.00000,0.00000,0.00000
100.399,1,100584.000,28070,192000,3999.208,120.0,8,26,2,0.00000,0.00000,0.00000,0.00000,0.00000
100.399,2,100183.000,8797,192000,3999.729,120.0,8,26,2,0.06436,0.06427,0.06436,0.00000,0.00000
100.499,0,100484.000,23251,192000,3999.604,120.0,8,26,2,0.00000,0.00000,0.00000,0.00000,0.00000
100.499,1,100685.000,32898,192000,3999.625,120.0,8,26,2,0.00000,0.00000,0.00000,0.00000,0.00000
100.499,2,100283.000,13605,192000,3999.562,120.0,8,26,2,0.04244,0.04237,0.04244,0.00000,0.00000
100.601,0,100586.000,28129,192000,3999.979,120.0,8,26,2,0.00000,0.00000,0.00000,0.00000,0.00000
100.601,1,100787.000,37785,192000,3999.812,120.0,8,26,2,0.00000,0.00000,0.00000,0.00000,0.00000
100.601,2,100384.000,18473,192000,3999.146,120.0,8,26,2,0.02783,0.02779,0.02783,0.00000,0.00000
100.702,0,100686.000,32949,192000,3999.562,120.0,8,26,2,0.00000,0.00000,0.00000,0.00000,0.00000
100.702,1,100887.000,42615,192000,3999.188,120.0,8,26,2,0.00000,0.00000,0.00000,0.00000,0.00000
100.702,2,100485.000,23283,192000,3999.938,120.0,8,26,2,0.01835,0.01832,0.01835,0.00000,0.00000
100.802,0,100787.000,37786,192000,3999.792,120.0,8,26,2,0.00000,0.00000,0.00000,0.00000,0.00000
100.802,1,100988.000,47461,192000,3999.229,120.0,8,26,2,0.00000,0.00000,0.00000,0.00000,0.00000
100.802,2,100585.000,28110,192000,3999.375,120.0,8,26,2,0.01208,0.01206,0.01208,0.00000,0.00000
100.904,0,100889.000,42678,192000,3999.875,120.0,8,26,2,0.00000,0.00000,0.00000,0.00000,0.00000
100.904,1,101090.000,52363,192000,3999.104,120.0,8,26,2,0.00000,0.00000,0.00000,0.00000,0.00000
100.904,2,100687.000,32992,192000,3999.667,120.0,8,26,2,0.00791,0.00790,0.00791,0.00000,0.00000
101.004,0,100989.000,47491,192000,3999.604,120.0,8,26,2,0.00000,0.00000,0.00000,0.00000,0.00000
101.004,1,101191.000,57186,192000,3999.625,120.0,8,26,2,0.00000,0.00000,0.00000,0.00000,0.00000
101.004,2,100787.000,37796,192000,3999.583,120.0,8,26,2,0.00522,0.00521,0.00522,0.00000,0.00000
101.106,0,101091.000,52378,192000,3999.792,120.0,8,26,2,0.00000,0.00000,0.00000,0.00000,0.00000
101.106,1,101293.000,62083,192000,3999.604,120.0,8,26,2,0.00000,0.00000,0.00000,0.00000,0.00000
101.106,2,100889.000,42674,192000,3999.958,120.0,8,26,2,0.00342,0.00341,0.00342,0.00000,0.00000
101.206,0,101191.000,57180,192000,3999.750,120.0,8,26,2,0.00000,0.00000,0.00000,0.00000,0.00000
101.206,1,101393.000,66894,192000,3999.375,120.0,8,26,2,0.00000,0.00000,0.00000,0.00000,0.00000
101.206,2,100988.000,47466,192000,3999.125,120.0,8,26,2,0.00226,0.00225,0.00226,0.00000,0.00000
101.307,0,101291.000,61994,192000,3999.458,120.0,8,26,2,0.00000,0.00000,0.00000,0.00000,0.00000
101.307,1,101494.000,71718,192000,3999.875,120.0,8,26,2,0.00000,0.00000,0.00000,0.00000,0.00000
101.307,2,101088.000,52271,192000,3999.021,120.0,8,26,2,0.00149,0.00149,0.00149,0.00000,0.00000
101.408,0,101392.000,66838,192000,3999.542,120.0,8,26,2,0.00000,0.00000,0.00000,0.00000,0.00000
101.408,1,101595.000,76572,192000,3999.750,120.0,8,26,2,0.00000,0.00000,0.00000,0.00000,0.00000
101.408,2,101189.000,57105,192000,3999.312,120.0,8,26,2,0.00098,0.00098,0.00098,0.00000,0.00000
101.508,0,101493.000,71678,192000,3999.708,120.0,8,26,2,0.00000,0.00000,0.00000,0.00000,0.00000
101.508,1,101696.000,81421,192000,3999.729,120.0,8,26,2,0.00000,0.00000,0.00000,0.00000,0.00000
101.508,2,101290.000,61935,192000,3999.688,120.0,8,26,2,0.00064,0.00064,0.00064,0.00000,0.00000
101.611,0,101595.000,76590,192000,3999.375,120.0,8,26,2,0.00000,0.00000,0.00000,0.00000,0.00000
101.611,1,101798.000,86343,192000,3999.188,120.0,8,26,2,0.00000,0.00000,0.00000,0.00000,0.00000
101.611,2,101392.000,66837,192000,3999.562,120.0,8,26,2,0.00042,0.00042,0.00042,0.00000,0.00000
101.711,0,101696.000,81424,192000,3999.667,120.0,8,26,2,0.00000,0.00000,0.00000,0.00000,0.00000
101.711,1,101899.000,91187,192000,3999.271,120.0,8,26,2,0.00000,0.00000,0.00000,0.00000,0.00000
101.711,2,101492.000,71662,192000,3999.042,120.0,8,26,2,0.00028,0.00028,0.00028,0.00000,0.00000
101.814,0,101799.000,86359,192000,3999.854,120.0,8,26,2,0.00000,0.00000,0.00000,0.00000,0.00000
101.814,1,102002.000,96132,192000,3999.250,120.0,8,26,2,0.00000,0.00000,0.00000,0.00000,0.00000
101.814,2,101595.000,76587,192000,3999.438,120.0,8,26,2,0.00018,0.00018,0.00018,0.00000,0.00000
101.917,0,101901.000,91291,192000,3999.104,120.0,8,26,2,0.00000,0.00000,0.00000,0.00000,0.00000
101.917,1,102105.000,101074,192000,3999.292,120.0,8,26,2,0.00000,0.00000,0.00000,0.00000,0.00000
101.917,2,101698.000,81509,192000,3999.896,120.0,8,26,2,0.00012,0.00012,0.00012,0.00000,0.00000
102.020,0,102004.000,96223,192000,3999.354,120.0,8,26,2,0.00000,0.00000,0.00000,0.00000,0.00000
102.020,1,102208.000,106015,192000,3999.354,120.0,8,26,2,0.00000,0.00000,0.00000,0.00000,0.00000
102.020,2,101800.000,86430,192000,3999.375,120.0,8,26,2,0.00008,0.00008,0.00008,0.00000,0.00000
102.122,0,102107.000,101141,192000,3999.896,120.0,8,26,2,0.00000,0.00000,0.00000,0.00000,0.00000
102.122,1,102311.000,110943,192000,3999.688,120.0,8,26,2,0.00000,0.00000,0.00000,0.00000,0.00000
102.122,2,101902.000,91339,192000,3999.104,120.0,8,26,2,0.00005,0.00005,0.00005,0.00000,0.00000
102.225,0,102210.000,106081,192000,3999.979,120.0,8,26,2,0.00000,0.00000,0.00000,0.00000,0.00000
102.225,1,102414.000,115893,192000,3999.562,120.0,8,26,2,0.00000,0.00000,0.00000,0.00000,0.00000
102.225,2,102005.000,96269,192000,3999.396,120.0,8,26,2,0.00003,0.00003,0.00003,0.00000,0.00000
102.327,0,102312.000,110990,192000,3999.708,120.0,8,26,2,0.00000,0.00000,0.00000,0.00000,0.00000
102.327,1,102516.000,120811,192000,3999.104,120.0,8,26,2,0.00000,0.00000,0.00000,0.00000,0.00000
102.327,2,102107.000,101168,192000,3999.333,120.0,8,26,2,0.00002,0.00002,0.00002,0.00000,0.00000
102.428,0,102413.000,115832,192000,3999.833,120.0,8,26,2,0.00000,0.00000,0.00000,0.00000,0.00000
102.428,1,102617.000,125663,192000,3999.021,120.0,8,26,2,0.00000,0.00000,0.00000,0.00000,0.00000
102.428,2,102208.000,106000,192000,3999.667,120.0,8,26,2,0.00001,0.00001,0.00001,0.00000,0.00000
102.531,0,102515.000,120757,192000,3999.229,120.0,8,26,2,0.00000,0.00000,0.00000,0.00000,0.00000
102.531,1,102720.000,130598,192000,3999.208,120.0,8,26,2,0.00000,0.00000,0.00000,0.00000,0.00000
102.531,2,102310.000,110915,192000,3999.271,120.0,8,26,2,0.00001,0.00001,0.00001,0.00000,0.00000
102.631,0,102616.000,125575,192000,3999.854,120.0,8,26,2,0.00000,0.00000,0.00000,0.00000,0.00000
102.631,1,102821.000,135426,192000,3999.625,120.0,8,26,2,0.00000,0.00000,0.00000,0.00000,0.00000
102.631,2,102410.000,115724,192000,3999.083,120.0,8,26,2,0.00001,0.00001,0.00001,0.00000,0.00000
102.732,0,102716.000,130399,192000,3999.354,120.0,8,26,2,0.00000,0.00000,0.00000,0.00000,0.00000
102.732,1,102922.000,140260,192000,3999.917,120.0,8,26,2,0.00000,0.00000,0.00000,0.00000,0.00000
102.732,2,102511.000,120539,192000,3999.771,120.0,8,26,2,0.00000,0.00000,0.00000,0.00000,0.00000
102.835,0,102819.000,135334,192000,3999.542,120.0,8,26,2,0.00000,0.00000,0.00000,0.00000,0.00000
102.835,1,103025.000,145205,192000,3999.896,120.0,8,26,2,0.00000,0.00000,0.00000,0.00000,0.00000
102.835,2,102613.000,125464,192000,3999.167,120.0,8,26,2,0.00000,0.00000,0.00000,0.00000,0.00000
102.936,0,102920.000,140190,192000,3999.375,120.0,8,26,2,0.00000,0.00000,0.00000,0.00000,0.00000
102.936,1,103126.000,150070,192000,3999.542,120.0,8,26,2,0.00000,0.00000,0.00000,0.00000,0.00000
102.936,2,102714.000,130310,192000,3999.208,120.0,8,26,2,0.00000,0.00000,0.00000,0.00000,0.00000
103.038,0,103023.000,145115,192000,3999.771,120.0,8,26,2,0.00000,0.00000,0.00000,0.00000,0.00000
103.038,1,103229.000,155005,192000,3999.729,120.0,8,26,2,0.00000,0.00000,0.00000,0.00000,0.00000
103.038,2,102817.000,135225,192000,3999.812,120.0,8,26,2,0.00000,0.00000,0.00000,0.00000,0.00000
103.140,0,103124.000,149991,192000,3999.188,120.0,8,26,2,0.00000,0.00000,0.00000,0.00000,0.00000
103.140,1,103331.000,159890,192000,3999.958,120.0,8,26,2,0.00000,0.00000,0.00000,0.00000,0.00000
103.140,2,102918.000,140091,192000,3999.438,120.0,8,26,2,0.00000,0.00000,0.00000,0.00000,0.00000
103.242,0,103226.000,154870,192000,3999.542,120.0,8,26,2,0.00000,0.00000,0.00000,0.00000,0.00000
103.242,1,103432.000,164780,192000,3999.083,120.0,8,26,2,0.00000,0.00000,0.00000,0.00000,0.00000
103.242,2,103020.000,144960,192000,0.000,120.0,8,26,2,0.00000,0.00000,0.00000,0.00000,0.00000
103.344,0,103328.000,159791,192000,3999.021,120.0,8,26,2,0.00000,0.00000,0.00000,0.00000,0.00000
103.344,1,103535.000,169710,192000,3999.375,120.0,8,26,2,0.00000,0.00000,0.00000,0.00000,0.00000
103.344,2,103122.000,149871,192000,3999.688,120.0,8,26,2,0.00000,0.00000,0.00000,0.00000,0.00000
103.447,0,103431.000,164729,192000,3999.146,120.0,8,26,2,0.00000,0.00000,0.00000,0.00000,0.00000
103.447,1,103638.000,174659,192000,3999.271,120.0,8,26,2,0.00000,0.00000,0.00000,0.00000,0.00000
103.447,2,103225.000,154800,192000,0.000,120.0,8,26,2,0.00000,0.00000,0.00000,0.00000,0.00000
103.547,0,103531.000,169534,192000,3999.042,120.0,8,26,2,0.00000,0.00000,0.00000,0.00000,0.00000
103.547,1,103739.000,179472,192000,0.000,120.0,8,26,2,0.00000,0.00000,0.00000,0.00000,0.00000
103.547,2,103324.000,159595,192000,3999.104,120.0,8,26,2,0.00000,0.00000,0.00000,0.00000,0.00000
103.647,0,103632.000,174344,192000,3999.833,120.0,8,26,2,0.00000,0.00000,0.00000,0.00000,0.00000
103.647,1,103839.000,184293,192000,3999.562,120.0,8,26,2,0.00000,0.00000,0.00000,0.00000,0.00000
103.647,2,103424.000,164396,192000,3999.083,120.0,8,26,2,0.00000,0.00000,0.00000,0.00000,0.00000
103.748,0,103732.000,179162,192000,3999.458,120.0,8,26,2,0.00000,0.00000,0.00000,0.00000,0.00000
103.748,1,103940.000,189120,192000,0.000,120.0,8,26,2,0.00000,0.00000,0.00000,0.00000,0.00000
103.748,2,103525.000,169204,192000,3999.917,120.0,8,26,2,0.00000,0.00000,0.00000,0.00000,0.00000
103.849,0,103833.000,184008,192000,3999.500,120.0,8,26,2,0.00000,0.00000,0.00000,0.00000,0.00000
103.849,1,104041.000,1976,192000,3999.833,120.0,8,27,2,0.11654,0.11654,0.11625,0.00000,0.00000
103.849,2,103625.000,174040,192000,3999.167,120.0,8,26,2,0.00000,0.00000,0.00000,0.00000,0.00000
103.951,0,103935.000,188910,192000,3999.375,120.0,8,26,2,0.00000,0.00000,0.00000,0.00000,0.00000
103.951,1,104143.000,6888,192000,3999.500,120.0,8,27,2,0.07614,0.07614,0.07595,0.00000,0.00000
103.951,2,103727.000,178933,192000,3999.229,120.0,8,26,2,0.00000,0.00000,0.00000,0.00000,0.00000
104.063,0,104047.000,2297,192000,3999.146,120.0,8,27,2,0.11319,0.11308,0.11319,0.00000,0.00000
104.063,1,104255.000,12285,192000,3999.062,120.0,8,27,2,0.04770,0.04770,0.04759,0.00000,0.00000
104.063,2,103839.000,184309,192000,3999.229,120.0,8,26,2,0.00000,0.00000,0.00000,0.00000,0.00000
104.165,0,104150.000,7218,192000,3999.625,120.0,8,27,2,0.07390,0.07383,0.07390,0.00000,0.00000
104.165,1,104358.000,17216,192000,3999.333,120.0,8,27,2,0.03112,0.03112,0.03104,0.00000,0.00000
104.165,2,103942.000,189220,192000,3999.917,120.0,8,26,2,0.00000,0.00000,0.00000,0.00000,0.00000
104.268,0,104252.000,12136,192000,3999.167,120.0,8,27,2,0.04826,0.04821,0.04826,0.00000,0.00000
104.268,1,104461.000,22145,192000,3999.646,120.0,8,27,2,0.02030,0.02030,0.02025,0.00000,0.00000
104.268,2,104044.000,2128,192000,3999.667,120.0,8,27,2,0.00000,0.00000,0.00000,0.00000,0.00000
104.368,0,104353.000,16955,192000,3999.771,120.0,8,27,2,0.03179,0.03176,0.03179,0.00000,0.00000
104.368,1,104561.000,26973,192000,3999.062,120.0,8,27,2,0.01336,0.01336,0.01333,0.00000,0.00000
104.368,2,104144.000,6937,192000,3999.479,120.0,8,27,2,0.00000,0.00000,0.00000,0.00000,0.00000
104.469,0,104453.000,21786,192000,3999.125,120.0,8,27,2,0.02091,0.02089,0.02091,0.00000,0.00000
104.469,1,104662.000,31813,192000,3999.229,120.0,8,27,2,0.00878,0.00878,0.00876,0.00000,0.00000
104.469,2,104244.000,11758,192000,3999.042,120.0,8,27,2,0.00000,0.00000,0.00000,0.00000,0.00000
104.572,0,104557.000,26737,192000,3999.979,120.0,8,27,2,0.01362,0.01361,0.01362,0.00000,0.00000
104.572,1,104766.000,36774,192000,3999.875,120.0,8,27,2,0.00572,0.00572,0.00570,0.00000,0.00000
104.572,2,104347.000,16699,192000,3999.104,120.0,8,27,2,0.00000,0.00000,0.00000,0.00000,0.00000
104.672,0,104657.000,31537,192000,3999.979,120.0,8,27,2,0.00899,0.00898,0.00899,0.00000,0.00000
104.672,1,104866.000,41584,192000,3999.667,120.0,8,27,2,0.00377,0.00377,0.00376,0.00000,0.00000
104.672,2,104447.000,21491,192000,3999.271,120.0,8,27,2,0.00000,0.00000,0.00000,0.00000,0.00000
104.773,0,104757.000,36381,192000,3999.062,120.0,8,27,2,0.00591,0.00590,0.00591,0.00000,0.00000
104.773,1,104967.000,46438,192000,3999.542,120.0,8,27,2,0.00247,0.00247,0.00247,0.00000,0.00000
104.773,2,104548.000,26325,192000,3999.562,120.0,8,27,2,0.00000,0.00000,0.00000,0.00000,0.00000
104.874,0,104859.000,41235,192000,3999.938,120.0,8,27,2,0.00388,0.00387,0.00388,0.00000,0.00000
104.874,1,105068.000,51302,192000,3999.208,120.0,8,27,2,0.00162,0.00162,0.00162,0.00000,0.00000
104.874,2,104649.000,31169,192000,3999.646,120.0,8,27,2,0.00000,0.00000,0.00000,0.00000,0.00000
104.976,0,104960.000,46106,192000,3999.458,120.0,8,27,2,0.00254,0.00254,0.00254,0.00000,0.00000
104.976,1,105170.000,56182,192000,3999.542,120.0,8,27,2,0.00106,0.00106,0.00106,0.00000,0.00000
104.976,2,104750.000,36030,192000,3999.375,120.0,8,27,2,0.00000,0.00000,0.00000,0.00000,0.00000
105.078,0,105063.000,51025,192000,3999.979,120.0,8,27,2,0.00166,0.00166,0.00166,0.00000,0.00000
105.078,1,105273.000,61110,192000,3999.875,120.0,8,27,2,0.00069,0.00069,0.00069,0.00000,0.00000
105.078,2,104852.000,40939,192000,3999.104,120.0,8,27,2,0.00000,0.00000,0.00000,0.00000,0.00000
105.180,0,105165.000,55931,192000,3999.771,120.0,8,27,2,0.00109,0.00108,0.00109,0.00000,0.00000
105.180,1,105375.000,66026,192000,3999.458,120.0,8,27,2,0.00045,0.00045,0.00045,0.00000,0.00000
105.180,2,104954.000,45835,192000,3999.104,120.0,8,27,2,0.00000,0.00000,0.00000,0.00000,0.00000
105.282,0,105266.000,60799,192000,3999.354,120.0,8,27,2,0.00071,0.00071,0.00071,0.00000,0.00000
105.282,1,105477.000,70904,192000,3999.833,120.0,8,27,2,0.00030,0.00030,0.00030,0.00000,0.00000
105.282,2,105056.000,50694,192000,3999.875,120.0,8,27,2,0.00000,0.00000,0.00000,0.00000,0.00000
105.382,0,105367.000,65627,192000,3999.771,120.0,8,27,2,0.00047,0.00047,0.00047,0.00000,0.00000
105.382,1,105577.000,75743,192000,3999.021,120.0,8,27,2,0.00020,0.00020,0.00019,0.00000,0.00000
105.382,2,105156.000,55512,192000,3999.500,120.0,8,27,2,0.00000,0.00000,0.00000,0.00000,0.00000
105.484,0,105468.000,70499,192000,3999.271,120.0,8,27,2,0.00031,0.00031,0.00031,0.00000,0.00000
105.484,1,105679.000,80624,192000,3999.333,120.0,8,27,2,0.00013,0.00013,0.00013,0.00000,0.00000
105.484,2,105257.000,60374,192000,3999.208,120.0,8,27,2,0.00000,0.00000,0.00000,0.00000,0.00000
105.587,0,105571.000,75433,192000,3999.479,120.0,8,27,2,0.00020,0.00020,0.00020,0.00000,0.00000
105.587,1,105782.000,85567,192000,3999.354,120.0,8,27,2,0.00008,0.00008,0.00008,0.00000,0.00000
105.587,2,105360.000,65298,192000,3999.625,120.0,8,27,2,0.00000,0.00000,0.00000,0.00000,0.00000
105.687,0,105672.000,80272,192000,3999.667,120.0,8,27,2,0.00013,0.00013,0.00013,0.00000,0.00000
105.687,1,105883.000,90417,192000,3999.312,120.0,8,27,2,0.00005,0.00005,0.00005,0.00000,0.00000
105.687,2,105461.000,70128,192000,0.000,120.0,8,27,2,0.00000,0.00000,0.00000,0.00000,0.00000
105.790,0,105774.000,85181,192000,3999.396,120.0,8,27,2,0.00009,0.00009,0.00009,0.00000,0.00000
105.790,1,105986.000,95336,192000,3999.833,120.0,8,27,2,0.00004,0.00004,0.00004,0.00000,0.00000
105.790,2,105563.000,75027,192000,3999.938,120.0,8,27,2,0.00000,0.00000,0.00000,0.00000,0.00000
105.892,0,105876.000,90080,192000,3999.333,120.0,8,27,2,0.00006,0.00006,0.00006,0.00000,0.00000
105.892,1,106088.000,100244,192000,3999.583,120.0,8,27,2,0.00002,0.00002,0.00002,0.00000,0.00000
105.892,2,105664.000,79916,192000,3999.083,120.0,8,27,2,0.00000,0.00000,0.00000,0.00000,0.00000
105.994,0,105978.000,94990,192000,3999.042,120.0,8,27,2,0.00004,0.00004,0.00004,0.00000,0.00000
105.994,1,106190.000,105164,192000,3999.083,120.0,8,27,2,0.00002,0.00002,0.00002,0.00000,0.00000
105.994,2,105767.000,84816,192000,0.000,120.0,8,27,2,0.00000,0.00000,0.00000,0.00000,0.00000
106.097,0,106081.000,99932,192000,3999.083,120.0,8,27,2,0.00002,0.00002,0.00002,0.00000,0.00000
106.097,1,106294.000,110115,192000,3999.938,120.0,8,27,2,0.00001,0.00001,0.00001,0.00000,0.00000
106.097,2,105869.000,89748,192000,3999.250,120.0,8,27,2,0.00000,0.00000,0.00000,0.00000,0.00000
106.200,0,106184.000,104867,192000,3999.271,120.0,8,27,2,0.00002,0.00002,0.00002,0.00000,0.00000
106.200,1,106397.000,115061,192000,3999.896,120.0,8,27,2,0.00001,0.00001,0.00001,0.00000,0.00000
106.200,2,105972.000,94674,192000,3999.625,120.0,8,27,2,0.00000,0.00000,0.00000,0.00000,0.00000
106.300,0,106285.000,109684,192000,3999.917,120.0,8,27,2,0.00001,0.00001,0.00001,0.00000,0.00000
106.300,1,106497.000,119887,192000,3999.354,120.0,8,27,2,0.00000,0.00000,0.00000,0.00000,0.00000
106.300,2,106072.000,99481,192000,3999.479,120.0,8,27,2,0.00000,0.00000,0.00000,0.00000,0.00000
106.403,0,106387.000,114597,192000,3999.562,120.0,8,27,2,0.00001,0.00001,0.00001,0.00000,0.00000
106.403,1,106600.000,124810,192000,3999.792,120.0,8,27,2,0.00000,0.00000,0.00000,0.00000,0.00000
106.403,2,106174.000,104384,192000,3999.333,120.0,8,27,2,0.00000,0.00000,0.00000,0.00000,0.00000
106.504,0,106488.000,119463,192000,3999.188,120.0,8,27,2,0.00000,0.00000,0.00000,0.00000,0.00000
106.504,1,106701.000,129685,192000,3999.229,120.0,8,27,2,0.00000,0.00000,0.00000,0.00000,0.00000
106.504,2,106275.000,109240,192000,3999.167,120.0,8,27,2,0.00000,0.00000,0.00000,0.00000,0.00000
106.605,0,106589.000,124316,192000,3999.083,120.0,8,27,2,0.00000,0.00000,0.00000,0.00000,0.00000
106.605,1,106803.000,134548,192000,3999.917,120.0,8,27,2,0.00000,0.00000,0.00000,0.00000,0.00000
106.605,2,106376.000,114083,192000,3999.271,120.0,8,27,2,0.00000,0.00000,0.00000,0.00000,0.00000
106.706,0,106691.000,129186,192000,3999.625,120.0,8,27,2,0.00000,0.00000,0.00000,0.00000,0.00000
106.706,1,106904.000,139428,192000,3999.250,120.0,8,27,2,0.00000,0.00000,0.00000,0.00000,0.00000
106.706,2,106478.000,118944,192000,0.000,120.0,8,27,2,0.00000,0.00000,0.00000,0.00000,0.00000
106.809,0,106794.000,134119,192000,3999.854,120.0,8,27,2,0.00000,0.00000,0.00000,0.00000,0.00000
106.809,1,107007.000,144371,192000,3999.271,120.0,8,27,2,0.00000,0.00000,0.00000,0.00000,0.00000
106.809,2,106580.000,123867,192000,3999.438,120.0,8,27,2,0.00000,0.00000,0.00000,0.00000,0.00000
106.912,0,106896.000,139054,192000,3999.042,120.0,8,27,2,0.00000,0.00000,0.00000,0.00000,0.00000
106.912,1,107110.000,149316,192000,3999.250,120.0,8,27,2,0.00000,0.00000,0.00000,0.00000,0.00000
106.912,2,106683.000,128792,192000,3999.833,120.0,8,27,2,0.00000,0.00000,0.00000,0.00000,0.00000
107.015,0,106999.000,143982,192000,3999.375,120.0,8,27,2,0.00000,0.00000,0.00000,0.00000,0.00000
107.015,1,107213.000,154254,192000,3999.375,120.0,8,27,2,0.00000,0.00000,0.00000,0.00000,0.00000
107.015,2,106785.000,133710,192000,3999.375,120.0,8,27,2,0.00000,0.00000,0.00000,0.00000,0.00000
107.117,0,107102.000,148896,192000,0.000,120.0,8,27,2,0.00000,0.00000,0.00000,0.00000,0.00000
107.117,1,107316.000,159177,192000,3999.812,120.0,8,27,2,0.00000,0.00000,0.00000,0.00000,0.00000
107.117,2,106887.000,138614,192000,3999.208,120.0,8,27,2,0.00000,0.00000,0.00000,0.00000,0.00000
107.220,0,107204.000,153822,192000,3999.375,120.0,8,27,2,0.00000,0.00000,0.00000,0.00000,0.00000
107.220,1,107419.000,164113,192000,3999.979,120.0,8,27,2,0.00000,0.00000,0.00000,0.00000,0.00000
107.220,2,106990.000,143531,192000,3999.771,120.0,8,27,2,0.00000,0.00000,0.00000,0.00000,0.00000
107.323,0,107307.000,158771,192000,3999.271,120.0,8,27,2,0.00000,0.00000,0.00000,0.00000,0.00000
107.323,1,107522.000,169073,192000,3999.646,120.0,8,27,2,0.00000,0.00000,0.00000,0.00000,0.00000
107.323,2,107093.000,148470,192000,3999.875,120.0,8,27,2,0.00000,0.00000,0.00000,0.00000,0.00000
107.426,0,107410.000,163710,192000,3999.375,120.0,8,27,2,0.00000,0.00000,0.00000,0.00000,0.00000
107.426,1,107625.000,174021,192000,3999.562,120.0,8,27,2,0.00000,0.00000,0.00000,0.00000,0.00000
107.426,2,107195.000,153399,192000,3999.188,120.0,8,27,2,0.00000,0.00000,0.00000,0.00000,0.00000
107.527,0,107512.000,168590,192000,3999.708,120.0,8,27,2,0.00000,0.00000,0.00000,0.00000,0.00000
107.527,1,107727.000,178911,192000,3999.688,120.0,8,27,2,0.00000,0.00000,0.00000,0.00000,0.00000
107.527,2,107297.000,158269,192000,3999.729,120.0,8,27,2,0.00000,0.00000,0.00000,0.00000,0.00000
107.629,0,107613.000,173459,192000,3999.271,120.0,8,27,2,0.00000,0.00000,0.00000,0.00000,0.00000
107.629,1,107828.000,183789,192000,3999.062,120.0,8,27,2,0.00000,0.00000,0.00000,0.00000,0.00000
107.629,2,107398.000,163128,192000,3999.500,120.0,8,27,2,0.00000,0.00000,0.00000,0.00000,0.00000
107.730,0,107715.000,178321,192000,3999.979,120.0,8,27,2,0.00000,0.00000,0.00000,0.00000,0.00000
107.730,1,107930.000,188662,192000,3999.542,120.0,8,27,2,0.00000,0.00000,0.00000,0.00000,0.00000
107.730,2,107499.000,167981,192000,3999.396,120.0,8,27,2,0.00000,0.00000,0.00000,0.00000,0.00000
107.832,0,107816.000,183189,192000,3999.562,120.0,8,27,2,0.00000,0.00000,0.00000,0.00000,0.00000
107.832,1,108032.000,1539,192000,3999.938,120.0,8,28,2,0.00000,0.00000,0.00000,0.00000,0.00000
107.832,2,107600.000,172839,192000,3999.188,120.0,8,27,2,0.00000,0.00000,0.00000,0.00000,0.00000
107.934,0,107918.000,188105,192000,3999.146,120.0,8,27,2,0.00000,0.00000,0.00000,0.00000,0.00000
107.934,1,108134.000,6465,192000,3999.312,120.0,8,28,2,0.00000,0.00000,0.00000,0.00000,0.00000
107.934,2,107703.000,177745,192000,3999.979,120.0,8,27,2,0.00000,0.00000,0.00000,0.00000,0.00000
108.035,0,108019.000,948,192000,3999.250,120.0,8,28,2,0.00000,0.00000,0.00000,0.00000,0.00000
108.035,1,108235.000,11317,192000,3999.229,120.0,8,28,2,0.00000,0.00000,0.00000,0.00000,0.00000
108.035,2,107803.000,182578,192000,3999.292,120.0,8,27,2,0.00000,0.00000,0.00000,0.00000,0.00000
108.137,0,108121.000,5848,192000,3999.167,120.0,8,28,2,0.00000,0.00000,0.00000,0.00000,0.00000
108.137,1,108338.000,16227,192000,3999.938,120.0,8,28,2,0.00000,0.00000,0.00000,0.00000,0.00000
108.137,2,107905.000,187469,192000,3999.396,120.0,8,27,2,0.00000,0.00000,0.00000,0.00000,0.00000
108.243,0,108227.000,10924,192000,3999.417,120.0,8,28,2,0.00000,0.00000,0.00000,0.00000,0.00000
108.243,1,108444.000,21314,192000,3999.958,120.0,8,28,2,0.00000,0.00000,0.00000,0.00000,0.00000
108.243,2,108011.000,535,192000,3999.854,120.0,8,28,2,0.00000,0.00000,0.00000,0.00000,0.00000
108.343,0,108327.000,15736,192000,3999.167,120.0,8,28,2,0.00000,0.00000,0.00000,0.00000,0.00000
108.343,1,108544.000,26135,192000,3999.521,120.0,8,28,2,0.00000,0.00000,0.00000,0.00000,0.00000
108.343,2,108111.000,5337,192000,3999.812,120.0,8,28,2,0.00000,0.00000,0.00000,0.00000,0.00000
108.445,0,108430.000,20649,192000,3999.812,120.0,8,28,2,0.00000,0.00000,0.00000,0.00000,0.00000
108.445,1,108647.000,31058,192000,3999.958,120.0,8,28,2,0.00000,0.00000,0.00000,0.00000,0.00000
108.445,2,108213.000,10240,192000,3999.667,120.0,8,28,2,0.00000,0.00000,0.00000,0.00000,0.00000
108.547,0,108531.000,25527,192000,3999.188,120.0,8,28,2,0.00000,0.00000,0.00000,0.00000,0.00000
108.547,1,108748.000,35946,192000,3999.125,120.0,8,28,2,0.00000,0.00000,0.00000,0.00000,0.00000
108.547,2,108314.000,15108,192000,3999.250,120.0,8,28,2,0.00000,0.00000,0.00000,0.00000,0.00000
108.649,0,108633.000,30427,192000,3999.104,120.0,8,28,2,0.00000,0.00000,0.00000,0.00000,0.00000
108.649,1,108851.000,40856,192000,3999.833,120.0,8,28,2,0.00000,0.00000,0.00000,0.00000,0.00000
108.649,2,108416.000,19999,192000,3999.354,120.0,8,28,2,0.00000,0.00000,0.00000,0.00000,0.00000
108.751,0,108736.000,35346,192000,3999.625,120.0,8,28,2,0.00000,0.00000,0.00000,0.00000,0.00000
108.751,1,108953.000,45784,192000,3999.167,120.0,8,28,2,0.00000,0.00000,0.00000,0.00000,0.00000
108.751,2,108518.000,24907,192000,3999.104,120.0,8,28,2,0.00000,0.00000,0.00000,0.00000,0.00000
108.852,0,108836.000,40149,192000,3999.562,120.0,8,28,2,0.00000,0.00000,0.00000,0.00000,0.00000
108.852,1,109054.000,50597,192000,3999.896,120.0,8,28,2,0.00000,0.00000,0.00000,0.00000,0.00000
108.852,2,108618.000,29701,192000,3999.229,120.0,8,28,2,0.00000,0.00000,0.00000,0.00000,0.00000
108.952,0,108936.000,44962,192000,3999.292,120.0,8,28,2,0.00000,0.00000,0.00000,0.00000,0.00000
108.952,1,109154.000,55420,192000,3999.417,120.0,8,28,2,0.00000,0.00000,0.00000,0.00000,0.00000
108.952,2,108718.000,34504,192000,3999.167,120.0,8,28,2,0.00000,0.00000,0.00000,0.00000,0.00000
109.054,0,109038.000,49858,192000,3999.292,120.0,8,28,2,0.00000,0.00000,0.00000,0.00000,0.00000
109.054,1,109256.000,60325,192000,3999.229,120.0,8,28,2,0.00000,0.00000,0.00000,0.00000,0.00000
109.054,2,108820.000,39390,192000,3999.375,120.0,8,28,2,0.00000,0.00000,0.00000,0.00000,0.00000
109.156,0,109141.000,54774,192000,3999.875,120.0,8,28,2,0.00000,0.00000,0.00000,0.00000,0.00000
109.156,1,109359.000,65252,192000,3999.583,120.0,8,28,2,0.00000,0.00000,0.00000,0.00000,0.00000
109.156,2,108922.000,44297,192000,3999.146,120.0,8,28,2,0.00000,0.00000,0.00000,0.00000,0.00000
109.257,0,109241.000,59592,192000,3999.500,120.0,8,28,2,0.00000,0.00000,0.00000,0.00000,0.00000
109.257,1,109459.000,70079,192000,3999.021,120.0,8,28,2,0.00000,0.00000,0.00000,0.00000,0.00000
109.257,2,109023.000,49105,192000,3999.979,120.0,8,28,2,0.00000,0.00000,0.00000,0.00000,0.00000
109.358,0,109342.000,64453,192000,3999.229,120.0,8,28,2,0.00000,0.00000,0.00000,0.00000,0.00000
109.358,1,109561.000,74949,192000,3999.562,120.0,8,28,2,0.00000,0.00000,0.00000,0.00000,0.00000
109.358,2,109124.000,53956,192000,3999.917,120.0,8,28,2,0.00000,0.00000,0.00000,0.00000,0.00000
109.460,0,109444.000,69353,192000,3999.146,120.0,8,28,2,0.00000,0.00000,0.00000,0.00000,0.00000
109.460,1,109663.000,79860,192000,3999.250,120.0,8,28,2,0.00000,0.00000,0.00000,0.00000,0.00000
109.460,2,109225.000,58847,192000,3999.021,120.0,8,28,2,0.00000,0.00000,0.00000,0.00000,0.00000
109.562,0,109547.000,74274,192000,3999.625,120.0,8,28,2,0.00000,0.00000,0.00000,0.00000,0.00000
109.562,1,109766.000,84790,192000,3999.542,120.0,8,28,2,0.00000,0.00000,0.00000,0.00000,0.00000
109.562,2,109328.000,63758,192000,3999.708,120.0,8,28,2,0.00000,0.00000,0.00000,0.00000,0.00000
109.664,0,109648.000,79139,192000,3999.271,120.0,8,28,2,0.00000,0.00000,0.00000,0.00000,0.00000
109.664,1,109868.000,89665,192000,3999.979,120.0,8,28,2,0.00000,0.00000,0.00000,0.00000,0.00000
109.664,2,109429.000,68613,192000,3999.562,120.0,8,28,2,0.00000,0.00000,0.00000,0.00000,0.00000
109.765,0,109750.000,84009,192000,3999.812,120.0,8,28,2,0.00000,0.00000,0.00000,0.00000,0.00000
109.765,1,109969.000,94545,192000,3999.312,120.0,8,28,2,0.00000,0.00000,0.00000,0.00000,0.00000
109.765,2,109530.000,73473,192000,3999.312,120.0,8,28,2,0.00000,0.00000,0.00000,0.00000,0.00000
109.868,0,109853.000,88952,192000,3999.833,120.0,8,28,2,0.00000,0.00000,0.00000,0.00000,0.00000
109.868,1,110072.000,99498,192000,3999.125,120.0,8,28,2,0.00000,0.00000,0.00000,0.00000,0.00000
109.868,2,109633.000,78407,192000,3999.521,120.0,8,28,2,0.00000,0.00000,0.00000,0.00000,0.00000
109.970,0,109955.000,93857,192000,3999.646,120.0,8,28,2,0.00000,0.00000,0.00000,0.00000,0.00000
109.970,1,110175.000,104413,192000,3999.729,120.0,8,28,2,0.00000,0.00000,0.00000,0.00000,0.00000
109.970,2,109735.000,83302,192000,3999.542,120.0,8,28,2,0.00000,0.00000,0.00000,0.00000,0.00000
110.073,0,110057.000,98768,192000,3999.333,120.0,8,28,2,0.00000,0.00000,0.00000,0.00000,0.00000
110.073,1,110277.000,109334,192000,3999.208,120.0,8,28,2,0.00000,0.00000,0.00000,0.00000,0.00000
110.073,2,109837.000,88203,192000,3999.438,120.0,8,28,2,0.00000,0.00000,0.00000,0.00000,0.00000
110.173,0,110158.000,103602,192000,3999.625,120.0,8,28,2,0.00000,0.00000,0.00000,0.00000,0.00000
110.173,1,110378.000,114177,192000,3999.312,120.0,8,28,2,0.00000,0.00000,0.00000,0.00000,0.00000
110.173,2,109938.000,93027,192000,3999.938,120.0,8,28,2,0.00000,0.00000,0.00000,0.00000,0.00000
110.274,0,110258.000,108409,192000,3999.479,120.0,8,28,2,0.00000,0.00000,0.00000,0.00000,0.00000
110.274,1,110479.000,118993,192000,3999.979,120.0,8,28,2,0.00000,0.00000,0.00000,0.00000,0.00000
110.274,2,110038.000,97824,192000,0.000,120.0,8,28,2,0.00000,0.00000,0.00000,0.00000,0.00000
110.374,0,110358.000,113231,192000,3999.021,120.0,8,28,2,0.00000,0.00000,0.00000,0.00000,0.00000
110.374,1,110579.000,123826,192000,3999.292,120.0,8,28,2,0.00000,0.00000,0.00000,0.00000,0.00000
110.374,2,110138.000,102637,192000,3999.729,120.0,8,28,2,0.00000,0.00000,0.00000,0.00000,0.00000
110.475,0,110459.000,118070,192000,3999.208,120.0,8,28,2,0.00000,0.00000,0.00000,0.00000,0.00000
110.475,1,110680.000,128674,192000,3999.292,120.0,8,28,2,0.00000,0.00000,0.00000,0.00000,0.00000
110.475,2,110238.000,107466,192000,3999.125,120.0,8,28,2,0.00000,0.00000,0.00000,0.00000,0.00000
110.576,0,110561.000,122931,192000,3999.938,120.0,8,28,2,0.00000,0.00000,0.00000,0.00000,0.00000
110.576,1,110782.000,133545,192000,3999.812,120.0,8,28,2,0.00000,0.00000,0.00000,0.00000,0.00000
110.576,2,110339.000,112317,192000,3999.062,120.0,8,28,2,0.00000,0.00000,0.00000,0.00000,0.00000
110.678,0,110662.000,127816,192000,3999.167,120.0,8,28,2,0.00000,0.00000,0.00000,0.00000,0.00000
110.678,1,110884.000,138440,192000,3999.833,120.0,8,28,2,0.00000,0.00000,0.00000,0.00000,0.00000
110.678,2,110441.000,117193,192000,3999.479,120.0,8,28,2,0.00000,0.00000,0.00000,0.00000,0.00000
110.781,0,110765.000,132743,192000,3999.521,120.0,8,28,2,0.00000,0.00000,0.00000,0.00000,0.00000
110.781,1,110987.000,143376,192000,0.000,120.0,8,28,2,0.00000,0.00000,0.00000,0.00000,0.00000
110.781,2,110543.000,122109,192000,3999.062,120.0,8,28,2,0.00000,0.00000,0.00000,0.00000,0.00000
110.881,0,110865.000,137553,192000,3999.312,120.0,8,28,2,0.00000,0.00000,0.00000,0.00000,0.00000
110.881,1,111087.000,148196,192000,3999.583,120.0,8,28,2,0.00000,0.00000,0.00000,0.00000,0.00000
110.881,2,110643.000,126910,192000,3999.042,120.0,8,28,2,0.00000,0.00000,0.00000,0.00000,0.00000
110.983,0,110967.000,142446,192000,3999.375,120.0,8,28,2,0.00000,0.00000,0.00000,0.00000,0.00000
110.983,1,111189.000,153099,192000,3999.438,120.0,8,28,2,0.00000,0.00000,0.00000,0.00000,0.00000
110.983,2,110745.000,131793,192000,3999.312,120.0,8,28,2,0.00000,0.00000,0.00000,0.00000,0.00000
111.084,0,111069.000,147324,192000,3999.750,120.0,8,28,2,0.00000,0.00000,0.00000,0.00000,0.00000
111.084,1,111291.000,157986,192000,3999.625,120.0,8,28,2,0.00000,0.00000,0.00000,0.00000,0.00000
111.084,2,110847.000,136661,192000,3999.896,120.0,8,28,2,0.00000,0.00000,0.00000,0.00000,0.00000
111.186,0,111171.000,152225,192000,3999.646,120.0,8,28,2,0.00000,0.00000,0.00000,0.00000,0.00000
111.186,1,111393.000,162897,192000,3999.312,120.0,8,28,2,0.00000,0.00000,0.00000,0.00000,0.00000
111.186,2,110949.000,141553,192000,3999.979,120.0,8,28,2,0.00000,0.00000,0.00000,0.00000,0.00000
111.287,0,111272.000,157056,192000,0.000,120.0,8,28,2,0.00000,0.00000,0.00000,0.00000,0.00000
111.287,1,111494.000,167738,192000,3999.458,120.0,8,28,2,0.00000,0.00000,0.00000,0.00000,0.00000
111.287,2,111049.000,146374,192000,3999.542,120.0,8,28,2,0.00000,0.00000,0.00000,0.00000,0.00000
111.388,0,111372.000,161880,192000,3999.500,120.0,8,28,2,0.00000,0.00000,0.00000,0.00000,0.00000
111.388,1,111595.000,172571,192000,3999.771,120.0,8,28,2,0.00000,0.00000,0.00000,0.00000,0.00000
111.388,2,111149.000,151188,192000,3999.250,120.0,8,28,2,0.00000,0.00000,0.00000,0.00000,0.00000
111.488,0,111472.000,166686,192000,3999.375,120.0,8,28,2,0.00000,0.00000,0.00000,0.00000,0.00000
111.488,1,111695.000,177387,192000,3999.438,120.0,8,28,2,0.00000,0.00000,0.00000,0.00000,0.00000
111.488,2,111249.000,155984,192000,3999.333,120.0,8,28,2,0.00000,0.00000,0.00000,0.00000,0.00000
111.590,0,111575.000,171600,192000,0.000,120.0,8,28,2,0.00000,0.00000,0.00000,0.00000,0.00000
111.590,1,111798.000,182311,192000,3999.854,120.0,8,28,2,0.00000,0.00000,0.00000,0.00000,0.00000
111.590,2,111351.000,160889,192000,3999.146,120.0,8,28,2,0.00000,0.00000,0.00000,0.00000,0.00000
111.692,0,111676.000,176494,192000,3999.042,120.0,8,28,2,0.00000,0.00000,0.00000,0.00000,0.00000
111.692,1,111900.000,187215,192000,3999.688,120.0,8,28,2,0.00000,0.00000,0.00000,0.00000,0.00000
111.692,2,111453.000,165773,192000,3999.396,120.0,8,28,2,0.00000,0.00000,0.00000,0.00000,0.00000
111.792,0,111777.000,181308,192000,3999.750,120.0,8,28,2,0.00000,0.00000,0.00000,0.00000,0.00000
111.792,1,112000.000,38,192000,3999.208,120.0,8,29,2,0.00000,0.00000,0.00000,0.00000,0.00000
111.792,2,111553.000,170577,192000,3999.312,120.0,8,28,2,0.00000,0.00000,0.00000,0.00000,0.00000
111.893,0,111878.000,186148,192000,3999.917,120.0,8,28,2,0.00000,0.00000,0.00000,0.00000,0.00000
111.893,1,112101.000,4888,192000,3999.167,120.0,8,29,2,0.00000,0.00000,0.00000,0.00000,0.00000
111.893,2,111654.000,175408,192000,3999.667,120.0,8,28,2,0.00000,0.00000,0.00000,0.00000,0.00000
111.995,0,111979.000,191035,192000,3999.104,120.0,8,28,2,0.00000,0.00000,0.00000,0.00000,0.00000
111.995,1,112203.000,9785,192000,3999.146,120.0,8,29,2,0.00000,0.00000,0.00000,0.00000,0.00000
111.995,2,111755.000,180285,192000,3999.062,120.0,8,28,2,0.00000,0.00000,0.00000,0.00000,0.00000
112.097,0,112081.000,3925,192000,3999.229,120.0,8,29,2,0.00000,0.00000,0.00000,0.00000,0.00000
112.097,1,112305.000,14685,192000,3999.062,120.0,8,29,2,0.00000,0.00000,0.00000,0.00000,0.00000
112.097,2,111857.000,185166,192000,3999.375,120.0,8,28,2,0.00000,0.00000,0.00000,0.00000,0.00000
112.198,0,112183.000,8795,192000,3999.771,120.0,8,29,2,0.00000,0.00000,0.00000,0.00000,0.00000
112.198,1,112407.000,19564,192000,3999.417,120.0,8,29,2,0.00000,0.00000,0.00000,0.00000,0.00000
112.198,2,111958.000,190025,192000,3999.146,120.0,8,28,2,0.00000,0.00000,0.00000,0.00000,0.00000
112.300,0,112284.000,13672,192000,3999.167,120.0,8,29,2,0.00000,0.00000,0.00000,0.00000,0.00000
112.300,1,112509.000,24451,192000,3999.604,120.0,8,29,2,0.00000,0.00000,0.00000,0.00000,0.00000
112.300,2,112060.000,2893,192000,3999.729,120.0,8,29,2,0.10760,0.10719,0.10760,0.00000,0.00000
112.401,0,112385.000,18507,192000,3999.438,120.0,8,29,2,0.00000,0.00000,0.00000,0.00000,0.00000
112.401,1,112610.000,29296,192000,3999.667,120.0,8,29,2,0.00000,0.00000,0.00000,0.00000,0.00000
112.401,2,112160.000,7718,192000,3999.208,120.0,8,29,2,0.07084,0.07057,0.07084,0.00000,0.00000
112.501,0,112485.000,23325,192000,3999.062,120.0,8,29,2,0.00000,0.00000,0.00000,0.00000,0.00000
112.501,1,112710.000,34123,192000,3999.104,120.0,8,29,2,0.00000,0.00000,0.00000,0.00000,0.00000
112.501,2,112260.000,12526,192000,3999.042,120.0,8,29,2,0.04670,0.04653,0.04670,0.00000,0.00000
112.603,0,112588.000,28225,192000,3999.979,120.0,8,29,2,0.00000,0.00000,0.00000,0.00000,0.00000
112.603,1,112813.000,39033,192000,3999.812,120.0,8,29,2,0.00000,0.00000,0.00000,0.00000,0.00000
112.603,2,112362.000,17416,192000,3999.167,120.0,8,29,2,0.03057,0.03046,0.03057,0.00000,0.00000
112.705,0,112689.000,33103,192000,3999.354,120.0,8,29,2,0.00000,0.00000,0.00000,0.00000,0.00000
112.705,1,112915.000,43921,192000,3999.979,120.0,8,29,2,0.00000,0.00000,0.00000,0.00000,0.00000
112.705,2,112464.000,22285,192000,3999.729,120.0,8,29,2,0.02005,0.01997,0.02005,0.00000,0.00000
112.805,0,112789.000,37918,192000,3999.042,120.0,8,29,2,0.00000,0.00000,0.00000,0.00000,0.00000
112.805,1,113015.000,48746,192000,3999.458,120.0,8,29,2,0.00000,0.00000,0.00000,0.00000,0.00000
112.805,2,112564.000,27091,192000,3999.604,120.0,8,29,2,0.01322,0.01317,0.01322,0.00000,0.00000
112.907,0,112891.000,42800,192000,3999.333,120.0,8,29,2,0.00000,0.00000,0.00000,0.00000,0.00000
112.907,1,113117.000,53637,192000,3999.562,120.0,8,29,2,0.00000,0.00000,0.00000,0.00000,0.00000
112.907,2,112665.000,31962,192000,3999.125,120.0,8,29,2,0.00867,0.00864,0.00867,0.00000,0.00000
113.008,0,112992.000,47641,192000,3999.479,120.0,8,29,2,0.00000,0.00000,0.00000,0.00000,0.00000
113.008,1,113218.000,58488,192000,3999.500,120.0,8,29,2,0.00000,0.00000,0.00000,0.00000,0.00000
113.008,2,112766.000,36794,192000,3999.458,120.0,8,29,2,0.00570,0.00568,0.00570,0.00000,0.00000
113.108,0,113092.000,52450,192000,3999.292,120.0,8,29,2,0.00000,0.00000,0.00000,0.00000,0.00000
113.108,1,113318.000,63307,192000,3999.104,120.0,8,29,2,0.00000,0.00000,0.00000,0.00000,0.00000
113.108,2,112866.000,41594,192000,3999.458,120.0,8,29,2,0.00376,0.00375,0.00376,0.00000,0.00000
113.210,0,113194.000,57349,192000,3999.229,120.0,8,29,2,0.00000,0.00000,0.00000,0.00000,0.00000
113.210,1,113421.000,68216,192000,3999.833,120.0,8,29,2,0.00000,0.00000,0.00000,0.00000,0.00000
113.210,2,112968.000,46483,192000,3999.604,120.0,8,29,2,0.00246,0.00245,0.00246,0.00000,0.00000
113.311,0,113295.000,62205,192000,3999.062,120.0,8,29,2,0.00000,0.00000,0.00000,0.00000,0.00000
113.311,1,113522.000,73081,192000,3999.479,120.0,8,29,2,0.00000,0.00000,0.00000,0.00000,0.00000
113.311,2,113069.000,51328,192000,3999.667,120.0,8,29,2,0.00162,0.00161,0.00162,0.00000,0.00000
113.414,0,113398.000,67138,192000,3999.292,120.0,8,29,2,0.00000,0.00000,0.00000,0.00000,0.00000
113.414,1,113625.000,78024,192000,3999.500,120.0,8,29,2,0.00000,0.00000,0.00000,0.00000,0.00000
113.414,2,113171.000,56252,192000,3999.083,120.0,8,29,2,0.00106,0.00105,0.00106,0.00000,0.00000
113.517,0,113501.000,72083,192000,3999.271,120.0,8,29,2,0.00000,0.00000,0.00000,0.00000,0.00000
113.517,1,113728.000,82979,192000,3999.271,120.0,8,29,2,0.00000,0.00000,0.00000,0.00000,0.00000
113.517,2,113274.000,61187,192000,3999.271,120.0,8,29,2,0.00069,0.00069,0.00069,0.00000,0.00000
113.618,0,113602.000,76919,192000,3999.521,120.0,8,29,2,0.00000,0.00000,0.00000,0.00000,0.00000
113.618,1,113829.000,87825,192000,3999.312,120.0,8,29,2,0.00000,0.00000,0.00000,0.00000,0.00000
113.618,2,113375.000,66014,192000,3999.708,120.0,8,29,2,0.00045,0.00045,0.00045,0.00000,0.00000
113.720,0,113704.000,81831,192000,3999.188,120.0,8,29,2,0.00000,0.00000,0.00000,0.00000,0.00000
113.720,1,113932.000,92746,192000,3999.792,120.0,8,29,2,0.00000,0.00000,0.00000,0.00000,0.00000
113.720,2,113477.000,70915,192000,3999.604,120.0,8,29,2,0.00030,0.00030,0.00030,0.00000,0.00000
113.823,0,113807.000,86766,192000,3999.375,120.0,8,29,2,0.00000,0.00000,0.00000,0.00000,0.00000
113.823,1,114035.000,97691,192000,3999.771,120.0,8,29,2,0.00000,0.00000,0.00000,0.00000,0.00000
113.823,2,113580.000,75841,192000,3999.979,120.0,8,29,2,0.00019,0.00019,0.00019,0.00000,0.00000
113.924,0,113908.000,91624,192000,3999.167,120.0,8,29,2,0.00000,0.00000,0.00000,0.00000,0.00000
113.924,1,114136.000,102559,192000,3999.354,120.0,8,29,2,0.00000,0.00000,0.00000,0.00000,0.00000
113.924,2,113681.000,80689,192000,3999.979,120.0,8,29,2,0.00013,0.00013,0.00013,0.00000,0.00000
114.026,0,114011.000,96545,192000,3999.646,120.0,8,29,2,0.00000,0.00000,0.00000,0.00000,0.00000
114.026,1,114239.000,107490,192000,3999.625,120.0,8,29,2,0.00000,0.00000,0.00000,0.00000,0.00000
114.026,2,113783.000,85600,192000,3999.667,120.0,8,29,2,0.00008,0.00008,0.00008,0.00000,0.00000
114.128,0,114113.000,101434,192000,3999.792,120.0,8,29,2,0.00000,0.00000,0.00000,0.00000,0.00000
114.128,1,114341.000,112389,192000,3999.562,120.0,8,29,2,0.00000,0.00000,0.00000,0.00000,0.00000
114.128,2,113884.000,90479,192000,3999.021,120.0,8,29,2,0.00005,0.00005,0.00005,0.00000,0.00000
114.229,0,114214.000,106286,192000,3999.708,120.0,8,29,2,0.00000,0.00000,0.00000,0.00000,0.00000
114.229,1,114442.000,117251,192000,3999.271,120.0,8,29,2,0.00000,0.00000,0.00000,0.00000,0.00000
114.229,2,113985.000,95322,192000,3999.125,120.0,8,29,2,0.00004,0.00004,0.00004,0.00000,0.00000
114.332,0,114316.000,111206,192000,3999.208,120.0,8,29,2,0.00000,0.00000,0.00000,0.00000,0.00000
114.332,1,114545.000,122180,192000,3999.583,120.0,8,29,2,0.00000,0.00000,0.00000,0.00000,0.00000
114.332,2,114088.000,100232,192000,3999.833,120.0,8,29,2,0.00002,0.00002,0.00002,0.00000,0.00000
114.432,0,114417.000,116035,192000,3999.604,120.0,8,29,2,0.00000,0.00000,0.00000,0.00000,0.00000
114.432,1,114646.000,127018,192000,3999.792,120.0,8,29,2,0.00000,0.00000,0.00000,0.00000,0.00000
114.432,2,114188.000,105051,192000,3999.438,120.0,8,29,2,0.00002,0.00002,0.00002,0.00000,0.00000
114.534,0,114518.000,120886,192000,3999.542,120.0,8,29,2,0.00000,0.00000,0.00000,0.00000,0.00000
114.534,1,114747.000,131880,192000,3999.500,120.0,8,29,2,0.00000,0.00000,0.00000,0.00000,0.00000
114.534,2,114289.000,109893,192000,3999.562,120.0,8,29,2,0.00001,0.00001,0.00001,0.00000,0.00000
114.636,0,114620.000,125800,192000,3999.167,120.0,8,29,2,0.00000,0.00000,0.00000,0.00000,0.00000
114.636,1,114850.000,136803,192000,3999.938,120.0,8,29,2,0.00000,0.00000,0.00000,0.00000,0.00000
114.636,2,114391.000,114796,192000,3999.417,120.0,8,29,2,0.00001,0.00001,0.00001,0.00000,0.00000
114.737,0,114722.000,130663,192000,3999.854,120.0,8,29,2,0.00000,0.00000,0.00000,0.00000,0.00000
114.737,1,114951.000,141676,192000,3999.417,120.0,8,29,2,0.00000,0.00000,0.00000,0.00000,0.00000
114.737,2,114492.000,119650,192000,3999.292,120.0,8,29,2,0.00000,0.00000,0.00000,0.00000,0.00000
114.838,0,114822.000,135492,192000,3999.250,120.0,8,29,2,0.00000,0.00000,0.00000,0.00000,0.00000
114.838,1,115052.000,146515,192000,3999.604,120.0,8,29,2,0.00000,0.00000,0.00000,0.00000,0.00000
114.838,2,114593.000,124469,192000,3999.896,120.0,8,29,2,0.00000,0.00000,0.00000,0.00000,0.00000
114.940,0,114925.000,140400,192000,0.000,120.0,8,29,2,0.00000,0.00000,0.00000,0.00000,0.00000
114.940,1,115154.000,151432,192000,3999.167,120.0,8,29,2,0.00000,0.00000,0.00000,0.00000,0.00000
114.940,2,114695.000,129367,192000,3999.854,120.0,8,29,2,0.00000,0.00000,0.00000,0.00000,0.00000
115.043,0,115027.000,145338,192000,3999.125,120.0,8,29,2,0.00000,0.00000,0.00000,0.00000,0.00000
115.043,1,115257.000,156381,192000,3999.062,120.0,8,29,2,0.00000,0.00000,0.00000,0.00000,0.00000
115.043,2,114797.000,134296,192000,3999.167,120.0,8,29,2,0.00000,0.00000,0.00000,0.00000,0.00000
115.145,0,115129.000,150220,192000,3999.417,120.0,8,29,2,0.00000,0.00000,0.00000,0.00000,0.00000
115.145,1,115359.000,161272,192000,3999.167,120.0,8,29,2,0.00000,0.00000,0.00000,0.00000,0.00000
115.145,2,114899.000,139168,192000,3999.667,120.0,8,29,2,0.00000,0.00000,0.00000,0.00000,0.00000
115.247,0,115231.000,155125,192000,3999.229,120.0,8,29,2,0.00000,0.00000,0.00000,0.00000,0.00000
115.247,1,115462.000,166187,192000,3999.771,120.0,8,29,2,0.00000,0.00000,0.00000,0.00000,0.00000
115.247,2,115001.000,144063,192000,3999.688,120.0,8,29,2,0.00000,0.00000,0.00000,0.00000,0.00000
115.350,0,115334.000,160072,192000,3999.167,120.0,8,29,2,0.00000,0.00000,0.00000,0.00000,0.00000
115.350,1,115565.000,171143,192000,3999.521,120.0,8,29,2,0.00000,0.00000,0.00000,0.00000,0.00000
115.350,2,115104.000,149000,192000,3999.833,120.0,8,29,2,0.00000,0.00000,0.00000,0.00000,0.00000
115.451,0,115435.000,164927,192000,3999.021,120.0,8,29,2,0.00000,0.00000,0.00000,0.00000,0.00000
115.451,1,115666.000,176009,192000,3999.146,120.0,8,29,2,0.00000,0.00000,0.00000,0.00000,0.00000
115.451,2,115205.000,153845,192000,3999.896,120.0,8,29,2,0.00000,0.00000,0.00000,0.00000,0.00000
115.553,0,115537.000,169799,192000,3999.521,120.0,8,29,2,0.00000,0.00000,0.00000,0.00000,0.00000
115.553,1,115768.000,180890,192000,3999.458,120.0,8,29,2,0.00000,0.00000,0.00000,0.00000,0.00000
115.553,2,115306.000,158707,192000,3999.604,120.0,8,29,2,0.00000,0.00000,0.00000,0.00000,0.00000
115.653,0,115637.000,174617,192000,3999.146,120.0,8,29,2,0.00000,0.00000,0.00000,0.00000,0.00000
115.653,1,115869.000,185718,192000,3999.875,120.0,8,29,2,0.00000,0.00000,0.00000,0.00000,0.00000
115.653,2,115406.000,163516,192000,3999.417,120.0,8,29,2,0.00000,0.00000,0.00000,0.00000,0.00000
115.753,0,115738.000,179430,192000,3999.875,120.0,8,29,2,0.00000,0.00000,0.00000,0.00000,0.00000
115.753,1,115969.000,190541,192000,3999.396,120.0,8,29,2,0.00000,0.00000,0.00000,0.00000,0.00000
115.753,2,115506.000,168319,192000,3999.354,120.0,8,29,2,0.00000,0.00000,0.00000,0.00000,0.00000
115.854,0,115838.000,184249,192000,3999.479,120.0,8,29,2,0.00000,0.00000,0.00000,0.00000,0.00000
115.854,1,116070.000,3369,192000,3999.812,120.0,8,30,2,0.10348,0.10348,0.10238,0.00000,0.00000
115.854,2,115606.000,173128,192000,3999.167,120.0,8,29,2,0.00000,0.00000,0.00000,0.00000,0.00000
115.956,0,115940.000,189149,192000,3999.396,120.0,8,29,2,0.00000,0.00000,0.00000,0.00000,0.00000
115.956,1,116172.000,8279,192000,3999.521,120.0,8,30,2,0.06762,0.06762,0.06690,0.00000,0.00000
115.956,2,115708.000,178019,192000,3999.271,120.0,8,29,2,0.00000,0.00000,0.00000,0.00000,0.00000
116.059,0,116043.000,2088,192000,3999.500,120.0,8,30,2,0.11543,0.11543,0.11510,0.00000,0.00000
116.059,1,116275.000,13228,192000,3999.417,120.0,8,30,2,0.04404,0.04404,0.04357,0.00000,0.00000
116.059,2,115811.000,182948,192000,3999.583,120.0,8,29,2,0.00000,0.00000,0.00000,0.00000,0.00000
116.161,0,116145.000,6982,192000,3999.542,120.0,8,30,2,0.07554,0.07554,0.07532,0.00000,0.00000
116.161,1,116377.000,18132,192000,3999.250,120.0,8,30,2,0.02880,0.02880,0.02849,0.00000,0.00000
116.161,2,115913.000,187833,192000,3999.812,120.0,8,29,2,0.00000,0.00000,0.00000,0.00000,0.00000
116.262,0,116246.000,11841,192000,3999.312,120.0,8,30,2,0.04958,0.04958,0.04944,0.00000,0.00000
116.262,1,116479.000,23001,192000,3999.812,120.0,8,30,2,0.01889,0.01889,0.01868,0.00000,0.00000
116.262,2,116014.000,682,192000,3999.792,120.0,8,30,2,0.00000,0.00000,0.00000,0.00000,0.00000
116.364,0,116349.000,16756,192000,3999.917,120.0,8,30,2,0.03239,0.03239,0.03230,0.00000,0.00000
116.364,1,116581.000,27926,192000,3999.208,120.0,8,30,2,0.01233,0.01233,0.01219,0.00000,0.00000
116.364,2,116116.000,5587,192000,3999.604,120.0,8,30,2,0.00000,0.00000,0.00000,0.00000,0.00000
116.464,0,116449.000,21564,192000,3999.750,120.0,8,30,2,0.02135,0.02135,0.02129,0.00000,0.00000
116.464,1,116682.000,32743,192000,3999.854,120.0,8,30,2,0.00812,0.00812,0.00803,0.00000,0.00000
116.464,2,116216.000,10385,192000,3999.646,120.0,8,30,2,0.00000,0.00000,0.00000,0.00000,0.00000
116.566,0,116550.000,26430,192000,3999.375,120.0,8,30,2,0.01401,0.01401,0.01397,0.00000,0.00000
116.566,1,116783.000,37619,192000,3999.271,120.0,8,30,2,0.00532,0.00532,0.00527,0.00000,0.00000
116.566,2,116317.000,15241,192000,3999.479,120.0,8,30,2,0.00000,0.00000,0.00000,0.00000,0.00000
116.666,0,116650.000,31246,192000,3999.042,120.0,8,30,2,0.00923,0.00923,0.00920,0.00000,0.00000
116.666,1,116884.000,42444,192000,3999.750,120.0,8,30,2,0.00350,0.00350,0.00347,0.00000,0.00000
116.666,2,116417.000,20048,192000,3999.333,120.0,8,30,2,0.00000,0.00000,0.00000,0.00000,0.00000
116.768,0,116752.000,36124,192000,3999.417,120.0,8,30,2,0.00605,0.00605,0.00603,0.00000,0.00000
116.768,1,116986.000,47332,192000,3999.917,120.0,8,30,2,0.00229,0.00229,0.00227,0.00000,0.00000
116.768,2,116519.000,24915,192000,3999.938,120.0,8,30,2,0.00000,0.00000,0.00000,0.00000,0.00000
116.868,0,116853.000,40963,192000,3999.604,120.0,8,30,2,0.00398,0.00398,0.00397,0.00000,0.00000
116.868,1,117087.000,52180,192000,3999.917,120.0,8,30,2,0.00151,0.00151,0.00149,0.00000,0.00000
116.868,2,116619.000,29745,192000,3999.312,120.0,8,30,2,0.00000,0.00000,0.00000,0.00000,0.00000
116.969,0,116953.000,45765,192000,3999.562,120.0,8,30,2,0.00262,0.00262,0.00262,0.00000,0.00000
116.969,1,117187.000,56993,192000,3999.646,120.0,8,30,2,0.00099,0.00099,0.00098,0.00000,0.00000
116.969,2,116719.000,34538,192000,3999.458,120.0,8,30,2,0.00000,0.00000,0.00000,0.00000,0.00000
117.069,0,117053.000,50577,192000,3999.312,120.0,8,30,2,0.00173,0.00173,0.00172,0.00000,0.00000
117.069,1,117287.000,61814,192000,3999.208,120.0,8,30,2,0.00065,0.00065,0.00065,0.00000,0.00000
117.069,2,116819.000,39340,192000,3999.417,120.0,8,30,2,0.00000,0.00000,0.00000,0.00000,0.00000
117.170,0,117155.000,55452,192000,3999.750,120.0,8,30,2,0.00113,0.00113,0.00113,0.00000,0.00000
117.170,1,117389.000,66699,192000,3999.438,120.0,8,30,2,0.00043,0.00043,0.00042,0.00000,0.00000
117.170,2,116920.000,44205,192000,3999.062,120.0,8,30,2,0.00000,0.00000,0.00000,0.00000,0.00000
117.272,0,117256.000,60320,192000,3999.333,120.0,8,30,2,0.00074,0.00074,0.00074,0.00000,0.00000
117.272,1,117491.000,71576,192000,3999.833,120.0,8,30,2,0.00028,0.00028,0.00028,0.00000,0.00000
117.272,2,117022.000,49063,192000,3999.854,120.0,8,30,2,0.00000,0.00000,0.00000,0.00000,0.00000
117.374,0,117359.000,65237,192000,3999.896,120.0,8,30,2,0.00049,0.00049,0.00048,0.00000,0.00000
117.374,1,117593.000,76503,192000,3999.188,120.0,8,30,2,0.00018,0.00018,0.00018,0.00000,0.00000
117.374,2,117124.000,53970,192000,3999.625,120.0,8,30,2,0.00000,0.00000,0.00000,0.00000,0.00000
117.476,0,117461.000,70137,192000,3999.812,120.0,8,30,2,0.00032,0.00032,0.00032,0.00000,0.00000
117.476,1,117696.000,81413,192000,3999.896,120.0,8,30,2,0.00012,0.00012,0.00012,0.00000,0.00000
117.476,2,117226.000,58861,192000,3999.729,120.0,8,30,2,0.00000,0.00000,0.00000,0.00000,0.00000
117.579,0,117563.000,75060,192000,3999.250,120.0,8,30,2,0.00021,0.00021,0.00021,0.00000,0.00000
117.579,1,117798.000,86346,192000,3999.125,120.0,8,30,2,0.00008,0.00008,0.00008,0.00000,0.00000
117.579,2,117328.000,63774,192000,3999.375,120.0,8,30,2,0.00000,0.00000,0.00000,0.00000,0.00000
117.679,0,117664.000,79884,192000,3999.750,120.0,8,30,2,0.00014,0.00014,0.00014,0.00000,0.00000
117.679,1,117899.000,91179,192000,3999.438,120.0,8,30,2,0.00005,0.00005,0.00005,0.00000,0.00000
117.679,2,117428.000,68588,192000,3999.083,120.0,8,30,2,0.00000,0.00000,0.00000,0.00000,0.00000
117.780,0,117764.000,84697,192000,3999.479,120.0,8,30,2,0.00009,0.00009,0.00009,0.00000,0.00000
117.780,1,118000.000,96002,192000,3999.958,120.0,8,30,2,0.00003,0.00003,0.00003,0.00000,0.00000
117.780,2,117529.000,73392,192000,0.000,120.0,8,30,2,0.00000,0.00000,0.00000,0.00000,0.00000
117.881,0,117866.000,89577,192000,3999.812,120.0,8,30,2,0.00006,0.00006,0.00006,0.00000,0.00000
117.881,1,118101.000,100892,192000,3999.083,120.0,8,30,2,0.00002,0.00002,0.00002,0.00000,0.00000
117.881,2,117630.000,78262,192000,3999.542,120.0,8,30,2,0.00000,0.00000,0.00000,0.00000,0.00000
117.983,0,117968.000,94477,192000,3999.729,120.0,8,30,2,0.00004,0.00004,0.00004,0.00000,0.00000
117.983,1,118204.000,105801,192000,3999.812,120.0,8,30,2,0.00001,0.00001,0.00001,0.00000,0.00000
117.983,2,117732.000,83152,192000,3999.667,120.0,8,30,2,0.00000,0.00000,0.00000,0.00000,0.00000
118.086,0,118070.000,99397,192000,3999.229,120.0,8,30,2,0.00003,0.00003,0.00003,0.00000,0.00000
118.086,1,118306.000,110731,192000,3999.104,120.0,8,30,2,0.00001,0.00001,0.00001,0.00000,0.00000
118.086,2,117834.000,88062,192000,3999.375,120.0,8,30,2,0.00000,0.00000,0.00000,0.00000,0.00000
118.188,0,118172.000,104294,192000,3999.208,120.0,8,30,2,0.00002,0.00002,0.00002,0.00000,0.00000
118.188,1,118409.000,115639,192000,3999.854,120.0,8,30,2,0.00001,0.00001,0.00001,0.00000,0.00000
118.188,2,117936.000,92950,192000,3999.542,120.0,8,30,2,0.00000,0.00000,0.00000,0.00000,0.00000
118.289,0,118274.000,109163,192000,3999.771,120.0,8,30,2,0.00001,0.00001,0.00001,0.00000,0.00000
118.289,1,118510.000,120517,192000,3999.229,120.0,8,30,2,0.00000,0.00000,0.00000,0.00000,0.00000
118.289,2,118037.000,97808,192000,3999.333,120.0,8,30,2,0.00000,0.00000,0.00000,0.00000,0.00000
118.392,0,118376.000,114074,192000,3999.458,120.0,8,30,2,0.00001,0.00001,0.00001,0.00000,0.00000
118.392,1,118613.000,125438,192000,3999.708,120.0,8,30,2,0.00000,0.00000,0.00000,0.00000,0.00000
118.392,2,118139.000,102710,192000,3999.208,120.0,8,30,2,0.00000,0.00000,0.00000,0.00000,0.00000
118.493,0,118477.000,118943,192000,3999.021,120.0,8,30,2,0.00000,0.00000,0.00000,0.00000,0.00000
118.493,1,118714.000,130317,192000,3999.062,120.0,8,30,2,0.00000,0.00000,0.00000,0.00000,0.00000
118.493,2,118241.000,107570,192000,3999.958,120.0,8,30,2,0.00000,0.00000,0.00000,0.00000,0.00000
118.594,0,118578.000,123788,192000,3999.083,120.0,8,30,2,0.00000,0.00000,0.00000,0.00000,0.00000
118.594,1,118816.000,135171,192000,3999.938,120.0,8,30,2,0.00000,0.00000,0.00000,0.00000,0.00000
118.594,2,118341.000,112405,192000,3999.229,120.0,8,30,2,0.00000,0.00000,0.00000,0.00000,0.00000
118.696,0,118681.000,128691,192000,3999.938,120.0,8,30,2,0.00000,0.00000,0.00000,0.00000,0.00000
118.696,1,118918.000,140084,192000,3999.583,120.0,8,30,2,0.00000,0.00000,0.00000,0.00000,0.00000
118.696,2,118443.000,117298,192000,3999.292,120.0,8,30,2,0.00000,0.00000,0.00000,0.00000,0.00000
118.796,0,118781.000,133498,192000,3999.792,120.0,8,30,2,0.00000,0.00000,0.00000,0.00000,0.00000
118.796,1,119018.000,144900,192000,3999.250,120.0,8,30,2,0.00000,0.00000,0.00000,0.00000,0.00000
118.796,2,118543.000,122095,192000,3999.354,120.0,8,30,2,0.00000,0.00000,0.00000,0.00000,0.00000
118.899,0,118883.000,138422,192000,3999.208,120.0,8,30,2,0.00000,0.00000,0.00000,0.00000,0.00000
118.899,1,119121.000,149835,192000,3999.438,120.0,8,30,2,0.00000,0.00000,0.00000,0.00000,0.00000
118.899,2,118646.000,127010,192000,3999.958,120.0,8,30,2,0.00000,0.00000,0.00000,0.00000,0.00000
119.001,0,118986.000,143336,192000,3999.833,120.0,8,30,2,0.00000,0.00000,0.00000,0.00000,0.00000
119.001,1,119224.000,154758,192000,3999.875,120.0,8,30,2,0.00000,0.00000,0.00000,0.00000,0.00000
119.001,2,118748.000,131913,192000,3999.812,120.0,8,30,2,0.00000,0.00000,0.00000,0.00000,0.00000
119.104,0,119088.000,148247,192000,3999.521,120.0,8,30,2,0.00000,0.00000,0.00000,0.00000,0.00000
119.104,1,119326.000,159680,192000,3999.333,120.0,8,30,2,0.00000,0.00000,0.00000,0.00000,0.00000
119.104,2,118850.000,136815,192000,3999.688,120.0,8,30,2,0.00000,0.00000,0.00000,0.00000,0.00000
119.205,0,119190.000,153130,192000,3999.792,120.0,8,30,2,0.00000,0.00000,0.00000,0.00000,0.00000
119.205,1,119428.000,164572,192000,3999.417,120.0,8,30,2,0.00000,0.00000,0.00000,0.00000,0.00000
119.205,2,118951.000,141688,192000,3999.167,120.0,8,30,2,0.00000,0.00000,0.00000,0.00000,0.00000
119.305,0,119290.000,157938,192000,3999.625,120.0,8,30,2,0.00000,0.00000,0.00000,0.00000,0.00000
119.305,1,119528.000,169389,192000,3999.062,120.0,8,30,2,0.00000,0.00000,0.00000,0.00000,0.00000
119.305,2,119051.000,146486,192000,3999.208,120.0,8,30,2,0.00000,0.00000,0.00000,0.00000,0.00000
119.407,0,119391.000,162788,192000,3999.583,120.0,8,30,2,0.00000,0.00000,0.00000,0.00000,0.00000
119.407,1,119630.000,174250,192000,3999.792,120.0,8,30,2,0.00000,0.00000,0.00000,0.00000,0.00000
119.407,2,119152.000,151327,192000,3999.354,120.0,8,30,2,0.00000,0.00000,0.00000,0.00000,0.00000
119.509,0,119494.000,167717,192000,3999.896,120.0,8,30,2,0.00000,0.00000,0.00000,0.00000,0.00000
119.509,1,119733.000,179189,192000,3999.896,120.0,8,30,2,0.00000,0.00000,0.00000,0.00000,0.00000
119.509,2,119255.000,156246,192000,3999.875,120.0,8,30,2,0.00000,0.00000,0.00000,0.00000,0.00000
119.612,0,119596.000,172628,192000,3999.583,120.0,8,30,2,0.00000,0.00000,0.00000,0.00000,0.00000
119.612,1,119835.000,184109,192000,3999.396,120.0,8,30,2,0.00000,0.00000,0.00000,0.00000,0.00000
119.612,2,119357.000,161147,192000,3999.771,120.0,8,30,2,0.00000,0.00000,0.00000,0.00000,0.00000
119.714,0,119699.000,177553,192000,3999.979,120.0,8,30,2,0.00000,0.00000,0.00000,0.00000,0.00000
119.714,1,119938.000,189044,192000,3999.583,120.0,8,30,2,0.00000,0.00000,0.00000,0.00000,0.00000
119.714,2,119459.000,166062,192000,3999.375,120.0,8,30,2,0.00000,0.00000,0.00000,0.00000,0.00000
119.814,0,119799.000,182369,192000,3999.646,120.0,8,30,2,0.00000,0.00000,0.00000,0.00000,0.00000
119.814,1,120038.000,1870,192000,3999.042,120.0,8,31,2,0.00000,0.00000,0.00000,0.00000,0.00000
119.814,2,119559.000,170869,192000,3999.229,120.0,8,30,2,0.00000,0.00000,0.00000,0.00000,0.00000
119.917,0,119902.000,187296,192000,0.000,120.0,8,30,2,0.00000,0.00000,0.00000,0.00000,0.00000
119.917,1,120141.000,6806,192000,3999.208,120.0,8,31,2,0.00000,0.00000,0.00000,0.00000,0.00000
119.917,2,119662.000,175785,192000,3999.812,120.0,8,30,2,0.00000,0.00000,0.00000,0.00000,0.00000
