t_s,idx,spos_ms,interval_pos,interval_len,interval_phase_ms,bpm,bpi,loop,nusers,remote_peak,upk0,upk1,upk2,upk3
0.100,0,85.000,4098,192000,3999.625,120.0,8,1,2,0.00000,0.00000,0.00000,0.00000,0.00000
0.100,1,85.000,4098,192000,3999.625,120.0,8,1,2,0.00000,0.00000,0.00000,0.00000,0.00000
0.204,0,188.000,9055,192000,3999.354,120.0,8,1,2,0.00000,0.00000,0.00000,0.00000,0.00000
0.204,1,188.000,9055,192000,3999.354,120.0,8,1,2,0.00000,0.00000,0.00000,0.00000,0.00000
0.305,0,290.000,13928,192000,3999.833,120.0,8,1,2,0.00000,0.00000,0.00000,0.00000,0.00000
0.305,1,290.000,13928,192000,3999.833,120.0,8,1,2,0.00000,0.00000,0.00000,0.00000,0.00000
0.408,0,392.000,18842,192000,3999.458,120.0,8,1,2,0.00000,0.00000,0.00000,0.00000,0.00000
0.408,1,392.000,18842,192000,3999.458,120.0,8,1,2,0.00000,0.00000,0.00000,0.00000,0.00000
0.509,0,493.000,23688,192000,3999.500,120.0,8,1,2,0.00000,0.00000,0.00000,0.00000,0.00000
0.509,1,493.000,23688,192000,3999.500,120.0,8,1,2,0.00000,0.00000,0.00000,0.00000,0.00000
0.610,0,594.000,28551,192000,3999.188,120.0,8,1,2,0.00000,0.00000,0.00000,0.00000,0.00000
0.610,1,594.000,28551,192000,3999.188,120.0,8,1,2,0.00000,0.00000,0.00000,0.00000,0.00000
0.712,0,696.000,33444,192000,3999.250,120.0,8,1,2,0.00000,0.00000,0.00000,0.00000,0.00000
0.712,1,696.000,33444,192000,3999.250,120.0,8,1,2,0.00000,0.00000,0.00000,0.00000,0.00000
0.814,0,799.000,38372,192000,3999.583,120.0,8,1,2,0.00000,0.00000,0.00000,0.00000,0.00000
0.814,1,799.000,38372,192000,3999.583,120.0,8,1,2,0.00000,0.00000,0.00000,0.00000,0.00000
0.917,0,901.000,43287,192000,3999.188,120.0,8,1,2,0.00000,0.00000,0.00000,0.00000,0.00000
0.917,1,901.000,43287,192000,3999.188,120.0,8,1,2,0.00000,0.00000,0.00000,0.00000,0.00000
1.018,0,1002.000,48127,192000,3999.354,120.0,8,1,2,0.00000,0.00000,0.00000,0.00000,0.00000
1.018,1,1002.000,48127,192000,3999.354,120.0,8,1,2,0.00000,0.00000,0.00000,0.00000,0.00000
1.119,0,1103.000,52979,192000,3999.271,120.0,8,1,2,0.00000,0.00000,0.00000,0.00000,0.00000
1.119,1,1103.000,52979,192000,3999.271,120.0,8,1,2,0.00000,0.00000,0.00000,0.00000,0.00000
1.220,0,1205.000,57852,192000,3999.750,120.0,8,1,2,0.00000,0.00000,0.00000,0.00000,0.00000
1.220,1,1205.000,57852,192000,3999.750,120.0,8,1,2,0.00000,0.00000,0.00000,0.00000,0.00000
1.322,0,1307.000,62744,192000,3999.833,120.0,8,1,2,0.00000,0.00000,0.00000,0.00000,0.00000
1.322,1,1307.000,62744,192000,3999.833,120.0,8,1,2,0.00000,0.00000,0.00000,0.00000,0.00000
1.423,0,1408.000,67598,192000,3999.708,120.0,8,1,2,0.00000,0.00000,0.00000,0.00000,0.00000
1.423,1,1408.000,67598,192000,3999.708,120.0,8,1,2,0.00000,0.00000,0.00000,0.00000,0.00000
1.525,0,1509.000,72463,192000,3999.354,120.0,8,1,2,0.00000,0.00000,0.00000,0.00000,0.00000
1.525,1,1509.000,72463,192000,3999.354,120.0,8,1,2,0.00000,0.00000,0.00000,0.00000,0.00000
1.626,0,1610.000,77316,192000,3999.250,120.0,8,1,2,0.00000,0.00000,0.00000,0.00000,0.00000
1.626,1,1610.000,77316,192000,3999.250,120.0,8,1,2,0.00000,0.00000,0.00000,0.00000,0.00000
1.727,0,1711.000,82167,192000,3999.188,120.0,8,1,2,0.00000,0.00000,0.00000,0.00000,0.00000
1.727,1,1711.000,82167,192000,3999.188,120.0,8,1,2,0.00000,0.00000,0.00000,0.00000,0.00000
1.829,0,1813.000,87050,192000,3999.458,120.0,8,1,2,0.00000,0.00000,0.00000,0.00000,0.00000
1.829,1,1813.000,87050,192000,3999.458,120.0,8,1,2,0.00000,0.00000,0.00000,0.00000,0.00000
1.931,0,1915.000,91955,192000,3999.271,120.0,8,1,2,0.00000,0.00000,0.00000,0.00000,0.00000
1.931,1,1915.000,91955,192000,3999.271,120.0,8,1,2,0.00000,0.00000,0.00000,0.00000,0.00000
2.033,0,2017.000,96847,192000,3999.354,120.0,8,1,2,0.00000,0.00000,0.00000,0.00000,0.00000
2.033,1,2017.000,96847,192000,3999.354,120.0,8,1,2,0.00000,0.00000,0.00000,0.00000,0.00000
2.033,2,35.000,1680,192000,0.000,120.0,8,1,2,0.00000,0.00000,0.00000,0.00000,0.00000
2.135,0,2119.000,101742,192000,3999.375,120.0,8,1,2,0.00000,0.00000,0.00000,0.00000,0.00000
2.135,1,2119.000,101742,192000,3999.375,120.0,8,1,2,0.00000,0.00000,0.00000,0.00000,0.00000
2.135,2,136.000,6575,192000,3999.021,120.0,8,1,2,0.00000,0.00000,0.00000,0.00000,0.00000
2.236,0,2220.000,106593,192000,3999.312,120.0,8,1,2,0.00000,0.00000,0.00000,0.00000,0.00000
2.236,1,2220.000,106593,192000,3999.312,120.0,8,1,2,0.00000,0.00000,0.00000,0.00000,0.00000
2.236,2,238.000,11426,192000,3999.958,120.0,8,1,2,0.00000,0.00000,0.00000,0.00000,0.00000
2.338,0,2323.000,111515,192000,3999.771,120.0,8,1,2,0.00000,0.00000,0.00000,0.00000,0.00000
2.338,1,2323.000,111515,192000,3999.771,120.0,8,1,2,0.00000,0.00000,0.00000,0.00000,0.00000
2.338,2,340.000,16348,192000,3999.417,120.0,8,1,2,0.00000,0.00000,0.00000,0.00000,0.00000
2.440,0,2424.000,116379,192000,3999.438,120.0,8,1,2,0.00000,0.00000,0.00000,0.00000,0.00000
2.440,1,2424.000,116379,192000,3999.438,120.0,8,1,2,0.00000,0.00000,0.00000,0.00000,0.00000
2.440,2,441.000,21212,192000,3999.083,120.0,8,1,2,0.00000,0.00000,0.00000,0.00000,0.00000
2.540,0,2525.000,121209,192000,3999.812,120.0,8,1,2,0.00000,0.00000,0.00000,0.00000,0.00000
2.540,1,2525.000,121209,192000,3999.812,120.0,8,1,2,0.00000,0.00000,0.00000,0.00000,0.00000
2.540,2,542.000,26042,192000,3999.458,120.0,8,1,2,0.00000,0.00000,0.00000,0.00000,0.00000
2.646,0,2631.000,126289,192000,3999.979,120.0,8,1,2,0.00000,0.00000,0.00000,0.00000,0.00000
2.646,1,2631.000,126289,192000,3999.979,120.0,8,1,2,0.00000,0.00000,0.00000,0.00000,0.00000
2.646,2,648.000,31122,192000,3999.625,120.0,8,1,2,0.00000,0.00000,0.00000,0.00000,0.00000
2.749,0,2733.000,131215,192000,3999.354,120.0,8,1,2,0.00000,0.00000,0.00000,0.00000,0.00000
2.749,1,2733.000,131215,192000,3999.354,120.0,8,1,2,0.00000,0.00000,0.00000,0.00000,0.00000
2.749,2,751.000,36048,192000,0.000,120.0,8,1,2,0.00000,0.00000,0.00000,0.00000,0.00000
2.851,0,2836.000,136142,192000,3999.708,120.0,8,1,2,0.00000,0.00000,0.00000,0.00000,0.00000
2.851,1,2836.000,136142,192000,3999.708,120.0,8,1,2,0.00000,0.00000,0.00000,0.00000,0.00000
2.851,2,853.000,40975,192000,3999.354,120.0,8,1,2,0.00000,0.00000,0.00000,0.00000,0.00000
2.954,0,2938.000,141063,192000,3999.188,120.0,8,1,2,0.00000,0.00000,0.00000,0.00000,0.00000
2.954,1,2938.000,141063,192000,3999.188,120.0,8,1,2,0.00000,0.00000,0.00000,0.00000,0.00000
2.954,2,956.000,45896,192000,3999.833,120.0,8,1,2,0.00000,0.00000,0.00000,0.00000,0.00000
3.054,0,3039.000,145874,192000,3999.958,120.0,8,1,2,0.00000,0.00000,0.00000,0.00000,0.00000
3.054,1,3039.000,145874,192000,3999.958,120.0,8,1,2,0.00000,0.00000,0.00000,0.00000,0.00000
3.054,2,1056.000,50707,192000,3999.604,120.0,8,1,2,0.00000,0.00000,0.00000,0.00000,0.00000
3.156,0,3141.000,150785,192000,3999.646,120.0,8,1,2,0.00000,0.00000,0.00000,0.00000,0.00000
3.156,1,3141.000,150785,192000,3999.646,120.0,8,1,2,0.00000,0.00000,0.00000,0.00000,0.00000
3.156,2,1158.000,55618,192000,3999.292,120.0,8,1,2,0.00000,0.00000,0.00000,0.00000,0.00000
3.258,0,3242.000,155647,192000,3999.354,120.0,8,1,2,0.00000,0.00000,0.00000,0.00000,0.00000
3.258,1,3242.000,155647,192000,3999.354,120.0,8,1,2,0.00000,0.00000,0.00000,0.00000,0.00000
3.258,2,1260.000,60480,192000,0.000,120.0,8,1,2,0.00000,0.00000,0.00000,0.00000,0.00000
3.358,0,3343.000,160478,192000,3999.708,120.0,8,1,2,0.00000,0.00000,0.00000,0.00000,0.00000
3.358,1,3343.000,160478,192000,3999.708,120.0,8,1,2,0.00000,0.00000,0.00000,0.00000,0.00000
3.358,2,1360.000,65311,192000,3999.354,120.0,8,1,2,0.00000,0.00000,0.00000,0.00000,0.00000
3.460,0,3445.000,165376,192000,3999.667,120.0,8,1,2,0.00000,0.00000,0.00000,0.00000,0.00000
3.460,1,3445.000,165376,192000,3999.667,120.0,8,1,2,0.00000,0.00000,0.00000,0.00000,0.00000
3.460,2,1462.000,70209,192000,3999.312,120.0,8,1,2,0.00000,0.00000,0.00000,0.00000,0.00000
3.562,0,3547.000,170274,192000,3999.625,120.0,8,1,2,0.00000,0.00000,0.00000,0.00000,0.00000
3.562,1,3547.000,170274,192000,3999.625,120.0,8,1,2,0.00000,0.00000,0.00000,0.00000,0.00000
3.562,2,1564.000,75107,192000,3999.271,120.0,8,1,2,0.00000,0.00000,0.00000,0.00000,0.00000
3.664,0,3648.000,175144,192000,3999.167,120.0,8,1,2,0.00000,0.00000,0.00000,0.00000,0.00000
3.664,1,3648.000,175144,192000,3999.167,120.0,8,1,2,0.00000,0.00000,0.00000,0.00000,0.00000
3.664,2,1666.000,79977,192000,3999.812,120.0,8,1,2,0.00000,0.00000,0.00000,0.00000,0.00000
3.764,0,3749.000,179973,192000,3999.562,120.0,8,1,2,0.00000,0.00000,0.00000,0.00000,0.00000
3.764,1,3749.000,179973,192000,3999.562,120.0,8,1,2,0.00000,0.00000,0.00000,0.00000,0.00000
3.764,2,1766.000,84806,192000,3999.208,120.0,8,1,2,0.00000,0.00000,0.00000,0.00000,0.00000
3.868,0,3852.000,184928,192000,3999.333,120.0,8,1,2,0.00000,0.00000,0.00000,0.00000,0.00000
3.868,1,3852.000,184928,192000,3999.333,120.0,8,1,2,0.00000,0.00000,0.00000,0.00000,0.00000
3.868,2,1870.000,89761,192000,3999.979,120.0,8,1,2,0.00000,0.00000,0.00000,0.00000,0.00000
3.970,0,3955.000,189852,192000,3999.750,120.0,8,1,2,0.00000,0.00000,0.00000,0.00000,0.00000
3.970,1,3955.000,189852,192000,3999.750,120.0,8,1,2,0.00000,0.00000,0.00000,0.00000,0.00000
3.970,2,1972.000,94685,192000,3999.396,120.0,8,1,2,0.00000,0.00000,0.00000,0.00000,0.00000
4.071,0,4055.000,2664,192000,3999.500,120.0,8,2,2,0.00000,0.00000,0.00000,0.00000,0.00000
4.071,1,4055.000,2664,192000,3999.500,120.0,8,2,2,0.00000,0.00000,0.00000,0.00000,0.00000
4.071,2,2072.000,99497,192000,3999.146,120.0,8,1,2,0.00000,0.00000,0.00000,0.00000,0.00000
4.173,0,4157.000,7579,192000,3999.104,120.0,8,2,2,0.00000,0.00000,0.00000,0.00000,0.00000
4.173,1,4157.000,7579,192000,3999.104,120.0,8,2,2,0.00000,0.00000,0.00000,0.00000,0.00000
4.173,2,2175.000,104412,192000,3999.750,120.0,8,1,2,0.00000,0.00000,0.00000,0.00000,0.00000
4.275,0,4260.000,12493,192000,3999.729,120.0,8,2,2,0.00000,0.00000,0.00000,0.00000,0.00000
4.275,1,4260.000,12493,192000,3999.729,120.0,8,2,2,0.00000,0.00000,0.00000,0.00000,0.00000
4.275,2,2277.000,109326,192000,3999.375,120.0,8,1,2,0.00000,0.00000,0.00000,0.00000,0.00000
4.376,0,4361.000,17339,192000,3999.771,120.0,8,2,2,0.00000,0.00000,0.00000,0.00000,0.00000
4.376,1,4361.000,17339,192000,3999.771,120.0,8,2,2,0.00000,0.00000,0.00000,0.00000,0.00000
4.376,2,2378.000,114172,192000,3999.417,120.0,8,1,2,0.00000,0.00000,0.00000,0.00000,0.00000
4.478,0,4462.000,22218,192000,3999.125,120.0,8,2,2,0.00000,0.00000,0.00000,0.00000,0.00000
4.478,1,4462.000,22218,192000,3999.125,120.0,8,2,2,0.00000,0.00000,0.00000,0.00000,0.00000
4.478,2,2480.000,119051,192000,3999.771,120.0,8,1,2,0.00000,0.00000,0.00000,0.00000,0.00000
4.579,0,4563.000,27062,192000,3999.208,120.0,8,2,2,0.00000,0.00000,0.00000,0.00000,0.00000
4.579,1,4563.000,27062,192000,3999.208,120.0,8,2,2,0.00000,0.00000,0.00000,0.00000,0.00000
4.579,2,2581.000,123895,192000,3999.854,120.0,8,1,2,0.00000,0.00000,0.00000,0.00000,0.00000
4.682,0,4666.000,32002,192000,3999.292,120.0,8,2,2,0.00000,0.00000,0.00000,0.00000,0.00000
4.682,1,4666.000,32002,192000,3999.292,120.0,8,2,2,0.00000,0.00000,0.00000,0.00000,0.00000
4.682,2,2684.000,128835,192000,3999.938,120.0,8,1,2,0.00000,0.00000,0.00000,0.00000,0.00000
4.784,0,4768.000,36895,192000,3999.354,120.0,8,2,2,0.00000,0.00000,0.00000,0.00000,0.00000
4.784,1,4768.000,36895,192000,3999.354,120.0,8,2,2,0.00000,0.00000,0.00000,0.00000,0.00000
4.784,2,2786.000,133728,192000,0.000,120.0,8,1,2,0.00000,0.00000,0.00000,0.00000,0.00000
4.886,0,4870.000,41792,192000,3999.333,120.0,8,2,2,0.00000,0.00000,0.00000,0.00000,0.00000
4.886,1,4870.000,41792,192000,3999.333,120.0,8,2,2,0.00000,0.00000,0.00000,0.00000,0.00000
4.886,2,2888.000,138625,192000,3999.979,120.0,8,1,2,0.00000,0.00000,0.00000,0.00000,0.00000
4.988,0,4973.000,46708,192000,3999.917,120.0,8,2,2,0.00000,0.00000,0.00000,0.00000,0.00000
4.988,1,4973.000,46708,192000,3999.917,120.0,8,2,2,0.00000,0.00000,0.00000,0.00000,0.00000
4.988,2,2990.000,143541,192000,3999.562,120.0,8,1,2,0.00000,0.00000,0.00000,0.00000,0.00000
5.090,0,5074.000,51589,192000,3999.229,120.0,8,2,2,0.00000,0.00000,0.00000,0.00000,0.00000
5.090,1,5074.000,51589,192000,3999.229,120.0,8,2,2,0.00000,0.00000,0.00000,0.00000,0.00000
5.090,2,3092.000,148422,192000,3999.875,120.0,8,1,2,0.00000,0.00000,0.00000,0.00000,0.00000
5.190,0,5174.000,56397,192000,3999.062,120.0,8,2,2,0.00000,0.00000,0.00000,0.00000,0.00000
5.190,1,5174.000,56397,192000,3999.062,120.0,8,2,2,0.00000,0.00000,0.00000,0.00000,0.00000
5.190,2,3192.000,153230,192000,3999.708,120.0,8,1,2,0.00000,0.00000,0.00000,0.00000,0.00000
5.290,0,5275.000,61215,192000,3999.688,120.0,8,2,2,0.00000,0.00000,0.00000,0.00000,0.00000
5.290,1,5275.000,61215,192000,3999.688,120.0,8,2,2,0.00000,0.00000,0.00000,0.00000,0.00000
5.290,2,3292.000,158048,192000,3999.333,120.0,8,1,2,0.00000,0.00000,0.00000,0.00000,0.00000
5.393,0,5377.000,66134,192000,3999.208,120.0,8,2,2,0.00000,0.00000,0.00000,0.00000,0.00000
5.393,1,5377.000,66134,192000,3999.208,120.0,8,2,2,0.00000,0.00000,0.00000,0.00000,0.00000
5.393,2,3395.000,162967,192000,3999.854,120.0,8,1,2,0.00000,0.00000,0.00000,0.00000,0.00000
5.493,0,5477.000,70935,192000,3999.188,120.0,8,2,2,0.00000,0.00000,0.00000,0.00000,0.00000
5.493,1,5477.000,70935,192000,3999.188,120.0,8,2,2,0.00000,0.00000,0.00000,0.00000,0.00000
5.493,2,3495.000,167768,192000,3999.833,120.0,8,1,2,0.00000,0.00000,0.00000,0.00000,0.00000
5.593,0,5578.000,75746,192000,3999.958,120.0,8,2,2,0.00000,0.00000,0.00000,0.00000,0.00000
5.593,1,5578.000,75746,192000,3999.958,120.0,8,2,2,0.00000,0.00000,0.00000,0.00000,0.00000
5.593,2,3595.000,172579,192000,3999.604,120.0,8,1,2,0.00000,0.00000,0.00000,0.00000,0.00000
5.696,0,5680.000,80683,192000,3999.104,120.0,8,2,2,0.00000,0.00000,0.00000,0.00000,0.00000
5.696,1,5680.000,80683,192000,3999.104,120.0,8,2,2,0.00000,0.00000,0.00000,0.00000,0.00000
5.696,2,3698.000,177516,192000,3999.750,120.0,8,1,2,0.00000,0.00000,0.00000,0.00000,0.00000
5.797,0,5782.000,85547,192000,3999.771,120.0,8,2,2,0.00000,0.00000,0.00000,0.00000,0.00000
5.797,1,5782.000,85547,192000,3999.771,120.0,8,2,2,0.00000,0.00000,0.00000,0.00000,0.00000
5.797,2,3799.000,182380,192000,3999.417,120.0,8,1,2,0.00000,0.00000,0.00000,0.00000,0.00000
5.900,0,5884.000,90467,192000,3999.271,120.0,8,2,2,0.00000,0.00000,0.00000,0.00000,0.00000
5.900,1,5884.000,90467,192000,3999.271,120.0,8,2,2,0.00000,0.00000,0.00000,0.00000,0.00000
5.900,2,3902.000,187300,192000,3999.917,120.0,8,1,2,0.00000,0.00000,0.00000,0.00000,0.00000
6.002,0,5986.000,95370,192000,3999.125,120.0,8,2,2,0.00000,0.00000,0.00000,0.00000,0.00000
6.002,1,5986.000,95370,192000,3999.125,120.0,8,2,2,0.00000,0.00000,0.00000,0.00000,0.00000
6.002,2,4004.000,203,192000,3999.771,120.0,8,2,2,0.00000,0.00000,0.00000,0.00000,0.00000
6.103,0,6088.000,100230,192000,3999.875,120.0,8,2,2,0.00000,0.00000,0.00000,0.00000,0.00000
6.103,1,6088.000,100230,192000,3999.875,120.0,8,2,2,0.00000,0.00000,0.00000,0.00000,0.00000
6.103,2,4105.000,5063,192000,3999.521,120.0,8,2,2,0.00000,0.00000,0.00000,0.00000,0.00000
6.205,0,6190.000,105133,192000,3999.729,120.0,8,2,2,0.00000,0.00000,0.00000,0.00000,0.00000
6.205,1,6190.000,105133,192000,3999.729,120.0,8,2,2,0.00000,0.00000,0.00000,0.00000,0.00000
6.205,2,4207.000,9966,192000,3999.375,120.0,8,2,2,0.00000,0.00000,0.00000,0.00000,0.00000
6.306,0,6291.000,109987,192000,3999.604,120.0,8,2,2,0.00000,0.00000,0.00000,0.00000,0.00000
6.306,1,6291.000,109987,192000,3999.604,120.0,8,2,2,0.00000,0.00000,0.00000,0.00000,0.00000
6.306,2,4308.000,14820,192000,3999.250,120.0,8,2,2,0.00000,0.00000,0.00000,0.00000,0.00000
6.407,0,6391.000,114805,192000,3999.229,120.0,8,2,2,0.00000,0.00000,0.00000,0.00000,0.00000
6.407,1,6391.000,114805,192000,3999.229,120.0,8,2,2,0.00000,0.00000,0.00000,0.00000,0.00000
6.407,2,4409.000,19638,192000,3999.875,120.0,8,2,2,0.00000,0.00000,0.00000,0.00000,0.00000
6.508,0,6492.000,119646,192000,3999.375,120.0,8,2,2,0.00000,0.00000,0.00000,0.00000,0.00000
6.508,1,6492.000,119646,192000,3999.375,120.0,8,2,2,0.00000,0.00000,0.00000,0.00000,0.00000
6.508,2,4509.000,24479,192000,3999.021,120.0,8,2,2,0.00000,0.00000,0.00000,0.00000,0.00000
6.609,0,6594.000,124524,192000,3999.750,120.0,8,2,2,0.00000,0.00000,0.00000,0.00000,0.00000
6.609,1,6594.000,124524,192000,3999.750,120.0,8,2,2,0.00000,0.00000,0.00000,0.00000,0.00000
6.609,2,4611.000,29357,192000,3999.396,120.0,8,2,2,0.00000,0.00000,0.00000,0.00000,0.00000
6.710,0,6694.000,129352,192000,3999.167,120.0,8,2,2,0.00000,0.00000,0.00000,0.00000,0.00000
6.710,1,6694.000,129352,192000,3999.167,120.0,8,2,2,0.00000,0.00000,0.00000,0.00000,0.00000
6.710,2,4712.000,34185,192000,3999.812,120.0,8,2,2,0.00000,0.00000,0.00000,0.00000,0.00000
6.812,0,6796.000,134244,192000,3999.250,120.0,8,2,2,0.00000,0.00000,0.00000,0.00000,0.00000
6.812,1,6796.000,134244,192000,3999.250,120.0,8,2,2,0.00000,0.00000,0.00000,0.00000,0.00000
6.812,2,4814.000,39077,192000,3999.896,120.0,8,2,2,0.00000,0.00000,0.00000,0.00000,0.00000
6.914,0,6898.000,139148,192000,3999.083,120.0,8,2,2,0.00000,0.00000,0.00000,0.00000,0.00000
6.914,1,6898.000,139148,192000,3999.083,120.0,8,2,2,0.00000,0.00000,0.00000,0.00000,0.00000
6.914,2,4916.000,43981,192000,3999.729,120.0,8,2,2,0.00000,0.00000,0.00000,0.00000,0.00000
7.017,0,7001.000,144070,192000,3999.542,120.0,8,2,2,0.00000,0.00000,0.00000,0.00000,0.00000
7.017,1,7001.000,144070,192000,3999.542,120.0,8,2,2,0.00000,0.00000,0.00000,0.00000,0.00000
7.017,2,5018.000,48903,192000,3999.188,120.0,8,2,2,0.00000,0.00000,0.00000,0.00000,0.00000
7.119,0,7103.000,148983,192000,3999.188,120.0,8,2,2,0.00000,0.00000,0.00000,0.00000,0.00000
7.119,1,7103.000,148983,192000,3999.188,120.0,8,2,2,0.00000,0.00000,0.00000,0.00000,0.00000
7.119,2,5121.000,53816,192000,3999.833,120.0,8,2,2,0.00000,0.00000,0.00000,0.00000,0.00000
7.221,0,7205.000,153881,192000,3999.146,120.0,8,2,2,0.00000,0.00000,0.00000,0.00000,0.00000
7.221,1,7205.000,153881,192000,3999.146,120.0,8,2,2,0.00000,0.00000,0.00000,0.00000,0.00000
7.221,2,5223.000,58714,192000,3999.792,120.0,8,2,2,0.00000,0.00000,0.00000,0.00000,0.00000
7.321,0,7306.000,158707,192000,3999.604,120.0,8,2,2,0.00000,0.00000,0.00000,0.00000,0.00000
7.321,1,7306.000,158707,192000,3999.604,120.0,8,2,2,0.00000,0.00000,0.00000,0.00000,0.00000
7.321,2,5323.000,63540,192000,3999.250,120.0,8,2,2,0.00000,0.00000,0.00000,0.00000,0.00000
7.424,0,7409.000,163639,192000,3999.854,120.0,8,2,2,0.00000,0.00000,0.00000,0.00000,0.00000
7.424,1,7409.000,163639,192000,3999.854,120.0,8,2,2,0.00000,0.00000,0.00000,0.00000,0.00000
7.424,2,5426.000,68472,192000,3999.500,120.0,8,2,2,0.00000,0.00000,0.00000,0.00000,0.00000
7.526,0,7511.000,168528,192000,0.000,120.0,8,2,2,0.00000,0.00000,0.00000,0.00000,0.00000
7.526,1,7511.000,168528,192000,0.000,120.0,8,2,2,0.00000,0.00000,0.00000,0.00000,0.00000
7.526,2,5528.000,73361,192000,3999.646,120.0,8,2,2,0.00000,0.00000,0.00000,0.00000,0.00000
7.627,0,7612.000,173391,192000,3999.688,120.0,8,2,2,0.00000,0.00000,0.00000,0.00000,0.00000
7.627,1,7612.000,173391,192000,3999.688,120.0,8,2,2,0.00000,0.00000,0.00000,0.00000,0.00000
7.627,2,5629.000,78224,192000,3999.333,120.0,8,2,2,0.00000,0.00000,0.00000,0.00000,0.00000
7.728,0,7713.000,178224,192000,0.000,120.0,8,2,2,0.00000,0.00000,0.00000,0.00000,0.00000
7.728,1,7713.000,178224,192000,0.000,120.0,8,2,2,0.00000,0.00000,0.00000,0.00000,0.00000
7.728,2,5730.000,83057,192000,3999.646,120.0,8,2,2,0.00000,0.00000,0.00000,0.00000,0.00000
7.830,0,7815.000,183135,192000,3999.688,120.0,8,2,2,0.00000,0.00000,0.00000,0.00000,0.00000
7.830,1,7815.000,183135,192000,3999.688,120.0,8,2,2,0.00000,0.00000,0.00000,0.00000,0.00000
7.830,2,5832.000,87968,192000,3999.333,120.0,8,2,2,0.00000,0.00000,0.00000,0.00000,0.00000
7.933,0,7917.000,188054,192000,3999.208,120.0,8,2,2,0.00000,0.00000,0.00000,0.00000,0.00000
7.933,1,7917.000,188054,192000,3999.208,120.0,8,2,2,0.00000,0.00000,0.00000,0.00000,0.00000
7.933,2,5935.000,92887,192000,3999.854,120.0,8,2,2,0.00000,0.00000,0.00000,0.00000,0.00000
8.034,0,8019.000,928,192000,3999.667,120.0,8,3,2,0.00000,0.00000,0.00000,0.00000,0.00000
8.034,1,8019.000,928,192000,3999.667,120.0,8,3,2,0.00000,0.00000,0.00000,0.00000,0.00000
8.034,2,6036.000,97761,192000,3999.312,120.0,8,2,2,0.00000,0.00000,0.00000,0.00000,0.00000
8.135,0,8119.000,5759,192000,3999.021,120.0,8,3,2,0.00000,0.00000,0.00000,0.00000,0.00000
8.135,1,8119.000,5759,192000,3999.021,120.0,8,3,2,0.00000,0.00000,0.00000,0.00000,0.00000
8.135,2,6137.000,102592,192000,3999.667,120.0,8,2,2,0.00000,0.00000,0.00000,0.00000,0.00000
8.237,0,8222.000,10667,192000,3999.771,120.0,8,3,2,0.00000,0.00000,0.00000,0.00000,0.00000
8.237,1,8222.000,10667,192000,3999.771,120.0,8,3,2,0.00000,0.00000,0.00000,0.00000,0.00000
8.237,2,6239.000,107500,192000,3999.417,120.0,8,2,2,0.00000,0.00000,0.00000,0.00000,0.00000
8.340,0,8324.000,15575,192000,3999.521,120.0,8,3,2,0.00000,0.00000,0.00000,0.00000,0.00000
8.340,1,8324.000,15575,192000,3999.521,120.0,8,3,2,0.00000,0.00000,0.00000,0.00000,0.00000
8.340,2,6341.000,112408,192000,3999.167,120.0,8,2,2,0.00000,0.00000,0.00000,0.00000,0.00000
8.440,0,8425.000,20408,192000,3999.833,120.0,8,3,2,0.00000,0.00000,0.00000,0.00000,0.00000
8.440,1,8425.000,20408,192000,3999.833,120.0,8,3,2,0.00000,0.00000,0.00000,0.00000,0.00000
8.440,2,6442.000,117241,192000,3999.479,120.0,8,2,2,0.00000,0.00000,0.00000,0.00000,0.00000
8.542,0,8526.000,25280,192000,3999.333,120.0,8,3,2,0.00000,0.00000,0.00000,0.00000,0.00000
8.542,1,8526.000,25280,192000,3999.333,120.0,8,3,2,0.00000,0.00000,0.00000,0.00000,0.00000
8.542,2,6544.000,122113,192000,3999.979,120.0,8,2,2,0.00000,0.00000,0.00000,0.00000,0.00000
8.642,0,8627.000,30108,192000,3999.750,120.0,8,3,2,0.00000,0.00000,0.00000,0.00000,0.00000
8.642,1,8627.000,30108,192000,3999.750,120.0,8,3,2,0.00000,0.00000,0.00000,0.00000,0.00000
8.642,2,6644.000,126941,192000,3999.396,120.0,8,2,2,0.00000,0.00000,0.00000,0.00000,0.00000
8.743,0,8727.000,34935,192000,3999.188,120.0,8,3,2,0.00000,0.00000,0.00000,0.00000,0.00000
8.743,1,8727.000,34935,192000,3999.188,120.0,8,3,2,0.00000,0.00000,0.00000,0.00000,0.00000
8.743,2,6745.000,131768,192000,3999.833,120.0,8,2,2,0.00000,0.00000,0.00000,0.00000,0.00000
8.844,0,8828.000,39777,192000,3999.312,120.0,8,3,2,0.00000,0.00000,0.00000,0.00000,0.00000
8.844,1,8828.000,39777,192000,3999.312,120.0,8,3,2,0.00000,0.00000,0.00000,0.00000,0.00000
8.844,2,6846.000,136610,192000,3999.958,120.0,8,2,2,0.00000,0.00000,0.00000,0.00000,0.00000
8.944,0,8929.000,44606,192000,3999.708,120.0,8,3,2,0.00000,0.00000,0.00000,0.00000,0.00000
8.944,1,8929.000,44606,192000,3999.708,120.0,8,3,2,0.00000,0.00000,0.00000,0.00000,0.00000
8.944,2,6946.000,141439,192000,3999.354,120.0,8,2,2,0.00000,0.00000,0.00000,0.00000,0.00000
9.048,0,9032.000,49563,192000,3999.438,120.0,8,3,2,0.00000,0.00000,0.00000,0.00000,0.00000
9.048,1,9032.000,49563,192000,3999.438,120.0,8,3,2,0.00000,0.00000,0.00000,0.00000,0.00000
9.048,2,7049.000,146396,192000,3999.083,120.0,8,2,2,0.00000,0.00000,0.00000,0.00000,0.00000
9.148,0,9132.000,54372,192000,3999.250,120.0,8,3,2,0.00000,0.00000,0.00000,0.00000,0.00000
9.148,1,9132.000,54372,192000,3999.250,120.0,8,3,2,0.00000,0.00000,0.00000,0.00000,0.00000
9.148,2,7150.000,151205,192000,3999.896,120.0,8,2,2,0.00000,0.00000,0.00000,0.00000,0.00000
9.249,0,9233.000,59220,192000,3999.250,120.0,8,3,2,0.00000,0.00000,0.00000,0.00000,0.00000
9.249,1,9233.000,59220,192000,3999.250,120.0,8,3,2,0.00000,0.00000,0.00000,0.00000,0.00000
9.249,2,7251.000,156053,192000,3999.896,120.0,8,2,2,0.00000,0.00000,0.00000,0.00000,0.00000
9.350,0,9335.000,64095,192000,3999.688,120.0,8,3,2,0.00000,0.00000,0.00000,0.00000,0.00000
9.350,1,9335.000,64095,192000,3999.688,120.0,8,3,2,0.00000,0.00000,0.00000,0.00000,0.00000
9.350,2,7352.000,160928,192000,3999.333,120.0,8,2,2,0.00000,0.00000,0.00000,0.00000,0.00000
9.452,0,9437.000,68990,192000,3999.708,120.0,8,3,2,0.00000,0.00000,0.00000,0.00000,0.00000
9.452,1,9437.000,68990,192000,3999.708,120.0,8,3,2,0.00000,0.00000,0.00000,0.00000,0.00000
9.452,2,7454.000,165823,192000,3999.354,120.0,8,2,2,0.00000,0.00000,0.00000,0.00000,0.00000
9.557,0,9541.000,74010,192000,3999.125,120.0,8,3,2,0.00000,0.00000,0.00000,0.00000,0.00000
9.557,1,9541.000,74010,192000,3999.125,120.0,8,3,2,0.00000,0.00000,0.00000,0.00000,0.00000
9.557,2,7559.000,170843,192000,3999.771,120.0,8,2,2,0.00000,0.00000,0.00000,0.00000,0.00000
9.658,0,9643.000,78869,192000,3999.896,120.0,8,3,2,0.00000,0.00000,0.00000,0.00000,0.00000
9.658,1,9643.000,78869,192000,3999.896,120.0,8,3,2,0.00000,0.00000,0.00000,0.00000,0.00000
9.658,2,7660.000,175702,192000,3999.542,120.0,8,2,2,0.00000,0.00000,0.00000,0.00000,0.00000
9.760,0,9744.000,83745,192000,3999.312,120.0,8,3,2,0.00000,0.00000,0.00000,0.00000,0.00000
9.760,1,9744.000,83745,192000,3999.312,120.0,8,3,2,0.00000,0.00000,0.00000,0.00000,0.00000
9.760,2,7762.000,180578,192000,3999.958,120.0,8,2,2,0.00000,0.00000,0.00000,0.00000,0.00000
9.860,0,9845.000,88565,192000,3999.896,120.0,8,3,2,0.00000,0.00000,0.00000,0.00000,0.00000
9.860,1,9845.000,88565,192000,3999.896,120.0,8,3,2,0.00000,0.00000,0.00000,0.00000,0.00000
9.860,2,7862.000,185398,192000,3999.542,120.0,8,2,2,0.00000,0.00000,0.00000,0.00000,0.00000
9.963,0,9947.000,93492,192000,3999.250,120.0,8,3,2,0.00000,0.00000,0.00000,0.00000,0.00000
9.963,1,9947.000,93492,192000,3999.250,120.0,8,3,2,0.00000,0.00000,0.00000,0.00000,0.00000
9.963,2,7965.000,190325,192000,3999.896,120.0,8,2,2,0.00000,0.00000,0.00000,0.00000,0.00000
10.064,0,10049.000,98361,192000,3999.812,120.0,8,3,2,0.00000,0.00000,0.00000,0.00000,0.00000
10.064,1,10049.000,98361,192000,3999.812,120.0,8,3,2,0.00000,0.00000,0.00000,0.00000,0.00000
10.064,2,8066.000,3194,192000,3999.458,120.0,8,3,2,0.00000,0.00000,0.00000,0.00000,0.00000
10.165,0,10150.000,103208,192000,3999.833,120.0,8,3,2,0.00000,0.00000,0.00000,0.00000,0.00000
10.165,1,10150.000,103208,192000,3999.833,120.0,8,3,2,0.00000,0.00000,0.00000,0.00000,0.00000
10.165,2,8167.000,8041,192000,3999.479,120.0,8,3,2,0.00000,0.00000,0.00000,0.00000,0.00000
10.266,0,10250.000,108039,192000,3999.188,120.0,8,3,2,0.00000,0.00000,0.00000,0.00000,0.00000
10.266,1,10250.000,108039,192000,3999.188,120.0,8,3,2,0.00000,0.00000,0.00000,0.00000,0.00000
10.266,2,8268.000,12872,192000,3999.833,120.0,8,3,2,0.00000,0.00000,0.00000,0.00000,0.00000
10.366,0,10351.000,112867,192000,3999.604,120.0,8,3,2,0.00000,0.00000,0.00000,0.00000,0.00000
10.366,1,10351.000,112867,192000,3999.604,120.0,8,3,2,0.00000,0.00000,0.00000,0.00000,0.00000
10.366,2,8368.000,17700,192000,3999.250,120.0,8,3,2,0.00000,0.00000,0.00000,0.00000,0.00000
10.468,0,10452.000,117730,192000,3999.292,120.0,8,3,2,0.00000,0.00000,0.00000,0.00000,0.00000
10.468,1,10452.000,117730,192000,3999.292,120.0,8,3,2,0.00000,0.00000,0.00000,0.00000,0.00000
10.468,2,8470.000,22563,192000,3999.938,120.0,8,3,2,0.00000,0.00000,0.00000,0.00000,0.00000
10.569,0,10553.000,122574,192000,3999.375,120.0,8,3,2,0.00000,0.00000,0.00000,0.00000,0.00000
10.569,1,10553.000,122574,192000,3999.375,120.0,8,3,2,0.00000,0.00000,0.00000,0.00000,0.00000
10.569,2,8570.000,27407,192000,3999.021,120.0,8,3,2,0.00000,0.00000,0.00000,0.00000,0.00000
10.671,0,10656.000,127506,192000,3999.625,120.0,8,3,2,0.00000,0.00000,0.00000,0.00000,0.00000
10.671,1,10656.000,127506,192000,3999.625,120.0,8,3,2,0.00000,0.00000,0.00000,0.00000,0.00000
10.671,2,8673.000,32339,192000,3999.271,120.0,8,3,2,0.00000,0.00000,0.00000,0.00000,0.00000
10.774,0,10759.000,132433,192000,3999.979,120.0,8,3,2,0.00000,0.00000,0.00000,0.00000,0.00000
10.774,1,10759.000,132433,192000,3999.979,120.0,8,3,2,0.00000,0.00000,0.00000,0.00000,0.00000
10.774,2,8776.000,37266,192000,3999.625,120.0,8,3,2,0.00000,0.00000,0.00000,0.00000,0.00000
10.875,0,10859.000,137267,192000,3999.271,120.0,8,3,2,0.00000,0.00000,0.00000,0.00000,0.00000
10.875,1,10859.000,137267,192000,3999.271,120.0,8,3,2,0.00000,0.00000,0.00000,0.00000,0.00000
10.875,2,8877.000,42100,192000,3999.917,120.0,8,3,2,0.00000,0.00000,0.00000,0.00000,0.00000
10.976,0,10961.000,142147,192000,3999.604,120.0,8,3,2,0.00000,0.00000,0.00000,0.00000,0.00000
10.976,1,10961.000,142147,192000,3999.604,120.0,8,3,2,0.00000,0.00000,0.00000,0.00000,0.00000
10.976,2,8978.000,46980,192000,3999.250,120.0,8,3,2,0.00000,0.00000,0.00000,0.00000,0.00000
11.077,0,11062.000,146980,192000,3999.917,120.0,8,3,2,0.00000,0.00000,0.00000,0.00000,0.00000
11.077,1,11062.000,146980,192000,3999.917,120.0,8,3,2,0.00000,0.00000,0.00000,0.00000,0.00000
11.077,2,9079.000,51813,192000,3999.562,120.0,8,3,2,0.00000,0.00000,0.00000,0.00000,0.00000
11.180,0,11165.000,151931,192000,3999.771,120.0,8,3,2,0.00000,0.00000,0.00000,0.00000,0.00000
11.180,1,11165.000,151931,192000,3999.771,120.0,8,3,2,0.00000,0.00000,0.00000,0.00000,0.00000
11.180,2,9182.000,56764,192000,3999.417,120.0,8,3,2,0.00000,0.00000,0.00000,0.00000,0.00000
11.281,0,11266.000,156789,192000,3999.562,120.0,8,3,2,0.00000,0.00000,0.00000,0.00000,0.00000
11.281,1,11266.000,156789,192000,3999.562,120.0,8,3,2,0.00000,0.00000,0.00000,0.00000,0.00000
11.281,2,9283.000,61622,192000,3999.208,120.0,8,3,2,0.00000,0.00000,0.00000,0.00000,0.00000
11.384,0,11369.000,161713,192000,3999.979,120.0,8,3,2,0.00000,0.00000,0.00000,0.00000,0.00000
11.384,1,11369.000,161713,192000,3999.979,120.0,8,3,2,0.00000,0.00000,0.00000,0.00000,0.00000
11.384,2,9386.000,66546,192000,3999.625,120.0,8,3,2,0.00000,0.00000,0.00000,0.00000,0.00000
11.485,0,11470.000,166563,192000,3999.938,120.0,8,3,2,0.00000,0.00000,0.00000,0.00000,0.00000
11.485,1,11470.000,166563,192000,3999.938,120.0,8,3,2,0.00000,0.00000,0.00000,0.00000,0.00000
11.485,2,9487.000,71396,192000,3999.583,120.0,8,3,2,0.00000,0.00000,0.00000,0.00000,0.00000
11.585,0,11570.000,171377,192000,3999.646,120.0,8,3,2,0.00000,0.00000,0.00000,0.00000,0.00000
11.585,1,11570.000,171377,192000,3999.646,120.0,8,3,2,0.00000,0.00000,0.00000,0.00000,0.00000
11.585,2,9587.000,76210,192000,3999.292,120.0,8,3,2,0.00000,0.00000,0.00000,0.00000,0.00000
11.686,0,11670.000,176197,192000,3999.229,120.0,8,3,2,0.00000,0.00000,0.00000,0.00000,0.00000
11.686,1,11670.000,176197,192000,3999.229,120.0,8,3,2,0.00000,0.00000,0.00000,0.00000,0.00000
11.686,2,9688.000,81030,192000,3999.875,120.0,8,3,2,0.00000,0.00000,0.00000,0.00000,0.00000
11.788,0,11772.000,181087,192000,3999.354,120.0,8,3,2,0.00000,0.00000,0.00000,0.00000,0.00000
11.788,1,11772.000,181087,192000,3999.354,120.0,8,3,2,0.00000,0.00000,0.00000,0.00000,0.00000
11.788,2,9790.000,85920,192000,0.000,120.0,8,3,2,0.00000,0.00000,0.00000,0.00000,0.00000
11.890,0,11874.000,185998,192000,3999.042,120.0,8,3,2,0.00000,0.00000,0.00000,0.00000,0.00000
11.890,1,11874.000,185998,192000,3999.042,120.0,8,3,2,0.00000,0.00000,0.00000,0.00000,0.00000
11.890,2,9892.000,90831,192000,3999.688,120.0,8,3,2,0.00000,0.00000,0.00000,0.00000,0.00000
11.993,0,11977.000,190919,192000,3999.521,120.0,8,3,2,0.00000,0.00000,0.00000,0.00000,0.00000
11.993,1,11977.000,190919,192000,3999.521,120.0,8,3,2,0.00000,0.00000,0.00000,0.00000,0.00000
11.993,2,9994.000,95752,192000,3999.167,120.0,8,3,2,0.00000,0.00000,0.00000,0.00000,0.00000
12.095,0,12080.000,3840,192000,0.000,120.0,8,4,2,0.00000,0.00000,0.00000,0.00000,0.00000
12.095,1,12080.000,3840,192000,0.000,120.0,8,4,2,0.00000,0.00000,0.00000,0.00000,0.00000
12.095,2,10097.000,100673,192000,3999.646,120.0,8,3,2,0.00000,0.00000,0.00000,0.00000,0.00000
12.197,0,12181.000,8723,192000,3999.271,120.0,8,4,2,0.00000,0.00000,0.00000,0.00000,0.00000
12.197,1,12181.000,8723,192000,3999.271,120.0,8,4,2,0.00000,0.00000,0.00000,0.00000,0.00000
12.197,2,10199.000,105556,192000,3999.917,120.0,8,3,2,0.00000,0.00000,0.00000,0.00000,0.00000
12.299,0,12283.000,13614,192000,3999.375,120.0,8,4,2,0.00000,0.00000,0.00000,0.00000,0.00000
12.299,1,12283.000,13614,192000,3999.375,120.0,8,4,2,0.00000,0.00000,0.00000,0.00000,0.00000
12.299,2,10300.000,110447,192000,3999.021,120.0,8,3,2,0.00000,0.00000,0.00000,0.00000,0.00000
12.401,0,12386.000,18548,192000,3999.583,120.0,8,4,2,0.00000,0.00000,0.00000,0.00000,0.00000
12.401,1,12386.000,18548,192000,3999.583,120.0,8,4,2,0.00000,0.00000,0.00000,0.00000,0.00000
12.401,2,10403.000,115381,192000,3999.229,120.0,8,3,2,0.00000,0.00000,0.00000,0.00000,0.00000
12.502,0,12487.000,23386,192000,3999.792,120.0,8,4,2,0.00000,0.00000,0.00000,0.00000,0.00000
12.502,1,12487.000,23386,192000,3999.792,120.0,8,4,2,0.00000,0.00000,0.00000,0.00000,0.00000
12.502,2,10504.000,120219,192000,3999.438,120.0,8,3,2,0.00000,0.00000,0.00000,0.00000,0.00000
12.604,0,12589.000,28275,192000,3999.938,120.0,8,4,2,0.00000,0.00000,0.00000,0.00000,0.00000
12.604,1,12589.000,28275,192000,3999.938,120.0,8,4,2,0.00000,0.00000,0.00000,0.00000,0.00000
12.604,2,10606.000,125108,192000,3999.583,120.0,8,3,2,0.00000,0.00000,0.00000,0.00000,0.00000
12.706,0,12690.000,33149,192000,3999.396,120.0,8,4,2,0.00000,0.00000,0.00000,0.00000,0.00000
12.706,1,12690.000,33149,192000,3999.396,120.0,8,4,2,0.00000,0.00000,0.00000,0.00000,0.00000
12.706,2,10707.000,129982,192000,3999.042,120.0,8,3,2,0.00000,0.00000,0.00000,0.00000,0.00000
12.807,0,12792.000,38016,192000,0.000,120.0,8,4,2,0.00000,0.00000,0.00000,0.00000,0.00000
12.807,1,12792.000,38016,192000,0.000,120.0,8,4,2,0.00000,0.00000,0.00000,0.00000,0.00000
12.807,2,10809.000,134849,192000,3999.646,120.0,8,3,2,0.00000,0.00000,0.00000,0.00000,0.00000
12.907,0,12892.000,42823,192000,3999.854,120.0,8,4,2,0.00000,0.00000,0.00000,0.00000,0.00000
12.907,1,12892.000,42823,192000,3999.854,120.0,8,4,2,0.00000,0.00000,0.00000,0.00000,0.00000
12.907,2,10909.000,139656,192000,3999.500,120.0,8,3,2,0.00000,0.00000,0.00000,0.00000,0.00000
13.008,0,12993.000,47676,192000,3999.750,120.0,8,4,2,0.00000,0.00000,0.00000,0.00000,0.00000
13.008,1,12993.000,47676,192000,3999.750,120.0,8,4,2,0.00000,0.00000,0.00000,0.00000,0.00000
13.008,2,11010.000,144509,192000,3999.396,120.0,8,3,2,0.00000,0.00000,0.00000,0.00000,0.00000
13.111,0,13095.000,52584,192000,3999.500,120.0,8,4,2,0.00000,0.00000,0.00000,0.00000,0.00000
13.111,1,13095.000,52584,192000,3999.500,120.0,8,4,2,0.00000,0.00000,0.00000,0.00000,0.00000
13.111,2,11112.000,149417,192000,3999.146,120.0,8,3,2,0.00000,0.00000,0.00000,0.00000,0.00000
13.213,0,13198.000,57521,192000,3999.646,120.0,8,4,2,0.00000,0.00000,0.00000,0.00000,0.00000
13.213,1,13198.000,57521,192000,3999.646,120.0,8,4,2,0.00000,0.00000,0.00000,0.00000,0.00000
13.213,2,11215.000,154354,192000,3999.292,120.0,8,3,2,0.00000,0.00000,0.00000,0.00000,0.00000
13.315,0,13300.000,62421,192000,3999.562,120.0,8,4,2,0.00000,0.00000,0.00000,0.00000,0.00000
13.315,1,13300.000,62421,192000,3999.562,120.0,8,4,2,0.00000,0.00000,0.00000,0.00000,0.00000
13.315,2,11317.000,159254,192000,3999.208,120.0,8,3,2,0.00000,0.00000,0.00000,0.00000,0.00000
13.416,0,13400.000,67224,192000,3999.500,120.0,8,4,2,0.00000,0.00000,0.00000,0.00000,0.00000
13.416,1,13400.000,67224,192000,3999.500,120.0,8,4,2,0.00000,0.00000,0.00000,0.00000,0.00000
13.416,2,11417.000,164057,192000,3999.146,120.0,8,3,2,0.00000,0.00000,0.00000,0.00000,0.00000
13.518,0,13502.000,72130,192000,3999.292,120.0,8,4,2,0.00000,0.00000,0.00000,0.00000,0.00000
13.518,1,13502.000,72130,192000,3999.292,120.0,8,4,2,0.00000,0.00000,0.00000,0.00000,0.00000
13.518,2,11520.000,168963,192000,3999.938,120.0,8,3,2,0.00000,0.00000,0.00000,0.00000,0.00000
13.619,0,13604.000,77001,192000,3999.812,120.0,8,4,2,0.00000,0.00000,0.00000,0.00000,0.00000
13.619,1,13604.000,77001,192000,3999.812,120.0,8,4,2,0.00000,0.00000,0.00000,0.00000,0.00000
13.619,2,11621.000,173834,192000,3999.458,120.0,8,3,2,0.00000,0.00000,0.00000,0.00000,0.00000
13.720,0,13704.000,81834,192000,3999.125,120.0,8,4,2,0.00000,0.00000,0.00000,0.00000,0.00000
13.720,1,13704.000,81834,192000,3999.125,120.0,8,4,2,0.00000,0.00000,0.00000,0.00000,0.00000
13.720,2,11722.000,178667,192000,3999.771,120.0,8,3,2,0.00000,0.00000,0.00000,0.00000,0.00000
13.822,0,13807.000,86746,192000,3999.792,120.0,8,4,2,0.00000,0.00000,0.00000,0.00000,0.00000
13.822,1,13807.000,86746,192000,3999.792,120.0,8,4,2,0.00000,0.00000,0.00000,0.00000,0.00000
13.822,2,11824.000,183579,192000,3999.438,120.0,8,3,2,0.00000,0.00000,0.00000,0.00000,0.00000
13.925,0,13909.000,91658,192000,3999.458,120.0,8,4,2,0.00000,0.00000,0.00000,0.00000,0.00000
13.925,1,13909.000,91658,192000,3999.458,120.0,8,4,2,0.00000,0.00000,0.00000,0.00000,0.00000
13.925,2,11926.000,188491,192000,3999.104,120.0,8,3,2,0.00000,0.00000,0.00000,0.00000,0.00000
14.026,0,14011.000,96545,192000,3999.646,120.0,8,4,2,0.00000,0.00000,0.00000,0.00000,0.00000
14.026,1,14011.000,96545,192000,3999.646,120.0,8,4,2,0.00000,0.00000,0.00000,0.00000,0.00000
14.026,2,12028.000,1378,192000,3999.292,120.0,8,4,2,0.00000,0.00000,0.00000,0.00000,0.00000
14.127,0,14111.000,101351,192000,3999.521,120.0,8,4,2,0.00000,0.00000,0.00000,0.00000,0.00000
14.127,1,14111.000,101351,192000,3999.521,120.0,8,4,2,0.00000,0.00000,0.00000,0.00000,0.00000
14.127,2,12128.000,6184,192000,3999.167,120.0,8,4,2,0.00000,0.00000,0.00000,0.00000,0.00000
14.229,0,14213.000,106259,192000,3999.271,120.0,8,4,2,0.00000,0.00000,0.00000,0.00000,0.00000
14.229,1,14213.000,106259,192000,3999.271,120.0,8,4,2,0.00000,0.00000,0.00000,0.00000,0.00000
14.229,2,12231.000,11092,192000,3999.917,120.0,8,4,2,0.00000,0.00000,0.00000,0.00000,0.00000
14.329,0,14314.000,111092,192000,3999.583,120.0,8,4,2,0.00000,0.00000,0.00000,0.00000,0.00000
14.329,1,14314.000,111092,192000,3999.583,120.0,8,4,2,0.00000,0.00000,0.00000,0.00000,0.00000
14.329,2,12331.000,15925,192000,3999.229,120.0,8,4,2,0.00000,0.00000,0.00000,0.00000,0.00000
14.432,0,14417.000,116018,192000,3999.958,120.0,8,4,2,0.00000,0.00000,0.00000,0.00000,0.00000
14.432,1,14417.000,116018,192000,3999.958,120.0,8,4,2,0.00000,0.00000,0.00000,0.00000,0.00000
14.432,2,12434.000,20851,192000,3999.604,120.0,8,4,2,0.00000,0.00000,0.00000,0.00000,0.00000
14.534,0,14518.000,120909,192000,3999.062,120.0,8,4,2,0.00000,0.00000,0.00000,0.00000,0.00000
14.534,1,14518.000,120909,192000,3999.062,120.0,8,4,2,0.00000,0.00000,0.00000,0.00000,0.00000
14.534,2,12536.000,25742,192000,3999.708,120.0,8,4,2,0.00000,0.00000,0.00000,0.00000,0.00000
14.636,0,14621.000,125808,192000,0.000,120.0,8,4,2,0.00000,0.00000,0.00000,0.00000,0.00000
14.636,1,14621.000,125808,192000,0.000,120.0,8,4,2,0.00000,0.00000,0.00000,0.00000,0.00000
14.636,2,12638.000,30641,192000,3999.646,120.0,8,4,2,0.00000,0.00000,0.00000,0.00000,0.00000
14.736,0,14721.000,130609,192000,3999.979,120.0,8,4,2,0.00000,0.00000,0.00000,0.00000,0.00000
14.736,1,14721.000,130609,192000,3999.979,120.0,8,4,2,0.00000,0.00000,0.00000,0.00000,0.00000
14.736,2,12738.000,35442,192000,3999.625,120.0,8,4,2,0.00000,0.00000,0.00000,0.00000,0.00000
14.839,0,14824.000,135553,192000,3999.979,120.0,8,4,2,0.00000,0.00000,0.00000,0.00000,0.00000
14.839,1,14824.000,135553,192000,3999.979,120.0,8,4,2,0.00000,0.00000,0.00000,0.00000,0.00000
14.839,2,12841.000,40386,192000,3999.625,120.0,8,4,2,0.00000,0.00000,0.00000,0.00000,0.00000
14.941,0,14925.000,140435,192000,3999.271,120.0,8,4,2,0.00000,0.00000,0.00000,0.00000,0.00000
14.941,1,14925.000,140435,192000,3999.271,120.0,8,4,2,0.00000,0.00000,0.00000,0.00000,0.00000
14.941,2,12943.000,45268,192000,3999.917,120.0,8,4,2,0.00000,0.00000,0.00000,0.00000,0.00000
15.041,0,15026.000,145260,192000,3999.750,120.0,8,4,2,0.00000,0.00000,0.00000,0.00000,0.00000
15.041,1,15026.000,145260,192000,3999.750,120.0,8,4,2,0.00000,0.00000,0.00000,0.00000,0.00000
15.041,2,13043.000,50093,192000,3999.396,120.0,8,4,2,0.00000,0.00000,0.00000,0.00000,0.00000
15.142,0,15127.000,150109,192000,3999.729,120.0,8,4,2,0.00000,0.00000,0.00000,0.00000,0.00000
15.142,1,15127.000,150109,192000,3999.729,120.0,8,4,2,0.00000,0.00000,0.00000,0.00000,0.00000
15.142,2,13144.000,54942,192000,3999.375,120.0,8,4,2,0.00000,0.00000,0.00000,0.00000,0.00000
15.243,0,15227.000,154939,192000,3999.104,120.0,8,4,2,0.00000,0.00000,0.00000,0.00000,0.00000
15.243,1,15227.000,154939,192000,3999.104,120.0,8,4,2,0.00000,0.00000,0.00000,0.00000,0.00000
15.243,2,13245.000,59772,192000,3999.750,120.0,8,4,2,0.00000,0.00000,0.00000,0.00000,0.00000
15.343,0,15328.000,159761,192000,3999.646,120.0,8,4,2,0.00000,0.00000,0.00000,0.00000,0.00000
15.343,1,15328.000,159761,192000,3999.646,120.0,8,4,2,0.00000,0.00000,0.00000,0.00000,0.00000
15.343,2,13345.000,64594,192000,3999.292,120.0,8,4,2,0.00000,0.00000,0.00000,0.00000,0.00000
15.444,0,15429.000,164593,192000,3999.979,120.0,8,4,2,0.00000,0.00000,0.00000,0.00000,0.00000
15.444,1,15429.000,164593,192000,3999.979,120.0,8,4,2,0.00000,0.00000,0.00000,0.00000,0.00000
15.444,2,13446.000,69426,192000,3999.625,120.0,8,4,2,0.00000,0.00000,0.00000,0.00000,0.00000
15.546,0,15531.000,169496,192000,3999.833,120.0,8,4,2,0.00000,0.00000,0.00000,0.00000,0.00000
15.546,1,15531.000,169496,192000,3999.833,120.0,8,4,2,0.00000,0.00000,0.00000,0.00000,0.00000
15.546,2,13548.000,74329,192000,3999.479,120.0,8,4,2,0.00000,0.00000,0.00000,0.00000,0.00000
15.647,0,15631.000,174327,192000,3999.188,120.0,8,4,2,0.00000,0.00000,0.00000,0.00000,0.00000
15.647,1,15631.000,174327,192000,3999.188,120.0,8,4,2,0.00000,0.00000,0.00000,0.00000,0.00000
15.647,2,13649.000,79160,192000,3999.833,120.0,8,4,2,0.00000,0.00000,0.00000,0.00000,0.00000
15.747,0,15732.000,179153,192000,3999.646,120.0,8,4,2,0.00000,0.00000,0.00000,0.00000,0.00000
15.747,1,15732.000,179153,192000,3999.646,120.0,8,4,2,0.00000,0.00000,0.00000,0.00000,0.00000
15.747,2,13749.000,83986,192000,3999.292,120.0,8,4,2,0.00000,0.00000,0.00000,0.00000,0.00000
15.849,0,15833.000,184009,192000,3999.479,120.0,8,4,2,0.00000,0.00000,0.00000,0.00000,0.00000
15.849,1,15833.000,184009,192000,3999.479,120.0,8,4,2,0.00000,0.00000,0.00000,0.00000,0.00000
15.849,2,13850.000,88842,192000,3999.125,120.0,8,4,2,0.00000,0.00000,0.00000,0.00000,0.00000
15.949,0,15933.000,188818,192000,3999.292,120.0,8,4,2,0.00000,0.00000,0.00000,0.00000,0.00000
15.949,1,15933.000,188818,192000,3999.292,120.0,8,4,2,0.00000,0.00000,0.00000,0.00000,0.00000
15.949,2,13951.000,93651,192000,3999.938,120.0,8,4,2,0.00000,0.00000,0.00000,0.00000,0.00000
16.050,0,16035.000,1693,192000,3999.729,120.0,8,5,2,0.00000,0.00000,0.00000,0.00000,0.00000
16.050,1,16035.000,1693,192000,3999.729,120.0,8,5,2,0.00000,0.00000,0.00000,0.00000,0.00000
16.050,2,14052.000,98526,192000,3999.375,120.0,8,4,2,0.00000,0.00000,0.00000,0.00000,0.00000
16.153,0,16137.000,6609,192000,3999.312,120.0,8,5,2,0.00000,0.00000,0.00000,0.00000,0.00000
16.153,1,16137.000,6609,192000,3999.312,120.0,8,5,2,0.00000,0.00000,0.00000,0.00000,0.00000
16.153,2,14155.000,103442,192000,3999.958,120.0,8,4,2,0.00000,0.00000,0.00000,0.00000,0.00000
16.256,0,16240.000,11543,192000,3999.521,120.0,8,5,2,0.00000,0.00000,0.00000,0.00000,0.00000
16.256,1,16240.000,11543,192000,3999.521,120.0,8,5,2,0.00000,0.00000,0.00000,0.00000,0.00000
16.256,2,14257.000,108376,192000,3999.167,120.0,8,4,2,0.00000,0.00000,0.00000,0.00000,0.00000
16.356,0,16340.000,16346,192000,3999.458,120.0,8,5,2,0.00000,0.00000,0.00000,0.00000,0.00000
16.356,1,16340.000,16346,192000,3999.458,120.0,8,5,2,0.00000,0.00000,0.00000,0.00000,0.00000
16.356,2,14357.000,113179,192000,3999.104,120.0,8,4,2,0.00000,0.00000,0.00000,0.00000,0.00000
16.458,0,16443.000,21272,192000,3999.833,120.0,8,5,2,0.00000,0.00000,0.00000,0.00000,0.00000
16.458,1,16443.000,21272,192000,3999.833,120.0,8,5,2,0.00000,0.00000,0.00000,0.00000,0.00000
16.458,2,14460.000,118105,192000,3999.479,120.0,8,4,2,0.00000,0.00000,0.00000,0.00000,0.00000
16.559,0,16543.000,26098,192000,3999.292,120.0,8,5,2,0.00000,0.00000,0.00000,0.00000,0.00000
16.559,1,16543.000,26098,192000,3999.292,120.0,8,5,2,0.00000,0.00000,0.00000,0.00000,0.00000
16.559,2,14561.000,122931,192000,3999.938,120.0,8,4,2,0.00000,0.00000,0.00000,0.00000,0.00000
16.661,0,16645.000,31005,192000,3999.062,120.0,8,5,2,0.00000,0.00000,0.00000,0.00000,0.00000
16.661,1,16645.000,31005,192000,3999.062,120.0,8,5,2,0.00000,0.00000,0.00000,0.00000,0.00000
16.661,2,14663.000,127838,192000,3999.708,120.0,8,4,2,0.00000,0.00000,0.00000,0.00000,0.00000
16.763,0,16748.000,35920,192000,3999.667,120.0,8,5,2,0.00000,0.00000,0.00000,0.00000,0.00000
16.763,1,16748.000,35920,192000,3999.667,120.0,8,5,2,0.00000,0.00000,0.00000,0.00000,0.00000
16.763,2,14765.000,132753,192000,3999.312,120.0,8,4,2,0.00000,0.00000,0.00000,0.00000,0.00000
16.866,0,16850.000,40826,192000,3999.458,120.0,8,5,2,0.00000,0.00000,0.00000,0.00000,0.00000
16.866,1,16850.000,40826,192000,3999.458,120.0,8,5,2,0.00000,0.00000,0.00000,0.00000,0.00000
16.866,2,14867.000,137659,192000,3999.104,120.0,8,4,2,0.00000,0.00000,0.00000,0.00000,0.00000
16.967,0,16952.000,45699,192000,3999.938,120.0,8,5,2,0.00000,0.00000,0.00000,0.00000,0.00000
16.967,1,16952.000,45699,192000,3999.938,120.0,8,5,2,0.00000,0.00000,0.00000,0.00000,0.00000
16.967,2,14969.000,142532,192000,3999.583,120.0,8,4,2,0.00000,0.00000,0.00000,0.00000,0.00000
17.069,0,17054.000,50605,192000,3999.729,120.0,8,5,2,0.00000,0.00000,0.00000,0.00000,0.00000
17.069,1,17054.000,50605,192000,3999.729,120.0,8,5,2,0.00000,0.00000,0.00000,0.00000,0.00000
17.069,2,15071.000,147438,192000,3999.375,120.0,8,4,2,0.00000,0.00000,0.00000,0.00000,0.00000
17.171,0,17156.000,55488,192000,0.000,120.0,8,5,2,0.00000,0.00000,0.00000,0.00000,0.00000
17.171,1,17156.000,55488,192000,0.000,120.0,8,5,2,0.00000,0.00000,0.00000,0.00000,0.00000
17.171,2,15173.000,152321,192000,3999.646,120.0,8,4,2,0.00000,0.00000,0.00000,0.00000,0.00000
17.274,0,17258.000,60415,192000,3999.354,120.0,8,5,2,0.00000,0.00000,0.00000,0.00000,0.00000
17.274,1,17258.000,60415,192000,3999.354,120.0,8,5,2,0.00000,0.00000,0.00000,0.00000,0.00000
17.274,2,15276.000,157248,192000,0.000,120.0,8,4,2,0.00000,0.00000,0.00000,0.00000,0.00000
17.376,0,17360.000,65302,192000,3999.542,120.0,8,5,2,0.00000,0.00000,0.00000,0.00000,0.00000
17.376,1,17360.000,65302,192000,3999.542,120.0,8,5,2,0.00000,0.00000,0.00000,0.00000,0.00000
17.376,2,15377.000,162135,192000,3999.188,120.0,8,4,2,0.00000,0.00000,0.00000,0.00000,0.00000
17.477,0,17461.000,70174,192000,3999.042,120.0,8,5,2,0.00000,0.00000,0.00000,0.00000,0.00000
17.477,1,17461.000,70174,192000,3999.042,120.0,8,5,2,0.00000,0.00000,0.00000,0.00000,0.00000
17.477,2,15479.000,167007,192000,3999.688,120.0,8,4,2,0.00000,0.00000,0.00000,0.00000,0.00000
17.577,0,17562.000,74979,192000,3999.938,120.0,8,5,2,0.00000,0.00000,0.00000,0.00000,0.00000
17.577,1,17562.000,74979,192000,3999.938,120.0,8,5,2,0.00000,0.00000,0.00000,0.00000,0.00000
17.577,2,15579.000,171812,192000,3999.583,120.0,8,4,2,0.00000,0.00000,0.00000,0.00000,0.00000
17.680,0,17664.000,79903,192000,3999.354,120.0,8,5,2,0.00000,0.00000,0.00000,0.00000,0.00000
17.680,1,17664.000,79903,192000,3999.354,120.0,8,5,2,0.00000,0.00000,0.00000,0.00000,0.00000
17.680,2,15682.000,176736,192000,0.000,120.0,8,4,2,0.00000,0.00000,0.00000,0.00000,0.00000
17.781,0,17766.000,84780,192000,3999.750,120.0,8,5,2,0.00000,0.00000,0.00000,0.00000,0.00000
17.781,1,17766.000,84780,192000,3999.750,120.0,8,5,2,0.00000,0.00000,0.00000,0.00000,0.00000
17.781,2,15783.000,181613,192000,3999.396,120.0,8,4,2,0.00000,0.00000,0.00000,0.00000,0.00000
17.882,0,17866.000,89604,192000,3999.250,120.0,8,5,2,0.00000,0.00000,0.00000,0.00000,0.00000
17.882,1,17866.000,89604,192000,3999.250,120.0,8,5,2,0.00000,0.00000,0.00000,0.00000,0.00000
17.882,2,15884.000,186437,192000,3999.896,120.0,8,4,2,0.00000,0.00000,0.00000,0.00000,0.00000
17.985,0,17969.000,94545,192000,3999.312,120.0,8,5,2,0.00000,0.00000,0.00000,0.00000,0.00000
17.985,1,17969.000,94545,192000,3999.312,120.0,8,5,2,0.00000,0.00000,0.00000,0.00000,0.00000
17.985,2,15987.000,191378,192000,3999.958,120.0,8,4,2,0.00000,0.00000,0.00000,0.00000,0.00000
18.086,0,18071.000,99416,192000,3999.833,120.0,8,5,2,0.00000,0.00000,0.00000,0.00000,0.00000
18.086,1,18071.000,99416,192000,3999.833,120.0,8,5,2,0.00000,0.00000,0.00000,0.00000,0.00000
18.086,2,16088.000,4249,192000,3999.479,120.0,8,5,2,0.09566,0.09536,0.09566,0.00000,0.00000
18.187,0,18172.000,104265,192000,3999.812,120.0,8,5,2,0.00000,0.00000,0.00000,0.00000,0.00000
18.187,1,18172.000,104265,192000,3999.812,120.0,8,5,2,0.00000,0.00000,0.00000,0.00000,0.00000
18.187,2,16189.000,9098,192000,3999.458,120.0,8,5,2,0.06284,0.06265,0.06284,0.00000,0.00000
18.288,0,18272.000,109099,192000,3999.104,120.0,8,5,2,0.00000,0.00000,0.00000,0.00000,0.00000
18.288,1,18272.000,109099,192000,3999.104,120.0,8,5,2,0.00000,0.00000,0.00000,0.00000,0.00000
18.288,2,16290.000,13932,192000,3999.750,120.0,8,5,2,0.04134,0.04121,0.04134,0.00000,0.00000
18.389,0,18373.000,113950,192000,3999.042,120.0,8,5,2,0.00000,0.00000,0.00000,0.00000,0.00000
18.389,1,18373.000,113950,192000,3999.042,120.0,8,5,2,0.00000,0.00000,0.00000,0.00000,0.00000
18.389,2,16391.000,18783,192000,3999.688,120.0,8,5,2,0.02715,0.02707,0.02715,0.00000,0.00000
18.489,0,18474.000,118771,192000,3999.604,120.0,8,5,2,0.00000,0.00000,0.00000,0.00000,0.00000
18.489,1,18474.000,118771,192000,3999.604,120.0,8,5,2,0.00000,0.00000,0.00000,0.00000,0.00000
18.489,2,16491.000,23604,192000,3999.250,120.0,8,5,2,0.01788,0.01783,0.01788,0.00000,0.00000
18.590,0,18575.000,123602,192000,3999.958,120.0,8,5,2,0.00000,0.00000,0.00000,0.00000,0.00000
18.590,1,18575.000,123602,192000,3999.958,120.0,8,5,2,0.00000,0.00000,0.00000,0.00000,0.00000
18.590,2,16592.000,28435,192000,3999.604,120.0,8,5,2,0.01177,0.01173,0.01177,0.00000,0.00000
18.691,0,18676.000,128449,192000,3999.979,120.0,8,5,2,0.00000,0.00000,0.00000,0.00000,0.00000
18.691,1,18676.000,128449,192000,3999.979,120.0,8,5,2,0.00000,0.00000,0.00000,0.00000,0.00000
18.691,2,16693.000,33282,192000,3999.625,120.0,8,5,2,0.00773,0.00771,0.00773,0.00000,0.00000
18.791,0,18776.000,133268,192000,3999.583,120.0,8,5,2,0.00000,0.00000,0.00000,0.00000,0.00000
18.791,1,18776.000,133268,192000,3999.583,120.0,8,5,2,0.00000,0.00000,0.00000,0.00000,0.00000
18.791,2,16793.000,38101,192000,3999.229,120.0,8,5,2,0.00509,0.00508,0.00509,0.00000,0.00000
18.892,0,18876.000,138072,192000,3999.500,120.0,8,5,2,0.00000,0.00000,0.00000,0.00000,0.00000
18.892,1,18876.000,138072,192000,3999.500,120.0,8,5,2,0.00000,0.00000,0.00000,0.00000,0.00000
18.892,2,16893.000,42905,192000,3999.146,120.0,8,5,2,0.00336,0.00335,0.00336,0.00000,0.00000
18.994,0,18979.000,143008,192000,3999.667,120.0,8,5,2,0.00000,0.00000,0.00000,0.00000,0.00000
18.994,1,18979.000,143008,192000,3999.667,120.0,8,5,2,0.00000,0.00000,0.00000,0.00000,0.00000
18.994,2,16996.000,47841,192000,3999.312,120.0,8,5,2,0.00219,0.00218,0.00219,0.00000,0.00000
19.096,0,19080.000,147873,192000,3999.312,120.0,8,5,2,0.00000,0.00000,0.00000,0.00000,0.00000
19.096,1,19080.000,147873,192000,3999.312,120.0,8,5,2,0.00000,0.00000,0.00000,0.00000,0.00000
19.096,2,17098.000,52706,192000,3999.958,120.0,8,5,2,0.00144,0.00143,0.00144,0.00000,0.00000
19.198,0,19183.000,152793,192000,3999.812,120.0,8,5,2,0.00000,0.00000,0.00000,0.00000,0.00000
19.198,1,19183.000,152793,192000,3999.812,120.0,8,5,2,0.00000,0.00000,0.00000,0.00000,0.00000
19.198,2,17200.000,57626,192000,3999.458,120.0,8,5,2,0.00094,0.00094,0.00094,0.00000,0.00000
19.300,0,19285.000,157688,192000,3999.833,120.0,8,5,2,0.00000,0.00000,0.00000,0.00000,0.00000
19.300,1,19285.000,157688,192000,3999.833,120.0,8,5,2,0.00000,0.00000,0.00000,0.00000,0.00000
19.300,2,17302.000,62521,192000,3999.479,120.0,8,5,2,0.00061,0.00061,0.00061,0.00000,0.00000
19.400,0,19385.000,162495,192000,3999.688,120.0,8,5,2,0.00000,0.00000,0.00000,0.00000,0.00000
19.400,1,19385.000,162495,192000,3999.688,120.0,8,5,2,0.00000,0.00000,0.00000,0.00000,0.00000
19.400,2,17402.000,67328,192000,3999.333,120.0,8,5,2,0.00040,0.00040,0.00040,0.00000,0.00000
19.502,0,19487.000,167389,192000,3999.729,120.0,8,5,2,0.00000,0.00000,0.00000,0.00000,0.00000
19.502,1,19487.000,167389,192000,3999.729,120.0,8,5,2,0.00000,0.00000,0.00000,0.00000,0.00000
19.502,2,17504.000,72222,192000,3999.375,120.0,8,5,2,0.00026,0.00026,0.00026,0.00000,0.00000
19.603,0,19588.000,172240,192000,3999.667,120.0,8,5,2,0.00000,0.00000,0.00000,0.00000,0.00000
19.603,1,19588.000,172240,192000,3999.667,120.0,8,5,2,0.00000,0.00000,0.00000,0.00000,0.00000
19.603,2,17605.000,77073,192000,3999.312,120.0,8,5,2,0.00017,0.00017,0.00017,0.00000,0.00000
19.704,0,19689.000,177088,192000,3999.667,120.0,8,5,2,0.00000,0.00000,0.00000,0.00000,0.00000
19.704,1,19689.000,177088,192000,3999.667,120.0,8,5,2,0.00000,0.00000,0.00000,0.00000,0.00000
19.704,2,17706.000,81921,192000,3999.312,120.0,8,5,2,0.00011,0.00011,0.00011,0.00000,0.00000
19.805,0,19790.000,181930,192000,3999.792,120.0,8,5,2,0.00000,0.00000,0.00000,0.00000,0.00000
19.805,1,19790.000,181930,192000,3999.792,120.0,8,5,2,0.00000,0.00000,0.00000,0.00000,0.00000
19.805,2,17807.000,86763,192000,3999.438,120.0,8,5,2,0.00008,0.00007,0.00008,0.00000,0.00000
19.907,0,19892.000,186817,192000,3999.979,120.0,8,5,2,0.00000,0.00000,0.00000,0.00000,0.00000
19.907,1,19892.000,186817,192000,3999.979,120.0,8,5,2,0.00000,0.00000,0.00000,0.00000,0.00000
19.907,2,17909.000,91650,192000,3999.625,120.0,8,5,2,0.00005,0.00005,0.00005,0.00000,0.00000
20.008,0,19993.000,191669,192000,3999.896,120.0,8,5,2,0.00000,0.00000,0.00000,0.00000,0.00000
20.008,1,19993.000,191669,192000,3999.896,120.0,8,5,2,0.00000,0.00000,0.00000,0.00000,0.00000
20.008,2,18010.000,96502,192000,3999.542,120.0,8,5,2,0.00003,0.00003,0.00003,0.00000,0.00000
20.110,0,20094.000,4556,192000,3999.083,120.0,8,6,2,0.09278,0.09270,0.09278,0.00000,0.00000
20.110,1,20094.000,4556,192000,3999.083,120.0,8,6,2,0.09270,0.09270,0.09264,0.00000,0.00000
20.110,2,18112.000,101389,192000,3999.729,120.0,8,5,2,0.00002,0.00002,0.00002,0.00000,0.00000
20.212,0,20197.000,9467,192000,3999.771,120.0,8,6,2,0.06063,0.06057,0.06063,0.00000,0.00000
20.212,1,20197.000,9467,192000,3999.771,120.0,8,6,2,0.06057,0.06057,0.06054,0.00000,0.00000
20.212,2,18214.000,106300,192000,3999.417,120.0,8,5,2,0.00001,0.00001,0.00001,0.00000,0.00000
20.315,0,20300.000,14403,192000,3999.938,120.0,8,6,2,0.03953,0.03949,0.03953,0.00000,0.00000
20.315,1,20300.000,14403,192000,3999.938,120.0,8,6,2,0.03949,0.03949,0.03947,0.00000,0.00000
20.315,2,18317.000,111236,192000,3999.583,120.0,8,5,2,0.00001,0.00001,0.00001,0.00000,0.00000
20.415,0,20400.000,19217,192000,3999.646,120.0,8,6,2,0.02605,0.02602,0.02605,0.00000,0.00000
20.415,1,20400.000,19217,192000,3999.646,120.0,8,6,2,0.02602,0.02602,0.02601,0.00000,0.00000
20.415,2,18417.000,116050,192000,3999.292,120.0,8,5,2,0.00001,0.00001,0.00001,0.00000,0.00000
20.516,0,20501.000,24062,192000,3999.708,120.0,8,6,2,0.01712,0.01710,0.01712,0.00000,0.00000
20.516,1,20501.000,24062,192000,3999.708,120.0,8,6,2,0.01710,0.01710,0.01709,0.00000,0.00000
20.516,2,18518.000,120895,192000,3999.354,120.0,8,5,2,0.00000,0.00000,0.00000,0.00000,0.00000
20.619,0,20603.000,28971,192000,3999.438,120.0,8,6,2,0.01119,0.01118,0.01119,0.00000,0.00000
20.619,1,20603.000,28971,192000,3999.438,120.0,8,6,2,0.01118,0.01118,0.01117,0.00000,0.00000
20.619,2,18620.000,125804,192000,3999.083,120.0,8,5,2,0.00000,0.00000,0.00000,0.00000,0.00000
20.721,0,20705.000,33871,192000,3999.354,120.0,8,6,2,0.00732,0.00731,0.00732,0.00000,0.00000
20.721,1,20705.000,33871,192000,3999.354,120.0,8,6,2,0.00731,0.00731,0.00731,0.00000,0.00000
20.721,2,18723.000,130704,192000,0.000,120.0,8,5,2,0.00000,0.00000,0.00000,0.00000,0.00000
20.821,0,20805.000,38674,192000,3999.292,120.0,8,6,2,0.00483,0.00482,0.00483,0.00000,0.00000
20.821,1,20805.000,38674,192000,3999.292,120.0,8,6,2,0.00482,0.00482,0.00482,0.00000,0.00000
20.821,2,18823.000,135507,192000,3999.938,120.0,8,5,2,0.00000,0.00000,0.00000,0.00000,0.00000
20.923,0,20907.000,43572,192000,3999.250,120.0,8,6,2,0.00316,0.00315,0.00316,0.00000,0.00000
20.923,1,20907.000,43572,192000,3999.250,120.0,8,6,2,0.00315,0.00315,0.00315,0.00000,0.00000
20.923,2,18925.000,140405,192000,3999.896,120.0,8,5,2,0.00000,0.00000,0.00000,0.00000,0.00000
21.024,0,21009.000,48434,192000,3999.958,120.0,8,6,2,0.00207,0.00207,0.00207,0.00000,0.00000
21.024,1,21009.000,48434,192000,3999.958,120.0,8,6,2,0.00207,0.00207,0.00207,0.00000,0.00000
21.024,2,19026.000,145267,192000,3999.604,120.0,8,5,2,0.00000,0.00000,0.00000,0.00000,0.00000
21.125,0,21110.000,53291,192000,3999.771,120.0,8,6,2,0.00136,0.00136,0.00136,0.00000,0.00000
21.125,1,21110.000,53291,192000,3999.771,120.0,8,6,2,0.00136,0.00136,0.00136,0.00000,0.00000
21.125,2,19127.000,150124,192000,3999.417,120.0,8,5,2,0.00000,0.00000,0.00000,0.00000,0.00000
21.228,0,21213.000,58225,192000,3999.979,120.0,8,6,2,0.00089,0.00089,0.00089,0.00000,0.00000
21.228,1,21213.000,58225,192000,3999.979,120.0,8,6,2,0.00089,0.00089,0.00089,0.00000,0.00000
21.228,2,19230.000,155058,192000,3999.625,120.0,8,5,2,0.00000,0.00000,0.00000,0.00000,0.00000
21.329,0,21313.000,63048,192000,3999.500,120.0,8,6,2,0.00058,0.00058,0.00058,0.00000,0.00000
21.329,1,21313.000,63048,192000,3999.500,120.0,8,6,2,0.00058,0.00058,0.00058,0.00000,0.00000
21.329,2,19330.000,159881,192000,3999.146,120.0,8,5,2,0.00000,0.00000,0.00000,0.00000,0.00000
21.431,0,21415.000,67950,192000,3999.375,120.0,8,6,2,0.00038,0.00038,0.00038,0.00000,0.00000
21.431,1,21415.000,67950,192000,3999.375,120.0,8,6,2,0.00038,0.00038,0.00038,0.00000,0.00000
21.431,2,19432.000,164783,192000,3999.021,120.0,8,5,2,0.00000,0.00000,0.00000,0.00000,0.00000
21.532,0,21516.000,72807,192000,3999.188,120.0,8,6,2,0.00025,0.00025,0.00025,0.00000,0.00000
21.532,1,21516.000,72807,192000,3999.188,120.0,8,6,2,0.00025,0.00025,0.00025,0.00000,0.00000
21.532,2,19534.000,169640,192000,3999.833,120.0,8,5,2,0.00000,0.00000,0.00000,0.00000,0.00000
21.634,0,21619.000,77727,192000,3999.688,120.0,8,6,2,0.00016,0.00016,0.00016,0.00000,0.00000
21.634,1,21619.000,77727,192000,3999.688,120.0,8,6,2,0.00016,0.00016,0.00016,0.00000,0.00000
21.634,2,19636.000,174560,192000,3999.333,120.0,8,5,2,0.00000,0.00000,0.00000,0.00000,0.00000
21.735,0,21719.000,82539,192000,3999.438,120.0,8,6,2,0.00011,0.00011,0.00011,0.00000,0.00000
21.735,1,21719.000,82539,192000,3999.438,120.0,8,6,2,0.00011,0.00011,0.00011,0.00000,0.00000
21.735,2,19736.000,179372,192000,3999.083,120.0,8,5,2,0.00000,0.00000,0.00000,0.00000,0.00000
21.836,0,21821.000,87428,192000,3999.583,120.0,8,6,2,0.00007,0.00007,0.00007,0.00000,0.00000
21.836,1,21821.000,87428,192000,3999.583,120.0,8,6,2,0.00007,0.00007,0.00007,0.00000,0.00000
21.836,2,19838.000,184261,192000,3999.229,120.0,8,5,2,0.00000,0.00000,0.00000,0.00000,0.00000
21.939,0,21923.000,92329,192000,3999.479,120.0,8,6,2,0.00005,0.00005,0.00005,0.00000,0.00000
21.939,1,21923.000,92329,192000,3999.479,120.0,8,6,2,0.00005,0.00005,0.00005,0.00000,0.00000
21.939,2,19940.000,189162,192000,3999.125,120.0,8,5,2,0.00000,0.00000,0.00000,0.00000,0.00000
22.040,0,22025.000,97207,192000,3999.854,120.0,8,6,2,0.00003,0.00003,0.00003,0.00000,0.00000
22.040,1,22025.000,97207,192000,3999.854,120.0,8,6,2,0.00003,0.00003,0.00003,0.00000,0.00000
22.040,2,20042.000,2040,192000,3999.500,120.0,8,6,2,0.00000,0.00000,0.00000,0.00000,0.00000
22.142,0,22126.000,102083,192000,3999.271,120.0,8,6,2,0.00002,0.00002,0.00002,0.00000,0.00000
22.142,1,22126.000,102083,192000,3999.271,120.0,8,6,2,0.00002,0.00002,0.00002,0.00000,0.00000
22.142,2,20144.000,6916,192000,3999.917,120.0,8,6,2,0.00000,0.00000,0.00000,0.00000,0.00000
22.243,0,22228.000,106955,192000,3999.771,120.0,8,6,2,0.00001,0.00001,0.00001,0.00000,0.00000
22.243,1,22228.000,106955,192000,3999.771,120.0,8,6,2,0.00001,0.00001,0.00001,0.00000,0.00000
22.243,2,20245.000,11788,192000,3999.417,120.0,8,6,2,0.00000,0.00000,0.00000,0.00000,0.00000
22.344,0,22328.000,111787,192000,3999.104,120.0,8,6,2,0.00001,0.00001,0.00001,0.00000,0.00000
22.344,1,22328.000,111787,192000,3999.104,120.0,8,6,2,0.00001,0.00001,0.00001,0.00000,0.00000
22.344,2,20346.000,16620,192000,3999.750,120.0,8,6,2,0.00000,0.00000,0.00000,0.00000,0.00000
22.445,0,22429.000,116630,192000,3999.208,120.0,8,6,2,0.00001,0.00001,0.00001,0.00000,0.00000
22.445,1,22429.000,116630,192000,3999.208,120.0,8,6,2,0.00001,0.00001,0.00001,0.00000,0.00000
22.445,2,20447.000,21463,192000,3999.854,120.0,8,6,2,0.00000,0.00000,0.00000,0.00000,0.00000
22.547,0,22531.000,121527,192000,3999.188,120.0,8,6,2,0.00000,0.00000,0.00000,0.00000,0.00000
22.547,1,22531.000,121527,192000,3999.188,120.0,8,6,2,0.00000,0.00000,0.00000,0.00000,0.00000
22.547,2,20549.000,26360,192000,3999.833,120.0,8,6,2,0.00000,0.00000,0.00000,0.00000,0.00000
22.648,0,22632.000,126363,192000,3999.438,120.0,8,6,2,0.00000,0.00000,0.00000,0.00000,0.00000
22.648,1,22632.000,126363,192000,3999.438,120.0,8,6,2,0.00000,0.00000,0.00000,0.00000,0.00000
22.648,2,20649.000,31196,192000,3999.083,120.0,8,6,2,0.00000,0.00000,0.00000,0.00000,0.00000
22.748,0,22732.000,131181,192000,3999.062,120.0,8,6,2,0.00000,0.00000,0.00000,0.00000,0.00000
22.748,1,22732.000,131181,192000,3999.062,120.0,8,6,2,0.00000,0.00000,0.00000,0.00000,0.00000
22.748,2,20750.000,36014,192000,3999.708,120.0,8,6,2,0.00000,0.00000,0.00000,0.00000,0.00000
22.850,0,22835.000,136091,192000,3999.771,120.0,8,6,2,0.00000,0.00000,0.00000,0.00000,0.00000
22.850,1,22835.000,136091,192000,3999.771,120.0,8,6,2,0.00000,0.00000,0.00000,0.00000,0.00000
22.850,2,20852.000,40924,192000,3999.417,120.0,8,6,2,0.00000,0.00000,0.00000,0.00000,0.00000
22.953,0,22937.000,141003,192000,3999.438,120.0,8,6,2,0.00000,0.00000,0.00000,0.00000,0.00000
22.953,1,22937.000,141003,192000,3999.438,120.0,8,6,2,0.00000,0.00000,0.00000,0.00000,0.00000
22.953,2,20954.000,45836,192000,3999.083,120.0,8,6,2,0.00000,0.00000,0.00000,0.00000,0.00000
23.055,0,23040.000,145931,192000,3999.771,120.0,8,6,2,0.00000,0.00000,0.00000,0.00000,0.00000
23.055,1,23040.000,145931,192000,3999.771,120.0,8,6,2,0.00000,0.00000,0.00000,0.00000,0.00000
23.055,2,21057.000,50764,192000,3999.417,120.0,8,6,2,0.00000,0.00000,0.00000,0.00000,0.00000
23.156,0,23141.000,150776,192000,3999.833,120.0,8,6,2,0.00000,0.00000,0.00000,0.00000,0.00000
23.156,1,23141.000,150776,192000,3999.833,120.0,8,6,2,0.00000,0.00000,0.00000,0.00000,0.00000
23.156,2,21158.000,55609,192000,3999.479,120.0,8,6,2,0.00000,0.00000,0.00000,0.00000,0.00000
23.256,0,23241.000,155580,192000,3999.750,120.0,8,6,2,0.00000,0.00000,0.00000,0.00000,0.00000
23.256,1,23241.000,155580,192000,3999.750,120.0,8,6,2,0.00000,0.00000,0.00000,0.00000,0.00000
23.256,2,21258.000,60413,192000,3999.396,120.0,8,6,2,0.00000,0.00000,0.00000,0.00000,0.00000
23.361,0,23346.000,160618,192000,3999.792,120.0,8,6,2,0.00000,0.00000,0.00000,0.00000,0.00000
23.361,1,23346.000,160618,192000,3999.792,120.0,8,6,2,0.00000,0.00000,0.00000,0.00000,0.00000
23.361,2,21363.000,65451,192000,3999.438,120.0,8,6,2,0.00000,0.00000,0.00000,0.00000,0.00000
23.463,0,23448.000,165506,192000,3999.958,120.0,8,6,2,0.00000,0.00000,0.00000,0.00000,0.00000
23.463,1,23448.000,165506,192000,3999.958,120.0,8,6,2,0.00000,0.00000,0.00000,0.00000,0.00000
23.463,2,21465.000,70339,192000,3999.604,120.0,8,6,2,0.00000,0.00000,0.00000,0.00000,0.00000
23.565,0,23549.000,170398,192000,3999.042,120.0,8,6,2,0.00000,0.00000,0.00000,0.00000,0.00000
23.565,1,23549.000,170398,192000,3999.042,120.0,8,6,2,0.00000,0.00000,0.00000,0.00000,0.00000
23.565,2,21567.000,75231,192000,3999.688,120.0,8,6,2,0.00000,0.00000,0.00000,0.00000,0.00000
23.668,0,23652.000,175321,192000,3999.479,120.0,8,6,2,0.00000,0.00000,0.00000,0.00000,0.00000
23.668,1,23652.000,175321,192000,3999.479,120.0,8,6,2,0.00000,0.00000,0.00000,0.00000,0.00000
23.668,2,21669.000,80154,192000,3999.125,120.0,8,6,2,0.00000,0.00000,0.00000,0.00000,0.00000
23.770,0,23754.000,180238,192000,3999.042,120.0,8,6,2,0.00000,0.00000,0.00000,0.00000,0.00000
23.770,1,23754.000,180238,192000,3999.042,120.0,8,6,2,0.00000,0.00000,0.00000,0.00000,0.00000
23.770,2,21772.000,85071,192000,3999.688,120.0,8,6,2,0.00000,0.00000,0.00000,0.00000,0.00000
23.871,0,23856.000,185101,192000,3999.729,120.0,8,6,2,0.00000,0.00000,0.00000,0.00000,0.00000
23.871,1,23856.000,185101,192000,3999.729,120.0,8,6,2,0.00000,0.00000,0.00000,0.00000,0.00000
23.871,2,21873.000,89934,192000,3999.375,120.0,8,6,2,0.00000,0.00000,0.00000,0.00000,0.00000
23.974,0,23959.000,190032,192000,0.000,120.0,8,6,2,0.00000,0.00000,0.00000,0.00000,0.00000
23.974,1,23959.000,190032,192000,0.000,120.0,8,6,2,0.00000,0.00000,0.00000,0.00000,0.00000
23.974,2,21976.000,94865,192000,3999.646,120.0,8,6,2,0.00000,0.00000,0.00000,0.00000,0.00000
24.076,0,24060.000,2921,192000,3999.146,120.0,8,7,2,0.00000,0.00000,0.00000,0.00000,0.00000
24.076,1,24060.000,2921,192000,3999.146,120.0,8,7,2,0.00000,0.00000,0.00000,0.00000,0.00000
24.076,2,22078.000,99754,192000,3999.792,120.0,8,6,2,0.00000,0.00000,0.00000,0.00000,0.00000
24.179,0,24163.000,7848,192000,3999.500,120.0,8,7,2,0.00000,0.00000,0.00000,0.00000,0.00000
24.179,1,24163.000,7848,192000,3999.500,120.0,8,7,2,0.00000,0.00000,0.00000,0.00000,0.00000
24.179,2,22180.000,104681,192000,3999.146,120.0,8,6,2,0.00000,0.00000,0.00000,0.00000,0.00000
24.280,0,24264.000,12710,192000,3999.208,120.0,8,7,2,0.00000,0.00000,0.00000,0.00000,0.00000
24.280,1,24264.000,12710,192000,3999.208,120.0,8,7,2,0.00000,0.00000,0.00000,0.00000,0.00000
24.280,2,22282.000,109543,192000,3999.854,120.0,8,6,2,0.00000,0.00000,0.00000,0.00000,0.00000
24.381,0,24366.000,17584,192000,3999.667,120.0,8,7,2,0.00000,0.00000,0.00000,0.00000,0.00000
24.381,1,24366.000,17584,192000,3999.667,120.0,8,7,2,0.00000,0.00000,0.00000,0.00000,0.00000
24.381,2,22383.000,114417,192000,3999.312,120.0,8,6,2,0.00000,0.00000,0.00000,0.00000,0.00000
24.484,0,24469.000,22533,192000,3999.562,120.0,8,7,2,0.00000,0.00000,0.00000,0.00000,0.00000
24.484,1,24469.000,22533,192000,3999.562,120.0,8,7,2,0.00000,0.00000,0.00000,0.00000,0.00000
24.484,2,22486.000,119366,192000,3999.208,120.0,8,6,2,0.00000,0.00000,0.00000,0.00000,0.00000
24.586,0,24571.000,27423,192000,3999.688,120.0,8,7,2,0.00000,0.00000,0.00000,0.00000,0.00000
24.586,1,24571.000,27423,192000,3999.688,120.0,8,7,2,0.00000,0.00000,0.00000,0.00000,0.00000
24.586,2,22588.000,124256,192000,3999.333,120.0,8,6,2,0.00000,0.00000,0.00000,0.00000,0.00000
24.689,0,24673.000,32348,192000,3999.083,120.0,8,7,2,0.00000,0.00000,0.00000,0.00000,0.00000
24.689,1,24673.000,32348,192000,3999.083,120.0,8,7,2,0.00000,0.00000,0.00000,0.00000,0.00000
24.689,2,22691.000,129181,192000,3999.729,120.0,8,6,2,0.00000,0.00000,0.00000,0.00000,0.00000
24.791,0,24776.000,37255,192000,3999.854,120.0,8,7,2,0.00000,0.00000,0.00000,0.00000,0.00000
24.791,1,24776.000,37255,192000,3999.854,120.0,8,7,2,0.00000,0.00000,0.00000,0.00000,0.00000
24.791,2,22793.000,134088,192000,3999.500,120.0,8,6,2,0.00000,0.00000,0.00000,0.00000,0.00000
24.892,0,24876.000,42079,192000,3999.354,120.0,8,7,2,0.00000,0.00000,0.00000,0.00000,0.00000
24.892,1,24876.000,42079,192000,3999.354,120.0,8,7,2,0.00000,0.00000,0.00000,0.00000,0.00000
24.892,2,22894.000,138912,192000,0.000,120.0,8,6,2,0.00000,0.00000,0.00000,0.00000,0.00000
24.995,0,24979.000,47014,192000,3999.542,120.0,8,7,2,0.00000,0.00000,0.00000,0.00000,0.00000
24.995,1,24979.000,47014,192000,3999.542,120.0,8,7,2,0.00000,0.00000,0.00000,0.00000,0.00000
24.995,2,22996.000,143847,192000,3999.188,120.0,8,6,2,0.00000,0.00000,0.00000,0.00000,0.00000
25.096,0,25080.000,51871,192000,3999.354,120.0,8,7,2,0.00000,0.00000,0.00000,0.00000,0.00000
25.096,1,25080.000,51871,192000,3999.354,120.0,8,7,2,0.00000,0.00000,0.00000,0.00000,0.00000
25.096,2,23098.000,148704,192000,0.000,120.0,8,6,2,0.00000,0.00000,0.00000,0.00000,0.00000
25.196,0,25181.000,56692,192000,3999.917,120.0,8,7,2,0.00000,0.00000,0.00000,0.00000,0.00000
25.196,1,25181.000,56692,192000,3999.917,120.0,8,7,2,0.00000,0.00000,0.00000,0.00000,0.00000
25.196,2,23198.000,153525,192000,3999.562,120.0,8,6,2,0.00000,0.00000,0.00000,0.00000,0.00000
25.298,0,25283.000,61600,192000,3999.667,120.0,8,7,2,0.00000,0.00000,0.00000,0.00000,0.00000
25.298,1,25283.000,61600,192000,3999.667,120.0,8,7,2,0.00000,0.00000,0.00000,0.00000,0.00000
25.298,2,23300.000,158433,192000,3999.312,120.0,8,6,2,0.00000,0.00000,0.00000,0.00000,0.00000
25.402,0,25386.000,66550,192000,3999.542,120.0,8,7,2,0.00000,0.00000,0.00000,0.00000,0.00000
25.402,1,25386.000,66550,192000,3999.542,120.0,8,7,2,0.00000,0.00000,0.00000,0.00000,0.00000
25.402,2,23403.000,163383,192000,3999.188,120.0,8,6,2,0.00000,0.00000,0.00000,0.00000,0.00000
25.502,0,25486.000,71359,192000,3999.354,120.0,8,7,2,0.00000,0.00000,0.00000,0.00000,0.00000
25.502,1,25486.000,71359,192000,3999.354,120.0,8,7,2,0.00000,0.00000,0.00000,0.00000,0.00000
25.502,2,23504.000,168192,192000,0.000,120.0,8,6,2,0.00000,0.00000,0.00000,0.00000,0.00000
25.605,0,25589.000,76294,192000,3999.542,120.0,8,7,2,0.00000,0.00000,0.00000,0.00000,0.00000
25.605,1,25589.000,76294,192000,3999.542,120.0,8,7,2,0.00000,0.00000,0.00000,0.00000,0.00000
25.605,2,23606.000,173127,192000,3999.188,120.0,8,6,2,0.00000,0.00000,0.00000,0.00000,0.00000
25.705,0,25689.000,81094,192000,3999.542,120.0,8,7,2,0.00000,0.00000,0.00000,0.00000,0.00000
25.705,1,25689.000,81094,192000,3999.542,120.0,8,7,2,0.00000,0.00000,0.00000,0.00000,0.00000
25.705,2,23706.000,177927,192000,3999.188,120.0,8,6,2,0.00000,0.00000,0.00000,0.00000,0.00000
25.807,0,25791.000,86002,192000,3999.292,120.0,8,7,2,0.00000,0.00000,0.00000,0.00000,0.00000
25.807,1,25791.000,86002,192000,3999.292,120.0,8,7,2,0.00000,0.00000,0.00000,0.00000,0.00000
25.807,2,23809.000,182835,192000,3999.938,120.0,8,6,2,0.00000,0.00000,0.00000,0.00000,0.00000
25.908,0,25892.000,90851,192000,3999.271,120.0,8,7,2,0.00000,0.00000,0.00000,0.00000,0.00000
25.908,1,25892.000,90851,192000,3999.271,120.0,8,7,2,0.00000,0.00000,0.00000,0.00000,0.00000
25.908,2,23910.000,187684,192000,3999.917,120.0,8,6,2,0.00000,0.00000,0.00000,0.00000,0.00000
26.009,0,25993.000,95695,192000,3999.354,120.0,8,7,2,0.00000,0.00000,0.00000,0.00000,0.00000
26.009,1,25993.000,95695,192000,3999.354,120.0,8,7,2,0.00000,0.00000,0.00000,0.00000,0.00000
26.009,2,24011.000,528,192000,0.000,120.0,8,7,2,0.00000,0.00000,0.00000,0.00000,0.00000
26.110,0,26094.000,100557,192000,3999.062,120.0,8,7,2,0.00000,0.00000,0.00000,0.00000,0.00000
26.110,1,26094.000,100557,192000,3999.062,120.0,8,7,2,0.00000,0.00000,0.00000,0.00000,0.00000
26.110,2,24112.000,5390,192000,3999.708,120.0,8,7,2,0.00000,0.00000,0.00000,0.00000,0.00000
26.211,0,26195.000,105397,192000,3999.229,120.0,8,7,2,0.00000,0.00000,0.00000,0.00000,0.00000
26.211,1,26195.000,105397,192000,3999.229,120.0,8,7,2,0.00000,0.00000,0.00000,0.00000,0.00000
26.211,2,24213.000,10230,192000,3999.875,120.0,8,7,2,0.00000,0.00000,0.00000,0.00000,0.00000
26.313,0,26297.000,110300,192000,3999.083,120.0,8,7,2,0.00000,0.00000,0.00000,0.00000,0.00000
26.313,1,26297.000,110300,192000,3999.083,120.0,8,7,2,0.00000,0.00000,0.00000,0.00000,0.00000
26.313,2,24315.000,15133,192000,3999.729,120.0,8,7,2,0.00000,0.00000,0.00000,0.00000,0.00000
26.414,0,26399.000,115161,192000,3999.812,120.0,8,7,2,0.00000,0.00000,0.00000,0.00000,0.00000
26.414,1,26399.000,115161,192000,3999.812,120.0,8,7,2,0.00000,0.00000,0.00000,0.00000,0.00000
26.414,2,24416.000,19994,192000,3999.458,120.0,8,7,2,0.00000,0.00000,0.00000,0.00000,0.00000
26.517,0,26502.000,120105,192000,3999.812,120.0,8,7,2,0.00000,0.00000,0.00000,0.00000,0.00000
26.517,1,26502.000,120105,192000,3999.812,120.0,8,7,2,0.00000,0.00000,0.00000,0.00000,0.00000
26.517,2,24519.000,24938,192000,3999.458,120.0,8,7,2,0.00000,0.00000,0.00000,0.00000,0.00000
26.618,0,26603.000,124947,192000,3999.938,120.0,8,7,2,0.00000,0.00000,0.00000,0.00000,0.00000
26.618,1,26603.000,124947,192000,3999.938,120.0,8,7,2,0.00000,0.00000,0.00000,0.00000,0.00000
26.618,2,24620.000,29780,192000,3999.583,120.0,8,7,2,0.00000,0.00000,0.00000,0.00000,0.00000
26.721,0,26705.000,129887,192000,3999.021,120.0,8,7,2,0.00000,0.00000,0.00000,0.00000,0.00000
26.721,1,26705.000,129887,192000,3999.021,120.0,8,7,2,0.00000,0.00000,0.00000,0.00000,0.00000
26.721,2,24723.000,34720,192000,3999.667,120.0,8,7,2,0.00000,0.00000,0.00000,0.00000,0.00000
26.822,0,26806.000,134717,192000,3999.396,120.0,8,7,2,0.00000,0.00000,0.00000,0.00000,0.00000
26.822,1,26806.000,134717,192000,3999.396,120.0,8,7,2,0.00000,0.00000,0.00000,0.00000,0.00000
26.822,2,24823.000,39550,192000,3999.042,120.0,8,7,2,0.00000,0.00000,0.00000,0.00000,0.00000
26.925,0,26909.000,139658,192000,3999.458,120.0,8,7,2,0.00000,0.00000,0.00000,0.00000,0.00000
26.925,1,26909.000,139658,192000,3999.458,120.0,8,7,2,0.00000,0.00000,0.00000,0.00000,0.00000
26.925,2,24926.000,44491,192000,3999.104,120.0,8,7,2,0.00000,0.00000,0.00000,0.00000,0.00000
27.027,0,27012.000,144591,192000,3999.688,120.0,8,7,2,0.00000,0.00000,0.00000,0.00000,0.00000
27.027,1,27012.000,144591,192000,3999.688,120.0,8,7,2,0.00000,0.00000,0.00000,0.00000,0.00000
27.027,2,25029.000,49424,192000,3999.333,120.0,8,7,2,0.00000,0.00000,0.00000,0.00000,0.00000
27.128,0,27113.000,149434,192000,3999.792,120.0,8,7,2,0.00000,0.00000,0.00000,0.00000,0.00000
27.128,1,27113.000,149434,192000,3999.792,120.0,8,7,2,0.00000,0.00000,0.00000,0.00000,0.00000
27.128,2,25130.000,54267,192000,3999.438,120.0,8,7,2,0.00000,0.00000,0.00000,0.00000,0.00000
27.230,0,27214.000,154301,192000,3999.396,120.0,8,7,2,0.00000,0.00000,0.00000,0.00000,0.00000
27.230,1,27214.000,154301,192000,3999.396,120.0,8,7,2,0.00000,0.00000,0.00000,0.00000,0.00000
27.230,2,25231.000,59134,192000,3999.042,120.0,8,7,2,0.00000,0.00000,0.00000,0.00000,0.00000
27.330,0,27314.000,159114,192000,3999.125,120.0,8,7,2,0.00000,0.00000,0.00000,0.00000,0.00000
27.330,1,27314.000,159114,192000,3999.125,120.0,8,7,2,0.00000,0.00000,0.00000,0.00000,0.00000
27.330,2,25332.000,63947,192000,3999.771,120.0,8,7,2,0.00000,0.00000,0.00000,0.00000,0.00000
27.432,0,27416.000,163996,192000,3999.417,120.0,8,7,2,0.00000,0.00000,0.00000,0.00000,0.00000
27.432,1,27416.000,163996,192000,3999.417,120.0,8,7,2,0.00000,0.00000,0.00000,0.00000,0.00000
27.432,2,25433.000,68829,192000,3999.062,120.0,8,7,2,0.00000,0.00000,0.00000,0.00000,0.00000
27.534,0,27519.000,168919,192000,3999.854,120.0,8,7,2,0.00000,0.00000,0.00000,0.00000,0.00000
27.534,1,27519.000,168919,192000,3999.854,120.0,8,7,2,0.00000,0.00000,0.00000,0.00000,0.00000
27.534,2,25536.000,73752,192000,3999.500,120.0,8,7,2,0.00000,0.00000,0.00000,0.00000,0.00000
27.637,0,27622.000,173858,192000,3999.958,120.0,8,7,2,0.00000,0.00000,0.00000,0.00000,0.00000
27.637,1,27622.000,173858,192000,3999.958,120.0,8,7,2,0.00000,0.00000,0.00000,0.00000,0.00000
27.637,2,25639.000,78691,192000,3999.604,120.0,8,7,2,0.00000,0.00000,0.00000,0.00000,0.00000
27.740,0,27724.000,178793,192000,3999.146,120.0,8,7,2,0.00000,0.00000,0.00000,0.00000,0.00000
27.740,1,27724.000,178793,192000,3999.146,120.0,8,7,2,0.00000,0.00000,0.00000,0.00000,0.00000
27.740,2,25742.000,83626,192000,3999.792,120.0,8,7,2,0.00000,0.00000,0.00000,0.00000,0.00000
27.842,0,27827.000,183702,192000,3999.875,120.0,8,7,2,0.00000,0.00000,0.00000,0.00000,0.00000
27.842,1,27827.000,183702,192000,3999.875,120.0,8,7,2,0.00000,0.00000,0.00000,0.00000,0.00000
27.842,2,25844.000,88535,192000,3999.521,120.0,8,7,2,0.00000,0.00000,0.00000,0.00000,0.00000
27.944,0,27928.000,188582,192000,3999.208,120.0,8,7,2,0.00000,0.00000,0.00000,0.00000,0.00000
27.944,1,27928.000,188582,192000,3999.208,120.0,8,7,2,0.00000,0.00000,0.00000,0.00000,0.00000
27.944,2,25946.000,93415,192000,3999.854,120.0,8,7,2,0.00000,0.00000,0.00000,0.00000,0.00000
28.045,0,28029.000,1430,192000,3999.208,120.0,8,8,2,0.00000,0.00000,0.00000,0.00000,0.00000
28.045,1,28029.000,1430,192000,3999.208,120.0,8,8,2,0.00000,0.00000,0.00000,0.00000,0.00000
28.045,2,26047.000,98263,192000,3999.854,120.0,8,7,2,0.00000,0.00000,0.00000,0.00000,0.00000
28.145,0,28130.000,6247,192000,3999.854,120.0,8,8,2,0.00000,0.00000,0.00000,0.00000,0.00000
28.145,1,28130.000,6247,192000,3999.854,120.0,8,8,2,0.00000,0.00000,0.00000,0.00000,0.00000
28.145,2,26147.000,103080,192000,3999.500,120.0,8,7,2,0.00000,0.00000,0.00000,0.00000,0.00000
28.246,0,28230.000,11074,192000,3999.292,120.0,8,8,2,0.00000,0.00000,0.00000,0.00000,0.00000
28.246,1,28230.000,11074,192000,3999.292,120.0,8,8,2,0.00000,0.00000,0.00000,0.00000,0.00000
28.246,2,26248.000,107907,192000,3999.938,120.0,8,7,2,0.00000,0.00000,0.00000,0.00000,0.00000
28.347,0,28331.000,15933,192000,3999.062,120.0,8,8,2,0.00000,0.00000,0.00000,0.00000,0.00000
28.347,1,28331.000,15933,192000,3999.062,120.0,8,8,2,0.00000,0.00000,0.00000,0.00000,0.00000
28.347,2,26349.000,112766,192000,3999.708,120.0,8,7,2,0.00000,0.00000,0.00000,0.00000,0.00000
28.448,0,28433.000,20789,192000,3999.896,120.0,8,8,2,0.00000,0.00000,0.00000,0.00000,0.00000
28.448,1,28433.000,20789,192000,3999.896,120.0,8,8,2,0.00000,0.00000,0.00000,0.00000,0.00000
28.448,2,26450.000,117622,192000,3999.542,120.0,8,7,2,0.00000,0.00000,0.00000,0.00000,0.00000
28.550,0,28535.000,25699,192000,3999.604,120.0,8,8,2,0.00000,0.00000,0.00000,0.00000,0.00000
28.550,1,28535.000,25699,192000,3999.604,120.0,8,8,2,0.00000,0.00000,0.00000,0.00000,0.00000
28.550,2,26552.000,122532,192000,3999.250,120.0,8,7,2,0.00000,0.00000,0.00000,0.00000,0.00000
28.653,0,28637.000,30598,192000,3999.542,120.0,8,8,2,0.00000,0.00000,0.00000,0.00000,0.00000
28.653,1,28637.000,30598,192000,3999.542,120.0,8,8,2,0.00000,0.00000,0.00000,0.00000,0.00000
28.653,2,26654.000,127431,192000,3999.188,120.0,8,7,2,0.00000,0.00000,0.00000,0.00000,0.00000
28.754,0,28738.000,35446,192000,3999.542,120.0,8,8,2,0.00000,0.00000,0.00000,0.00000,0.00000
28.754,1,28738.000,35446,192000,3999.542,120.0,8,8,2,0.00000,0.00000,0.00000,0.00000,0.00000
28.754,2,26755.000,132279,192000,3999.188,120.0,8,7,2,0.00000,0.00000,0.00000,0.00000,0.00000
28.854,0,28838.000,40250,192000,3999.458,120.0,8,8,2,0.00000,0.00000,0.00000,0.00000,0.00000
28.854,1,28838.000,40250,192000,3999.458,120.0,8,8,2,0.00000,0.00000,0.00000,0.00000,0.00000
28.854,2,26855.000,137083,192000,3999.104,120.0,8,7,2,0.00000,0.00000,0.00000,0.00000,0.00000
28.955,0,28939.000,45108,192000,3999.250,120.0,8,8,2,0.00000,0.00000,0.00000,0.00000,0.00000
28.955,1,28939.000,45108,192000,3999.250,120.0,8,8,2,0.00000,0.00000,0.00000,0.00000,0.00000
28.955,2,26957.000,141941,192000,3999.896,120.0,8,7,2,0.00000,0.00000,0.00000,0.00000,0.00000
29.056,0,29040.000,49941,192000,3999.562,120.0,8,8,2,0.00000,0.00000,0.00000,0.00000,0.00000
29.056,1,29040.000,49941,192000,3999.562,120.0,8,8,2,0.00000,0.00000,0.00000,0.00000,0.00000
29.056,2,27057.000,146774,192000,3999.208,120.0,8,7,2,0.00000,0.00000,0.00000,0.00000,0.00000
29.157,0,29141.000,54799,192000,3999.354,120.0,8,8,2,0.00000,0.00000,0.00000,0.00000,0.00000
29.157,1,29141.000,54799,192000,3999.354,120.0,8,8,2,0.00000,0.00000,0.00000,0.00000,0.00000
29.157,2,27159.000,151632,192000,0.000,120.0,8,7,2,0.00000,0.00000,0.00000,0.00000,0.00000
29.259,0,29244.000,59714,192000,3999.958,120.0,8,8,2,0.00000,0.00000,0.00000,0.00000,0.00000
29.259,1,29244.000,59714,192000,3999.958,120.0,8,8,2,0.00000,0.00000,0.00000,0.00000,0.00000
29.259,2,27261.000,156547,192000,3999.604,120.0,8,7,2,0.00000,0.00000,0.00000,0.00000,0.00000
29.362,0,29347.000,64664,192000,3999.833,120.0,8,8,2,0.00000,0.00000,0.00000,0.00000,0.00000
29.362,1,29347.000,64664,192000,3999.833,120.0,8,8,2,0.00000,0.00000,0.00000,0.00000,0.00000
29.362,2,27364.000,161497,192000,3999.479,120.0,8,7,2,0.00000,0.00000,0.00000,0.00000,0.00000
29.464,0,29449.000,69573,192000,3999.562,120.0,8,8,2,0.00000,0.00000,0.00000,0.00000,0.00000
29.464,1,29449.000,69573,192000,3999.562,120.0,8,8,2,0.00000,0.00000,0.00000,0.00000,0.00000
29.464,2,27466.000,166406,192000,3999.208,120.0,8,7,2,0.00000,0.00000,0.00000,0.00000,0.00000
29.565,0,29549.000,74378,192000,3999.458,120.0,8,8,2,0.00000,0.00000,0.00000,0.00000,0.00000
29.565,1,29549.000,74378,192000,3999.458,120.0,8,8,2,0.00000,0.00000,0.00000,0.00000,0.00000
29.565,2,27566.000,171211,192000,3999.104,120.0,8,7,2,0.00000,0.00000,0.00000,0.00000,0.00000
29.665,0,29649.000,79191,192000,3999.188,120.0,8,8,2,0.00000,0.00000,0.00000,0.00000,0.00000
29.665,1,29649.000,79191,192000,3999.188,120.0,8,8,2,0.00000,0.00000,0.00000,0.00000,0.00000
29.665,2,27667.000,176024,192000,3999.833,120.0,8,7,2,0.00000,0.00000,0.00000,0.00000,0.00000
29.765,0,29750.000,84002,192000,3999.958,120.0,8,8,2,0.00000,0.00000,0.00000,0.00000,0.00000
29.765,1,29750.000,84002,192000,3999.958,120.0,8,8,2,0.00000,0.00000,0.00000,0.00000,0.00000
29.765,2,27767.000,180835,192000,3999.604,120.0,8,7,2,0.00000,0.00000,0.00000,0.00000,0.00000
29.867,0,29851.000,88884,192000,3999.250,120.0,8,8,2,0.00000,0.00000,0.00000,0.00000,0.00000
29.867,1,29851.000,88884,192000,3999.250,120.0,8,8,2,0.00000,0.00000,0.00000,0.00000,0.00000
29.867,2,27869.000,185717,192000,3999.896,120.0,8,7,2,0.00000,0.00000,0.00000,0.00000,0.00000
29.967,0,29952.000,93713,192000,3999.646,120.0,8,8,2,0.00000,0.00000,0.00000,0.00000,0.00000
29.967,1,29952.000,93713,192000,3999.646,120.0,8,8,2,0.00000,0.00000,0.00000,0.00000,0.00000
29.967,2,27969.000,190546,192000,3999.292,120.0,8,7,2,0.00000,0.00000,0.00000,0.00000,0.00000
30.070,0,30054.000,98635,192000,3999.104,120.0,8,8,2,0.00000,0.00000,0.00000,0.00000,0.00000
30.070,1,30054.000,98635,192000,3999.104,120.0,8,8,2,0.00000,0.00000,0.00000,0.00000,0.00000
30.070,2,28072.000,3468,192000,3999.750,120.0,8,8,2,0.10248,0.10248,0.10211,0.00000,0.00000
30.171,0,30156.000,103489,192000,3999.979,120.0,8,8,2,0.00000,0.00000,0.00000,0.00000,0.00000
30.171,1,30156.000,103489,192000,3999.979,120.0,8,8,2,0.00000,0.00000,0.00000,0.00000,0.00000
30.171,2,28173.000,8322,192000,3999.625,120.0,8,8,2,0.06730,0.06730,0.06705,0.00000,0.00000
30.272,0,30257.000,108338,192000,3999.958,120.0,8,8,2,0.00000,0.00000,0.00000,0.00000,0.00000
30.272,1,30257.000,108338,192000,3999.958,120.0,8,8,2,0.00000,0.00000,0.00000,0.00000,0.00000
30.272,2,28274.000,13171,192000,3999.604,120.0,8,8,2,0.04421,0.04421,0.04405,0.00000,0.00000
30.372,0,30357.000,113156,192000,3999.583,120.0,8,8,2,0.00000,0.00000,0.00000,0.00000,0.00000
30.372,1,30357.000,113156,192000,3999.583,120.0,8,8,2,0.00000,0.00000,0.00000,0.00000,0.00000
30.372,2,28374.000,17989,192000,3999.229,120.0,8,8,2,0.02912,0.02912,0.02902,0.00000,0.00000
30.475,0,30459.000,118060,192000,3999.417,120.0,8,8,2,0.00000,0.00000,0.00000,0.00000,0.00000
30.475,1,30459.000,118060,192000,3999.417,120.0,8,8,2,0.00000,0.00000,0.00000,0.00000,0.00000
30.475,2,28476.000,22893,192000,3999.062,120.0,8,8,2,0.01904,0.01904,0.01897,0.00000,0.00000
30.576,0,30560.000,122908,192000,3999.417,120.0,8,8,2,0.00000,0.00000,0.00000,0.00000,0.00000
30.576,1,30560.000,122908,192000,3999.417,120.0,8,8,2,0.00000,0.00000,0.00000,0.00000,0.00000
30.576,2,28577.000,27741,192000,3999.062,120.0,8,8,2,0.01251,0.01251,0.01246,0.00000,0.00000
30.676,0,30660.000,127710,192000,3999.375,120.0,8,8,2,0.00000,0.00000,0.00000,0.00000,0.00000
30.676,1,30660.000,127710,192000,3999.375,120.0,8,8,2,0.00000,0.00000,0.00000,0.00000,0.00000
30.676,2,28677.000,32543,192000,3999.021,120.0,8,8,2,0.00825,0.00825,0.00822,0.00000,0.00000
30.778,0,30762.000,132606,192000,3999.375,120.0,8,8,2,0.00000,0.00000,0.00000,0.00000,0.00000
30.778,1,30762.000,132606,192000,3999.375,120.0,8,8,2,0.00000,0.00000,0.00000,0.00000,0.00000
30.778,2,28779.000,37439,192000,3999.021,120.0,8,8,2,0.00540,0.00540,0.00538,0.00000,0.00000
30.879,0,30864.000,137480,192000,3999.833,120.0,8,8,2,0.00000,0.00000,0.00000,0.00000,0.00000
30.879,1,30864.000,137480,192000,3999.833,120.0,8,8,2,0.00000,0.00000,0.00000,0.00000,0.00000
30.879,2,28881.000,42313,192000,3999.479,120.0,8,8,2,0.00354,0.00354,0.00353,0.00000,0.00000
30.981,0,30966.000,142381,192000,3999.729,120.0,8,8,2,0.00000,0.00000,0.00000,0.00000,0.00000
30.981,1,30966.000,142381,192000,3999.729,120.0,8,8,2,0.00000,0.00000,0.00000,0.00000,0.00000
30.981,2,28983.000,47214,192000,3999.375,120.0,8,8,2,0.00231,0.00231,0.00231,0.00000,0.00000
31.083,0,31067.000,147241,192000,3999.479,120.0,8,8,2,0.00000,0.00000,0.00000,0.00000,0.00000
31.083,1,31067.000,147241,192000,3999.479,120.0,8,8,2,0.00000,0.00000,0.00000,0.00000,0.00000
31.083,2,29084.000,52074,192000,3999.125,120.0,8,8,2,0.00152,0.00152,0.00151,0.00000,0.00000
31.183,0,31168.000,152082,192000,3999.625,120.0,8,8,2,0.00000,0.00000,0.00000,0.00000,0.00000
31.183,1,31168.000,152082,192000,3999.625,120.0,8,8,2,0.00000,0.00000,0.00000,0.00000,0.00000
31.183,2,29185.000,56915,192000,3999.271,120.0,8,8,2,0.00100,0.00100,0.00100,0.00000,0.00000
31.286,0,31271.000,157020,192000,3999.750,120.0,8,8,2,0.00000,0.00000,0.00000,0.00000,0.00000
31.286,1,31271.000,157020,192000,3999.750,120.0,8,8,2,0.00000,0.00000,0.00000,0.00000,0.00000
31.286,2,29288.000,61853,192000,3999.396,120.0,8,8,2,0.00065,0.00065,0.00065,0.00000,0.00000
31.389,0,31373.000,161926,192000,3999.542,120.0,8,8,2,0.00000,0.00000,0.00000,0.00000,0.00000
31.389,1,31373.000,161926,192000,3999.542,120.0,8,8,2,0.00000,0.00000,0.00000,0.00000,0.00000
31.389,2,29390.000,66759,192000,3999.188,120.0,8,8,2,0.00043,0.00043,0.00042,0.00000,0.00000
31.490,0,31474.000,166775,192000,3999.521,120.0,8,8,2,0.00000,0.00000,0.00000,0.00000,0.00000
31.490,1,31474.000,166775,192000,3999.521,120.0,8,8,2,0.00000,0.00000,0.00000,0.00000,0.00000
31.490,2,29491.000,71608,192000,3999.167,120.0,8,8,2,0.00028,0.00028,0.00028,0.00000,0.00000
31.591,0,31576.000,171650,192000,3999.958,120.0,8,8,2,0.00000,0.00000,0.00000,0.00000,0.00000
31.591,1,31576.000,171650,192000,3999.958,120.0,8,8,2,0.00000,0.00000,0.00000,0.00000,0.00000
31.591,2,29593.000,76483,192000,3999.604,120.0,8,8,2,0.00018,0.00018,0.00018,0.00000,0.00000
31.693,0,31677.000,176535,192000,3999.188,120.0,8,8,2,0.00000,0.00000,0.00000,0.00000,0.00000
31.693,1,31677.000,176535,192000,3999.188,120.0,8,8,2,0.00000,0.00000,0.00000,0.00000,0.00000
31.693,2,29695.000,81368,192000,3999.833,120.0,8,8,2,0.00012,0.00012,0.00012,0.00000,0.00000
31.794,0,31778.000,181372,192000,3999.417,120.0,8,8,2,0.00000,0.00000,0.00000,0.00000,0.00000
31.794,1,31778.000,181372,192000,3999.417,120.0,8,8,2,0.00000,0.00000,0.00000,0.00000,0.00000
31.794,2,29795.000,86205,192000,3999.062,120.0,8,8,2,0.00008,0.00008,0.00008,0.00000,0.00000
31.896,0,31880.000,186262,192000,3999.542,120.0,8,8,2,0.00000,0.00000,0.00000,0.00000,0.00000
31.896,1,31880.000,186262,192000,3999.542,120.0,8,8,2,0.00000,0.00000,0.00000,0.00000,0.00000
31.896,2,29897.000,91095,192000,3999.188,120.0,8,8,2,0.00005,0.00005,0.00005,0.00000,0.00000
31.997,0,31982.000,191157,192000,3999.562,120.0,8,8,2,0.00000,0.00000,0.00000,0.00000,0.00000
31.997,1,31982.000,191157,192000,3999.562,120.0,8,8,2,0.00000,0.00000,0.00000,0.00000,0.00000
31.997,2,29999.000,95990,192000,3999.208,120.0,8,8,2,0.00003,0.00003,0.00003,0.00000,0.00000
32.099,0,32084.000,4032,192000,0.000,120.0,8,9,2,0.09730,0.09696,0.09730,0.00000,0.00000
32.099,1,32084.000,4032,192000,0.000,120.0,8,9,2,0.09696,0.09696,0.09674,0.00000,0.00000
32.099,2,30101.000,100865,192000,3999.646,120.0,8,8,2,0.00002,0.00002,0.00002,0.00000,0.00000
32.201,0,32185.000,8904,192000,3999.500,120.0,8,9,2,0.06380,0.06357,0.06380,0.00000,0.00000
32.201,1,32185.000,8904,192000,3999.500,120.0,8,9,2,0.06357,0.06357,0.06343,0.00000,0.00000
32.201,2,30202.000,105737,192000,3999.146,120.0,8,8,2,0.00001,0.00001,0.00001,0.00000,0.00000
32.304,0,32288.000,13853,192000,3999.396,120.0,8,9,2,0.04155,0.04141,0.04155,0.00000,0.00000
32.304,1,32288.000,13853,192000,3999.396,120.0,8,9,2,0.04141,0.04141,0.04131,0.00000,0.00000
32.304,2,30305.000,110686,192000,3999.042,120.0,8,8,2,0.00001,0.00001,0.00001,0.00000,0.00000
32.406,0,32390.000,18766,192000,3999.042,120.0,8,9,2,0.02715,0.02705,0.02715,0.00000,0.00000
32.406,1,32390.000,18766,192000,3999.042,120.0,8,9,2,0.02705,0.02705,0.02699,0.00000,0.00000
32.406,2,30408.000,115599,192000,3999.688,120.0,8,8,2,0.00001,0.00001,0.00001,0.00000,0.00000
32.507,0,32491.000,23602,192000,3999.292,120.0,8,9,2,0.01785,0.01779,0.01785,0.00000,0.00000
32.507,1,32491.000,23602,192000,3999.292,120.0,8,9,2,0.01779,0.01779,0.01775,0.00000,0.00000
32.507,2,30509.000,120435,192000,3999.938,120.0,8,8,2,0.00000,0.00000,0.00000,0.00000,0.00000
32.608,0,32593.000,28471,192000,3999.854,120.0,8,9,2,0.01171,0.01167,0.01171,0.00000,0.00000
32.608,1,32593.000,28471,192000,3999.854,120.0,8,9,2,0.01167,0.01167,0.01164,0.00000,0.00000
32.608,2,30610.000,125304,192000,3999.500,120.0,8,8,2,0.00000,0.00000,0.00000,0.00000,0.00000
32.708,0,32693.000,33276,192000,3999.750,120.0,8,9,2,0.00772,0.00769,0.00772,0.00000,0.00000
32.708,1,32693.000,33276,192000,3999.750,120.0,8,9,2,0.00769,0.00769,0.00768,0.00000,0.00000
32.708,2,30710.000,130109,192000,3999.396,120.0,8,8,2,0.00000,0.00000,0.00000,0.00000,0.00000
32.810,0,32794.000,38149,192000,3999.229,120.0,8,9,2,0.00506,0.00504,0.00506,0.00000,0.00000
32.810,1,32794.000,38149,192000,3999.229,120.0,8,9,2,0.00504,0.00504,0.00503,0.00000,0.00000
32.810,2,30812.000,134982,192000,3999.875,120.0,8,8,2,0.00000,0.00000,0.00000,0.00000,0.00000
32.912,0,32897.000,43061,192000,3999.896,120.0,8,9,2,0.00331,0.00330,0.00331,0.00000,0.00000
32.912,1,32897.000,43061,192000,3999.896,120.0,8,9,2,0.00330,0.00330,0.00329,0.00000,0.00000
32.912,2,30914.000,139894,192000,3999.542,120.0,8,8,2,0.00000,0.00000,0.00000,0.00000,0.00000
33.015,0,32999.000,47976,192000,3999.500,120.0,8,9,2,0.00216,0.00215,0.00216,0.00000,0.00000
33.015,1,32999.000,47976,192000,3999.500,120.0,8,9,2,0.00215,0.00215,0.00215,0.00000,0.00000
33.015,2,31016.000,144809,192000,3999.146,120.0,8,8,2,0.00000,0.00000,0.00000,0.00000,0.00000
33.117,0,33101.000,52888,192000,3999.167,120.0,8,9,2,0.00141,0.00141,0.00141,0.00000,0.00000
33.117,1,33101.000,52888,192000,3999.167,120.0,8,9,2,0.00141,0.00141,0.00140,0.00000,0.00000
33.117,2,31119.000,149721,192000,3999.812,120.0,8,8,2,0.00000,0.00000,0.00000,0.00000,0.00000
33.221,0,33205.000,57879,192000,3999.188,120.0,8,9,2,0.00092,0.00091,0.00092,0.00000,0.00000
33.221,1,33205.000,57879,192000,3999.188,120.0,8,9,2,0.00091,0.00091,0.00091,0.00000,0.00000
33.221,2,31223.000,154712,192000,3999.833,120.0,8,8,2,0.00000,0.00000,0.00000,0.00000,0.00000
33.324,0,33308.000,62829,192000,3999.062,120.0,8,9,2,0.00060,0.00059,0.00060,0.00000,0.00000
33.324,1,33308.000,62829,192000,3999.062,120.0,8,9,2,0.00059,0.00059,0.00059,0.00000,0.00000
33.324,2,31326.000,159662,192000,3999.708,120.0,8,8,2,0.00000,0.00000,0.00000,0.00000,0.00000
33.425,0,33409.000,67672,192000,3999.167,120.0,8,9,2,0.00039,0.00039,0.00039,0.00000,0.00000
33.425,1,33409.000,67672,192000,3999.167,120.0,8,9,2,0.00039,0.00039,0.00039,0.00000,0.00000
33.425,2,31427.000,164505,192000,3999.812,120.0,8,8,2,0.00000,0.00000,0.00000,0.00000,0.00000
33.525,0,33509.000,72479,192000,3999.021,120.0,8,9,2,0.00026,0.00026,0.00026,0.00000,0.00000
33.525,1,33509.000,72479,192000,3999.021,120.0,8,9,2,0.00026,0.00026,0.00026,0.00000,0.00000
33.525,2,31527.000,169312,192000,3999.667,120.0,8,8,2,0.00000,0.00000,0.00000,0.00000,0.00000
33.626,0,33610.000,77306,192000,3999.458,120.0,8,9,2,0.00017,0.00017,0.00017,0.00000,0.00000
33.626,1,33610.000,77306,192000,3999.458,120.0,8,9,2,0.00017,0.00017,0.00017,0.00000,0.00000
33.626,2,31627.000,174139,192000,3999.104,120.0,8,8,2,0.00000,0.00000,0.00000,0.00000,0.00000
33.727,0,33712.000,82195,192000,3999.604,120.0,8,9,2,0.00011,0.00011,0.00011,0.00000,0.00000
33.727,1,33712.000,82195,192000,3999.604,120.0,8,9,2,0.00011,0.00011,0.00011,0.00000,0.00000
33.727,2,31729.000,179028,192000,3999.250,120.0,8,8,2,0.00000,0.00000,0.00000,0.00000,0.00000
33.828,0,33812.000,87022,192000,3999.042,120.0,8,9,2,0.00007,0.00007,0.00007,0.00000,0.00000
33.828,1,33812.000,87022,192000,3999.042,120.0,8,9,2,0.00007,0.00007,0.00007,0.00000,0.00000
33.828,2,31830.000,183855,192000,3999.688,120.0,8,8,2,0.00000,0.00000,0.00000,0.00000,0.00000
33.930,0,33914.000,91909,192000,3999.229,120.0,8,9,2,0.00005,0.00005,0.00005,0.00000,0.00000
33.930,1,33914.000,91909,192000,3999.229,120.0,8,9,2,0.00005,0.00005,0.00005,0.00000,0.00000
33.930,2,31932.000,188742,192000,3999.875,120.0,8,8,2,0.00000,0.00000,0.00000,0.00000,0.00000
34.030,0,34015.000,96727,192000,3999.854,120.0,8,9,2,0.00003,0.00003,0.00003,0.00000,0.00000
34.030,1,34015.000,96727,192000,3999.854,120.0,8,9,2,0.00003,0.00003,0.00003,0.00000,0.00000
34.030,2,32032.000,1560,192000,3999.500,120.0,8,9,2,0.00000,0.00000,0.00000,0.00000,0.00000
34.132,0,34117.000,101632,192000,3999.667,120.0,8,9,2,0.00002,0.00002,0.00002,0.00000,0.00000
34.132,1,34117.000,101632,192000,3999.667,120.0,8,9,2,0.00002,0.00002,0.00002,0.00000,0.00000
34.132,2,32134.000,6465,192000,3999.312,120.0,8,9,2,0.00000,0.00000,0.00000,0.00000,0.00000
34.234,0,34218.000,106507,192000,3999.104,120.0,8,9,2,0.00001,0.00001,0.00001,0.00000,0.00000
34.234,1,34218.000,106507,192000,3999.104,120.0,8,9,2,0.00001,0.00001,0.00001,0.00000,0.00000
34.234,2,32236.000,11340,192000,3999.750,120.0,8,9,2,0.00000,0.00000,0.00000,0.00000,0.00000
34.334,0,34318.000,111308,192000,3999.083,120.0,8,9,2,0.00001,0.00001,0.00001,0.00000,0.00000
34.334,1,34318.000,111308,192000,3999.083,120.0,8,9,2,0.00001,0.00001,0.00001,0.00000,0.00000
34.334,2,32336.000,16141,192000,3999.729,120.0,8,9,2,0.00000,0.00000,0.00000,0.00000,0.00000
34.434,0,34418.000,116110,192000,3999.042,120.0,8,9,2,0.00001,0.00001,0.00001,0.00000,0.00000
34.434,1,34418.000,116110,192000,3999.042,120.0,8,9,2,0.00001,0.00001,0.00001,0.00000,0.00000
34.434,2,32436.000,20943,192000,3999.688,120.0,8,9,2,0.00000,0.00000,0.00000,0.00000,0.00000
34.535,0,34520.000,120973,192000,3999.729,120.0,8,9,2,0.00000,0.00000,0.00000,0.00000,0.00000
34.535,1,34520.000,120973,192000,3999.729,120.0,8,9,2,0.00000,0.00000,0.00000,0.00000,0.00000
34.535,2,32537.000,25806,192000,3999.375,120.0,8,9,2,0.00000,0.00000,0.00000,0.00000,0.00000
34.638,0,34622.000,125898,192000,3999.125,120.0,8,9,2,0.00000,0.00000,0.00000,0.00000,0.00000
34.638,1,34622.000,125898,192000,3999.125,120.0,8,9,2,0.00000,0.00000,0.00000,0.00000,0.00000
34.638,2,32640.000,30731,192000,3999.771,120.0,8,9,2,0.00000,0.00000,0.00000,0.00000,0.00000
34.739,0,34724.000,130771,192000,3999.604,120.0,8,9,2,0.00000,0.00000,0.00000,0.00000,0.00000
34.739,1,34724.000,130771,192000,3999.604,120.0,8,9,2,0.00000,0.00000,0.00000,0.00000,0.00000
34.739,2,32741.000,35604,192000,3999.250,120.0,8,9,2,0.00000,0.00000,0.00000,0.00000,0.00000
34.842,0,34826.000,135673,192000,3999.479,120.0,8,9,2,0.00000,0.00000,0.00000,0.00000,0.00000
34.842,1,34826.000,135673,192000,3999.479,120.0,8,9,2,0.00000,0.00000,0.00000,0.00000,0.00000
34.842,2,32843.000,40506,192000,3999.125,120.0,8,9,2,0.00000,0.00000,0.00000,0.00000,0.00000
34.943,0,34928.000,140560,192000,3999.667,120.0,8,9,2,0.00000,0.00000,0.00000,0.00000,0.00000
34.943,1,34928.000,140560,192000,3999.667,120.0,8,9,2,0.00000,0.00000,0.00000,0.00000,0.00000
34.943,2,32945.000,45393,192000,3999.312,120.0,8,9,2,0.00000,0.00000,0.00000,0.00000,0.00000
35.044,0,35029.000,145399,192000,3999.854,120.0,8,9,2,0.00000,0.00000,0.00000,0.00000,0.00000
35.044,1,35029.000,145399,192000,3999.854,120.0,8,9,2,0.00000,0.00000,0.00000,0.00000,0.00000
35.044,2,33046.000,50232,192000,3999.500,120.0,8,9,2,0.00000,0.00000,0.00000,0.00000,0.00000
35.146,0,35130.000,150266,192000,3999.458,120.0,8,9,2,0.00000,0.00000,0.00000,0.00000,0.00000
35.146,1,35130.000,150266,192000,3999.458,120.0,8,9,2,0.00000,0.00000,0.00000,0.00000,0.00000
35.146,2,33147.000,55099,192000,3999.104,120.0,8,9,2,0.00000,0.00000,0.00000,0.00000,0.00000
35.248,0,35233.000,155184,192000,0.000,120.0,8,9,2,0.00000,0.00000,0.00000,0.00000,0.00000
35.248,1,35233.000,155184,192000,0.000,120.0,8,9,2,0.00000,0.00000,0.00000,0.00000,0.00000
35.248,2,33250.000,60017,192000,3999.646,120.0,8,9,2,0.00000,0.00000,0.00000,0.00000,0.00000
35.351,0,35335.000,160108,192000,3999.417,120.0,8,9,2,0.00000,0.00000,0.00000,0.00000,0.00000
35.351,1,35335.000,160108,192000,3999.417,120.0,8,9,2,0.00000,0.00000,0.00000,0.00000,0.00000
35.351,2,33352.000,64941,192000,3999.062,120.0,8,9,2,0.00000,0.00000,0.00000,0.00000,0.00000
35.452,0,35437.000,164980,192000,3999.917,120.0,8,9,2,0.00000,0.00000,0.00000,0.00000,0.00000
35.452,1,35437.000,164980,192000,3999.917,120.0,8,9,2,0.00000,0.00000,0.00000,0.00000,0.00000
35.452,2,33454.000,69813,192000,3999.562,120.0,8,9,2,0.00000,0.00000,0.00000,0.00000,0.00000
35.554,0,35539.000,169892,192000,3999.583,120.0,8,9,2,0.00000,0.00000,0.00000,0.00000,0.00000
35.554,1,35539.000,169892,192000,3999.583,120.0,8,9,2,0.00000,0.00000,0.00000,0.00000,0.00000
35.554,2,33556.000,74725,192000,3999.229,120.0,8,9,2,0.00000,0.00000,0.00000,0.00000,0.00000
35.655,0,35639.000,174698,192000,3999.458,120.0,8,9,2,0.00000,0.00000,0.00000,0.00000,0.00000
35.655,1,35639.000,174698,192000,3999.458,120.0,8,9,2,0.00000,0.00000,0.00000,0.00000,0.00000
35.655,2,33656.000,79531,192000,3999.104,120.0,8,9,2,0.00000,0.00000,0.00000,0.00000,0.00000
35.756,0,35741.000,179582,192000,3999.708,120.0,8,9,2,0.00000,0.00000,0.00000,0.00000,0.00000
35.756,1,35741.000,179582,192000,3999.708,120.0,8,9,2,0.00000,0.00000,0.00000,0.00000,0.00000
35.756,2,33758.000,84415,192000,3999.354,120.0,8,9,2,0.00000,0.00000,0.00000,0.00000,0.00000
35.858,0,35842.000,184441,192000,3999.479,120.0,8,9,2,0.00000,0.00000,0.00000,0.00000,0.00000
35.858,1,35842.000,184441,192000,3999.479,120.0,8,9,2,0.00000,0.00000,0.00000,0.00000,0.00000
35.858,2,33859.000,89274,192000,3999.125,120.0,8,9,2,0.00000,0.00000,0.00000,0.00000,0.00000
35.958,0,35943.000,189285,192000,3999.562,120.0,8,9,2,0.00000,0.00000,0.00000,0.00000,0.00000
35.958,1,35943.000,189285,192000,3999.562,120.0,8,9,2,0.00000,0.00000,0.00000,0.00000,0.00000
35.958,2,33960.000,94118,192000,3999.208,120.0,8,9,2,0.00000,0.00000,0.00000,0.00000,0.00000
36.072,0,36056.000,2720,192000,3999.333,120.0,8,10,2,0.00000,0.00000,0.00000,0.00000,0.00000
36.072,1,36056.000,2720,192000,3999.333,120.0,8,10,2,0.00000,0.00000,0.00000,0.00000,0.00000
36.072,2,34074.000,99553,192000,3999.979,120.0,8,9,2,0.00000,0.00000,0.00000,0.00000,0.00000
36.173,0,36158.000,7600,192000,3999.667,120.0,8,10,2,0.00000,0.00000,0.00000,0.00000,0.00000
36.173,1,36158.000,7600,192000,3999.667,120.0,8,10,2,0.00000,0.00000,0.00000,0.00000,0.00000
36.173,2,34175.000,104433,192000,3999.312,120.0,8,9,2,0.00000,0.00000,0.00000,0.00000,0.00000
36.276,0,36261.000,12535,192000,3999.854,120.0,8,10,2,0.00000,0.00000,0.00000,0.00000,0.00000
36.276,1,36261.000,12535,192000,3999.854,120.0,8,10,2,0.00000,0.00000,0.00000,0.00000,0.00000
36.276,2,34278.000,109368,192000,3999.500,120.0,8,9,2,0.00000,0.00000,0.00000,0.00000,0.00000
36.378,0,36363.000,17442,192000,3999.625,120.0,8,10,2,0.00000,0.00000,0.00000,0.00000,0.00000
36.378,1,36363.000,17442,192000,3999.625,120.0,8,10,2,0.00000,0.00000,0.00000,0.00000,0.00000
36.378,2,34380.000,114275,192000,3999.271,120.0,8,9,2,0.00000,0.00000,0.00000,0.00000,0.00000
36.481,0,36465.000,22343,192000,3999.521,120.0,8,10,2,0.00000,0.00000,0.00000,0.00000,0.00000
36.481,1,36465.000,22343,192000,3999.521,120.0,8,10,2,0.00000,0.00000,0.00000,0.00000,0.00000
36.481,2,34482.000,119176,192000,3999.167,120.0,8,9,2,0.00000,0.00000,0.00000,0.00000,0.00000
36.582,0,36567.000,27236,192000,3999.583,120.0,8,10,2,0.00000,0.00000,0.00000,0.00000,0.00000
36.582,1,36567.000,27236,192000,3999.583,120.0,8,10,2,0.00000,0.00000,0.00000,0.00000,0.00000
36.582,2,34584.000,124069,192000,3999.229,120.0,8,9,2,0.00000,0.00000,0.00000,0.00000,0.00000
36.683,0,36668.000,32075,192000,3999.771,120.0,8,10,2,0.00000,0.00000,0.00000,0.00000,0.00000
36.683,1,36668.000,32075,192000,3999.771,120.0,8,10,2,0.00000,0.00000,0.00000,0.00000,0.00000
36.683,2,34685.000,128908,192000,3999.417,120.0,8,9,2,0.00000,0.00000,0.00000,0.00000,0.00000
36.785,0,36770.000,36980,192000,3999.583,120.0,8,10,2,0.00000,0.00000,0.00000,0.00000,0.00000
36.785,1,36770.000,36980,192000,3999.583,120.0,8,10,2,0.00000,0.00000,0.00000,0.00000,0.00000
36.785,2,34787.000,133813,192000,3999.229,120.0,8,9,2,0.00000,0.00000,0.00000,0.00000,0.00000
36.886,0,36871.000,41821,192000,3999.729,120.0,8,10,2,0.00000,0.00000,0.00000,0.00000,0.00000
36.886,1,36871.000,41821,192000,3999.729,120.0,8,10,2,0.00000,0.00000,0.00000,0.00000,0.00000
36.886,2,34888.000,138654,192000,3999.375,120.0,8,9,2,0.00000,0.00000,0.00000,0.00000,0.00000
36.989,0,36974.000,46768,192000,3999.667,120.0,8,10,2,0.00000,0.00000,0.00000,0.00000,0.00000
36.989,1,36974.000,46768,192000,3999.667,120.0,8,10,2,0.00000,0.00000,0.00000,0.00000,0.00000
36.989,2,34991.000,143601,192000,3999.312,120.0,8,9,2,0.00000,0.00000,0.00000,0.00000,0.00000
37.089,0,37074.000,51573,192000,3999.562,120.0,8,10,2,0.00000,0.00000,0.00000,0.00000,0.00000
37.089,1,37074.000,51573,192000,3999.562,120.0,8,10,2,0.00000,0.00000,0.00000,0.00000,0.00000
37.089,2,35091.000,148406,192000,3999.208,120.0,8,9,2,0.00000,0.00000,0.00000,0.00000,0.00000
37.192,0,37177.000,56514,192000,3999.625,120.0,8,10,2,0.00000,0.00000,0.00000,0.00000,0.00000
37.192,1,37177.000,56514,192000,3999.625,120.0,8,10,2,0.00000,0.00000,0.00000,0.00000,0.00000
37.192,2,35194.000,153347,192000,3999.271,120.0,8,9,2,0.00000,0.00000,0.00000,0.00000,0.00000
37.295,0,37279.000,61433,192000,3999.146,120.0,8,10,2,0.00000,0.00000,0.00000,0.00000,0.00000
37.295,1,37279.000,61433,192000,3999.146,120.0,8,10,2,0.00000,0.00000,0.00000,0.00000,0.00000
37.295,2,35297.000,158266,192000,3999.792,120.0,8,9,2,0.00000,0.00000,0.00000,0.00000,0.00000
37.397,0,37382.000,66346,192000,3999.792,120.0,8,10,2,0.00000,0.00000,0.00000,0.00000,0.00000
37.397,1,37382.000,66346,192000,3999.792,120.0,8,10,2,0.00000,0.00000,0.00000,0.00000,0.00000
37.397,2,35399.000,163179,192000,3999.438,120.0,8,9,2,0.00000,0.00000,0.00000,0.00000,0.00000
37.498,0,37483.000,71199,192000,3999.688,120.0,8,10,2,0.00000,0.00000,0.00000,0.00000,0.00000
37.498,1,37483.000,71199,192000,3999.688,120.0,8,10,2,0.00000,0.00000,0.00000,0.00000,0.00000
37.498,2,35500.000,168032,192000,3999.333,120.0,8,9,2,0.00000,0.00000,0.00000,0.00000,0.00000
37.600,0,37584.000,76054,192000,3999.542,120.0,8,10,2,0.00000,0.00000,0.00000,0.00000,0.00000
37.600,1,37584.000,76054,192000,3999.542,120.0,8,10,2,0.00000,0.00000,0.00000,0.00000,0.00000
37.600,2,35601.000,172887,192000,3999.188,120.0,8,9,2,0.00000,0.00000,0.00000,0.00000,0.00000
37.700,0,37684.000,80859,192000,3999.438,120.0,8,10,2,0.00000,0.00000,0.00000,0.00000,0.00000
37.700,1,37684.000,80859,192000,3999.438,120.0,8,10,2,0.00000,0.00000,0.00000,0.00000,0.00000
37.700,2,35701.000,177692,192000,3999.083,120.0,8,9,2,0.00000,0.00000,0.00000,0.00000,0.00000
37.802,0,37786.000,85775,192000,3999.021,120.0,8,10,2,0.00000,0.00000,0.00000,0.00000,0.00000
37.802,1,37786.000,85775,192000,3999.021,120.0,8,10,2,0.00000,0.00000,0.00000,0.00000,0.00000
37.802,2,35804.000,182608,192000,3999.667,120.0,8,9,2,0.00000,0.00000,0.00000,0.00000,0.00000
37.902,0,37887.000,90584,192000,3999.833,120.0,8,10,2,0.00000,0.00000,0.00000,0.00000,0.00000
37.902,1,37887.000,90584,192000,3999.833,120.0,8,10,2,0.00000,0.00000,0.00000,0.00000,0.00000
37.902,2,35904.000,187417,192000,3999.479,120.0,8,9,2,0.00000,0.00000,0.00000,0.00000,0.00000
38.003,0,37987.000,95404,192000,3999.417,120.0,8,10,2,0.00000,0.00000,0.00000,0.00000,0.00000
38.003,1,37987.000,95404,192000,3999.417,120.0,8,10,2,0.00000,0.00000,0.00000,0.00000,0.00000
38.003,2,36004.000,237,192000,3999.062,120.0,8,10,2,0.00000,0.00000,0.00000,0.00000,0.00000
38.114,0,38099.000,100759,192000,3999.854,120.0,8,10,2,0.00000,0.00000,0.00000,0.00000,0.00000
38.114,1,38099.000,100759,192000,3999.854,120.0,8,10,2,0.00000,0.00000,0.00000,0.00000,0.00000
38.114,2,36116.000,5592,192000,3999.500,120.0,8,10,2,0.00000,0.00000,0.00000,0.00000,0.00000
38.216,0,38200.000,105637,192000,3999.229,120.0,8,10,2,0.00000,0.00000,0.00000,0.00000,0.00000
38.216,1,38200.000,105637,192000,3999.229,120.0,8,10,2,0.00000,0.00000,0.00000,0.00000,0.00000
38.216,2,36218.000,10470,192000,3999.875,120.0,8,10,2,0.00000,0.00000,0.00000,0.00000,0.00000
38.318,0,38302.000,110518,192000,3999.542,120.0,8,10,2,0.00000,0.00000,0.00000,0.00000,0.00000
38.318,1,38302.000,110518,192000,3999.542,120.0,8,10,2,0.00000,0.00000,0.00000,0.00000,0.00000
38.318,2,36319.000,15351,192000,3999.188,120.0,8,10,2,0.00000,0.00000,0.00000,0.00000,0.00000
38.419,0,38403.000,115385,192000,3999.146,120.0,8,10,2,0.00000,0.00000,0.00000,0.00000,0.00000
38.419,1,38403.000,115385,192000,3999.146,120.0,8,10,2,0.00000,0.00000,0.00000,0.00000,0.00000
38.419,2,36421.000,20218,192000,3999.792,120.0,8,10,2,0.00000,0.00000,0.00000,0.00000,0.00000
38.520,0,38504.000,120233,192000,3999.146,120.0,8,10,2,0.00000,0.00000,0.00000,0.00000,0.00000
38.520,1,38504.000,120233,192000,3999.146,120.0,8,10,2,0.00000,0.00000,0.00000,0.00000,0.00000
38.520,2,36522.000,25066,192000,3999.792,120.0,8,10,2,0.00000,0.00000,0.00000,0.00000,0.00000
38.620,0,38605.000,125050,192000,3999.792,120.0,8,10,2,0.00000,0.00000,0.00000,0.00000,0.00000
38.620,1,38605.000,125050,192000,3999.792,120.0,8,10,2,0.00000,0.00000,0.00000,0.00000,0.00000
38.620,2,36622.000,29883,192000,3999.438,120.0,8,10,2,0.00000,0.00000,0.00000,0.00000,0.00000
38.721,0,38705.000,129863,192000,3999.521,120.0,8,10,2,0.00000,0.00000,0.00000,0.00000,0.00000
38.721,1,38705.000,129863,192000,3999.521,120.0,8,10,2,0.00000,0.00000,0.00000,0.00000,0.00000
38.721,2,36722.000,34696,192000,3999.167,120.0,8,10,2,0.00000,0.00000,0.00000,0.00000,0.00000
38.821,0,38806.000,134698,192000,3999.792,120.0,8,10,2,0.00000,0.00000,0.00000,0.00000,0.00000
38.821,1,38806.000,134698,192000,3999.792,120.0,8,10,2,0.00000,0.00000,0.00000,0.00000,0.00000
38.821,2,36823.000,39531,192000,3999.438,120.0,8,10,2,0.00000,0.00000,0.00000,0.00000,0.00000
38.922,0,38906.000,139513,192000,3999.479,120.0,8,10,2,0.00000,0.00000,0.00000,0.00000,0.00000
38.922,1,38906.000,139513,192000,3999.479,120.0,8,10,2,0.00000,0.00000,0.00000,0.00000,0.00000
38.922,2,36923.000,44346,192000,3999.125,120.0,8,10,2,0.00000,0.00000,0.00000,0.00000,0.00000
39.025,0,39010.000,144484,192000,3999.917,120.0,8,10,2,0.00000,0.00000,0.00000,0.00000,0.00000
39.025,1,39010.000,144484,192000,3999.917,120.0,8,10,2,0.00000,0.00000,0.00000,0.00000,0.00000
39.025,2,37027.000,49317,192000,3999.562,120.0,8,10,2,0.00000,0.00000,0.00000,0.00000,0.00000
39.125,0,39110.000,149296,192000,3999.667,120.0,8,10,2,0.00000,0.00000,0.00000,0.00000,0.00000
39.125,1,39110.000,149296,192000,3999.667,120.0,8,10,2,0.00000,0.00000,0.00000,0.00000,0.00000
39.125,2,37127.000,54129,192000,3999.312,120.0,8,10,2,0.00000,0.00000,0.00000,0.00000,0.00000
39.227,0,39211.000,154151,192000,3999.521,120.0,8,10,2,0.00000,0.00000,0.00000,0.00000,0.00000
39.227,1,39211.000,154151,192000,3999.521,120.0,8,10,2,0.00000,0.00000,0.00000,0.00000,0.00000
39.227,2,37228.000,58984,192000,3999.167,120.0,8,10,2,0.00000,0.00000,0.00000,0.00000,0.00000
39.328,0,39313.000,159028,192000,3999.917,120.0,8,10,2,0.00000,0.00000,0.00000,0.00000,0.00000
39.328,1,39313.000,159028,192000,3999.917,120.0,8,10,2,0.00000,0.00000,0.00000,0.00000,0.00000
39.328,2,37330.000,63861,192000,3999.562,120.0,8,10,2,0.00000,0.00000,0.00000,0.00000,0.00000
39.430,0,39414.000,163915,192000,3999.104,120.0,8,10,2,0.00000,0.00000,0.00000,0.00000,0.00000
39.430,1,39414.000,163915,192000,3999.104,120.0,8,10,2,0.00000,0.00000,0.00000,0.00000,0.00000
39.430,2,37432.000,68748,192000,3999.750,120.0,8,10,2,0.00000,0.00000,0.00000,0.00000,0.00000
39.531,0,39515.000,168756,192000,3999.250,120.0,8,10,2,0.00000,0.00000,0.00000,0.00000,0.00000
39.531,1,39515.000,168756,192000,3999.250,120.0,8,10,2,0.00000,0.00000,0.00000,0.00000,0.00000
39.531,2,37533.000,73589,192000,3999.896,120.0,8,10,2,0.00000,0.00000,0.00000,0.00000,0.00000
39.633,0,39617.000,173657,192000,3999.146,120.0,8,10,2,0.00000,0.00000,0.00000,0.00000,0.00000
39.633,1,39617.000,173657,192000,3999.146,120.0,8,10,2,0.00000,0.00000,0.00000,0.00000,0.00000
39.633,2,37635.000,78490,192000,3999.792,120.0,8,10,2,0.00000,0.00000,0.00000,0.00000,0.00000
39.734,0,39718.000,178494,192000,3999.375,120.0,8,10,2,0.00000,0.00000,0.00000,0.00000,0.00000
39.734,1,39718.000,178494,192000,3999.375,120.0,8,10,2,0.00000,0.00000,0.00000,0.00000,0.00000
39.734,2,37735.000,83327,192000,3999.021,120.0,8,10,2,0.00000,0.00000,0.00000,0.00000,0.00000
39.836,0,39821.000,183417,192000,3999.812,120.0,8,10,2,0.00000,0.00000,0.00000,0.00000,0.00000
39.836,1,39821.000,183417,192000,3999.812,120.0,8,10,2,0.00000,0.00000,0.00000,0.00000,0.00000
39.836,2,37838.000,88250,192000,3999.458,120.0,8,10,2,0.00000,0.00000,0.00000,0.00000,0.00000
39.937,0,39921.000,188234,192000,3999.458,120.0,8,10,2,0.00000,0.00000,0.00000,0.00000,0.00000
39.937,1,39921.000,188234,192000,3999.458,120.0,8,10,2,0.00000,0.00000,0.00000,0.00000,0.00000
39.937,2,37938.000,93067,192000,3999.104,120.0,8,10,2,0.00000,0.00000,0.00000,0.00000,0.00000
40.046,0,40031.000,1488,192000,0.000,120.0,8,11,2,0.00000,0.00000,0.00000,0.00000,0.00000
40.046,1,40031.000,1488,192000,0.000,120.0,8,11,2,0.00000,0.00000,0.00000,0.00000,0.00000
40.046,2,38048.000,98321,192000,3999.646,120.0,8,10,2,0.00000,0.00000,0.00000,0.00000,0.00000
40.148,0,40132.000,6360,192000,3999.500,120.0,8,11,2,0.00000,0.00000,0.00000,0.00000,0.00000
40.148,1,40132.000,6360,192000,3999.500,120.0,8,11,2,0.00000,0.00000,0.00000,0.00000,0.00000
40.148,2,38149.000,103193,192000,3999.146,120.0,8,10,2,0.00000,0.00000,0.00000,0.00000,0.00000
40.249,0,40233.000,11207,192000,3999.521,120.0,8,11,2,0.00000,0.00000,0.00000,0.00000,0.00000
40.249,1,40233.000,11207,192000,3999.521,120.0,8,11,2,0.00000,0.00000,0.00000,0.00000,0.00000
40.249,2,38250.000,108040,192000,3999.167,120.0,8,10,2,0.00000,0.00000,0.00000,0.00000,0.00000
40.351,0,40335.000,16122,192000,3999.125,120.0,8,11,2,0.00000,0.00000,0.00000,0.00000,0.00000
40.351,1,40335.000,16122,192000,3999.125,120.0,8,11,2,0.00000,0.00000,0.00000,0.00000,0.00000
40.351,2,38353.000,112955,192000,3999.771,120.0,8,10,2,0.00000,0.00000,0.00000,0.00000,0.00000
40.452,0,40436.000,20968,192000,3999.167,120.0,8,11,2,0.00000,0.00000,0.00000,0.00000,0.00000
40.452,1,40436.000,20968,192000,3999.167,120.0,8,11,2,0.00000,0.00000,0.00000,0.00000,0.00000
40.452,2,38454.000,117801,192000,3999.812,120.0,8,10,2,0.00000,0.00000,0.00000,0.00000,0.00000
40.553,0,40538.000,25840,192000,3999.667,120.0,8,11,2,0.00000,0.00000,0.00000,0.00000,0.00000
40.553,1,40538.000,25840,192000,3999.667,120.0,8,11,2,0.00000,0.00000,0.00000,0.00000,0.00000
40.553,2,38555.000,122673,192000,3999.312,120.0,8,10,2,0.00000,0.00000,0.00000,0.00000,0.00000
40.654,0,40638.000,30658,192000,3999.292,120.0,8,11,2,0.00000,0.00000,0.00000,0.00000,0.00000
40.654,1,40638.000,30658,192000,3999.292,120.0,8,11,2,0.00000,0.00000,0.00000,0.00000,0.00000
40.654,2,38656.000,127491,192000,3999.938,120.0,8,10,2,0.00000,0.00000,0.00000,0.00000,0.00000
40.756,0,40741.000,35587,192000,3999.604,120.0,8,11,2,0.00000,0.00000,0.00000,0.00000,0.00000
40.756,1,40741.000,35587,192000,3999.604,120.0,8,11,2,0.00000,0.00000,0.00000,0.00000,0.00000
40.756,2,38758.000,132420,192000,3999.250,120.0,8,10,2,0.00000,0.00000,0.00000,0.00000,0.00000
40.859,0,40843.000,40494,192000,3999.375,120.0,8,11,2,0.00000,0.00000,0.00000,0.00000,0.00000
40.859,1,40843.000,40494,192000,3999.375,120.0,8,11,2,0.00000,0.00000,0.00000,0.00000,0.00000
40.859,2,38860.000,137327,192000,3999.021,120.0,8,10,2,0.00000,0.00000,0.00000,0.00000,0.00000
40.959,0,40944.000,45320,192000,3999.833,120.0,8,11,2,0.00000,0.00000,0.00000,0.00000,0.00000
40.959,1,40944.000,45320,192000,3999.833,120.0,8,11,2,0.00000,0.00000,0.00000,0.00000,0.00000
40.959,2,38961.000,142153,192000,3999.479,120.0,8,10,2,0.00000,0.00000,0.00000,0.00000,0.00000
41.061,0,41045.000,50202,192000,3999.125,120.0,8,11,2,0.00000,0.00000,0.00000,0.00000,0.00000
41.061,1,41045.000,50202,192000,3999.125,120.0,8,11,2,0.00000,0.00000,0.00000,0.00000,0.00000
41.061,2,39063.000,147035,192000,3999.771,120.0,8,10,2,0.00000,0.00000,0.00000,0.00000,0.00000
41.161,0,41145.000,55003,192000,3999.104,120.0,8,11,2,0.00000,0.00000,0.00000,0.00000,0.00000
41.161,1,41145.000,55003,192000,3999.104,120.0,8,11,2,0.00000,0.00000,0.00000,0.00000,0.00000
41.161,2,39163.000,151836,192000,3999.750,120.0,8,10,2,0.00000,0.00000,0.00000,0.00000,0.00000
41.262,0,41247.000,59868,192000,3999.750,120.0,8,11,2,0.00000,0.00000,0.00000,0.00000,0.00000
41.262,1,41247.000,59868,192000,3999.750,120.0,8,11,2,0.00000,0.00000,0.00000,0.00000,0.00000
41.262,2,39264.000,156701,192000,3999.396,120.0,8,10,2,0.00000,0.00000,0.00000,0.00000,0.00000
41.363,0,41347.000,64701,192000,3999.062,120.0,8,11,2,0.00000,0.00000,0.00000,0.00000,0.00000
41.363,1,41347.000,64701,192000,3999.062,120.0,8,11,2,0.00000,0.00000,0.00000,0.00000,0.00000
41.363,2,39365.000,161534,192000,3999.708,120.0,8,10,2,0.00000,0.00000,0.00000,0.00000,0.00000
41.465,0,41450.000,69601,192000,3999.979,120.0,8,11,2,0.00000,0.00000,0.00000,0.00000,0.00000
41.465,1,41450.000,69601,192000,3999.979,120.0,8,11,2,0.00000,0.00000,0.00000,0.00000,0.00000
41.465,2,39467.000,166434,192000,3999.625,120.0,8,10,2,0.00000,0.00000,0.00000,0.00000,0.00000
41.565,0,41550.000,74409,192000,3999.812,120.0,8,11,2,0.00000,0.00000,0.00000,0.00000,0.00000
41.565,1,41550.000,74409,192000,3999.812,120.0,8,11,2,0.00000,0.00000,0.00000,0.00000,0.00000
41.565,2,39567.000,171242,192000,3999.458,120.0,8,10,2,0.00000,0.00000,0.00000,0.00000,0.00000
41.665,0,41650.000,79219,192000,3999.604,120.0,8,11,2,0.00000,0.00000,0.00000,0.00000,0.00000
41.665,1,41650.000,79219,192000,3999.604,120.0,8,11,2,0.00000,0.00000,0.00000,0.00000,0.00000
41.665,2,39667.000,176052,192000,3999.250,120.0,8,10,2,0.00000,0.00000,0.00000,0.00000,0.00000
41.767,0,41751.000,84090,192000,3999.125,120.0,8,11,2,0.00000,0.00000,0.00000,0.00000,0.00000
41.767,1,41751.000,84090,192000,3999.125,120.0,8,11,2,0.00000,0.00000,0.00000,0.00000,0.00000
41.767,2,39769.000,180923,192000,3999.771,120.0,8,10,2,0.00000,0.00000,0.00000,0.00000,0.00000
41.867,0,41852.000,88906,192000,3999.792,120.0,8,11,2,0.00000,0.00000,0.00000,0.00000,0.00000
41.867,1,41852.000,88906,192000,3999.792,120.0,8,11,2,0.00000,0.00000,0.00000,0.00000,0.00000
41.867,2,39869.000,185739,192000,3999.438,120.0,8,10,2,0.00000,0.00000,0.00000,0.00000,0.00000
41.970,0,41954.000,93836,192000,3999.083,120.0,8,11,2,0.00000,0.00000,0.00000,0.00000,0.00000
41.970,1,41954.000,93836,192000,3999.083,120.0,8,11,2,0.00000,0.00000,0.00000,0.00000,0.00000
41.970,2,39972.000,190669,192000,3999.729,120.0,8,10,2,0.00000,0.00000,0.00000,0.00000,0.00000
42.072,0,42057.000,98754,192000,3999.625,120.0,8,11,2,0.00000,0.00000,0.00000,0.00000,0.00000
42.072,1,42057.000,98754,192000,3999.625,120.0,8,11,2,0.00000,0.00000,0.00000,0.00000,0.00000
42.072,2,40074.000,3587,192000,3999.271,120.0,8,11,2,0.10117,0.10102,0.10117,0.00000,0.00000
42.174,0,42158.000,103626,192000,3999.125,120.0,8,11,2,0.00000,0.00000,0.00000,0.00000,0.00000
42.174,1,42158.000,103626,192000,3999.125,120.0,8,11,2,0.00000,0.00000,0.00000,0.00000,0.00000
42.174,2,40176.000,8459,192000,3999.771,120.0,8,11,2,0.06633,0.06623,0.06633,0.00000,0.00000
42.276,0,42260.000,108517,192000,3999.229,120.0,8,11,2,0.00000,0.00000,0.00000,0.00000,0.00000
42.276,1,42260.000,108517,192000,3999.229,120.0,8,11,2,0.00000,0.00000,0.00000,0.00000,0.00000
42.276,2,40278.000,13350,192000,3999.875,120.0,8,11,2,0.04342,0.04335,0.04342,0.00000,0.00000
42.378,0,42362.000,113417,192000,3999.146,120.0,8,11,2,0.00000,0.00000,0.00000,0.00000,0.00000
42.378,1,42362.000,113417,192000,3999.146,120.0,8,11,2,0.00000,0.00000,0.00000,0.00000,0.00000
42.378,2,40380.000,18250,192000,3999.792,120.0,8,11,2,0.02840,0.02836,0.02840,0.00000,0.00000
42.480,0,42464.000,118311,192000,3999.188,120.0,8,11,2,0.00000,0.00000,0.00000,0.00000,0.00000
42.480,1,42464.000,118311,192000,3999.188,120.0,8,11,2,0.00000,0.00000,0.00000,0.00000,0.00000
42.480,2,40482.000,23144,192000,3999.833,120.0,8,11,2,0.01859,0.01856,0.01859,0.00000,0.00000
42.581,0,42566.000,123179,192000,3999.771,120.0,8,11,2,0.00000,0.00000,0.00000,0.00000,0.00000
42.581,1,42566.000,123179,192000,3999.771,120.0,8,11,2,0.00000,0.00000,0.00000,0.00000,0.00000
42.581,2,40583.000,28012,192000,3999.417,120.0,8,11,2,0.01219,0.01217,0.01219,0.00000,0.00000
42.683,0,42667.000,128054,192000,3999.208,120.0,8,11,2,0.00000,0.00000,0.00000,0.00000,0.00000
42.683,1,42667.000,128054,192000,3999.208,120.0,8,11,2,0.00000,0.00000,0.00000,0.00000,0.00000
42.683,2,40685.000,32887,192000,3999.854,120.0,8,11,2,0.00799,0.00798,0.00799,0.00000,0.00000
42.785,0,42769.000,132946,192000,3999.292,120.0,8,11,2,0.00000,0.00000,0.00000,0.00000,0.00000
42.785,1,42769.000,132946,192000,3999.292,120.0,8,11,2,0.00000,0.00000,0.00000,0.00000,0.00000
42.785,2,40787.000,37779,192000,3999.938,120.0,8,11,2,0.00523,0.00522,0.00523,0.00000,0.00000
42.885,0,42870.000,137765,192000,3999.896,120.0,8,11,2,0.00000,0.00000,0.00000,0.00000,0.00000
42.885,1,42870.000,137765,192000,3999.896,120.0,8,11,2,0.00000,0.00000,0.00000,0.00000,0.00000
42.885,2,40887.000,42598,192000,3999.542,120.0,8,11,2,0.00344,0.00344,0.00344,0.00000,0.00000
42.987,0,42971.000,142635,192000,3999.438,120.0,8,11,2,0.00000,0.00000,0.00000,0.00000,0.00000
42.987,1,42971.000,142635,192000,3999.438,120.0,8,11,2,0.00000,0.00000,0.00000,0.00000,0.00000
42.987,2,40988.000,47468,192000,3999.083,120.0,8,11,2,0.00226,0.00226,0.00226,0.00000,0.00000
43.087,0,43072.000,147461,192000,3999.896,120.0,8,11,2,0.00000,0.00000,0.00000,0.00000,0.00000
43.087,1,43072.000,147461,192000,3999.896,120.0,8,11,2,0.00000,0.00000,0.00000,0.00000,0.00000
43.087,2,41089.000,52294,192000,3999.542,120.0,8,11,2,0.00149,0.00148,0.00149,0.00000,0.00000
43.190,0,43174.000,152393,192000,3999.146,120.0,8,11,2,0.00000,0.00000,0.00000,0.00000,0.00000
43.190,1,43174.000,152393,192000,3999.146,120.0,8,11,2,0.00000,0.00000,0.00000,0.00000,0.00000
43.190,2,41192.000,57226,192000,3999.792,120.0,8,11,2,0.00097,0.00097,0.00097,0.00000,0.00000
43.292,0,43277.000,157300,192000,3999.917,120.0,8,11,2,0.00000,0.00000,0.00000,0.00000,0.00000
43.292,1,43277.000,157300,192000,3999.917,120.0,8,11,2,0.00000,0.00000,0.00000,0.00000,0.00000
43.292,2,41294.000,62133,192000,3999.562,120.0,8,11,2,0.00063,0.00063,0.00063,0.00000,0.00000
43.393,0,43377.000,162134,192000,3999.208,120.0,8,11,2,0.00000,0.00000,0.00000,0.00000,0.00000
43.393,1,43377.000,162134,192000,3999.208,120.0,8,11,2,0.00000,0.00000,0.00000,0.00000,0.00000
43.393,2,41395.000,66967,192000,3999.854,120.0,8,11,2,0.00042,0.00042,0.00042,0.00000,0.00000
43.493,0,43477.000,166943,192000,3999.021,120.0,8,11,2,0.00000,0.00000,0.00000,0.00000,0.00000
43.493,1,43477.000,166943,192000,3999.021,120.0,8,11,2,0.00000,0.00000,0.00000,0.00000,0.00000
43.493,2,41495.000,71776,192000,3999.667,120.0,8,11,2,0.00027,0.00027,0.00027,0.00000,0.00000
43.593,0,43578.000,171744,192000,0.000,120.0,8,11,2,0.00000,0.00000,0.00000,0.00000,0.00000
43.593,1,43578.000,171744,192000,0.000,120.0,8,11,2,0.00000,0.00000,0.00000,0.00000,0.00000
43.593,2,41595.000,76577,192000,3999.646,120.0,8,11,2,0.00018,0.00018,0.00018,0.00000,0.00000
43.694,0,43678.000,176581,192000,3999.229,120.0,8,11,2,0.00000,0.00000,0.00000,0.00000,0.00000
43.694,1,43678.000,176581,192000,3999.229,120.0,8,11,2,0.00000,0.00000,0.00000,0.00000,0.00000
43.694,2,41696.000,81414,192000,3999.875,120.0,8,11,2,0.00012,0.00012,0.00012,0.00000,0.00000
43.794,0,43779.000,181408,192000,3999.667,120.0,8,11,2,0.00000,0.00000,0.00000,0.00000,0.00000
43.794,1,43779.000,181408,192000,3999.667,120.0,8,11,2,0.00000,0.00000,0.00000,0.00000,0.00000
43.794,2,41796.000,86241,192000,3999.312,120.0,8,11,2,0.00008,0.00008,0.00008,0.00000,0.00000
43.897,0,43882.000,186351,192000,3999.688,120.0,8,11,2,0.00000,0.00000,0.00000,0.00000,0.00000
43.897,1,43882.000,186351,192000,3999.688,120.0,8,11,2,0.00000,0.00000,0.00000,0.00000,0.00000
43.897,2,41899.000,91184,192000,3999.333,120.0,8,11,2,0.00005,0.00005,0.00005,0.00000,0.00000
43.999,0,43984.000,191244,192000,3999.750,120.0,8,11,2,0.00000,0.00000,0.00000,0.00000,0.00000
43.999,1,43984.000,191244,192000,3999.750,120.0,8,11,2,0.00000,0.00000,0.00000,0.00000,0.00000
43.999,2,42001.000,96077,192000,3999.396,120.0,8,11,2,0.00003,0.00003,0.00003,0.00000,0.00000
44.102,0,44087.000,4189,192000,3999.729,120.0,8,12,2,0.09655,0.09646,0.09655,0.00000,0.00000
44.102,1,44087.000,4189,192000,3999.729,120.0,8,12,2,0.09646,0.09646,0.09640,0.00000,0.00000
44.102,2,42104.000,101022,192000,3999.375,120.0,8,11,2,0.00002,0.00002,0.00002,0.00000,0.00000
44.203,0,44187.000,9019,192000,3999.104,120.0,8,12,2,0.06353,0.06347,0.06353,0.00000,0.00000
44.203,1,44187.000,9019,192000,3999.104,120.0,8,12,2,0.06347,0.06347,0.06344,0.00000,0.00000
44.203,2,42205.000,105852,192000,3999.750,120.0,8,11,2,0.00001,0.00001,0.00001,0.00000,0.00000
44.303,0,44288.000,13829,192000,3999.896,120.0,8,12,2,0.04188,0.04184,0.04188,0.00000,0.00000
44.303,1,44288.000,13829,192000,3999.896,120.0,8,12,2,0.04184,0.04184,0.04182,0.00000,0.00000
44.303,2,42305.000,110662,192000,3999.542,120.0,8,11,2,0.00001,0.00001,0.00001,0.00000,0.00000
44.404,0,44388.000,18670,192000,3999.042,120.0,8,12,2,0.02753,0.02751,0.02753,0.00000,0.00000
44.404,1,44388.000,18670,192000,3999.042,120.0,8,12,2,0.02751,0.02751,0.02749,0.00000,0.00000
44.404,2,42406.000,115503,192000,3999.688,120.0,8,11,2,0.00001,0.00001,0.00001,0.00000,0.00000
44.505,0,44489.000,23495,192000,3999.521,120.0,8,12,2,0.01813,0.01811,0.01813,0.00000,0.00000
44.505,1,44489.000,23495,192000,3999.521,120.0,8,12,2,0.01811,0.01811,0.01810,0.00000,0.00000
44.505,2,42506.000,120328,192000,3999.167,120.0,8,11,2,0.00000,0.00000,0.00000,0.00000,0.00000
44.605,0,44590.000,28323,192000,3999.938,120.0,8,12,2,0.01193,0.01192,0.01193,0.00000,0.00000
44.605,1,44590.000,28323,192000,3999.938,120.0,8,12,2,0.01192,0.01192,0.01191,0.00000,0.00000
44.605,2,42607.000,125156,192000,3999.583,120.0,8,11,2,0.00000,0.00000,0.00000,0.00000,0.00000
44.708,0,44692.000,33254,192000,3999.208,120.0,8,12,2,0.00778,0.00777,0.00778,0.00000,0.00000
44.708,1,44692.000,33254,192000,3999.208,120.0,8,12,2,0.00777,0.00777,0.00777,0.00000,0.00000
44.708,2,42710.000,130087,192000,3999.854,120.0,8,11,2,0.00000,0.00000,0.00000,0.00000,0.00000
44.809,0,44794.000,38132,192000,3999.583,120.0,8,12,2,0.00510,0.00509,0.00510,0.00000,0.00000
44.809,1,44794.000,38132,192000,3999.583,120.0,8,12,2,0.00509,0.00509,0.00509,0.00000,0.00000
44.809,2,42811.000,134965,192000,3999.229,120.0,8,11,2,0.00000,0.00000,0.00000,0.00000,0.00000
44.911,0,44896.000,43009,192000,3999.979,120.0,8,12,2,0.00334,0.00334,0.00334,0.00000,0.00000
44.911,1,44896.000,43009,192000,3999.979,120.0,8,12,2,0.00334,0.00334,0.00334,0.00000,0.00000
44.911,2,42913.000,139842,192000,3999.625,120.0,8,11,2,0.00000,0.00000,0.00000,0.00000,0.00000
45.011,0,44996.000,47823,192000,3999.688,120.0,8,12,2,0.00220,0.00220,0.00220,0.00000,0.00000
45.011,1,44996.000,47823,192000,3999.688,120.0,8,12,2,0.00220,0.00220,0.00220,0.00000,0.00000
45.011,2,43013.000,144656,192000,3999.333,120.0,8,11,2,0.00000,0.00000,0.00000,0.00000,0.00000
45.113,0,45098.000,52709,192000,3999.896,120.0,8,12,2,0.00144,0.00144,0.00144,0.00000,0.00000
45.113,1,45098.000,52709,192000,3999.896,120.0,8,12,2,0.00144,0.00144,0.00144,0.00000,0.00000
45.113,2,43115.000,149542,192000,3999.542,120.0,8,11,2,0.00000,0.00000,0.00000,0.00000,0.00000
45.214,0,45199.000,57565,192000,3999.729,120.0,8,12,2,0.00095,0.00095,0.00095,0.00000,0.00000
45.214,1,45199.000,57565,192000,3999.729,120.0,8,12,2,0.00095,0.00095,0.00095,0.00000,0.00000
45.214,2,43216.000,154398,192000,3999.375,120.0,8,11,2,0.00000,0.00000,0.00000,0.00000,0.00000
45.315,0,45299.000,62382,192000,3999.375,120.0,8,12,2,0.00062,0.00062,0.00062,0.00000,0.00000
45.315,1,45299.000,62382,192000,3999.375,120.0,8,12,2,0.00062,0.00062,0.00062,0.00000,0.00000
45.315,2,43316.000,159215,192000,3999.021,120.0,8,11,2,0.00000,0.00000,0.00000,0.00000,0.00000
45.415,0,45399.000,67188,192000,3999.250,120.0,8,12,2,0.00041,0.00041,0.00041,0.00000,0.00000
45.415,1,45399.000,67188,192000,3999.250,120.0,8,12,2,0.00041,0.00041,0.00041,0.00000,0.00000
45.415,2,43417.000,164021,192000,3999.896,120.0,8,11,2,0.00000,0.00000,0.00000,0.00000,0.00000
45.515,0,45500.000,72019,192000,3999.604,120.0,8,12,2,0.00027,0.00027,0.00027,0.00000,0.00000
45.515,1,45500.000,72019,192000,3999.604,120.0,8,12,2,0.00027,0.00027,0.00027,0.00000,0.00000
45.515,2,43517.000,168852,192000,3999.250,120.0,8,11,2,0.00000,0.00000,0.00000,0.00000,0.00000
45.617,0,45601.000,76891,192000,3999.104,120.0,8,12,2,0.00018,0.00018,0.00018,0.00000,0.00000
45.617,1,45601.000,76891,192000,3999.104,120.0,8,12,2,0.00018,0.00018,0.00018,0.00000,0.00000
45.617,2,43619.000,173724,192000,3999.750,120.0,8,11,2,0.00000,0.00000,0.00000,0.00000,0.00000
45.718,0,45703.000,81755,192000,3999.771,120.0,8,12,2,0.00012,0.00012,0.00012,0.00000,0.00000
45.718,1,45703.000,81755,192000,3999.771,120.0,8,12,2,0.00012,0.00012,0.00012,0.00000,0.00000
45.718,2,43720.000,178588,192000,3999.417,120.0,8,11,2,0.00000,0.00000,0.00000,0.00000,0.00000
45.819,0,45804.000,86592,192000,0.000,120.0,8,12,2,0.00008,0.00008,0.00008,0.00000,0.00000
45.819,1,45804.000,86592,192000,0.000,120.0,8,12,2,0.00008,0.00008,0.00008,0.00000,0.00000
45.819,2,43821.000,183425,192000,3999.646,120.0,8,11,2,0.00000,0.00000,0.00000,0.00000,0.00000
45.920,0,45904.000,91433,192000,3999.146,120.0,8,12,2,0.00005,0.00005,0.00005,0.00000,0.00000
45.920,1,45904.000,91433,192000,3999.146,120.0,8,12,2,0.00005,0.00005,0.00005,0.00000,0.00000
45.920,2,43922.000,188266,192000,3999.792,120.0,8,11,2,0.00000,0.00000,0.00000,0.00000,0.00000
46.022,0,46007.000,96337,192000,3999.979,120.0,8,12,2,0.00003,0.00003,0.00003,0.00000,0.00000
46.022,1,46007.000,96337,192000,3999.979,120.0,8,12,2,0.00003,0.00003,0.00003,0.00000,0.00000
46.022,2,44024.000,1170,192000,3999.625,120.0,8,12,2,0.00000,0.00000,0.00000,0.00000,0.00000
46.123,0,46107.000,101182,192000,3999.042,120.0,8,12,2,0.00002,0.00002,0.00002,0.00000,0.00000
46.123,1,46107.000,101182,192000,3999.042,120.0,8,12,2,0.00002,0.00002,0.00002,0.00000,0.00000
46.123,2,44125.000,6015,192000,3999.688,120.0,8,12,2,0.00000,0.00000,0.00000,0.00000,0.00000
46.225,0,46210.000,106086,192000,3999.875,120.0,8,12,2,0.00001,0.00001,0.00001,0.00000,0.00000
46.225,1,46210.000,106086,192000,3999.875,120.0,8,12,2,0.00001,0.00001,0.00001,0.00000,0.00000
46.225,2,44227.000,10919,192000,3999.521,120.0,8,12,2,0.00000,0.00000,0.00000,0.00000,0.00000
46.328,0,46312.000,111003,192000,3999.438,120.0,8,12,2,0.00001,0.00001,0.00001,0.00000,0.00000
46.328,1,46312.000,111003,192000,3999.438,120.0,8,12,2,0.00001,0.00001,0.00001,0.00000,0.00000
46.328,2,44329.000,15836,192000,3999.083,120.0,8,12,2,0.00000,0.00000,0.00000,0.00000,0.00000
46.429,0,46414.000,115892,192000,3999.583,120.0,8,12,2,0.00001,0.00001,0.00001,0.00000,0.00000
46.429,1,46414.000,115892,192000,3999.583,120.0,8,12,2,0.00001,0.00001,0.00001,0.00000,0.00000
46.429,2,44431.000,20725,192000,3999.229,120.0,8,12,2,0.00000,0.00000,0.00000,0.00000,0.00000
46.530,0,46514.000,120708,192000,3999.250,120.0,8,12,2,0.00000,0.00000,0.00000,0.00000,0.00000
46.530,1,46514.000,120708,192000,3999.250,120.0,8,12,2,0.00000,0.00000,0.00000,0.00000,0.00000
46.530,2,44532.000,25541,192000,3999.896,120.0,8,12,2,0.00000,0.00000,0.00000,0.00000,0.00000
46.631,0,46616.000,125568,192000,0.000,120.0,8,12,2,0.00000,0.00000,0.00000,0.00000,0.00000
46.631,1,46616.000,125568,192000,0.000,120.0,8,12,2,0.00000,0.00000,0.00000,0.00000,0.00000
46.631,2,44633.000,30401,192000,3999.646,120.0,8,12,2,0.00000,0.00000,0.00000,0.00000,0.00000
46.731,0,46716.000,130389,192000,3999.562,120.0,8,12,2,0.00000,0.00000,0.00000,0.00000,0.00000
46.731,1,46716.000,130389,192000,3999.562,120.0,8,12,2,0.00000,0.00000,0.00000,0.00000,0.00000
46.731,2,44733.000,35222,192000,3999.208,120.0,8,12,2,0.00000,0.00000,0.00000,0.00000,0.00000
46.834,0,46818.000,135303,192000,3999.188,120.0,8,12,2,0.00000,0.00000,0.00000,0.00000,0.00000
46.834,1,46818.000,135303,192000,3999.188,120.0,8,12,2,0.00000,0.00000,0.00000,0.00000,0.00000
46.834,2,44836.000,40136,192000,3999.833,120.0,8,12,2,0.00000,0.00000,0.00000,0.00000,0.00000
46.934,0,46919.000,140125,192000,3999.729,120.0,8,12,2,0.00000,0.00000,0.00000,0.00000,0.00000
46.934,1,46919.000,140125,192000,3999.729,120.0,8,12,2,0.00000,0.00000,0.00000,0.00000,0.00000
46.934,2,44936.000,44958,192000,3999.375,120.0,8,12,2,0.00000,0.00000,0.00000,0.00000,0.00000
47.036,0,47021.000,145026,192000,3999.625,120.0,8,12,2,0.00000,0.00000,0.00000,0.00000,0.00000
47.036,1,47021.000,145026,192000,3999.625,120.0,8,12,2,0.00000,0.00000,0.00000,0.00000,0.00000
47.036,2,45038.000,49859,192000,3999.271,120.0,8,12,2,0.00000,0.00000,0.00000,0.00000,0.00000
47.137,0,47122.000,149868,192000,3999.750,120.0,8,12,2,0.00000,0.00000,0.00000,0.00000,0.00000
47.137,1,47122.000,149868,192000,3999.750,120.0,8,12,2,0.00000,0.00000,0.00000,0.00000,0.00000
47.137,2,45139.000,54701,192000,3999.396,120.0,8,12,2,0.00000,0.00000,0.00000,0.00000,0.00000
47.240,0,47225.000,154800,192000,0.000,120.0,8,12,2,0.00000,0.00000,0.00000,0.00000,0.00000
47.240,1,47225.000,154800,192000,0.000,120.0,8,12,2,0.00000,0.00000,0.00000,0.00000,0.00000
47.240,2,45242.000,59633,192000,3999.646,120.0,8,12,2,0.00000,0.00000,0.00000,0.00000,0.00000
47.341,0,47326.000,159661,192000,3999.729,120.0,8,12,2,0.00000,0.00000,0.00000,0.00000,0.00000
47.341,1,47326.000,159661,192000,3999.729,120.0,8,12,2,0.00000,0.00000,0.00000,0.00000,0.00000
47.341,2,45343.000,64494,192000,3999.375,120.0,8,12,2,0.00000,0.00000,0.00000,0.00000,0.00000
47.442,0,47426.000,164479,192000,3999.354,120.0,8,12,2,0.00000,0.00000,0.00000,0.00000,0.00000
47.442,1,47426.000,164479,192000,3999.354,120.0,8,12,2,0.00000,0.00000,0.00000,0.00000,0.00000
47.442,2,45444.000,69312,192000,0.000,120.0,8,12,2,0.00000,0.00000,0.00000,0.00000,0.00000
47.542,0,47527.000,169317,192000,3999.562,120.0,8,12,2,0.00000,0.00000,0.00000,0.00000,0.00000
47.542,1,47527.000,169317,192000,3999.562,120.0,8,12,2,0.00000,0.00000,0.00000,0.00000,0.00000
47.542,2,45544.000,74150,192000,3999.208,120.0,8,12,2,0.00000,0.00000,0.00000,0.00000,0.00000
47.643,0,47628.000,174152,192000,3999.833,120.0,8,12,2,0.00000,0.00000,0.00000,0.00000,0.00000
47.643,1,47628.000,174152,192000,3999.833,120.0,8,12,2,0.00000,0.00000,0.00000,0.00000,0.00000
47.643,2,45645.000,78985,192000,3999.479,120.0,8,12,2,0.00000,0.00000,0.00000,0.00000,0.00000
47.745,0,47729.000,179022,192000,3999.375,120.0,8,12,2,0.00000,0.00000,0.00000,0.00000,0.00000
47.745,1,47729.000,179022,192000,3999.375,120.0,8,12,2,0.00000,0.00000,0.00000,0.00000,0.00000
47.745,2,45746.000,83855,192000,3999.021,120.0,8,12,2,0.00000,0.00000,0.00000,0.00000,0.00000
47.847,0,47832.000,183957,192000,3999.562,120.0,8,12,2,0.00000,0.00000,0.00000,0.00000,0.00000
47.847,1,47832.000,183957,192000,3999.562,120.0,8,12,2,0.00000,0.00000,0.00000,0.00000,0.00000
47.847,2,45849.000,88790,192000,3999.208,120.0,8,12,2,0.00000,0.00000,0.00000,0.00000,0.00000
47.949,0,47933.000,188829,192000,3999.062,120.0,8,12,2,0.00000,0.00000,0.00000,0.00000,0.00000
47.949,1,47933.000,188829,192000,3999.062,120.0,8,12,2,0.00000,0.00000,0.00000,0.00000,0.00000
47.949,2,45951.000,93662,192000,3999.708,120.0,8,12,2,0.00000,0.00000,0.00000,0.00000,0.00000
48.049,0,48034.000,1635,192000,3999.938,120.0,8,13,2,0.00000,0.00000,0.00000,0.00000,0.00000
48.049,1,48034.000,1635,192000,3999.938,120.0,8,13,2,0.00000,0.00000,0.00000,0.00000,0.00000
48.049,2,46051.000,98468,192000,3999.583,120.0,8,12,2,0.00000,0.00000,0.00000,0.00000,0.00000
48.150,0,48134.000,6469,192000,3999.229,120.0,8,13,2,0.00000,0.00000,0.00000,0.00000,0.00000
48.150,1,48134.000,6469,192000,3999.229,120.0,8,13,2,0.00000,0.00000,0.00000,0.00000,0.00000
48.150,2,46152.000,103302,192000,3999.875,120.0,8,12,2,0.00000,0.00000,0.00000,0.00000,0.00000
48.251,0,48235.000,11304,192000,3999.500,120.0,8,13,2,0.00000,0.00000,0.00000,0.00000,0.00000
48.251,1,48235.000,11304,192000,3999.500,120.0,8,13,2,0.00000,0.00000,0.00000,0.00000,0.00000
48.251,2,46252.000,108137,192000,3999.146,120.0,8,12,2,0.00000,0.00000,0.00000,0.00000,0.00000
48.353,0,48337.000,16200,192000,3999.500,120.0,8,13,2,0.00000,0.00000,0.00000,0.00000,0.00000
48.353,1,48337.000,16200,192000,3999.500,120.0,8,13,2,0.00000,0.00000,0.00000,0.00000,0.00000
48.353,2,46354.000,113033,192000,3999.146,120.0,8,12,2,0.00000,0.00000,0.00000,0.00000,0.00000
48.453,0,48437.000,21015,192000,3999.188,120.0,8,13,2,0.00000,0.00000,0.00000,0.00000,0.00000
48.453,1,48437.000,21015,192000,3999.188,120.0,8,13,2,0.00000,0.00000,0.00000,0.00000,0.00000
48.453,2,46455.000,117848,192000,3999.833,120.0,8,12,2,0.00000,0.00000,0.00000,0.00000,0.00000
48.556,0,48540.000,25951,192000,3999.354,120.0,8,13,2,0.00000,0.00000,0.00000,0.00000,0.00000
48.556,1,48540.000,25951,192000,3999.354,120.0,8,13,2,0.00000,0.00000,0.00000,0.00000,0.00000
48.556,2,46558.000,122784,192000,0.000,120.0,8,12,2,0.00000,0.00000,0.00000,0.00000,0.00000
48.656,0,48640.000,30755,192000,3999.271,120.0,8,13,2,0.00000,0.00000,0.00000,0.00000,0.00000
48.656,1,48640.000,30755,192000,3999.271,120.0,8,13,2,0.00000,0.00000,0.00000,0.00000,0.00000
48.656,2,46658.000,127588,192000,3999.917,120.0,8,12,2,0.00000,0.00000,0.00000,0.00000,0.00000
48.756,0,48740.000,35556,192000,3999.250,120.0,8,13,2,0.00000,0.00000,0.00000,0.00000,0.00000
48.756,1,48740.000,35556,192000,3999.250,120.0,8,13,2,0.00000,0.00000,0.00000,0.00000,0.00000
48.756,2,46758.000,132389,192000,3999.896,120.0,8,12,2,0.00000,0.00000,0.00000,0.00000,0.00000
48.857,0,48841.000,40408,192000,3999.167,120.0,8,13,2,0.00000,0.00000,0.00000,0.00000,0.00000
48.857,1,48841.000,40408,192000,3999.167,120.0,8,13,2,0.00000,0.00000,0.00000,0.00000,0.00000
48.857,2,46859.000,137241,192000,3999.812,120.0,8,12,2,0.00000,0.00000,0.00000,0.00000,0.00000
48.957,0,48942.000,45227,192000,3999.771,120.0,8,13,2,0.00000,0.00000,0.00000,0.00000,0.00000
48.957,1,48942.000,45227,192000,3999.771,120.0,8,13,2,0.00000,0.00000,0.00000,0.00000,0.00000
48.957,2,46959.000,142060,192000,3999.417,120.0,8,12,2,0.00000,0.00000,0.00000,0.00000,0.00000
49.057,0,49042.000,50029,192000,3999.729,120.0,8,13,2,0.00000,0.00000,0.00000,0.00000,0.00000
49.057,1,49042.000,50029,192000,3999.729,120.0,8,13,2,0.00000,0.00000,0.00000,0.00000,0.00000
49.057,2,47059.000,146862,192000,3999.375,120.0,8,12,2,0.00000,0.00000,0.00000,0.00000,0.00000
49.159,0,49144.000,54924,192000,3999.750,120.0,8,13,2,0.00000,0.00000,0.00000,0.00000,0.00000
49.159,1,49144.000,54924,192000,3999.750,120.0,8,13,2,0.00000,0.00000,0.00000,0.00000,0.00000
49.159,2,47161.000,151757,192000,3999.396,120.0,8,12,2,0.00000,0.00000,0.00000,0.00000,0.00000
49.261,0,49245.000,59801,192000,3999.146,120.0,8,13,2,0.00000,0.00000,0.00000,0.00000,0.00000
49.261,1,49245.000,59801,192000,3999.146,120.0,8,13,2,0.00000,0.00000,0.00000,0.00000,0.00000
49.261,2,47263.000,156634,192000,3999.792,120.0,8,12,2,0.00000,0.00000,0.00000,0.00000,0.00000
49.361,0,49346.000,64619,192000,3999.771,120.0,8,13,2,0.00000,0.00000,0.00000,0.00000,0.00000
49.361,1,49346.000,64619,192000,3999.771,120.0,8,13,2,0.00000,0.00000,0.00000,0.00000,0.00000
49.361,2,47363.000,161452,192000,3999.417,120.0,8,12,2,0.00000,0.00000,0.00000,0.00000,0.00000
49.462,0,49446.000,69436,192000,3999.417,120.0,8,13,2,0.00000,0.00000,0.00000,0.00000,0.00000
49.462,1,49446.000,69436,192000,3999.417,120.0,8,13,2,0.00000,0.00000,0.00000,0.00000,0.00000
49.462,2,47463.000,166269,192000,3999.062,120.0,8,12,2,0.00000,0.00000,0.00000,0.00000,0.00000
49.562,0,49546.000,74252,192000,3999.083,120.0,8,13,2,0.00000,0.00000,0.00000,0.00000,0.00000
49.562,1,49546.000,74252,192000,3999.083,120.0,8,13,2,0.00000,0.00000,0.00000,0.00000,0.00000
49.562,2,47564.000,171085,192000,3999.729,120.0,8,12,2,0.00000,0.00000,0.00000,0.00000,0.00000
49.664,0,49649.000,79153,192000,3999.979,120.0,8,13,2,0.00000,0.00000,0.00000,0.00000,0.00000
49.664,1,49649.000,79153,192000,3999.979,120.0,8,13,2,0.00000,0.00000,0.00000,0.00000,0.00000
49.664,2,47666.000,175986,192000,3999.625,120.0,8,12,2,0.00000,0.00000,0.00000,0.00000,0.00000
49.765,0,49750.000,84003,192000,3999.938,120.0,8,13,2,0.00000,0.00000,0.00000,0.00000,0.00000
49.765,1,49750.000,84003,192000,3999.938,120.0,8,13,2,0.00000,0.00000,0.00000,0.00000,0.00000
49.765,2,47767.000,180836,192000,3999.583,120.0,8,12,2,0.00000,0.00000,0.00000,0.00000,0.00000
49.867,0,49851.000,88883,192000,3999.271,120.0,8,13,2,0.00000,0.00000,0.00000,0.00000,0.00000
49.867,1,49851.000,88883,192000,3999.271,120.0,8,13,2,0.00000,0.00000,0.00000,0.00000,0.00000
49.867,2,47869.000,185716,192000,3999.917,120.0,8,12,2,0.00000,0.00000,0.00000,0.00000,0.00000
49.968,0,49953.000,93751,192000,3999.854,120.0,8,13,2,0.00000,0.00000,0.00000,0.00000,0.00000
49.968,1,49953.000,93751,192000,3999.854,120.0,8,13,2,0.00000,0.00000,0.00000,0.00000,0.00000
49.968,2,47970.000,190584,192000,3999.500,120.0,8,12,2,0.00000,0.00000,0.00000,0.00000,0.00000
50.070,0,50054.000,98637,192000,3999.062,120.0,8,13,2,0.00000,0.00000,0.00000,0.00000,0.00000
50.070,1,50054.000,98637,192000,3999.062,120.0,8,13,2,0.00000,0.00000,0.00000,0.00000,0.00000
50.070,2,48072.000,3470,192000,3999.708,120.0,8,13,2,0.00000,0.00000,0.00000,0.00000,0.00000
50.171,0,50156.000,103491,192000,3999.938,120.0,8,13,2,0.00000,0.00000,0.00000,0.00000,0.00000
50.171,1,50156.000,103491,192000,3999.938,120.0,8,13,2,0.00000,0.00000,0.00000,0.00000,0.00000
50.171,2,48173.000,8324,192000,3999.583,120.0,8,13,2,0.00000,0.00000,0.00000,0.00000,0.00000
50.272,0,50257.000,108357,192000,3999.562,120.0,8,13,2,0.00000,0.00000,0.00000,0.00000,0.00000
50.272,1,50257.000,108357,192000,3999.562,120.0,8,13,2,0.00000,0.00000,0.00000,0.00000,0.00000
50.272,2,48274.000,13190,192000,3999.208,120.0,8,13,2,0.00000,0.00000,0.00000,0.00000,0.00000
50.375,0,50359.000,113267,192000,3999.271,120.0,8,13,2,0.00000,0.00000,0.00000,0.00000,0.00000
50.375,1,50359.000,113267,192000,3999.271,120.0,8,13,2,0.00000,0.00000,0.00000,0.00000,0.00000
50.375,2,48377.000,18100,192000,3999.917,120.0,8,13,2,0.00000,0.00000,0.00000,0.00000,0.00000
50.477,0,50461.000,118171,192000,3999.104,120.0,8,13,2,0.00000,0.00000,0.00000,0.00000,0.00000
50.477,1,50461.000,118171,192000,3999.104,120.0,8,13,2,0.00000,0.00000,0.00000,0.00000,0.00000
50.477,2,48479.000,23004,192000,3999.750,120.0,8,13,2,0.00000,0.00000,0.00000,0.00000,0.00000
50.578,0,50562.000,123016,192000,3999.167,120.0,8,13,2,0.00000,0.00000,0.00000,0.00000,0.00000
50.578,1,50562.000,123016,192000,3999.167,120.0,8,13,2,0.00000,0.00000,0.00000,0.00000,0.00000
50.578,2,48580.000,27849,192000,3999.812,120.0,8,13,2,0.00000,0.00000,0.00000,0.00000,0.00000
50.680,0,50665.000,127922,192000,3999.958,120.0,8,13,2,0.00000,0.00000,0.00000,0.00000,0.00000
50.680,1,50665.000,127922,192000,3999.958,120.0,8,13,2,0.00000,0.00000,0.00000,0.00000,0.00000
50.680,2,48682.000,32755,192000,3999.604,120.0,8,13,2,0.00000,0.00000,0.00000,0.00000,0.00000
50.781,0,50765.000,132743,192000,3999.521,120.0,8,13,2,0.00000,0.00000,0.00000,0.00000,0.00000
50.781,1,50765.000,132743,192000,3999.521,120.0,8,13,2,0.00000,0.00000,0.00000,0.00000,0.00000
50.781,2,48782.000,37576,192000,3999.167,120.0,8,13,2,0.00000,0.00000,0.00000,0.00000,0.00000
50.881,0,50865.000,137547,192000,3999.438,120.0,8,13,2,0.00000,0.00000,0.00000,0.00000,0.00000
50.881,1,50865.000,137547,192000,3999.438,120.0,8,13,2,0.00000,0.00000,0.00000,0.00000,0.00000
50.881,2,48882.000,42380,192000,3999.083,120.0,8,13,2,0.00000,0.00000,0.00000,0.00000,0.00000
50.982,0,50966.000,142390,192000,3999.542,120.0,8,13,2,0.00000,0.00000,0.00000,0.00000,0.00000
50.982,1,50966.000,142390,192000,3999.542,120.0,8,13,2,0.00000,0.00000,0.00000,0.00000,0.00000
50.982,2,48983.000,47223,192000,3999.188,120.0,8,13,2,0.00000,0.00000,0.00000,0.00000,0.00000
51.083,0,51068.000,147273,192000,3999.812,120.0,8,13,2,0.00000,0.00000,0.00000,0.00000,0.00000
51.083,1,51068.000,147273,192000,3999.812,120.0,8,13,2,0.00000,0.00000,0.00000,0.00000,0.00000
51.083,2,49085.000,52106,192000,3999.458,120.0,8,13,2,0.00000,0.00000,0.00000,0.00000,0.00000
51.185,0,51169.000,152144,192000,3999.333,120.0,8,13,2,0.00000,0.00000,0.00000,0.00000,0.00000
51.185,1,51169.000,152144,192000,3999.333,120.0,8,13,2,0.00000,0.00000,0.00000,0.00000,0.00000
51.185,2,49187.000,56977,192000,3999.979,120.0,8,13,2,0.00000,0.00000,0.00000,0.00000,0.00000
51.286,0,51270.000,156997,192000,3999.229,120.0,8,13,2,0.00000,0.00000,0.00000,0.00000,0.00000
51.286,1,51270.000,156997,192000,3999.229,120.0,8,13,2,0.00000,0.00000,0.00000,0.00000,0.00000
51.286,2,49288.000,61830,192000,3999.875,120.0,8,13,2,0.00000,0.00000,0.00000,0.00000,0.00000
51.386,0,51370.000,161805,192000,3999.062,120.0,8,13,2,0.00000,0.00000,0.00000,0.00000,0.00000
51.386,1,51370.000,161805,192000,3999.062,120.0,8,13,2,0.00000,0.00000,0.00000,0.00000,0.00000
51.386,2,49388.000,66638,192000,3999.708,120.0,8,13,2,0.00000,0.00000,0.00000,0.00000,0.00000
51.488,0,51472.000,166682,192000,3999.458,120.0,8,13,2,0.00000,0.00000,0.00000,0.00000,0.00000
51.488,1,51472.000,166682,192000,3999.458,120.0,8,13,2,0.00000,0.00000,0.00000,0.00000,0.00000
51.488,2,49489.000,71515,192000,3999.104,120.0,8,13,2,0.00000,0.00000,0.00000,0.00000,0.00000
51.589,0,51573.000,171547,192000,3999.104,120.0,8,13,2,0.00000,0.00000,0.00000,0.00000,0.00000
51.589,1,51573.000,171547,192000,3999.104,120.0,8,13,2,0.00000,0.00000,0.00000,0.00000,0.00000
51.589,2,49591.000,76380,192000,3999.750,120.0,8,13,2,0.00000,0.00000,0.00000,0.00000,0.00000
51.690,0,51674.000,176388,192000,3999.250,120.0,8,13,2,0.00000,0.00000,0.00000,0.00000,0.00000
51.690,1,51674.000,176388,192000,3999.250,120.0,8,13,2,0.00000,0.00000,0.00000,0.00000,0.00000
51.690,2,49692.000,81221,192000,3999.896,120.0,8,13,2,0.00000,0.00000,0.00000,0.00000,0.00000
51.792,0,51776.000,181270,192000,3999.542,120.0,8,13,2,0.00000,0.00000,0.00000,0.00000,0.00000
51.792,1,51776.000,181270,192000,3999.542,120.0,8,13,2,0.00000,0.00000,0.00000,0.00000,0.00000
51.792,2,49793.000,86103,192000,3999.188,120.0,8,13,2,0.00000,0.00000,0.00000,0.00000,0.00000
51.892,0,51876.000,186088,192000,3999.167,120.0,8,13,2,0.00000,0.00000,0.00000,0.00000,0.00000
51.892,1,51876.000,186088,192000,3999.167,120.0,8,13,2,0.00000,0.00000,0.00000,0.00000,0.00000
51.892,2,49894.000,90921,192000,3999.812,120.0,8,13,2,0.00000,0.00000,0.00000,0.00000,0.00000
51.992,0,51977.000,190899,192000,3999.938,120.0,8,13,2,0.00000,0.00000,0.00000,0.00000,0.00000
51.992,1,51977.000,190899,192000,3999.938,120.0,8,13,2,0.00000,0.00000,0.00000,0.00000,0.00000
51.992,2,49994.000,95732,192000,3999.583,120.0,8,13,2,0.00000,0.00000,0.00000,0.00000,0.00000
52.094,0,52078.000,3777,192000,3999.312,120.0,8,14,2,0.00000,0.00000,0.00000,0.00000,0.00000
52.094,1,52078.000,3777,192000,3999.312,120.0,8,14,2,0.00000,0.00000,0.00000,0.00000,0.00000
52.094,2,50096.000,100610,192000,3999.958,120.0,8,13,2,0.00000,0.00000,0.00000,0.00000,0.00000
52.195,0,52179.000,8636,192000,3999.083,120.0,8,14,2,0.00000,0.00000,0.00000,0.00000,0.00000
52.195,1,52179.000,8636,192000,3999.083,120.0,8,14,2,0.00000,0.00000,0.00000,0.00000,0.00000
52.195,2,50197.000,105469,192000,3999.729,120.0,8,13,2,0.00000,0.00000,0.00000,0.00000,0.00000
52.296,0,52281.000,13503,192000,3999.688,120.0,8,14,2,0.00000,0.00000,0.00000,0.00000,0.00000
52.296,1,52281.000,13503,192000,3999.688,120.0,8,14,2,0.00000,0.00000,0.00000,0.00000,0.00000
52.296,2,50298.000,110336,192000,3999.333,120.0,8,13,2,0.00000,0.00000,0.00000,0.00000,0.00000
52.398,0,52383.000,18404,192000,3999.583,120.0,8,14,2,0.00000,0.00000,0.00000,0.00000,0.00000
52.398,1,52383.000,18404,192000,3999.583,120.0,8,14,2,0.00000,0.00000,0.00000,0.00000,0.00000
52.398,2,50400.000,115237,192000,3999.229,120.0,8,13,2,0.00000,0.00000,0.00000,0.00000,0.00000
52.499,0,52484.000,23238,192000,3999.875,120.0,8,14,2,0.00000,0.00000,0.00000,0.00000,0.00000
52.499,1,52484.000,23238,192000,3999.875,120.0,8,14,2,0.00000,0.00000,0.00000,0.00000,0.00000
52.499,2,50501.000,120071,192000,3999.521,120.0,8,13,2,0.00000,0.00000,0.00000,0.00000,0.00000
52.600,0,52585.000,28087,192000,3999.854,120.0,8,14,2,0.00000,0.00000,0.00000,0.00000,0.00000
52.600,1,52585.000,28087,192000,3999.854,120.0,8,14,2,0.00000,0.00000,0.00000,0.00000,0.00000
52.600,2,50602.000,124920,192000,3999.500,120.0,8,13,2,0.00000,0.00000,0.00000,0.00000,0.00000
52.701,0,52685.000,32907,192000,3999.438,120.0,8,14,2,0.00000,0.00000,0.00000,0.00000,0.00000
52.701,1,52685.000,32907,192000,3999.438,120.0,8,14,2,0.00000,0.00000,0.00000,0.00000,0.00000
52.701,2,50702.000,129740,192000,3999.083,120.0,8,13,2,0.00000,0.00000,0.00000,0.00000,0.00000
52.801,0,52785.000,37718,192000,3999.208,120.0,8,14,2,0.00000,0.00000,0.00000,0.00000,0.00000
52.801,1,52785.000,37718,192000,3999.208,120.0,8,14,2,0.00000,0.00000,0.00000,0.00000,0.00000
52.801,2,50803.000,134551,192000,3999.854,120.0,8,13,2,0.00000,0.00000,0.00000,0.00000,0.00000
52.903,0,52888.000,42626,192000,3999.958,120.0,8,14,2,0.00000,0.00000,0.00000,0.00000,0.00000
52.903,1,52888.000,42626,192000,3999.958,120.0,8,14,2,0.00000,0.00000,0.00000,0.00000,0.00000
52.903,2,50905.000,139459,192000,3999.604,120.0,8,13,2,0.00000,0.00000,0.00000,0.00000,0.00000
53.004,0,52988.000,47460,192000,3999.250,120.0,8,14,2,0.00000,0.00000,0.00000,0.00000,0.00000
53.004,1,52988.000,47460,192000,3999.250,120.0,8,14,2,0.00000,0.00000,0.00000,0.00000,0.00000
53.004,2,51006.000,144293,192000,3999.896,120.0,8,13,2,0.00000,0.00000,0.00000,0.00000,0.00000
53.105,0,53090.000,52328,192000,3999.833,120.0,8,14,2,0.00000,0.00000,0.00000,0.00000,0.00000
53.105,1,53090.000,52328,192000,3999.833,120.0,8,14,2,0.00000,0.00000,0.00000,0.00000,0.00000
53.105,2,51107.000,149161,192000,3999.479,120.0,8,13,2,0.00000,0.00000,0.00000,0.00000,0.00000
53.206,0,53190.000,57150,192000,3999.375,120.0,8,14,2,0.00000,0.00000,0.00000,0.00000,0.00000
53.206,1,53190.000,57150,192000,3999.375,120.0,8,14,2,0.00000,0.00000,0.00000,0.00000,0.00000
53.206,2,51207.000,153983,192000,3999.021,120.0,8,13,2,0.00000,0.00000,0.00000,0.00000,0.00000
53.307,0,53291.000,61994,192000,3999.458,120.0,8,14,2,0.00000,0.00000,0.00000,0.00000,0.00000
53.307,1,53291.000,61994,192000,3999.458,120.0,8,14,2,0.00000,0.00000,0.00000,0.00000,0.00000
53.307,2,51308.000,158827,192000,3999.104,120.0,8,13,2,0.00000,0.00000,0.00000,0.00000,0.00000
53.409,0,53393.000,66890,192000,3999.458,120.0,8,14,2,0.00000,0.00000,0.00000,0.00000,0.00000
53.409,1,53393.000,66890,192000,3999.458,120.0,8,14,2,0.00000,0.00000,0.00000,0.00000,0.00000
53.409,2,51410.000,163723,192000,3999.104,120.0,8,13,2,0.00000,0.00000,0.00000,0.00000,0.00000
53.509,0,53494.000,71731,192000,3999.604,120.0,8,14,2,0.00000,0.00000,0.00000,0.00000,0.00000
53.509,1,53494.000,71731,192000,3999.604,120.0,8,14,2,0.00000,0.00000,0.00000,0.00000,0.00000
53.509,2,51511.000,168564,192000,3999.250,120.0,8,13,2,0.00000,0.00000,0.00000,0.00000,0.00000
53.611,0,53596.000,76623,192000,3999.688,120.0,8,14,2,0.00000,0.00000,0.00000,0.00000,0.00000
53.611,1,53596.000,76623,192000,3999.688,120.0,8,14,2,0.00000,0.00000,0.00000,0.00000,0.00000
53.611,2,51613.000,173456,192000,3999.333,120.0,8,13,2,0.00000,0.00000,0.00000,0.00000,0.00000
53.714,0,53698.000,81539,192000,3999.271,120.0,8,14,2,0.00000,0.00000,0.00000,0.00000,0.00000
53.714,1,53698.000,81539,192000,3999.271,120.0,8,14,2,0.00000,0.00000,0.00000,0.00000,0.00000
53.714,2,51716.000,178372,192000,3999.917,120.0,8,13,2,0.00000,0.00000,0.00000,0.00000,0.00000
53.814,0,53798.000,86345,192000,3999.146,120.0,8,14,2,0.00000,0.00000,0.00000,0.00000,0.00000
53.814,1,53798.000,86345,192000,3999.146,120.0,8,14,2,0.00000,0.00000,0.00000,0.00000,0.00000
53.814,2,51816.000,183178,192000,3999.792,120.0,8,13,2,0.00000,0.00000,0.00000,0.00000,0.00000
53.917,0,53901.000,91272,192000,3999.500,120.0,8,14,2,0.00000,0.00000,0.00000,0.00000,0.00000
53.917,1,53901.000,91272,192000,3999.500,120.0,8,14,2,0.00000,0.00000,0.00000,0.00000,0.00000
53.917,2,51918.000,188105,192000,3999.146,120.0,8,13,2,0.00000,0.00000,0.00000,0.00000,0.00000
54.019,0,54004.000,96196,192000,3999.917,120.0,8,14,2,0.00000,0.00000,0.00000,0.00000,0.00000
54.019,1,54004.000,96196,192000,3999.917,120.0,8,14,2,0.00000,0.00000,0.00000,0.00000,0.00000
54.019,2,52021.000,1029,192000,3999.562,120.0,8,14,2,0.12595,0.12576,0.12595,0.00000,0.00000
54.120,0,54105.000,101056,192000,3999.667,120.0,8,14,2,0.00000,0.00000,0.00000,0.00000,0.00000
54.120,1,54105.000,101056,192000,3999.667,120.0,8,14,2,0.00000,0.00000,0.00000,0.00000,0.00000
54.120,2,52122.000,5889,192000,3999.312,120.0,8,14,2,0.08266,0.08254,0.08266,0.00000,0.00000
54.222,0,54206.000,105915,192000,3999.438,120.0,8,14,2,0.00000,0.00000,0.00000,0.00000,0.00000
54.222,1,54206.000,105915,192000,3999.438,120.0,8,14,2,0.00000,0.00000,0.00000,0.00000,0.00000
54.222,2,52223.000,10748,192000,3999.083,120.0,8,14,2,0.05426,0.05418,0.05426,0.00000,0.00000
54.323,0,54308.000,110796,192000,3999.750,120.0,8,14,2,0.00000,0.00000,0.00000,0.00000,0.00000
54.323,1,54308.000,110796,192000,3999.750,120.0,8,14,2,0.00000,0.00000,0.00000,0.00000,0.00000
54.323,2,52325.000,15629,192000,3999.396,120.0,8,14,2,0.03555,0.03549,0.03555,0.00000,0.00000
54.425,0,54409.000,115671,192000,3999.188,120.0,8,14,2,0.00000,0.00000,0.00000,0.00000,0.00000
54.425,1,54409.000,115671,192000,3999.188,120.0,8,14,2,0.00000,0.00000,0.00000,0.00000,0.00000
54.425,2,52427.000,20504,192000,3999.833,120.0,8,14,2,0.02330,0.02327,0.02330,0.00000,0.00000
54.525,0,54510.000,120485,192000,3999.896,120.0,8,14,2,0.00000,0.00000,0.00000,0.00000,0.00000
54.525,1,54510.000,120485,192000,3999.896,120.0,8,14,2,0.00000,0.00000,0.00000,0.00000,0.00000
54.525,2,52527.000,25318,192000,3999.542,120.0,8,14,2,0.01535,0.01533,0.01535,0.00000,0.00000
54.626,0,54611.000,125348,192000,3999.583,120.0,8,14,2,0.00000,0.00000,0.00000,0.00000,0.00000
54.626,1,54611.000,125348,192000,3999.583,120.0,8,14,2,0.00000,0.00000,0.00000,0.00000,0.00000
54.626,2,52628.000,30181,192000,3999.229,120.0,8,14,2,0.01007,0.01006,0.01007,0.00000,0.00000
54.728,0,54712.000,130217,192000,3999.146,120.0,8,14,2,0.00000,0.00000,0.00000,0.00000,0.00000
54.728,1,54712.000,130217,192000,3999.146,120.0,8,14,2,0.00000,0.00000,0.00000,0.00000,0.00000
54.728,2,52730.000,35050,192000,3999.792,120.0,8,14,2,0.00661,0.00660,0.00661,0.00000,0.00000
54.828,0,54813.000,135026,192000,3999.958,120.0,8,14,2,0.00000,0.00000,0.00000,0.00000,0.00000
54.828,1,54813.000,135026,192000,3999.958,120.0,8,14,2,0.00000,0.00000,0.00000,0.00000,0.00000
54.828,2,52830.000,39859,192000,3999.604,120.0,8,14,2,0.00436,0.00435,0.00436,0.00000,0.00000
54.929,0,54914.000,139884,192000,3999.750,120.0,8,14,2,0.00000,0.00000,0.00000,0.00000,0.00000
54.929,1,54914.000,139884,192000,3999.750,120.0,8,14,2,0.00000,0.00000,0.00000,0.00000,0.00000
54.929,2,52931.000,44717,192000,3999.396,120.0,8,14,2,0.00286,0.00286,0.00286,0.00000,0.00000
55.031,0,55016.000,144775,192000,3999.854,120.0,8,14,2,0.00000,0.00000,0.00000,0.00000,0.00000
55.031,1,55016.000,144775,192000,3999.854,120.0,8,14,2,0.00000,0.00000,0.00000,0.00000,0.00000
55.031,2,53033.000,49608,192000,3999.500,120.0,8,14,2,0.00187,0.00187,0.00187,0.00000,0.00000
55.132,0,55116.000,149595,192000,3999.438,120.0,8,14,2,0.00000,0.00000,0.00000,0.00000,0.00000
55.132,1,55116.000,149595,192000,3999.438,120.0,8,14,2,0.00000,0.00000,0.00000,0.00000,0.00000
55.132,2,53133.000,54428,192000,3999.083,120.0,8,14,2,0.00123,0.00123,0.00123,0.00000,0.00000
55.233,0,55217.000,154440,192000,3999.500,120.0,8,14,2,0.00000,0.00000,0.00000,0.00000,0.00000
55.233,1,55217.000,154440,192000,3999.500,120.0,8,14,2,0.00000,0.00000,0.00000,0.00000,0.00000
55.233,2,53234.000,59273,192000,3999.146,120.0,8,14,2,0.00081,0.00081,0.00081,0.00000,0.00000
55.333,0,55318.000,159275,192000,3999.771,120.0,8,14,2,0.00000,0.00000,0.00000,0.00000,0.00000
55.333,1,55318.000,159275,192000,3999.771,120.0,8,14,2,0.00000,0.00000,0.00000,0.00000,0.00000
55.333,2,53335.000,64108,192000,3999.417,120.0,8,14,2,0.00053,0.00053,0.00053,0.00000,0.00000
55.435,0,55419.000,164148,192000,3999.250,120.0,8,14,2,0.00000,0.00000,0.00000,0.00000,0.00000
55.435,1,55419.000,164148,192000,3999.250,120.0,8,14,2,0.00000,0.00000,0.00000,0.00000,0.00000
55.435,2,53437.000,68981,192000,3999.896,120.0,8,14,2,0.00035,0.00035,0.00035,0.00000,0.00000
55.536,0,55521.000,169010,192000,3999.958,120.0,8,14,2,0.00000,0.00000,0.00000,0.00000,0.00000
55.536,1,55521.000,169010,192000,3999.958,120.0,8,14,2,0.00000,0.00000,0.00000,0.00000,0.00000
55.536,2,53538.000,73843,192000,3999.604,120.0,8,14,2,0.00023,0.00023,0.00023,0.00000,0.00000
55.638,0,55623.000,173923,192000,3999.604,120.0,8,14,2,0.00000,0.00000,0.00000,0.00000,0.00000
55.638,1,55623.000,173923,192000,3999.604,120.0,8,14,2,0.00000,0.00000,0.00000,0.00000,0.00000
55.638,2,53640.000,78756,192000,3999.250,120.0,8,14,2,0.00015,0.00015,0.00015,0.00000,0.00000
55.738,0,55723.000,178725,192000,3999.562,120.0,8,14,2,0.00000,0.00000,0.00000,0.00000,0.00000
55.738,1,55723.000,178725,192000,3999.562,120.0,8,14,2,0.00000,0.00000,0.00000,0.00000,0.00000
55.738,2,53740.000,83558,192000,3999.208,120.0,8,14,2,0.00010,0.00010,0.00010,0.00000,0.00000
55.840,0,55825.000,183613,192000,3999.729,120.0,8,14,2,0.00000,0.00000,0.00000,0.00000,0.00000
55.840,1,55825.000,183613,192000,3999.729,120.0,8,14,2,0.00000,0.00000,0.00000,0.00000,0.00000
55.840,2,53842.000,88446,192000,3999.375,120.0,8,14,2,0.00006,0.00006,0.00006,0.00000,0.00000
55.943,0,55927.000,188529,192000,3999.312,120.0,8,14,2,0.00000,0.00000,0.00000,0.00000,0.00000
55.943,1,55927.000,188529,192000,3999.312,120.0,8,14,2,0.00000,0.00000,0.00000,0.00000,0.00000
55.943,2,53945.000,93362,192000,3999.958,120.0,8,14,2,0.00004,0.00004,0.00004,0.00000,0.00000
56.043,0,56027.000,1334,192000,3999.208,120.0,8,15,2,0.12299,0.12288,0.12299,0.00000,0.00000
56.043,1,56027.000,1334,192000,3999.208,120.0,8,15,2,0.12288,0.12288,0.12281,0.00000,0.00000
56.043,2,54045.000,98167,192000,3999.854,120.0,8,14,2,0.00003,0.00003,0.00003,0.00000,0.00000
56.144,0,56129.000,6211,192000,3999.604,120.0,8,15,2,0.08061,0.08053,0.08061,0.00000,0.00000
56.144,1,56129.000,6211,192000,3999.604,120.0,8,15,2,0.08053,0.08053,0.08048,0.00000,0.00000
56.144,2,54146.000,103044,192000,3999.250,120.0,8,14,2,0.00002,0.00002,0.00002,0.00000,0.00000
56.245,0,56229.000,11017,192000,3999.479,120.0,8,15,2,0.05315,0.05310,0.05315,0.00000,0.00000
56.245,1,56229.000,11017,192000,3999.479,120.0,8,15,2,0.05310,0.05310,0.05307,0.00000,0.00000
56.245,2,54246.000,107850,192000,3999.125,120.0,8,14,2,0.00001,0.00001,0.00001,0.00000,0.00000
56.346,0,56330.000,15873,192000,3999.312,120.0,8,15,2,0.03490,0.03486,0.03490,0.00000,0.00000
56.346,1,56330.000,15873,192000,3999.312,120.0,8,15,2,0.03486,0.03486,0.03484,0.00000,0.00000
56.346,2,54348.000,112706,192000,3999.958,120.0,8,14,2,0.00001,0.00001,0.00001,0.00000,0.00000
56.448,0,56432.000,20765,192000,3999.396,120.0,8,15,2,0.02284,0.02282,0.02284,0.00000,0.00000
56.448,1,56432.000,20765,192000,3999.396,120.0,8,15,2,0.02282,0.02282,0.02281,0.00000,0.00000
56.448,2,54449.000,117598,192000,3999.042,120.0,8,14,2,0.00001,0.00001,0.00001,0.00000,0.00000
56.550,0,56535.000,25682,192000,3999.958,120.0,8,15,2,0.01492,0.01490,0.01492,0.00000,0.00000
56.550,1,56535.000,25682,192000,3999.958,120.0,8,15,2,0.01490,0.01490,0.01489,0.00000,0.00000
56.550,2,54552.000,122515,192000,3999.604,120.0,8,14,2,0.00000,0.00000,0.00000,0.00000,0.00000
56.651,0,56636.000,30534,192000,3999.875,120.0,8,15,2,0.00980,0.00979,0.00980,0.00000,0.00000
56.651,1,56636.000,30534,192000,3999.875,120.0,8,15,2,0.00979,0.00979,0.00978,0.00000,0.00000
56.651,2,54653.000,127367,192000,3999.521,120.0,8,14,2,0.00000,0.00000,0.00000,0.00000,0.00000
56.753,0,56738.000,35429,192000,3999.896,120.0,8,15,2,0.00641,0.00641,0.00641,0.00000,0.00000
56.753,1,56738.000,35429,192000,3999.896,120.0,8,15,2,0.00641,0.00641,0.00640,0.00000,0.00000
56.753,2,54755.000,132262,192000,3999.542,120.0,8,14,2,0.00000,0.00000,0.00000,0.00000,0.00000
56.855,0,56839.000,40317,192000,3999.062,120.0,8,15,2,0.00420,0.00419,0.00420,0.00000,0.00000
56.855,1,56839.000,40317,192000,3999.062,120.0,8,15,2,0.00419,0.00419,0.00419,0.00000,0.00000
56.855,2,54857.000,137150,192000,3999.708,120.0,8,14,2,0.00000,0.00000,0.00000,0.00000,0.00000
56.956,0,56940.000,45143,192000,3999.521,120.0,8,15,2,0.00276,0.00276,0.00276,0.00000,0.00000
56.956,1,56940.000,45143,192000,3999.521,120.0,8,15,2,0.00276,0.00276,0.00276,0.00000,0.00000
56.956,2,54957.000,141976,192000,3999.167,120.0,8,14,2,0.00000,0.00000,0.00000,0.00000,0.00000
57.058,0,57042.000,50043,192000,3999.438,120.0,8,15,2,0.00181,0.00181,0.00181,0.00000,0.00000
57.058,1,57042.000,50043,192000,3999.438,120.0,8,15,2,0.00181,0.00181,0.00180,0.00000,0.00000
57.058,2,55059.000,146876,192000,3999.083,120.0,8,14,2,0.00000,0.00000,0.00000,0.00000,0.00000
57.160,0,57144.000,54936,192000,3999.500,120.0,8,15,2,0.00118,0.00118,0.00118,0.00000,0.00000
57.160,1,57144.000,54936,192000,3999.500,120.0,8,15,2,0.00118,0.00118,0.00118,0.00000,0.00000
57.160,2,55161.000,151769,192000,3999.146,120.0,8,14,2,0.00000,0.00000,0.00000,0.00000,0.00000
57.260,0,57245.000,59764,192000,3999.917,120.0,8,15,2,0.00078,0.00078,0.00078,0.00000,0.00000
57.260,1,57245.000,59764,192000,3999.917,120.0,8,15,2,0.00078,0.00078,0.00078,0.00000,0.00000
57.260,2,55262.000,156597,192000,3999.562,120.0,8,14,2,0.00000,0.00000,0.00000,0.00000,0.00000
57.362,0,57346.000,64638,192000,3999.375,120.0,8,15,2,0.00051,0.00051,0.00051,0.00000,0.00000
57.362,1,57346.000,64638,192000,3999.375,120.0,8,15,2,0.00051,0.00051,0.00051,0.00000,0.00000
57.362,2,55363.000,161471,192000,3999.021,120.0,8,14,2,0.00000,0.00000,0.00000,0.00000,0.00000
57.462,0,57447.000,69458,192000,3999.958,120.0,8,15,2,0.00034,0.00034,0.00034,0.00000,0.00000
57.462,1,57447.000,69458,192000,3999.958,120.0,8,15,2,0.00034,0.00034,0.00034,0.00000,0.00000
57.462,2,55464.000,166291,192000,3999.604,120.0,8,14,2,0.00000,0.00000,0.00000,0.00000,0.00000
57.564,0,57548.000,74348,192000,3999.083,120.0,8,15,2,0.00022,0.00022,0.00022,0.00000,0.00000
57.564,1,57548.000,74348,192000,3999.083,120.0,8,15,2,0.00022,0.00022,0.00022,0.00000,0.00000
57.564,2,55566.000,171181,192000,3999.729,120.0,8,14,2,0.00000,0.00000,0.00000,0.00000,0.00000
57.665,0,57649.000,79182,192000,3999.375,120.0,8,15,2,0.00014,0.00014,0.00014,0.00000,0.00000
57.665,1,57649.000,79182,192000,3999.375,120.0,8,15,2,0.00014,0.00014,0.00014,0.00000,0.00000
57.665,2,55666.000,176015,192000,3999.021,120.0,8,14,2,0.00000,0.00000,0.00000,0.00000,0.00000
57.765,0,57749.000,83994,192000,3999.125,120.0,8,15,2,0.00010,0.00010,0.00010,0.00000,0.00000
57.765,1,57749.000,83994,192000,3999.125,120.0,8,15,2,0.00010,0.00010,0.00010,0.00000,0.00000
57.765,2,55767.000,180827,192000,3999.771,120.0,8,14,2,0.00000,0.00000,0.00000,0.00000,0.00000
57.867,0,57852.000,88902,192000,3999.875,120.0,8,15,2,0.00006,0.00006,0.00006,0.00000,0.00000
57.867,1,57852.000,88902,192000,3999.875,120.0,8,15,2,0.00006,0.00006,0.00006,0.00000,0.00000
57.867,2,55869.000,185735,192000,3999.521,120.0,8,14,2,0.00000,0.00000,0.00000,0.00000,0.00000
57.967,0,57952.000,93716,192000,3999.583,120.0,8,15,2,0.00004,0.00004,0.00004,0.00000,0.00000
57.967,1,57952.000,93716,192000,3999.583,120.0,8,15,2,0.00004,0.00004,0.00004,0.00000,0.00000
57.967,2,55969.000,190549,192000,3999.229,120.0,8,14,2,0.00000,0.00000,0.00000,0.00000,0.00000
58.069,0,58054.000,98599,192000,3999.854,120.0,8,15,2,0.00003,0.00003,0.00003,0.00000,0.00000
58.069,1,58054.000,98599,192000,3999.854,120.0,8,15,2,0.00003,0.00003,0.00003,0.00000,0.00000
58.069,2,56071.000,3432,192000,3999.500,120.0,8,15,2,0.00000,0.00000,0.00000,0.00000,0.00000
58.171,0,58155.000,103484,192000,3999.083,120.0,8,15,2,0.00002,0.00002,0.00002,0.00000,0.00000
58.171,1,58155.000,103484,192000,3999.083,120.0,8,15,2,0.00002,0.00002,0.00002,0.00000,0.00000
58.171,2,56173.000,8317,192000,3999.729,120.0,8,15,2,0.00000,0.00000,0.00000,0.00000,0.00000
58.274,0,58258.000,108426,192000,3999.125,120.0,8,15,2,0.00001,0.00001,0.00001,0.00000,0.00000
58.274,1,58258.000,108426,192000,3999.125,120.0,8,15,2,0.00001,0.00001,0.00001,0.00000,0.00000
58.274,2,56276.000,13259,192000,3999.771,120.0,8,15,2,0.00000,0.00000,0.00000,0.00000,0.00000
58.374,0,58358.000,113228,192000,3999.083,120.0,8,15,2,0.00001,0.00001,0.00001,0.00000,0.00000
58.374,1,58358.000,113228,192000,3999.083,120.0,8,15,2,0.00001,0.00001,0.00001,0.00000,0.00000
58.374,2,56376.000,18061,192000,3999.729,120.0,8,15,2,0.00000,0.00000,0.00000,0.00000,0.00000
58.475,0,58459.000,118057,192000,3999.479,120.0,8,15,2,0.00000,0.00000,0.00000,0.00000,0.00000
58.475,1,58459.000,118057,192000,3999.479,120.0,8,15,2,0.00000,0.00000,0.00000,0.00000,0.00000
58.475,2,56476.000,22890,192000,3999.125,120.0,8,15,2,0.00000,0.00000,0.00000,0.00000,0.00000
58.577,0,58561.000,122966,192000,3999.208,120.0,8,15,2,0.00000,0.00000,0.00000,0.00000,0.00000
58.577,1,58561.000,122966,192000,3999.208,120.0,8,15,2,0.00000,0.00000,0.00000,0.00000,0.00000
58.577,2,56579.000,27799,192000,3999.854,120.0,8,15,2,0.00000,0.00000,0.00000,0.00000,0.00000
58.678,0,58663.000,127827,192000,3999.938,120.0,8,15,2,0.00000,0.00000,0.00000,0.00000,0.00000
58.678,1,58663.000,127827,192000,3999.938,120.0,8,15,2,0.00000,0.00000,0.00000,0.00000,0.00000
58.678,2,56680.000,32660,192000,3999.583,120.0,8,15,2,0.00000,0.00000,0.00000,0.00000,0.00000
58.778,0,58763.000,132637,192000,3999.729,120.0,8,15,2,0.00000,0.00000,0.00000,0.00000,0.00000
58.778,1,58763.000,132637,192000,3999.729,120.0,8,15,2,0.00000,0.00000,0.00000,0.00000,0.00000
58.778,2,56780.000,37470,192000,3999.375,120.0,8,15,2,0.00000,0.00000,0.00000,0.00000,0.00000
58.880,0,58864.000,137494,192000,3999.542,120.0,8,15,2,0.00000,0.00000,0.00000,0.00000,0.00000
58.880,1,58864.000,137494,192000,3999.542,120.0,8,15,2,0.00000,0.00000,0.00000,0.00000,0.00000
58.880,2,56881.000,42327,192000,3999.188,120.0,8,15,2,0.00000,0.00000,0.00000,0.00000,0.00000
58.982,0,58967.000,142419,192000,3999.938,120.0,8,15,2,0.00000,0.00000,0.00000,0.00000,0.00000
58.982,1,58967.000,142419,192000,3999.938,120.0,8,15,2,0.00000,0.00000,0.00000,0.00000,0.00000
58.982,2,56984.000,47252,192000,3999.583,120.0,8,15,2,0.00000,0.00000,0.00000,0.00000,0.00000
59.084,0,59068.000,147300,192000,3999.250,120.0,8,15,2,0.00000,0.00000,0.00000,0.00000,0.00000
59.084,1,59068.000,147300,192000,3999.250,120.0,8,15,2,0.00000,0.00000,0.00000,0.00000,0.00000
59.084,2,57086.000,52133,192000,3999.896,120.0,8,15,2,0.00000,0.00000,0.00000,0.00000,0.00000
59.186,0,59171.000,152212,192000,3999.917,120.0,8,15,2,0.00000,0.00000,0.00000,0.00000,0.00000
59.186,1,59171.000,152212,192000,3999.917,120.0,8,15,2,0.00000,0.00000,0.00000,0.00000,0.00000
59.186,2,57188.000,57045,192000,3999.562,120.0,8,15,2,0.00000,0.00000,0.00000,0.00000,0.00000
59.289,0,59273.000,157148,192000,3999.083,120.0,8,15,2,0.00000,0.00000,0.00000,0.00000,0.00000
59.289,1,59273.000,157148,192000,3999.083,120.0,8,15,2,0.00000,0.00000,0.00000,0.00000,0.00000
59.289,2,57291.000,61981,192000,3999.729,120.0,8,15,2,0.00000,0.00000,0.00000,0.00000,0.00000
59.391,0,59375.000,162034,192000,3999.292,120.0,8,15,2,0.00000,0.00000,0.00000,0.00000,0.00000
59.391,1,59375.000,162034,192000,3999.292,120.0,8,15,2,0.00000,0.00000,0.00000,0.00000,0.00000
59.391,2,57393.000,66867,192000,3999.938,120.0,8,15,2,0.00000,0.00000,0.00000,0.00000,0.00000
59.491,0,59475.000,166836,192000,3999.250,120.0,8,15,2,0.00000,0.00000,0.00000,0.00000,0.00000
59.491,1,59475.000,166836,192000,3999.250,120.0,8,15,2,0.00000,0.00000,0.00000,0.00000,0.00000
59.491,2,57493.000,71669,192000,3999.896,120.0,8,15,2,0.00000,0.00000,0.00000,0.00000,0.00000
59.592,0,59577.000,171702,192000,3999.875,120.0,8,15,2,0.00000,0.00000,0.00000,0.00000,0.00000
59.592,1,59577.000,171702,192000,3999.875,120.0,8,15,2,0.00000,0.00000,0.00000,0.00000,0.00000
59.592,2,57594.000,76535,192000,3999.521,120.0,8,15,2,0.00000,0.00000,0.00000,0.00000,0.00000
59.695,0,59679.000,176619,192000,3999.438,120.0,8,15,2,0.00000,0.00000,0.00000,0.00000,0.00000
59.695,1,59679.000,176619,192000,3999.438,120.0,8,15,2,0.00000,0.00000,0.00000,0.00000,0.00000
59.695,2,57696.000,81452,192000,3999.083,120.0,8,15,2,0.00000,0.00000,0.00000,0.00000,0.00000
59.795,0,59779.000,181431,192000,3999.188,120.0,8,15,2,0.00000,0.00000,0.00000,0.00000,0.00000
59.795,1,59779.000,181431,192000,3999.188,120.0,8,15,2,0.00000,0.00000,0.00000,0.00000,0.00000
59.795,2,57797.000,86264,192000,3999.833,120.0,8,15,2,0.00000,0.00000,0.00000,0.00000,0.00000
59.897,0,59882.000,186336,192000,0.000,120.0,8,15,2,0.00000,0.00000,0.00000,0.00000,0.00000
59.897,1,59882.000,186336,192000,0.000,120.0,8,15,2,0.00000,0.00000,0.00000,0.00000,0.00000
59.897,2,57899.000,91169,192000,3999.646,120.0,8,15,2,0.00000,0.00000,0.00000,0.00000,0.00000
59.997,0,59982.000,191154,192000,3999.625,120.0,8,15,2,0.00000,0.00000,0.00000,0.00000,0.00000
59.997,1,59982.000,191154,192000,3999.625,120.0,8,15,2,0.00000,0.00000,0.00000,0.00000,0.00000
59.997,2,57999.000,95987,192000,3999.271,120.0,8,15,2,0.00000,0.00000,0.00000,0.00000,0.00000
60.100,0,60084.000,4058,192000,3999.458,120.0,8,16,2,0.00000,0.00000,0.00000,0.00000,0.00000
60.100,1,60084.000,4058,192000,3999.458,120.0,8,16,2,0.00000,0.00000,0.00000,0.00000,0.00000
60.100,2,58101.000,100891,192000,3999.104,120.0,8,15,2,0.00000,0.00000,0.00000,0.00000,0.00000
60.200,0,60185.000,8896,192000,3999.667,120.0,8,16,2,0.00000,0.00000,0.00000,0.00000,0.00000
60.200,1,60185.000,8896,192000,3999.667,120.0,8,16,2,0.00000,0.00000,0.00000,0.00000,0.00000
60.200,2,58202.000,105729,192000,3999.312,120.0,8,15,2,0.00000,0.00000,0.00000,0.00000,0.00000
60.302,0,60287.000,13788,192000,3999.750,120.0,8,16,2,0.00000,0.00000,0.00000,0.00000,0.00000
60.302,1,60287.000,13788,192000,3999.750,120.0,8,16,2,0.00000,0.00000,0.00000,0.00000,0.00000
60.302,2,58304.000,110621,192000,3999.396,120.0,8,15,2,0.00000,0.00000,0.00000,0.00000,0.00000
60.403,0,60387.000,18619,192000,3999.104,120.0,8,16,2,0.00000,0.00000,0.00000,0.00000,0.00000
60.403,1,60387.000,18619,192000,3999.104,120.0,8,16,2,0.00000,0.00000,0.00000,0.00000,0.00000
60.403,2,58405.000,115452,192000,3999.750,120.0,8,15,2,0.00000,0.00000,0.00000,0.00000,0.00000
60.504,0,60489.000,23492,192000,3999.583,120.0,8,16,2,0.00000,0.00000,0.00000,0.00000,0.00000
60.504,1,60489.000,23492,192000,3999.583,120.0,8,16,2,0.00000,0.00000,0.00000,0.00000,0.00000
60.504,2,58506.000,120325,192000,3999.229,120.0,8,15,2,0.00000,0.00000,0.00000,0.00000,0.00000
60.606,0,60591.000,28370,192000,3999.958,120.0,8,16,2,0.00000,0.00000,0.00000,0.00000,0.00000
60.606,1,60591.000,28370,192000,3999.958,120.0,8,16,2,0.00000,0.00000,0.00000,0.00000,0.00000
60.606,2,58608.000,125203,192000,3999.604,120.0,8,15,2,0.00000,0.00000,0.00000,0.00000,0.00000
60.708,0,60693.000,33274,192000,3999.792,120.0,8,16,2,0.00000,0.00000,0.00000,0.00000,0.00000
60.708,1,60693.000,33274,192000,3999.792,120.0,8,16,2,0.00000,0.00000,0.00000,0.00000,0.00000
60.708,2,58710.000,130107,192000,3999.438,120.0,8,15,2,0.00000,0.00000,0.00000,0.00000,0.00000
60.810,0,60795.000,38160,192000,0.000,120.0,8,16,2,0.00000,0.00000,0.00000,0.00000,0.00000
60.810,1,60795.000,38160,192000,0.000,120.0,8,16,2,0.00000,0.00000,0.00000,0.00000,0.00000
60.810,2,58812.000,134993,192000,3999.646,120.0,8,15,2,0.00000,0.00000,0.00000,0.00000,0.00000
60.912,0,60896.000,43030,192000,3999.542,120.0,8,16,2,0.00000,0.00000,0.00000,0.00000,0.00000
60.912,1,60896.000,43030,192000,3999.542,120.0,8,16,2,0.00000,0.00000,0.00000,0.00000,0.00000
60.912,2,58913.000,139863,192000,3999.188,120.0,8,15,2,0.00000,0.00000,0.00000,0.00000,0.00000
61.012,0,60996.000,47850,192000,3999.125,120.0,8,16,2,0.00000,0.00000,0.00000,0.00000,0.00000
61.012,1,60996.000,47850,192000,3999.125,120.0,8,16,2,0.00000,0.00000,0.00000,0.00000,0.00000
61.012,2,59014.000,144683,192000,3999.771,120.0,8,15,2,0.00000,0.00000,0.00000,0.00000,0.00000
61.114,0,61098.000,52732,192000,3999.417,120.0,8,16,2,0.00000,0.00000,0.00000,0.00000,0.00000
61.114,1,61098.000,52732,192000,3999.417,120.0,8,16,2,0.00000,0.00000,0.00000,0.00000,0.00000
61.114,2,59115.000,149565,192000,3999.062,120.0,8,15,2,0.00000,0.00000,0.00000,0.00000,0.00000
61.215,0,61199.000,57580,192000,3999.417,120.0,8,16,2,0.00000,0.00000,0.00000,0.00000,0.00000
61.215,1,61199.000,57580,192000,3999.417,120.0,8,16,2,0.00000,0.00000,0.00000,0.00000,0.00000
61.215,2,59216.000,154413,192000,3999.062,120.0,8,15,2,0.00000,0.00000,0.00000,0.00000,0.00000
61.317,0,61302.000,62508,192000,3999.750,120.0,8,16,2,0.00000,0.00000,0.00000,0.00000,0.00000
61.317,1,61302.000,62508,192000,3999.750,120.0,8,16,2,0.00000,0.00000,0.00000,0.00000,0.00000
61.317,2,59319.000,159341,192000,3999.396,120.0,8,15,2,0.00000,0.00000,0.00000,0.00000,0.00000
61.418,0,61402.000,67330,192000,3999.292,120.0,8,16,2,0.00000,0.00000,0.00000,0.00000,0.00000
61.418,1,61402.000,67330,192000,3999.292,120.0,8,16,2,0.00000,0.00000,0.00000,0.00000,0.00000
61.418,2,59420.000,164163,192000,3999.938,120.0,8,15,2,0.00000,0.00000,0.00000,0.00000,0.00000
61.519,0,61504.000,72198,192000,3999.875,120.0,8,16,2,0.00000,0.00000,0.00000,0.00000,0.00000
61.519,1,61504.000,72198,192000,3999.875,120.0,8,16,2,0.00000,0.00000,0.00000,0.00000,0.00000
61.519,2,59521.000,169031,192000,3999.521,120.0,8,15,2,0.00000,0.00000,0.00000,0.00000,0.00000
61.620,0,61604.000,77038,192000,3999.042,120.0,8,16,2,0.00000,0.00000,0.00000,0.00000,0.00000
61.620,1,61604.000,77038,192000,3999.042,120.0,8,16,2,0.00000,0.00000,0.00000,0.00000,0.00000
61.620,2,59622.000,173871,192000,3999.688,120.0,8,15,2,0.00000,0.00000,0.00000,0.00000,0.00000
61.723,0,61707.000,81969,192000,3999.312,120.0,8,16,2,0.00000,0.00000,0.00000,0.00000,0.00000
61.723,1,61707.000,81969,192000,3999.312,120.0,8,16,2,0.00000,0.00000,0.00000,0.00000,0.00000
61.723,2,59725.000,178802,192000,3999.958,120.0,8,15,2,0.00000,0.00000,0.00000,0.00000,0.00000
61.825,0,61810.000,86887,192000,3999.854,120.0,8,16,2,0.00000,0.00000,0.00000,0.00000,0.00000
61.825,1,61810.000,86887,192000,3999.854,120.0,8,16,2,0.00000,0.00000,0.00000,0.00000,0.00000
61.825,2,59827.000,183720,192000,3999.500,120.0,8,15,2,0.00000,0.00000,0.00000,0.00000,0.00000
61.928,0,61913.000,91827,192000,3999.938,120.0,8,16,2,0.00000,0.00000,0.00000,0.00000,0.00000
61.928,1,61913.000,91827,192000,3999.938,120.0,8,16,2,0.00000,0.00000,0.00000,0.00000,0.00000
61.928,2,59930.000,188660,192000,3999.583,120.0,8,15,2,0.00000,0.00000,0.00000,0.00000,0.00000
62.031,0,62015.000,96760,192000,3999.167,120.0,8,16,2,0.00000,0.00000,0.00000,0.00000,0.00000
62.031,1,62015.000,96760,192000,3999.167,120.0,8,16,2,0.00000,0.00000,0.00000,0.00000,0.00000
62.031,2,60033.000,1593,192000,3999.812,120.0,8,16,2,0.00000,0.00000,0.00000,0.00000,0.00000
62.131,0,62115.000,101563,192000,3999.104,120.0,8,16,2,0.00000,0.00000,0.00000,0.00000,0.00000
62.131,1,62115.000,101563,192000,3999.104,120.0,8,16,2,0.00000,0.00000,0.00000,0.00000,0.00000
62.131,2,60133.000,6396,192000,3999.750,120.0,8,16,2,0.00000,0.00000,0.00000,0.00000,0.00000
62.232,0,62216.000,106392,192000,3999.500,120.0,8,16,2,0.00000,0.00000,0.00000,0.00000,0.00000
62.232,1,62216.000,106392,192000,3999.500,120.0,8,16,2,0.00000,0.00000,0.00000,0.00000,0.00000
62.232,2,60233.000,11225,192000,3999.146,120.0,8,16,2,0.00000,0.00000,0.00000,0.00000,0.00000
62.332,0,62316.000,111193,192000,3999.479,120.0,8,16,2,0.00000,0.00000,0.00000,0.00000,0.00000
62.332,1,62316.000,111193,192000,3999.479,120.0,8,16,2,0.00000,0.00000,0.00000,0.00000,0.00000
62.332,2,60333.000,16026,192000,3999.125,120.0,8,16,2,0.00000,0.00000,0.00000,0.00000,0.00000
62.435,0,62419.000,116142,192000,3999.375,120.0,8,16,2,0.00000,0.00000,0.00000,0.00000,0.00000
62.435,1,62419.000,116142,192000,3999.375,120.0,8,16,2,0.00000,0.00000,0.00000,0.00000,0.00000
62.435,2,60436.000,20975,192000,3999.021,120.0,8,16,2,0.00000,0.00000,0.00000,0.00000,0.00000
62.536,0,62520.000,121000,192000,3999.167,120.0,8,16,2,0.00000,0.00000,0.00000,0.00000,0.00000
62.536,1,62520.000,121000,192000,3999.167,120.0,8,16,2,0.00000,0.00000,0.00000,0.00000,0.00000
62.536,2,60538.000,25833,192000,3999.812,120.0,8,16,2,0.00000,0.00000,0.00000,0.00000,0.00000
62.638,0,62622.000,125888,192000,3999.333,120.0,8,16,2,0.00000,0.00000,0.00000,0.00000,0.00000
62.638,1,62622.000,125888,192000,3999.333,120.0,8,16,2,0.00000,0.00000,0.00000,0.00000,0.00000
62.638,2,60640.000,30721,192000,3999.979,120.0,8,16,2,0.00000,0.00000,0.00000,0.00000,0.00000
62.740,0,62724.000,130794,192000,3999.125,120.0,8,16,2,0.00000,0.00000,0.00000,0.00000,0.00000
62.740,1,62724.000,130794,192000,3999.125,120.0,8,16,2,0.00000,0.00000,0.00000,0.00000,0.00000
62.740,2,60742.000,35627,192000,3999.771,120.0,8,16,2,0.00000,0.00000,0.00000,0.00000,0.00000
62.842,0,62827.000,135709,192000,3999.729,120.0,8,16,2,0.00000,0.00000,0.00000,0.00000,0.00000
62.842,1,62827.000,135709,192000,3999.729,120.0,8,16,2,0.00000,0.00000,0.00000,0.00000,0.00000
62.842,2,60844.000,40542,192000,3999.375,120.0,8,16,2,0.00000,0.00000,0.00000,0.00000,0.00000
62.944,0,62928.000,140575,192000,3999.354,120.0,8,16,2,0.00000,0.00000,0.00000,0.00000,0.00000
62.944,1,62928.000,140575,192000,3999.354,120.0,8,16,2,0.00000,0.00000,0.00000,0.00000,0.00000
62.944,2,60946.000,45408,192000,0.000,120.0,8,16,2,0.00000,0.00000,0.00000,0.00000,0.00000
63.046,0,63031.000,145497,192000,3999.812,120.0,8,16,2,0.00000,0.00000,0.00000,0.00000,0.00000
63.046,1,63031.000,145497,192000,3999.812,120.0,8,16,2,0.00000,0.00000,0.00000,0.00000,0.00000
63.046,2,61048.000,50330,192000,3999.458,120.0,8,16,2,0.00000,0.00000,0.00000,0.00000,0.00000
63.148,0,63132.000,150380,192000,3999.083,120.0,8,16,2,0.00000,0.00000,0.00000,0.00000,0.00000
63.148,1,63132.000,150380,192000,3999.083,120.0,8,16,2,0.00000,0.00000,0.00000,0.00000,0.00000
63.148,2,61150.000,55213,192000,3999.729,120.0,8,16,2,0.00000,0.00000,0.00000,0.00000,0.00000
63.250,0,63234.000,155275,192000,3999.104,120.0,8,16,2,0.00000,0.00000,0.00000,0.00000,0.00000
63.250,1,63234.000,155275,192000,3999.104,120.0,8,16,2,0.00000,0.00000,0.00000,0.00000,0.00000
63.250,2,61252.000,60108,192000,3999.750,120.0,8,16,2,0.00000,0.00000,0.00000,0.00000,0.00000
63.351,0,63336.000,160130,192000,3999.958,120.0,8,16,2,0.00000,0.00000,0.00000,0.00000,0.00000
63.351,1,63336.000,160130,192000,3999.958,120.0,8,16,2,0.00000,0.00000,0.00000,0.00000,0.00000
63.351,2,61353.000,64963,192000,3999.604,120.0,8,16,2,0.00000,0.00000,0.00000,0.00000,0.00000
63.453,0,63438.000,165027,192000,3999.938,120.0,8,16,2,0.00000,0.00000,0.00000,0.00000,0.00000
63.453,1,63438.000,165027,192000,3999.938,120.0,8,16,2,0.00000,0.00000,0.00000,0.00000,0.00000
63.453,2,61455.000,69860,192000,3999.583,120.0,8,16,2,0.00000,0.00000,0.00000,0.00000,0.00000
63.555,0,63540.000,169931,192000,3999.771,120.0,8,16,2,0.00000,0.00000,0.00000,0.00000,0.00000
63.555,1,63540.000,169931,192000,3999.771,120.0,8,16,2,0.00000,0.00000,0.00000,0.00000,0.00000
63.555,2,61557.000,74764,192000,3999.417,120.0,8,16,2,0.00000,0.00000,0.00000,0.00000,0.00000
63.657,0,63642.000,174833,192000,3999.646,120.0,8,16,2,0.00000,0.00000,0.00000,0.00000,0.00000
63.657,1,63642.000,174833,192000,3999.646,120.0,8,16,2,0.00000,0.00000,0.00000,0.00000,0.00000
63.657,2,61659.000,79666,192000,3999.292,120.0,8,16,2,0.00000,0.00000,0.00000,0.00000,0.00000
63.760,0,63745.000,179762,192000,3999.958,120.0,8,16,2,0.00000,0.00000,0.00000,0.00000,0.00000
63.760,1,63745.000,179762,192000,3999.958,120.0,8,16,2,0.00000,0.00000,0.00000,0.00000,0.00000
63.760,2,61762.000,84595,192000,3999.604,120.0,8,16,2,0.00000,0.00000,0.00000,0.00000,0.00000
63.861,0,63846.000,184622,192000,3999.708,120.0,8,16,2,0.00000,0.00000,0.00000,0.00000,0.00000
63.861,1,63846.000,184622,192000,3999.708,120.0,8,16,2,0.00000,0.00000,0.00000,0.00000,0.00000
63.861,2,61863.000,89455,192000,3999.354,120.0,8,16,2,0.00000,0.00000,0.00000,0.00000,0.00000
63.964,0,63949.000,189556,192000,3999.917,120.0,8,16,2,0.00000,0.00000,0.00000,0.00000,0.00000
63.964,1,63949.000,189556,192000,3999.917,120.0,8,16,2,0.00000,0.00000,0.00000,0.00000,0.00000
63.964,2,61966.000,94389,192000,3999.562,120.0,8,16,2,0.00000,0.00000,0.00000,0.00000,0.00000
64.065,0,64050.000,2416,192000,3999.667,120.0,8,17,2,0.00000,0.00000,0.00000,0.00000,0.00000
64.065,1,64050.000,2416,192000,3999.667,120.0,8,17,2,0.00000,0.00000,0.00000,0.00000,0.00000
64.065,2,62067.000,99249,192000,3999.312,120.0,8,16,2,0.00000,0.00000,0.00000,0.00000,0.00000
64.167,0,64152.000,7308,192000,3999.750,120.0,8,17,2,0.00000,0.00000,0.00000,0.00000,0.00000
64.167,1,64152.000,7308,192000,3999.750,120.0,8,17,2,0.00000,0.00000,0.00000,0.00000,0.00000
64.167,2,62169.000,104141,192000,3999.396,120.0,8,16,2,0.00000,0.00000,0.00000,0.00000,0.00000
64.270,0,64254.000,12221,192000,3999.396,120.0,8,17,2,0.00000,0.00000,0.00000,0.00000,0.00000
64.270,1,64254.000,12221,192000,3999.396,120.0,8,17,2,0.00000,0.00000,0.00000,0.00000,0.00000
64.270,2,62271.000,109054,192000,3999.042,120.0,8,16,2,0.00000,0.00000,0.00000,0.00000,0.00000
64.372,0,64357.000,17139,192000,3999.938,120.0,8,17,2,0.00000,0.00000,0.00000,0.00000,0.00000
64.372,1,64357.000,17139,192000,3999.938,120.0,8,17,2,0.00000,0.00000,0.00000,0.00000,0.00000
64.372,2,62374.000,113972,192000,3999.583,120.0,8,16,2,0.00000,0.00000,0.00000,0.00000,0.00000
64.474,0,64459.000,22045,192000,3999.729,120.0,8,17,2,0.00000,0.00000,0.00000,0.00000,0.00000
64.474,1,64459.000,22045,192000,3999.729,120.0,8,17,2,0.00000,0.00000,0.00000,0.00000,0.00000
64.474,2,62476.000,118878,192000,3999.375,120.0,8,16,2,0.00000,0.00000,0.00000,0.00000,0.00000
64.577,0,64562.000,26982,192000,3999.875,120.0,8,17,2,0.00000,0.00000,0.00000,0.00000,0.00000
64.577,1,64562.000,26982,192000,3999.875,120.0,8,17,2,0.00000,0.00000,0.00000,0.00000,0.00000
64.577,2,62579.000,123815,192000,3999.521,120.0,8,16,2,0.00000,0.00000,0.00000,0.00000,0.00000
64.678,0,64662.000,31812,192000,3999.250,120.0,8,17,2,0.00000,0.00000,0.00000,0.00000,0.00000
64.678,1,64662.000,31812,192000,3999.250,120.0,8,17,2,0.00000,0.00000,0.00000,0.00000,0.00000
64.678,2,62680.000,128645,192000,3999.896,120.0,8,16,2,0.00000,0.00000,0.00000,0.00000,0.00000
64.779,0,64764.000,36687,192000,3999.688,120.0,8,17,2,0.00000,0.00000,0.00000,0.00000,0.00000
64.779,1,64764.000,36687,192000,3999.688,120.0,8,17,2,0.00000,0.00000,0.00000,0.00000,0.00000
64.779,2,62781.000,133520,192000,3999.333,120.0,8,16,2,0.00000,0.00000,0.00000,0.00000,0.00000
64.880,0,64865.000,41529,192000,3999.812,120.0,8,17,2,0.00000,0.00000,0.00000,0.00000,0.00000
64.880,1,64865.000,41529,192000,3999.812,120.0,8,17,2,0.00000,0.00000,0.00000,0.00000,0.00000
64.880,2,62882.000,138362,192000,3999.458,120.0,8,16,2,0.00000,0.00000,0.00000,0.00000,0.00000
64.980,0,64965.000,46334,192000,3999.708,120.0,8,17,2,0.00000,0.00000,0.00000,0.00000,0.00000
64.980,1,64965.000,46334,192000,3999.708,120.0,8,17,2,0.00000,0.00000,0.00000,0.00000,0.00000
64.980,2,62982.000,143167,192000,3999.354,120.0,8,16,2,0.00000,0.00000,0.00000,0.00000,0.00000
65.082,0,65067.000,51217,192000,3999.979,120.0,8,17,2,0.00000,0.00000,0.00000,0.00000,0.00000
65.082,1,65067.000,51217,192000,3999.979,120.0,8,17,2,0.00000,0.00000,0.00000,0.00000,0.00000
65.082,2,63084.000,148050,192000,3999.625,120.0,8,16,2,0.00000,0.00000,0.00000,0.00000,0.00000
65.183,0,65167.000,56046,192000,3999.375,120.0,8,17,2,0.00000,0.00000,0.00000,0.00000,0.00000
65.183,1,65167.000,56046,192000,3999.375,120.0,8,17,2,0.00000,0.00000,0.00000,0.00000,0.00000
65.183,2,63184.000,152879,192000,3999.021,120.0,8,16,2,0.00000,0.00000,0.00000,0.00000,0.00000
65.285,0,65270.000,60961,192000,3999.979,120.0,8,17,2,0.00000,0.00000,0.00000,0.00000,0.00000
65.285,1,65270.000,60961,192000,3999.979,120.0,8,17,2,0.00000,0.00000,0.00000,0.00000,0.00000
65.285,2,63287.000,157794,192000,3999.625,120.0,8,16,2,0.00000,0.00000,0.00000,0.00000,0.00000
65.385,0,65370.000,65773,192000,3999.729,120.0,8,17,2,0.00000,0.00000,0.00000,0.00000,0.00000
65.385,1,65370.000,65773,192000,3999.729,120.0,8,17,2,0.00000,0.00000,0.00000,0.00000,0.00000
65.385,2,63387.000,162606,192000,3999.375,120.0,8,16,2,0.00000,0.00000,0.00000,0.00000,0.00000
65.486,0,65470.000,70590,192000,3999.375,120.0,8,17,2,0.00000,0.00000,0.00000,0.00000,0.00000
65.486,1,65470.000,70590,192000,3999.375,120.0,8,17,2,0.00000,0.00000,0.00000,0.00000,0.00000
65.486,2,63487.000,167423,192000,3999.021,120.0,8,16,2,0.00000,0.00000,0.00000,0.00000,0.00000
65.587,0,65571.000,75452,192000,3999.083,120.0,8,17,2,0.00000,0.00000,0.00000,0.00000,0.00000
65.587,1,65571.000,75452,192000,3999.083,120.0,8,17,2,0.00000,0.00000,0.00000,0.00000,0.00000
65.587,2,63589.000,172285,192000,3999.729,120.0,8,16,2,0.00000,0.00000,0.00000,0.00000,0.00000
65.688,0,65673.000,80305,192000,3999.979,120.0,8,17,2,0.00000,0.00000,0.00000,0.00000,0.00000
65.688,1,65673.000,80305,192000,3999.979,120.0,8,17,2,0.00000,0.00000,0.00000,0.00000,0.00000
65.688,2,63690.000,177138,192000,3999.625,120.0,8,16,2,0.00000,0.00000,0.00000,0.00000,0.00000
65.789,0,65773.000,85145,192000,3999.146,120.0,8,17,2,0.00000,0.00000,0.00000,0.00000,0.00000
65.789,1,65773.000,85145,192000,3999.146,120.0,8,17,2,0.00000,0.00000,0.00000,0.00000,0.00000
65.789,2,63791.000,181978,192000,3999.792,120.0,8,16,2,0.00000,0.00000,0.00000,0.00000,0.00000
65.890,0,65874.000,89984,192000,3999.333,120.0,8,17,2,0.00000,0.00000,0.00000,0.00000,0.00000
65.890,1,65874.000,89984,192000,3999.333,120.0,8,17,2,0.00000,0.00000,0.00000,0.00000,0.00000
65.890,2,63892.000,186817,192000,3999.979,120.0,8,16,2,0.00000,0.00000,0.00000,0.00000,0.00000
65.991,0,65975.000,94838,192000,3999.208,120.0,8,17,2,0.00000,0.00000,0.00000,0.00000,0.00000
65.991,1,65975.000,94838,192000,3999.208,120.0,8,17,2,0.00000,0.00000,0.00000,0.00000,0.00000
65.991,2,63993.000,191671,192000,3999.854,120.0,8,16,2,0.00000,0.00000,0.00000,0.00000,0.00000
66.093,0,66078.000,99750,192000,3999.875,120.0,8,17,2,0.00000,0.00000,0.00000,0.00000,0.00000
66.093,1,66078.000,99750,192000,3999.875,120.0,8,17,2,0.00000,0.00000,0.00000,0.00000,0.00000
66.093,2,64095.000,4583,192000,3999.521,120.0,8,17,2,0.09319,0.09290,0.09319,0.00000,0.00000
66.194,0,66178.000,104573,192000,3999.396,120.0,8,17,2,0.00000,0.00000,0.00000,0.00000,0.00000
66.194,1,66178.000,104573,192000,3999.396,120.0,8,17,2,0.00000,0.00000,0.00000,0.00000,0.00000
66.194,2,64195.000,9406,192000,3999.042,120.0,8,17,2,0.06136,0.06117,0.06136,0.00000,0.00000
66.296,0,66281.000,109490,192000,3999.958,120.0,8,17,2,0.00000,0.00000,0.00000,0.00000,0.00000
66.296,1,66281.000,109490,192000,3999.958,120.0,8,17,2,0.00000,0.00000,0.00000,0.00000,0.00000
66.296,2,64298.000,14323,192000,3999.604,120.0,8,17,2,0.04007,0.03995,0.04007,0.00000,0.00000
66.399,0,66383.000,114417,192000,3999.312,120.0,8,17,2,0.00000,0.00000,0.00000,0.00000,0.00000
66.399,1,66383.000,114417,192000,3999.312,120.0,8,17,2,0.00000,0.00000,0.00000,0.00000,0.00000
66.399,2,64401.000,19250,192000,3999.958,120.0,8,17,2,0.02615,0.02607,0.02615,0.00000,0.00000
66.501,0,66485.000,119323,192000,3999.104,120.0,8,17,2,0.00000,0.00000,0.00000,0.00000,0.00000
66.501,1,66485.000,119323,192000,3999.104,120.0,8,17,2,0.00000,0.00000,0.00000,0.00000,0.00000
66.501,2,64503.000,24156,192000,3999.750,120.0,8,17,2,0.01709,0.01704,0.01709,0.00000,0.00000
66.601,0,66586.000,124140,192000,3999.750,120.0,8,17,2,0.00000,0.00000,0.00000,0.00000,0.00000
66.601,1,66586.000,124140,192000,3999.750,120.0,8,17,2,0.00000,0.00000,0.00000,0.00000,0.00000
66.601,2,64603.000,28973,192000,3999.396,120.0,8,17,2,0.01126,0.01123,0.01126,0.00000,0.00000
66.712,0,66697.000,129469,192000,3999.729,120.0,8,17,2,0.00000,0.00000,0.00000,0.00000,0.00000
66.712,1,66697.000,129469,192000,3999.729,120.0,8,17,2,0.00000,0.00000,0.00000,0.00000,0.00000
66.712,2,64714.000,34302,192000,3999.375,120.0,8,17,2,0.00710,0.00707,0.00710,0.00000,0.00000
66.815,0,66799.000,134374,192000,3999.542,120.0,8,17,2,0.00000,0.00000,0.00000,0.00000,0.00000
66.815,1,66799.000,134374,192000,3999.542,120.0,8,17,2,0.00000,0.00000,0.00000,0.00000,0.00000
66.815,2,64816.000,39207,192000,3999.188,120.0,8,17,2,0.00464,0.00463,0.00464,0.00000,0.00000
66.915,0,66899.000,139194,192000,3999.125,120.0,8,17,2,0.00000,0.00000,0.00000,0.00000,0.00000
66.915,1,66899.000,139194,192000,3999.125,120.0,8,17,2,0.00000,0.00000,0.00000,0.00000,0.00000
66.915,2,64917.000,44027,192000,3999.771,120.0,8,17,2,0.00306,0.00305,0.00306,0.00000,0.00000
67.017,0,67002.000,144115,192000,3999.604,120.0,8,17,2,0.00000,0.00000,0.00000,0.00000,0.00000
67.017,1,67002.000,144115,192000,3999.604,120.0,8,17,2,0.00000,0.00000,0.00000,0.00000,0.00000
67.017,2,65019.000,48948,192000,3999.250,120.0,8,17,2,0.00200,0.00199,0.00200,0.00000,0.00000
67.119,0,67103.000,148968,192000,3999.500,120.0,8,17,2,0.00000,0.00000,0.00000,0.00000,0.00000
67.119,1,67103.000,148968,192000,3999.500,120.0,8,17,2,0.00000,0.00000,0.00000,0.00000,0.00000
67.119,2,65120.000,53801,192000,3999.146,120.0,8,17,2,0.00131,0.00131,0.00131,0.00000,0.00000
67.220,0,67204.000,153837,192000,3999.062,120.0,8,17,2,0.00000,0.00000,0.00000,0.00000,0.00000
67.220,1,67204.000,153837,192000,3999.062,120.0,8,17,2,0.00000,0.00000,0.00000,0.00000,0.00000
67.220,2,65222.000,58670,192000,3999.708,120.0,8,17,2,0.00086,0.00086,0.00086,0.00000,0.00000
67.322,0,67306.000,158731,192000,3999.104,120.0,8,17,2,0.00000,0.00000,0.00000,0.00000,0.00000
67.322,1,67306.000,158731,192000,3999.104,120.0,8,17,2,0.00000,0.00000,0.00000,0.00000,0.00000
67.322,2,65324.000,63564,192000,3999.750,120.0,8,17,2,0.00056,0.00056,0.00056,0.00000,0.00000
67.424,0,67409.000,163649,192000,3999.646,120.0,8,17,2,0.00000,0.00000,0.00000,0.00000,0.00000
67.424,1,67409.000,163649,192000,3999.646,120.0,8,17,2,0.00000,0.00000,0.00000,0.00000,0.00000
67.424,2,65426.000,68482,192000,3999.292,120.0,8,17,2,0.00037,0.00037,0.00037,0.00000,0.00000
67.524,0,67509.000,168452,192000,3999.583,120.0,8,17,2,0.00000,0.00000,0.00000,0.00000,0.00000
67.524,1,67509.000,168452,192000,3999.583,120.0,8,17,2,0.00000,0.00000,0.00000,0.00000,0.00000
67.524,2,65526.000,73285,192000,3999.229,120.0,8,17,2,0.00024,0.00024,0.00024,0.00000,0.00000
67.628,0,67612.000,173404,192000,3999.417,120.0,8,17,2,0.00000,0.00000,0.00000,0.00000,0.00000
67.628,1,67612.000,173404,192000,3999.417,120.0,8,17,2,0.00000,0.00000,0.00000,0.00000,0.00000
67.628,2,65629.000,78237,192000,3999.062,120.0,8,17,2,0.00016,0.00016,0.00016,0.00000,0.00000
67.729,0,67713.000,178258,192000,3999.292,120.0,8,17,2,0.00000,0.00000,0.00000,0.00000,0.00000
67.729,1,67713.000,178258,192000,3999.292,120.0,8,17,2,0.00000,0.00000,0.00000,0.00000,0.00000
67.729,2,65731.000,83091,192000,3999.938,120.0,8,17,2,0.00010,0.00010,0.00010,0.00000,0.00000
67.829,0,67814.000,183076,192000,3999.917,120.0,8,17,2,0.00000,0.00000,0.00000,0.00000,0.00000
67.829,1,67814.000,183076,192000,3999.917,120.0,8,17,2,0.00000,0.00000,0.00000,0.00000,0.00000
67.829,2,65831.000,87909,192000,3999.562,120.0,8,17,2,0.00007,0.00007,0.00007,0.00000,0.00000
67.932,0,67916.000,188001,192000,3999.312,120.0,8,17,2,0.00000,0.00000,0.00000,0.00000,0.00000
67.932,1,67916.000,188001,192000,3999.312,120.0,8,17,2,0.00000,0.00000,0.00000,0.00000,0.00000
67.932,2,65934.000,92834,192000,3999.958,120.0,8,17,2,0.00004,0.00004,0.00004,0.00000,0.00000
68.035,0,68019.000,935,192000,3999.521,120.0,8,18,2,0.12549,0.12549,0.12520,0.00000,0.00000
68.035,1,68019.000,935,192000,3999.521,120.0,8,18,2,0.12576,0.12549,0.12576,0.00000,0.00000
68.035,2,66036.000,97768,192000,3999.167,120.0,8,17,2,0.00003,0.00003,0.00003,0.00000,0.00000
68.135,0,68119.000,5758,192000,3999.042,120.0,8,18,2,0.08403,0.08395,0.08403,0.00000,0.00000
68.135,1,68119.000,5758,192000,3999.042,120.0,8,18,2,0.08395,0.08395,0.08371,0.00000,0.00000
68.135,2,66137.000,102591,192000,3999.688,120.0,8,17,2,0.00002,0.00002,0.00002,0.00000,0.00000
68.253,0,68237.000,11407,192000,3999.354,120.0,8,18,2,0.05151,0.05146,0.05151,0.00000,0.00000
68.253,1,68237.000,11407,192000,3999.354,120.0,8,18,2,0.05146,0.05146,0.05131,0.00000,0.00000
68.253,2,66255.000,108240,192000,0.000,120.0,8,17,2,0.00001,0.00001,0.00001,0.00000,0.00000
68.355,0,68339.000,16316,192000,3999.083,120.0,8,18,2,0.03366,0.03363,0.03366,0.00000,0.00000
68.355,1,68339.000,16316,192000,3999.083,120.0,8,18,2,0.03363,0.03363,0.03353,0.00000,0.00000
68.355,2,66357.000,113149,192000,3999.729,120.0,8,17,2,0.00001,0.00001,0.00001,0.00000,0.00000
68.455,0,68440.000,21132,192000,3999.750,120.0,8,18,2,0.02218,0.02216,0.02218,0.00000,0.00000
68.455,1,68440.000,21132,192000,3999.750,120.0,8,18,2,0.02216,0.02216,0.02209,0.00000,0.00000
68.455,2,66457.000,117965,192000,3999.396,120.0,8,17,2,0.00001,0.00001,0.00001,0.00000,0.00000
68.557,0,68541.000,26012,192000,3999.083,120.0,8,18,2,0.01453,0.01452,0.01453,0.00000,0.00000
68.557,1,68541.000,26012,192000,3999.083,120.0,8,18,2,0.01452,0.01452,0.01448,0.00000,0.00000
68.557,2,66559.000,122845,192000,3999.729,120.0,8,17,2,0.00000,0.00000,0.00000,0.00000,0.00000
68.657,0,68642.000,30837,192000,3999.562,120.0,8,18,2,0.00957,0.00956,0.00957,0.00000,0.00000
68.657,1,68642.000,30837,192000,3999.562,120.0,8,18,2,0.00956,0.00956,0.00953,0.00000,0.00000
68.657,2,66659.000,127670,192000,3999.208,120.0,8,17,2,0.00000,0.00000,0.00000,0.00000,0.00000
68.758,0,68742.000,35658,192000,3999.125,120.0,8,18,2,0.00630,0.00629,0.00630,0.00000,0.00000
68.758,1,68742.000,35658,192000,3999.125,120.0,8,18,2,0.00629,0.00629,0.00628,0.00000,0.00000
68.758,2,66760.000,132491,192000,3999.771,120.0,8,17,2,0.00000,0.00000,0.00000,0.00000,0.00000
68.861,0,68845.000,40586,192000,3999.458,120.0,8,18,2,0.00411,0.00411,0.00411,0.00000,0.00000
68.861,1,68845.000,40586,192000,3999.458,120.0,8,18,2,0.00411,0.00411,0.00409,0.00000,0.00000
68.861,2,66862.000,137419,192000,3999.104,120.0,8,17,2,0.00000,0.00000,0.00000,0.00000,0.00000
68.962,0,68947.000,45460,192000,3999.917,120.0,8,18,2,0.00269,0.00269,0.00269,0.00000,0.00000
68.962,1,68947.000,45460,192000,3999.917,120.0,8,18,2,0.00269,0.00269,0.00268,0.00000,0.00000
68.962,2,66964.000,142293,192000,3999.562,120.0,8,17,2,0.00000,0.00000,0.00000,0.00000,0.00000
69.064,0,69048.000,50340,192000,3999.250,120.0,8,18,2,0.00177,0.00176,0.00177,0.00000,0.00000
69.064,1,69048.000,50340,192000,3999.250,120.0,8,18,2,0.00176,0.00176,0.00176,0.00000,0.00000
69.064,2,67066.000,147173,192000,3999.896,120.0,8,17,2,0.00000,0.00000,0.00000,0.00000,0.00000
69.167,0,69151.000,55272,192000,3999.500,120.0,8,18,2,0.00115,0.00115,0.00115,0.00000,0.00000
69.167,1,69151.000,55272,192000,3999.500,120.0,8,18,2,0.00115,0.00115,0.00115,0.00000,0.00000
69.167,2,67168.000,152105,192000,3999.146,120.0,8,17,2,0.00000,0.00000,0.00000,0.00000,0.00000
69.267,0,69252.000,60097,192000,3999.979,120.0,8,18,2,0.00076,0.00076,0.00076,0.00000,0.00000
69.267,1,69252.000,60097,192000,3999.979,120.0,8,18,2,0.00076,0.00076,0.00076,0.00000,0.00000
69.267,2,67269.000,156930,192000,3999.625,120.0,8,17,2,0.00000,0.00000,0.00000,0.00000,0.00000
69.368,0,69353.000,64946,192000,3999.958,120.0,8,18,2,0.00050,0.00050,0.00050,0.00000,0.00000
69.368,1,69353.000,64946,192000,3999.958,120.0,8,18,2,0.00050,0.00050,0.00050,0.00000,0.00000
69.368,2,67370.000,161779,192000,3999.604,120.0,8,17,2,0.00000,0.00000,0.00000,0.00000,0.00000
69.470,0,69454.000,69815,192000,3999.521,120.0,8,18,2,0.00033,0.00033,0.00033,0.00000,0.00000
69.470,1,69454.000,69815,192000,3999.521,120.0,8,18,2,0.00033,0.00033,0.00033,0.00000,0.00000
69.470,2,67471.000,166648,192000,3999.167,120.0,8,17,2,0.00000,0.00000,0.00000,0.00000,0.00000
69.572,0,69556.000,74730,192000,3999.125,120.0,8,18,2,0.00021,0.00021,0.00021,0.00000,0.00000
69.572,1,69556.000,74730,192000,3999.125,120.0,8,18,2,0.00021,0.00021,0.00021,0.00000,0.00000
69.572,2,67574.000,171563,192000,3999.771,120.0,8,17,2,0.00000,0.00000,0.00000,0.00000,0.00000
69.674,0,69659.000,79637,192000,3999.896,120.0,8,18,2,0.00014,0.00014,0.00014,0.00000,0.00000
69.674,1,69659.000,79637,192000,3999.896,120.0,8,18,2,0.00014,0.00014,0.00014,0.00000,0.00000
69.674,2,67676.000,176470,192000,3999.542,120.0,8,17,2,0.00000,0.00000,0.00000,0.00000,0.00000
69.776,0,69761.000,84534,192000,3999.875,120.0,8,18,2,0.00009,0.00009,0.00009,0.00000,0.00000
69.776,1,69761.000,84534,192000,3999.875,120.0,8,18,2,0.00009,0.00009,0.00009,0.00000,0.00000
69.776,2,67778.000,181367,192000,3999.521,120.0,8,17,2,0.00000,0.00000,0.00000,0.00000,0.00000
69.877,0,69862.000,89381,192000,3999.896,120.0,8,18,2,0.00006,0.00006,0.00006,0.00000,0.00000
69.877,1,69862.000,89381,192000,3999.896,120.0,8,18,2,0.00006,0.00006,0.00006,0.00000,0.00000
69.877,2,67879.000,186214,192000,3999.542,120.0,8,17,2,0.00000,0.00000,0.00000,0.00000,0.00000
69.980,0,69964.000,94303,192000,3999.354,120.0,8,18,2,0.00004,0.00004,0.00004,0.00000,0.00000
69.980,1,69964.000,94303,192000,3999.354,120.0,8,18,2,0.00004,0.00004,0.00004,0.00000,0.00000
69.980,2,67982.000,191136,192000,0.000,120.0,8,17,2,0.00000,0.00000,0.00000,0.00000,0.00000
70.082,0,70066.000,99193,192000,3999.479,120.0,8,18,2,0.00003,0.00003,0.00003,0.00000,0.00000
70.082,1,70066.000,99193,192000,3999.479,120.0,8,18,2,0.00003,0.00003,0.00003,0.00000,0.00000
70.082,2,68083.000,4026,192000,3999.125,120.0,8,18,2,0.00000,0.00000,0.00000,0.00000,0.00000
70.183,0,70168.000,104069,192000,3999.896,120.0,8,18,2,0.00002,0.00002,0.00002,0.00000,0.00000
70.183,1,70168.000,104069,192000,3999.896,120.0,8,18,2,0.00002,0.00002,0.00002,0.00000,0.00000
70.183,2,68185.000,8902,192000,3999.542,120.0,8,18,2,0.00000,0.00000,0.00000,0.00000,0.00000
70.284,0,70268.000,108897,192000,3999.312,120.0,8,18,2,0.00001,0.00001,0.00001,0.00000,0.00000
70.284,1,70268.000,108897,192000,3999.312,120.0,8,18,2,0.00001,0.00001,0.00001,0.00000,0.00000
70.284,2,68286.000,13730,192000,3999.958,120.0,8,18,2,0.00000,0.00000,0.00000,0.00000,0.00000
70.385,0,70370.000,113771,192000,3999.771,120.0,8,18,2,0.00001,0.00001,0.00001,0.00000,0.00000
70.385,1,70370.000,113771,192000,3999.771,120.0,8,18,2,0.00001,0.00001,0.00001,0.00000,0.00000
70.385,2,68387.000,18604,192000,3999.417,120.0,8,18,2,0.00000,0.00000,0.00000,0.00000,0.00000
70.486,0,70470.000,118594,192000,3999.292,120.0,8,18,2,0.00000,0.00000,0.00000,0.00000,0.00000
70.486,1,70470.000,118594,192000,3999.292,120.0,8,18,2,0.00000,0.00000,0.00000,0.00000,0.00000
70.486,2,68488.000,23427,192000,3999.938,120.0,8,18,2,0.00000,0.00000,0.00000,0.00000,0.00000
70.587,0,70571.000,123453,192000,3999.062,120.0,8,18,2,0.00000,0.00000,0.00000,0.00000,0.00000
70.587,1,70571.000,123453,192000,3999.062,120.0,8,18,2,0.00000,0.00000,0.00000,0.00000,0.00000
70.587,2,68589.000,28286,192000,3999.708,120.0,8,18,2,0.00000,0.00000,0.00000,0.00000,0.00000
70.688,0,70672.000,128295,192000,3999.188,120.0,8,18,2,0.00000,0.00000,0.00000,0.00000,0.00000
70.688,1,70672.000,128295,192000,3999.188,120.0,8,18,2,0.00000,0.00000,0.00000,0.00000,0.00000
70.688,2,68690.000,33128,192000,3999.833,120.0,8,18,2,0.00000,0.00000,0.00000,0.00000,0.00000
70.790,0,70774.000,133186,192000,3999.292,120.0,8,18,2,0.00000,0.00000,0.00000,0.00000,0.00000
70.790,1,70774.000,133186,192000,3999.292,120.0,8,18,2,0.00000,0.00000,0.00000,0.00000,0.00000
70.790,2,68792.000,38019,192000,3999.938,120.0,8,18,2,0.00000,0.00000,0.00000,0.00000,0.00000
70.893,0,70877.000,138119,192000,3999.521,120.0,8,18,2,0.00000,0.00000,0.00000,0.00000,0.00000
70.893,1,70877.000,138119,192000,3999.521,120.0,8,18,2,0.00000,0.00000,0.00000,0.00000,0.00000
70.893,2,68894.000,42952,192000,3999.167,120.0,8,18,2,0.00000,0.00000,0.00000,0.00000,0.00000
70.995,0,70979.000,143023,192000,3999.354,120.0,8,18,2,0.00000,0.00000,0.00000,0.00000,0.00000
70.995,1,70979.000,143023,192000,3999.354,120.0,8,18,2,0.00000,0.00000,0.00000,0.00000,0.00000
70.995,2,68997.000,47856,192000,0.000,120.0,8,18,2,0.00000,0.00000,0.00000,0.00000,0.00000
71.096,0,71080.000,147877,192000,3999.229,120.0,8,18,2,0.00000,0.00000,0.00000,0.00000,0.00000
71.096,1,71080.000,147877,192000,3999.229,120.0,8,18,2,0.00000,0.00000,0.00000,0.00000,0.00000
71.096,2,69098.000,52710,192000,3999.875,120.0,8,18,2,0.00000,0.00000,0.00000,0.00000,0.00000
71.197,0,71182.000,152755,192000,3999.604,120.0,8,18,2,0.00000,0.00000,0.00000,0.00000,0.00000
71.197,1,71182.000,152755,192000,3999.604,120.0,8,18,2,0.00000,0.00000,0.00000,0.00000,0.00000
71.197,2,69199.000,57588,192000,3999.250,120.0,8,18,2,0.00000,0.00000,0.00000,0.00000,0.00000
71.299,0,71284.000,157645,192000,3999.729,120.0,8,18,2,0.00000,0.00000,0.00000,0.00000,0.00000
71.299,1,71284.000,157645,192000,3999.729,120.0,8,18,2,0.00000,0.00000,0.00000,0.00000,0.00000
71.299,2,69301.000,62478,192000,3999.375,120.0,8,18,2,0.00000,0.00000,0.00000,0.00000,0.00000
71.400,0,71384.000,162460,192000,3999.417,120.0,8,18,2,0.00000,0.00000,0.00000,0.00000,0.00000
71.400,1,71384.000,162460,192000,3999.417,120.0,8,18,2,0.00000,0.00000,0.00000,0.00000,0.00000
71.400,2,69401.000,67293,192000,3999.062,120.0,8,18,2,0.00000,0.00000,0.00000,0.00000,0.00000
71.501,0,71485.000,167308,192000,3999.417,120.0,8,18,2,0.00000,0.00000,0.00000,0.00000,0.00000
71.501,1,71485.000,167308,192000,3999.417,120.0,8,18,2,0.00000,0.00000,0.00000,0.00000,0.00000
71.501,2,69502.000,72141,192000,3999.062,120.0,8,18,2,0.00000,0.00000,0.00000,0.00000,0.00000
71.602,0,71587.000,172187,192000,3999.771,120.0,8,18,2,0.00000,0.00000,0.00000,0.00000,0.00000
71.602,1,71587.000,172187,192000,3999.771,120.0,8,18,2,0.00000,0.00000,0.00000,0.00000,0.00000
71.602,2,69604.000,77020,192000,3999.417,120.0,8,18,2,0.00000,0.00000,0.00000,0.00000,0.00000
71.704,0,71688.000,177050,192000,3999.458,120.0,8,18,2,0.00000,0.00000,0.00000,0.00000,0.00000
71.704,1,71688.000,177050,192000,3999.458,120.0,8,18,2,0.00000,0.00000,0.00000,0.00000,0.00000
71.704,2,69705.000,81883,192000,3999.104,120.0,8,18,2,0.00000,0.00000,0.00000,0.00000,0.00000
71.805,0,71790.000,181924,192000,3999.917,120.0,8,18,2,0.00000,0.00000,0.00000,0.00000,0.00000
71.805,1,71790.000,181924,192000,3999.917,120.0,8,18,2,0.00000,0.00000,0.00000,0.00000,0.00000
71.805,2,69807.000,86757,192000,3999.562,120.0,8,18,2,0.00000,0.00000,0.00000,0.00000,0.00000
71.907,0,71892.000,186820,192000,3999.917,120.0,8,18,2,0.00000,0.00000,0.00000,0.00000,0.00000
71.907,1,71892.000,186820,192000,3999.917,120.0,8,18,2,0.00000,0.00000,0.00000,0.00000,0.00000
71.907,2,69909.000,91653,192000,3999.562,120.0,8,18,2,0.00000,0.00000,0.00000,0.00000,0.00000
72.008,0,71992.000,191640,192000,3999.500,120.0,8,18,2,0.00000,0.00000,0.00000,0.00000,0.00000
72.008,1,71992.000,191640,192000,3999.500,120.0,8,18,2,0.00000,0.00000,0.00000,0.00000,0.00000
72.008,2,70009.000,96473,192000,3999.146,120.0,8,18,2,0.00000,0.00000,0.00000,0.00000,0.00000
72.108,0,72092.000,4448,192000,3999.333,120.0,8,19,2,0.00000,0.00000,0.00000,0.00000,0.00000
72.108,1,72092.000,4448,192000,3999.333,120.0,8,19,2,0.00000,0.00000,0.00000,0.00000,0.00000
72.108,2,70110.000,101281,192000,3999.979,120.0,8,18,2,0.00000,0.00000,0.00000,0.00000,0.00000
72.208,0,72192.000,9255,192000,3999.188,120.0,8,19,2,0.00000,0.00000,0.00000,0.00000,0.00000
72.208,1,72192.000,9255,192000,3999.188,120.0,8,19,2,0.00000,0.00000,0.00000,0.00000,0.00000
72.208,2,70210.000,106088,192000,3999.833,120.0,8,18,2,0.00000,0.00000,0.00000,0.00000,0.00000
72.309,0,72294.000,14124,192000,3999.750,120.0,8,19,2,0.00000,0.00000,0.00000,0.00000,0.00000
72.309,1,72294.000,14124,192000,3999.750,120.0,8,19,2,0.00000,0.00000,0.00000,0.00000,0.00000
72.309,2,70311.000,110957,192000,3999.396,120.0,8,18,2,0.00000,0.00000,0.00000,0.00000,0.00000
72.409,0,72394.000,18931,192000,3999.604,120.0,8,19,2,0.00000,0.00000,0.00000,0.00000,0.00000
72.409,1,72394.000,18931,192000,3999.604,120.0,8,19,2,0.00000,0.00000,0.00000,0.00000,0.00000
72.409,2,70411.000,115764,192000,3999.250,120.0,8,18,2,0.00000,0.00000,0.00000,0.00000,0.00000
72.511,0,72495.000,23782,192000,3999.542,120.0,8,19,2,0.00000,0.00000,0.00000,0.00000,0.00000
72.511,1,72495.000,23782,192000,3999.542,120.0,8,19,2,0.00000,0.00000,0.00000,0.00000,0.00000
72.511,2,70512.000,120615,192000,3999.188,120.0,8,18,2,0.00000,0.00000,0.00000,0.00000,0.00000
72.613,0,72597.000,28695,192000,3999.188,120.0,8,19,2,0.00000,0.00000,0.00000,0.00000,0.00000
72.613,1,72597.000,28695,192000,3999.188,120.0,8,19,2,0.00000,0.00000,0.00000,0.00000,0.00000
72.613,2,70615.000,125528,192000,3999.833,120.0,8,18,2,0.00000,0.00000,0.00000,0.00000,0.00000
72.714,0,72698.000,33534,192000,3999.375,120.0,8,19,2,0.00000,0.00000,0.00000,0.00000,0.00000
72.714,1,72698.000,33534,192000,3999.375,120.0,8,19,2,0.00000,0.00000,0.00000,0.00000,0.00000
72.714,2,70715.000,130367,192000,3999.021,120.0,8,18,2,0.00000,0.00000,0.00000,0.00000,0.00000
72.815,0,72799.000,38385,192000,3999.312,120.0,8,19,2,0.00000,0.00000,0.00000,0.00000,0.00000
72.815,1,72799.000,38385,192000,3999.312,120.0,8,19,2,0.00000,0.00000,0.00000,0.00000,0.00000
72.815,2,70817.000,135218,192000,3999.958,120.0,8,18,2,0.00000,0.00000,0.00000,0.00000,0.00000
72.916,0,72901.000,43263,192000,3999.688,120.0,8,19,2,0.00000,0.00000,0.00000,0.00000,0.00000
72.916,1,72901.000,43263,192000,3999.688,120.0,8,19,2,0.00000,0.00000,0.00000,0.00000,0.00000
72.916,2,70918.000,140096,192000,3999.333,120.0,8,18,2,0.00000,0.00000,0.00000,0.00000,0.00000
73.017,0,73002.000,48096,192000,0.000,120.0,8,19,2,0.00000,0.00000,0.00000,0.00000,0.00000
73.017,1,73002.000,48096,192000,0.000,120.0,8,19,2,0.00000,0.00000,0.00000,0.00000,0.00000
73.017,2,71019.000,144929,192000,3999.646,120.0,8,18,2,0.00000,0.00000,0.00000,0.00000,0.00000
73.117,0,73102.000,52906,192000,3999.792,120.0,8,19,2,0.00000,0.00000,0.00000,0.00000,0.00000
73.117,1,73102.000,52906,192000,3999.792,120.0,8,19,2,0.00000,0.00000,0.00000,0.00000,0.00000
73.117,2,71119.000,149739,192000,3999.438,120.0,8,18,2,0.00000,0.00000,0.00000,0.00000,0.00000
73.220,0,73204.000,57817,192000,3999.479,120.0,8,19,2,0.00000,0.00000,0.00000,0.00000,0.00000
73.220,1,73204.000,57817,192000,3999.479,120.0,8,19,2,0.00000,0.00000,0.00000,0.00000,0.00000
73.220,2,71221.000,154650,192000,3999.125,120.0,8,18,2,0.00000,0.00000,0.00000,0.00000,0.00000
73.322,0,73307.000,62736,192000,0.000,120.0,8,19,2,0.00000,0.00000,0.00000,0.00000,0.00000
73.322,1,73307.000,62736,192000,0.000,120.0,8,19,2,0.00000,0.00000,0.00000,0.00000,0.00000
73.322,2,71324.000,159569,192000,3999.646,120.0,8,18,2,0.00000,0.00000,0.00000,0.00000,0.00000
73.424,0,73409.000,67648,192000,3999.667,120.0,8,19,2,0.00000,0.00000,0.00000,0.00000,0.00000
73.424,1,73409.000,67648,192000,3999.667,120.0,8,19,2,0.00000,0.00000,0.00000,0.00000,0.00000
73.424,2,71426.000,164481,192000,3999.312,120.0,8,18,2,0.00000,0.00000,0.00000,0.00000,0.00000
73.526,0,73510.000,72513,192000,3999.312,120.0,8,19,2,0.00000,0.00000,0.00000,0.00000,0.00000
73.526,1,73510.000,72513,192000,3999.312,120.0,8,19,2,0.00000,0.00000,0.00000,0.00000,0.00000
73.526,2,71528.000,169346,192000,3999.958,120.0,8,18,2,0.00000,0.00000,0.00000,0.00000,0.00000
73.627,0,73612.000,77387,192000,3999.771,120.0,8,19,2,0.00000,0.00000,0.00000,0.00000,0.00000
73.627,1,73612.000,77387,192000,3999.771,120.0,8,19,2,0.00000,0.00000,0.00000,0.00000,0.00000
73.627,2,71629.000,174220,192000,3999.417,120.0,8,18,2,0.00000,0.00000,0.00000,0.00000,0.00000
73.728,0,73713.000,82235,192000,3999.771,120.0,8,19,2,0.00000,0.00000,0.00000,0.00000,0.00000
73.728,1,73713.000,82235,192000,3999.771,120.0,8,19,2,0.00000,0.00000,0.00000,0.00000,0.00000
73.728,2,71730.000,179068,192000,3999.417,120.0,8,18,2,0.00000,0.00000,0.00000,0.00000,0.00000
73.829,0,73813.000,87050,192000,3999.458,120.0,8,19,2,0.00000,0.00000,0.00000,0.00000,0.00000
73.829,1,73813.000,87050,192000,3999.458,120.0,8,19,2,0.00000,0.00000,0.00000,0.00000,0.00000
73.829,2,71830.000,183883,192000,3999.104,120.0,8,18,2,0.00000,0.00000,0.00000,0.00000,0.00000
73.929,0,73913.000,91868,192000,3999.083,120.0,8,19,2,0.00000,0.00000,0.00000,0.00000,0.00000
73.929,1,73913.000,91868,192000,3999.083,120.0,8,19,2,0.00000,0.00000,0.00000,0.00000,0.00000
73.929,2,71931.000,188701,192000,3999.729,120.0,8,18,2,0.00000,0.00000,0.00000,0.00000,0.00000
74.030,0,74014.000,96695,192000,3999.521,120.0,8,19,2,0.00000,0.00000,0.00000,0.00000,0.00000
74.030,1,74014.000,96695,192000,3999.521,120.0,8,19,2,0.00000,0.00000,0.00000,0.00000,0.00000
74.030,2,72031.000,1528,192000,3999.167,120.0,8,19,2,0.00000,0.00000,0.00000,0.00000,0.00000
74.130,0,74115.000,101520,192000,0.000,120.0,8,19,2,0.00000,0.00000,0.00000,0.00000,0.00000
74.130,1,74115.000,101520,192000,0.000,120.0,8,19,2,0.00000,0.00000,0.00000,0.00000,0.00000
74.130,2,72132.000,6353,192000,3999.646,120.0,8,19,2,0.00000,0.00000,0.00000,0.00000,0.00000
74.233,0,74217.000,106461,192000,3999.062,120.0,8,19,2,0.00000,0.00000,0.00000,0.00000,0.00000
74.233,1,74217.000,106461,192000,3999.062,120.0,8,19,2,0.00000,0.00000,0.00000,0.00000,0.00000
74.233,2,72235.000,11294,192000,3999.708,120.0,8,19,2,0.00000,0.00000,0.00000,0.00000,0.00000
74.334,0,74319.000,111326,192000,3999.708,120.0,8,19,2,0.00000,0.00000,0.00000,0.00000,0.00000
74.334,1,74319.000,111326,192000,3999.708,120.0,8,19,2,0.00000,0.00000,0.00000,0.00000,0.00000
74.334,2,72336.000,16159,192000,3999.354,120.0,8,19,2,0.00000,0.00000,0.00000,0.00000,0.00000
74.436,0,74420.000,116205,192000,3999.062,120.0,8,19,2,0.00000,0.00000,0.00000,0.00000,0.00000
74.436,1,74420.000,116205,192000,3999.062,120.0,8,19,2,0.00000,0.00000,0.00000,0.00000,0.00000
74.436,2,72438.000,21038,192000,3999.708,120.0,8,19,2,0.00000,0.00000,0.00000,0.00000,0.00000
74.537,0,74521.000,121044,192000,3999.250,120.0,8,19,2,0.00000,0.00000,0.00000,0.00000,0.00000
74.537,1,74521.000,121044,192000,3999.250,120.0,8,19,2,0.00000,0.00000,0.00000,0.00000,0.00000
74.537,2,72539.000,25877,192000,3999.896,120.0,8,19,2,0.00000,0.00000,0.00000,0.00000,0.00000
74.639,0,74623.000,125949,192000,3999.062,120.0,8,19,2,0.00000,0.00000,0.00000,0.00000,0.00000
74.639,1,74623.000,125949,192000,3999.062,120.0,8,19,2,0.00000,0.00000,0.00000,0.00000,0.00000
74.639,2,72641.000,30782,192000,3999.708,120.0,8,19,2,0.00000,0.00000,0.00000,0.00000,0.00000
74.741,0,74726.000,130850,192000,3999.958,120.0,8,19,2,0.00000,0.00000,0.00000,0.00000,0.00000
74.741,1,74726.000,130850,192000,3999.958,120.0,8,19,2,0.00000,0.00000,0.00000,0.00000,0.00000
74.741,2,72743.000,35683,192000,3999.604,120.0,8,19,2,0.00000,0.00000,0.00000,0.00000,0.00000
74.843,0,74828.000,135752,192000,3999.833,120.0,8,19,2,0.00000,0.00000,0.00000,0.00000,0.00000
74.843,1,74828.000,135752,192000,3999.833,120.0,8,19,2,0.00000,0.00000,0.00000,0.00000,0.00000
74.843,2,72845.000,40585,192000,3999.479,120.0,8,19,2,0.00000,0.00000,0.00000,0.00000,0.00000
74.945,0,74930.000,140660,192000,3999.583,120.0,8,19,2,0.00000,0.00000,0.00000,0.00000,0.00000
74.945,1,74930.000,140660,192000,3999.583,120.0,8,19,2,0.00000,0.00000,0.00000,0.00000,0.00000
74.945,2,72947.000,45493,192000,3999.229,120.0,8,19,2,0.00000,0.00000,0.00000,0.00000,0.00000
75.048,0,75032.000,145557,192000,3999.562,120.0,8,19,2,0.00000,0.00000,0.00000,0.00000,0.00000
75.048,1,75032.000,145557,192000,3999.562,120.0,8,19,2,0.00000,0.00000,0.00000,0.00000,0.00000
75.048,2,73049.000,50390,192000,3999.208,120.0,8,19,2,0.00000,0.00000,0.00000,0.00000,0.00000
75.149,0,75133.000,150419,192000,3999.271,120.0,8,19,2,0.00000,0.00000,0.00000,0.00000,0.00000
75.149,1,75133.000,150419,192000,3999.271,120.0,8,19,2,0.00000,0.00000,0.00000,0.00000,0.00000
75.149,2,73151.000,55252,192000,3999.917,120.0,8,19,2,0.00000,0.00000,0.00000,0.00000,0.00000
75.251,0,75236.000,155347,192000,3999.604,120.0,8,19,2,0.00000,0.00000,0.00000,0.00000,0.00000
75.251,1,75236.000,155347,192000,3999.604,120.0,8,19,2,0.00000,0.00000,0.00000,0.00000,0.00000
75.251,2,73253.000,60180,192000,3999.250,120.0,8,19,2,0.00000,0.00000,0.00000,0.00000,0.00000
75.353,0,75338.000,160229,192000,3999.896,120.0,8,19,2,0.00000,0.00000,0.00000,0.00000,0.00000
75.353,1,75338.000,160229,192000,3999.896,120.0,8,19,2,0.00000,0.00000,0.00000,0.00000,0.00000
75.353,2,73355.000,65062,192000,3999.542,120.0,8,19,2,0.00000,0.00000,0.00000,0.00000,0.00000
75.455,0,75439.000,165101,192000,3999.396,120.0,8,19,2,0.00000,0.00000,0.00000,0.00000,0.00000
75.455,1,75439.000,165101,192000,3999.396,120.0,8,19,2,0.00000,0.00000,0.00000,0.00000,0.00000
75.455,2,73456.000,69934,192000,3999.042,120.0,8,19,2,0.00000,0.00000,0.00000,0.00000,0.00000
75.557,0,75541.000,169995,192000,3999.438,120.0,8,19,2,0.00000,0.00000,0.00000,0.00000,0.00000
75.557,1,75541.000,169995,192000,3999.438,120.0,8,19,2,0.00000,0.00000,0.00000,0.00000,0.00000
75.557,2,73558.000,74828,192000,3999.083,120.0,8,19,2,0.00000,0.00000,0.00000,0.00000,0.00000
75.658,0,75643.000,174872,192000,3999.833,120.0,8,19,2,0.00000,0.00000,0.00000,0.00000,0.00000
75.658,1,75643.000,174872,192000,3999.833,120.0,8,19,2,0.00000,0.00000,0.00000,0.00000,0.00000
75.658,2,73660.000,79705,192000,3999.479,120.0,8,19,2,0.00000,0.00000,0.00000,0.00000,0.00000
75.761,0,75745.000,179792,192000,3999.333,120.0,8,19,2,0.00000,0.00000,0.00000,0.00000,0.00000
75.761,1,75745.000,179792,192000,3999.333,120.0,8,19,2,0.00000,0.00000,0.00000,0.00000,0.00000
75.761,2,73763.000,84625,192000,3999.979,120.0,8,19,2,0.00000,0.00000,0.00000,0.00000,0.00000
75.862,0,75846.000,184652,192000,3999.083,120.0,8,19,2,0.00000,0.00000,0.00000,0.00000,0.00000
75.862,1,75846.000,184652,192000,3999.083,120.0,8,19,2,0.00000,0.00000,0.00000,0.00000,0.00000
75.862,2,73864.000,89485,192000,3999.729,120.0,8,19,2,0.00000,0.00000,0.00000,0.00000,0.00000
75.964,0,75948.000,189535,192000,3999.354,120.0,8,19,2,0.00000,0.00000,0.00000,0.00000,0.00000
75.964,1,75948.000,189535,192000,3999.354,120.0,8,19,2,0.00000,0.00000,0.00000,0.00000,0.00000
75.964,2,73966.000,94368,192000,0.000,120.0,8,19,2,0.00000,0.00000,0.00000,0.00000,0.00000
76.065,0,76050.000,2419,192000,3999.604,120.0,8,20,2,0.00000,0.00000,0.00000,0.00000,0.00000
76.065,1,76050.000,2419,192000,3999.604,120.0,8,20,2,0.00000,0.00000,0.00000,0.00000,0.00000
76.065,2,74067.000,99252,192000,3999.250,120.0,8,19,2,0.00000,0.00000,0.00000,0.00000,0.00000
76.168,0,76153.000,7347,192000,3999.938,120.0,8,20,2,0.00000,0.00000,0.00000,0.00000,0.00000
76.168,1,76153.000,7347,192000,3999.938,120.0,8,20,2,0.00000,0.00000,0.00000,0.00000,0.00000
76.168,2,74170.000,104180,192000,3999.583,120.0,8,19,2,0.00000,0.00000,0.00000,0.00000,0.00000
76.269,0,76253.000,12190,192000,3999.042,120.0,8,20,2,0.00000,0.00000,0.00000,0.00000,0.00000
76.269,1,76253.000,12190,192000,3999.042,120.0,8,20,2,0.00000,0.00000,0.00000,0.00000,0.00000
76.269,2,74271.000,109023,192000,3999.688,120.0,8,19,2,0.00000,0.00000,0.00000,0.00000,0.00000
76.370,0,76354.000,17014,192000,3999.542,120.0,8,20,2,0.00000,0.00000,0.00000,0.00000,0.00000
76.370,1,76354.000,17014,192000,3999.542,120.0,8,20,2,0.00000,0.00000,0.00000,0.00000,0.00000
76.370,2,74371.000,113847,192000,3999.188,120.0,8,19,2,0.00000,0.00000,0.00000,0.00000,0.00000
76.470,0,76454.000,21816,192000,3999.500,120.0,8,20,2,0.00000,0.00000,0.00000,0.00000,0.00000
76.470,1,76454.000,21816,192000,3999.500,120.0,8,20,2,0.00000,0.00000,0.00000,0.00000,0.00000
76.470,2,74471.000,118649,192000,3999.146,120.0,8,19,2,0.00000,0.00000,0.00000,0.00000,0.00000
76.571,0,76556.000,26703,192000,3999.688,120.0,8,20,2,0.00000,0.00000,0.00000,0.00000,0.00000
76.571,1,76556.000,26703,192000,3999.688,120.0,8,20,2,0.00000,0.00000,0.00000,0.00000,0.00000
76.571,2,74573.000,123536,192000,3999.333,120.0,8,19,2,0.00000,0.00000,0.00000,0.00000,0.00000
76.674,0,76658.000,31615,192000,3999.354,120.0,8,20,2,0.00000,0.00000,0.00000,0.00000,0.00000
76.674,1,76658.000,31615,192000,3999.354,120.0,8,20,2,0.00000,0.00000,0.00000,0.00000,0.00000
76.674,2,74676.000,128448,192000,0.000,120.0,8,19,2,0.00000,0.00000,0.00000,0.00000,0.00000
76.775,0,76759.000,36472,192000,3999.167,120.0,8,20,2,0.00000,0.00000,0.00000,0.00000,0.00000
76.775,1,76759.000,36472,192000,3999.167,120.0,8,20,2,0.00000,0.00000,0.00000,0.00000,0.00000
76.775,2,74777.000,133305,192000,3999.812,120.0,8,19,2,0.00000,0.00000,0.00000,0.00000,0.00000
76.876,0,76860.000,41321,192000,3999.146,120.0,8,20,2,0.00000,0.00000,0.00000,0.00000,0.00000
76.876,1,76860.000,41321,192000,3999.146,120.0,8,20,2,0.00000,0.00000,0.00000,0.00000,0.00000
76.876,2,74878.000,138154,192000,3999.792,120.0,8,19,2,0.00000,0.00000,0.00000,0.00000,0.00000
76.977,0,76962.000,46176,192000,0.000,120.0,8,20,2,0.00000,0.00000,0.00000,0.00000,0.00000
76.977,1,76962.000,46176,192000,0.000,120.0,8,20,2,0.00000,0.00000,0.00000,0.00000,0.00000
76.977,2,74979.000,143009,192000,3999.646,120.0,8,19,2,0.00000,0.00000,0.00000,0.00000,0.00000
77.078,0,77062.000,51020,192000,3999.083,120.0,8,20,2,0.00000,0.00000,0.00000,0.00000,0.00000
77.078,1,77062.000,51020,192000,3999.083,120.0,8,20,2,0.00000,0.00000,0.00000,0.00000,0.00000
77.078,2,75080.000,147853,192000,3999.729,120.0,8,19,2,0.00000,0.00000,0.00000,0.00000,0.00000
77.181,0,77165.000,55952,192000,3999.333,120.0,8,20,2,0.00000,0.00000,0.00000,0.00000,0.00000
77.181,1,77165.000,55952,192000,3999.333,120.0,8,20,2,0.00000,0.00000,0.00000,0.00000,0.00000
77.181,2,75183.000,152785,192000,3999.979,120.0,8,19,2,0.00000,0.00000,0.00000,0.00000,0.00000
77.284,0,77268.000,60892,192000,3999.417,120.0,8,20,2,0.00000,0.00000,0.00000,0.00000,0.00000
77.284,1,77268.000,60892,192000,3999.417,120.0,8,20,2,0.00000,0.00000,0.00000,0.00000,0.00000
77.284,2,75285.000,157725,192000,3999.062,120.0,8,19,2,0.00000,0.00000,0.00000,0.00000,0.00000
77.384,0,77368.000,65711,192000,3999.021,120.0,8,20,2,0.00000,0.00000,0.00000,0.00000,0.00000
77.384,1,77368.000,65711,192000,3999.021,120.0,8,20,2,0.00000,0.00000,0.00000,0.00000,0.00000
77.384,2,75386.000,162544,192000,3999.667,120.0,8,19,2,0.00000,0.00000,0.00000,0.00000,0.00000
77.486,0,77470.000,70588,192000,3999.417,120.0,8,20,2,0.00000,0.00000,0.00000,0.00000,0.00000
77.486,1,77470.000,70588,192000,3999.417,120.0,8,20,2,0.00000,0.00000,0.00000,0.00000,0.00000
77.486,2,75487.000,167421,192000,3999.062,120.0,8,19,2,0.00000,0.00000,0.00000,0.00000,0.00000
77.587,0,77572.000,75467,192000,3999.771,120.0,8,20,2,0.00000,0.00000,0.00000,0.00000,0.00000
77.587,1,77572.000,75467,192000,3999.771,120.0,8,20,2,0.00000,0.00000,0.00000,0.00000,0.00000
77.587,2,75589.000,172300,192000,3999.417,120.0,8,19,2,0.00000,0.00000,0.00000,0.00000,0.00000
77.687,0,77672.000,80268,192000,3999.750,120.0,8,20,2,0.00000,0.00000,0.00000,0.00000,0.00000
77.687,1,77672.000,80268,192000,3999.750,120.0,8,20,2,0.00000,0.00000,0.00000,0.00000,0.00000
77.687,2,75689.000,177101,192000,3999.396,120.0,8,19,2,0.00000,0.00000,0.00000,0.00000,0.00000
77.788,0,77772.000,85089,192000,3999.312,120.0,8,20,2,0.00000,0.00000,0.00000,0.00000,0.00000
77.788,1,77772.000,85089,192000,3999.312,120.0,8,20,2,0.00000,0.00000,0.00000,0.00000,0.00000
77.788,2,75790.000,181922,192000,3999.958,120.0,8,19,2,0.00000,0.00000,0.00000,0.00000,0.00000
77.889,0,77873.000,89948,192000,3999.083,120.0,8,20,2,0.00000,0.00000,0.00000,0.00000,0.00000
77.889,1,77873.000,89948,192000,3999.083,120.0,8,20,2,0.00000,0.00000,0.00000,0.00000,0.00000
77.889,2,75891.000,186781,192000,3999.729,120.0,8,19,2,0.00000,0.00000,0.00000,0.00000,0.00000
77.990,0,77975.000,94821,192000,3999.562,120.0,8,20,2,0.00000,0.00000,0.00000,0.00000,0.00000
77.990,1,77975.000,94821,192000,3999.562,120.0,8,20,2,0.00000,0.00000,0.00000,0.00000,0.00000
77.990,2,75992.000,191654,192000,3999.208,120.0,8,19,2,0.00000,0.00000,0.00000,0.00000,0.00000
78.092,0,78077.000,99715,192000,3999.604,120.0,8,20,2,0.00000,0.00000,0.00000,0.00000,0.00000
78.092,1,78077.000,99715,192000,3999.604,120.0,8,20,2,0.00000,0.00000,0.00000,0.00000,0.00000
78.092,2,76094.000,4548,192000,3999.250,120.0,8,20,2,0.09298,0.09284,0.09298,0.00000,0.00000
78.193,0,78177.000,104532,192000,3999.250,120.0,8,20,2,0.00000,0.00000,0.00000,0.00000,0.00000
78.193,1,78177.000,104532,192000,3999.250,120.0,8,20,2,0.00000,0.00000,0.00000,0.00000,0.00000
78.193,2,76195.000,9365,192000,3999.896,120.0,8,20,2,0.06125,0.06116,0.06125,0.00000,0.00000
78.296,0,78280.000,109466,192000,3999.458,120.0,8,20,2,0.00000,0.00000,0.00000,0.00000,0.00000
78.296,1,78280.000,109466,192000,3999.458,120.0,8,20,2,0.00000,0.00000,0.00000,0.00000,0.00000
78.296,2,76297.000,14299,192000,3999.104,120.0,8,20,2,0.03994,0.03988,0.03994,0.00000,0.00000
78.397,0,78381.000,114323,192000,3999.271,120.0,8,20,2,0.00000,0.00000,0.00000,0.00000,0.00000
78.397,1,78381.000,114323,192000,3999.271,120.0,8,20,2,0.00000,0.00000,0.00000,0.00000,0.00000
78.397,2,76399.000,19156,192000,3999.917,120.0,8,20,2,0.02622,0.02618,0.02622,0.00000,0.00000
78.498,0,78482.000,119165,192000,3999.396,120.0,8,20,2,0.00000,0.00000,0.00000,0.00000,0.00000
78.498,1,78482.000,119165,192000,3999.396,120.0,8,20,2,0.00000,0.00000,0.00000,0.00000,0.00000
78.498,2,76499.000,23998,192000,3999.042,120.0,8,20,2,0.01724,0.01721,0.01724,0.00000,0.00000
78.601,0,78585.000,124106,192000,3999.458,120.0,8,20,2,0.00000,0.00000,0.00000,0.00000,0.00000
78.601,1,78585.000,124106,192000,3999.458,120.0,8,20,2,0.00000,0.00000,0.00000,0.00000,0.00000
78.601,2,76602.000,28939,192000,3999.104,120.0,8,20,2,0.01124,0.01122,0.01124,0.00000,0.00000
78.703,0,78688.000,129035,192000,3999.771,120.0,8,20,2,0.00000,0.00000,0.00000,0.00000,0.00000
78.703,1,78688.000,129035,192000,3999.771,120.0,8,20,2,0.00000,0.00000,0.00000,0.00000,0.00000
78.703,2,76705.000,33868,192000,3999.417,120.0,8,20,2,0.00733,0.00732,0.00733,0.00000,0.00000
78.804,0,78789.000,133873,192000,3999.979,120.0,8,20,2,0.00000,0.00000,0.00000,0.00000,0.00000
78.804,1,78789.000,133873,192000,3999.979,120.0,8,20,2,0.00000,0.00000,0.00000,0.00000,0.00000
78.804,2,76806.000,38706,192000,3999.625,120.0,8,20,2,0.00482,0.00481,0.00482,0.00000,0.00000
78.905,0,78889.000,138717,192000,3999.062,120.0,8,20,2,0.00000,0.00000,0.00000,0.00000,0.00000
78.905,1,78889.000,138717,192000,3999.062,120.0,8,20,2,0.00000,0.00000,0.00000,0.00000,0.00000
78.905,2,76907.000,43550,192000,3999.708,120.0,8,20,2,0.00317,0.00316,0.00317,0.00000,0.00000
79.006,0,78990.000,143567,192000,3999.021,120.0,8,20,2,0.00000,0.00000,0.00000,0.00000,0.00000
79.006,1,78990.000,143567,192000,3999.021,120.0,8,20,2,0.00000,0.00000,0.00000,0.00000,0.00000
79.006,2,77008.000,48400,192000,3999.667,120.0,8,20,2,0.00208,0.00208,0.00208,0.00000,0.00000
79.106,0,79091.000,148385,192000,3999.646,120.0,8,20,2,0.00000,0.00000,0.00000,0.00000,0.00000
79.106,1,79091.000,148385,192000,3999.646,120.0,8,20,2,0.00000,0.00000,0.00000,0.00000,0.00000
79.106,2,77108.000,53218,192000,3999.292,120.0,8,20,2,0.00137,0.00137,0.00137,0.00000,0.00000
79.207,0,79191.000,153190,192000,3999.542,120.0,8,20,2,0.00000,0.00000,0.00000,0.00000,0.00000
79.207,1,79191.000,153190,192000,3999.542,120.0,8,20,2,0.00000,0.00000,0.00000,0.00000,0.00000
79.207,2,77208.000,58023,192000,3999.188,120.0,8,20,2,0.00090,0.00090,0.00090,0.00000,0.00000
79.310,0,79294.000,158137,192000,3999.479,120.0,8,20,2,0.00000,0.00000,0.00000,0.00000,0.00000
79.310,1,79294.000,158137,192000,3999.479,120.0,8,20,2,0.00000,0.00000,0.00000,0.00000,0.00000
79.310,2,77311.000,62970,192000,3999.125,120.0,8,20,2,0.00059,0.00059,0.00059,0.00000,0.00000
79.411,0,79396.000,163009,192000,3999.979,120.0,8,20,2,0.00000,0.00000,0.00000,0.00000,0.00000
79.411,1,79396.000,163009,192000,3999.979,120.0,8,20,2,0.00000,0.00000,0.00000,0.00000,0.00000
79.411,2,77413.000,67842,192000,3999.625,120.0,8,20,2,0.00039,0.00039,0.00039,0.00000,0.00000
79.511,0,79496.000,167824,192000,3999.667,120.0,8,20,2,0.00000,0.00000,0.00000,0.00000,0.00000
79.511,1,79496.000,167824,192000,3999.667,120.0,8,20,2,0.00000,0.00000,0.00000,0.00000,0.00000
79.511,2,77513.000,72657,192000,3999.312,120.0,8,20,2,0.00025,0.00025,0.00025,0.00000,0.00000
79.613,0,79597.000,172678,192000,3999.542,120.0,8,20,2,0.00000,0.00000,0.00000,0.00000,0.00000
79.613,1,79597.000,172678,192000,3999.542,120.0,8,20,2,0.00000,0.00000,0.00000,0.00000,0.00000
79.613,2,77614.000,77511,192000,3999.188,120.0,8,20,2,0.00017,0.00017,0.00017,0.00000,0.00000
79.713,0,79697.000,177487,192000,3999.354,120.0,8,20,2,0.00000,0.00000,0.00000,0.00000,0.00000
79.713,1,79697.000,177487,192000,3999.354,120.0,8,20,2,0.00000,0.00000,0.00000,0.00000,0.00000
79.713,2,77715.000,82320,192000,0.000,120.0,8,20,2,0.00011,0.00011,0.00011,0.00000,0.00000
79.813,0,79797.000,182291,192000,3999.271,120.0,8,20,2,0.00000,0.00000,0.00000,0.00000,0.00000
79.813,1,79797.000,182291,192000,3999.271,120.0,8,20,2,0.00000,0.00000,0.00000,0.00000,0.00000
79.813,2,77815.000,87124,192000,3999.917,120.0,8,20,2,0.00007,0.00007,0.00007,0.00000,0.00000
79.915,0,79899.000,187187,192000,3999.271,120.0,8,20,2,0.00000,0.00000,0.00000,0.00000,0.00000
79.915,1,79899.000,187187,192000,3999.271,120.0,8,20,2,0.00000,0.00000,0.00000,0.00000,0.00000
79.915,2,77917.000,92020,192000,3999.917,120.0,8,20,2,0.00005,0.00005,0.00005,0.00000,0.00000
80.015,0,79999.000,191990,192000,3999.208,120.0,8,20,2,0.00000,0.00000,0.00000,0.00000,0.00000
80.015,1,79999.000,191990,192000,3999.208,120.0,8,20,2,0.00000,0.00000,0.00000,0.00000,0.00000
80.015,2,78017.000,96823,192000,3999.854,120.0,8,20,2,0.00003,0.00003,0.00003,0.00000,0.00000
80.116,0,80101.000,4851,192000,3999.938,120.0,8,21,2,0.09150,0.09141,0.09150,0.00000,0.00000
80.116,1,80101.000,4851,192000,3999.938,120.0,8,21,2,0.09141,0.09141,0.09136,0.00000,0.00000
80.116,2,78118.000,101684,192000,3999.583,120.0,8,20,2,0.00002,0.00002,0.00002,0.00000,0.00000
80.219,0,80203.000,9786,192000,3999.125,120.0,8,21,2,0.05967,0.05961,0.05967,0.00000,0.00000
80.219,1,80203.000,9786,192000,3999.125,120.0,8,21,2,0.05961,0.05961,0.05957,0.00000,0.00000
80.219,2,78221.000,106619,192000,3999.771,120.0,8,20,2,0.00001,0.00001,0.00001,0.00000,0.00000
80.322,0,80306.000,14714,192000,3999.458,120.0,8,21,2,0.03893,0.03889,0.03893,0.00000,0.00000
80.322,1,80306.000,14714,192000,3999.458,120.0,8,21,2,0.03889,0.03889,0.03887,0.00000,0.00000
80.322,2,78323.000,111547,192000,3999.104,120.0,8,20,2,0.00001,0.00001,0.00001,0.00000,0.00000
80.424,0,80409.000,19640,192000,3999.833,120.0,8,21,2,0.02541,0.02538,0.02541,0.00000,0.00000
80.424,1,80409.000,19640,192000,3999.833,120.0,8,21,2,0.02538,0.02538,0.02537,0.00000,0.00000
80.424,2,78426.000,116473,192000,3999.479,120.0,8,20,2,0.00001,0.00001,0.00001,0.00000,0.00000
80.526,0,80511.000,24534,192000,3999.875,120.0,8,21,2,0.01663,0.01661,0.01663,0.00000,0.00000
80.526,1,80511.000,24534,192000,3999.875,120.0,8,21,2,0.01661,0.01661,0.01660,0.00000,0.00000
80.526,2,78528.000,121367,192000,3999.521,120.0,8,20,2,0.00000,0.00000,0.00000,0.00000,0.00000
80.628,0,80612.000,29413,192000,3999.229,120.0,8,21,2,0.01089,0.01088,0.01089,0.00000,0.00000
80.628,1,80612.000,29413,192000,3999.229,120.0,8,21,2,0.01088,0.01088,0.01088,0.00000,0.00000
80.628,2,78630.000,126246,192000,3999.875,120.0,8,20,2,0.00000,0.00000,0.00000,0.00000,0.00000
80.731,0,80715.000,34345,192000,3999.479,120.0,8,21,2,0.00711,0.00710,0.00711,0.00000,0.00000
80.731,1,80715.000,34345,192000,3999.479,120.0,8,21,2,0.00710,0.00710,0.00709,0.00000,0.00000
80.731,2,78732.000,131178,192000,3999.125,120.0,8,20,2,0.00000,0.00000,0.00000,0.00000,0.00000
80.832,0,80816.000,39213,192000,3999.062,120.0,8,21,2,0.00466,0.00466,0.00466,0.00000,0.00000
80.832,1,80816.000,39213,192000,3999.062,120.0,8,21,2,0.00466,0.00466,0.00465,0.00000,0.00000
80.832,2,78834.000,136046,192000,3999.708,120.0,8,20,2,0.00000,0.00000,0.00000,0.00000,0.00000
80.933,0,80917.000,44063,192000,3999.021,120.0,8,21,2,0.00306,0.00306,0.00306,0.00000,0.00000
80.933,1,80917.000,44063,192000,3999.021,120.0,8,21,2,0.00306,0.00306,0.00306,0.00000,0.00000
80.933,2,78935.000,140896,192000,3999.667,120.0,8,20,2,0.00000,0.00000,0.00000,0.00000,0.00000
81.036,0,81020.000,48986,192000,3999.458,120.0,8,21,2,0.00200,0.00200,0.00200,0.00000,0.00000
81.036,1,81020.000,48986,192000,3999.458,120.0,8,21,2,0.00200,0.00200,0.00200,0.00000,0.00000
81.036,2,79037.000,145819,192000,3999.104,120.0,8,20,2,0.00000,0.00000,0.00000,0.00000,0.00000
81.138,0,81122.000,53892,192000,3999.250,120.0,8,21,2,0.00131,0.00131,0.00131,0.00000,0.00000
81.138,1,81122.000,53892,192000,3999.250,120.0,8,21,2,0.00131,0.00131,0.00130,0.00000,0.00000
81.138,2,79140.000,150725,192000,3999.896,120.0,8,20,2,0.00000,0.00000,0.00000,0.00000,0.00000
81.238,0,81223.000,58725,192000,3999.562,120.0,8,21,2,0.00086,0.00086,0.00086,0.00000,0.00000
81.238,1,81223.000,58725,192000,3999.562,120.0,8,21,2,0.00086,0.00086,0.00086,0.00000,0.00000
81.238,2,79240.000,155558,192000,3999.208,120.0,8,20,2,0.00000,0.00000,0.00000,0.00000,0.00000
81.339,0,81323.000,63527,192000,3999.521,120.0,8,21,2,0.00057,0.00057,0.00057,0.00000,0.00000
81.339,1,81323.000,63527,192000,3999.521,120.0,8,21,2,0.00057,0.00057,0.00057,0.00000,0.00000
81.339,2,79340.000,160360,192000,3999.167,120.0,8,20,2,0.00000,0.00000,0.00000,0.00000,0.00000
81.441,0,81426.000,68461,192000,3999.729,120.0,8,21,2,0.00037,0.00037,0.00037,0.00000,0.00000
81.441,1,81426.000,68461,192000,3999.729,120.0,8,21,2,0.00037,0.00037,0.00037,0.00000,0.00000
81.441,2,79443.000,165294,192000,3999.375,120.0,8,20,2,0.00000,0.00000,0.00000,0.00000,0.00000
81.542,0,81526.000,73275,192000,3999.438,120.0,8,21,2,0.00024,0.00024,0.00024,0.00000,0.00000
81.542,1,81526.000,73275,192000,3999.438,120.0,8,21,2,0.00024,0.00024,0.00024,0.00000,0.00000
81.542,2,79543.000,170108,192000,3999.083,120.0,8,20,2,0.00000,0.00000,0.00000,0.00000,0.00000
81.642,0,81626.000,78083,192000,3999.271,120.0,8,21,2,0.00016,0.00016,0.00016,0.00000,0.00000
81.642,1,81626.000,78083,192000,3999.271,120.0,8,21,2,0.00016,0.00016,0.00016,0.00000,0.00000
81.642,2,79644.000,174916,192000,3999.917,120.0,8,20,2,0.00000,0.00000,0.00000,0.00000,0.00000
81.742,0,81727.000,82911,192000,3999.688,120.0,8,21,2,0.00011,0.00011,0.00011,0.00000,0.00000
81.742,1,81727.000,82911,192000,3999.688,120.0,8,21,2,0.00011,0.00011,0.00011,0.00000,0.00000
81.742,2,79744.000,179744,192000,3999.333,120.0,8,20,2,0.00000,0.00000,0.00000,0.00000,0.00000
81.843,0,81827.000,87736,192000,3999.167,120.0,8,21,2,0.00007,0.00007,0.00007,0.00000,0.00000
81.843,1,81827.000,87736,192000,3999.167,120.0,8,21,2,0.00007,0.00007,0.00007,0.00000,0.00000
81.843,2,79845.000,184569,192000,3999.812,120.0,8,20,2,0.00000,0.00000,0.00000,0.00000,0.00000
81.944,0,81928.000,92586,192000,3999.125,120.0,8,21,2,0.00005,0.00005,0.00005,0.00000,0.00000
81.944,1,81928.000,92586,192000,3999.125,120.0,8,21,2,0.00005,0.00005,0.00005,0.00000,0.00000
81.944,2,79946.000,189419,192000,3999.771,120.0,8,20,2,0.00000,0.00000,0.00000,0.00000,0.00000
82.047,0,82031.000,97513,192000,3999.479,120.0,8,21,2,0.00003,0.00003,0.00003,0.00000,0.00000
82.047,1,82031.000,97513,192000,3999.479,120.0,8,21,2,0.00003,0.00003,0.00003,0.00000,0.00000
82.047,2,80048.000,2346,192000,3999.125,120.0,8,21,2,0.00000,0.00000,0.00000,0.00000,0.00000
82.147,0,82132.000,102336,192000,0.000,120.0,8,21,2,0.00002,0.00002,0.00002,0.00000,0.00000
82.147,1,82132.000,102336,192000,0.000,120.0,8,21,2,0.00002,0.00002,0.00002,0.00000,0.00000
82.147,2,80149.000,7169,192000,3999.646,120.0,8,21,2,0.00000,0.00000,0.00000,0.00000,0.00000
82.249,0,82233.000,107231,192000,3999.021,120.0,8,21,2,0.00001,0.00001,0.00001,0.00000,0.00000
82.249,1,82233.000,107231,192000,3999.021,120.0,8,21,2,0.00001,0.00001,0.00001,0.00000,0.00000
82.249,2,80251.000,12064,192000,3999.667,120.0,8,21,2,0.00000,0.00000,0.00000,0.00000,0.00000
82.351,0,82335.000,112116,192000,3999.250,120.0,8,21,2,0.00001,0.00001,0.00001,0.00000,0.00000
82.351,1,82335.000,112116,192000,3999.250,120.0,8,21,2,0.00001,0.00001,0.00001,0.00000,0.00000
82.351,2,80353.000,16949,192000,3999.896,120.0,8,21,2,0.00000,0.00000,0.00000,0.00000,0.00000
82.451,0,82436.000,116941,192000,3999.729,120.0,8,21,2,0.00001,0.00001,0.00001,0.00000,0.00000
82.451,1,82436.000,116941,192000,3999.729,120.0,8,21,2,0.00001,0.00001,0.00001,0.00000,0.00000
82.451,2,80453.000,21774,192000,3999.375,120.0,8,21,2,0.00000,0.00000,0.00000,0.00000,0.00000
82.554,0,82538.000,121858,192000,3999.292,120.0,8,21,2,0.00000,0.00000,0.00000,0.00000,0.00000
82.554,1,82538.000,121858,192000,3999.292,120.0,8,21,2,0.00000,0.00000,0.00000,0.00000,0.00000
82.554,2,80556.000,26691,192000,3999.938,120.0,8,21,2,0.00000,0.00000,0.00000,0.00000,0.00000
82.656,0,82641.000,126787,192000,3999.604,120.0,8,21,2,0.00000,0.00000,0.00000,0.00000,0.00000
82.656,1,82641.000,126787,192000,3999.604,120.0,8,21,2,0.00000,0.00000,0.00000,0.00000,0.00000
82.656,2,80658.000,31620,192000,3999.250,120.0,8,21,2,0.00000,0.00000,0.00000,0.00000,0.00000
82.757,0,82742.000,131632,192000,3999.667,120.0,8,21,2,0.00000,0.00000,0.00000,0.00000,0.00000
82.757,1,82742.000,131632,192000,3999.667,120.0,8,21,2,0.00000,0.00000,0.00000,0.00000,0.00000
82.757,2,80759.000,36465,192000,3999.312,120.0,8,21,2,0.00000,0.00000,0.00000,0.00000,0.00000
82.859,0,82843.000,136486,192000,3999.542,120.0,8,21,2,0.00000,0.00000,0.00000,0.00000,0.00000
82.859,1,82843.000,136486,192000,3999.542,120.0,8,21,2,0.00000,0.00000,0.00000,0.00000,0.00000
82.859,2,80860.000,41319,192000,3999.188,120.0,8,21,2,0.00000,0.00000,0.00000,0.00000,0.00000
82.961,0,82945.000,141384,192000,3999.500,120.0,8,21,2,0.00000,0.00000,0.00000,0.00000,0.00000
82.961,1,82945.000,141384,192000,3999.500,120.0,8,21,2,0.00000,0.00000,0.00000,0.00000,0.00000
82.961,2,80962.000,46217,192000,3999.146,120.0,8,21,2,0.00000,0.00000,0.00000,0.00000,0.00000
83.063,0,83048.000,146312,192000,3999.833,120.0,8,21,2,0.00000,0.00000,0.00000,0.00000,0.00000
83.063,1,83048.000,146312,192000,3999.833,120.0,8,21,2,0.00000,0.00000,0.00000,0.00000,0.00000
83.063,2,81065.000,51145,192000,3999.479,120.0,8,21,2,0.00000,0.00000,0.00000,0.00000,0.00000
83.164,0,83149.000,151162,192000,3999.792,120.0,8,21,2,0.00000,0.00000,0.00000,0.00000,0.00000
83.164,1,83149.000,151162,192000,3999.792,120.0,8,21,2,0.00000,0.00000,0.00000,0.00000,0.00000
83.164,2,81166.000,55995,192000,3999.438,120.0,8,21,2,0.00000,0.00000,0.00000,0.00000,0.00000
83.266,0,83250.000,156045,192000,3999.062,120.0,8,21,2,0.00000,0.00000,0.00000,0.00000,0.00000
83.266,1,83250.000,156045,192000,3999.062,120.0,8,21,2,0.00000,0.00000,0.00000,0.00000,0.00000
83.266,2,81268.000,60878,192000,3999.708,120.0,8,21,2,0.00000,0.00000,0.00000,0.00000,0.00000
83.367,0,83351.000,160888,192000,3999.167,120.0,8,21,2,0.00000,0.00000,0.00000,0.00000,0.00000
83.367,1,83351.000,160888,192000,3999.167,120.0,8,21,2,0.00000,0.00000,0.00000,0.00000,0.00000
83.367,2,81369.000,65721,192000,3999.812,120.0,8,21,2,0.00000,0.00000,0.00000,0.00000,0.00000
83.469,0,83453.000,165784,192000,3999.167,120.0,8,21,2,0.00000,0.00000,0.00000,0.00000,0.00000
83.469,1,83453.000,165784,192000,3999.167,120.0,8,21,2,0.00000,0.00000,0.00000,0.00000,0.00000
83.469,2,81471.000,70617,192000,3999.812,120.0,8,21,2,0.00000,0.00000,0.00000,0.00000,0.00000
83.569,0,83553.000,170585,192000,3999.146,120.0,8,21,2,0.00000,0.00000,0.00000,0.00000,0.00000
83.569,1,83553.000,170585,192000,3999.146,120.0,8,21,2,0.00000,0.00000,0.00000,0.00000,0.00000
83.569,2,81571.000,75418,192000,3999.792,120.0,8,21,2,0.00000,0.00000,0.00000,0.00000,0.00000
83.670,0,83654.000,175433,192000,3999.146,120.0,8,21,2,0.00000,0.00000,0.00000,0.00000,0.00000
83.670,1,83654.000,175433,192000,3999.146,120.0,8,21,2,0.00000,0.00000,0.00000,0.00000,0.00000
83.670,2,81672.000,80266,192000,3999.792,120.0,8,21,2,0.00000,0.00000,0.00000,0.00000,0.00000
83.770,0,83754.000,180237,192000,3999.062,120.0,8,21,2,0.00000,0.00000,0.00000,0.00000,0.00000
83.770,1,83754.000,180237,192000,3999.062,120.0,8,21,2,0.00000,0.00000,0.00000,0.00000,0.00000
83.770,2,81772.000,85070,192000,3999.708,120.0,8,21,2,0.00000,0.00000,0.00000,0.00000,0.00000
83.872,0,83856.000,185131,192000,3999.104,120.0,8,21,2,0.00000,0.00000,0.00000,0.00000,0.00000
83.872,1,83856.000,185131,192000,3999.104,120.0,8,21,2,0.00000,0.00000,0.00000,0.00000,0.00000
83.872,2,81874.000,89964,192000,3999.750,120.0,8,21,2,0.00000,0.00000,0.00000,0.00000,0.00000
83.973,0,83957.000,189977,192000,3999.146,120.0,8,21,2,0.00000,0.00000,0.00000,0.00000,0.00000
83.973,1,83957.000,189977,192000,3999.146,120.0,8,21,2,0.00000,0.00000,0.00000,0.00000,0.00000
83.973,2,81975.000,94810,192000,3999.792,120.0,8,21,2,0.00000,0.00000,0.00000,0.00000,0.00000
84.075,0,84059.000,2862,192000,3999.375,120.0,8,22,2,0.00000,0.00000,0.00000,0.00000,0.00000
84.075,1,84059.000,2862,192000,3999.375,120.0,8,22,2,0.00000,0.00000,0.00000,0.00000,0.00000
84.075,2,82076.000,99695,192000,3999.021,120.0,8,21,2,0.00000,0.00000,0.00000,0.00000,0.00000
84.175,0,84159.000,7664,192000,3999.333,120.0,8,22,2,0.00000,0.00000,0.00000,0.00000,0.00000
84.175,1,84159.000,7664,192000,3999.333,120.0,8,22,2,0.00000,0.00000,0.00000,0.00000,0.00000
84.175,2,82177.000,104497,192000,3999.979,120.0,8,21,2,0.00000,0.00000,0.00000,0.00000,0.00000
84.275,0,84259.000,12465,192000,3999.312,120.0,8,22,2,0.00000,0.00000,0.00000,0.00000,0.00000
84.275,1,84259.000,12465,192000,3999.312,120.0,8,22,2,0.00000,0.00000,0.00000,0.00000,0.00000
84.275,2,82277.000,109298,192000,3999.958,120.0,8,21,2,0.00000,0.00000,0.00000,0.00000,0.00000
84.377,0,84361.000,17361,192000,3999.312,120.0,8,22,2,0.00000,0.00000,0.00000,0.00000,0.00000
84.377,1,84361.000,17361,192000,3999.312,120.0,8,22,2,0.00000,0.00000,0.00000,0.00000,0.00000
84.377,2,82379.000,114194,192000,3999.958,120.0,8,21,2,0.00000,0.00000,0.00000,0.00000,0.00000
84.478,0,84462.000,22216,192000,3999.167,120.0,8,22,2,0.00000,0.00000,0.00000,0.00000,0.00000
84.478,1,84462.000,22216,192000,3999.167,120.0,8,22,2,0.00000,0.00000,0.00000,0.00000,0.00000
84.478,2,82480.000,119049,192000,3999.812,120.0,8,21,2,0.00000,0.00000,0.00000,0.00000,0.00000
84.580,0,84564.000,27119,192000,3999.021,120.0,8,22,2,0.00000,0.00000,0.00000,0.00000,0.00000
84.580,1,84564.000,27119,192000,3999.021,120.0,8,22,2,0.00000,0.00000,0.00000,0.00000,0.00000
84.580,2,82582.000,123952,192000,3999.667,120.0,8,21,2,0.00000,0.00000,0.00000,0.00000,0.00000
84.681,0,84666.000,31981,192000,3999.729,120.0,8,22,2,0.00000,0.00000,0.00000,0.00000,0.00000
84.681,1,84666.000,31981,192000,3999.729,120.0,8,22,2,0.00000,0.00000,0.00000,0.00000,0.00000
84.681,2,82683.000,128814,192000,3999.375,120.0,8,21,2,0.00000,0.00000,0.00000,0.00000,0.00000
84.784,0,84768.000,36911,192000,3999.021,120.0,8,22,2,0.00000,0.00000,0.00000,0.00000,0.00000
84.784,1,84768.000,36911,192000,3999.021,120.0,8,22,2,0.00000,0.00000,0.00000,0.00000,0.00000
84.784,2,82786.000,133744,192000,3999.667,120.0,8,21,2,0.00000,0.00000,0.00000,0.00000,0.00000
84.886,0,84870.000,41803,192000,3999.104,120.0,8,22,2,0.00000,0.00000,0.00000,0.00000,0.00000
84.886,1,84870.000,41803,192000,3999.104,120.0,8,22,2,0.00000,0.00000,0.00000,0.00000,0.00000
84.886,2,82888.000,138636,192000,3999.750,120.0,8,21,2,0.00000,0.00000,0.00000,0.00000,0.00000
84.988,0,84972.000,46695,192000,3999.188,120.0,8,22,2,0.00000,0.00000,0.00000,0.00000,0.00000
84.988,1,84972.000,46695,192000,3999.188,120.0,8,22,2,0.00000,0.00000,0.00000,0.00000,0.00000
84.988,2,82990.000,143528,192000,3999.833,120.0,8,21,2,0.00000,0.00000,0.00000,0.00000,0.00000
85.089,0,85073.000,51530,192000,3999.458,120.0,8,22,2,0.00000,0.00000,0.00000,0.00000,0.00000
85.089,1,85073.000,51530,192000,3999.458,120.0,8,22,2,0.00000,0.00000,0.00000,0.00000,0.00000
85.089,2,83090.000,148363,192000,3999.104,120.0,8,21,2,0.00000,0.00000,0.00000,0.00000,0.00000
85.189,0,85173.000,56348,192000,3999.083,120.0,8,22,2,0.00000,0.00000,0.00000,0.00000,0.00000
85.189,1,85173.000,56348,192000,3999.083,120.0,8,22,2,0.00000,0.00000,0.00000,0.00000,0.00000
85.189,2,83191.000,153181,192000,3999.729,120.0,8,21,2,0.00000,0.00000,0.00000,0.00000,0.00000
85.291,0,85275.000,61244,192000,3999.083,120.0,8,22,2,0.00000,0.00000,0.00000,0.00000,0.00000
85.291,1,85275.000,61244,192000,3999.083,120.0,8,22,2,0.00000,0.00000,0.00000,0.00000,0.00000
85.291,2,83293.000,158077,192000,3999.729,120.0,8,21,2,0.00000,0.00000,0.00000,0.00000,0.00000
85.391,0,85376.000,66052,192000,3999.917,120.0,8,22,2,0.00000,0.00000,0.00000,0.00000,0.00000
85.391,1,85376.000,66052,192000,3999.917,120.0,8,22,2,0.00000,0.00000,0.00000,0.00000,0.00000
85.391,2,83393.000,162885,192000,3999.562,120.0,8,21,2,0.00000,0.00000,0.00000,0.00000,0.00000
85.492,0,85476.000,70881,192000,3999.312,120.0,8,22,2,0.00000,0.00000,0.00000,0.00000,0.00000
85.492,1,85476.000,70881,192000,3999.312,120.0,8,22,2,0.00000,0.00000,0.00000,0.00000,0.00000
85.492,2,83494.000,167714,192000,3999.958,120.0,8,21,2,0.00000,0.00000,0.00000,0.00000,0.00000
85.593,0,85577.000,75721,192000,3999.479,120.0,8,22,2,0.00000,0.00000,0.00000,0.00000,0.00000
85.593,1,85577.000,75721,192000,3999.479,120.0,8,22,2,0.00000,0.00000,0.00000,0.00000,0.00000
85.593,2,83594.000,172554,192000,3999.125,120.0,8,21,2,0.00000,0.00000,0.00000,0.00000,0.00000
85.693,0,85678.000,80565,192000,3999.562,120.0,8,22,2,0.00000,0.00000,0.00000,0.00000,0.00000
85.693,1,85678.000,80565,192000,3999.562,120.0,8,22,2,0.00000,0.00000,0.00000,0.00000,0.00000
85.693,2,83695.000,177398,192000,3999.208,120.0,8,21,2,0.00000,0.00000,0.00000,0.00000,0.00000
85.796,0,85781.000,85499,192000,3999.771,120.0,8,22,2,0.00000,0.00000,0.00000,0.00000,0.00000
85.796,1,85781.000,85499,192000,3999.771,120.0,8,22,2,0.00000,0.00000,0.00000,0.00000,0.00000
85.796,2,83798.000,182332,192000,3999.417,120.0,8,21,2,0.00000,0.00000,0.00000,0.00000,0.00000
85.898,0,85882.000,90380,192000,3999.083,120.0,8,22,2,0.00000,0.00000,0.00000,0.00000,0.00000
85.898,1,85882.000,90380,192000,3999.083,120.0,8,22,2,0.00000,0.00000,0.00000,0.00000,0.00000
85.898,2,83900.000,187213,192000,3999.729,120.0,8,21,2,0.00000,0.00000,0.00000,0.00000,0.00000
86.001,0,85986.000,95339,192000,3999.771,120.0,8,22,2,0.00000,0.00000,0.00000,0.00000,0.00000
86.001,1,85986.000,95339,192000,3999.771,120.0,8,22,2,0.00000,0.00000,0.00000,0.00000,0.00000
86.001,2,84003.000,172,192000,3999.417,120.0,8,22,2,0.00000,0.00000,0.00000,0.00000,0.00000
86.103,0,86087.000,100211,192000,3999.271,120.0,8,22,2,0.00000,0.00000,0.00000,0.00000,0.00000
86.103,1,86087.000,100211,192000,3999.271,120.0,8,22,2,0.00000,0.00000,0.00000,0.00000,0.00000
86.103,2,84105.000,5044,192000,3999.917,120.0,8,22,2,0.00000,0.00000,0.00000,0.00000,0.00000
86.204,0,86188.000,105052,192000,3999.417,120.0,8,22,2,0.00000,0.00000,0.00000,0.00000,0.00000
86.204,1,86188.000,105052,192000,3999.417,120.0,8,22,2,0.00000,0.00000,0.00000,0.00000,0.00000
86.204,2,84205.000,9885,192000,3999.062,120.0,8,22,2,0.00000,0.00000,0.00000,0.00000,0.00000
86.305,0,86290.000,109938,192000,3999.625,120.0,8,22,2,0.00000,0.00000,0.00000,0.00000,0.00000
86.305,1,86290.000,109938,192000,3999.625,120.0,8,22,2,0.00000,0.00000,0.00000,0.00000,0.00000
86.305,2,84307.000,14771,192000,3999.271,120.0,8,22,2,0.00000,0.00000,0.00000,0.00000,0.00000
86.408,0,86393.000,114871,192000,3999.854,120.0,8,22,2,0.00000,0.00000,0.00000,0.00000,0.00000
86.408,1,86393.000,114871,192000,3999.854,120.0,8,22,2,0.00000,0.00000,0.00000,0.00000,0.00000
86.408,2,84410.000,19704,192000,3999.500,120.0,8,22,2,0.00000,0.00000,0.00000,0.00000,0.00000
86.510,0,86495.000,119768,192000,3999.833,120.0,8,22,2,0.00000,0.00000,0.00000,0.00000,0.00000
86.510,1,86495.000,119768,192000,3999.833,120.0,8,22,2,0.00000,0.00000,0.00000,0.00000,0.00000
86.510,2,84512.000,24601,192000,3999.479,120.0,8,22,2,0.00000,0.00000,0.00000,0.00000,0.00000
86.611,0,86596.000,124617,192000,3999.812,120.0,8,22,2,0.00000,0.00000,0.00000,0.00000,0.00000
86.611,1,86596.000,124617,192000,3999.812,120.0,8,22,2,0.00000,0.00000,0.00000,0.00000,0.00000
86.611,2,84613.000,29450,192000,3999.458,120.0,8,22,2,0.00000,0.00000,0.00000,0.00000,0.00000
86.711,0,86696.000,129419,192000,3999.771,120.0,8,22,2,0.00000,0.00000,0.00000,0.00000,0.00000
86.711,1,86696.000,129419,192000,3999.771,120.0,8,22,2,0.00000,0.00000,0.00000,0.00000,0.00000
86.711,2,84713.000,34252,192000,3999.417,120.0,8,22,2,0.00000,0.00000,0.00000,0.00000,0.00000
86.813,0,86798.000,134314,192000,3999.792,120.0,8,22,2,0.00000,0.00000,0.00000,0.00000,0.00000
86.813,1,86798.000,134314,192000,3999.792,120.0,8,22,2,0.00000,0.00000,0.00000,0.00000,0.00000
86.813,2,84815.000,39147,192000,3999.438,120.0,8,22,2,0.00000,0.00000,0.00000,0.00000,0.00000
86.916,0,86900.000,139235,192000,3999.271,120.0,8,22,2,0.00000,0.00000,0.00000,0.00000,0.00000
86.916,1,86900.000,139235,192000,3999.271,120.0,8,22,2,0.00000,0.00000,0.00000,0.00000,0.00000
86.916,2,84918.000,44068,192000,3999.917,120.0,8,22,2,0.00000,0.00000,0.00000,0.00000,0.00000
87.018,0,87002.000,144126,192000,3999.375,120.0,8,22,2,0.00000,0.00000,0.00000,0.00000,0.00000
87.018,1,87002.000,144126,192000,3999.375,120.0,8,22,2,0.00000,0.00000,0.00000,0.00000,0.00000
87.018,2,85019.000,48959,192000,3999.021,120.0,8,22,2,0.00000,0.00000,0.00000,0.00000,0.00000
87.119,0,87104.000,148995,192000,3999.938,120.0,8,22,2,0.00000,0.00000,0.00000,0.00000,0.00000
87.119,1,87104.000,148995,192000,3999.938,120.0,8,22,2,0.00000,0.00000,0.00000,0.00000,0.00000
87.119,2,85121.000,53828,192000,3999.583,120.0,8,22,2,0.00000,0.00000,0.00000,0.00000,0.00000
87.220,0,87205.000,153858,192000,3999.625,120.0,8,22,2,0.00000,0.00000,0.00000,0.00000,0.00000
87.220,1,87205.000,153858,192000,3999.625,120.0,8,22,2,0.00000,0.00000,0.00000,0.00000,0.00000
87.220,2,85222.000,58691,192000,3999.271,120.0,8,22,2,0.00000,0.00000,0.00000,0.00000,0.00000
87.323,0,87307.000,158774,192000,3999.208,120.0,8,22,2,0.00000,0.00000,0.00000,0.00000,0.00000
87.323,1,87307.000,158774,192000,3999.208,120.0,8,22,2,0.00000,0.00000,0.00000,0.00000,0.00000
87.323,2,85325.000,63607,192000,3999.854,120.0,8,22,2,0.00000,0.00000,0.00000,0.00000,0.00000
87.423,0,87408.000,163588,192000,3999.917,120.0,8,22,2,0.00000,0.00000,0.00000,0.00000,0.00000
87.423,1,87408.000,163588,192000,3999.917,120.0,8,22,2,0.00000,0.00000,0.00000,0.00000,0.00000
87.423,2,85425.000,68421,192000,3999.562,120.0,8,22,2,0.00000,0.00000,0.00000,0.00000,0.00000
87.525,0,87510.000,168485,192000,3999.896,120.0,8,22,2,0.00000,0.00000,0.00000,0.00000,0.00000
87.525,1,87510.000,168485,192000,3999.896,120.0,8,22,2,0.00000,0.00000,0.00000,0.00000,0.00000
87.525,2,85527.000,73318,192000,3999.542,120.0,8,22,2,0.00000,0.00000,0.00000,0.00000,0.00000
87.625,0,87610.000,173285,192000,3999.896,120.0,8,22,2,0.00000,0.00000,0.00000,0.00000,0.00000
87.625,1,87610.000,173285,192000,3999.896,120.0,8,22,2,0.00000,0.00000,0.00000,0.00000,0.00000
87.625,2,85627.000,78118,192000,3999.542,120.0,8,22,2,0.00000,0.00000,0.00000,0.00000,0.00000
87.726,0,87710.000,178115,192000,3999.271,120.0,8,22,2,0.00000,0.00000,0.00000,0.00000,0.00000
87.726,1,87710.000,178115,192000,3999.271,120.0,8,22,2,0.00000,0.00000,0.00000,0.00000,0.00000
87.726,2,85728.000,82948,192000,3999.917,120.0,8,22,2,0.00000,0.00000,0.00000,0.00000,0.00000
87.827,0,87812.000,182996,192000,3999.583,120.0,8,22,2,0.00000,0.00000,0.00000,0.00000,0.00000
87.827,1,87812.000,182996,192000,3999.583,120.0,8,22,2,0.00000,0.00000,0.00000,0.00000,0.00000
87.827,2,85829.000,87829,192000,3999.229,120.0,8,22,2,0.00000,0.00000,0.00000,0.00000,0.00000
87.930,0,87914.000,187894,192000,3999.542,120.0,8,22,2,0.00000,0.00000,0.00000,0.00000,0.00000
87.930,1,87914.000,187894,192000,3999.542,120.0,8,22,2,0.00000,0.00000,0.00000,0.00000,0.00000
87.930,2,85931.000,92727,192000,3999.188,120.0,8,22,2,0.00000,0.00000,0.00000,0.00000,0.00000
88.032,0,88017.000,820,192000,3999.917,120.0,8,23,2,0.00000,0.00000,0.00000,0.00000,0.00000
88.032,1,88017.000,820,192000,3999.917,120.0,8,23,2,0.00000,0.00000,0.00000,0.00000,0.00000
88.032,2,86034.000,97653,192000,3999.562,120.0,8,22,2,0.00000,0.00000,0.00000,0.00000,0.00000
88.135,0,88120.000,5781,192000,3999.562,120.0,8,23,2,0.00000,0.00000,0.00000,0.00000,0.00000
88.135,1,88120.000,5781,192000,3999.562,120.0,8,23,2,0.00000,0.00000,0.00000,0.00000,0.00000
88.135,2,86137.000,102614,192000,3999.208,120.0,8,22,2,0.00000,0.00000,0.00000,0.00000,0.00000
88.236,0,88221.000,10612,192000,3999.917,120.0,8,23,2,0.00000,0.00000,0.00000,0.00000,0.00000
88.236,1,88221.000,10612,192000,3999.917,120.0,8,23,2,0.00000,0.00000,0.00000,0.00000,0.00000
88.236,2,86238.000,107445,192000,3999.562,120.0,8,22,2,0.00000,0.00000,0.00000,0.00000,0.00000
88.336,0,88321.000,15422,192000,3999.708,120.0,8,23,2,0.00000,0.00000,0.00000,0.00000,0.00000
88.336,1,88321.000,15422,192000,3999.708,120.0,8,23,2,0.00000,0.00000,0.00000,0.00000,0.00000
88.336,2,86338.000,112255,192000,3999.354,120.0,8,22,2,0.00000,0.00000,0.00000,0.00000,0.00000
88.438,0,88423.000,20305,192000,3999.979,120.0,8,23,2,0.00000,0.00000,0.00000,0.00000,0.00000
88.438,1,88423.000,20305,192000,3999.979,120.0,8,23,2,0.00000,0.00000,0.00000,0.00000,0.00000
88.438,2,86440.000,117138,192000,3999.625,120.0,8,22,2,0.00000,0.00000,0.00000,0.00000,0.00000
88.539,0,88524.000,25156,192000,3999.917,120.0,8,23,2,0.00000,0.00000,0.00000,0.00000,0.00000
88.539,1,88524.000,25156,192000,3999.917,120.0,8,23,2,0.00000,0.00000,0.00000,0.00000,0.00000
88.539,2,86541.000,121989,192000,3999.562,120.0,8,22,2,0.00000,0.00000,0.00000,0.00000,0.00000
88.641,0,88626.000,30059,192000,3999.771,120.0,8,23,2,0.00000,0.00000,0.00000,0.00000,0.00000
88.641,1,88626.000,30059,192000,3999.771,120.0,8,23,2,0.00000,0.00000,0.00000,0.00000,0.00000
88.641,2,86643.000,126892,192000,3999.417,120.0,8,22,2,0.00000,0.00000,0.00000,0.00000,0.00000
88.742,0,88726.000,34877,192000,3999.396,120.0,8,23,2,0.00000,0.00000,0.00000,0.00000,0.00000
88.742,1,88726.000,34877,192000,3999.396,120.0,8,23,2,0.00000,0.00000,0.00000,0.00000,0.00000
88.742,2,86743.000,131710,192000,3999.042,120.0,8,22,2,0.00000,0.00000,0.00000,0.00000,0.00000
88.844,0,88828.000,39774,192000,3999.375,120.0,8,23,2,0.00000,0.00000,0.00000,0.00000,0.00000
88.844,1,88828.000,39774,192000,3999.375,120.0,8,23,2,0.00000,0.00000,0.00000,0.00000,0.00000
88.844,2,86845.000,136607,192000,3999.021,120.0,8,22,2,0.00000,0.00000,0.00000,0.00000,0.00000
88.945,0,88929.000,44615,192000,3999.521,120.0,8,23,2,0.00000,0.00000,0.00000,0.00000,0.00000
88.945,1,88929.000,44615,192000,3999.521,120.0,8,23,2,0.00000,0.00000,0.00000,0.00000,0.00000
88.945,2,86946.000,141448,192000,3999.167,120.0,8,22,2,0.00000,0.00000,0.00000,0.00000,0.00000
89.045,0,89030.000,49447,192000,3999.854,120.0,8,23,2,0.00000,0.00000,0.00000,0.00000,0.00000
89.045,1,89030.000,49447,192000,3999.854,120.0,8,23,2,0.00000,0.00000,0.00000,0.00000,0.00000
89.045,2,87047.000,146280,192000,3999.500,120.0,8,22,2,0.00000,0.00000,0.00000,0.00000,0.00000
89.146,0,89131.000,54302,192000,3999.708,120.0,8,23,2,0.00000,0.00000,0.00000,0.00000,0.00000
89.146,1,89131.000,54302,192000,3999.708,120.0,8,23,2,0.00000,0.00000,0.00000,0.00000,0.00000
89.146,2,87148.000,151135,192000,3999.354,120.0,8,22,2,0.00000,0.00000,0.00000,0.00000,0.00000
89.249,0,89234.000,59234,192000,3999.958,120.0,8,23,2,0.00000,0.00000,0.00000,0.00000,0.00000
89.249,1,89234.000,59234,192000,3999.958,120.0,8,23,2,0.00000,0.00000,0.00000,0.00000,0.00000
89.249,2,87251.000,156067,192000,3999.604,120.0,8,22,2,0.00000,0.00000,0.00000,0.00000,0.00000
89.352,0,89337.000,64176,192000,0.000,120.0,8,23,2,0.00000,0.00000,0.00000,0.00000,0.00000
89.352,1,89337.000,64176,192000,0.000,120.0,8,23,2,0.00000,0.00000,0.00000,0.00000,0.00000
89.352,2,87354.000,161009,192000,3999.646,120.0,8,22,2,0.00000,0.00000,0.00000,0.00000,0.00000
89.455,0,89439.000,69108,192000,3999.250,120.0,8,23,2,0.00000,0.00000,0.00000,0.00000,0.00000
89.455,1,89439.000,69108,192000,3999.250,120.0,8,23,2,0.00000,0.00000,0.00000,0.00000,0.00000
89.455,2,87457.000,165941,192000,3999.896,120.0,8,22,2,0.00000,0.00000,0.00000,0.00000,0.00000
89.555,0,89540.000,73937,192000,3999.646,120.0,8,23,2,0.00000,0.00000,0.00000,0.00000,0.00000
89.555,1,89540.000,73937,192000,3999.646,120.0,8,23,2,0.00000,0.00000,0.00000,0.00000,0.00000
89.555,2,87557.000,170770,192000,3999.292,120.0,8,22,2,0.00000,0.00000,0.00000,0.00000,0.00000
89.658,0,89642.000,78846,192000,3999.375,120.0,8,23,2,0.00000,0.00000,0.00000,0.00000,0.00000
89.658,1,89642.000,78846,192000,3999.375,120.0,8,23,2,0.00000,0.00000,0.00000,0.00000,0.00000
89.658,2,87659.000,175679,192000,3999.021,120.0,8,22,2,0.00000,0.00000,0.00000,0.00000,0.00000
89.759,0,89743.000,83686,192000,3999.542,120.0,8,23,2,0.00000,0.00000,0.00000,0.00000,0.00000
89.759,1,89743.000,83686,192000,3999.542,120.0,8,23,2,0.00000,0.00000,0.00000,0.00000,0.00000
89.759,2,87760.000,180519,192000,3999.188,120.0,8,22,2,0.00000,0.00000,0.00000,0.00000,0.00000
89.861,0,89845.000,88594,192000,3999.292,120.0,8,23,2,0.00000,0.00000,0.00000,0.00000,0.00000
89.861,1,89845.000,88594,192000,3999.292,120.0,8,23,2,0.00000,0.00000,0.00000,0.00000,0.00000
89.861,2,87863.000,185427,192000,3999.938,120.0,8,22,2,0.00000,0.00000,0.00000,0.00000,0.00000
89.962,0,89947.000,93466,192000,3999.792,120.0,8,23,2,0.00000,0.00000,0.00000,0.00000,0.00000
89.962,1,89947.000,93466,192000,3999.792,120.0,8,23,2,0.00000,0.00000,0.00000,0.00000,0.00000
89.962,2,87964.000,190299,192000,3999.438,120.0,8,22,2,0.00000,0.00000,0.00000,0.00000,0.00000
90.064,0,90048.000,98336,192000,3999.333,120.0,8,23,2,0.00000,0.00000,0.00000,0.00000,0.00000
90.064,1,90048.000,98336,192000,3999.333,120.0,8,23,2,0.00000,0.00000,0.00000,0.00000,0.00000
90.064,2,88066.000,3169,192000,3999.979,120.0,8,23,2,0.10483,0.10430,0.10483,0.00000,0.00000
90.166,0,90151.000,103261,192000,3999.729,120.0,8,23,2,0.00000,0.00000,0.00000,0.00000,0.00000
90.166,1,90151.000,103261,192000,3999.729,120.0,8,23,2,0.00000,0.00000,0.00000,0.00000,0.00000
90.166,2,88168.000,8094,192000,3999.375,120.0,8,23,2,0.06842,0.06807,0.06842,0.00000,0.00000
90.267,0,90252.000,108116,192000,3999.583,120.0,8,23,2,0.00000,0.00000,0.00000,0.00000,0.00000
90.267,1,90252.000,108116,192000,3999.583,120.0,8,23,2,0.00000,0.00000,0.00000,0.00000,0.00000
90.267,2,88269.000,12949,192000,3999.229,120.0,8,23,2,0.04492,0.04470,0.04492,0.00000,0.00000
90.368,0,90353.000,112948,192000,3999.917,120.0,8,23,2,0.00000,0.00000,0.00000,0.00000,0.00000
90.368,1,90353.000,112948,192000,3999.917,120.0,8,23,2,0.00000,0.00000,0.00000,0.00000,0.00000
90.368,2,88370.000,17781,192000,3999.562,120.0,8,23,2,0.02956,0.02941,0.02956,0.00000,0.00000
90.469,0,90454.000,117812,192000,3999.583,120.0,8,23,2,0.00000,0.00000,0.00000,0.00000,0.00000
90.469,1,90454.000,117812,192000,3999.583,120.0,8,23,2,0.00000,0.00000,0.00000,0.00000,0.00000
90.469,2,88471.000,22645,192000,3999.229,120.0,8,23,2,0.01939,0.01929,0.01939,0.00000,0.00000
90.572,0,90556.000,122732,192000,3999.083,120.0,8,23,2,0.00000,0.00000,0.00000,0.00000,0.00000
90.572,1,90556.000,122732,192000,3999.083,120.0,8,23,2,0.00000,0.00000,0.00000,0.00000,0.00000
90.572,2,88574.000,27565,192000,3999.729,120.0,8,23,2,0.01266,0.01260,0.01266,0.00000,0.00000
90.674,0,90658.000,127607,192000,3999.521,120.0,8,23,2,0.00000,0.00000,0.00000,0.00000,0.00000
90.674,1,90658.000,127607,192000,3999.521,120.0,8,23,2,0.00000,0.00000,0.00000,0.00000,0.00000
90.674,2,88675.000,32440,192000,3999.167,120.0,8,23,2,0.00830,0.00826,0.00830,0.00000,0.00000
90.775,0,90759.000,132462,192000,3999.375,120.0,8,23,2,0.00000,0.00000,0.00000,0.00000,0.00000
90.775,1,90759.000,132462,192000,3999.375,120.0,8,23,2,0.00000,0.00000,0.00000,0.00000,0.00000
90.775,2,88776.000,37295,192000,3999.021,120.0,8,23,2,0.00545,0.00542,0.00545,0.00000,0.00000
90.877,0,90862.000,137393,192000,3999.646,120.0,8,23,2,0.00000,0.00000,0.00000,0.00000,0.00000
90.877,1,90862.000,137393,192000,3999.646,120.0,8,23,2,0.00000,0.00000,0.00000,0.00000,0.00000
90.877,2,88879.000,42226,192000,3999.292,120.0,8,23,2,0.00355,0.00354,0.00355,0.00000,0.00000
90.979,0,90963.000,142255,192000,3999.354,120.0,8,23,2,0.00000,0.00000,0.00000,0.00000,0.00000
90.979,1,90963.000,142255,192000,3999.354,120.0,8,23,2,0.00000,0.00000,0.00000,0.00000,0.00000
90.979,2,88981.000,47088,192000,0.000,120.0,8,23,2,0.00233,0.00232,0.00233,0.00000,0.00000
91.079,0,91063.000,147062,192000,3999.208,120.0,8,23,2,0.00000,0.00000,0.00000,0.00000,0.00000
91.079,1,91063.000,147062,192000,3999.208,120.0,8,23,2,0.00000,0.00000,0.00000,0.00000,0.00000
91.079,2,89081.000,51895,192000,3999.854,120.0,8,23,2,0.00154,0.00153,0.00154,0.00000,0.00000
91.180,0,91165.000,151932,192000,3999.750,120.0,8,23,2,0.00000,0.00000,0.00000,0.00000,0.00000
91.180,1,91165.000,151932,192000,3999.750,120.0,8,23,2,0.00000,0.00000,0.00000,0.00000,0.00000
91.180,2,89182.000,56765,192000,3999.396,120.0,8,23,2,0.00101,0.00100,0.00101,0.00000,0.00000
91.281,0,91266.000,156771,192000,3999.938,120.0,8,23,2,0.00000,0.00000,0.00000,0.00000,0.00000
91.281,1,91266.000,156771,192000,3999.938,120.0,8,23,2,0.00000,0.00000,0.00000,0.00000,0.00000
91.281,2,89283.000,61604,192000,3999.583,120.0,8,23,2,0.00066,0.00066,0.00066,0.00000,0.00000
91.381,0,91366.000,161580,192000,3999.750,120.0,8,23,2,0.00000,0.00000,0.00000,0.00000,0.00000
91.381,1,91366.000,161580,192000,3999.750,120.0,8,23,2,0.00000,0.00000,0.00000,0.00000,0.00000
91.381,2,89383.000,66413,192000,3999.396,120.0,8,23,2,0.00044,0.00044,0.00044,0.00000,0.00000
91.483,0,91467.000,166454,192000,3999.208,120.0,8,23,2,0.00000,0.00000,0.00000,0.00000,0.00000
91.483,1,91467.000,166454,192000,3999.208,120.0,8,23,2,0.00000,0.00000,0.00000,0.00000,0.00000
91.483,2,89485.000,71287,192000,3999.854,120.0,8,23,2,0.00029,0.00029,0.00029,0.00000,0.00000
91.584,0,91569.000,171315,192000,3999.938,120.0,8,23,2,0.00000,0.00000,0.00000,0.00000,0.00000
91.584,1,91569.000,171315,192000,3999.938,120.0,8,23,2,0.00000,0.00000,0.00000,0.00000,0.00000
91.584,2,89586.000,76148,192000,3999.583,120.0,8,23,2,0.00019,0.00019,0.00019,0.00000,0.00000
91.685,0,91669.000,176143,192000,3999.354,120.0,8,23,2,0.00000,0.00000,0.00000,0.00000,0.00000
91.685,1,91669.000,176143,192000,3999.354,120.0,8,23,2,0.00000,0.00000,0.00000,0.00000,0.00000
91.685,2,89687.000,80976,192000,0.000,120.0,8,23,2,0.00012,0.00012,0.00012,0.00000,0.00000
91.785,0,91770.000,180961,192000,3999.979,120.0,8,23,2,0.00000,0.00000,0.00000,0.00000,0.00000
91.785,1,91770.000,180961,192000,3999.979,120.0,8,23,2,0.00000,0.00000,0.00000,0.00000,0.00000
91.785,2,89787.000,85794,192000,3999.625,120.0,8,23,2,0.00008,0.00008,0.00008,0.00000,0.00000
91.886,0,91870.000,185807,192000,3999.021,120.0,8,23,2,0.00000,0.00000,0.00000,0.00000,0.00000
91.886,1,91870.000,185807,192000,3999.021,120.0,8,23,2,0.00000,0.00000,0.00000,0.00000,0.00000
91.886,2,89888.000,90640,192000,3999.667,120.0,8,23,2,0.00005,0.00005,0.00005,0.00000,0.00000
91.988,0,91973.000,190723,192000,3999.604,120.0,8,23,2,0.00000,0.00000,0.00000,0.00000,0.00000
91.988,1,91973.000,190723,192000,3999.604,120.0,8,23,2,0.00000,0.00000,0.00000,0.00000,0.00000
91.988,2,89990.000,95556,192000,3999.250,120.0,8,23,2,0.00004,0.00003,0.00004,0.00000,0.00000
92.090,0,92075.000,3601,192000,3999.979,120.0,8,24,2,0.10096,0.10087,0.10096,0.00000,0.00000
92.090,1,92075.000,3601,192000,3999.979,120.0,8,24,2,0.10087,0.10087,0.10081,0.00000,0.00000
92.090,2,90092.000,100434,192000,3999.625,120.0,8,23,2,0.00002,0.00002,0.00002,0.00000,0.00000
92.191,0,92176.000,8465,192000,3999.646,120.0,8,24,2,0.06624,0.06618,0.06624,0.00000,0.00000
92.191,1,92176.000,8465,192000,3999.646,120.0,8,24,2,0.06618,0.06618,0.06614,0.00000,0.00000
92.191,2,90193.000,105298,192000,3999.292,120.0,8,23,2,0.00002,0.00001,0.00002,0.00000,0.00000
92.292,0,92276.000,13275,192000,3999.438,120.0,8,24,2,0.04367,0.04362,0.04367,0.00000,0.00000
92.292,1,92276.000,13275,192000,3999.438,120.0,8,24,2,0.04362,0.04362,0.04360,0.00000,0.00000
92.292,2,90293.000,110108,192000,3999.083,120.0,8,23,2,0.00001,0.00001,0.00001,0.00000,0.00000
92.393,0,92377.000,18118,192000,3999.542,120.0,8,24,2,0.02870,0.02867,0.02870,0.00000,0.00000
92.393,1,92377.000,18118,192000,3999.542,120.0,8,24,2,0.02867,0.02867,0.02866,0.00000,0.00000
92.393,2,90394.000,114951,192000,3999.188,120.0,8,23,2,0.00001,0.00001,0.00001,0.00000,0.00000
92.493,0,92478.000,22949,192000,3999.896,120.0,8,24,2,0.01889,0.01887,0.01889,0.00000,0.00000
92.493,1,92478.000,22949,192000,3999.896,120.0,8,24,2,0.01887,0.01887,0.01886,0.00000,0.00000
92.493,2,90495.000,119782,192000,3999.542,120.0,8,23,2,0.00000,0.00000,0.00000,0.00000,0.00000
92.596,0,92580.000,27862,192000,3999.542,120.0,8,24,2,0.01234,0.01233,0.01234,0.00000,0.00000
92.596,1,92580.000,27862,192000,3999.542,120.0,8,24,2,0.01233,0.01233,0.01232,0.00000,0.00000
92.596,2,90597.000,124695,192000,3999.188,120.0,8,23,2,0.00000,0.00000,0.00000,0.00000,0.00000
92.697,0,92681.000,32729,192000,3999.146,120.0,8,24,2,0.00809,0.00809,0.00809,0.00000,0.00000
92.697,1,92681.000,32729,192000,3999.146,120.0,8,24,2,0.00809,0.00809,0.00808,0.00000,0.00000
92.697,2,90699.000,129562,192000,3999.792,120.0,8,23,2,0.00000,0.00000,0.00000,0.00000,0.00000
92.799,0,92784.000,37647,192000,3999.688,120.0,8,24,2,0.00529,0.00528,0.00529,0.00000,0.00000
92.799,1,92784.000,37647,192000,3999.688,120.0,8,24,2,0.00528,0.00528,0.00528,0.00000,0.00000
92.799,2,90801.000,134480,192000,3999.333,120.0,8,23,2,0.00000,0.00000,0.00000,0.00000,0.00000
92.902,0,92887.000,42577,192000,3999.979,120.0,8,24,2,0.00345,0.00344,0.00345,0.00000,0.00000
92.902,1,92887.000,42577,192000,3999.979,120.0,8,24,2,0.00344,0.00344,0.00344,0.00000,0.00000
92.902,2,90904.000,139410,192000,3999.625,120.0,8,23,2,0.00000,0.00000,0.00000,0.00000,0.00000
93.004,0,92988.000,47456,192000,3999.333,120.0,8,24,2,0.00226,0.00226,0.00226,0.00000,0.00000
93.004,1,92988.000,47456,192000,3999.333,120.0,8,24,2,0.00226,0.00226,0.00226,0.00000,0.00000
93.004,2,91006.000,144289,192000,3999.979,120.0,8,23,2,0.00000,0.00000,0.00000,0.00000,0.00000
93.104,0,93089.000,52279,192000,3999.854,120.0,8,24,2,0.00149,0.00149,0.00149,0.00000,0.00000
93.104,1,93089.000,52279,192000,3999.854,120.0,8,24,2,0.00149,0.00149,0.00149,0.00000,0.00000
93.104,2,91106.000,149112,192000,3999.500,120.0,8,23,2,0.00000,0.00000,0.00000,0.00000,0.00000
93.205,0,93190.000,57133,192000,3999.729,120.0,8,24,2,0.00098,0.00098,0.00098,0.00000,0.00000
93.205,1,93190.000,57133,192000,3999.729,120.0,8,24,2,0.00098,0.00098,0.00098,0.00000,0.00000
93.205,2,91207.000,153966,192000,3999.375,120.0,8,23,2,0.00000,0.00000,0.00000,0.00000,0.00000
93.307,0,93292.000,62018,192000,3999.958,120.0,8,24,2,0.00064,0.00064,0.00064,0.00000,0.00000
93.307,1,93292.000,62018,192000,3999.958,120.0,8,24,2,0.00064,0.00064,0.00064,0.00000,0.00000
93.307,2,91309.000,158851,192000,3999.604,120.0,8,23,2,0.00000,0.00000,0.00000,0.00000,0.00000
93.408,0,93392.000,66863,192000,3999.021,120.0,8,24,2,0.00042,0.00042,0.00042,0.00000,0.00000
93.408,1,93392.000,66863,192000,3999.021,120.0,8,24,2,0.00042,0.00042,0.00042,0.00000,0.00000
93.408,2,91410.000,163696,192000,3999.667,120.0,8,23,2,0.00000,0.00000,0.00000,0.00000,0.00000
93.509,0,93493.000,71709,192000,3999.062,120.0,8,24,2,0.00028,0.00028,0.00028,0.00000,0.00000
93.509,1,93493.000,71709,192000,3999.062,120.0,8,24,2,0.00028,0.00028,0.00028,0.00000,0.00000
93.509,2,91511.000,168542,192000,3999.708,120.0,8,23,2,0.00000,0.00000,0.00000,0.00000,0.00000
93.610,0,93594.000,76538,192000,3999.458,120.0,8,24,2,0.00018,0.00018,0.00018,0.00000,0.00000
93.610,1,93594.000,76538,192000,3999.458,120.0,8,24,2,0.00018,0.00018,0.00018,0.00000,0.00000
93.610,2,91611.000,173371,192000,3999.104,120.0,8,23,2,0.00000,0.00000,0.00000,0.00000,0.00000
93.711,0,93696.000,81409,192000,3999.979,120.0,8,24,2,0.00012,0.00012,0.00012,0.00000,0.00000
93.711,1,93696.000,81409,192000,3999.979,120.0,8,24,2,0.00012,0.00012,0.00012,0.00000,0.00000
93.711,2,91713.000,178242,192000,3999.625,120.0,8,23,2,0.00000,0.00000,0.00000,0.00000,0.00000
93.812,0,93797.000,86257,192000,3999.979,120.0,8,24,2,0.00008,0.00008,0.00008,0.00000,0.00000
93.812,1,93797.000,86257,192000,3999.979,120.0,8,24,2,0.00008,0.00008,0.00008,0.00000,0.00000
93.812,2,91814.000,183090,192000,3999.625,120.0,8,23,2,0.00000,0.00000,0.00000,0.00000,0.00000
93.914,0,93899.000,91160,192000,3999.833,120.0,8,24,2,0.00005,0.00005,0.00005,0.00000,0.00000
93.914,1,93899.000,91160,192000,3999.833,120.0,8,24,2,0.00005,0.00005,0.00005,0.00000,0.00000
93.914,2,91916.000,187993,192000,3999.479,120.0,8,23,2,0.00000,0.00000,0.00000,0.00000,0.00000
94.014,0,93999.000,95965,192000,3999.729,120.0,8,24,2,0.00003,0.00003,0.00003,0.00000,0.00000
94.014,1,93999.000,95965,192000,3999.729,120.0,8,24,2,0.00003,0.00003,0.00003,0.00000,0.00000
94.014,2,92016.000,798,192000,3999.375,120.0,8,24,2,0.00000,0.00000,0.00000,0.00000,0.00000
94.116,0,94100.000,100840,192000,3999.167,120.0,8,24,2,0.00002,0.00002,0.00002,0.00000,0.00000
94.116,1,94100.000,100840,192000,3999.167,120.0,8,24,2,0.00002,0.00002,0.00002,0.00000,0.00000
94.116,2,92118.000,5673,192000,3999.812,120.0,8,24,2,0.00000,0.00000,0.00000,0.00000,0.00000
94.219,0,94203.000,105766,192000,3999.542,120.0,8,24,2,0.00001,0.00001,0.00001,0.00000,0.00000
94.219,1,94203.000,105766,192000,3999.542,120.0,8,24,2,0.00001,0.00001,0.00001,0.00000,0.00000
94.219,2,92220.000,10599,192000,3999.188,120.0,8,24,2,0.00000,0.00000,0.00000,0.00000,0.00000
94.319,0,94304.000,110593,192000,3999.979,120.0,8,24,2,0.00001,0.00001,0.00001,0.00000,0.00000
94.319,1,94304.000,110593,192000,3999.979,120.0,8,24,2,0.00001,0.00001,0.00001,0.00000,0.00000
94.319,2,92321.000,15426,192000,3999.625,120.0,8,24,2,0.00000,0.00000,0.00000,0.00000,0.00000
94.420,0,94405.000,115440,192000,0.000,120.0,8,24,2,0.00001,0.00001,0.00001,0.00000,0.00000
94.420,1,94405.000,115440,192000,0.000,120.0,8,24,2,0.00001,0.00001,0.00001,0.00000,0.00000
94.420,2,92422.000,20273,192000,3999.646,120.0,8,24,2,0.00000,0.00000,0.00000,0.00000,0.00000
94.520,0,94505.000,120244,192000,3999.917,120.0,8,24,2,0.00000,0.00000,0.00000,0.00000,0.00000
94.520,1,94505.000,120244,192000,3999.917,120.0,8,24,2,0.00000,0.00000,0.00000,0.00000,0.00000
94.520,2,92522.000,25077,192000,3999.562,120.0,8,24,2,0.00000,0.00000,0.00000,0.00000,0.00000
94.621,0,94606.000,125103,192000,3999.688,120.0,8,24,2,0.00000,0.00000,0.00000,0.00000,0.00000
94.621,1,94606.000,125103,192000,3999.688,120.0,8,24,2,0.00000,0.00000,0.00000,0.00000,0.00000
94.621,2,92623.000,29936,192000,3999.333,120.0,8,24,2,0.00000,0.00000,0.00000,0.00000,0.00000
94.723,0,94708.000,129991,192000,3999.854,120.0,8,24,2,0.00000,0.00000,0.00000,0.00000,0.00000
94.723,1,94708.000,129991,192000,3999.854,120.0,8,24,2,0.00000,0.00000,0.00000,0.00000,0.00000
94.723,2,92725.000,34824,192000,3999.500,120.0,8,24,2,0.00000,0.00000,0.00000,0.00000,0.00000
94.824,0,94808.000,134809,192000,3999.479,120.0,8,24,2,0.00000,0.00000,0.00000,0.00000,0.00000
94.824,1,94808.000,134809,192000,3999.479,120.0,8,24,2,0.00000,0.00000,0.00000,0.00000,0.00000
94.824,2,92825.000,39642,192000,3999.125,120.0,8,24,2,0.00000,0.00000,0.00000,0.00000,0.00000
94.925,0,94910.000,139698,192000,3999.625,120.0,8,24,2,0.00000,0.00000,0.00000,0.00000,0.00000
94.925,1,94910.000,139698,192000,3999.625,120.0,8,24,2,0.00000,0.00000,0.00000,0.00000,0.00000
94.925,2,92927.000,44531,192000,3999.271,120.0,8,24,2,0.00000,0.00000,0.00000,0.00000,0.00000
95.028,0,95013.000,144630,192000,3999.875,120.0,8,24,2,0.00000,0.00000,0.00000,0.00000,0.00000
95.028,1,95013.000,144630,192000,3999.875,120.0,8,24,2,0.00000,0.00000,0.00000,0.00000,0.00000
95.028,2,93030.000,49463,192000,3999.521,120.0,8,24,2,0.00000,0.00000,0.00000,0.00000,0.00000
95.131,0,95115.000,149561,192000,3999.146,120.0,8,24,2,0.00000,0.00000,0.00000,0.00000,0.00000
95.131,1,95115.000,149561,192000,3999.146,120.0,8,24,2,0.00000,0.00000,0.00000,0.00000,0.00000
95.131,2,93133.000,54394,192000,3999.792,120.0,8,24,2,0.00000,0.00000,0.00000,0.00000,0.00000
95.232,0,95217.000,154431,192000,3999.688,120.0,8,24,2,0.00000,0.00000,0.00000,0.00000,0.00000
95.232,1,95217.000,154431,192000,3999.688,120.0,8,24,2,0.00000,0.00000,0.00000,0.00000,0.00000
95.232,2,93234.000,59264,192000,3999.333,120.0,8,24,2,0.00000,0.00000,0.00000,0.00000,0.00000
95.335,0,95320.000,159369,192000,3999.812,120.0,8,24,2,0.00000,0.00000,0.00000,0.00000,0.00000
95.335,1,95320.000,159369,192000,3999.812,120.0,8,24,2,0.00000,0.00000,0.00000,0.00000,0.00000
95.335,2,93337.000,64202,192000,3999.458,120.0,8,24,2,0.00000,0.00000,0.00000,0.00000,0.00000
95.436,0,95421.000,164219,192000,3999.771,120.0,8,24,2,0.00000,0.00000,0.00000,0.00000,0.00000
95.436,1,95421.000,164219,192000,3999.771,120.0,8,24,2,0.00000,0.00000,0.00000,0.00000,0.00000
95.436,2,93438.000,69052,192000,3999.417,120.0,8,24,2,0.00000,0.00000,0.00000,0.00000,0.00000
95.538,0,95523.000,169123,192000,3999.604,120.0,8,24,2,0.00000,0.00000,0.00000,0.00000,0.00000
95.538,1,95523.000,169123,192000,3999.604,120.0,8,24,2,0.00000,0.00000,0.00000,0.00000,0.00000
95.538,2,93540.000,73956,192000,3999.250,120.0,8,24,2,0.00000,0.00000,0.00000,0.00000,0.00000
95.640,0,95624.000,173978,192000,3999.458,120.0,8,24,2,0.00000,0.00000,0.00000,0.00000,0.00000
95.640,1,95624.000,173978,192000,3999.458,120.0,8,24,2,0.00000,0.00000,0.00000,0.00000,0.00000
95.640,2,93641.000,78811,192000,3999.104,120.0,8,24,2,0.00000,0.00000,0.00000,0.00000,0.00000
95.741,0,95726.000,178855,192000,3999.854,120.0,8,24,2,0.00000,0.00000,0.00000,0.00000,0.00000
95.741,1,95726.000,178855,192000,3999.854,120.0,8,24,2,0.00000,0.00000,0.00000,0.00000,0.00000
95.741,2,93743.000,83688,192000,3999.500,120.0,8,24,2,0.00000,0.00000,0.00000,0.00000,0.00000
95.841,0,95826.000,183668,192000,3999.583,120.0,8,24,2,0.00000,0.00000,0.00000,0.00000,0.00000
95.841,1,95826.000,183668,192000,3999.583,120.0,8,24,2,0.00000,0.00000,0.00000,0.00000,0.00000
95.841,2,93843.000,88501,192000,3999.229,120.0,8,24,2,0.00000,0.00000,0.00000,0.00000,0.00000
95.944,0,95928.000,188590,192000,3999.042,120.0,8,24,2,0.00000,0.00000,0.00000,0.00000,0.00000
95.944,1,95928.000,188590,192000,3999.042,120.0,8,24,2,0.00000,0.00000,0.00000,0.00000,0.00000
95.944,2,93946.000,93423,192000,3999.688,120.0,8,24,2,0.00000,0.00000,0.00000,0.00000,0.00000
96.046,0,96030.000,1487,192000,3999.021,120.0,8,25,2,0.00000,0.00000,0.00000,0.00000,0.00000
96.046,1,96030.000,1487,192000,3999.021,120.0,8,25,2,0.00000,0.00000,0.00000,0.00000,0.00000
96.046,2,94048.000,98320,192000,3999.667,120.0,8,24,2,0.00000,0.00000,0.00000,0.00000,0.00000
96.147,0,96131.000,6322,192000,3999.292,120.0,8,25,2,0.00000,0.00000,0.00000,0.00000,0.00000
96.147,1,96131.000,6322,192000,3999.292,120.0,8,25,2,0.00000,0.00000,0.00000,0.00000,0.00000
96.147,2,94149.000,103155,192000,3999.938,120.0,8,24,2,0.00000,0.00000,0.00000,0.00000,0.00000
96.249,0,96233.000,11212,192000,3999.417,120.0,8,25,2,0.00000,0.00000,0.00000,0.00000,0.00000
96.249,1,96233.000,11212,192000,3999.417,120.0,8,25,2,0.00000,0.00000,0.00000,0.00000,0.00000
96.249,2,94250.000,108045,192000,3999.062,120.0,8,24,2,0.00000,0.00000,0.00000,0.00000,0.00000
96.349,0,96334.000,16048,192000,3999.667,120.0,8,25,2,0.00000,0.00000,0.00000,0.00000,0.00000
96.349,1,96334.000,16048,192000,3999.667,120.0,8,25,2,0.00000,0.00000,0.00000,0.00000,0.00000
96.349,2,94351.000,112881,192000,3999.312,120.0,8,24,2,0.00000,0.00000,0.00000,0.00000,0.00000
96.451,0,96436.000,20948,192000,3999.583,120.0,8,25,2,0.00000,0.00000,0.00000,0.00000,0.00000
96.451,1,96436.000,20948,192000,3999.583,120.0,8,25,2,0.00000,0.00000,0.00000,0.00000,0.00000
96.451,2,94453.000,117781,192000,3999.229,120.0,8,24,2,0.00000,0.00000,0.00000,0.00000,0.00000
96.554,0,96538.000,25868,192000,3999.083,120.0,8,25,2,0.00000,0.00000,0.00000,0.00000,0.00000
96.554,1,96538.000,25868,192000,3999.083,120.0,8,25,2,0.00000,0.00000,0.00000,0.00000,0.00000
96.554,2,94556.000,122701,192000,3999.729,120.0,8,24,2,0.00000,0.00000,0.00000,0.00000,0.00000
96.657,0,96641.000,30805,192000,3999.229,120.0,8,25,2,0.00000,0.00000,0.00000,0.00000,0.00000
96.657,1,96641.000,30805,192000,3999.229,120.0,8,25,2,0.00000,0.00000,0.00000,0.00000,0.00000
96.657,2,94659.000,127638,192000,3999.875,120.0,8,24,2,0.00000,0.00000,0.00000,0.00000,0.00000
96.760,0,96744.000,35747,192000,3999.271,120.0,8,25,2,0.00000,0.00000,0.00000,0.00000,0.00000
96.760,1,96744.000,35747,192000,3999.271,120.0,8,25,2,0.00000,0.00000,0.00000,0.00000,0.00000
96.760,2,94762.000,132580,192000,3999.917,120.0,8,24,2,0.00000,0.00000,0.00000,0.00000,0.00000
96.861,0,96845.000,40588,192000,3999.417,120.0,8,25,2,0.00000,0.00000,0.00000,0.00000,0.00000
96.861,1,96845.000,40588,192000,3999.417,120.0,8,25,2,0.00000,0.00000,0.00000,0.00000,0.00000
96.861,2,94862.000,137421,192000,3999.062,120.0,8,24,2,0.00000,0.00000,0.00000,0.00000,0.00000
96.961,0,96946.000,45429,192000,3999.562,120.0,8,25,2,0.00000,0.00000,0.00000,0.00000,0.00000
96.961,1,96946.000,45429,192000,3999.562,120.0,8,25,2,0.00000,0.00000,0.00000,0.00000,0.00000
96.961,2,94963.000,142262,192000,3999.208,120.0,8,24,2,0.00000,0.00000,0.00000,0.00000,0.00000
97.063,0,97048.000,50315,192000,3999.771,120.0,8,25,2,0.00000,0.00000,0.00000,0.00000,0.00000
97.063,1,97048.000,50315,192000,3999.771,120.0,8,25,2,0.00000,0.00000,0.00000,0.00000,0.00000
97.063,2,95065.000,147148,192000,3999.417,120.0,8,24,2,0.00000,0.00000,0.00000,0.00000,0.00000
97.164,0,97149.000,55168,192000,3999.667,120.0,8,25,2,0.00000,0.00000,0.00000,0.00000,0.00000
97.164,1,97149.000,55168,192000,3999.667,120.0,8,25,2,0.00000,0.00000,0.00000,0.00000,0.00000
97.164,2,95166.000,152001,192000,3999.312,120.0,8,24,2,0.00000,0.00000,0.00000,0.00000,0.00000
97.267,0,97251.000,60081,192000,3999.312,120.0,8,25,2,0.00000,0.00000,0.00000,0.00000,0.00000
97.267,1,97251.000,60081,192000,3999.312,120.0,8,25,2,0.00000,0.00000,0.00000,0.00000,0.00000
97.267,2,95269.000,156914,192000,3999.958,120.0,8,24,2,0.00000,0.00000,0.00000,0.00000,0.00000
97.368,0,97353.000,64956,192000,3999.750,120.0,8,25,2,0.00000,0.00000,0.00000,0.00000,0.00000
97.368,1,97353.000,64956,192000,3999.750,120.0,8,25,2,0.00000,0.00000,0.00000,0.00000,0.00000
97.368,2,95370.000,161789,192000,3999.396,120.0,8,24,2,0.00000,0.00000,0.00000,0.00000,0.00000
97.471,0,97455.000,69887,192000,3999.021,120.0,8,25,2,0.00000,0.00000,0.00000,0.00000,0.00000
97.471,1,97455.000,69887,192000,3999.021,120.0,8,25,2,0.00000,0.00000,0.00000,0.00000,0.00000
97.471,2,95473.000,166720,192000,3999.667,120.0,8,24,2,0.00000,0.00000,0.00000,0.00000,0.00000
97.572,0,97557.000,74753,192000,3999.646,120.0,8,25,2,0.00000,0.00000,0.00000,0.00000,0.00000
97.572,1,97557.000,74753,192000,3999.646,120.0,8,25,2,0.00000,0.00000,0.00000,0.00000,0.00000
97.572,2,95574.000,171586,192000,3999.292,120.0,8,24,2,0.00000,0.00000,0.00000,0.00000,0.00000
97.673,0,97658.000,79586,192000,3999.958,120.0,8,25,2,0.00000,0.00000,0.00000,0.00000,0.00000
97.673,1,97658.000,79586,192000,3999.958,120.0,8,25,2,0.00000,0.00000,0.00000,0.00000,0.00000
97.673,2,95675.000,176419,192000,3999.604,120.0,8,24,2,0.00000,0.00000,0.00000,0.00000,0.00000
97.776,0,97761.000,84528,192000,0.000,120.0,8,25,2,0.00000,0.00000,0.00000,0.00000,0.00000
97.776,1,97761.000,84528,192000,0.000,120.0,8,25,2,0.00000,0.00000,0.00000,0.00000,0.00000
97.776,2,95778.000,181361,192000,3999.646,120.0,8,24,2,0.00000,0.00000,0.00000,0.00000,0.00000
97.877,0,97862.000,89397,192000,3999.562,120.0,8,25,2,0.00000,0.00000,0.00000,0.00000,0.00000
97.877,1,97862.000,89397,192000,3999.562,120.0,8,25,2,0.00000,0.00000,0.00000,0.00000,0.00000
97.877,2,95879.000,186230,192000,3999.208,120.0,8,24,2,0.00000,0.00000,0.00000,0.00000,0.00000
97.980,0,97964.000,94310,192000,3999.208,120.0,8,25,2,0.00000,0.00000,0.00000,0.00000,0.00000
97.980,1,97964.000,94310,192000,3999.208,120.0,8,25,2,0.00000,0.00000,0.00000,0.00000,0.00000
97.980,2,95982.000,191143,192000,3999.854,120.0,8,24,2,0.00000,0.00000,0.00000,0.00000,0.00000
98.081,0,98066.000,99172,192000,3999.917,120.0,8,25,2,0.00000,0.00000,0.00000,0.00000,0.00000
98.081,1,98066.000,99172,192000,3999.917,120.0,8,25,2,0.00000,0.00000,0.00000,0.00000,0.00000
98.081,2,96083.000,4005,192000,3999.562,120.0,8,25,2,0.00000,0.00000,0.00000,0.00000,0.00000
98.184,0,98168.000,104102,192000,3999.208,120.0,8,25,2,0.00000,0.00000,0.00000,0.00000,0.00000
98.184,1,98168.000,104102,192000,3999.208,120.0,8,25,2,0.00000,0.00000,0.00000,0.00000,0.00000
98.184,2,96186.000,8935,192000,3999.854,120.0,8,25,2,0.00000,0.00000,0.00000,0.00000,0.00000
98.286,0,98271.000,109027,192000,3999.604,120.0,8,25,2,0.00000,0.00000,0.00000,0.00000,0.00000
98.286,1,98271.000,109027,192000,3999.604,120.0,8,25,2,0.00000,0.00000,0.00000,0.00000,0.00000
98.286,2,96288.000,13860,192000,3999.250,120.0,8,25,2,0.00000,0.00000,0.00000,0.00000,0.00000
98.389,0,98374.000,113961,192000,3999.812,120.0,8,25,2,0.00000,0.00000,0.00000,0.00000,0.00000
98.389,1,98374.000,113961,192000,3999.812,120.0,8,25,2,0.00000,0.00000,0.00000,0.00000,0.00000
98.389,2,96391.000,18794,192000,3999.458,120.0,8,25,2,0.00000,0.00000,0.00000,0.00000,0.00000
98.491,0,98476.000,118863,192000,3999.688,120.0,8,25,2,0.00000,0.00000,0.00000,0.00000,0.00000
98.491,1,98476.000,118863,192000,3999.688,120.0,8,25,2,0.00000,0.00000,0.00000,0.00000,0.00000
98.491,2,96493.000,23696,192000,3999.333,120.0,8,25,2,0.00000,0.00000,0.00000,0.00000,0.00000
98.594,0,98578.000,123785,192000,3999.146,120.0,8,25,2,0.00000,0.00000,0.00000,0.00000,0.00000
98.594,1,98578.000,123785,192000,3999.146,120.0,8,25,2,0.00000,0.00000,0.00000,0.00000,0.00000
98.594,2,96596.000,28618,192000,3999.792,120.0,8,25,2,0.00000,0.00000,0.00000,0.00000,0.00000
98.695,0,98679.000,128635,192000,3999.104,120.0,8,25,2,0.00000,0.00000,0.00000,0.00000,0.00000
98.695,1,98679.000,128635,192000,3999.104,120.0,8,25,2,0.00000,0.00000,0.00000,0.00000,0.00000
98.695,2,96697.000,33468,192000,3999.750,120.0,8,25,2,0.00000,0.00000,0.00000,0.00000,0.00000
98.798,0,98782.000,133559,192000,3999.521,120.0,8,25,2,0.00000,0.00000,0.00000,0.00000,0.00000
98.798,1,98782.000,133559,192000,3999.521,120.0,8,25,2,0.00000,0.00000,0.00000,0.00000,0.00000
98.798,2,96799.000,38392,192000,3999.167,120.0,8,25,2,0.00000,0.00000,0.00000,0.00000,0.00000
98.900,0,98885.000,138481,192000,3999.979,120.0,8,25,2,0.00000,0.00000,0.00000,0.00000,0.00000
98.900,1,98885.000,138481,192000,3999.979,120.0,8,25,2,0.00000,0.00000,0.00000,0.00000,0.00000
98.900,2,96902.000,43314,192000,3999.625,120.0,8,25,2,0.00000,0.00000,0.00000,0.00000,0.00000
99.001,0,98986.000,143335,192000,3999.854,120.0,8,25,2,0.00000,0.00000,0.00000,0.00000,0.00000
99.001,1,98986.000,143335,192000,3999.854,120.0,8,25,2,0.00000,0.00000,0.00000,0.00000,0.00000
99.001,2,97003.000,48168,192000,3999.500,120.0,8,25,2,0.00000,0.00000,0.00000,0.00000,0.00000
99.101,0,99086.000,148137,192000,3999.812,120.0,8,25,2,0.00000,0.00000,0.00000,0.00000,0.00000
99.101,1,99086.000,148137,192000,3999.812,120.0,8,25,2,0.00000,0.00000,0.00000,0.00000,0.00000
99.101,2,97103.000,52970,192000,3999.458,120.0,8,25,2,0.00000,0.00000,0.00000,0.00000,0.00000
99.204,0,99189.000,153075,192000,3999.938,120.0,8,25,2,0.00000,0.00000,0.00000,0.00000,0.00000
99.204,1,99189.000,153075,192000,3999.938,120.0,8,25,2,0.00000,0.00000,0.00000,0.00000,0.00000
99.204,2,97206.000,57908,192000,3999.583,120.0,8,25,2,0.00000,0.00000,0.00000,0.00000,0.00000
99.306,0,99290.000,157944,192000,3999.500,120.0,8,25,2,0.00000,0.00000,0.00000,0.00000,0.00000
99.306,1,99290.000,157944,192000,3999.500,120.0,8,25,2,0.00000,0.00000,0.00000,0.00000,0.00000
99.306,2,97307.000,62777,192000,3999.146,120.0,8,25,2,0.00000,0.00000,0.00000,0.00000,0.00000
99.406,0,99390.000,162745,192000,3999.479,120.0,8,25,2,0.00000,0.00000,0.00000,0.00000,0.00000
99.406,1,99390.000,162745,192000,3999.479,120.0,8,25,2,0.00000,0.00000,0.00000,0.00000,0.00000
99.406,2,97407.000,67578,192000,3999.125,120.0,8,25,2,0.00000,0.00000,0.00000,0.00000,0.00000
99.507,0,99491.000,167609,192000,3999.146,120.0,8,25,2,0.00000,0.00000,0.00000,0.00000,0.00000
99.507,1,99491.000,167609,192000,3999.146,120.0,8,25,2,0.00000,0.00000,0.00000,0.00000,0.00000
99.507,2,97509.000,72442,192000,3999.792,120.0,8,25,2,0.00000,0.00000,0.00000,0.00000,0.00000
99.610,0,99594.000,172545,192000,3999.312,120.0,8,25,2,0.00000,0.00000,0.00000,0.00000,0.00000
99.610,1,99594.000,172545,192000,3999.312,120.0,8,25,2,0.00000,0.00000,0.00000,0.00000,0.00000
99.610,2,97612.000,77378,192000,3999.958,120.0,8,25,2,0.00000,0.00000,0.00000,0.00000,0.00000
99.711,0,99695.000,177393,192000,3999.312,120.0,8,25,2,0.00000,0.00000,0.00000,0.00000,0.00000
99.711,1,99695.000,177393,192000,3999.312,120.0,8,25,2,0.00000,0.00000,0.00000,0.00000,0.00000
99.711,2,97713.000,82226,192000,3999.958,120.0,8,25,2,0.00000,0.00000,0.00000,0.00000,0.00000
99.813,0,99797.000,182284,192000,3999.417,120.0,8,25,2,0.00000,0.00000,0.00000,0.00000,0.00000
99.813,1,99797.000,182284,192000,3999.417,120.0,8,25,2,0.00000,0.00000,0.00000,0.00000,0.00000
99.813,2,97814.000,87117,192000,3999.062,120.0,8,25,2,0.00000,0.00000,0.00000,0.00000,0.00000
99.916,0,99900.000,187224,192000,3999.500,120.0,8,25,2,0.00000,0.00000,0.00000,0.00000,0.00000
99.916,1,99900.000,187224,192000,3999.500,120.0,8,25,2,0.00000,0.00000,0.00000,0.00000,0.00000
99.916,2,97917.000,92057,192000,3999.146,120.0,8,25,2,0.00000,0.00000,0.00000,0.00000,0.00000
100.018,0,100003.000,155,192000,3999.771,120.0,8,26,2,0.00000,0.00000,0.00000,0.00000,0.00000
100.018,1,100003.000,155,192000,3999.771,120.0,8,26,2,0.00000,0.00000,0.00000,0.00000,0.00000
100.018,2,98020.000,96988,192000,3999.417,120.0,8,25,2,0.00000,0.00000,0.00000,0.00000,0.00000
100.121,0,100105.000,5072,192000,3999.333,120.0,8,26,2,0.00000,0.00000,0.00000,0.00000,0.00000
100.121,1,100105.000,5072,192000,3999.333,120.0,8,26,2,0.00000,0.00000,0.00000,0.00000,0.00000
100.121,2,98123.000,101905,192000,3999.979,120.0,8,25,2,0.00000,0.00000,0.00000,0.00000,0.00000
100.221,0,100205.000,9884,192000,3999.083,120.0,8,26,2,0.00000,0.00000,0.00000,0.00000,0.00000
100.221,1,100205.000,9884,192000,3999.083,120.0,8,26,2,0.00000,0.00000,0.00000,0.00000,0.00000
100.221,2,98223.000,106717,192000,3999.729,120.0,8,25,2,0.00000,0.00000,0.00000,0.00000,0.00000
100.323,0,100308.000,14795,192000,3999.771,120.0,8,26,2,0.00000,0.00000,0.00000,0.00000,0.00000
100.323,1,100308.000,14795,192000,3999.771,120.0,8,26,2,0.00000,0.00000,0.00000,0.00000,0.00000
100.323,2,98325.000,111628,192000,3999.417,120.0,8,25,2,0.00000,0.00000,0.00000,0.00000,0.00000
100.426,0,100411.000,19729,192000,3999.979,120.0,8,26,2,0.00000,0.00000,0.00000,0.00000,0.00000
100.426,1,100411.000,19729,192000,3999.979,120.0,8,26,2,0.00000,0.00000,0.00000,0.00000,0.00000
100.426,2,98428.000,116562,192000,3999.625,120.0,8,25,2,0.00000,0.00000,0.00000,0.00000,0.00000
100.529,0,100513.000,24649,192000,3999.479,120.0,8,26,2,0.00000,0.00000,0.00000,0.00000,0.00000
100.529,1,100513.000,24649,192000,3999.479,120.0,8,26,2,0.00000,0.00000,0.00000,0.00000,0.00000
100.529,2,98530.000,121482,192000,3999.125,120.0,8,25,2,0.00000,0.00000,0.00000,0.00000,0.00000
100.630,0,100615.000,29534,192000,3999.708,120.0,8,26,2,0.00000,0.00000,0.00000,0.00000,0.00000
100.630,1,100615.000,29534,192000,3999.708,120.0,8,26,2,0.00000,0.00000,0.00000,0.00000,0.00000
100.630,2,98632.000,126367,192000,3999.354,120.0,8,25,2,0.00000,0.00000,0.00000,0.00000,0.00000
100.731,0,100716.000,34384,192000,3999.667,120.0,8,26,2,0.00000,0.00000,0.00000,0.00000,0.00000
100.731,1,100716.000,34384,192000,3999.667,120.0,8,26,2,0.00000,0.00000,0.00000,0.00000,0.00000
100.731,2,98733.000,131217,192000,3999.312,120.0,8,25,2,0.00000,0.00000,0.00000,0.00000,0.00000
100.832,0,100816.000,39196,192000,3999.417,120.0,8,26,2,0.00000,0.00000,0.00000,0.00000,0.00000
100.832,1,100816.000,39196,192000,3999.417,120.0,8,26,2,0.00000,0.00000,0.00000,0.00000,0.00000
100.832,2,98833.000,136029,192000,3999.062,120.0,8,25,2,0.00000,0.00000,0.00000,0.00000,0.00000
100.933,0,100917.000,44049,192000,3999.312,120.0,8,26,2,0.00000,0.00000,0.00000,0.00000,0.00000
100.933,1,100917.000,44049,192000,3999.312,120.0,8,26,2,0.00000,0.00000,0.00000,0.00000,0.00000
100.933,2,98935.000,140882,192000,3999.958,120.0,8,25,2,0.00000,0.00000,0.00000,0.00000,0.00000
101.034,0,101019.000,48925,192000,3999.729,120.0,8,26,2,0.00000,0.00000,0.00000,0.00000,0.00000
101.034,1,101019.000,48925,192000,3999.729,120.0,8,26,2,0.00000,0.00000,0.00000,0.00000,0.00000
101.034,2,99036.000,145758,192000,3999.375,120.0,8,25,2,0.00000,0.00000,0.00000,0.00000,0.00000
101.135,0,101119.000,53739,192000,3999.438,120.0,8,26,2,0.00000,0.00000,0.00000,0.00000,0.00000
101.135,1,101119.000,53739,192000,3999.438,120.0,8,26,2,0.00000,0.00000,0.00000,0.00000,0.00000
101.135,2,99136.000,150572,192000,3999.083,120.0,8,25,2,0.00000,0.00000,0.00000,0.00000,0.00000
101.237,0,101221.000,58638,192000,3999.375,120.0,8,26,2,0.00000,0.00000,0.00000,0.00000,0.00000
101.237,1,101221.000,58638,192000,3999.375,120.0,8,26,2,0.00000,0.00000,0.00000,0.00000,0.00000
101.237,2,99238.000,155471,192000,3999.021,120.0,8,25,2,0.00000,0.00000,0.00000,0.00000,0.00000
101.338,0,101323.000,63513,192000,3999.812,120.0,8,26,2,0.00000,0.00000,0.00000,0.00000,0.00000
101.338,1,101323.000,63513,192000,3999.812,120.0,8,26,2,0.00000,0.00000,0.00000,0.00000,0.00000
101.338,2,99340.000,160346,192000,3999.458,120.0,8,25,2,0.00000,0.00000,0.00000,0.00000,0.00000
101.440,0,101424.000,68384,192000,3999.333,120.0,8,26,2,0.00000,0.00000,0.00000,0.00000,0.00000
101.440,1,101424.000,68384,192000,3999.333,120.0,8,26,2,0.00000,0.00000,0.00000,0.00000,0.00000
101.440,2,99442.000,165217,192000,3999.979,120.0,8,25,2,0.00000,0.00000,0.00000,0.00000,0.00000
101.541,0,101525.000,73239,192000,3999.188,120.0,8,26,2,0.00000,0.00000,0.00000,0.00000,0.00000
101.541,1,101525.000,73239,192000,3999.188,120.0,8,26,2,0.00000,0.00000,0.00000,0.00000,0.00000
101.541,2,99543.000,170072,192000,3999.833,120.0,8,25,2,0.00000,0.00000,0.00000,0.00000,0.00000
101.643,0,101627.000,78122,192000,3999.458,120.0,8,26,2,0.00000,0.00000,0.00000,0.00000,0.00000
101.643,1,101627.000,78122,192000,3999.458,120.0,8,26,2,0.00000,0.00000,0.00000,0.00000,0.00000
101.643,2,99644.000,174955,192000,3999.104,120.0,8,25,2,0.00000,0.00000,0.00000,0.00000,0.00000
101.744,0,101728.000,82969,192000,3999.479,120.0,8,26,2,0.00000,0.00000,0.00000,0.00000,0.00000
101.744,1,101728.000,82969,192000,3999.479,120.0,8,26,2,0.00000,0.00000,0.00000,0.00000,0.00000
101.744,2,99745.000,179802,192000,3999.125,120.0,8,25,2,0.00000,0.00000,0.00000,0.00000,0.00000
101.846,0,101830.000,87881,192000,3999.146,120.0,8,26,2,0.00000,0.00000,0.00000,0.00000,0.00000
101.846,1,101830.000,87881,192000,3999.146,120.0,8,26,2,0.00000,0.00000,0.00000,0.00000,0.00000
101.846,2,99848.000,184714,192000,3999.792,120.0,8,25,2,0.00000,0.00000,0.00000,0.00000,0.00000
101.947,0,101932.000,92757,192000,3999.562,120.0,8,26,2,0.00000,0.00000,0.00000,0.00000,0.00000
101.947,1,101932.000,92757,192000,3999.562,120.0,8,26,2,0.00000,0.00000,0.00000,0.00000,0.00000
101.947,2,99949.000,189590,192000,3999.208,120.0,8,25,2,0.00000,0.00000,0.00000,0.00000,0.00000
102.048,0,102033.000,97586,192000,3999.958,120.0,8,26,2,0.00000,0.00000,0.00000,0.00000,0.00000
102.048,1,102033.000,97586,192000,3999.958,120.0,8,26,2,0.00000,0.00000,0.00000,0.00000,0.00000
102.048,2,100050.000,2419,192000,3999.604,120.0,8,26,2,0.11206,0.11189,0.11206,0.00000,0.00000
102.149,0,102133.000,102426,192000,3999.125,120.0,8,26,2,0.00000,0.00000,0.00000,0.00000,0.00000
102.149,1,102133.000,102426,192000,3999.125,120.0,8,26,2,0.00000,0.00000,0.00000,0.00000,0.00000
102.149,2,100151.000,7259,192000,3999.771,120.0,8,26,2,0.07367,0.07356,0.07367,0.00000,0.00000
102.251,0,102236.000,107347,192000,3999.604,120.0,8,26,2,0.00000,0.00000,0.00000,0.00000,0.00000
102.251,1,102236.000,107347,192000,3999.604,120.0,8,26,2,0.00000,0.00000,0.00000,0.00000,0.00000
102.251,2,100253.000,12180,192000,3999.250,120.0,8,26,2,0.04810,0.04803,0.04810,0.00000,0.00000
102.352,0,102337.000,112191,192000,3999.688,120.0,8,26,2,0.00000,0.00000,0.00000,0.00000,0.00000
102.352,1,102337.000,112191,192000,3999.688,120.0,8,26,2,0.00000,0.00000,0.00000,0.00000,0.00000
102.352,2,100354.000,17024,192000,3999.333,120.0,8,26,2,0.03161,0.03156,0.03161,0.00000,0.00000
102.453,0,102437.000,117009,192000,3999.312,120.0,8,26,2,0.00000,0.00000,0.00000,0.00000,0.00000
102.453,1,102437.000,117009,192000,3999.312,120.0,8,26,2,0.00000,0.00000,0.00000,0.00000,0.00000
102.453,2,100455.000,21842,192000,3999.958,120.0,8,26,2,0.02082,0.02079,0.02082,0.00000,0.00000
102.553,0,102538.000,121830,192000,3999.875,120.0,8,26,2,0.00000,0.00000,0.00000,0.00000,0.00000
102.553,1,102538.000,121830,192000,3999.875,120.0,8,26,2,0.00000,0.00000,0.00000,0.00000,0.00000
102.553,2,100555.000,26663,192000,3999.521,120.0,8,26,2,0.01371,0.01369,0.01371,0.00000,0.00000
102.655,0,102640.000,126741,192000,3999.562,120.0,8,26,2,0.00000,0.00000,0.00000,0.00000,0.00000
102.655,1,102640.000,126741,192000,3999.562,120.0,8,26,2,0.00000,0.00000,0.00000,0.00000,0.00000
102.655,2,100657.000,31574,192000,3999.208,120.0,8,26,2,0.00896,0.00895,0.00896,0.00000,0.00000
102.758,0,102742.000,131662,192000,3999.042,120.0,8,26,2,0.00000,0.00000,0.00000,0.00000,0.00000
102.758,1,102742.000,131662,192000,3999.042,120.0,8,26,2,0.00000,0.00000,0.00000,0.00000,0.00000
102.758,2,100760.000,36495,192000,3999.688,120.0,8,26,2,0.00585,0.00584,0.00585,0.00000,0.00000
102.859,0,102844.000,136519,192000,3999.854,120.0,8,26,2,0.00000,0.00000,0.00000,0.00000,0.00000
102.859,1,102844.000,136519,192000,3999.854,120.0,8,26,2,0.00000,0.00000,0.00000,0.00000,0.00000
102.859,2,100861.000,41352,192000,3999.500,120.0,8,26,2,0.00384,0.00384,0.00384,0.00000,0.00000
102.960,0,102945.000,141362,192000,3999.958,120.0,8,26,2,0.00000,0.00000,0.00000,0.00000,0.00000
102.960,1,102945.000,141362,192000,3999.958,120.0,8,26,2,0.00000,0.00000,0.00000,0.00000,0.00000
102.960,2,100962.000,46195,192000,3999.604,120.0,8,26,2,0.00252,0.00252,0.00252,0.00000,0.00000
103.061,0,103045.000,146186,192000,3999.458,120.0,8,26,2,0.00000,0.00000,0.00000,0.00000,0.00000
103.061,1,103045.000,146186,192000,3999.458,120.0,8,26,2,0.00000,0.00000,0.00000,0.00000,0.00000
103.061,2,101062.000,51019,192000,3999.104,120.0,8,26,2,0.00166,0.00166,0.00166,0.00000,0.00000
103.163,0,103147.000,151102,192000,3999.042,120.0,8,26,2,0.00000,0.00000,0.00000,0.00000,0.00000
103.163,1,103147.000,151102,192000,3999.042,120.0,8,26,2,0.00000,0.00000,0.00000,0.00000,0.00000
103.163,2,101165.000,55935,192000,3999.688,120.0,8,26,2,0.00109,0.00108,0.00109,0.00000,0.00000
103.264,0,103248.000,155929,192000,3999.479,120.0,8,26,2,0.00000,0.00000,0.00000,0.00000,0.00000
103.264,1,103248.000,155929,192000,3999.479,120.0,8,26,2,0.00000,0.00000,0.00000,0.00000,0.00000
103.264,2,101265.000,60762,192000,3999.125,120.0,8,26,2,0.00071,0.00071,0.00071,0.00000,0.00000
103.366,0,103350.000,160838,192000,3999.208,120.0,8,26,2,0.00000,0.00000,0.00000,0.00000,0.00000
103.366,1,103350.000,160838,192000,3999.208,120.0,8,26,2,0.00000,0.00000,0.00000,0.00000,0.00000
103.366,2,101368.000,65671,192000,3999.854,120.0,8,26,2,0.00047,0.00047,0.00047,0.00000,0.00000
103.467,0,103452.000,165710,192000,3999.708,120.0,8,26,2,0.00000,0.00000,0.00000,0.00000,0.00000
103.467,1,103452.000,165710,192000,3999.708,120.0,8,26,2,0.00000,0.00000,0.00000,0.00000,0.00000
103.467,2,101469.000,70543,192000,3999.354,120.0,8,26,2,0.00031,0.00031,0.00031,0.00000,0.00000
103.569,0,103553.000,170574,192000,3999.375,120.0,8,26,2,0.00000,0.00000,0.00000,0.00000,0.00000
103.569,1,103553.000,170574,192000,3999.375,120.0,8,26,2,0.00000,0.00000,0.00000,0.00000,0.00000
103.569,2,101570.000,75407,192000,3999.021,120.0,8,26,2,0.00020,0.00020,0.00020,0.00000,0.00000
103.670,0,103654.000,175426,192000,3999.292,120.0,8,26,2,0.00000,0.00000,0.00000,0.00000,0.00000
103.670,1,103654.000,175426,192000,3999.292,120.0,8,26,2,0.00000,0.00000,0.00000,0.00000,0.00000
103.670,2,101672.000,80259,192000,3999.938,120.0,8,26,2,0.00013,0.00013,0.00013,0.00000,0.00000
103.771,0,103755.000,180268,192000,3999.417,120.0,8,26,2,0.00000,0.00000,0.00000,0.00000,0.00000
103.771,1,103755.000,180268,192000,3999.417,120.0,8,26,2,0.00000,0.00000,0.00000,0.00000,0.00000
103.771,2,101772.000,85101,192000,3999.062,120.0,8,26,2,0.00009,0.00009,0.00009,0.00000,0.00000
103.872,0,103856.000,185129,192000,3999.146,120.0,8,26,2,0.00000,0.00000,0.00000,0.00000,0.00000
103.872,1,103856.000,185129,192000,3999.146,120.0,8,26,2,0.00000,0.00000,0.00000,0.00000,0.00000
103.872,2,101874.000,89962,192000,3999.792,120.0,8,26,2,0.00006,0.00006,0.00006,0.00000,0.00000
103.972,0,103957.000,189950,192000,3999.708,120.0,8,26,2,0.00000,0.00000,0.00000,0.00000,0.00000
103.972,1,103957.000,189950,192000,3999.708,120.0,8,26,2,0.00000,0.00000,0.00000,0.00000,0.00000
103.972,2,101974.000,94783,192000,3999.354,120.0,8,26,2,0.00004,0.00004,0.00004,0.00000,0.00000
104.075,0,104059.000,2854,192000,3999.542,120.0,8,27,2,0.10800,0.10790,0.10800,0.00000,0.00000
104.075,1,104059.000,2854,192000,3999.542,120.0,8,27,2,0.10790,0.10790,0.10759,0.00000,0.00000
104.075,2,102076.000,99687,192000,3999.188,120.0,8,26,2,0.00002,0.00002,0.00002,0.00000,0.00000
104.176,0,104160.000,7709,192000,3999.396,120.0,8,27,2,0.07092,0.07085,0.07092,0.00000,0.00000
104.176,1,104160.000,7709,192000,3999.396,120.0,8,27,2,0.07085,0.07085,0.07065,0.00000,0.00000
104.176,2,102177.000,104542,192000,3999.042,120.0,8,26,2,0.00002,0.00002,0.00002,0.00000,0.00000
104.277,0,104261.000,12554,192000,3999.458,120.0,8,27,2,0.04661,0.04656,0.04661,0.00000,0.00000
104.277,1,104261.000,12554,192000,3999.458,120.0,8,27,2,0.04656,0.04656,0.04643,0.00000,0.00000
104.277,2,102278.000,109387,192000,3999.104,120.0,8,26,2,0.00001,0.00001,0.00001,0.00000,0.00000
104.377,0,104362.000,17376,192000,0.000,120.0,8,27,2,0.03069,0.03066,0.03069,0.00000,0.00000
104.377,1,104362.000,17376,192000,0.000,120.0,8,27,2,0.03066,0.03066,0.03057,0.00000,0.00000
104.377,2,102379.000,114209,192000,3999.646,120.0,8,26,2,0.00001,0.00001,0.00001,0.00000,0.00000
104.479,0,104464.000,22292,192000,3999.583,120.0,8,27,2,0.02005,0.02003,0.02005,0.00000,0.00000
104.479,1,104464.000,22292,192000,3999.583,120.0,8,27,2,0.02003,0.02003,0.01997,0.00000,0.00000
104.479,2,102481.000,119125,192000,3999.229,120.0,8,26,2,0.00000,0.00000,0.00000,0.00000,0.00000
104.580,0,104565.000,27137,192000,3999.646,120.0,8,27,2,0.01317,0.01316,0.01317,0.00000,0.00000
104.580,1,104565.000,27137,192000,3999.646,120.0,8,27,2,0.01316,0.01316,0.01312,0.00000,0.00000
104.580,2,102582.000,123970,192000,3999.292,120.0,8,26,2,0.00000,0.00000,0.00000,0.00000,0.00000
104.681,0,104665.000,31962,192000,3999.125,120.0,8,27,2,0.00867,0.00866,0.00867,0.00000,0.00000
104.681,1,104665.000,31962,192000,3999.125,120.0,8,27,2,0.00866,0.00866,0.00864,0.00000,0.00000
104.681,2,102683.000,128795,192000,3999.771,120.0,8,26,2,0.00000,0.00000,0.00000,0.00000,0.00000
104.783,0,104767.000,36840,192000,3999.500,120.0,8,27,2,0.00568,0.00568,0.00568,0.00000,0.00000
104.783,1,104767.000,36840,192000,3999.500,120.0,8,27,2,0.00568,0.00568,0.00566,0.00000,0.00000
104.783,2,102784.000,133673,192000,3999.146,120.0,8,26,2,0.00000,0.00000,0.00000,0.00000,0.00000
104.884,0,104868.000,41693,192000,3999.396,120.0,8,27,2,0.00373,0.00373,0.00373,0.00000,0.00000
104.884,1,104868.000,41693,192000,3999.396,120.0,8,27,2,0.00373,0.00373,0.00372,0.00000,0.00000
104.884,2,102885.000,138526,192000,3999.042,120.0,8,26,2,0.00000,0.00000,0.00000,0.00000,0.00000
104.985,0,104969.000,46541,192000,3999.396,120.0,8,27,2,0.00245,0.00245,0.00245,0.00000,0.00000
104.985,1,104969.000,46541,192000,3999.396,120.0,8,27,2,0.00245,0.00245,0.00244,0.00000,0.00000
104.985,2,102986.000,143374,192000,3999.042,120.0,8,26,2,0.00000,0.00000,0.00000,0.00000,0.00000
105.085,0,105070.000,51372,192000,3999.750,120.0,8,27,2,0.00161,0.00161,0.00161,0.00000,0.00000
105.085,1,105070.000,51372,192000,3999.750,120.0,8,27,2,0.00161,0.00161,0.00161,0.00000,0.00000
105.085,2,103087.000,148205,192000,3999.396,120.0,8,26,2,0.00000,0.00000,0.00000,0.00000,0.00000
105.185,0,105170.000,56173,192000,3999.729,120.0,8,27,2,0.00106,0.00106,0.00106,0.00000,0.00000
105.185,1,105170.000,56173,192000,3999.729,120.0,8,27,2,0.00106,0.00106,0.00106,0.00000,0.00000
105.185,2,103187.000,153006,192000,3999.375,120.0,8,26,2,0.00000,0.00000,0.00000,0.00000,0.00000
105.286,0,105270.000,60986,192000,3999.458,120.0,8,27,2,0.00070,0.00070,0.00070,0.00000,0.00000
105.286,1,105270.000,60986,192000,3999.458,120.0,8,27,2,0.00070,0.00070,0.00070,0.00000,0.00000
105.286,2,103287.000,157819,192000,3999.104,120.0,8,26,2,0.00000,0.00000,0.00000,0.00000,0.00000
105.386,0,105371.000,65824,192000,3999.667,120.0,8,27,2,0.00046,0.00046,0.00046,0.00000,0.00000
105.386,1,105371.000,65824,192000,3999.667,120.0,8,27,2,0.00046,0.00046,0.00046,0.00000,0.00000
105.386,2,103388.000,162657,192000,3999.312,120.0,8,26,2,0.00000,0.00000,0.00000,0.00000,0.00000
105.487,0,105472.000,70671,192000,3999.688,120.0,8,27,2,0.00030,0.00030,0.00030,0.00000,0.00000
105.487,1,105472.000,70671,192000,3999.688,120.0,8,27,2,0.00030,0.00030,0.00030,0.00000,0.00000
105.487,2,103489.000,167504,192000,3999.333,120.0,8,26,2,0.00000,0.00000,0.00000,0.00000,0.00000
105.588,0,105572.000,75483,192000,3999.438,120.0,8,27,2,0.00020,0.00020,0.00020,0.00000,0.00000
105.588,1,105572.000,75483,192000,3999.438,120.0,8,27,2,0.00020,0.00020,0.00020,0.00000,0.00000
105.588,2,103589.000,172316,192000,3999.083,120.0,8,26,2,0.00000,0.00000,0.00000,0.00000,0.00000
105.689,0,105674.000,80372,192000,3999.583,120.0,8,27,2,0.00013,0.00013,0.00013,0.00000,0.00000
105.689,1,105674.000,80372,192000,3999.583,120.0,8,27,2,0.00013,0.00013,0.00013,0.00000,0.00000
105.689,2,103691.000,177205,192000,3999.229,120.0,8,26,2,0.00000,0.00000,0.00000,0.00000,0.00000
105.790,0,105775.000,85205,192000,3999.896,120.0,8,27,2,0.00009,0.00009,0.00009,0.00000,0.00000
105.790,1,105775.000,85205,192000,3999.896,120.0,8,27,2,0.00009,0.00009,0.00009,0.00000,0.00000
105.790,2,103792.000,182038,192000,3999.542,120.0,8,26,2,0.00000,0.00000,0.00000,0.00000,0.00000
105.892,0,105876.000,90076,192000,3999.417,120.0,8,27,2,0.00006,0.00006,0.00006,0.00000,0.00000
105.892,1,105876.000,90076,192000,3999.417,120.0,8,27,2,0.00006,0.00006,0.00006,0.00000,0.00000
105.892,2,103893.000,186909,192000,3999.062,120.0,8,26,2,0.00000,0.00000,0.00000,0.00000,0.00000
105.994,0,105978.000,94977,192000,3999.312,120.0,8,27,2,0.00004,0.00004,0.00004,0.00000,0.00000
105.994,1,105978.000,94977,192000,3999.312,120.0,8,27,2,0.00004,0.00004,0.00004,0.00000,0.00000
105.994,2,103996.000,191810,192000,3999.958,120.0,8,26,2,0.00000,0.00000,0.00000,0.00000,0.00000
106.096,0,106080.000,99879,192000,3999.188,120.0,8,27,2,0.00002,0.00002,0.00002,0.00000,0.00000
106.096,1,106080.000,99879,192000,3999.188,120.0,8,27,2,0.00002,0.00002,0.00002,0.00000,0.00000
106.096,2,104098.000,4712,192000,3999.833,120.0,8,27,2,0.00000,0.00000,0.00000,0.00000,0.00000
106.196,0,106181.000,104705,192000,3999.646,120.0,8,27,2,0.00002,0.00002,0.00002,0.00000,0.00000
106.196,1,106181.000,104705,192000,3999.646,120.0,8,27,2,0.00002,0.00002,0.00002,0.00000,0.00000
106.196,2,104198.000,9538,192000,3999.292,120.0,8,27,2,0.00000,0.00000,0.00000,0.00000,0.00000
106.303,0,106288.000,109843,192000,3999.604,120.0,8,27,2,0.00001,0.00001,0.00001,0.00000,0.00000
106.303,1,106288.000,109843,192000,3999.604,120.0,8,27,2,0.00001,0.00001,0.00001,0.00000,0.00000
106.303,2,104305.000,14676,192000,3999.250,120.0,8,27,2,0.00000,0.00000,0.00000,0.00000,0.00000
106.406,0,106391.000,114789,192000,3999.562,120.0,8,27,2,0.00001,0.00001,0.00001,0.00000,0.00000
106.406,1,106391.000,114789,192000,3999.562,120.0,8,27,2,0.00001,0.00001,0.00001,0.00000,0.00000
106.406,2,104408.000,19622,192000,3999.208,120.0,8,27,2,0.00000,0.00000,0.00000,0.00000,0.00000
106.507,0,106492.000,119627,192000,3999.771,120.0,8,27,2,0.00000,0.00000,0.00000,0.00000,0.00000
106.507,1,106492.000,119627,192000,3999.771,120.0,8,27,2,0.00000,0.00000,0.00000,0.00000,0.00000
106.507,2,104509.000,24460,192000,3999.417,120.0,8,27,2,0.00000,0.00000,0.00000,0.00000,0.00000
106.610,0,106595.000,124563,192000,3999.938,120.0,8,27,2,0.00000,0.00000,0.00000,0.00000,0.00000
106.610,1,106595.000,124563,192000,3999.938,120.0,8,27,2,0.00000,0.00000,0.00000,0.00000,0.00000
106.610,2,104612.000,29396,192000,3999.583,120.0,8,27,2,0.00000,0.00000,0.00000,0.00000,0.00000
106.711,0,106695.000,129392,192000,3999.333,120.0,8,27,2,0.00000,0.00000,0.00000,0.00000,0.00000
106.711,1,106695.000,129392,192000,3999.333,120.0,8,27,2,0.00000,0.00000,0.00000,0.00000,0.00000
106.711,2,104713.000,34225,192000,3999.979,120.0,8,27,2,0.00000,0.00000,0.00000,0.00000,0.00000
106.811,0,106796.000,134220,192000,3999.750,120.0,8,27,2,0.00000,0.00000,0.00000,0.00000,0.00000
106.811,1,106796.000,134220,192000,3999.750,120.0,8,27,2,0.00000,0.00000,0.00000,0.00000,0.00000
106.811,2,104813.000,39053,192000,3999.396,120.0,8,27,2,0.00000,0.00000,0.00000,0.00000,0.00000
106.912,0,106896.000,139037,192000,3999.396,120.0,8,27,2,0.00000,0.00000,0.00000,0.00000,0.00000
106.912,1,106896.000,139037,192000,3999.396,120.0,8,27,2,0.00000,0.00000,0.00000,0.00000,0.00000
106.912,2,104913.000,43870,192000,3999.042,120.0,8,27,2,0.00000,0.00000,0.00000,0.00000,0.00000
107.014,0,106998.000,143926,192000,3999.542,120.0,8,27,2,0.00000,0.00000,0.00000,0.00000,0.00000
107.014,1,106998.000,143926,192000,3999.542,120.0,8,27,2,0.00000,0.00000,0.00000,0.00000,0.00000
107.014,2,105015.000,48759,192000,3999.188,120.0,8,27,2,0.00000,0.00000,0.00000,0.00000,0.00000
107.114,0,107098.000,148751,192000,3999.021,120.0,8,27,2,0.00000,0.00000,0.00000,0.00000,0.00000
107.114,1,107098.000,148751,192000,3999.021,120.0,8,27,2,0.00000,0.00000,0.00000,0.00000,0.00000
107.114,2,105116.000,53584,192000,3999.667,120.0,8,27,2,0.00000,0.00000,0.00000,0.00000,0.00000
107.217,0,107201.000,153670,192000,3999.542,120.0,8,27,2,0.00000,0.00000,0.00000,0.00000,0.00000
107.217,1,107201.000,153670,192000,3999.542,120.0,8,27,2,0.00000,0.00000,0.00000,0.00000,0.00000
107.217,2,105218.000,58503,192000,3999.188,120.0,8,27,2,0.00000,0.00000,0.00000,0.00000,0.00000
107.319,0,107304.000,158599,192000,3999.854,120.0,8,27,2,0.00000,0.00000,0.00000,0.00000,0.00000
107.319,1,107304.000,158599,192000,3999.854,120.0,8,27,2,0.00000,0.00000,0.00000,0.00000,0.00000
107.319,2,105321.000,63432,192000,3999.500,120.0,8,27,2,0.00000,0.00000,0.00000,0.00000,0.00000
107.420,0,107404.000,163432,192000,3999.167,120.0,8,27,2,0.00000,0.00000,0.00000,0.00000,0.00000
107.420,1,107404.000,163432,192000,3999.167,120.0,8,27,2,0.00000,0.00000,0.00000,0.00000,0.00000
107.420,2,105422.000,68265,192000,3999.812,120.0,8,27,2,0.00000,0.00000,0.00000,0.00000,0.00000
107.523,0,107507.000,168383,192000,3999.021,120.0,8,27,2,0.00000,0.00000,0.00000,0.00000,0.00000
107.523,1,107507.000,168383,192000,3999.021,120.0,8,27,2,0.00000,0.00000,0.00000,0.00000,0.00000
107.523,2,105525.000,73216,192000,3999.667,120.0,8,27,2,0.00000,0.00000,0.00000,0.00000,0.00000
107.625,0,107610.000,173287,192000,3999.854,120.0,8,27,2,0.00000,0.00000,0.00000,0.00000,0.00000
107.625,1,107610.000,173287,192000,3999.854,120.0,8,27,2,0.00000,0.00000,0.00000,0.00000,0.00000
107.625,2,105627.000,78120,192000,3999.500,120.0,8,27,2,0.00000,0.00000,0.00000,0.00000,0.00000
107.726,0,107711.000,178133,192000,3999.896,120.0,8,27,2,0.00000,0.00000,0.00000,0.00000,0.00000
107.726,1,107711.000,178133,192000,3999.896,120.0,8,27,2,0.00000,0.00000,0.00000,0.00000,0.00000
107.726,2,105728.000,82966,192000,3999.542,120.0,8,27,2,0.00000,0.00000,0.00000,0.00000,0.00000
107.829,0,107813.000,183069,192000,3999.062,120.0,8,27,2,0.00000,0.00000,0.00000,0.00000,0.00000
107.829,1,107813.000,183069,192000,3999.062,120.0,8,27,2,0.00000,0.00000,0.00000,0.00000,0.00000
107.829,2,105831.000,87902,192000,3999.708,120.0,8,27,2,0.00000,0.00000,0.00000,0.00000,0.00000
107.931,0,107915.000,187956,192000,3999.250,120.0,8,27,2,0.00000,0.00000,0.00000,0.00000,0.00000
107.931,1,107915.000,187956,192000,3999.250,120.0,8,27,2,0.00000,0.00000,0.00000,0.00000,0.00000
107.931,2,105933.000,92789,192000,3999.896,120.0,8,27,2,0.00000,0.00000,0.00000,0.00000,0.00000
108.036,0,108020.000,1002,192000,3999.125,120.0,8,28,2,0.00000,0.00000,0.00000,0.00000,0.00000
108.036,1,108020.000,1002,192000,3999.125,120.0,8,28,2,0.00000,0.00000,0.00000,0.00000,0.00000
108.036,2,106038.000,97835,192000,3999.771,120.0,8,27,2,0.00000,0.00000,0.00000,0.00000,0.00000
108.139,0,108123.000,5927,192000,3999.521,120.0,8,28,2,0.00000,0.00000,0.00000,0.00000,0.00000
108.139,1,108123.000,5927,192000,3999.521,120.0,8,28,2,0.00000,0.00000,0.00000,0.00000,0.00000
108.139,2,106140.000,102760,192000,3999.167,120.0,8,27,2,0.00000,0.00000,0.00000,0.00000,0.00000
108.240,0,108225.000,10802,192000,3999.958,120.0,8,28,2,0.00000,0.00000,0.00000,0.00000,0.00000
108.240,1,108225.000,10802,192000,3999.958,120.0,8,28,2,0.00000,0.00000,0.00000,0.00000,0.00000
108.240,2,106242.000,107635,192000,3999.604,120.0,8,27,2,0.00000,0.00000,0.00000,0.00000,0.00000
108.342,0,108327.000,15699,192000,3999.938,120.0,8,28,2,0.00000,0.00000,0.00000,0.00000,0.00000
108.342,1,108327.000,15699,192000,3999.938,120.0,8,28,2,0.00000,0.00000,0.00000,0.00000,0.00000
108.342,2,106344.000,112532,192000,3999.583,120.0,8,27,2,0.00000,0.00000,0.00000,0.00000,0.00000
108.445,0,108429.000,20614,192000,3999.542,120.0,8,28,2,0.00000,0.00000,0.00000,0.00000,0.00000
108.445,1,108429.000,20614,192000,3999.542,120.0,8,28,2,0.00000,0.00000,0.00000,0.00000,0.00000
108.445,2,106446.000,117447,192000,3999.188,120.0,8,27,2,0.00000,0.00000,0.00000,0.00000,0.00000
108.547,0,108532.000,25545,192000,3999.812,120.0,8,28,2,0.00000,0.00000,0.00000,0.00000,0.00000
108.547,1,108532.000,25545,192000,3999.812,120.0,8,28,2,0.00000,0.00000,0.00000,0.00000,0.00000
108.547,2,106549.000,122378,192000,3999.458,120.0,8,27,2,0.00000,0.00000,0.00000,0.00000,0.00000
108.650,0,108635.000,30487,192000,3999.854,120.0,8,28,2,0.00000,0.00000,0.00000,0.00000,0.00000
108.650,1,108635.000,30487,192000,3999.854,120.0,8,28,2,0.00000,0.00000,0.00000,0.00000,0.00000
108.650,2,106652.000,127320,192000,3999.500,120.0,8,27,2,0.00000,0.00000,0.00000,0.00000,0.00000
108.751,0,108735.000,35316,192000,3999.250,120.0,8,28,2,0.00000,0.00000,0.00000,0.00000,0.00000
108.751,1,108735.000,35316,192000,3999.250,120.0,8,28,2,0.00000,0.00000,0.00000,0.00000,0.00000
108.751,2,106753.000,132149,192000,3999.896,120.0,8,27,2,0.00000,0.00000,0.00000,0.00000,0.00000
108.852,0,108836.000,40167,192000,3999.188,120.0,8,28,2,0.00000,0.00000,0.00000,0.00000,0.00000
108.852,1,108836.000,40167,192000,3999.188,120.0,8,28,2,0.00000,0.00000,0.00000,0.00000,0.00000
108.852,2,106854.000,137000,192000,3999.833,120.0,8,27,2,0.00000,0.00000,0.00000,0.00000,0.00000
108.953,0,108937.000,45000,192000,3999.500,120.0,8,28,2,0.00000,0.00000,0.00000,0.00000,0.00000
108.953,1,108937.000,45000,192000,3999.500,120.0,8,28,2,0.00000,0.00000,0.00000,0.00000,0.00000
108.953,2,106954.000,141833,192000,3999.146,120.0,8,27,2,0.00000,0.00000,0.00000,0.00000,0.00000
109.055,0,109039.000,49900,192000,3999.417,120.0,8,28,2,0.00000,0.00000,0.00000,0.00000,0.00000
109.055,1,109039.000,49900,192000,3999.417,120.0,8,28,2,0.00000,0.00000,0.00000,0.00000,0.00000
109.055,2,107056.000,146733,192000,3999.062,120.0,8,27,2,0.00000,0.00000,0.00000,0.00000,0.00000
109.158,0,109142.000,54841,192000,3999.479,120.0,8,28,2,0.00000,0.00000,0.00000,0.00000,0.00000
109.158,1,109142.000,54841,192000,3999.479,120.0,8,28,2,0.00000,0.00000,0.00000,0.00000,0.00000
109.158,2,107159.000,151674,192000,3999.125,120.0,8,27,2,0.00000,0.00000,0.00000,0.00000,0.00000
109.258,0,109243.000,59683,192000,3999.604,120.0,8,28,2,0.00000,0.00000,0.00000,0.00000,0.00000
109.258,1,109243.000,59683,192000,3999.604,120.0,8,28,2,0.00000,0.00000,0.00000,0.00000,0.00000
109.258,2,107260.000,156516,192000,3999.250,120.0,8,27,2,0.00000,0.00000,0.00000,0.00000,0.00000
109.361,0,109345.000,64592,192000,3999.333,120.0,8,28,2,0.00000,0.00000,0.00000,0.00000,0.00000
109.361,1,109345.000,64592,192000,3999.333,120.0,8,28,2,0.00000,0.00000,0.00000,0.00000,0.00000
109.361,2,107363.000,161425,192000,3999.979,120.0,8,27,2,0.00000,0.00000,0.00000,0.00000,0.00000
109.461,0,109445.000,69406,192000,3999.042,120.0,8,28,2,0.00000,0.00000,0.00000,0.00000,0.00000
109.461,1,109445.000,69406,192000,3999.042,120.0,8,28,2,0.00000,0.00000,0.00000,0.00000,0.00000
109.461,2,107463.000,166239,192000,3999.688,120.0,8,27,2,0.00000,0.00000,0.00000,0.00000,0.00000
109.563,0,109547.000,74293,192000,3999.229,120.0,8,28,2,0.00000,0.00000,0.00000,0.00000,0.00000
109.563,1,109547.000,74293,192000,3999.229,120.0,8,28,2,0.00000,0.00000,0.00000,0.00000,0.00000
109.563,2,107565.000,171126,192000,3999.875,120.0,8,27,2,0.00000,0.00000,0.00000,0.00000,0.00000
109.664,0,109649.000,79159,192000,3999.854,120.0,8,28,2,0.00000,0.00000,0.00000,0.00000,0.00000
109.664,1,109649.000,79159,192000,3999.854,120.0,8,28,2,0.00000,0.00000,0.00000,0.00000,0.00000
109.664,2,107666.000,175992,192000,3999.500,120.0,8,27,2,0.00000,0.00000,0.00000,0.00000,0.00000
109.765,0,109749.000,83982,192000,3999.375,120.0,8,28,2,0.00000,0.00000,0.00000,0.00000,0.00000
109.765,1,109749.000,83982,192000,3999.375,120.0,8,28,2,0.00000,0.00000,0.00000,0.00000,0.00000
109.765,2,107766.000,180815,192000,3999.021,120.0,8,27,2,0.00000,0.00000,0.00000,0.00000,0.00000
109.866,0,109851.000,88859,192000,3999.771,120.0,8,28,2,0.00000,0.00000,0.00000,0.00000,0.00000
109.866,1,109851.000,88859,192000,3999.771,120.0,8,28,2,0.00000,0.00000,0.00000,0.00000,0.00000
109.866,2,107868.000,185692,192000,3999.417,120.0,8,27,2,0.00000,0.00000,0.00000,0.00000,0.00000
109.968,0,109953.000,93756,192000,3999.750,120.0,8,28,2,0.00000,0.00000,0.00000,0.00000,0.00000
109.968,1,109953.000,93756,192000,3999.750,120.0,8,28,2,0.00000,0.00000,0.00000,0.00000,0.00000
109.968,2,107970.000,190589,192000,3999.396,120.0,8,27,2,0.00000,0.00000,0.00000,0.00000,0.00000
110.071,0,110056.000,98689,192000,3999.979,120.0,8,28,2,0.00000,0.00000,0.00000,0.00000,0.00000
110.071,1,110056.000,98689,192000,3999.979,120.0,8,28,2,0.00000,0.00000,0.00000,0.00000,0.00000
110.071,2,108073.000,3522,192000,3999.625,120.0,8,28,2,0.00000,0.00000,0.00000,0.00000,0.00000
110.172,0,110157.000,103537,192000,3999.979,120.0,8,28,2,0.00000,0.00000,0.00000,0.00000,0.00000
110.172,1,110157.000,103537,192000,3999.979,120.0,8,28,2,0.00000,0.00000,0.00000,0.00000,0.00000
110.172,2,108174.000,8370,192000,3999.625,120.0,8,28,2,0.00000,0.00000,0.00000,0.00000,0.00000
110.272,0,110257.000,108346,192000,3999.792,120.0,8,28,2,0.00000,0.00000,0.00000,0.00000,0.00000
110.272,1,110257.000,108346,192000,3999.792,120.0,8,28,2,0.00000,0.00000,0.00000,0.00000,0.00000
110.272,2,108274.000,13179,192000,3999.438,120.0,8,28,2,0.00000,0.00000,0.00000,0.00000,0.00000
110.374,0,110359.000,113245,192000,3999.729,120.0,8,28,2,0.00000,0.00000,0.00000,0.00000,0.00000
110.374,1,110359.000,113245,192000,3999.729,120.0,8,28,2,0.00000,0.00000,0.00000,0.00000,0.00000
110.374,2,108376.000,18078,192000,3999.375,120.0,8,28,2,0.00000,0.00000,0.00000,0.00000,0.00000
110.477,0,110461.000,118160,192000,3999.333,120.0,8,28,2,0.00000,0.00000,0.00000,0.00000,0.00000
110.477,1,110461.000,118160,192000,3999.333,120.0,8,28,2,0.00000,0.00000,0.00000,0.00000,0.00000
110.477,2,108479.000,22993,192000,3999.979,120.0,8,28,2,0.00000,0.00000,0.00000,0.00000,0.00000
110.578,0,110562.000,122998,192000,3999.542,120.0,8,28,2,0.00000,0.00000,0.00000,0.00000,0.00000
110.578,1,110562.000,122998,192000,3999.542,120.0,8,28,2,0.00000,0.00000,0.00000,0.00000,0.00000
110.578,2,108579.000,27831,192000,3999.188,120.0,8,28,2,0.00000,0.00000,0.00000,0.00000,0.00000
110.679,0,110664.000,127887,192000,3999.688,120.0,8,28,2,0.00000,0.00000,0.00000,0.00000,0.00000
110.679,1,110664.000,127887,192000,3999.688,120.0,8,28,2,0.00000,0.00000,0.00000,0.00000,0.00000
110.679,2,108681.000,32720,192000,3999.333,120.0,8,28,2,0.00000,0.00000,0.00000,0.00000,0.00000
110.780,0,110765.000,132724,192000,3999.917,120.0,8,28,2,0.00000,0.00000,0.00000,0.00000,0.00000
110.780,1,110765.000,132724,192000,3999.917,120.0,8,28,2,0.00000,0.00000,0.00000,0.00000,0.00000
110.780,2,108782.000,37557,192000,3999.562,120.0,8,28,2,0.00000,0.00000,0.00000,0.00000,0.00000
110.881,0,110866.000,137583,192000,3999.688,120.0,8,28,2,0.00000,0.00000,0.00000,0.00000,0.00000
110.881,1,110866.000,137583,192000,3999.688,120.0,8,28,2,0.00000,0.00000,0.00000,0.00000,0.00000
110.881,2,108883.000,42416,192000,3999.333,120.0,8,28,2,0.00000,0.00000,0.00000,0.00000,0.00000
110.982,0,110967.000,142430,192000,3999.708,120.0,8,28,2,0.00000,0.00000,0.00000,0.00000,0.00000
110.982,1,110967.000,142430,192000,3999.708,120.0,8,28,2,0.00000,0.00000,0.00000,0.00000,0.00000
110.982,2,108984.000,47263,192000,3999.354,120.0,8,28,2,0.00000,0.00000,0.00000,0.00000,0.00000
111.085,0,111069.000,147334,192000,3999.542,120.0,8,28,2,0.00000,0.00000,0.00000,0.00000,0.00000
111.085,1,111069.000,147334,192000,3999.542,120.0,8,28,2,0.00000,0.00000,0.00000,0.00000,0.00000
111.085,2,109086.000,52167,192000,3999.188,120.0,8,28,2,0.00000,0.00000,0.00000,0.00000,0.00000
111.186,0,111170.000,152202,192000,3999.125,120.0,8,28,2,0.00000,0.00000,0.00000,0.00000,0.00000
111.186,1,111170.000,152202,192000,3999.125,120.0,8,28,2,0.00000,0.00000,0.00000,0.00000,0.00000
111.186,2,109188.000,57035,192000,3999.771,120.0,8,28,2,0.00000,0.00000,0.00000,0.00000,0.00000
111.288,0,111273.000,157116,192000,3999.750,120.0,8,28,2,0.00000,0.00000,0.00000,0.00000,0.00000
111.288,1,111273.000,157116,192000,3999.750,120.0,8,28,2,0.00000,0.00000,0.00000,0.00000,0.00000
111.288,2,109290.000,61949,192000,3999.396,120.0,8,28,2,0.00000,0.00000,0.00000,0.00000,0.00000
111.389,0,111373.000,161950,192000,3999.042,120.0,8,28,2,0.00000,0.00000,0.00000,0.00000,0.00000
111.389,1,111373.000,161950,192000,3999.042,120.0,8,28,2,0.00000,0.00000,0.00000,0.00000,0.00000
111.389,2,109391.000,66783,192000,3999.688,120.0,8,28,2,0.00000,0.00000,0.00000,0.00000,0.00000
111.490,0,111474.000,166798,192000,3999.042,120.0,8,28,2,0.00000,0.00000,0.00000,0.00000,0.00000
111.490,1,111474.000,166798,192000,3999.042,120.0,8,28,2,0.00000,0.00000,0.00000,0.00000,0.00000
111.490,2,109492.000,71631,192000,3999.688,120.0,8,28,2,0.00000,0.00000,0.00000,0.00000,0.00000
111.590,0,111575.000,171611,192000,3999.771,120.0,8,28,2,0.00000,0.00000,0.00000,0.00000,0.00000
111.590,1,111575.000,171611,192000,3999.771,120.0,8,28,2,0.00000,0.00000,0.00000,0.00000,0.00000
111.590,2,109592.000,76444,192000,3999.417,120.0,8,28,2,0.00000,0.00000,0.00000,0.00000,0.00000
111.692,0,111677.000,176515,192000,3999.604,120.0,8,28,2,0.00000,0.00000,0.00000,0.00000,0.00000
111.692,1,111677.000,176515,192000,3999.604,120.0,8,28,2,0.00000,0.00000,0.00000,0.00000,0.00000
111.692,2,109694.000,81348,192000,3999.250,120.0,8,28,2,0.00000,0.00000,0.00000,0.00000,0.00000
111.795,0,111779.000,181432,192000,3999.167,120.0,8,28,2,0.00000,0.00000,0.00000,0.00000,0.00000
111.795,1,111779.000,181432,192000,3999.167,120.0,8,28,2,0.00000,0.00000,0.00000,0.00000,0.00000
111.795,2,109797.000,86265,192000,3999.812,120.0,8,28,2,0.00000,0.00000,0.00000,0.00000,0.00000
111.896,0,111880.000,186283,192000,3999.104,120.0,8,28,2,0.00000,0.00000,0.00000,0.00000,0.00000
111.896,1,111880.000,186283,192000,3999.104,120.0,8,28,2,0.00000,0.00000,0.00000,0.00000,0.00000
111.896,2,109898.000,91116,192000,3999.750,120.0,8,28,2,0.00000,0.00000,0.00000,0.00000,0.00000
111.997,0,111981.000,191129,192000,3999.146,120.0,8,28,2,0.00000,0.00000,0.00000,0.00000,0.00000
111.997,1,111981.000,191129,192000,3999.146,120.0,8,28,2,0.00000,0.00000,0.00000,0.00000,0.00000
111.997,2,109999.000,95962,192000,3999.792,120.0,8,28,2,0.00000,0.00000,0.00000,0.00000,0.00000
112.099,0,112083.000,4006,192000,3999.542,120.0,8,29,2,0.00000,0.00000,0.00000,0.00000,0.00000
112.099,1,112083.000,4006,192000,3999.542,120.0,8,29,2,0.00000,0.00000,0.00000,0.00000,0.00000
112.099,2,110100.000,100839,192000,3999.188,120.0,8,28,2,0.00000,0.00000,0.00000,0.00000,0.00000
112.200,0,112184.000,8861,192000,3999.396,120.0,8,29,2,0.00000,0.00000,0.00000,0.00000,0.00000
112.200,1,112184.000,8861,192000,3999.396,120.0,8,29,2,0.00000,0.00000,0.00000,0.00000,0.00000
112.200,2,110201.000,105694,192000,3999.042,120.0,8,28,2,0.00000,0.00000,0.00000,0.00000,0.00000
112.302,0,112286.000,13775,192000,3999.021,120.0,8,29,2,0.00000,0.00000,0.00000,0.00000,0.00000
112.302,1,112286.000,13775,192000,3999.021,120.0,8,29,2,0.00000,0.00000,0.00000,0.00000,0.00000
112.302,2,110304.000,110608,192000,3999.667,120.0,8,28,2,0.00000,0.00000,0.00000,0.00000,0.00000
112.406,0,112391.000,18769,192000,3999.979,120.0,8,29,2,0.00000,0.00000,0.00000,0.00000,0.00000
112.406,1,112391.000,18769,192000,3999.979,120.0,8,29,2,0.00000,0.00000,0.00000,0.00000,0.00000
112.406,2,110408.000,115602,192000,3999.625,120.0,8,28,2,0.00000,0.00000,0.00000,0.00000,0.00000
112.508,0,112492.000,23652,192000,3999.250,120.0,8,29,2,0.00000,0.00000,0.00000,0.00000,0.00000
112.508,1,112492.000,23652,192000,3999.250,120.0,8,29,2,0.00000,0.00000,0.00000,0.00000,0.00000
112.508,2,110510.000,120485,192000,3999.896,120.0,8,28,2,0.00000,0.00000,0.00000,0.00000,0.00000
112.610,0,112595.000,28579,192000,3999.604,120.0,8,29,2,0.00000,0.00000,0.00000,0.00000,0.00000
112.610,1,112595.000,28579,192000,3999.604,120.0,8,29,2,0.00000,0.00000,0.00000,0.00000,0.00000
112.610,2,110612.000,125412,192000,3999.250,120.0,8,28,2,0.00000,0.00000,0.00000,0.00000,0.00000
112.713,0,112698.000,33514,192000,3999.792,120.0,8,29,2,0.00000,0.00000,0.00000,0.00000,0.00000
112.713,1,112698.000,33514,192000,3999.792,120.0,8,29,2,0.00000,0.00000,0.00000,0.00000,0.00000
112.713,2,110715.000,130347,192000,3999.438,120.0,8,28,2,0.00000,0.00000,0.00000,0.00000,0.00000
112.816,0,112800.000,38428,192000,3999.417,120.0,8,29,2,0.00000,0.00000,0.00000,0.00000,0.00000
112.816,1,112800.000,38428,192000,3999.417,120.0,8,29,2,0.00000,0.00000,0.00000,0.00000,0.00000
112.816,2,110817.000,135261,192000,3999.062,120.0,8,28,2,0.00000,0.00000,0.00000,0.00000,0.00000
112.918,0,112903.000,43365,192000,3999.562,120.0,8,29,2,0.00000,0.00000,0.00000,0.00000,0.00000
112.918,1,112903.000,43365,192000,3999.562,120.0,8,29,2,0.00000,0.00000,0.00000,0.00000,0.00000
112.918,2,110920.000,140198,192000,3999.208,120.0,8,28,2,0.00000,0.00000,0.00000,0.00000,0.00000
113.019,0,113004.000,48210,192000,3999.625,120.0,8,29,2,0.00000,0.00000,0.00000,0.00000,0.00000
113.019,1,113004.000,48210,192000,3999.625,120.0,8,29,2,0.00000,0.00000,0.00000,0.00000,0.00000
113.019,2,111021.000,145043,192000,3999.271,120.0,8,28,2,0.00000,0.00000,0.00000,0.00000,0.00000
113.120,0,113104.000,53028,192000,3999.250,120.0,8,29,2,0.00000,0.00000,0.00000,0.00000,0.00000
113.120,1,113104.000,53028,192000,3999.250,120.0,8,29,2,0.00000,0.00000,0.00000,0.00000,0.00000
113.120,2,111122.000,149861,192000,3999.896,120.0,8,28,2,0.00000,0.00000,0.00000,0.00000,0.00000
113.222,0,113207.000,57936,192000,0.000,120.0,8,29,2,0.00000,0.00000,0.00000,0.00000,0.00000
113.222,1,113207.000,57936,192000,0.000,120.0,8,29,2,0.00000,0.00000,0.00000,0.00000,0.00000
113.222,2,111224.000,154769,192000,3999.646,120.0,8,28,2,0.00000,0.00000,0.00000,0.00000,0.00000
113.322,0,113307.000,62747,192000,3999.771,120.0,8,29,2,0.00000,0.00000,0.00000,0.00000,0.00000
113.322,1,113307.000,62747,192000,3999.771,120.0,8,29,2,0.00000,0.00000,0.00000,0.00000,0.00000
113.322,2,111324.000,159580,192000,3999.417,120.0,8,28,2,0.00000,0.00000,0.00000,0.00000,0.00000
113.423,0,113407.000,67557,192000,3999.562,120.0,8,29,2,0.00000,0.00000,0.00000,0.00000,0.00000
113.423,1,113407.000,67557,192000,3999.562,120.0,8,29,2,0.00000,0.00000,0.00000,0.00000,0.00000
113.423,2,111424.000,164390,192000,3999.208,120.0,8,28,2,0.00000,0.00000,0.00000,0.00000,0.00000
113.525,0,113509.000,72478,192000,3999.042,120.0,8,29,2,0.00000,0.00000,0.00000,0.00000,0.00000
113.525,1,113509.000,72478,192000,3999.042,120.0,8,29,2,0.00000,0.00000,0.00000,0.00000,0.00000
113.525,2,111527.000,169311,192000,3999.688,120.0,8,28,2,0.00000,0.00000,0.00000,0.00000,0.00000
113.628,0,113612.000,77412,192000,3999.250,120.0,8,29,2,0.00000,0.00000,0.00000,0.00000,0.00000
113.628,1,113612.000,77412,192000,3999.250,120.0,8,29,2,0.00000,0.00000,0.00000,0.00000,0.00000
113.628,2,111630.000,174245,192000,3999.896,120.0,8,28,2,0.00000,0.00000,0.00000,0.00000,0.00000
113.728,0,113712.000,82212,192000,3999.250,120.0,8,29,2,0.00000,0.00000,0.00000,0.00000,0.00000
113.728,1,113712.000,82212,192000,3999.250,120.0,8,29,2,0.00000,0.00000,0.00000,0.00000,0.00000
113.728,2,111730.000,179045,192000,3999.896,120.0,8,28,2,0.00000,0.00000,0.00000,0.00000,0.00000
113.828,0,113813.000,87028,192000,3999.917,120.0,8,29,2,0.00000,0.00000,0.00000,0.00000,0.00000
113.828,1,113813.000,87028,192000,3999.917,120.0,8,29,2,0.00000,0.00000,0.00000,0.00000,0.00000
113.828,2,111830.000,183861,192000,3999.562,120.0,8,28,2,0.00000,0.00000,0.00000,0.00000,0.00000
113.931,0,113916.000,91975,192000,3999.854,120.0,8,29,2,0.00000,0.00000,0.00000,0.00000,0.00000
113.931,1,113916.000,91975,192000,3999.854,120.0,8,29,2,0.00000,0.00000,0.00000,0.00000,0.00000
113.931,2,111933.000,188808,192000,3999.500,120.0,8,28,2,0.00000,0.00000,0.00000,0.00000,0.00000
114.031,0,114016.000,96777,192000,3999.812,120.0,8,29,2,0.00000,0.00000,0.00000,0.00000,0.00000
114.031,1,114016.000,96777,192000,3999.812,120.0,8,29,2,0.00000,0.00000,0.00000,0.00000,0.00000
114.031,2,112033.000,1610,192000,3999.458,120.0,8,29,2,0.12023,0.11978,0.12023,0.00000,0.00000
114.133,0,114117.000,101642,192000,3999.458,120.0,8,29,2,0.00000,0.00000,0.00000,0.00000,0.00000
114.133,1,114117.000,101642,192000,3999.458,120.0,8,29,2,0.00000,0.00000,0.00000,0.00000,0.00000
114.133,2,112134.000,6475,192000,3999.104,120.0,8,29,2,0.07888,0.07858,0.07888,0.00000,0.00000
114.234,0,114218.000,106506,192000,3999.125,120.0,8,29,2,0.00000,0.00000,0.00000,0.00000,0.00000
114.234,1,114218.000,106506,192000,3999.125,120.0,8,29,2,0.00000,0.00000,0.00000,0.00000,0.00000
114.234,2,112236.000,11339,192000,3999.771,120.0,8,29,2,0.05175,0.05156,0.05175,0.00000,0.00000
114.335,0,114319.000,111355,192000,3999.104,120.0,8,29,2,0.00000,0.00000,0.00000,0.00000,0.00000
114.335,1,114319.000,111355,192000,3999.104,120.0,8,29,2,0.00000,0.00000,0.00000,0.00000,0.00000
114.335,2,112337.000,16188,192000,3999.750,120.0,8,29,2,0.03400,0.03387,0.03400,0.00000,0.00000
114.435,0,114420.000,116171,192000,3999.771,120.0,8,29,2,0.00000,0.00000,0.00000,0.00000,0.00000
114.435,1,114420.000,116171,192000,3999.771,120.0,8,29,2,0.00000,0.00000,0.00000,0.00000,0.00000
114.435,2,112437.000,21004,192000,3999.417,120.0,8,29,2,0.02240,0.02231,0.02240,0.00000,0.00000
114.536,0,114520.000,120987,192000,3999.438,120.0,8,29,2,0.00000,0.00000,0.00000,0.00000,0.00000
114.536,1,114520.000,120987,192000,3999.438,120.0,8,29,2,0.00000,0.00000,0.00000,0.00000,0.00000
114.536,2,112537.000,25820,192000,3999.083,120.0,8,29,2,0.01476,0.01470,0.01476,0.00000,0.00000
114.636,0,114621.000,125829,192000,3999.562,120.0,8,29,2,0.00000,0.00000,0.00000,0.00000,0.00000
114.636,1,114621.000,125829,192000,3999.562,120.0,8,29,2,0.00000,0.00000,0.00000,0.00000,0.00000
114.636,2,112638.000,30662,192000,3999.208,120.0,8,29,2,0.00970,0.00966,0.00970,0.00000,0.00000
114.737,0,114722.000,130667,192000,3999.771,120.0,8,29,2,0.00000,0.00000,0.00000,0.00000,0.00000
114.737,1,114722.000,130667,192000,3999.771,120.0,8,29,2,0.00000,0.00000,0.00000,0.00000,0.00000
114.737,2,112739.000,35500,192000,3999.417,120.0,8,29,2,0.00638,0.00636,0.00638,0.00000,0.00000
114.838,0,114822.000,135486,192000,3999.375,120.0,8,29,2,0.00000,0.00000,0.00000,0.00000,0.00000
114.838,1,114822.000,135486,192000,3999.375,120.0,8,29,2,0.00000,0.00000,0.00000,0.00000,0.00000
114.838,2,112839.000,40319,192000,3999.021,120.0,8,29,2,0.00420,0.00419,0.00420,0.00000,0.00000
114.940,0,114924.000,140394,192000,3999.125,120.0,8,29,2,0.00000,0.00000,0.00000,0.00000,0.00000
114.940,1,114924.000,140394,192000,3999.125,120.0,8,29,2,0.00000,0.00000,0.00000,0.00000,0.00000
114.940,2,112942.000,45227,192000,3999.771,120.0,8,29,2,0.00275,0.00274,0.00275,0.00000,0.00000
115.041,0,115025.000,145246,192000,3999.042,120.0,8,29,2,0.00000,0.00000,0.00000,0.00000,0.00000
115.041,1,115025.000,145246,192000,3999.042,120.0,8,29,2,0.00000,0.00000,0.00000,0.00000,0.00000
115.041,2,113043.000,50079,192000,3999.688,120.0,8,29,2,0.00180,0.00180,0.00180,0.00000,0.00000
115.143,0,115128.000,150161,192000,3999.646,120.0,8,29,2,0.00000,0.00000,0.00000,0.00000,0.00000
115.143,1,115128.000,150161,192000,3999.646,120.0,8,29,2,0.00000,0.00000,0.00000,0.00000,0.00000
115.143,2,113145.000,54994,192000,3999.292,120.0,8,29,2,0.00118,0.00117,0.00118,0.00000,0.00000
115.245,0,115229.000,155031,192000,3999.188,120.0,8,29,2,0.00000,0.00000,0.00000,0.00000,0.00000
115.245,1,115229.000,155031,192000,3999.188,120.0,8,29,2,0.00000,0.00000,0.00000,0.00000,0.00000
115.245,2,113247.000,59864,192000,3999.833,120.0,8,29,2,0.00077,0.00077,0.00077,0.00000,0.00000
115.348,0,115332.000,159972,192000,3999.250,120.0,8,29,2,0.00000,0.00000,0.00000,0.00000,0.00000
115.348,1,115332.000,159972,192000,3999.250,120.0,8,29,2,0.00000,0.00000,0.00000,0.00000,0.00000
115.348,2,113350.000,64805,192000,3999.896,120.0,8,29,2,0.00050,0.00050,0.00050,0.00000,0.00000
115.451,0,115435.000,164915,192000,3999.271,120.0,8,29,2,0.00000,0.00000,0.00000,0.00000,0.00000
115.451,1,115435.000,164915,192000,3999.271,120.0,8,29,2,0.00000,0.00000,0.00000,0.00000,0.00000
115.451,2,113453.000,69748,192000,3999.917,120.0,8,29,2,0.00033,0.00033,0.00033,0.00000,0.00000
115.551,0,115536.000,169745,192000,3999.646,120.0,8,29,2,0.00000,0.00000,0.00000,0.00000,0.00000
115.551,1,115536.000,169745,192000,3999.646,120.0,8,29,2,0.00000,0.00000,0.00000,0.00000,0.00000
115.551,2,113553.000,74578,192000,3999.292,120.0,8,29,2,0.00022,0.00022,0.00022,0.00000,0.00000
115.652,0,115637.000,174588,192000,3999.750,120.0,8,29,2,0.00000,0.00000,0.00000,0.00000,0.00000
115.652,1,115637.000,174588,192000,3999.750,120.0,8,29,2,0.00000,0.00000,0.00000,0.00000,0.00000
115.652,2,113654.000,79421,192000,3999.396,120.0,8,29,2,0.00014,0.00014,0.00014,0.00000,0.00000
115.753,0,115738.000,179435,192000,3999.771,120.0,8,29,2,0.00000,0.00000,0.00000,0.00000,0.00000
115.753,1,115738.000,179435,192000,3999.771,120.0,8,29,2,0.00000,0.00000,0.00000,0.00000,0.00000
115.753,2,113755.000,84268,192000,3999.417,120.0,8,29,2,0.00009,0.00009,0.00009,0.00000,0.00000
115.855,0,115840.000,184320,192000,0.000,120.0,8,29,2,0.00000,0.00000,0.00000,0.00000,0.00000
115.855,1,115840.000,184320,192000,0.000,120.0,8,29,2,0.00000,0.00000,0.00000,0.00000,0.00000
115.855,2,113857.000,89153,192000,3999.646,120.0,8,29,2,0.00006,0.00006,0.00006,0.00000,0.00000
115.957,0,115942.000,189237,192000,3999.562,120.0,8,29,2,0.00000,0.00000,0.00000,0.00000,0.00000
115.957,1,115942.000,189237,192000,3999.562,120.0,8,29,2,0.00000,0.00000,0.00000,0.00000,0.00000
115.957,2,113959.000,94070,192000,3999.208,120.0,8,29,2,0.00004,0.00004,0.00004,0.00000,0.00000
116.060,0,116045.000,2163,192000,3999.938,120.0,8,30,2,0.11429,0.11418,0.11429,0.00000,0.00000
116.060,1,116045.000,2163,192000,3999.938,120.0,8,30,2,0.11418,0.11418,0.11412,0.00000,0.00000
116.060,2,114062.000,98996,192000,3999.583,120.0,8,29,2,0.00003,0.00003,0.00003,0.00000,0.00000
116.161,0,116146.000,7023,192000,3999.688,120.0,8,30,2,0.07501,0.07494,0.07501,0.00000,0.00000
116.161,1,116146.000,7023,192000,3999.688,120.0,8,30,2,0.07494,0.07494,0.07490,0.00000,0.00000
116.161,2,114163.000,103856,192000,3999.333,120.0,8,29,2,0.00002,0.00002,0.00002,0.00000,0.00000
116.261,0,116246.000,11829,192000,3999.562,120.0,8,30,2,0.04946,0.04942,0.04946,0.00000,0.00000
116.261,1,116246.000,11829,192000,3999.562,120.0,8,30,2,0.04942,0.04942,0.04939,0.00000,0.00000
116.261,2,114263.000,108662,192000,3999.208,120.0,8,29,2,0.00001,0.00001,0.00001,0.00000,0.00000
116.364,0,116348.000,16744,192000,3999.167,120.0,8,30,2,0.03231,0.03228,0.03231,0.00000,0.00000
116.364,1,116348.000,16744,192000,3999.167,120.0,8,30,2,0.03228,0.03228,0.03226,0.00000,0.00000
116.364,2,114366.000,113577,192000,3999.812,120.0,8,29,2,0.00001,0.00001,0.00001,0.00000,0.00000
116.467,0,116451.000,21678,192000,3999.375,120.0,8,30,2,0.02107,0.02105,0.02107,0.00000,0.00000
116.467,1,116451.000,21678,192000,3999.375,120.0,8,30,2,0.02105,0.02105,0.02104,0.00000,0.00000
116.467,2,114468.000,118511,192000,3999.021,120.0,8,29,2,0.00000,0.00000,0.00000,0.00000,0.00000
116.567,0,116551.000,26495,192000,3999.021,120.0,8,30,2,0.01388,0.01387,0.01388,0.00000,0.00000
116.567,1,116551.000,26495,192000,3999.021,120.0,8,30,2,0.01387,0.01387,0.01386,0.00000,0.00000
116.567,2,114569.000,123328,192000,3999.667,120.0,8,29,2,0.00000,0.00000,0.00000,0.00000,0.00000
116.668,0,116653.000,31351,192000,3999.854,120.0,8,30,2,0.00911,0.00911,0.00911,0.00000,0.00000
116.668,1,116653.000,31351,192000,3999.854,120.0,8,30,2,0.00911,0.00911,0.00910,0.00000,0.00000
116.668,2,114670.000,128184,192000,3999.500,120.0,8,29,2,0.00000,0.00000,0.00000,0.00000,0.00000
116.770,0,116754.000,36236,192000,3999.083,120.0,8,30,2,0.00597,0.00596,0.00597,0.00000,0.00000
116.770,1,116754.000,36236,192000,3999.083,120.0,8,30,2,0.00596,0.00596,0.00596,0.00000,0.00000
116.770,2,114772.000,133069,192000,3999.729,120.0,8,29,2,0.00000,0.00000,0.00000,0.00000,0.00000
116.871,0,116856.000,41088,192000,0.000,120.0,8,30,2,0.00392,0.00392,0.00392,0.00000,0.00000
116.871,1,116856.000,41088,192000,0.000,120.0,8,30,2,0.00392,0.00392,0.00391,0.00000,0.00000
116.871,2,114873.000,137921,192000,3999.646,120.0,8,29,2,0.00000,0.00000,0.00000,0.00000,0.00000
116.974,0,116958.000,46011,192000,3999.438,120.0,8,30,2,0.00256,0.00256,0.00256,0.00000,0.00000
116.974,1,116958.000,46011,192000,3999.438,120.0,8,30,2,0.00256,0.00256,0.00256,0.00000,0.00000
116.974,2,114975.000,142844,192000,3999.083,120.0,8,29,2,0.00000,0.00000,0.00000,0.00000,0.00000
117.074,0,117059.000,50850,192000,3999.625,120.0,8,30,2,0.00168,0.00168,0.00168,0.00000,0.00000
117.074,1,117059.000,50850,192000,3999.625,120.0,8,30,2,0.00168,0.00168,0.00168,0.00000,0.00000
117.074,2,115076.000,147683,192000,3999.271,120.0,8,29,2,0.00000,0.00000,0.00000,0.00000,0.00000
117.175,0,117159.000,55657,192000,3999.479,120.0,8,30,2,0.00111,0.00111,0.00111,0.00000,0.00000
117.175,1,117159.000,55657,192000,3999.479,120.0,8,30,2,0.00111,0.00111,0.00111,0.00000,0.00000
117.175,2,115176.000,152490,192000,3999.125,120.0,8,29,2,0.00000,0.00000,0.00000,0.00000,0.00000
117.275,0,117259.000,60474,192000,3999.125,120.0,8,30,2,0.00073,0.00073,0.00073,0.00000,0.00000
117.275,1,117259.000,60474,192000,3999.125,120.0,8,30,2,0.00073,0.00073,0.00073,0.00000,0.00000
117.275,2,115277.000,157307,192000,3999.771,120.0,8,29,2,0.00000,0.00000,0.00000,0.00000,0.00000
117.377,0,117362.000,65385,192000,3999.812,120.0,8,30,2,0.00048,0.00048,0.00048,0.00000,0.00000
117.377,1,117362.000,65385,192000,3999.812,120.0,8,30,2,0.00048,0.00048,0.00048,0.00000,0.00000
117.377,2,115379.000,162218,192000,3999.458,120.0,8,29,2,0.00000,0.00000,0.00000,0.00000,0.00000
117.479,0,117463.000,70250,192000,3999.458,120.0,8,30,2,0.00031,0.00031,0.00031,0.00000,0.00000
117.479,1,117463.000,70250,192000,3999.458,120.0,8,30,2,0.00031,0.00031,0.00031,0.00000,0.00000
117.479,2,115480.000,167083,192000,3999.104,120.0,8,29,2,0.00000,0.00000,0.00000,0.00000,0.00000
117.580,0,117564.000,75111,192000,3999.188,120.0,8,30,2,0.00021,0.00021,0.00021,0.00000,0.00000
117.580,1,117564.000,75111,192000,3999.188,120.0,8,30,2,0.00021,0.00021,0.00021,0.00000,0.00000
117.580,2,115582.000,171944,192000,3999.833,120.0,8,29,2,0.00000,0.00000,0.00000,0.00000,0.00000
117.682,0,117667.000,80030,192000,3999.708,120.0,8,30,2,0.00013,0.00013,0.00013,0.00000,0.00000
117.682,1,117667.000,80030,192000,3999.708,120.0,8,30,2,0.00013,0.00013,0.00013,0.00000,0.00000
117.682,2,115684.000,176863,192000,3999.354,120.0,8,29,2,0.00000,0.00000,0.00000,0.00000,0.00000
117.782,0,117767.000,84831,192000,3999.688,120.0,8,30,2,0.00009,0.00009,0.00009,0.00000,0.00000
117.782,1,117767.000,84831,192000,3999.688,120.0,8,30,2,0.00009,0.00009,0.00009,0.00000,0.00000
117.782,2,115784.000,181664,192000,3999.333,120.0,8,29,2,0.00000,0.00000,0.00000,0.00000,0.00000
117.884,0,117868.000,89706,192000,3999.125,120.0,8,30,2,0.00006,0.00006,0.00006,0.00000,0.00000
117.884,1,117868.000,89706,192000,3999.125,120.0,8,30,2,0.00006,0.00006,0.00006,0.00000,0.00000
117.884,2,115886.000,186539,192000,3999.771,120.0,8,29,2,0.00000,0.00000,0.00000,0.00000,0.00000
117.984,0,117969.000,94533,192000,3999.562,120.0,8,30,2,0.00004,0.00004,0.00004,0.00000,0.00000
117.984,1,117969.000,94533,192000,3999.562,120.0,8,30,2,0.00004,0.00004,0.00004,0.00000,0.00000
117.984,2,115986.000,191366,192000,3999.208,120.0,8,29,2,0.00000,0.00000,0.00000,0.00000,0.00000
118.087,0,118072.000,99474,192000,3999.625,120.0,8,30,2,0.00002,0.00002,0.00002,0.00000,0.00000
118.087,1,118072.000,99474,192000,3999.625,120.0,8,30,2,0.00002,0.00002,0.00002,0.00000,0.00000
118.087,2,116089.000,4307,192000,3999.271,120.0,8,30,2,0.00000,0.00000,0.00000,0.00000,0.00000
118.189,0,118173.000,104348,192000,3999.083,120.0,8,30,2,0.00002,0.00002,0.00002,0.00000,0.00000
118.189,1,118173.000,104348,192000,3999.083,120.0,8,30,2,0.00002,0.00002,0.00002,0.00000,0.00000
118.189,2,116191.000,9181,192000,3999.729,120.0,8,30,2,0.00000,0.00000,0.00000,0.00000,0.00000
118.290,0,118274.000,109182,192000,3999.375,120.0,8,30,2,0.00001,0.00001,0.00001,0.00000,0.00000
118.290,1,118274.000,109182,192000,3999.375,120.0,8,30,2,0.00001,0.00001,0.00001,0.00000,0.00000
118.290,2,116291.000,14015,192000,3999.021,120.0,8,30,2,0.00000,0.00000,0.00000,0.00000,0.00000
118.392,0,118376.000,114082,192000,3999.292,120.0,8,30,2,0.00001,0.00001,0.00001,0.00000,0.00000
118.392,1,118376.000,114082,192000,3999.292,120.0,8,30,2,0.00001,0.00001,0.00001,0.00000,0.00000
118.392,2,116394.000,18915,192000,3999.938,120.0,8,30,2,0.00000,0.00000,0.00000,0.00000,0.00000
118.494,0,118479.000,119010,192000,3999.625,120.0,8,30,2,0.00000,0.00000,0.00000,0.00000,0.00000
118.494,1,118479.000,119010,192000,3999.625,120.0,8,30,2,0.00000,0.00000,0.00000,0.00000,0.00000
118.494,2,116496.000,23843,192000,3999.271,120.0,8,30,2,0.00000,0.00000,0.00000,0.00000,0.00000
118.595,0,118580.000,123860,192000,3999.583,120.0,8,30,2,0.00000,0.00000,0.00000,0.00000,0.00000
118.595,1,118580.000,123860,192000,3999.583,120.0,8,30,2,0.00000,0.00000,0.00000,0.00000,0.00000
118.595,2,116597.000,28693,192000,3999.229,120.0,8,30,2,0.00000,0.00000,0.00000,0.00000,0.00000
118.697,0,118682.000,128755,192000,3999.604,120.0,8,30,2,0.00000,0.00000,0.00000,0.00000,0.00000
118.697,1,118682.000,128755,192000,3999.604,120.0,8,30,2,0.00000,0.00000,0.00000,0.00000,0.00000
118.697,2,116699.000,33588,192000,3999.250,120.0,8,30,2,0.00000,0.00000,0.00000,0.00000,0.00000
118.799,0,118783.000,133624,192000,3999.167,120.0,8,30,2,0.00000,0.00000,0.00000,0.00000,0.00000
118.799,1,118783.000,133624,192000,3999.167,120.0,8,30,2,0.00000,0.00000,0.00000,0.00000,0.00000
118.799,2,116801.000,38457,192000,3999.812,120.0,8,30,2,0.00000,0.00000,0.00000,0.00000,0.00000
118.899,0,118884.000,138439,192000,3999.854,120.0,8,30,2,0.00000,0.00000,0.00000,0.00000,0.00000
118.899,1,118884.000,138439,192000,3999.854,120.0,8,30,2,0.00000,0.00000,0.00000,0.00000,0.00000
118.899,2,116901.000,43272,192000,3999.500,120.0,8,30,2,0.00000,0.00000,0.00000,0.00000,0.00000
119.002,0,118986.000,143363,192000,3999.271,120.0,8,30,2,0.00000,0.00000,0.00000,0.00000,0.00000
119.002,1,118986.000,143363,192000,3999.271,120.0,8,30,2,0.00000,0.00000,0.00000,0.00000,0.00000
119.002,2,117004.000,48196,192000,3999.917,120.0,8,30,2,0.00000,0.00000,0.00000,0.00000,0.00000
119.103,0,119088.000,148225,192000,3999.979,120.0,8,30,2,0.00000,0.00000,0.00000,0.00000,0.00000
119.103,1,119088.000,148225,192000,3999.979,120.0,8,30,2,0.00000,0.00000,0.00000,0.00000,0.00000
119.103,2,117105.000,53058,192000,3999.625,120.0,8,30,2,0.00000,0.00000,0.00000,0.00000,0.00000
119.204,0,119188.000,153056,192000,3999.333,120.0,8,30,2,0.00000,0.00000,0.00000,0.00000,0.00000
119.204,1,119188.000,153056,192000,3999.333,120.0,8,30,2,0.00000,0.00000,0.00000,0.00000,0.00000
119.204,2,117206.000,57889,192000,3999.979,120.0,8,30,2,0.00000,0.00000,0.00000,0.00000,0.00000
119.305,0,119290.000,157922,192000,3999.958,120.0,8,30,2,0.00000,0.00000,0.00000,0.00000,0.00000
119.305,1,119290.000,157922,192000,3999.958,120.0,8,30,2,0.00000,0.00000,0.00000,0.00000,0.00000
119.305,2,117307.000,62755,192000,3999.604,120.0,8,30,2,0.00000,0.00000,0.00000,0.00000,0.00000
119.406,0,119391.000,162770,192000,3999.958,120.0,8,30,2,0.00000,0.00000,0.00000,0.00000,0.00000
119.406,1,119391.000,162770,192000,3999.958,120.0,8,30,2,0.00000,0.00000,0.00000,0.00000,0.00000
119.406,2,117408.000,67603,192000,3999.604,120.0,8,30,2,0.00000,0.00000,0.00000,0.00000,0.00000
119.508,0,119493.000,167665,192000,3999.979,120.0,8,30,2,0.00000,0.00000,0.00000,0.00000,0.00000
119.508,1,119493.000,167665,192000,3999.979,120.0,8,30,2,0.00000,0.00000,0.00000,0.00000,0.00000
119.508,2,117510.000,72498,192000,3999.625,120.0,8,30,2,0.00000,0.00000,0.00000,0.00000,0.00000
119.609,0,119594.000,172515,192000,3999.938,120.0,8,30,2,0.00000,0.00000,0.00000,0.00000,0.00000
119.609,1,119594.000,172515,192000,3999.938,120.0,8,30,2,0.00000,0.00000,0.00000,0.00000,0.00000
119.609,2,117611.000,77348,192000,3999.583,120.0,8,30,2,0.00000,0.00000,0.00000,0.00000,0.00000
119.711,0,119695.000,177397,192000,3999.229,120.0,8,30,2,0.00000,0.00000,0.00000,0.00000,0.00000
119.711,1,119695.000,177397,192000,3999.229,120.0,8,30,2,0.00000,0.00000,0.00000,0.00000,0.00000
119.711,2,117713.000,82230,192000,3999.875,120.0,8,30,2,0.00000,0.00000,0.00000,0.00000,0.00000
119.811,0,119796.000,182219,192000,3999.771,120.0,8,30,2,0.00000,0.00000,0.00000,0.00000,0.00000
119.811,1,119796.000,182219,192000,3999.771,120.0,8,30,2,0.00000,0.00000,0.00000,0.00000,0.00000
119.811,2,117813.000,87052,192000,3999.417,120.0,8,30,2,0.00000,0.00000,0.00000,0.00000,0.00000
119.913,0,119898.000,187114,192000,3999.792,120.0,8,30,2,0.00000,0.00000,0.00000,0.00000,0.00000
119.913,1,119898.000,187114,192000,3999.792,120.0,8,30,2,0.00000,0.00000,0.00000,0.00000,0.00000
119.913,2,117915.000,91947,192000,3999.438,120.0,8,30,2,0.00000,0.00000,0.00000,0.00000,0.00000
