t_s,idx,spos_ms,interval_pos,interval_len,interval_phase_ms,bpm,bpi,loop,nusers,remote_peak
0.100,0,87.000,4209,192000,3999.312,120.0,8,1,2,0.00000
0.100,1,87.000,4209,192000,3999.312,120.0,8,1,2,0.00000
0.100,2,87.000,4209,192000,3999.312,120.0,8,1,2,0.00000
0.202,0,189.000,9103,192000,3999.354,120.0,8,1,2,0.00000
0.202,1,189.000,9103,192000,3999.354,120.0,8,1,2,0.00000
0.202,2,189.000,9103,192000,3999.354,120.0,8,1,2,0.00000
0.303,0,290.000,13930,192000,3999.792,120.0,8,1,2,0.00000
0.303,1,290.000,13930,192000,3999.792,120.0,8,1,2,0.00000
0.303,2,290.000,13930,192000,3999.792,120.0,8,1,2,0.00000
0.405,0,392.000,18850,192000,3999.292,120.0,8,1,2,0.00000
0.405,1,392.000,18850,192000,3999.292,120.0,8,1,2,0.00000
0.405,2,392.000,18850,192000,3999.292,120.0,8,1,2,0.00000
0.507,0,494.000,23721,192000,3999.812,120.0,8,1,2,0.00000
0.507,1,494.000,23721,192000,3999.812,120.0,8,1,2,0.00000
0.507,2,494.000,23721,192000,3999.812,120.0,8,1,2,0.00000
0.609,0,596.000,28621,192000,3999.729,120.0,8,1,2,0.00000
0.609,1,596.000,28621,192000,3999.729,120.0,8,1,2,0.00000
0.609,2,596.000,28621,192000,3999.729,120.0,8,1,2,0.00000
0.711,0,698.000,33516,192000,3999.750,120.0,8,1,2,0.00000
0.711,1,698.000,33516,192000,3999.750,120.0,8,1,2,0.00000
0.711,2,698.000,33516,192000,3999.750,120.0,8,1,2,0.00000
0.811,0,798.000,38321,192000,3999.646,120.0,8,1,2,0.00000
0.811,1,798.000,38321,192000,3999.646,120.0,8,1,2,0.00000
0.811,2,798.000,38321,192000,3999.646,120.0,8,1,2,0.00000
0.912,0,899.000,43197,192000,3999.062,120.0,8,1,2,0.00000
0.912,1,899.000,43197,192000,3999.062,120.0,8,1,2,0.00000
0.912,2,899.000,43197,192000,3999.062,120.0,8,1,2,0.00000
1.013,0,1000.000,48040,192000,3999.167,120.0,8,1,2,0.00000
1.013,1,1000.000,48040,192000,3999.167,120.0,8,1,2,0.00000
1.013,2,1000.000,48040,192000,3999.167,120.0,8,1,2,0.00000
1.114,0,1101.000,52889,192000,3999.146,120.0,8,1,2,0.00000
1.114,1,1101.000,52889,192000,3999.146,120.0,8,1,2,0.00000
1.114,2,1101.000,52889,192000,3999.146,120.0,8,1,2,0.00000
1.215,0,1202.000,57706,192000,3999.792,120.0,8,1,2,0.00000
1.215,1,1202.000,57706,192000,3999.792,120.0,8,1,2,0.00000
1.215,2,1202.000,57706,192000,3999.792,120.0,8,1,2,0.00000
1.317,0,1304.000,62630,192000,3999.208,120.0,8,1,2,0.00000
1.317,1,1304.000,62630,192000,3999.208,120.0,8,1,2,0.00000
1.317,2,1304.000,62630,192000,3999.208,120.0,8,1,2,0.00000
1.417,0,1404.000,67434,192000,3999.125,120.0,8,1,2,0.00000
1.417,1,1404.000,67434,192000,3999.125,120.0,8,1,2,0.00000
1.417,2,1404.000,67434,192000,3999.125,120.0,8,1,2,0.00000
1.518,0,1505.000,72254,192000,3999.708,120.0,8,1,2,0.00000
1.518,1,1505.000,72254,192000,3999.708,120.0,8,1,2,0.00000
1.518,2,1505.000,72254,192000,3999.708,120.0,8,1,2,0.00000
1.618,0,1605.000,77083,192000,3999.104,120.0,8,1,2,0.00000
1.618,1,1605.000,77083,192000,3999.104,120.0,8,1,2,0.00000
1.618,2,1605.000,77083,192000,3999.104,120.0,8,1,2,0.00000
1.720,0,1707.000,81961,192000,3999.479,120.0,8,1,2,0.00000
1.720,1,1707.000,81961,192000,3999.479,120.0,8,1,2,0.00000
1.720,2,1707.000,81961,192000,3999.479,120.0,8,1,2,0.00000
1.820,0,1807.000,86767,192000,3999.354,120.0,8,1,2,0.00000
1.820,1,1807.000,86767,192000,3999.354,120.0,8,1,2,0.00000
1.820,2,1807.000,86767,192000,3999.354,120.0,8,1,2,0.00000
1.921,0,1908.000,91625,192000,3999.146,120.0,8,1,2,0.00000
1.921,1,1908.000,91625,192000,3999.146,120.0,8,1,2,0.00000
1.921,2,1908.000,91625,192000,3999.146,120.0,8,1,2,0.00000
2.024,0,2011.000,96547,192000,3999.604,120.0,8,1,2,0.00000
2.024,1,2011.000,96547,192000,3999.604,120.0,8,1,2,0.00000
2.024,2,2011.000,96547,192000,3999.604,120.0,8,1,2,0.00000
2.125,0,2113.000,101424,192000,0.000,120.0,8,1,2,0.00000
2.125,1,2113.000,101424,192000,0.000,120.0,8,1,2,0.00000
2.125,2,2113.000,101424,192000,0.000,120.0,8,1,2,0.00000
2.226,0,2213.000,106257,192000,3999.312,120.0,8,1,2,0.00000
2.226,1,2213.000,106257,192000,3999.312,120.0,8,1,2,0.00000
2.226,2,2213.000,106257,192000,3999.312,120.0,8,1,2,0.00000
2.328,0,2315.000,111160,192000,3999.167,120.0,8,1,2,0.00000
2.328,1,2315.000,111160,192000,3999.167,120.0,8,1,2,0.00000
2.328,2,2315.000,111160,192000,3999.167,120.0,8,1,2,0.00000
2.430,0,2417.000,116056,192000,3999.167,120.0,8,1,2,0.00000
2.430,1,2417.000,116056,192000,3999.167,120.0,8,1,2,0.00000
2.430,2,2417.000,116056,192000,3999.167,120.0,8,1,2,0.00000
2.533,0,2520.000,120993,192000,3999.312,120.0,8,1,2,0.00000
2.533,1,2520.000,120993,192000,3999.312,120.0,8,1,2,0.00000
2.533,2,2520.000,120993,192000,3999.312,120.0,8,1,2,0.00000
2.635,0,2622.000,125900,192000,3999.083,120.0,8,1,2,0.00000
2.635,1,2622.000,125900,192000,3999.083,120.0,8,1,2,0.00000
2.635,2,2622.000,125900,192000,3999.083,120.0,8,1,2,0.00000
2.737,0,2725.000,130800,192000,0.000,120.0,8,1,2,0.00000
2.737,1,2725.000,130800,192000,0.000,120.0,8,1,2,0.00000
2.737,2,2725.000,130800,192000,0.000,120.0,8,1,2,0.00000
2.838,0,2825.000,135634,192000,3999.292,120.0,8,1,2,0.00000
2.838,1,2825.000,135634,192000,3999.292,120.0,8,1,2,0.00000
2.838,2,2825.000,135634,192000,3999.292,120.0,8,1,2,0.00000
2.940,0,2928.000,140548,192000,3999.917,120.0,8,1,2,0.00000
2.940,1,2928.000,140548,192000,3999.917,120.0,8,1,2,0.00000
2.940,2,2928.000,140548,192000,3999.917,120.0,8,1,2,0.00000
3.043,0,3030.000,145457,192000,3999.646,120.0,8,1,2,0.00000
3.043,1,3030.000,145457,192000,3999.646,120.0,8,1,2,0.00000
3.043,2,3030.000,145457,192000,3999.646,120.0,8,1,2,0.00000
3.145,0,3132.000,150375,192000,3999.188,120.0,8,1,2,0.00000
3.145,1,3132.000,150375,192000,3999.188,120.0,8,1,2,0.00000
3.145,2,3132.000,150375,192000,3999.188,120.0,8,1,2,0.00000
3.247,0,3234.000,155272,192000,3999.167,120.0,8,1,2,0.00000
3.247,1,3234.000,155272,192000,3999.167,120.0,8,1,2,0.00000
3.247,2,3234.000,155272,192000,3999.167,120.0,8,1,2,0.00000
3.349,0,3336.000,160164,192000,3999.250,120.0,8,1,2,0.00000
3.349,1,3336.000,160164,192000,3999.250,120.0,8,1,2,0.00000
3.349,2,3336.000,160164,192000,3999.250,120.0,8,1,2,0.00000
3.451,0,3439.000,165077,192000,3999.896,120.0,8,1,2,0.00000
3.451,1,3439.000,165077,192000,3999.896,120.0,8,1,2,0.00000
3.451,2,3439.000,165077,192000,3999.896,120.0,8,1,2,0.00000
3.554,0,3541.000,170005,192000,3999.229,120.0,8,1,2,0.00000
3.554,1,3541.000,170005,192000,3999.229,120.0,8,1,2,0.00000
3.554,2,3541.000,170005,192000,3999.229,120.0,8,1,2,0.00000
3.656,0,3643.000,174905,192000,3999.146,120.0,8,1,2,0.00000
3.656,1,3643.000,174905,192000,3999.146,120.0,8,1,2,0.00000
3.656,2,3643.000,174905,192000,3999.146,120.0,8,1,2,0.00000
3.758,0,3745.000,179797,192000,3999.229,120.0,8,1,2,0.00000
3.758,1,3745.000,179797,192000,3999.229,120.0,8,1,2,0.00000
3.758,2,3745.000,179797,192000,3999.229,120.0,8,1,2,0.00000
3.858,0,3846.000,184608,192000,0.000,120.0,8,1,2,0.00000
3.858,1,3846.000,184608,192000,0.000,120.0,8,1,2,0.00000
3.858,2,3846.000,184608,192000,0.000,120.0,8,1,2,0.00000
3.960,0,3947.000,189478,192000,3999.542,120.0,8,1,2,0.00000
3.960,1,3947.000,189478,192000,3999.542,120.0,8,1,2,0.00000
3.960,2,3947.000,189478,192000,3999.542,120.0,8,1,2,0.00000
4.062,0,4049.000,2370,192000,3999.625,120.0,8,2,2,0.00000
4.062,1,4049.000,2370,192000,3999.625,120.0,8,2,2,0.00000
4.062,2,4049.000,2370,192000,3999.625,120.0,8,2,2,0.00000
4.163,0,4150.000,7247,192000,3999.021,120.0,8,2,2,0.00000
4.163,1,4150.000,7247,192000,3999.021,120.0,8,2,2,0.00000
4.163,2,4150.000,7247,192000,3999.021,120.0,8,2,2,0.00000
4.266,0,4253.000,12152,192000,3999.833,120.0,8,2,2,0.00000
4.266,1,4253.000,12152,192000,3999.833,120.0,8,2,2,0.00000
4.266,2,4253.000,12152,192000,3999.833,120.0,8,2,2,0.00000
4.366,0,4353.000,16991,192000,3999.021,120.0,8,2,2,0.00000
4.366,1,4353.000,16991,192000,3999.021,120.0,8,2,2,0.00000
4.366,2,4353.000,16991,192000,3999.021,120.0,8,2,2,0.00000
4.469,0,4456.000,21917,192000,3999.396,120.0,8,2,2,0.00000
4.469,1,4456.000,21917,192000,3999.396,120.0,8,2,2,0.00000
4.469,2,4456.000,21917,192000,3999.396,120.0,8,2,2,0.00000
4.571,0,4559.000,26838,192000,3999.875,120.0,8,2,2,0.00000
4.571,1,4559.000,26838,192000,3999.875,120.0,8,2,2,0.00000
4.571,2,4559.000,26838,192000,3999.875,120.0,8,2,2,0.00000
4.672,0,4659.000,31678,192000,3999.042,120.0,8,2,2,0.00000
4.672,1,4659.000,31678,192000,3999.042,120.0,8,2,2,0.00000
4.672,2,4659.000,31678,192000,3999.042,120.0,8,2,2,0.00000
4.773,0,4760.000,36515,192000,3999.271,120.0,8,2,2,0.00000
4.773,1,4760.000,36515,192000,3999.271,120.0,8,2,2,0.00000
4.773,2,4760.000,36515,192000,3999.271,120.0,8,2,2,0.00000
4.874,0,4861.000,41373,192000,3999.062,120.0,8,2,2,0.00000
4.874,1,4861.000,41373,192000,3999.062,120.0,8,2,2,0.00000
4.874,2,4861.000,41373,192000,3999.062,120.0,8,2,2,0.00000
4.976,0,4963.000,46257,192000,3999.312,120.0,8,2,2,0.00000
4.976,1,4963.000,46257,192000,3999.312,120.0,8,2,2,0.00000
4.976,2,4963.000,46257,192000,3999.312,120.0,8,2,2,0.00000
5.078,0,5065.000,51156,192000,3999.250,120.0,8,2,2,0.00000
5.078,1,5065.000,51156,192000,3999.250,120.0,8,2,2,0.00000
5.078,2,5065.000,51156,192000,3999.250,120.0,8,2,2,0.00000
5.179,0,5166.000,56013,192000,3999.062,120.0,8,2,2,0.00000
5.179,1,5166.000,56013,192000,3999.062,120.0,8,2,2,0.00000
5.179,2,5166.000,56013,192000,3999.062,120.0,8,2,2,0.00000
5.282,0,5269.000,60937,192000,3999.479,120.0,8,2,2,0.00000
5.282,1,5269.000,60937,192000,3999.479,120.0,8,2,2,0.00000
5.282,2,5269.000,60937,192000,3999.479,120.0,8,2,2,0.00000
5.384,0,5371.000,65827,192000,3999.604,120.0,8,2,2,0.00000
5.384,1,5371.000,65827,192000,3999.604,120.0,8,2,2,0.00000
5.384,2,5371.000,65827,192000,3999.604,120.0,8,2,2,0.00000
5.484,0,5471.000,70650,192000,3999.125,120.0,8,2,2,0.00000
5.484,1,5471.000,70650,192000,3999.125,120.0,8,2,2,0.00000
5.484,2,5471.000,70650,192000,3999.125,120.0,8,2,2,0.00000
5.586,0,5573.000,75512,192000,3999.833,120.0,8,2,2,0.00000
5.586,1,5573.000,75512,192000,3999.833,120.0,8,2,2,0.00000
5.586,2,5573.000,75512,192000,3999.833,120.0,8,2,2,0.00000
5.686,0,5673.000,80341,192000,3999.229,120.0,8,2,2,0.00000
5.686,1,5673.000,80341,192000,3999.229,120.0,8,2,2,0.00000
5.686,2,5673.000,80341,192000,3999.229,120.0,8,2,2,0.00000
5.787,0,5774.000,85172,192000,3999.583,120.0,8,2,2,0.00000
5.787,1,5774.000,85172,192000,3999.583,120.0,8,2,2,0.00000
5.787,2,5774.000,85172,192000,3999.583,120.0,8,2,2,0.00000
5.888,0,5875.000,90016,192000,3999.667,120.0,8,2,2,0.00000
5.888,1,5875.000,90016,192000,3999.667,120.0,8,2,2,0.00000
5.888,2,5875.000,90016,192000,3999.667,120.0,8,2,2,0.00000
5.988,0,5975.000,94840,192000,3999.167,120.0,8,2,2,0.00000
5.988,1,5975.000,94840,192000,3999.167,120.0,8,2,2,0.00000
5.988,2,5975.000,94840,192000,3999.167,120.0,8,2,2,0.00000
6.089,0,6076.000,99658,192000,3999.792,120.0,8,2,2,0.00000
6.089,1,6076.000,99658,192000,3999.792,120.0,8,2,2,0.00000
6.089,2,6076.000,99658,192000,3999.792,120.0,8,2,2,0.00000
6.189,0,6176.000,104467,192000,3999.604,120.0,8,2,2,0.00000
6.189,1,6176.000,104467,192000,3999.604,120.0,8,2,2,0.00000
6.189,2,6176.000,104467,192000,3999.604,120.0,8,2,2,0.00000
6.290,0,6277.000,109308,192000,3999.750,120.0,8,2,2,0.00000
6.290,1,6277.000,109308,192000,3999.750,120.0,8,2,2,0.00000
6.290,2,6277.000,109308,192000,3999.750,120.0,8,2,2,0.00000
6.390,0,6377.000,114139,192000,3999.104,120.0,8,2,2,0.00000
6.390,1,6377.000,114139,192000,3999.104,120.0,8,2,2,0.00000
6.390,2,6377.000,114139,192000,3999.104,120.0,8,2,2,0.00000
6.491,0,6478.000,118983,192000,3999.188,120.0,8,2,2,0.00000
6.491,1,6478.000,118983,192000,3999.188,120.0,8,2,2,0.00000
6.491,2,6478.000,118983,192000,3999.188,120.0,8,2,2,0.00000
6.593,0,6580.000,123873,192000,3999.312,120.0,8,2,2,0.00000
6.593,1,6580.000,123873,192000,3999.312,120.0,8,2,2,0.00000
6.593,2,6580.000,123873,192000,3999.312,120.0,8,2,2,0.00000
6.696,0,6683.000,128810,192000,3999.458,120.0,8,2,2,0.00000
6.696,1,6683.000,128810,192000,3999.458,120.0,8,2,2,0.00000
6.696,2,6683.000,128810,192000,3999.458,120.0,8,2,2,0.00000
6.799,0,6786.000,133744,192000,3999.667,120.0,8,2,2,0.00000
6.799,1,6786.000,133744,192000,3999.667,120.0,8,2,2,0.00000
6.799,2,6786.000,133744,192000,3999.667,120.0,8,2,2,0.00000
6.899,0,6886.000,138562,192000,3999.292,120.0,8,2,2,0.00000
6.899,1,6886.000,138562,192000,3999.292,120.0,8,2,2,0.00000
6.899,2,6886.000,138562,192000,3999.292,120.0,8,2,2,0.00000
7.001,0,6988.000,143458,192000,3999.292,120.0,8,2,2,0.00000
7.001,1,6988.000,143458,192000,3999.292,120.0,8,2,2,0.00000
7.001,2,6988.000,143458,192000,3999.292,120.0,8,2,2,0.00000
7.102,0,7089.000,148312,192000,3999.167,120.0,8,2,2,0.00000
7.102,1,7089.000,148312,192000,3999.167,120.0,8,2,2,0.00000
7.102,2,7089.000,148312,192000,3999.167,120.0,8,2,2,0.00000
7.204,0,7191.000,153196,192000,3999.417,120.0,8,2,2,0.00000
7.204,1,7191.000,153196,192000,3999.417,120.0,8,2,2,0.00000
7.204,2,7191.000,153196,192000,3999.417,120.0,8,2,2,0.00000
7.306,0,7293.000,158106,192000,3999.125,120.0,8,2,2,0.00000
7.306,1,7293.000,158106,192000,3999.125,120.0,8,2,2,0.00000
7.306,2,7293.000,158106,192000,3999.125,120.0,8,2,2,0.00000
7.406,0,7394.000,162918,192000,3999.875,120.0,8,2,2,0.00000
7.406,1,7394.000,162918,192000,3999.875,120.0,8,2,2,0.00000
7.406,2,7394.000,162918,192000,3999.875,120.0,8,2,2,0.00000
7.507,0,7494.000,167750,192000,3999.208,120.0,8,2,2,0.00000
7.507,1,7494.000,167750,192000,3999.208,120.0,8,2,2,0.00000
7.507,2,7494.000,167750,192000,3999.208,120.0,8,2,2,0.00000
7.610,0,7597.000,172677,192000,3999.562,120.0,8,2,2,0.00000
7.610,1,7597.000,172677,192000,3999.562,120.0,8,2,2,0.00000
7.610,2,7597.000,172677,192000,3999.562,120.0,8,2,2,0.00000
7.712,0,7699.000,177568,192000,3999.667,120.0,8,2,2,0.00000
7.712,1,7699.000,177568,192000,3999.667,120.0,8,2,2,0.00000
7.712,2,7699.000,177568,192000,3999.667,120.0,8,2,2,0.00000
7.812,0,7799.000,182377,192000,3999.479,120.0,8,2,2,0.00000
7.812,1,7799.000,182377,192000,3999.479,120.0,8,2,2,0.00000
7.812,2,7799.000,182377,192000,3999.479,120.0,8,2,2,0.00000
7.915,0,7902.000,187327,192000,3999.354,120.0,8,2,2,0.00000
7.915,1,7902.000,187327,192000,3999.354,120.0,8,2,2,0.00000
7.915,2,7902.000,187327,192000,3999.354,120.0,8,2,2,0.00000
8.016,0,8003.000,169,192000,3999.479,120.0,8,3,2,0.00000
8.016,1,8003.000,169,192000,3999.479,120.0,8,3,2,0.00000
8.016,2,8003.000,169,192000,3999.479,120.0,8,3,2,0.00000
8.118,0,8105.000,5078,192000,3999.208,120.0,8,3,2,0.00000
8.118,1,8105.000,5078,192000,3999.208,120.0,8,3,2,0.00000
8.118,2,8105.000,5078,192000,3999.208,120.0,8,3,2,0.00000
8.221,0,8208.000,10005,192000,3999.562,120.0,8,3,2,0.00000
8.221,1,8208.000,10005,192000,3999.562,120.0,8,3,2,0.00000
8.221,2,8208.000,10005,192000,3999.562,120.0,8,3,2,0.00000
8.322,0,8309.000,14874,192000,3999.125,120.0,8,3,2,0.00000
8.322,1,8309.000,14874,192000,3999.125,120.0,8,3,2,0.00000
8.322,2,8309.000,14874,192000,3999.125,120.0,8,3,2,0.00000
8.424,0,8411.000,19770,192000,3999.125,120.0,8,3,2,0.00000
8.424,1,8411.000,19770,192000,3999.125,120.0,8,3,2,0.00000
8.424,2,8411.000,19770,192000,3999.125,120.0,8,3,2,0.00000
8.527,0,8514.000,24681,192000,3999.812,120.0,8,3,2,0.00000
8.527,1,8514.000,24681,192000,3999.812,120.0,8,3,2,0.00000
8.527,2,8514.000,24681,192000,3999.812,120.0,8,3,2,0.00000
8.628,0,8615.000,29558,192000,3999.208,120.0,8,3,2,0.00000
8.628,1,8615.000,29558,192000,3999.208,120.0,8,3,2,0.00000
8.628,2,8615.000,29558,192000,3999.208,120.0,8,3,2,0.00000
8.730,0,8717.000,34431,192000,3999.688,120.0,8,3,2,0.00000
8.730,1,8717.000,34431,192000,3999.688,120.0,8,3,2,0.00000
8.730,2,8717.000,34431,192000,3999.688,120.0,8,3,2,0.00000
8.832,0,8819.000,39321,192000,3999.812,120.0,8,3,2,0.00000
8.832,1,8819.000,39321,192000,3999.812,120.0,8,3,2,0.00000
8.832,2,8819.000,39321,192000,3999.812,120.0,8,3,2,0.00000
8.934,0,8921.000,44230,192000,3999.542,120.0,8,3,2,0.00000
8.934,1,8921.000,44230,192000,3999.542,120.0,8,3,2,0.00000
8.934,2,8921.000,44230,192000,3999.542,120.0,8,3,2,0.00000
9.035,0,9023.000,49110,192000,3999.875,120.0,8,3,2,0.00000
9.035,1,9023.000,49110,192000,3999.875,120.0,8,3,2,0.00000
9.035,2,9023.000,49110,192000,3999.875,120.0,8,3,2,0.00000
9.136,0,9123.000,53934,192000,3999.375,120.0,8,3,2,0.00000
9.136,1,9123.000,53934,192000,3999.375,120.0,8,3,2,0.00000
9.136,2,9123.000,53934,192000,3999.375,120.0,8,3,2,0.00000
9.237,0,9224.000,58791,192000,3999.188,120.0,8,3,2,0.00000
9.237,1,9224.000,58791,192000,3999.188,120.0,8,3,2,0.00000
9.237,2,9224.000,58791,192000,3999.188,120.0,8,3,2,0.00000
9.338,0,9325.000,63623,192000,3999.521,120.0,8,3,2,0.00000
9.338,1,9325.000,63623,192000,3999.521,120.0,8,3,2,0.00000
9.338,2,9325.000,63623,192000,3999.521,120.0,8,3,2,0.00000
9.440,0,9427.000,68532,192000,3999.250,120.0,8,3,2,0.00000
9.440,1,9427.000,68532,192000,3999.250,120.0,8,3,2,0.00000
9.440,2,9427.000,68532,192000,3999.250,120.0,8,3,2,0.00000
9.540,0,9527.000,73334,192000,3999.208,120.0,8,3,2,0.00000
9.540,1,9527.000,73334,192000,3999.208,120.0,8,3,2,0.00000
9.540,2,9527.000,73334,192000,3999.208,120.0,8,3,2,0.00000
9.641,0,9628.000,78173,192000,3999.396,120.0,8,3,2,0.00000
9.641,1,9628.000,78173,192000,3999.396,120.0,8,3,2,0.00000
9.641,2,9628.000,78173,192000,3999.396,120.0,8,3,2,0.00000
9.744,0,9731.000,83113,192000,3999.479,120.0,8,3,2,0.00000
9.744,1,9731.000,83113,192000,3999.479,120.0,8,3,2,0.00000
9.744,2,9731.000,83113,192000,3999.479,120.0,8,3,2,0.00000
9.844,0,9831.000,87924,192000,3999.250,120.0,8,3,2,0.00000
9.844,1,9831.000,87924,192000,3999.250,120.0,8,3,2,0.00000
9.844,2,9831.000,87924,192000,3999.250,120.0,8,3,2,0.00000
9.945,0,9932.000,92766,192000,3999.375,120.0,8,3,2,0.00000
9.945,1,9932.000,92766,192000,3999.375,120.0,8,3,2,0.00000
9.945,2,9932.000,92766,192000,3999.375,120.0,8,3,2,0.00000
10.046,0,10033.000,97605,192000,3999.562,120.0,8,3,2,0.00000
10.046,1,10033.000,97605,192000,3999.562,120.0,8,3,2,0.00000
10.046,2,10033.000,97605,192000,3999.562,120.0,8,3,2,0.00000
10.146,0,10133.000,102416,192000,3999.333,120.0,8,3,2,0.00000
10.146,1,10133.000,102416,192000,3999.333,120.0,8,3,2,0.00000
10.146,2,10133.000,102416,192000,3999.333,120.0,8,3,2,0.00000
10.248,0,10235.000,107292,192000,3999.750,120.0,8,3,2,0.00000
10.248,1,10235.000,107292,192000,3999.750,120.0,8,3,2,0.00000
10.248,2,10235.000,107292,192000,3999.750,120.0,8,3,2,0.00000
10.348,0,10335.000,112120,192000,3999.167,120.0,8,3,2,0.00000
10.348,1,10335.000,112120,192000,3999.167,120.0,8,3,2,0.00000
10.348,2,10335.000,112120,192000,3999.167,120.0,8,3,2,0.00000
10.456,0,10443.000,117276,192000,3999.750,120.0,8,3,2,0.00000
10.456,1,10443.000,117276,192000,3999.750,120.0,8,3,2,0.00000
10.456,2,10443.000,117276,192000,3999.750,120.0,8,3,2,0.00000
10.558,0,10546.000,122211,192000,3999.938,120.0,8,3,2,0.00000
10.558,1,10546.000,122211,192000,3999.938,120.0,8,3,2,0.00000
10.558,2,10546.000,122211,192000,3999.938,120.0,8,3,2,0.00000
10.661,0,10648.000,127147,192000,3999.104,120.0,8,3,2,0.00000
10.661,1,10648.000,127147,192000,3999.104,120.0,8,3,2,0.00000
10.661,2,10648.000,127147,192000,3999.104,120.0,8,3,2,0.00000
10.762,0,10749.000,131995,192000,3999.104,120.0,8,3,2,0.00000
10.762,1,10749.000,131995,192000,3999.104,120.0,8,3,2,0.00000
10.762,2,10749.000,131995,192000,3999.104,120.0,8,3,2,0.00000
10.865,0,10852.000,136935,192000,3999.188,120.0,8,3,2,0.00000
10.865,1,10852.000,136935,192000,3999.188,120.0,8,3,2,0.00000
10.865,2,10852.000,136935,192000,3999.188,120.0,8,3,2,0.00000
10.967,0,10954.000,141814,192000,3999.542,120.0,8,3,2,0.00000
10.967,1,10954.000,141814,192000,3999.542,120.0,8,3,2,0.00000
10.967,2,10954.000,141814,192000,3999.542,120.0,8,3,2,0.00000
11.069,0,11056.000,146703,192000,3999.688,120.0,8,3,2,0.00000
11.069,1,11056.000,146703,192000,3999.688,120.0,8,3,2,0.00000
11.069,2,11056.000,146703,192000,3999.688,120.0,8,3,2,0.00000
11.171,0,11158.000,151606,192000,3999.542,120.0,8,3,2,0.00000
11.171,1,11158.000,151606,192000,3999.542,120.0,8,3,2,0.00000
11.171,2,11158.000,151606,192000,3999.542,120.0,8,3,2,0.00000
11.272,0,11259.000,156475,192000,3999.104,120.0,8,3,2,0.00000
11.272,1,11259.000,156475,192000,3999.104,120.0,8,3,2,0.00000
11.272,2,11259.000,156475,192000,3999.104,120.0,8,3,2,0.00000
11.375,0,11362.000,161410,192000,3999.292,120.0,8,3,2,0.00000
11.375,1,11362.000,161410,192000,3999.292,120.0,8,3,2,0.00000
11.375,2,11362.000,161410,192000,3999.292,120.0,8,3,2,0.00000
11.476,0,11463.000,166261,192000,3999.229,120.0,8,3,2,0.00000
11.476,1,11463.000,166261,192000,3999.229,120.0,8,3,2,0.00000
11.476,2,11463.000,166261,192000,3999.229,120.0,8,3,2,0.00000
11.577,0,11564.000,171110,192000,3999.208,120.0,8,3,2,0.00000
11.577,1,11564.000,171110,192000,3999.208,120.0,8,3,2,0.00000
11.577,2,11564.000,171110,192000,3999.208,120.0,8,3,2,0.00000
11.679,0,11666.000,175992,192000,3999.500,120.0,8,3,2,0.00000
11.679,1,11666.000,175992,192000,3999.500,120.0,8,3,2,0.00000
11.679,2,11666.000,175992,192000,3999.500,120.0,8,3,2,0.00000
11.781,0,11768.000,180880,192000,3999.667,120.0,8,3,2,0.00000
11.781,1,11768.000,180880,192000,3999.667,120.0,8,3,2,0.00000
11.781,2,11768.000,180880,192000,3999.667,120.0,8,3,2,0.00000
11.883,0,11870.000,185777,192000,3999.646,120.0,8,3,2,0.00000
11.883,1,11870.000,185777,192000,3999.646,120.0,8,3,2,0.00000
11.883,2,11870.000,185777,192000,3999.646,120.0,8,3,2,0.00000
11.985,0,11972.000,190699,192000,3999.104,120.0,8,3,2,0.00000
11.985,1,11972.000,190699,192000,3999.104,120.0,8,3,2,0.00000
11.985,2,11972.000,190699,192000,3999.104,120.0,8,3,2,0.00000
12.086,0,12073.000,3550,192000,3999.042,120.0,8,4,2,0.00000
12.086,1,12073.000,3550,192000,3999.042,120.0,8,4,2,0.00000
12.086,2,12073.000,3550,192000,3999.042,120.0,8,4,2,0.00000
12.189,0,12176.000,8475,192000,3999.438,120.0,8,4,2,0.00000
12.189,1,12176.000,8475,192000,3999.438,120.0,8,4,2,0.00000
12.189,2,12176.000,8475,192000,3999.438,120.0,8,4,2,0.00000
12.291,0,12279.000,13398,192000,3999.875,120.0,8,4,2,0.00000
12.291,1,12279.000,13398,192000,3999.875,120.0,8,4,2,0.00000
12.291,2,12279.000,13398,192000,3999.875,120.0,8,4,2,0.00000
12.393,0,12380.000,18283,192000,3999.104,120.0,8,4,2,0.00000
12.393,1,12380.000,18283,192000,3999.104,120.0,8,4,2,0.00000
12.393,2,12380.000,18283,192000,3999.104,120.0,8,4,2,0.00000
12.495,0,12482.000,23158,192000,3999.542,120.0,8,4,2,0.00000
12.495,1,12482.000,23158,192000,3999.542,120.0,8,4,2,0.00000
12.495,2,12482.000,23158,192000,3999.542,120.0,8,4,2,0.00000
12.595,0,12582.000,27970,192000,3999.292,120.0,8,4,2,0.00000
12.595,1,12582.000,27970,192000,3999.292,120.0,8,4,2,0.00000
12.595,2,12582.000,27970,192000,3999.292,120.0,8,4,2,0.00000
12.695,0,12682.000,32772,192000,3999.250,120.0,8,4,2,0.00000
12.695,1,12682.000,32772,192000,3999.250,120.0,8,4,2,0.00000
12.695,2,12682.000,32772,192000,3999.250,120.0,8,4,2,0.00000
12.796,0,12783.000,37599,192000,3999.688,120.0,8,4,2,0.00000
12.796,1,12783.000,37599,192000,3999.688,120.0,8,4,2,0.00000
12.796,2,12783.000,37599,192000,3999.688,120.0,8,4,2,0.00000
12.897,0,12884.000,42465,192000,3999.312,120.0,8,4,2,0.00000
12.897,1,12884.000,42465,192000,3999.312,120.0,8,4,2,0.00000
12.897,2,12884.000,42465,192000,3999.312,120.0,8,4,2,0.00000
12.999,0,12987.000,47378,192000,3999.958,120.0,8,4,2,0.00000
12.999,1,12987.000,47378,192000,3999.958,120.0,8,4,2,0.00000
12.999,2,12987.000,47378,192000,3999.958,120.0,8,4,2,0.00000
13.100,0,13087.000,52189,192000,3999.729,120.0,8,4,2,0.00000
13.100,1,13087.000,52189,192000,3999.729,120.0,8,4,2,0.00000
13.100,2,13087.000,52189,192000,3999.729,120.0,8,4,2,0.00000
13.201,0,13188.000,57038,192000,3999.708,120.0,8,4,2,0.00000
13.201,1,13188.000,57038,192000,3999.708,120.0,8,4,2,0.00000
13.201,2,13188.000,57038,192000,3999.708,120.0,8,4,2,0.00000
13.301,0,13288.000,61850,192000,3999.458,120.0,8,4,2,0.00000
13.301,1,13288.000,61850,192000,3999.458,120.0,8,4,2,0.00000
13.301,2,13288.000,61850,192000,3999.458,120.0,8,4,2,0.00000
13.402,0,13389.000,66681,192000,3999.812,120.0,8,4,2,0.00000
13.402,1,13389.000,66681,192000,3999.812,120.0,8,4,2,0.00000
13.402,2,13389.000,66681,192000,3999.812,120.0,8,4,2,0.00000
13.503,0,13490.000,71531,192000,3999.771,120.0,8,4,2,0.00000
13.503,1,13490.000,71531,192000,3999.771,120.0,8,4,2,0.00000
13.503,2,13490.000,71531,192000,3999.771,120.0,8,4,2,0.00000
13.605,0,13592.000,76439,192000,3999.521,120.0,8,4,2,0.00000
13.605,1,13592.000,76439,192000,3999.521,120.0,8,4,2,0.00000
13.605,2,13592.000,76439,192000,3999.521,120.0,8,4,2,0.00000
13.706,0,13693.000,81276,192000,3999.750,120.0,8,4,2,0.00000
13.706,1,13693.000,81276,192000,3999.750,120.0,8,4,2,0.00000
13.706,2,13693.000,81276,192000,3999.750,120.0,8,4,2,0.00000
13.808,0,13795.000,86168,192000,3999.833,120.0,8,4,2,0.00000
13.808,1,13795.000,86168,192000,3999.833,120.0,8,4,2,0.00000
13.808,2,13795.000,86168,192000,3999.833,120.0,8,4,2,0.00000
13.910,0,13897.000,91075,192000,3999.604,120.0,8,4,2,0.00000
13.910,1,13897.000,91075,192000,3999.604,120.0,8,4,2,0.00000
13.910,2,13897.000,91075,192000,3999.604,120.0,8,4,2,0.00000
14.012,0,13999.000,95969,192000,3999.646,120.0,8,4,2,0.00000
14.012,1,13999.000,95969,192000,3999.646,120.0,8,4,2,0.00000
14.012,2,13999.000,95969,192000,3999.646,120.0,8,4,2,0.00000
14.112,0,14100.000,100804,192000,3999.917,120.0,8,4,2,0.00000
14.112,1,14100.000,100804,192000,3999.917,120.0,8,4,2,0.00000
14.112,2,14100.000,100804,192000,3999.917,120.0,8,4,2,0.00000
14.214,0,14201.000,105656,192000,3999.833,120.0,8,4,2,0.00000
14.214,1,14201.000,105656,192000,3999.833,120.0,8,4,2,0.00000
14.214,2,14201.000,105656,192000,3999.833,120.0,8,4,2,0.00000
14.316,0,14303.000,110587,192000,3999.104,120.0,8,4,2,0.00000
14.316,1,14303.000,110587,192000,3999.104,120.0,8,4,2,0.00000
14.316,2,14303.000,110587,192000,3999.104,120.0,8,4,2,0.00000
14.419,0,14406.000,115524,192000,3999.250,120.0,8,4,2,0.00000
14.419,1,14406.000,115524,192000,3999.250,120.0,8,4,2,0.00000
14.419,2,14406.000,115524,192000,3999.250,120.0,8,4,2,0.00000
14.520,0,14507.000,120352,192000,3999.667,120.0,8,4,2,0.00000
14.520,1,14507.000,120352,192000,3999.667,120.0,8,4,2,0.00000
14.520,2,14507.000,120352,192000,3999.667,120.0,8,4,2,0.00000
14.620,0,14607.000,125168,192000,3999.333,120.0,8,4,2,0.00000
14.620,1,14607.000,125168,192000,3999.333,120.0,8,4,2,0.00000
14.620,2,14607.000,125168,192000,3999.333,120.0,8,4,2,0.00000
14.720,0,14707.000,129971,192000,3999.271,120.0,8,4,2,0.00000
14.720,1,14707.000,129971,192000,3999.271,120.0,8,4,2,0.00000
14.720,2,14707.000,129971,192000,3999.271,120.0,8,4,2,0.00000
14.821,0,14808.000,134823,192000,3999.188,120.0,8,4,2,0.00000
14.821,1,14808.000,134823,192000,3999.188,120.0,8,4,2,0.00000
14.821,2,14808.000,134823,192000,3999.188,120.0,8,4,2,0.00000
14.923,0,14910.000,139716,192000,3999.250,120.0,8,4,2,0.00000
14.923,1,14910.000,139716,192000,3999.250,120.0,8,4,2,0.00000
14.923,2,14910.000,139716,192000,3999.250,120.0,8,4,2,0.00000
15.026,0,15013.000,144654,192000,3999.375,120.0,8,4,2,0.00000
15.026,1,15013.000,144654,192000,3999.375,120.0,8,4,2,0.00000
15.026,2,15013.000,144654,192000,3999.375,120.0,8,4,2,0.00000
15.127,0,15114.000,149495,192000,3999.521,120.0,8,4,2,0.00000
15.127,1,15114.000,149495,192000,3999.521,120.0,8,4,2,0.00000
15.127,2,15114.000,149495,192000,3999.521,120.0,8,4,2,0.00000
15.228,0,15215.000,154339,192000,3999.604,120.0,8,4,2,0.00000
15.228,1,15215.000,154339,192000,3999.604,120.0,8,4,2,0.00000
15.228,2,15215.000,154339,192000,3999.604,120.0,8,4,2,0.00000
15.330,0,15317.000,159263,192000,3999.021,120.0,8,4,2,0.00000
15.330,1,15317.000,159263,192000,3999.021,120.0,8,4,2,0.00000
15.330,2,15317.000,159263,192000,3999.021,120.0,8,4,2,0.00000
15.431,0,15418.000,164100,192000,3999.250,120.0,8,4,2,0.00000
15.431,1,15418.000,164100,192000,3999.250,120.0,8,4,2,0.00000
15.431,2,15418.000,164100,192000,3999.250,120.0,8,4,2,0.00000
15.534,0,15521.000,169028,192000,3999.583,120.0,8,4,2,0.00000
15.534,1,15521.000,169028,192000,3999.583,120.0,8,4,2,0.00000
15.534,2,15521.000,169028,192000,3999.583,120.0,8,4,2,0.00000
15.637,0,15624.000,173967,192000,3999.688,120.0,8,4,2,0.00000
15.637,1,15624.000,173967,192000,3999.688,120.0,8,4,2,0.00000
15.637,2,15624.000,173967,192000,3999.688,120.0,8,4,2,0.00000
15.739,0,15726.000,178877,192000,3999.396,120.0,8,4,2,0.00000
15.739,1,15726.000,178877,192000,3999.396,120.0,8,4,2,0.00000
15.739,2,15726.000,178877,192000,3999.396,120.0,8,4,2,0.00000
15.841,0,15828.000,183756,192000,3999.750,120.0,8,4,2,0.00000
15.841,1,15828.000,183756,192000,3999.750,120.0,8,4,2,0.00000
15.841,2,15828.000,183756,192000,3999.750,120.0,8,4,2,0.00000
15.943,0,15930.000,188677,192000,3999.229,120.0,8,4,2,0.00000
15.943,1,15930.000,188677,192000,3999.229,120.0,8,4,2,0.00000
15.943,2,15930.000,188677,192000,3999.229,120.0,8,4,2,0.00000
16.046,0,16033.000,1610,192000,3999.458,120.0,8,5,2,0.00000
16.046,1,16033.000,1610,192000,3999.458,120.0,8,5,2,0.00000
16.046,2,16033.000,1610,192000,3999.458,120.0,8,5,2,0.00000
16.146,0,16133.000,6411,192000,3999.438,120.0,8,5,2,0.00000
16.146,1,16133.000,6411,192000,3999.438,120.0,8,5,2,0.00000
16.146,2,16133.000,6411,192000,3999.438,120.0,8,5,2,0.00000
16.246,0,16233.000,11212,192000,3999.417,120.0,8,5,2,0.00000
16.246,1,16233.000,11212,192000,3999.417,120.0,8,5,2,0.00000
16.246,2,16233.000,11212,192000,3999.417,120.0,8,5,2,0.00000
16.346,0,16334.000,16033,192000,3999.979,120.0,8,5,2,0.00000
16.346,1,16334.000,16033,192000,3999.979,120.0,8,5,2,0.00000
16.346,2,16334.000,16033,192000,3999.979,120.0,8,5,2,0.00000
16.447,0,16434.000,20866,192000,3999.292,120.0,8,5,2,0.00000
16.447,1,16434.000,20866,192000,3999.292,120.0,8,5,2,0.00000
16.447,2,16434.000,20866,192000,3999.292,120.0,8,5,2,0.00000
16.549,0,16536.000,25747,192000,3999.604,120.0,8,5,2,0.00000
16.549,1,16536.000,25747,192000,3999.604,120.0,8,5,2,0.00000
16.549,2,16536.000,25747,192000,3999.604,120.0,8,5,2,0.00000
16.649,0,16636.000,30556,192000,3999.417,120.0,8,5,2,0.00000
16.649,1,16636.000,30556,192000,3999.417,120.0,8,5,2,0.00000
16.649,2,16636.000,30556,192000,3999.417,120.0,8,5,2,0.00000
16.751,0,16739.000,35474,192000,3999.958,120.0,8,5,2,0.00000
16.751,1,16739.000,35474,192000,3999.958,120.0,8,5,2,0.00000
16.751,2,16739.000,35474,192000,3999.958,120.0,8,5,2,0.00000
16.851,0,16839.000,40276,192000,3999.917,120.0,8,5,2,0.00000
16.851,1,16839.000,40276,192000,3999.917,120.0,8,5,2,0.00000
16.851,2,16839.000,40276,192000,3999.917,120.0,8,5,2,0.00000
16.952,0,16939.000,45115,192000,3999.104,120.0,8,5,2,0.00000
16.952,1,16939.000,45115,192000,3999.104,120.0,8,5,2,0.00000
16.952,2,16939.000,45115,192000,3999.104,120.0,8,5,2,0.00000
17.056,0,17043.000,50074,192000,3999.792,120.0,8,5,2,0.00000
17.056,1,17043.000,50074,192000,3999.792,120.0,8,5,2,0.00000
17.056,2,17043.000,50074,192000,3999.792,120.0,8,5,2,0.00000
17.158,0,17145.000,54983,192000,3999.521,120.0,8,5,2,0.00000
17.158,1,17145.000,54983,192000,3999.521,120.0,8,5,2,0.00000
17.158,2,17145.000,54983,192000,3999.521,120.0,8,5,2,0.00000
17.260,0,17247.000,59875,192000,3999.604,120.0,8,5,2,0.00000
17.260,1,17247.000,59875,192000,3999.604,120.0,8,5,2,0.00000
17.260,2,17247.000,59875,192000,3999.604,120.0,8,5,2,0.00000
17.360,0,17347.000,64676,192000,3999.583,120.0,8,5,2,0.00000
17.360,1,17347.000,64676,192000,3999.583,120.0,8,5,2,0.00000
17.360,2,17347.000,64676,192000,3999.583,120.0,8,5,2,0.00000
17.462,0,17449.000,69580,192000,3999.417,120.0,8,5,2,0.00000
17.462,1,17449.000,69580,192000,3999.417,120.0,8,5,2,0.00000
17.462,2,17449.000,69580,192000,3999.417,120.0,8,5,2,0.00000
17.562,0,17549.000,74394,192000,3999.125,120.0,8,5,2,0.00000
17.562,1,17549.000,74394,192000,3999.125,120.0,8,5,2,0.00000
17.562,2,17549.000,74394,192000,3999.125,120.0,8,5,2,0.00000
17.664,0,17651.000,79261,192000,3999.729,120.0,8,5,2,0.00000
17.664,1,17651.000,79261,192000,3999.729,120.0,8,5,2,0.00000
17.664,2,17651.000,79261,192000,3999.729,120.0,8,5,2,0.00000
17.765,0,17752.000,84104,192000,3999.833,120.0,8,5,2,0.00000
17.765,1,17752.000,84104,192000,3999.833,120.0,8,5,2,0.00000
17.765,2,17752.000,84104,192000,3999.833,120.0,8,5,2,0.00000
17.866,0,17854.000,88995,192000,3999.938,120.0,8,5,2,0.00000
17.866,1,17854.000,88995,192000,3999.938,120.0,8,5,2,0.00000
17.866,2,17854.000,88995,192000,3999.938,120.0,8,5,2,0.00000
17.968,0,17955.000,93868,192000,3999.417,120.0,8,5,2,0.00000
17.968,1,17955.000,93868,192000,3999.417,120.0,8,5,2,0.00000
17.968,2,17955.000,93868,192000,3999.417,120.0,8,5,2,0.00000
18.069,0,18056.000,98712,192000,3999.500,120.0,8,5,2,0.00000
18.069,1,18056.000,98712,192000,3999.500,120.0,8,5,2,0.00000
18.069,2,18056.000,98712,192000,3999.500,120.0,8,5,2,0.00000
18.170,0,18157.000,103582,192000,3999.042,120.0,8,5,2,0.00000
18.170,1,18157.000,103582,192000,3999.042,120.0,8,5,2,0.00000
18.170,2,18157.000,103582,192000,3999.042,120.0,8,5,2,0.00000
18.272,0,18259.000,108465,192000,3999.312,120.0,8,5,2,0.00000
18.272,1,18259.000,108465,192000,3999.312,120.0,8,5,2,0.00000
18.272,2,18259.000,108465,192000,3999.312,120.0,8,5,2,0.00000
18.372,0,18359.000,113269,192000,3999.229,120.0,8,5,2,0.00000
18.372,1,18359.000,113269,192000,3999.229,120.0,8,5,2,0.00000
18.372,2,18359.000,113269,192000,3999.229,120.0,8,5,2,0.00000
18.474,0,18461.000,118160,192000,3999.333,120.0,8,5,2,0.00000
18.474,1,18461.000,118160,192000,3999.333,120.0,8,5,2,0.00000
18.474,2,18461.000,118160,192000,3999.333,120.0,8,5,2,0.00000
18.576,0,18563.000,123053,192000,3999.396,120.0,8,5,2,0.00000
18.576,1,18563.000,123053,192000,3999.396,120.0,8,5,2,0.00000
18.576,2,18563.000,123053,192000,3999.396,120.0,8,5,2,0.00000
18.676,0,18664.000,127872,192000,0.000,120.0,8,5,2,0.00000
18.676,1,18664.000,127872,192000,0.000,120.0,8,5,2,0.00000
18.676,2,18664.000,127872,192000,0.000,120.0,8,5,2,0.00000
18.779,0,18766.000,132782,192000,3999.708,120.0,8,5,2,0.00000
18.779,1,18766.000,132782,192000,3999.708,120.0,8,5,2,0.00000
18.779,2,18766.000,132782,192000,3999.708,120.0,8,5,2,0.00000
18.880,0,18868.000,137669,192000,3999.896,120.0,8,5,2,0.00000
18.880,1,18868.000,137669,192000,3999.896,120.0,8,5,2,0.00000
18.880,2,18868.000,137669,192000,3999.896,120.0,8,5,2,0.00000
18.981,0,18968.000,142474,192000,3999.792,120.0,8,5,2,0.00000
18.981,1,18968.000,142474,192000,3999.792,120.0,8,5,2,0.00000
18.981,2,18968.000,142474,192000,3999.792,120.0,8,5,2,0.00000
19.083,0,19070.000,147403,192000,3999.104,120.0,8,5,2,0.00000
19.083,1,19070.000,147403,192000,3999.104,120.0,8,5,2,0.00000
19.083,2,19070.000,147403,192000,3999.104,120.0,8,5,2,0.00000
19.185,0,19173.000,152308,192000,3999.917,120.0,8,5,2,0.00000
19.185,1,19173.000,152308,192000,3999.917,120.0,8,5,2,0.00000
19.185,2,19173.000,152308,192000,3999.917,120.0,8,5,2,0.00000
19.286,0,19273.000,157111,192000,3999.854,120.0,8,5,2,0.00000
19.286,1,19273.000,157111,192000,3999.854,120.0,8,5,2,0.00000
19.286,2,19273.000,157111,192000,3999.854,120.0,8,5,2,0.00000
19.386,0,19373.000,161911,192000,3999.854,120.0,8,5,2,0.00000
19.386,1,19373.000,161911,192000,3999.854,120.0,8,5,2,0.00000
19.386,2,19373.000,161911,192000,3999.854,120.0,8,5,2,0.00000
19.488,0,19476.000,166852,192000,3999.917,120.0,8,5,2,0.00000
19.488,1,19476.000,166852,192000,3999.917,120.0,8,5,2,0.00000
19.488,2,19476.000,166852,192000,3999.917,120.0,8,5,2,0.00000
19.591,0,19579.000,171792,192000,0.000,120.0,8,5,2,0.00000
19.591,1,19579.000,171792,192000,0.000,120.0,8,5,2,0.00000
19.591,2,19579.000,171792,192000,0.000,120.0,8,5,2,0.00000
19.692,0,19679.000,176624,192000,3999.333,120.0,8,5,2,0.00000
19.692,1,19679.000,176624,192000,3999.333,120.0,8,5,2,0.00000
19.692,2,19679.000,176624,192000,3999.333,120.0,8,5,2,0.00000
19.794,0,19781.000,181498,192000,3999.792,120.0,8,5,2,0.00000
19.794,1,19781.000,181498,192000,3999.792,120.0,8,5,2,0.00000
19.794,2,19781.000,181498,192000,3999.792,120.0,8,5,2,0.00000
19.896,0,19883.000,186403,192000,3999.604,120.0,8,5,2,0.00000
19.896,1,19883.000,186403,192000,3999.604,120.0,8,5,2,0.00000
19.896,2,19883.000,186403,192000,3999.604,120.0,8,5,2,0.00000
19.997,0,19984.000,191261,192000,3999.396,120.0,8,5,2,0.00000
19.997,1,19984.000,191261,192000,3999.396,120.0,8,5,2,0.00000
19.997,2,19984.000,191261,192000,3999.396,120.0,8,5,2,0.00000
20.097,0,20084.000,4075,192000,3999.104,120.0,8,6,2,0.09730
20.097,1,20084.000,4075,192000,3999.104,120.0,8,6,2,0.09724
20.097,2,20084.000,4075,192000,3999.104,120.0,8,6,2,0.09730
20.200,0,20187.000,9010,192000,3999.292,120.0,8,6,2,0.06344
20.200,1,20187.000,9010,192000,3999.292,120.0,8,6,2,0.06341
20.200,2,20187.000,9010,192000,3999.292,120.0,8,6,2,0.06344
20.303,0,20290.000,13947,192000,3999.438,120.0,8,6,2,0.04136
20.303,1,20290.000,13947,192000,3999.438,120.0,8,6,2,0.04134
20.303,2,20290.000,13947,192000,3999.438,120.0,8,6,2,0.04136
20.405,0,20392.000,18844,192000,3999.417,120.0,8,6,2,0.02706
20.405,1,20392.000,18844,192000,3999.417,120.0,8,6,2,0.02704
20.405,2,20392.000,18844,192000,3999.417,120.0,8,6,2,0.02706
20.506,0,20493.000,23675,192000,3999.771,120.0,8,6,2,0.01781
20.506,1,20493.000,23675,192000,3999.771,120.0,8,6,2,0.01780
20.506,2,20493.000,23675,192000,3999.771,120.0,8,6,2,0.01781
20.609,0,20596.000,28615,192000,3999.854,120.0,8,6,2,0.01161
20.609,1,20596.000,28615,192000,3999.854,120.0,8,6,2,0.01160
20.609,2,20596.000,28615,192000,3999.854,120.0,8,6,2,0.01161
20.710,0,20697.000,33487,192000,3999.354,120.0,8,6,2,0.00761
20.710,1,20697.000,33487,192000,3999.354,120.0,8,6,2,0.00760
20.710,2,20697.000,33487,192000,3999.354,120.0,8,6,2,0.00761
20.812,0,20799.000,38398,192000,3999.042,120.0,8,6,2,0.00497
20.812,1,20799.000,38398,192000,3999.042,120.0,8,6,2,0.00497
20.812,2,20799.000,38398,192000,3999.042,120.0,8,6,2,0.00497
20.912,0,20900.000,43204,192000,3999.917,120.0,8,6,2,0.00328
20.912,1,20900.000,43204,192000,3999.917,120.0,8,6,2,0.00328
20.912,2,20900.000,43204,192000,3999.917,120.0,8,6,2,0.00328
21.014,0,21001.000,48074,192000,3999.458,120.0,8,6,2,0.00215
21.014,1,21001.000,48074,192000,3999.458,120.0,8,6,2,0.00215
21.014,2,21001.000,48074,192000,3999.458,120.0,8,6,2,0.00215
21.115,0,21102.000,52933,192000,3999.229,120.0,8,6,2,0.00141
21.115,1,21102.000,52933,192000,3999.229,120.0,8,6,2,0.00141
21.115,2,21102.000,52933,192000,3999.229,120.0,8,6,2,0.00141
21.215,0,21203.000,57748,192000,3999.917,120.0,8,6,2,0.00093
21.215,1,21203.000,57748,192000,3999.917,120.0,8,6,2,0.00093
21.215,2,21203.000,57748,192000,3999.917,120.0,8,6,2,0.00093
21.318,0,21305.000,62685,192000,3999.062,120.0,8,6,2,0.00061
21.318,1,21305.000,62685,192000,3999.062,120.0,8,6,2,0.00061
21.318,2,21305.000,62685,192000,3999.062,120.0,8,6,2,0.00061
21.421,0,21408.000,67619,192000,3999.271,120.0,8,6,2,0.00040
21.421,1,21408.000,67619,192000,3999.271,120.0,8,6,2,0.00040
21.421,2,21408.000,67619,192000,3999.271,120.0,8,6,2,0.00040
21.523,0,21510.000,72502,192000,3999.542,120.0,8,6,2,0.00026
21.523,1,21510.000,72502,192000,3999.542,120.0,8,6,2,0.00026
21.523,2,21510.000,72502,192000,3999.542,120.0,8,6,2,0.00026
21.623,0,21610.000,77326,192000,3999.042,120.0,8,6,2,0.00017
21.623,1,21610.000,77326,192000,3999.042,120.0,8,6,2,0.00017
21.623,2,21610.000,77326,192000,3999.042,120.0,8,6,2,0.00017
21.723,0,21711.000,82129,192000,3999.979,120.0,8,6,2,0.00011
21.723,1,21711.000,82129,192000,3999.979,120.0,8,6,2,0.00011
21.723,2,21711.000,82129,192000,3999.979,120.0,8,6,2,0.00011
21.825,0,21812.000,87003,192000,3999.438,120.0,8,6,2,0.00007
21.825,1,21812.000,87003,192000,3999.438,120.0,8,6,2,0.00007
21.825,2,21812.000,87003,192000,3999.438,120.0,8,6,2,0.00007
21.927,0,21914.000,91902,192000,3999.375,120.0,8,6,2,0.00005
21.927,1,21914.000,91902,192000,3999.375,120.0,8,6,2,0.00005
21.927,2,21914.000,91902,192000,3999.375,120.0,8,6,2,0.00005
22.030,0,22017.000,96855,192000,3999.188,120.0,8,6,2,0.00003
22.030,1,22017.000,96855,192000,3999.188,120.0,8,6,2,0.00003
22.030,2,22017.000,96855,192000,3999.188,120.0,8,6,2,0.00003
22.133,0,22120.000,101790,192000,3999.375,120.0,8,6,2,0.00002
22.133,1,22120.000,101790,192000,3999.375,120.0,8,6,2,0.00002
22.133,2,22120.000,101790,192000,3999.375,120.0,8,6,2,0.00002
22.235,0,22222.000,106688,192000,3999.333,120.0,8,6,2,0.00001
22.235,1,22222.000,106688,192000,3999.333,120.0,8,6,2,0.00001
22.235,2,22222.000,106688,192000,3999.333,120.0,8,6,2,0.00001
22.336,0,22323.000,111542,192000,3999.208,120.0,8,6,2,0.00001
22.336,1,22323.000,111542,192000,3999.208,120.0,8,6,2,0.00001
22.336,2,22323.000,111542,192000,3999.208,120.0,8,6,2,0.00001
22.437,0,22424.000,116360,192000,3999.833,120.0,8,6,2,0.00001
22.437,1,22424.000,116360,192000,3999.833,120.0,8,6,2,0.00001
22.437,2,22424.000,116360,192000,3999.833,120.0,8,6,2,0.00001
22.539,0,22526.000,121276,192000,3999.417,120.0,8,6,2,0.00000
22.539,1,22526.000,121276,192000,3999.417,120.0,8,6,2,0.00000
22.539,2,22526.000,121276,192000,3999.417,120.0,8,6,2,0.00000
22.641,0,22628.000,126157,192000,3999.729,120.0,8,6,2,0.00000
22.641,1,22628.000,126157,192000,3999.729,120.0,8,6,2,0.00000
22.641,2,22628.000,126157,192000,3999.729,120.0,8,6,2,0.00000
22.742,0,22730.000,131042,192000,3999.958,120.0,8,6,2,0.00000
22.742,1,22730.000,131042,192000,3999.958,120.0,8,6,2,0.00000
22.742,2,22730.000,131042,192000,3999.958,120.0,8,6,2,0.00000
22.845,0,22832.000,135954,192000,3999.625,120.0,8,6,2,0.00000
22.845,1,22832.000,135954,192000,3999.625,120.0,8,6,2,0.00000
22.845,2,22832.000,135954,192000,3999.625,120.0,8,6,2,0.00000
22.945,0,22932.000,140756,192000,3999.583,120.0,8,6,2,0.00000
22.945,1,22932.000,140756,192000,3999.583,120.0,8,6,2,0.00000
22.945,2,22932.000,140756,192000,3999.583,120.0,8,6,2,0.00000
23.047,0,23034.000,145651,192000,3999.604,120.0,8,6,2,0.00000
23.047,1,23034.000,145651,192000,3999.604,120.0,8,6,2,0.00000
23.047,2,23034.000,145651,192000,3999.604,120.0,8,6,2,0.00000
23.148,0,23135.000,150518,192000,3999.208,120.0,8,6,2,0.00000
23.148,1,23135.000,150518,192000,3999.208,120.0,8,6,2,0.00000
23.148,2,23135.000,150518,192000,3999.208,120.0,8,6,2,0.00000
23.251,0,23238.000,155471,192000,3999.021,120.0,8,6,2,0.00000
23.251,1,23238.000,155471,192000,3999.021,120.0,8,6,2,0.00000
23.251,2,23238.000,155471,192000,3999.021,120.0,8,6,2,0.00000
23.351,0,23338.000,160271,192000,3999.021,120.0,8,6,2,0.00000
23.351,1,23338.000,160271,192000,3999.021,120.0,8,6,2,0.00000
23.351,2,23338.000,160271,192000,3999.021,120.0,8,6,2,0.00000
23.453,0,23441.000,165169,192000,3999.979,120.0,8,6,2,0.00000
23.453,1,23441.000,165169,192000,3999.979,120.0,8,6,2,0.00000
23.453,2,23441.000,165169,192000,3999.979,120.0,8,6,2,0.00000
23.554,0,23541.000,170013,192000,3999.062,120.0,8,6,2,0.00000
23.554,1,23541.000,170013,192000,3999.062,120.0,8,6,2,0.00000
23.554,2,23541.000,170013,192000,3999.062,120.0,8,6,2,0.00000
23.655,0,23642.000,174843,192000,3999.438,120.0,8,6,2,0.00000
23.655,1,23642.000,174843,192000,3999.438,120.0,8,6,2,0.00000
23.655,2,23642.000,174843,192000,3999.438,120.0,8,6,2,0.00000
23.757,0,23745.000,179765,192000,3999.896,120.0,8,6,2,0.00000
23.757,1,23745.000,179765,192000,3999.896,120.0,8,6,2,0.00000
23.757,2,23745.000,179765,192000,3999.896,120.0,8,6,2,0.00000
23.860,0,23847.000,184701,192000,3999.062,120.0,8,6,2,0.00000
23.860,1,23847.000,184701,192000,3999.062,120.0,8,6,2,0.00000
23.860,2,23847.000,184701,192000,3999.062,120.0,8,6,2,0.00000
23.961,0,23948.000,189516,192000,3999.750,120.0,8,6,2,0.00000
23.961,1,23948.000,189516,192000,3999.750,120.0,8,6,2,0.00000
23.961,2,23948.000,189516,192000,3999.750,120.0,8,6,2,0.00000
24.061,0,24048.000,2323,192000,3999.604,120.0,8,7,2,0.00000
24.061,1,24048.000,2323,192000,3999.604,120.0,8,7,2,0.00000
24.061,2,24048.000,2323,192000,3999.604,120.0,8,7,2,0.00000
24.163,0,24150.000,7232,192000,3999.333,120.0,8,7,2,0.00000
24.163,1,24150.000,7232,192000,3999.333,120.0,8,7,2,0.00000
24.163,2,24150.000,7232,192000,3999.333,120.0,8,7,2,0.00000
24.263,0,24250.000,12038,192000,3999.208,120.0,8,7,2,0.00000
24.263,1,24250.000,12038,192000,3999.208,120.0,8,7,2,0.00000
24.263,2,24250.000,12038,192000,3999.208,120.0,8,7,2,0.00000
24.366,0,24353.000,16957,192000,3999.729,120.0,8,7,2,0.00000
24.366,1,24353.000,16957,192000,3999.729,120.0,8,7,2,0.00000
24.366,2,24353.000,16957,192000,3999.729,120.0,8,7,2,0.00000
24.468,0,24455.000,21850,192000,3999.792,120.0,8,7,2,0.00000
24.468,1,24455.000,21850,192000,3999.792,120.0,8,7,2,0.00000
24.468,2,24455.000,21850,192000,3999.792,120.0,8,7,2,0.00000
24.569,0,24556.000,26701,192000,3999.729,120.0,8,7,2,0.00000
24.569,1,24556.000,26701,192000,3999.729,120.0,8,7,2,0.00000
24.569,2,24556.000,26701,192000,3999.729,120.0,8,7,2,0.00000
24.669,0,24656.000,31520,192000,3999.333,120.0,8,7,2,0.00000
24.669,1,24656.000,31520,192000,3999.333,120.0,8,7,2,0.00000
24.669,2,24656.000,31520,192000,3999.333,120.0,8,7,2,0.00000
24.771,0,24758.000,36412,192000,3999.417,120.0,8,7,2,0.00000
24.771,1,24758.000,36412,192000,3999.417,120.0,8,7,2,0.00000
24.771,2,24758.000,36412,192000,3999.417,120.0,8,7,2,0.00000
24.872,0,24859.000,41256,192000,3999.500,120.0,8,7,2,0.00000
24.872,1,24859.000,41256,192000,3999.500,120.0,8,7,2,0.00000
24.872,2,24859.000,41256,192000,3999.500,120.0,8,7,2,0.00000
24.974,0,24961.000,46155,192000,3999.438,120.0,8,7,2,0.00000
24.974,1,24961.000,46155,192000,3999.438,120.0,8,7,2,0.00000
24.974,2,24961.000,46155,192000,3999.438,120.0,8,7,2,0.00000
25.076,0,25063.000,51034,192000,3999.792,120.0,8,7,2,0.00000
25.076,1,25063.000,51034,192000,3999.792,120.0,8,7,2,0.00000
25.076,2,25063.000,51034,192000,3999.792,120.0,8,7,2,0.00000
25.178,0,25165.000,55935,192000,3999.688,120.0,8,7,2,0.00000
25.178,1,25165.000,55935,192000,3999.688,120.0,8,7,2,0.00000
25.178,2,25165.000,55935,192000,3999.688,120.0,8,7,2,0.00000
25.281,0,25268.000,60871,192000,3999.854,120.0,8,7,2,0.00000
25.281,1,25268.000,60871,192000,3999.854,120.0,8,7,2,0.00000
25.281,2,25268.000,60871,192000,3999.854,120.0,8,7,2,0.00000
25.381,0,25368.000,65674,192000,3999.792,120.0,8,7,2,0.00000
25.381,1,25368.000,65674,192000,3999.792,120.0,8,7,2,0.00000
25.381,2,25368.000,65674,192000,3999.792,120.0,8,7,2,0.00000
25.482,0,25469.000,70539,192000,3999.438,120.0,8,7,2,0.00000
25.482,1,25469.000,70539,192000,3999.438,120.0,8,7,2,0.00000
25.482,2,25469.000,70539,192000,3999.438,120.0,8,7,2,0.00000
25.584,0,25571.000,75428,192000,3999.583,120.0,8,7,2,0.00000
25.584,1,25571.000,75428,192000,3999.583,120.0,8,7,2,0.00000
25.584,2,25571.000,75428,192000,3999.583,120.0,8,7,2,0.00000
25.685,0,25672.000,80302,192000,3999.042,120.0,8,7,2,0.00000
25.685,1,25672.000,80302,192000,3999.042,120.0,8,7,2,0.00000
25.685,2,25672.000,80302,192000,3999.042,120.0,8,7,2,0.00000
25.787,0,25774.000,85159,192000,3999.854,120.0,8,7,2,0.00000
25.787,1,25774.000,85159,192000,3999.854,120.0,8,7,2,0.00000
25.787,2,25774.000,85159,192000,3999.854,120.0,8,7,2,0.00000
25.890,0,25877.000,90105,192000,3999.812,120.0,8,7,2,0.00000
25.890,1,25877.000,90105,192000,3999.812,120.0,8,7,2,0.00000
25.890,2,25877.000,90105,192000,3999.812,120.0,8,7,2,0.00000
25.990,0,25977.000,94914,192000,3999.625,120.0,8,7,2,0.00000
25.990,1,25977.000,94914,192000,3999.625,120.0,8,7,2,0.00000
25.990,2,25977.000,94914,192000,3999.625,120.0,8,7,2,0.00000
26.090,0,26077.000,99739,192000,3999.104,120.0,8,7,2,0.00000
26.090,1,26077.000,99739,192000,3999.104,120.0,8,7,2,0.00000
26.090,2,26077.000,99739,192000,3999.104,120.0,8,7,2,0.00000
26.192,0,26179.000,104619,192000,3999.438,120.0,8,7,2,0.00000
26.192,1,26179.000,104619,192000,3999.438,120.0,8,7,2,0.00000
26.192,2,26179.000,104619,192000,3999.438,120.0,8,7,2,0.00000
26.292,0,26279.000,109432,192000,3999.167,120.0,8,7,2,0.00000
26.292,1,26279.000,109432,192000,3999.167,120.0,8,7,2,0.00000
26.292,2,26279.000,109432,192000,3999.167,120.0,8,7,2,0.00000
26.393,0,26380.000,114267,192000,3999.438,120.0,8,7,2,0.00000
26.393,1,26380.000,114267,192000,3999.438,120.0,8,7,2,0.00000
26.393,2,26380.000,114267,192000,3999.438,120.0,8,7,2,0.00000
26.496,0,26483.000,119198,192000,3999.708,120.0,8,7,2,0.00000
26.496,1,26483.000,119198,192000,3999.708,120.0,8,7,2,0.00000
26.496,2,26483.000,119198,192000,3999.708,120.0,8,7,2,0.00000
26.596,0,26584.000,124034,192000,3999.958,120.0,8,7,2,0.00000
26.596,1,26584.000,124034,192000,3999.958,120.0,8,7,2,0.00000
26.596,2,26584.000,124034,192000,3999.958,120.0,8,7,2,0.00000
26.697,0,26684.000,128850,192000,3999.625,120.0,8,7,2,0.00000
26.697,1,26684.000,128850,192000,3999.625,120.0,8,7,2,0.00000
26.697,2,26684.000,128850,192000,3999.625,120.0,8,7,2,0.00000
26.798,0,26785.000,133722,192000,3999.125,120.0,8,7,2,0.00000
26.798,1,26785.000,133722,192000,3999.125,120.0,8,7,2,0.00000
26.798,2,26785.000,133722,192000,3999.125,120.0,8,7,2,0.00000
26.898,0,26886.000,138532,192000,3999.917,120.0,8,7,2,0.00000
26.898,1,26886.000,138532,192000,3999.917,120.0,8,7,2,0.00000
26.898,2,26886.000,138532,192000,3999.917,120.0,8,7,2,0.00000
27.001,0,26988.000,143452,192000,3999.417,120.0,8,7,2,0.00000
27.001,1,26988.000,143452,192000,3999.417,120.0,8,7,2,0.00000
27.001,2,26988.000,143452,192000,3999.417,120.0,8,7,2,0.00000
27.104,0,27091.000,148393,192000,3999.479,120.0,8,7,2,0.00000
27.104,1,27091.000,148393,192000,3999.479,120.0,8,7,2,0.00000
27.104,2,27091.000,148393,192000,3999.479,120.0,8,7,2,0.00000
27.205,0,27192.000,153231,192000,3999.688,120.0,8,7,2,0.00000
27.205,1,27192.000,153231,192000,3999.688,120.0,8,7,2,0.00000
27.205,2,27192.000,153231,192000,3999.688,120.0,8,7,2,0.00000
27.306,0,27293.000,158110,192000,3999.042,120.0,8,7,2,0.00000
27.306,1,27293.000,158110,192000,3999.042,120.0,8,7,2,0.00000
27.306,2,27293.000,158110,192000,3999.042,120.0,8,7,2,0.00000
27.408,0,27395.000,163006,192000,3999.042,120.0,8,7,2,0.00000
27.408,1,27395.000,163006,192000,3999.042,120.0,8,7,2,0.00000
27.408,2,27395.000,163006,192000,3999.042,120.0,8,7,2,0.00000
27.511,0,27498.000,167934,192000,3999.375,120.0,8,7,2,0.00000
27.511,1,27498.000,167934,192000,3999.375,120.0,8,7,2,0.00000
27.511,2,27498.000,167934,192000,3999.375,120.0,8,7,2,0.00000
27.613,0,27600.000,172836,192000,3999.250,120.0,8,7,2,0.00000
27.613,1,27600.000,172836,192000,3999.250,120.0,8,7,2,0.00000
27.613,2,27600.000,172836,192000,3999.250,120.0,8,7,2,0.00000
27.713,0,27701.000,177648,192000,0.000,120.0,8,7,2,0.00000
27.713,1,27701.000,177648,192000,0.000,120.0,8,7,2,0.00000
27.713,2,27701.000,177648,192000,0.000,120.0,8,7,2,0.00000
27.816,0,27803.000,182568,192000,3999.500,120.0,8,7,2,0.00000
27.816,1,27803.000,182568,192000,3999.500,120.0,8,7,2,0.00000
27.816,2,27803.000,182568,192000,3999.500,120.0,8,7,2,0.00000
27.917,0,27904.000,187423,192000,3999.354,120.0,8,7,2,0.00000
27.917,1,27904.000,187423,192000,3999.354,120.0,8,7,2,0.00000
27.917,2,27904.000,187423,192000,3999.354,120.0,8,7,2,0.00000
28.027,0,28014.000,683,192000,3999.771,120.0,8,8,2,0.00000
28.027,1,28014.000,683,192000,3999.771,120.0,8,8,2,0.00000
28.027,2,28014.000,683,192000,3999.771,120.0,8,8,2,0.00000
28.128,0,28115.000,5537,192000,3999.646,120.0,8,8,2,0.00000
28.128,1,28115.000,5537,192000,3999.646,120.0,8,8,2,0.00000
28.128,2,28115.000,5537,192000,3999.646,120.0,8,8,2,0.00000
28.230,0,28217.000,10432,192000,3999.667,120.0,8,8,2,0.00000
28.230,1,28217.000,10432,192000,3999.667,120.0,8,8,2,0.00000
28.230,2,28217.000,10432,192000,3999.667,120.0,8,8,2,0.00000
28.332,0,28319.000,15319,192000,3999.854,120.0,8,8,2,0.00000
28.332,1,28319.000,15319,192000,3999.854,120.0,8,8,2,0.00000
28.332,2,28319.000,15319,192000,3999.854,120.0,8,8,2,0.00000
28.433,0,28421.000,20209,192000,3999.979,120.0,8,8,2,0.00000
28.433,1,28421.000,20209,192000,3999.979,120.0,8,8,2,0.00000
28.433,2,28421.000,20209,192000,3999.979,120.0,8,8,2,0.00000
28.535,0,28523.000,25110,192000,3999.875,120.0,8,8,2,0.00000
28.535,1,28523.000,25110,192000,3999.875,120.0,8,8,2,0.00000
28.535,2,28523.000,25110,192000,3999.875,120.0,8,8,2,0.00000
28.636,0,28623.000,29945,192000,3999.146,120.0,8,8,2,0.00000
28.636,1,28623.000,29945,192000,3999.146,120.0,8,8,2,0.00000
28.636,2,28623.000,29945,192000,3999.146,120.0,8,8,2,0.00000
28.738,0,28725.000,34827,192000,3999.438,120.0,8,8,2,0.00000
28.738,1,28725.000,34827,192000,3999.438,120.0,8,8,2,0.00000
28.738,2,28725.000,34827,192000,3999.438,120.0,8,8,2,0.00000
28.840,0,28828.000,39744,192000,0.000,120.0,8,8,2,0.00000
28.840,1,28828.000,39744,192000,0.000,120.0,8,8,2,0.00000
28.840,2,28828.000,39744,192000,0.000,120.0,8,8,2,0.00000
28.943,0,28930.000,44674,192000,3999.292,120.0,8,8,2,0.00000
28.943,1,28930.000,44674,192000,3999.292,120.0,8,8,2,0.00000
28.943,2,28930.000,44674,192000,3999.292,120.0,8,8,2,0.00000
29.044,0,29031.000,49502,192000,3999.708,120.0,8,8,2,0.00000
29.044,1,29031.000,49502,192000,3999.708,120.0,8,8,2,0.00000
29.044,2,29031.000,49502,192000,3999.708,120.0,8,8,2,0.00000
29.145,0,29132.000,54366,192000,3999.375,120.0,8,8,2,0.00000
29.145,1,29132.000,54366,192000,3999.375,120.0,8,8,2,0.00000
29.145,2,29132.000,54366,192000,3999.375,120.0,8,8,2,0.00000
29.248,0,29235.000,59287,192000,3999.854,120.0,8,8,2,0.00000
29.248,1,29235.000,59287,192000,3999.854,120.0,8,8,2,0.00000
29.248,2,29235.000,59287,192000,3999.854,120.0,8,8,2,0.00000
29.349,0,29337.000,64179,192000,3999.938,120.0,8,8,2,0.00000
29.349,1,29337.000,64179,192000,3999.938,120.0,8,8,2,0.00000
29.349,2,29337.000,64179,192000,3999.938,120.0,8,8,2,0.00000
29.452,0,29439.000,69089,192000,3999.646,120.0,8,8,2,0.00000
29.452,1,29439.000,69089,192000,3999.646,120.0,8,8,2,0.00000
29.452,2,29439.000,69089,192000,3999.646,120.0,8,8,2,0.00000
29.554,0,29541.000,73993,192000,3999.479,120.0,8,8,2,0.00000
29.554,1,29541.000,73993,192000,3999.479,120.0,8,8,2,0.00000
29.554,2,29541.000,73993,192000,3999.479,120.0,8,8,2,0.00000
29.656,0,29643.000,78905,192000,3999.146,120.0,8,8,2,0.00000
29.656,1,29643.000,78905,192000,3999.146,120.0,8,8,2,0.00000
29.656,2,29643.000,78905,192000,3999.146,120.0,8,8,2,0.00000
29.758,0,29745.000,83772,192000,3999.750,120.0,8,8,2,0.00000
29.758,1,29745.000,83772,192000,3999.750,120.0,8,8,2,0.00000
29.758,2,29745.000,83772,192000,3999.750,120.0,8,8,2,0.00000
29.859,0,29846.000,88648,192000,3999.167,120.0,8,8,2,0.00000
29.859,1,29846.000,88648,192000,3999.167,120.0,8,8,2,0.00000
29.859,2,29846.000,88648,192000,3999.167,120.0,8,8,2,0.00000
29.960,0,29947.000,93490,192000,3999.292,120.0,8,8,2,0.00000
29.960,1,29947.000,93490,192000,3999.292,120.0,8,8,2,0.00000
29.960,2,29947.000,93490,192000,3999.292,120.0,8,8,2,0.00000
30.060,0,30047.000,98298,192000,3999.125,120.0,8,8,2,0.00000
30.060,1,30047.000,98298,192000,3999.125,120.0,8,8,2,0.00000
30.060,2,30047.000,98298,192000,3999.125,120.0,8,8,2,0.00000
30.161,0,30148.000,103147,192000,3999.104,120.0,8,8,2,0.00000
30.161,1,30148.000,103147,192000,3999.104,120.0,8,8,2,0.00000
30.161,2,30148.000,103147,192000,3999.104,120.0,8,8,2,0.00000
30.264,0,30251.000,108062,192000,3999.708,120.0,8,8,2,0.00000
30.264,1,30251.000,108062,192000,3999.708,120.0,8,8,2,0.00000
30.264,2,30251.000,108062,192000,3999.708,120.0,8,8,2,0.00000
30.364,0,30352.000,112898,192000,3999.958,120.0,8,8,2,0.00000
30.364,1,30352.000,112898,192000,3999.958,120.0,8,8,2,0.00000
30.364,2,30352.000,112898,192000,3999.958,120.0,8,8,2,0.00000
30.466,0,30453.000,117786,192000,3999.125,120.0,8,8,2,0.00000
30.466,1,30453.000,117786,192000,3999.125,120.0,8,8,2,0.00000
30.466,2,30453.000,117786,192000,3999.125,120.0,8,8,2,0.00000
30.569,0,30556.000,122702,192000,3999.708,120.0,8,8,2,0.00000
30.569,1,30556.000,122702,192000,3999.708,120.0,8,8,2,0.00000
30.569,2,30556.000,122702,192000,3999.708,120.0,8,8,2,0.00000
30.670,0,30657.000,127562,192000,3999.458,120.0,8,8,2,0.00000
30.670,1,30657.000,127562,192000,3999.458,120.0,8,8,2,0.00000
30.670,2,30657.000,127562,192000,3999.458,120.0,8,8,2,0.00000
30.771,0,30759.000,132433,192000,3999.979,120.0,8,8,2,0.00000
30.771,1,30759.000,132433,192000,3999.979,120.0,8,8,2,0.00000
30.771,2,30759.000,132433,192000,3999.979,120.0,8,8,2,0.00000
30.872,0,30860.000,137281,192000,3999.979,120.0,8,8,2,0.00000
30.872,1,30860.000,137281,192000,3999.979,120.0,8,8,2,0.00000
30.872,2,30860.000,137281,192000,3999.979,120.0,8,8,2,0.00000
30.973,0,30960.000,142108,192000,3999.417,120.0,8,8,2,0.00000
30.973,1,30960.000,142108,192000,3999.417,120.0,8,8,2,0.00000
30.973,2,30960.000,142108,192000,3999.417,120.0,8,8,2,0.00000
31.075,0,31063.000,147026,192000,3999.958,120.0,8,8,2,0.00000
31.075,1,31063.000,147026,192000,3999.958,120.0,8,8,2,0.00000
31.075,2,31063.000,147026,192000,3999.958,120.0,8,8,2,0.00000
31.176,0,31163.000,151846,192000,3999.542,120.0,8,8,2,0.00000
31.176,1,31163.000,151846,192000,3999.542,120.0,8,8,2,0.00000
31.176,2,31163.000,151846,192000,3999.542,120.0,8,8,2,0.00000
31.278,0,31265.000,156757,192000,3999.229,120.0,8,8,2,0.00000
31.278,1,31265.000,156757,192000,3999.229,120.0,8,8,2,0.00000
31.278,2,31265.000,156757,192000,3999.229,120.0,8,8,2,0.00000
31.379,0,31366.000,161611,192000,3999.104,120.0,8,8,2,0.00000
31.379,1,31366.000,161611,192000,3999.104,120.0,8,8,2,0.00000
31.379,2,31366.000,161611,192000,3999.104,120.0,8,8,2,0.00000
31.481,0,31468.000,166472,192000,3999.833,120.0,8,8,2,0.00000
31.481,1,31468.000,166472,192000,3999.833,120.0,8,8,2,0.00000
31.481,2,31468.000,166472,192000,3999.833,120.0,8,8,2,0.00000
31.583,0,31571.000,171409,192000,3999.979,120.0,8,8,2,0.00000
31.583,1,31571.000,171409,192000,3999.979,120.0,8,8,2,0.00000
31.583,2,31571.000,171409,192000,3999.979,120.0,8,8,2,0.00000
31.685,0,31672.000,176284,192000,3999.417,120.0,8,8,2,0.00000
31.685,1,31672.000,176284,192000,3999.417,120.0,8,8,2,0.00000
31.685,2,31672.000,176284,192000,3999.417,120.0,8,8,2,0.00000
31.788,0,31775.000,181207,192000,3999.854,120.0,8,8,2,0.00000
31.788,1,31775.000,181207,192000,3999.854,120.0,8,8,2,0.00000
31.788,2,31775.000,181207,192000,3999.854,120.0,8,8,2,0.00000
31.888,0,31875.000,186018,192000,3999.625,120.0,8,8,2,0.00000
31.888,1,31875.000,186018,192000,3999.625,120.0,8,8,2,0.00000
31.888,2,31875.000,186018,192000,3999.625,120.0,8,8,2,0.00000
31.989,0,31977.000,190900,192000,3999.917,120.0,8,8,2,0.00000
31.989,1,31977.000,190900,192000,3999.917,120.0,8,8,2,0.00000
31.989,2,31977.000,190900,192000,3999.917,120.0,8,8,2,0.00000
32.091,0,32078.000,3779,192000,3999.271,120.0,8,9,2,0.09978
32.091,1,32078.000,3779,192000,3999.271,120.0,8,9,2,0.09969
32.091,2,32078.000,3779,192000,3999.271,120.0,8,9,2,0.09978
32.191,0,32178.000,8582,192000,3999.208,120.0,8,9,2,0.06581
32.191,1,32178.000,8582,192000,3999.208,120.0,8,9,2,0.06575
32.191,2,32178.000,8582,192000,3999.208,120.0,8,9,2,0.06581
32.292,0,32280.000,13443,192000,3999.938,120.0,8,9,2,0.04319
32.292,1,32280.000,13443,192000,3999.938,120.0,8,9,2,0.04315
32.292,2,32280.000,13443,192000,3999.938,120.0,8,9,2,0.04319
32.393,0,32381.000,18294,192000,3999.875,120.0,8,9,2,0.02837
32.393,1,32381.000,18294,192000,3999.875,120.0,8,9,2,0.02834
32.393,2,32381.000,18294,192000,3999.875,120.0,8,9,2,0.02837
32.495,0,32482.000,23181,192000,3999.062,120.0,8,9,2,0.01858
32.495,1,32482.000,23181,192000,3999.062,120.0,8,9,2,0.01856
32.495,2,32482.000,23181,192000,3999.062,120.0,8,9,2,0.01858
32.596,0,32583.000,28021,192000,3999.229,120.0,8,9,2,0.01221
32.596,1,32583.000,28021,192000,3999.229,120.0,8,9,2,0.01220
32.596,2,32583.000,28021,192000,3999.229,120.0,8,9,2,0.01221
32.699,0,32686.000,32935,192000,3999.854,120.0,8,9,2,0.00798
32.699,1,32686.000,32935,192000,3999.854,120.0,8,9,2,0.00797
32.699,2,32686.000,32935,192000,3999.854,120.0,8,9,2,0.00798
32.800,0,32787.000,37798,192000,3999.542,120.0,8,9,2,0.00524
32.800,1,32787.000,37798,192000,3999.542,120.0,8,9,2,0.00523
32.800,2,32787.000,37798,192000,3999.542,120.0,8,9,2,0.00524
32.900,0,32887.000,42606,192000,3999.375,120.0,8,9,2,0.00345
32.900,1,32887.000,42606,192000,3999.375,120.0,8,9,2,0.00345
32.900,2,32887.000,42606,192000,3999.375,120.0,8,9,2,0.00345
33.003,0,32990.000,47532,192000,3999.750,120.0,8,9,2,0.00225
33.003,1,32990.000,47532,192000,3999.750,120.0,8,9,2,0.00225
33.003,2,32990.000,47532,192000,3999.750,120.0,8,9,2,0.00225
33.106,0,33093.000,52471,192000,3999.854,120.0,8,9,2,0.00147
33.106,1,33093.000,52471,192000,3999.854,120.0,8,9,2,0.00147
33.106,2,33093.000,52471,192000,3999.854,120.0,8,9,2,0.00147
33.206,0,33193.000,57277,192000,3999.729,120.0,8,9,2,0.00097
33.206,1,33193.000,57277,192000,3999.729,120.0,8,9,2,0.00097
33.206,2,33193.000,57277,192000,3999.729,120.0,8,9,2,0.00097
33.308,0,33296.000,62210,192000,3999.958,120.0,8,9,2,0.00063
33.308,1,33296.000,62210,192000,3999.958,120.0,8,9,2,0.00063
33.308,2,33296.000,62210,192000,3999.958,120.0,8,9,2,0.00063
33.410,0,33398.000,67106,192000,3999.958,120.0,8,9,2,0.00041
33.410,1,33398.000,67106,192000,3999.958,120.0,8,9,2,0.00041
33.410,2,33398.000,67106,192000,3999.958,120.0,8,9,2,0.00041
33.510,0,33498.000,71910,192000,3999.875,120.0,8,9,2,0.00027
33.510,1,33498.000,71910,192000,3999.875,120.0,8,9,2,0.00027
33.510,2,33498.000,71910,192000,3999.875,120.0,8,9,2,0.00027
33.613,0,33600.000,76843,192000,3999.104,120.0,8,9,2,0.00018
33.613,1,33600.000,76843,192000,3999.104,120.0,8,9,2,0.00018
33.613,2,33600.000,76843,192000,3999.104,120.0,8,9,2,0.00018
33.714,0,33701.000,81659,192000,3999.771,120.0,8,9,2,0.00012
33.714,1,33701.000,81659,192000,3999.771,120.0,8,9,2,0.00012
33.714,2,33701.000,81659,192000,3999.771,120.0,8,9,2,0.00012
33.815,0,33802.000,86535,192000,3999.188,120.0,8,9,2,0.00008
33.815,1,33802.000,86535,192000,3999.188,120.0,8,9,2,0.00008
33.815,2,33802.000,86535,192000,3999.188,120.0,8,9,2,0.00008
33.916,0,33903.000,91382,192000,3999.208,120.0,8,9,2,0.00005
33.916,1,33903.000,91382,192000,3999.208,120.0,8,9,2,0.00005
33.916,2,33903.000,91382,192000,3999.208,120.0,8,9,2,0.00005
34.018,0,34005.000,96255,192000,3999.688,120.0,8,9,2,0.00003
34.018,1,34005.000,96255,192000,3999.688,120.0,8,9,2,0.00003
34.018,2,34005.000,96255,192000,3999.688,120.0,8,9,2,0.00003
34.118,0,34105.000,101069,192000,3999.396,120.0,8,9,2,0.00002
34.118,1,34105.000,101069,192000,3999.396,120.0,8,9,2,0.00002
34.118,2,34105.000,101069,192000,3999.396,120.0,8,9,2,0.00002
34.219,0,34206.000,105903,192000,3999.688,120.0,8,9,2,0.00001
34.219,1,34206.000,105903,192000,3999.688,120.0,8,9,2,0.00001
34.219,2,34206.000,105903,192000,3999.688,120.0,8,9,2,0.00001
34.321,0,34308.000,110799,192000,3999.688,120.0,8,9,2,0.00001
34.321,1,34308.000,110799,192000,3999.688,120.0,8,9,2,0.00001
34.321,2,34308.000,110799,192000,3999.688,120.0,8,9,2,0.00001
34.423,0,34410.000,115708,192000,3999.417,120.0,8,9,2,0.00001
34.423,1,34410.000,115708,192000,3999.417,120.0,8,9,2,0.00001
34.423,2,34410.000,115708,192000,3999.417,120.0,8,9,2,0.00001
34.525,0,34512.000,120612,192000,3999.250,120.0,8,9,2,0.00000
34.525,1,34512.000,120612,192000,3999.250,120.0,8,9,2,0.00000
34.525,2,34512.000,120612,192000,3999.250,120.0,8,9,2,0.00000
34.628,0,34615.000,125527,192000,3999.854,120.0,8,9,2,0.00000
34.628,1,34615.000,125527,192000,3999.854,120.0,8,9,2,0.00000
34.628,2,34615.000,125527,192000,3999.854,120.0,8,9,2,0.00000
34.728,0,34715.000,130343,192000,3999.521,120.0,8,9,2,0.00000
34.728,1,34715.000,130343,192000,3999.521,120.0,8,9,2,0.00000
34.728,2,34715.000,130343,192000,3999.521,120.0,8,9,2,0.00000
34.831,0,34818.000,135280,192000,3999.667,120.0,8,9,2,0.00000
34.831,1,34818.000,135280,192000,3999.667,120.0,8,9,2,0.00000
34.831,2,34818.000,135280,192000,3999.667,120.0,8,9,2,0.00000
34.931,0,34918.000,140099,192000,3999.271,120.0,8,9,2,0.00000
34.931,1,34918.000,140099,192000,3999.271,120.0,8,9,2,0.00000
34.931,2,34918.000,140099,192000,3999.271,120.0,8,9,2,0.00000
35.032,0,35019.000,144948,192000,3999.250,120.0,8,9,2,0.00000
35.032,1,35019.000,144948,192000,3999.250,120.0,8,9,2,0.00000
35.032,2,35019.000,144948,192000,3999.250,120.0,8,9,2,0.00000
35.135,0,35122.000,149902,192000,3999.042,120.0,8,9,2,0.00000
35.135,1,35122.000,149902,192000,3999.042,120.0,8,9,2,0.00000
35.135,2,35122.000,149902,192000,3999.042,120.0,8,9,2,0.00000
35.238,0,35225.000,154816,192000,3999.667,120.0,8,9,2,0.00000
35.238,1,35225.000,154816,192000,3999.667,120.0,8,9,2,0.00000
35.238,2,35225.000,154816,192000,3999.667,120.0,8,9,2,0.00000
35.339,0,35326.000,159663,192000,3999.688,120.0,8,9,2,0.00000
35.339,1,35326.000,159663,192000,3999.688,120.0,8,9,2,0.00000
35.339,2,35326.000,159663,192000,3999.688,120.0,8,9,2,0.00000
35.439,0,35426.000,164469,192000,3999.562,120.0,8,9,2,0.00000
35.439,1,35426.000,164469,192000,3999.562,120.0,8,9,2,0.00000
35.439,2,35426.000,164469,192000,3999.562,120.0,8,9,2,0.00000
35.541,0,35528.000,169377,192000,3999.312,120.0,8,9,2,0.00000
35.541,1,35528.000,169377,192000,3999.312,120.0,8,9,2,0.00000
35.541,2,35528.000,169377,192000,3999.312,120.0,8,9,2,0.00000
35.643,0,35630.000,174284,192000,3999.083,120.0,8,9,2,0.00000
35.643,1,35630.000,174284,192000,3999.083,120.0,8,9,2,0.00000
35.643,2,35630.000,174284,192000,3999.083,120.0,8,9,2,0.00000
35.746,0,35733.000,179196,192000,3999.750,120.0,8,9,2,0.00000
35.746,1,35733.000,179196,192000,3999.750,120.0,8,9,2,0.00000
35.746,2,35733.000,179196,192000,3999.750,120.0,8,9,2,0.00000
35.847,0,35834.000,184070,192000,3999.208,120.0,8,9,2,0.00000
35.847,1,35834.000,184070,192000,3999.208,120.0,8,9,2,0.00000
35.847,2,35834.000,184070,192000,3999.208,120.0,8,9,2,0.00000
35.949,0,35936.000,188935,192000,3999.854,120.0,8,9,2,0.00000
35.949,1,35936.000,188935,192000,3999.854,120.0,8,9,2,0.00000
35.949,2,35936.000,188935,192000,3999.854,120.0,8,9,2,0.00000
36.049,0,36037.000,1780,192000,3999.917,120.0,8,10,2,0.00000
36.049,1,36037.000,1780,192000,3999.917,120.0,8,10,2,0.00000
36.049,2,36037.000,1780,192000,3999.917,120.0,8,10,2,0.00000
36.152,0,36139.000,6685,192000,3999.729,120.0,8,10,2,0.00000
36.152,1,36139.000,6685,192000,3999.729,120.0,8,10,2,0.00000
36.152,2,36139.000,6685,192000,3999.729,120.0,8,10,2,0.00000
36.252,0,36239.000,11499,192000,3999.438,120.0,8,10,2,0.00000
36.252,1,36239.000,11499,192000,3999.438,120.0,8,10,2,0.00000
36.252,2,36239.000,11499,192000,3999.438,120.0,8,10,2,0.00000
36.352,0,36339.000,16302,192000,3999.375,120.0,8,10,2,0.00000
36.352,1,36339.000,16302,192000,3999.375,120.0,8,10,2,0.00000
36.352,2,36339.000,16302,192000,3999.375,120.0,8,10,2,0.00000
36.454,0,36441.000,21189,192000,3999.562,120.0,8,10,2,0.00000
36.454,1,36441.000,21189,192000,3999.562,120.0,8,10,2,0.00000
36.454,2,36441.000,21189,192000,3999.562,120.0,8,10,2,0.00000
36.556,0,36543.000,26074,192000,3999.792,120.0,8,10,2,0.00000
36.556,1,36543.000,26074,192000,3999.792,120.0,8,10,2,0.00000
36.556,2,36543.000,26074,192000,3999.792,120.0,8,10,2,0.00000
36.657,0,36645.000,30962,192000,3999.958,120.0,8,10,2,0.00000
36.657,1,36645.000,30962,192000,3999.958,120.0,8,10,2,0.00000
36.657,2,36645.000,30962,192000,3999.958,120.0,8,10,2,0.00000
36.758,0,36745.000,35784,192000,3999.500,120.0,8,10,2,0.00000
36.758,1,36745.000,35784,192000,3999.500,120.0,8,10,2,0.00000
36.758,2,36745.000,35784,192000,3999.500,120.0,8,10,2,0.00000
36.860,0,36847.000,40687,192000,3999.354,120.0,8,10,2,0.00000
36.860,1,36847.000,40687,192000,3999.354,120.0,8,10,2,0.00000
36.860,2,36847.000,40687,192000,3999.354,120.0,8,10,2,0.00000
36.960,0,36947.000,45501,192000,3999.062,120.0,8,10,2,0.00000
36.960,1,36947.000,45501,192000,3999.062,120.0,8,10,2,0.00000
36.960,2,36947.000,45501,192000,3999.062,120.0,8,10,2,0.00000
37.062,0,37049.000,50371,192000,3999.604,120.0,8,10,2,0.00000
37.062,1,37049.000,50371,192000,3999.604,120.0,8,10,2,0.00000
37.062,2,37049.000,50371,192000,3999.604,120.0,8,10,2,0.00000
37.165,0,37152.000,55304,192000,3999.833,120.0,8,10,2,0.00000
37.165,1,37152.000,55304,192000,3999.833,120.0,8,10,2,0.00000
37.165,2,37152.000,55304,192000,3999.833,120.0,8,10,2,0.00000
37.266,0,37253.000,60157,192000,3999.729,120.0,8,10,2,0.00000
37.266,1,37253.000,60157,192000,3999.729,120.0,8,10,2,0.00000
37.266,2,37253.000,60157,192000,3999.729,120.0,8,10,2,0.00000
37.367,0,37354.000,65013,192000,3999.562,120.0,8,10,2,0.00000
37.367,1,37354.000,65013,192000,3999.562,120.0,8,10,2,0.00000
37.367,2,37354.000,65013,192000,3999.562,120.0,8,10,2,0.00000
37.469,0,37457.000,69937,192000,3999.979,120.0,8,10,2,0.00000
37.469,1,37457.000,69937,192000,3999.979,120.0,8,10,2,0.00000
37.469,2,37457.000,69937,192000,3999.979,120.0,8,10,2,0.00000
37.570,0,37557.000,74745,192000,3999.812,120.0,8,10,2,0.00000
37.570,1,37557.000,74745,192000,3999.812,120.0,8,10,2,0.00000
37.570,2,37557.000,74745,192000,3999.812,120.0,8,10,2,0.00000
37.671,0,37658.000,79596,192000,3999.750,120.0,8,10,2,0.00000
37.671,1,37658.000,79596,192000,3999.750,120.0,8,10,2,0.00000
37.671,2,37658.000,79596,192000,3999.750,120.0,8,10,2,0.00000
37.773,0,37760.000,84495,192000,3999.688,120.0,8,10,2,0.00000
37.773,1,37760.000,84495,192000,3999.688,120.0,8,10,2,0.00000
37.773,2,37760.000,84495,192000,3999.688,120.0,8,10,2,0.00000
37.875,0,37862.000,89417,192000,3999.146,120.0,8,10,2,0.00000
37.875,1,37862.000,89417,192000,3999.146,120.0,8,10,2,0.00000
37.875,2,37862.000,89417,192000,3999.146,120.0,8,10,2,0.00000
37.977,0,37964.000,94317,192000,3999.062,120.0,8,10,2,0.00000
37.977,1,37964.000,94317,192000,3999.062,120.0,8,10,2,0.00000
37.977,2,37964.000,94317,192000,3999.062,120.0,8,10,2,0.00000
38.079,0,38066.000,99213,192000,3999.062,120.0,8,10,2,0.00000
38.079,1,38066.000,99213,192000,3999.062,120.0,8,10,2,0.00000
38.079,2,38066.000,99213,192000,3999.062,120.0,8,10,2,0.00000
38.181,0,38168.000,104078,192000,3999.708,120.0,8,10,2,0.00000
38.181,1,38168.000,104078,192000,3999.708,120.0,8,10,2,0.00000
38.181,2,38168.000,104078,192000,3999.708,120.0,8,10,2,0.00000
38.283,0,38270.000,108989,192000,3999.396,120.0,8,10,2,0.00000
38.283,1,38270.000,108989,192000,3999.396,120.0,8,10,2,0.00000
38.283,2,38270.000,108989,192000,3999.396,120.0,8,10,2,0.00000
38.386,0,38373.000,113921,192000,3999.646,120.0,8,10,2,0.00000
38.386,1,38373.000,113921,192000,3999.646,120.0,8,10,2,0.00000
38.386,2,38373.000,113921,192000,3999.646,120.0,8,10,2,0.00000
38.488,0,38475.000,118819,192000,3999.604,120.0,8,10,2,0.00000
38.488,1,38475.000,118819,192000,3999.604,120.0,8,10,2,0.00000
38.488,2,38475.000,118819,192000,3999.604,120.0,8,10,2,0.00000
38.588,0,38575.000,123627,192000,3999.438,120.0,8,10,2,0.00000
38.588,1,38575.000,123627,192000,3999.438,120.0,8,10,2,0.00000
38.588,2,38575.000,123627,192000,3999.438,120.0,8,10,2,0.00000
38.688,0,38675.000,128438,192000,3999.208,120.0,8,10,2,0.00000
38.688,1,38675.000,128438,192000,3999.208,120.0,8,10,2,0.00000
38.688,2,38675.000,128438,192000,3999.208,120.0,8,10,2,0.00000
38.789,0,38776.000,133293,192000,3999.062,120.0,8,10,2,0.00000
38.789,1,38776.000,133293,192000,3999.062,120.0,8,10,2,0.00000
38.789,2,38776.000,133293,192000,3999.062,120.0,8,10,2,0.00000
38.890,0,38877.000,138124,192000,3999.417,120.0,8,10,2,0.00000
38.890,1,38877.000,138124,192000,3999.417,120.0,8,10,2,0.00000
38.890,2,38877.000,138124,192000,3999.417,120.0,8,10,2,0.00000
38.992,0,38979.000,143002,192000,3999.792,120.0,8,10,2,0.00000
38.992,1,38979.000,143002,192000,3999.792,120.0,8,10,2,0.00000
38.992,2,38979.000,143002,192000,3999.792,120.0,8,10,2,0.00000
39.094,0,39081.000,147921,192000,3999.312,120.0,8,10,2,0.00000
39.094,1,39081.000,147921,192000,3999.312,120.0,8,10,2,0.00000
39.094,2,39081.000,147921,192000,3999.312,120.0,8,10,2,0.00000
39.195,0,39182.000,152747,192000,3999.771,120.0,8,10,2,0.00000
39.195,1,39182.000,152747,192000,3999.771,120.0,8,10,2,0.00000
39.195,2,39182.000,152747,192000,3999.771,120.0,8,10,2,0.00000
39.296,0,39283.000,157625,192000,3999.146,120.0,8,10,2,0.00000
39.296,1,39283.000,157625,192000,3999.146,120.0,8,10,2,0.00000
39.296,2,39283.000,157625,192000,3999.146,120.0,8,10,2,0.00000
39.398,0,39385.000,162520,192000,3999.167,120.0,8,10,2,0.00000
39.398,1,39385.000,162520,192000,3999.167,120.0,8,10,2,0.00000
39.398,2,39385.000,162520,192000,3999.167,120.0,8,10,2,0.00000
39.499,0,39486.000,167370,192000,3999.125,120.0,8,10,2,0.00000
39.499,1,39486.000,167370,192000,3999.125,120.0,8,10,2,0.00000
39.499,2,39486.000,167370,192000,3999.125,120.0,8,10,2,0.00000
39.600,0,39587.000,172214,192000,3999.208,120.0,8,10,2,0.00000
39.600,1,39587.000,172214,192000,3999.208,120.0,8,10,2,0.00000
39.600,2,39587.000,172214,192000,3999.208,120.0,8,10,2,0.00000
39.702,0,39689.000,177089,192000,3999.646,120.0,8,10,2,0.00000
39.702,1,39689.000,177089,192000,3999.646,120.0,8,10,2,0.00000
39.702,2,39689.000,177089,192000,3999.646,120.0,8,10,2,0.00000
39.804,0,39791.000,182001,192000,3999.312,120.0,8,10,2,0.00000
39.804,1,39791.000,182001,192000,3999.312,120.0,8,10,2,0.00000
39.804,2,39791.000,182001,192000,3999.312,120.0,8,10,2,0.00000
39.905,0,39892.000,186829,192000,3999.729,120.0,8,10,2,0.00000
39.905,1,39892.000,186829,192000,3999.729,120.0,8,10,2,0.00000
39.905,2,39892.000,186829,192000,3999.729,120.0,8,10,2,0.00000
40.005,0,39992.000,191657,192000,3999.146,120.0,8,10,2,0.00000
40.005,1,39992.000,191657,192000,3999.146,120.0,8,10,2,0.00000
40.005,2,39992.000,191657,192000,3999.146,120.0,8,10,2,0.00000
40.108,0,40095.000,4596,192000,3999.250,120.0,8,11,2,0.00000
40.108,1,40095.000,4596,192000,3999.250,120.0,8,11,2,0.00000
40.108,2,40095.000,4596,192000,3999.250,120.0,8,11,2,0.00000
40.210,0,40198.000,9505,192000,3999.979,120.0,8,11,2,0.00000
40.210,1,40198.000,9505,192000,3999.979,120.0,8,11,2,0.00000
40.210,2,40198.000,9505,192000,3999.979,120.0,8,11,2,0.00000
40.311,0,40298.000,14325,192000,3999.562,120.0,8,11,2,0.00000
40.311,1,40298.000,14325,192000,3999.562,120.0,8,11,2,0.00000
40.311,2,40298.000,14325,192000,3999.562,120.0,8,11,2,0.00000
40.413,0,40400.000,19227,192000,3999.438,120.0,8,11,2,0.00000
40.413,1,40400.000,19227,192000,3999.438,120.0,8,11,2,0.00000
40.413,2,40400.000,19227,192000,3999.438,120.0,8,11,2,0.00000
40.516,0,40503.000,24158,192000,3999.708,120.0,8,11,2,0.00000
40.516,1,40503.000,24158,192000,3999.708,120.0,8,11,2,0.00000
40.516,2,40503.000,24158,192000,3999.708,120.0,8,11,2,0.00000
40.617,0,40604.000,29038,192000,3999.042,120.0,8,11,2,0.00000
40.617,1,40604.000,29038,192000,3999.042,120.0,8,11,2,0.00000
40.617,2,40604.000,29038,192000,3999.042,120.0,8,11,2,0.00000
40.718,0,40705.000,33856,192000,3999.667,120.0,8,11,2,0.00000
40.718,1,40705.000,33856,192000,3999.667,120.0,8,11,2,0.00000
40.718,2,40705.000,33856,192000,3999.667,120.0,8,11,2,0.00000
40.819,0,40806.000,38723,192000,3999.271,120.0,8,11,2,0.00000
40.819,1,40806.000,38723,192000,3999.271,120.0,8,11,2,0.00000
40.819,2,40806.000,38723,192000,3999.271,120.0,8,11,2,0.00000
40.920,0,40907.000,43572,192000,3999.250,120.0,8,11,2,0.00000
40.920,1,40907.000,43572,192000,3999.250,120.0,8,11,2,0.00000
40.920,2,40907.000,43572,192000,3999.250,120.0,8,11,2,0.00000
41.023,0,41010.000,48514,192000,3999.292,120.0,8,11,2,0.00000
41.023,1,41010.000,48514,192000,3999.292,120.0,8,11,2,0.00000
41.023,2,41010.000,48514,192000,3999.292,120.0,8,11,2,0.00000
41.124,0,41111.000,53357,192000,3999.396,120.0,8,11,2,0.00000
41.124,1,41111.000,53357,192000,3999.396,120.0,8,11,2,0.00000
41.124,2,41111.000,53357,192000,3999.396,120.0,8,11,2,0.00000
41.226,0,41213.000,58258,192000,3999.292,120.0,8,11,2,0.00000
41.226,1,41213.000,58258,192000,3999.292,120.0,8,11,2,0.00000
41.226,2,41213.000,58258,192000,3999.292,120.0,8,11,2,0.00000
41.328,0,41315.000,63126,192000,3999.875,120.0,8,11,2,0.00000
41.328,1,41315.000,63126,192000,3999.875,120.0,8,11,2,0.00000
41.328,2,41315.000,63126,192000,3999.875,120.0,8,11,2,0.00000
41.429,0,41416.000,67990,192000,3999.542,120.0,8,11,2,0.00000
41.429,1,41416.000,67990,192000,3999.542,120.0,8,11,2,0.00000
41.429,2,41416.000,67990,192000,3999.542,120.0,8,11,2,0.00000
41.529,0,41516.000,72803,192000,3999.271,120.0,8,11,2,0.00000
41.529,1,41516.000,72803,192000,3999.271,120.0,8,11,2,0.00000
41.529,2,41516.000,72803,192000,3999.271,120.0,8,11,2,0.00000
41.631,0,41619.000,77717,192000,3999.896,120.0,8,11,2,0.00000
41.631,1,41619.000,77717,192000,3999.896,120.0,8,11,2,0.00000
41.631,2,41619.000,77717,192000,3999.896,120.0,8,11,2,0.00000
41.732,0,41719.000,82557,192000,3999.062,120.0,8,11,2,0.00000
41.732,1,41719.000,82557,192000,3999.062,120.0,8,11,2,0.00000
41.732,2,41719.000,82557,192000,3999.062,120.0,8,11,2,0.00000
41.835,0,41822.000,87462,192000,3999.875,120.0,8,11,2,0.00000
41.835,1,41822.000,87462,192000,3999.875,120.0,8,11,2,0.00000
41.835,2,41822.000,87462,192000,3999.875,120.0,8,11,2,0.00000
41.937,0,41924.000,92367,192000,3999.688,120.0,8,11,2,0.00000
41.937,1,41924.000,92367,192000,3999.688,120.0,8,11,2,0.00000
41.937,2,41924.000,92367,192000,3999.688,120.0,8,11,2,0.00000
42.039,0,42026.000,97287,192000,3999.188,120.0,8,11,2,0.00000
42.039,1,42026.000,97287,192000,3999.188,120.0,8,11,2,0.00000
42.039,2,42026.000,97287,192000,3999.188,120.0,8,11,2,0.00000
42.140,0,42127.000,102112,192000,3999.667,120.0,8,11,2,0.00000
42.140,1,42127.000,102112,192000,3999.667,120.0,8,11,2,0.00000
42.140,2,42127.000,102112,192000,3999.667,120.0,8,11,2,0.00000
42.241,0,42228.000,106988,192000,3999.083,120.0,8,11,2,0.00000
42.241,1,42228.000,106988,192000,3999.083,120.0,8,11,2,0.00000
42.241,2,42228.000,106988,192000,3999.083,120.0,8,11,2,0.00000
42.343,0,42330.000,111875,192000,3999.271,120.0,8,11,2,0.00000
42.343,1,42330.000,111875,192000,3999.271,120.0,8,11,2,0.00000
42.343,2,42330.000,111875,192000,3999.271,120.0,8,11,2,0.00000
42.445,0,42432.000,116765,192000,3999.396,120.0,8,11,2,0.00000
42.445,1,42432.000,116765,192000,3999.396,120.0,8,11,2,0.00000
42.445,2,42432.000,116765,192000,3999.396,120.0,8,11,2,0.00000
42.546,0,42534.000,121637,192000,3999.896,120.0,8,11,2,0.00000
42.546,1,42534.000,121637,192000,3999.896,120.0,8,11,2,0.00000
42.546,2,42534.000,121637,192000,3999.896,120.0,8,11,2,0.00000
42.648,0,42635.000,126488,192000,3999.833,120.0,8,11,2,0.00000
42.648,1,42635.000,126488,192000,3999.833,120.0,8,11,2,0.00000
42.648,2,42635.000,126488,192000,3999.833,120.0,8,11,2,0.00000
42.750,0,42737.000,131388,192000,3999.750,120.0,8,11,2,0.00000
42.750,1,42737.000,131388,192000,3999.750,120.0,8,11,2,0.00000
42.750,2,42737.000,131388,192000,3999.750,120.0,8,11,2,0.00000
42.851,0,42839.000,136272,192000,0.000,120.0,8,11,2,0.00000
42.851,1,42839.000,136272,192000,0.000,120.0,8,11,2,0.00000
42.851,2,42839.000,136272,192000,0.000,120.0,8,11,2,0.00000
42.952,0,42939.000,141112,192000,3999.167,120.0,8,11,2,0.00000
42.952,1,42939.000,141112,192000,3999.167,120.0,8,11,2,0.00000
42.952,2,42939.000,141112,192000,3999.167,120.0,8,11,2,0.00000
43.054,0,43041.000,145995,192000,3999.438,120.0,8,11,2,0.00000
43.054,1,43041.000,145995,192000,3999.438,120.0,8,11,2,0.00000
43.054,2,43041.000,145995,192000,3999.438,120.0,8,11,2,0.00000
43.156,0,43143.000,150881,192000,3999.646,120.0,8,11,2,0.00000
43.156,1,43143.000,150881,192000,3999.646,120.0,8,11,2,0.00000
43.156,2,43143.000,150881,192000,3999.646,120.0,8,11,2,0.00000
43.256,0,43243.000,155693,192000,3999.396,120.0,8,11,2,0.00000
43.256,1,43243.000,155693,192000,3999.396,120.0,8,11,2,0.00000
43.256,2,43243.000,155693,192000,3999.396,120.0,8,11,2,0.00000
43.357,0,43344.000,160530,192000,3999.625,120.0,8,11,2,0.00000
43.357,1,43344.000,160530,192000,3999.625,120.0,8,11,2,0.00000
43.357,2,43344.000,160530,192000,3999.625,120.0,8,11,2,0.00000
43.457,0,43444.000,165348,192000,3999.250,120.0,8,11,2,0.00000
43.457,1,43444.000,165348,192000,3999.250,120.0,8,11,2,0.00000
43.457,2,43444.000,165348,192000,3999.250,120.0,8,11,2,0.00000
43.559,0,43546.000,170221,192000,3999.729,120.0,8,11,2,0.00000
43.559,1,43546.000,170221,192000,3999.729,120.0,8,11,2,0.00000
43.559,2,43546.000,170221,192000,3999.729,120.0,8,11,2,0.00000
43.660,0,43648.000,175109,192000,3999.896,120.0,8,11,2,0.00000
43.660,1,43648.000,175109,192000,3999.896,120.0,8,11,2,0.00000
43.660,2,43648.000,175109,192000,3999.896,120.0,8,11,2,0.00000
43.763,0,43750.000,180021,192000,3999.562,120.0,8,11,2,0.00000
43.763,1,43750.000,180021,192000,3999.562,120.0,8,11,2,0.00000
43.763,2,43750.000,180021,192000,3999.562,120.0,8,11,2,0.00000
43.864,0,43851.000,184870,192000,3999.542,120.0,8,11,2,0.00000
43.864,1,43851.000,184870,192000,3999.542,120.0,8,11,2,0.00000
43.864,2,43851.000,184870,192000,3999.542,120.0,8,11,2,0.00000
43.966,0,43954.000,189792,192000,0.000,120.0,8,11,2,0.00000
43.966,1,43954.000,189792,192000,0.000,120.0,8,11,2,0.00000
43.966,2,43954.000,189792,192000,0.000,120.0,8,11,2,0.00000
44.069,0,44056.000,2698,192000,3999.792,120.0,8,12,2,0.10918
44.069,1,44056.000,2698,192000,3999.792,120.0,8,12,2,0.10880
44.069,2,44056.000,2698,192000,3999.792,120.0,8,12,2,0.10918
44.171,0,44158.000,7623,192000,3999.188,120.0,8,12,2,0.07126
44.171,1,44158.000,7623,192000,3999.188,120.0,8,12,2,0.07101
44.171,2,44158.000,7623,192000,3999.188,120.0,8,12,2,0.07126
44.272,0,44259.000,12455,192000,3999.521,120.0,8,12,2,0.04688
44.272,1,44259.000,12455,192000,3999.521,120.0,8,12,2,0.04672
44.272,2,44259.000,12455,192000,3999.521,120.0,8,12,2,0.04688
44.374,0,44361.000,17366,192000,3999.208,120.0,8,12,2,0.03063
44.374,1,44361.000,17366,192000,3999.208,120.0,8,12,2,0.03053
44.374,2,44361.000,17366,192000,3999.208,120.0,8,12,2,0.03063
44.474,0,44462.000,22179,192000,3999.938,120.0,8,12,2,0.02019
44.474,1,44462.000,22179,192000,3999.938,120.0,8,12,2,0.02012
44.474,2,44462.000,22179,192000,3999.938,120.0,8,12,2,0.02019
44.575,0,44562.000,27017,192000,3999.146,120.0,8,12,2,0.01328
44.575,1,44562.000,27017,192000,3999.146,120.0,8,12,2,0.01323
44.575,2,44562.000,27017,192000,3999.146,120.0,8,12,2,0.01328
44.675,0,44662.000,31822,192000,3999.042,120.0,8,12,2,0.00875
44.675,1,44662.000,31822,192000,3999.042,120.0,8,12,2,0.00872
44.675,2,44662.000,31822,192000,3999.042,120.0,8,12,2,0.00875
44.776,0,44763.000,36648,192000,3999.500,120.0,8,12,2,0.00576
44.776,1,44763.000,36648,192000,3999.500,120.0,8,12,2,0.00574
44.776,2,44763.000,36648,192000,3999.500,120.0,8,12,2,0.00576
44.878,0,44865.000,41561,192000,3999.146,120.0,8,12,2,0.00377
44.878,1,44865.000,41561,192000,3999.146,120.0,8,12,2,0.00375
44.878,2,44865.000,41561,192000,3999.146,120.0,8,12,2,0.00377
44.979,0,44966.000,46398,192000,3999.375,120.0,8,12,2,0.00248
44.979,1,44966.000,46398,192000,3999.375,120.0,8,12,2,0.00247
44.979,2,44966.000,46398,192000,3999.375,120.0,8,12,2,0.00248
45.079,0,45066.000,51207,192000,3999.188,120.0,8,12,2,0.00163
45.079,1,45066.000,51207,192000,3999.188,120.0,8,12,2,0.00163
45.079,2,45066.000,51207,192000,3999.188,120.0,8,12,2,0.00163
45.180,0,45167.000,56057,192000,3999.146,120.0,8,12,2,0.00107
45.180,1,45167.000,56057,192000,3999.146,120.0,8,12,2,0.00107
45.180,2,45167.000,56057,192000,3999.146,120.0,8,12,2,0.00107
45.283,0,45270.000,61005,192000,3999.062,120.0,8,12,2,0.00070
45.283,1,45270.000,61005,192000,3999.062,120.0,8,12,2,0.00070
45.283,2,45270.000,61005,192000,3999.062,120.0,8,12,2,0.00070
45.386,0,45373.000,65923,192000,3999.604,120.0,8,12,2,0.00046
45.386,1,45373.000,65923,192000,3999.604,120.0,8,12,2,0.00045
45.386,2,45373.000,65923,192000,3999.604,120.0,8,12,2,0.00046
45.487,0,45474.000,70768,192000,3999.667,120.0,8,12,2,0.00030
45.487,1,45474.000,70768,192000,3999.667,120.0,8,12,2,0.00030
45.487,2,45474.000,70768,192000,3999.667,120.0,8,12,2,0.00030
45.588,0,45575.000,75642,192000,3999.125,120.0,8,12,2,0.00020
45.588,1,45575.000,75642,192000,3999.125,120.0,8,12,2,0.00020
45.588,2,45575.000,75642,192000,3999.125,120.0,8,12,2,0.00020
45.689,0,45676.000,80474,192000,3999.458,120.0,8,12,2,0.00013
45.689,1,45676.000,80474,192000,3999.458,120.0,8,12,2,0.00013
45.689,2,45676.000,80474,192000,3999.458,120.0,8,12,2,0.00013
45.791,0,45778.000,85367,192000,3999.521,120.0,8,12,2,0.00008
45.791,1,45778.000,85367,192000,3999.521,120.0,8,12,2,0.00008
45.791,2,45778.000,85367,192000,3999.521,120.0,8,12,2,0.00008
45.891,0,45878.000,90180,192000,3999.250,120.0,8,12,2,0.00006
45.891,1,45878.000,90180,192000,3999.250,120.0,8,12,2,0.00006
45.891,2,45878.000,90180,192000,3999.250,120.0,8,12,2,0.00006
45.992,0,45979.000,95018,192000,3999.458,120.0,8,12,2,0.00004
45.992,1,45979.000,95018,192000,3999.458,120.0,8,12,2,0.00004
45.992,2,45979.000,95018,192000,3999.458,120.0,8,12,2,0.00004
46.093,0,46080.000,99871,192000,3999.354,120.0,8,12,2,0.00002
46.093,1,46080.000,99871,192000,3999.354,120.0,8,12,2,0.00002
46.093,2,46080.000,99871,192000,3999.354,120.0,8,12,2,0.00002
46.194,0,46181.000,104711,192000,3999.521,120.0,8,12,2,0.00002
46.194,1,46181.000,104711,192000,3999.521,120.0,8,12,2,0.00002
46.194,2,46181.000,104711,192000,3999.521,120.0,8,12,2,0.00002
46.295,0,46282.000,109565,192000,3999.396,120.0,8,12,2,0.00001
46.295,1,46282.000,109565,192000,3999.396,120.0,8,12,2,0.00001
46.295,2,46282.000,109565,192000,3999.396,120.0,8,12,2,0.00001
46.396,0,46383.000,114431,192000,3999.021,120.0,8,12,2,0.00001
46.396,1,46383.000,114431,192000,3999.021,120.0,8,12,2,0.00001
46.396,2,46383.000,114431,192000,3999.021,120.0,8,12,2,0.00001
46.498,0,46485.000,119315,192000,3999.271,120.0,8,12,2,0.00000
46.498,1,46485.000,119315,192000,3999.271,120.0,8,12,2,0.00000
46.498,2,46485.000,119315,192000,3999.271,120.0,8,12,2,0.00000
46.600,0,46587.000,124185,192000,3999.812,120.0,8,12,2,0.00000
46.600,1,46587.000,124185,192000,3999.812,120.0,8,12,2,0.00000
46.600,2,46587.000,124185,192000,3999.812,120.0,8,12,2,0.00000
46.701,0,46688.000,129067,192000,3999.104,120.0,8,12,2,0.00000
46.701,1,46688.000,129067,192000,3999.104,120.0,8,12,2,0.00000
46.701,2,46688.000,129067,192000,3999.104,120.0,8,12,2,0.00000
46.802,0,46789.000,133909,192000,3999.229,120.0,8,12,2,0.00000
46.802,1,46789.000,133909,192000,3999.229,120.0,8,12,2,0.00000
46.802,2,46789.000,133909,192000,3999.229,120.0,8,12,2,0.00000
46.905,0,46892.000,138843,192000,3999.438,120.0,8,12,2,0.00000
46.905,1,46892.000,138843,192000,3999.438,120.0,8,12,2,0.00000
46.905,2,46892.000,138843,192000,3999.438,120.0,8,12,2,0.00000
47.005,0,46993.000,143665,192000,3999.979,120.0,8,12,2,0.00000
47.005,1,46993.000,143665,192000,3999.979,120.0,8,12,2,0.00000
47.005,2,46993.000,143665,192000,3999.979,120.0,8,12,2,0.00000
47.108,0,47095.000,148601,192000,3999.146,120.0,8,12,2,0.00000
47.108,1,47095.000,148601,192000,3999.146,120.0,8,12,2,0.00000
47.108,2,47095.000,148601,192000,3999.146,120.0,8,12,2,0.00000
47.212,0,47199.000,153592,192000,3999.167,120.0,8,12,2,0.00000
47.212,1,47199.000,153592,192000,3999.167,120.0,8,12,2,0.00000
47.212,2,47199.000,153592,192000,3999.167,120.0,8,12,2,0.00000
47.314,0,47301.000,158491,192000,3999.104,120.0,8,12,2,0.00000
47.314,1,47301.000,158491,192000,3999.104,120.0,8,12,2,0.00000
47.314,2,47301.000,158491,192000,3999.104,120.0,8,12,2,0.00000
47.417,0,47404.000,163420,192000,3999.417,120.0,8,12,2,0.00000
47.417,1,47404.000,163420,192000,3999.417,120.0,8,12,2,0.00000
47.417,2,47404.000,163420,192000,3999.417,120.0,8,12,2,0.00000
47.519,0,47506.000,168305,192000,3999.646,120.0,8,12,2,0.00000
47.519,1,47506.000,168305,192000,3999.646,120.0,8,12,2,0.00000
47.519,2,47506.000,168305,192000,3999.646,120.0,8,12,2,0.00000
47.621,0,47608.000,173210,192000,3999.458,120.0,8,12,2,0.00000
47.621,1,47608.000,173210,192000,3999.458,120.0,8,12,2,0.00000
47.621,2,47608.000,173210,192000,3999.458,120.0,8,12,2,0.00000
47.724,0,47711.000,178144,192000,3999.667,120.0,8,12,2,0.00000
47.724,1,47711.000,178144,192000,3999.667,120.0,8,12,2,0.00000
47.724,2,47711.000,178144,192000,3999.667,120.0,8,12,2,0.00000
47.826,0,47813.000,183062,192000,3999.208,120.0,8,12,2,0.00000
47.826,1,47813.000,183062,192000,3999.208,120.0,8,12,2,0.00000
47.826,2,47813.000,183062,192000,3999.208,120.0,8,12,2,0.00000
47.928,0,47915.000,187931,192000,3999.771,120.0,8,12,2,0.00000
47.928,1,47915.000,187931,192000,3999.771,120.0,8,12,2,0.00000
47.928,2,47915.000,187931,192000,3999.771,120.0,8,12,2,0.00000
48.028,0,48015.000,742,192000,3999.542,120.0,8,13,2,0.00000
48.028,1,48015.000,742,192000,3999.542,120.0,8,13,2,0.00000
48.028,2,48015.000,742,192000,3999.542,120.0,8,13,2,0.00000
48.129,0,48116.000,5613,192000,3999.062,120.0,8,13,2,0.00000
48.129,1,48116.000,5613,192000,3999.062,120.0,8,13,2,0.00000
48.129,2,48116.000,5613,192000,3999.062,120.0,8,13,2,0.00000
48.232,0,48219.000,10552,192000,3999.167,120.0,8,13,2,0.00000
48.232,1,48219.000,10552,192000,3999.167,120.0,8,13,2,0.00000
48.232,2,48219.000,10552,192000,3999.167,120.0,8,13,2,0.00000
48.336,0,48323.000,15520,192000,3999.667,120.0,8,13,2,0.00000
48.336,1,48323.000,15520,192000,3999.667,120.0,8,13,2,0.00000
48.336,2,48323.000,15520,192000,3999.667,120.0,8,13,2,0.00000
48.437,0,48424.000,20364,192000,3999.750,120.0,8,13,2,0.00000
48.437,1,48424.000,20364,192000,3999.750,120.0,8,13,2,0.00000
48.437,2,48424.000,20364,192000,3999.750,120.0,8,13,2,0.00000
48.539,0,48526.000,25268,192000,3999.583,120.0,8,13,2,0.00000
48.539,1,48526.000,25268,192000,3999.583,120.0,8,13,2,0.00000
48.539,2,48526.000,25268,192000,3999.583,120.0,8,13,2,0.00000
48.640,0,48627.000,30131,192000,3999.271,120.0,8,13,2,0.00000
48.640,1,48627.000,30131,192000,3999.271,120.0,8,13,2,0.00000
48.640,2,48627.000,30131,192000,3999.271,120.0,8,13,2,0.00000
48.748,0,48735.000,35292,192000,3999.750,120.0,8,13,2,0.00000
48.748,1,48735.000,35292,192000,3999.750,120.0,8,13,2,0.00000
48.748,2,48735.000,35292,192000,3999.750,120.0,8,13,2,0.00000
48.850,0,48838.000,40224,192000,0.000,120.0,8,13,2,0.00000
48.850,1,48838.000,40224,192000,0.000,120.0,8,13,2,0.00000
48.850,2,48838.000,40224,192000,0.000,120.0,8,13,2,0.00000
48.952,0,48939.000,45101,192000,3999.396,120.0,8,13,2,0.00000
48.952,1,48939.000,45101,192000,3999.396,120.0,8,13,2,0.00000
48.952,2,48939.000,45101,192000,3999.396,120.0,8,13,2,0.00000
49.053,0,49040.000,49952,192000,3999.333,120.0,8,13,2,0.00000
49.053,1,49040.000,49952,192000,3999.333,120.0,8,13,2,0.00000
49.053,2,49040.000,49952,192000,3999.333,120.0,8,13,2,0.00000
49.153,0,49141.000,54770,192000,3999.958,120.0,8,13,2,0.00000
49.153,1,49141.000,54770,192000,3999.958,120.0,8,13,2,0.00000
49.153,2,49141.000,54770,192000,3999.958,120.0,8,13,2,0.00000
49.254,0,49241.000,59609,192000,3999.146,120.0,8,13,2,0.00000
49.254,1,49241.000,59609,192000,3999.146,120.0,8,13,2,0.00000
49.254,2,49241.000,59609,192000,3999.146,120.0,8,13,2,0.00000
49.356,0,49343.000,64508,192000,3999.083,120.0,8,13,2,0.00000
49.356,1,49343.000,64508,192000,3999.083,120.0,8,13,2,0.00000
49.356,2,49343.000,64508,192000,3999.083,120.0,8,13,2,0.00000
49.459,0,49446.000,69454,192000,3999.042,120.0,8,13,2,0.00000
49.459,1,49446.000,69454,192000,3999.042,120.0,8,13,2,0.00000
49.459,2,49446.000,69454,192000,3999.042,120.0,8,13,2,0.00000
49.562,0,49549.000,74369,192000,3999.646,120.0,8,13,2,0.00000
49.562,1,49549.000,74369,192000,3999.646,120.0,8,13,2,0.00000
49.562,2,49549.000,74369,192000,3999.646,120.0,8,13,2,0.00000
49.664,0,49651.000,79270,192000,3999.542,120.0,8,13,2,0.00000
49.664,1,49651.000,79270,192000,3999.542,120.0,8,13,2,0.00000
49.664,2,49651.000,79270,192000,3999.542,120.0,8,13,2,0.00000
49.766,0,49753.000,84170,192000,3999.458,120.0,8,13,2,0.00000
49.766,1,49753.000,84170,192000,3999.458,120.0,8,13,2,0.00000
49.766,2,49753.000,84170,192000,3999.458,120.0,8,13,2,0.00000
49.868,0,49855.000,89085,192000,3999.062,120.0,8,13,2,0.00000
49.868,1,49855.000,89085,192000,3999.062,120.0,8,13,2,0.00000
49.868,2,49855.000,89085,192000,3999.062,120.0,8,13,2,0.00000
49.969,0,49956.000,93897,192000,3999.812,120.0,8,13,2,0.00000
49.969,1,49956.000,93897,192000,3999.812,120.0,8,13,2,0.00000
49.969,2,49956.000,93897,192000,3999.812,120.0,8,13,2,0.00000
50.069,0,50056.000,98726,192000,3999.208,120.0,8,13,2,0.00000
50.069,1,50056.000,98726,192000,3999.208,120.0,8,13,2,0.00000
50.069,2,50056.000,98726,192000,3999.208,120.0,8,13,2,0.00000
50.171,0,50158.000,103604,192000,3999.583,120.0,8,13,2,0.00000
50.171,1,50158.000,103604,192000,3999.583,120.0,8,13,2,0.00000
50.171,2,50158.000,103604,192000,3999.583,120.0,8,13,2,0.00000
50.273,0,50260.000,108498,192000,3999.625,120.0,8,13,2,0.00000
50.273,1,50260.000,108498,192000,3999.625,120.0,8,13,2,0.00000
50.273,2,50260.000,108498,192000,3999.625,120.0,8,13,2,0.00000
50.375,0,50362.000,113384,192000,3999.833,120.0,8,13,2,0.00000
50.375,1,50362.000,113384,192000,3999.833,120.0,8,13,2,0.00000
50.375,2,50362.000,113384,192000,3999.833,120.0,8,13,2,0.00000
50.477,0,50464.000,118283,192000,3999.771,120.0,8,13,2,0.00000
50.477,1,50464.000,118283,192000,3999.771,120.0,8,13,2,0.00000
50.477,2,50464.000,118283,192000,3999.771,120.0,8,13,2,0.00000
50.577,0,50564.000,123091,192000,3999.604,120.0,8,13,2,0.00000
50.577,1,50564.000,123091,192000,3999.604,120.0,8,13,2,0.00000
50.577,2,50564.000,123091,192000,3999.604,120.0,8,13,2,0.00000
50.677,0,50664.000,127911,192000,3999.188,120.0,8,13,2,0.00000
50.677,1,50664.000,127911,192000,3999.188,120.0,8,13,2,0.00000
50.677,2,50664.000,127911,192000,3999.188,120.0,8,13,2,0.00000
50.780,0,50767.000,132845,192000,3999.396,120.0,8,13,2,0.00000
50.780,1,50767.000,132845,192000,3999.396,120.0,8,13,2,0.00000
50.780,2,50767.000,132845,192000,3999.396,120.0,8,13,2,0.00000
50.882,0,50869.000,137732,192000,3999.583,120.0,8,13,2,0.00000
50.882,1,50869.000,137732,192000,3999.583,120.0,8,13,2,0.00000
50.882,2,50869.000,137732,192000,3999.583,120.0,8,13,2,0.00000
50.983,0,50970.000,142595,192000,3999.271,120.0,8,13,2,0.00000
50.983,1,50970.000,142595,192000,3999.271,120.0,8,13,2,0.00000
50.983,2,50970.000,142595,192000,3999.271,120.0,8,13,2,0.00000
51.084,0,51071.000,147422,192000,3999.708,120.0,8,13,2,0.00000
51.084,1,51071.000,147422,192000,3999.708,120.0,8,13,2,0.00000
51.084,2,51071.000,147422,192000,3999.708,120.0,8,13,2,0.00000
51.186,0,51173.000,152318,192000,3999.708,120.0,8,13,2,0.00000
51.186,1,51173.000,152318,192000,3999.708,120.0,8,13,2,0.00000
51.186,2,51173.000,152318,192000,3999.708,120.0,8,13,2,0.00000
51.289,0,51276.000,157269,192000,3999.562,120.0,8,13,2,0.00000
51.289,1,51276.000,157269,192000,3999.562,120.0,8,13,2,0.00000
51.289,2,51276.000,157269,192000,3999.562,120.0,8,13,2,0.00000
51.391,0,51379.000,162196,192000,3999.917,120.0,8,13,2,0.00000
51.391,1,51379.000,162196,192000,3999.917,120.0,8,13,2,0.00000
51.391,2,51379.000,162196,192000,3999.917,120.0,8,13,2,0.00000
51.493,0,51480.000,167055,192000,3999.688,120.0,8,13,2,0.00000
51.493,1,51480.000,167055,192000,3999.688,120.0,8,13,2,0.00000
51.493,2,51480.000,167055,192000,3999.688,120.0,8,13,2,0.00000
51.593,0,51580.000,171877,192000,3999.229,120.0,8,13,2,0.00000
51.593,1,51580.000,171877,192000,3999.229,120.0,8,13,2,0.00000
51.593,2,51580.000,171877,192000,3999.229,120.0,8,13,2,0.00000
51.695,0,51682.000,176781,192000,3999.062,120.0,8,13,2,0.00000
51.695,1,51682.000,176781,192000,3999.062,120.0,8,13,2,0.00000
51.695,2,51682.000,176781,192000,3999.062,120.0,8,13,2,0.00000
51.796,0,51783.000,181591,192000,3999.854,120.0,8,13,2,0.00000
51.796,1,51783.000,181591,192000,3999.854,120.0,8,13,2,0.00000
51.796,2,51783.000,181591,192000,3999.854,120.0,8,13,2,0.00000
51.898,0,51885.000,186511,192000,3999.354,120.0,8,13,2,0.00000
51.898,1,51885.000,186511,192000,3999.354,120.0,8,13,2,0.00000
51.898,2,51885.000,186511,192000,3999.354,120.0,8,13,2,0.00000
51.998,0,51985.000,191322,192000,3999.125,120.0,8,13,2,0.00000
51.998,1,51985.000,191322,192000,3999.125,120.0,8,13,2,0.00000
51.998,2,51985.000,191322,192000,3999.125,120.0,8,13,2,0.00000
52.101,0,52088.000,4246,192000,3999.542,120.0,8,14,2,0.00000
52.101,1,52088.000,4246,192000,3999.542,120.0,8,14,2,0.00000
52.101,2,52088.000,4246,192000,3999.542,120.0,8,14,2,0.00000
52.201,0,52188.000,9050,192000,3999.458,120.0,8,14,2,0.00000
52.201,1,52188.000,9050,192000,3999.458,120.0,8,14,2,0.00000
52.201,2,52188.000,9050,192000,3999.458,120.0,8,14,2,0.00000
52.303,0,52290.000,13966,192000,3999.042,120.0,8,14,2,0.00000
52.303,1,52290.000,13966,192000,3999.042,120.0,8,14,2,0.00000
52.303,2,52290.000,13966,192000,3999.042,120.0,8,14,2,0.00000
52.406,0,52394.000,18914,192000,3999.958,120.0,8,14,2,0.00000
52.406,1,52394.000,18914,192000,3999.958,120.0,8,14,2,0.00000
52.406,2,52394.000,18914,192000,3999.958,120.0,8,14,2,0.00000
52.509,0,52496.000,23816,192000,3999.833,120.0,8,14,2,0.00000
52.509,1,52496.000,23816,192000,3999.833,120.0,8,14,2,0.00000
52.509,2,52496.000,23816,192000,3999.833,120.0,8,14,2,0.00000
52.609,0,52596.000,28626,192000,3999.625,120.0,8,14,2,0.00000
52.609,1,52596.000,28626,192000,3999.625,120.0,8,14,2,0.00000
52.609,2,52596.000,28626,192000,3999.625,120.0,8,14,2,0.00000
52.711,0,52698.000,33551,192000,3999.021,120.0,8,14,2,0.00000
52.711,1,52698.000,33551,192000,3999.021,120.0,8,14,2,0.00000
52.711,2,52698.000,33551,192000,3999.021,120.0,8,14,2,0.00000
52.813,0,52801.000,38450,192000,3999.958,120.0,8,14,2,0.00000
52.813,1,52801.000,38450,192000,3999.958,120.0,8,14,2,0.00000
52.813,2,52801.000,38450,192000,3999.958,120.0,8,14,2,0.00000
52.914,0,52901.000,43261,192000,3999.729,120.0,8,14,2,0.00000
52.914,1,52901.000,43261,192000,3999.729,120.0,8,14,2,0.00000
52.914,2,52901.000,43261,192000,3999.729,120.0,8,14,2,0.00000
53.016,0,53003.000,48175,192000,3999.354,120.0,8,14,2,0.00000
53.016,1,53003.000,48175,192000,3999.354,120.0,8,14,2,0.00000
53.016,2,53003.000,48175,192000,3999.354,120.0,8,14,2,0.00000
53.116,0,53104.000,52994,192000,3999.958,120.0,8,14,2,0.00000
53.116,1,53104.000,52994,192000,3999.958,120.0,8,14,2,0.00000
53.116,2,53104.000,52994,192000,3999.958,120.0,8,14,2,0.00000
53.217,0,53204.000,57810,192000,3999.625,120.0,8,14,2,0.00000
53.217,1,53204.000,57810,192000,3999.625,120.0,8,14,2,0.00000
53.217,2,53204.000,57810,192000,3999.625,120.0,8,14,2,0.00000
53.319,0,53306.000,62729,192000,3999.146,120.0,8,14,2,0.00000
53.319,1,53306.000,62729,192000,3999.146,120.0,8,14,2,0.00000
53.319,2,53306.000,62729,192000,3999.146,120.0,8,14,2,0.00000
53.419,0,53407.000,67541,192000,3999.896,120.0,8,14,2,0.00000
53.419,1,53407.000,67541,192000,3999.896,120.0,8,14,2,0.00000
53.419,2,53407.000,67541,192000,3999.896,120.0,8,14,2,0.00000
53.520,0,53507.000,72357,192000,3999.562,120.0,8,14,2,0.00000
53.520,1,53507.000,72357,192000,3999.562,120.0,8,14,2,0.00000
53.520,2,53507.000,72357,192000,3999.562,120.0,8,14,2,0.00000
53.622,0,53609.000,77266,192000,3999.292,120.0,8,14,2,0.00000
53.622,1,53609.000,77266,192000,3999.292,120.0,8,14,2,0.00000
53.622,2,53609.000,77266,192000,3999.292,120.0,8,14,2,0.00000
53.723,0,53710.000,82092,192000,3999.750,120.0,8,14,2,0.00000
53.723,1,53710.000,82092,192000,3999.750,120.0,8,14,2,0.00000
53.723,2,53710.000,82092,192000,3999.750,120.0,8,14,2,0.00000
53.823,0,53810.000,86906,192000,3999.458,120.0,8,14,2,0.00000
53.823,1,53810.000,86906,192000,3999.458,120.0,8,14,2,0.00000
53.823,2,53810.000,86906,192000,3999.458,120.0,8,14,2,0.00000
53.923,0,53910.000,91713,192000,3999.312,120.0,8,14,2,0.00000
53.923,1,53910.000,91713,192000,3999.312,120.0,8,14,2,0.00000
53.923,2,53910.000,91713,192000,3999.312,120.0,8,14,2,0.00000
54.026,0,54013.000,96648,192000,3999.500,120.0,8,14,2,0.00000
54.026,1,54013.000,96648,192000,3999.500,120.0,8,14,2,0.00000
54.026,2,54013.000,96648,192000,3999.500,120.0,8,14,2,0.00000
54.128,0,54115.000,101533,192000,3999.729,120.0,8,14,2,0.00000
54.128,1,54115.000,101533,192000,3999.729,120.0,8,14,2,0.00000
54.128,2,54115.000,101533,192000,3999.729,120.0,8,14,2,0.00000
54.229,0,54216.000,106414,192000,3999.042,120.0,8,14,2,0.00000
54.229,1,54216.000,106414,192000,3999.042,120.0,8,14,2,0.00000
54.229,2,54216.000,106414,192000,3999.042,120.0,8,14,2,0.00000
54.332,0,54319.000,111329,192000,3999.646,120.0,8,14,2,0.00000
54.332,1,54319.000,111329,192000,3999.646,120.0,8,14,2,0.00000
54.332,2,54319.000,111329,192000,3999.646,120.0,8,14,2,0.00000
54.434,0,54421.000,116217,192000,3999.812,120.0,8,14,2,0.00000
54.434,1,54421.000,116217,192000,3999.812,120.0,8,14,2,0.00000
54.434,2,54421.000,116217,192000,3999.812,120.0,8,14,2,0.00000
54.535,0,54522.000,121103,192000,3999.021,120.0,8,14,2,0.00000
54.535,1,54522.000,121103,192000,3999.021,120.0,8,14,2,0.00000
54.535,2,54522.000,121103,192000,3999.021,120.0,8,14,2,0.00000
54.637,0,54625.000,126003,192000,3999.938,120.0,8,14,2,0.00000
54.637,1,54625.000,126003,192000,3999.938,120.0,8,14,2,0.00000
54.637,2,54625.000,126003,192000,3999.938,120.0,8,14,2,0.00000
54.739,0,54726.000,130866,192000,3999.625,120.0,8,14,2,0.00000
54.739,1,54726.000,130866,192000,3999.625,120.0,8,14,2,0.00000
54.739,2,54726.000,130866,192000,3999.625,120.0,8,14,2,0.00000
54.840,0,54827.000,135720,192000,3999.500,120.0,8,14,2,0.00000
54.840,1,54827.000,135720,192000,3999.500,120.0,8,14,2,0.00000
54.840,2,54827.000,135720,192000,3999.500,120.0,8,14,2,0.00000
54.940,0,54927.000,140528,192000,3999.333,120.0,8,14,2,0.00000
54.940,1,54927.000,140528,192000,3999.333,120.0,8,14,2,0.00000
54.940,2,54927.000,140528,192000,3999.333,120.0,8,14,2,0.00000
55.042,0,55029.000,145416,192000,3999.500,120.0,8,14,2,0.00000
55.042,1,55029.000,145416,192000,3999.500,120.0,8,14,2,0.00000
55.042,2,55029.000,145416,192000,3999.500,120.0,8,14,2,0.00000
55.144,0,55132.000,150340,192000,3999.917,120.0,8,14,2,0.00000
55.144,1,55132.000,150340,192000,3999.917,120.0,8,14,2,0.00000
55.144,2,55132.000,150340,192000,3999.917,120.0,8,14,2,0.00000
55.246,0,55233.000,155192,192000,3999.833,120.0,8,14,2,0.00000
55.246,1,55233.000,155192,192000,3999.833,120.0,8,14,2,0.00000
55.246,2,55233.000,155192,192000,3999.833,120.0,8,14,2,0.00000
55.348,0,55335.000,160100,192000,3999.583,120.0,8,14,2,0.00000
55.348,1,55335.000,160100,192000,3999.583,120.0,8,14,2,0.00000
55.348,2,55335.000,160100,192000,3999.583,120.0,8,14,2,0.00000
55.450,0,55437.000,164991,192000,3999.688,120.0,8,14,2,0.00000
55.450,1,55437.000,164991,192000,3999.688,120.0,8,14,2,0.00000
55.450,2,55437.000,164991,192000,3999.688,120.0,8,14,2,0.00000
55.552,0,55539.000,169892,192000,3999.583,120.0,8,14,2,0.00000
55.552,1,55539.000,169892,192000,3999.583,120.0,8,14,2,0.00000
55.552,2,55539.000,169892,192000,3999.583,120.0,8,14,2,0.00000
55.652,0,55639.000,174702,192000,3999.375,120.0,8,14,2,0.00000
55.652,1,55639.000,174702,192000,3999.375,120.0,8,14,2,0.00000
55.652,2,55639.000,174702,192000,3999.375,120.0,8,14,2,0.00000
55.753,0,55740.000,179560,192000,3999.167,120.0,8,14,2,0.00000
55.753,1,55740.000,179560,192000,3999.167,120.0,8,14,2,0.00000
55.753,2,55740.000,179560,192000,3999.167,120.0,8,14,2,0.00000
55.855,0,55843.000,184467,192000,3999.938,120.0,8,14,2,0.00000
55.855,1,55843.000,184467,192000,3999.938,120.0,8,14,2,0.00000
55.855,2,55843.000,184467,192000,3999.938,120.0,8,14,2,0.00000
55.956,0,55943.000,189293,192000,3999.396,120.0,8,14,2,0.00000
55.956,1,55943.000,189293,192000,3999.396,120.0,8,14,2,0.00000
55.956,2,55943.000,189293,192000,3999.396,120.0,8,14,2,0.00000
56.059,0,56046.000,2219,192000,3999.771,120.0,8,15,2,0.11413
56.059,1,56046.000,2219,192000,3999.771,120.0,8,15,2,0.11402
56.059,2,56046.000,2219,192000,3999.771,120.0,8,15,2,0.11413
56.161,0,56148.000,7151,192000,3999.021,120.0,8,15,2,0.07444
56.161,1,56148.000,7151,192000,3999.021,120.0,8,15,2,0.07437
56.161,2,56148.000,7151,192000,3999.021,120.0,8,15,2,0.07444
56.262,0,56249.000,11987,192000,3999.271,120.0,8,15,2,0.04896
56.262,1,56249.000,11987,192000,3999.271,120.0,8,15,2,0.04891
56.262,2,56249.000,11987,192000,3999.271,120.0,8,15,2,0.04896
56.364,0,56351.000,16876,192000,3999.417,120.0,8,15,2,0.03205
56.364,1,56351.000,16876,192000,3999.417,120.0,8,15,2,0.03202
56.364,2,56351.000,16876,192000,3999.417,120.0,8,15,2,0.03205
56.466,0,56453.000,21777,192000,3999.312,120.0,8,15,2,0.02096
56.466,1,56453.000,21777,192000,3999.312,120.0,8,15,2,0.02094
56.466,2,56453.000,21777,192000,3999.312,120.0,8,15,2,0.02096
56.567,0,56554.000,26624,192000,3999.333,120.0,8,15,2,0.01377
56.567,1,56554.000,26624,192000,3999.333,120.0,8,15,2,0.01376
56.567,2,56554.000,26624,192000,3999.333,120.0,8,15,2,0.01377
56.669,0,56656.000,31534,192000,3999.042,120.0,8,15,2,0.00900
56.669,1,56656.000,31534,192000,3999.042,120.0,8,15,2,0.00899
56.669,2,56656.000,31534,192000,3999.042,120.0,8,15,2,0.00900
56.772,0,56759.000,36454,192000,3999.542,120.0,8,15,2,0.00588
56.772,1,56759.000,36454,192000,3999.542,120.0,8,15,2,0.00587
56.772,2,56759.000,36454,192000,3999.542,120.0,8,15,2,0.00588
56.874,0,56861.000,41359,192000,3999.354,120.0,8,15,2,0.00384
56.874,1,56861.000,41359,192000,3999.354,120.0,8,15,2,0.00384
56.874,2,56861.000,41359,192000,3999.354,120.0,8,15,2,0.00384
56.975,0,56962.000,46223,192000,3999.021,120.0,8,15,2,0.00252
56.975,1,56962.000,46223,192000,3999.021,120.0,8,15,2,0.00252
56.975,2,56962.000,46223,192000,3999.021,120.0,8,15,2,0.00252
57.078,0,57065.000,51159,192000,3999.188,120.0,8,15,2,0.00164
57.078,1,57065.000,51159,192000,3999.188,120.0,8,15,2,0.00164
57.078,2,57065.000,51159,192000,3999.188,120.0,8,15,2,0.00164
57.179,0,57167.000,56019,192000,3999.938,120.0,8,15,2,0.00108
57.179,1,57167.000,56019,192000,3999.938,120.0,8,15,2,0.00108
57.179,2,57167.000,56019,192000,3999.938,120.0,8,15,2,0.00108
57.280,0,57267.000,60838,192000,3999.542,120.0,8,15,2,0.00071
57.280,1,57267.000,60838,192000,3999.542,120.0,8,15,2,0.00071
57.280,2,57267.000,60838,192000,3999.542,120.0,8,15,2,0.00071
57.381,0,57369.000,65718,192000,3999.875,120.0,8,15,2,0.00047
57.381,1,57369.000,65718,192000,3999.875,120.0,8,15,2,0.00047
57.381,2,57369.000,65718,192000,3999.875,120.0,8,15,2,0.00047
57.482,0,57469.000,70559,192000,3999.021,120.0,8,15,2,0.00031
57.482,1,57469.000,70559,192000,3999.021,120.0,8,15,2,0.00031
57.482,2,57469.000,70559,192000,3999.021,120.0,8,15,2,0.00031
57.583,0,57570.000,75371,192000,3999.771,120.0,8,15,2,0.00020
57.583,1,57570.000,75371,192000,3999.771,120.0,8,15,2,0.00020
57.583,2,57570.000,75371,192000,3999.771,120.0,8,15,2,0.00020
57.684,0,57671.000,80235,192000,3999.438,120.0,8,15,2,0.00013
57.684,1,57671.000,80235,192000,3999.438,120.0,8,15,2,0.00013
57.684,2,57671.000,80235,192000,3999.438,120.0,8,15,2,0.00013
57.785,0,57772.000,85084,192000,3999.417,120.0,8,15,2,0.00009
57.785,1,57772.000,85084,192000,3999.417,120.0,8,15,2,0.00009
57.785,2,57772.000,85084,192000,3999.417,120.0,8,15,2,0.00009
57.888,0,57875.000,90006,192000,3999.875,120.0,8,15,2,0.00006
57.888,1,57875.000,90006,192000,3999.875,120.0,8,15,2,0.00006
57.888,2,57875.000,90006,192000,3999.875,120.0,8,15,2,0.00006
57.988,0,57975.000,94828,192000,3999.417,120.0,8,15,2,0.00004
57.988,1,57975.000,94828,192000,3999.417,120.0,8,15,2,0.00004
57.988,2,57975.000,94828,192000,3999.417,120.0,8,15,2,0.00004
58.090,0,58077.000,99738,192000,3999.125,120.0,8,15,2,0.00002
58.090,1,58077.000,99738,192000,3999.125,120.0,8,15,2,0.00002
58.090,2,58077.000,99738,192000,3999.125,120.0,8,15,2,0.00002
58.193,0,58180.000,104648,192000,3999.833,120.0,8,15,2,0.00002
58.193,1,58180.000,104648,192000,3999.833,120.0,8,15,2,0.00002
58.193,2,58180.000,104648,192000,3999.833,120.0,8,15,2,0.00002
58.294,0,58281.000,109496,192000,3999.833,120.0,8,15,2,0.00001
58.294,1,58281.000,109496,192000,3999.833,120.0,8,15,2,0.00001
58.294,2,58281.000,109496,192000,3999.833,120.0,8,15,2,0.00001
58.394,0,58381.000,114315,192000,3999.438,120.0,8,15,2,0.00001
58.394,1,58381.000,114315,192000,3999.438,120.0,8,15,2,0.00001
58.394,2,58381.000,114315,192000,3999.438,120.0,8,15,2,0.00001
58.494,0,58481.000,119116,192000,3999.417,120.0,8,15,2,0.00000
58.494,1,58481.000,119116,192000,3999.417,120.0,8,15,2,0.00000
58.494,2,58481.000,119116,192000,3999.417,120.0,8,15,2,0.00000
58.595,0,58582.000,123980,192000,3999.083,120.0,8,15,2,0.00000
58.595,1,58582.000,123980,192000,3999.083,120.0,8,15,2,0.00000
58.595,2,58582.000,123980,192000,3999.083,120.0,8,15,2,0.00000
58.697,0,58684.000,128857,192000,3999.479,120.0,8,15,2,0.00000
58.697,1,58684.000,128857,192000,3999.479,120.0,8,15,2,0.00000
58.697,2,58684.000,128857,192000,3999.479,120.0,8,15,2,0.00000
58.798,0,58785.000,133706,192000,3999.458,120.0,8,15,2,0.00000
58.798,1,58785.000,133706,192000,3999.458,120.0,8,15,2,0.00000
58.798,2,58785.000,133706,192000,3999.458,120.0,8,15,2,0.00000
58.900,0,58887.000,138618,192000,3999.125,120.0,8,15,2,0.00000
58.900,1,58887.000,138618,192000,3999.125,120.0,8,15,2,0.00000
58.900,2,58887.000,138618,192000,3999.125,120.0,8,15,2,0.00000
59.002,0,58989.000,143505,192000,3999.312,120.0,8,15,2,0.00000
59.002,1,58989.000,143505,192000,3999.312,120.0,8,15,2,0.00000
59.002,2,58989.000,143505,192000,3999.312,120.0,8,15,2,0.00000
59.104,0,59091.000,148382,192000,3999.708,120.0,8,15,2,0.00000
59.104,1,59091.000,148382,192000,3999.708,120.0,8,15,2,0.00000
59.104,2,59091.000,148382,192000,3999.708,120.0,8,15,2,0.00000
59.205,0,59192.000,153242,192000,3999.458,120.0,8,15,2,0.00000
59.205,1,59192.000,153242,192000,3999.458,120.0,8,15,2,0.00000
59.205,2,59192.000,153242,192000,3999.458,120.0,8,15,2,0.00000
59.305,0,59293.000,158064,192000,0.000,120.0,8,15,2,0.00000
59.305,1,59293.000,158064,192000,0.000,120.0,8,15,2,0.00000
59.305,2,59293.000,158064,192000,0.000,120.0,8,15,2,0.00000
59.407,0,59394.000,162944,192000,3999.333,120.0,8,15,2,0.00000
59.407,1,59394.000,162944,192000,3999.333,120.0,8,15,2,0.00000
59.407,2,59394.000,162944,192000,3999.333,120.0,8,15,2,0.00000
59.510,0,59497.000,167883,192000,3999.438,120.0,8,15,2,0.00000
59.510,1,59497.000,167883,192000,3999.438,120.0,8,15,2,0.00000
59.510,2,59497.000,167883,192000,3999.438,120.0,8,15,2,0.00000
59.613,0,59600.000,172810,192000,3999.792,120.0,8,15,2,0.00000
59.613,1,59600.000,172810,192000,3999.792,120.0,8,15,2,0.00000
59.613,2,59600.000,172810,192000,3999.792,120.0,8,15,2,0.00000
59.713,0,59700.000,177635,192000,3999.271,120.0,8,15,2,0.00000
59.713,1,59700.000,177635,192000,3999.271,120.0,8,15,2,0.00000
59.713,2,59700.000,177635,192000,3999.271,120.0,8,15,2,0.00000
59.814,0,59801.000,182468,192000,3999.583,120.0,8,15,2,0.00000
59.814,1,59801.000,182468,192000,3999.583,120.0,8,15,2,0.00000
59.814,2,59801.000,182468,192000,3999.583,120.0,8,15,2,0.00000
59.914,0,59901.000,187283,192000,3999.271,120.0,8,15,2,0.00000
59.914,1,59901.000,187283,192000,3999.271,120.0,8,15,2,0.00000
59.914,2,59901.000,187283,192000,3999.271,120.0,8,15,2,0.00000
60.016,0,60003.000,179,192000,3999.271,120.0,8,16,2,0.00000
60.016,1,60003.000,179,192000,3999.271,120.0,8,16,2,0.00000
60.016,2,60003.000,179,192000,3999.271,120.0,8,16,2,0.00000
60.119,0,60106.000,5111,192000,3999.521,120.0,8,16,2,0.00000
60.119,1,60106.000,5111,192000,3999.521,120.0,8,16,2,0.00000
60.119,2,60106.000,5111,192000,3999.521,120.0,8,16,2,0.00000
60.221,0,60208.000,10031,192000,3999.021,120.0,8,16,2,0.00000
60.221,1,60208.000,10031,192000,3999.021,120.0,8,16,2,0.00000
60.221,2,60208.000,10031,192000,3999.021,120.0,8,16,2,0.00000
60.325,0,60312.000,14989,192000,3999.729,120.0,8,16,2,0.00000
60.325,1,60312.000,14989,192000,3999.729,120.0,8,16,2,0.00000
60.325,2,60312.000,14989,192000,3999.729,120.0,8,16,2,0.00000
60.425,0,60412.000,19795,192000,3999.604,120.0,8,16,2,0.00000
60.425,1,60412.000,19795,192000,3999.604,120.0,8,16,2,0.00000
60.425,2,60412.000,19795,192000,3999.604,120.0,8,16,2,0.00000
60.527,0,60514.000,24695,192000,3999.521,120.0,8,16,2,0.00000
60.527,1,60514.000,24695,192000,3999.521,120.0,8,16,2,0.00000
60.527,2,60514.000,24695,192000,3999.521,120.0,8,16,2,0.00000
60.629,0,60616.000,29588,192000,3999.583,120.0,8,16,2,0.00000
60.629,1,60616.000,29588,192000,3999.583,120.0,8,16,2,0.00000
60.629,2,60616.000,29588,192000,3999.583,120.0,8,16,2,0.00000
60.730,0,60717.000,34456,192000,3999.167,120.0,8,16,2,0.00000
60.730,1,60717.000,34456,192000,3999.167,120.0,8,16,2,0.00000
60.730,2,60717.000,34456,192000,3999.167,120.0,8,16,2,0.00000
60.834,0,60821.000,39420,192000,3999.750,120.0,8,16,2,0.00000
60.834,1,60821.000,39420,192000,3999.750,120.0,8,16,2,0.00000
60.834,2,60821.000,39420,192000,3999.750,120.0,8,16,2,0.00000
60.934,0,60921.000,44253,192000,3999.062,120.0,8,16,2,0.00000
60.934,1,60921.000,44253,192000,3999.062,120.0,8,16,2,0.00000
60.934,2,60921.000,44253,192000,3999.062,120.0,8,16,2,0.00000
61.036,0,61023.000,49115,192000,3999.771,120.0,8,16,2,0.00000
61.036,1,61023.000,49115,192000,3999.771,120.0,8,16,2,0.00000
61.036,2,61023.000,49115,192000,3999.771,120.0,8,16,2,0.00000
61.136,0,61123.000,53938,192000,3999.292,120.0,8,16,2,0.00000
61.136,1,61123.000,53938,192000,3999.292,120.0,8,16,2,0.00000
61.136,2,61123.000,53938,192000,3999.292,120.0,8,16,2,0.00000
61.237,0,61224.000,58799,192000,3999.021,120.0,8,16,2,0.00000
61.237,1,61224.000,58799,192000,3999.021,120.0,8,16,2,0.00000
61.237,2,61224.000,58799,192000,3999.021,120.0,8,16,2,0.00000
61.340,0,61327.000,63720,192000,3999.500,120.0,8,16,2,0.00000
61.340,1,61327.000,63720,192000,3999.500,120.0,8,16,2,0.00000
61.340,2,61327.000,63720,192000,3999.500,120.0,8,16,2,0.00000
61.441,0,61428.000,68587,192000,3999.104,120.0,8,16,2,0.00000
61.441,1,61428.000,68587,192000,3999.104,120.0,8,16,2,0.00000
61.441,2,61428.000,68587,192000,3999.104,120.0,8,16,2,0.00000
61.541,0,61528.000,73387,192000,3999.104,120.0,8,16,2,0.00000
61.541,1,61528.000,73387,192000,3999.104,120.0,8,16,2,0.00000
61.541,2,61528.000,73387,192000,3999.104,120.0,8,16,2,0.00000
61.644,0,61631.000,78296,192000,3999.833,120.0,8,16,2,0.00000
61.644,1,61631.000,78296,192000,3999.833,120.0,8,16,2,0.00000
61.644,2,61631.000,78296,192000,3999.833,120.0,8,16,2,0.00000
61.744,0,61731.000,83109,192000,3999.562,120.0,8,16,2,0.00000
61.744,1,61731.000,83109,192000,3999.562,120.0,8,16,2,0.00000
61.744,2,61731.000,83109,192000,3999.562,120.0,8,16,2,0.00000
61.845,0,61832.000,87946,192000,3999.792,120.0,8,16,2,0.00000
61.845,1,61832.000,87946,192000,3999.792,120.0,8,16,2,0.00000
61.845,2,61832.000,87946,192000,3999.792,120.0,8,16,2,0.00000
61.947,0,61934.000,92839,192000,3999.854,120.0,8,16,2,0.00000
61.947,1,61934.000,92839,192000,3999.854,120.0,8,16,2,0.00000
61.947,2,61934.000,92839,192000,3999.854,120.0,8,16,2,0.00000
62.049,0,62036.000,97737,192000,3999.812,120.0,8,16,2,0.00000
62.049,1,62036.000,97737,192000,3999.812,120.0,8,16,2,0.00000
62.049,2,62036.000,97737,192000,3999.812,120.0,8,16,2,0.00000
62.149,0,62136.000,102549,192000,3999.562,120.0,8,16,2,0.00000
62.149,1,62136.000,102549,192000,3999.562,120.0,8,16,2,0.00000
62.149,2,62136.000,102549,192000,3999.562,120.0,8,16,2,0.00000
62.250,0,62237.000,107392,192000,3999.667,120.0,8,16,2,0.00000
62.250,1,62237.000,107392,192000,3999.667,120.0,8,16,2,0.00000
62.250,2,62237.000,107392,192000,3999.667,120.0,8,16,2,0.00000
62.350,0,62337.000,112208,192000,3999.333,120.0,8,16,2,0.00000
62.350,1,62337.000,112208,192000,3999.333,120.0,8,16,2,0.00000
62.350,2,62337.000,112208,192000,3999.333,120.0,8,16,2,0.00000
62.451,0,62438.000,117059,192000,3999.271,120.0,8,16,2,0.00000
62.451,1,62438.000,117059,192000,3999.271,120.0,8,16,2,0.00000
62.451,2,62438.000,117059,192000,3999.271,120.0,8,16,2,0.00000
62.553,0,62540.000,121950,192000,3999.375,120.0,8,16,2,0.00000
62.553,1,62540.000,121950,192000,3999.375,120.0,8,16,2,0.00000
62.553,2,62540.000,121950,192000,3999.375,120.0,8,16,2,0.00000
62.653,0,62640.000,126761,192000,3999.146,120.0,8,16,2,0.00000
62.653,1,62640.000,126761,192000,3999.146,120.0,8,16,2,0.00000
62.653,2,62640.000,126761,192000,3999.146,120.0,8,16,2,0.00000
62.756,0,62743.000,131689,192000,3999.479,120.0,8,16,2,0.00000
62.756,1,62743.000,131689,192000,3999.479,120.0,8,16,2,0.00000
62.756,2,62743.000,131689,192000,3999.479,120.0,8,16,2,0.00000
62.856,0,62843.000,136505,192000,3999.146,120.0,8,16,2,0.00000
62.856,1,62843.000,136505,192000,3999.146,120.0,8,16,2,0.00000
62.856,2,62843.000,136505,192000,3999.146,120.0,8,16,2,0.00000
62.957,0,62944.000,141345,192000,3999.312,120.0,8,16,2,0.00000
62.957,1,62944.000,141345,192000,3999.312,120.0,8,16,2,0.00000
62.957,2,62944.000,141345,192000,3999.312,120.0,8,16,2,0.00000
63.059,0,63046.000,146218,192000,3999.792,120.0,8,16,2,0.00000
63.059,1,63046.000,146218,192000,3999.792,120.0,8,16,2,0.00000
63.059,2,63046.000,146218,192000,3999.792,120.0,8,16,2,0.00000
63.160,0,63147.000,151076,192000,3999.583,120.0,8,16,2,0.00000
63.160,1,63147.000,151076,192000,3999.583,120.0,8,16,2,0.00000
63.160,2,63147.000,151076,192000,3999.583,120.0,8,16,2,0.00000
63.262,0,63249.000,155993,192000,3999.146,120.0,8,16,2,0.00000
63.262,1,63249.000,155993,192000,3999.146,120.0,8,16,2,0.00000
63.262,2,63249.000,155993,192000,3999.146,120.0,8,16,2,0.00000
63.362,0,63349.000,160795,192000,3999.104,120.0,8,16,2,0.00000
63.362,1,63349.000,160795,192000,3999.104,120.0,8,16,2,0.00000
63.362,2,63349.000,160795,192000,3999.104,120.0,8,16,2,0.00000
63.463,0,63450.000,165633,192000,3999.312,120.0,8,16,2,0.00000
63.463,1,63450.000,165633,192000,3999.312,120.0,8,16,2,0.00000
63.463,2,63450.000,165633,192000,3999.312,120.0,8,16,2,0.00000
63.564,0,63551.000,170476,192000,3999.417,120.0,8,16,2,0.00000
63.564,1,63551.000,170476,192000,3999.417,120.0,8,16,2,0.00000
63.564,2,63551.000,170476,192000,3999.417,120.0,8,16,2,0.00000
63.664,0,63651.000,175282,192000,3999.292,120.0,8,16,2,0.00000
63.664,1,63651.000,175282,192000,3999.292,120.0,8,16,2,0.00000
63.664,2,63651.000,175282,192000,3999.292,120.0,8,16,2,0.00000
63.767,0,63754.000,180198,192000,3999.875,120.0,8,16,2,0.00000
63.767,1,63754.000,180198,192000,3999.875,120.0,8,16,2,0.00000
63.767,2,63754.000,180198,192000,3999.875,120.0,8,16,2,0.00000
63.868,0,63855.000,185064,192000,3999.500,120.0,8,16,2,0.00000
63.868,1,63855.000,185064,192000,3999.500,120.0,8,16,2,0.00000
63.868,2,63855.000,185064,192000,3999.500,120.0,8,16,2,0.00000
63.971,0,63958.000,189998,192000,3999.708,120.0,8,16,2,0.00000
63.971,1,63958.000,189998,192000,3999.708,120.0,8,16,2,0.00000
63.971,2,63958.000,189998,192000,3999.708,120.0,8,16,2,0.00000
64.073,0,64060.000,2901,192000,3999.562,120.0,8,17,2,0.00000
64.073,1,64060.000,2901,192000,3999.562,120.0,8,17,2,0.00000
64.073,2,64060.000,2901,192000,3999.562,120.0,8,17,2,0.00000
64.173,0,64161.000,7730,192000,3999.958,120.0,8,17,2,0.00000
64.173,1,64161.000,7730,192000,3999.958,120.0,8,17,2,0.00000
64.173,2,64161.000,7730,192000,3999.958,120.0,8,17,2,0.00000
64.276,0,64263.000,12666,192000,3999.125,120.0,8,17,2,0.00000
64.276,1,64263.000,12666,192000,3999.125,120.0,8,17,2,0.00000
64.276,2,64263.000,12666,192000,3999.125,120.0,8,17,2,0.00000
64.377,0,64364.000,17488,192000,3999.667,120.0,8,17,2,0.00000
64.377,1,64364.000,17488,192000,3999.667,120.0,8,17,2,0.00000
64.377,2,64364.000,17488,192000,3999.667,120.0,8,17,2,0.00000
64.477,0,64464.000,22310,192000,3999.208,120.0,8,17,2,0.00000
64.477,1,64464.000,22310,192000,3999.208,120.0,8,17,2,0.00000
64.477,2,64464.000,22310,192000,3999.208,120.0,8,17,2,0.00000
64.580,0,64567.000,27245,192000,3999.396,120.0,8,17,2,0.00000
64.580,1,64567.000,27245,192000,3999.396,120.0,8,17,2,0.00000
64.580,2,64567.000,27245,192000,3999.396,120.0,8,17,2,0.00000
64.683,0,64670.000,32171,192000,3999.771,120.0,8,17,2,0.00000
64.683,1,64670.000,32171,192000,3999.771,120.0,8,17,2,0.00000
64.683,2,64670.000,32171,192000,3999.771,120.0,8,17,2,0.00000
64.785,0,64772.000,37063,192000,3999.854,120.0,8,17,2,0.00000
64.785,1,64772.000,37063,192000,3999.854,120.0,8,17,2,0.00000
64.785,2,64772.000,37063,192000,3999.854,120.0,8,17,2,0.00000
64.885,0,64872.000,41892,192000,3999.250,120.0,8,17,2,0.00000
64.885,1,64872.000,41892,192000,3999.250,120.0,8,17,2,0.00000
64.885,2,64872.000,41892,192000,3999.250,120.0,8,17,2,0.00000
64.988,0,64975.000,46806,192000,3999.875,120.0,8,17,2,0.00000
64.988,1,64975.000,46806,192000,3999.875,120.0,8,17,2,0.00000
64.988,2,64975.000,46806,192000,3999.875,120.0,8,17,2,0.00000
65.088,0,65075.000,51616,192000,3999.667,120.0,8,17,2,0.00000
65.088,1,65075.000,51616,192000,3999.667,120.0,8,17,2,0.00000
65.088,2,65075.000,51616,192000,3999.667,120.0,8,17,2,0.00000
65.189,0,65177.000,56498,192000,3999.958,120.0,8,17,2,0.00000
65.189,1,65177.000,56498,192000,3999.958,120.0,8,17,2,0.00000
65.189,2,65177.000,56498,192000,3999.958,120.0,8,17,2,0.00000
65.292,0,65279.000,61428,192000,3999.250,120.0,8,17,2,0.00000
65.292,1,65279.000,61428,192000,3999.250,120.0,8,17,2,0.00000
65.292,2,65279.000,61428,192000,3999.250,120.0,8,17,2,0.00000
65.394,0,65382.000,66341,192000,3999.896,120.0,8,17,2,0.00000
65.394,1,65382.000,66341,192000,3999.896,120.0,8,17,2,0.00000
65.394,2,65382.000,66341,192000,3999.896,120.0,8,17,2,0.00000
65.497,0,65484.000,71247,192000,3999.688,120.0,8,17,2,0.00000
65.497,1,65484.000,71247,192000,3999.688,120.0,8,17,2,0.00000
65.497,2,65484.000,71247,192000,3999.688,120.0,8,17,2,0.00000
65.597,0,65584.000,76065,192000,3999.312,120.0,8,17,2,0.00000
65.597,1,65584.000,76065,192000,3999.312,120.0,8,17,2,0.00000
65.597,2,65584.000,76065,192000,3999.312,120.0,8,17,2,0.00000
65.699,0,65687.000,80982,192000,3999.875,120.0,8,17,2,0.00000
65.699,1,65687.000,80982,192000,3999.875,120.0,8,17,2,0.00000
65.699,2,65687.000,80982,192000,3999.875,120.0,8,17,2,0.00000
65.801,0,65788.000,85866,192000,3999.125,120.0,8,17,2,0.00000
65.801,1,65788.000,85866,192000,3999.125,120.0,8,17,2,0.00000
65.801,2,65788.000,85866,192000,3999.125,120.0,8,17,2,0.00000
65.903,0,65890.000,90759,192000,3999.188,120.0,8,17,2,0.00000
65.903,1,65890.000,90759,192000,3999.188,120.0,8,17,2,0.00000
65.903,2,65890.000,90759,192000,3999.188,120.0,8,17,2,0.00000
66.004,0,65991.000,95593,192000,3999.479,120.0,8,17,2,0.00000
66.004,1,65991.000,95593,192000,3999.479,120.0,8,17,2,0.00000
66.004,2,65991.000,95593,192000,3999.479,120.0,8,17,2,0.00000
66.104,0,66092.000,100420,192000,3999.917,120.0,8,17,2,0.00000
66.104,1,66092.000,100420,192000,3999.917,120.0,8,17,2,0.00000
66.104,2,66092.000,100420,192000,3999.917,120.0,8,17,2,0.00000
66.206,0,66193.000,105281,192000,3999.646,120.0,8,17,2,0.00000
66.206,1,66193.000,105281,192000,3999.646,120.0,8,17,2,0.00000
66.206,2,66193.000,105281,192000,3999.646,120.0,8,17,2,0.00000
66.308,0,66295.000,110178,192000,3999.625,120.0,8,17,2,0.00000
66.308,1,66295.000,110178,192000,3999.625,120.0,8,17,2,0.00000
66.308,2,66295.000,110178,192000,3999.625,120.0,8,17,2,0.00000
66.408,0,66395.000,115006,192000,3999.042,120.0,8,17,2,0.00000
66.408,1,66395.000,115006,192000,3999.042,120.0,8,17,2,0.00000
66.408,2,66395.000,115006,192000,3999.042,120.0,8,17,2,0.00000
66.509,0,66496.000,119824,192000,3999.667,120.0,8,17,2,0.00000
66.509,1,66496.000,119824,192000,3999.667,120.0,8,17,2,0.00000
66.509,2,66496.000,119824,192000,3999.667,120.0,8,17,2,0.00000
66.610,0,66597.000,124684,192000,3999.417,120.0,8,17,2,0.00000
66.610,1,66597.000,124684,192000,3999.417,120.0,8,17,2,0.00000
66.610,2,66597.000,124684,192000,3999.417,120.0,8,17,2,0.00000
66.712,0,66699.000,129566,192000,3999.708,120.0,8,17,2,0.00000
66.712,1,66699.000,129566,192000,3999.708,120.0,8,17,2,0.00000
66.712,2,66699.000,129566,192000,3999.708,120.0,8,17,2,0.00000
66.812,0,66800.000,134403,192000,3999.938,120.0,8,17,2,0.00000
66.812,1,66800.000,134403,192000,3999.938,120.0,8,17,2,0.00000
66.812,2,66800.000,134403,192000,3999.938,120.0,8,17,2,0.00000
66.914,0,66901.000,139292,192000,3999.083,120.0,8,17,2,0.00000
66.914,1,66901.000,139292,192000,3999.083,120.0,8,17,2,0.00000
66.914,2,66901.000,139292,192000,3999.083,120.0,8,17,2,0.00000
67.015,0,67002.000,144112,192000,3999.667,120.0,8,17,2,0.00000
67.015,1,67002.000,144112,192000,3999.667,120.0,8,17,2,0.00000
67.015,2,67002.000,144112,192000,3999.667,120.0,8,17,2,0.00000
67.118,0,67105.000,149062,192000,3999.542,120.0,8,17,2,0.00000
67.118,1,67105.000,149062,192000,3999.542,120.0,8,17,2,0.00000
67.118,2,67105.000,149062,192000,3999.542,120.0,8,17,2,0.00000
67.218,0,67205.000,153870,192000,3999.375,120.0,8,17,2,0.00000
67.218,1,67205.000,153870,192000,3999.375,120.0,8,17,2,0.00000
67.218,2,67205.000,153870,192000,3999.375,120.0,8,17,2,0.00000
67.319,0,67306.000,158730,192000,3999.125,120.0,8,17,2,0.00000
67.319,1,67306.000,158730,192000,3999.125,120.0,8,17,2,0.00000
67.319,2,67306.000,158730,192000,3999.125,120.0,8,17,2,0.00000
67.420,0,67408.000,163588,192000,3999.917,120.0,8,17,2,0.00000
67.420,1,67408.000,163588,192000,3999.917,120.0,8,17,2,0.00000
67.420,2,67408.000,163588,192000,3999.917,120.0,8,17,2,0.00000
67.523,0,67510.000,168526,192000,3999.042,120.0,8,17,2,0.00000
67.523,1,67510.000,168526,192000,3999.042,120.0,8,17,2,0.00000
67.523,2,67510.000,168526,192000,3999.042,120.0,8,17,2,0.00000
67.624,0,67611.000,173363,192000,3999.271,120.0,8,17,2,0.00000
67.624,1,67611.000,173363,192000,3999.271,120.0,8,17,2,0.00000
67.624,2,67611.000,173363,192000,3999.271,120.0,8,17,2,0.00000
67.727,0,67714.000,178281,192000,3999.812,120.0,8,17,2,0.00000
67.727,1,67714.000,178281,192000,3999.812,120.0,8,17,2,0.00000
67.727,2,67714.000,178281,192000,3999.812,120.0,8,17,2,0.00000
67.829,0,67816.000,183205,192000,3999.229,120.0,8,17,2,0.00000
67.829,1,67816.000,183205,192000,3999.229,120.0,8,17,2,0.00000
67.829,2,67816.000,183205,192000,3999.229,120.0,8,17,2,0.00000
67.932,0,67919.000,188145,192000,3999.312,120.0,8,17,2,0.00000
67.932,1,67919.000,188145,192000,3999.312,120.0,8,17,2,0.00000
67.932,2,67919.000,188145,192000,3999.312,120.0,8,17,2,0.00000
68.034,0,68021.000,1021,192000,3999.729,120.0,8,18,2,0.12595
68.034,1,68021.000,1021,192000,3999.729,120.0,8,18,2,0.12583
68.034,2,68021.000,1021,192000,3999.729,120.0,8,18,2,0.12595
68.136,0,68123.000,5942,192000,3999.208,120.0,8,18,2,0.08223
68.136,1,68123.000,5942,192000,3999.208,120.0,8,18,2,0.08215
68.136,2,68123.000,5942,192000,3999.208,120.0,8,18,2,0.08223
68.237,0,68224.000,10772,192000,3999.583,120.0,8,18,2,0.05411
68.237,1,68224.000,10772,192000,3999.583,120.0,8,18,2,0.05406
68.237,2,68224.000,10772,192000,3999.583,120.0,8,18,2,0.05411
68.338,0,68325.000,15619,192000,3999.604,120.0,8,18,2,0.03555
68.338,1,68325.000,15619,192000,3999.604,120.0,8,18,2,0.03552
68.338,2,68325.000,15619,192000,3999.604,120.0,8,18,2,0.03555
68.441,0,68428.000,20554,192000,3999.792,120.0,8,18,2,0.02318
68.441,1,68428.000,20554,192000,3999.792,120.0,8,18,2,0.02316
68.441,2,68428.000,20554,192000,3999.792,120.0,8,18,2,0.02318
68.544,0,68531.000,25499,192000,3999.771,120.0,8,18,2,0.01510
68.544,1,68531.000,25499,192000,3999.771,120.0,8,18,2,0.01509
68.544,2,68531.000,25499,192000,3999.771,120.0,8,18,2,0.01510
68.646,0,68633.000,30417,192000,3999.312,120.0,8,18,2,0.00986
68.646,1,68633.000,30417,192000,3999.312,120.0,8,18,2,0.00985
68.646,2,68633.000,30417,192000,3999.312,120.0,8,18,2,0.00986
68.747,0,68734.000,35263,192000,3999.354,120.0,8,18,2,0.00648
68.747,1,68734.000,35263,192000,3999.354,120.0,8,18,2,0.00648
68.747,2,68734.000,35263,192000,3999.354,120.0,8,18,2,0.00648
68.850,0,68837.000,40194,192000,3999.625,120.0,8,18,2,0.00423
68.850,1,68837.000,40194,192000,3999.625,120.0,8,18,2,0.00422
68.850,2,68837.000,40194,192000,3999.625,120.0,8,18,2,0.00423
68.950,0,68937.000,45023,192000,3999.021,120.0,8,18,2,0.00278
68.950,1,68937.000,45023,192000,3999.021,120.0,8,18,2,0.00278
68.950,2,68937.000,45023,192000,3999.021,120.0,8,18,2,0.00278
69.052,0,69039.000,49917,192000,3999.062,120.0,8,18,2,0.00182
69.052,1,69039.000,49917,192000,3999.062,120.0,8,18,2,0.00182
69.052,2,69039.000,49917,192000,3999.062,120.0,8,18,2,0.00182
69.154,0,69141.000,54798,192000,3999.375,120.0,8,18,2,0.00119
69.154,1,69141.000,54798,192000,3999.375,120.0,8,18,2,0.00119
69.154,2,69141.000,54798,192000,3999.375,120.0,8,18,2,0.00119
69.255,0,69242.000,59655,192000,3999.188,120.0,8,18,2,0.00078
69.255,1,69242.000,59655,192000,3999.188,120.0,8,18,2,0.00078
69.255,2,69242.000,59655,192000,3999.188,120.0,8,18,2,0.00078
69.358,0,69345.000,64570,192000,3999.792,120.0,8,18,2,0.00051
69.358,1,69345.000,64570,192000,3999.792,120.0,8,18,2,0.00051
69.358,2,69345.000,64570,192000,3999.792,120.0,8,18,2,0.00051
69.459,0,69446.000,69421,192000,3999.729,120.0,8,18,2,0.00034
69.459,1,69446.000,69421,192000,3999.729,120.0,8,18,2,0.00034
69.459,2,69446.000,69421,192000,3999.729,120.0,8,18,2,0.00034
69.560,0,69547.000,74296,192000,3999.167,120.0,8,18,2,0.00022
69.560,1,69547.000,74296,192000,3999.167,120.0,8,18,2,0.00022
69.560,2,69547.000,74296,192000,3999.167,120.0,8,18,2,0.00022
69.661,0,69649.000,79152,192000,0.000,120.0,8,18,2,0.00014
69.661,1,69649.000,79152,192000,0.000,120.0,8,18,2,0.00014
69.661,2,69649.000,79152,192000,0.000,120.0,8,18,2,0.00014
69.763,0,69750.000,84021,192000,3999.562,120.0,8,18,2,0.00009
69.763,1,69750.000,84021,192000,3999.562,120.0,8,18,2,0.00009
69.763,2,69750.000,84021,192000,3999.562,120.0,8,18,2,0.00009
69.864,0,69851.000,88861,192000,3999.729,120.0,8,18,2,0.00006
69.864,1,69851.000,88861,192000,3999.729,120.0,8,18,2,0.00006
69.864,2,69851.000,88861,192000,3999.729,120.0,8,18,2,0.00006
69.966,0,69953.000,93772,192000,3999.417,120.0,8,18,2,0.00004
69.966,1,69953.000,93772,192000,3999.417,120.0,8,18,2,0.00004
69.966,2,69953.000,93772,192000,3999.417,120.0,8,18,2,0.00004
70.068,0,70055.000,98684,192000,3999.083,120.0,8,18,2,0.00003
70.068,1,70055.000,98684,192000,3999.083,120.0,8,18,2,0.00003
70.068,2,70055.000,98684,192000,3999.083,120.0,8,18,2,0.00003
70.171,0,70158.000,103622,192000,3999.208,120.0,8,18,2,0.00002
70.171,1,70158.000,103622,192000,3999.208,120.0,8,18,2,0.00002
70.171,2,70158.000,103622,192000,3999.208,120.0,8,18,2,0.00002
70.273,0,70260.000,108498,192000,3999.625,120.0,8,18,2,0.00001
70.273,1,70260.000,108498,192000,3999.625,120.0,8,18,2,0.00001
70.273,2,70260.000,108498,192000,3999.625,120.0,8,18,2,0.00001
70.374,0,70361.000,113355,192000,3999.438,120.0,8,18,2,0.00001
70.374,1,70361.000,113355,192000,3999.438,120.0,8,18,2,0.00001
70.374,2,70361.000,113355,192000,3999.438,120.0,8,18,2,0.00001
70.475,0,70462.000,118216,192000,3999.167,120.0,8,18,2,0.00000
70.475,1,70462.000,118216,192000,3999.167,120.0,8,18,2,0.00000
70.475,2,70462.000,118216,192000,3999.167,120.0,8,18,2,0.00000
70.576,0,70563.000,123060,192000,3999.250,120.0,8,18,2,0.00000
70.576,1,70563.000,123060,192000,3999.250,120.0,8,18,2,0.00000
70.576,2,70563.000,123060,192000,3999.250,120.0,8,18,2,0.00000
70.678,0,70665.000,127950,192000,3999.375,120.0,8,18,2,0.00000
70.678,1,70665.000,127950,192000,3999.375,120.0,8,18,2,0.00000
70.678,2,70665.000,127950,192000,3999.375,120.0,8,18,2,0.00000
70.779,0,70766.000,132806,192000,3999.208,120.0,8,18,2,0.00000
70.779,1,70766.000,132806,192000,3999.208,120.0,8,18,2,0.00000
70.779,2,70766.000,132806,192000,3999.208,120.0,8,18,2,0.00000
70.881,0,70868.000,137702,192000,3999.208,120.0,8,18,2,0.00000
70.881,1,70868.000,137702,192000,3999.208,120.0,8,18,2,0.00000
70.881,2,70868.000,137702,192000,3999.208,120.0,8,18,2,0.00000
70.983,0,70970.000,142595,192000,3999.271,120.0,8,18,2,0.00000
70.983,1,70970.000,142595,192000,3999.271,120.0,8,18,2,0.00000
70.983,2,70970.000,142595,192000,3999.271,120.0,8,18,2,0.00000
71.085,0,71072.000,147491,192000,3999.271,120.0,8,18,2,0.00000
71.085,1,71072.000,147491,192000,3999.271,120.0,8,18,2,0.00000
71.085,2,71072.000,147491,192000,3999.271,120.0,8,18,2,0.00000
71.186,0,71173.000,152329,192000,3999.479,120.0,8,18,2,0.00000
71.186,1,71173.000,152329,192000,3999.479,120.0,8,18,2,0.00000
71.186,2,71173.000,152329,192000,3999.479,120.0,8,18,2,0.00000
71.287,0,71274.000,157182,192000,3999.375,120.0,8,18,2,0.00000
71.287,1,71274.000,157182,192000,3999.375,120.0,8,18,2,0.00000
71.287,2,71274.000,157182,192000,3999.375,120.0,8,18,2,0.00000
71.388,0,71376.000,162051,192000,3999.938,120.0,8,18,2,0.00000
71.388,1,71376.000,162051,192000,3999.938,120.0,8,18,2,0.00000
71.388,2,71376.000,162051,192000,3999.938,120.0,8,18,2,0.00000
71.490,0,71477.000,166936,192000,3999.167,120.0,8,18,2,0.00000
71.490,1,71477.000,166936,192000,3999.167,120.0,8,18,2,0.00000
71.490,2,71477.000,166936,192000,3999.167,120.0,8,18,2,0.00000
71.593,0,71580.000,171861,192000,3999.562,120.0,8,18,2,0.00000
71.593,1,71580.000,171861,192000,3999.562,120.0,8,18,2,0.00000
71.593,2,71580.000,171861,192000,3999.562,120.0,8,18,2,0.00000
71.695,0,71682.000,176762,192000,3999.458,120.0,8,18,2,0.00000
71.695,1,71682.000,176762,192000,3999.458,120.0,8,18,2,0.00000
71.695,2,71682.000,176762,192000,3999.458,120.0,8,18,2,0.00000
71.796,0,71784.000,181636,192000,3999.917,120.0,8,18,2,0.00000
71.796,1,71784.000,181636,192000,3999.917,120.0,8,18,2,0.00000
71.796,2,71784.000,181636,192000,3999.917,120.0,8,18,2,0.00000
71.899,0,71886.000,186540,192000,3999.750,120.0,8,18,2,0.00000
71.899,1,71886.000,186540,192000,3999.750,120.0,8,18,2,0.00000
71.899,2,71886.000,186540,192000,3999.750,120.0,8,18,2,0.00000
72.001,0,71988.000,191470,192000,3999.042,120.0,8,18,2,0.00000
72.001,1,71988.000,191470,192000,3999.042,120.0,8,18,2,0.00000
72.001,2,71988.000,191470,192000,3999.042,120.0,8,18,2,0.00000
72.104,0,72091.000,4399,192000,3999.354,120.0,8,19,2,0.00000
72.104,1,72091.000,4399,192000,3999.354,120.0,8,19,2,0.00000
72.104,2,72091.000,4399,192000,3999.354,120.0,8,19,2,0.00000
72.207,0,72194.000,9327,192000,3999.688,120.0,8,19,2,0.00000
72.207,1,72194.000,9327,192000,3999.688,120.0,8,19,2,0.00000
72.207,2,72194.000,9327,192000,3999.688,120.0,8,19,2,0.00000
72.308,0,72296.000,14210,192000,3999.958,120.0,8,19,2,0.00000
72.308,1,72296.000,14210,192000,3999.958,120.0,8,19,2,0.00000
72.308,2,72296.000,14210,192000,3999.958,120.0,8,19,2,0.00000
72.410,0,72397.000,19074,192000,3999.625,120.0,8,19,2,0.00000
72.410,1,72397.000,19074,192000,3999.625,120.0,8,19,2,0.00000
72.410,2,72397.000,19074,192000,3999.625,120.0,8,19,2,0.00000
72.511,0,72498.000,23915,192000,3999.771,120.0,8,19,2,0.00000
72.511,1,72498.000,23915,192000,3999.771,120.0,8,19,2,0.00000
72.511,2,72498.000,23915,192000,3999.771,120.0,8,19,2,0.00000
72.611,0,72598.000,28732,192000,3999.417,120.0,8,19,2,0.00000
72.611,1,72598.000,28732,192000,3999.417,120.0,8,19,2,0.00000
72.611,2,72598.000,28732,192000,3999.417,120.0,8,19,2,0.00000
72.711,0,72699.000,33556,192000,3999.917,120.0,8,19,2,0.00000
72.711,1,72699.000,33556,192000,3999.917,120.0,8,19,2,0.00000
72.711,2,72699.000,33556,192000,3999.917,120.0,8,19,2,0.00000
72.814,0,72801.000,38487,192000,3999.188,120.0,8,19,2,0.00000
72.814,1,72801.000,38487,192000,3999.188,120.0,8,19,2,0.00000
72.814,2,72801.000,38487,192000,3999.188,120.0,8,19,2,0.00000
72.914,0,72902.000,43301,192000,3999.896,120.0,8,19,2,0.00000
72.914,1,72902.000,43301,192000,3999.896,120.0,8,19,2,0.00000
72.914,2,72902.000,43301,192000,3999.896,120.0,8,19,2,0.00000
73.015,0,73002.000,48132,192000,3999.250,120.0,8,19,2,0.00000
73.015,1,73002.000,48132,192000,3999.250,120.0,8,19,2,0.00000
73.015,2,73002.000,48132,192000,3999.250,120.0,8,19,2,0.00000
73.118,0,73105.000,53076,192000,3999.250,120.0,8,19,2,0.00000
73.118,1,73105.000,53076,192000,3999.250,120.0,8,19,2,0.00000
73.118,2,73105.000,53076,192000,3999.250,120.0,8,19,2,0.00000
73.218,0,73205.000,57878,192000,3999.208,120.0,8,19,2,0.00000
73.218,1,73205.000,57878,192000,3999.208,120.0,8,19,2,0.00000
73.218,2,73205.000,57878,192000,3999.208,120.0,8,19,2,0.00000
73.320,0,73307.000,62749,192000,3999.729,120.0,8,19,2,0.00000
73.320,1,73307.000,62749,192000,3999.729,120.0,8,19,2,0.00000
73.320,2,73307.000,62749,192000,3999.729,120.0,8,19,2,0.00000
73.420,0,73407.000,67573,192000,3999.229,120.0,8,19,2,0.00000
73.420,1,73407.000,67573,192000,3999.229,120.0,8,19,2,0.00000
73.420,2,73407.000,67573,192000,3999.229,120.0,8,19,2,0.00000
73.523,0,73510.000,72499,192000,3999.604,120.0,8,19,2,0.00000
73.523,1,73510.000,72499,192000,3999.604,120.0,8,19,2,0.00000
73.523,2,73510.000,72499,192000,3999.604,120.0,8,19,2,0.00000
73.625,0,73612.000,77413,192000,3999.229,120.0,8,19,2,0.00000
73.625,1,73612.000,77413,192000,3999.229,120.0,8,19,2,0.00000
73.625,2,73612.000,77413,192000,3999.229,120.0,8,19,2,0.00000
73.727,0,73714.000,82291,192000,3999.604,120.0,8,19,2,0.00000
73.727,1,73714.000,82291,192000,3999.604,120.0,8,19,2,0.00000
73.727,2,73714.000,82291,192000,3999.604,120.0,8,19,2,0.00000
73.829,0,73816.000,87204,192000,3999.250,120.0,8,19,2,0.00000
73.829,1,73816.000,87204,192000,3999.250,120.0,8,19,2,0.00000
73.829,2,73816.000,87204,192000,3999.250,120.0,8,19,2,0.00000
73.932,0,73919.000,92149,192000,3999.229,120.0,8,19,2,0.00000
73.932,1,73919.000,92149,192000,3999.229,120.0,8,19,2,0.00000
73.932,2,73919.000,92149,192000,3999.229,120.0,8,19,2,0.00000
74.034,0,74021.000,97049,192000,3999.146,120.0,8,19,2,0.00000
74.034,1,74021.000,97049,192000,3999.146,120.0,8,19,2,0.00000
74.034,2,74021.000,97049,192000,3999.146,120.0,8,19,2,0.00000
74.137,0,74124.000,101960,192000,3999.833,120.0,8,19,2,0.00000
74.137,1,74124.000,101960,192000,3999.833,120.0,8,19,2,0.00000
74.137,2,74124.000,101960,192000,3999.833,120.0,8,19,2,0.00000
74.237,0,74224.000,106790,192000,3999.208,120.0,8,19,2,0.00000
74.237,1,74224.000,106790,192000,3999.208,120.0,8,19,2,0.00000
74.237,2,74224.000,106790,192000,3999.208,120.0,8,19,2,0.00000
74.340,0,74328.000,111746,192000,3999.958,120.0,8,19,2,0.00000
74.340,1,74328.000,111746,192000,3999.958,120.0,8,19,2,0.00000
74.340,2,74328.000,111746,192000,3999.958,120.0,8,19,2,0.00000
74.443,0,74430.000,116651,192000,3999.771,120.0,8,19,2,0.00000
74.443,1,74430.000,116651,192000,3999.771,120.0,8,19,2,0.00000
74.443,2,74430.000,116651,192000,3999.771,120.0,8,19,2,0.00000
74.543,0,74530.000,121473,192000,3999.312,120.0,8,19,2,0.00000
74.543,1,74530.000,121473,192000,3999.312,120.0,8,19,2,0.00000
74.543,2,74530.000,121473,192000,3999.312,120.0,8,19,2,0.00000
74.643,0,74631.000,126288,192000,0.000,120.0,8,19,2,0.00000
74.643,1,74631.000,126288,192000,0.000,120.0,8,19,2,0.00000
74.643,2,74631.000,126288,192000,0.000,120.0,8,19,2,0.00000
74.746,0,74733.000,131202,192000,3999.625,120.0,8,19,2,0.00000
74.746,1,74733.000,131202,192000,3999.625,120.0,8,19,2,0.00000
74.746,2,74733.000,131202,192000,3999.625,120.0,8,19,2,0.00000
74.848,0,74835.000,136122,192000,3999.125,120.0,8,19,2,0.00000
74.848,1,74835.000,136122,192000,3999.125,120.0,8,19,2,0.00000
74.848,2,74835.000,136122,192000,3999.125,120.0,8,19,2,0.00000
74.949,0,74936.000,140952,192000,3999.500,120.0,8,19,2,0.00000
74.949,1,74936.000,140952,192000,3999.500,120.0,8,19,2,0.00000
74.949,2,74936.000,140952,192000,3999.500,120.0,8,19,2,0.00000
75.051,0,75038.000,145867,192000,3999.104,120.0,8,19,2,0.00000
75.051,1,75038.000,145867,192000,3999.104,120.0,8,19,2,0.00000
75.051,2,75038.000,145867,192000,3999.104,120.0,8,19,2,0.00000
75.153,0,75140.000,150732,192000,3999.750,120.0,8,19,2,0.00000
75.153,1,75140.000,150732,192000,3999.750,120.0,8,19,2,0.00000
75.153,2,75140.000,150732,192000,3999.750,120.0,8,19,2,0.00000
75.255,0,75242.000,155663,192000,3999.021,120.0,8,19,2,0.00000
75.255,1,75242.000,155663,192000,3999.021,120.0,8,19,2,0.00000
75.255,2,75242.000,155663,192000,3999.021,120.0,8,19,2,0.00000
75.357,0,75344.000,160552,192000,3999.167,120.0,8,19,2,0.00000
75.357,1,75344.000,160552,192000,3999.167,120.0,8,19,2,0.00000
75.357,2,75344.000,160552,192000,3999.167,120.0,8,19,2,0.00000
75.458,0,75446.000,165413,192000,3999.896,120.0,8,19,2,0.00000
75.458,1,75446.000,165413,192000,3999.896,120.0,8,19,2,0.00000
75.458,2,75446.000,165413,192000,3999.896,120.0,8,19,2,0.00000
75.560,0,75547.000,170280,192000,3999.500,120.0,8,19,2,0.00000
75.560,1,75547.000,170280,192000,3999.500,120.0,8,19,2,0.00000
75.560,2,75547.000,170280,192000,3999.500,120.0,8,19,2,0.00000
75.662,0,75649.000,175195,192000,3999.104,120.0,8,19,2,0.00000
75.662,1,75649.000,175195,192000,3999.104,120.0,8,19,2,0.00000
75.662,2,75649.000,175195,192000,3999.104,120.0,8,19,2,0.00000
75.765,0,75752.000,180133,192000,3999.229,120.0,8,19,2,0.00000
75.765,1,75752.000,180133,192000,3999.229,120.0,8,19,2,0.00000
75.765,2,75752.000,180133,192000,3999.229,120.0,8,19,2,0.00000
75.866,0,75853.000,184958,192000,3999.708,120.0,8,19,2,0.00000
75.866,1,75853.000,184958,192000,3999.708,120.0,8,19,2,0.00000
75.866,2,75853.000,184958,192000,3999.708,120.0,8,19,2,0.00000
75.967,0,75954.000,189815,192000,3999.521,120.0,8,19,2,0.00000
75.967,1,75954.000,189815,192000,3999.521,120.0,8,19,2,0.00000
75.967,2,75954.000,189815,192000,3999.521,120.0,8,19,2,0.00000
76.068,0,76055.000,2677,192000,3999.229,120.0,8,20,2,0.00000
76.068,1,76055.000,2677,192000,3999.229,120.0,8,20,2,0.00000
76.068,2,76055.000,2677,192000,3999.229,120.0,8,20,2,0.00000
76.169,0,76156.000,7515,192000,3999.438,120.0,8,20,2,0.00000
76.169,1,76156.000,7515,192000,3999.438,120.0,8,20,2,0.00000
76.169,2,76156.000,7515,192000,3999.438,120.0,8,20,2,0.00000
76.269,0,76256.000,12318,192000,3999.375,120.0,8,20,2,0.00000
76.269,1,76256.000,12318,192000,3999.375,120.0,8,20,2,0.00000
76.269,2,76256.000,12318,192000,3999.375,120.0,8,20,2,0.00000
76.371,0,76358.000,17212,192000,3999.417,120.0,8,20,2,0.00000
76.371,1,76358.000,17212,192000,3999.417,120.0,8,20,2,0.00000
76.371,2,76358.000,17212,192000,3999.417,120.0,8,20,2,0.00000
76.473,0,76460.000,22116,192000,3999.250,120.0,8,20,2,0.00000
76.473,1,76460.000,22116,192000,3999.250,120.0,8,20,2,0.00000
76.473,2,76460.000,22116,192000,3999.250,120.0,8,20,2,0.00000
76.576,0,76563.000,27055,192000,3999.354,120.0,8,20,2,0.00000
76.576,1,76563.000,27055,192000,3999.354,120.0,8,20,2,0.00000
76.576,2,76563.000,27055,192000,3999.354,120.0,8,20,2,0.00000
76.678,0,76665.000,31960,192000,3999.167,120.0,8,20,2,0.00000
76.678,1,76665.000,31960,192000,3999.167,120.0,8,20,2,0.00000
76.678,2,76665.000,31960,192000,3999.167,120.0,8,20,2,0.00000
76.778,0,76766.000,36773,192000,3999.896,120.0,8,20,2,0.00000
76.778,1,76766.000,36773,192000,3999.896,120.0,8,20,2,0.00000
76.778,2,76766.000,36773,192000,3999.896,120.0,8,20,2,0.00000
76.879,0,76866.000,41586,192000,3999.625,120.0,8,20,2,0.00000
76.879,1,76866.000,41586,192000,3999.625,120.0,8,20,2,0.00000
76.879,2,76866.000,41586,192000,3999.625,120.0,8,20,2,0.00000
76.980,0,76967.000,46435,192000,3999.604,120.0,8,20,2,0.00000
76.980,1,76967.000,46435,192000,3999.604,120.0,8,20,2,0.00000
76.980,2,76967.000,46435,192000,3999.604,120.0,8,20,2,0.00000
77.082,0,77069.000,51336,192000,3999.500,120.0,8,20,2,0.00000
77.082,1,77069.000,51336,192000,3999.500,120.0,8,20,2,0.00000
77.082,2,77069.000,51336,192000,3999.500,120.0,8,20,2,0.00000
77.182,0,77169.000,56150,192000,3999.208,120.0,8,20,2,0.00000
77.182,1,77169.000,56150,192000,3999.208,120.0,8,20,2,0.00000
77.182,2,77169.000,56150,192000,3999.208,120.0,8,20,2,0.00000
77.284,0,77271.000,61034,192000,3999.458,120.0,8,20,2,0.00000
77.284,1,77271.000,61034,192000,3999.458,120.0,8,20,2,0.00000
77.284,2,77271.000,61034,192000,3999.458,120.0,8,20,2,0.00000
77.385,0,77372.000,65883,192000,3999.438,120.0,8,20,2,0.00000
77.385,1,77372.000,65883,192000,3999.438,120.0,8,20,2,0.00000
77.385,2,77372.000,65883,192000,3999.438,120.0,8,20,2,0.00000
77.488,0,77475.000,70820,192000,3999.583,120.0,8,20,2,0.00000
77.488,1,77475.000,70820,192000,3999.583,120.0,8,20,2,0.00000
77.488,2,77475.000,70820,192000,3999.583,120.0,8,20,2,0.00000
77.591,0,77578.000,75779,192000,3999.271,120.0,8,20,2,0.00000
77.591,1,77578.000,75779,192000,3999.271,120.0,8,20,2,0.00000
77.591,2,77578.000,75779,192000,3999.271,120.0,8,20,2,0.00000
77.693,0,77680.000,80686,192000,3999.042,120.0,8,20,2,0.00000
77.693,1,77680.000,80686,192000,3999.042,120.0,8,20,2,0.00000
77.693,2,77680.000,80686,192000,3999.042,120.0,8,20,2,0.00000
77.794,0,77781.000,85526,192000,3999.208,120.0,8,20,2,0.00000
77.794,1,77781.000,85526,192000,3999.208,120.0,8,20,2,0.00000
77.794,2,77781.000,85526,192000,3999.208,120.0,8,20,2,0.00000
77.894,0,77881.000,90328,192000,3999.167,120.0,8,20,2,0.00000
77.894,1,77881.000,90328,192000,3999.167,120.0,8,20,2,0.00000
77.894,2,77881.000,90328,192000,3999.167,120.0,8,20,2,0.00000
77.995,0,77982.000,95181,192000,3999.062,120.0,8,20,2,0.00000
77.995,1,77982.000,95181,192000,3999.062,120.0,8,20,2,0.00000
77.995,2,77982.000,95181,192000,3999.062,120.0,8,20,2,0.00000
78.096,0,78083.000,100023,192000,3999.188,120.0,8,20,2,0.00000
78.096,1,78083.000,100023,192000,3999.188,120.0,8,20,2,0.00000
78.096,2,78083.000,100023,192000,3999.188,120.0,8,20,2,0.00000
78.199,0,78186.000,104947,192000,3999.604,120.0,8,20,2,0.00000
78.199,1,78186.000,104947,192000,3999.604,120.0,8,20,2,0.00000
78.199,2,78186.000,104947,192000,3999.604,120.0,8,20,2,0.00000
78.300,0,78287.000,109796,192000,3999.583,120.0,8,20,2,0.00000
78.300,1,78287.000,109796,192000,3999.583,120.0,8,20,2,0.00000
78.300,2,78287.000,109796,192000,3999.583,120.0,8,20,2,0.00000
78.400,0,78387.000,114600,192000,3999.500,120.0,8,20,2,0.00000
78.400,1,78387.000,114600,192000,3999.500,120.0,8,20,2,0.00000
78.400,2,78387.000,114600,192000,3999.500,120.0,8,20,2,0.00000
78.501,0,78488.000,119452,192000,3999.417,120.0,8,20,2,0.00000
78.501,1,78488.000,119452,192000,3999.417,120.0,8,20,2,0.00000
78.501,2,78488.000,119452,192000,3999.417,120.0,8,20,2,0.00000
78.602,0,78590.000,124323,192000,3999.938,120.0,8,20,2,0.00000
78.602,1,78590.000,124323,192000,3999.938,120.0,8,20,2,0.00000
78.602,2,78590.000,124323,192000,3999.938,120.0,8,20,2,0.00000
78.703,0,78690.000,129155,192000,3999.271,120.0,8,20,2,0.00000
78.703,1,78690.000,129155,192000,3999.271,120.0,8,20,2,0.00000
78.703,2,78690.000,129155,192000,3999.271,120.0,8,20,2,0.00000
78.806,0,78793.000,134075,192000,3999.771,120.0,8,20,2,0.00000
78.806,1,78793.000,134075,192000,3999.771,120.0,8,20,2,0.00000
78.806,2,78793.000,134075,192000,3999.771,120.0,8,20,2,0.00000
78.908,0,78896.000,139009,192000,3999.979,120.0,8,20,2,0.00000
78.908,1,78896.000,139009,192000,3999.979,120.0,8,20,2,0.00000
78.908,2,78896.000,139009,192000,3999.979,120.0,8,20,2,0.00000
79.010,0,78997.000,143865,192000,3999.812,120.0,8,20,2,0.00000
79.010,1,78997.000,143865,192000,3999.812,120.0,8,20,2,0.00000
79.010,2,78997.000,143865,192000,3999.812,120.0,8,20,2,0.00000
79.110,0,79097.000,148683,192000,3999.438,120.0,8,20,2,0.00000
79.110,1,79097.000,148683,192000,3999.438,120.0,8,20,2,0.00000
79.110,2,79097.000,148683,192000,3999.438,120.0,8,20,2,0.00000
79.212,0,79199.000,153595,192000,3999.104,120.0,8,20,2,0.00000
79.212,1,79199.000,153595,192000,3999.104,120.0,8,20,2,0.00000
79.212,2,79199.000,153595,192000,3999.104,120.0,8,20,2,0.00000
79.315,0,79302.000,158534,192000,3999.208,120.0,8,20,2,0.00000
79.315,1,79302.000,158534,192000,3999.208,120.0,8,20,2,0.00000
79.315,2,79302.000,158534,192000,3999.208,120.0,8,20,2,0.00000
79.417,0,79405.000,163445,192000,3999.896,120.0,8,20,2,0.00000
79.417,1,79405.000,163445,192000,3999.896,120.0,8,20,2,0.00000
79.417,2,79405.000,163445,192000,3999.896,120.0,8,20,2,0.00000
79.519,0,79506.000,168304,192000,3999.667,120.0,8,20,2,0.00000
79.519,1,79506.000,168304,192000,3999.667,120.0,8,20,2,0.00000
79.519,2,79506.000,168304,192000,3999.667,120.0,8,20,2,0.00000
79.621,0,79608.000,173193,192000,3999.812,120.0,8,20,2,0.00000
79.621,1,79608.000,173193,192000,3999.812,120.0,8,20,2,0.00000
79.621,2,79608.000,173193,192000,3999.812,120.0,8,20,2,0.00000
79.722,0,79709.000,178062,192000,3999.375,120.0,8,20,2,0.00000
79.722,1,79709.000,178062,192000,3999.375,120.0,8,20,2,0.00000
79.722,2,79709.000,178062,192000,3999.375,120.0,8,20,2,0.00000
79.822,0,79809.000,182867,192000,3999.271,120.0,8,20,2,0.00000
79.822,1,79809.000,182867,192000,3999.271,120.0,8,20,2,0.00000
79.822,2,79809.000,182867,192000,3999.271,120.0,8,20,2,0.00000
79.924,0,79911.000,187737,192000,3999.812,120.0,8,20,2,0.00000
79.924,1,79911.000,187737,192000,3999.812,120.0,8,20,2,0.00000
79.924,2,79911.000,187737,192000,3999.812,120.0,8,20,2,0.00000
80.027,0,80014.000,714,192000,3999.125,120.0,8,21,2,0.10591
80.027,1,80014.000,714,192000,3999.125,120.0,8,21,2,0.10591
80.027,2,80014.000,714,192000,3999.125,120.0,8,21,2,0.10521
80.128,0,80115.000,5562,192000,3999.125,120.0,8,21,2,0.08529
80.128,1,80115.000,5562,192000,3999.125,120.0,8,21,2,0.08499
80.128,2,80115.000,5562,192000,3999.125,120.0,8,21,2,0.08529
80.229,0,80217.000,10416,192000,0.000,120.0,8,21,2,0.05601
80.229,1,80217.000,10416,192000,0.000,120.0,8,21,2,0.05581
80.229,2,80217.000,10416,192000,0.000,120.0,8,21,2,0.05601
80.330,0,80317.000,15255,192000,3999.188,120.0,8,21,2,0.03683
80.330,1,80317.000,15255,192000,3999.188,120.0,8,21,2,0.03670
80.330,2,80317.000,15255,192000,3999.188,120.0,8,21,2,0.03683
80.433,0,80420.000,20177,192000,3999.646,120.0,8,21,2,0.02404
80.433,1,80420.000,20177,192000,3999.646,120.0,8,21,2,0.02396
80.433,2,80420.000,20177,192000,3999.646,120.0,8,21,2,0.02404
80.536,0,80523.000,25132,192000,3999.417,120.0,8,21,2,0.01565
80.536,1,80523.000,25132,192000,3999.417,120.0,8,21,2,0.01559
80.536,2,80523.000,25132,192000,3999.417,120.0,8,21,2,0.01565
80.636,0,80623.000,29950,192000,3999.042,120.0,8,21,2,0.01031
80.636,1,80623.000,29950,192000,3999.042,120.0,8,21,2,0.01027
80.636,2,80623.000,29950,192000,3999.042,120.0,8,21,2,0.01031
80.739,0,80726.000,34858,192000,3999.792,120.0,8,21,2,0.00674
80.739,1,80726.000,34858,192000,3999.792,120.0,8,21,2,0.00671
80.739,2,80726.000,34858,192000,3999.792,120.0,8,21,2,0.00674
80.840,0,80827.000,39733,192000,3999.229,120.0,8,21,2,0.00442
80.840,1,80827.000,39733,192000,3999.229,120.0,8,21,2,0.00440
80.840,2,80827.000,39733,192000,3999.229,120.0,8,21,2,0.00442
80.942,0,80929.000,44630,192000,3999.208,120.0,8,21,2,0.00289
80.942,1,80929.000,44630,192000,3999.208,120.0,8,21,2,0.00288
80.942,2,80929.000,44630,192000,3999.208,120.0,8,21,2,0.00289
81.043,0,81031.000,49493,192000,3999.896,120.0,8,21,2,0.00190
81.043,1,81031.000,49493,192000,3999.896,120.0,8,21,2,0.00189
81.043,2,81031.000,49493,192000,3999.896,120.0,8,21,2,0.00190
81.144,0,81132.000,54336,192000,0.000,120.0,8,21,2,0.00125
81.144,1,81132.000,54336,192000,0.000,120.0,8,21,2,0.00124
81.144,2,81132.000,54336,192000,0.000,120.0,8,21,2,0.00125
81.246,0,81233.000,59191,192000,3999.854,120.0,8,21,2,0.00082
81.246,1,81233.000,59191,192000,3999.854,120.0,8,21,2,0.00082
81.246,2,81233.000,59191,192000,3999.854,120.0,8,21,2,0.00082
81.346,0,81333.000,64004,192000,3999.583,120.0,8,21,2,0.00054
81.346,1,81333.000,64004,192000,3999.583,120.0,8,21,2,0.00054
81.346,2,81333.000,64004,192000,3999.583,120.0,8,21,2,0.00054
81.447,0,81434.000,68845,192000,3999.729,120.0,8,21,2,0.00035
81.447,1,81434.000,68845,192000,3999.729,120.0,8,21,2,0.00035
81.447,2,81434.000,68845,192000,3999.729,120.0,8,21,2,0.00035
81.548,0,81535.000,73692,192000,3999.750,120.0,8,21,2,0.00023
81.548,1,81535.000,73692,192000,3999.750,120.0,8,21,2,0.00023
81.548,2,81535.000,73692,192000,3999.750,120.0,8,21,2,0.00023
81.648,0,81635.000,78493,192000,3999.729,120.0,8,21,2,0.00015
81.648,1,81635.000,78493,192000,3999.729,120.0,8,21,2,0.00015
81.648,2,81635.000,78493,192000,3999.729,120.0,8,21,2,0.00015
81.748,0,81735.000,83325,192000,3999.062,120.0,8,21,2,0.00010
81.748,1,81735.000,83325,192000,3999.062,120.0,8,21,2,0.00010
81.748,2,81735.000,83325,192000,3999.062,120.0,8,21,2,0.00010
81.851,0,81838.000,88244,192000,3999.583,120.0,8,21,2,0.00007
81.851,1,81838.000,88244,192000,3999.583,120.0,8,21,2,0.00007
81.851,2,81838.000,88244,192000,3999.583,120.0,8,21,2,0.00007
81.951,0,81939.000,93076,192000,3999.917,120.0,8,21,2,0.00004
81.951,1,81939.000,93076,192000,3999.917,120.0,8,21,2,0.00004
81.951,2,81939.000,93076,192000,3999.917,120.0,8,21,2,0.00004
82.051,0,82039.000,97876,192000,3999.917,120.0,8,21,2,0.00003
82.051,1,82039.000,97876,192000,3999.917,120.0,8,21,2,0.00003
82.051,2,82039.000,97876,192000,3999.917,120.0,8,21,2,0.00003
82.154,0,82141.000,102780,192000,3999.750,120.0,8,21,2,0.00002
82.154,1,82141.000,102780,192000,3999.750,120.0,8,21,2,0.00002
82.154,2,82141.000,102780,192000,3999.750,120.0,8,21,2,0.00002
82.254,0,82241.000,107614,192000,3999.042,120.0,8,21,2,0.00001
82.254,1,82241.000,107614,192000,3999.042,120.0,8,21,2,0.00001
82.254,2,82241.000,107614,192000,3999.042,120.0,8,21,2,0.00001
82.356,0,82343.000,112483,192000,3999.604,120.0,8,21,2,0.00001
82.356,1,82343.000,112483,192000,3999.604,120.0,8,21,2,0.00001
82.356,2,82343.000,112483,192000,3999.604,120.0,8,21,2,0.00001
82.460,0,82447.000,117486,192000,3999.375,120.0,8,21,2,0.00001
82.460,1,82447.000,117486,192000,3999.375,120.0,8,21,2,0.00001
82.460,2,82447.000,117486,192000,3999.375,120.0,8,21,2,0.00001
82.561,0,82548.000,122329,192000,3999.479,120.0,8,21,2,0.00000
82.561,1,82548.000,122329,192000,3999.479,120.0,8,21,2,0.00000
82.561,2,82548.000,122329,192000,3999.479,120.0,8,21,2,0.00000
82.663,0,82650.000,127214,192000,3999.708,120.0,8,21,2,0.00000
82.663,1,82650.000,127214,192000,3999.708,120.0,8,21,2,0.00000
82.663,2,82650.000,127214,192000,3999.708,120.0,8,21,2,0.00000
82.765,0,82753.000,132147,192000,3999.938,120.0,8,21,2,0.00000
82.765,1,82753.000,132147,192000,3999.938,120.0,8,21,2,0.00000
82.765,2,82753.000,132147,192000,3999.938,120.0,8,21,2,0.00000
82.866,0,82853.000,136965,192000,3999.562,120.0,8,21,2,0.00000
82.866,1,82853.000,136965,192000,3999.562,120.0,8,21,2,0.00000
82.866,2,82853.000,136965,192000,3999.562,120.0,8,21,2,0.00000
82.968,0,82955.000,141886,192000,3999.042,120.0,8,21,2,0.00000
82.968,1,82955.000,141886,192000,3999.042,120.0,8,21,2,0.00000
82.968,2,82955.000,141886,192000,3999.042,120.0,8,21,2,0.00000
83.071,0,83058.000,146815,192000,3999.354,120.0,8,21,2,0.00000
83.071,1,83058.000,146815,192000,3999.354,120.0,8,21,2,0.00000
83.071,2,83058.000,146815,192000,3999.354,120.0,8,21,2,0.00000
83.171,0,83159.000,151635,192000,3999.938,120.0,8,21,2,0.00000
83.171,1,83159.000,151635,192000,3999.938,120.0,8,21,2,0.00000
83.171,2,83159.000,151635,192000,3999.938,120.0,8,21,2,0.00000
83.273,0,83260.000,156496,192000,3999.667,120.0,8,21,2,0.00000
83.273,1,83260.000,156496,192000,3999.667,120.0,8,21,2,0.00000
83.273,2,83260.000,156496,192000,3999.667,120.0,8,21,2,0.00000
83.374,0,83361.000,161360,192000,3999.333,120.0,8,21,2,0.00000
83.374,1,83361.000,161360,192000,3999.333,120.0,8,21,2,0.00000
83.374,2,83361.000,161360,192000,3999.333,120.0,8,21,2,0.00000
83.475,0,83462.000,166182,192000,3999.875,120.0,8,21,2,0.00000
83.475,1,83462.000,166182,192000,3999.875,120.0,8,21,2,0.00000
83.475,2,83462.000,166182,192000,3999.875,120.0,8,21,2,0.00000
83.576,0,83563.000,171046,192000,3999.542,120.0,8,21,2,0.00000
83.576,1,83563.000,171046,192000,3999.542,120.0,8,21,2,0.00000
83.576,2,83563.000,171046,192000,3999.542,120.0,8,21,2,0.00000
83.676,0,83664.000,175874,192000,3999.958,120.0,8,21,2,0.00000
83.676,1,83664.000,175874,192000,3999.958,120.0,8,21,2,0.00000
83.676,2,83664.000,175874,192000,3999.958,120.0,8,21,2,0.00000
83.777,0,83764.000,180689,192000,3999.646,120.0,8,21,2,0.00000
83.777,1,83764.000,180689,192000,3999.646,120.0,8,21,2,0.00000
83.777,2,83764.000,180689,192000,3999.646,120.0,8,21,2,0.00000
83.878,0,83865.000,185538,192000,3999.625,120.0,8,21,2,0.00000
83.878,1,83865.000,185538,192000,3999.625,120.0,8,21,2,0.00000
83.878,2,83865.000,185538,192000,3999.625,120.0,8,21,2,0.00000
83.980,0,83967.000,190436,192000,3999.583,120.0,8,21,2,0.00000
83.980,1,83967.000,190436,192000,3999.583,120.0,8,21,2,0.00000
83.980,2,83967.000,190436,192000,3999.583,120.0,8,21,2,0.00000
84.080,0,84067.000,3245,192000,3999.396,120.0,8,22,2,0.00000
84.080,1,84067.000,3245,192000,3999.396,120.0,8,22,2,0.00000
84.080,2,84067.000,3245,192000,3999.396,120.0,8,22,2,0.00000
84.182,0,84169.000,8149,192000,3999.229,120.0,8,22,2,0.00000
84.182,1,84169.000,8149,192000,3999.229,120.0,8,22,2,0.00000
84.182,2,84169.000,8149,192000,3999.229,120.0,8,22,2,0.00000
84.285,0,84272.000,13078,192000,3999.542,120.0,8,22,2,0.00000
84.285,1,84272.000,13078,192000,3999.542,120.0,8,22,2,0.00000
84.285,2,84272.000,13078,192000,3999.542,120.0,8,22,2,0.00000
84.387,0,84375.000,18004,192000,3999.917,120.0,8,22,2,0.00000
84.387,1,84375.000,18004,192000,3999.917,120.0,8,22,2,0.00000
84.387,2,84375.000,18004,192000,3999.917,120.0,8,22,2,0.00000
84.488,0,84475.000,22844,192000,3999.083,120.0,8,22,2,0.00000
84.488,1,84475.000,22844,192000,3999.083,120.0,8,22,2,0.00000
84.488,2,84475.000,22844,192000,3999.083,120.0,8,22,2,0.00000
84.589,0,84576.000,27656,192000,3999.833,120.0,8,22,2,0.00000
84.589,1,84576.000,27656,192000,3999.833,120.0,8,22,2,0.00000
84.589,2,84576.000,27656,192000,3999.833,120.0,8,22,2,0.00000
84.689,0,84676.000,32467,192000,3999.604,120.0,8,22,2,0.00000
84.689,1,84676.000,32467,192000,3999.604,120.0,8,22,2,0.00000
84.689,2,84676.000,32467,192000,3999.604,120.0,8,22,2,0.00000
84.789,0,84777.000,37297,192000,3999.979,120.0,8,22,2,0.00000
84.789,1,84777.000,37297,192000,3999.979,120.0,8,22,2,0.00000
84.789,2,84777.000,37297,192000,3999.979,120.0,8,22,2,0.00000
84.891,0,84878.000,42156,192000,3999.750,120.0,8,22,2,0.00000
84.891,1,84878.000,42156,192000,3999.750,120.0,8,22,2,0.00000
84.891,2,84878.000,42156,192000,3999.750,120.0,8,22,2,0.00000
84.992,0,84979.000,47013,192000,3999.562,120.0,8,22,2,0.00000
84.992,1,84979.000,47013,192000,3999.562,120.0,8,22,2,0.00000
84.992,2,84979.000,47013,192000,3999.562,120.0,8,22,2,0.00000
85.092,0,85079.000,51833,192000,3999.146,120.0,8,22,2,0.00000
85.092,1,85079.000,51833,192000,3999.146,120.0,8,22,2,0.00000
85.092,2,85079.000,51833,192000,3999.146,120.0,8,22,2,0.00000
85.193,0,85180.000,56646,192000,3999.875,120.0,8,22,2,0.00000
85.193,1,85180.000,56646,192000,3999.875,120.0,8,22,2,0.00000
85.193,2,85180.000,56646,192000,3999.875,120.0,8,22,2,0.00000
85.293,0,85280.000,61447,192000,3999.854,120.0,8,22,2,0.00000
85.293,1,85280.000,61447,192000,3999.854,120.0,8,22,2,0.00000
85.293,2,85280.000,61447,192000,3999.854,120.0,8,22,2,0.00000
85.393,0,85380.000,66251,192000,3999.771,120.0,8,22,2,0.00000
85.393,1,85380.000,66251,192000,3999.771,120.0,8,22,2,0.00000
85.393,2,85380.000,66251,192000,3999.771,120.0,8,22,2,0.00000
85.495,0,85482.000,71159,192000,3999.521,120.0,8,22,2,0.00000
85.495,1,85482.000,71159,192000,3999.521,120.0,8,22,2,0.00000
85.495,2,85482.000,71159,192000,3999.521,120.0,8,22,2,0.00000
85.597,0,85584.000,76041,192000,3999.812,120.0,8,22,2,0.00000
85.597,1,85584.000,76041,192000,3999.812,120.0,8,22,2,0.00000
85.597,2,85584.000,76041,192000,3999.812,120.0,8,22,2,0.00000
85.699,0,85686.000,80963,192000,3999.271,120.0,8,22,2,0.00000
85.699,1,85686.000,80963,192000,3999.271,120.0,8,22,2,0.00000
85.699,2,85686.000,80963,192000,3999.271,120.0,8,22,2,0.00000
85.801,0,85788.000,85837,192000,3999.729,120.0,8,22,2,0.00000
85.801,1,85788.000,85837,192000,3999.729,120.0,8,22,2,0.00000
85.801,2,85788.000,85837,192000,3999.729,120.0,8,22,2,0.00000
85.901,0,85889.000,90674,192000,3999.958,120.0,8,22,2,0.00000
85.901,1,85889.000,90674,192000,3999.958,120.0,8,22,2,0.00000
85.901,2,85889.000,90674,192000,3999.958,120.0,8,22,2,0.00000
86.004,0,85991.000,95597,192000,3999.396,120.0,8,22,2,0.00000
86.004,1,85991.000,95597,192000,3999.396,120.0,8,22,2,0.00000
86.004,2,85991.000,95597,192000,3999.396,120.0,8,22,2,0.00000
86.104,0,86091.000,100412,192000,3999.083,120.0,8,22,2,0.00000
86.104,1,86091.000,100412,192000,3999.083,120.0,8,22,2,0.00000
86.104,2,86091.000,100412,192000,3999.083,120.0,8,22,2,0.00000
86.205,0,86192.000,105257,192000,3999.146,120.0,8,22,2,0.00000
86.205,1,86192.000,105257,192000,3999.146,120.0,8,22,2,0.00000
86.205,2,86192.000,105257,192000,3999.146,120.0,8,22,2,0.00000
86.308,0,86295.000,110182,192000,3999.542,120.0,8,22,2,0.00000
86.308,1,86295.000,110182,192000,3999.542,120.0,8,22,2,0.00000
86.308,2,86295.000,110182,192000,3999.542,120.0,8,22,2,0.00000
86.410,0,86397.000,115073,192000,3999.646,120.0,8,22,2,0.00000
86.410,1,86397.000,115073,192000,3999.646,120.0,8,22,2,0.00000
86.410,2,86397.000,115073,192000,3999.646,120.0,8,22,2,0.00000
86.511,0,86498.000,119921,192000,3999.646,120.0,8,22,2,0.00000
86.511,1,86498.000,119921,192000,3999.646,120.0,8,22,2,0.00000
86.511,2,86498.000,119921,192000,3999.646,120.0,8,22,2,0.00000
86.613,0,86600.000,124847,192000,3999.021,120.0,8,22,2,0.00000
86.613,1,86600.000,124847,192000,3999.021,120.0,8,22,2,0.00000
86.613,2,86600.000,124847,192000,3999.021,120.0,8,22,2,0.00000
86.714,0,86701.000,129686,192000,3999.208,120.0,8,22,2,0.00000
86.714,1,86701.000,129686,192000,3999.208,120.0,8,22,2,0.00000
86.714,2,86701.000,129686,192000,3999.208,120.0,8,22,2,0.00000
86.815,0,86802.000,134543,192000,3999.021,120.0,8,22,2,0.00000
86.815,1,86802.000,134543,192000,3999.021,120.0,8,22,2,0.00000
86.815,2,86802.000,134543,192000,3999.021,120.0,8,22,2,0.00000
86.917,0,86904.000,139438,192000,3999.042,120.0,8,22,2,0.00000
86.917,1,86904.000,139438,192000,3999.042,120.0,8,22,2,0.00000
86.917,2,86904.000,139438,192000,3999.042,120.0,8,22,2,0.00000
87.019,0,87006.000,144300,192000,3999.750,120.0,8,22,2,0.00000
87.019,1,87006.000,144300,192000,3999.750,120.0,8,22,2,0.00000
87.019,2,87006.000,144300,192000,3999.750,120.0,8,22,2,0.00000
87.119,0,87106.000,149108,192000,3999.583,120.0,8,22,2,0.00000
87.119,1,87106.000,149108,192000,3999.583,120.0,8,22,2,0.00000
87.119,2,87106.000,149108,192000,3999.583,120.0,8,22,2,0.00000
87.220,0,87207.000,153970,192000,3999.292,120.0,8,22,2,0.00000
87.220,1,87207.000,153970,192000,3999.292,120.0,8,22,2,0.00000
87.220,2,87207.000,153970,192000,3999.292,120.0,8,22,2,0.00000
87.320,0,87307.000,158771,192000,3999.271,120.0,8,22,2,0.00000
87.320,1,87307.000,158771,192000,3999.271,120.0,8,22,2,0.00000
87.320,2,87307.000,158771,192000,3999.271,120.0,8,22,2,0.00000
87.421,0,87409.000,163636,192000,3999.917,120.0,8,22,2,0.00000
87.421,1,87409.000,163636,192000,3999.917,120.0,8,22,2,0.00000
87.421,2,87409.000,163636,192000,3999.917,120.0,8,22,2,0.00000
87.523,0,87510.000,168500,192000,3999.583,120.0,8,22,2,0.00000
87.523,1,87510.000,168500,192000,3999.583,120.0,8,22,2,0.00000
87.523,2,87510.000,168500,192000,3999.583,120.0,8,22,2,0.00000
87.624,0,87611.000,173367,192000,3999.188,120.0,8,22,2,0.00000
87.624,1,87611.000,173367,192000,3999.188,120.0,8,22,2,0.00000
87.624,2,87611.000,173367,192000,3999.188,120.0,8,22,2,0.00000
87.727,0,87714.000,178302,192000,3999.375,120.0,8,22,2,0.00000
87.727,1,87714.000,178302,192000,3999.375,120.0,8,22,2,0.00000
87.727,2,87714.000,178302,192000,3999.375,120.0,8,22,2,0.00000
87.828,0,87815.000,183155,192000,3999.271,120.0,8,22,2,0.00000
87.828,1,87815.000,183155,192000,3999.271,120.0,8,22,2,0.00000
87.828,2,87815.000,183155,192000,3999.271,120.0,8,22,2,0.00000
87.929,0,87916.000,187981,192000,3999.729,120.0,8,22,2,0.00000
87.929,1,87916.000,187981,192000,3999.729,120.0,8,22,2,0.00000
87.929,2,87916.000,187981,192000,3999.729,120.0,8,22,2,0.00000
88.031,0,88019.000,912,192000,0.000,120.0,8,23,2,0.00000
88.031,1,88019.000,912,192000,0.000,120.0,8,23,2,0.00000
88.031,2,88019.000,912,192000,0.000,120.0,8,23,2,0.00000
88.137,0,88124.000,5997,192000,3999.062,120.0,8,23,2,0.00000
88.137,1,88124.000,5997,192000,3999.062,120.0,8,23,2,0.00000
88.137,2,88124.000,5997,192000,3999.062,120.0,8,23,2,0.00000
88.238,0,88225.000,10815,192000,3999.688,120.0,8,23,2,0.00000
88.238,1,88225.000,10815,192000,3999.688,120.0,8,23,2,0.00000
88.238,2,88225.000,10815,192000,3999.688,120.0,8,23,2,0.00000
88.340,0,88327.000,15726,192000,3999.375,120.0,8,23,2,0.00000
88.340,1,88327.000,15726,192000,3999.375,120.0,8,23,2,0.00000
88.340,2,88327.000,15726,192000,3999.375,120.0,8,23,2,0.00000
88.442,0,88430.000,20643,192000,3999.938,120.0,8,23,2,0.00000
88.442,1,88430.000,20643,192000,3999.938,120.0,8,23,2,0.00000
88.442,2,88430.000,20643,192000,3999.938,120.0,8,23,2,0.00000
88.543,0,88530.000,25462,192000,3999.542,120.0,8,23,2,0.00000
88.543,1,88530.000,25462,192000,3999.542,120.0,8,23,2,0.00000
88.543,2,88530.000,25462,192000,3999.542,120.0,8,23,2,0.00000
88.644,0,88631.000,30304,192000,3999.667,120.0,8,23,2,0.00000
88.644,1,88631.000,30304,192000,3999.667,120.0,8,23,2,0.00000
88.644,2,88631.000,30304,192000,3999.667,120.0,8,23,2,0.00000
88.745,0,88732.000,35174,192000,3999.208,120.0,8,23,2,0.00000
88.745,1,88732.000,35174,192000,3999.208,120.0,8,23,2,0.00000
88.745,2,88732.000,35174,192000,3999.208,120.0,8,23,2,0.00000
88.846,0,88834.000,40035,192000,3999.938,120.0,8,23,2,0.00000
88.846,1,88834.000,40035,192000,3999.938,120.0,8,23,2,0.00000
88.846,2,88834.000,40035,192000,3999.938,120.0,8,23,2,0.00000
88.949,0,88936.000,44937,192000,3999.812,120.0,8,23,2,0.00000
88.949,1,88936.000,44937,192000,3999.812,120.0,8,23,2,0.00000
88.949,2,88936.000,44937,192000,3999.812,120.0,8,23,2,0.00000
89.050,0,89037.000,49808,192000,3999.333,120.0,8,23,2,0.00000
89.050,1,89037.000,49808,192000,3999.333,120.0,8,23,2,0.00000
89.050,2,89037.000,49808,192000,3999.333,120.0,8,23,2,0.00000
89.153,0,89140.000,54746,192000,3999.458,120.0,8,23,2,0.00000
89.153,1,89140.000,54746,192000,3999.458,120.0,8,23,2,0.00000
89.153,2,89140.000,54746,192000,3999.458,120.0,8,23,2,0.00000
89.254,0,89241.000,59576,192000,3999.833,120.0,8,23,2,0.00000
89.254,1,89241.000,59576,192000,3999.833,120.0,8,23,2,0.00000
89.254,2,89241.000,59576,192000,3999.833,120.0,8,23,2,0.00000
89.354,0,89341.000,64376,192000,3999.833,120.0,8,23,2,0.00000
89.354,1,89341.000,64376,192000,3999.833,120.0,8,23,2,0.00000
89.354,2,89341.000,64376,192000,3999.833,120.0,8,23,2,0.00000
89.454,0,89441.000,69209,192000,3999.146,120.0,8,23,2,0.00000
89.454,1,89441.000,69209,192000,3999.146,120.0,8,23,2,0.00000
89.454,2,89441.000,69209,192000,3999.146,120.0,8,23,2,0.00000
89.555,0,89542.000,74043,192000,3999.438,120.0,8,23,2,0.00000
89.555,1,89542.000,74043,192000,3999.438,120.0,8,23,2,0.00000
89.555,2,89542.000,74043,192000,3999.438,120.0,8,23,2,0.00000
89.658,0,89645.000,78978,192000,3999.625,120.0,8,23,2,0.00000
89.658,1,89645.000,78978,192000,3999.625,120.0,8,23,2,0.00000
89.658,2,89645.000,78978,192000,3999.625,120.0,8,23,2,0.00000
89.759,0,89746.000,83852,192000,3999.083,120.0,8,23,2,0.00000
89.759,1,89746.000,83852,192000,3999.083,120.0,8,23,2,0.00000
89.759,2,89746.000,83852,192000,3999.083,120.0,8,23,2,0.00000
89.862,0,89849.000,88773,192000,3999.562,120.0,8,23,2,0.00000
89.862,1,89849.000,88773,192000,3999.562,120.0,8,23,2,0.00000
89.862,2,89849.000,88773,192000,3999.562,120.0,8,23,2,0.00000
89.962,0,89949.000,93599,192000,3999.021,120.0,8,23,2,0.00000
89.962,1,89949.000,93599,192000,3999.021,120.0,8,23,2,0.00000
89.962,2,89949.000,93599,192000,3999.021,120.0,8,23,2,0.00000
90.065,0,90052.000,98523,192000,3999.438,120.0,8,23,2,0.00000
90.065,1,90052.000,98523,192000,3999.438,120.0,8,23,2,0.00000
90.065,2,90052.000,98523,192000,3999.438,120.0,8,23,2,0.00000
90.167,0,90154.000,103417,192000,3999.479,120.0,8,23,2,0.00000
90.167,1,90154.000,103417,192000,3999.479,120.0,8,23,2,0.00000
90.167,2,90154.000,103417,192000,3999.479,120.0,8,23,2,0.00000
90.268,0,90255.000,108249,192000,3999.812,120.0,8,23,2,0.00000
90.268,1,90255.000,108249,192000,3999.812,120.0,8,23,2,0.00000
90.268,2,90255.000,108249,192000,3999.812,120.0,8,23,2,0.00000
90.369,0,90356.000,113133,192000,3999.062,120.0,8,23,2,0.00000
90.369,1,90356.000,113133,192000,3999.062,120.0,8,23,2,0.00000
90.369,2,90356.000,113133,192000,3999.062,120.0,8,23,2,0.00000
90.471,0,90458.000,117991,192000,3999.854,120.0,8,23,2,0.00000
90.471,1,90458.000,117991,192000,3999.854,120.0,8,23,2,0.00000
90.471,2,90458.000,117991,192000,3999.854,120.0,8,23,2,0.00000
90.572,0,90559.000,122860,192000,3999.417,120.0,8,23,2,0.00000
90.572,1,90559.000,122860,192000,3999.417,120.0,8,23,2,0.00000
90.572,2,90559.000,122860,192000,3999.417,120.0,8,23,2,0.00000
90.674,0,90661.000,127750,192000,3999.542,120.0,8,23,2,0.00000
90.674,1,90661.000,127750,192000,3999.542,120.0,8,23,2,0.00000
90.674,2,90661.000,127750,192000,3999.542,120.0,8,23,2,0.00000
90.776,0,90763.000,132657,192000,3999.312,120.0,8,23,2,0.00000
90.776,1,90763.000,132657,192000,3999.312,120.0,8,23,2,0.00000
90.776,2,90763.000,132657,192000,3999.312,120.0,8,23,2,0.00000
90.877,0,90864.000,137479,192000,3999.854,120.0,8,23,2,0.00000
90.877,1,90864.000,137479,192000,3999.854,120.0,8,23,2,0.00000
90.877,2,90864.000,137479,192000,3999.854,120.0,8,23,2,0.00000
90.978,0,90965.000,142336,192000,3999.667,120.0,8,23,2,0.00000
90.978,1,90965.000,142336,192000,3999.667,120.0,8,23,2,0.00000
90.978,2,90965.000,142336,192000,3999.667,120.0,8,23,2,0.00000
91.080,0,91067.000,147257,192000,3999.146,120.0,8,23,2,0.00000
91.080,1,91067.000,147257,192000,3999.146,120.0,8,23,2,0.00000
91.080,2,91067.000,147257,192000,3999.146,120.0,8,23,2,0.00000
91.180,0,91167.000,152057,192000,3999.146,120.0,8,23,2,0.00000
91.180,1,91167.000,152057,192000,3999.146,120.0,8,23,2,0.00000
91.180,2,91167.000,152057,192000,3999.146,120.0,8,23,2,0.00000
91.283,0,91270.000,156990,192000,3999.375,120.0,8,23,2,0.00000
91.283,1,91270.000,156990,192000,3999.375,120.0,8,23,2,0.00000
91.283,2,91270.000,156990,192000,3999.375,120.0,8,23,2,0.00000
91.383,0,91370.000,161793,192000,3999.312,120.0,8,23,2,0.00000
91.383,1,91370.000,161793,192000,3999.312,120.0,8,23,2,0.00000
91.383,2,91370.000,161793,192000,3999.312,120.0,8,23,2,0.00000
91.485,0,91472.000,166688,192000,3999.333,120.0,8,23,2,0.00000
91.485,1,91472.000,166688,192000,3999.333,120.0,8,23,2,0.00000
91.485,2,91472.000,166688,192000,3999.333,120.0,8,23,2,0.00000
91.587,0,91574.000,171596,192000,3999.083,120.0,8,23,2,0.00000
91.587,1,91574.000,171596,192000,3999.083,120.0,8,23,2,0.00000
91.587,2,91574.000,171596,192000,3999.083,120.0,8,23,2,0.00000
91.688,0,91675.000,176406,192000,3999.875,120.0,8,23,2,0.00000
91.688,1,91675.000,176406,192000,3999.875,120.0,8,23,2,0.00000
91.688,2,91675.000,176406,192000,3999.875,120.0,8,23,2,0.00000
91.790,0,91777.000,181328,192000,3999.333,120.0,8,23,2,0.00000
91.790,1,91777.000,181328,192000,3999.333,120.0,8,23,2,0.00000
91.790,2,91777.000,181328,192000,3999.333,120.0,8,23,2,0.00000
91.891,0,91878.000,186161,192000,3999.646,120.0,8,23,2,0.00000
91.891,1,91878.000,186161,192000,3999.646,120.0,8,23,2,0.00000
91.891,2,91878.000,186161,192000,3999.646,120.0,8,23,2,0.00000
91.994,0,91981.000,191098,192000,3999.792,120.0,8,23,2,0.00000
91.994,1,91981.000,191098,192000,3999.792,120.0,8,23,2,0.00000
91.994,2,91981.000,191098,192000,3999.792,120.0,8,23,2,0.00000
92.094,0,92081.000,3908,192000,3999.583,120.0,8,24,2,0.09865
92.094,1,92081.000,3908,192000,3999.583,120.0,8,24,2,0.09859
92.094,2,92081.000,3908,192000,3999.583,120.0,8,24,2,0.09865
92.194,0,92182.000,8738,192000,3999.958,120.0,8,24,2,0.06492
92.194,1,92182.000,8738,192000,3999.958,120.0,8,24,2,0.06488
92.194,2,92182.000,8738,192000,3999.958,120.0,8,24,2,0.06492
92.295,0,92282.000,13550,192000,3999.708,120.0,8,24,2,0.04279
92.295,1,92282.000,13550,192000,3999.708,120.0,8,24,2,0.04276
92.295,2,92282.000,13550,192000,3999.708,120.0,8,24,2,0.04279
92.395,0,92382.000,18381,192000,3999.062,120.0,8,24,2,0.02815
92.395,1,92382.000,18381,192000,3999.062,120.0,8,24,2,0.02813
92.395,2,92382.000,18381,192000,3999.062,120.0,8,24,2,0.02815
92.496,0,92483.000,23194,192000,3999.792,120.0,8,24,2,0.01855
92.496,1,92483.000,23194,192000,3999.792,120.0,8,24,2,0.01854
92.496,2,92483.000,23194,192000,3999.792,120.0,8,24,2,0.01855
92.597,0,92585.000,28081,192000,3999.979,120.0,8,24,2,0.01215
92.597,1,92585.000,28081,192000,3999.979,120.0,8,24,2,0.01214
92.597,2,92585.000,28081,192000,3999.979,120.0,8,24,2,0.01215
92.699,0,92686.000,32939,192000,3999.771,120.0,8,24,2,0.00797
92.699,1,92686.000,32939,192000,3999.771,120.0,8,24,2,0.00797
92.699,2,92686.000,32939,192000,3999.771,120.0,8,24,2,0.00797
92.801,0,92788.000,37871,192000,3999.021,120.0,8,24,2,0.00520
92.801,1,92788.000,37871,192000,3999.021,120.0,8,24,2,0.00520
92.801,2,92788.000,37871,192000,3999.021,120.0,8,24,2,0.00520
92.902,0,92889.000,42714,192000,3999.125,120.0,8,24,2,0.00342
92.902,1,92889.000,42714,192000,3999.125,120.0,8,24,2,0.00342
92.902,2,92889.000,42714,192000,3999.125,120.0,8,24,2,0.00342
93.003,0,92990.000,47563,192000,3999.104,120.0,8,24,2,0.00225
93.003,1,92990.000,47563,192000,3999.104,120.0,8,24,2,0.00224
93.003,2,92990.000,47563,192000,3999.104,120.0,8,24,2,0.00225
93.105,0,93092.000,52439,192000,3999.521,120.0,8,24,2,0.00147
93.105,1,93092.000,52439,192000,3999.521,120.0,8,24,2,0.00147
93.105,2,93092.000,52439,192000,3999.521,120.0,8,24,2,0.00147
93.208,0,93195.000,57397,192000,3999.229,120.0,8,24,2,0.00096
93.208,1,93195.000,57397,192000,3999.229,120.0,8,24,2,0.00096
93.208,2,93195.000,57397,192000,3999.229,120.0,8,24,2,0.00096
93.308,0,93296.000,62212,192000,3999.917,120.0,8,24,2,0.00063
93.308,1,93296.000,62212,192000,3999.917,120.0,8,24,2,0.00063
93.308,2,93296.000,62212,192000,3999.917,120.0,8,24,2,0.00063
93.410,0,93397.000,67102,192000,3999.042,120.0,8,24,2,0.00041
93.410,1,93397.000,67102,192000,3999.042,120.0,8,24,2,0.00041
93.410,2,93397.000,67102,192000,3999.042,120.0,8,24,2,0.00041
93.513,0,93500.000,72016,192000,3999.667,120.0,8,24,2,0.00027
93.513,1,93500.000,72016,192000,3999.667,120.0,8,24,2,0.00027
93.513,2,93500.000,72016,192000,3999.667,120.0,8,24,2,0.00027
93.613,0,93601.000,76851,192000,3999.938,120.0,8,24,2,0.00018
93.613,1,93601.000,76851,192000,3999.938,120.0,8,24,2,0.00018
93.613,2,93601.000,76851,192000,3999.938,120.0,8,24,2,0.00018
93.715,0,93702.000,81737,192000,3999.146,120.0,8,24,2,0.00012
93.715,1,93702.000,81737,192000,3999.146,120.0,8,24,2,0.00012
93.715,2,93702.000,81737,192000,3999.146,120.0,8,24,2,0.00012
93.817,0,93804.000,86603,192000,3999.771,120.0,8,24,2,0.00008
93.817,1,93804.000,86603,192000,3999.771,120.0,8,24,2,0.00008
93.817,2,93804.000,86603,192000,3999.771,120.0,8,24,2,0.00008
93.918,0,93905.000,91454,192000,3999.708,120.0,8,24,2,0.00005
93.918,1,93905.000,91454,192000,3999.708,120.0,8,24,2,0.00005
93.918,2,93905.000,91454,192000,3999.708,120.0,8,24,2,0.00005
94.020,0,94007.000,96346,192000,3999.792,120.0,8,24,2,0.00003
94.020,1,94007.000,96346,192000,3999.792,120.0,8,24,2,0.00003
94.020,2,94007.000,96346,192000,3999.792,120.0,8,24,2,0.00003
94.120,0,94107.000,101148,192000,3999.750,120.0,8,24,2,0.00002
94.120,1,94107.000,101148,192000,3999.750,120.0,8,24,2,0.00002
94.120,2,94107.000,101148,192000,3999.750,120.0,8,24,2,0.00002
94.221,0,94208.000,106014,192000,3999.375,120.0,8,24,2,0.00001
94.221,1,94208.000,106014,192000,3999.375,120.0,8,24,2,0.00001
94.221,2,94208.000,106014,192000,3999.375,120.0,8,24,2,0.00001
94.322,0,94309.000,110877,192000,3999.062,120.0,8,24,2,0.00001
94.322,1,94309.000,110877,192000,3999.062,120.0,8,24,2,0.00001
94.322,2,94309.000,110877,192000,3999.062,120.0,8,24,2,0.00001
94.424,0,94411.000,115747,192000,3999.604,120.0,8,24,2,0.00001
94.424,1,94411.000,115747,192000,3999.604,120.0,8,24,2,0.00001
94.424,2,94411.000,115747,192000,3999.604,120.0,8,24,2,0.00001
94.524,0,94511.000,120548,192000,3999.583,120.0,8,24,2,0.00000
94.524,1,94511.000,120548,192000,3999.583,120.0,8,24,2,0.00000
94.524,2,94511.000,120548,192000,3999.583,120.0,8,24,2,0.00000
94.624,0,94611.000,125355,192000,3999.438,120.0,8,24,2,0.00000
94.624,1,94611.000,125355,192000,3999.438,120.0,8,24,2,0.00000
94.624,2,94611.000,125355,192000,3999.438,120.0,8,24,2,0.00000
94.725,0,94712.000,130210,192000,3999.292,120.0,8,24,2,0.00000
94.725,1,94712.000,130210,192000,3999.292,120.0,8,24,2,0.00000
94.725,2,94712.000,130210,192000,3999.292,120.0,8,24,2,0.00000
94.826,0,94813.000,135069,192000,3999.062,120.0,8,24,2,0.00000
94.826,1,94813.000,135069,192000,3999.062,120.0,8,24,2,0.00000
94.826,2,94813.000,135069,192000,3999.062,120.0,8,24,2,0.00000
94.927,0,94914.000,139912,192000,3999.167,120.0,8,24,2,0.00000
94.927,1,94914.000,139912,192000,3999.167,120.0,8,24,2,0.00000
94.927,2,94914.000,139912,192000,3999.167,120.0,8,24,2,0.00000
95.029,0,95016.000,144801,192000,3999.312,120.0,8,24,2,0.00000
95.029,1,95016.000,144801,192000,3999.312,120.0,8,24,2,0.00000
95.029,2,95016.000,144801,192000,3999.312,120.0,8,24,2,0.00000
95.130,0,95117.000,149642,192000,3999.458,120.0,8,24,2,0.00000
95.130,1,95117.000,149642,192000,3999.458,120.0,8,24,2,0.00000
95.130,2,95117.000,149642,192000,3999.458,120.0,8,24,2,0.00000
95.232,0,95219.000,154550,192000,3999.208,120.0,8,24,2,0.00000
95.232,1,95219.000,154550,192000,3999.208,120.0,8,24,2,0.00000
95.232,2,95219.000,154550,192000,3999.208,120.0,8,24,2,0.00000
95.334,0,95321.000,159453,192000,3999.062,120.0,8,24,2,0.00000
95.334,1,95321.000,159453,192000,3999.062,120.0,8,24,2,0.00000
95.334,2,95321.000,159453,192000,3999.062,120.0,8,24,2,0.00000
95.435,0,95422.000,164288,192000,3999.333,120.0,8,24,2,0.00000
95.435,1,95422.000,164288,192000,3999.333,120.0,8,24,2,0.00000
95.435,2,95422.000,164288,192000,3999.333,120.0,8,24,2,0.00000
95.537,0,95524.000,169185,192000,3999.312,120.0,8,24,2,0.00000
95.537,1,95524.000,169185,192000,3999.312,120.0,8,24,2,0.00000
95.537,2,95524.000,169185,192000,3999.312,120.0,8,24,2,0.00000
95.638,0,95626.000,174050,192000,3999.958,120.0,8,24,2,0.00000
95.638,1,95626.000,174050,192000,3999.958,120.0,8,24,2,0.00000
95.638,2,95626.000,174050,192000,3999.958,120.0,8,24,2,0.00000
95.740,0,95727.000,178917,192000,3999.562,120.0,8,24,2,0.00000
95.740,1,95727.000,178917,192000,3999.562,120.0,8,24,2,0.00000
95.740,2,95727.000,178917,192000,3999.562,120.0,8,24,2,0.00000
95.842,0,95829.000,183803,192000,3999.771,120.0,8,24,2,0.00000
95.842,1,95829.000,183803,192000,3999.771,120.0,8,24,2,0.00000
95.842,2,95829.000,183803,192000,3999.771,120.0,8,24,2,0.00000
95.944,0,95931.000,188706,192000,3999.625,120.0,8,24,2,0.00000
95.944,1,95931.000,188706,192000,3999.625,120.0,8,24,2,0.00000
95.944,2,95931.000,188706,192000,3999.625,120.0,8,24,2,0.00000
96.047,0,96034.000,1644,192000,3999.750,120.0,8,25,2,0.00000
96.047,1,96034.000,1644,192000,3999.750,120.0,8,25,2,0.00000
96.047,2,96034.000,1644,192000,3999.750,120.0,8,25,2,0.00000
96.147,0,96134.000,6471,192000,3999.188,120.0,8,25,2,0.00000
96.147,1,96134.000,6471,192000,3999.188,120.0,8,25,2,0.00000
96.147,2,96134.000,6471,192000,3999.188,120.0,8,25,2,0.00000
96.247,0,96235.000,11285,192000,3999.896,120.0,8,25,2,0.00000
96.247,1,96235.000,11285,192000,3999.896,120.0,8,25,2,0.00000
96.247,2,96235.000,11285,192000,3999.896,120.0,8,25,2,0.00000
96.351,0,96338.000,16234,192000,3999.792,120.0,8,25,2,0.00000
96.351,1,96338.000,16234,192000,3999.792,120.0,8,25,2,0.00000
96.351,2,96338.000,16234,192000,3999.792,120.0,8,25,2,0.00000
96.454,0,96441.000,21198,192000,3999.375,120.0,8,25,2,0.00000
96.454,1,96441.000,21198,192000,3999.375,120.0,8,25,2,0.00000
96.454,2,96441.000,21198,192000,3999.375,120.0,8,25,2,0.00000
96.554,0,96541.000,26009,192000,3999.146,120.0,8,25,2,0.00000
96.554,1,96541.000,26009,192000,3999.146,120.0,8,25,2,0.00000
96.554,2,96541.000,26009,192000,3999.146,120.0,8,25,2,0.00000
96.656,0,96643.000,30909,192000,3999.062,120.0,8,25,2,0.00000
96.656,1,96643.000,30909,192000,3999.062,120.0,8,25,2,0.00000
96.656,2,96643.000,30909,192000,3999.062,120.0,8,25,2,0.00000
96.758,0,96746.000,35811,192000,3999.938,120.0,8,25,2,0.00000
96.758,1,96746.000,35811,192000,3999.938,120.0,8,25,2,0.00000
96.758,2,96746.000,35811,192000,3999.938,120.0,8,25,2,0.00000
96.859,0,96846.000,40636,192000,3999.417,120.0,8,25,2,0.00000
96.859,1,96846.000,40636,192000,3999.417,120.0,8,25,2,0.00000
96.859,2,96846.000,40636,192000,3999.417,120.0,8,25,2,0.00000
96.961,0,96948.000,45548,192000,3999.083,120.0,8,25,2,0.00000
96.961,1,96948.000,45548,192000,3999.083,120.0,8,25,2,0.00000
96.961,2,96948.000,45548,192000,3999.083,120.0,8,25,2,0.00000
97.063,0,97050.000,50438,192000,3999.208,120.0,8,25,2,0.00000
97.063,1,97050.000,50438,192000,3999.208,120.0,8,25,2,0.00000
97.063,2,97050.000,50438,192000,3999.208,120.0,8,25,2,0.00000
97.166,0,97153.000,55357,192000,3999.729,120.0,8,25,2,0.00000
97.166,1,97153.000,55357,192000,3999.729,120.0,8,25,2,0.00000
97.166,2,97153.000,55357,192000,3999.729,120.0,8,25,2,0.00000
97.267,0,97254.000,60230,192000,3999.208,120.0,8,25,2,0.00000
97.267,1,97254.000,60230,192000,3999.208,120.0,8,25,2,0.00000
97.267,2,97254.000,60230,192000,3999.208,120.0,8,25,2,0.00000
97.367,0,97354.000,65039,192000,3999.021,120.0,8,25,2,0.00000
97.367,1,97354.000,65039,192000,3999.021,120.0,8,25,2,0.00000
97.367,2,97354.000,65039,192000,3999.021,120.0,8,25,2,0.00000
97.468,0,97455.000,69857,192000,3999.646,120.0,8,25,2,0.00000
97.468,1,97455.000,69857,192000,3999.646,120.0,8,25,2,0.00000
97.468,2,97455.000,69857,192000,3999.646,120.0,8,25,2,0.00000
97.570,0,97557.000,74775,192000,3999.188,120.0,8,25,2,0.00000
97.570,1,97557.000,74775,192000,3999.188,120.0,8,25,2,0.00000
97.570,2,97557.000,74775,192000,3999.188,120.0,8,25,2,0.00000
97.673,0,97660.000,79692,192000,3999.750,120.0,8,25,2,0.00000
97.673,1,97660.000,79692,192000,3999.750,120.0,8,25,2,0.00000
97.673,2,97660.000,79692,192000,3999.750,120.0,8,25,2,0.00000
97.774,0,97761.000,84549,192000,3999.562,120.0,8,25,2,0.00000
97.774,1,97761.000,84549,192000,3999.562,120.0,8,25,2,0.00000
97.774,2,97761.000,84549,192000,3999.562,120.0,8,25,2,0.00000
97.876,0,97863.000,89465,192000,3999.146,120.0,8,25,2,0.00000
97.876,1,97863.000,89465,192000,3999.146,120.0,8,25,2,0.00000
97.876,2,97863.000,89465,192000,3999.146,120.0,8,25,2,0.00000
97.979,0,97966.000,94400,192000,3999.333,120.0,8,25,2,0.00000
97.979,1,97966.000,94400,192000,3999.333,120.0,8,25,2,0.00000
97.979,2,97966.000,94400,192000,3999.333,120.0,8,25,2,0.00000
98.080,0,98067.000,99226,192000,3999.792,120.0,8,25,2,0.00000
98.080,1,98067.000,99226,192000,3999.792,120.0,8,25,2,0.00000
98.080,2,98067.000,99226,192000,3999.792,120.0,8,25,2,0.00000
98.182,0,98169.000,104158,192000,3999.042,120.0,8,25,2,0.00000
98.182,1,98169.000,104158,192000,3999.042,120.0,8,25,2,0.00000
98.182,2,98169.000,104158,192000,3999.042,120.0,8,25,2,0.00000
98.284,0,98271.000,109031,192000,3999.521,120.0,8,25,2,0.00000
98.284,1,98271.000,109031,192000,3999.521,120.0,8,25,2,0.00000
98.284,2,98271.000,109031,192000,3999.521,120.0,8,25,2,0.00000
98.387,0,98374.000,113990,192000,3999.208,120.0,8,25,2,0.00000
98.387,1,98374.000,113990,192000,3999.208,120.0,8,25,2,0.00000
98.387,2,98374.000,113990,192000,3999.208,120.0,8,25,2,0.00000
98.488,0,98475.000,118831,192000,3999.354,120.0,8,25,2,0.00000
98.488,1,98475.000,118831,192000,3999.354,120.0,8,25,2,0.00000
98.488,2,98475.000,118831,192000,3999.354,120.0,8,25,2,0.00000
98.589,0,98576.000,123655,192000,3999.854,120.0,8,25,2,0.00000
98.589,1,98576.000,123655,192000,3999.854,120.0,8,25,2,0.00000
98.589,2,98576.000,123655,192000,3999.854,120.0,8,25,2,0.00000
98.690,0,98677.000,128520,192000,3999.500,120.0,8,25,2,0.00000
98.690,1,98677.000,128520,192000,3999.500,120.0,8,25,2,0.00000
98.690,2,98677.000,128520,192000,3999.500,120.0,8,25,2,0.00000
98.790,0,98777.000,133339,192000,3999.104,120.0,8,25,2,0.00000
98.790,1,98777.000,133339,192000,3999.104,120.0,8,25,2,0.00000
98.790,2,98777.000,133339,192000,3999.104,120.0,8,25,2,0.00000
98.892,0,98880.000,138244,192000,3999.917,120.0,8,25,2,0.00000
98.892,1,98880.000,138244,192000,3999.917,120.0,8,25,2,0.00000
98.892,2,98880.000,138244,192000,3999.917,120.0,8,25,2,0.00000
98.993,0,98980.000,143049,192000,3999.812,120.0,8,25,2,0.00000
98.993,1,98980.000,143049,192000,3999.812,120.0,8,25,2,0.00000
98.993,2,98980.000,143049,192000,3999.812,120.0,8,25,2,0.00000
99.094,0,99081.000,147897,192000,3999.812,120.0,8,25,2,0.00000
99.094,1,99081.000,147897,192000,3999.812,120.0,8,25,2,0.00000
99.094,2,99081.000,147897,192000,3999.812,120.0,8,25,2,0.00000
99.194,0,99181.000,152722,192000,3999.292,120.0,8,25,2,0.00000
99.194,1,99181.000,152722,192000,3999.292,120.0,8,25,2,0.00000
99.194,2,99181.000,152722,192000,3999.292,120.0,8,25,2,0.00000
99.294,0,99281.000,157531,192000,3999.104,120.0,8,25,2,0.00000
99.294,1,99281.000,157531,192000,3999.104,120.0,8,25,2,0.00000
99.294,2,99281.000,157531,192000,3999.104,120.0,8,25,2,0.00000
99.395,0,99382.000,162359,192000,3999.521,120.0,8,25,2,0.00000
99.395,1,99382.000,162359,192000,3999.521,120.0,8,25,2,0.00000
99.395,2,99382.000,162359,192000,3999.521,120.0,8,25,2,0.00000
99.496,0,99483.000,167215,192000,3999.354,120.0,8,25,2,0.00000
99.496,1,99483.000,167215,192000,3999.354,120.0,8,25,2,0.00000
99.496,2,99483.000,167215,192000,3999.354,120.0,8,25,2,0.00000
99.597,0,99584.000,172044,192000,3999.750,120.0,8,25,2,0.00000
99.597,1,99584.000,172044,192000,3999.750,120.0,8,25,2,0.00000
99.597,2,99584.000,172044,192000,3999.750,120.0,8,25,2,0.00000
99.697,0,99684.000,176855,192000,3999.521,120.0,8,25,2,0.00000
99.697,1,99684.000,176855,192000,3999.521,120.0,8,25,2,0.00000
99.697,2,99684.000,176855,192000,3999.521,120.0,8,25,2,0.00000
99.797,0,99785.000,181685,192000,3999.896,120.0,8,25,2,0.00000
99.797,1,99785.000,181685,192000,3999.896,120.0,8,25,2,0.00000
99.797,2,99785.000,181685,192000,3999.896,120.0,8,25,2,0.00000
99.898,0,99885.000,186516,192000,3999.250,120.0,8,25,2,0.00000
99.898,1,99885.000,186516,192000,3999.250,120.0,8,25,2,0.00000
99.898,2,99885.000,186516,192000,3999.250,120.0,8,25,2,0.00000
100.000,0,99988.000,191425,192000,3999.979,120.0,8,25,2,0.00000
100.000,1,99988.000,191425,192000,3999.979,120.0,8,25,2,0.00000
100.000,2,99988.000,191425,192000,3999.979,120.0,8,25,2,0.00000
100.102,0,100089.000,4279,192000,3999.854,120.0,8,26,2,0.00000
100.102,1,100089.000,4279,192000,3999.854,120.0,8,26,2,0.00000
100.102,2,100089.000,4279,192000,3999.854,120.0,8,26,2,0.00000
100.204,0,100191.000,9195,192000,3999.438,120.0,8,26,2,0.00000
100.204,1,100191.000,9195,192000,3999.438,120.0,8,26,2,0.00000
100.204,2,100191.000,9195,192000,3999.438,120.0,8,26,2,0.00000
100.305,0,100292.000,14047,192000,3999.354,120.0,8,26,2,0.00000
100.305,1,100292.000,14047,192000,3999.354,120.0,8,26,2,0.00000
100.305,2,100292.000,14047,192000,3999.354,120.0,8,26,2,0.00000
100.405,0,100392.000,18849,192000,3999.312,120.0,8,26,2,0.00000
100.405,1,100392.000,18849,192000,3999.312,120.0,8,26,2,0.00000
100.405,2,100392.000,18849,192000,3999.312,120.0,8,26,2,0.00000
100.506,0,100493.000,23705,192000,3999.146,120.0,8,26,2,0.00000
100.506,1,100493.000,23705,192000,3999.146,120.0,8,26,2,0.00000
100.506,2,100493.000,23705,192000,3999.146,120.0,8,26,2,0.00000
100.608,0,100595.000,28597,192000,3999.229,120.0,8,26,2,0.00000
100.608,1,100595.000,28597,192000,3999.229,120.0,8,26,2,0.00000
100.608,2,100595.000,28597,192000,3999.229,120.0,8,26,2,0.00000
100.708,0,100695.000,33401,192000,3999.146,120.0,8,26,2,0.00000
100.708,1,100695.000,33401,192000,3999.146,120.0,8,26,2,0.00000
100.708,2,100695.000,33401,192000,3999.146,120.0,8,26,2,0.00000
100.811,0,100798.000,38314,192000,3999.792,120.0,8,26,2,0.00000
100.811,1,100798.000,38314,192000,3999.792,120.0,8,26,2,0.00000
100.811,2,100798.000,38314,192000,3999.792,120.0,8,26,2,0.00000
100.913,0,100900.000,43219,192000,3999.604,120.0,8,26,2,0.00000
100.913,1,100900.000,43219,192000,3999.604,120.0,8,26,2,0.00000
100.913,2,100900.000,43219,192000,3999.604,120.0,8,26,2,0.00000
101.013,0,101000.000,48041,192000,3999.146,120.0,8,26,2,0.00000
101.013,1,101000.000,48041,192000,3999.146,120.0,8,26,2,0.00000
101.013,2,101000.000,48041,192000,3999.146,120.0,8,26,2,0.00000
101.114,0,101102.000,52898,192000,3999.958,120.0,8,26,2,0.00000
101.114,1,101102.000,52898,192000,3999.958,120.0,8,26,2,0.00000
101.114,2,101102.000,52898,192000,3999.958,120.0,8,26,2,0.00000
101.215,0,101202.000,57733,192000,3999.229,120.0,8,26,2,0.00000
101.215,1,101202.000,57733,192000,3999.229,120.0,8,26,2,0.00000
101.215,2,101202.000,57733,192000,3999.229,120.0,8,26,2,0.00000
101.318,0,101305.000,62673,192000,3999.312,120.0,8,26,2,0.00000
101.318,1,101305.000,62673,192000,3999.312,120.0,8,26,2,0.00000
101.318,2,101305.000,62673,192000,3999.312,120.0,8,26,2,0.00000
101.421,0,101408.000,67611,192000,3999.438,120.0,8,26,2,0.00000
101.421,1,101408.000,67611,192000,3999.438,120.0,8,26,2,0.00000
101.421,2,101408.000,67611,192000,3999.438,120.0,8,26,2,0.00000
101.523,0,101511.000,72532,192000,3999.917,120.0,8,26,2,0.00000
101.523,1,101511.000,72532,192000,3999.917,120.0,8,26,2,0.00000
101.523,2,101511.000,72532,192000,3999.917,120.0,8,26,2,0.00000
101.626,0,101613.000,77468,192000,3999.083,120.0,8,26,2,0.00000
101.626,1,101613.000,77468,192000,3999.083,120.0,8,26,2,0.00000
101.626,2,101613.000,77468,192000,3999.083,120.0,8,26,2,0.00000
101.726,0,101714.000,82277,192000,3999.896,120.0,8,26,2,0.00000
101.726,1,101714.000,82277,192000,3999.896,120.0,8,26,2,0.00000
101.726,2,101714.000,82277,192000,3999.896,120.0,8,26,2,0.00000
101.828,0,101815.000,87149,192000,3999.396,120.0,8,26,2,0.00000
101.828,1,101815.000,87149,192000,3999.396,120.0,8,26,2,0.00000
101.828,2,101815.000,87149,192000,3999.396,120.0,8,26,2,0.00000
101.929,0,101916.000,91982,192000,3999.708,120.0,8,26,2,0.00000
101.929,1,101916.000,91982,192000,3999.708,120.0,8,26,2,0.00000
101.929,2,101916.000,91982,192000,3999.708,120.0,8,26,2,0.00000
102.030,0,102017.000,96853,192000,3999.229,120.0,8,26,2,0.00000
102.030,1,102017.000,96853,192000,3999.229,120.0,8,26,2,0.00000
102.030,2,102017.000,96853,192000,3999.229,120.0,8,26,2,0.00000
102.132,0,102120.000,101761,192000,3999.979,120.0,8,26,2,0.00000
102.132,1,102120.000,101761,192000,3999.979,120.0,8,26,2,0.00000
102.132,2,102120.000,101761,192000,3999.979,120.0,8,26,2,0.00000
102.234,0,102221.000,106636,192000,3999.417,120.0,8,26,2,0.00000
102.234,1,102221.000,106636,192000,3999.417,120.0,8,26,2,0.00000
102.234,2,102221.000,106636,192000,3999.417,120.0,8,26,2,0.00000
102.335,0,102323.000,111504,192000,0.000,120.0,8,26,2,0.00000
102.335,1,102323.000,111504,192000,0.000,120.0,8,26,2,0.00000
102.335,2,102323.000,111504,192000,0.000,120.0,8,26,2,0.00000
102.438,0,102425.000,116436,192000,3999.250,120.0,8,26,2,0.00000
102.438,1,102425.000,116436,192000,3999.250,120.0,8,26,2,0.00000
102.438,2,102425.000,116436,192000,3999.250,120.0,8,26,2,0.00000
102.538,0,102526.000,121252,192000,3999.917,120.0,8,26,2,0.00000
102.538,1,102526.000,121252,192000,3999.917,120.0,8,26,2,0.00000
102.538,2,102526.000,121252,192000,3999.917,120.0,8,26,2,0.00000
102.640,0,102627.000,126115,192000,3999.604,120.0,8,26,2,0.00000
102.640,1,102627.000,126115,192000,3999.604,120.0,8,26,2,0.00000
102.640,2,102627.000,126115,192000,3999.604,120.0,8,26,2,0.00000
102.742,0,102729.000,131011,192000,3999.604,120.0,8,26,2,0.00000
102.742,1,102729.000,131011,192000,3999.604,120.0,8,26,2,0.00000
102.742,2,102729.000,131011,192000,3999.604,120.0,8,26,2,0.00000
102.844,0,102831.000,135913,192000,3999.479,120.0,8,26,2,0.00000
102.844,1,102831.000,135913,192000,3999.479,120.0,8,26,2,0.00000
102.844,2,102831.000,135913,192000,3999.479,120.0,8,26,2,0.00000
102.944,0,102932.000,140741,192000,3999.896,120.0,8,26,2,0.00000
102.944,1,102932.000,140741,192000,3999.896,120.0,8,26,2,0.00000
102.944,2,102932.000,140741,192000,3999.896,120.0,8,26,2,0.00000
103.047,0,103034.000,145656,192000,3999.500,120.0,8,26,2,0.00000
103.047,1,103034.000,145656,192000,3999.500,120.0,8,26,2,0.00000
103.047,2,103034.000,145656,192000,3999.500,120.0,8,26,2,0.00000
103.149,0,103136.000,150535,192000,3999.854,120.0,8,26,2,0.00000
103.149,1,103136.000,150535,192000,3999.854,120.0,8,26,2,0.00000
103.149,2,103136.000,150535,192000,3999.854,120.0,8,26,2,0.00000
103.249,0,103236.000,155364,192000,3999.250,120.0,8,26,2,0.00000
103.249,1,103236.000,155364,192000,3999.250,120.0,8,26,2,0.00000
103.249,2,103236.000,155364,192000,3999.250,120.0,8,26,2,0.00000
103.352,0,103339.000,160304,192000,3999.333,120.0,8,26,2,0.00000
103.352,1,103339.000,160304,192000,3999.333,120.0,8,26,2,0.00000
103.352,2,103339.000,160304,192000,3999.333,120.0,8,26,2,0.00000
103.454,0,103441.000,165200,192000,3999.333,120.0,8,26,2,0.00000
103.454,1,103441.000,165200,192000,3999.333,120.0,8,26,2,0.00000
103.454,2,103441.000,165200,192000,3999.333,120.0,8,26,2,0.00000
103.556,0,103543.000,170096,192000,3999.333,120.0,8,26,2,0.00000
103.556,1,103543.000,170096,192000,3999.333,120.0,8,26,2,0.00000
103.556,2,103543.000,170096,192000,3999.333,120.0,8,26,2,0.00000
103.660,0,103647.000,175062,192000,3999.875,120.0,8,26,2,0.00000
103.660,1,103647.000,175062,192000,3999.875,120.0,8,26,2,0.00000
103.660,2,103647.000,175062,192000,3999.875,120.0,8,26,2,0.00000
103.761,0,103748.000,179936,192000,3999.333,120.0,8,26,2,0.00000
103.761,1,103748.000,179936,192000,3999.333,120.0,8,26,2,0.00000
103.761,2,103748.000,179936,192000,3999.333,120.0,8,26,2,0.00000
103.862,0,103850.000,184804,192000,3999.917,120.0,8,26,2,0.00000
103.862,1,103850.000,184804,192000,3999.917,120.0,8,26,2,0.00000
103.862,2,103850.000,184804,192000,3999.917,120.0,8,26,2,0.00000
103.963,0,103950.000,189619,192000,3999.604,120.0,8,26,2,0.00000
103.963,1,103950.000,189619,192000,3999.604,120.0,8,26,2,0.00000
103.963,2,103950.000,189619,192000,3999.604,120.0,8,26,2,0.00000
104.063,0,104050.000,2420,192000,3999.583,120.0,8,27,2,0.11170
104.063,1,104050.000,2420,192000,3999.583,120.0,8,27,2,0.11159
104.063,2,104050.000,2420,192000,3999.583,120.0,8,27,2,0.11170
104.165,0,104152.000,7334,192000,3999.208,120.0,8,27,2,0.07297
104.165,1,104152.000,7334,192000,3999.208,120.0,8,27,2,0.07290
104.165,2,104152.000,7334,192000,3999.208,120.0,8,27,2,0.07297
104.267,0,104254.000,12209,192000,3999.646,120.0,8,27,2,0.04783
104.267,1,104254.000,12209,192000,3999.646,120.0,8,27,2,0.04778
104.267,2,104254.000,12209,192000,3999.646,120.0,8,27,2,0.04783
104.368,0,104355.000,17070,192000,3999.375,120.0,8,27,2,0.03139
104.368,1,104355.000,17070,192000,3999.375,120.0,8,27,2,0.03136
104.368,2,104355.000,17070,192000,3999.375,120.0,8,27,2,0.03139
104.469,0,104456.000,21911,192000,3999.521,120.0,8,27,2,0.02064
104.469,1,104456.000,21911,192000,3999.521,120.0,8,27,2,0.02062
104.469,2,104456.000,21911,192000,3999.521,120.0,8,27,2,0.02064
104.570,0,104557.000,26743,192000,3999.854,120.0,8,27,2,0.01358
104.570,1,104557.000,26743,192000,3999.854,120.0,8,27,2,0.01356
104.570,2,104557.000,26743,192000,3999.854,120.0,8,27,2,0.01358
104.671,0,104658.000,31593,192000,3999.812,120.0,8,27,2,0.00892
104.671,1,104658.000,31593,192000,3999.812,120.0,8,27,2,0.00891
104.671,2,104658.000,31593,192000,3999.812,120.0,8,27,2,0.00892
104.773,0,104760.000,36500,192000,3999.583,120.0,8,27,2,0.00583
104.773,1,104760.000,36500,192000,3999.583,120.0,8,27,2,0.00582
104.773,2,104760.000,36500,192000,3999.583,120.0,8,27,2,0.00583
104.874,0,104862.000,41381,192000,3999.896,120.0,8,27,2,0.00382
104.874,1,104862.000,41381,192000,3999.896,120.0,8,27,2,0.00382
104.874,2,104862.000,41381,192000,3999.896,120.0,8,27,2,0.00382
104.976,0,104964.000,46276,192000,3999.917,120.0,8,27,2,0.00250
104.976,1,104964.000,46276,192000,3999.917,120.0,8,27,2,0.00250
104.976,2,104964.000,46276,192000,3999.917,120.0,8,27,2,0.00250
105.077,0,105064.000,51112,192000,3999.167,120.0,8,27,2,0.00164
105.077,1,105064.000,51112,192000,3999.167,120.0,8,27,2,0.00164
105.077,2,105064.000,51112,192000,3999.167,120.0,8,27,2,0.00164
105.179,0,105166.000,56012,192000,3999.083,120.0,8,27,2,0.00108
105.179,1,105166.000,56012,192000,3999.083,120.0,8,27,2,0.00107
105.179,2,105166.000,56012,192000,3999.083,120.0,8,27,2,0.00108
105.281,0,105268.000,60911,192000,3999.021,120.0,8,27,2,0.00070
105.281,1,105268.000,60911,192000,3999.021,120.0,8,27,2,0.00070
105.281,2,105268.000,60911,192000,3999.021,120.0,8,27,2,0.00070
105.384,0,105371.000,65848,192000,3999.167,120.0,8,27,2,0.00046
105.384,1,105371.000,65848,192000,3999.167,120.0,8,27,2,0.00046
105.384,2,105371.000,65848,192000,3999.167,120.0,8,27,2,0.00046
105.485,0,105472.000,70685,192000,3999.396,120.0,8,27,2,0.00030
105.485,1,105472.000,70685,192000,3999.396,120.0,8,27,2,0.00030
105.485,2,105472.000,70685,192000,3999.396,120.0,8,27,2,0.00030
105.585,0,105572.000,75500,192000,3999.083,120.0,8,27,2,0.00020
105.585,1,105572.000,75500,192000,3999.083,120.0,8,27,2,0.00020
105.585,2,105572.000,75500,192000,3999.083,120.0,8,27,2,0.00020
105.686,0,105673.000,80325,192000,3999.562,120.0,8,27,2,0.00013
105.686,1,105673.000,80325,192000,3999.562,120.0,8,27,2,0.00013
105.686,2,105673.000,80325,192000,3999.562,120.0,8,27,2,0.00013
105.788,0,105775.000,85217,192000,3999.646,120.0,8,27,2,0.00009
105.788,1,105775.000,85217,192000,3999.646,120.0,8,27,2,0.00009
105.788,2,105775.000,85217,192000,3999.646,120.0,8,27,2,0.00009
105.889,0,105876.000,90091,192000,3999.104,120.0,8,27,2,0.00006
105.889,1,105876.000,90091,192000,3999.104,120.0,8,27,2,0.00006
105.889,2,105876.000,90091,192000,3999.104,120.0,8,27,2,0.00006
105.991,0,105978.000,94969,192000,3999.479,120.0,8,27,2,0.00004
105.991,1,105978.000,94969,192000,3999.479,120.0,8,27,2,0.00004
105.991,2,105978.000,94969,192000,3999.479,120.0,8,27,2,0.00004
106.093,0,106080.000,99875,192000,3999.271,120.0,8,27,2,0.00002
106.093,1,106080.000,99875,192000,3999.271,120.0,8,27,2,0.00002
106.093,2,106080.000,99875,192000,3999.271,120.0,8,27,2,0.00002
106.194,0,106181.000,104718,192000,3999.375,120.0,8,27,2,0.00002
106.194,1,106181.000,104718,192000,3999.375,120.0,8,27,2,0.00002
106.194,2,106181.000,104718,192000,3999.375,120.0,8,27,2,0.00002
106.294,0,106281.000,109527,192000,3999.188,120.0,8,27,2,0.00001
106.294,1,106281.000,109527,192000,3999.188,120.0,8,27,2,0.00001
106.294,2,106281.000,109527,192000,3999.188,120.0,8,27,2,0.00001
106.397,0,106384.000,114441,192000,3999.812,120.0,8,27,2,0.00001
106.397,1,106384.000,114441,192000,3999.812,120.0,8,27,2,0.00001
106.397,2,106384.000,114441,192000,3999.812,120.0,8,27,2,0.00001
106.497,0,106484.000,119263,192000,3999.354,120.0,8,27,2,0.00000
106.497,1,106484.000,119263,192000,3999.354,120.0,8,27,2,0.00000
106.497,2,106484.000,119263,192000,3999.354,120.0,8,27,2,0.00000
106.598,0,106585.000,124114,192000,3999.292,120.0,8,27,2,0.00000
106.598,1,106585.000,124114,192000,3999.292,120.0,8,27,2,0.00000
106.598,2,106585.000,124114,192000,3999.292,120.0,8,27,2,0.00000
106.701,0,106688.000,129034,192000,3999.792,120.0,8,27,2,0.00000
106.701,1,106688.000,129034,192000,3999.792,120.0,8,27,2,0.00000
106.701,2,106688.000,129034,192000,3999.792,120.0,8,27,2,0.00000
106.802,0,106789.000,133917,192000,3999.062,120.0,8,27,2,0.00000
106.802,1,106789.000,133917,192000,3999.062,120.0,8,27,2,0.00000
106.802,2,106789.000,133917,192000,3999.062,120.0,8,27,2,0.00000
106.903,0,106890.000,138752,192000,3999.333,120.0,8,27,2,0.00000
106.903,1,106890.000,138752,192000,3999.333,120.0,8,27,2,0.00000
106.903,2,106890.000,138752,192000,3999.333,120.0,8,27,2,0.00000
107.003,0,106990.000,143564,192000,3999.083,120.0,8,27,2,0.00000
107.003,1,106990.000,143564,192000,3999.083,120.0,8,27,2,0.00000
107.003,2,106990.000,143564,192000,3999.083,120.0,8,27,2,0.00000
107.105,0,107092.000,148458,192000,3999.125,120.0,8,27,2,0.00000
107.105,1,107092.000,148458,192000,3999.125,120.0,8,27,2,0.00000
107.105,2,107092.000,148458,192000,3999.125,120.0,8,27,2,0.00000
107.207,0,107194.000,153347,192000,3999.271,120.0,8,27,2,0.00000
107.207,1,107194.000,153347,192000,3999.271,120.0,8,27,2,0.00000
107.207,2,107194.000,153347,192000,3999.271,120.0,8,27,2,0.00000
107.310,0,107297.000,158269,192000,3999.729,120.0,8,27,2,0.00000
107.310,1,107297.000,158269,192000,3999.729,120.0,8,27,2,0.00000
107.310,2,107297.000,158269,192000,3999.729,120.0,8,27,2,0.00000
107.412,0,107400.000,163201,192000,3999.979,120.0,8,27,2,0.00000
107.412,1,107400.000,163201,192000,3999.979,120.0,8,27,2,0.00000
107.412,2,107400.000,163201,192000,3999.979,120.0,8,27,2,0.00000
107.514,0,107501.000,168055,192000,3999.854,120.0,8,27,2,0.00000
107.514,1,107501.000,168055,192000,3999.854,120.0,8,27,2,0.00000
107.514,2,107501.000,168055,192000,3999.854,120.0,8,27,2,0.00000
107.615,0,107602.000,172939,192000,3999.104,120.0,8,27,2,0.00000
107.615,1,107602.000,172939,192000,3999.104,120.0,8,27,2,0.00000
107.615,2,107602.000,172939,192000,3999.104,120.0,8,27,2,0.00000
107.718,0,107705.000,177877,192000,3999.229,120.0,8,27,2,0.00000
107.718,1,107705.000,177877,192000,3999.229,120.0,8,27,2,0.00000
107.718,2,107705.000,177877,192000,3999.229,120.0,8,27,2,0.00000
107.818,0,107805.000,182679,192000,3999.188,120.0,8,27,2,0.00000
107.818,1,107805.000,182679,192000,3999.188,120.0,8,27,2,0.00000
107.818,2,107805.000,182679,192000,3999.188,120.0,8,27,2,0.00000
107.918,0,107905.000,187483,192000,3999.104,120.0,8,27,2,0.00000
107.918,1,107905.000,187483,192000,3999.104,120.0,8,27,2,0.00000
107.918,2,107905.000,187483,192000,3999.104,120.0,8,27,2,0.00000
108.023,0,108010.000,516,192000,3999.250,120.0,8,28,2,0.00000
108.023,1,108010.000,516,192000,3999.250,120.0,8,28,2,0.00000
108.023,2,108010.000,516,192000,3999.250,120.0,8,28,2,0.00000
108.124,0,108111.000,5341,192000,3999.729,120.0,8,28,2,0.00000
108.124,1,108111.000,5341,192000,3999.729,120.0,8,28,2,0.00000
108.124,2,108111.000,5341,192000,3999.729,120.0,8,28,2,0.00000
108.224,0,108211.000,10149,192000,3999.562,120.0,8,28,2,0.00000
108.224,1,108211.000,10149,192000,3999.562,120.0,8,28,2,0.00000
108.224,2,108211.000,10149,192000,3999.562,120.0,8,28,2,0.00000
108.326,0,108313.000,15056,192000,3999.333,120.0,8,28,2,0.00000
108.326,1,108313.000,15056,192000,3999.333,120.0,8,28,2,0.00000
108.326,2,108313.000,15056,192000,3999.333,120.0,8,28,2,0.00000
108.426,0,108413.000,19857,192000,3999.312,120.0,8,28,2,0.00000
108.426,1,108413.000,19857,192000,3999.312,120.0,8,28,2,0.00000
108.426,2,108413.000,19857,192000,3999.312,120.0,8,28,2,0.00000
108.526,0,108514.000,24674,192000,3999.958,120.0,8,28,2,0.00000
108.526,1,108514.000,24674,192000,3999.958,120.0,8,28,2,0.00000
108.526,2,108514.000,24674,192000,3999.958,120.0,8,28,2,0.00000
108.627,0,108614.000,29492,192000,3999.583,120.0,8,28,2,0.00000
108.627,1,108614.000,29492,192000,3999.583,120.0,8,28,2,0.00000
108.627,2,108614.000,29492,192000,3999.583,120.0,8,28,2,0.00000
108.729,0,108716.000,34382,192000,3999.708,120.0,8,28,2,0.00000
108.729,1,108716.000,34382,192000,3999.708,120.0,8,28,2,0.00000
108.729,2,108716.000,34382,192000,3999.708,120.0,8,28,2,0.00000
108.831,0,108818.000,39306,192000,3999.125,120.0,8,28,2,0.00000
108.831,1,108818.000,39306,192000,3999.125,120.0,8,28,2,0.00000
108.831,2,108818.000,39306,192000,3999.125,120.0,8,28,2,0.00000
108.933,0,108920.000,44192,192000,3999.333,120.0,8,28,2,0.00000
108.933,1,108920.000,44192,192000,3999.333,120.0,8,28,2,0.00000
108.933,2,108920.000,44192,192000,3999.333,120.0,8,28,2,0.00000
109.033,0,109020.000,48994,192000,3999.292,120.0,8,28,2,0.00000
109.033,1,109020.000,48994,192000,3999.292,120.0,8,28,2,0.00000
109.033,2,109020.000,48994,192000,3999.292,120.0,8,28,2,0.00000
109.135,0,109122.000,53896,192000,3999.167,120.0,8,28,2,0.00000
109.135,1,109122.000,53896,192000,3999.167,120.0,8,28,2,0.00000
109.135,2,109122.000,53896,192000,3999.167,120.0,8,28,2,0.00000
109.236,0,109223.000,58737,192000,3999.312,120.0,8,28,2,0.00000
109.236,1,109223.000,58737,192000,3999.312,120.0,8,28,2,0.00000
109.236,2,109223.000,58737,192000,3999.312,120.0,8,28,2,0.00000
109.337,0,109324.000,63586,192000,3999.292,120.0,8,28,2,0.00000
109.337,1,109324.000,63586,192000,3999.292,120.0,8,28,2,0.00000
109.337,2,109324.000,63586,192000,3999.292,120.0,8,28,2,0.00000
109.439,0,109426.000,68491,192000,3999.104,120.0,8,28,2,0.00000
109.439,1,109426.000,68491,192000,3999.104,120.0,8,28,2,0.00000
109.439,2,109426.000,68491,192000,3999.104,120.0,8,28,2,0.00000
109.540,0,109527.000,73316,192000,3999.583,120.0,8,28,2,0.00000
109.540,1,109527.000,73316,192000,3999.583,120.0,8,28,2,0.00000
109.540,2,109527.000,73316,192000,3999.583,120.0,8,28,2,0.00000
109.642,0,109629.000,78206,192000,3999.708,120.0,8,28,2,0.00000
109.642,1,109629.000,78206,192000,3999.708,120.0,8,28,2,0.00000
109.642,2,109629.000,78206,192000,3999.708,120.0,8,28,2,0.00000
109.743,0,109730.000,83078,192000,3999.208,120.0,8,28,2,0.00000
109.743,1,109730.000,83078,192000,3999.208,120.0,8,28,2,0.00000
109.743,2,109730.000,83078,192000,3999.208,120.0,8,28,2,0.00000
109.846,0,109833.000,87995,192000,3999.771,120.0,8,28,2,0.00000
109.846,1,109833.000,87995,192000,3999.771,120.0,8,28,2,0.00000
109.846,2,109833.000,87995,192000,3999.771,120.0,8,28,2,0.00000
109.948,0,109935.000,92904,192000,3999.500,120.0,8,28,2,0.00000
109.948,1,109935.000,92904,192000,3999.500,120.0,8,28,2,0.00000
109.948,2,109935.000,92904,192000,3999.500,120.0,8,28,2,0.00000
110.048,0,110035.000,97722,192000,3999.125,120.0,8,28,2,0.00000
110.048,1,110035.000,97722,192000,3999.125,120.0,8,28,2,0.00000
110.048,2,110035.000,97722,192000,3999.125,120.0,8,28,2,0.00000
110.150,0,110137.000,102604,192000,3999.417,120.0,8,28,2,0.00000
110.150,1,110137.000,102604,192000,3999.417,120.0,8,28,2,0.00000
110.150,2,110137.000,102604,192000,3999.417,120.0,8,28,2,0.00000
110.251,0,110239.000,107474,192000,3999.958,120.0,8,28,2,0.00000
110.251,1,110239.000,107474,192000,3999.958,120.0,8,28,2,0.00000
110.251,2,110239.000,107474,192000,3999.958,120.0,8,28,2,0.00000
110.352,0,110339.000,112298,192000,3999.458,120.0,8,28,2,0.00000
110.352,1,110339.000,112298,192000,3999.458,120.0,8,28,2,0.00000
110.352,2,110339.000,112298,192000,3999.458,120.0,8,28,2,0.00000
110.454,0,110441.000,117212,192000,3999.083,120.0,8,28,2,0.00000
110.454,1,110441.000,117212,192000,3999.083,120.0,8,28,2,0.00000
110.454,2,110441.000,117212,192000,3999.083,120.0,8,28,2,0.00000
110.556,0,110543.000,122111,192000,3999.021,120.0,8,28,2,0.00000
110.556,1,110543.000,122111,192000,3999.021,120.0,8,28,2,0.00000
110.556,2,110543.000,122111,192000,3999.021,120.0,8,28,2,0.00000
110.659,0,110646.000,127018,192000,3999.792,120.0,8,28,2,0.00000
110.659,1,110646.000,127018,192000,3999.792,120.0,8,28,2,0.00000
110.659,2,110646.000,127018,192000,3999.792,120.0,8,28,2,0.00000
110.761,0,110749.000,131953,192000,3999.979,120.0,8,28,2,0.00000
110.761,1,110749.000,131953,192000,3999.979,120.0,8,28,2,0.00000
110.761,2,110749.000,131953,192000,3999.979,120.0,8,28,2,0.00000
110.864,0,110851.000,136873,192000,3999.479,120.0,8,28,2,0.00000
110.864,1,110851.000,136873,192000,3999.479,120.0,8,28,2,0.00000
110.864,2,110851.000,136873,192000,3999.479,120.0,8,28,2,0.00000
110.967,0,110954.000,141807,192000,3999.688,120.0,8,28,2,0.00000
110.967,1,110954.000,141807,192000,3999.688,120.0,8,28,2,0.00000
110.967,2,110954.000,141807,192000,3999.688,120.0,8,28,2,0.00000
111.067,0,111054.000,146632,192000,3999.167,120.0,8,28,2,0.00000
111.067,1,111054.000,146632,192000,3999.167,120.0,8,28,2,0.00000
111.067,2,111054.000,146632,192000,3999.167,120.0,8,28,2,0.00000
111.169,0,111156.000,151534,192000,3999.042,120.0,8,28,2,0.00000
111.169,1,111156.000,151534,192000,3999.042,120.0,8,28,2,0.00000
111.169,2,111156.000,151534,192000,3999.042,120.0,8,28,2,0.00000
111.271,0,111258.000,156407,192000,3999.521,120.0,8,28,2,0.00000
111.271,1,111258.000,156407,192000,3999.521,120.0,8,28,2,0.00000
111.271,2,111258.000,156407,192000,3999.521,120.0,8,28,2,0.00000
111.373,0,111360.000,161315,192000,3999.271,120.0,8,28,2,0.00000
111.373,1,111360.000,161315,192000,3999.271,120.0,8,28,2,0.00000
111.373,2,111360.000,161315,192000,3999.271,120.0,8,28,2,0.00000
111.476,0,111463.000,166259,192000,3999.271,120.0,8,28,2,0.00000
111.476,1,111463.000,166259,192000,3999.271,120.0,8,28,2,0.00000
111.476,2,111463.000,166259,192000,3999.271,120.0,8,28,2,0.00000
111.577,0,111564.000,171079,192000,3999.854,120.0,8,28,2,0.00000
111.577,1,111564.000,171079,192000,3999.854,120.0,8,28,2,0.00000
111.577,2,111564.000,171079,192000,3999.854,120.0,8,28,2,0.00000
111.679,0,111666.000,176008,192000,3999.167,120.0,8,28,2,0.00000
111.679,1,111666.000,176008,192000,3999.167,120.0,8,28,2,0.00000
111.679,2,111666.000,176008,192000,3999.167,120.0,8,28,2,0.00000
111.780,0,111767.000,180851,192000,3999.271,120.0,8,28,2,0.00000
111.780,1,111767.000,180851,192000,3999.271,120.0,8,28,2,0.00000
111.780,2,111767.000,180851,192000,3999.271,120.0,8,28,2,0.00000
111.881,0,111869.000,185712,192000,0.000,120.0,8,28,2,0.00000
111.881,1,111869.000,185712,192000,0.000,120.0,8,28,2,0.00000
111.881,2,111869.000,185712,192000,0.000,120.0,8,28,2,0.00000
111.982,0,111969.000,190530,192000,3999.625,120.0,8,28,2,0.00000
111.982,1,111969.000,190530,192000,3999.625,120.0,8,28,2,0.00000
111.982,2,111969.000,190530,192000,3999.625,120.0,8,28,2,0.00000
112.083,0,112070.000,3400,192000,3999.167,120.0,8,29,2,0.00000
112.083,1,112070.000,3400,192000,3999.167,120.0,8,29,2,0.00000
112.083,2,112070.000,3400,192000,3999.167,120.0,8,29,2,0.00000
112.185,0,112172.000,8290,192000,3999.292,120.0,8,29,2,0.00000
112.185,1,112172.000,8290,192000,3999.292,120.0,8,29,2,0.00000
112.185,2,112172.000,8290,192000,3999.292,120.0,8,29,2,0.00000
112.287,0,112275.000,13201,192000,3999.979,120.0,8,29,2,0.00000
112.287,1,112275.000,13201,192000,3999.979,120.0,8,29,2,0.00000
112.287,2,112275.000,13201,192000,3999.979,120.0,8,29,2,0.00000
112.389,0,112376.000,18058,192000,3999.792,120.0,8,29,2,0.00000
112.389,1,112376.000,18058,192000,3999.792,120.0,8,29,2,0.00000
112.389,2,112376.000,18058,192000,3999.792,120.0,8,29,2,0.00000
112.489,0,112476.000,22881,192000,3999.312,120.0,8,29,2,0.00000
112.489,1,112476.000,22881,192000,3999.312,120.0,8,29,2,0.00000
112.489,2,112476.000,22881,192000,3999.312,120.0,8,29,2,0.00000
112.592,0,112579.000,27804,192000,3999.750,120.0,8,29,2,0.00000
112.592,1,112579.000,27804,192000,3999.750,120.0,8,29,2,0.00000
112.592,2,112579.000,27804,192000,3999.750,120.0,8,29,2,0.00000
112.693,0,112680.000,32685,192000,3999.062,120.0,8,29,2,0.00000
112.693,1,112680.000,32685,192000,3999.062,120.0,8,29,2,0.00000
112.693,2,112680.000,32685,192000,3999.062,120.0,8,29,2,0.00000
112.795,0,112782.000,37544,192000,3999.833,120.0,8,29,2,0.00000
112.795,1,112782.000,37544,192000,3999.833,120.0,8,29,2,0.00000
112.795,2,112782.000,37544,192000,3999.833,120.0,8,29,2,0.00000
112.897,0,112885.000,42482,192000,3999.958,120.0,8,29,2,0.00000
112.897,1,112885.000,42482,192000,3999.958,120.0,8,29,2,0.00000
112.897,2,112885.000,42482,192000,3999.958,120.0,8,29,2,0.00000
113.000,0,112987.000,47387,192000,3999.771,120.0,8,29,2,0.00000
113.000,1,112987.000,47387,192000,3999.771,120.0,8,29,2,0.00000
113.000,2,112987.000,47387,192000,3999.771,120.0,8,29,2,0.00000
113.101,0,113089.000,52276,192000,3999.917,120.0,8,29,2,0.00000
113.101,1,113089.000,52276,192000,3999.917,120.0,8,29,2,0.00000
113.101,2,113089.000,52276,192000,3999.917,120.0,8,29,2,0.00000
113.203,0,113190.000,57141,192000,3999.562,120.0,8,29,2,0.00000
113.203,1,113190.000,57141,192000,3999.562,120.0,8,29,2,0.00000
113.203,2,113190.000,57141,192000,3999.562,120.0,8,29,2,0.00000
113.304,0,113291.000,61976,192000,3999.833,120.0,8,29,2,0.00000
113.304,1,113291.000,61976,192000,3999.833,120.0,8,29,2,0.00000
113.304,2,113291.000,61976,192000,3999.833,120.0,8,29,2,0.00000
113.404,0,113391.000,66787,192000,3999.604,120.0,8,29,2,0.00000
113.404,1,113391.000,66787,192000,3999.604,120.0,8,29,2,0.00000
113.404,2,113391.000,66787,192000,3999.604,120.0,8,29,2,0.00000
113.506,0,113493.000,71702,192000,3999.208,120.0,8,29,2,0.00000
113.506,1,113493.000,71702,192000,3999.208,120.0,8,29,2,0.00000
113.506,2,113493.000,71702,192000,3999.208,120.0,8,29,2,0.00000
113.610,0,113597.000,76673,192000,3999.646,120.0,8,29,2,0.00000
113.610,1,113597.000,76673,192000,3999.646,120.0,8,29,2,0.00000
113.610,2,113597.000,76673,192000,3999.646,120.0,8,29,2,0.00000
113.712,0,113699.000,81571,192000,3999.604,120.0,8,29,2,0.00000
113.712,1,113699.000,81571,192000,3999.604,120.0,8,29,2,0.00000
113.712,2,113699.000,81571,192000,3999.604,120.0,8,29,2,0.00000
113.812,0,113799.000,86395,192000,3999.104,120.0,8,29,2,0.00000
113.812,1,113799.000,86395,192000,3999.104,120.0,8,29,2,0.00000
113.812,2,113799.000,86395,192000,3999.104,120.0,8,29,2,0.00000
113.914,0,113901.000,91259,192000,3999.771,120.0,8,29,2,0.00000
113.914,1,113901.000,91259,192000,3999.771,120.0,8,29,2,0.00000
113.914,2,113901.000,91259,192000,3999.771,120.0,8,29,2,0.00000
114.017,0,114004.000,96202,192000,3999.792,120.0,8,29,2,0.00000
114.017,1,114004.000,96202,192000,3999.792,120.0,8,29,2,0.00000
114.017,2,114004.000,96202,192000,3999.792,120.0,8,29,2,0.00000
114.117,0,114104.000,101035,192000,3999.104,120.0,8,29,2,0.00000
114.117,1,114104.000,101035,192000,3999.104,120.0,8,29,2,0.00000
114.117,2,114104.000,101035,192000,3999.104,120.0,8,29,2,0.00000
114.219,0,114206.000,105932,192000,3999.083,120.0,8,29,2,0.00000
114.219,1,114206.000,105932,192000,3999.083,120.0,8,29,2,0.00000
114.219,2,114206.000,105932,192000,3999.083,120.0,8,29,2,0.00000
114.322,0,114309.000,110866,192000,3999.292,120.0,8,29,2,0.00000
114.322,1,114309.000,110866,192000,3999.292,120.0,8,29,2,0.00000
114.322,2,114309.000,110866,192000,3999.292,120.0,8,29,2,0.00000
114.465,0,114452.000,117739,192000,3999.104,120.0,8,29,2,0.00000
114.465,1,114452.000,117739,192000,3999.104,120.0,8,29,2,0.00000
114.465,2,114452.000,117739,192000,3999.104,120.0,8,29,2,0.00000
114.567,0,114554.000,122602,192000,3999.792,120.0,8,29,2,0.00000
114.567,1,114554.000,122602,192000,3999.792,120.0,8,29,2,0.00000
114.567,2,114554.000,122602,192000,3999.792,120.0,8,29,2,0.00000
114.668,0,114655.000,127469,192000,3999.396,120.0,8,29,2,0.00000
114.668,1,114655.000,127469,192000,3999.396,120.0,8,29,2,0.00000
114.668,2,114655.000,127469,192000,3999.396,120.0,8,29,2,0.00000
114.769,0,114756.000,132297,192000,3999.812,120.0,8,29,2,0.00000
114.769,1,114756.000,132297,192000,3999.812,120.0,8,29,2,0.00000
114.769,2,114756.000,132297,192000,3999.812,120.0,8,29,2,0.00000
114.872,0,114859.000,137244,192000,3999.750,120.0,8,29,2,0.00000
114.872,1,114859.000,137244,192000,3999.750,120.0,8,29,2,0.00000
114.872,2,114859.000,137244,192000,3999.750,120.0,8,29,2,0.00000
114.974,0,114961.000,142165,192000,3999.229,120.0,8,29,2,0.00000
114.974,1,114961.000,142165,192000,3999.229,120.0,8,29,2,0.00000
114.974,2,114961.000,142165,192000,3999.229,120.0,8,29,2,0.00000
115.077,0,115064.000,147082,192000,3999.792,120.0,8,29,2,0.00000
115.077,1,115064.000,147082,192000,3999.792,120.0,8,29,2,0.00000
115.077,2,115064.000,147082,192000,3999.792,120.0,8,29,2,0.00000
115.177,0,115164.000,151886,192000,3999.708,120.0,8,29,2,0.00000
115.177,1,115164.000,151886,192000,3999.708,120.0,8,29,2,0.00000
115.177,2,115164.000,151886,192000,3999.708,120.0,8,29,2,0.00000
115.279,0,115266.000,156784,192000,3999.667,120.0,8,29,2,0.00000
115.279,1,115266.000,156784,192000,3999.667,120.0,8,29,2,0.00000
115.279,2,115266.000,156784,192000,3999.667,120.0,8,29,2,0.00000
115.380,0,115367.000,161633,192000,3999.646,120.0,8,29,2,0.00000
115.380,1,115367.000,161633,192000,3999.646,120.0,8,29,2,0.00000
115.380,2,115367.000,161633,192000,3999.646,120.0,8,29,2,0.00000
115.482,0,115469.000,166536,192000,3999.500,120.0,8,29,2,0.00000
115.482,1,115469.000,166536,192000,3999.500,120.0,8,29,2,0.00000
115.482,2,115469.000,166536,192000,3999.500,120.0,8,29,2,0.00000
115.584,0,115571.000,171434,192000,3999.458,120.0,8,29,2,0.00000
115.584,1,115571.000,171434,192000,3999.458,120.0,8,29,2,0.00000
115.584,2,115571.000,171434,192000,3999.458,120.0,8,29,2,0.00000
115.684,0,115671.000,176235,192000,3999.438,120.0,8,29,2,0.00000
115.684,1,115671.000,176235,192000,3999.438,120.0,8,29,2,0.00000
115.684,2,115671.000,176235,192000,3999.438,120.0,8,29,2,0.00000
115.786,0,115774.000,181154,192000,3999.958,120.0,8,29,2,0.00000
115.786,1,115774.000,181154,192000,3999.958,120.0,8,29,2,0.00000
115.786,2,115774.000,181154,192000,3999.958,120.0,8,29,2,0.00000
115.888,0,115876.000,186052,192000,3999.917,120.0,8,29,2,0.00000
115.888,1,115876.000,186052,192000,3999.917,120.0,8,29,2,0.00000
115.888,2,115876.000,186052,192000,3999.917,120.0,8,29,2,0.00000
115.990,0,115977.000,190919,192000,3999.521,120.0,8,29,2,0.00000
115.990,1,115977.000,190919,192000,3999.521,120.0,8,29,2,0.00000
115.990,2,115977.000,190919,192000,3999.521,120.0,8,29,2,0.00000
116.092,0,116079.000,3836,192000,3999.083,120.0,8,30,2,0.09886
116.092,1,116079.000,3836,192000,3999.083,120.0,8,30,2,0.09877
116.092,2,116079.000,3836,192000,3999.083,120.0,8,30,2,0.09886
116.195,0,116182.000,8771,192000,3999.271,120.0,8,30,2,0.06446
116.195,1,116182.000,8771,192000,3999.271,120.0,8,30,2,0.06440
116.195,2,116182.000,8771,192000,3999.271,120.0,8,30,2,0.06446
116.296,0,116283.000,13591,192000,3999.854,120.0,8,30,2,0.04246
116.296,1,116283.000,13591,192000,3999.854,120.0,8,30,2,0.04242
116.296,2,116283.000,13591,192000,3999.854,120.0,8,30,2,0.04246
116.398,0,116385.000,18497,192000,3999.646,120.0,8,30,2,0.02776
116.398,1,116385.000,18497,192000,3999.646,120.0,8,30,2,0.02773
116.398,2,116385.000,18497,192000,3999.646,120.0,8,30,2,0.02776
116.498,0,116486.000,23329,192000,3999.979,120.0,8,30,2,0.01826
116.498,1,116486.000,23329,192000,3999.979,120.0,8,30,2,0.01824
116.498,2,116486.000,23329,192000,3999.979,120.0,8,30,2,0.01826
116.598,0,116586.000,28133,192000,3999.896,120.0,8,30,2,0.01204
116.598,1,116586.000,28133,192000,3999.896,120.0,8,30,2,0.01203
116.598,2,116586.000,28133,192000,3999.896,120.0,8,30,2,0.01204
116.701,0,116689.000,33072,192000,0.000,120.0,8,30,2,0.00785
116.701,1,116689.000,33072,192000,0.000,120.0,8,30,2,0.00784
116.701,2,116689.000,33072,192000,0.000,120.0,8,30,2,0.00785
116.802,0,116789.000,37905,192000,3999.312,120.0,8,30,2,0.00516
116.802,1,116789.000,37905,192000,3999.312,120.0,8,30,2,0.00516
116.802,2,116789.000,37905,192000,3999.312,120.0,8,30,2,0.00516
116.903,0,116890.000,42740,192000,3999.583,120.0,8,30,2,0.00340
116.903,1,116890.000,42740,192000,3999.583,120.0,8,30,2,0.00339
116.903,2,116890.000,42740,192000,3999.583,120.0,8,30,2,0.00340
117.003,0,116990.000,47549,192000,3999.396,120.0,8,30,2,0.00224
117.003,1,116990.000,47549,192000,3999.396,120.0,8,30,2,0.00224
117.003,2,116990.000,47549,192000,3999.396,120.0,8,30,2,0.00224
117.105,0,117092.000,52438,192000,3999.542,120.0,8,30,2,0.00147
117.105,1,117092.000,52438,192000,3999.542,120.0,8,30,2,0.00146
117.105,2,117092.000,52438,192000,3999.542,120.0,8,30,2,0.00147
117.207,0,117194.000,57343,192000,3999.354,120.0,8,30,2,0.00096
117.207,1,117194.000,57343,192000,3999.354,120.0,8,30,2,0.00096
117.207,2,117194.000,57343,192000,3999.354,120.0,8,30,2,0.00096
117.309,0,117296.000,62251,192000,3999.104,120.0,8,30,2,0.00063
117.309,1,117296.000,62251,192000,3999.104,120.0,8,30,2,0.00063
117.309,2,117296.000,62251,192000,3999.104,120.0,8,30,2,0.00063
117.412,0,117399.000,67186,192000,3999.292,120.0,8,30,2,0.00041
117.412,1,117399.000,67186,192000,3999.292,120.0,8,30,2,0.00041
117.412,2,117399.000,67186,192000,3999.292,120.0,8,30,2,0.00041
117.513,0,117500.000,72007,192000,3999.854,120.0,8,30,2,0.00027
117.513,1,117500.000,72007,192000,3999.854,120.0,8,30,2,0.00027
117.513,2,117500.000,72007,192000,3999.854,120.0,8,30,2,0.00027
117.616,0,117603.000,76951,192000,3999.854,120.0,8,30,2,0.00018
117.616,1,117603.000,76951,192000,3999.854,120.0,8,30,2,0.00018
117.616,2,117603.000,76951,192000,3999.854,120.0,8,30,2,0.00018
117.717,0,117704.000,81816,192000,3999.500,120.0,8,30,2,0.00012
117.717,1,117704.000,81816,192000,3999.500,120.0,8,30,2,0.00011
117.717,2,117704.000,81816,192000,3999.500,120.0,8,30,2,0.00012
117.818,0,117805.000,86663,192000,3999.521,120.0,8,30,2,0.00008
117.818,1,117805.000,86663,192000,3999.521,120.0,8,30,2,0.00008
117.818,2,117805.000,86663,192000,3999.521,120.0,8,30,2,0.00008
117.918,0,117905.000,91472,192000,3999.333,120.0,8,30,2,0.00005
117.918,1,117905.000,91472,192000,3999.333,120.0,8,30,2,0.00005
117.918,2,117905.000,91472,192000,3999.333,120.0,8,30,2,0.00005
118.019,0,118006.000,96324,192000,3999.250,120.0,8,30,2,0.00003
118.019,1,118006.000,96324,192000,3999.250,120.0,8,30,2,0.00003
118.019,2,118006.000,96324,192000,3999.250,120.0,8,30,2,0.00003
118.120,0,118107.000,101161,192000,3999.479,120.0,8,30,2,0.00002
118.120,1,118107.000,101161,192000,3999.479,120.0,8,30,2,0.00002
118.120,2,118107.000,101161,192000,3999.479,120.0,8,30,2,0.00002
118.220,0,118207.000,105975,192000,3999.188,120.0,8,30,2,0.00001
118.220,1,118207.000,105975,192000,3999.188,120.0,8,30,2,0.00001
118.220,2,118207.000,105975,192000,3999.188,120.0,8,30,2,0.00001
118.322,0,118309.000,110865,192000,3999.312,120.0,8,30,2,0.00001
118.322,1,118309.000,110865,192000,3999.312,120.0,8,30,2,0.00001
118.322,2,118309.000,110865,192000,3999.312,120.0,8,30,2,0.00001
118.423,0,118410.000,115711,192000,3999.354,120.0,8,30,2,0.00001
118.423,1,118410.000,115711,192000,3999.354,120.0,8,30,2,0.00001
118.423,2,118410.000,115711,192000,3999.354,120.0,8,30,2,0.00001
118.525,0,118512.000,120600,192000,3999.500,120.0,8,30,2,0.00000
118.525,1,118512.000,120600,192000,3999.500,120.0,8,30,2,0.00000
118.525,2,118512.000,120600,192000,3999.500,120.0,8,30,2,0.00000
118.627,0,118614.000,125511,192000,3999.188,120.0,8,30,2,0.00000
118.627,1,118614.000,125511,192000,3999.188,120.0,8,30,2,0.00000
118.627,2,118614.000,125511,192000,3999.188,120.0,8,30,2,0.00000
118.730,0,118717.000,130429,192000,3999.729,120.0,8,30,2,0.00000
118.730,1,118717.000,130429,192000,3999.729,120.0,8,30,2,0.00000
118.730,2,118717.000,130429,192000,3999.729,120.0,8,30,2,0.00000
118.830,0,118817.000,135248,192000,3999.333,120.0,8,30,2,0.00000
118.830,1,118817.000,135248,192000,3999.333,120.0,8,30,2,0.00000
118.830,2,118817.000,135248,192000,3999.333,120.0,8,30,2,0.00000
118.932,0,118919.000,140135,192000,3999.521,120.0,8,30,2,0.00000
118.932,1,118919.000,140135,192000,3999.521,120.0,8,30,2,0.00000
118.932,2,118919.000,140135,192000,3999.521,120.0,8,30,2,0.00000
119.033,0,119020.000,144999,192000,3999.188,120.0,8,30,2,0.00000
119.033,1,119020.000,144999,192000,3999.188,120.0,8,30,2,0.00000
119.033,2,119020.000,144999,192000,3999.188,120.0,8,30,2,0.00000
119.135,0,119122.000,149873,192000,3999.646,120.0,8,30,2,0.00000
119.135,1,119122.000,149873,192000,3999.646,120.0,8,30,2,0.00000
119.135,2,119122.000,149873,192000,3999.646,120.0,8,30,2,0.00000
119.236,0,119223.000,154728,192000,3999.500,120.0,8,30,2,0.00000
119.236,1,119223.000,154728,192000,3999.500,120.0,8,30,2,0.00000
119.236,2,119223.000,154728,192000,3999.500,120.0,8,30,2,0.00000
119.338,0,119326.000,159650,192000,3999.958,120.0,8,30,2,0.00000
119.338,1,119326.000,159650,192000,3999.958,120.0,8,30,2,0.00000
119.338,2,119326.000,159650,192000,3999.958,120.0,8,30,2,0.00000
119.441,0,119429.000,164593,192000,3999.979,120.0,8,30,2,0.00000
119.441,1,119429.000,164593,192000,3999.979,120.0,8,30,2,0.00000
119.441,2,119429.000,164593,192000,3999.979,120.0,8,30,2,0.00000
119.544,0,119531.000,169510,192000,3999.542,120.0,8,30,2,0.00000
119.544,1,119531.000,169510,192000,3999.542,120.0,8,30,2,0.00000
119.544,2,119531.000,169510,192000,3999.542,120.0,8,30,2,0.00000
119.646,0,119633.000,174413,192000,3999.396,120.0,8,30,2,0.00000
119.646,1,119633.000,174413,192000,3999.396,120.0,8,30,2,0.00000
119.646,2,119633.000,174413,192000,3999.396,120.0,8,30,2,0.00000
119.747,0,119734.000,179240,192000,3999.833,120.0,8,30,2,0.00000
119.747,1,119734.000,179240,192000,3999.833,120.0,8,30,2,0.00000
119.747,2,119734.000,179240,192000,3999.833,120.0,8,30,2,0.00000
119.848,0,119835.000,184093,192000,3999.729,120.0,8,30,2,0.00000
119.848,1,119835.000,184093,192000,3999.729,120.0,8,30,2,0.00000
119.848,2,119835.000,184093,192000,3999.729,120.0,8,30,2,0.00000
119.951,0,119938.000,189032,192000,3999.833,120.0,8,30,2,0.00000
119.951,1,119938.000,189032,192000,3999.833,120.0,8,30,2,0.00000
119.951,2,119938.000,189032,192000,3999.833,120.0,8,30,2,0.00000
120.053,0,120040.000,1946,192000,3999.458,120.0,8,31,2,0.00000
120.053,1,120040.000,1946,192000,3999.458,120.0,8,31,2,0.00000
120.053,2,120040.000,1946,192000,3999.458,120.0,8,31,2,0.00000
120.153,0,120140.000,6746,192000,3999.458,120.0,8,31,2,0.00000
120.153,1,120140.000,6746,192000,3999.458,120.0,8,31,2,0.00000
120.153,2,120140.000,6746,192000,3999.458,120.0,8,31,2,0.00000
120.255,0,120242.000,11654,192000,3999.208,120.0,8,31,2,0.00000
120.255,1,120242.000,11654,192000,3999.208,120.0,8,31,2,0.00000
120.255,2,120242.000,11654,192000,3999.208,120.0,8,31,2,0.00000
120.358,0,120345.000,16567,192000,3999.854,120.0,8,31,2,0.00000
120.358,1,120345.000,16567,192000,3999.854,120.0,8,31,2,0.00000
120.358,2,120345.000,16567,192000,3999.854,120.0,8,31,2,0.00000
120.459,0,120446.000,21452,192000,3999.083,120.0,8,31,2,0.00000
120.459,1,120446.000,21452,192000,3999.083,120.0,8,31,2,0.00000
120.459,2,120446.000,21452,192000,3999.083,120.0,8,31,2,0.00000
120.560,0,120547.000,26263,192000,3999.854,120.0,8,31,2,0.00000
120.560,1,120547.000,26263,192000,3999.854,120.0,8,31,2,0.00000
120.560,2,120547.000,26263,192000,3999.854,120.0,8,31,2,0.00000
120.662,0,120649.000,31178,192000,3999.458,120.0,8,31,2,0.00000
120.662,1,120649.000,31178,192000,3999.458,120.0,8,31,2,0.00000
120.662,2,120649.000,31178,192000,3999.458,120.0,8,31,2,0.00000
120.763,0,120750.000,36021,192000,3999.562,120.0,8,31,2,0.00000
120.763,1,120750.000,36021,192000,3999.562,120.0,8,31,2,0.00000
120.763,2,120750.000,36021,192000,3999.562,120.0,8,31,2,0.00000
120.865,0,120852.000,40925,192000,3999.396,120.0,8,31,2,0.00000
120.865,1,120852.000,40925,192000,3999.396,120.0,8,31,2,0.00000
120.865,2,120852.000,40925,192000,3999.396,120.0,8,31,2,0.00000
120.965,0,120952.000,45740,192000,3999.083,120.0,8,31,2,0.00000
120.965,1,120952.000,45740,192000,3999.083,120.0,8,31,2,0.00000
120.965,2,120952.000,45740,192000,3999.083,120.0,8,31,2,0.00000
121.065,0,121052.000,50542,192000,3999.042,120.0,8,31,2,0.00000
121.065,1,121052.000,50542,192000,3999.042,120.0,8,31,2,0.00000
121.065,2,121052.000,50542,192000,3999.042,120.0,8,31,2,0.00000
121.167,0,121154.000,55417,192000,3999.479,120.0,8,31,2,0.00000
121.167,1,121154.000,55417,192000,3999.479,120.0,8,31,2,0.00000
121.167,2,121154.000,55417,192000,3999.479,120.0,8,31,2,0.00000
121.268,0,121255.000,60255,192000,3999.688,120.0,8,31,2,0.00000
121.268,1,121255.000,60255,192000,3999.688,120.0,8,31,2,0.00000
121.268,2,121255.000,60255,192000,3999.688,120.0,8,31,2,0.00000
121.368,0,121355.000,65086,192000,3999.042,120.0,8,31,2,0.00000
121.368,1,121355.000,65086,192000,3999.042,120.0,8,31,2,0.00000
121.368,2,121355.000,65086,192000,3999.042,120.0,8,31,2,0.00000
121.471,0,121458.000,70014,192000,3999.375,120.0,8,31,2,0.00000
121.471,1,121458.000,70014,192000,3999.375,120.0,8,31,2,0.00000
121.471,2,121458.000,70014,192000,3999.375,120.0,8,31,2,0.00000
121.574,0,121561.000,74958,192000,3999.375,120.0,8,31,2,0.00000
121.574,1,121561.000,74958,192000,3999.375,120.0,8,31,2,0.00000
121.574,2,121561.000,74958,192000,3999.375,120.0,8,31,2,0.00000
121.676,0,121663.000,79845,192000,3999.562,120.0,8,31,2,0.00000
121.676,1,121663.000,79845,192000,3999.562,120.0,8,31,2,0.00000
121.676,2,121663.000,79845,192000,3999.562,120.0,8,31,2,0.00000
121.777,0,121764.000,84702,192000,3999.375,120.0,8,31,2,0.00000
121.777,1,121764.000,84702,192000,3999.375,120.0,8,31,2,0.00000
121.777,2,121764.000,84702,192000,3999.375,120.0,8,31,2,0.00000
121.879,0,121866.000,89605,192000,3999.229,120.0,8,31,2,0.00000
121.879,1,121866.000,89605,192000,3999.229,120.0,8,31,2,0.00000
121.879,2,121866.000,89605,192000,3999.229,120.0,8,31,2,0.00000
121.981,0,121968.000,94511,192000,3999.021,120.0,8,31,2,0.00000
121.981,1,121968.000,94511,192000,3999.021,120.0,8,31,2,0.00000
121.981,2,121968.000,94511,192000,3999.021,120.0,8,31,2,0.00000
122.083,0,122070.000,99400,192000,3999.167,120.0,8,31,2,0.00000
122.083,1,122070.000,99400,192000,3999.167,120.0,8,31,2,0.00000
122.083,2,122070.000,99400,192000,3999.167,120.0,8,31,2,0.00000
122.184,0,122171.000,104239,192000,3999.354,120.0,8,31,2,0.00000
122.184,1,122171.000,104239,192000,3999.354,120.0,8,31,2,0.00000
122.184,2,122171.000,104239,192000,3999.354,120.0,8,31,2,0.00000
122.286,0,122273.000,109137,192000,3999.312,120.0,8,31,2,0.00000
122.286,1,122273.000,109137,192000,3999.312,120.0,8,31,2,0.00000
122.286,2,122273.000,109137,192000,3999.312,120.0,8,31,2,0.00000
122.387,0,122374.000,113991,192000,3999.188,120.0,8,31,2,0.00000
122.387,1,122374.000,113991,192000,3999.188,120.0,8,31,2,0.00000
122.387,2,122374.000,113991,192000,3999.188,120.0,8,31,2,0.00000
122.487,0,122474.000,118797,192000,3999.062,120.0,8,31,2,0.00000
122.487,1,122474.000,118797,192000,3999.062,120.0,8,31,2,0.00000
122.487,2,122474.000,118797,192000,3999.062,120.0,8,31,2,0.00000
122.587,0,122574.000,123599,192000,3999.021,120.0,8,31,2,0.00000
122.587,1,122574.000,123599,192000,3999.021,120.0,8,31,2,0.00000
122.587,2,122574.000,123599,192000,3999.021,120.0,8,31,2,0.00000
122.689,0,122676.000,128475,192000,3999.438,120.0,8,31,2,0.00000
122.689,1,122676.000,128475,192000,3999.438,120.0,8,31,2,0.00000
122.689,2,122676.000,128475,192000,3999.438,120.0,8,31,2,0.00000
122.792,0,122779.000,133413,192000,3999.562,120.0,8,31,2,0.00000
122.792,1,122779.000,133413,192000,3999.562,120.0,8,31,2,0.00000
122.792,2,122779.000,133413,192000,3999.562,120.0,8,31,2,0.00000
122.892,0,122879.000,138215,192000,3999.521,120.0,8,31,2,0.00000
122.892,1,122879.000,138215,192000,3999.521,120.0,8,31,2,0.00000
122.892,2,122879.000,138215,192000,3999.521,120.0,8,31,2,0.00000
122.992,0,122980.000,143045,192000,3999.896,120.0,8,31,2,0.00000
122.992,1,122980.000,143045,192000,3999.896,120.0,8,31,2,0.00000
122.992,2,122980.000,143045,192000,3999.896,120.0,8,31,2,0.00000
123.095,0,123082.000,147965,192000,3999.396,120.0,8,31,2,0.00000
123.095,1,123082.000,147965,192000,3999.396,120.0,8,31,2,0.00000
123.095,2,123082.000,147965,192000,3999.396,120.0,8,31,2,0.00000
123.195,0,123182.000,152767,192000,3999.354,120.0,8,31,2,0.00000
123.195,1,123182.000,152767,192000,3999.354,120.0,8,31,2,0.00000
123.195,2,123182.000,152767,192000,3999.354,120.0,8,31,2,0.00000
123.295,0,123283.000,157588,192000,3999.917,120.0,8,31,2,0.00000
123.295,1,123283.000,157588,192000,3999.917,120.0,8,31,2,0.00000
123.295,2,123283.000,157588,192000,3999.917,120.0,8,31,2,0.00000
123.398,0,123385.000,162490,192000,3999.792,120.0,8,31,2,0.00000
123.398,1,123385.000,162490,192000,3999.792,120.0,8,31,2,0.00000
123.398,2,123385.000,162490,192000,3999.792,120.0,8,31,2,0.00000
123.501,0,123488.000,167435,192000,3999.771,120.0,8,31,2,0.00000
123.501,1,123488.000,167435,192000,3999.771,120.0,8,31,2,0.00000
123.501,2,123488.000,167435,192000,3999.771,120.0,8,31,2,0.00000
123.603,0,123590.000,172336,192000,3999.667,120.0,8,31,2,0.00000
123.603,1,123590.000,172336,192000,3999.667,120.0,8,31,2,0.00000
123.603,2,123590.000,172336,192000,3999.667,120.0,8,31,2,0.00000
123.704,0,123691.000,177194,192000,3999.458,120.0,8,31,2,0.00000
123.704,1,123691.000,177194,192000,3999.458,120.0,8,31,2,0.00000
123.704,2,123691.000,177194,192000,3999.458,120.0,8,31,2,0.00000
123.805,0,123792.000,182049,192000,3999.312,120.0,8,31,2,0.00000
123.805,1,123792.000,182049,192000,3999.312,120.0,8,31,2,0.00000
123.805,2,123792.000,182049,192000,3999.312,120.0,8,31,2,0.00000
123.907,0,123894.000,186958,192000,3999.042,120.0,8,31,2,0.00000
123.907,1,123894.000,186958,192000,3999.042,120.0,8,31,2,0.00000
123.907,2,123894.000,186958,192000,3999.042,120.0,8,31,2,0.00000
124.010,0,123997.000,191871,192000,3999.688,120.0,8,31,2,0.00000
124.010,1,123997.000,191871,192000,3999.688,120.0,8,31,2,0.00000
124.010,2,123997.000,191871,192000,3999.688,120.0,8,31,2,0.00000
124.114,0,124101.000,4862,192000,3999.708,120.0,8,32,2,0.00000
124.114,1,124101.000,4862,192000,3999.708,120.0,8,32,2,0.00000
124.114,2,124101.000,4862,192000,3999.708,120.0,8,32,2,0.00000
124.216,0,124203.000,9754,192000,3999.792,120.0,8,32,2,0.00000
124.216,1,124203.000,9754,192000,3999.792,120.0,8,32,2,0.00000
124.216,2,124203.000,9754,192000,3999.792,120.0,8,32,2,0.00000
124.318,0,124305.000,14648,192000,3999.833,120.0,8,32,2,0.00000
124.318,1,124305.000,14648,192000,3999.833,120.0,8,32,2,0.00000
124.318,2,124305.000,14648,192000,3999.833,120.0,8,32,2,0.00000
124.419,0,124407.000,19538,192000,3999.958,120.0,8,32,2,0.00000
124.419,1,124407.000,19538,192000,3999.958,120.0,8,32,2,0.00000
124.419,2,124407.000,19538,192000,3999.958,120.0,8,32,2,0.00000
124.521,0,124508.000,24395,192000,3999.771,120.0,8,32,2,0.00000
124.521,1,124508.000,24395,192000,3999.771,120.0,8,32,2,0.00000
124.521,2,124508.000,24395,192000,3999.771,120.0,8,32,2,0.00000
124.623,0,124610.000,29303,192000,3999.521,120.0,8,32,2,0.00000
124.623,1,124610.000,29303,192000,3999.521,120.0,8,32,2,0.00000
124.623,2,124610.000,29303,192000,3999.521,120.0,8,32,2,0.00000
124.723,0,124710.000,34121,192000,3999.146,120.0,8,32,2,0.00000
124.723,1,124710.000,34121,192000,3999.146,120.0,8,32,2,0.00000
124.723,2,124710.000,34121,192000,3999.146,120.0,8,32,2,0.00000
124.826,0,124813.000,39045,192000,3999.562,120.0,8,32,2,0.00000
124.826,1,124813.000,39045,192000,3999.562,120.0,8,32,2,0.00000
124.826,2,124813.000,39045,192000,3999.562,120.0,8,32,2,0.00000
124.929,0,124916.000,43985,192000,3999.646,120.0,8,32,2,0.00000
124.929,1,124916.000,43985,192000,3999.646,120.0,8,32,2,0.00000
124.929,2,124916.000,43985,192000,3999.646,120.0,8,32,2,0.00000
125.031,0,125018.000,48887,192000,3999.521,120.0,8,32,2,0.00000
125.031,1,125018.000,48887,192000,3999.521,120.0,8,32,2,0.00000
125.031,2,125018.000,48887,192000,3999.521,120.0,8,32,2,0.00000
125.133,0,125120.000,53793,192000,3999.312,120.0,8,32,2,0.00000
125.133,1,125120.000,53793,192000,3999.312,120.0,8,32,2,0.00000
125.133,2,125120.000,53793,192000,3999.312,120.0,8,32,2,0.00000
125.235,0,125222.000,58665,192000,3999.812,120.0,8,32,2,0.00000
125.235,1,125222.000,58665,192000,3999.812,120.0,8,32,2,0.00000
125.235,2,125222.000,58665,192000,3999.812,120.0,8,32,2,0.00000
125.336,0,125323.000,63518,192000,3999.708,120.0,8,32,2,0.00000
125.336,1,125323.000,63518,192000,3999.708,120.0,8,32,2,0.00000
125.336,2,125323.000,63518,192000,3999.708,120.0,8,32,2,0.00000
125.437,0,125424.000,68371,192000,3999.604,120.0,8,32,2,0.00000
125.437,1,125424.000,68371,192000,3999.604,120.0,8,32,2,0.00000
125.437,2,125424.000,68371,192000,3999.604,120.0,8,32,2,0.00000
125.538,0,125525.000,73216,192000,3999.667,120.0,8,32,2,0.00000
125.538,1,125525.000,73216,192000,3999.667,120.0,8,32,2,0.00000
125.538,2,125525.000,73216,192000,3999.667,120.0,8,32,2,0.00000
125.638,0,125626.000,78049,192000,3999.979,120.0,8,32,2,0.00000
125.638,1,125626.000,78049,192000,3999.979,120.0,8,32,2,0.00000
125.638,2,125626.000,78049,192000,3999.979,120.0,8,32,2,0.00000
125.742,0,125729.000,83030,192000,3999.208,120.0,8,32,2,0.00000
125.742,1,125729.000,83030,192000,3999.208,120.0,8,32,2,0.00000
125.742,2,125729.000,83030,192000,3999.208,120.0,8,32,2,0.00000
125.845,0,125832.000,87978,192000,3999.125,120.0,8,32,2,0.00000
125.845,1,125832.000,87978,192000,3999.125,120.0,8,32,2,0.00000
125.845,2,125832.000,87978,192000,3999.125,120.0,8,32,2,0.00000
125.947,0,125935.000,92880,192000,0.000,120.0,8,32,2,0.00000
125.947,1,125935.000,92880,192000,0.000,120.0,8,32,2,0.00000
125.947,2,125935.000,92880,192000,0.000,120.0,8,32,2,0.00000
126.048,0,126035.000,97725,192000,3999.062,120.0,8,32,2,0.00000
126.048,1,126035.000,97725,192000,3999.062,120.0,8,32,2,0.00000
126.048,2,126035.000,97725,192000,3999.062,120.0,8,32,2,0.00000
126.149,0,126136.000,102564,192000,3999.250,120.0,8,32,2,0.00000
126.149,1,126136.000,102564,192000,3999.250,120.0,8,32,2,0.00000
126.149,2,126136.000,102564,192000,3999.250,120.0,8,32,2,0.00000
126.251,0,126238.000,107454,192000,3999.375,120.0,8,32,2,0.00000
126.251,1,126238.000,107454,192000,3999.375,120.0,8,32,2,0.00000
126.251,2,126238.000,107454,192000,3999.375,120.0,8,32,2,0.00000
126.353,0,126340.000,112340,192000,3999.583,120.0,8,32,2,0.00000
126.353,1,126340.000,112340,192000,3999.583,120.0,8,32,2,0.00000
126.353,2,126340.000,112340,192000,3999.583,120.0,8,32,2,0.00000
126.455,0,126442.000,117222,192000,3999.875,120.0,8,32,2,0.00000
126.455,1,126442.000,117222,192000,3999.875,120.0,8,32,2,0.00000
126.455,2,126442.000,117222,192000,3999.875,120.0,8,32,2,0.00000
126.555,0,126542.000,122040,192000,3999.500,120.0,8,32,2,0.00000
126.555,1,126542.000,122040,192000,3999.500,120.0,8,32,2,0.00000
126.555,2,126542.000,122040,192000,3999.500,120.0,8,32,2,0.00000
126.657,0,126644.000,126930,192000,3999.625,120.0,8,32,2,0.00000
126.657,1,126644.000,126930,192000,3999.625,120.0,8,32,2,0.00000
126.657,2,126644.000,126930,192000,3999.625,120.0,8,32,2,0.00000
126.757,0,126744.000,131751,192000,3999.188,120.0,8,32,2,0.00000
126.757,1,126744.000,131751,192000,3999.188,120.0,8,32,2,0.00000
126.757,2,126744.000,131751,192000,3999.188,120.0,8,32,2,0.00000
126.862,0,126849.000,136760,192000,3999.833,120.0,8,32,2,0.00000
126.862,1,126849.000,136760,192000,3999.833,120.0,8,32,2,0.00000
126.862,2,126849.000,136760,192000,3999.833,120.0,8,32,2,0.00000
126.963,0,126950.000,141639,192000,3999.188,120.0,8,32,2,0.00000
126.963,1,126950.000,141639,192000,3999.188,120.0,8,32,2,0.00000
126.963,2,126950.000,141639,192000,3999.188,120.0,8,32,2,0.00000
127.065,0,127052.000,146535,192000,3999.188,120.0,8,32,2,0.00000
127.065,1,127052.000,146535,192000,3999.188,120.0,8,32,2,0.00000
127.065,2,127052.000,146535,192000,3999.188,120.0,8,32,2,0.00000
127.166,0,127153.000,151371,192000,3999.438,120.0,8,32,2,0.00000
127.166,1,127153.000,151371,192000,3999.438,120.0,8,32,2,0.00000
127.166,2,127153.000,151371,192000,3999.438,120.0,8,32,2,0.00000
127.268,0,127255.000,156278,192000,3999.208,120.0,8,32,2,0.00000
127.268,1,127255.000,156278,192000,3999.208,120.0,8,32,2,0.00000
127.268,2,127255.000,156278,192000,3999.208,120.0,8,32,2,0.00000
127.369,0,127356.000,161099,192000,3999.771,120.0,8,32,2,0.00000
127.369,1,127356.000,161099,192000,3999.771,120.0,8,32,2,0.00000
127.369,2,127356.000,161099,192000,3999.771,120.0,8,32,2,0.00000
127.469,0,127456.000,165906,192000,3999.625,120.0,8,32,2,0.00000
127.469,1,127456.000,165906,192000,3999.625,120.0,8,32,2,0.00000
127.469,2,127456.000,165906,192000,3999.625,120.0,8,32,2,0.00000
127.569,0,127557.000,170740,192000,3999.917,120.0,8,32,2,0.00000
127.569,1,127557.000,170740,192000,3999.917,120.0,8,32,2,0.00000
127.569,2,127557.000,170740,192000,3999.917,120.0,8,32,2,0.00000
127.671,0,127658.000,175622,192000,3999.208,120.0,8,32,2,0.00000
127.671,1,127658.000,175622,192000,3999.208,120.0,8,32,2,0.00000
127.671,2,127658.000,175622,192000,3999.208,120.0,8,32,2,0.00000
127.773,0,127760.000,180493,192000,3999.729,120.0,8,32,2,0.00000
127.773,1,127760.000,180493,192000,3999.729,120.0,8,32,2,0.00000
127.773,2,127760.000,180493,192000,3999.729,120.0,8,32,2,0.00000
127.874,0,127861.000,185366,192000,3999.208,120.0,8,32,2,0.00000
127.874,1,127861.000,185366,192000,3999.208,120.0,8,32,2,0.00000
127.874,2,127861.000,185366,192000,3999.208,120.0,8,32,2,0.00000
127.976,0,127963.000,190237,192000,3999.729,120.0,8,32,2,0.00000
127.976,1,127963.000,190237,192000,3999.729,120.0,8,32,2,0.00000
127.976,2,127963.000,190237,192000,3999.729,120.0,8,32,2,0.00000
128.077,0,128064.000,3117,192000,3999.062,120.0,8,33,2,0.10534
128.077,1,128064.000,3117,192000,3999.062,120.0,8,33,2,0.10524
128.077,2,128064.000,3117,192000,3999.062,120.0,8,33,2,0.10534
128.178,0,128165.000,7933,192000,3999.729,120.0,8,33,2,0.06940
128.178,1,128165.000,7933,192000,3999.729,120.0,8,33,2,0.06934
128.178,2,128165.000,7933,192000,3999.729,120.0,8,33,2,0.06940
128.279,0,128266.000,12815,192000,3999.021,120.0,8,33,2,0.04547
128.279,1,128266.000,12815,192000,3999.021,120.0,8,33,2,0.04542
128.279,2,128266.000,12815,192000,3999.021,120.0,8,33,2,0.04547
128.381,0,128368.000,17707,192000,3999.104,120.0,8,33,2,0.02976
128.381,1,128368.000,17707,192000,3999.104,120.0,8,33,2,0.02973
128.381,2,128368.000,17707,192000,3999.104,120.0,8,33,2,0.02976
128.483,0,128470.000,22600,192000,3999.167,120.0,8,33,2,0.01948
128.483,1,128470.000,22600,192000,3999.167,120.0,8,33,2,0.01946
128.483,2,128470.000,22600,192000,3999.167,120.0,8,33,2,0.01948
128.586,0,128573.000,27528,192000,3999.500,120.0,8,33,2,0.01271
128.586,1,128573.000,27528,192000,3999.500,120.0,8,33,2,0.01270
128.586,2,128573.000,27528,192000,3999.500,120.0,8,33,2,0.01271
128.687,0,128674.000,32366,192000,3999.708,120.0,8,33,2,0.00836
128.687,1,128674.000,32366,192000,3999.708,120.0,8,33,2,0.00835
128.687,2,128674.000,32366,192000,3999.708,120.0,8,33,2,0.00836
128.789,0,128776.000,37272,192000,3999.500,120.0,8,33,2,0.00546
128.789,1,128776.000,37272,192000,3999.500,120.0,8,33,2,0.00546
128.789,2,128776.000,37272,192000,3999.500,120.0,8,33,2,0.00546
128.891,0,128878.000,42168,192000,3999.500,120.0,8,33,2,0.00357
128.891,1,128878.000,42168,192000,3999.500,120.0,8,33,2,0.00357
128.891,2,128878.000,42168,192000,3999.500,120.0,8,33,2,0.00357
128.991,0,128978.000,46981,192000,3999.229,120.0,8,33,2,0.00236
128.991,1,128978.000,46981,192000,3999.229,120.0,8,33,2,0.00235
128.991,2,128978.000,46981,192000,3999.229,120.0,8,33,2,0.00236
129.094,0,129081.000,51914,192000,3999.458,120.0,8,33,2,0.00154
129.094,1,129081.000,51914,192000,3999.458,120.0,8,33,2,0.00153
129.094,2,129081.000,51914,192000,3999.458,120.0,8,33,2,0.00154
129.195,0,129182.000,56752,192000,3999.667,120.0,8,33,2,0.00101
129.195,1,129182.000,56752,192000,3999.667,120.0,8,33,2,0.00101
129.195,2,129182.000,56752,192000,3999.667,120.0,8,33,2,0.00101
129.297,0,129284.000,61648,192000,3999.667,120.0,8,33,2,0.00066
129.297,1,129284.000,61648,192000,3999.667,120.0,8,33,2,0.00066
129.297,2,129284.000,61648,192000,3999.667,120.0,8,33,2,0.00066
129.398,0,129386.000,66531,192000,3999.938,120.0,8,33,2,0.00043
129.398,1,129386.000,66531,192000,3999.938,120.0,8,33,2,0.00043
129.398,2,129386.000,66531,192000,3999.938,120.0,8,33,2,0.00043
129.499,0,129486.000,71346,192000,3999.625,120.0,8,33,2,0.00029
129.499,1,129486.000,71346,192000,3999.625,120.0,8,33,2,0.00028
129.499,2,129486.000,71346,192000,3999.625,120.0,8,33,2,0.00029
129.600,0,129588.000,76229,192000,3999.896,120.0,8,33,2,0.00019
129.600,1,129588.000,76229,192000,3999.896,120.0,8,33,2,0.00019
129.600,2,129588.000,76229,192000,3999.896,120.0,8,33,2,0.00019
129.701,0,129688.000,81042,192000,3999.625,120.0,8,33,2,0.00012
129.701,1,129688.000,81042,192000,3999.625,120.0,8,33,2,0.00012
129.701,2,129688.000,81042,192000,3999.625,120.0,8,33,2,0.00012
129.802,0,129789.000,85894,192000,3999.542,120.0,8,33,2,0.00008
129.802,1,129789.000,85894,192000,3999.542,120.0,8,33,2,0.00008
129.802,2,129789.000,85894,192000,3999.542,120.0,8,33,2,0.00008
129.902,0,129889.000,90698,192000,3999.458,120.0,8,33,2,0.00005
129.902,1,129889.000,90698,192000,3999.458,120.0,8,33,2,0.00005
129.902,2,129889.000,90698,192000,3999.458,120.0,8,33,2,0.00005
130.005,0,129992.000,95626,192000,3999.792,120.0,8,33,2,0.00003
130.005,1,129992.000,95626,192000,3999.792,120.0,8,33,2,0.00003
130.005,2,129992.000,95626,192000,3999.792,120.0,8,33,2,0.00003
130.106,0,130093.000,100492,192000,3999.417,120.0,8,33,2,0.00002
130.106,1,130093.000,100492,192000,3999.417,120.0,8,33,2,0.00002
130.106,2,130093.000,100492,192000,3999.417,120.0,8,33,2,0.00002
130.209,0,130196.000,105449,192000,3999.146,120.0,8,33,2,0.00001
130.209,1,130196.000,105449,192000,3999.146,120.0,8,33,2,0.00001
130.209,2,130196.000,105449,192000,3999.146,120.0,8,33,2,0.00001
130.312,0,130299.000,110379,192000,3999.438,120.0,8,33,2,0.00001
130.312,1,130299.000,110379,192000,3999.438,120.0,8,33,2,0.00001
130.312,2,130299.000,110379,192000,3999.438,120.0,8,33,2,0.00001
130.413,0,130400.000,115220,192000,3999.583,120.0,8,33,2,0.00001
130.413,1,130400.000,115220,192000,3999.583,120.0,8,33,2,0.00001
130.413,2,130400.000,115220,192000,3999.583,120.0,8,33,2,0.00001
130.513,0,130500.000,120036,192000,3999.250,120.0,8,33,2,0.00000
130.513,1,130500.000,120036,192000,3999.250,120.0,8,33,2,0.00000
130.513,2,130500.000,120036,192000,3999.250,120.0,8,33,2,0.00000
130.616,0,130603.000,124973,192000,3999.396,120.0,8,33,2,0.00000
130.616,1,130603.000,124973,192000,3999.396,120.0,8,33,2,0.00000
130.616,2,130603.000,124973,192000,3999.396,120.0,8,33,2,0.00000
130.716,0,130703.000,129775,192000,3999.354,120.0,8,33,2,0.00000
130.716,1,130703.000,129775,192000,3999.354,120.0,8,33,2,0.00000
130.716,2,130703.000,129775,192000,3999.354,120.0,8,33,2,0.00000
130.817,0,130804.000,134601,192000,3999.812,120.0,8,33,2,0.00000
130.817,1,130804.000,134601,192000,3999.812,120.0,8,33,2,0.00000
130.817,2,130804.000,134601,192000,3999.812,120.0,8,33,2,0.00000
130.919,0,130906.000,139496,192000,3999.833,120.0,8,33,2,0.00000
130.919,1,130906.000,139496,192000,3999.833,120.0,8,33,2,0.00000
130.919,2,130906.000,139496,192000,3999.833,120.0,8,33,2,0.00000
131.021,0,131008.000,144405,192000,3999.562,120.0,8,33,2,0.00000
131.021,1,131008.000,144405,192000,3999.562,120.0,8,33,2,0.00000
131.021,2,131008.000,144405,192000,3999.562,120.0,8,33,2,0.00000
131.121,0,131108.000,149211,192000,3999.438,120.0,8,33,2,0.00000
131.121,1,131108.000,149211,192000,3999.438,120.0,8,33,2,0.00000
131.121,2,131108.000,149211,192000,3999.438,120.0,8,33,2,0.00000
131.221,0,131208.000,154019,192000,3999.271,120.0,8,33,2,0.00000
131.221,1,131208.000,154019,192000,3999.271,120.0,8,33,2,0.00000
131.221,2,131208.000,154019,192000,3999.271,120.0,8,33,2,0.00000
131.322,0,131310.000,158886,192000,3999.875,120.0,8,33,2,0.00000
131.322,1,131310.000,158886,192000,3999.875,120.0,8,33,2,0.00000
131.322,2,131310.000,158886,192000,3999.875,120.0,8,33,2,0.00000
131.424,0,131411.000,163758,192000,3999.375,120.0,8,33,2,0.00000
131.424,1,131411.000,163758,192000,3999.375,120.0,8,33,2,0.00000
131.424,2,131411.000,163758,192000,3999.375,120.0,8,33,2,0.00000
131.524,0,131511.000,168564,192000,3999.250,120.0,8,33,2,0.00000
131.524,1,131511.000,168564,192000,3999.250,120.0,8,33,2,0.00000
131.524,2,131511.000,168564,192000,3999.250,120.0,8,33,2,0.00000
131.627,0,131614.000,173500,192000,3999.417,120.0,8,33,2,0.00000
131.627,1,131614.000,173500,192000,3999.417,120.0,8,33,2,0.00000
131.627,2,131614.000,173500,192000,3999.417,120.0,8,33,2,0.00000
131.729,0,131716.000,178387,192000,3999.604,120.0,8,33,2,0.00000
131.729,1,131716.000,178387,192000,3999.604,120.0,8,33,2,0.00000
131.729,2,131716.000,178387,192000,3999.604,120.0,8,33,2,0.00000
131.830,0,131817.000,183248,192000,3999.333,120.0,8,33,2,0.00000
131.830,1,131817.000,183248,192000,3999.333,120.0,8,33,2,0.00000
131.830,2,131817.000,183248,192000,3999.333,120.0,8,33,2,0.00000
131.931,0,131918.000,188079,192000,3999.688,120.0,8,33,2,0.00000
131.931,1,131918.000,188079,192000,3999.688,120.0,8,33,2,0.00000
131.931,2,131918.000,188079,192000,3999.688,120.0,8,33,2,0.00000
132.031,0,132018.000,907,192000,3999.104,120.0,8,34,2,0.00000
132.031,1,132018.000,907,192000,3999.104,120.0,8,34,2,0.00000
132.031,2,132018.000,907,192000,3999.104,120.0,8,34,2,0.00000
132.133,0,132120.000,5793,192000,3999.312,120.0,8,34,2,0.00000
132.133,1,132120.000,5793,192000,3999.312,120.0,8,34,2,0.00000
132.133,2,132120.000,5793,192000,3999.312,120.0,8,34,2,0.00000
132.234,0,132221.000,10624,192000,3999.667,120.0,8,34,2,0.00000
132.234,1,132221.000,10624,192000,3999.667,120.0,8,34,2,0.00000
132.234,2,132221.000,10624,192000,3999.667,120.0,8,34,2,0.00000
132.341,0,132328.000,15788,192000,3999.083,120.0,8,34,2,0.00000
132.341,1,132328.000,15788,192000,3999.083,120.0,8,34,2,0.00000
132.341,2,132328.000,15788,192000,3999.083,120.0,8,34,2,0.00000
132.442,0,132429.000,20630,192000,3999.208,120.0,8,34,2,0.00000
132.442,1,132429.000,20630,192000,3999.208,120.0,8,34,2,0.00000
132.442,2,132429.000,20630,192000,3999.208,120.0,8,34,2,0.00000
132.544,0,132531.000,25511,192000,3999.521,120.0,8,34,2,0.00000
132.544,1,132531.000,25511,192000,3999.521,120.0,8,34,2,0.00000
132.544,2,132531.000,25511,192000,3999.521,120.0,8,34,2,0.00000
132.645,0,132632.000,30349,192000,3999.729,120.0,8,34,2,0.00000
132.645,1,132632.000,30349,192000,3999.729,120.0,8,34,2,0.00000
132.645,2,132632.000,30349,192000,3999.729,120.0,8,34,2,0.00000
132.746,0,132733.000,35221,192000,3999.229,120.0,8,34,2,0.00000
132.746,1,132733.000,35221,192000,3999.229,120.0,8,34,2,0.00000
132.746,2,132733.000,35221,192000,3999.229,120.0,8,34,2,0.00000
132.849,0,132836.000,40155,192000,3999.438,120.0,8,34,2,0.00000
132.849,1,132836.000,40155,192000,3999.438,120.0,8,34,2,0.00000
132.849,2,132836.000,40155,192000,3999.438,120.0,8,34,2,0.00000
132.952,0,132939.000,45092,192000,3999.583,120.0,8,34,2,0.00000
132.952,1,132939.000,45092,192000,3999.583,120.0,8,34,2,0.00000
132.952,2,132939.000,45092,192000,3999.583,120.0,8,34,2,0.00000
133.052,0,133039.000,49893,192000,3999.562,120.0,8,34,2,0.00000
133.052,1,133039.000,49893,192000,3999.562,120.0,8,34,2,0.00000
133.052,2,133039.000,49893,192000,3999.562,120.0,8,34,2,0.00000
133.152,0,133139.000,54700,192000,3999.417,120.0,8,34,2,0.00000
133.152,1,133139.000,54700,192000,3999.417,120.0,8,34,2,0.00000
133.152,2,133139.000,54700,192000,3999.417,120.0,8,34,2,0.00000
133.252,0,133239.000,59509,192000,3999.229,120.0,8,34,2,0.00000
133.252,1,133239.000,59509,192000,3999.229,120.0,8,34,2,0.00000
133.252,2,133239.000,59509,192000,3999.229,120.0,8,34,2,0.00000
133.354,0,133341.000,64397,192000,3999.396,120.0,8,34,2,0.00000
133.354,1,133341.000,64397,192000,3999.396,120.0,8,34,2,0.00000
133.354,2,133341.000,64397,192000,3999.396,120.0,8,34,2,0.00000
133.454,0,133441.000,69208,192000,3999.167,120.0,8,34,2,0.00000
133.454,1,133441.000,69208,192000,3999.167,120.0,8,34,2,0.00000
133.454,2,133441.000,69208,192000,3999.167,120.0,8,34,2,0.00000
133.559,0,133547.000,74258,192000,3999.958,120.0,8,34,2,0.00000
133.559,1,133547.000,74258,192000,3999.958,120.0,8,34,2,0.00000
133.559,2,133547.000,74258,192000,3999.958,120.0,8,34,2,0.00000
133.662,0,133649.000,79164,192000,3999.750,120.0,8,34,2,0.00000
133.662,1,133649.000,79164,192000,3999.750,120.0,8,34,2,0.00000
133.662,2,133649.000,79164,192000,3999.750,120.0,8,34,2,0.00000
133.764,0,133751.000,84078,192000,3999.375,120.0,8,34,2,0.00000
133.764,1,133751.000,84078,192000,3999.375,120.0,8,34,2,0.00000
133.764,2,133751.000,84078,192000,3999.375,120.0,8,34,2,0.00000
133.864,0,133851.000,88879,192000,3999.354,120.0,8,34,2,0.00000
133.864,1,133851.000,88879,192000,3999.354,120.0,8,34,2,0.00000
133.864,2,133851.000,88879,192000,3999.354,120.0,8,34,2,0.00000
133.966,0,133953.000,93754,192000,3999.792,120.0,8,34,2,0.00000
133.966,1,133953.000,93754,192000,3999.792,120.0,8,34,2,0.00000
133.966,2,133953.000,93754,192000,3999.792,120.0,8,34,2,0.00000
134.067,0,134054.000,98612,192000,3999.583,120.0,8,34,2,0.00000
134.067,1,134054.000,98612,192000,3999.583,120.0,8,34,2,0.00000
134.067,2,134054.000,98612,192000,3999.583,120.0,8,34,2,0.00000
134.168,0,134155.000,103457,192000,3999.646,120.0,8,34,2,0.00000
134.168,1,134155.000,103457,192000,3999.646,120.0,8,34,2,0.00000
134.168,2,134155.000,103457,192000,3999.646,120.0,8,34,2,0.00000
134.269,0,134256.000,108323,192000,3999.271,120.0,8,34,2,0.00000
134.269,1,134256.000,108323,192000,3999.271,120.0,8,34,2,0.00000
134.269,2,134256.000,108323,192000,3999.271,120.0,8,34,2,0.00000
134.371,0,134358.000,113229,192000,3999.062,120.0,8,34,2,0.00000
134.371,1,134358.000,113229,192000,3999.062,120.0,8,34,2,0.00000
134.371,2,134358.000,113229,192000,3999.062,120.0,8,34,2,0.00000
134.475,0,134462.000,118182,192000,3999.875,120.0,8,34,2,0.00000
134.475,1,134462.000,118182,192000,3999.875,120.0,8,34,2,0.00000
134.475,2,134462.000,118182,192000,3999.875,120.0,8,34,2,0.00000
134.575,0,134562.000,122984,192000,3999.833,120.0,8,34,2,0.00000
134.575,1,134562.000,122984,192000,3999.833,120.0,8,34,2,0.00000
134.575,2,134562.000,122984,192000,3999.833,120.0,8,34,2,0.00000
134.677,0,134664.000,127890,192000,3999.625,120.0,8,34,2,0.00000
134.677,1,134664.000,127890,192000,3999.625,120.0,8,34,2,0.00000
134.677,2,134664.000,127890,192000,3999.625,120.0,8,34,2,0.00000
134.778,0,134765.000,132762,192000,3999.125,120.0,8,34,2,0.00000
134.778,1,134765.000,132762,192000,3999.125,120.0,8,34,2,0.00000
134.778,2,134765.000,132762,192000,3999.125,120.0,8,34,2,0.00000
134.879,0,134866.000,137614,192000,3999.042,120.0,8,34,2,0.00000
134.879,1,134866.000,137614,192000,3999.042,120.0,8,34,2,0.00000
134.879,2,134866.000,137614,192000,3999.042,120.0,8,34,2,0.00000
134.980,0,134967.000,142448,192000,3999.333,120.0,8,34,2,0.00000
134.980,1,134967.000,142448,192000,3999.333,120.0,8,34,2,0.00000
134.980,2,134967.000,142448,192000,3999.333,120.0,8,34,2,0.00000
135.080,0,135067.000,147251,192000,3999.271,120.0,8,34,2,0.00000
135.080,1,135067.000,147251,192000,3999.271,120.0,8,34,2,0.00000
135.080,2,135067.000,147251,192000,3999.271,120.0,8,34,2,0.00000
135.180,0,135167.000,152054,192000,3999.208,120.0,8,34,2,0.00000
135.180,1,135167.000,152054,192000,3999.208,120.0,8,34,2,0.00000
135.180,2,135167.000,152054,192000,3999.208,120.0,8,34,2,0.00000
135.281,0,135268.000,156901,192000,3999.229,120.0,8,34,2,0.00000
135.281,1,135268.000,156901,192000,3999.229,120.0,8,34,2,0.00000
135.281,2,135268.000,156901,192000,3999.229,120.0,8,34,2,0.00000
135.383,0,135370.000,161795,192000,3999.271,120.0,8,34,2,0.00000
135.383,1,135370.000,161795,192000,3999.271,120.0,8,34,2,0.00000
135.383,2,135370.000,161795,192000,3999.271,120.0,8,34,2,0.00000
135.486,0,135473.000,166718,192000,3999.708,120.0,8,34,2,0.00000
135.486,1,135473.000,166718,192000,3999.708,120.0,8,34,2,0.00000
135.486,2,135473.000,166718,192000,3999.708,120.0,8,34,2,0.00000
135.587,0,135574.000,171583,192000,3999.354,120.0,8,34,2,0.00000
135.587,1,135574.000,171583,192000,3999.354,120.0,8,34,2,0.00000
135.587,2,135574.000,171583,192000,3999.354,120.0,8,34,2,0.00000
135.689,0,135676.000,176458,192000,3999.792,120.0,8,34,2,0.00000
135.689,1,135676.000,176458,192000,3999.792,120.0,8,34,2,0.00000
135.689,2,135676.000,176458,192000,3999.792,120.0,8,34,2,0.00000
135.791,0,135778.000,181389,192000,3999.062,120.0,8,34,2,0.00000
135.791,1,135778.000,181389,192000,3999.062,120.0,8,34,2,0.00000
135.791,2,135778.000,181389,192000,3999.062,120.0,8,34,2,0.00000
135.891,0,135879.000,186193,192000,3999.979,120.0,8,34,2,0.00000
135.891,1,135879.000,186193,192000,3999.979,120.0,8,34,2,0.00000
135.891,2,135879.000,186193,192000,3999.979,120.0,8,34,2,0.00000
135.993,0,135980.000,191048,192000,3999.833,120.0,8,34,2,0.00000
135.993,1,135980.000,191048,192000,3999.833,120.0,8,34,2,0.00000
135.993,2,135980.000,191048,192000,3999.833,120.0,8,34,2,0.00000
136.096,0,136083.000,3991,192000,3999.854,120.0,8,35,2,0.00000
136.096,1,136083.000,3991,192000,3999.854,120.0,8,35,2,0.00000
136.096,2,136083.000,3991,192000,3999.854,120.0,8,35,2,0.00000
136.198,0,136185.000,8893,192000,3999.729,120.0,8,35,2,0.00000
136.198,1,136185.000,8893,192000,3999.729,120.0,8,35,2,0.00000
136.198,2,136185.000,8893,192000,3999.729,120.0,8,35,2,0.00000
136.299,0,136286.000,13767,192000,3999.188,120.0,8,35,2,0.00000
136.299,1,136286.000,13767,192000,3999.188,120.0,8,35,2,0.00000
136.299,2,136286.000,13767,192000,3999.188,120.0,8,35,2,0.00000
136.402,0,136389.000,18683,192000,3999.771,120.0,8,35,2,0.00000
136.402,1,136389.000,18683,192000,3999.771,120.0,8,35,2,0.00000
136.402,2,136389.000,18683,192000,3999.771,120.0,8,35,2,0.00000
136.503,0,136490.000,23567,192000,3999.021,120.0,8,35,2,0.00000
136.503,1,136490.000,23567,192000,3999.021,120.0,8,35,2,0.00000
136.503,2,136490.000,23567,192000,3999.021,120.0,8,35,2,0.00000
136.605,0,136592.000,28452,192000,3999.250,120.0,8,35,2,0.00000
136.605,1,136592.000,28452,192000,3999.250,120.0,8,35,2,0.00000
136.605,2,136592.000,28452,192000,3999.250,120.0,8,35,2,0.00000
136.706,0,136693.000,33275,192000,3999.771,120.0,8,35,2,0.00000
136.706,1,136693.000,33275,192000,3999.771,120.0,8,35,2,0.00000
136.706,2,136693.000,33275,192000,3999.771,120.0,8,35,2,0.00000
136.807,0,136794.000,38127,192000,3999.688,120.0,8,35,2,0.00000
136.807,1,136794.000,38127,192000,3999.688,120.0,8,35,2,0.00000
136.807,2,136794.000,38127,192000,3999.688,120.0,8,35,2,0.00000
136.907,0,136894.000,42946,192000,3999.292,120.0,8,35,2,0.00000
136.907,1,136894.000,42946,192000,3999.292,120.0,8,35,2,0.00000
136.907,2,136894.000,42946,192000,3999.292,120.0,8,35,2,0.00000
137.009,0,136996.000,47830,192000,3999.542,120.0,8,35,2,0.00000
137.009,1,136996.000,47830,192000,3999.542,120.0,8,35,2,0.00000
137.009,2,136996.000,47830,192000,3999.542,120.0,8,35,2,0.00000
137.110,0,137097.000,52685,192000,3999.396,120.0,8,35,2,0.00000
137.110,1,137097.000,52685,192000,3999.396,120.0,8,35,2,0.00000
137.110,2,137097.000,52685,192000,3999.396,120.0,8,35,2,0.00000
137.212,0,137199.000,57591,192000,3999.188,120.0,8,35,2,0.00000
137.212,1,137199.000,57591,192000,3999.188,120.0,8,35,2,0.00000
137.212,2,137199.000,57591,192000,3999.188,120.0,8,35,2,0.00000
137.315,0,137302.000,62526,192000,3999.375,120.0,8,35,2,0.00000
137.315,1,137302.000,62526,192000,3999.375,120.0,8,35,2,0.00000
137.315,2,137302.000,62526,192000,3999.375,120.0,8,35,2,0.00000
137.415,0,137402.000,67327,192000,3999.354,120.0,8,35,2,0.00000
137.415,1,137402.000,67327,192000,3999.354,120.0,8,35,2,0.00000
137.415,2,137402.000,67327,192000,3999.354,120.0,8,35,2,0.00000
137.518,0,137505.000,72249,192000,3999.812,120.0,8,35,2,0.00000
137.518,1,137505.000,72249,192000,3999.812,120.0,8,35,2,0.00000
137.518,2,137505.000,72249,192000,3999.812,120.0,8,35,2,0.00000
137.618,0,137605.000,77055,192000,3999.688,120.0,8,35,2,0.00000
137.618,1,137605.000,77055,192000,3999.688,120.0,8,35,2,0.00000
137.618,2,137605.000,77055,192000,3999.688,120.0,8,35,2,0.00000
137.720,0,137707.000,81977,192000,3999.146,120.0,8,35,2,0.00000
137.720,1,137707.000,81977,192000,3999.146,120.0,8,35,2,0.00000
137.720,2,137707.000,81977,192000,3999.146,120.0,8,35,2,0.00000
137.821,0,137808.000,86791,192000,3999.854,120.0,8,35,2,0.00000
137.821,1,137808.000,86791,192000,3999.854,120.0,8,35,2,0.00000
137.821,2,137808.000,86791,192000,3999.854,120.0,8,35,2,0.00000
137.923,0,137910.000,91726,192000,3999.042,120.0,8,35,2,0.00000
137.923,1,137910.000,91726,192000,3999.042,120.0,8,35,2,0.00000
137.923,2,137910.000,91726,192000,3999.042,120.0,8,35,2,0.00000
138.023,0,138011.000,96530,192000,3999.958,120.0,8,35,2,0.00000
138.023,1,138011.000,96530,192000,3999.958,120.0,8,35,2,0.00000
138.023,2,138011.000,96530,192000,3999.958,120.0,8,35,2,0.00000
138.126,0,138113.000,101456,192000,3999.333,120.0,8,35,2,0.00000
138.126,1,138113.000,101456,192000,3999.333,120.0,8,35,2,0.00000
138.126,2,138113.000,101456,192000,3999.333,120.0,8,35,2,0.00000
138.229,0,138216.000,106377,192000,3999.812,120.0,8,35,2,0.00000
138.229,1,138216.000,106377,192000,3999.812,120.0,8,35,2,0.00000
138.229,2,138216.000,106377,192000,3999.812,120.0,8,35,2,0.00000
138.329,0,138316.000,111188,192000,3999.583,120.0,8,35,2,0.00000
138.329,1,138316.000,111188,192000,3999.583,120.0,8,35,2,0.00000
138.329,2,138316.000,111188,192000,3999.583,120.0,8,35,2,0.00000
138.429,0,138416.000,115993,192000,3999.479,120.0,8,35,2,0.00000
138.429,1,138416.000,115993,192000,3999.479,120.0,8,35,2,0.00000
138.429,2,138416.000,115993,192000,3999.479,120.0,8,35,2,0.00000
138.530,0,138517.000,120840,192000,3999.500,120.0,8,35,2,0.00000
138.530,1,138517.000,120840,192000,3999.500,120.0,8,35,2,0.00000
138.530,2,138517.000,120840,192000,3999.500,120.0,8,35,2,0.00000
138.630,0,138617.000,125647,192000,3999.354,120.0,8,35,2,0.00000
138.630,1,138617.000,125647,192000,3999.354,120.0,8,35,2,0.00000
138.630,2,138617.000,125647,192000,3999.354,120.0,8,35,2,0.00000
138.733,0,138720.000,130588,192000,3999.417,120.0,8,35,2,0.00000
138.733,1,138720.000,130588,192000,3999.417,120.0,8,35,2,0.00000
138.733,2,138720.000,130588,192000,3999.417,120.0,8,35,2,0.00000
138.835,0,138822.000,135480,192000,3999.500,120.0,8,35,2,0.00000
138.835,1,138822.000,135480,192000,3999.500,120.0,8,35,2,0.00000
138.835,2,138822.000,135480,192000,3999.500,120.0,8,35,2,0.00000
138.935,0,138923.000,140304,192000,0.000,120.0,8,35,2,0.00000
138.935,1,138923.000,140304,192000,0.000,120.0,8,35,2,0.00000
138.935,2,138923.000,140304,192000,0.000,120.0,8,35,2,0.00000
139.037,0,139024.000,145160,192000,3999.833,120.0,8,35,2,0.00000
139.037,1,139024.000,145160,192000,3999.833,120.0,8,35,2,0.00000
139.037,2,139024.000,145160,192000,3999.833,120.0,8,35,2,0.00000
139.138,0,139125.000,150041,192000,3999.146,120.0,8,35,2,0.00000
139.138,1,139125.000,150041,192000,3999.146,120.0,8,35,2,0.00000
139.138,2,139125.000,150041,192000,3999.146,120.0,8,35,2,0.00000
139.238,0,139226.000,154848,192000,0.000,120.0,8,35,2,0.00000
139.238,1,139226.000,154848,192000,0.000,120.0,8,35,2,0.00000
139.238,2,139226.000,154848,192000,0.000,120.0,8,35,2,0.00000
139.340,0,139327.000,159704,192000,3999.833,120.0,8,35,2,0.00000
139.340,1,139327.000,159704,192000,3999.833,120.0,8,35,2,0.00000
139.340,2,139327.000,159704,192000,3999.833,120.0,8,35,2,0.00000
139.440,0,139427.000,164533,192000,3999.229,120.0,8,35,2,0.00000
139.440,1,139427.000,164533,192000,3999.229,120.0,8,35,2,0.00000
139.440,2,139427.000,164533,192000,3999.229,120.0,8,35,2,0.00000
139.541,0,139528.000,169371,192000,3999.438,120.0,8,35,2,0.00000
139.541,1,139528.000,169371,192000,3999.438,120.0,8,35,2,0.00000
139.541,2,139528.000,169371,192000,3999.438,120.0,8,35,2,0.00000
139.642,0,139629.000,174200,192000,3999.833,120.0,8,35,2,0.00000
139.642,1,139629.000,174200,192000,3999.833,120.0,8,35,2,0.00000
139.642,2,139629.000,174200,192000,3999.833,120.0,8,35,2,0.00000
139.744,0,139732.000,179139,192000,3999.938,120.0,8,35,2,0.00000
139.744,1,139732.000,179139,192000,3999.938,120.0,8,35,2,0.00000
139.744,2,139732.000,179139,192000,3999.938,120.0,8,35,2,0.00000
139.846,0,139833.000,183993,192000,3999.812,120.0,8,35,2,0.00000
139.846,1,139833.000,183993,192000,3999.812,120.0,8,35,2,0.00000
139.846,2,139833.000,183993,192000,3999.812,120.0,8,35,2,0.00000
139.947,0,139934.000,188850,192000,3999.625,120.0,8,35,2,0.00000
139.947,1,139934.000,188850,192000,3999.625,120.0,8,35,2,0.00000
139.947,2,139934.000,188850,192000,3999.625,120.0,8,35,2,0.00000
140.049,0,140036.000,1744,192000,3999.667,120.0,8,36,2,0.11860
140.049,1,140036.000,1744,192000,3999.667,120.0,8,36,2,0.11849
140.049,2,140036.000,1744,192000,3999.667,120.0,8,36,2,0.11860
140.150,0,140137.000,6582,192000,3999.875,120.0,8,36,2,0.07799
140.150,1,140137.000,6582,192000,3999.875,120.0,8,36,2,0.07791
140.150,2,140137.000,6582,192000,3999.875,120.0,8,36,2,0.07799
140.250,0,140237.000,11418,192000,3999.125,120.0,8,36,2,0.05129
140.250,1,140237.000,11418,192000,3999.125,120.0,8,36,2,0.05124
140.250,2,140237.000,11418,192000,3999.125,120.0,8,36,2,0.05129
140.353,0,140340.000,16337,192000,3999.646,120.0,8,36,2,0.03349
140.353,1,140340.000,16337,192000,3999.646,120.0,8,36,2,0.03346
140.353,2,140340.000,16337,192000,3999.646,120.0,8,36,2,0.03349
140.453,0,140440.000,21151,192000,3999.354,120.0,8,36,2,0.02207
140.453,1,140440.000,21151,192000,3999.354,120.0,8,36,2,0.02205
140.453,2,140440.000,21151,192000,3999.354,120.0,8,36,2,0.02207
140.553,0,140540.000,25952,192000,3999.333,120.0,8,36,2,0.01456
140.553,1,140540.000,25952,192000,3999.333,120.0,8,36,2,0.01455
140.553,2,140540.000,25952,192000,3999.333,120.0,8,36,2,0.01456
140.655,0,140643.000,30870,192000,3999.875,120.0,8,36,2,0.00951
140.655,1,140643.000,30870,192000,3999.875,120.0,8,36,2,0.00950
140.655,2,140643.000,30870,192000,3999.875,120.0,8,36,2,0.00951
140.758,0,140745.000,35807,192000,3999.021,120.0,8,36,2,0.00620
140.758,1,140745.000,35807,192000,3999.021,120.0,8,36,2,0.00619
140.758,2,140745.000,35807,192000,3999.021,120.0,8,36,2,0.00620
140.862,0,140849.000,40758,192000,3999.875,120.0,8,36,2,0.00404
140.862,1,140849.000,40758,192000,3999.875,120.0,8,36,2,0.00403
140.862,2,140849.000,40758,192000,3999.875,120.0,8,36,2,0.00404
140.964,0,140952.000,45696,192000,0.000,120.0,8,36,2,0.00263
140.964,1,140952.000,45696,192000,0.000,120.0,8,36,2,0.00263
140.964,2,140952.000,45696,192000,0.000,120.0,8,36,2,0.00263
141.067,0,141054.000,50639,192000,3999.021,120.0,8,36,2,0.00171
141.067,1,141054.000,50639,192000,3999.021,120.0,8,36,2,0.00171
141.067,2,141054.000,50639,192000,3999.021,120.0,8,36,2,0.00171
141.169,0,141156.000,55507,192000,3999.604,120.0,8,36,2,0.00112
141.169,1,141156.000,55507,192000,3999.604,120.0,8,36,2,0.00112
141.169,2,141156.000,55507,192000,3999.604,120.0,8,36,2,0.00112
141.271,0,141258.000,60399,192000,3999.688,120.0,8,36,2,0.00074
141.271,1,141258.000,60399,192000,3999.688,120.0,8,36,2,0.00074
141.271,2,141258.000,60399,192000,3999.688,120.0,8,36,2,0.00074
141.373,0,141360.000,65301,192000,3999.562,120.0,8,36,2,0.00048
141.373,1,141360.000,65301,192000,3999.562,120.0,8,36,2,0.00048
141.373,2,141360.000,65301,192000,3999.562,120.0,8,36,2,0.00048
141.474,0,141461.000,70162,192000,3999.292,120.0,8,36,2,0.00032
141.474,1,141461.000,70162,192000,3999.292,120.0,8,36,2,0.00032
141.474,2,141461.000,70162,192000,3999.292,120.0,8,36,2,0.00032
141.576,0,141564.000,75073,192000,3999.979,120.0,8,36,2,0.00021
141.576,1,141564.000,75073,192000,3999.979,120.0,8,36,2,0.00021
141.576,2,141564.000,75073,192000,3999.979,120.0,8,36,2,0.00021
141.679,0,141666.000,80012,192000,3999.083,120.0,8,36,2,0.00013
141.679,1,141666.000,80012,192000,3999.083,120.0,8,36,2,0.00013
141.679,2,141666.000,80012,192000,3999.083,120.0,8,36,2,0.00013
141.781,0,141768.000,84911,192000,3999.021,120.0,8,36,2,0.00009
141.781,1,141768.000,84911,192000,3999.021,120.0,8,36,2,0.00009
141.781,2,141768.000,84911,192000,3999.021,120.0,8,36,2,0.00009
141.882,0,141869.000,89733,192000,3999.562,120.0,8,36,2,0.00006
141.882,1,141869.000,89733,192000,3999.562,120.0,8,36,2,0.00006
141.882,2,141869.000,89733,192000,3999.562,120.0,8,36,2,0.00006
141.983,0,141970.000,94602,192000,3999.125,120.0,8,36,2,0.00004
141.983,1,141970.000,94602,192000,3999.125,120.0,8,36,2,0.00004
141.983,2,141970.000,94602,192000,3999.125,120.0,8,36,2,0.00004
142.086,0,142073.000,99512,192000,3999.833,120.0,8,36,2,0.00002
142.086,1,142073.000,99512,192000,3999.833,120.0,8,36,2,0.00002
142.086,2,142073.000,99512,192000,3999.833,120.0,8,36,2,0.00002
142.187,0,142174.000,104398,192000,3999.042,120.0,8,36,2,0.00002
142.187,1,142174.000,104398,192000,3999.042,120.0,8,36,2,0.00002
142.187,2,142174.000,104398,192000,3999.042,120.0,8,36,2,0.00002
142.288,0,142275.000,109247,192000,3999.021,120.0,8,36,2,0.00001
142.288,1,142275.000,109247,192000,3999.021,120.0,8,36,2,0.00001
142.288,2,142275.000,109247,192000,3999.021,120.0,8,36,2,0.00001
142.390,0,142377.000,114124,192000,3999.417,120.0,8,36,2,0.00001
142.390,1,142377.000,114124,192000,3999.417,120.0,8,36,2,0.00001
142.390,2,142377.000,114124,192000,3999.417,120.0,8,36,2,0.00001
142.492,0,142479.000,119032,192000,3999.167,120.0,8,36,2,0.00000
142.492,1,142479.000,119032,192000,3999.167,120.0,8,36,2,0.00000
142.492,2,142479.000,119032,192000,3999.167,120.0,8,36,2,0.00000
142.594,0,142581.000,123903,192000,3999.688,120.0,8,36,2,0.00000
142.594,1,142581.000,123903,192000,3999.688,120.0,8,36,2,0.00000
142.594,2,142581.000,123903,192000,3999.688,120.0,8,36,2,0.00000
142.694,0,142681.000,128704,192000,3999.667,120.0,8,36,2,0.00000
142.694,1,142681.000,128704,192000,3999.667,120.0,8,36,2,0.00000
142.694,2,142681.000,128704,192000,3999.667,120.0,8,36,2,0.00000
142.795,0,142782.000,133567,192000,3999.354,120.0,8,36,2,0.00000
142.795,1,142782.000,133567,192000,3999.354,120.0,8,36,2,0.00000
142.795,2,142782.000,133567,192000,3999.354,120.0,8,36,2,0.00000
142.897,0,142884.000,138476,192000,3999.083,120.0,8,36,2,0.00000
142.897,1,142884.000,138476,192000,3999.083,120.0,8,36,2,0.00000
142.897,2,142884.000,138476,192000,3999.083,120.0,8,36,2,0.00000
143.000,0,142987.000,143402,192000,3999.458,120.0,8,36,2,0.00000
143.000,1,142987.000,143402,192000,3999.458,120.0,8,36,2,0.00000
143.000,2,142987.000,143402,192000,3999.458,120.0,8,36,2,0.00000
143.102,0,143089.000,148311,192000,3999.188,120.0,8,36,2,0.00000
143.102,1,143089.000,148311,192000,3999.188,120.0,8,36,2,0.00000
143.102,2,143089.000,148311,192000,3999.188,120.0,8,36,2,0.00000
143.203,0,143190.000,153156,192000,3999.250,120.0,8,36,2,0.00000
143.203,1,143190.000,153156,192000,3999.250,120.0,8,36,2,0.00000
143.203,2,143190.000,153156,192000,3999.250,120.0,8,36,2,0.00000
143.304,0,143291.000,158000,192000,3999.333,120.0,8,36,2,0.00000
143.304,1,143291.000,158000,192000,3999.333,120.0,8,36,2,0.00000
143.304,2,143291.000,158000,192000,3999.333,120.0,8,36,2,0.00000
143.404,0,143391.000,162814,192000,3999.042,120.0,8,36,2,0.00000
143.404,1,143391.000,162814,192000,3999.042,120.0,8,36,2,0.00000
143.404,2,143391.000,162814,192000,3999.042,120.0,8,36,2,0.00000
143.505,0,143492.000,167660,192000,3999.083,120.0,8,36,2,0.00000
143.505,1,143492.000,167660,192000,3999.083,120.0,8,36,2,0.00000
143.505,2,143492.000,167660,192000,3999.083,120.0,8,36,2,0.00000
143.606,0,143593.000,172511,192000,3999.021,120.0,8,36,2,0.00000
143.606,1,143593.000,172511,192000,3999.021,120.0,8,36,2,0.00000
143.606,2,143593.000,172511,192000,3999.021,120.0,8,36,2,0.00000
143.707,0,143694.000,177327,192000,3999.688,120.0,8,36,2,0.00000
143.707,1,143694.000,177327,192000,3999.688,120.0,8,36,2,0.00000
143.707,2,143694.000,177327,192000,3999.688,120.0,8,36,2,0.00000
143.808,0,143795.000,182172,192000,3999.750,120.0,8,36,2,0.00000
143.808,1,143795.000,182172,192000,3999.750,120.0,8,36,2,0.00000
143.808,2,143795.000,182172,192000,3999.750,120.0,8,36,2,0.00000
143.908,0,143895.000,186977,192000,3999.646,120.0,8,36,2,0.00000
143.908,1,143895.000,186977,192000,3999.646,120.0,8,36,2,0.00000
143.908,2,143895.000,186977,192000,3999.646,120.0,8,36,2,0.00000
144.008,0,143995.000,191795,192000,3999.271,120.0,8,36,2,0.00000
144.008,1,143995.000,191795,192000,3999.271,120.0,8,36,2,0.00000
144.008,2,143995.000,191795,192000,3999.271,120.0,8,36,2,0.00000
144.110,0,144097.000,4682,192000,3999.458,120.0,8,37,2,0.00000
144.110,1,144097.000,4682,192000,3999.458,120.0,8,37,2,0.00000
144.110,2,144097.000,4682,192000,3999.458,120.0,8,37,2,0.00000
144.211,0,144198.000,9545,192000,3999.146,120.0,8,37,2,0.00000
144.211,1,144198.000,9545,192000,3999.146,120.0,8,37,2,0.00000
144.211,2,144198.000,9545,192000,3999.146,120.0,8,37,2,0.00000
144.313,0,144300.000,14445,192000,3999.062,120.0,8,37,2,0.00000
144.313,1,144300.000,14445,192000,3999.062,120.0,8,37,2,0.00000
144.313,2,144300.000,14445,192000,3999.062,120.0,8,37,2,0.00000
144.416,0,144403.000,19372,192000,3999.417,120.0,8,37,2,0.00000
144.416,1,144403.000,19372,192000,3999.417,120.0,8,37,2,0.00000
144.416,2,144403.000,19372,192000,3999.417,120.0,8,37,2,0.00000
144.518,0,144505.000,24267,192000,3999.438,120.0,8,37,2,0.00000
144.518,1,144505.000,24267,192000,3999.438,120.0,8,37,2,0.00000
144.518,2,144505.000,24267,192000,3999.438,120.0,8,37,2,0.00000
144.620,0,144607.000,29166,192000,3999.375,120.0,8,37,2,0.00000
144.620,1,144607.000,29166,192000,3999.375,120.0,8,37,2,0.00000
144.620,2,144607.000,29166,192000,3999.375,120.0,8,37,2,0.00000
144.721,0,144708.000,34001,192000,3999.646,120.0,8,37,2,0.00000
144.721,1,144708.000,34001,192000,3999.646,120.0,8,37,2,0.00000
144.721,2,144708.000,34001,192000,3999.646,120.0,8,37,2,0.00000
144.821,0,144808.000,38803,192000,3999.604,120.0,8,37,2,0.00000
144.821,1,144808.000,38803,192000,3999.604,120.0,8,37,2,0.00000
144.821,2,144808.000,38803,192000,3999.604,120.0,8,37,2,0.00000
144.923,0,144910.000,43711,192000,3999.354,120.0,8,37,2,0.00000
144.923,1,144910.000,43711,192000,3999.354,120.0,8,37,2,0.00000
144.923,2,144910.000,43711,192000,3999.354,120.0,8,37,2,0.00000
145.025,0,145012.000,48595,192000,3999.604,120.0,8,37,2,0.00000
145.025,1,145012.000,48595,192000,3999.604,120.0,8,37,2,0.00000
145.025,2,145012.000,48595,192000,3999.604,120.0,8,37,2,0.00000
145.127,0,145114.000,53500,192000,3999.417,120.0,8,37,2,0.00000
145.127,1,145114.000,53500,192000,3999.417,120.0,8,37,2,0.00000
145.127,2,145114.000,53500,192000,3999.417,120.0,8,37,2,0.00000
145.229,0,145216.000,58414,192000,3999.042,120.0,8,37,2,0.00000
145.229,1,145216.000,58414,192000,3999.042,120.0,8,37,2,0.00000
145.229,2,145216.000,58414,192000,3999.042,120.0,8,37,2,0.00000
145.332,0,145319.000,63357,192000,3999.062,120.0,8,37,2,0.00000
145.332,1,145319.000,63357,192000,3999.062,120.0,8,37,2,0.00000
145.332,2,145319.000,63357,192000,3999.062,120.0,8,37,2,0.00000
145.434,0,145421.000,68241,192000,3999.312,120.0,8,37,2,0.00000
145.434,1,145421.000,68241,192000,3999.312,120.0,8,37,2,0.00000
145.434,2,145421.000,68241,192000,3999.312,120.0,8,37,2,0.00000
145.536,0,145523.000,73120,192000,3999.667,120.0,8,37,2,0.00000
145.536,1,145523.000,73120,192000,3999.667,120.0,8,37,2,0.00000
145.536,2,145523.000,73120,192000,3999.667,120.0,8,37,2,0.00000
145.637,0,145625.000,78005,192000,3999.896,120.0,8,37,2,0.00000
145.637,1,145625.000,78005,192000,3999.896,120.0,8,37,2,0.00000
145.637,2,145625.000,78005,192000,3999.896,120.0,8,37,2,0.00000
145.738,0,145725.000,82827,192000,3999.438,120.0,8,37,2,0.00000
145.738,1,145725.000,82827,192000,3999.438,120.0,8,37,2,0.00000
145.738,2,145725.000,82827,192000,3999.438,120.0,8,37,2,0.00000
145.840,0,145827.000,87733,192000,3999.229,120.0,8,37,2,0.00000
145.840,1,145827.000,87733,192000,3999.229,120.0,8,37,2,0.00000
145.840,2,145827.000,87733,192000,3999.229,120.0,8,37,2,0.00000
145.941,0,145928.000,92588,192000,3999.083,120.0,8,37,2,0.00000
145.941,1,145928.000,92588,192000,3999.083,120.0,8,37,2,0.00000
145.941,2,145928.000,92588,192000,3999.083,120.0,8,37,2,0.00000
146.043,0,146030.000,97485,192000,3999.062,120.0,8,37,2,0.00000
146.043,1,146030.000,97485,192000,3999.062,120.0,8,37,2,0.00000
146.043,2,146030.000,97485,192000,3999.062,120.0,8,37,2,0.00000
146.145,0,146132.000,102377,192000,3999.146,120.0,8,37,2,0.00000
146.145,1,146132.000,102377,192000,3999.146,120.0,8,37,2,0.00000
146.145,2,146132.000,102377,192000,3999.146,120.0,8,37,2,0.00000
146.247,0,146234.000,107246,192000,3999.708,120.0,8,37,2,0.00000
146.247,1,146234.000,107246,192000,3999.708,120.0,8,37,2,0.00000
146.247,2,146234.000,107246,192000,3999.708,120.0,8,37,2,0.00000
146.348,0,146336.000,112128,192000,0.000,120.0,8,37,2,0.00000
146.348,1,146336.000,112128,192000,0.000,120.0,8,37,2,0.00000
146.348,2,146336.000,112128,192000,0.000,120.0,8,37,2,0.00000
146.449,0,146436.000,116936,192000,3999.833,120.0,8,37,2,0.00000
146.449,1,146436.000,116936,192000,3999.833,120.0,8,37,2,0.00000
146.449,2,146436.000,116936,192000,3999.833,120.0,8,37,2,0.00000
146.551,0,146538.000,121847,192000,3999.521,120.0,8,37,2,0.00000
146.551,1,146538.000,121847,192000,3999.521,120.0,8,37,2,0.00000
146.551,2,146538.000,121847,192000,3999.521,120.0,8,37,2,0.00000
146.653,0,146640.000,126750,192000,3999.375,120.0,8,37,2,0.00000
146.653,1,146640.000,126750,192000,3999.375,120.0,8,37,2,0.00000
146.653,2,146640.000,126750,192000,3999.375,120.0,8,37,2,0.00000
146.756,0,146743.000,131676,192000,3999.750,120.0,8,37,2,0.00000
146.756,1,146743.000,131676,192000,3999.750,120.0,8,37,2,0.00000
146.756,2,146743.000,131676,192000,3999.750,120.0,8,37,2,0.00000
146.859,0,146846.000,136617,192000,3999.812,120.0,8,37,2,0.00000
146.859,1,146846.000,136617,192000,3999.812,120.0,8,37,2,0.00000
146.859,2,146846.000,136617,192000,3999.812,120.0,8,37,2,0.00000
146.959,0,146947.000,141461,192000,3999.896,120.0,8,37,2,0.00000
146.959,1,146947.000,141461,192000,3999.896,120.0,8,37,2,0.00000
146.959,2,146947.000,141461,192000,3999.896,120.0,8,37,2,0.00000
147.060,0,147048.000,146308,192000,3999.917,120.0,8,37,2,0.00000
147.060,1,147048.000,146308,192000,3999.917,120.0,8,37,2,0.00000
147.060,2,147048.000,146308,192000,3999.917,120.0,8,37,2,0.00000
147.161,0,147148.000,151124,192000,3999.583,120.0,8,37,2,0.00000
147.161,1,147148.000,151124,192000,3999.583,120.0,8,37,2,0.00000
147.161,2,147148.000,151124,192000,3999.583,120.0,8,37,2,0.00000
147.261,0,147248.000,155941,192000,3999.229,120.0,8,37,2,0.00000
147.261,1,147248.000,155941,192000,3999.229,120.0,8,37,2,0.00000
147.261,2,147248.000,155941,192000,3999.229,120.0,8,37,2,0.00000
147.363,0,147350.000,160837,192000,3999.229,120.0,8,37,2,0.00000
147.363,1,147350.000,160837,192000,3999.229,120.0,8,37,2,0.00000
147.363,2,147350.000,160837,192000,3999.229,120.0,8,37,2,0.00000
147.465,0,147452.000,165735,192000,3999.188,120.0,8,37,2,0.00000
147.465,1,147452.000,165735,192000,3999.188,120.0,8,37,2,0.00000
147.465,2,147452.000,165735,192000,3999.188,120.0,8,37,2,0.00000
147.566,0,147553.000,170560,192000,3999.667,120.0,8,37,2,0.00000
147.566,1,147553.000,170560,192000,3999.667,120.0,8,37,2,0.00000
147.566,2,147553.000,170560,192000,3999.667,120.0,8,37,2,0.00000
147.669,0,147656.000,175494,192000,3999.875,120.0,8,37,2,0.00000
147.669,1,147656.000,175494,192000,3999.875,120.0,8,37,2,0.00000
147.669,2,147656.000,175494,192000,3999.875,120.0,8,37,2,0.00000
147.770,0,147757.000,180345,192000,3999.812,120.0,8,37,2,0.00000
147.770,1,147757.000,180345,192000,3999.812,120.0,8,37,2,0.00000
147.770,2,147757.000,180345,192000,3999.812,120.0,8,37,2,0.00000
147.870,0,147858.000,185187,192000,3999.938,120.0,8,37,2,0.00000
147.870,1,147858.000,185187,192000,3999.938,120.0,8,37,2,0.00000
147.870,2,147858.000,185187,192000,3999.938,120.0,8,37,2,0.00000
147.973,0,147960.000,190104,192000,3999.500,120.0,8,37,2,0.00000
147.973,1,147960.000,190104,192000,3999.500,120.0,8,37,2,0.00000
147.973,2,147960.000,190104,192000,3999.500,120.0,8,37,2,0.00000
148.075,0,148062.000,3023,192000,3999.021,120.0,8,38,2,0.00000
148.075,1,148062.000,3023,192000,3999.021,120.0,8,38,2,0.00000
148.075,2,148062.000,3023,192000,3999.021,120.0,8,38,2,0.00000
148.176,0,148163.000,7845,192000,3999.562,120.0,8,38,2,0.00000
148.176,1,148163.000,7845,192000,3999.562,120.0,8,38,2,0.00000
148.176,2,148163.000,7845,192000,3999.562,120.0,8,38,2,0.00000
148.278,0,148265.000,12754,192000,3999.292,120.0,8,38,2,0.00000
148.278,1,148265.000,12754,192000,3999.292,120.0,8,38,2,0.00000
148.278,2,148265.000,12754,192000,3999.292,120.0,8,38,2,0.00000
148.379,0,148366.000,17602,192000,3999.292,120.0,8,38,2,0.00000
148.379,1,148366.000,17602,192000,3999.292,120.0,8,38,2,0.00000
148.379,2,148366.000,17602,192000,3999.292,120.0,8,38,2,0.00000
148.481,0,148469.000,22516,192000,3999.917,120.0,8,38,2,0.00000
148.481,1,148469.000,22516,192000,3999.917,120.0,8,38,2,0.00000
148.481,2,148469.000,22516,192000,3999.917,120.0,8,38,2,0.00000
148.582,0,148569.000,27320,192000,3999.833,120.0,8,38,2,0.00000
148.582,1,148569.000,27320,192000,3999.833,120.0,8,38,2,0.00000
148.582,2,148569.000,27320,192000,3999.833,120.0,8,38,2,0.00000
148.683,0,148670.000,32199,192000,3999.188,120.0,8,38,2,0.00000
148.683,1,148670.000,32199,192000,3999.188,120.0,8,38,2,0.00000
148.683,2,148670.000,32199,192000,3999.188,120.0,8,38,2,0.00000
148.786,0,148773.000,37134,192000,3999.375,120.0,8,38,2,0.00000
148.786,1,148773.000,37134,192000,3999.375,120.0,8,38,2,0.00000
148.786,2,148773.000,37134,192000,3999.375,120.0,8,38,2,0.00000
148.888,0,148875.000,42029,192000,3999.396,120.0,8,38,2,0.00000
148.888,1,148875.000,42029,192000,3999.396,120.0,8,38,2,0.00000
148.888,2,148875.000,42029,192000,3999.396,120.0,8,38,2,0.00000
148.989,0,148976.000,46883,192000,3999.271,120.0,8,38,2,0.00000
148.989,1,148976.000,46883,192000,3999.271,120.0,8,38,2,0.00000
148.989,2,148976.000,46883,192000,3999.271,120.0,8,38,2,0.00000
149.091,0,149078.000,51788,192000,3999.083,120.0,8,38,2,0.00000
149.091,1,149078.000,51788,192000,3999.083,120.0,8,38,2,0.00000
149.091,2,149078.000,51788,192000,3999.083,120.0,8,38,2,0.00000
149.191,0,149179.000,56595,192000,3999.938,120.0,8,38,2,0.00000
149.191,1,149179.000,56595,192000,3999.938,120.0,8,38,2,0.00000
149.191,2,149179.000,56595,192000,3999.938,120.0,8,38,2,0.00000
149.294,0,149281.000,61523,192000,3999.271,120.0,8,38,2,0.00000
149.294,1,149281.000,61523,192000,3999.271,120.0,8,38,2,0.00000
149.294,2,149281.000,61523,192000,3999.271,120.0,8,38,2,0.00000
149.395,0,149383.000,66386,192000,3999.958,120.0,8,38,2,0.00000
149.395,1,149383.000,66386,192000,3999.958,120.0,8,38,2,0.00000
149.395,2,149383.000,66386,192000,3999.958,120.0,8,38,2,0.00000
149.498,0,149485.000,71294,192000,3999.708,120.0,8,38,2,0.00000
149.498,1,149485.000,71294,192000,3999.708,120.0,8,38,2,0.00000
149.498,2,149485.000,71294,192000,3999.708,120.0,8,38,2,0.00000
149.601,0,149588.000,76236,192000,3999.750,120.0,8,38,2,0.00000
149.601,1,149588.000,76236,192000,3999.750,120.0,8,38,2,0.00000
149.601,2,149588.000,76236,192000,3999.750,120.0,8,38,2,0.00000
149.703,0,149690.000,81151,192000,3999.354,120.0,8,38,2,0.00000
149.703,1,149690.000,81151,192000,3999.354,120.0,8,38,2,0.00000
149.703,2,149690.000,81151,192000,3999.354,120.0,8,38,2,0.00000
149.804,0,149791.000,85984,192000,3999.667,120.0,8,38,2,0.00000
149.804,1,149791.000,85984,192000,3999.667,120.0,8,38,2,0.00000
149.804,2,149791.000,85984,192000,3999.667,120.0,8,38,2,0.00000
149.905,0,149893.000,90864,192000,0.000,120.0,8,38,2,0.00000
149.905,1,149893.000,90864,192000,0.000,120.0,8,38,2,0.00000
149.905,2,149893.000,90864,192000,0.000,120.0,8,38,2,0.00000
150.007,0,149994.000,95737,192000,3999.479,120.0,8,38,2,0.00000
150.007,1,149994.000,95737,192000,3999.479,120.0,8,38,2,0.00000
150.007,2,149994.000,95737,192000,3999.479,120.0,8,38,2,0.00000
150.107,0,150094.000,100538,192000,3999.458,120.0,8,38,2,0.00000
150.107,1,150094.000,100538,192000,3999.458,120.0,8,38,2,0.00000
150.107,2,150094.000,100538,192000,3999.458,120.0,8,38,2,0.00000
150.208,0,150195.000,105393,192000,3999.312,120.0,8,38,2,0.00000
150.208,1,150195.000,105393,192000,3999.312,120.0,8,38,2,0.00000
150.208,2,150195.000,105393,192000,3999.312,120.0,8,38,2,0.00000
150.309,0,150297.000,110259,192000,3999.938,120.0,8,38,2,0.00000
150.309,1,150297.000,110259,192000,3999.938,120.0,8,38,2,0.00000
150.309,2,150297.000,110259,192000,3999.938,120.0,8,38,2,0.00000
150.409,0,150397.000,115059,192000,3999.938,120.0,8,38,2,0.00000
150.409,1,150397.000,115059,192000,3999.938,120.0,8,38,2,0.00000
150.409,2,150397.000,115059,192000,3999.938,120.0,8,38,2,0.00000
150.512,0,150499.000,119980,192000,3999.417,120.0,8,38,2,0.00000
150.512,1,150499.000,119980,192000,3999.417,120.0,8,38,2,0.00000
150.512,2,150499.000,119980,192000,3999.417,120.0,8,38,2,0.00000
150.614,0,150601.000,124880,192000,3999.333,120.0,8,38,2,0.00000
150.614,1,150601.000,124880,192000,3999.333,120.0,8,38,2,0.00000
150.614,2,150601.000,124880,192000,3999.333,120.0,8,38,2,0.00000
150.716,0,150704.000,129795,192000,3999.938,120.0,8,38,2,0.00000
150.716,1,150704.000,129795,192000,3999.938,120.0,8,38,2,0.00000
150.716,2,150704.000,129795,192000,3999.938,120.0,8,38,2,0.00000
150.819,0,150806.000,134723,192000,3999.271,120.0,8,38,2,0.00000
150.819,1,150806.000,134723,192000,3999.271,120.0,8,38,2,0.00000
150.819,2,150806.000,134723,192000,3999.271,120.0,8,38,2,0.00000
150.922,0,150909.000,139639,192000,3999.854,120.0,8,38,2,0.00000
150.922,1,150909.000,139639,192000,3999.854,120.0,8,38,2,0.00000
150.922,2,150909.000,139639,192000,3999.854,120.0,8,38,2,0.00000
151.023,0,151010.000,144526,192000,3999.042,120.0,8,38,2,0.00000
151.023,1,151010.000,144526,192000,3999.042,120.0,8,38,2,0.00000
151.023,2,151010.000,144526,192000,3999.042,120.0,8,38,2,0.00000
151.125,0,151113.000,149427,192000,3999.938,120.0,8,38,2,0.00000
151.125,1,151113.000,149427,192000,3999.938,120.0,8,38,2,0.00000
151.125,2,151113.000,149427,192000,3999.938,120.0,8,38,2,0.00000
151.228,0,151215.000,154367,192000,3999.021,120.0,8,38,2,0.00000
151.228,1,151215.000,154367,192000,3999.021,120.0,8,38,2,0.00000
151.228,2,151215.000,154367,192000,3999.021,120.0,8,38,2,0.00000
151.331,0,151318.000,159301,192000,3999.229,120.0,8,38,2,0.00000
151.331,1,151318.000,159301,192000,3999.229,120.0,8,38,2,0.00000
151.331,2,151318.000,159301,192000,3999.229,120.0,8,38,2,0.00000
151.434,0,151421.000,164214,192000,3999.875,120.0,8,38,2,0.00000
151.434,1,151421.000,164214,192000,3999.875,120.0,8,38,2,0.00000
151.434,2,151421.000,164214,192000,3999.875,120.0,8,38,2,0.00000
151.534,0,151521.000,169029,192000,3999.562,120.0,8,38,2,0.00000
151.534,1,151521.000,169029,192000,3999.562,120.0,8,38,2,0.00000
151.534,2,151521.000,169029,192000,3999.562,120.0,8,38,2,0.00000
151.634,0,151621.000,173837,192000,3999.396,120.0,8,38,2,0.00000
151.634,1,151621.000,173837,192000,3999.396,120.0,8,38,2,0.00000
151.634,2,151621.000,173837,192000,3999.396,120.0,8,38,2,0.00000
151.734,0,151721.000,178649,192000,3999.146,120.0,8,38,2,0.00000
151.734,1,151721.000,178649,192000,3999.146,120.0,8,38,2,0.00000
151.734,2,151721.000,178649,192000,3999.146,120.0,8,38,2,0.00000
151.837,0,151824.000,183574,192000,3999.542,120.0,8,38,2,0.00000
151.837,1,151824.000,183574,192000,3999.542,120.0,8,38,2,0.00000
151.837,2,151824.000,183574,192000,3999.542,120.0,8,38,2,0.00000
151.937,0,151924.000,188386,192000,3999.292,120.0,8,38,2,0.00000
151.937,1,151924.000,188386,192000,3999.292,120.0,8,38,2,0.00000
151.937,2,151924.000,188386,192000,3999.292,120.0,8,38,2,0.00000
152.037,0,152024.000,1194,192000,3999.125,120.0,8,39,2,0.12443
152.037,1,152024.000,1194,192000,3999.125,120.0,8,39,2,0.12431
152.037,2,152024.000,1194,192000,3999.125,120.0,8,39,2,0.12443
152.137,0,152125.000,6006,192000,3999.875,120.0,8,39,2,0.08201
152.137,1,152125.000,6006,192000,3999.875,120.0,8,39,2,0.08193
152.137,2,152125.000,6006,192000,3999.875,120.0,8,39,2,0.08201
152.238,0,152225.000,10844,192000,3999.083,120.0,8,39,2,0.05393
152.238,1,152225.000,10844,192000,3999.083,120.0,8,39,2,0.05388
152.238,2,152225.000,10844,192000,3999.083,120.0,8,39,2,0.05393
152.340,0,152327.000,15735,192000,3999.188,120.0,8,39,2,0.03530
152.340,1,152327.000,15735,192000,3999.188,120.0,8,39,2,0.03527
152.340,2,152327.000,15735,192000,3999.188,120.0,8,39,2,0.03530
152.441,0,152428.000,20568,192000,3999.500,120.0,8,39,2,0.02322
152.441,1,152428.000,20568,192000,3999.500,120.0,8,39,2,0.02320
152.441,2,152428.000,20568,192000,3999.500,120.0,8,39,2,0.02322
152.542,0,152529.000,25422,192000,3999.375,120.0,8,39,2,0.01525
152.542,1,152529.000,25422,192000,3999.375,120.0,8,39,2,0.01524
152.542,2,152529.000,25422,192000,3999.375,120.0,8,39,2,0.01525
152.645,0,152632.000,30356,192000,3999.583,120.0,8,39,2,0.00994
152.645,1,152632.000,30356,192000,3999.583,120.0,8,39,2,0.00994
152.645,2,152632.000,30356,192000,3999.583,120.0,8,39,2,0.00994
152.746,0,152733.000,35220,192000,3999.250,120.0,8,39,2,0.00652
152.746,1,152733.000,35220,192000,3999.250,120.0,8,39,2,0.00652
152.746,2,152733.000,35220,192000,3999.250,120.0,8,39,2,0.00652
152.848,0,152835.000,40104,192000,3999.500,120.0,8,39,2,0.00427
152.848,1,152835.000,40104,192000,3999.500,120.0,8,39,2,0.00427
152.848,2,152835.000,40104,192000,3999.500,120.0,8,39,2,0.00427
152.949,0,152936.000,44953,192000,3999.479,120.0,8,39,2,0.00281
152.949,1,152936.000,44953,192000,3999.479,120.0,8,39,2,0.00280
152.949,2,152936.000,44953,192000,3999.479,120.0,8,39,2,0.00281
153.052,0,153039.000,49884,192000,3999.750,120.0,8,39,2,0.00183
153.052,1,153039.000,49884,192000,3999.750,120.0,8,39,2,0.00183
153.052,2,153039.000,49884,192000,3999.750,120.0,8,39,2,0.00183
153.153,0,153140.000,54727,192000,3999.854,120.0,8,39,2,0.00120
153.153,1,153140.000,54727,192000,3999.854,120.0,8,39,2,0.00120
153.153,2,153140.000,54727,192000,3999.854,120.0,8,39,2,0.00120
153.253,0,153240.000,59554,192000,3999.292,120.0,8,39,2,0.00079
153.253,1,153240.000,59554,192000,3999.292,120.0,8,39,2,0.00079
153.253,2,153240.000,59554,192000,3999.292,120.0,8,39,2,0.00079
153.355,0,153342.000,64429,192000,3999.729,120.0,8,39,2,0.00052
153.355,1,153342.000,64429,192000,3999.729,120.0,8,39,2,0.00052
153.355,2,153342.000,64429,192000,3999.729,120.0,8,39,2,0.00052
153.456,0,153443.000,69303,192000,3999.188,120.0,8,39,2,0.00034
153.456,1,153443.000,69303,192000,3999.188,120.0,8,39,2,0.00034
153.456,2,153443.000,69303,192000,3999.188,120.0,8,39,2,0.00034
153.559,0,153546.000,74237,192000,3999.396,120.0,8,39,2,0.00022
153.559,1,153546.000,74237,192000,3999.396,120.0,8,39,2,0.00022
153.559,2,153546.000,74237,192000,3999.396,120.0,8,39,2,0.00022
153.659,0,153647.000,79059,192000,3999.938,120.0,8,39,2,0.00015
153.659,1,153647.000,79059,192000,3999.938,120.0,8,39,2,0.00015
153.659,2,153647.000,79059,192000,3999.938,120.0,8,39,2,0.00015
153.760,0,153747.000,83880,192000,3999.500,120.0,8,39,2,0.00010
153.760,1,153747.000,83880,192000,3999.500,120.0,8,39,2,0.00010
153.760,2,153747.000,83880,192000,3999.500,120.0,8,39,2,0.00010
153.861,0,153849.000,88757,192000,3999.896,120.0,8,39,2,0.00006
153.861,1,153849.000,88757,192000,3999.896,120.0,8,39,2,0.00006
153.861,2,153849.000,88757,192000,3999.896,120.0,8,39,2,0.00006
153.962,0,153949.000,93579,192000,3999.438,120.0,8,39,2,0.00004
153.962,1,153949.000,93579,192000,3999.438,120.0,8,39,2,0.00004
153.962,2,153949.000,93579,192000,3999.438,120.0,8,39,2,0.00004
154.064,0,154051.000,98483,192000,3999.271,120.0,8,39,2,0.00003
154.064,1,154051.000,98483,192000,3999.271,120.0,8,39,2,0.00003
154.064,2,154051.000,98483,192000,3999.271,120.0,8,39,2,0.00003
154.167,0,154154.000,103409,192000,3999.646,120.0,8,39,2,0.00002
154.167,1,154154.000,103409,192000,3999.646,120.0,8,39,2,0.00002
154.167,2,154154.000,103409,192000,3999.646,120.0,8,39,2,0.00002
154.267,0,154254.000,108222,192000,3999.375,120.0,8,39,2,0.00001
154.267,1,154254.000,108222,192000,3999.375,120.0,8,39,2,0.00001
154.267,2,154254.000,108222,192000,3999.375,120.0,8,39,2,0.00001
154.368,0,154355.000,113066,192000,3999.458,120.0,8,39,2,0.00001
154.368,1,154355.000,113066,192000,3999.458,120.0,8,39,2,0.00001
154.368,2,154355.000,113066,192000,3999.458,120.0,8,39,2,0.00001
154.470,0,154457.000,117944,192000,3999.833,120.0,8,39,2,0.00001
154.470,1,154457.000,117944,192000,3999.833,120.0,8,39,2,0.00001
154.470,2,154457.000,117944,192000,3999.833,120.0,8,39,2,0.00001
154.571,0,154558.000,122814,192000,3999.375,120.0,8,39,2,0.00000
154.571,1,154558.000,122814,192000,3999.375,120.0,8,39,2,0.00000
154.571,2,154558.000,122814,192000,3999.375,120.0,8,39,2,0.00000
154.671,0,154658.000,127623,192000,3999.188,120.0,8,39,2,0.00000
154.671,1,154658.000,127623,192000,3999.188,120.0,8,39,2,0.00000
154.671,2,154658.000,127623,192000,3999.188,120.0,8,39,2,0.00000
154.772,0,154759.000,132469,192000,3999.229,120.0,8,39,2,0.00000
154.772,1,154759.000,132469,192000,3999.229,120.0,8,39,2,0.00000
154.772,2,154759.000,132469,192000,3999.229,120.0,8,39,2,0.00000
154.873,0,154861.000,137333,192000,3999.896,120.0,8,39,2,0.00000
154.873,1,154861.000,137333,192000,3999.896,120.0,8,39,2,0.00000
154.873,2,154861.000,137333,192000,3999.896,120.0,8,39,2,0.00000
154.976,0,154963.000,142262,192000,3999.208,120.0,8,39,2,0.00000
154.976,1,154963.000,142262,192000,3999.208,120.0,8,39,2,0.00000
154.976,2,154963.000,142262,192000,3999.208,120.0,8,39,2,0.00000
155.078,0,155065.000,147132,192000,3999.750,120.0,8,39,2,0.00000
155.078,1,155065.000,147132,192000,3999.750,120.0,8,39,2,0.00000
155.078,2,155065.000,147132,192000,3999.750,120.0,8,39,2,0.00000
155.180,0,155167.000,152027,192000,3999.771,120.0,8,39,2,0.00000
155.180,1,155167.000,152027,192000,3999.771,120.0,8,39,2,0.00000
155.180,2,155167.000,152027,192000,3999.771,120.0,8,39,2,0.00000
155.280,0,155267.000,156853,192000,3999.229,120.0,8,39,2,0.00000
155.280,1,155267.000,156853,192000,3999.229,120.0,8,39,2,0.00000
155.280,2,155267.000,156853,192000,3999.229,120.0,8,39,2,0.00000
155.382,0,155369.000,161729,192000,3999.646,120.0,8,39,2,0.00000
155.382,1,155369.000,161729,192000,3999.646,120.0,8,39,2,0.00000
155.382,2,155369.000,161729,192000,3999.646,120.0,8,39,2,0.00000
155.485,0,155472.000,166669,192000,3999.729,120.0,8,39,2,0.00000
155.485,1,155472.000,166669,192000,3999.729,120.0,8,39,2,0.00000
155.485,2,155472.000,166669,192000,3999.729,120.0,8,39,2,0.00000
155.587,0,155574.000,171561,192000,3999.812,120.0,8,39,2,0.00000
155.587,1,155574.000,171561,192000,3999.812,120.0,8,39,2,0.00000
155.587,2,155574.000,171561,192000,3999.812,120.0,8,39,2,0.00000
155.689,0,155676.000,176472,192000,3999.500,120.0,8,39,2,0.00000
155.689,1,155676.000,176472,192000,3999.500,120.0,8,39,2,0.00000
155.689,2,155676.000,176472,192000,3999.500,120.0,8,39,2,0.00000
155.790,0,155777.000,181308,192000,3999.750,120.0,8,39,2,0.00000
155.790,1,155777.000,181308,192000,3999.750,120.0,8,39,2,0.00000
155.790,2,155777.000,181308,192000,3999.750,120.0,8,39,2,0.00000
155.890,0,155877.000,186130,192000,3999.292,120.0,8,39,2,0.00000
155.890,1,155877.000,186130,192000,3999.292,120.0,8,39,2,0.00000
155.890,2,155877.000,186130,192000,3999.292,120.0,8,39,2,0.00000
155.991,0,155978.000,190963,192000,3999.604,120.0,8,39,2,0.00000
155.991,1,155978.000,190963,192000,3999.604,120.0,8,39,2,0.00000
155.991,2,155978.000,190963,192000,3999.604,120.0,8,39,2,0.00000
156.091,0,156079.000,3794,192000,3999.958,120.0,8,40,2,0.00000
156.091,1,156079.000,3794,192000,3999.958,120.0,8,40,2,0.00000
156.091,2,156079.000,3794,192000,3999.958,120.0,8,40,2,0.00000
156.193,0,156180.000,8659,192000,3999.604,120.0,8,40,2,0.00000
156.193,1,156180.000,8659,192000,3999.604,120.0,8,40,2,0.00000
156.193,2,156180.000,8659,192000,3999.604,120.0,8,40,2,0.00000
156.296,0,156283.000,13594,192000,3999.792,120.0,8,40,2,0.00000
156.296,1,156283.000,13594,192000,3999.792,120.0,8,40,2,0.00000
156.296,2,156283.000,13594,192000,3999.792,120.0,8,40,2,0.00000
156.396,0,156383.000,18407,192000,3999.521,120.0,8,40,2,0.00000
156.396,1,156383.000,18407,192000,3999.521,120.0,8,40,2,0.00000
156.396,2,156383.000,18407,192000,3999.521,120.0,8,40,2,0.00000
156.498,0,156485.000,23299,192000,3999.604,120.0,8,40,2,0.00000
156.498,1,156485.000,23299,192000,3999.604,120.0,8,40,2,0.00000
156.498,2,156485.000,23299,192000,3999.604,120.0,8,40,2,0.00000
156.598,0,156585.000,28111,192000,3999.354,120.0,8,40,2,0.00000
156.598,1,156585.000,28111,192000,3999.354,120.0,8,40,2,0.00000
156.598,2,156585.000,28111,192000,3999.354,120.0,8,40,2,0.00000
156.699,0,156686.000,32958,192000,3999.375,120.0,8,40,2,0.00000
156.699,1,156686.000,32958,192000,3999.375,120.0,8,40,2,0.00000
156.699,2,156686.000,32958,192000,3999.375,120.0,8,40,2,0.00000
156.800,0,156787.000,37793,192000,3999.646,120.0,8,40,2,0.00000
156.800,1,156787.000,37793,192000,3999.646,120.0,8,40,2,0.00000
156.800,2,156787.000,37793,192000,3999.646,120.0,8,40,2,0.00000
156.903,0,156890.000,42738,192000,3999.625,120.0,8,40,2,0.00000
156.903,1,156890.000,42738,192000,3999.625,120.0,8,40,2,0.00000
156.903,2,156890.000,42738,192000,3999.625,120.0,8,40,2,0.00000
157.005,0,156992.000,47663,192000,3999.021,120.0,8,40,2,0.00000
157.005,1,156992.000,47663,192000,3999.021,120.0,8,40,2,0.00000
157.005,2,156992.000,47663,192000,3999.021,120.0,8,40,2,0.00000
157.108,0,157095.000,52604,192000,3999.083,120.0,8,40,2,0.00000
157.108,1,157095.000,52604,192000,3999.083,120.0,8,40,2,0.00000
157.108,2,157095.000,52604,192000,3999.083,120.0,8,40,2,0.00000
157.211,0,157198.000,57538,192000,3999.292,120.0,8,40,2,0.00000
157.211,1,157198.000,57538,192000,3999.292,120.0,8,40,2,0.00000
157.211,2,157198.000,57538,192000,3999.292,120.0,8,40,2,0.00000
157.311,0,157298.000,62346,192000,3999.125,120.0,8,40,2,0.00000
157.311,1,157298.000,62346,192000,3999.125,120.0,8,40,2,0.00000
157.311,2,157298.000,62346,192000,3999.125,120.0,8,40,2,0.00000
157.414,0,157401.000,67271,192000,3999.521,120.0,8,40,2,0.00000
157.414,1,157401.000,67271,192000,3999.521,120.0,8,40,2,0.00000
157.414,2,157401.000,67271,192000,3999.521,120.0,8,40,2,0.00000
157.514,0,157501.000,72089,192000,3999.146,120.0,8,40,2,0.00000
157.514,1,157501.000,72089,192000,3999.146,120.0,8,40,2,0.00000
157.514,2,157501.000,72089,192000,3999.146,120.0,8,40,2,0.00000
157.615,0,157602.000,76926,192000,3999.375,120.0,8,40,2,0.00000
157.615,1,157602.000,76926,192000,3999.375,120.0,8,40,2,0.00000
157.615,2,157602.000,76926,192000,3999.375,120.0,8,40,2,0.00000
157.716,0,157703.000,81791,192000,3999.021,120.0,8,40,2,0.00000
157.716,1,157703.000,81791,192000,3999.021,120.0,8,40,2,0.00000
157.716,2,157703.000,81791,192000,3999.021,120.0,8,40,2,0.00000
157.818,0,157805.000,86664,192000,3999.500,120.0,8,40,2,0.00000
157.818,1,157805.000,86664,192000,3999.500,120.0,8,40,2,0.00000
157.818,2,157805.000,86664,192000,3999.500,120.0,8,40,2,0.00000
157.921,0,157908.000,91591,192000,3999.854,120.0,8,40,2,0.00000
157.921,1,157908.000,91591,192000,3999.854,120.0,8,40,2,0.00000
157.921,2,157908.000,91591,192000,3999.854,120.0,8,40,2,0.00000
158.022,0,158009.000,96445,192000,3999.729,120.0,8,40,2,0.00000
158.022,1,158009.000,96445,192000,3999.729,120.0,8,40,2,0.00000
158.022,2,158009.000,96445,192000,3999.729,120.0,8,40,2,0.00000
158.125,0,158112.000,101395,192000,3999.604,120.0,8,40,2,0.00000
158.125,1,158112.000,101395,192000,3999.604,120.0,8,40,2,0.00000
158.125,2,158112.000,101395,192000,3999.604,120.0,8,40,2,0.00000
158.226,0,158213.000,106264,192000,3999.167,120.0,8,40,2,0.00000
158.226,1,158213.000,106264,192000,3999.167,120.0,8,40,2,0.00000
158.226,2,158213.000,106264,192000,3999.167,120.0,8,40,2,0.00000
158.326,0,158313.000,111068,192000,3999.083,120.0,8,40,2,0.00000
158.326,1,158313.000,111068,192000,3999.083,120.0,8,40,2,0.00000
158.326,2,158313.000,111068,192000,3999.083,120.0,8,40,2,0.00000
158.429,0,158416.000,115996,192000,3999.417,120.0,8,40,2,0.00000
158.429,1,158416.000,115996,192000,3999.417,120.0,8,40,2,0.00000
158.429,2,158416.000,115996,192000,3999.417,120.0,8,40,2,0.00000
158.530,0,158517.000,120832,192000,3999.667,120.0,8,40,2,0.00000
158.530,1,158517.000,120832,192000,3999.667,120.0,8,40,2,0.00000
158.530,2,158517.000,120832,192000,3999.667,120.0,8,40,2,0.00000
158.632,0,158619.000,125728,192000,3999.667,120.0,8,40,2,0.00000
158.632,1,158619.000,125728,192000,3999.667,120.0,8,40,2,0.00000
158.632,2,158619.000,125728,192000,3999.667,120.0,8,40,2,0.00000
158.734,0,158721.000,130621,192000,3999.729,120.0,8,40,2,0.00000
158.734,1,158721.000,130621,192000,3999.729,120.0,8,40,2,0.00000
158.734,2,158721.000,130621,192000,3999.729,120.0,8,40,2,0.00000
158.834,0,158821.000,135452,192000,3999.083,120.0,8,40,2,0.00000
158.834,1,158821.000,135452,192000,3999.083,120.0,8,40,2,0.00000
158.834,2,158821.000,135452,192000,3999.083,120.0,8,40,2,0.00000
158.936,0,158923.000,140321,192000,3999.646,120.0,8,40,2,0.00000
158.936,1,158923.000,140321,192000,3999.646,120.0,8,40,2,0.00000
158.936,2,158923.000,140321,192000,3999.646,120.0,8,40,2,0.00000
159.037,0,159024.000,145181,192000,3999.396,120.0,8,40,2,0.00000
159.037,1,159024.000,145181,192000,3999.396,120.0,8,40,2,0.00000
159.037,2,159024.000,145181,192000,3999.396,120.0,8,40,2,0.00000
159.138,0,159125.000,150031,192000,3999.354,120.0,8,40,2,0.00000
159.138,1,159125.000,150031,192000,3999.354,120.0,8,40,2,0.00000
159.138,2,159125.000,150031,192000,3999.354,120.0,8,40,2,0.00000
159.239,0,159226.000,154895,192000,3999.021,120.0,8,40,2,0.00000
159.239,1,159226.000,154895,192000,3999.021,120.0,8,40,2,0.00000
159.239,2,159226.000,154895,192000,3999.021,120.0,8,40,2,0.00000
159.340,0,159327.000,159712,192000,3999.667,120.0,8,40,2,0.00000
159.340,1,159327.000,159712,192000,3999.667,120.0,8,40,2,0.00000
159.340,2,159327.000,159712,192000,3999.667,120.0,8,40,2,0.00000
159.442,0,159430.000,164645,192000,3999.896,120.0,8,40,2,0.00000
159.442,1,159430.000,164645,192000,3999.896,120.0,8,40,2,0.00000
159.442,2,159430.000,164645,192000,3999.896,120.0,8,40,2,0.00000
159.543,0,159530.000,169473,192000,3999.312,120.0,8,40,2,0.00000
159.543,1,159530.000,169473,192000,3999.312,120.0,8,40,2,0.00000
159.543,2,159530.000,169473,192000,3999.312,120.0,8,40,2,0.00000
159.645,0,159632.000,174382,192000,3999.042,120.0,8,40,2,0.00000
159.645,1,159632.000,174382,192000,3999.042,120.0,8,40,2,0.00000
159.645,2,159632.000,174382,192000,3999.042,120.0,8,40,2,0.00000
159.746,0,159733.000,179207,192000,3999.521,120.0,8,40,2,0.00000
159.746,1,159733.000,179207,192000,3999.521,120.0,8,40,2,0.00000
159.746,2,159733.000,179207,192000,3999.521,120.0,8,40,2,0.00000
159.846,0,159833.000,184009,192000,3999.479,120.0,8,40,2,0.00000
159.846,1,159833.000,184009,192000,3999.479,120.0,8,40,2,0.00000
159.846,2,159833.000,184009,192000,3999.479,120.0,8,40,2,0.00000
159.946,0,159934.000,188834,192000,3999.958,120.0,8,40,2,0.00000
159.946,1,159934.000,188834,192000,3999.958,120.0,8,40,2,0.00000
159.946,2,159934.000,188834,192000,3999.958,120.0,8,40,2,0.00000
160.049,0,160036.000,1757,192000,3999.396,120.0,8,41,2,0.00000
160.049,1,160036.000,1757,192000,3999.396,120.0,8,41,2,0.00000
160.049,2,160036.000,1757,192000,3999.396,120.0,8,41,2,0.00000
160.152,0,160139.000,6683,192000,3999.771,120.0,8,41,2,0.00000
160.152,1,160139.000,6683,192000,3999.771,120.0,8,41,2,0.00000
160.152,2,160139.000,6683,192000,3999.771,120.0,8,41,2,0.00000
160.252,0,160239.000,11510,192000,3999.208,120.0,8,41,2,0.00000
160.252,1,160239.000,11510,192000,3999.208,120.0,8,41,2,0.00000
160.252,2,160239.000,11510,192000,3999.208,120.0,8,41,2,0.00000
160.353,0,160340.000,16345,192000,3999.479,120.0,8,41,2,0.00000
160.353,1,160340.000,16345,192000,3999.479,120.0,8,41,2,0.00000
160.353,2,160340.000,16345,192000,3999.479,120.0,8,41,2,0.00000
160.455,0,160442.000,21242,192000,3999.458,120.0,8,41,2,0.00000
160.455,1,160442.000,21242,192000,3999.458,120.0,8,41,2,0.00000
160.455,2,160442.000,21242,192000,3999.458,120.0,8,41,2,0.00000
160.558,0,160545.000,26192,192000,3999.333,120.0,8,41,2,0.00000
160.558,1,160545.000,26192,192000,3999.333,120.0,8,41,2,0.00000
160.558,2,160545.000,26192,192000,3999.333,120.0,8,41,2,0.00000
160.659,0,160646.000,31016,192000,3999.833,120.0,8,41,2,0.00000
160.659,1,160646.000,31016,192000,3999.833,120.0,8,41,2,0.00000
160.659,2,160646.000,31016,192000,3999.833,120.0,8,41,2,0.00000
160.760,0,160747.000,35890,192000,3999.292,120.0,8,41,2,0.00000
160.760,1,160747.000,35890,192000,3999.292,120.0,8,41,2,0.00000
160.760,2,160747.000,35890,192000,3999.292,120.0,8,41,2,0.00000
160.862,0,160849.000,40795,192000,3999.104,120.0,8,41,2,0.00000
160.862,1,160849.000,40795,192000,3999.104,120.0,8,41,2,0.00000
160.862,2,160849.000,40795,192000,3999.104,120.0,8,41,2,0.00000
160.964,0,160951.000,45674,192000,3999.458,120.0,8,41,2,0.00000
160.964,1,160951.000,45674,192000,3999.458,120.0,8,41,2,0.00000
160.964,2,160951.000,45674,192000,3999.458,120.0,8,41,2,0.00000
161.073,0,161061.000,50934,192000,3999.875,120.0,8,41,2,0.00000
161.073,1,161061.000,50934,192000,3999.875,120.0,8,41,2,0.00000
161.073,2,161061.000,50934,192000,3999.875,120.0,8,41,2,0.00000
161.176,0,161163.000,55848,192000,3999.500,120.0,8,41,2,0.00000
161.176,1,161163.000,55848,192000,3999.500,120.0,8,41,2,0.00000
161.176,2,161163.000,55848,192000,3999.500,120.0,8,41,2,0.00000
161.277,0,161264.000,60715,192000,3999.104,120.0,8,41,2,0.00000
161.277,1,161264.000,60715,192000,3999.104,120.0,8,41,2,0.00000
161.277,2,161264.000,60715,192000,3999.104,120.0,8,41,2,0.00000
161.380,0,161367.000,65638,192000,3999.542,120.0,8,41,2,0.00000
161.380,1,161367.000,65638,192000,3999.542,120.0,8,41,2,0.00000
161.380,2,161367.000,65638,192000,3999.542,120.0,8,41,2,0.00000
161.480,0,161467.000,70438,192000,3999.542,120.0,8,41,2,0.00000
161.480,1,161467.000,70438,192000,3999.542,120.0,8,41,2,0.00000
161.480,2,161467.000,70438,192000,3999.542,120.0,8,41,2,0.00000
161.580,0,161568.000,75266,192000,3999.958,120.0,8,41,2,0.00000
161.580,1,161568.000,75266,192000,3999.958,120.0,8,41,2,0.00000
161.580,2,161568.000,75266,192000,3999.958,120.0,8,41,2,0.00000
161.681,0,161668.000,80101,192000,3999.229,120.0,8,41,2,0.00000
161.681,1,161668.000,80101,192000,3999.229,120.0,8,41,2,0.00000
161.681,2,161668.000,80101,192000,3999.229,120.0,8,41,2,0.00000
161.782,0,161769.000,84953,192000,3999.146,120.0,8,41,2,0.00000
161.782,1,161769.000,84953,192000,3999.146,120.0,8,41,2,0.00000
161.782,2,161769.000,84953,192000,3999.146,120.0,8,41,2,0.00000
161.885,0,161872.000,89890,192000,3999.292,120.0,8,41,2,0.00000
161.885,1,161872.000,89890,192000,3999.292,120.0,8,41,2,0.00000
161.885,2,161872.000,89890,192000,3999.292,120.0,8,41,2,0.00000
161.985,0,161972.000,94695,192000,3999.188,120.0,8,41,2,0.00000
161.985,1,161972.000,94695,192000,3999.188,120.0,8,41,2,0.00000
161.985,2,161972.000,94695,192000,3999.188,120.0,8,41,2,0.00000
162.088,0,162075.000,99608,192000,3999.833,120.0,8,41,2,0.00000
162.088,1,162075.000,99608,192000,3999.833,120.0,8,41,2,0.00000
162.088,2,162075.000,99608,192000,3999.833,120.0,8,41,2,0.00000
162.188,0,162175.000,104442,192000,3999.125,120.0,8,41,2,0.00000
162.188,1,162175.000,104442,192000,3999.125,120.0,8,41,2,0.00000
162.188,2,162175.000,104442,192000,3999.125,120.0,8,41,2,0.00000
162.289,0,162276.000,109263,192000,3999.688,120.0,8,41,2,0.00000
162.289,1,162276.000,109263,192000,3999.688,120.0,8,41,2,0.00000
162.289,2,162276.000,109263,192000,3999.688,120.0,8,41,2,0.00000
162.389,0,162376.000,114085,192000,3999.229,120.0,8,41,2,0.00000
162.389,1,162376.000,114085,192000,3999.229,120.0,8,41,2,0.00000
162.389,2,162376.000,114085,192000,3999.229,120.0,8,41,2,0.00000
162.490,0,162477.000,118913,192000,3999.646,120.0,8,41,2,0.00000
162.490,1,162477.000,118913,192000,3999.646,120.0,8,41,2,0.00000
162.490,2,162477.000,118913,192000,3999.646,120.0,8,41,2,0.00000
162.590,0,162577.000,123734,192000,3999.208,120.0,8,41,2,0.00000
162.590,1,162577.000,123734,192000,3999.208,120.0,8,41,2,0.00000
162.590,2,162577.000,123734,192000,3999.208,120.0,8,41,2,0.00000
162.692,0,162679.000,128614,192000,3999.542,120.0,8,41,2,0.00000
162.692,1,162679.000,128614,192000,3999.542,120.0,8,41,2,0.00000
162.692,2,162679.000,128614,192000,3999.542,120.0,8,41,2,0.00000
162.794,0,162781.000,133520,192000,3999.333,120.0,8,41,2,0.00000
162.794,1,162781.000,133520,192000,3999.333,120.0,8,41,2,0.00000
162.794,2,162781.000,133520,192000,3999.333,120.0,8,41,2,0.00000
162.897,0,162884.000,138439,192000,3999.854,120.0,8,41,2,0.00000
162.897,1,162884.000,138439,192000,3999.854,120.0,8,41,2,0.00000
162.897,2,162884.000,138439,192000,3999.854,120.0,8,41,2,0.00000
162.998,0,162986.000,143331,192000,3999.938,120.0,8,41,2,0.00000
162.998,1,162986.000,143331,192000,3999.938,120.0,8,41,2,0.00000
162.998,2,162986.000,143331,192000,3999.938,120.0,8,41,2,0.00000
163.100,0,163087.000,148213,192000,3999.229,120.0,8,41,2,0.00000
163.100,1,163087.000,148213,192000,3999.229,120.0,8,41,2,0.00000
163.100,2,163087.000,148213,192000,3999.229,120.0,8,41,2,0.00000
163.201,0,163188.000,153039,192000,3999.688,120.0,8,41,2,0.00000
163.201,1,163188.000,153039,192000,3999.688,120.0,8,41,2,0.00000
163.201,2,163188.000,153039,192000,3999.688,120.0,8,41,2,0.00000
163.301,0,163288.000,157848,192000,3999.500,120.0,8,41,2,0.00000
163.301,1,163288.000,157848,192000,3999.500,120.0,8,41,2,0.00000
163.301,2,163288.000,157848,192000,3999.500,120.0,8,41,2,0.00000
163.403,0,163390.000,162751,192000,3999.354,120.0,8,41,2,0.00000
163.403,1,163390.000,162751,192000,3999.354,120.0,8,41,2,0.00000
163.403,2,163390.000,162751,192000,3999.354,120.0,8,41,2,0.00000
163.503,0,163490.000,167560,192000,3999.167,120.0,8,41,2,0.00000
163.503,1,163490.000,167560,192000,3999.167,120.0,8,41,2,0.00000
163.503,2,163490.000,167560,192000,3999.167,120.0,8,41,2,0.00000
163.605,0,163592.000,172442,192000,3999.458,120.0,8,41,2,0.00000
163.605,1,163592.000,172442,192000,3999.458,120.0,8,41,2,0.00000
163.605,2,163592.000,172442,192000,3999.458,120.0,8,41,2,0.00000
163.705,0,163692.000,177248,192000,3999.333,120.0,8,41,2,0.00000
163.705,1,163692.000,177248,192000,3999.333,120.0,8,41,2,0.00000
163.705,2,163692.000,177248,192000,3999.333,120.0,8,41,2,0.00000
163.807,0,163794.000,182159,192000,3999.021,120.0,8,41,2,0.00000
163.807,1,163794.000,182159,192000,3999.021,120.0,8,41,2,0.00000
163.807,2,163794.000,182159,192000,3999.021,120.0,8,41,2,0.00000
163.909,0,163896.000,187044,192000,3999.250,120.0,8,41,2,0.00000
163.909,1,163896.000,187044,192000,3999.250,120.0,8,41,2,0.00000
163.909,2,163896.000,187044,192000,3999.250,120.0,8,41,2,0.00000
164.012,0,163999.000,191979,192000,3999.438,120.0,8,41,2,0.00000
164.012,1,163999.000,191979,192000,3999.438,120.0,8,41,2,0.00000
164.012,2,163999.000,191979,192000,3999.438,120.0,8,41,2,0.00000
164.112,0,164099.000,4796,192000,3999.083,120.0,8,42,2,0.09114
164.112,1,164099.000,4796,192000,3999.083,120.0,8,42,2,0.09121
164.112,2,164099.000,4796,192000,3999.083,120.0,8,42,2,0.09121
164.212,0,164200.000,9600,192000,0.000,120.0,8,42,2,0.06011
164.212,1,164200.000,9600,192000,0.000,120.0,8,42,2,0.06016
164.212,2,164200.000,9600,192000,0.000,120.0,8,42,2,0.06016
164.314,0,164301.000,14466,192000,3999.625,120.0,8,42,2,0.03943
164.314,1,164301.000,14466,192000,3999.625,120.0,8,42,2,0.03946
164.314,2,164301.000,14466,192000,3999.625,120.0,8,42,2,0.03946
164.414,0,164401.000,19285,192000,3999.229,120.0,8,42,2,0.02597
164.414,1,164401.000,19285,192000,3999.229,120.0,8,42,2,0.02599
164.414,2,164401.000,19285,192000,3999.229,120.0,8,42,2,0.02599
164.517,0,164504.000,24233,192000,3999.146,120.0,8,42,2,0.01692
164.517,1,164504.000,24233,192000,3999.146,120.0,8,42,2,0.01693
164.517,2,164504.000,24233,192000,3999.146,120.0,8,42,2,0.01693
164.617,0,164604.000,29038,192000,3999.042,120.0,8,42,2,0.01116
164.617,1,164604.000,29038,192000,3999.042,120.0,8,42,2,0.01117
164.617,2,164604.000,29038,192000,3999.042,120.0,8,42,2,0.01117
164.720,0,164707.000,33944,192000,3999.833,120.0,8,42,2,0.00729
164.720,1,164707.000,33944,192000,3999.833,120.0,8,42,2,0.00730
164.720,2,164707.000,33944,192000,3999.833,120.0,8,42,2,0.00730
164.821,0,164808.000,38829,192000,3999.062,120.0,8,42,2,0.00478
164.821,1,164808.000,38829,192000,3999.062,120.0,8,42,2,0.00478
164.821,2,164808.000,38829,192000,3999.062,120.0,8,42,2,0.00478
164.924,0,164911.000,43759,192000,3999.354,120.0,8,42,2,0.00312
164.924,1,164911.000,43759,192000,3999.354,120.0,8,42,2,0.00312
164.924,2,164911.000,43759,192000,3999.354,120.0,8,42,2,0.00312
165.024,0,165011.000,48569,192000,3999.146,120.0,8,42,2,0.00205
165.024,1,165011.000,48569,192000,3999.146,120.0,8,42,2,0.00206
165.024,2,165011.000,48569,192000,3999.146,120.0,8,42,2,0.00206
165.126,0,165113.000,53439,192000,3999.688,120.0,8,42,2,0.00135
165.126,1,165113.000,53439,192000,3999.688,120.0,8,42,2,0.00135
165.126,2,165113.000,53439,192000,3999.688,120.0,8,42,2,0.00135
165.227,0,165214.000,58314,192000,3999.125,120.0,8,42,2,0.00088
165.227,1,165214.000,58314,192000,3999.125,120.0,8,42,2,0.00088
165.227,2,165214.000,58314,192000,3999.125,120.0,8,42,2,0.00088
165.328,0,165315.000,63161,192000,3999.146,120.0,8,42,2,0.00058
165.328,1,165315.000,63161,192000,3999.146,120.0,8,42,2,0.00058
165.328,2,165315.000,63161,192000,3999.146,120.0,8,42,2,0.00058
165.430,0,165417.000,68029,192000,3999.729,120.0,8,42,2,0.00038
165.430,1,165417.000,68029,192000,3999.729,120.0,8,42,2,0.00038
165.430,2,165417.000,68029,192000,3999.729,120.0,8,42,2,0.00038
165.532,0,165519.000,72928,192000,3999.667,120.0,8,42,2,0.00025
165.532,1,165519.000,72928,192000,3999.667,120.0,8,42,2,0.00025
165.532,2,165519.000,72928,192000,3999.667,120.0,8,42,2,0.00025
165.635,0,165622.000,77872,192000,3999.667,120.0,8,42,2,0.00016
165.635,1,165622.000,77872,192000,3999.667,120.0,8,42,2,0.00016
165.635,2,165622.000,77872,192000,3999.667,120.0,8,42,2,0.00016
165.735,0,165722.000,82678,192000,3999.542,120.0,8,42,2,0.00011
165.735,1,165722.000,82678,192000,3999.542,120.0,8,42,2,0.00011
165.735,2,165722.000,82678,192000,3999.542,120.0,8,42,2,0.00011
165.836,0,165823.000,87537,192000,3999.312,120.0,8,42,2,0.00007
165.836,1,165823.000,87537,192000,3999.312,120.0,8,42,2,0.00007
165.836,2,165823.000,87537,192000,3999.312,120.0,8,42,2,0.00007
165.937,0,165924.000,92393,192000,3999.146,120.0,8,42,2,0.00005
165.937,1,165924.000,92393,192000,3999.146,120.0,8,42,2,0.00005
165.937,2,165924.000,92393,192000,3999.146,120.0,8,42,2,0.00005
166.039,0,166027.000,97300,192000,3999.917,120.0,8,42,2,0.00003
166.039,1,166027.000,97300,192000,3999.917,120.0,8,42,2,0.00003
166.039,2,166027.000,97300,192000,3999.917,120.0,8,42,2,0.00003
166.140,0,166128.000,102149,192000,3999.896,120.0,8,42,2,0.00002
166.140,1,166128.000,102149,192000,3999.896,120.0,8,42,2,0.00002
166.140,2,166128.000,102149,192000,3999.896,120.0,8,42,2,0.00002
166.242,0,166229.000,107031,192000,3999.188,120.0,8,42,2,0.00001
166.242,1,166229.000,107031,192000,3999.188,120.0,8,42,2,0.00001
166.242,2,166229.000,107031,192000,3999.188,120.0,8,42,2,0.00001
166.345,0,166332.000,111956,192000,3999.583,120.0,8,42,2,0.00001
166.345,1,166332.000,111956,192000,3999.583,120.0,8,42,2,0.00001
166.345,2,166332.000,111956,192000,3999.583,120.0,8,42,2,0.00001
166.446,0,166433.000,116797,192000,3999.729,120.0,8,42,2,0.00001
166.446,1,166433.000,116797,192000,3999.729,120.0,8,42,2,0.00001
166.446,2,166433.000,116797,192000,3999.729,120.0,8,42,2,0.00001
166.546,0,166533.000,121617,192000,3999.312,120.0,8,42,2,0.00000
166.546,1,166533.000,121617,192000,3999.312,120.0,8,42,2,0.00000
166.546,2,166533.000,121617,192000,3999.312,120.0,8,42,2,0.00000
166.648,0,166635.000,126491,192000,3999.771,120.0,8,42,2,0.00000
166.648,1,166635.000,126491,192000,3999.771,120.0,8,42,2,0.00000
166.648,2,166635.000,126491,192000,3999.771,120.0,8,42,2,0.00000
166.748,0,166735.000,131293,192000,3999.729,120.0,8,42,2,0.00000
166.748,1,166735.000,131293,192000,3999.729,120.0,8,42,2,0.00000
166.748,2,166735.000,131293,192000,3999.729,120.0,8,42,2,0.00000
166.851,0,166838.000,136243,192000,3999.604,120.0,8,42,2,0.00000
166.851,1,166838.000,136243,192000,3999.604,120.0,8,42,2,0.00000
166.851,2,166838.000,136243,192000,3999.604,120.0,8,42,2,0.00000
166.951,0,166938.000,141067,192000,3999.104,120.0,8,42,2,0.00000
166.951,1,166938.000,141067,192000,3999.104,120.0,8,42,2,0.00000
166.951,2,166938.000,141067,192000,3999.104,120.0,8,42,2,0.00000
167.053,0,167040.000,145938,192000,3999.625,120.0,8,42,2,0.00000
167.053,1,167040.000,145938,192000,3999.625,120.0,8,42,2,0.00000
167.053,2,167040.000,145938,192000,3999.625,120.0,8,42,2,0.00000
167.153,0,167140.000,150748,192000,3999.417,120.0,8,42,2,0.00000
167.153,1,167140.000,150748,192000,3999.417,120.0,8,42,2,0.00000
167.153,2,167140.000,150748,192000,3999.417,120.0,8,42,2,0.00000
167.253,0,167240.000,155559,192000,3999.188,120.0,8,42,2,0.00000
167.253,1,167240.000,155559,192000,3999.188,120.0,8,42,2,0.00000
167.253,2,167240.000,155559,192000,3999.188,120.0,8,42,2,0.00000
167.353,0,167340.000,160360,192000,3999.167,120.0,8,42,2,0.00000
167.353,1,167340.000,160360,192000,3999.167,120.0,8,42,2,0.00000
167.353,2,167340.000,160360,192000,3999.167,120.0,8,42,2,0.00000
167.454,0,167441.000,165211,192000,3999.104,120.0,8,42,2,0.00000
167.454,1,167441.000,165211,192000,3999.104,120.0,8,42,2,0.00000
167.454,2,167441.000,165211,192000,3999.104,120.0,8,42,2,0.00000
167.555,0,167543.000,170065,192000,3999.979,120.0,8,42,2,0.00000
167.555,1,167543.000,170065,192000,3999.979,120.0,8,42,2,0.00000
167.555,2,167543.000,170065,192000,3999.979,120.0,8,42,2,0.00000
167.657,0,167644.000,174926,192000,3999.708,120.0,8,42,2,0.00000
167.657,1,167644.000,174926,192000,3999.708,120.0,8,42,2,0.00000
167.657,2,167644.000,174926,192000,3999.708,120.0,8,42,2,0.00000
167.758,0,167745.000,179790,192000,3999.375,120.0,8,42,2,0.00000
167.758,1,167745.000,179790,192000,3999.375,120.0,8,42,2,0.00000
167.758,2,167745.000,179790,192000,3999.375,120.0,8,42,2,0.00000
167.860,0,167847.000,184684,192000,3999.417,120.0,8,42,2,0.00000
167.860,1,167847.000,184684,192000,3999.417,120.0,8,42,2,0.00000
167.860,2,167847.000,184684,192000,3999.417,120.0,8,42,2,0.00000
167.962,0,167949.000,189563,192000,3999.771,120.0,8,42,2,0.00000
167.962,1,167949.000,189563,192000,3999.771,120.0,8,42,2,0.00000
167.962,2,167949.000,189563,192000,3999.771,120.0,8,42,2,0.00000
168.063,0,168050.000,2440,192000,3999.167,120.0,8,43,2,0.00000
168.063,1,168050.000,2440,192000,3999.167,120.0,8,43,2,0.00000
168.063,2,168050.000,2440,192000,3999.167,120.0,8,43,2,0.00000
168.163,0,168150.000,7243,192000,3999.104,120.0,8,43,2,0.00000
168.163,1,168150.000,7243,192000,3999.104,120.0,8,43,2,0.00000
168.163,2,168150.000,7243,192000,3999.104,120.0,8,43,2,0.00000
168.266,0,168253.000,12170,192000,3999.458,120.0,8,43,2,0.00000
168.266,1,168253.000,12170,192000,3999.458,120.0,8,43,2,0.00000
168.266,2,168253.000,12170,192000,3999.458,120.0,8,43,2,0.00000
168.368,0,168355.000,17069,192000,3999.396,120.0,8,43,2,0.00000
168.368,1,168355.000,17069,192000,3999.396,120.0,8,43,2,0.00000
168.368,2,168355.000,17069,192000,3999.396,120.0,8,43,2,0.00000
168.468,0,168455.000,21872,192000,3999.333,120.0,8,43,2,0.00000
168.468,1,168455.000,21872,192000,3999.333,120.0,8,43,2,0.00000
168.468,2,168455.000,21872,192000,3999.333,120.0,8,43,2,0.00000
168.570,0,168557.000,26773,192000,3999.229,120.0,8,43,2,0.00000
168.570,1,168557.000,26773,192000,3999.229,120.0,8,43,2,0.00000
168.570,2,168557.000,26773,192000,3999.229,120.0,8,43,2,0.00000
168.672,0,168659.000,31666,192000,3999.292,120.0,8,43,2,0.00000
168.672,1,168659.000,31666,192000,3999.292,120.0,8,43,2,0.00000
168.672,2,168659.000,31666,192000,3999.292,120.0,8,43,2,0.00000
168.774,0,168761.000,36545,192000,3999.646,120.0,8,43,2,0.00000
168.774,1,168761.000,36545,192000,3999.646,120.0,8,43,2,0.00000
168.774,2,168761.000,36545,192000,3999.646,120.0,8,43,2,0.00000
168.877,0,168864.000,41482,192000,3999.792,120.0,8,43,2,0.00000
168.877,1,168864.000,41482,192000,3999.792,120.0,8,43,2,0.00000
168.877,2,168864.000,41482,192000,3999.792,120.0,8,43,2,0.00000
168.979,0,168966.000,46410,192000,3999.125,120.0,8,43,2,0.00000
168.979,1,168966.000,46410,192000,3999.125,120.0,8,43,2,0.00000
168.979,2,168966.000,46410,192000,3999.125,120.0,8,43,2,0.00000
169.082,0,169069.000,51330,192000,3999.625,120.0,8,43,2,0.00000
169.082,1,169069.000,51330,192000,3999.625,120.0,8,43,2,0.00000
169.082,2,169069.000,51330,192000,3999.625,120.0,8,43,2,0.00000
169.185,0,169172.000,56280,192000,3999.500,120.0,8,43,2,0.00000
169.185,1,169172.000,56280,192000,3999.500,120.0,8,43,2,0.00000
169.185,2,169172.000,56280,192000,3999.500,120.0,8,43,2,0.00000
169.285,0,169273.000,61107,192000,3999.938,120.0,8,43,2,0.00000
169.285,1,169273.000,61107,192000,3999.938,120.0,8,43,2,0.00000
169.285,2,169273.000,61107,192000,3999.938,120.0,8,43,2,0.00000
169.388,0,169375.000,66007,192000,3999.854,120.0,8,43,2,0.00000
169.388,1,169375.000,66007,192000,3999.854,120.0,8,43,2,0.00000
169.388,2,169375.000,66007,192000,3999.854,120.0,8,43,2,0.00000
169.488,0,169475.000,70816,192000,3999.667,120.0,8,43,2,0.00000
169.488,1,169475.000,70816,192000,3999.667,120.0,8,43,2,0.00000
169.488,2,169475.000,70816,192000,3999.667,120.0,8,43,2,0.00000
169.590,0,169577.000,75743,192000,3999.021,120.0,8,43,2,0.00000
169.590,1,169577.000,75743,192000,3999.021,120.0,8,43,2,0.00000
169.590,2,169577.000,75743,192000,3999.021,120.0,8,43,2,0.00000
169.692,0,169679.000,80610,192000,3999.625,120.0,8,43,2,0.00000
169.692,1,169679.000,80610,192000,3999.625,120.0,8,43,2,0.00000
169.692,2,169679.000,80610,192000,3999.625,120.0,8,43,2,0.00000
169.792,0,169779.000,85432,192000,3999.167,120.0,8,43,2,0.00000
169.792,1,169779.000,85432,192000,3999.167,120.0,8,43,2,0.00000
169.792,2,169779.000,85432,192000,3999.167,120.0,8,43,2,0.00000
169.894,0,169881.000,90313,192000,3999.479,120.0,8,43,2,0.00000
169.894,1,169881.000,90313,192000,3999.479,120.0,8,43,2,0.00000
169.894,2,169881.000,90313,192000,3999.479,120.0,8,43,2,0.00000
169.995,0,169983.000,95188,192000,3999.917,120.0,8,43,2,0.00000
169.995,1,169983.000,95188,192000,3999.917,120.0,8,43,2,0.00000
169.995,2,169983.000,95188,192000,3999.917,120.0,8,43,2,0.00000
170.096,0,170083.000,100030,192000,3999.042,120.0,8,43,2,0.00000
170.096,1,170083.000,100030,192000,3999.042,120.0,8,43,2,0.00000
170.096,2,170083.000,100030,192000,3999.042,120.0,8,43,2,0.00000
170.199,0,170186.000,104971,192000,3999.104,120.0,8,43,2,0.00000
170.199,1,170186.000,104971,192000,3999.104,120.0,8,43,2,0.00000
170.199,2,170186.000,104971,192000,3999.104,120.0,8,43,2,0.00000
170.302,0,170289.000,109884,192000,3999.750,120.0,8,43,2,0.00000
170.302,1,170289.000,109884,192000,3999.750,120.0,8,43,2,0.00000
170.302,2,170289.000,109884,192000,3999.750,120.0,8,43,2,0.00000
170.403,0,170390.000,114735,192000,3999.688,120.0,8,43,2,0.00000
170.403,1,170390.000,114735,192000,3999.688,120.0,8,43,2,0.00000
170.403,2,170390.000,114735,192000,3999.688,120.0,8,43,2,0.00000
170.504,0,170491.000,119593,192000,3999.479,120.0,8,43,2,0.00000
170.504,1,170491.000,119593,192000,3999.479,120.0,8,43,2,0.00000
170.504,2,170491.000,119593,192000,3999.479,120.0,8,43,2,0.00000
170.606,0,170593.000,124488,192000,3999.500,120.0,8,43,2,0.00000
170.606,1,170593.000,124488,192000,3999.500,120.0,8,43,2,0.00000
170.606,2,170593.000,124488,192000,3999.500,120.0,8,43,2,0.00000
170.707,0,170695.000,129365,192000,3999.896,120.0,8,43,2,0.00000
170.707,1,170695.000,129365,192000,3999.896,120.0,8,43,2,0.00000
170.707,2,170695.000,129365,192000,3999.896,120.0,8,43,2,0.00000
170.809,0,170796.000,134238,192000,3999.375,120.0,8,43,2,0.00000
170.809,1,170796.000,134238,192000,3999.375,120.0,8,43,2,0.00000
170.809,2,170796.000,134238,192000,3999.375,120.0,8,43,2,0.00000
170.910,0,170897.000,139084,192000,3999.417,120.0,8,43,2,0.00000
170.910,1,170897.000,139084,192000,3999.417,120.0,8,43,2,0.00000
170.910,2,170897.000,139084,192000,3999.417,120.0,8,43,2,0.00000
171.011,0,170998.000,143919,192000,3999.688,120.0,8,43,2,0.00000
171.011,1,170998.000,143919,192000,3999.688,120.0,8,43,2,0.00000
171.011,2,170998.000,143919,192000,3999.688,120.0,8,43,2,0.00000
171.112,0,171099.000,148798,192000,3999.042,120.0,8,43,2,0.00000
171.112,1,171099.000,148798,192000,3999.042,120.0,8,43,2,0.00000
171.112,2,171099.000,148798,192000,3999.042,120.0,8,43,2,0.00000
171.214,0,171201.000,153676,192000,3999.417,120.0,8,43,2,0.00000
171.214,1,171201.000,153676,192000,3999.417,120.0,8,43,2,0.00000
171.214,2,171201.000,153676,192000,3999.417,120.0,8,43,2,0.00000
171.316,0,171304.000,158597,192000,3999.896,120.0,8,43,2,0.00000
171.316,1,171304.000,158597,192000,3999.896,120.0,8,43,2,0.00000
171.316,2,171304.000,158597,192000,3999.896,120.0,8,43,2,0.00000
171.419,0,171406.000,163533,192000,3999.062,120.0,8,43,2,0.00000
171.419,1,171406.000,163533,192000,3999.062,120.0,8,43,2,0.00000
171.419,2,171406.000,163533,192000,3999.062,120.0,8,43,2,0.00000
171.520,0,171507.000,168349,192000,3999.729,120.0,8,43,2,0.00000
171.520,1,171507.000,168349,192000,3999.729,120.0,8,43,2,0.00000
171.520,2,171507.000,168349,192000,3999.729,120.0,8,43,2,0.00000
171.621,0,171608.000,173194,192000,3999.792,120.0,8,43,2,0.00000
171.621,1,171608.000,173194,192000,3999.792,120.0,8,43,2,0.00000
171.621,2,171608.000,173194,192000,3999.792,120.0,8,43,2,0.00000
171.721,0,171708.000,178031,192000,3999.021,120.0,8,43,2,0.00000
171.721,1,171708.000,178031,192000,3999.021,120.0,8,43,2,0.00000
171.721,2,171708.000,178031,192000,3999.021,120.0,8,43,2,0.00000
171.823,0,171811.000,182930,192000,3999.958,120.0,8,43,2,0.00000
171.823,1,171811.000,182930,192000,3999.958,120.0,8,43,2,0.00000
171.823,2,171811.000,182930,192000,3999.958,120.0,8,43,2,0.00000
171.926,0,171913.000,187862,192000,3999.208,120.0,8,43,2,0.00000
171.926,1,171913.000,187862,192000,3999.208,120.0,8,43,2,0.00000
171.926,2,171913.000,187862,192000,3999.208,120.0,8,43,2,0.00000
172.027,0,172015.000,720,192000,0.000,120.0,8,44,2,0.00000
172.027,1,172015.000,720,192000,0.000,120.0,8,44,2,0.00000
172.027,2,172015.000,720,192000,0.000,120.0,8,44,2,0.00000
172.130,0,172117.000,5623,192000,3999.854,120.0,8,44,2,0.00000
172.130,1,172117.000,5623,192000,3999.854,120.0,8,44,2,0.00000
172.130,2,172117.000,5623,192000,3999.854,120.0,8,44,2,0.00000
172.231,0,172218.000,10505,192000,3999.146,120.0,8,44,2,0.00000
172.231,1,172218.000,10505,192000,3999.146,120.0,8,44,2,0.00000
172.231,2,172218.000,10505,192000,3999.146,120.0,8,44,2,0.00000
172.333,0,172320.000,15369,192000,3999.812,120.0,8,44,2,0.00000
172.333,1,172320.000,15369,192000,3999.812,120.0,8,44,2,0.00000
172.333,2,172320.000,15369,192000,3999.812,120.0,8,44,2,0.00000
172.434,0,172421.000,20255,192000,3999.021,120.0,8,44,2,0.00000
172.434,1,172421.000,20255,192000,3999.021,120.0,8,44,2,0.00000
172.434,2,172421.000,20255,192000,3999.021,120.0,8,44,2,0.00000
172.535,0,172522.000,25082,192000,3999.458,120.0,8,44,2,0.00000
172.535,1,172522.000,25082,192000,3999.458,120.0,8,44,2,0.00000
172.535,2,172522.000,25082,192000,3999.458,120.0,8,44,2,0.00000
172.637,0,172624.000,29992,192000,3999.167,120.0,8,44,2,0.00000
172.637,1,172624.000,29992,192000,3999.167,120.0,8,44,2,0.00000
172.637,2,172624.000,29992,192000,3999.167,120.0,8,44,2,0.00000
172.740,0,172727.000,34908,192000,3999.750,120.0,8,44,2,0.00000
172.740,1,172727.000,34908,192000,3999.750,120.0,8,44,2,0.00000
172.740,2,172727.000,34908,192000,3999.750,120.0,8,44,2,0.00000
172.840,0,172827.000,39729,192000,3999.312,120.0,8,44,2,0.00000
172.840,1,172827.000,39729,192000,3999.312,120.0,8,44,2,0.00000
172.840,2,172827.000,39729,192000,3999.312,120.0,8,44,2,0.00000
172.942,0,172929.000,44604,192000,3999.750,120.0,8,44,2,0.00000
172.942,1,172929.000,44604,192000,3999.750,120.0,8,44,2,0.00000
172.942,2,172929.000,44604,192000,3999.750,120.0,8,44,2,0.00000
173.042,0,173029.000,49409,192000,3999.646,120.0,8,44,2,0.00000
173.042,1,173029.000,49409,192000,3999.646,120.0,8,44,2,0.00000
173.042,2,173029.000,49409,192000,3999.646,120.0,8,44,2,0.00000
173.143,0,173130.000,54261,192000,3999.562,120.0,8,44,2,0.00000
173.143,1,173130.000,54261,192000,3999.562,120.0,8,44,2,0.00000
173.143,2,173130.000,54261,192000,3999.562,120.0,8,44,2,0.00000
173.244,0,173231.000,59121,192000,3999.312,120.0,8,44,2,0.00000
173.244,1,173231.000,59121,192000,3999.312,120.0,8,44,2,0.00000
173.244,2,173231.000,59121,192000,3999.312,120.0,8,44,2,0.00000
173.346,0,173333.000,63992,192000,3999.833,120.0,8,44,2,0.00000
173.346,1,173333.000,63992,192000,3999.833,120.0,8,44,2,0.00000
173.346,2,173333.000,63992,192000,3999.833,120.0,8,44,2,0.00000
173.446,0,173433.000,68819,192000,3999.271,120.0,8,44,2,0.00000
173.446,1,173433.000,68819,192000,3999.271,120.0,8,44,2,0.00000
173.446,2,173433.000,68819,192000,3999.271,120.0,8,44,2,0.00000
173.548,0,173535.000,73707,192000,3999.438,120.0,8,44,2,0.00000
173.548,1,173535.000,73707,192000,3999.438,120.0,8,44,2,0.00000
173.548,2,173535.000,73707,192000,3999.438,120.0,8,44,2,0.00000
173.649,0,173636.000,78544,192000,3999.667,120.0,8,44,2,0.00000
173.649,1,173636.000,78544,192000,3999.667,120.0,8,44,2,0.00000
173.649,2,173636.000,78544,192000,3999.667,120.0,8,44,2,0.00000
173.749,0,173736.000,83350,192000,3999.542,120.0,8,44,2,0.00000
173.749,1,173736.000,83350,192000,3999.542,120.0,8,44,2,0.00000
173.749,2,173736.000,83350,192000,3999.542,120.0,8,44,2,0.00000
173.852,0,173839.000,88285,192000,3999.729,120.0,8,44,2,0.00000
173.852,1,173839.000,88285,192000,3999.729,120.0,8,44,2,0.00000
173.852,2,173839.000,88285,192000,3999.729,120.0,8,44,2,0.00000
173.952,0,173939.000,93109,192000,3999.229,120.0,8,44,2,0.00000
173.952,1,173939.000,93109,192000,3999.229,120.0,8,44,2,0.00000
173.952,2,173939.000,93109,192000,3999.229,120.0,8,44,2,0.00000
174.053,0,174040.000,97959,192000,3999.188,120.0,8,44,2,0.00000
174.053,1,174040.000,97959,192000,3999.188,120.0,8,44,2,0.00000
174.053,2,174040.000,97959,192000,3999.188,120.0,8,44,2,0.00000
174.155,0,174142.000,102838,192000,3999.542,120.0,8,44,2,0.00000
174.155,1,174142.000,102838,192000,3999.542,120.0,8,44,2,0.00000
174.155,2,174142.000,102838,192000,3999.542,120.0,8,44,2,0.00000
174.256,0,174243.000,107702,192000,3999.208,120.0,8,44,2,0.00000
174.256,1,174243.000,107702,192000,3999.208,120.0,8,44,2,0.00000
174.256,2,174243.000,107702,192000,3999.208,120.0,8,44,2,0.00000
174.359,0,174346.000,112630,192000,3999.542,120.0,8,44,2,0.00000
174.359,1,174346.000,112630,192000,3999.542,120.0,8,44,2,0.00000
174.359,2,174346.000,112630,192000,3999.542,120.0,8,44,2,0.00000
174.461,0,174448.000,117533,192000,3999.396,120.0,8,44,2,0.00000
174.461,1,174448.000,117533,192000,3999.396,120.0,8,44,2,0.00000
174.461,2,174448.000,117533,192000,3999.396,120.0,8,44,2,0.00000
174.563,0,174550.000,122412,192000,3999.750,120.0,8,44,2,0.00000
174.563,1,174550.000,122412,192000,3999.750,120.0,8,44,2,0.00000
174.563,2,174550.000,122412,192000,3999.750,120.0,8,44,2,0.00000
174.664,0,174652.000,127299,192000,3999.938,120.0,8,44,2,0.00000
174.664,1,174652.000,127299,192000,3999.938,120.0,8,44,2,0.00000
174.664,2,174652.000,127299,192000,3999.938,120.0,8,44,2,0.00000
174.766,0,174753.000,132159,192000,3999.688,120.0,8,44,2,0.00000
174.766,1,174753.000,132159,192000,3999.688,120.0,8,44,2,0.00000
174.766,2,174753.000,132159,192000,3999.688,120.0,8,44,2,0.00000
174.875,0,174863.000,137428,192000,3999.917,120.0,8,44,2,0.00000
174.875,1,174863.000,137428,192000,3999.917,120.0,8,44,2,0.00000
174.875,2,174863.000,137428,192000,3999.917,120.0,8,44,2,0.00000
174.975,0,174963.000,142229,192000,3999.896,120.0,8,44,2,0.00000
174.975,1,174963.000,142229,192000,3999.896,120.0,8,44,2,0.00000
174.975,2,174963.000,142229,192000,3999.896,120.0,8,44,2,0.00000
175.077,0,175064.000,147088,192000,3999.667,120.0,8,44,2,0.00000
175.077,1,175064.000,147088,192000,3999.667,120.0,8,44,2,0.00000
175.077,2,175064.000,147088,192000,3999.667,120.0,8,44,2,0.00000
175.178,0,175165.000,151941,192000,3999.562,120.0,8,44,2,0.00000
175.178,1,175165.000,151941,192000,3999.562,120.0,8,44,2,0.00000
175.178,2,175165.000,151941,192000,3999.562,120.0,8,44,2,0.00000
175.279,0,175266.000,156781,192000,3999.729,120.0,8,44,2,0.00000
175.279,1,175266.000,156781,192000,3999.729,120.0,8,44,2,0.00000
175.279,2,175266.000,156781,192000,3999.729,120.0,8,44,2,0.00000
175.380,0,175367.000,161662,192000,3999.042,120.0,8,44,2,0.00000
175.380,1,175367.000,161662,192000,3999.042,120.0,8,44,2,0.00000
175.380,2,175367.000,161662,192000,3999.042,120.0,8,44,2,0.00000
175.482,0,175469.000,166559,192000,3999.021,120.0,8,44,2,0.00000
175.482,1,175469.000,166559,192000,3999.021,120.0,8,44,2,0.00000
175.482,2,175469.000,166559,192000,3999.021,120.0,8,44,2,0.00000
175.584,0,175571.000,171447,192000,3999.188,120.0,8,44,2,0.00000
175.584,1,175571.000,171447,192000,3999.188,120.0,8,44,2,0.00000
175.584,2,175571.000,171447,192000,3999.188,120.0,8,44,2,0.00000
175.684,0,175671.000,176249,192000,3999.146,120.0,8,44,2,0.00000
175.684,1,175671.000,176249,192000,3999.146,120.0,8,44,2,0.00000
175.684,2,175671.000,176249,192000,3999.146,120.0,8,44,2,0.00000
175.785,0,175772.000,181103,192000,3999.021,120.0,8,44,2,0.00000
175.785,1,175772.000,181103,192000,3999.021,120.0,8,44,2,0.00000
175.785,2,175772.000,181103,192000,3999.021,120.0,8,44,2,0.00000
175.888,0,175875.000,186014,192000,3999.708,120.0,8,44,2,0.00000
175.888,1,175875.000,186014,192000,3999.708,120.0,8,44,2,0.00000
175.888,2,175875.000,186014,192000,3999.708,120.0,8,44,2,0.00000
175.989,0,175976.000,190870,192000,3999.542,120.0,8,44,2,0.00000
175.989,1,175976.000,190870,192000,3999.542,120.0,8,44,2,0.00000
175.989,2,175976.000,190870,192000,3999.542,120.0,8,44,2,0.00000
176.090,0,176077.000,3737,192000,3999.146,120.0,8,45,2,0.10014
176.090,1,176077.000,3737,192000,3999.146,120.0,8,45,2,0.09979
176.090,2,176077.000,3737,192000,3999.146,120.0,8,45,2,0.10014
176.191,0,176178.000,8571,192000,3999.438,120.0,8,45,2,0.06588
176.191,1,176178.000,8571,192000,3999.438,120.0,8,45,2,0.06565
176.191,2,176178.000,8571,192000,3999.438,120.0,8,45,2,0.06588
176.293,0,176280.000,13457,192000,3999.646,120.0,8,45,2,0.04314
176.293,1,176280.000,13457,192000,3999.646,120.0,8,45,2,0.04299
176.293,2,176280.000,13457,192000,3999.646,120.0,8,45,2,0.04314
176.394,0,176381.000,18321,192000,3999.312,120.0,8,45,2,0.02830
176.394,1,176381.000,18321,192000,3999.312,120.0,8,45,2,0.02820
176.394,2,176381.000,18321,192000,3999.312,120.0,8,45,2,0.02830
176.495,0,176483.000,23189,192000,3999.896,120.0,8,45,2,0.01856
176.495,1,176483.000,23189,192000,3999.896,120.0,8,45,2,0.01850
176.495,2,176483.000,23189,192000,3999.896,120.0,8,45,2,0.01856
176.597,0,176584.000,28049,192000,3999.646,120.0,8,45,2,0.01218
176.597,1,176584.000,28049,192000,3999.646,120.0,8,45,2,0.01214
176.597,2,176584.000,28049,192000,3999.646,120.0,8,45,2,0.01218
176.700,0,176687.000,32987,192000,3999.771,120.0,8,45,2,0.00794
176.700,1,176687.000,32987,192000,3999.771,120.0,8,45,2,0.00792
176.700,2,176687.000,32987,192000,3999.771,120.0,8,45,2,0.00794
176.802,0,176789.000,37907,192000,3999.271,120.0,8,45,2,0.00519
176.802,1,176789.000,37907,192000,3999.271,120.0,8,45,2,0.00517
176.802,2,176789.000,37907,192000,3999.271,120.0,8,45,2,0.00519
176.903,0,176890.000,42739,192000,3999.604,120.0,8,45,2,0.00341
176.903,1,176890.000,42739,192000,3999.604,120.0,8,45,2,0.00340
176.903,2,176890.000,42739,192000,3999.604,120.0,8,45,2,0.00341
177.005,0,176992.000,47633,192000,3999.646,120.0,8,45,2,0.00223
177.005,1,176992.000,47633,192000,3999.646,120.0,8,45,2,0.00223
177.005,2,176992.000,47633,192000,3999.646,120.0,8,45,2,0.00223
177.106,0,177093.000,52490,192000,3999.458,120.0,8,45,2,0.00147
177.106,1,177093.000,52490,192000,3999.458,120.0,8,45,2,0.00146
177.106,2,177093.000,52490,192000,3999.458,120.0,8,45,2,0.00147
177.206,0,177194.000,57314,192000,3999.958,120.0,8,45,2,0.00097
177.206,1,177194.000,57314,192000,3999.958,120.0,8,45,2,0.00096
177.206,2,177194.000,57314,192000,3999.958,120.0,8,45,2,0.00097
177.307,0,177294.000,62131,192000,3999.604,120.0,8,45,2,0.00064
177.307,1,177294.000,62131,192000,3999.604,120.0,8,45,2,0.00063
177.307,2,177294.000,62131,192000,3999.604,120.0,8,45,2,0.00064
177.409,0,177396.000,67016,192000,3999.833,120.0,8,45,2,0.00042
177.409,1,177396.000,67016,192000,3999.833,120.0,8,45,2,0.00041
177.409,2,177396.000,67016,192000,3999.833,120.0,8,45,2,0.00042
177.509,0,177496.000,71817,192000,3999.812,120.0,8,45,2,0.00027
177.509,1,177496.000,71817,192000,3999.812,120.0,8,45,2,0.00027
177.509,2,177496.000,71817,192000,3999.812,120.0,8,45,2,0.00027
177.610,0,177597.000,76696,192000,3999.167,120.0,8,45,2,0.00018
177.610,1,177597.000,76696,192000,3999.167,120.0,8,45,2,0.00018
177.610,2,177597.000,76696,192000,3999.167,120.0,8,45,2,0.00018
177.713,0,177700.000,81617,192000,3999.646,120.0,8,45,2,0.00012
177.713,1,177700.000,81617,192000,3999.646,120.0,8,45,2,0.00012
177.713,2,177700.000,81617,192000,3999.646,120.0,8,45,2,0.00012
177.813,0,177800.000,86424,192000,3999.500,120.0,8,45,2,0.00008
177.813,1,177800.000,86424,192000,3999.500,120.0,8,45,2,0.00008
177.813,2,177800.000,86424,192000,3999.500,120.0,8,45,2,0.00008
177.914,0,177901.000,91291,192000,3999.104,120.0,8,45,2,0.00005
177.914,1,177901.000,91291,192000,3999.104,120.0,8,45,2,0.00005
177.914,2,177901.000,91291,192000,3999.104,120.0,8,45,2,0.00005
178.015,0,178002.000,96135,192000,3999.188,120.0,8,45,2,0.00003
178.015,1,178002.000,96135,192000,3999.188,120.0,8,45,2,0.00003
178.015,2,178002.000,96135,192000,3999.188,120.0,8,45,2,0.00003
178.118,0,178105.000,101073,192000,3999.312,120.0,8,45,2,0.00002
178.118,1,178105.000,101073,192000,3999.312,120.0,8,45,2,0.00002
178.118,2,178105.000,101073,192000,3999.312,120.0,8,45,2,0.00002
178.219,0,178206.000,105903,192000,3999.688,120.0,8,45,2,0.00001
178.219,1,178206.000,105903,192000,3999.688,120.0,8,45,2,0.00001
178.219,2,178206.000,105903,192000,3999.688,120.0,8,45,2,0.00001
178.320,0,178308.000,110784,192000,0.000,120.0,8,45,2,0.00001
178.320,1,178308.000,110784,192000,0.000,120.0,8,45,2,0.00001
178.320,2,178308.000,110784,192000,0.000,120.0,8,45,2,0.00001
178.422,0,178409.000,115668,192000,3999.250,120.0,8,45,2,0.00001
178.422,1,178409.000,115668,192000,3999.250,120.0,8,45,2,0.00001
178.422,2,178409.000,115668,192000,3999.250,120.0,8,45,2,0.00001
178.523,0,178510.000,120498,192000,3999.625,120.0,8,45,2,0.00000
178.523,1,178510.000,120498,192000,3999.625,120.0,8,45,2,0.00000
178.523,2,178510.000,120498,192000,3999.625,120.0,8,45,2,0.00000
178.625,0,178612.000,125406,192000,3999.375,120.0,8,45,2,0.00000
178.625,1,178612.000,125406,192000,3999.375,120.0,8,45,2,0.00000
178.625,2,178612.000,125406,192000,3999.375,120.0,8,45,2,0.00000
178.727,0,178714.000,130296,192000,3999.500,120.0,8,45,2,0.00000
178.727,1,178714.000,130296,192000,3999.500,120.0,8,45,2,0.00000
178.727,2,178714.000,130296,192000,3999.500,120.0,8,45,2,0.00000
178.828,0,178816.000,135172,192000,3999.917,120.0,8,45,2,0.00000
178.828,1,178816.000,135172,192000,3999.917,120.0,8,45,2,0.00000
178.828,2,178816.000,135172,192000,3999.917,120.0,8,45,2,0.00000
178.931,0,178918.000,140087,192000,3999.521,120.0,8,45,2,0.00000
178.931,1,178918.000,140087,192000,3999.521,120.0,8,45,2,0.00000
178.931,2,178918.000,140087,192000,3999.521,120.0,8,45,2,0.00000
179.033,0,179020.000,144967,192000,3999.854,120.0,8,45,2,0.00000
179.033,1,179020.000,144967,192000,3999.854,120.0,8,45,2,0.00000
179.033,2,179020.000,144967,192000,3999.854,120.0,8,45,2,0.00000
179.133,0,179120.000,149775,192000,3999.688,120.0,8,45,2,0.00000
179.133,1,179120.000,149775,192000,3999.688,120.0,8,45,2,0.00000
179.133,2,179120.000,149775,192000,3999.688,120.0,8,45,2,0.00000
179.234,0,179221.000,154638,192000,3999.375,120.0,8,45,2,0.00000
179.234,1,179221.000,154638,192000,3999.375,120.0,8,45,2,0.00000
179.234,2,179221.000,154638,192000,3999.375,120.0,8,45,2,0.00000
179.336,0,179323.000,159547,192000,3999.104,120.0,8,45,2,0.00000
179.336,1,179323.000,159547,192000,3999.104,120.0,8,45,2,0.00000
179.336,2,179323.000,159547,192000,3999.104,120.0,8,45,2,0.00000
179.437,0,179424.000,164390,192000,3999.208,120.0,8,45,2,0.00000
179.437,1,179424.000,164390,192000,3999.208,120.0,8,45,2,0.00000
179.437,2,179424.000,164390,192000,3999.208,120.0,8,45,2,0.00000
179.539,0,179526.000,169292,192000,3999.083,120.0,8,45,2,0.00000
179.539,1,179526.000,169292,192000,3999.083,120.0,8,45,2,0.00000
179.539,2,179526.000,169292,192000,3999.083,120.0,8,45,2,0.00000
179.640,0,179628.000,174144,192000,0.000,120.0,8,45,2,0.00000
179.640,1,179628.000,174144,192000,0.000,120.0,8,45,2,0.00000
179.640,2,179628.000,174144,192000,0.000,120.0,8,45,2,0.00000
179.741,0,179728.000,178984,192000,3999.167,120.0,8,45,2,0.00000
179.741,1,179728.000,178984,192000,3999.167,120.0,8,45,2,0.00000
179.741,2,179728.000,178984,192000,3999.167,120.0,8,45,2,0.00000
179.843,0,179831.000,183891,192000,3999.938,120.0,8,45,2,0.00000
179.843,1,179831.000,183891,192000,3999.938,120.0,8,45,2,0.00000
179.843,2,179831.000,183891,192000,3999.938,120.0,8,45,2,0.00000
179.944,0,179931.000,188730,192000,3999.125,120.0,8,45,2,0.00000
179.944,1,179931.000,188730,192000,3999.125,120.0,8,45,2,0.00000
179.944,2,179931.000,188730,192000,3999.125,120.0,8,45,2,0.00000
180.046,0,180034.000,1637,192000,3999.896,120.0,8,46,2,0.00000
180.046,1,180034.000,1637,192000,3999.896,120.0,8,46,2,0.00000
180.046,2,180034.000,1637,192000,3999.896,120.0,8,46,2,0.00000
180.148,0,180135.000,6521,192000,3999.146,120.0,8,46,2,0.00000
180.148,1,180135.000,6521,192000,3999.146,120.0,8,46,2,0.00000
180.148,2,180135.000,6521,192000,3999.146,120.0,8,46,2,0.00000
180.249,0,180236.000,11358,192000,3999.375,120.0,8,46,2,0.00000
180.249,1,180236.000,11358,192000,3999.375,120.0,8,46,2,0.00000
180.249,2,180236.000,11358,192000,3999.375,120.0,8,46,2,0.00000
180.350,0,180337.000,16192,192000,3999.667,120.0,8,46,2,0.00000
180.350,1,180337.000,16192,192000,3999.667,120.0,8,46,2,0.00000
180.350,2,180337.000,16192,192000,3999.667,120.0,8,46,2,0.00000
180.450,0,180437.000,20997,192000,3999.562,120.0,8,46,2,0.00000
180.450,1,180437.000,20997,192000,3999.562,120.0,8,46,2,0.00000
180.450,2,180437.000,20997,192000,3999.562,120.0,8,46,2,0.00000
180.550,0,180537.000,25805,192000,3999.396,120.0,8,46,2,0.00000
180.550,1,180537.000,25805,192000,3999.396,120.0,8,46,2,0.00000
180.550,2,180537.000,25805,192000,3999.396,120.0,8,46,2,0.00000
180.652,0,180639.000,30708,192000,3999.250,120.0,8,46,2,0.00000
180.652,1,180639.000,30708,192000,3999.250,120.0,8,46,2,0.00000
180.652,2,180639.000,30708,192000,3999.250,120.0,8,46,2,0.00000
180.752,0,180740.000,35524,192000,3999.917,120.0,8,46,2,0.00000
180.752,1,180740.000,35524,192000,3999.917,120.0,8,46,2,0.00000
180.752,2,180740.000,35524,192000,3999.917,120.0,8,46,2,0.00000
180.853,0,180840.000,40338,192000,3999.625,120.0,8,46,2,0.00000
180.853,1,180840.000,40338,192000,3999.625,120.0,8,46,2,0.00000
180.853,2,180840.000,40338,192000,3999.625,120.0,8,46,2,0.00000
180.955,0,180942.000,45260,192000,3999.083,120.0,8,46,2,0.00000
180.955,1,180942.000,45260,192000,3999.083,120.0,8,46,2,0.00000
180.955,2,180942.000,45260,192000,3999.083,120.0,8,46,2,0.00000
181.057,0,181044.000,50124,192000,3999.750,120.0,8,46,2,0.00000
181.057,1,181044.000,50124,192000,3999.750,120.0,8,46,2,0.00000
181.057,2,181044.000,50124,192000,3999.750,120.0,8,46,2,0.00000
181.158,0,181145.000,55000,192000,3999.167,120.0,8,46,2,0.00000
181.158,1,181145.000,55000,192000,3999.167,120.0,8,46,2,0.00000
181.158,2,181145.000,55000,192000,3999.167,120.0,8,46,2,0.00000
181.259,0,181246.000,59833,192000,3999.479,120.0,8,46,2,0.00000
181.259,1,181246.000,59833,192000,3999.479,120.0,8,46,2,0.00000
181.259,2,181246.000,59833,192000,3999.479,120.0,8,46,2,0.00000
181.361,0,181348.000,64717,192000,3999.729,120.0,8,46,2,0.00000
181.361,1,181348.000,64717,192000,3999.729,120.0,8,46,2,0.00000
181.361,2,181348.000,64717,192000,3999.729,120.0,8,46,2,0.00000
181.463,0,181450.000,69645,192000,3999.062,120.0,8,46,2,0.00000
181.463,1,181450.000,69645,192000,3999.062,120.0,8,46,2,0.00000
181.463,2,181450.000,69645,192000,3999.062,120.0,8,46,2,0.00000
181.566,0,181553.000,74571,192000,3999.438,120.0,8,46,2,0.00000
181.566,1,181553.000,74571,192000,3999.438,120.0,8,46,2,0.00000
181.566,2,181553.000,74571,192000,3999.438,120.0,8,46,2,0.00000
181.668,0,181655.000,79459,192000,3999.604,120.0,8,46,2,0.00000
181.668,1,181655.000,79459,192000,3999.604,120.0,8,46,2,0.00000
181.668,2,181655.000,79459,192000,3999.604,120.0,8,46,2,0.00000
181.771,0,181758.000,84401,192000,3999.646,120.0,8,46,2,0.00000
181.771,1,181758.000,84401,192000,3999.646,120.0,8,46,2,0.00000
181.771,2,181758.000,84401,192000,3999.646,120.0,8,46,2,0.00000
181.874,0,181861.000,89336,192000,3999.833,120.0,8,46,2,0.00000
181.874,1,181861.000,89336,192000,3999.833,120.0,8,46,2,0.00000
181.874,2,181861.000,89336,192000,3999.833,120.0,8,46,2,0.00000
181.976,0,181963.000,94234,192000,3999.792,120.0,8,46,2,0.00000
181.976,1,181963.000,94234,192000,3999.792,120.0,8,46,2,0.00000
181.976,2,181963.000,94234,192000,3999.792,120.0,8,46,2,0.00000
182.077,0,182064.000,99102,192000,3999.375,120.0,8,46,2,0.00000
182.077,1,182064.000,99102,192000,3999.375,120.0,8,46,2,0.00000
182.077,2,182064.000,99102,192000,3999.375,120.0,8,46,2,0.00000
182.180,0,182167.000,104029,192000,3999.729,120.0,8,46,2,0.00000
182.180,1,182167.000,104029,192000,3999.729,120.0,8,46,2,0.00000
182.180,2,182167.000,104029,192000,3999.729,120.0,8,46,2,0.00000
182.280,0,182267.000,108847,192000,3999.354,120.0,8,46,2,0.00000
182.280,1,182267.000,108847,192000,3999.354,120.0,8,46,2,0.00000
182.280,2,182267.000,108847,192000,3999.354,120.0,8,46,2,0.00000
182.380,0,182367.000,113661,192000,3999.062,120.0,8,46,2,0.00000
182.380,1,182367.000,113661,192000,3999.062,120.0,8,46,2,0.00000
182.380,2,182367.000,113661,192000,3999.062,120.0,8,46,2,0.00000
182.481,0,182468.000,118496,192000,3999.333,120.0,8,46,2,0.00000
182.481,1,182468.000,118496,192000,3999.333,120.0,8,46,2,0.00000
182.481,2,182468.000,118496,192000,3999.333,120.0,8,46,2,0.00000
182.583,0,182570.000,123386,192000,3999.458,120.0,8,46,2,0.00000
182.583,1,182570.000,123386,192000,3999.458,120.0,8,46,2,0.00000
182.583,2,182570.000,123386,192000,3999.458,120.0,8,46,2,0.00000
182.686,0,182673.000,128316,192000,3999.750,120.0,8,46,2,0.00000
182.686,1,182673.000,128316,192000,3999.750,120.0,8,46,2,0.00000
182.686,2,182673.000,128316,192000,3999.750,120.0,8,46,2,0.00000
182.787,0,182774.000,133172,192000,3999.583,120.0,8,46,2,0.00000
182.787,1,182774.000,133172,192000,3999.583,120.0,8,46,2,0.00000
182.787,2,182774.000,133172,192000,3999.583,120.0,8,46,2,0.00000
182.889,0,182876.000,138061,192000,3999.729,120.0,8,46,2,0.00000
182.889,1,182876.000,138061,192000,3999.729,120.0,8,46,2,0.00000
182.889,2,182876.000,138061,192000,3999.729,120.0,8,46,2,0.00000
182.989,0,182976.000,142892,192000,3999.083,120.0,8,46,2,0.00000
182.989,1,182976.000,142892,192000,3999.083,120.0,8,46,2,0.00000
182.989,2,182976.000,142892,192000,3999.083,120.0,8,46,2,0.00000
183.092,0,183079.000,147836,192000,3999.083,120.0,8,46,2,0.00000
183.092,1,183079.000,147836,192000,3999.083,120.0,8,46,2,0.00000
183.092,2,183079.000,147836,192000,3999.083,120.0,8,46,2,0.00000
183.194,0,183181.000,152731,192000,3999.104,120.0,8,46,2,0.00000
183.194,1,183181.000,152731,192000,3999.104,120.0,8,46,2,0.00000
183.194,2,183181.000,152731,192000,3999.104,120.0,8,46,2,0.00000
183.297,0,183284.000,157666,192000,3999.292,120.0,8,46,2,0.00000
183.297,1,183284.000,157666,192000,3999.292,120.0,8,46,2,0.00000
183.297,2,183284.000,157666,192000,3999.292,120.0,8,46,2,0.00000
183.398,0,183385.000,162492,192000,3999.750,120.0,8,46,2,0.00000
183.398,1,183385.000,162492,192000,3999.750,120.0,8,46,2,0.00000
183.398,2,183385.000,162492,192000,3999.750,120.0,8,46,2,0.00000
183.500,0,183487.000,167392,192000,3999.667,120.0,8,46,2,0.00000
183.500,1,183487.000,167392,192000,3999.667,120.0,8,46,2,0.00000
183.500,2,183487.000,167392,192000,3999.667,120.0,8,46,2,0.00000
183.602,0,183589.000,172315,192000,3999.104,120.0,8,46,2,0.00000
183.602,1,183589.000,172315,192000,3999.104,120.0,8,46,2,0.00000
183.602,2,183589.000,172315,192000,3999.104,120.0,8,46,2,0.00000
183.703,0,183690.000,177133,192000,3999.729,120.0,8,46,2,0.00000
183.703,1,183690.000,177133,192000,3999.729,120.0,8,46,2,0.00000
183.703,2,183690.000,177133,192000,3999.729,120.0,8,46,2,0.00000
183.804,0,183791.000,181983,192000,3999.688,120.0,8,46,2,0.00000
183.804,1,183791.000,181983,192000,3999.688,120.0,8,46,2,0.00000
183.804,2,183791.000,181983,192000,3999.688,120.0,8,46,2,0.00000
183.904,0,183892.000,186818,192000,3999.958,120.0,8,46,2,0.00000
183.904,1,183892.000,186818,192000,3999.958,120.0,8,46,2,0.00000
183.904,2,183892.000,186818,192000,3999.958,120.0,8,46,2,0.00000
184.007,0,183994.000,191735,192000,3999.521,120.0,8,46,2,0.00000
184.007,1,183994.000,191735,192000,3999.521,120.0,8,46,2,0.00000
184.007,2,183994.000,191735,192000,3999.521,120.0,8,46,2,0.00000
184.107,0,184094.000,4538,192000,3999.458,120.0,8,47,2,0.00000
184.107,1,184094.000,4538,192000,3999.458,120.0,8,47,2,0.00000
184.107,2,184094.000,4538,192000,3999.458,120.0,8,47,2,0.00000
184.208,0,184195.000,9390,192000,3999.375,120.0,8,47,2,0.00000
184.208,1,184195.000,9390,192000,3999.375,120.0,8,47,2,0.00000
184.208,2,184195.000,9390,192000,3999.375,120.0,8,47,2,0.00000
184.310,0,184297.000,14299,192000,3999.104,120.0,8,47,2,0.00000
184.310,1,184297.000,14299,192000,3999.104,120.0,8,47,2,0.00000
184.310,2,184297.000,14299,192000,3999.104,120.0,8,47,2,0.00000
184.413,0,184400.000,19242,192000,3999.125,120.0,8,47,2,0.00000
184.413,1,184400.000,19242,192000,3999.125,120.0,8,47,2,0.00000
184.413,2,184400.000,19242,192000,3999.125,120.0,8,47,2,0.00000
184.516,0,184503.000,24152,192000,3999.833,120.0,8,47,2,0.00000
184.516,1,184503.000,24152,192000,3999.833,120.0,8,47,2,0.00000
184.516,2,184503.000,24152,192000,3999.833,120.0,8,47,2,0.00000
184.617,0,184604.000,29010,192000,3999.625,120.0,8,47,2,0.00000
184.617,1,184604.000,29010,192000,3999.625,120.0,8,47,2,0.00000
184.617,2,184604.000,29010,192000,3999.625,120.0,8,47,2,0.00000
184.717,0,184704.000,33827,192000,3999.271,120.0,8,47,2,0.00000
184.717,1,184704.000,33827,192000,3999.271,120.0,8,47,2,0.00000
184.717,2,184704.000,33827,192000,3999.271,120.0,8,47,2,0.00000
184.817,0,184804.000,38639,192000,3999.021,120.0,8,47,2,0.00000
184.817,1,184804.000,38639,192000,3999.021,120.0,8,47,2,0.00000
184.817,2,184804.000,38639,192000,3999.021,120.0,8,47,2,0.00000
184.919,0,184906.000,43521,192000,3999.312,120.0,8,47,2,0.00000
184.919,1,184906.000,43521,192000,3999.312,120.0,8,47,2,0.00000
184.919,2,184906.000,43521,192000,3999.312,120.0,8,47,2,0.00000
185.019,0,185006.000,48334,192000,3999.042,120.0,8,47,2,0.00000
185.019,1,185006.000,48334,192000,3999.042,120.0,8,47,2,0.00000
185.019,2,185006.000,48334,192000,3999.042,120.0,8,47,2,0.00000
185.121,0,185108.000,53192,192000,3999.833,120.0,8,47,2,0.00000
185.121,1,185108.000,53192,192000,3999.833,120.0,8,47,2,0.00000
185.121,2,185108.000,53192,192000,3999.833,120.0,8,47,2,0.00000
185.222,0,185209.000,58043,192000,3999.771,120.0,8,47,2,0.00000
185.222,1,185209.000,58043,192000,3999.771,120.0,8,47,2,0.00000
185.222,2,185209.000,58043,192000,3999.771,120.0,8,47,2,0.00000
185.322,0,185309.000,62853,192000,3999.562,120.0,8,47,2,0.00000
185.322,1,185309.000,62853,192000,3999.562,120.0,8,47,2,0.00000
185.322,2,185309.000,62853,192000,3999.562,120.0,8,47,2,0.00000
185.423,0,185410.000,67721,192000,3999.146,120.0,8,47,2,0.00000
185.423,1,185410.000,67721,192000,3999.146,120.0,8,47,2,0.00000
185.423,2,185410.000,67721,192000,3999.146,120.0,8,47,2,0.00000
185.523,0,185511.000,72534,192000,3999.875,120.0,8,47,2,0.00000
185.523,1,185511.000,72534,192000,3999.875,120.0,8,47,2,0.00000
185.523,2,185511.000,72534,192000,3999.875,120.0,8,47,2,0.00000
185.625,0,185612.000,77395,192000,3999.604,120.0,8,47,2,0.00000
185.625,1,185612.000,77395,192000,3999.604,120.0,8,47,2,0.00000
185.625,2,185612.000,77395,192000,3999.604,120.0,8,47,2,0.00000
185.725,0,185712.000,82205,192000,3999.396,120.0,8,47,2,0.00000
185.725,1,185712.000,82205,192000,3999.396,120.0,8,47,2,0.00000
185.725,2,185712.000,82205,192000,3999.396,120.0,8,47,2,0.00000
185.826,0,185813.000,87065,192000,3999.146,120.0,8,47,2,0.00000
185.826,1,185813.000,87065,192000,3999.146,120.0,8,47,2,0.00000
185.826,2,185813.000,87065,192000,3999.146,120.0,8,47,2,0.00000
185.927,0,185914.000,91906,192000,3999.292,120.0,8,47,2,0.00000
185.927,1,185914.000,91906,192000,3999.292,120.0,8,47,2,0.00000
185.927,2,185914.000,91906,192000,3999.292,120.0,8,47,2,0.00000
186.028,0,186015.000,96754,192000,3999.292,120.0,8,47,2,0.00000
186.028,1,186015.000,96754,192000,3999.292,120.0,8,47,2,0.00000
186.028,2,186015.000,96754,192000,3999.292,120.0,8,47,2,0.00000
186.130,0,186117.000,101625,192000,3999.812,120.0,8,47,2,0.00000
186.130,1,186117.000,101625,192000,3999.812,120.0,8,47,2,0.00000
186.130,2,186117.000,101625,192000,3999.812,120.0,8,47,2,0.00000
186.232,0,186219.000,106529,192000,3999.646,120.0,8,47,2,0.00000
186.232,1,186219.000,106529,192000,3999.646,120.0,8,47,2,0.00000
186.232,2,186219.000,106529,192000,3999.646,120.0,8,47,2,0.00000
186.332,0,186319.000,111359,192000,3999.021,120.0,8,47,2,0.00000
186.332,1,186319.000,111359,192000,3999.021,120.0,8,47,2,0.00000
186.332,2,186319.000,111359,192000,3999.021,120.0,8,47,2,0.00000
186.433,0,186420.000,116181,192000,3999.562,120.0,8,47,2,0.00000
186.433,1,186420.000,116181,192000,3999.562,120.0,8,47,2,0.00000
186.433,2,186420.000,116181,192000,3999.562,120.0,8,47,2,0.00000
186.534,0,186521.000,121015,192000,3999.854,120.0,8,47,2,0.00000
186.534,1,186521.000,121015,192000,3999.854,120.0,8,47,2,0.00000
186.534,2,186521.000,121015,192000,3999.854,120.0,8,47,2,0.00000
186.636,0,186623.000,125913,192000,3999.812,120.0,8,47,2,0.00000
186.636,1,186623.000,125913,192000,3999.812,120.0,8,47,2,0.00000
186.636,2,186623.000,125913,192000,3999.812,120.0,8,47,2,0.00000
186.738,0,186725.000,130810,192000,3999.792,120.0,8,47,2,0.00000
186.738,1,186725.000,130810,192000,3999.792,120.0,8,47,2,0.00000
186.738,2,186725.000,130810,192000,3999.792,120.0,8,47,2,0.00000
186.840,0,186827.000,135727,192000,3999.354,120.0,8,47,2,0.00000
186.840,1,186827.000,135727,192000,3999.354,120.0,8,47,2,0.00000
186.840,2,186827.000,135727,192000,3999.354,120.0,8,47,2,0.00000
186.943,0,186930.000,140650,192000,3999.792,120.0,8,47,2,0.00000
186.943,1,186930.000,140650,192000,3999.792,120.0,8,47,2,0.00000
186.943,2,186930.000,140650,192000,3999.792,120.0,8,47,2,0.00000
187.045,0,187033.000,145589,192000,3999.896,120.0,8,47,2,0.00000
187.045,1,187033.000,145589,192000,3999.896,120.0,8,47,2,0.00000
187.045,2,187033.000,145589,192000,3999.896,120.0,8,47,2,0.00000
187.146,0,187133.000,150427,192000,3999.104,120.0,8,47,2,0.00000
187.146,1,187133.000,150427,192000,3999.104,120.0,8,47,2,0.00000
187.146,2,187133.000,150427,192000,3999.104,120.0,8,47,2,0.00000
187.247,0,187235.000,155286,192000,3999.875,120.0,8,47,2,0.00000
187.247,1,187235.000,155286,192000,3999.875,120.0,8,47,2,0.00000
187.247,2,187235.000,155286,192000,3999.875,120.0,8,47,2,0.00000
187.349,0,187336.000,160149,192000,3999.562,120.0,8,47,2,0.00000
187.349,1,187336.000,160149,192000,3999.562,120.0,8,47,2,0.00000
187.349,2,187336.000,160149,192000,3999.562,120.0,8,47,2,0.00000
187.450,0,187437.000,165020,192000,3999.083,120.0,8,47,2,0.00000
187.450,1,187437.000,165020,192000,3999.083,120.0,8,47,2,0.00000
187.450,2,187437.000,165020,192000,3999.083,120.0,8,47,2,0.00000
187.552,0,187540.000,169923,192000,3999.938,120.0,8,47,2,0.00000
187.552,1,187540.000,169923,192000,3999.938,120.0,8,47,2,0.00000
187.552,2,187540.000,169923,192000,3999.938,120.0,8,47,2,0.00000
187.654,0,187641.000,174814,192000,3999.042,120.0,8,47,2,0.00000
187.654,1,187641.000,174814,192000,3999.042,120.0,8,47,2,0.00000
187.654,2,187641.000,174814,192000,3999.042,120.0,8,47,2,0.00000
187.754,0,187742.000,179621,192000,3999.896,120.0,8,47,2,0.00000
187.754,1,187742.000,179621,192000,3999.896,120.0,8,47,2,0.00000
187.754,2,187742.000,179621,192000,3999.896,120.0,8,47,2,0.00000
187.855,0,187842.000,184429,192000,3999.729,120.0,8,47,2,0.00000
187.855,1,187842.000,184429,192000,3999.729,120.0,8,47,2,0.00000
187.855,2,187842.000,184429,192000,3999.729,120.0,8,47,2,0.00000
187.957,0,187945.000,189364,192000,3999.917,120.0,8,47,2,0.00000
187.957,1,187945.000,189364,192000,3999.917,120.0,8,47,2,0.00000
187.957,2,187945.000,189364,192000,3999.917,120.0,8,47,2,0.00000
188.058,0,188045.000,2182,192000,3999.542,120.0,8,48,2,0.11440
188.058,1,188045.000,2182,192000,3999.542,120.0,8,48,2,0.11429
188.058,2,188045.000,2182,192000,3999.542,120.0,8,48,2,0.11440
188.161,0,188148.000,7119,192000,3999.688,120.0,8,48,2,0.07459
188.161,1,188148.000,7119,192000,3999.688,120.0,8,48,2,0.07451
188.161,2,188148.000,7119,192000,3999.688,120.0,8,48,2,0.07459
188.261,0,188248.000,11923,192000,3999.604,120.0,8,48,2,0.04919
188.261,1,188248.000,11923,192000,3999.604,120.0,8,48,2,0.04914
188.261,2,188248.000,11923,192000,3999.604,120.0,8,48,2,0.04919
188.361,0,188348.000,16729,192000,3999.479,120.0,8,48,2,0.03244
188.361,1,188348.000,16729,192000,3999.479,120.0,8,48,2,0.03241
188.361,2,188348.000,16729,192000,3999.479,120.0,8,48,2,0.03244
188.463,0,188450.000,21623,192000,3999.521,120.0,8,48,2,0.02123
188.463,1,188450.000,21623,192000,3999.521,120.0,8,48,2,0.02121
188.463,2,188450.000,21623,192000,3999.521,120.0,8,48,2,0.02123
188.565,0,188552.000,26507,192000,3999.771,120.0,8,48,2,0.01390
188.565,1,188552.000,26507,192000,3999.771,120.0,8,48,2,0.01389
188.565,2,188552.000,26507,192000,3999.771,120.0,8,48,2,0.01390
188.666,0,188653.000,31352,192000,3999.833,120.0,8,48,2,0.00914
188.666,1,188653.000,31352,192000,3999.833,120.0,8,48,2,0.00913
188.666,2,188653.000,31352,192000,3999.833,120.0,8,48,2,0.00914
188.766,0,188753.000,36156,192000,3999.750,120.0,8,48,2,0.00603
188.766,1,188753.000,36156,192000,3999.750,120.0,8,48,2,0.00602
188.766,2,188753.000,36156,192000,3999.750,120.0,8,48,2,0.00603
188.867,0,188854.000,41023,192000,3999.354,120.0,8,48,2,0.00395
188.867,1,188854.000,41023,192000,3999.354,120.0,8,48,2,0.00395
188.867,2,188854.000,41023,192000,3999.354,120.0,8,48,2,0.00395
188.970,0,188957.000,45972,192000,3999.250,120.0,8,48,2,0.00257
188.970,1,188957.000,45972,192000,3999.250,120.0,8,48,2,0.00257
188.970,2,188957.000,45972,192000,3999.250,120.0,8,48,2,0.00257
189.072,0,189059.000,50864,192000,3999.333,120.0,8,48,2,0.00168
189.072,1,189059.000,50864,192000,3999.333,120.0,8,48,2,0.00168
189.072,2,189059.000,50864,192000,3999.333,120.0,8,48,2,0.00168
189.175,0,189162.000,55786,192000,3999.792,120.0,8,48,2,0.00110
189.175,1,189162.000,55786,192000,3999.792,120.0,8,48,2,0.00110
189.175,2,189162.000,55786,192000,3999.792,120.0,8,48,2,0.00110
189.277,0,189264.000,60691,192000,3999.604,120.0,8,48,2,0.00072
189.277,1,189264.000,60691,192000,3999.604,120.0,8,48,2,0.00072
189.277,2,189264.000,60691,192000,3999.604,120.0,8,48,2,0.00072
189.379,0,189366.000,65603,192000,3999.271,120.0,8,48,2,0.00047
189.379,1,189366.000,65603,192000,3999.271,120.0,8,48,2,0.00047
189.379,2,189366.000,65603,192000,3999.271,120.0,8,48,2,0.00047
189.479,0,189467.000,70421,192000,3999.896,120.0,8,48,2,0.00031
189.479,1,189467.000,70421,192000,3999.896,120.0,8,48,2,0.00031
189.479,2,189467.000,70421,192000,3999.896,120.0,8,48,2,0.00031
189.580,0,189567.000,75227,192000,3999.771,120.0,8,48,2,0.00020
189.580,1,189567.000,75227,192000,3999.771,120.0,8,48,2,0.00020
189.580,2,189567.000,75227,192000,3999.771,120.0,8,48,2,0.00020
189.681,0,189668.000,80107,192000,3999.104,120.0,8,48,2,0.00013
189.681,1,189668.000,80107,192000,3999.104,120.0,8,48,2,0.00013
189.681,2,189668.000,80107,192000,3999.104,120.0,8,48,2,0.00013
189.784,0,189771.000,85032,192000,3999.500,120.0,8,48,2,0.00009
189.784,1,189771.000,85032,192000,3999.500,120.0,8,48,2,0.00009
189.784,2,189771.000,85032,192000,3999.500,120.0,8,48,2,0.00009
189.886,0,189873.000,89920,192000,3999.667,120.0,8,48,2,0.00006
189.886,1,189873.000,89920,192000,3999.667,120.0,8,48,2,0.00006
189.886,2,189873.000,89920,192000,3999.667,120.0,8,48,2,0.00006
189.987,0,189974.000,94780,192000,3999.417,120.0,8,48,2,0.00004
189.987,1,189974.000,94780,192000,3999.417,120.0,8,48,2,0.00004
189.987,2,189974.000,94780,192000,3999.417,120.0,8,48,2,0.00004
190.088,0,190076.000,99652,192000,3999.917,120.0,8,48,2,0.00002
190.088,1,190076.000,99652,192000,3999.917,120.0,8,48,2,0.00002
190.088,2,190076.000,99652,192000,3999.917,120.0,8,48,2,0.00002
190.190,0,190177.000,104506,192000,3999.792,120.0,8,48,2,0.00002
190.190,1,190177.000,104506,192000,3999.792,120.0,8,48,2,0.00002
190.190,2,190177.000,104506,192000,3999.792,120.0,8,48,2,0.00002
190.291,0,190278.000,109372,192000,3999.417,120.0,8,48,2,0.00001
190.291,1,190278.000,109372,192000,3999.417,120.0,8,48,2,0.00001
190.291,2,190278.000,109372,192000,3999.417,120.0,8,48,2,0.00001
190.394,0,190381.000,114319,192000,3999.354,120.0,8,48,2,0.00001
190.394,1,190381.000,114319,192000,3999.354,120.0,8,48,2,0.00001
190.394,2,190381.000,114319,192000,3999.354,120.0,8,48,2,0.00001
190.494,0,190481.000,119120,192000,3999.333,120.0,8,48,2,0.00000
190.494,1,190481.000,119120,192000,3999.333,120.0,8,48,2,0.00000
190.494,2,190481.000,119120,192000,3999.333,120.0,8,48,2,0.00000
190.595,0,190582.000,123966,192000,3999.375,120.0,8,48,2,0.00000
190.595,1,190582.000,123966,192000,3999.375,120.0,8,48,2,0.00000
190.595,2,190582.000,123966,192000,3999.375,120.0,8,48,2,0.00000
190.697,0,190684.000,128878,192000,3999.042,120.0,8,48,2,0.00000
190.697,1,190684.000,128878,192000,3999.042,120.0,8,48,2,0.00000
190.697,2,190684.000,128878,192000,3999.042,120.0,8,48,2,0.00000
190.799,0,190786.000,133763,192000,3999.271,120.0,8,48,2,0.00000
190.799,1,190786.000,133763,192000,3999.271,120.0,8,48,2,0.00000
190.799,2,190786.000,133763,192000,3999.271,120.0,8,48,2,0.00000
190.899,0,190886.000,138566,192000,3999.208,120.0,8,48,2,0.00000
190.899,1,190886.000,138566,192000,3999.208,120.0,8,48,2,0.00000
190.899,2,190886.000,138566,192000,3999.208,120.0,8,48,2,0.00000
191.002,0,190989.000,143498,192000,3999.458,120.0,8,48,2,0.00000
191.002,1,190989.000,143498,192000,3999.458,120.0,8,48,2,0.00000
191.002,2,190989.000,143498,192000,3999.458,120.0,8,48,2,0.00000
191.103,0,191090.000,148351,192000,3999.354,120.0,8,48,2,0.00000
191.103,1,191090.000,148351,192000,3999.354,120.0,8,48,2,0.00000
191.103,2,191090.000,148351,192000,3999.354,120.0,8,48,2,0.00000
191.205,0,191192.000,153242,192000,3999.458,120.0,8,48,2,0.00000
191.205,1,191192.000,153242,192000,3999.458,120.0,8,48,2,0.00000
191.205,2,191192.000,153242,192000,3999.458,120.0,8,48,2,0.00000
191.308,0,191295.000,158170,192000,3999.792,120.0,8,48,2,0.00000
191.308,1,191295.000,158170,192000,3999.792,120.0,8,48,2,0.00000
191.308,2,191295.000,158170,192000,3999.792,120.0,8,48,2,0.00000
191.409,0,191396.000,163030,192000,3999.542,120.0,8,48,2,0.00000
191.409,1,191396.000,163030,192000,3999.542,120.0,8,48,2,0.00000
191.409,2,191396.000,163030,192000,3999.542,120.0,8,48,2,0.00000
191.511,0,191498.000,167920,192000,3999.667,120.0,8,48,2,0.00000
191.511,1,191498.000,167920,192000,3999.667,120.0,8,48,2,0.00000
191.511,2,191498.000,167920,192000,3999.667,120.0,8,48,2,0.00000
191.611,0,191598.000,172736,192000,3999.333,120.0,8,48,2,0.00000
191.611,1,191598.000,172736,192000,3999.333,120.0,8,48,2,0.00000
191.611,2,191598.000,172736,192000,3999.333,120.0,8,48,2,0.00000
191.712,0,191699.000,177573,192000,3999.562,120.0,8,48,2,0.00000
191.712,1,191699.000,177573,192000,3999.562,120.0,8,48,2,0.00000
191.712,2,191699.000,177573,192000,3999.562,120.0,8,48,2,0.00000
191.815,0,191802.000,182510,192000,3999.708,120.0,8,48,2,0.00000
191.815,1,191802.000,182510,192000,3999.708,120.0,8,48,2,0.00000
191.815,2,191802.000,182510,192000,3999.708,120.0,8,48,2,0.00000
191.915,0,191902.000,187333,192000,3999.229,120.0,8,48,2,0.00000
191.915,1,191902.000,187333,192000,3999.229,120.0,8,48,2,0.00000
191.915,2,191902.000,187333,192000,3999.229,120.0,8,48,2,0.00000
192.018,0,192005.000,274,192000,3999.292,120.0,8,49,2,0.00000
192.018,1,192005.000,274,192000,3999.292,120.0,8,49,2,0.00000
192.018,2,192005.000,274,192000,3999.292,120.0,8,49,2,0.00000
192.119,0,192107.000,5139,192000,3999.938,120.0,8,49,2,0.00000
192.119,1,192107.000,5139,192000,3999.938,120.0,8,49,2,0.00000
192.119,2,192107.000,5139,192000,3999.938,120.0,8,49,2,0.00000
192.222,0,192209.000,10053,192000,3999.562,120.0,8,49,2,0.00000
192.222,1,192209.000,10053,192000,3999.562,120.0,8,49,2,0.00000
192.222,2,192209.000,10053,192000,3999.562,120.0,8,49,2,0.00000
192.325,0,192312.000,14993,192000,3999.646,120.0,8,49,2,0.00000
192.325,1,192312.000,14993,192000,3999.646,120.0,8,49,2,0.00000
192.325,2,192312.000,14993,192000,3999.646,120.0,8,49,2,0.00000
192.426,0,192414.000,19877,192000,3999.896,120.0,8,49,2,0.00000
192.426,1,192414.000,19877,192000,3999.896,120.0,8,49,2,0.00000
192.426,2,192414.000,19877,192000,3999.896,120.0,8,49,2,0.00000
192.527,0,192514.000,24679,192000,3999.854,120.0,8,49,2,0.00000
192.527,1,192514.000,24679,192000,3999.854,120.0,8,49,2,0.00000
192.527,2,192514.000,24679,192000,3999.854,120.0,8,49,2,0.00000
192.628,0,192615.000,29541,192000,3999.562,120.0,8,49,2,0.00000
192.628,1,192615.000,29541,192000,3999.562,120.0,8,49,2,0.00000
192.628,2,192615.000,29541,192000,3999.562,120.0,8,49,2,0.00000
192.729,0,192716.000,34388,192000,3999.583,120.0,8,49,2,0.00000
192.729,1,192716.000,34388,192000,3999.583,120.0,8,49,2,0.00000
192.729,2,192716.000,34388,192000,3999.583,120.0,8,49,2,0.00000
192.830,0,192817.000,39249,192000,3999.312,120.0,8,49,2,0.00000
192.830,1,192817.000,39249,192000,3999.312,120.0,8,49,2,0.00000
192.830,2,192817.000,39249,192000,3999.312,120.0,8,49,2,0.00000
192.933,0,192920.000,44182,192000,3999.542,120.0,8,49,2,0.00000
192.933,1,192920.000,44182,192000,3999.542,120.0,8,49,2,0.00000
192.933,2,192920.000,44182,192000,3999.542,120.0,8,49,2,0.00000
193.035,0,193022.000,49063,192000,3999.854,120.0,8,49,2,0.00000
193.035,1,193022.000,49063,192000,3999.854,120.0,8,49,2,0.00000
193.035,2,193022.000,49063,192000,3999.854,120.0,8,49,2,0.00000
193.136,0,193123.000,53928,192000,3999.500,120.0,8,49,2,0.00000
193.136,1,193123.000,53928,192000,3999.500,120.0,8,49,2,0.00000
193.136,2,193123.000,53928,192000,3999.500,120.0,8,49,2,0.00000
193.237,0,193224.000,58781,192000,3999.396,120.0,8,49,2,0.00000
193.237,1,193224.000,58781,192000,3999.396,120.0,8,49,2,0.00000
193.237,2,193224.000,58781,192000,3999.396,120.0,8,49,2,0.00000
193.339,0,193327.000,63701,192000,3999.896,120.0,8,49,2,0.00000
193.339,1,193327.000,63701,192000,3999.896,120.0,8,49,2,0.00000
193.339,2,193327.000,63701,192000,3999.896,120.0,8,49,2,0.00000
193.442,0,193429.000,68631,192000,3999.188,120.0,8,49,2,0.00000
193.442,1,193429.000,68631,192000,3999.188,120.0,8,49,2,0.00000
193.442,2,193429.000,68631,192000,3999.188,120.0,8,49,2,0.00000
193.543,0,193530.000,73481,192000,3999.146,120.0,8,49,2,0.00000
193.543,1,193530.000,73481,192000,3999.146,120.0,8,49,2,0.00000
193.543,2,193530.000,73481,192000,3999.146,120.0,8,49,2,0.00000
193.643,0,193630.000,78287,192000,3999.021,120.0,8,49,2,0.00000
193.643,1,193630.000,78287,192000,3999.021,120.0,8,49,2,0.00000
193.643,2,193630.000,78287,192000,3999.021,120.0,8,49,2,0.00000
193.745,0,193732.000,83178,192000,3999.125,120.0,8,49,2,0.00000
193.745,1,193732.000,83178,192000,3999.125,120.0,8,49,2,0.00000
193.745,2,193732.000,83178,192000,3999.125,120.0,8,49,2,0.00000
193.845,0,193833.000,87987,192000,3999.938,120.0,8,49,2,0.00000
193.845,1,193833.000,87987,192000,3999.938,120.0,8,49,2,0.00000
193.845,2,193833.000,87987,192000,3999.938,120.0,8,49,2,0.00000
193.946,0,193933.000,92809,192000,3999.479,120.0,8,49,2,0.00000
193.946,1,193933.000,92809,192000,3999.479,120.0,8,49,2,0.00000
193.946,2,193933.000,92809,192000,3999.479,120.0,8,49,2,0.00000
194.047,0,194034.000,97671,192000,3999.188,120.0,8,49,2,0.00000
194.047,1,194034.000,97671,192000,3999.188,120.0,8,49,2,0.00000
194.047,2,194034.000,97671,192000,3999.188,120.0,8,49,2,0.00000
194.150,0,194137.000,102591,192000,3999.688,120.0,8,49,2,0.00000
194.150,1,194137.000,102591,192000,3999.688,120.0,8,49,2,0.00000
194.150,2,194137.000,102591,192000,3999.688,120.0,8,49,2,0.00000
194.251,0,194238.000,107433,192000,3999.812,120.0,8,49,2,0.00000
194.251,1,194238.000,107433,192000,3999.812,120.0,8,49,2,0.00000
194.251,2,194238.000,107433,192000,3999.812,120.0,8,49,2,0.00000
194.352,0,194340.000,112322,192000,3999.958,120.0,8,49,2,0.00000
194.352,1,194340.000,112322,192000,3999.958,120.0,8,49,2,0.00000
194.352,2,194340.000,112322,192000,3999.958,120.0,8,49,2,0.00000
194.455,0,194442.000,117224,192000,3999.833,120.0,8,49,2,0.00000
194.455,1,194442.000,117224,192000,3999.833,120.0,8,49,2,0.00000
194.455,2,194442.000,117224,192000,3999.833,120.0,8,49,2,0.00000
194.556,0,194543.000,122093,192000,3999.396,120.0,8,49,2,0.00000
194.556,1,194543.000,122093,192000,3999.396,120.0,8,49,2,0.00000
194.556,2,194543.000,122093,192000,3999.396,120.0,8,49,2,0.00000
194.656,0,194643.000,126897,192000,3999.312,120.0,8,49,2,0.00000
194.656,1,194643.000,126897,192000,3999.312,120.0,8,49,2,0.00000
194.656,2,194643.000,126897,192000,3999.312,120.0,8,49,2,0.00000
194.759,0,194746.000,131817,192000,3999.812,120.0,8,49,2,0.00000
194.759,1,194746.000,131817,192000,3999.812,120.0,8,49,2,0.00000
194.759,2,194746.000,131817,192000,3999.812,120.0,8,49,2,0.00000
194.859,0,194847.000,136659,192000,3999.938,120.0,8,49,2,0.00000
194.859,1,194847.000,136659,192000,3999.938,120.0,8,49,2,0.00000
194.859,2,194847.000,136659,192000,3999.938,120.0,8,49,2,0.00000
194.960,0,194948.000,141509,192000,3999.896,120.0,8,49,2,0.00000
194.960,1,194948.000,141509,192000,3999.896,120.0,8,49,2,0.00000
194.960,2,194948.000,141509,192000,3999.896,120.0,8,49,2,0.00000
195.063,0,195050.000,146421,192000,3999.562,120.0,8,49,2,0.00000
195.063,1,195050.000,146421,192000,3999.562,120.0,8,49,2,0.00000
195.063,2,195050.000,146421,192000,3999.562,120.0,8,49,2,0.00000
195.165,0,195152.000,151303,192000,3999.854,120.0,8,49,2,0.00000
195.165,1,195152.000,151303,192000,3999.854,120.0,8,49,2,0.00000
195.165,2,195152.000,151303,192000,3999.854,120.0,8,49,2,0.00000
195.266,0,195254.000,156192,192000,0.000,120.0,8,49,2,0.00000
195.266,1,195254.000,156192,192000,0.000,120.0,8,49,2,0.00000
195.266,2,195254.000,156192,192000,0.000,120.0,8,49,2,0.00000
195.367,0,195354.000,161002,192000,3999.792,120.0,8,49,2,0.00000
195.367,1,195354.000,161002,192000,3999.792,120.0,8,49,2,0.00000
195.367,2,195354.000,161002,192000,3999.792,120.0,8,49,2,0.00000
195.469,0,195457.000,165940,192000,3999.917,120.0,8,49,2,0.00000
195.469,1,195457.000,165940,192000,3999.917,120.0,8,49,2,0.00000
195.469,2,195457.000,165940,192000,3999.917,120.0,8,49,2,0.00000
195.572,0,195559.000,170875,192000,3999.104,120.0,8,49,2,0.00000
195.572,1,195559.000,170875,192000,3999.104,120.0,8,49,2,0.00000
195.572,2,195559.000,170875,192000,3999.104,120.0,8,49,2,0.00000
195.673,0,195661.000,175728,192000,0.000,120.0,8,49,2,0.00000
195.673,1,195661.000,175728,192000,0.000,120.0,8,49,2,0.00000
195.673,2,195661.000,175728,192000,0.000,120.0,8,49,2,0.00000
195.775,0,195763.000,180625,192000,3999.979,120.0,8,49,2,0.00000
195.775,1,195763.000,180625,192000,3999.979,120.0,8,49,2,0.00000
195.775,2,195763.000,180625,192000,3999.979,120.0,8,49,2,0.00000
195.877,0,195864.000,185482,192000,3999.792,120.0,8,49,2,0.00000
195.877,1,195864.000,185482,192000,3999.792,120.0,8,49,2,0.00000
195.877,2,195864.000,185482,192000,3999.792,120.0,8,49,2,0.00000
195.978,0,195965.000,190349,192000,3999.396,120.0,8,49,2,0.00000
195.978,1,195965.000,190349,192000,3999.396,120.0,8,49,2,0.00000
195.978,2,195965.000,190349,192000,3999.396,120.0,8,49,2,0.00000
196.079,0,196066.000,3191,192000,3999.521,120.0,8,50,2,0.00000
196.079,1,196066.000,3191,192000,3999.521,120.0,8,50,2,0.00000
196.079,2,196066.000,3191,192000,3999.521,120.0,8,50,2,0.00000
196.180,0,196167.000,8052,192000,3999.250,120.0,8,50,2,0.00000
196.180,1,196167.000,8052,192000,3999.250,120.0,8,50,2,0.00000
196.180,2,196167.000,8052,192000,3999.250,120.0,8,50,2,0.00000
196.282,0,196269.000,12948,192000,3999.250,120.0,8,50,2,0.00000
196.282,1,196269.000,12948,192000,3999.250,120.0,8,50,2,0.00000
196.282,2,196269.000,12948,192000,3999.250,120.0,8,50,2,0.00000
196.385,0,196372.000,17892,192000,3999.250,120.0,8,50,2,0.00000
196.385,1,196372.000,17892,192000,3999.250,120.0,8,50,2,0.00000
196.385,2,196372.000,17892,192000,3999.250,120.0,8,50,2,0.00000
196.488,0,196475.000,22837,192000,3999.229,120.0,8,50,2,0.00000
196.488,1,196475.000,22837,192000,3999.229,120.0,8,50,2,0.00000
196.488,2,196475.000,22837,192000,3999.229,120.0,8,50,2,0.00000
196.589,0,196576.000,27688,192000,3999.167,120.0,8,50,2,0.00000
196.589,1,196576.000,27688,192000,3999.167,120.0,8,50,2,0.00000
196.589,2,196576.000,27688,192000,3999.167,120.0,8,50,2,0.00000
196.691,0,196678.000,32579,192000,3999.271,120.0,8,50,2,0.00000
196.691,1,196678.000,32579,192000,3999.271,120.0,8,50,2,0.00000
196.691,2,196678.000,32579,192000,3999.271,120.0,8,50,2,0.00000
196.793,0,196780.000,37457,192000,3999.646,120.0,8,50,2,0.00000
196.793,1,196780.000,37457,192000,3999.646,120.0,8,50,2,0.00000
196.793,2,196780.000,37457,192000,3999.646,120.0,8,50,2,0.00000
196.895,0,196883.000,42386,192000,3999.958,120.0,8,50,2,0.00000
196.895,1,196883.000,42386,192000,3999.958,120.0,8,50,2,0.00000
196.895,2,196883.000,42386,192000,3999.958,120.0,8,50,2,0.00000
196.998,0,196985.000,47323,192000,3999.104,120.0,8,50,2,0.00000
196.998,1,196985.000,47323,192000,3999.104,120.0,8,50,2,0.00000
196.998,2,196985.000,47323,192000,3999.104,120.0,8,50,2,0.00000
197.100,0,197087.000,52191,192000,3999.688,120.0,8,50,2,0.00000
197.100,1,197087.000,52191,192000,3999.688,120.0,8,50,2,0.00000
197.100,2,197087.000,52191,192000,3999.688,120.0,8,50,2,0.00000
197.201,0,197188.000,57031,192000,3999.854,120.0,8,50,2,0.00000
197.201,1,197188.000,57031,192000,3999.854,120.0,8,50,2,0.00000
197.201,2,197188.000,57031,192000,3999.854,120.0,8,50,2,0.00000
197.303,0,197290.000,61954,192000,3999.292,120.0,8,50,2,0.00000
197.303,1,197290.000,61954,192000,3999.292,120.0,8,50,2,0.00000
197.303,2,197290.000,61954,192000,3999.292,120.0,8,50,2,0.00000
197.406,0,197393.000,66885,192000,3999.562,120.0,8,50,2,0.00000
197.406,1,197393.000,66885,192000,3999.562,120.0,8,50,2,0.00000
197.406,2,197393.000,66885,192000,3999.562,120.0,8,50,2,0.00000
197.508,0,197495.000,71800,192000,3999.167,120.0,8,50,2,0.00000
197.508,1,197495.000,71800,192000,3999.167,120.0,8,50,2,0.00000
197.508,2,197495.000,71800,192000,3999.167,120.0,8,50,2,0.00000
197.612,0,197599.000,76765,192000,3999.729,120.0,8,50,2,0.00000
197.612,1,197599.000,76765,192000,3999.729,120.0,8,50,2,0.00000
197.612,2,197599.000,76765,192000,3999.729,120.0,8,50,2,0.00000
197.713,0,197700.000,81644,192000,3999.083,120.0,8,50,2,0.00000
197.713,1,197700.000,81644,192000,3999.083,120.0,8,50,2,0.00000
197.713,2,197700.000,81644,192000,3999.083,120.0,8,50,2,0.00000
197.815,0,197802.000,86538,192000,3999.125,120.0,8,50,2,0.00000
197.815,1,197802.000,86538,192000,3999.125,120.0,8,50,2,0.00000
197.815,2,197802.000,86538,192000,3999.125,120.0,8,50,2,0.00000
197.915,0,197902.000,91338,192000,3999.125,120.0,8,50,2,0.00000
197.915,1,197902.000,91338,192000,3999.125,120.0,8,50,2,0.00000
197.915,2,197902.000,91338,192000,3999.125,120.0,8,50,2,0.00000
198.017,0,198004.000,96204,192000,3999.750,120.0,8,50,2,0.00000
198.017,1,198004.000,96204,192000,3999.750,120.0,8,50,2,0.00000
198.017,2,198004.000,96204,192000,3999.750,120.0,8,50,2,0.00000
198.117,0,198104.000,101032,192000,3999.167,120.0,8,50,2,0.00000
198.117,1,198104.000,101032,192000,3999.167,120.0,8,50,2,0.00000
198.117,2,198104.000,101032,192000,3999.167,120.0,8,50,2,0.00000
198.220,0,198207.000,105955,192000,3999.604,120.0,8,50,2,0.00000
198.220,1,198207.000,105955,192000,3999.604,120.0,8,50,2,0.00000
198.220,2,198207.000,105955,192000,3999.604,120.0,8,50,2,0.00000
198.320,0,198307.000,110756,192000,3999.583,120.0,8,50,2,0.00000
198.320,1,198307.000,110756,192000,3999.583,120.0,8,50,2,0.00000
198.320,2,198307.000,110756,192000,3999.583,120.0,8,50,2,0.00000
198.421,0,198409.000,115632,192000,0.000,120.0,8,50,2,0.00000
198.421,1,198409.000,115632,192000,0.000,120.0,8,50,2,0.00000
198.421,2,198409.000,115632,192000,0.000,120.0,8,50,2,0.00000
198.522,0,198509.000,120476,192000,3999.083,120.0,8,50,2,0.00000
198.522,1,198509.000,120476,192000,3999.083,120.0,8,50,2,0.00000
198.522,2,198509.000,120476,192000,3999.083,120.0,8,50,2,0.00000
198.625,0,198612.000,125405,192000,3999.396,120.0,8,50,2,0.00000
198.625,1,198612.000,125405,192000,3999.396,120.0,8,50,2,0.00000
198.625,2,198612.000,125405,192000,3999.396,120.0,8,50,2,0.00000
198.726,0,198713.000,130232,192000,3999.833,120.0,8,50,2,0.00000
198.726,1,198713.000,130232,192000,3999.833,120.0,8,50,2,0.00000
198.726,2,198713.000,130232,192000,3999.833,120.0,8,50,2,0.00000
198.828,0,198815.000,135151,192000,3999.354,120.0,8,50,2,0.00000
198.828,1,198815.000,135151,192000,3999.354,120.0,8,50,2,0.00000
198.828,2,198815.000,135151,192000,3999.354,120.0,8,50,2,0.00000
198.930,0,198917.000,140051,192000,3999.271,120.0,8,50,2,0.00000
198.930,1,198917.000,140051,192000,3999.271,120.0,8,50,2,0.00000
198.930,2,198917.000,140051,192000,3999.271,120.0,8,50,2,0.00000
199.032,0,199019.000,144957,192000,3999.062,120.0,8,50,2,0.00000
199.032,1,199019.000,144957,192000,3999.062,120.0,8,50,2,0.00000
199.032,2,199019.000,144957,192000,3999.062,120.0,8,50,2,0.00000
199.135,0,199122.000,149898,192000,3999.125,120.0,8,50,2,0.00000
199.135,1,199122.000,149898,192000,3999.125,120.0,8,50,2,0.00000
199.135,2,199122.000,149898,192000,3999.125,120.0,8,50,2,0.00000
199.238,0,199225.000,154814,192000,3999.708,120.0,8,50,2,0.00000
199.238,1,199225.000,154814,192000,3999.708,120.0,8,50,2,0.00000
199.238,2,199225.000,154814,192000,3999.708,120.0,8,50,2,0.00000
199.339,0,199326.000,159671,192000,3999.521,120.0,8,50,2,0.00000
199.339,1,199326.000,159671,192000,3999.521,120.0,8,50,2,0.00000
199.339,2,199326.000,159671,192000,3999.521,120.0,8,50,2,0.00000
199.440,0,199427.000,164526,192000,3999.375,120.0,8,50,2,0.00000
199.440,1,199427.000,164526,192000,3999.375,120.0,8,50,2,0.00000
199.440,2,199427.000,164526,192000,3999.375,120.0,8,50,2,0.00000
199.541,0,199528.000,169379,192000,3999.271,120.0,8,50,2,0.00000
199.541,1,199528.000,169379,192000,3999.271,120.0,8,50,2,0.00000
199.541,2,199528.000,169379,192000,3999.271,120.0,8,50,2,0.00000
199.642,0,199629.000,174201,192000,3999.812,120.0,8,50,2,0.00000
199.642,1,199629.000,174201,192000,3999.812,120.0,8,50,2,0.00000
199.642,2,199629.000,174201,192000,3999.812,120.0,8,50,2,0.00000
199.742,0,199729.000,179020,192000,3999.417,120.0,8,50,2,0.00000
199.742,1,199729.000,179020,192000,3999.417,120.0,8,50,2,0.00000
199.742,2,199729.000,179020,192000,3999.417,120.0,8,50,2,0.00000
199.843,0,199830.000,183885,192000,3999.062,120.0,8,50,2,0.00000
199.843,1,199830.000,183885,192000,3999.062,120.0,8,50,2,0.00000
199.843,2,199830.000,183885,192000,3999.062,120.0,8,50,2,0.00000
199.944,0,199932.000,188736,192000,0.000,120.0,8,50,2,0.00000
199.944,1,199932.000,188736,192000,0.000,120.0,8,50,2,0.00000
199.944,2,199932.000,188736,192000,0.000,120.0,8,50,2,0.00000
