t_s,idx,spos_ms,interval_pos,interval_len,interval_phase_ms,bpm,bpi,loop,nusers,remote_peak
0.106,0,60.000,2891,192000,3999.771,120.0,8,1,2,0.00000
0.106,1,60.000,2891,192000,3999.771,120.0,8,1,2,0.00000
0.106,2,60.000,2891,192000,3999.771,120.0,8,1,2,0.00000
0.255,0,209.000,10042,192000,3999.792,120.0,8,1,2,0.00000
0.255,1,209.000,10042,192000,3999.792,120.0,8,1,2,0.00000
0.255,2,209.000,10042,192000,3999.792,120.0,8,1,2,0.00000
0.366,0,319.000,15352,192000,3999.167,120.0,8,1,2,0.00000
0.366,1,319.000,15352,192000,3999.167,120.0,8,1,2,0.00000
0.366,2,319.000,15352,192000,3999.167,120.0,8,1,2,0.00000
0.471,0,424.000,20382,192000,3999.375,120.0,8,1,2,0.00000
0.471,1,424.000,20382,192000,3999.375,120.0,8,1,2,0.00000
0.471,2,424.000,20382,192000,3999.375,120.0,8,1,2,0.00000
0.573,0,526.000,25275,192000,3999.438,120.0,8,1,2,0.00000
0.573,1,526.000,25275,192000,3999.438,120.0,8,1,2,0.00000
0.573,2,526.000,25275,192000,3999.438,120.0,8,1,2,0.00000
0.682,0,635.000,30515,192000,3999.271,120.0,8,1,2,0.00000
0.682,1,635.000,30515,192000,3999.271,120.0,8,1,2,0.00000
0.682,2,635.000,30515,192000,3999.271,120.0,8,1,2,0.00000
0.784,0,737.000,35423,192000,3999.021,120.0,8,1,2,0.00000
0.784,1,737.000,35423,192000,3999.021,120.0,8,1,2,0.00000
0.784,2,737.000,35423,192000,3999.021,120.0,8,1,2,0.00000
0.889,0,843.000,40466,192000,3999.958,120.0,8,1,2,0.00000
0.889,1,843.000,40466,192000,3999.958,120.0,8,1,2,0.00000
0.889,2,843.000,40466,192000,3999.958,120.0,8,1,2,0.00000
1.000,0,953.000,45778,192000,3999.292,120.0,8,1,2,0.00000
1.000,1,953.000,45778,192000,3999.292,120.0,8,1,2,0.00000
1.000,2,953.000,45778,192000,3999.292,120.0,8,1,2,0.00000
1.107,0,1060.000,50921,192000,3999.146,120.0,8,1,2,0.00000
1.107,1,1060.000,50921,192000,3999.146,120.0,8,1,2,0.00000
1.107,2,1060.000,50921,192000,3999.146,120.0,8,1,2,0.00000
1.208,0,1161.000,55765,192000,3999.229,120.0,8,1,2,0.00000
1.208,1,1161.000,55765,192000,3999.229,120.0,8,1,2,0.00000
1.208,2,1161.000,55765,192000,3999.229,120.0,8,1,2,0.00000
1.309,0,1263.000,60643,192000,3999.604,120.0,8,1,2,0.00000
1.309,1,1263.000,60643,192000,3999.604,120.0,8,1,2,0.00000
1.309,2,1263.000,60643,192000,3999.604,120.0,8,1,2,0.00000
1.416,0,1369.000,65750,192000,3999.208,120.0,8,1,2,0.00000
1.416,1,1369.000,65750,192000,3999.208,120.0,8,1,2,0.00000
1.416,2,1369.000,65750,192000,3999.208,120.0,8,1,2,0.00000
1.520,0,1473.000,70747,192000,3999.104,120.0,8,1,2,0.00000
1.520,1,1473.000,70747,192000,3999.104,120.0,8,1,2,0.00000
1.520,2,1473.000,70747,192000,3999.104,120.0,8,1,2,0.00000
1.626,0,1579.000,75828,192000,3999.250,120.0,8,1,2,0.00000
1.626,1,1579.000,75828,192000,3999.250,120.0,8,1,2,0.00000
1.626,2,1579.000,75828,192000,3999.250,120.0,8,1,2,0.00000
1.735,0,1689.000,81073,192000,3999.979,120.0,8,1,2,0.00000
1.735,1,1689.000,81073,192000,3999.979,120.0,8,1,2,0.00000
1.735,2,1689.000,81073,192000,3999.979,120.0,8,1,2,0.00000
1.843,0,1796.000,86242,192000,3999.292,120.0,8,1,2,0.00000
1.843,1,1796.000,86242,192000,3999.292,120.0,8,1,2,0.00000
1.843,2,1796.000,86242,192000,3999.292,120.0,8,1,2,0.00000
1.948,0,1901.000,91282,192000,3999.292,120.0,8,1,2,0.00000
1.948,1,1901.000,91282,192000,3999.292,120.0,8,1,2,0.00000
1.948,2,1901.000,91282,192000,3999.292,120.0,8,1,2,0.00000
2.054,0,2008.000,96399,192000,3999.688,120.0,8,1,2,0.00000
2.054,1,2008.000,96399,192000,3999.688,120.0,8,1,2,0.00000
2.054,2,2008.000,96399,192000,3999.688,120.0,8,1,2,0.00000
2.159,0,2113.000,101442,192000,3999.625,120.0,8,1,2,0.00000
2.159,1,2113.000,101442,192000,3999.625,120.0,8,1,2,0.00000
2.159,2,2113.000,101442,192000,3999.625,120.0,8,1,2,0.00000
2.263,0,2217.000,106416,192000,0.000,120.0,8,1,2,0.00000
2.263,1,2217.000,106416,192000,0.000,120.0,8,1,2,0.00000
2.263,2,2217.000,106416,192000,0.000,120.0,8,1,2,0.00000
2.364,0,2317.000,111244,192000,3999.417,120.0,8,1,2,0.00000
2.364,1,2317.000,111244,192000,3999.417,120.0,8,1,2,0.00000
2.364,2,2317.000,111244,192000,3999.417,120.0,8,1,2,0.00000
2.470,0,2423.000,116341,192000,3999.229,120.0,8,1,2,0.00000
2.470,1,2423.000,116341,192000,3999.229,120.0,8,1,2,0.00000
2.470,2,2423.000,116341,192000,3999.229,120.0,8,1,2,0.00000
2.577,0,2530.000,121482,192000,3999.125,120.0,8,1,2,0.00000
2.577,1,2530.000,121482,192000,3999.125,120.0,8,1,2,0.00000
2.577,2,2530.000,121482,192000,3999.125,120.0,8,1,2,0.00000
2.685,0,2639.000,126688,192000,3999.667,120.0,8,1,2,0.00000
2.685,1,2639.000,126688,192000,3999.667,120.0,8,1,2,0.00000
2.685,2,2639.000,126688,192000,3999.667,120.0,8,1,2,0.00000
2.788,0,2741.000,131590,192000,3999.542,120.0,8,1,2,0.00000
2.788,1,2741.000,131590,192000,3999.542,120.0,8,1,2,0.00000
2.788,2,2741.000,131590,192000,3999.542,120.0,8,1,2,0.00000
2.895,0,2848.000,136741,192000,3999.229,120.0,8,1,2,0.00000
2.895,1,2848.000,136741,192000,3999.229,120.0,8,1,2,0.00000
2.895,2,2848.000,136741,192000,3999.229,120.0,8,1,2,0.00000
2.998,0,2951.000,141694,192000,3999.042,120.0,8,1,2,0.00000
2.998,1,2951.000,141694,192000,3999.042,120.0,8,1,2,0.00000
2.998,2,2951.000,141694,192000,3999.042,120.0,8,1,2,0.00000
3.103,0,3057.000,146755,192000,3999.604,120.0,8,1,2,0.00000
3.103,1,3057.000,146755,192000,3999.604,120.0,8,1,2,0.00000
3.103,2,3057.000,146755,192000,3999.604,120.0,8,1,2,0.00000
3.204,0,3158.000,151599,192000,3999.688,120.0,8,1,2,0.00000
3.204,1,3158.000,151599,192000,3999.688,120.0,8,1,2,0.00000
3.204,2,3158.000,151599,192000,3999.688,120.0,8,1,2,0.00000
3.310,0,3263.000,156665,192000,3999.146,120.0,8,1,2,0.00000
3.310,1,3263.000,156665,192000,3999.146,120.0,8,1,2,0.00000
3.310,2,3263.000,156665,192000,3999.146,120.0,8,1,2,0.00000
3.420,0,3373.000,161944,192000,3999.167,120.0,8,1,2,0.00000
3.420,1,3373.000,161944,192000,3999.167,120.0,8,1,2,0.00000
3.420,2,3373.000,161944,192000,3999.167,120.0,8,1,2,0.00000
3.528,0,3481.000,167111,192000,3999.521,120.0,8,1,2,0.00000
3.528,1,3481.000,167111,192000,3999.521,120.0,8,1,2,0.00000
3.528,2,3481.000,167111,192000,3999.521,120.0,8,1,2,0.00000
3.637,0,3590.000,172351,192000,3999.354,120.0,8,1,2,0.00000
3.637,1,3590.000,172351,192000,3999.354,120.0,8,1,2,0.00000
3.637,2,3590.000,172351,192000,3999.354,120.0,8,1,2,0.00000
3.739,0,3693.000,177268,192000,3999.917,120.0,8,1,2,0.00000
3.739,1,3693.000,177268,192000,3999.917,120.0,8,1,2,0.00000
3.739,2,3693.000,177268,192000,3999.917,120.0,8,1,2,0.00000
3.840,0,3794.000,182117,192000,3999.896,120.0,8,1,2,0.00000
3.840,1,3794.000,182117,192000,3999.896,120.0,8,1,2,0.00000
3.840,2,3794.000,182117,192000,3999.896,120.0,8,1,2,0.00000
3.951,0,3905.000,187451,192000,3999.771,120.0,8,1,2,0.00000
3.951,1,3905.000,187451,192000,3999.771,120.0,8,1,2,0.00000
3.951,2,3905.000,187451,192000,3999.771,120.0,8,1,2,0.00000
4.053,0,4007.000,342,192000,3999.875,120.0,8,2,2,0.00000
4.053,1,4007.000,342,192000,3999.875,120.0,8,2,2,0.00000
4.053,2,4007.000,342,192000,3999.875,120.0,8,2,2,0.00000
4.161,0,4114.000,5498,192000,3999.458,120.0,8,2,2,0.00000
4.161,1,4114.000,5498,192000,3999.458,120.0,8,2,2,0.00000
4.161,2,4114.000,5498,192000,3999.458,120.0,8,2,2,0.00000
4.267,0,4220.000,10599,192000,3999.188,120.0,8,2,2,0.00000
4.267,1,4220.000,10599,192000,3999.188,120.0,8,2,2,0.00000
4.267,2,4220.000,10599,192000,3999.188,120.0,8,2,2,0.00000
4.371,0,4325.000,15616,192000,3999.667,120.0,8,2,2,0.00000
4.371,1,4325.000,15616,192000,3999.667,120.0,8,2,2,0.00000
4.371,2,4325.000,15616,192000,3999.667,120.0,8,2,2,0.00000
4.475,0,4429.000,20613,192000,3999.562,120.0,8,2,2,0.00000
4.475,1,4429.000,20613,192000,3999.562,120.0,8,2,2,0.00000
4.475,2,4429.000,20613,192000,3999.562,120.0,8,2,2,0.00000
4.577,0,4530.000,25486,192000,3999.042,120.0,8,2,2,0.00000
4.577,1,4530.000,25486,192000,3999.042,120.0,8,2,2,0.00000
4.577,2,4530.000,25486,192000,3999.042,120.0,8,2,2,0.00000
4.681,0,4635.000,30494,192000,3999.708,120.0,8,2,2,0.00000
4.681,1,4635.000,30494,192000,3999.708,120.0,8,2,2,0.00000
4.681,2,4635.000,30494,192000,3999.708,120.0,8,2,2,0.00000
4.785,0,4738.000,35457,192000,3999.312,120.0,8,2,2,0.00000
4.785,1,4738.000,35457,192000,3999.312,120.0,8,2,2,0.00000
4.785,2,4738.000,35457,192000,3999.312,120.0,8,2,2,0.00000
4.886,0,4840.000,40328,192000,3999.833,120.0,8,2,2,0.00000
4.886,1,4840.000,40328,192000,3999.833,120.0,8,2,2,0.00000
4.886,2,4840.000,40328,192000,3999.833,120.0,8,2,2,0.00000
4.990,0,4944.000,45317,192000,3999.896,120.0,8,2,2,0.00000
4.990,1,4944.000,45317,192000,3999.896,120.0,8,2,2,0.00000
4.990,2,4944.000,45317,192000,3999.896,120.0,8,2,2,0.00000
5.096,0,5049.000,50382,192000,3999.375,120.0,8,2,2,0.00000
5.096,1,5049.000,50382,192000,3999.375,120.0,8,2,2,0.00000
5.096,2,5049.000,50382,192000,3999.375,120.0,8,2,2,0.00000
5.206,0,5159.000,55673,192000,3999.146,120.0,8,2,2,0.00000
5.206,1,5159.000,55673,192000,3999.146,120.0,8,2,2,0.00000
5.206,2,5159.000,55673,192000,3999.146,120.0,8,2,2,0.00000
5.315,0,5268.000,60901,192000,3999.229,120.0,8,2,2,0.00000
5.315,1,5268.000,60901,192000,3999.229,120.0,8,2,2,0.00000
5.315,2,5268.000,60901,192000,3999.229,120.0,8,2,2,0.00000
5.419,0,5372.000,65885,192000,3999.396,120.0,8,2,2,0.00000
5.419,1,5372.000,65885,192000,3999.396,120.0,8,2,2,0.00000
5.419,2,5372.000,65885,192000,3999.396,120.0,8,2,2,0.00000
5.519,0,5472.000,70696,192000,3999.167,120.0,8,2,2,0.00000
5.519,1,5472.000,70696,192000,3999.167,120.0,8,2,2,0.00000
5.519,2,5472.000,70696,192000,3999.167,120.0,8,2,2,0.00000
5.621,0,5574.000,75574,192000,3999.542,120.0,8,2,2,0.00000
5.621,1,5574.000,75574,192000,3999.542,120.0,8,2,2,0.00000
5.621,2,5574.000,75574,192000,3999.542,120.0,8,2,2,0.00000
5.728,0,5682.000,80756,192000,3999.583,120.0,8,2,2,0.00000
5.728,1,5682.000,80756,192000,3999.583,120.0,8,2,2,0.00000
5.728,2,5682.000,80756,192000,3999.583,120.0,8,2,2,0.00000
5.837,0,5790.000,85957,192000,3999.229,120.0,8,2,2,0.00000
5.837,1,5790.000,85957,192000,3999.229,120.0,8,2,2,0.00000
5.837,2,5790.000,85957,192000,3999.229,120.0,8,2,2,0.00000
5.947,0,5901.000,91267,192000,3999.604,120.0,8,2,2,0.00000
5.947,1,5901.000,91267,192000,3999.604,120.0,8,2,2,0.00000
5.947,2,5901.000,91267,192000,3999.604,120.0,8,2,2,0.00000
6.049,0,6003.000,96162,192000,3999.625,120.0,8,2,2,0.00000
6.049,1,6003.000,96162,192000,3999.625,120.0,8,2,2,0.00000
6.049,2,6003.000,96162,192000,3999.625,120.0,8,2,2,0.00000
6.158,0,6112.000,101387,192000,3999.771,120.0,8,2,2,0.00000
6.158,1,6112.000,101387,192000,3999.771,120.0,8,2,2,0.00000
6.158,2,6112.000,101387,192000,3999.771,120.0,8,2,2,0.00000
6.259,0,6213.000,106228,192000,3999.917,120.0,8,2,2,0.00000
6.259,1,6213.000,106228,192000,3999.917,120.0,8,2,2,0.00000
6.259,2,6213.000,106228,192000,3999.917,120.0,8,2,2,0.00000
6.366,0,6320.000,111377,192000,3999.646,120.0,8,2,2,0.00000
6.366,1,6320.000,111377,192000,3999.646,120.0,8,2,2,0.00000
6.366,2,6320.000,111377,192000,3999.646,120.0,8,2,2,0.00000
6.475,0,6428.000,116580,192000,3999.250,120.0,8,2,2,0.00000
6.475,1,6428.000,116580,192000,3999.250,120.0,8,2,2,0.00000
6.475,2,6428.000,116580,192000,3999.250,120.0,8,2,2,0.00000
6.576,0,6530.000,121452,192000,3999.750,120.0,8,2,2,0.00000
6.576,1,6530.000,121452,192000,3999.750,120.0,8,2,2,0.00000
6.576,2,6530.000,121452,192000,3999.750,120.0,8,2,2,0.00000
6.684,0,6637.000,126602,192000,3999.458,120.0,8,2,2,0.00000
6.684,1,6637.000,126602,192000,3999.458,120.0,8,2,2,0.00000
6.684,2,6637.000,126602,192000,3999.458,120.0,8,2,2,0.00000
6.790,0,6744.000,131730,192000,3999.625,120.0,8,2,2,0.00000
6.790,1,6744.000,131730,192000,3999.625,120.0,8,2,2,0.00000
6.790,2,6744.000,131730,192000,3999.625,120.0,8,2,2,0.00000
6.891,0,6845.000,136563,192000,3999.938,120.0,8,2,2,0.00000
6.891,1,6845.000,136563,192000,3999.938,120.0,8,2,2,0.00000
6.891,2,6845.000,136563,192000,3999.938,120.0,8,2,2,0.00000
6.993,0,6946.000,141444,192000,3999.250,120.0,8,2,2,0.00000
6.993,1,6946.000,141444,192000,3999.250,120.0,8,2,2,0.00000
6.993,2,6946.000,141444,192000,3999.250,120.0,8,2,2,0.00000
7.095,0,7049.000,146370,192000,3999.625,120.0,8,2,2,0.00000
7.095,1,7049.000,146370,192000,3999.625,120.0,8,2,2,0.00000
7.095,2,7049.000,146370,192000,3999.625,120.0,8,2,2,0.00000
7.198,0,7151.000,151294,192000,3999.042,120.0,8,2,2,0.00000
7.198,1,7151.000,151294,192000,3999.042,120.0,8,2,2,0.00000
7.198,2,7151.000,151294,192000,3999.042,120.0,8,2,2,0.00000
7.302,0,7256.000,156305,192000,3999.646,120.0,8,2,2,0.00000
7.302,1,7256.000,156305,192000,3999.646,120.0,8,2,2,0.00000
7.302,2,7256.000,156305,192000,3999.646,120.0,8,2,2,0.00000
7.407,0,7360.000,161327,192000,3999.021,120.0,8,2,2,0.00000
7.407,1,7360.000,161327,192000,3999.021,120.0,8,2,2,0.00000
7.407,2,7360.000,161327,192000,3999.021,120.0,8,2,2,0.00000
7.507,0,7461.000,166143,192000,3999.688,120.0,8,2,2,0.00000
7.507,1,7461.000,166143,192000,3999.688,120.0,8,2,2,0.00000
7.507,2,7461.000,166143,192000,3999.688,120.0,8,2,2,0.00000
7.611,0,7564.000,171101,192000,3999.396,120.0,8,2,2,0.00000
7.611,1,7564.000,171101,192000,3999.396,120.0,8,2,2,0.00000
7.611,2,7564.000,171101,192000,3999.396,120.0,8,2,2,0.00000
7.716,0,7669.000,176138,192000,3999.458,120.0,8,2,2,0.00000
7.716,1,7669.000,176138,192000,3999.458,120.0,8,2,2,0.00000
7.716,2,7669.000,176138,192000,3999.458,120.0,8,2,2,0.00000
7.820,0,7774.000,181170,192000,3999.625,120.0,8,2,2,0.00000
7.820,1,7774.000,181170,192000,3999.625,120.0,8,2,2,0.00000
7.820,2,7774.000,181170,192000,3999.625,120.0,8,2,2,0.00000
7.923,0,7877.000,186106,192000,3999.792,120.0,8,2,2,0.00000
7.923,1,7877.000,186106,192000,3999.792,120.0,8,2,2,0.00000
7.923,2,7877.000,186106,192000,3999.792,120.0,8,2,2,0.00000
8.029,0,7983.000,191205,192000,3999.562,120.0,8,2,2,0.00000
8.029,1,7983.000,191205,192000,3999.562,120.0,8,2,2,0.00000
8.029,2,7983.000,191205,192000,3999.562,120.0,8,2,2,0.00000
8.134,0,8087.000,4200,192000,3999.500,120.0,8,3,2,0.00000
8.134,1,8087.000,4200,192000,3999.500,120.0,8,3,2,0.00000
8.134,2,8087.000,4200,192000,3999.500,120.0,8,3,2,0.00000
8.241,0,8195.000,9367,192000,3999.854,120.0,8,3,2,0.00000
8.241,1,8195.000,9367,192000,3999.854,120.0,8,3,2,0.00000
8.241,2,8195.000,9367,192000,3999.854,120.0,8,3,2,0.00000
8.351,0,8305.000,14651,192000,3999.771,120.0,8,3,2,0.00000
8.351,1,8305.000,14651,192000,3999.771,120.0,8,3,2,0.00000
8.351,2,8305.000,14651,192000,3999.771,120.0,8,3,2,0.00000
8.459,0,8413.000,19829,192000,3999.896,120.0,8,3,2,0.00000
8.459,1,8413.000,19829,192000,3999.896,120.0,8,3,2,0.00000
8.459,2,8413.000,19829,192000,3999.896,120.0,8,3,2,0.00000
8.561,0,8514.000,24694,192000,3999.542,120.0,8,3,2,0.00000
8.561,1,8514.000,24694,192000,3999.542,120.0,8,3,2,0.00000
8.561,2,8514.000,24694,192000,3999.542,120.0,8,3,2,0.00000
8.662,0,8615.000,29544,192000,3999.500,120.0,8,3,2,0.00000
8.662,1,8615.000,29544,192000,3999.500,120.0,8,3,2,0.00000
8.662,2,8615.000,29544,192000,3999.500,120.0,8,3,2,0.00000
8.764,0,8718.000,34473,192000,3999.812,120.0,8,3,2,0.00000
8.764,1,8718.000,34473,192000,3999.812,120.0,8,3,2,0.00000
8.764,2,8718.000,34473,192000,3999.812,120.0,8,3,2,0.00000
8.867,0,8820.000,39387,192000,3999.438,120.0,8,3,2,0.00000
8.867,1,8820.000,39387,192000,3999.438,120.0,8,3,2,0.00000
8.867,2,8820.000,39387,192000,3999.438,120.0,8,3,2,0.00000
8.967,0,8920.000,44192,192000,3999.333,120.0,8,3,2,0.00000
8.967,1,8920.000,44192,192000,3999.333,120.0,8,3,2,0.00000
8.967,2,8920.000,44192,192000,3999.333,120.0,8,3,2,0.00000
9.069,0,9022.000,49094,192000,3999.208,120.0,8,3,2,0.00000
9.069,1,9022.000,49094,192000,3999.208,120.0,8,3,2,0.00000
9.069,2,9022.000,49094,192000,3999.208,120.0,8,3,2,0.00000
9.176,0,9129.000,54238,192000,3999.042,120.0,8,3,2,0.00000
9.176,1,9129.000,54238,192000,3999.042,120.0,8,3,2,0.00000
9.176,2,9129.000,54238,192000,3999.042,120.0,8,3,2,0.00000
9.282,0,9235.000,59310,192000,3999.375,120.0,8,3,2,0.00000
9.282,1,9235.000,59310,192000,3999.375,120.0,8,3,2,0.00000
9.282,2,9235.000,59310,192000,3999.375,120.0,8,3,2,0.00000
9.392,0,9346.000,64617,192000,3999.812,120.0,8,3,2,0.00000
9.392,1,9346.000,64617,192000,3999.812,120.0,8,3,2,0.00000
9.392,2,9346.000,64617,192000,3999.812,120.0,8,3,2,0.00000
9.500,0,9454.000,69812,192000,3999.583,120.0,8,3,2,0.00000
9.500,1,9454.000,69812,192000,3999.583,120.0,8,3,2,0.00000
9.500,2,9454.000,69812,192000,3999.583,120.0,8,3,2,0.00000
9.606,0,9559.000,74863,192000,3999.354,120.0,8,3,2,0.00000
9.606,1,9559.000,74863,192000,3999.354,120.0,8,3,2,0.00000
9.606,2,9559.000,74863,192000,3999.354,120.0,8,3,2,0.00000
9.707,0,9660.000,79714,192000,3999.292,120.0,8,3,2,0.00000
9.707,1,9660.000,79714,192000,3999.292,120.0,8,3,2,0.00000
9.707,2,9660.000,79714,192000,3999.292,120.0,8,3,2,0.00000
9.817,0,9770.000,84986,192000,3999.458,120.0,8,3,2,0.00000
9.817,1,9770.000,84986,192000,3999.458,120.0,8,3,2,0.00000
9.817,2,9770.000,84986,192000,3999.458,120.0,8,3,2,0.00000
9.920,0,9873.000,89948,192000,3999.083,120.0,8,3,2,0.00000
9.920,1,9873.000,89948,192000,3999.083,120.0,8,3,2,0.00000
9.920,2,9873.000,89948,192000,3999.083,120.0,8,3,2,0.00000
10.029,0,9982.000,95170,192000,3999.292,120.0,8,3,2,0.00000
10.029,1,9982.000,95170,192000,3999.292,120.0,8,3,2,0.00000
10.029,2,9982.000,95170,192000,3999.292,120.0,8,3,2,0.00000
10.139,0,10092.000,100447,192000,3999.354,120.0,8,3,2,0.00000
10.139,1,10092.000,100447,192000,3999.354,120.0,8,3,2,0.00000
10.139,2,10092.000,100447,192000,3999.354,120.0,8,3,2,0.00000
10.246,0,10200.000,105621,192000,3999.562,120.0,8,3,2,0.00000
10.246,1,10200.000,105621,192000,3999.562,120.0,8,3,2,0.00000
10.246,2,10200.000,105621,192000,3999.562,120.0,8,3,2,0.00000
10.348,0,10301.000,110482,192000,3999.292,120.0,8,3,2,0.00000
10.348,1,10301.000,110482,192000,3999.292,120.0,8,3,2,0.00000
10.348,2,10301.000,110482,192000,3999.292,120.0,8,3,2,0.00000
10.459,0,10412.000,115821,192000,3999.062,120.0,8,3,2,0.00000
10.459,1,10412.000,115821,192000,3999.062,120.0,8,3,2,0.00000
10.459,2,10412.000,115821,192000,3999.062,120.0,8,3,2,0.00000
10.563,0,10516.000,120804,192000,3999.250,120.0,8,3,2,0.00000
10.563,1,10516.000,120804,192000,3999.250,120.0,8,3,2,0.00000
10.563,2,10516.000,120804,192000,3999.250,120.0,8,3,2,0.00000
10.668,0,10621.000,125839,192000,3999.354,120.0,8,3,2,0.00000
10.668,1,10621.000,125839,192000,3999.354,120.0,8,3,2,0.00000
10.668,2,10621.000,125839,192000,3999.354,120.0,8,3,2,0.00000
10.769,0,10722.000,130695,192000,3999.188,120.0,8,3,2,0.00000
10.769,1,10722.000,130695,192000,3999.188,120.0,8,3,2,0.00000
10.769,2,10722.000,130695,192000,3999.188,120.0,8,3,2,0.00000
10.876,0,10830.000,135840,192000,0.000,120.0,8,3,2,0.00000
10.876,1,10830.000,135840,192000,0.000,120.0,8,3,2,0.00000
10.876,2,10830.000,135840,192000,0.000,120.0,8,3,2,0.00000
10.977,0,10931.000,140700,192000,3999.750,120.0,8,3,2,0.00000
10.977,1,10931.000,140700,192000,3999.750,120.0,8,3,2,0.00000
10.977,2,10931.000,140700,192000,3999.750,120.0,8,3,2,0.00000
11.082,0,11036.000,145745,192000,3999.646,120.0,8,3,2,0.00000
11.082,1,11036.000,145745,192000,3999.646,120.0,8,3,2,0.00000
11.082,2,11036.000,145745,192000,3999.646,120.0,8,3,2,0.00000
11.189,0,11143.000,150884,192000,3999.583,120.0,8,3,2,0.00000
11.189,1,11143.000,150884,192000,3999.583,120.0,8,3,2,0.00000
11.189,2,11143.000,150884,192000,3999.583,120.0,8,3,2,0.00000
11.295,0,11249.000,155952,192000,0.000,120.0,8,3,2,0.00000
11.295,1,11249.000,155952,192000,0.000,120.0,8,3,2,0.00000
11.295,2,11249.000,155952,192000,0.000,120.0,8,3,2,0.00000
11.407,0,11360.000,161305,192000,3999.479,120.0,8,3,2,0.00000
11.407,1,11360.000,161305,192000,3999.479,120.0,8,3,2,0.00000
11.407,2,11360.000,161305,192000,3999.479,120.0,8,3,2,0.00000
11.514,0,11468.000,166485,192000,3999.562,120.0,8,3,2,0.00000
11.514,1,11468.000,166485,192000,3999.562,120.0,8,3,2,0.00000
11.514,2,11468.000,166485,192000,3999.562,120.0,8,3,2,0.00000
11.615,0,11568.000,171300,192000,3999.250,120.0,8,3,2,0.00000
11.615,1,11568.000,171300,192000,3999.250,120.0,8,3,2,0.00000
11.615,2,11568.000,171300,192000,3999.250,120.0,8,3,2,0.00000
11.716,0,11669.000,176150,192000,3999.208,120.0,8,3,2,0.00000
11.716,1,11669.000,176150,192000,3999.208,120.0,8,3,2,0.00000
11.716,2,11669.000,176150,192000,3999.208,120.0,8,3,2,0.00000
11.818,0,11772.000,181077,192000,3999.562,120.0,8,3,2,0.00000
11.818,1,11772.000,181077,192000,3999.562,120.0,8,3,2,0.00000
11.818,2,11772.000,181077,192000,3999.562,120.0,8,3,2,0.00000
11.921,0,11875.000,186012,192000,3999.750,120.0,8,3,2,0.00000
11.921,1,11875.000,186012,192000,3999.750,120.0,8,3,2,0.00000
11.921,2,11875.000,186012,192000,3999.750,120.0,8,3,2,0.00000
12.028,0,11981.000,191113,192000,3999.479,120.0,8,3,2,0.00000
12.028,1,11981.000,191113,192000,3999.479,120.0,8,3,2,0.00000
12.028,2,11981.000,191113,192000,3999.479,120.0,8,3,2,0.00000
12.132,0,12085.000,4102,192000,3999.542,120.0,8,4,2,0.00000
12.132,1,12085.000,4102,192000,3999.542,120.0,8,4,2,0.00000
12.132,2,12085.000,4102,192000,3999.542,120.0,8,4,2,0.00000
12.237,0,12190.000,9149,192000,3999.396,120.0,8,4,2,0.00000
12.237,1,12190.000,9149,192000,3999.396,120.0,8,4,2,0.00000
12.237,2,12190.000,9149,192000,3999.396,120.0,8,4,2,0.00000
12.340,0,12293.000,14109,192000,3999.062,120.0,8,4,2,0.00000
12.340,1,12293.000,14109,192000,3999.062,120.0,8,4,2,0.00000
12.340,2,12293.000,14109,192000,3999.062,120.0,8,4,2,0.00000
12.440,0,12394.000,18915,192000,3999.938,120.0,8,4,2,0.00000
12.440,1,12394.000,18915,192000,3999.938,120.0,8,4,2,0.00000
12.440,2,12394.000,18915,192000,3999.938,120.0,8,4,2,0.00000
12.551,0,12505.000,24240,192000,0.000,120.0,8,4,2,0.00000
12.551,1,12505.000,24240,192000,0.000,120.0,8,4,2,0.00000
12.551,2,12505.000,24240,192000,0.000,120.0,8,4,2,0.00000
12.658,0,12612.000,29393,192000,3999.646,120.0,8,4,2,0.00000
12.658,1,12612.000,29393,192000,3999.646,120.0,8,4,2,0.00000
12.658,2,12612.000,29393,192000,3999.646,120.0,8,4,2,0.00000
12.759,0,12712.000,34218,192000,3999.125,120.0,8,4,2,0.00000
12.759,1,12712.000,34218,192000,3999.125,120.0,8,4,2,0.00000
12.759,2,12712.000,34218,192000,3999.125,120.0,8,4,2,0.00000
12.865,0,12819.000,39318,192000,3999.875,120.0,8,4,2,0.00000
12.865,1,12819.000,39318,192000,3999.875,120.0,8,4,2,0.00000
12.865,2,12819.000,39318,192000,3999.875,120.0,8,4,2,0.00000
12.976,0,12929.000,44618,192000,3999.458,120.0,8,4,2,0.00000
12.976,1,12929.000,44618,192000,3999.458,120.0,8,4,2,0.00000
12.976,2,12929.000,44618,192000,3999.458,120.0,8,4,2,0.00000
13.076,0,13029.000,49425,192000,3999.312,120.0,8,4,2,0.00000
13.076,1,13029.000,49425,192000,3999.312,120.0,8,4,2,0.00000
13.076,2,13029.000,49425,192000,3999.312,120.0,8,4,2,0.00000
13.182,0,13135.000,54522,192000,3999.125,120.0,8,4,2,0.00000
13.182,1,13135.000,54522,192000,3999.125,120.0,8,4,2,0.00000
13.182,2,13135.000,54522,192000,3999.125,120.0,8,4,2,0.00000
13.284,0,13237.000,59409,192000,3999.312,120.0,8,4,2,0.00000
13.284,1,13237.000,59409,192000,3999.312,120.0,8,4,2,0.00000
13.284,2,13237.000,59409,192000,3999.312,120.0,8,4,2,0.00000
13.389,0,13342.000,64450,192000,3999.292,120.0,8,4,2,0.00000
13.389,1,13342.000,64450,192000,3999.292,120.0,8,4,2,0.00000
13.389,2,13342.000,64450,192000,3999.292,120.0,8,4,2,0.00000
13.495,0,13448.000,69532,192000,3999.417,120.0,8,4,2,0.00000
13.495,1,13448.000,69532,192000,3999.417,120.0,8,4,2,0.00000
13.495,2,13448.000,69532,192000,3999.417,120.0,8,4,2,0.00000
13.602,0,13556.000,74692,192000,3999.917,120.0,8,4,2,0.00000
13.602,1,13556.000,74692,192000,3999.917,120.0,8,4,2,0.00000
13.602,2,13556.000,74692,192000,3999.917,120.0,8,4,2,0.00000
13.708,0,13661.000,79774,192000,3999.042,120.0,8,4,2,0.00000
13.708,1,13661.000,79774,192000,3999.042,120.0,8,4,2,0.00000
13.708,2,13661.000,79774,192000,3999.042,120.0,8,4,2,0.00000
13.812,0,13765.000,84750,192000,3999.375,120.0,8,4,2,0.00000
13.812,1,13765.000,84750,192000,3999.375,120.0,8,4,2,0.00000
13.812,2,13765.000,84750,192000,3999.375,120.0,8,4,2,0.00000
13.917,0,13870.000,89783,192000,3999.521,120.0,8,4,2,0.00000
13.917,1,13870.000,89783,192000,3999.521,120.0,8,4,2,0.00000
13.917,2,13870.000,89783,192000,3999.521,120.0,8,4,2,0.00000
14.022,0,13976.000,94852,192000,3999.917,120.0,8,4,2,0.00000
14.022,1,13976.000,94852,192000,3999.917,120.0,8,4,2,0.00000
14.022,2,13976.000,94852,192000,3999.917,120.0,8,4,2,0.00000
14.128,0,14081.000,99913,192000,3999.479,120.0,8,4,2,0.00000
14.128,1,14081.000,99913,192000,3999.479,120.0,8,4,2,0.00000
14.128,2,14081.000,99913,192000,3999.479,120.0,8,4,2,0.00000
14.237,0,14190.000,105157,192000,3999.229,120.0,8,4,2,0.00000
14.237,1,14190.000,105157,192000,3999.229,120.0,8,4,2,0.00000
14.237,2,14190.000,105157,192000,3999.229,120.0,8,4,2,0.00000
14.338,0,14291.000,110000,192000,3999.333,120.0,8,4,2,0.00000
14.338,1,14291.000,110000,192000,3999.333,120.0,8,4,2,0.00000
14.338,2,14291.000,110000,192000,3999.333,120.0,8,4,2,0.00000
14.448,0,14401.000,115283,192000,3999.271,120.0,8,4,2,0.00000
14.448,1,14401.000,115283,192000,3999.271,120.0,8,4,2,0.00000
14.448,2,14401.000,115283,192000,3999.271,120.0,8,4,2,0.00000
14.549,0,14502.000,120138,192000,3999.125,120.0,8,4,2,0.00000
14.549,1,14502.000,120138,192000,3999.125,120.0,8,4,2,0.00000
14.549,2,14502.000,120138,192000,3999.125,120.0,8,4,2,0.00000
14.654,0,14608.000,125186,192000,3999.958,120.0,8,4,2,0.00000
14.654,1,14608.000,125186,192000,3999.958,120.0,8,4,2,0.00000
14.654,2,14608.000,125186,192000,3999.958,120.0,8,4,2,0.00000
14.758,0,14712.000,130197,192000,3999.562,120.0,8,4,2,0.00000
14.758,1,14712.000,130197,192000,3999.562,120.0,8,4,2,0.00000
14.758,2,14712.000,130197,192000,3999.562,120.0,8,4,2,0.00000
14.866,0,14819.000,135343,192000,3999.354,120.0,8,4,2,0.00000
14.866,1,14819.000,135343,192000,3999.354,120.0,8,4,2,0.00000
14.866,2,14819.000,135343,192000,3999.354,120.0,8,4,2,0.00000
14.967,0,14920.000,140185,192000,3999.479,120.0,8,4,2,0.00000
14.967,1,14920.000,140185,192000,3999.479,120.0,8,4,2,0.00000
14.967,2,14920.000,140185,192000,3999.479,120.0,8,4,2,0.00000
15.068,0,15021.000,145043,192000,3999.271,120.0,8,4,2,0.00000
15.068,1,15021.000,145043,192000,3999.271,120.0,8,4,2,0.00000
15.068,2,15021.000,145043,192000,3999.271,120.0,8,4,2,0.00000
15.177,0,15131.000,150292,192000,3999.917,120.0,8,4,2,0.00000
15.177,1,15131.000,150292,192000,3999.917,120.0,8,4,2,0.00000
15.177,2,15131.000,150292,192000,3999.917,120.0,8,4,2,0.00000
15.282,0,15236.000,155337,192000,3999.812,120.0,8,4,2,0.00000
15.282,1,15236.000,155337,192000,3999.812,120.0,8,4,2,0.00000
15.282,2,15236.000,155337,192000,3999.812,120.0,8,4,2,0.00000
15.388,0,15341.000,160393,192000,3999.479,120.0,8,4,2,0.00000
15.388,1,15341.000,160393,192000,3999.479,120.0,8,4,2,0.00000
15.388,2,15341.000,160393,192000,3999.479,120.0,8,4,2,0.00000
15.495,0,15449.000,165566,192000,3999.708,120.0,8,4,2,0.00000
15.495,1,15449.000,165566,192000,3999.708,120.0,8,4,2,0.00000
15.495,2,15449.000,165566,192000,3999.708,120.0,8,4,2,0.00000
15.605,0,15558.000,170812,192000,3999.417,120.0,8,4,2,0.00000
15.605,1,15558.000,170812,192000,3999.417,120.0,8,4,2,0.00000
15.605,2,15558.000,170812,192000,3999.417,120.0,8,4,2,0.00000
15.708,0,15662.000,175797,192000,3999.562,120.0,8,4,2,0.00000
15.708,1,15662.000,175797,192000,3999.562,120.0,8,4,2,0.00000
15.708,2,15662.000,175797,192000,3999.562,120.0,8,4,2,0.00000
15.816,0,15769.000,180943,192000,3999.354,120.0,8,4,2,0.00000
15.816,1,15769.000,180943,192000,3999.354,120.0,8,4,2,0.00000
15.816,2,15769.000,180943,192000,3999.354,120.0,8,4,2,0.00000
15.919,0,15872.000,185883,192000,3999.438,120.0,8,4,2,0.00000
15.919,1,15872.000,185883,192000,3999.438,120.0,8,4,2,0.00000
15.919,2,15872.000,185883,192000,3999.438,120.0,8,4,2,0.00000
16.020,0,15973.000,190734,192000,3999.375,120.0,8,4,2,0.00000
16.020,1,15973.000,190734,192000,3999.375,120.0,8,4,2,0.00000
16.020,2,15973.000,190734,192000,3999.375,120.0,8,4,2,0.00000
16.127,0,16080.000,3883,192000,3999.104,120.0,8,5,2,0.00000
16.127,1,16080.000,3883,192000,3999.104,120.0,8,5,2,0.00000
16.127,2,16080.000,3883,192000,3999.104,120.0,8,5,2,0.00000
16.236,0,16189.000,9119,192000,3999.021,120.0,8,5,2,0.00000
16.236,1,16189.000,9119,192000,3999.021,120.0,8,5,2,0.00000
16.236,2,16189.000,9119,192000,3999.021,120.0,8,5,2,0.00000
16.342,0,16295.000,14185,192000,3999.479,120.0,8,5,2,0.00000
16.342,1,16295.000,14185,192000,3999.479,120.0,8,5,2,0.00000
16.342,2,16295.000,14185,192000,3999.479,120.0,8,5,2,0.00000
16.442,0,16396.000,19018,192000,3999.792,120.0,8,5,2,0.00000
16.442,1,16396.000,19018,192000,3999.792,120.0,8,5,2,0.00000
16.442,2,16396.000,19018,192000,3999.792,120.0,8,5,2,0.00000
16.545,0,16499.000,23957,192000,3999.896,120.0,8,5,2,0.00000
16.545,1,16499.000,23957,192000,3999.896,120.0,8,5,2,0.00000
16.545,2,16499.000,23957,192000,3999.896,120.0,8,5,2,0.00000
16.651,0,16604.000,29039,192000,3999.021,120.0,8,5,2,0.00000
16.651,1,16604.000,29039,192000,3999.021,120.0,8,5,2,0.00000
16.651,2,16604.000,29039,192000,3999.021,120.0,8,5,2,0.00000
16.755,0,16709.000,34044,192000,3999.750,120.0,8,5,2,0.00000
16.755,1,16709.000,34044,192000,3999.750,120.0,8,5,2,0.00000
16.755,2,16709.000,34044,192000,3999.750,120.0,8,5,2,0.00000
16.863,0,16816.000,39191,192000,3999.521,120.0,8,5,2,0.00000
16.863,1,16816.000,39191,192000,3999.521,120.0,8,5,2,0.00000
16.863,2,16816.000,39191,192000,3999.521,120.0,8,5,2,0.00000
16.967,0,16920.000,44207,192000,3999.021,120.0,8,5,2,0.00000
16.967,1,16920.000,44207,192000,3999.021,120.0,8,5,2,0.00000
16.967,2,16920.000,44207,192000,3999.021,120.0,8,5,2,0.00000
17.068,0,17021.000,49036,192000,3999.417,120.0,8,5,2,0.00000
17.068,1,17021.000,49036,192000,3999.417,120.0,8,5,2,0.00000
17.068,2,17021.000,49036,192000,3999.417,120.0,8,5,2,0.00000
17.178,0,17132.000,54346,192000,3999.792,120.0,8,5,2,0.00000
17.178,1,17132.000,54346,192000,3999.792,120.0,8,5,2,0.00000
17.178,2,17132.000,54346,192000,3999.792,120.0,8,5,2,0.00000
17.279,0,17232.000,59166,192000,3999.375,120.0,8,5,2,0.00000
17.279,1,17232.000,59166,192000,3999.375,120.0,8,5,2,0.00000
17.279,2,17232.000,59166,192000,3999.375,120.0,8,5,2,0.00000
17.385,0,17339.000,64285,192000,3999.729,120.0,8,5,2,0.00000
17.385,1,17339.000,64285,192000,3999.729,120.0,8,5,2,0.00000
17.385,2,17339.000,64285,192000,3999.729,120.0,8,5,2,0.00000
17.487,0,17441.000,69186,192000,3999.625,120.0,8,5,2,0.00000
17.487,1,17441.000,69186,192000,3999.625,120.0,8,5,2,0.00000
17.487,2,17441.000,69186,192000,3999.625,120.0,8,5,2,0.00000
17.590,0,17543.000,74110,192000,3999.042,120.0,8,5,2,0.00000
17.590,1,17543.000,74110,192000,3999.042,120.0,8,5,2,0.00000
17.590,2,17543.000,74110,192000,3999.042,120.0,8,5,2,0.00000
17.695,0,17648.000,79139,192000,3999.271,120.0,8,5,2,0.00000
17.695,1,17648.000,79139,192000,3999.271,120.0,8,5,2,0.00000
17.695,2,17648.000,79139,192000,3999.271,120.0,8,5,2,0.00000
17.801,0,17755.000,84260,192000,3999.583,120.0,8,5,2,0.00000
17.801,1,17755.000,84260,192000,3999.583,120.0,8,5,2,0.00000
17.801,2,17755.000,84260,192000,3999.583,120.0,8,5,2,0.00000
17.904,0,17858.000,89192,192000,3999.833,120.0,8,5,2,0.00000
17.904,1,17858.000,89192,192000,3999.833,120.0,8,5,2,0.00000
17.904,2,17858.000,89192,192000,3999.833,120.0,8,5,2,0.00000
18.006,0,17960.000,94086,192000,3999.875,120.0,8,5,2,0.00000
18.006,1,17960.000,94086,192000,3999.875,120.0,8,5,2,0.00000
18.006,2,17960.000,94086,192000,3999.875,120.0,8,5,2,0.00000
18.110,0,18064.000,99083,192000,3999.771,120.0,8,5,2,0.00000
18.110,1,18064.000,99083,192000,3999.771,120.0,8,5,2,0.00000
18.110,2,18064.000,99083,192000,3999.771,120.0,8,5,2,0.00000
18.210,0,18164.000,103892,192000,3999.583,120.0,8,5,2,0.00000
18.210,1,18164.000,103892,192000,3999.583,120.0,8,5,2,0.00000
18.210,2,18164.000,103892,192000,3999.583,120.0,8,5,2,0.00000
18.320,0,18273.000,109133,192000,3999.396,120.0,8,5,2,0.00000
18.320,1,18273.000,109133,192000,3999.396,120.0,8,5,2,0.00000
18.320,2,18273.000,109133,192000,3999.396,120.0,8,5,2,0.00000
18.424,0,18378.000,114150,192000,3999.875,120.0,8,5,2,0.00000
18.424,1,18378.000,114150,192000,3999.875,120.0,8,5,2,0.00000
18.424,2,18378.000,114150,192000,3999.875,120.0,8,5,2,0.00000
18.533,0,18487.000,119378,192000,3999.958,120.0,8,5,2,0.00000
18.533,1,18487.000,119378,192000,3999.958,120.0,8,5,2,0.00000
18.533,2,18487.000,119378,192000,3999.958,120.0,8,5,2,0.00000
18.635,0,18589.000,124282,192000,3999.792,120.0,8,5,2,0.00000
18.635,1,18589.000,124282,192000,3999.792,120.0,8,5,2,0.00000
18.635,2,18589.000,124282,192000,3999.792,120.0,8,5,2,0.00000
18.742,0,18695.000,129399,192000,3999.188,120.0,8,5,2,0.00000
18.742,1,18695.000,129399,192000,3999.188,120.0,8,5,2,0.00000
18.742,2,18695.000,129399,192000,3999.188,120.0,8,5,2,0.00000
18.843,0,18796.000,134239,192000,3999.354,120.0,8,5,2,0.00000
18.843,1,18796.000,134239,192000,3999.354,120.0,8,5,2,0.00000
18.843,2,18796.000,134239,192000,3999.354,120.0,8,5,2,0.00000
18.946,0,18899.000,139176,192000,3999.500,120.0,8,5,2,0.00000
18.946,1,18899.000,139176,192000,3999.500,120.0,8,5,2,0.00000
18.946,2,18899.000,139176,192000,3999.500,120.0,8,5,2,0.00000
19.049,0,19002.000,144142,192000,3999.042,120.0,8,5,2,0.00000
19.049,1,19002.000,144142,192000,3999.042,120.0,8,5,2,0.00000
19.049,2,19002.000,144142,192000,3999.042,120.0,8,5,2,0.00000
19.159,0,19113.000,149425,192000,3999.979,120.0,8,5,2,0.00000
19.159,1,19113.000,149425,192000,3999.979,120.0,8,5,2,0.00000
19.159,2,19113.000,149425,192000,3999.979,120.0,8,5,2,0.00000
19.260,0,19214.000,154282,192000,3999.792,120.0,8,5,2,0.00000
19.260,1,19214.000,154282,192000,3999.792,120.0,8,5,2,0.00000
19.260,2,19214.000,154282,192000,3999.792,120.0,8,5,2,0.00000
19.362,0,19315.000,159150,192000,3999.375,120.0,8,5,2,0.00000
19.362,1,19315.000,159150,192000,3999.375,120.0,8,5,2,0.00000
19.362,2,19315.000,159150,192000,3999.375,120.0,8,5,2,0.00000
19.463,0,19416.000,163997,192000,3999.396,120.0,8,5,2,0.00000
19.463,1,19416.000,163997,192000,3999.396,120.0,8,5,2,0.00000
19.463,2,19416.000,163997,192000,3999.396,120.0,8,5,2,0.00000
19.573,0,19526.000,169275,192000,3999.438,120.0,8,5,2,0.00000
19.573,1,19526.000,169275,192000,3999.438,120.0,8,5,2,0.00000
19.573,2,19526.000,169275,192000,3999.438,120.0,8,5,2,0.00000
19.681,0,19634.000,174468,192000,3999.250,120.0,8,5,2,0.00000
19.681,1,19634.000,174468,192000,3999.250,120.0,8,5,2,0.00000
19.681,2,19634.000,174468,192000,3999.250,120.0,8,5,2,0.00000
19.787,0,19741.000,179586,192000,3999.625,120.0,8,5,2,0.00000
19.787,1,19741.000,179586,192000,3999.625,120.0,8,5,2,0.00000
19.787,2,19741.000,179586,192000,3999.625,120.0,8,5,2,0.00000
19.890,0,19844.000,184520,192000,3999.833,120.0,8,5,2,0.00000
19.890,1,19844.000,184520,192000,3999.833,120.0,8,5,2,0.00000
19.890,2,19844.000,184520,192000,3999.833,120.0,8,5,2,0.00000
19.998,0,19952.000,189698,192000,3999.958,120.0,8,5,2,0.00000
19.998,1,19952.000,189698,192000,3999.958,120.0,8,5,2,0.00000
19.998,2,19952.000,189698,192000,3999.958,120.0,8,5,2,0.00000
20.105,0,20058.000,2827,192000,3999.104,120.0,8,6,2,0.11736
20.105,1,20058.000,2827,192000,3999.104,120.0,8,6,2,0.11736
20.105,2,20058.000,2827,192000,3999.104,120.0,8,6,2,0.11747
20.212,0,20165.000,7959,192000,3999.188,120.0,8,6,2,0.07523
20.212,1,20165.000,7959,192000,3999.188,120.0,8,6,2,0.07523
20.212,2,20165.000,7959,192000,3999.188,120.0,8,6,2,0.07531
20.312,0,20266.000,12772,192000,3999.917,120.0,8,6,2,0.04958
20.312,1,20266.000,12772,192000,3999.917,120.0,8,6,2,0.04958
20.312,2,20266.000,12772,192000,3999.917,120.0,8,6,2,0.04963
20.416,0,20370.000,17767,192000,3999.854,120.0,8,6,2,0.03216
20.416,1,20370.000,17767,192000,3999.854,120.0,8,6,2,0.03216
20.416,2,20370.000,17767,192000,3999.854,120.0,8,6,2,0.03219
20.525,0,20478.000,22981,192000,3999.229,120.0,8,6,2,0.02047
20.525,1,20478.000,22981,192000,3999.229,120.0,8,6,2,0.02047
20.525,2,20478.000,22981,192000,3999.229,120.0,8,6,2,0.02049
20.625,0,20579.000,27800,192000,3999.833,120.0,8,6,2,0.01348
20.625,1,20579.000,27800,192000,3999.833,120.0,8,6,2,0.01348
20.625,2,20579.000,27800,192000,3999.833,120.0,8,6,2,0.01350
20.729,0,20682.000,32764,192000,3999.417,120.0,8,6,2,0.00877
20.729,1,20682.000,32764,192000,3999.417,120.0,8,6,2,0.00877
20.729,2,20682.000,32764,192000,3999.417,120.0,8,6,2,0.00878
20.829,0,20782.000,37565,192000,3999.396,120.0,8,6,2,0.00579
20.829,1,20782.000,37565,192000,3999.396,120.0,8,6,2,0.00579
20.829,2,20782.000,37565,192000,3999.396,120.0,8,6,2,0.00579
20.939,0,20892.000,42863,192000,3999.021,120.0,8,6,2,0.00366
20.939,1,20892.000,42863,192000,3999.021,120.0,8,6,2,0.00366
20.939,2,20892.000,42863,192000,3999.021,120.0,8,6,2,0.00366
21.044,0,20997.000,47883,192000,3999.438,120.0,8,6,2,0.00237
21.044,1,20997.000,47883,192000,3999.438,120.0,8,6,2,0.00237
21.044,2,20997.000,47883,192000,3999.438,120.0,8,6,2,0.00237
21.152,0,21106.000,53105,192000,3999.646,120.0,8,6,2,0.00151
21.152,1,21106.000,53105,192000,3999.646,120.0,8,6,2,0.00151
21.152,2,21106.000,53105,192000,3999.646,120.0,8,6,2,0.00151
21.256,0,21209.000,58078,192000,3999.042,120.0,8,6,2,0.00098
21.256,1,21209.000,58078,192000,3999.042,120.0,8,6,2,0.00098
21.256,2,21209.000,58078,192000,3999.042,120.0,8,6,2,0.00098
21.362,0,21315.000,63144,192000,3999.500,120.0,8,6,2,0.00063
21.362,1,21315.000,63144,192000,3999.500,120.0,8,6,2,0.00063
21.362,2,21315.000,63144,192000,3999.500,120.0,8,6,2,0.00063
21.468,0,21421.000,68232,192000,3999.500,120.0,8,6,2,0.00041
21.468,1,21421.000,68232,192000,3999.500,120.0,8,6,2,0.00041
21.468,2,21421.000,68232,192000,3999.500,120.0,8,6,2,0.00041
21.570,0,21523.000,73143,192000,3999.188,120.0,8,6,2,0.00027
21.570,1,21523.000,73143,192000,3999.188,120.0,8,6,2,0.00027
21.570,2,21523.000,73143,192000,3999.188,120.0,8,6,2,0.00027
21.670,0,21624.000,77963,192000,3999.771,120.0,8,6,2,0.00017
21.670,1,21624.000,77963,192000,3999.771,120.0,8,6,2,0.00017
21.670,2,21624.000,77963,192000,3999.771,120.0,8,6,2,0.00017
21.779,0,21732.000,83182,192000,3999.042,120.0,8,6,2,0.00011
21.779,1,21732.000,83182,192000,3999.042,120.0,8,6,2,0.00011
21.779,2,21732.000,83182,192000,3999.042,120.0,8,6,2,0.00011
21.884,0,21838.000,88242,192000,3999.625,120.0,8,6,2,0.00007
21.884,1,21838.000,88242,192000,3999.625,120.0,8,6,2,0.00007
21.884,2,21838.000,88242,192000,3999.625,120.0,8,6,2,0.00007
21.990,0,21943.000,93295,192000,3999.354,120.0,8,6,2,0.00005
21.990,1,21943.000,93295,192000,3999.354,120.0,8,6,2,0.00005
21.990,2,21943.000,93295,192000,3999.354,120.0,8,6,2,0.00005
22.095,0,22049.000,98364,192000,3999.750,120.0,8,6,2,0.00003
22.095,1,22049.000,98364,192000,3999.750,120.0,8,6,2,0.00003
22.095,2,22049.000,98364,192000,3999.750,120.0,8,6,2,0.00003
22.204,0,22157.000,103581,192000,3999.062,120.0,8,6,2,0.00002
22.204,1,22157.000,103581,192000,3999.062,120.0,8,6,2,0.00002
22.204,2,22157.000,103581,192000,3999.062,120.0,8,6,2,0.00002
22.306,0,22259.000,108461,192000,3999.396,120.0,8,6,2,0.00001
22.306,1,22259.000,108461,192000,3999.396,120.0,8,6,2,0.00001
22.306,2,22259.000,108461,192000,3999.396,120.0,8,6,2,0.00001
22.410,0,22364.000,113481,192000,3999.812,120.0,8,6,2,0.00001
22.410,1,22364.000,113481,192000,3999.812,120.0,8,6,2,0.00001
22.410,2,22364.000,113481,192000,3999.812,120.0,8,6,2,0.00001
22.512,0,22466.000,118380,192000,3999.750,120.0,8,6,2,0.00001
22.512,1,22466.000,118380,192000,3999.750,120.0,8,6,2,0.00001
22.512,2,22466.000,118380,192000,3999.750,120.0,8,6,2,0.00001
22.615,0,22569.000,123326,192000,3999.708,120.0,8,6,2,0.00000
22.615,1,22569.000,123326,192000,3999.708,120.0,8,6,2,0.00000
22.615,2,22569.000,123326,192000,3999.708,120.0,8,6,2,0.00000
22.718,0,22671.000,128237,192000,3999.396,120.0,8,6,2,0.00000
22.718,1,22671.000,128237,192000,3999.396,120.0,8,6,2,0.00000
22.718,2,22671.000,128237,192000,3999.396,120.0,8,6,2,0.00000
22.825,0,22779.000,133402,192000,3999.792,120.0,8,6,2,0.00000
22.825,1,22779.000,133402,192000,3999.792,120.0,8,6,2,0.00000
22.825,2,22779.000,133402,192000,3999.792,120.0,8,6,2,0.00000
22.927,0,22881.000,138292,192000,3999.917,120.0,8,6,2,0.00000
22.927,1,22881.000,138292,192000,3999.917,120.0,8,6,2,0.00000
22.927,2,22881.000,138292,192000,3999.917,120.0,8,6,2,0.00000
23.036,0,22989.000,143506,192000,3999.292,120.0,8,6,2,0.00000
23.036,1,22989.000,143506,192000,3999.292,120.0,8,6,2,0.00000
23.036,2,22989.000,143506,192000,3999.292,120.0,8,6,2,0.00000
23.146,0,23100.000,148802,192000,3999.958,120.0,8,6,2,0.00000
23.146,1,23100.000,148802,192000,3999.958,120.0,8,6,2,0.00000
23.146,2,23100.000,148802,192000,3999.958,120.0,8,6,2,0.00000
23.248,0,23202.000,153705,192000,3999.812,120.0,8,6,2,0.00000
23.248,1,23202.000,153705,192000,3999.812,120.0,8,6,2,0.00000
23.248,2,23202.000,153705,192000,3999.812,120.0,8,6,2,0.00000
23.352,0,23306.000,158693,192000,3999.896,120.0,8,6,2,0.00000
23.352,1,23306.000,158693,192000,3999.896,120.0,8,6,2,0.00000
23.352,2,23306.000,158693,192000,3999.896,120.0,8,6,2,0.00000
23.459,0,23412.000,163817,192000,3999.146,120.0,8,6,2,0.00000
23.459,1,23412.000,163817,192000,3999.146,120.0,8,6,2,0.00000
23.459,2,23412.000,163817,192000,3999.146,120.0,8,6,2,0.00000
23.566,0,23520.000,168966,192000,3999.875,120.0,8,6,2,0.00000
23.566,1,23520.000,168966,192000,3999.875,120.0,8,6,2,0.00000
23.566,2,23520.000,168966,192000,3999.875,120.0,8,6,2,0.00000
23.670,0,23624.000,173962,192000,3999.792,120.0,8,6,2,0.00000
23.670,1,23624.000,173962,192000,3999.792,120.0,8,6,2,0.00000
23.670,2,23624.000,173962,192000,3999.792,120.0,8,6,2,0.00000
23.780,0,23733.000,179218,192000,3999.292,120.0,8,6,2,0.00000
23.780,1,23733.000,179218,192000,3999.292,120.0,8,6,2,0.00000
23.780,2,23733.000,179218,192000,3999.292,120.0,8,6,2,0.00000
23.885,0,23839.000,184281,192000,3999.812,120.0,8,6,2,0.00000
23.885,1,23839.000,184281,192000,3999.812,120.0,8,6,2,0.00000
23.885,2,23839.000,184281,192000,3999.812,120.0,8,6,2,0.00000
23.992,0,23946.000,189409,192000,3999.979,120.0,8,6,2,0.00000
23.992,1,23946.000,189409,192000,3999.979,120.0,8,6,2,0.00000
23.992,2,23946.000,189409,192000,3999.979,120.0,8,6,2,0.00000
24.106,0,24059.000,2862,192000,3999.375,120.0,8,7,2,0.00000
24.106,1,24059.000,2862,192000,3999.375,120.0,8,7,2,0.00000
24.106,2,24059.000,2862,192000,3999.375,120.0,8,7,2,0.00000
24.214,0,24168.000,8069,192000,3999.896,120.0,8,7,2,0.00000
24.214,1,24168.000,8069,192000,3999.896,120.0,8,7,2,0.00000
24.214,2,24168.000,8069,192000,3999.896,120.0,8,7,2,0.00000
24.318,0,24271.000,13054,192000,3999.042,120.0,8,7,2,0.00000
24.318,1,24271.000,13054,192000,3999.042,120.0,8,7,2,0.00000
24.318,2,24271.000,13054,192000,3999.042,120.0,8,7,2,0.00000
24.424,0,24378.000,18150,192000,3999.875,120.0,8,7,2,0.00000
24.424,1,24378.000,18150,192000,3999.875,120.0,8,7,2,0.00000
24.424,2,24378.000,18150,192000,3999.875,120.0,8,7,2,0.00000
24.525,0,24478.000,22983,192000,3999.188,120.0,8,7,2,0.00000
24.525,1,24478.000,22983,192000,3999.188,120.0,8,7,2,0.00000
24.525,2,24478.000,22983,192000,3999.188,120.0,8,7,2,0.00000
24.627,0,24580.000,27881,192000,3999.146,120.0,8,7,2,0.00000
24.627,1,24580.000,27881,192000,3999.146,120.0,8,7,2,0.00000
24.627,2,24580.000,27881,192000,3999.146,120.0,8,7,2,0.00000
24.730,0,24683.000,32815,192000,3999.354,120.0,8,7,2,0.00000
24.730,1,24683.000,32815,192000,3999.354,120.0,8,7,2,0.00000
24.730,2,24683.000,32815,192000,3999.354,120.0,8,7,2,0.00000
24.839,0,24793.000,38079,192000,3999.688,120.0,8,7,2,0.00000
24.839,1,24793.000,38079,192000,3999.688,120.0,8,7,2,0.00000
24.839,2,24793.000,38079,192000,3999.688,120.0,8,7,2,0.00000
24.942,0,24895.000,42991,192000,3999.354,120.0,8,7,2,0.00000
24.942,1,24895.000,42991,192000,3999.354,120.0,8,7,2,0.00000
24.942,2,24895.000,42991,192000,3999.354,120.0,8,7,2,0.00000
25.046,0,25000.000,48018,192000,3999.625,120.0,8,7,2,0.00000
25.046,1,25000.000,48018,192000,3999.625,120.0,8,7,2,0.00000
25.046,2,25000.000,48018,192000,3999.625,120.0,8,7,2,0.00000
25.147,0,25100.000,52843,192000,3999.104,120.0,8,7,2,0.00000
25.147,1,25100.000,52843,192000,3999.104,120.0,8,7,2,0.00000
25.147,2,25100.000,52843,192000,3999.104,120.0,8,7,2,0.00000
25.248,0,25201.000,57675,192000,3999.438,120.0,8,7,2,0.00000
25.248,1,25201.000,57675,192000,3999.438,120.0,8,7,2,0.00000
25.248,2,25201.000,57675,192000,3999.438,120.0,8,7,2,0.00000
25.354,0,25307.000,62762,192000,3999.458,120.0,8,7,2,0.00000
25.354,1,25307.000,62762,192000,3999.458,120.0,8,7,2,0.00000
25.354,2,25307.000,62762,192000,3999.458,120.0,8,7,2,0.00000
25.460,0,25414.000,67882,192000,3999.792,120.0,8,7,2,0.00000
25.460,1,25414.000,67882,192000,3999.792,120.0,8,7,2,0.00000
25.460,2,25414.000,67882,192000,3999.792,120.0,8,7,2,0.00000
25.562,0,25515.000,72747,192000,3999.438,120.0,8,7,2,0.00000
25.562,1,25515.000,72747,192000,3999.438,120.0,8,7,2,0.00000
25.562,2,25515.000,72747,192000,3999.438,120.0,8,7,2,0.00000
25.672,0,25625.000,78032,192000,3999.333,120.0,8,7,2,0.00000
25.672,1,25625.000,78032,192000,3999.333,120.0,8,7,2,0.00000
25.672,2,25625.000,78032,192000,3999.333,120.0,8,7,2,0.00000
25.772,0,25726.000,82868,192000,3999.583,120.0,8,7,2,0.00000
25.772,1,25726.000,82868,192000,3999.583,120.0,8,7,2,0.00000
25.772,2,25726.000,82868,192000,3999.583,120.0,8,7,2,0.00000
25.879,0,25833.000,87992,192000,3999.833,120.0,8,7,2,0.00000
25.879,1,25833.000,87992,192000,3999.833,120.0,8,7,2,0.00000
25.879,2,25833.000,87992,192000,3999.833,120.0,8,7,2,0.00000
25.987,0,25941.000,93183,192000,3999.688,120.0,8,7,2,0.00000
25.987,1,25941.000,93183,192000,3999.688,120.0,8,7,2,0.00000
25.987,2,25941.000,93183,192000,3999.688,120.0,8,7,2,0.00000
26.098,0,26051.000,98474,192000,3999.458,120.0,8,7,2,0.00000
26.098,1,26051.000,98474,192000,3999.458,120.0,8,7,2,0.00000
26.098,2,26051.000,98474,192000,3999.458,120.0,8,7,2,0.00000
26.202,0,26156.000,103504,192000,3999.667,120.0,8,7,2,0.00000
26.202,1,26156.000,103504,192000,3999.667,120.0,8,7,2,0.00000
26.202,2,26156.000,103504,192000,3999.667,120.0,8,7,2,0.00000
26.303,0,26256.000,108320,192000,3999.333,120.0,8,7,2,0.00000
26.303,1,26256.000,108320,192000,3999.333,120.0,8,7,2,0.00000
26.303,2,26256.000,108320,192000,3999.333,120.0,8,7,2,0.00000
26.412,0,26365.000,113567,192000,3999.021,120.0,8,7,2,0.00000
26.412,1,26365.000,113567,192000,3999.021,120.0,8,7,2,0.00000
26.412,2,26365.000,113567,192000,3999.021,120.0,8,7,2,0.00000
26.519,0,26472.000,118702,192000,3999.042,120.0,8,7,2,0.00000
26.519,1,26472.000,118702,192000,3999.042,120.0,8,7,2,0.00000
26.519,2,26472.000,118702,192000,3999.042,120.0,8,7,2,0.00000
26.622,0,26576.000,123661,192000,3999.729,120.0,8,7,2,0.00000
26.622,1,26576.000,123661,192000,3999.729,120.0,8,7,2,0.00000
26.622,2,26576.000,123661,192000,3999.729,120.0,8,7,2,0.00000
26.726,0,26679.000,128615,192000,3999.521,120.0,8,7,2,0.00000
26.726,1,26679.000,128615,192000,3999.521,120.0,8,7,2,0.00000
26.726,2,26679.000,128615,192000,3999.521,120.0,8,7,2,0.00000
26.827,0,26780.000,133470,192000,3999.375,120.0,8,7,2,0.00000
26.827,1,26780.000,133470,192000,3999.375,120.0,8,7,2,0.00000
26.827,2,26780.000,133470,192000,3999.375,120.0,8,7,2,0.00000
26.928,0,26881.000,138331,192000,3999.104,120.0,8,7,2,0.00000
26.928,1,26881.000,138331,192000,3999.104,120.0,8,7,2,0.00000
26.928,2,26881.000,138331,192000,3999.104,120.0,8,7,2,0.00000
27.034,0,26987.000,143421,192000,3999.062,120.0,8,7,2,0.00000
27.034,1,26987.000,143421,192000,3999.062,120.0,8,7,2,0.00000
27.034,2,26987.000,143421,192000,3999.062,120.0,8,7,2,0.00000
27.144,0,27097.000,148681,192000,3999.479,120.0,8,7,2,0.00000
27.144,1,27097.000,148681,192000,3999.479,120.0,8,7,2,0.00000
27.144,2,27097.000,148681,192000,3999.479,120.0,8,7,2,0.00000
27.245,0,27198.000,153540,192000,3999.250,120.0,8,7,2,0.00000
27.245,1,27198.000,153540,192000,3999.250,120.0,8,7,2,0.00000
27.245,2,27198.000,153540,192000,3999.250,120.0,8,7,2,0.00000
27.354,0,27307.000,158773,192000,3999.229,120.0,8,7,2,0.00000
27.354,1,27307.000,158773,192000,3999.229,120.0,8,7,2,0.00000
27.354,2,27307.000,158773,192000,3999.229,120.0,8,7,2,0.00000
27.459,0,27413.000,163842,192000,3999.625,120.0,8,7,2,0.00000
27.459,1,27413.000,163842,192000,3999.625,120.0,8,7,2,0.00000
27.459,2,27413.000,163842,192000,3999.625,120.0,8,7,2,0.00000
27.565,0,27518.000,168908,192000,3999.083,120.0,8,7,2,0.00000
27.565,1,27518.000,168908,192000,3999.083,120.0,8,7,2,0.00000
27.565,2,27518.000,168908,192000,3999.083,120.0,8,7,2,0.00000
27.673,0,27627.000,174096,192000,0.000,120.0,8,7,2,0.00000
27.673,1,27627.000,174096,192000,0.000,120.0,8,7,2,0.00000
27.673,2,27627.000,174096,192000,0.000,120.0,8,7,2,0.00000
27.777,0,27730.000,179079,192000,3999.188,120.0,8,7,2,0.00000
27.777,1,27730.000,179079,192000,3999.188,120.0,8,7,2,0.00000
27.777,2,27730.000,179079,192000,3999.188,120.0,8,7,2,0.00000
27.878,0,27832.000,183937,192000,3999.979,120.0,8,7,2,0.00000
27.878,1,27832.000,183937,192000,3999.979,120.0,8,7,2,0.00000
27.878,2,27832.000,183937,192000,3999.979,120.0,8,7,2,0.00000
27.978,0,27932.000,188745,192000,3999.812,120.0,8,7,2,0.00000
27.978,1,27932.000,188745,192000,3999.812,120.0,8,7,2,0.00000
27.978,2,27932.000,188745,192000,3999.812,120.0,8,7,2,0.00000
28.097,0,28051.000,2459,192000,3999.771,120.0,8,8,2,0.00000
28.097,1,28051.000,2459,192000,3999.771,120.0,8,8,2,0.00000
28.097,2,28051.000,2459,192000,3999.771,120.0,8,8,2,0.00000
28.200,0,28154.000,7397,192000,3999.896,120.0,8,8,2,0.00000
28.200,1,28154.000,7397,192000,3999.896,120.0,8,8,2,0.00000
28.200,2,28154.000,7397,192000,3999.896,120.0,8,8,2,0.00000
28.304,0,28258.000,12403,192000,3999.604,120.0,8,8,2,0.00000
28.304,1,28258.000,12403,192000,3999.604,120.0,8,8,2,0.00000
28.304,2,28258.000,12403,192000,3999.604,120.0,8,8,2,0.00000
28.411,0,28365.000,17528,192000,3999.833,120.0,8,8,2,0.00000
28.411,1,28365.000,17528,192000,3999.833,120.0,8,8,2,0.00000
28.411,2,28365.000,17528,192000,3999.833,120.0,8,8,2,0.00000
28.512,0,28465.000,22343,192000,3999.521,120.0,8,8,2,0.00000
28.512,1,28465.000,22343,192000,3999.521,120.0,8,8,2,0.00000
28.512,2,28465.000,22343,192000,3999.521,120.0,8,8,2,0.00000
28.612,0,28566.000,27177,192000,3999.812,120.0,8,8,2,0.00000
28.612,1,28566.000,27177,192000,3999.812,120.0,8,8,2,0.00000
28.612,2,28566.000,27177,192000,3999.812,120.0,8,8,2,0.00000
28.714,0,28667.000,32057,192000,3999.146,120.0,8,8,2,0.00000
28.714,1,28667.000,32057,192000,3999.146,120.0,8,8,2,0.00000
28.714,2,28667.000,32057,192000,3999.146,120.0,8,8,2,0.00000
28.815,0,28768.000,36911,192000,3999.021,120.0,8,8,2,0.00000
28.815,1,28768.000,36911,192000,3999.021,120.0,8,8,2,0.00000
28.815,2,28768.000,36911,192000,3999.021,120.0,8,8,2,0.00000
28.925,0,28879.000,42204,192000,3999.750,120.0,8,8,2,0.00000
28.925,1,28879.000,42204,192000,3999.750,120.0,8,8,2,0.00000
28.925,2,28879.000,42204,192000,3999.750,120.0,8,8,2,0.00000
29.028,0,28981.000,47112,192000,3999.500,120.0,8,8,2,0.00000
29.028,1,28981.000,47112,192000,3999.500,120.0,8,8,2,0.00000
29.028,2,28981.000,47112,192000,3999.500,120.0,8,8,2,0.00000
29.128,0,29082.000,51941,192000,3999.896,120.0,8,8,2,0.00000
29.128,1,29082.000,51941,192000,3999.896,120.0,8,8,2,0.00000
29.128,2,29082.000,51941,192000,3999.896,120.0,8,8,2,0.00000
29.228,0,29182.000,56751,192000,3999.688,120.0,8,8,2,0.00000
29.228,1,29182.000,56751,192000,3999.688,120.0,8,8,2,0.00000
29.228,2,29182.000,56751,192000,3999.688,120.0,8,8,2,0.00000
29.339,0,29293.000,62084,192000,3999.583,120.0,8,8,2,0.00000
29.339,1,29293.000,62084,192000,3999.583,120.0,8,8,2,0.00000
29.339,2,29293.000,62084,192000,3999.583,120.0,8,8,2,0.00000
29.440,0,29394.000,66930,192000,3999.625,120.0,8,8,2,0.00000
29.440,1,29394.000,66930,192000,3999.625,120.0,8,8,2,0.00000
29.440,2,29394.000,66930,192000,3999.625,120.0,8,8,2,0.00000
29.549,0,29502.000,72140,192000,3999.083,120.0,8,8,2,0.00000
29.549,1,29502.000,72140,192000,3999.083,120.0,8,8,2,0.00000
29.549,2,29502.000,72140,192000,3999.083,120.0,8,8,2,0.00000
29.652,0,29606.000,77096,192000,3999.833,120.0,8,8,2,0.00000
29.652,1,29606.000,77096,192000,3999.833,120.0,8,8,2,0.00000
29.652,2,29606.000,77096,192000,3999.833,120.0,8,8,2,0.00000
29.754,0,29708.000,81991,192000,3999.854,120.0,8,8,2,0.00000
29.754,1,29708.000,81991,192000,3999.854,120.0,8,8,2,0.00000
29.754,2,29708.000,81991,192000,3999.854,120.0,8,8,2,0.00000
29.855,0,29808.000,86809,192000,3999.479,120.0,8,8,2,0.00000
29.855,1,29808.000,86809,192000,3999.479,120.0,8,8,2,0.00000
29.855,2,29808.000,86809,192000,3999.479,120.0,8,8,2,0.00000
29.958,0,29912.000,91792,192000,3999.667,120.0,8,8,2,0.00000
29.958,1,29912.000,91792,192000,3999.667,120.0,8,8,2,0.00000
29.958,2,29912.000,91792,192000,3999.667,120.0,8,8,2,0.00000
30.059,0,30013.000,96639,192000,3999.688,120.0,8,8,2,0.00000
30.059,1,30013.000,96639,192000,3999.688,120.0,8,8,2,0.00000
30.059,2,30013.000,96639,192000,3999.688,120.0,8,8,2,0.00000
30.162,0,30116.000,101587,192000,3999.604,120.0,8,8,2,0.00000
30.162,1,30116.000,101587,192000,3999.604,120.0,8,8,2,0.00000
30.162,2,30116.000,101587,192000,3999.604,120.0,8,8,2,0.00000
30.270,0,30223.000,106742,192000,3999.208,120.0,8,8,2,0.00000
30.270,1,30223.000,106742,192000,3999.208,120.0,8,8,2,0.00000
30.270,2,30223.000,106742,192000,3999.208,120.0,8,8,2,0.00000
30.375,0,30329.000,111799,192000,3999.854,120.0,8,8,2,0.00000
30.375,1,30329.000,111799,192000,3999.854,120.0,8,8,2,0.00000
30.375,2,30329.000,111799,192000,3999.854,120.0,8,8,2,0.00000
30.477,0,30431.000,116707,192000,3999.604,120.0,8,8,2,0.00000
30.477,1,30431.000,116707,192000,3999.604,120.0,8,8,2,0.00000
30.477,2,30431.000,116707,192000,3999.604,120.0,8,8,2,0.00000
30.578,0,30531.000,121524,192000,3999.250,120.0,8,8,2,0.00000
30.578,1,30531.000,121524,192000,3999.250,120.0,8,8,2,0.00000
30.578,2,30531.000,121524,192000,3999.250,120.0,8,8,2,0.00000
30.679,0,30633.000,126394,192000,3999.792,120.0,8,8,2,0.00000
30.679,1,30633.000,126394,192000,3999.792,120.0,8,8,2,0.00000
30.679,2,30633.000,126394,192000,3999.792,120.0,8,8,2,0.00000
30.786,0,30740.000,131528,192000,3999.833,120.0,8,8,2,0.00000
30.786,1,30740.000,131528,192000,3999.833,120.0,8,8,2,0.00000
30.786,2,30740.000,131528,192000,3999.833,120.0,8,8,2,0.00000
30.894,0,30848.000,136708,192000,3999.917,120.0,8,8,2,0.00000
30.894,1,30848.000,136708,192000,3999.917,120.0,8,8,2,0.00000
30.894,2,30848.000,136708,192000,3999.917,120.0,8,8,2,0.00000
30.995,0,30948.000,141539,192000,3999.271,120.0,8,8,2,0.00000
30.995,1,30948.000,141539,192000,3999.271,120.0,8,8,2,0.00000
30.995,2,30948.000,141539,192000,3999.271,120.0,8,8,2,0.00000
31.095,0,31048.000,146340,192000,3999.250,120.0,8,8,2,0.00000
31.095,1,31048.000,146340,192000,3999.250,120.0,8,8,2,0.00000
31.095,2,31048.000,146340,192000,3999.250,120.0,8,8,2,0.00000
31.203,0,31157.000,151538,192000,3999.958,120.0,8,8,2,0.00000
31.203,1,31157.000,151538,192000,3999.958,120.0,8,8,2,0.00000
31.203,2,31157.000,151538,192000,3999.958,120.0,8,8,2,0.00000
31.311,0,31265.000,156731,192000,3999.771,120.0,8,8,2,0.00000
31.311,1,31265.000,156731,192000,3999.771,120.0,8,8,2,0.00000
31.311,2,31265.000,156731,192000,3999.771,120.0,8,8,2,0.00000
31.415,0,31369.000,161729,192000,3999.646,120.0,8,8,2,0.00000
31.415,1,31369.000,161729,192000,3999.646,120.0,8,8,2,0.00000
31.415,2,31369.000,161729,192000,3999.646,120.0,8,8,2,0.00000
31.519,0,31472.000,166686,192000,3999.375,120.0,8,8,2,0.00000
31.519,1,31472.000,166686,192000,3999.375,120.0,8,8,2,0.00000
31.519,2,31472.000,166686,192000,3999.375,120.0,8,8,2,0.00000
31.628,0,31581.000,171935,192000,3999.021,120.0,8,8,2,0.00000
31.628,1,31581.000,171935,192000,3999.021,120.0,8,8,2,0.00000
31.628,2,31581.000,171935,192000,3999.021,120.0,8,8,2,0.00000
31.730,0,31684.000,176845,192000,3999.729,120.0,8,8,2,0.00000
31.730,1,31684.000,176845,192000,3999.729,120.0,8,8,2,0.00000
31.730,2,31684.000,176845,192000,3999.729,120.0,8,8,2,0.00000
31.835,0,31788.000,181856,192000,3999.333,120.0,8,8,2,0.00000
31.835,1,31788.000,181856,192000,3999.333,120.0,8,8,2,0.00000
31.835,2,31788.000,181856,192000,3999.333,120.0,8,8,2,0.00000
31.937,0,31890.000,186762,192000,3999.125,120.0,8,8,2,0.00000
31.937,1,31890.000,186762,192000,3999.125,120.0,8,8,2,0.00000
31.937,2,31890.000,186762,192000,3999.125,120.0,8,8,2,0.00000
32.043,0,31996.000,191845,192000,3999.229,120.0,8,8,2,0.00000
32.043,1,31996.000,191845,192000,3999.229,120.0,8,8,2,0.00000
32.043,2,31996.000,191845,192000,3999.229,120.0,8,8,2,0.00000
32.155,0,32108.000,5219,192000,3999.271,120.0,8,9,2,0.09430
32.155,1,32108.000,5219,192000,3999.271,120.0,8,9,2,0.09416
32.155,2,32108.000,5219,192000,3999.271,120.0,8,9,2,0.09430
32.264,0,32218.000,10481,192000,3999.646,120.0,8,9,2,0.05977
32.264,1,32218.000,10481,192000,3999.646,120.0,8,9,2,0.05968
32.264,2,32218.000,10481,192000,3999.646,120.0,8,9,2,0.05977
32.369,0,32323.000,15519,192000,3999.688,120.0,8,9,2,0.03863
32.369,1,32323.000,15519,192000,3999.688,120.0,8,9,2,0.03857
32.369,2,32323.000,15519,192000,3999.688,120.0,8,9,2,0.03863
32.470,0,32423.000,20346,192000,3999.125,120.0,8,9,2,0.02543
32.470,1,32423.000,20346,192000,3999.125,120.0,8,9,2,0.02539
32.470,2,32423.000,20346,192000,3999.125,120.0,8,9,2,0.02543
32.570,0,32523.000,25149,192000,3999.062,120.0,8,9,2,0.01677
32.570,1,32523.000,25149,192000,3999.062,120.0,8,9,2,0.01675
32.570,2,32523.000,25149,192000,3999.062,120.0,8,9,2,0.01677
32.678,0,32631.000,30329,192000,3999.146,120.0,8,9,2,0.01071
32.678,1,32631.000,30329,192000,3999.146,120.0,8,9,2,0.01069
32.678,2,32631.000,30329,192000,3999.146,120.0,8,9,2,0.01071
32.783,0,32737.000,35376,192000,0.000,120.0,8,9,2,0.00691
32.783,1,32737.000,35376,192000,0.000,120.0,8,9,2,0.00690
32.783,2,32737.000,35376,192000,0.000,120.0,8,9,2,0.00691
32.883,0,32837.000,40184,192000,3999.833,120.0,8,9,2,0.00456
32.883,1,32837.000,40184,192000,3999.833,120.0,8,9,2,0.00455
32.883,2,32837.000,40184,192000,3999.833,120.0,8,9,2,0.00456
32.994,0,32947.000,45482,192000,3999.458,120.0,8,9,2,0.00288
32.994,1,32947.000,45482,192000,3999.458,120.0,8,9,2,0.00288
32.994,2,32947.000,45482,192000,3999.458,120.0,8,9,2,0.00288
33.100,0,33053.000,50571,192000,3999.438,120.0,8,9,2,0.00185
33.100,1,33053.000,50571,192000,3999.438,120.0,8,9,2,0.00185
33.100,2,33053.000,50571,192000,3999.438,120.0,8,9,2,0.00185
33.209,0,33162.000,55805,192000,3999.396,120.0,8,9,2,0.00118
33.209,1,33162.000,55805,192000,3999.396,120.0,8,9,2,0.00118
33.209,2,33162.000,55805,192000,3999.396,120.0,8,9,2,0.00118
33.319,0,33272.000,61081,192000,3999.479,120.0,8,9,2,0.00075
33.319,1,33272.000,61081,192000,3999.479,120.0,8,9,2,0.00074
33.319,2,33272.000,61081,192000,3999.479,120.0,8,9,2,0.00075
33.424,0,33377.000,66140,192000,3999.083,120.0,8,9,2,0.00048
33.424,1,33377.000,66140,192000,3999.083,120.0,8,9,2,0.00048
33.424,2,33377.000,66140,192000,3999.083,120.0,8,9,2,0.00048
33.532,0,33485.000,71314,192000,3999.292,120.0,8,9,2,0.00031
33.532,1,33485.000,71314,192000,3999.292,120.0,8,9,2,0.00031
33.532,2,33485.000,71314,192000,3999.292,120.0,8,9,2,0.00031
33.633,0,33587.000,76196,192000,3999.583,120.0,8,9,2,0.00020
33.633,1,33587.000,76196,192000,3999.583,120.0,8,9,2,0.00020
33.633,2,33587.000,76196,192000,3999.583,120.0,8,9,2,0.00020
33.743,0,33697.000,81456,192000,0.000,120.0,8,9,2,0.00013
33.743,1,33697.000,81456,192000,0.000,120.0,8,9,2,0.00013
33.743,2,33697.000,81456,192000,0.000,120.0,8,9,2,0.00013
33.851,0,33804.000,86639,192000,3999.021,120.0,8,9,2,0.00008
33.851,1,33804.000,86639,192000,3999.021,120.0,8,9,2,0.00008
33.851,2,33804.000,86639,192000,3999.021,120.0,8,9,2,0.00008
33.953,0,33907.000,91540,192000,3999.917,120.0,8,9,2,0.00005
33.953,1,33907.000,91540,192000,3999.917,120.0,8,9,2,0.00005
33.953,2,33907.000,91540,192000,3999.917,120.0,8,9,2,0.00005
34.058,0,34012.000,96587,192000,3999.771,120.0,8,9,2,0.00003
34.058,1,34012.000,96587,192000,3999.771,120.0,8,9,2,0.00003
34.058,2,34012.000,96587,192000,3999.771,120.0,8,9,2,0.00003
34.166,0,34120.000,101778,192000,3999.625,120.0,8,9,2,0.00002
34.166,1,34120.000,101778,192000,3999.625,120.0,8,9,2,0.00002
34.166,2,34120.000,101778,192000,3999.625,120.0,8,9,2,0.00002
34.272,0,34226.000,106866,192000,3999.625,120.0,8,9,2,0.00001
34.272,1,34226.000,106866,192000,3999.625,120.0,8,9,2,0.00001
34.272,2,34226.000,106866,192000,3999.625,120.0,8,9,2,0.00001
34.381,0,34335.000,112084,192000,3999.917,120.0,8,9,2,0.00001
34.381,1,34335.000,112084,192000,3999.917,120.0,8,9,2,0.00001
34.381,2,34335.000,112084,192000,3999.917,120.0,8,9,2,0.00001
34.486,0,34439.000,117104,192000,3999.333,120.0,8,9,2,0.00001
34.486,1,34439.000,117104,192000,3999.333,120.0,8,9,2,0.00001
34.486,2,34439.000,117104,192000,3999.333,120.0,8,9,2,0.00001
34.592,0,34546.000,122210,192000,3999.958,120.0,8,9,2,0.00000
34.592,1,34546.000,122210,192000,3999.958,120.0,8,9,2,0.00000
34.592,2,34546.000,122210,192000,3999.958,120.0,8,9,2,0.00000
34.692,0,34646.000,127011,192000,3999.938,120.0,8,9,2,0.00000
34.692,1,34646.000,127011,192000,3999.938,120.0,8,9,2,0.00000
34.692,2,34646.000,127011,192000,3999.938,120.0,8,9,2,0.00000
34.794,0,34748.000,131913,192000,3999.812,120.0,8,9,2,0.00000
34.794,1,34748.000,131913,192000,3999.812,120.0,8,9,2,0.00000
34.794,2,34748.000,131913,192000,3999.812,120.0,8,9,2,0.00000
34.897,0,34851.000,136858,192000,3999.792,120.0,8,9,2,0.00000
34.897,1,34851.000,136858,192000,3999.792,120.0,8,9,2,0.00000
34.897,2,34851.000,136858,192000,3999.792,120.0,8,9,2,0.00000
35.006,0,34959.000,142078,192000,3999.042,120.0,8,9,2,0.00000
35.006,1,34959.000,142078,192000,3999.042,120.0,8,9,2,0.00000
35.006,2,34959.000,142078,192000,3999.042,120.0,8,9,2,0.00000
35.109,0,35062.000,147017,192000,3999.146,120.0,8,9,2,0.00000
35.109,1,35062.000,147017,192000,3999.146,120.0,8,9,2,0.00000
35.109,2,35062.000,147017,192000,3999.146,120.0,8,9,2,0.00000
35.212,0,35165.000,151958,192000,3999.208,120.0,8,9,2,0.00000
35.212,1,35165.000,151958,192000,3999.208,120.0,8,9,2,0.00000
35.212,2,35165.000,151958,192000,3999.208,120.0,8,9,2,0.00000
35.314,0,35268.000,156866,192000,3999.958,120.0,8,9,2,0.00000
35.314,1,35268.000,156866,192000,3999.958,120.0,8,9,2,0.00000
35.314,2,35268.000,156866,192000,3999.958,120.0,8,9,2,0.00000
35.417,0,35370.000,161797,192000,3999.229,120.0,8,9,2,0.00000
35.417,1,35370.000,161797,192000,3999.229,120.0,8,9,2,0.00000
35.417,2,35370.000,161797,192000,3999.229,120.0,8,9,2,0.00000
35.522,0,35475.000,166835,192000,3999.271,120.0,8,9,2,0.00000
35.522,1,35475.000,166835,192000,3999.271,120.0,8,9,2,0.00000
35.522,2,35475.000,166835,192000,3999.271,120.0,8,9,2,0.00000
35.631,0,35585.000,172084,192000,3999.917,120.0,8,9,2,0.00000
35.631,1,35585.000,172084,192000,3999.917,120.0,8,9,2,0.00000
35.631,2,35585.000,172084,192000,3999.917,120.0,8,9,2,0.00000
35.738,0,35691.000,177203,192000,3999.271,120.0,8,9,2,0.00000
35.738,1,35691.000,177203,192000,3999.271,120.0,8,9,2,0.00000
35.738,2,35691.000,177203,192000,3999.271,120.0,8,9,2,0.00000
35.845,0,35799.000,182370,192000,3999.625,120.0,8,9,2,0.00000
35.845,1,35799.000,182370,192000,3999.625,120.0,8,9,2,0.00000
35.845,2,35799.000,182370,192000,3999.625,120.0,8,9,2,0.00000
35.949,0,35903.000,187365,192000,3999.562,120.0,8,9,2,0.00000
35.949,1,35903.000,187365,192000,3999.562,120.0,8,9,2,0.00000
35.949,2,35903.000,187365,192000,3999.562,120.0,8,9,2,0.00000
36.059,0,36012.000,617,192000,3999.146,120.0,8,10,2,0.00000
36.059,1,36012.000,617,192000,3999.146,120.0,8,10,2,0.00000
36.059,2,36012.000,617,192000,3999.146,120.0,8,10,2,0.00000
36.159,0,36112.000,5418,192000,3999.125,120.0,8,10,2,0.00000
36.159,1,36112.000,5418,192000,3999.125,120.0,8,10,2,0.00000
36.159,2,36112.000,5418,192000,3999.125,120.0,8,10,2,0.00000
36.266,0,36220.000,10569,192000,3999.812,120.0,8,10,2,0.00000
36.266,1,36220.000,10569,192000,3999.812,120.0,8,10,2,0.00000
36.266,2,36220.000,10569,192000,3999.812,120.0,8,10,2,0.00000
36.369,0,36323.000,15514,192000,3999.792,120.0,8,10,2,0.00000
36.369,1,36323.000,15514,192000,3999.792,120.0,8,10,2,0.00000
36.369,2,36323.000,15514,192000,3999.792,120.0,8,10,2,0.00000
36.470,0,36424.000,20356,192000,3999.917,120.0,8,10,2,0.00000
36.470,1,36424.000,20356,192000,3999.917,120.0,8,10,2,0.00000
36.470,2,36424.000,20356,192000,3999.917,120.0,8,10,2,0.00000
36.570,0,36524.000,25166,192000,3999.708,120.0,8,10,2,0.00000
36.570,1,36524.000,25166,192000,3999.708,120.0,8,10,2,0.00000
36.570,2,36524.000,25166,192000,3999.708,120.0,8,10,2,0.00000
36.673,0,36626.000,30091,192000,3999.104,120.0,8,10,2,0.00000
36.673,1,36626.000,30091,192000,3999.104,120.0,8,10,2,0.00000
36.673,2,36626.000,30091,192000,3999.104,120.0,8,10,2,0.00000
36.777,0,36731.000,35102,192000,3999.708,120.0,8,10,2,0.00000
36.777,1,36731.000,35102,192000,3999.708,120.0,8,10,2,0.00000
36.777,2,36731.000,35102,192000,3999.708,120.0,8,10,2,0.00000
36.883,0,36837.000,40196,192000,3999.583,120.0,8,10,2,0.00000
36.883,1,36837.000,40196,192000,3999.583,120.0,8,10,2,0.00000
36.883,2,36837.000,40196,192000,3999.583,120.0,8,10,2,0.00000
36.988,0,36941.000,45207,192000,3999.188,120.0,8,10,2,0.00000
36.988,1,36941.000,45207,192000,3999.188,120.0,8,10,2,0.00000
36.988,2,36941.000,45207,192000,3999.188,120.0,8,10,2,0.00000
37.095,0,37049.000,50357,192000,3999.896,120.0,8,10,2,0.00000
37.095,1,37049.000,50357,192000,3999.896,120.0,8,10,2,0.00000
37.095,2,37049.000,50357,192000,3999.896,120.0,8,10,2,0.00000
37.197,0,37151.000,55268,192000,3999.583,120.0,8,10,2,0.00000
37.197,1,37151.000,55268,192000,3999.583,120.0,8,10,2,0.00000
37.197,2,37151.000,55268,192000,3999.583,120.0,8,10,2,0.00000
37.298,0,37252.000,60105,192000,3999.812,120.0,8,10,2,0.00000
37.298,1,37252.000,60105,192000,3999.812,120.0,8,10,2,0.00000
37.298,2,37252.000,60105,192000,3999.812,120.0,8,10,2,0.00000
37.403,0,37356.000,65130,192000,3999.125,120.0,8,10,2,0.00000
37.403,1,37356.000,65130,192000,3999.125,120.0,8,10,2,0.00000
37.403,2,37356.000,65130,192000,3999.125,120.0,8,10,2,0.00000
37.506,0,37459.000,70058,192000,3999.458,120.0,8,10,2,0.00000
37.506,1,37459.000,70058,192000,3999.458,120.0,8,10,2,0.00000
37.506,2,37459.000,70058,192000,3999.458,120.0,8,10,2,0.00000
37.608,0,37562.000,74991,192000,3999.688,120.0,8,10,2,0.00000
37.608,1,37562.000,74991,192000,3999.688,120.0,8,10,2,0.00000
37.608,2,37562.000,74991,192000,3999.688,120.0,8,10,2,0.00000
37.712,0,37665.000,79946,192000,3999.458,120.0,8,10,2,0.00000
37.712,1,37665.000,79946,192000,3999.458,120.0,8,10,2,0.00000
37.712,2,37665.000,79946,192000,3999.458,120.0,8,10,2,0.00000
37.814,0,37767.000,84863,192000,3999.021,120.0,8,10,2,0.00000
37.814,1,37767.000,84863,192000,3999.021,120.0,8,10,2,0.00000
37.814,2,37767.000,84863,192000,3999.021,120.0,8,10,2,0.00000
37.918,0,37871.000,89833,192000,3999.479,120.0,8,10,2,0.00000
37.918,1,37871.000,89833,192000,3999.479,120.0,8,10,2,0.00000
37.918,2,37871.000,89833,192000,3999.479,120.0,8,10,2,0.00000
38.018,0,37971.000,94634,192000,3999.458,120.0,8,10,2,0.00000
38.018,1,37971.000,94634,192000,3999.458,120.0,8,10,2,0.00000
38.018,2,37971.000,94634,192000,3999.458,120.0,8,10,2,0.00000
38.120,0,38073.000,99540,192000,3999.250,120.0,8,10,2,0.00000
38.120,1,38073.000,99540,192000,3999.250,120.0,8,10,2,0.00000
38.120,2,38073.000,99540,192000,3999.250,120.0,8,10,2,0.00000
38.225,0,38179.000,104604,192000,3999.750,120.0,8,10,2,0.00000
38.225,1,38179.000,104604,192000,3999.750,120.0,8,10,2,0.00000
38.225,2,38179.000,104604,192000,3999.750,120.0,8,10,2,0.00000
38.327,0,38281.000,109495,192000,3999.854,120.0,8,10,2,0.00000
38.327,1,38281.000,109495,192000,3999.854,120.0,8,10,2,0.00000
38.327,2,38281.000,109495,192000,3999.854,120.0,8,10,2,0.00000
38.428,0,38382.000,114356,192000,3999.583,120.0,8,10,2,0.00000
38.428,1,38382.000,114356,192000,3999.583,120.0,8,10,2,0.00000
38.428,2,38382.000,114356,192000,3999.583,120.0,8,10,2,0.00000
38.539,0,38493.000,119672,192000,3999.833,120.0,8,10,2,0.00000
38.539,1,38493.000,119672,192000,3999.833,120.0,8,10,2,0.00000
38.539,2,38493.000,119672,192000,3999.833,120.0,8,10,2,0.00000
38.646,0,38600.000,124819,192000,3999.604,120.0,8,10,2,0.00000
38.646,1,38600.000,124819,192000,3999.604,120.0,8,10,2,0.00000
38.646,2,38600.000,124819,192000,3999.604,120.0,8,10,2,0.00000
38.756,0,38710.000,130080,192000,0.000,120.0,8,10,2,0.00000
38.756,1,38710.000,130080,192000,0.000,120.0,8,10,2,0.00000
38.756,2,38710.000,130080,192000,0.000,120.0,8,10,2,0.00000
38.858,0,38811.000,134969,192000,3999.146,120.0,8,10,2,0.00000
38.858,1,38811.000,134969,192000,3999.146,120.0,8,10,2,0.00000
38.858,2,38811.000,134969,192000,3999.146,120.0,8,10,2,0.00000
38.960,0,38914.000,139880,192000,3999.833,120.0,8,10,2,0.00000
38.960,1,38914.000,139880,192000,3999.833,120.0,8,10,2,0.00000
38.960,2,38914.000,139880,192000,3999.833,120.0,8,10,2,0.00000
39.065,0,39019.000,144923,192000,3999.771,120.0,8,10,2,0.00000
39.065,1,39019.000,144923,192000,3999.771,120.0,8,10,2,0.00000
39.065,2,39019.000,144923,192000,3999.771,120.0,8,10,2,0.00000
39.174,0,39128.000,150155,192000,3999.771,120.0,8,10,2,0.00000
39.174,1,39128.000,150155,192000,3999.771,120.0,8,10,2,0.00000
39.174,2,39128.000,150155,192000,3999.771,120.0,8,10,2,0.00000
39.281,0,39235.000,155293,192000,3999.729,120.0,8,10,2,0.00000
39.281,1,39235.000,155293,192000,3999.729,120.0,8,10,2,0.00000
39.281,2,39235.000,155293,192000,3999.729,120.0,8,10,2,0.00000
39.382,0,39336.000,160147,192000,3999.604,120.0,8,10,2,0.00000
39.382,1,39336.000,160147,192000,3999.604,120.0,8,10,2,0.00000
39.382,2,39336.000,160147,192000,3999.604,120.0,8,10,2,0.00000
39.483,0,39437.000,164982,192000,3999.875,120.0,8,10,2,0.00000
39.483,1,39437.000,164982,192000,3999.875,120.0,8,10,2,0.00000
39.483,2,39437.000,164982,192000,3999.875,120.0,8,10,2,0.00000
39.586,0,39540.000,169923,192000,3999.938,120.0,8,10,2,0.00000
39.586,1,39540.000,169923,192000,3999.938,120.0,8,10,2,0.00000
39.586,2,39540.000,169923,192000,3999.938,120.0,8,10,2,0.00000
39.687,0,39641.000,174773,192000,3999.896,120.0,8,10,2,0.00000
39.687,1,39641.000,174773,192000,3999.896,120.0,8,10,2,0.00000
39.687,2,39641.000,174773,192000,3999.896,120.0,8,10,2,0.00000
39.790,0,39744.000,179719,192000,3999.854,120.0,8,10,2,0.00000
39.790,1,39744.000,179719,192000,3999.854,120.0,8,10,2,0.00000
39.790,2,39744.000,179719,192000,3999.854,120.0,8,10,2,0.00000
39.895,0,39848.000,184750,192000,3999.042,120.0,8,10,2,0.00000
39.895,1,39848.000,184750,192000,3999.042,120.0,8,10,2,0.00000
39.895,2,39848.000,184750,192000,3999.042,120.0,8,10,2,0.00000
40.003,0,39957.000,189943,192000,3999.854,120.0,8,10,2,0.00000
40.003,1,39957.000,189943,192000,3999.854,120.0,8,10,2,0.00000
40.003,2,39957.000,189943,192000,3999.854,120.0,8,10,2,0.00000
40.113,0,40066.000,3201,192000,3999.312,120.0,8,11,2,0.00000
40.113,1,40066.000,3201,192000,3999.312,120.0,8,11,2,0.00000
40.113,2,40066.000,3201,192000,3999.312,120.0,8,11,2,0.00000
40.220,0,40173.000,8343,192000,3999.188,120.0,8,11,2,0.00000
40.220,1,40173.000,8343,192000,3999.188,120.0,8,11,2,0.00000
40.220,2,40173.000,8343,192000,3999.188,120.0,8,11,2,0.00000
40.326,0,40279.000,13434,192000,3999.125,120.0,8,11,2,0.00000
40.326,1,40279.000,13434,192000,3999.125,120.0,8,11,2,0.00000
40.326,2,40279.000,13434,192000,3999.125,120.0,8,11,2,0.00000
40.432,0,40385.000,18520,192000,3999.167,120.0,8,11,2,0.00000
40.432,1,40385.000,18520,192000,3999.167,120.0,8,11,2,0.00000
40.432,2,40385.000,18520,192000,3999.167,120.0,8,11,2,0.00000
40.541,0,40494.000,23738,192000,3999.458,120.0,8,11,2,0.00000
40.541,1,40494.000,23738,192000,3999.458,120.0,8,11,2,0.00000
40.541,2,40494.000,23738,192000,3999.458,120.0,8,11,2,0.00000
40.645,0,40599.000,28764,192000,3999.750,120.0,8,11,2,0.00000
40.645,1,40599.000,28764,192000,3999.750,120.0,8,11,2,0.00000
40.645,2,40599.000,28764,192000,3999.750,120.0,8,11,2,0.00000
40.746,0,40699.000,33598,192000,3999.042,120.0,8,11,2,0.00000
40.746,1,40699.000,33598,192000,3999.042,120.0,8,11,2,0.00000
40.746,2,40699.000,33598,192000,3999.042,120.0,8,11,2,0.00000
40.846,0,40800.000,38413,192000,3999.729,120.0,8,11,2,0.00000
40.846,1,40800.000,38413,192000,3999.729,120.0,8,11,2,0.00000
40.846,2,40800.000,38413,192000,3999.729,120.0,8,11,2,0.00000
40.954,0,40908.000,43592,192000,3999.833,120.0,8,11,2,0.00000
40.954,1,40908.000,43592,192000,3999.833,120.0,8,11,2,0.00000
40.954,2,40908.000,43592,192000,3999.833,120.0,8,11,2,0.00000
41.063,0,41017.000,48829,192000,3999.729,120.0,8,11,2,0.00000
41.063,1,41017.000,48829,192000,3999.729,120.0,8,11,2,0.00000
41.063,2,41017.000,48829,192000,3999.729,120.0,8,11,2,0.00000
41.173,0,41127.000,54117,192000,3999.562,120.0,8,11,2,0.00000
41.173,1,41127.000,54117,192000,3999.562,120.0,8,11,2,0.00000
41.173,2,41127.000,54117,192000,3999.562,120.0,8,11,2,0.00000
41.279,0,41232.000,59172,192000,3999.250,120.0,8,11,2,0.00000
41.279,1,41232.000,59172,192000,3999.250,120.0,8,11,2,0.00000
41.279,2,41232.000,59172,192000,3999.250,120.0,8,11,2,0.00000
41.389,0,41343.000,64466,192000,3999.958,120.0,8,11,2,0.00000
41.389,1,41343.000,64466,192000,3999.958,120.0,8,11,2,0.00000
41.389,2,41343.000,64466,192000,3999.958,120.0,8,11,2,0.00000
41.495,0,41448.000,69548,192000,3999.083,120.0,8,11,2,0.00000
41.495,1,41448.000,69548,192000,3999.083,120.0,8,11,2,0.00000
41.495,2,41448.000,69548,192000,3999.083,120.0,8,11,2,0.00000
41.603,0,41556.000,74711,192000,3999.521,120.0,8,11,2,0.00000
41.603,1,41556.000,74711,192000,3999.521,120.0,8,11,2,0.00000
41.603,2,41556.000,74711,192000,3999.521,120.0,8,11,2,0.00000
41.703,0,41656.000,79525,192000,3999.229,120.0,8,11,2,0.00000
41.703,1,41656.000,79525,192000,3999.229,120.0,8,11,2,0.00000
41.703,2,41656.000,79525,192000,3999.229,120.0,8,11,2,0.00000
41.811,0,41764.000,84705,192000,3999.312,120.0,8,11,2,0.00000
41.811,1,41764.000,84705,192000,3999.312,120.0,8,11,2,0.00000
41.811,2,41764.000,84705,192000,3999.312,120.0,8,11,2,0.00000
41.916,0,41870.000,89764,192000,3999.917,120.0,8,11,2,0.00000
41.916,1,41870.000,89764,192000,3999.917,120.0,8,11,2,0.00000
41.916,2,41870.000,89764,192000,3999.917,120.0,8,11,2,0.00000
42.020,0,41974.000,94768,192000,3999.667,120.0,8,11,2,0.00000
42.020,1,41974.000,94768,192000,3999.667,120.0,8,11,2,0.00000
42.020,2,41974.000,94768,192000,3999.667,120.0,8,11,2,0.00000
42.123,0,42076.000,99686,192000,3999.208,120.0,8,11,2,0.00000
42.123,1,42076.000,99686,192000,3999.208,120.0,8,11,2,0.00000
42.123,2,42076.000,99686,192000,3999.208,120.0,8,11,2,0.00000
42.225,0,42178.000,104588,192000,3999.083,120.0,8,11,2,0.00000
42.225,1,42178.000,104588,192000,3999.083,120.0,8,11,2,0.00000
42.225,2,42178.000,104588,192000,3999.083,120.0,8,11,2,0.00000
42.330,0,42284.000,109651,192000,3999.604,120.0,8,11,2,0.00000
42.330,1,42284.000,109651,192000,3999.604,120.0,8,11,2,0.00000
42.330,2,42284.000,109651,192000,3999.604,120.0,8,11,2,0.00000
42.442,0,42396.000,115023,192000,3999.688,120.0,8,11,2,0.00000
42.442,1,42396.000,115023,192000,3999.688,120.0,8,11,2,0.00000
42.442,2,42396.000,115023,192000,3999.688,120.0,8,11,2,0.00000
42.552,0,42505.000,120278,192000,3999.208,120.0,8,11,2,0.00000
42.552,1,42505.000,120278,192000,3999.208,120.0,8,11,2,0.00000
42.552,2,42505.000,120278,192000,3999.208,120.0,8,11,2,0.00000
42.662,0,42615.000,125565,192000,3999.062,120.0,8,11,2,0.00000
42.662,1,42615.000,125565,192000,3999.062,120.0,8,11,2,0.00000
42.662,2,42615.000,125565,192000,3999.062,120.0,8,11,2,0.00000
42.770,0,42724.000,130768,192000,3999.667,120.0,8,11,2,0.00000
42.770,1,42724.000,130768,192000,3999.667,120.0,8,11,2,0.00000
42.770,2,42724.000,130768,192000,3999.667,120.0,8,11,2,0.00000
42.873,0,42826.000,135672,192000,3999.500,120.0,8,11,2,0.00000
42.873,1,42826.000,135672,192000,3999.500,120.0,8,11,2,0.00000
42.873,2,42826.000,135672,192000,3999.500,120.0,8,11,2,0.00000
42.977,0,42930.000,140677,192000,3999.229,120.0,8,11,2,0.00000
42.977,1,42930.000,140677,192000,3999.229,120.0,8,11,2,0.00000
42.977,2,42930.000,140677,192000,3999.229,120.0,8,11,2,0.00000
43.082,0,43036.000,145734,192000,3999.875,120.0,8,11,2,0.00000
43.082,1,43036.000,145734,192000,3999.875,120.0,8,11,2,0.00000
43.082,2,43036.000,145734,192000,3999.875,120.0,8,11,2,0.00000
43.186,0,43140.000,150726,192000,3999.875,120.0,8,11,2,0.00000
43.186,1,43140.000,150726,192000,3999.875,120.0,8,11,2,0.00000
43.186,2,43140.000,150726,192000,3999.875,120.0,8,11,2,0.00000
43.286,0,43240.000,155535,192000,3999.688,120.0,8,11,2,0.00000
43.286,1,43240.000,155535,192000,3999.688,120.0,8,11,2,0.00000
43.286,2,43240.000,155535,192000,3999.688,120.0,8,11,2,0.00000
43.388,0,43341.000,160404,192000,3999.250,120.0,8,11,2,0.00000
43.388,1,43341.000,160404,192000,3999.250,120.0,8,11,2,0.00000
43.388,2,43341.000,160404,192000,3999.250,120.0,8,11,2,0.00000
43.499,0,43452.000,165726,192000,3999.375,120.0,8,11,2,0.00000
43.499,1,43452.000,165726,192000,3999.375,120.0,8,11,2,0.00000
43.499,2,43452.000,165726,192000,3999.375,120.0,8,11,2,0.00000
43.605,0,43558.000,170824,192000,3999.167,120.0,8,11,2,0.00000
43.605,1,43558.000,170824,192000,3999.167,120.0,8,11,2,0.00000
43.605,2,43558.000,170824,192000,3999.167,120.0,8,11,2,0.00000
43.713,0,43667.000,176020,192000,3999.917,120.0,8,11,2,0.00000
43.713,1,43667.000,176020,192000,3999.917,120.0,8,11,2,0.00000
43.713,2,43667.000,176020,192000,3999.917,120.0,8,11,2,0.00000
43.813,0,43767.000,180823,192000,3999.854,120.0,8,11,2,0.00000
43.813,1,43767.000,180823,192000,3999.854,120.0,8,11,2,0.00000
43.813,2,43767.000,180823,192000,3999.854,120.0,8,11,2,0.00000
43.917,0,43870.000,185795,192000,3999.271,120.0,8,11,2,0.00000
43.917,1,43870.000,185795,192000,3999.271,120.0,8,11,2,0.00000
43.917,2,43870.000,185795,192000,3999.271,120.0,8,11,2,0.00000
44.023,0,43977.000,190916,192000,3999.583,120.0,8,11,2,0.00000
44.023,1,43977.000,190916,192000,3999.583,120.0,8,11,2,0.00000
44.023,2,43977.000,190916,192000,3999.583,120.0,8,11,2,0.00000
44.125,0,44078.000,3769,192000,3999.479,120.0,8,12,2,0.00000
44.125,1,44078.000,3769,192000,3999.479,120.0,8,12,2,0.10522
44.125,2,44078.000,3769,192000,3999.479,120.0,8,12,2,0.10538
44.228,0,44182.000,8755,192000,3999.604,120.0,8,12,2,0.00000
44.228,1,44182.000,8755,192000,3999.604,120.0,8,12,2,0.06831
44.228,2,44182.000,8755,192000,3999.604,120.0,8,12,2,0.06841
44.329,0,44282.000,13559,192000,3999.521,120.0,8,12,2,0.00000
44.329,1,44282.000,13559,192000,3999.521,120.0,8,12,2,0.04505
44.329,2,44282.000,13559,192000,3999.521,120.0,8,12,2,0.04512
44.437,0,44390.000,18752,192000,3999.333,120.0,8,12,2,0.00000
44.437,1,44390.000,18752,192000,3999.333,120.0,8,12,2,0.02873
44.437,2,44390.000,18752,192000,3999.333,120.0,8,12,2,0.02877
44.537,0,44491.000,23583,192000,3999.688,120.0,8,12,2,0.00000
44.537,1,44491.000,23583,192000,3999.688,120.0,8,12,2,0.01890
44.537,2,44491.000,23583,192000,3999.688,120.0,8,12,2,0.01893
44.646,0,44599.000,28774,192000,3999.542,120.0,8,12,2,0.00000
44.646,1,44599.000,28774,192000,3999.542,120.0,8,12,2,0.01206
44.646,2,44599.000,28774,192000,3999.542,120.0,8,12,2,0.01207
44.752,0,44705.000,33865,192000,3999.479,120.0,8,12,2,0.00000
44.752,1,44705.000,33865,192000,3999.479,120.0,8,12,2,0.00776
44.752,2,44705.000,33865,192000,3999.479,120.0,8,12,2,0.00777
44.861,0,44815.000,39138,192000,3999.625,120.0,8,12,2,0.00000
44.861,1,44815.000,39138,192000,3999.625,120.0,8,12,2,0.00491
44.861,2,44815.000,39138,192000,3999.625,120.0,8,12,2,0.00492
44.972,0,44925.000,44432,192000,3999.333,120.0,8,12,2,0.00000
44.972,1,44925.000,44432,192000,3999.333,120.0,8,12,2,0.00310
44.972,2,44925.000,44432,192000,3999.333,120.0,8,12,2,0.00311
45.079,0,45032.000,49566,192000,3999.375,120.0,8,12,2,0.00000
45.079,1,45032.000,49566,192000,3999.375,120.0,8,12,2,0.00199
45.079,2,45032.000,49566,192000,3999.375,120.0,8,12,2,0.00199
45.189,0,45142.000,54856,192000,3999.167,120.0,8,12,2,0.00000
45.189,1,45142.000,54856,192000,3999.167,120.0,8,12,2,0.00126
45.189,2,45142.000,54856,192000,3999.167,120.0,8,12,2,0.00126
45.290,0,45243.000,59692,192000,3999.417,120.0,8,12,2,0.00000
45.290,1,45243.000,59692,192000,3999.417,120.0,8,12,2,0.00083
45.290,2,45243.000,59692,192000,3999.417,120.0,8,12,2,0.00083
45.394,0,45347.000,64699,192000,3999.104,120.0,8,12,2,0.00000
45.394,1,45347.000,64699,192000,3999.104,120.0,8,12,2,0.00054
45.394,2,45347.000,64699,192000,3999.104,120.0,8,12,2,0.00054
45.496,0,45449.000,69575,192000,3999.521,120.0,8,12,2,0.00000
45.496,1,45449.000,69575,192000,3999.521,120.0,8,12,2,0.00035
45.496,2,45449.000,69575,192000,3999.521,120.0,8,12,2,0.00035
45.603,0,45557.000,74751,192000,3999.688,120.0,8,12,2,0.00000
45.603,1,45557.000,74751,192000,3999.688,120.0,8,12,2,0.00022
45.603,2,45557.000,74751,192000,3999.688,120.0,8,12,2,0.00022
45.714,0,45667.000,80038,192000,3999.542,120.0,8,12,2,0.00000
45.714,1,45667.000,80038,192000,3999.542,120.0,8,12,2,0.00014
45.714,2,45667.000,80038,192000,3999.542,120.0,8,12,2,0.00014
45.815,0,45769.000,84916,192000,3999.917,120.0,8,12,2,0.00000
45.815,1,45769.000,84916,192000,3999.917,120.0,8,12,2,0.00009
45.815,2,45769.000,84916,192000,3999.917,120.0,8,12,2,0.00009
45.925,0,45878.000,90175,192000,3999.354,120.0,8,12,2,0.00000
45.925,1,45878.000,90175,192000,3999.354,120.0,8,12,2,0.00006
45.925,2,45878.000,90175,192000,3999.354,120.0,8,12,2,0.00006
46.030,0,45983.000,95209,192000,3999.479,120.0,8,12,2,0.00000
46.030,1,45983.000,95209,192000,3999.479,120.0,8,12,2,0.00004
46.030,2,45983.000,95209,192000,3999.479,120.0,8,12,2,0.00004
46.131,0,46085.000,100085,192000,3999.896,120.0,8,12,2,0.00000
46.131,1,46085.000,100085,192000,3999.896,120.0,8,12,2,0.00002
46.131,2,46085.000,100085,192000,3999.896,120.0,8,12,2,0.00003
46.238,0,46191.000,105190,192000,3999.542,120.0,8,12,2,0.00000
46.238,1,46191.000,105190,192000,3999.542,120.0,8,12,2,0.00002
46.238,2,46191.000,105190,192000,3999.542,120.0,8,12,2,0.00002
46.343,0,46296.000,110235,192000,3999.438,120.0,8,12,2,0.00000
46.343,1,46296.000,110235,192000,3999.438,120.0,8,12,2,0.00001
46.343,2,46296.000,110235,192000,3999.438,120.0,8,12,2,0.00001
46.451,0,46405.000,115444,192000,3999.917,120.0,8,12,2,0.00000
46.451,1,46405.000,115444,192000,3999.917,120.0,8,12,2,0.00001
46.451,2,46405.000,115444,192000,3999.917,120.0,8,12,2,0.00001
46.556,0,46510.000,120481,192000,3999.979,120.0,8,12,2,0.00000
46.556,1,46510.000,120481,192000,3999.979,120.0,8,12,2,0.00000
46.556,2,46510.000,120481,192000,3999.979,120.0,8,12,2,0.00000
46.662,0,46616.000,125568,192000,0.000,120.0,8,12,2,0.00000
46.662,1,46616.000,125568,192000,0.000,120.0,8,12,2,0.00000
46.662,2,46616.000,125568,192000,0.000,120.0,8,12,2,0.00000
46.770,0,46724.000,130773,192000,3999.562,120.0,8,12,2,0.00000
46.770,1,46724.000,130773,192000,3999.562,120.0,8,12,2,0.00000
46.770,2,46724.000,130773,192000,3999.562,120.0,8,12,2,0.00000
46.873,0,46827.000,135700,192000,3999.917,120.0,8,12,2,0.00000
46.873,1,46827.000,135700,192000,3999.917,120.0,8,12,2,0.00000
46.873,2,46827.000,135700,192000,3999.917,120.0,8,12,2,0.00000
46.981,0,46934.000,140857,192000,3999.479,120.0,8,12,2,0.00000
46.981,1,46934.000,140857,192000,3999.479,120.0,8,12,2,0.00000
46.981,2,46934.000,140857,192000,3999.479,120.0,8,12,2,0.00000
47.092,0,47045.000,146189,192000,3999.396,120.0,8,12,2,0.00000
47.092,1,47045.000,146189,192000,3999.396,120.0,8,12,2,0.00000
47.092,2,47045.000,146189,192000,3999.396,120.0,8,12,2,0.00000
47.194,0,47147.000,151080,192000,3999.500,120.0,8,12,2,0.00000
47.194,1,47147.000,151080,192000,3999.500,120.0,8,12,2,0.00000
47.194,2,47147.000,151080,192000,3999.500,120.0,8,12,2,0.00000
47.296,0,47249.000,155978,192000,3999.458,120.0,8,12,2,0.00000
47.296,1,47249.000,155978,192000,3999.458,120.0,8,12,2,0.00000
47.296,2,47249.000,155978,192000,3999.458,120.0,8,12,2,0.00000
47.397,0,47351.000,160856,192000,3999.833,120.0,8,12,2,0.00000
47.397,1,47351.000,160856,192000,3999.833,120.0,8,12,2,0.00000
47.397,2,47351.000,160856,192000,3999.833,120.0,8,12,2,0.00000
47.505,0,47458.000,166023,192000,3999.188,120.0,8,12,2,0.00000
47.505,1,47458.000,166023,192000,3999.188,120.0,8,12,2,0.00000
47.505,2,47458.000,166023,192000,3999.188,120.0,8,12,2,0.00000
47.608,0,47561.000,170954,192000,3999.458,120.0,8,12,2,0.00000
47.608,1,47561.000,170954,192000,3999.458,120.0,8,12,2,0.00000
47.608,2,47561.000,170954,192000,3999.458,120.0,8,12,2,0.00000
47.718,0,47671.000,176250,192000,3999.125,120.0,8,12,2,0.00000
47.718,1,47671.000,176250,192000,3999.125,120.0,8,12,2,0.00000
47.718,2,47671.000,176250,192000,3999.125,120.0,8,12,2,0.00000
47.820,0,47774.000,181166,192000,3999.708,120.0,8,12,2,0.00000
47.820,1,47774.000,181166,192000,3999.708,120.0,8,12,2,0.00000
47.820,2,47774.000,181166,192000,3999.708,120.0,8,12,2,0.00000
47.921,0,47875.000,186007,192000,3999.854,120.0,8,12,2,0.00000
47.921,1,47875.000,186007,192000,3999.854,120.0,8,12,2,0.00000
47.921,2,47875.000,186007,192000,3999.854,120.0,8,12,2,0.00000
48.029,0,47983.000,191184,192000,0.000,120.0,8,12,2,0.00000
48.029,1,47983.000,191184,192000,0.000,120.0,8,12,2,0.00000
48.029,2,47983.000,191184,192000,0.000,120.0,8,12,2,0.00000
48.131,0,48085.000,4088,192000,3999.833,120.0,8,13,2,0.00000
48.131,1,48085.000,4088,192000,3999.833,120.0,8,13,2,0.00000
48.131,2,48085.000,4088,192000,3999.833,120.0,8,13,2,0.00000
48.235,0,48188.000,9059,192000,3999.271,120.0,8,13,2,0.00000
48.235,1,48188.000,9059,192000,3999.271,120.0,8,13,2,0.00000
48.235,2,48188.000,9059,192000,3999.271,120.0,8,13,2,0.00000
48.346,0,48299.000,14394,192000,3999.125,120.0,8,13,2,0.00000
48.346,1,48299.000,14394,192000,3999.125,120.0,8,13,2,0.00000
48.346,2,48299.000,14394,192000,3999.125,120.0,8,13,2,0.00000
48.451,0,48404.000,19417,192000,3999.479,120.0,8,13,2,0.00000
48.451,1,48404.000,19417,192000,3999.479,120.0,8,13,2,0.00000
48.451,2,48404.000,19417,192000,3999.479,120.0,8,13,2,0.00000
48.554,0,48507.000,24366,192000,3999.375,120.0,8,13,2,0.00000
48.554,1,48507.000,24366,192000,3999.375,120.0,8,13,2,0.00000
48.554,2,48507.000,24366,192000,3999.375,120.0,8,13,2,0.00000
48.659,0,48613.000,29427,192000,3999.938,120.0,8,13,2,0.00000
48.659,1,48613.000,29427,192000,3999.938,120.0,8,13,2,0.00000
48.659,2,48613.000,29427,192000,3999.938,120.0,8,13,2,0.00000
48.769,0,48722.000,34691,192000,3999.271,120.0,8,13,2,0.00000
48.769,1,48722.000,34691,192000,3999.271,120.0,8,13,2,0.00000
48.769,2,48722.000,34691,192000,3999.271,120.0,8,13,2,0.00000
48.873,0,48826.000,39670,192000,3999.542,120.0,8,13,2,0.00000
48.873,1,48826.000,39670,192000,3999.542,120.0,8,13,2,0.00000
48.873,2,48826.000,39670,192000,3999.542,120.0,8,13,2,0.00000
48.979,0,48932.000,44769,192000,3999.312,120.0,8,13,2,0.00000
48.979,1,48932.000,44769,192000,3999.312,120.0,8,13,2,0.00000
48.979,2,48932.000,44769,192000,3999.312,120.0,8,13,2,0.00000
49.087,0,49040.000,49954,192000,3999.292,120.0,8,13,2,0.00000
49.087,1,49040.000,49954,192000,3999.292,120.0,8,13,2,0.00000
49.087,2,49040.000,49954,192000,3999.292,120.0,8,13,2,0.00000
49.189,0,49142.000,54858,192000,3999.125,120.0,8,13,2,0.00000
49.189,1,49142.000,54858,192000,3999.125,120.0,8,13,2,0.00000
49.189,2,49142.000,54858,192000,3999.125,120.0,8,13,2,0.00000
49.301,0,49254.000,60222,192000,3999.375,120.0,8,13,2,0.00000
49.301,1,49254.000,60222,192000,3999.375,120.0,8,13,2,0.00000
49.301,2,49254.000,60222,192000,3999.375,120.0,8,13,2,0.00000
49.406,0,49360.000,65292,192000,3999.750,120.0,8,13,2,0.00000
49.406,1,49360.000,65292,192000,3999.750,120.0,8,13,2,0.00000
49.406,2,49360.000,65292,192000,3999.750,120.0,8,13,2,0.00000
49.510,0,49463.000,70263,192000,3999.188,120.0,8,13,2,0.00000
49.510,1,49463.000,70263,192000,3999.188,120.0,8,13,2,0.00000
49.510,2,49463.000,70263,192000,3999.188,120.0,8,13,2,0.00000
49.614,0,49568.000,75270,192000,3999.875,120.0,8,13,2,0.00000
49.614,1,49568.000,75270,192000,3999.875,120.0,8,13,2,0.00000
49.614,2,49568.000,75270,192000,3999.875,120.0,8,13,2,0.00000
49.721,0,49674.000,80377,192000,3999.479,120.0,8,13,2,0.00000
49.721,1,49674.000,80377,192000,3999.479,120.0,8,13,2,0.00000
49.721,2,49674.000,80377,192000,3999.479,120.0,8,13,2,0.00000
49.830,0,49784.000,85653,192000,3999.562,120.0,8,13,2,0.00000
49.830,1,49784.000,85653,192000,3999.562,120.0,8,13,2,0.00000
49.830,2,49784.000,85653,192000,3999.562,120.0,8,13,2,0.00000
49.939,0,49892.000,90856,192000,3999.167,120.0,8,13,2,0.00000
49.939,1,49892.000,90856,192000,3999.167,120.0,8,13,2,0.00000
49.939,2,49892.000,90856,192000,3999.167,120.0,8,13,2,0.00000
50.039,0,49993.000,95671,192000,3999.854,120.0,8,13,2,0.00000
50.039,1,49993.000,95671,192000,3999.854,120.0,8,13,2,0.00000
50.039,2,49993.000,95671,192000,3999.854,120.0,8,13,2,0.00000
50.141,0,50094.000,100538,192000,3999.458,120.0,8,13,2,0.00000
50.141,1,50094.000,100538,192000,3999.458,120.0,8,13,2,0.00000
50.141,2,50094.000,100538,192000,3999.458,120.0,8,13,2,0.00000
50.242,0,50196.000,105408,192000,0.000,120.0,8,13,2,0.00000
50.242,1,50196.000,105408,192000,0.000,120.0,8,13,2,0.00000
50.242,2,50196.000,105408,192000,0.000,120.0,8,13,2,0.00000
50.343,0,50297.000,110276,192000,3999.583,120.0,8,13,2,0.00000
50.343,1,50297.000,110276,192000,3999.583,120.0,8,13,2,0.00000
50.343,2,50297.000,110276,192000,3999.583,120.0,8,13,2,0.00000
50.447,0,50401.000,115268,192000,3999.583,120.0,8,13,2,0.00000
50.447,1,50401.000,115268,192000,3999.583,120.0,8,13,2,0.00000
50.447,2,50401.000,115268,192000,3999.583,120.0,8,13,2,0.00000
50.552,0,50506.000,120292,192000,3999.917,120.0,8,13,2,0.00000
50.552,1,50506.000,120292,192000,3999.917,120.0,8,13,2,0.00000
50.552,2,50506.000,120292,192000,3999.917,120.0,8,13,2,0.00000
50.660,0,50613.000,125466,192000,3999.125,120.0,8,13,2,0.00000
50.660,1,50613.000,125466,192000,3999.125,120.0,8,13,2,0.00000
50.660,2,50613.000,125466,192000,3999.125,120.0,8,13,2,0.00000
50.767,0,50720.000,130598,192000,3999.208,120.0,8,13,2,0.00000
50.767,1,50720.000,130598,192000,3999.208,120.0,8,13,2,0.00000
50.767,2,50720.000,130598,192000,3999.208,120.0,8,13,2,0.00000
50.871,0,50825.000,135609,192000,3999.812,120.0,8,13,2,0.00000
50.871,1,50825.000,135609,192000,3999.812,120.0,8,13,2,0.00000
50.871,2,50825.000,135609,192000,3999.812,120.0,8,13,2,0.00000
50.983,0,50937.000,140985,192000,3999.812,120.0,8,13,2,0.00000
50.983,1,50937.000,140985,192000,3999.812,120.0,8,13,2,0.00000
50.983,2,50937.000,140985,192000,3999.812,120.0,8,13,2,0.00000
51.091,0,51045.000,146181,192000,3999.562,120.0,8,13,2,0.00000
51.091,1,51045.000,146181,192000,3999.562,120.0,8,13,2,0.00000
51.091,2,51045.000,146181,192000,3999.562,120.0,8,13,2,0.00000
51.197,0,51151.000,151262,192000,3999.708,120.0,8,13,2,0.00000
51.197,1,51151.000,151262,192000,3999.708,120.0,8,13,2,0.00000
51.197,2,51151.000,151262,192000,3999.708,120.0,8,13,2,0.00000
51.301,0,51254.000,156237,192000,3999.062,120.0,8,13,2,0.00000
51.301,1,51254.000,156237,192000,3999.062,120.0,8,13,2,0.00000
51.301,2,51254.000,156237,192000,3999.062,120.0,8,13,2,0.00000
51.409,0,51362.000,161403,192000,3999.438,120.0,8,13,2,0.00000
51.409,1,51362.000,161403,192000,3999.438,120.0,8,13,2,0.00000
51.409,2,51362.000,161403,192000,3999.438,120.0,8,13,2,0.00000
51.520,0,51474.000,166763,192000,3999.771,120.0,8,13,2,0.00000
51.520,1,51474.000,166763,192000,3999.771,120.0,8,13,2,0.00000
51.520,2,51474.000,166763,192000,3999.771,120.0,8,13,2,0.00000
51.622,0,51576.000,171652,192000,3999.917,120.0,8,13,2,0.00000
51.622,1,51576.000,171652,192000,3999.917,120.0,8,13,2,0.00000
51.622,2,51576.000,171652,192000,3999.917,120.0,8,13,2,0.00000
51.731,0,51684.000,176869,192000,3999.229,120.0,8,13,2,0.00000
51.731,1,51684.000,176869,192000,3999.229,120.0,8,13,2,0.00000
51.731,2,51684.000,176869,192000,3999.229,120.0,8,13,2,0.00000
51.832,0,51786.000,181737,192000,3999.812,120.0,8,13,2,0.00000
51.832,1,51786.000,181737,192000,3999.812,120.0,8,13,2,0.00000
51.832,2,51786.000,181737,192000,3999.812,120.0,8,13,2,0.00000
51.935,0,51888.000,186648,192000,3999.500,120.0,8,13,2,0.00000
51.935,1,51888.000,186648,192000,3999.500,120.0,8,13,2,0.00000
51.935,2,51888.000,186648,192000,3999.500,120.0,8,13,2,0.00000
52.044,0,51997.000,191890,192000,3999.292,120.0,8,13,2,0.00000
52.044,1,51997.000,191890,192000,3999.292,120.0,8,13,2,0.00000
52.044,2,51997.000,191890,192000,3999.292,120.0,8,13,2,0.00000
52.146,0,52099.000,4789,192000,3999.229,120.0,8,14,2,0.00000
52.146,1,52099.000,4789,192000,3999.229,120.0,8,14,2,0.00000
52.146,2,52099.000,4789,192000,3999.229,120.0,8,14,2,0.00000
52.246,0,52200.000,9615,192000,3999.688,120.0,8,14,2,0.00000
52.246,1,52200.000,9615,192000,3999.688,120.0,8,14,2,0.00000
52.246,2,52200.000,9615,192000,3999.688,120.0,8,14,2,0.00000
52.349,0,52302.000,14528,192000,3999.333,120.0,8,14,2,0.00000
52.349,1,52302.000,14528,192000,3999.333,120.0,8,14,2,0.00000
52.349,2,52302.000,14528,192000,3999.333,120.0,8,14,2,0.00000
52.456,0,52410.000,19687,192000,3999.854,120.0,8,14,2,0.00000
52.456,1,52410.000,19687,192000,3999.854,120.0,8,14,2,0.00000
52.456,2,52410.000,19687,192000,3999.854,120.0,8,14,2,0.00000
52.562,0,52516.000,24787,192000,3999.604,120.0,8,14,2,0.00000
52.562,1,52516.000,24787,192000,3999.604,120.0,8,14,2,0.00000
52.562,2,52516.000,24787,192000,3999.604,120.0,8,14,2,0.00000
52.667,0,52620.000,29796,192000,3999.250,120.0,8,14,2,0.00000
52.667,1,52620.000,29796,192000,3999.250,120.0,8,14,2,0.00000
52.667,2,52620.000,29796,192000,3999.250,120.0,8,14,2,0.00000
52.772,0,52726.000,34863,192000,3999.688,120.0,8,14,2,0.00000
52.772,1,52726.000,34863,192000,3999.688,120.0,8,14,2,0.00000
52.772,2,52726.000,34863,192000,3999.688,120.0,8,14,2,0.00000
52.881,0,52835.000,40089,192000,3999.812,120.0,8,14,2,0.00000
52.881,1,52835.000,40089,192000,3999.812,120.0,8,14,2,0.00000
52.881,2,52835.000,40089,192000,3999.812,120.0,8,14,2,0.00000
52.982,0,52935.000,44905,192000,3999.479,120.0,8,14,2,0.00000
52.982,1,52935.000,44905,192000,3999.479,120.0,8,14,2,0.00000
52.982,2,52935.000,44905,192000,3999.479,120.0,8,14,2,0.00000
53.087,0,53040.000,49961,192000,3999.146,120.0,8,14,2,0.00000
53.087,1,53040.000,49961,192000,3999.146,120.0,8,14,2,0.00000
53.087,2,53040.000,49961,192000,3999.146,120.0,8,14,2,0.00000
53.192,0,53146.000,55010,192000,3999.958,120.0,8,14,2,0.00000
53.192,1,53146.000,55010,192000,3999.958,120.0,8,14,2,0.00000
53.192,2,53146.000,55010,192000,3999.958,120.0,8,14,2,0.00000
53.297,0,53250.000,60028,192000,3999.417,120.0,8,14,2,0.00000
53.297,1,53250.000,60028,192000,3999.417,120.0,8,14,2,0.00000
53.297,2,53250.000,60028,192000,3999.417,120.0,8,14,2,0.00000
53.401,0,53354.000,65032,192000,3999.167,120.0,8,14,2,0.00000
53.401,1,53354.000,65032,192000,3999.167,120.0,8,14,2,0.00000
53.401,2,53354.000,65032,192000,3999.167,120.0,8,14,2,0.00000
53.502,0,53456.000,69903,192000,3999.688,120.0,8,14,2,0.00000
53.502,1,53456.000,69903,192000,3999.688,120.0,8,14,2,0.00000
53.502,2,53456.000,69903,192000,3999.688,120.0,8,14,2,0.00000
53.604,0,53558.000,74794,192000,3999.792,120.0,8,14,2,0.00000
53.604,1,53558.000,74794,192000,3999.792,120.0,8,14,2,0.00000
53.604,2,53558.000,74794,192000,3999.792,120.0,8,14,2,0.00000
53.714,0,53667.000,80061,192000,3999.062,120.0,8,14,2,0.00000
53.714,1,53667.000,80061,192000,3999.062,120.0,8,14,2,0.00000
53.714,2,53667.000,80061,192000,3999.062,120.0,8,14,2,0.00000
53.815,0,53768.000,84895,192000,3999.354,120.0,8,14,2,0.00000
53.815,1,53768.000,84895,192000,3999.354,120.0,8,14,2,0.00000
53.815,2,53768.000,84895,192000,3999.354,120.0,8,14,2,0.00000
53.917,0,53871.000,89814,192000,3999.875,120.0,8,14,2,0.00000
53.917,1,53871.000,89814,192000,3999.875,120.0,8,14,2,0.00000
53.917,2,53871.000,89814,192000,3999.875,120.0,8,14,2,0.00000
54.025,0,53979.000,95006,192000,3999.708,120.0,8,14,2,0.00000
54.025,1,53979.000,95006,192000,3999.708,120.0,8,14,2,0.00000
54.025,2,53979.000,95006,192000,3999.708,120.0,8,14,2,0.00000
54.127,0,54080.000,99876,192000,3999.250,120.0,8,14,2,0.00000
54.127,1,54080.000,99876,192000,3999.250,120.0,8,14,2,0.00000
54.127,2,54080.000,99876,192000,3999.250,120.0,8,14,2,0.00000
54.229,0,54182.000,104783,192000,3999.021,120.0,8,14,2,0.00000
54.229,1,54182.000,104783,192000,3999.021,120.0,8,14,2,0.00000
54.229,2,54182.000,104783,192000,3999.021,120.0,8,14,2,0.00000
54.338,0,54291.000,110008,192000,3999.167,120.0,8,14,2,0.00000
54.338,1,54291.000,110008,192000,3999.167,120.0,8,14,2,0.00000
54.338,2,54291.000,110008,192000,3999.167,120.0,8,14,2,0.00000
54.440,0,54393.000,114903,192000,3999.188,120.0,8,14,2,0.00000
54.440,1,54393.000,114903,192000,3999.188,120.0,8,14,2,0.00000
54.440,2,54393.000,114903,192000,3999.188,120.0,8,14,2,0.00000
54.550,0,54503.000,120173,192000,3999.396,120.0,8,14,2,0.00000
54.550,1,54503.000,120173,192000,3999.396,120.0,8,14,2,0.00000
54.550,2,54503.000,120173,192000,3999.396,120.0,8,14,2,0.00000
54.656,0,54609.000,125262,192000,3999.375,120.0,8,14,2,0.00000
54.656,1,54609.000,125262,192000,3999.375,120.0,8,14,2,0.00000
54.656,2,54609.000,125262,192000,3999.375,120.0,8,14,2,0.00000
54.762,0,54715.000,130366,192000,3999.042,120.0,8,14,2,0.00000
54.762,1,54715.000,130366,192000,3999.042,120.0,8,14,2,0.00000
54.762,2,54715.000,130366,192000,3999.042,120.0,8,14,2,0.00000
54.866,0,54819.000,135335,192000,3999.521,120.0,8,14,2,0.00000
54.866,1,54819.000,135335,192000,3999.521,120.0,8,14,2,0.00000
54.866,2,54819.000,135335,192000,3999.521,120.0,8,14,2,0.00000
54.970,0,54923.000,140337,192000,3999.312,120.0,8,14,2,0.00000
54.970,1,54923.000,140337,192000,3999.312,120.0,8,14,2,0.00000
54.970,2,54923.000,140337,192000,3999.312,120.0,8,14,2,0.00000
55.075,0,55029.000,145393,192000,3999.979,120.0,8,14,2,0.00000
55.075,1,55029.000,145393,192000,3999.979,120.0,8,14,2,0.00000
55.075,2,55029.000,145393,192000,3999.979,120.0,8,14,2,0.00000
55.178,0,55132.000,150342,192000,3999.875,120.0,8,14,2,0.00000
55.178,1,55132.000,150342,192000,3999.875,120.0,8,14,2,0.00000
55.178,2,55132.000,150342,192000,3999.875,120.0,8,14,2,0.00000
55.284,0,55237.000,155420,192000,3999.083,120.0,8,14,2,0.00000
55.284,1,55237.000,155420,192000,3999.083,120.0,8,14,2,0.00000
55.284,2,55237.000,155420,192000,3999.083,120.0,8,14,2,0.00000
55.395,0,55348.000,160743,192000,3999.188,120.0,8,14,2,0.00000
55.395,1,55348.000,160743,192000,3999.188,120.0,8,14,2,0.00000
55.395,2,55348.000,160743,192000,3999.188,120.0,8,14,2,0.00000
55.495,0,55448.000,165551,192000,3999.021,120.0,8,14,2,0.00000
55.495,1,55448.000,165551,192000,3999.021,120.0,8,14,2,0.00000
55.495,2,55448.000,165551,192000,3999.021,120.0,8,14,2,0.00000
55.595,0,55549.000,170359,192000,3999.854,120.0,8,14,2,0.00000
55.595,1,55549.000,170359,192000,3999.854,120.0,8,14,2,0.00000
55.595,2,55549.000,170359,192000,3999.854,120.0,8,14,2,0.00000
55.705,0,55658.000,175612,192000,3999.417,120.0,8,14,2,0.00000
55.705,1,55658.000,175612,192000,3999.417,120.0,8,14,2,0.00000
55.705,2,55658.000,175612,192000,3999.417,120.0,8,14,2,0.00000
55.813,0,55766.000,180804,192000,3999.250,120.0,8,14,2,0.00000
55.813,1,55766.000,180804,192000,3999.250,120.0,8,14,2,0.00000
55.813,2,55766.000,180804,192000,3999.250,120.0,8,14,2,0.00000
55.916,0,55869.000,185755,192000,3999.104,120.0,8,14,2,0.00000
55.916,1,55869.000,185755,192000,3999.104,120.0,8,14,2,0.00000
55.916,2,55869.000,185755,192000,3999.104,120.0,8,14,2,0.00000
56.017,0,55970.000,190605,192000,3999.062,120.0,8,14,2,0.00000
56.017,1,55970.000,190605,192000,3999.062,120.0,8,14,2,0.00000
56.017,2,55970.000,190605,192000,3999.062,120.0,8,14,2,0.00000
56.125,0,56079.000,3804,192000,3999.750,120.0,8,15,2,0.00000
56.125,1,56079.000,3804,192000,3999.750,120.0,8,15,2,0.10712
56.125,2,56079.000,3804,192000,3999.750,120.0,8,15,2,0.10729
56.231,0,56185.000,8886,192000,3999.875,120.0,8,15,2,0.00000
56.231,1,56185.000,8886,192000,3999.875,120.0,8,15,2,0.06897
56.231,2,56185.000,8886,192000,3999.875,120.0,8,15,2,0.06907
56.337,0,56291.000,13989,192000,3999.562,120.0,8,15,2,0.00000
56.337,1,56291.000,13989,192000,3999.562,120.0,8,15,2,0.04432
56.337,2,56291.000,13989,192000,3999.562,120.0,8,15,2,0.04439
56.445,0,56398.000,19148,192000,3999.083,120.0,8,15,2,0.00000
56.445,1,56398.000,19148,192000,3999.083,120.0,8,15,2,0.02835
56.445,2,56398.000,19148,192000,3999.083,120.0,8,15,2,0.02839
56.549,0,56503.000,24145,192000,3999.979,120.0,8,15,2,0.00000
56.549,1,56503.000,24145,192000,3999.979,120.0,8,15,2,0.01839
56.549,2,56503.000,24145,192000,3999.979,120.0,8,15,2,0.01841
56.652,0,56606.000,29105,192000,3999.646,120.0,8,15,2,0.00000
56.652,1,56606.000,29105,192000,3999.646,120.0,8,15,2,0.01196
56.652,2,56606.000,29105,192000,3999.646,120.0,8,15,2,0.01198
56.754,0,56707.000,33969,192000,3999.312,120.0,8,15,2,0.00000
56.754,1,56707.000,33969,192000,3999.312,120.0,8,15,2,0.00785
56.754,2,56707.000,33969,192000,3999.312,120.0,8,15,2,0.00786
56.862,0,56816.000,39188,192000,3999.583,120.0,8,15,2,0.00000
56.862,1,56816.000,39188,192000,3999.583,120.0,8,15,2,0.00499
56.862,2,56816.000,39188,192000,3999.583,120.0,8,15,2,0.00500
56.962,0,56916.000,43989,192000,3999.562,120.0,8,15,2,0.00000
56.962,1,56916.000,43989,192000,3999.562,120.0,8,15,2,0.00329
56.962,2,56916.000,43989,192000,3999.562,120.0,8,15,2,0.00330
57.066,0,57020.000,48963,192000,3999.938,120.0,8,15,2,0.00000
57.066,1,57020.000,48963,192000,3999.938,120.0,8,15,2,0.00214
57.066,2,57020.000,48963,192000,3999.938,120.0,8,15,2,0.00214
57.171,0,57124.000,53988,192000,3999.250,120.0,8,15,2,0.00000
57.171,1,57124.000,53988,192000,3999.250,120.0,8,15,2,0.00139
57.171,2,57124.000,53988,192000,3999.250,120.0,8,15,2,0.00139
57.279,0,57232.000,59165,192000,3999.396,120.0,8,15,2,0.00000
57.279,1,57232.000,59165,192000,3999.396,120.0,8,15,2,0.00088
57.279,2,57232.000,59165,192000,3999.396,120.0,8,15,2,0.00089
57.383,0,57337.000,64196,192000,3999.583,120.0,8,15,2,0.00000
57.383,1,57337.000,64196,192000,3999.583,120.0,8,15,2,0.00057
57.383,2,57337.000,64196,192000,3999.583,120.0,8,15,2,0.00057
57.491,0,57444.000,69349,192000,3999.229,120.0,8,15,2,0.00000
57.491,1,57444.000,69349,192000,3999.229,120.0,8,15,2,0.00037
57.491,2,57444.000,69349,192000,3999.229,120.0,8,15,2,0.00037
57.593,0,57546.000,74255,192000,3999.021,120.0,8,15,2,0.00000
57.593,1,57546.000,74255,192000,3999.021,120.0,8,15,2,0.00024
57.593,2,57546.000,74255,192000,3999.021,120.0,8,15,2,0.00024
57.695,0,57648.000,79148,192000,3999.083,120.0,8,15,2,0.00000
57.695,1,57648.000,79148,192000,3999.083,120.0,8,15,2,0.00016
57.695,2,57648.000,79148,192000,3999.083,120.0,8,15,2,0.00016
57.797,0,57751.000,84056,192000,3999.833,120.0,8,15,2,0.00000
57.797,1,57751.000,84056,192000,3999.833,120.0,8,15,2,0.00010
57.797,2,57751.000,84056,192000,3999.833,120.0,8,15,2,0.00010
57.899,0,57852.000,88930,192000,3999.292,120.0,8,15,2,0.00000
57.899,1,57852.000,88930,192000,3999.292,120.0,8,15,2,0.00007
57.899,2,57852.000,88930,192000,3999.292,120.0,8,15,2,0.00007
58.004,0,57958.000,93997,192000,3999.729,120.0,8,15,2,0.00000
58.004,1,57958.000,93997,192000,3999.729,120.0,8,15,2,0.00004
58.004,2,57958.000,93997,192000,3999.729,120.0,8,15,2,0.00004
58.109,0,58062.000,99009,192000,3999.312,120.0,8,15,2,0.00000
58.109,1,58062.000,99009,192000,3999.312,120.0,8,15,2,0.00003
58.109,2,58062.000,99009,192000,3999.312,120.0,8,15,2,0.00003
58.210,0,58164.000,103878,192000,3999.875,120.0,8,15,2,0.00000
58.210,1,58164.000,103878,192000,3999.875,120.0,8,15,2,0.00002
58.210,2,58164.000,103878,192000,3999.875,120.0,8,15,2,0.00002
58.320,0,58273.000,109140,192000,3999.250,120.0,8,15,2,0.00000
58.320,1,58273.000,109140,192000,3999.250,120.0,8,15,2,0.00001
58.320,2,58273.000,109140,192000,3999.250,120.0,8,15,2,0.00001
58.427,0,58381.000,114306,192000,3999.625,120.0,8,15,2,0.00000
58.427,1,58381.000,114306,192000,3999.625,120.0,8,15,2,0.00001
58.427,2,58381.000,114306,192000,3999.625,120.0,8,15,2,0.00001
58.527,0,58481.000,119108,192000,3999.583,120.0,8,15,2,0.00000
58.527,1,58481.000,119108,192000,3999.583,120.0,8,15,2,0.00000
58.527,2,58481.000,119108,192000,3999.583,120.0,8,15,2,0.00000
58.628,0,58582.000,123947,192000,3999.771,120.0,8,15,2,0.00000
58.628,1,58582.000,123947,192000,3999.771,120.0,8,15,2,0.00000
58.628,2,58582.000,123947,192000,3999.771,120.0,8,15,2,0.00000
58.734,0,58687.000,129003,192000,3999.438,120.0,8,15,2,0.00000
58.734,1,58687.000,129003,192000,3999.438,120.0,8,15,2,0.00000
58.734,2,58687.000,129003,192000,3999.438,120.0,8,15,2,0.00000
58.839,0,58793.000,134085,192000,3999.562,120.0,8,15,2,0.00000
58.839,1,58793.000,134085,192000,3999.562,120.0,8,15,2,0.00000
58.839,2,58793.000,134085,192000,3999.562,120.0,8,15,2,0.00000
58.943,0,58897.000,139075,192000,3999.604,120.0,8,15,2,0.00000
58.943,1,58897.000,139075,192000,3999.604,120.0,8,15,2,0.00000
58.943,2,58897.000,139075,192000,3999.604,120.0,8,15,2,0.00000
59.049,0,59002.000,144121,192000,3999.479,120.0,8,15,2,0.00000
59.049,1,59002.000,144121,192000,3999.479,120.0,8,15,2,0.00000
59.049,2,59002.000,144121,192000,3999.479,120.0,8,15,2,0.00000
59.152,0,59106.000,149092,192000,3999.917,120.0,8,15,2,0.00000
59.152,1,59106.000,149092,192000,3999.917,120.0,8,15,2,0.00000
59.152,2,59106.000,149092,192000,3999.917,120.0,8,15,2,0.00000
59.253,0,59206.000,153930,192000,3999.125,120.0,8,15,2,0.00000
59.253,1,59206.000,153930,192000,3999.125,120.0,8,15,2,0.00000
59.253,2,59206.000,153930,192000,3999.125,120.0,8,15,2,0.00000
59.357,0,59310.000,158912,192000,3999.333,120.0,8,15,2,0.00000
59.357,1,59310.000,158912,192000,3999.333,120.0,8,15,2,0.00000
59.357,2,59310.000,158912,192000,3999.333,120.0,8,15,2,0.00000
59.467,0,59420.000,164207,192000,3999.021,120.0,8,15,2,0.00000
59.467,1,59420.000,164207,192000,3999.021,120.0,8,15,2,0.00000
59.467,2,59420.000,164207,192000,3999.021,120.0,8,15,2,0.00000
59.568,0,59522.000,169077,192000,3999.562,120.0,8,15,2,0.00000
59.568,1,59522.000,169077,192000,3999.562,120.0,8,15,2,0.00000
59.568,2,59522.000,169077,192000,3999.562,120.0,8,15,2,0.00000
59.673,0,59627.000,174109,192000,3999.729,120.0,8,15,2,0.00000
59.673,1,59627.000,174109,192000,3999.729,120.0,8,15,2,0.00000
59.673,2,59627.000,174109,192000,3999.729,120.0,8,15,2,0.00000
59.781,0,59734.000,179258,192000,3999.458,120.0,8,15,2,0.00000
59.781,1,59734.000,179258,192000,3999.458,120.0,8,15,2,0.00000
59.781,2,59734.000,179258,192000,3999.458,120.0,8,15,2,0.00000
59.884,0,59837.000,184197,192000,3999.562,120.0,8,15,2,0.00000
59.884,1,59837.000,184197,192000,3999.562,120.0,8,15,2,0.00000
59.884,2,59837.000,184197,192000,3999.562,120.0,8,15,2,0.00000
59.986,0,59940.000,189123,192000,3999.938,120.0,8,15,2,0.00000
59.986,1,59940.000,189123,192000,3999.938,120.0,8,15,2,0.00000
59.986,2,59940.000,189123,192000,3999.938,120.0,8,15,2,0.00000
60.100,0,60053.000,2579,192000,3999.271,120.0,8,16,2,0.00000
60.100,1,60053.000,2579,192000,3999.271,120.0,8,16,2,0.00000
60.100,2,60053.000,2579,192000,3999.271,120.0,8,16,2,0.00000
60.204,0,60157.000,7572,192000,3999.250,120.0,8,16,2,0.00000
60.204,1,60157.000,7572,192000,3999.250,120.0,8,16,2,0.00000
60.204,2,60157.000,7572,192000,3999.250,120.0,8,16,2,0.00000
60.315,0,60268.000,12900,192000,3999.250,120.0,8,16,2,0.00000
60.315,1,60268.000,12900,192000,3999.250,120.0,8,16,2,0.00000
60.315,2,60268.000,12900,192000,3999.250,120.0,8,16,2,0.00000
60.421,0,60374.000,17990,192000,3999.208,120.0,8,16,2,0.00000
60.421,1,60374.000,17990,192000,3999.208,120.0,8,16,2,0.00000
60.421,2,60374.000,17990,192000,3999.208,120.0,8,16,2,0.00000
60.527,0,60480.000,23069,192000,3999.396,120.0,8,16,2,0.00000
60.527,1,60480.000,23069,192000,3999.396,120.0,8,16,2,0.00000
60.527,2,60480.000,23069,192000,3999.396,120.0,8,16,2,0.00000
60.627,0,60581.000,27909,192000,3999.562,120.0,8,16,2,0.00000
60.627,1,60581.000,27909,192000,3999.562,120.0,8,16,2,0.00000
60.627,2,60581.000,27909,192000,3999.562,120.0,8,16,2,0.00000
60.729,0,60683.000,32787,192000,3999.938,120.0,8,16,2,0.00000
60.729,1,60683.000,32787,192000,3999.938,120.0,8,16,2,0.00000
60.729,2,60683.000,32787,192000,3999.938,120.0,8,16,2,0.00000
60.838,0,60792.000,38032,192000,3999.667,120.0,8,16,2,0.00000
60.838,1,60792.000,38032,192000,3999.667,120.0,8,16,2,0.00000
60.838,2,60792.000,38032,192000,3999.667,120.0,8,16,2,0.00000
60.944,0,60898.000,43119,192000,3999.688,120.0,8,16,2,0.00000
60.944,1,60898.000,43119,192000,3999.688,120.0,8,16,2,0.00000
60.944,2,60898.000,43119,192000,3999.688,120.0,8,16,2,0.00000
61.049,0,61003.000,48144,192000,0.000,120.0,8,16,2,0.00000
61.049,1,61003.000,48144,192000,0.000,120.0,8,16,2,0.00000
61.049,2,61003.000,48144,192000,0.000,120.0,8,16,2,0.00000
61.153,0,61106.000,53133,192000,3999.062,120.0,8,16,2,0.00000
61.153,1,61106.000,53133,192000,3999.062,120.0,8,16,2,0.00000
61.153,2,61106.000,53133,192000,3999.062,120.0,8,16,2,0.00000
61.255,0,61208.000,58018,192000,3999.292,120.0,8,16,2,0.00000
61.255,1,61208.000,58018,192000,3999.292,120.0,8,16,2,0.00000
61.255,2,61208.000,58018,192000,3999.292,120.0,8,16,2,0.00000
61.361,0,61315.000,63125,192000,3999.896,120.0,8,16,2,0.00000
61.361,1,61315.000,63125,192000,3999.896,120.0,8,16,2,0.00000
61.361,2,61315.000,63125,192000,3999.896,120.0,8,16,2,0.00000
61.465,0,61418.000,68111,192000,3999.021,120.0,8,16,2,0.00000
61.465,1,61418.000,68111,192000,3999.021,120.0,8,16,2,0.00000
61.465,2,61418.000,68111,192000,3999.021,120.0,8,16,2,0.00000
61.566,0,61519.000,72957,192000,3999.062,120.0,8,16,2,0.00000
61.566,1,61519.000,72957,192000,3999.062,120.0,8,16,2,0.00000
61.566,2,61519.000,72957,192000,3999.062,120.0,8,16,2,0.00000
61.675,0,61629.000,78205,192000,3999.729,120.0,8,16,2,0.00000
61.675,1,61629.000,78205,192000,3999.729,120.0,8,16,2,0.00000
61.675,2,61629.000,78205,192000,3999.729,120.0,8,16,2,0.00000
61.780,0,61734.000,83252,192000,3999.583,120.0,8,16,2,0.00000
61.780,1,61734.000,83252,192000,3999.583,120.0,8,16,2,0.00000
61.780,2,61734.000,83252,192000,3999.583,120.0,8,16,2,0.00000
61.887,0,61840.000,88353,192000,3999.312,120.0,8,16,2,0.00000
61.887,1,61840.000,88353,192000,3999.312,120.0,8,16,2,0.00000
61.887,2,61840.000,88353,192000,3999.312,120.0,8,16,2,0.00000
61.988,0,61942.000,93228,192000,3999.750,120.0,8,16,2,0.00000
61.988,1,61942.000,93228,192000,3999.750,120.0,8,16,2,0.00000
61.988,2,61942.000,93228,192000,3999.750,120.0,8,16,2,0.00000
62.095,0,62048.000,98337,192000,3999.312,120.0,8,16,2,0.00000
62.095,1,62048.000,98337,192000,3999.312,120.0,8,16,2,0.00000
62.095,2,62048.000,98337,192000,3999.312,120.0,8,16,2,0.00000
62.200,0,62153.000,103387,192000,3999.104,120.0,8,16,2,0.00000
62.200,1,62153.000,103387,192000,3999.104,120.0,8,16,2,0.00000
62.200,2,62153.000,103387,192000,3999.104,120.0,8,16,2,0.00000
62.303,0,62257.000,108339,192000,3999.938,120.0,8,16,2,0.00000
62.303,1,62257.000,108339,192000,3999.938,120.0,8,16,2,0.00000
62.303,2,62257.000,108339,192000,3999.938,120.0,8,16,2,0.00000
62.406,0,62360.000,113289,192000,3999.812,120.0,8,16,2,0.00000
62.406,1,62360.000,113289,192000,3999.812,120.0,8,16,2,0.00000
62.406,2,62360.000,113289,192000,3999.812,120.0,8,16,2,0.00000
62.512,0,62466.000,118374,192000,3999.875,120.0,8,16,2,0.00000
62.512,1,62466.000,118374,192000,3999.875,120.0,8,16,2,0.00000
62.512,2,62466.000,118374,192000,3999.875,120.0,8,16,2,0.00000
62.618,0,62571.000,123445,192000,3999.229,120.0,8,16,2,0.00000
62.618,1,62571.000,123445,192000,3999.229,120.0,8,16,2,0.00000
62.618,2,62571.000,123445,192000,3999.229,120.0,8,16,2,0.00000
62.728,0,62681.000,128729,192000,3999.146,120.0,8,16,2,0.00000
62.728,1,62681.000,128729,192000,3999.146,120.0,8,16,2,0.00000
62.728,2,62681.000,128729,192000,3999.146,120.0,8,16,2,0.00000
62.834,0,62788.000,133831,192000,3999.854,120.0,8,16,2,0.00000
62.834,1,62788.000,133831,192000,3999.854,120.0,8,16,2,0.00000
62.834,2,62788.000,133831,192000,3999.854,120.0,8,16,2,0.00000
62.940,0,62893.000,138904,192000,3999.167,120.0,8,16,2,0.00000
62.940,1,62893.000,138904,192000,3999.167,120.0,8,16,2,0.00000
62.940,2,62893.000,138904,192000,3999.167,120.0,8,16,2,0.00000
63.050,0,63004.000,144208,192000,3999.667,120.0,8,16,2,0.00000
63.050,1,63004.000,144208,192000,3999.667,120.0,8,16,2,0.00000
63.050,2,63004.000,144208,192000,3999.667,120.0,8,16,2,0.00000
63.154,0,63108.000,149198,192000,3999.708,120.0,8,16,2,0.00000
63.154,1,63108.000,149198,192000,3999.708,120.0,8,16,2,0.00000
63.154,2,63108.000,149198,192000,3999.708,120.0,8,16,2,0.00000
63.259,0,63212.000,154206,192000,3999.375,120.0,8,16,2,0.00000
63.259,1,63212.000,154206,192000,3999.375,120.0,8,16,2,0.00000
63.259,2,63212.000,154206,192000,3999.375,120.0,8,16,2,0.00000
63.359,0,63312.000,159023,192000,3999.021,120.0,8,16,2,0.00000
63.359,1,63312.000,159023,192000,3999.021,120.0,8,16,2,0.00000
63.359,2,63312.000,159023,192000,3999.021,120.0,8,16,2,0.00000
63.462,0,63415.000,163945,192000,3999.479,120.0,8,16,2,0.00000
63.462,1,63415.000,163945,192000,3999.479,120.0,8,16,2,0.00000
63.462,2,63415.000,163945,192000,3999.479,120.0,8,16,2,0.00000
63.563,0,63516.000,168794,192000,3999.458,120.0,8,16,2,0.00000
63.563,1,63516.000,168794,192000,3999.458,120.0,8,16,2,0.00000
63.563,2,63516.000,168794,192000,3999.458,120.0,8,16,2,0.00000
63.669,0,63623.000,173919,192000,3999.688,120.0,8,16,2,0.00000
63.669,1,63623.000,173919,192000,3999.688,120.0,8,16,2,0.00000
63.669,2,63623.000,173919,192000,3999.688,120.0,8,16,2,0.00000
63.773,0,63726.000,178890,192000,3999.125,120.0,8,16,2,0.00000
63.773,1,63726.000,178890,192000,3999.125,120.0,8,16,2,0.00000
63.773,2,63726.000,178890,192000,3999.125,120.0,8,16,2,0.00000
63.883,0,63837.000,184195,192000,3999.604,120.0,8,16,2,0.00000
63.883,1,63837.000,184195,192000,3999.604,120.0,8,16,2,0.00000
63.883,2,63837.000,184195,192000,3999.604,120.0,8,16,2,0.00000
63.989,0,63943.000,189269,192000,3999.896,120.0,8,16,2,0.00000
63.989,1,63943.000,189269,192000,3999.896,120.0,8,16,2,0.00000
63.989,2,63943.000,189269,192000,3999.896,120.0,8,16,2,0.00000
64.109,0,64062.000,3021,192000,3999.062,120.0,8,17,2,0.00000
64.109,1,64062.000,3021,192000,3999.062,120.0,8,17,2,0.00000
64.109,2,64062.000,3021,192000,3999.062,120.0,8,17,2,0.00000
64.215,0,64169.000,8125,192000,3999.729,120.0,8,17,2,0.00000
64.215,1,64169.000,8125,192000,3999.729,120.0,8,17,2,0.00000
64.215,2,64169.000,8125,192000,3999.729,120.0,8,17,2,0.00000
64.321,0,64274.000,13177,192000,3999.479,120.0,8,17,2,0.00000
64.321,1,64274.000,13177,192000,3999.479,120.0,8,17,2,0.00000
64.321,2,64274.000,13177,192000,3999.479,120.0,8,17,2,0.00000
64.429,0,64383.000,18395,192000,3999.771,120.0,8,17,2,0.00000
64.429,1,64383.000,18395,192000,3999.771,120.0,8,17,2,0.00000
64.429,2,64383.000,18395,192000,3999.771,120.0,8,17,2,0.00000
64.531,0,64484.000,23274,192000,3999.125,120.0,8,17,2,0.00000
64.531,1,64484.000,23274,192000,3999.125,120.0,8,17,2,0.00000
64.531,2,64484.000,23274,192000,3999.125,120.0,8,17,2,0.00000
64.631,0,64585.000,28088,192000,3999.833,120.0,8,17,2,0.00000
64.631,1,64585.000,28088,192000,3999.833,120.0,8,17,2,0.00000
64.631,2,64585.000,28088,192000,3999.833,120.0,8,17,2,0.00000
64.739,0,64692.000,33260,192000,3999.083,120.0,8,17,2,0.00000
64.739,1,64692.000,33260,192000,3999.083,120.0,8,17,2,0.00000
64.739,2,64692.000,33260,192000,3999.083,120.0,8,17,2,0.00000
64.843,0,64796.000,38252,192000,3999.083,120.0,8,17,2,0.00000
64.843,1,64796.000,38252,192000,3999.083,120.0,8,17,2,0.00000
64.843,2,64796.000,38252,192000,3999.083,120.0,8,17,2,0.00000
64.945,0,64899.000,43173,192000,3999.562,120.0,8,17,2,0.00000
64.945,1,64899.000,43173,192000,3999.562,120.0,8,17,2,0.00000
64.945,2,64899.000,43173,192000,3999.562,120.0,8,17,2,0.00000
65.055,0,65009.000,48453,192000,3999.562,120.0,8,17,2,0.00000
65.055,1,65009.000,48453,192000,3999.562,120.0,8,17,2,0.00000
65.055,2,65009.000,48453,192000,3999.562,120.0,8,17,2,0.00000
65.161,0,65115.000,53540,192000,3999.583,120.0,8,17,2,0.00000
65.161,1,65115.000,53540,192000,3999.583,120.0,8,17,2,0.00000
65.161,2,65115.000,53540,192000,3999.583,120.0,8,17,2,0.00000
65.269,0,65223.000,58708,192000,3999.917,120.0,8,17,2,0.00000
65.269,1,65223.000,58708,192000,3999.917,120.0,8,17,2,0.00000
65.269,2,65223.000,58708,192000,3999.917,120.0,8,17,2,0.00000
65.372,0,65325.000,63629,192000,3999.396,120.0,8,17,2,0.00000
65.372,1,65325.000,63629,192000,3999.396,120.0,8,17,2,0.00000
65.372,2,65325.000,63629,192000,3999.396,120.0,8,17,2,0.00000
65.473,0,65426.000,68487,192000,3999.188,120.0,8,17,2,0.00000
65.473,1,65426.000,68487,192000,3999.188,120.0,8,17,2,0.00000
65.473,2,65426.000,68487,192000,3999.188,120.0,8,17,2,0.00000
65.581,0,65534.000,73671,192000,3999.188,120.0,8,17,2,0.00000
65.581,1,65534.000,73671,192000,3999.188,120.0,8,17,2,0.00000
65.581,2,65534.000,73671,192000,3999.188,120.0,8,17,2,0.00000
65.682,0,65636.000,78536,192000,3999.833,120.0,8,17,2,0.00000
65.682,1,65636.000,78536,192000,3999.833,120.0,8,17,2,0.00000
65.682,2,65636.000,78536,192000,3999.833,120.0,8,17,2,0.00000
65.785,0,65739.000,83473,192000,3999.979,120.0,8,17,2,0.00000
65.785,1,65739.000,83473,192000,3999.979,120.0,8,17,2,0.00000
65.785,2,65739.000,83473,192000,3999.979,120.0,8,17,2,0.00000
65.890,0,65843.000,88495,192000,3999.354,120.0,8,17,2,0.00000
65.890,1,65843.000,88495,192000,3999.354,120.0,8,17,2,0.00000
65.890,2,65843.000,88495,192000,3999.354,120.0,8,17,2,0.00000
65.995,0,65949.000,93563,192000,3999.771,120.0,8,17,2,0.00000
65.995,1,65949.000,93563,192000,3999.771,120.0,8,17,2,0.00000
65.995,2,65949.000,93563,192000,3999.771,120.0,8,17,2,0.00000
66.106,0,66059.000,98865,192000,3999.312,120.0,8,17,2,0.00000
66.106,1,66059.000,98865,192000,3999.312,120.0,8,17,2,0.00000
66.106,2,66059.000,98865,192000,3999.312,120.0,8,17,2,0.00000
66.206,0,66160.000,103686,192000,3999.875,120.0,8,17,2,0.00000
66.206,1,66160.000,103686,192000,3999.875,120.0,8,17,2,0.00000
66.206,2,66160.000,103686,192000,3999.875,120.0,8,17,2,0.00000
66.311,0,66264.000,108706,192000,3999.292,120.0,8,17,2,0.00000
66.311,1,66264.000,108706,192000,3999.292,120.0,8,17,2,0.00000
66.311,2,66264.000,108706,192000,3999.292,120.0,8,17,2,0.00000
66.412,0,66365.000,113551,192000,3999.354,120.0,8,17,2,0.00000
66.412,1,66365.000,113551,192000,3999.354,120.0,8,17,2,0.00000
66.412,2,66365.000,113551,192000,3999.354,120.0,8,17,2,0.00000
66.522,0,66476.000,118853,192000,3999.896,120.0,8,17,2,0.00000
66.522,1,66476.000,118853,192000,3999.896,120.0,8,17,2,0.00000
66.522,2,66476.000,118853,192000,3999.896,120.0,8,17,2,0.00000
66.629,0,66582.000,123981,192000,3999.062,120.0,8,17,2,0.00000
66.629,1,66582.000,123981,192000,3999.062,120.0,8,17,2,0.00000
66.629,2,66582.000,123981,192000,3999.062,120.0,8,17,2,0.00000
66.734,0,66688.000,129026,192000,3999.958,120.0,8,17,2,0.00000
66.734,1,66688.000,129026,192000,3999.958,120.0,8,17,2,0.00000
66.734,2,66688.000,129026,192000,3999.958,120.0,8,17,2,0.00000
66.835,0,66788.000,133862,192000,3999.208,120.0,8,17,2,0.00000
66.835,1,66788.000,133862,192000,3999.208,120.0,8,17,2,0.00000
66.835,2,66788.000,133862,192000,3999.208,120.0,8,17,2,0.00000
66.937,0,66891.000,138768,192000,0.000,120.0,8,17,2,0.00000
66.937,1,66891.000,138768,192000,0.000,120.0,8,17,2,0.00000
66.937,2,66891.000,138768,192000,0.000,120.0,8,17,2,0.00000
67.045,0,66999.000,143972,192000,3999.583,120.0,8,17,2,0.00000
67.045,1,66999.000,143972,192000,3999.583,120.0,8,17,2,0.00000
67.045,2,66999.000,143972,192000,3999.583,120.0,8,17,2,0.00000
67.154,0,67108.000,149194,192000,3999.792,120.0,8,17,2,0.00000
67.154,1,67108.000,149194,192000,3999.792,120.0,8,17,2,0.00000
67.154,2,67108.000,149194,192000,3999.792,120.0,8,17,2,0.00000
67.256,0,67209.000,154076,192000,3999.083,120.0,8,17,2,0.00000
67.256,1,67209.000,154076,192000,3999.083,120.0,8,17,2,0.00000
67.256,2,67209.000,154076,192000,3999.083,120.0,8,17,2,0.00000
67.367,0,67321.000,159417,192000,3999.812,120.0,8,17,2,0.00000
67.367,1,67321.000,159417,192000,3999.812,120.0,8,17,2,0.00000
67.367,2,67321.000,159417,192000,3999.812,120.0,8,17,2,0.00000
67.472,0,67425.000,164443,192000,3999.104,120.0,8,17,2,0.00000
67.472,1,67425.000,164443,192000,3999.104,120.0,8,17,2,0.00000
67.472,2,67425.000,164443,192000,3999.104,120.0,8,17,2,0.00000
67.576,0,67529.000,169431,192000,3999.188,120.0,8,17,2,0.00000
67.576,1,67529.000,169431,192000,3999.188,120.0,8,17,2,0.00000
67.576,2,67529.000,169431,192000,3999.188,120.0,8,17,2,0.00000
67.678,0,67632.000,174344,192000,3999.833,120.0,8,17,2,0.00000
67.678,1,67632.000,174344,192000,3999.833,120.0,8,17,2,0.00000
67.678,2,67632.000,174344,192000,3999.833,120.0,8,17,2,0.00000
67.789,0,67742.000,179657,192000,3999.146,120.0,8,17,2,0.00000
67.789,1,67742.000,179657,192000,3999.146,120.0,8,17,2,0.00000
67.789,2,67742.000,179657,192000,3999.146,120.0,8,17,2,0.00000
67.897,0,67850.000,184824,192000,3999.500,120.0,8,17,2,0.00000
67.897,1,67850.000,184824,192000,3999.500,120.0,8,17,2,0.00000
67.897,2,67850.000,184824,192000,3999.500,120.0,8,17,2,0.00000
67.997,0,67951.000,189649,192000,3999.979,120.0,8,17,2,0.00000
67.997,1,67951.000,189649,192000,3999.979,120.0,8,17,2,0.00000
67.997,2,67951.000,189649,192000,3999.979,120.0,8,17,2,0.00000
68.107,0,68060.000,2904,192000,3999.500,120.0,8,18,2,0.11925
68.107,1,68060.000,2904,192000,3999.500,120.0,8,18,2,0.11913
68.107,2,68060.000,2904,192000,3999.500,120.0,8,18,2,0.11925
68.212,0,68166.000,7988,192000,3999.583,120.0,8,18,2,0.07676
68.212,1,68166.000,7988,192000,3999.583,120.0,8,18,2,0.07669
68.212,2,68166.000,7988,192000,3999.583,120.0,8,18,2,0.07676
68.315,0,68269.000,12917,192000,3999.896,120.0,8,18,2,0.05008
68.315,1,68269.000,12917,192000,3999.896,120.0,8,18,2,0.05003
68.315,2,68269.000,12917,192000,3999.896,120.0,8,18,2,0.05008
68.416,0,68370.000,17766,192000,3999.875,120.0,8,18,2,0.03290
68.416,1,68370.000,17766,192000,3999.875,120.0,8,18,2,0.03287
68.416,2,68370.000,17766,192000,3999.875,120.0,8,18,2,0.03290
68.517,0,68470.000,22588,192000,3999.417,120.0,8,18,2,0.02167
68.517,1,68470.000,22588,192000,3999.417,120.0,8,18,2,0.02164
68.517,2,68470.000,22588,192000,3999.417,120.0,8,18,2,0.02167
68.621,0,68575.000,27606,192000,3999.875,120.0,8,18,2,0.01403
68.621,1,68575.000,27606,192000,3999.875,120.0,8,18,2,0.01401
68.621,2,68575.000,27606,192000,3999.875,120.0,8,18,2,0.01403
68.722,0,68676.000,32452,192000,3999.917,120.0,8,18,2,0.00922
68.722,1,68676.000,32452,192000,3999.917,120.0,8,18,2,0.00921
68.722,2,68676.000,32452,192000,3999.917,120.0,8,18,2,0.00922
68.826,0,68780.000,37452,192000,3999.750,120.0,8,18,2,0.00598
68.826,1,68780.000,37452,192000,3999.750,120.0,8,18,2,0.00597
68.826,2,68780.000,37452,192000,3999.750,120.0,8,18,2,0.00598
68.933,0,68886.000,42567,192000,3999.188,120.0,8,18,2,0.00384
68.933,1,68886.000,42567,192000,3999.188,120.0,8,18,2,0.00383
68.933,2,68886.000,42567,192000,3999.188,120.0,8,18,2,0.00384
69.040,0,68993.000,47692,192000,3999.417,120.0,8,18,2,0.00246
69.040,1,68993.000,47692,192000,3999.417,120.0,8,18,2,0.00246
69.040,2,68993.000,47692,192000,3999.417,120.0,8,18,2,0.00246
69.147,0,69101.000,52852,192000,3999.917,120.0,8,18,2,0.00157
69.147,1,69101.000,52852,192000,3999.917,120.0,8,18,2,0.00157
69.147,2,69101.000,52852,192000,3999.917,120.0,8,18,2,0.00157
69.251,0,69204.000,57831,192000,3999.188,120.0,8,18,2,0.00102
69.251,1,69204.000,57831,192000,3999.188,120.0,8,18,2,0.00102
69.251,2,69204.000,57831,192000,3999.188,120.0,8,18,2,0.00102
69.360,0,69314.000,63072,192000,0.000,120.0,8,18,2,0.00065
69.360,1,69314.000,63072,192000,0.000,120.0,8,18,2,0.00065
69.360,2,69314.000,63072,192000,0.000,120.0,8,18,2,0.00065
69.462,0,69415.000,67943,192000,3999.521,120.0,8,18,2,0.00043
69.462,1,69415.000,67943,192000,3999.521,120.0,8,18,2,0.00043
69.462,2,69415.000,67943,192000,3999.521,120.0,8,18,2,0.00043
69.567,0,69520.000,72996,192000,3999.250,120.0,8,18,2,0.00027
69.567,1,69520.000,72996,192000,3999.250,120.0,8,18,2,0.00027
69.567,2,69520.000,72996,192000,3999.250,120.0,8,18,2,0.00027
69.667,0,69620.000,77800,192000,3999.167,120.0,8,18,2,0.00018
69.667,1,69620.000,77800,192000,3999.167,120.0,8,18,2,0.00018
69.667,2,69620.000,77800,192000,3999.167,120.0,8,18,2,0.00018
69.770,0,69723.000,82737,192000,3999.312,120.0,8,18,2,0.00012
69.770,1,69723.000,82737,192000,3999.312,120.0,8,18,2,0.00012
69.770,2,69723.000,82737,192000,3999.312,120.0,8,18,2,0.00012
69.877,0,69831.000,87903,192000,3999.688,120.0,8,18,2,0.00008
69.877,1,69831.000,87903,192000,3999.688,120.0,8,18,2,0.00008
69.877,2,69831.000,87903,192000,3999.688,120.0,8,18,2,0.00008
69.982,0,69936.000,92933,192000,3999.896,120.0,8,18,2,0.00005
69.982,1,69936.000,92933,192000,3999.896,120.0,8,18,2,0.00005
69.982,2,69936.000,92933,192000,3999.896,120.0,8,18,2,0.00005
70.088,0,70042.000,98030,192000,3999.708,120.0,8,18,2,0.00003
70.088,1,70042.000,98030,192000,3999.708,120.0,8,18,2,0.00003
70.088,2,70042.000,98030,192000,3999.708,120.0,8,18,2,0.00003
70.189,0,70142.000,102863,192000,3999.021,120.0,8,18,2,0.00002
70.189,1,70142.000,102863,192000,3999.021,120.0,8,18,2,0.00002
70.189,2,70142.000,102863,192000,3999.021,120.0,8,18,2,0.00002
70.292,0,70245.000,107801,192000,3999.146,120.0,8,18,2,0.00001
70.292,1,70245.000,107801,192000,3999.146,120.0,8,18,2,0.00001
70.292,2,70245.000,107801,192000,3999.146,120.0,8,18,2,0.00001
70.395,0,70348.000,112734,192000,3999.375,120.0,8,18,2,0.00001
70.395,1,70348.000,112734,192000,3999.375,120.0,8,18,2,0.00001
70.395,2,70348.000,112734,192000,3999.375,120.0,8,18,2,0.00001
70.495,0,70448.000,117544,192000,3999.167,120.0,8,18,2,0.00001
70.495,1,70448.000,117544,192000,3999.167,120.0,8,18,2,0.00001
70.495,2,70448.000,117544,192000,3999.167,120.0,8,18,2,0.00001
70.598,0,70551.000,122471,192000,3999.521,120.0,8,18,2,0.00000
70.598,1,70551.000,122471,192000,3999.521,120.0,8,18,2,0.00000
70.598,2,70551.000,122471,192000,3999.521,120.0,8,18,2,0.00000
70.704,0,70658.000,127593,192000,3999.812,120.0,8,18,2,0.00000
70.704,1,70658.000,127593,192000,3999.812,120.0,8,18,2,0.00000
70.704,2,70658.000,127593,192000,3999.812,120.0,8,18,2,0.00000
70.812,0,70766.000,132783,192000,3999.688,120.0,8,18,2,0.00000
70.812,1,70766.000,132783,192000,3999.688,120.0,8,18,2,0.00000
70.812,2,70766.000,132783,192000,3999.688,120.0,8,18,2,0.00000
70.916,0,70869.000,137734,192000,3999.542,120.0,8,18,2,0.00000
70.916,1,70869.000,137734,192000,3999.542,120.0,8,18,2,0.00000
70.916,2,70869.000,137734,192000,3999.542,120.0,8,18,2,0.00000
71.020,0,70973.000,142741,192000,3999.229,120.0,8,18,2,0.00000
71.020,1,70973.000,142741,192000,3999.229,120.0,8,18,2,0.00000
71.020,2,70973.000,142741,192000,3999.229,120.0,8,18,2,0.00000
71.122,0,71075.000,147627,192000,3999.438,120.0,8,18,2,0.00000
71.122,1,71075.000,147627,192000,3999.438,120.0,8,18,2,0.00000
71.122,2,71075.000,147627,192000,3999.438,120.0,8,18,2,0.00000
71.227,0,71180.000,152664,192000,3999.500,120.0,8,18,2,0.00000
71.227,1,71180.000,152664,192000,3999.500,120.0,8,18,2,0.00000
71.227,2,71180.000,152664,192000,3999.500,120.0,8,18,2,0.00000
71.337,0,71290.000,157952,192000,3999.333,120.0,8,18,2,0.00000
71.337,1,71290.000,157952,192000,3999.333,120.0,8,18,2,0.00000
71.337,2,71290.000,157952,192000,3999.333,120.0,8,18,2,0.00000
71.445,0,71398.000,163145,192000,3999.146,120.0,8,18,2,0.00000
71.445,1,71398.000,163145,192000,3999.146,120.0,8,18,2,0.00000
71.445,2,71398.000,163145,192000,3999.146,120.0,8,18,2,0.00000
71.545,0,71499.000,167964,192000,3999.750,120.0,8,18,2,0.00000
71.545,1,71499.000,167964,192000,3999.750,120.0,8,18,2,0.00000
71.545,2,71499.000,167964,192000,3999.750,120.0,8,18,2,0.00000
71.655,0,71608.000,173207,192000,3999.521,120.0,8,18,2,0.00000
71.655,1,71608.000,173207,192000,3999.521,120.0,8,18,2,0.00000
71.655,2,71608.000,173207,192000,3999.521,120.0,8,18,2,0.00000
71.761,0,71715.000,178325,192000,3999.896,120.0,8,18,2,0.00000
71.761,1,71715.000,178325,192000,3999.896,120.0,8,18,2,0.00000
71.761,2,71715.000,178325,192000,3999.896,120.0,8,18,2,0.00000
71.867,0,71821.000,183429,192000,3999.562,120.0,8,18,2,0.00000
71.867,1,71821.000,183429,192000,3999.562,120.0,8,18,2,0.00000
71.867,2,71821.000,183429,192000,3999.562,120.0,8,18,2,0.00000
71.970,0,71924.000,188360,192000,3999.833,120.0,8,18,2,0.00000
71.970,1,71924.000,188360,192000,3999.833,120.0,8,18,2,0.00000
71.970,2,71924.000,188360,192000,3999.833,120.0,8,18,2,0.00000
72.077,0,72030.000,1475,192000,3999.271,120.0,8,19,2,0.00000
72.077,1,72030.000,1475,192000,3999.271,120.0,8,19,2,0.00000
72.077,2,72030.000,1475,192000,3999.271,120.0,8,19,2,0.00000
72.180,0,72133.000,6424,192000,3999.167,120.0,8,19,2,0.00000
72.180,1,72133.000,6424,192000,3999.167,120.0,8,19,2,0.00000
72.180,2,72133.000,6424,192000,3999.167,120.0,8,19,2,0.00000
72.284,0,72238.000,11428,192000,3999.917,120.0,8,19,2,0.00000
72.284,1,72238.000,11428,192000,3999.917,120.0,8,19,2,0.00000
72.284,2,72238.000,11428,192000,3999.917,120.0,8,19,2,0.00000
72.386,0,72339.000,16302,192000,3999.375,120.0,8,19,2,0.00000
72.386,1,72339.000,16302,192000,3999.375,120.0,8,19,2,0.00000
72.386,2,72339.000,16302,192000,3999.375,120.0,8,19,2,0.00000
72.495,0,72449.000,21565,192000,3999.729,120.0,8,19,2,0.00000
72.495,1,72449.000,21565,192000,3999.729,120.0,8,19,2,0.00000
72.495,2,72449.000,21565,192000,3999.729,120.0,8,19,2,0.00000
72.599,0,72552.000,26520,192000,3999.500,120.0,8,19,2,0.00000
72.599,1,72552.000,26520,192000,3999.500,120.0,8,19,2,0.00000
72.599,2,72552.000,26520,192000,3999.500,120.0,8,19,2,0.00000
72.705,0,72659.000,31640,192000,3999.833,120.0,8,19,2,0.00000
72.705,1,72659.000,31640,192000,3999.833,120.0,8,19,2,0.00000
72.705,2,72659.000,31640,192000,3999.833,120.0,8,19,2,0.00000
72.813,0,72766.000,36815,192000,3999.021,120.0,8,19,2,0.00000
72.813,1,72766.000,36815,192000,3999.021,120.0,8,19,2,0.00000
72.813,2,72766.000,36815,192000,3999.021,120.0,8,19,2,0.00000
72.920,0,72873.000,41940,192000,3999.250,120.0,8,19,2,0.00000
72.920,1,72873.000,41940,192000,3999.250,120.0,8,19,2,0.00000
72.920,2,72873.000,41940,192000,3999.250,120.0,8,19,2,0.00000
73.021,0,72975.000,46816,192000,3999.667,120.0,8,19,2,0.00000
73.021,1,72975.000,46816,192000,3999.667,120.0,8,19,2,0.00000
73.021,2,72975.000,46816,192000,3999.667,120.0,8,19,2,0.00000
73.128,0,73082.000,51937,192000,3999.979,120.0,8,19,2,0.00000
73.128,1,73082.000,51937,192000,3999.979,120.0,8,19,2,0.00000
73.128,2,73082.000,51937,192000,3999.979,120.0,8,19,2,0.00000
73.234,0,73187.000,57004,192000,3999.417,120.0,8,19,2,0.00000
73.234,1,73187.000,57004,192000,3999.417,120.0,8,19,2,0.00000
73.234,2,73187.000,57004,192000,3999.417,120.0,8,19,2,0.00000
73.336,0,73289.000,61905,192000,3999.312,120.0,8,19,2,0.00000
73.336,1,73289.000,61905,192000,3999.312,120.0,8,19,2,0.00000
73.336,2,73289.000,61905,192000,3999.312,120.0,8,19,2,0.00000
73.437,0,73390.000,66763,192000,3999.104,120.0,8,19,2,0.00000
73.437,1,73390.000,66763,192000,3999.104,120.0,8,19,2,0.00000
73.437,2,73390.000,66763,192000,3999.104,120.0,8,19,2,0.00000
73.538,0,73491.000,71593,192000,3999.479,120.0,8,19,2,0.00000
73.538,1,73491.000,71593,192000,3999.479,120.0,8,19,2,0.00000
73.538,2,73491.000,71593,192000,3999.479,120.0,8,19,2,0.00000
73.648,0,73602.000,76906,192000,3999.792,120.0,8,19,2,0.00000
73.648,1,73602.000,76906,192000,3999.792,120.0,8,19,2,0.00000
73.648,2,73602.000,76906,192000,3999.792,120.0,8,19,2,0.00000
73.754,0,73707.000,81974,192000,3999.208,120.0,8,19,2,0.00000
73.754,1,73707.000,81974,192000,3999.208,120.0,8,19,2,0.00000
73.754,2,73707.000,81974,192000,3999.208,120.0,8,19,2,0.00000
73.854,0,73808.000,86792,192000,3999.833,120.0,8,19,2,0.00000
73.854,1,73808.000,86792,192000,3999.833,120.0,8,19,2,0.00000
73.854,2,73808.000,86792,192000,3999.833,120.0,8,19,2,0.00000
73.959,0,73912.000,91803,192000,3999.438,120.0,8,19,2,0.00000
73.959,1,73912.000,91803,192000,3999.438,120.0,8,19,2,0.00000
73.959,2,73912.000,91803,192000,3999.438,120.0,8,19,2,0.00000
74.062,0,74015.000,96760,192000,3999.167,120.0,8,19,2,0.00000
74.062,1,74015.000,96760,192000,3999.167,120.0,8,19,2,0.00000
74.062,2,74015.000,96760,192000,3999.167,120.0,8,19,2,0.00000
74.165,0,74119.000,101712,192000,0.000,120.0,8,19,2,0.00000
74.165,1,74119.000,101712,192000,0.000,120.0,8,19,2,0.00000
74.165,2,74119.000,101712,192000,0.000,120.0,8,19,2,0.00000
74.267,0,74220.000,106585,192000,3999.479,120.0,8,19,2,0.00000
74.267,1,74220.000,106585,192000,3999.479,120.0,8,19,2,0.00000
74.267,2,74220.000,106585,192000,3999.479,120.0,8,19,2,0.00000
74.372,0,74325.000,111645,192000,3999.062,120.0,8,19,2,0.00000
74.372,1,74325.000,111645,192000,3999.062,120.0,8,19,2,0.00000
74.372,2,74325.000,111645,192000,3999.062,120.0,8,19,2,0.00000
74.479,0,74433.000,116796,192000,3999.750,120.0,8,19,2,0.00000
74.479,1,74433.000,116796,192000,3999.750,120.0,8,19,2,0.00000
74.479,2,74433.000,116796,192000,3999.750,120.0,8,19,2,0.00000
74.580,0,74534.000,121647,192000,3999.688,120.0,8,19,2,0.00000
74.580,1,74534.000,121647,192000,3999.688,120.0,8,19,2,0.00000
74.580,2,74534.000,121647,192000,3999.688,120.0,8,19,2,0.00000
74.690,0,74644.000,126919,192000,3999.854,120.0,8,19,2,0.00000
74.690,1,74644.000,126919,192000,3999.854,120.0,8,19,2,0.00000
74.690,2,74644.000,126919,192000,3999.854,120.0,8,19,2,0.00000
74.793,0,74746.000,131837,192000,3999.396,120.0,8,19,2,0.00000
74.793,1,74746.000,131837,192000,3999.396,120.0,8,19,2,0.00000
74.793,2,74746.000,131837,192000,3999.396,120.0,8,19,2,0.00000
74.895,0,74848.000,136734,192000,3999.375,120.0,8,19,2,0.00000
74.895,1,74848.000,136734,192000,3999.375,120.0,8,19,2,0.00000
74.895,2,74848.000,136734,192000,3999.375,120.0,8,19,2,0.00000
74.997,0,74951.000,141654,192000,3999.875,120.0,8,19,2,0.00000
74.997,1,74951.000,141654,192000,3999.875,120.0,8,19,2,0.00000
74.997,2,74951.000,141654,192000,3999.875,120.0,8,19,2,0.00000
75.097,0,75051.000,146463,192000,3999.688,120.0,8,19,2,0.00000
75.097,1,75051.000,146463,192000,3999.688,120.0,8,19,2,0.00000
75.097,2,75051.000,146463,192000,3999.688,120.0,8,19,2,0.00000
75.198,0,75151.000,151285,192000,3999.229,120.0,8,19,2,0.00000
75.198,1,75151.000,151285,192000,3999.229,120.0,8,19,2,0.00000
75.198,2,75151.000,151285,192000,3999.229,120.0,8,19,2,0.00000
75.303,0,75256.000,156312,192000,3999.500,120.0,8,19,2,0.00000
75.303,1,75256.000,156312,192000,3999.500,120.0,8,19,2,0.00000
75.303,2,75256.000,156312,192000,3999.500,120.0,8,19,2,0.00000
75.404,0,75357.000,161170,192000,3999.292,120.0,8,19,2,0.00000
75.404,1,75357.000,161170,192000,3999.292,120.0,8,19,2,0.00000
75.404,2,75357.000,161170,192000,3999.292,120.0,8,19,2,0.00000
75.511,0,75465.000,166321,192000,3999.979,120.0,8,19,2,0.00000
75.511,1,75465.000,166321,192000,3999.979,120.0,8,19,2,0.00000
75.511,2,75465.000,166321,192000,3999.979,120.0,8,19,2,0.00000
75.616,0,75569.000,171337,192000,3999.479,120.0,8,19,2,0.00000
75.616,1,75569.000,171337,192000,3999.479,120.0,8,19,2,0.00000
75.616,2,75569.000,171337,192000,3999.479,120.0,8,19,2,0.00000
75.722,0,75675.000,176445,192000,3999.062,120.0,8,19,2,0.00000
75.722,1,75675.000,176445,192000,3999.062,120.0,8,19,2,0.00000
75.722,2,75675.000,176445,192000,3999.062,120.0,8,19,2,0.00000
75.831,0,75784.000,181659,192000,3999.438,120.0,8,19,2,0.00000
75.831,1,75784.000,181659,192000,3999.438,120.0,8,19,2,0.00000
75.831,2,75784.000,181659,192000,3999.438,120.0,8,19,2,0.00000
75.938,0,75892.000,186820,192000,3999.917,120.0,8,19,2,0.00000
75.938,1,75892.000,186820,192000,3999.917,120.0,8,19,2,0.00000
75.938,2,75892.000,186820,192000,3999.917,120.0,8,19,2,0.00000
76.042,0,75996.000,191829,192000,3999.562,120.0,8,19,2,0.00000
76.042,1,75996.000,191829,192000,3999.562,120.0,8,19,2,0.00000
76.042,2,75996.000,191829,192000,3999.562,120.0,8,19,2,0.00000
76.144,0,76098.000,4718,192000,3999.708,120.0,8,20,2,0.00000
76.144,1,76098.000,4718,192000,3999.708,120.0,8,20,2,0.00000
76.144,2,76098.000,4718,192000,3999.708,120.0,8,20,2,0.00000
76.249,0,76203.000,9746,192000,3999.958,120.0,8,20,2,0.00000
76.249,1,76203.000,9746,192000,3999.958,120.0,8,20,2,0.00000
76.249,2,76203.000,9746,192000,3999.958,120.0,8,20,2,0.00000
76.353,0,76306.000,14734,192000,3999.042,120.0,8,20,2,0.00000
76.353,1,76306.000,14734,192000,3999.042,120.0,8,20,2,0.00000
76.353,2,76306.000,14734,192000,3999.042,120.0,8,20,2,0.00000
76.456,0,76409.000,19657,192000,3999.479,120.0,8,20,2,0.00000
76.456,1,76409.000,19657,192000,3999.479,120.0,8,20,2,0.00000
76.456,2,76409.000,19657,192000,3999.479,120.0,8,20,2,0.00000
76.559,0,76513.000,24641,192000,3999.646,120.0,8,20,2,0.00000
76.559,1,76513.000,24641,192000,3999.646,120.0,8,20,2,0.00000
76.559,2,76513.000,24641,192000,3999.646,120.0,8,20,2,0.00000
76.660,0,76614.000,29490,192000,3999.625,120.0,8,20,2,0.00000
76.660,1,76614.000,29490,192000,3999.625,120.0,8,20,2,0.00000
76.660,2,76614.000,29490,192000,3999.625,120.0,8,20,2,0.00000
76.762,0,76715.000,34367,192000,3999.021,120.0,8,20,2,0.00000
76.762,1,76715.000,34367,192000,3999.021,120.0,8,20,2,0.00000
76.762,2,76715.000,34367,192000,3999.021,120.0,8,20,2,0.00000
76.867,0,76820.000,39405,192000,3999.062,120.0,8,20,2,0.00000
76.867,1,76820.000,39405,192000,3999.062,120.0,8,20,2,0.00000
76.867,2,76820.000,39405,192000,3999.062,120.0,8,20,2,0.00000
76.967,0,76921.000,44213,192000,3999.896,120.0,8,20,2,0.00000
76.967,1,76921.000,44213,192000,3999.896,120.0,8,20,2,0.00000
76.967,2,76921.000,44213,192000,3999.896,120.0,8,20,2,0.00000
77.069,0,77022.000,49093,192000,3999.229,120.0,8,20,2,0.00000
77.069,1,77022.000,49093,192000,3999.229,120.0,8,20,2,0.00000
77.069,2,77022.000,49093,192000,3999.229,120.0,8,20,2,0.00000
77.172,0,77126.000,54054,192000,3999.875,120.0,8,20,2,0.00000
77.172,1,77126.000,54054,192000,3999.875,120.0,8,20,2,0.00000
77.172,2,77126.000,54054,192000,3999.875,120.0,8,20,2,0.00000
77.277,0,77231.000,59109,192000,3999.562,120.0,8,20,2,0.00000
77.277,1,77231.000,59109,192000,3999.562,120.0,8,20,2,0.00000
77.277,2,77231.000,59109,192000,3999.562,120.0,8,20,2,0.00000
77.388,0,77341.000,64403,192000,3999.271,120.0,8,20,2,0.00000
77.388,1,77341.000,64403,192000,3999.271,120.0,8,20,2,0.00000
77.388,2,77341.000,64403,192000,3999.271,120.0,8,20,2,0.00000
77.492,0,77446.000,69422,192000,3999.708,120.0,8,20,2,0.00000
77.492,1,77446.000,69422,192000,3999.708,120.0,8,20,2,0.00000
77.492,2,77446.000,69422,192000,3999.708,120.0,8,20,2,0.00000
77.603,0,77556.000,74730,192000,3999.125,120.0,8,20,2,0.00000
77.603,1,77556.000,74730,192000,3999.125,120.0,8,20,2,0.00000
77.603,2,77556.000,74730,192000,3999.125,120.0,8,20,2,0.00000
77.707,0,77661.000,79736,192000,3999.833,120.0,8,20,2,0.00000
77.707,1,77661.000,79736,192000,3999.833,120.0,8,20,2,0.00000
77.707,2,77661.000,79736,192000,3999.833,120.0,8,20,2,0.00000
77.817,0,77770.000,85002,192000,3999.125,120.0,8,20,2,0.00000
77.817,1,77770.000,85002,192000,3999.125,120.0,8,20,2,0.00000
77.817,2,77770.000,85002,192000,3999.125,120.0,8,20,2,0.00000
77.922,0,77875.000,90046,192000,3999.042,120.0,8,20,2,0.00000
77.922,1,77875.000,90046,192000,3999.042,120.0,8,20,2,0.00000
77.922,2,77875.000,90046,192000,3999.042,120.0,8,20,2,0.00000
78.027,0,77980.000,95068,192000,3999.417,120.0,8,20,2,0.00000
78.027,1,77980.000,95068,192000,3999.417,120.0,8,20,2,0.00000
78.027,2,77980.000,95068,192000,3999.417,120.0,8,20,2,0.00000
78.131,0,78084.000,100076,192000,3999.083,120.0,8,20,2,0.00000
78.131,1,78084.000,100076,192000,3999.083,120.0,8,20,2,0.00000
78.131,2,78084.000,100076,192000,3999.083,120.0,8,20,2,0.00000
78.236,0,78190.000,105124,192000,3999.917,120.0,8,20,2,0.00000
78.236,1,78190.000,105124,192000,3999.917,120.0,8,20,2,0.00000
78.236,2,78190.000,105124,192000,3999.917,120.0,8,20,2,0.00000
78.337,0,78291.000,109987,192000,3999.604,120.0,8,20,2,0.00000
78.337,1,78291.000,109987,192000,3999.604,120.0,8,20,2,0.00000
78.337,2,78291.000,109987,192000,3999.604,120.0,8,20,2,0.00000
78.443,0,78397.000,115058,192000,3999.958,120.0,8,20,2,0.00000
78.443,1,78397.000,115058,192000,3999.958,120.0,8,20,2,0.00000
78.443,2,78397.000,115058,192000,3999.958,120.0,8,20,2,0.00000
78.548,0,78502.000,120107,192000,3999.771,120.0,8,20,2,0.00000
78.548,1,78502.000,120107,192000,3999.771,120.0,8,20,2,0.00000
78.548,2,78502.000,120107,192000,3999.771,120.0,8,20,2,0.00000
78.659,0,78613.000,125439,192000,3999.688,120.0,8,20,2,0.00000
78.659,1,78613.000,125439,192000,3999.688,120.0,8,20,2,0.00000
78.659,2,78613.000,125439,192000,3999.688,120.0,8,20,2,0.00000
78.764,0,78718.000,130465,192000,3999.979,120.0,8,20,2,0.00000
78.764,1,78718.000,130465,192000,3999.979,120.0,8,20,2,0.00000
78.764,2,78718.000,130465,192000,3999.979,120.0,8,20,2,0.00000
78.871,0,78824.000,135592,192000,3999.167,120.0,8,20,2,0.00000
78.871,1,78824.000,135592,192000,3999.167,120.0,8,20,2,0.00000
78.871,2,78824.000,135592,192000,3999.167,120.0,8,20,2,0.00000
78.975,0,78929.000,140593,192000,3999.979,120.0,8,20,2,0.00000
78.975,1,78929.000,140593,192000,3999.979,120.0,8,20,2,0.00000
78.975,2,78929.000,140593,192000,3999.979,120.0,8,20,2,0.00000
79.075,0,79029.000,145404,192000,3999.750,120.0,8,20,2,0.00000
79.075,1,79029.000,145404,192000,3999.750,120.0,8,20,2,0.00000
79.075,2,79029.000,145404,192000,3999.750,120.0,8,20,2,0.00000
79.180,0,79134.000,150450,192000,3999.625,120.0,8,20,2,0.00000
79.180,1,79134.000,150450,192000,3999.625,120.0,8,20,2,0.00000
79.180,2,79134.000,150450,192000,3999.625,120.0,8,20,2,0.00000
79.282,0,79235.000,155313,192000,3999.312,120.0,8,20,2,0.00000
79.282,1,79235.000,155313,192000,3999.312,120.0,8,20,2,0.00000
79.282,2,79235.000,155313,192000,3999.312,120.0,8,20,2,0.00000
79.386,0,79339.000,160304,192000,3999.333,120.0,8,20,2,0.00000
79.386,1,79339.000,160304,192000,3999.333,120.0,8,20,2,0.00000
79.386,2,79339.000,160304,192000,3999.333,120.0,8,20,2,0.00000
79.490,0,79444.000,165323,192000,3999.771,120.0,8,20,2,0.00000
79.490,1,79444.000,165323,192000,3999.771,120.0,8,20,2,0.00000
79.490,2,79444.000,165323,192000,3999.771,120.0,8,20,2,0.00000
79.592,0,79545.000,170188,192000,3999.417,120.0,8,20,2,0.00000
79.592,1,79545.000,170188,192000,3999.417,120.0,8,20,2,0.00000
79.592,2,79545.000,170188,192000,3999.417,120.0,8,20,2,0.00000
79.694,0,79647.000,175082,192000,3999.458,120.0,8,20,2,0.00000
79.694,1,79647.000,175082,192000,3999.458,120.0,8,20,2,0.00000
79.694,2,79647.000,175082,192000,3999.458,120.0,8,20,2,0.00000
79.798,0,79751.000,180074,192000,3999.458,120.0,8,20,2,0.00000
79.798,1,79751.000,180074,192000,3999.458,120.0,8,20,2,0.00000
79.798,2,79751.000,180074,192000,3999.458,120.0,8,20,2,0.00000
79.906,0,79859.000,185270,192000,3999.208,120.0,8,20,2,0.00000
79.906,1,79859.000,185270,192000,3999.208,120.0,8,20,2,0.00000
79.906,2,79859.000,185270,192000,3999.208,120.0,8,20,2,0.00000
80.011,0,79965.000,190336,192000,3999.667,120.0,8,20,2,0.00000
80.011,1,79965.000,190336,192000,3999.667,120.0,8,20,2,0.00000
80.011,2,79965.000,190336,192000,3999.667,120.0,8,20,2,0.00000
80.119,0,80072.000,3480,192000,3999.500,120.0,8,21,2,0.10805
80.119,1,80072.000,3480,192000,3999.500,120.0,8,21,2,0.10795
80.119,2,80072.000,3480,192000,3999.500,120.0,8,21,2,0.10805
80.224,0,80177.000,8531,192000,3999.271,120.0,8,21,2,0.06975
80.224,1,80177.000,8531,192000,3999.271,120.0,8,21,2,0.06969
80.224,2,80177.000,8531,192000,3999.271,120.0,8,21,2,0.06975
80.334,0,80287.000,13810,192000,3999.292,120.0,8,21,2,0.04415
80.334,1,80287.000,13810,192000,3999.292,120.0,8,21,2,0.04411
80.334,2,80287.000,13810,192000,3999.292,120.0,8,21,2,0.04415
80.438,0,80392.000,18837,192000,3999.562,120.0,8,21,2,0.02856
80.438,1,80392.000,18837,192000,3999.562,120.0,8,21,2,0.02853
80.438,2,80392.000,18837,192000,3999.562,120.0,8,21,2,0.02856
80.541,0,80495.000,23761,192000,3999.979,120.0,8,21,2,0.01864
80.541,1,80495.000,23761,192000,3999.979,120.0,8,21,2,0.01862
80.541,2,80495.000,23761,192000,3999.979,120.0,8,21,2,0.01864
80.643,0,80597.000,28672,192000,3999.667,120.0,8,21,2,0.01218
80.643,1,80597.000,28672,192000,3999.667,120.0,8,21,2,0.01217
80.643,2,80597.000,28672,192000,3999.667,120.0,8,21,2,0.01218
80.749,0,80703.000,33763,192000,3999.604,120.0,8,21,2,0.00784
80.749,1,80703.000,33763,192000,3999.604,120.0,8,21,2,0.00783
80.749,2,80703.000,33763,192000,3999.604,120.0,8,21,2,0.00784
80.855,0,80808.000,38806,192000,3999.542,120.0,8,21,2,0.00506
80.855,1,80808.000,38806,192000,3999.542,120.0,8,21,2,0.00506
80.855,2,80808.000,38806,192000,3999.542,120.0,8,21,2,0.00506
80.957,0,80910.000,43706,192000,3999.458,120.0,8,21,2,0.00331
80.957,1,80910.000,43706,192000,3999.458,120.0,8,21,2,0.00331
80.957,2,80910.000,43706,192000,3999.458,120.0,8,21,2,0.00331
81.059,0,81012.000,48619,192000,3999.104,120.0,8,21,2,0.00216
81.059,1,81012.000,48619,192000,3999.104,120.0,8,21,2,0.00216
81.059,2,81012.000,48619,192000,3999.104,120.0,8,21,2,0.00216
81.168,0,81121.000,53843,192000,3999.271,120.0,8,21,2,0.00138
81.168,1,81121.000,53843,192000,3999.271,120.0,8,21,2,0.00137
81.168,2,81121.000,53843,192000,3999.271,120.0,8,21,2,0.00138
81.272,0,81225.000,58846,192000,3999.042,120.0,8,21,2,0.00089
81.272,1,81225.000,58846,192000,3999.042,120.0,8,21,2,0.00089
81.272,2,81225.000,58846,192000,3999.042,120.0,8,21,2,0.00089
81.381,0,81335.000,64087,192000,3999.854,120.0,8,21,2,0.00057
81.381,1,81335.000,64087,192000,3999.854,120.0,8,21,2,0.00057
81.381,2,81335.000,64087,192000,3999.854,120.0,8,21,2,0.00057
81.491,0,81445.000,69381,192000,3999.562,120.0,8,21,2,0.00036
81.491,1,81445.000,69381,192000,3999.562,120.0,8,21,2,0.00036
81.491,2,81445.000,69381,192000,3999.562,120.0,8,21,2,0.00036
81.599,0,81553.000,74549,192000,3999.896,120.0,8,21,2,0.00023
81.599,1,81553.000,74549,192000,3999.896,120.0,8,21,2,0.00023
81.599,2,81553.000,74549,192000,3999.896,120.0,8,21,2,0.00023
81.707,0,81660.000,79704,192000,3999.500,120.0,8,21,2,0.00015
81.707,1,81660.000,79704,192000,3999.500,120.0,8,21,2,0.00015
81.707,2,81660.000,79704,192000,3999.500,120.0,8,21,2,0.00015
81.816,0,81769.000,84945,192000,3999.312,120.0,8,21,2,0.00009
81.816,1,81769.000,84945,192000,3999.312,120.0,8,21,2,0.00009
81.816,2,81769.000,84945,192000,3999.312,120.0,8,21,2,0.00009
81.922,0,81876.000,90050,192000,3999.958,120.0,8,21,2,0.00006
81.922,1,81876.000,90050,192000,3999.958,120.0,8,21,2,0.00006
81.922,2,81876.000,90050,192000,3999.958,120.0,8,21,2,0.00006
82.027,0,81980.000,95069,192000,3999.396,120.0,8,21,2,0.00004
82.027,1,81980.000,95069,192000,3999.396,120.0,8,21,2,0.00004
82.027,2,81980.000,95069,192000,3999.396,120.0,8,21,2,0.00004
82.128,0,82082.000,99951,192000,3999.688,120.0,8,21,2,0.00003
82.128,1,82082.000,99951,192000,3999.688,120.0,8,21,2,0.00003
82.128,2,82082.000,99951,192000,3999.688,120.0,8,21,2,0.00003
82.230,0,82183.000,104830,192000,3999.042,120.0,8,21,2,0.00002
82.230,1,82183.000,104830,192000,3999.042,120.0,8,21,2,0.00002
82.230,2,82183.000,104830,192000,3999.042,120.0,8,21,2,0.00002
82.330,0,82284.000,109652,192000,3999.583,120.0,8,21,2,0.00001
82.330,1,82284.000,109652,192000,3999.583,120.0,8,21,2,0.00001
82.330,2,82284.000,109652,192000,3999.583,120.0,8,21,2,0.00001
82.431,0,82385.000,114500,192000,3999.583,120.0,8,21,2,0.00001
82.431,1,82385.000,114500,192000,3999.583,120.0,8,21,2,0.00001
82.431,2,82385.000,114500,192000,3999.583,120.0,8,21,2,0.00001
82.541,0,82494.000,119749,192000,3999.229,120.0,8,21,2,0.00000
82.541,1,82494.000,119749,192000,3999.229,120.0,8,21,2,0.00000
82.541,2,82494.000,119749,192000,3999.229,120.0,8,21,2,0.00000
82.650,0,82603.000,124966,192000,3999.542,120.0,8,21,2,0.00000
82.650,1,82603.000,124966,192000,3999.542,120.0,8,21,2,0.00000
82.650,2,82603.000,124966,192000,3999.542,120.0,8,21,2,0.00000
82.753,0,82707.000,129951,192000,3999.688,120.0,8,21,2,0.00000
82.753,1,82707.000,129951,192000,3999.688,120.0,8,21,2,0.00000
82.753,2,82707.000,129951,192000,3999.688,120.0,8,21,2,0.00000
82.855,0,82808.000,134812,192000,3999.417,120.0,8,21,2,0.00000
82.855,1,82808.000,134812,192000,3999.417,120.0,8,21,2,0.00000
82.855,2,82808.000,134812,192000,3999.417,120.0,8,21,2,0.00000
82.959,0,82913.000,139824,192000,0.000,120.0,8,21,2,0.00000
82.959,1,82913.000,139824,192000,0.000,120.0,8,21,2,0.00000
82.959,2,82913.000,139824,192000,0.000,120.0,8,21,2,0.00000
83.060,0,83014.000,144673,192000,3999.979,120.0,8,21,2,0.00000
83.060,1,83014.000,144673,192000,3999.979,120.0,8,21,2,0.00000
83.060,2,83014.000,144673,192000,3999.979,120.0,8,21,2,0.00000
83.160,0,83114.000,149481,192000,3999.812,120.0,8,21,2,0.00000
83.160,1,83114.000,149481,192000,3999.812,120.0,8,21,2,0.00000
83.160,2,83114.000,149481,192000,3999.812,120.0,8,21,2,0.00000
83.269,0,83223.000,154708,192000,3999.917,120.0,8,21,2,0.00000
83.269,1,83223.000,154708,192000,3999.917,120.0,8,21,2,0.00000
83.269,2,83223.000,154708,192000,3999.917,120.0,8,21,2,0.00000
83.370,0,83324.000,159565,192000,3999.729,120.0,8,21,2,0.00000
83.370,1,83324.000,159565,192000,3999.729,120.0,8,21,2,0.00000
83.370,2,83324.000,159565,192000,3999.729,120.0,8,21,2,0.00000
83.480,0,83434.000,164851,192000,3999.604,120.0,8,21,2,0.00000
83.480,1,83434.000,164851,192000,3999.604,120.0,8,21,2,0.00000
83.480,2,83434.000,164851,192000,3999.604,120.0,8,21,2,0.00000
83.584,0,83537.000,169817,192000,3999.146,120.0,8,21,2,0.00000
83.584,1,83537.000,169817,192000,3999.146,120.0,8,21,2,0.00000
83.584,2,83537.000,169817,192000,3999.146,120.0,8,21,2,0.00000
83.694,0,83647.000,175097,192000,3999.146,120.0,8,21,2,0.00000
83.694,1,83647.000,175097,192000,3999.146,120.0,8,21,2,0.00000
83.694,2,83647.000,175097,192000,3999.146,120.0,8,21,2,0.00000
83.797,0,83751.000,180064,192000,3999.667,120.0,8,21,2,0.00000
83.797,1,83751.000,180064,192000,3999.667,120.0,8,21,2,0.00000
83.797,2,83751.000,180064,192000,3999.667,120.0,8,21,2,0.00000
83.907,0,83860.000,185305,192000,3999.479,120.0,8,21,2,0.00000
83.907,1,83860.000,185305,192000,3999.479,120.0,8,21,2,0.00000
83.907,2,83860.000,185305,192000,3999.479,120.0,8,21,2,0.00000
84.012,0,83965.000,190348,192000,3999.417,120.0,8,21,2,0.00000
84.012,1,83965.000,190348,192000,3999.417,120.0,8,21,2,0.00000
84.012,2,83965.000,190348,192000,3999.417,120.0,8,21,2,0.00000
84.120,0,84074.000,3564,192000,3999.750,120.0,8,22,2,0.00000
84.120,1,84074.000,3564,192000,3999.750,120.0,8,22,2,0.00000
84.120,2,84074.000,3564,192000,3999.750,120.0,8,22,2,0.00000
84.226,0,84180.000,8653,192000,3999.729,120.0,8,22,2,0.00000
84.226,1,84180.000,8653,192000,3999.729,120.0,8,22,2,0.00000
84.226,2,84180.000,8653,192000,3999.729,120.0,8,22,2,0.00000
84.332,0,84286.000,13741,192000,3999.729,120.0,8,22,2,0.00000
84.332,1,84286.000,13741,192000,3999.729,120.0,8,22,2,0.00000
84.332,2,84286.000,13741,192000,3999.729,120.0,8,22,2,0.00000
84.437,0,84390.000,18755,192000,3999.271,120.0,8,22,2,0.00000
84.437,1,84390.000,18755,192000,3999.271,120.0,8,22,2,0.00000
84.437,2,84390.000,18755,192000,3999.271,120.0,8,22,2,0.00000
84.538,0,84492.000,23619,192000,3999.938,120.0,8,22,2,0.00000
84.538,1,84492.000,23619,192000,3999.938,120.0,8,22,2,0.00000
84.538,2,84492.000,23619,192000,3999.938,120.0,8,22,2,0.00000
84.639,0,84592.000,28463,192000,3999.021,120.0,8,22,2,0.00000
84.639,1,84592.000,28463,192000,3999.021,120.0,8,22,2,0.00000
84.639,2,84592.000,28463,192000,3999.021,120.0,8,22,2,0.00000
84.750,0,84704.000,33800,192000,3999.833,120.0,8,22,2,0.00000
84.750,1,84704.000,33800,192000,3999.833,120.0,8,22,2,0.00000
84.750,2,84704.000,33800,192000,3999.833,120.0,8,22,2,0.00000
84.850,0,84804.000,38607,192000,3999.688,120.0,8,22,2,0.00000
84.850,1,84804.000,38607,192000,3999.688,120.0,8,22,2,0.00000
84.850,2,84804.000,38607,192000,3999.688,120.0,8,22,2,0.00000
84.960,0,84913.000,43867,192000,3999.104,120.0,8,22,2,0.00000
84.960,1,84913.000,43867,192000,3999.104,120.0,8,22,2,0.00000
84.960,2,84913.000,43867,192000,3999.104,120.0,8,22,2,0.00000
85.069,0,85022.000,49094,192000,3999.208,120.0,8,22,2,0.00000
85.069,1,85022.000,49094,192000,3999.208,120.0,8,22,2,0.00000
85.069,2,85022.000,49094,192000,3999.208,120.0,8,22,2,0.00000
85.172,0,85125.000,54047,192000,3999.021,120.0,8,22,2,0.00000
85.172,1,85125.000,54047,192000,3999.021,120.0,8,22,2,0.00000
85.172,2,85125.000,54047,192000,3999.021,120.0,8,22,2,0.00000
85.278,0,85232.000,59140,192000,3999.917,120.0,8,22,2,0.00000
85.278,1,85232.000,59140,192000,3999.917,120.0,8,22,2,0.00000
85.278,2,85232.000,59140,192000,3999.917,120.0,8,22,2,0.00000
85.385,0,85338.000,64269,192000,3999.062,120.0,8,22,2,0.00000
85.385,1,85338.000,64269,192000,3999.062,120.0,8,22,2,0.00000
85.385,2,85338.000,64269,192000,3999.062,120.0,8,22,2,0.00000
85.487,0,85441.000,69188,192000,3999.583,120.0,8,22,2,0.00000
85.487,1,85441.000,69188,192000,3999.583,120.0,8,22,2,0.00000
85.487,2,85441.000,69188,192000,3999.583,120.0,8,22,2,0.00000
85.589,0,85542.000,74050,192000,3999.292,120.0,8,22,2,0.00000
85.589,1,85542.000,74050,192000,3999.292,120.0,8,22,2,0.00000
85.589,2,85542.000,74050,192000,3999.292,120.0,8,22,2,0.00000
85.689,0,85642.000,78855,192000,3999.188,120.0,8,22,2,0.00000
85.689,1,85642.000,78855,192000,3999.188,120.0,8,22,2,0.00000
85.689,2,85642.000,78855,192000,3999.188,120.0,8,22,2,0.00000
85.796,0,85749.000,83994,192000,3999.125,120.0,8,22,2,0.00000
85.796,1,85749.000,83994,192000,3999.125,120.0,8,22,2,0.00000
85.796,2,85749.000,83994,192000,3999.125,120.0,8,22,2,0.00000
85.898,0,85851.000,88874,192000,3999.458,120.0,8,22,2,0.00000
85.898,1,85851.000,88874,192000,3999.458,120.0,8,22,2,0.00000
85.898,2,85851.000,88874,192000,3999.458,120.0,8,22,2,0.00000
86.004,0,85958.000,93986,192000,3999.958,120.0,8,22,2,0.00000
86.004,1,85958.000,93986,192000,3999.958,120.0,8,22,2,0.00000
86.004,2,85958.000,93986,192000,3999.958,120.0,8,22,2,0.00000
86.108,0,86062.000,98984,192000,3999.833,120.0,8,22,2,0.00000
86.108,1,86062.000,98984,192000,3999.833,120.0,8,22,2,0.00000
86.108,2,86062.000,98984,192000,3999.833,120.0,8,22,2,0.00000
86.215,0,86169.000,104130,192000,3999.625,120.0,8,22,2,0.00000
86.215,1,86169.000,104130,192000,3999.625,120.0,8,22,2,0.00000
86.215,2,86169.000,104130,192000,3999.625,120.0,8,22,2,0.00000
86.324,0,86278.000,109362,192000,3999.625,120.0,8,22,2,0.00000
86.324,1,86278.000,109362,192000,3999.625,120.0,8,22,2,0.00000
86.324,2,86278.000,109362,192000,3999.625,120.0,8,22,2,0.00000
86.427,0,86381.000,114300,192000,3999.750,120.0,8,22,2,0.00000
86.427,1,86381.000,114300,192000,3999.750,120.0,8,22,2,0.00000
86.427,2,86381.000,114300,192000,3999.750,120.0,8,22,2,0.00000
86.529,0,86482.000,119166,192000,3999.375,120.0,8,22,2,0.00000
86.529,1,86482.000,119166,192000,3999.375,120.0,8,22,2,0.00000
86.529,2,86482.000,119166,192000,3999.375,120.0,8,22,2,0.00000
86.630,0,86583.000,124013,192000,3999.396,120.0,8,22,2,0.00000
86.630,1,86583.000,124013,192000,3999.396,120.0,8,22,2,0.00000
86.630,2,86583.000,124013,192000,3999.396,120.0,8,22,2,0.00000
86.735,0,86688.000,129069,192000,3999.062,120.0,8,22,2,0.00000
86.735,1,86688.000,129069,192000,3999.062,120.0,8,22,2,0.00000
86.735,2,86688.000,129069,192000,3999.062,120.0,8,22,2,0.00000
86.842,0,86795.000,134190,192000,3999.375,120.0,8,22,2,0.00000
86.842,1,86795.000,134190,192000,3999.375,120.0,8,22,2,0.00000
86.842,2,86795.000,134190,192000,3999.375,120.0,8,22,2,0.00000
86.952,0,86906.000,139504,192000,3999.667,120.0,8,22,2,0.00000
86.952,1,86906.000,139504,192000,3999.667,120.0,8,22,2,0.00000
86.952,2,86906.000,139504,192000,3999.667,120.0,8,22,2,0.00000
87.059,0,87012.000,144617,192000,3999.146,120.0,8,22,2,0.00000
87.059,1,87012.000,144617,192000,3999.146,120.0,8,22,2,0.00000
87.059,2,87012.000,144617,192000,3999.146,120.0,8,22,2,0.00000
87.162,0,87116.000,149581,192000,3999.729,120.0,8,22,2,0.00000
87.162,1,87116.000,149581,192000,3999.729,120.0,8,22,2,0.00000
87.162,2,87116.000,149581,192000,3999.729,120.0,8,22,2,0.00000
87.271,0,87225.000,154803,192000,3999.938,120.0,8,22,2,0.00000
87.271,1,87225.000,154803,192000,3999.938,120.0,8,22,2,0.00000
87.271,2,87225.000,154803,192000,3999.938,120.0,8,22,2,0.00000
87.375,0,87329.000,159804,192000,3999.750,120.0,8,22,2,0.00000
87.375,1,87329.000,159804,192000,3999.750,120.0,8,22,2,0.00000
87.375,2,87329.000,159804,192000,3999.750,120.0,8,22,2,0.00000
87.482,0,87435.000,164902,192000,3999.542,120.0,8,22,2,0.00000
87.482,1,87435.000,164902,192000,3999.542,120.0,8,22,2,0.00000
87.482,2,87435.000,164902,192000,3999.542,120.0,8,22,2,0.00000
87.590,0,87543.000,170091,192000,3999.438,120.0,8,22,2,0.00000
87.590,1,87543.000,170091,192000,3999.438,120.0,8,22,2,0.00000
87.590,2,87543.000,170091,192000,3999.438,120.0,8,22,2,0.00000
87.694,0,87647.000,175080,192000,3999.500,120.0,8,22,2,0.00000
87.694,1,87647.000,175080,192000,3999.500,120.0,8,22,2,0.00000
87.694,2,87647.000,175080,192000,3999.500,120.0,8,22,2,0.00000
87.803,0,87756.000,180325,192000,3999.229,120.0,8,22,2,0.00000
87.803,1,87756.000,180325,192000,3999.229,120.0,8,22,2,0.00000
87.803,2,87756.000,180325,192000,3999.229,120.0,8,22,2,0.00000
87.905,0,87859.000,185237,192000,3999.896,120.0,8,22,2,0.00000
87.905,1,87859.000,185237,192000,3999.896,120.0,8,22,2,0.00000
87.905,2,87859.000,185237,192000,3999.896,120.0,8,22,2,0.00000
88.010,0,87963.000,190253,192000,3999.396,120.0,8,22,2,0.00000
88.010,1,87963.000,190253,192000,3999.396,120.0,8,22,2,0.00000
88.010,2,87963.000,190253,192000,3999.396,120.0,8,22,2,0.00000
88.114,0,88068.000,3279,192000,3999.688,120.0,8,23,2,0.00000
88.114,1,88068.000,3279,192000,3999.688,120.0,8,23,2,0.00000
88.114,2,88068.000,3279,192000,3999.688,120.0,8,23,2,0.00000
88.218,0,88172.000,8269,192000,3999.729,120.0,8,23,2,0.00000
88.218,1,88172.000,8269,192000,3999.729,120.0,8,23,2,0.00000
88.218,2,88172.000,8269,192000,3999.729,120.0,8,23,2,0.00000
88.323,0,88276.000,13280,192000,3999.333,120.0,8,23,2,0.00000
88.323,1,88276.000,13280,192000,3999.333,120.0,8,23,2,0.00000
88.323,2,88276.000,13280,192000,3999.333,120.0,8,23,2,0.00000
88.427,0,88380.000,18263,192000,3999.521,120.0,8,23,2,0.00000
88.427,1,88380.000,18263,192000,3999.521,120.0,8,23,2,0.00000
88.427,2,88380.000,18263,192000,3999.521,120.0,8,23,2,0.00000
88.534,0,88487.000,23422,192000,3999.042,120.0,8,23,2,0.00000
88.534,1,88487.000,23422,192000,3999.042,120.0,8,23,2,0.00000
88.534,2,88487.000,23422,192000,3999.042,120.0,8,23,2,0.00000
88.636,0,88590.000,28338,192000,3999.625,120.0,8,23,2,0.00000
88.636,1,88590.000,28338,192000,3999.625,120.0,8,23,2,0.00000
88.636,2,88590.000,28338,192000,3999.625,120.0,8,23,2,0.00000
88.746,0,88700.000,33610,192000,3999.792,120.0,8,23,2,0.00000
88.746,1,88700.000,33610,192000,3999.792,120.0,8,23,2,0.00000
88.746,2,88700.000,33610,192000,3999.792,120.0,8,23,2,0.00000
88.849,0,88802.000,38535,192000,3999.188,120.0,8,23,2,0.00000
88.849,1,88802.000,38535,192000,3999.188,120.0,8,23,2,0.00000
88.849,2,88802.000,38535,192000,3999.188,120.0,8,23,2,0.00000
88.954,0,88907.000,43559,192000,3999.521,120.0,8,23,2,0.00000
88.954,1,88907.000,43559,192000,3999.521,120.0,8,23,2,0.00000
88.954,2,88907.000,43559,192000,3999.521,120.0,8,23,2,0.00000
89.061,0,89014.000,48708,192000,3999.250,120.0,8,23,2,0.00000
89.061,1,89014.000,48708,192000,3999.250,120.0,8,23,2,0.00000
89.061,2,89014.000,48708,192000,3999.250,120.0,8,23,2,0.00000
89.161,0,89115.000,53533,192000,3999.729,120.0,8,23,2,0.00000
89.161,1,89115.000,53533,192000,3999.729,120.0,8,23,2,0.00000
89.161,2,89115.000,53533,192000,3999.729,120.0,8,23,2,0.00000
89.268,0,89222.000,58659,192000,3999.938,120.0,8,23,2,0.00000
89.268,1,89222.000,58659,192000,3999.938,120.0,8,23,2,0.00000
89.268,2,89222.000,58659,192000,3999.938,120.0,8,23,2,0.00000
89.370,0,89324.000,63562,192000,3999.792,120.0,8,23,2,0.00000
89.370,1,89324.000,63562,192000,3999.792,120.0,8,23,2,0.00000
89.370,2,89324.000,63562,192000,3999.792,120.0,8,23,2,0.00000
89.471,0,89424.000,68386,192000,3999.292,120.0,8,23,2,0.00000
89.471,1,89424.000,68386,192000,3999.292,120.0,8,23,2,0.00000
89.471,2,89424.000,68386,192000,3999.292,120.0,8,23,2,0.00000
89.574,0,89527.000,73326,192000,3999.375,120.0,8,23,2,0.00000
89.574,1,89527.000,73326,192000,3999.375,120.0,8,23,2,0.00000
89.574,2,89527.000,73326,192000,3999.375,120.0,8,23,2,0.00000
89.678,0,89632.000,78347,192000,3999.771,120.0,8,23,2,0.00000
89.678,1,89632.000,78347,192000,3999.771,120.0,8,23,2,0.00000
89.678,2,89632.000,78347,192000,3999.771,120.0,8,23,2,0.00000
89.780,0,89733.000,83211,192000,3999.438,120.0,8,23,2,0.00000
89.780,1,89733.000,83211,192000,3999.438,120.0,8,23,2,0.00000
89.780,2,89733.000,83211,192000,3999.438,120.0,8,23,2,0.00000
89.881,0,89835.000,88082,192000,3999.958,120.0,8,23,2,0.00000
89.881,1,89835.000,88082,192000,3999.958,120.0,8,23,2,0.00000
89.881,2,89835.000,88082,192000,3999.958,120.0,8,23,2,0.00000
89.987,0,89940.000,93156,192000,3999.250,120.0,8,23,2,0.00000
89.987,1,89940.000,93156,192000,3999.250,120.0,8,23,2,0.00000
89.987,2,89940.000,93156,192000,3999.250,120.0,8,23,2,0.00000
90.094,0,90048.000,98310,192000,3999.875,120.0,8,23,2,0.00000
90.094,1,90048.000,98310,192000,3999.875,120.0,8,23,2,0.00000
90.094,2,90048.000,98310,192000,3999.875,120.0,8,23,2,0.00000
90.196,0,90150.000,103210,192000,3999.792,120.0,8,23,2,0.00000
90.196,1,90150.000,103210,192000,3999.792,120.0,8,23,2,0.00000
90.196,2,90150.000,103210,192000,3999.792,120.0,8,23,2,0.00000
90.299,0,90252.000,108118,192000,3999.542,120.0,8,23,2,0.00000
90.299,1,90252.000,108118,192000,3999.542,120.0,8,23,2,0.00000
90.299,2,90252.000,108118,192000,3999.542,120.0,8,23,2,0.00000
90.402,0,90355.000,113064,192000,3999.500,120.0,8,23,2,0.00000
90.402,1,90355.000,113064,192000,3999.500,120.0,8,23,2,0.00000
90.402,2,90355.000,113064,192000,3999.500,120.0,8,23,2,0.00000
90.507,0,90461.000,118140,192000,3999.750,120.0,8,23,2,0.00000
90.507,1,90461.000,118140,192000,3999.750,120.0,8,23,2,0.00000
90.507,2,90461.000,118140,192000,3999.750,120.0,8,23,2,0.00000
90.609,0,90563.000,123042,192000,3999.625,120.0,8,23,2,0.00000
90.609,1,90563.000,123042,192000,3999.625,120.0,8,23,2,0.00000
90.609,2,90563.000,123042,192000,3999.625,120.0,8,23,2,0.00000
90.711,0,90665.000,127937,192000,3999.646,120.0,8,23,2,0.00000
90.711,1,90665.000,127937,192000,3999.646,120.0,8,23,2,0.00000
90.711,2,90665.000,127937,192000,3999.646,120.0,8,23,2,0.00000
90.814,0,90767.000,132856,192000,3999.167,120.0,8,23,2,0.00000
90.814,1,90767.000,132856,192000,3999.167,120.0,8,23,2,0.00000
90.814,2,90767.000,132856,192000,3999.167,120.0,8,23,2,0.00000
90.917,0,90870.000,137797,192000,3999.229,120.0,8,23,2,0.00000
90.917,1,90870.000,137797,192000,3999.229,120.0,8,23,2,0.00000
90.917,2,90870.000,137797,192000,3999.229,120.0,8,23,2,0.00000
91.018,0,90971.000,142633,192000,3999.479,120.0,8,23,2,0.00000
91.018,1,90971.000,142633,192000,3999.479,120.0,8,23,2,0.00000
91.018,2,90971.000,142633,192000,3999.479,120.0,8,23,2,0.00000
91.121,0,91074.000,147582,192000,3999.375,120.0,8,23,2,0.00000
91.121,1,91074.000,147582,192000,3999.375,120.0,8,23,2,0.00000
91.121,2,91074.000,147582,192000,3999.375,120.0,8,23,2,0.00000
91.226,0,91180.000,152643,192000,3999.938,120.0,8,23,2,0.00000
91.226,1,91180.000,152643,192000,3999.938,120.0,8,23,2,0.00000
91.226,2,91180.000,152643,192000,3999.938,120.0,8,23,2,0.00000
91.328,0,91281.000,157529,192000,3999.146,120.0,8,23,2,0.00000
91.328,1,91281.000,157529,192000,3999.146,120.0,8,23,2,0.00000
91.328,2,91281.000,157529,192000,3999.146,120.0,8,23,2,0.00000
91.429,0,91382.000,162368,192000,3999.333,120.0,8,23,2,0.00000
91.429,1,91382.000,162368,192000,3999.333,120.0,8,23,2,0.00000
91.429,2,91382.000,162368,192000,3999.333,120.0,8,23,2,0.00000
91.537,0,91491.000,167580,192000,3999.750,120.0,8,23,2,0.00000
91.537,1,91491.000,167580,192000,3999.750,120.0,8,23,2,0.00000
91.537,2,91491.000,167580,192000,3999.750,120.0,8,23,2,0.00000
91.640,0,91594.000,172532,192000,3999.583,120.0,8,23,2,0.00000
91.640,1,91594.000,172532,192000,3999.583,120.0,8,23,2,0.00000
91.640,2,91594.000,172532,192000,3999.583,120.0,8,23,2,0.00000
91.745,0,91699.000,177562,192000,3999.792,120.0,8,23,2,0.00000
91.745,1,91699.000,177562,192000,3999.792,120.0,8,23,2,0.00000
91.745,2,91699.000,177562,192000,3999.792,120.0,8,23,2,0.00000
91.846,0,91800.000,182414,192000,3999.708,120.0,8,23,2,0.00000
91.846,1,91800.000,182414,192000,3999.708,120.0,8,23,2,0.00000
91.846,2,91800.000,182414,192000,3999.708,120.0,8,23,2,0.00000
91.947,0,91901.000,187262,192000,3999.708,120.0,8,23,2,0.00000
91.947,1,91901.000,187262,192000,3999.708,120.0,8,23,2,0.00000
91.947,2,91901.000,187262,192000,3999.708,120.0,8,23,2,0.00000
92.050,0,92003.000,181,192000,3999.229,120.0,8,24,2,0.01099
92.050,1,92003.000,181,192000,3999.229,120.0,8,24,2,0.01099
92.050,2,92003.000,181,192000,3999.229,120.0,8,24,2,0.00798
92.151,0,92104.000,5028,192000,3999.250,120.0,8,24,2,0.09785
92.151,1,92104.000,5028,192000,3999.250,120.0,8,24,2,0.09776
92.151,2,92104.000,5028,192000,3999.250,120.0,8,24,2,0.09785
92.251,0,92205.000,9849,192000,3999.812,120.0,8,24,2,0.06444
92.251,1,92205.000,9849,192000,3999.812,120.0,8,24,2,0.06438
92.251,2,92205.000,9849,192000,3999.812,120.0,8,24,2,0.06444
92.353,0,92307.000,14744,192000,3999.833,120.0,8,24,2,0.04217
92.353,1,92307.000,14744,192000,3999.833,120.0,8,24,2,0.04213
92.353,2,92307.000,14744,192000,3999.833,120.0,8,24,2,0.04217
92.455,0,92409.000,19645,192000,3999.729,120.0,8,24,2,0.02758
92.455,1,92409.000,19645,192000,3999.729,120.0,8,24,2,0.02755
92.455,2,92409.000,19645,192000,3999.729,120.0,8,24,2,0.02758
92.559,0,92513.000,24626,192000,3999.958,120.0,8,24,2,0.01791
92.559,1,92513.000,24626,192000,3999.958,120.0,8,24,2,0.01789
92.559,2,92513.000,24626,192000,3999.958,120.0,8,24,2,0.01791
92.661,0,92615.000,29533,192000,3999.729,120.0,8,24,2,0.01171
92.661,1,92615.000,29533,192000,3999.729,120.0,8,24,2,0.01170
92.661,2,92615.000,29533,192000,3999.729,120.0,8,24,2,0.01171
92.763,0,92717.000,34434,192000,3999.625,120.0,8,24,2,0.00766
92.763,1,92717.000,34434,192000,3999.625,120.0,8,24,2,0.00765
92.763,2,92717.000,34434,192000,3999.625,120.0,8,24,2,0.00766
92.871,0,92824.000,39584,192000,3999.333,120.0,8,24,2,0.00490
92.871,1,92824.000,39584,192000,3999.333,120.0,8,24,2,0.00490
92.871,2,92824.000,39584,192000,3999.333,120.0,8,24,2,0.00490
92.972,0,92926.000,44448,192000,0.000,120.0,8,24,2,0.00322
92.972,1,92926.000,44448,192000,0.000,120.0,8,24,2,0.00321
92.972,2,92926.000,44448,192000,0.000,120.0,8,24,2,0.00322
93.082,0,93035.000,49704,192000,3999.500,120.0,8,24,2,0.00204
93.082,1,93035.000,49704,192000,3999.500,120.0,8,24,2,0.00204
93.082,2,93035.000,49704,192000,3999.500,120.0,8,24,2,0.00204
93.187,0,93141.000,54777,192000,3999.812,120.0,8,24,2,0.00131
93.187,1,93141.000,54777,192000,3999.812,120.0,8,24,2,0.00131
93.187,2,93141.000,54777,192000,3999.812,120.0,8,24,2,0.00131
93.289,0,93242.000,59647,192000,3999.354,120.0,8,24,2,0.00086
93.289,1,93242.000,59647,192000,3999.354,120.0,8,24,2,0.00086
93.289,2,93242.000,59647,192000,3999.354,120.0,8,24,2,0.00086
93.395,0,93349.000,64755,192000,3999.938,120.0,8,24,2,0.00055
93.395,1,93349.000,64755,192000,3999.938,120.0,8,24,2,0.00055
93.395,2,93349.000,64755,192000,3999.938,120.0,8,24,2,0.00055
93.499,0,93453.000,69758,192000,3999.708,120.0,8,24,2,0.00036
93.499,1,93453.000,69758,192000,3999.708,120.0,8,24,2,0.00036
93.499,2,93453.000,69758,192000,3999.708,120.0,8,24,2,0.00036
93.603,0,93557.000,74753,192000,3999.646,120.0,8,24,2,0.00023
93.603,1,93557.000,74753,192000,3999.646,120.0,8,24,2,0.00023
93.603,2,93557.000,74753,192000,3999.646,120.0,8,24,2,0.00023
93.705,0,93659.000,79632,192000,0.000,120.0,8,24,2,0.00015
93.705,1,93659.000,79632,192000,0.000,120.0,8,24,2,0.00015
93.705,2,93659.000,79632,192000,0.000,120.0,8,24,2,0.00015
93.813,0,93767.000,84833,192000,3999.646,120.0,8,24,2,0.00010
93.813,1,93767.000,84833,192000,3999.646,120.0,8,24,2,0.00010
93.813,2,93767.000,84833,192000,3999.646,120.0,8,24,2,0.00010
93.917,0,93871.000,89823,192000,3999.688,120.0,8,24,2,0.00006
93.917,1,93871.000,89823,192000,3999.688,120.0,8,24,2,0.00006
93.917,2,93871.000,89823,192000,3999.688,120.0,8,24,2,0.00006
94.021,0,93974.000,94780,192000,3999.417,120.0,8,24,2,0.00004
94.021,1,93974.000,94780,192000,3999.417,120.0,8,24,2,0.00004
94.021,2,93974.000,94780,192000,3999.417,120.0,8,24,2,0.00004
94.127,0,94080.000,99886,192000,3999.042,120.0,8,24,2,0.00003
94.127,1,94080.000,99886,192000,3999.042,120.0,8,24,2,0.00003
94.127,2,94080.000,99886,192000,3999.042,120.0,8,24,2,0.00003
94.228,0,94181.000,104732,192000,3999.083,120.0,8,24,2,0.00002
94.228,1,94181.000,104732,192000,3999.083,120.0,8,24,2,0.00002
94.228,2,94181.000,104732,192000,3999.083,120.0,8,24,2,0.00002
94.329,0,94283.000,109594,192000,3999.792,120.0,8,24,2,0.00001
94.329,1,94283.000,109594,192000,3999.792,120.0,8,24,2,0.00001
94.329,2,94283.000,109594,192000,3999.792,120.0,8,24,2,0.00001
94.436,0,94390.000,114733,192000,3999.729,120.0,8,24,2,0.00001
94.436,1,94390.000,114733,192000,3999.729,120.0,8,24,2,0.00001
94.436,2,94390.000,114733,192000,3999.729,120.0,8,24,2,0.00001
94.537,0,94491.000,119580,192000,3999.750,120.0,8,24,2,0.00000
94.537,1,94491.000,119580,192000,3999.750,120.0,8,24,2,0.00000
94.537,2,94491.000,119580,192000,3999.750,120.0,8,24,2,0.00000
94.640,0,94594.000,124533,192000,3999.562,120.0,8,24,2,0.00000
94.640,1,94594.000,124533,192000,3999.562,120.0,8,24,2,0.00000
94.640,2,94594.000,124533,192000,3999.562,120.0,8,24,2,0.00000
94.749,0,94703.000,129745,192000,3999.979,120.0,8,24,2,0.00000
94.749,1,94703.000,129745,192000,3999.979,120.0,8,24,2,0.00000
94.749,2,94703.000,129745,192000,3999.979,120.0,8,24,2,0.00000
94.851,0,94805.000,134650,192000,3999.792,120.0,8,24,2,0.00000
94.851,1,94805.000,134650,192000,3999.792,120.0,8,24,2,0.00000
94.851,2,94805.000,134650,192000,3999.792,120.0,8,24,2,0.00000
94.953,0,94906.000,139519,192000,3999.354,120.0,8,24,2,0.00000
94.953,1,94906.000,139519,192000,3999.354,120.0,8,24,2,0.00000
94.953,2,94906.000,139519,192000,3999.354,120.0,8,24,2,0.00000
95.061,0,95014.000,144714,192000,3999.125,120.0,8,24,2,0.00000
95.061,1,95014.000,144714,192000,3999.125,120.0,8,24,2,0.00000
95.061,2,95014.000,144714,192000,3999.125,120.0,8,24,2,0.00000
95.163,0,95117.000,149622,192000,3999.875,120.0,8,24,2,0.00000
95.163,1,95117.000,149622,192000,3999.875,120.0,8,24,2,0.00000
95.163,2,95117.000,149622,192000,3999.875,120.0,8,24,2,0.00000
95.271,0,95224.000,154797,192000,3999.062,120.0,8,24,2,0.00000
95.271,1,95224.000,154797,192000,3999.062,120.0,8,24,2,0.00000
95.271,2,95224.000,154797,192000,3999.062,120.0,8,24,2,0.00000
95.379,0,95332.000,159970,192000,3999.292,120.0,8,24,2,0.00000
95.379,1,95332.000,159970,192000,3999.292,120.0,8,24,2,0.00000
95.379,2,95332.000,159970,192000,3999.292,120.0,8,24,2,0.00000
95.485,0,95439.000,165091,192000,3999.604,120.0,8,24,2,0.00000
95.485,1,95439.000,165091,192000,3999.604,120.0,8,24,2,0.00000
95.485,2,95439.000,165091,192000,3999.604,120.0,8,24,2,0.00000
95.593,0,95547.000,170268,192000,3999.750,120.0,8,24,2,0.00000
95.593,1,95547.000,170268,192000,3999.750,120.0,8,24,2,0.00000
95.593,2,95547.000,170268,192000,3999.750,120.0,8,24,2,0.00000
95.695,0,95649.000,175169,192000,3999.646,120.0,8,24,2,0.00000
95.695,1,95649.000,175169,192000,3999.646,120.0,8,24,2,0.00000
95.695,2,95649.000,175169,192000,3999.646,120.0,8,24,2,0.00000
95.804,0,95757.000,180383,192000,3999.021,120.0,8,24,2,0.00000
95.804,1,95757.000,180383,192000,3999.021,120.0,8,24,2,0.00000
95.804,2,95757.000,180383,192000,3999.021,120.0,8,24,2,0.00000
95.906,0,95859.000,185271,192000,3999.188,120.0,8,24,2,0.00000
95.906,1,95859.000,185271,192000,3999.188,120.0,8,24,2,0.00000
95.906,2,95859.000,185271,192000,3999.188,120.0,8,24,2,0.00000
96.010,0,95963.000,190248,192000,3999.500,120.0,8,24,2,0.00000
96.010,1,95963.000,190248,192000,3999.500,120.0,8,24,2,0.00000
96.010,2,95963.000,190248,192000,3999.500,120.0,8,24,2,0.00000
96.110,0,96064.000,3084,192000,3999.750,120.0,8,25,2,0.00000
96.110,1,96064.000,3084,192000,3999.750,120.0,8,25,2,0.00000
96.110,2,96064.000,3084,192000,3999.750,120.0,8,25,2,0.00000
96.213,0,96166.000,7990,192000,3999.542,120.0,8,25,2,0.00000
96.213,1,96166.000,7990,192000,3999.542,120.0,8,25,2,0.00000
96.213,2,96166.000,7990,192000,3999.542,120.0,8,25,2,0.00000
96.316,0,96269.000,12945,192000,3999.312,120.0,8,25,2,0.00000
96.316,1,96269.000,12945,192000,3999.312,120.0,8,25,2,0.00000
96.316,2,96269.000,12945,192000,3999.312,120.0,8,25,2,0.00000
96.417,0,96370.000,17787,192000,3999.438,120.0,8,25,2,0.00000
96.417,1,96370.000,17787,192000,3999.438,120.0,8,25,2,0.00000
96.417,2,96370.000,17787,192000,3999.438,120.0,8,25,2,0.00000
96.523,0,96476.000,22876,192000,3999.417,120.0,8,25,2,0.00000
96.523,1,96476.000,22876,192000,3999.417,120.0,8,25,2,0.00000
96.523,2,96476.000,22876,192000,3999.417,120.0,8,25,2,0.00000
96.628,0,96582.000,27949,192000,3999.729,120.0,8,25,2,0.00000
96.628,1,96582.000,27949,192000,3999.729,120.0,8,25,2,0.00000
96.628,2,96582.000,27949,192000,3999.729,120.0,8,25,2,0.00000
96.729,0,96682.000,32764,192000,3999.417,120.0,8,25,2,0.00000
96.729,1,96682.000,32764,192000,3999.417,120.0,8,25,2,0.00000
96.729,2,96682.000,32764,192000,3999.417,120.0,8,25,2,0.00000
96.835,0,96789.000,37874,192000,3999.958,120.0,8,25,2,0.00000
96.835,1,96789.000,37874,192000,3999.958,120.0,8,25,2,0.00000
96.835,2,96789.000,37874,192000,3999.958,120.0,8,25,2,0.00000
96.945,0,96898.000,43131,192000,3999.438,120.0,8,25,2,0.00000
96.945,1,96898.000,43131,192000,3999.438,120.0,8,25,2,0.00000
96.945,2,96898.000,43131,192000,3999.438,120.0,8,25,2,0.00000
97.048,0,97002.000,48110,192000,3999.708,120.0,8,25,2,0.00000
97.048,1,97002.000,48110,192000,3999.708,120.0,8,25,2,0.00000
97.048,2,97002.000,48110,192000,3999.708,120.0,8,25,2,0.00000
97.151,0,97104.000,53027,192000,3999.271,120.0,8,25,2,0.00000
97.151,1,97104.000,53027,192000,3999.271,120.0,8,25,2,0.00000
97.151,2,97104.000,53027,192000,3999.271,120.0,8,25,2,0.00000
97.258,0,97212.000,58196,192000,3999.583,120.0,8,25,2,0.00000
97.258,1,97212.000,58196,192000,3999.583,120.0,8,25,2,0.00000
97.258,2,97212.000,58196,192000,3999.583,120.0,8,25,2,0.00000
97.367,0,97320.000,63404,192000,3999.083,120.0,8,25,2,0.00000
97.367,1,97320.000,63404,192000,3999.083,120.0,8,25,2,0.00000
97.367,2,97320.000,63404,192000,3999.083,120.0,8,25,2,0.00000
97.472,0,97425.000,68422,192000,3999.542,120.0,8,25,2,0.00000
97.472,1,97425.000,68422,192000,3999.542,120.0,8,25,2,0.00000
97.472,2,97425.000,68422,192000,3999.542,120.0,8,25,2,0.00000
97.573,0,97526.000,73294,192000,3999.042,120.0,8,25,2,0.00000
97.573,1,97526.000,73294,192000,3999.042,120.0,8,25,2,0.00000
97.573,2,97526.000,73294,192000,3999.042,120.0,8,25,2,0.00000
97.677,0,97630.000,78264,192000,3999.500,120.0,8,25,2,0.00000
97.677,1,97630.000,78264,192000,3999.500,120.0,8,25,2,0.00000
97.677,2,97630.000,78264,192000,3999.500,120.0,8,25,2,0.00000
97.778,0,97731.000,83111,192000,3999.521,120.0,8,25,2,0.00000
97.778,1,97731.000,83111,192000,3999.521,120.0,8,25,2,0.00000
97.778,2,97731.000,83111,192000,3999.521,120.0,8,25,2,0.00000
97.884,0,97837.000,88212,192000,3999.250,120.0,8,25,2,0.00000
97.884,1,97837.000,88212,192000,3999.250,120.0,8,25,2,0.00000
97.884,2,97837.000,88212,192000,3999.250,120.0,8,25,2,0.00000
97.986,0,97939.000,93096,192000,3999.500,120.0,8,25,2,0.00000
97.986,1,97939.000,93096,192000,3999.500,120.0,8,25,2,0.00000
97.986,2,97939.000,93096,192000,3999.500,120.0,8,25,2,0.00000
98.086,0,98040.000,97931,192000,3999.771,120.0,8,25,2,0.00000
98.086,1,98040.000,97931,192000,3999.771,120.0,8,25,2,0.00000
98.086,2,98040.000,97931,192000,3999.771,120.0,8,25,2,0.00000
98.190,0,98143.000,102887,192000,3999.521,120.0,8,25,2,0.00000
98.190,1,98143.000,102887,192000,3999.521,120.0,8,25,2,0.00000
98.190,2,98143.000,102887,192000,3999.521,120.0,8,25,2,0.00000
98.295,0,98248.000,107931,192000,3999.438,120.0,8,25,2,0.00000
98.295,1,98248.000,107931,192000,3999.438,120.0,8,25,2,0.00000
98.295,2,98248.000,107931,192000,3999.438,120.0,8,25,2,0.00000
98.396,0,98349.000,112790,192000,3999.208,120.0,8,25,2,0.00000
98.396,1,98349.000,112790,192000,3999.208,120.0,8,25,2,0.00000
98.396,2,98349.000,112790,192000,3999.208,120.0,8,25,2,0.00000
98.496,0,98450.000,117620,192000,3999.583,120.0,8,25,2,0.00000
98.496,1,98450.000,117620,192000,3999.583,120.0,8,25,2,0.00000
98.496,2,98450.000,117620,192000,3999.583,120.0,8,25,2,0.00000
98.601,0,98554.000,122623,192000,3999.354,120.0,8,25,2,0.00000
98.601,1,98554.000,122623,192000,3999.354,120.0,8,25,2,0.00000
98.601,2,98554.000,122623,192000,3999.354,120.0,8,25,2,0.00000
98.709,0,98663.000,127841,192000,3999.646,120.0,8,25,2,0.00000
98.709,1,98663.000,127841,192000,3999.646,120.0,8,25,2,0.00000
98.709,2,98663.000,127841,192000,3999.646,120.0,8,25,2,0.00000
98.814,0,98767.000,132847,192000,3999.354,120.0,8,25,2,0.00000
98.814,1,98767.000,132847,192000,3999.354,120.0,8,25,2,0.00000
98.814,2,98767.000,132847,192000,3999.354,120.0,8,25,2,0.00000
98.915,0,98869.000,137722,192000,3999.792,120.0,8,25,2,0.00000
98.915,1,98869.000,137722,192000,3999.792,120.0,8,25,2,0.00000
98.915,2,98869.000,137722,192000,3999.792,120.0,8,25,2,0.00000
99.019,0,98973.000,142723,192000,3999.604,120.0,8,25,2,0.00000
99.019,1,98973.000,142723,192000,3999.604,120.0,8,25,2,0.00000
99.019,2,98973.000,142723,192000,3999.604,120.0,8,25,2,0.00000
99.126,0,99079.000,147822,192000,3999.375,120.0,8,25,2,0.00000
99.126,1,99079.000,147822,192000,3999.375,120.0,8,25,2,0.00000
99.126,2,99079.000,147822,192000,3999.375,120.0,8,25,2,0.00000
99.230,0,99183.000,152822,192000,3999.208,120.0,8,25,2,0.00000
99.230,1,99183.000,152822,192000,3999.208,120.0,8,25,2,0.00000
99.230,2,99183.000,152822,192000,3999.208,120.0,8,25,2,0.00000
99.338,0,99291.000,157996,192000,3999.417,120.0,8,25,2,0.00000
99.338,1,99291.000,157996,192000,3999.417,120.0,8,25,2,0.00000
99.338,2,99291.000,157996,192000,3999.417,120.0,8,25,2,0.00000
99.443,0,99397.000,163066,192000,3999.792,120.0,8,25,2,0.00000
99.443,1,99397.000,163066,192000,3999.792,120.0,8,25,2,0.00000
99.443,2,99397.000,163066,192000,3999.792,120.0,8,25,2,0.00000
99.550,0,99504.000,168206,192000,3999.708,120.0,8,25,2,0.00000
99.550,1,99504.000,168206,192000,3999.708,120.0,8,25,2,0.00000
99.550,2,99504.000,168206,192000,3999.708,120.0,8,25,2,0.00000
99.654,0,99607.000,173181,192000,3999.062,120.0,8,25,2,0.00000
99.654,1,99607.000,173181,192000,3999.062,120.0,8,25,2,0.00000
99.654,2,99607.000,173181,192000,3999.062,120.0,8,25,2,0.00000
99.763,0,99717.000,178420,192000,3999.917,120.0,8,25,2,0.00000
99.763,1,99717.000,178420,192000,3999.917,120.0,8,25,2,0.00000
99.763,2,99717.000,178420,192000,3999.917,120.0,8,25,2,0.00000
99.866,0,99820.000,183374,192000,3999.708,120.0,8,25,2,0.00000
99.866,1,99820.000,183374,192000,3999.708,120.0,8,25,2,0.00000
99.866,2,99820.000,183374,192000,3999.708,120.0,8,25,2,0.00000
99.971,0,99924.000,188390,192000,3999.208,120.0,8,25,2,0.00000
99.971,1,99924.000,188390,192000,3999.208,120.0,8,25,2,0.00000
99.971,2,99924.000,188390,192000,3999.208,120.0,8,25,2,0.00000
100.086,0,100039.000,1911,192000,3999.188,120.0,8,26,2,0.00000
100.086,1,100039.000,1911,192000,3999.188,120.0,8,26,2,0.00000
100.086,2,100039.000,1911,192000,3999.188,120.0,8,26,2,0.00000
100.193,0,100146.000,7044,192000,3999.250,120.0,8,26,2,0.00000
100.193,1,100146.000,7044,192000,3999.250,120.0,8,26,2,0.00000
100.193,2,100146.000,7044,192000,3999.250,120.0,8,26,2,0.00000
100.300,0,100254.000,12204,192000,3999.750,120.0,8,26,2,0.00000
100.300,1,100254.000,12204,192000,3999.750,120.0,8,26,2,0.00000
100.300,2,100254.000,12204,192000,3999.750,120.0,8,26,2,0.00000
100.402,0,100356.000,17094,192000,3999.875,120.0,8,26,2,0.00000
100.402,1,100356.000,17094,192000,3999.875,120.0,8,26,2,0.00000
100.402,2,100356.000,17094,192000,3999.875,120.0,8,26,2,0.00000
100.508,0,100462.000,22177,192000,3999.979,120.0,8,26,2,0.00000
100.508,1,100462.000,22177,192000,3999.979,120.0,8,26,2,0.00000
100.508,2,100462.000,22177,192000,3999.979,120.0,8,26,2,0.00000
100.614,0,100567.000,27247,192000,3999.354,120.0,8,26,2,0.00000
100.614,1,100567.000,27247,192000,3999.354,120.0,8,26,2,0.00000
100.614,2,100567.000,27247,192000,3999.354,120.0,8,26,2,0.00000
100.721,0,100674.000,32389,192000,3999.229,120.0,8,26,2,0.00000
100.721,1,100674.000,32389,192000,3999.229,120.0,8,26,2,0.00000
100.721,2,100674.000,32389,192000,3999.229,120.0,8,26,2,0.00000
100.827,0,100781.000,37495,192000,3999.854,120.0,8,26,2,0.00000
100.827,1,100781.000,37495,192000,3999.854,120.0,8,26,2,0.00000
100.827,2,100781.000,37495,192000,3999.854,120.0,8,26,2,0.00000
100.928,0,100881.000,42334,192000,3999.042,120.0,8,26,2,0.00000
100.928,1,100881.000,42334,192000,3999.042,120.0,8,26,2,0.00000
100.928,2,100881.000,42334,192000,3999.042,120.0,8,26,2,0.00000
101.029,0,100982.000,47174,192000,3999.208,120.0,8,26,2,0.00000
101.029,1,100982.000,47174,192000,3999.208,120.0,8,26,2,0.00000
101.029,2,100982.000,47174,192000,3999.208,120.0,8,26,2,0.00000
101.132,0,101086.000,52148,192000,3999.583,120.0,8,26,2,0.00000
101.132,1,101086.000,52148,192000,3999.583,120.0,8,26,2,0.00000
101.132,2,101086.000,52148,192000,3999.583,120.0,8,26,2,0.00000
101.234,0,101188.000,57033,192000,3999.812,120.0,8,26,2,0.00000
101.234,1,101188.000,57033,192000,3999.812,120.0,8,26,2,0.00000
101.234,2,101188.000,57033,192000,3999.812,120.0,8,26,2,0.00000
101.343,0,101297.000,62260,192000,3999.917,120.0,8,26,2,0.00000
101.343,1,101297.000,62260,192000,3999.917,120.0,8,26,2,0.00000
101.343,2,101297.000,62260,192000,3999.917,120.0,8,26,2,0.00000
101.450,0,101404.000,67402,192000,3999.792,120.0,8,26,2,0.00000
101.450,1,101404.000,67402,192000,3999.792,120.0,8,26,2,0.00000
101.450,2,101404.000,67402,192000,3999.792,120.0,8,26,2,0.00000
101.553,0,101507.000,72355,192000,3999.604,120.0,8,26,2,0.00000
101.553,1,101507.000,72355,192000,3999.604,120.0,8,26,2,0.00000
101.553,2,101507.000,72355,192000,3999.604,120.0,8,26,2,0.00000
101.657,0,101611.000,77330,192000,3999.958,120.0,8,26,2,0.00000
101.657,1,101611.000,77330,192000,3999.958,120.0,8,26,2,0.00000
101.657,2,101611.000,77330,192000,3999.958,120.0,8,26,2,0.00000
101.761,0,101714.000,82319,192000,3999.021,120.0,8,26,2,0.00000
101.761,1,101714.000,82319,192000,3999.021,120.0,8,26,2,0.00000
101.761,2,101714.000,82319,192000,3999.021,120.0,8,26,2,0.00000
101.867,0,101820.000,87399,192000,3999.188,120.0,8,26,2,0.00000
101.867,1,101820.000,87399,192000,3999.188,120.0,8,26,2,0.00000
101.867,2,101820.000,87399,192000,3999.188,120.0,8,26,2,0.00000
101.971,0,101924.000,92381,192000,3999.396,120.0,8,26,2,0.00000
101.971,1,101924.000,92381,192000,3999.396,120.0,8,26,2,0.00000
101.971,2,101924.000,92381,192000,3999.396,120.0,8,26,2,0.00000
102.072,0,102026.000,97256,192000,3999.833,120.0,8,26,2,0.00000
102.072,1,102026.000,97256,192000,3999.833,120.0,8,26,2,0.00000
102.072,2,102026.000,97256,192000,3999.833,120.0,8,26,2,0.00000
102.178,0,102132.000,102348,192000,3999.750,120.0,8,26,2,0.00000
102.178,1,102132.000,102348,192000,3999.750,120.0,8,26,2,0.00000
102.178,2,102132.000,102348,192000,3999.750,120.0,8,26,2,0.00000
102.283,0,102237.000,107389,192000,3999.729,120.0,8,26,2,0.00000
102.283,1,102237.000,107389,192000,3999.729,120.0,8,26,2,0.00000
102.283,2,102237.000,107389,192000,3999.729,120.0,8,26,2,0.00000
102.389,0,102343.000,112473,192000,3999.812,120.0,8,26,2,0.00000
102.389,1,102343.000,112473,192000,3999.812,120.0,8,26,2,0.00000
102.389,2,102343.000,112473,192000,3999.812,120.0,8,26,2,0.00000
102.490,0,102444.000,117329,192000,3999.646,120.0,8,26,2,0.00000
102.490,1,102444.000,117329,192000,3999.646,120.0,8,26,2,0.00000
102.490,2,102444.000,117329,192000,3999.646,120.0,8,26,2,0.00000
102.597,0,102550.000,122441,192000,3999.146,120.0,8,26,2,0.00000
102.597,1,102550.000,122441,192000,3999.146,120.0,8,26,2,0.00000
102.597,2,102550.000,122441,192000,3999.146,120.0,8,26,2,0.00000
102.699,0,102652.000,127329,192000,3999.312,120.0,8,26,2,0.00000
102.699,1,102652.000,127329,192000,3999.312,120.0,8,26,2,0.00000
102.699,2,102652.000,127329,192000,3999.312,120.0,8,26,2,0.00000
102.803,0,102757.000,132345,192000,3999.812,120.0,8,26,2,0.00000
102.803,1,102757.000,132345,192000,3999.812,120.0,8,26,2,0.00000
102.803,2,102757.000,132345,192000,3999.812,120.0,8,26,2,0.00000
102.904,0,102858.000,137192,192000,3999.833,120.0,8,26,2,0.00000
102.904,1,102858.000,137192,192000,3999.833,120.0,8,26,2,0.00000
102.904,2,102858.000,137192,192000,3999.833,120.0,8,26,2,0.00000
103.004,0,102958.000,142004,192000,3999.583,120.0,8,26,2,0.00000
103.004,1,102958.000,142004,192000,3999.583,120.0,8,26,2,0.00000
103.004,2,102958.000,142004,192000,3999.583,120.0,8,26,2,0.00000
103.110,0,103063.000,147050,192000,3999.458,120.0,8,26,2,0.00000
103.110,1,103063.000,147050,192000,3999.458,120.0,8,26,2,0.00000
103.110,2,103063.000,147050,192000,3999.458,120.0,8,26,2,0.00000
103.211,0,103165.000,151926,192000,3999.875,120.0,8,26,2,0.00000
103.211,1,103165.000,151926,192000,3999.875,120.0,8,26,2,0.00000
103.211,2,103165.000,151926,192000,3999.875,120.0,8,26,2,0.00000
103.316,0,103270.000,156980,192000,3999.583,120.0,8,26,2,0.00000
103.316,1,103270.000,156980,192000,3999.583,120.0,8,26,2,0.00000
103.316,2,103270.000,156980,192000,3999.583,120.0,8,26,2,0.00000
103.422,0,103376.000,162065,192000,3999.646,120.0,8,26,2,0.00000
103.422,1,103376.000,162065,192000,3999.646,120.0,8,26,2,0.00000
103.422,2,103376.000,162065,192000,3999.646,120.0,8,26,2,0.00000
103.529,0,103482.000,167160,192000,3999.500,120.0,8,26,2,0.00000
103.529,1,103482.000,167160,192000,3999.500,120.0,8,26,2,0.00000
103.529,2,103482.000,167160,192000,3999.500,120.0,8,26,2,0.00000
103.635,0,103589.000,172283,192000,3999.771,120.0,8,26,2,0.00000
103.635,1,103589.000,172283,192000,3999.771,120.0,8,26,2,0.00000
103.635,2,103589.000,172283,192000,3999.771,120.0,8,26,2,0.00000
103.736,0,103689.000,177109,192000,3999.229,120.0,8,26,2,0.00000
103.736,1,103689.000,177109,192000,3999.229,120.0,8,26,2,0.00000
103.736,2,103689.000,177109,192000,3999.229,120.0,8,26,2,0.00000
103.836,0,103790.000,181922,192000,3999.958,120.0,8,26,2,0.00000
103.836,1,103790.000,181922,192000,3999.958,120.0,8,26,2,0.00000
103.836,2,103790.000,181922,192000,3999.958,120.0,8,26,2,0.00000
103.941,0,103895.000,186974,192000,3999.708,120.0,8,26,2,0.00000
103.941,1,103895.000,186974,192000,3999.708,120.0,8,26,2,0.00000
103.941,2,103895.000,186974,192000,3999.708,120.0,8,26,2,0.00000
104.042,0,103996.000,191821,192000,3999.729,120.0,8,26,2,0.00000
104.042,1,103996.000,191821,192000,3999.729,120.0,8,26,2,0.00000
104.042,2,103996.000,191821,192000,3999.729,120.0,8,26,2,0.00000
104.148,0,104102.000,4898,192000,3999.958,120.0,8,27,2,0.09661
104.148,1,104102.000,4898,192000,3999.958,120.0,8,27,2,0.09652
104.148,2,104102.000,4898,192000,3999.958,120.0,8,27,2,0.09661
104.250,0,104203.000,9790,192000,3999.042,120.0,8,27,2,0.06323
104.250,1,104203.000,9790,192000,3999.042,120.0,8,27,2,0.06317
104.250,2,104203.000,9790,192000,3999.042,120.0,8,27,2,0.06323
104.357,0,104311.000,14943,192000,3999.688,120.0,8,27,2,0.04046
104.357,1,104311.000,14943,192000,3999.688,120.0,8,27,2,0.04042
104.357,2,104311.000,14943,192000,3999.688,120.0,8,27,2,0.04046
104.461,0,104414.000,19912,192000,3999.167,120.0,8,27,2,0.02631
104.461,1,104414.000,19912,192000,3999.167,120.0,8,27,2,0.02628
104.461,2,104414.000,19912,192000,3999.167,120.0,8,27,2,0.02631
104.564,0,104517.000,24852,192000,3999.250,120.0,8,27,2,0.01715
104.564,1,104517.000,24852,192000,3999.250,120.0,8,27,2,0.01713
104.564,2,104517.000,24852,192000,3999.250,120.0,8,27,2,0.01715
104.665,0,104619.000,29721,192000,3999.812,120.0,8,27,2,0.01124
104.665,1,104619.000,29721,192000,3999.812,120.0,8,27,2,0.01123
104.665,2,104619.000,29721,192000,3999.812,120.0,8,27,2,0.01124
104.766,0,104719.000,34538,192000,3999.458,120.0,8,27,2,0.00741
104.766,1,104719.000,34538,192000,3999.458,120.0,8,27,2,0.00740
104.766,2,104719.000,34538,192000,3999.458,120.0,8,27,2,0.00741
104.871,0,104824.000,39575,192000,3999.521,120.0,8,27,2,0.00479
104.871,1,104824.000,39575,192000,3999.521,120.0,8,27,2,0.00478
104.871,2,104824.000,39575,192000,3999.521,120.0,8,27,2,0.00479
104.975,0,104929.000,44601,192000,3999.812,120.0,8,27,2,0.00310
104.975,1,104929.000,44601,192000,3999.812,120.0,8,27,2,0.00309
104.975,2,104929.000,44601,192000,3999.812,120.0,8,27,2,0.00310
105.080,0,105033.000,49614,192000,3999.375,120.0,8,27,2,0.00201
105.080,1,105033.000,49614,192000,3999.375,120.0,8,27,2,0.00200
105.080,2,105033.000,49614,192000,3999.375,120.0,8,27,2,0.00201
105.181,0,105134.000,54460,192000,3999.417,120.0,8,27,2,0.00132
105.181,1,105134.000,54460,192000,3999.417,120.0,8,27,2,0.00132
105.181,2,105134.000,54460,192000,3999.417,120.0,8,27,2,0.00132
105.287,0,105241.000,59569,192000,3999.979,120.0,8,27,2,0.00085
105.287,1,105241.000,59569,192000,3999.979,120.0,8,27,2,0.00085
105.287,2,105241.000,59569,192000,3999.979,120.0,8,27,2,0.00085
105.390,0,105343.000,64508,192000,3999.083,120.0,8,27,2,0.00055
105.390,1,105343.000,64508,192000,3999.083,120.0,8,27,2,0.00055
105.390,2,105343.000,64508,192000,3999.083,120.0,8,27,2,0.00055
105.491,0,105445.000,69361,192000,3999.979,120.0,8,27,2,0.00036
105.491,1,105445.000,69361,192000,3999.979,120.0,8,27,2,0.00036
105.491,2,105445.000,69361,192000,3999.979,120.0,8,27,2,0.00036
105.591,0,105545.000,74172,192000,3999.750,120.0,8,27,2,0.00024
105.591,1,105545.000,74172,192000,3999.750,120.0,8,27,2,0.00024
105.591,2,105545.000,74172,192000,3999.750,120.0,8,27,2,0.00024
105.694,0,105648.000,79109,192000,3999.896,120.0,8,27,2,0.00016
105.694,1,105648.000,79109,192000,3999.896,120.0,8,27,2,0.00016
105.694,2,105648.000,79109,192000,3999.896,120.0,8,27,2,0.00016
105.795,0,105749.000,83955,192000,3999.938,120.0,8,27,2,0.00010
105.795,1,105749.000,83955,192000,3999.938,120.0,8,27,2,0.00010
105.795,2,105749.000,83955,192000,3999.938,120.0,8,27,2,0.00010
105.905,0,105859.000,89248,192000,3999.667,120.0,8,27,2,0.00006
105.905,1,105859.000,89248,192000,3999.667,120.0,8,27,2,0.00006
105.905,2,105859.000,89248,192000,3999.667,120.0,8,27,2,0.00006
106.008,0,105961.000,94153,192000,3999.479,120.0,8,27,2,0.00004
106.008,1,105961.000,94153,192000,3999.479,120.0,8,27,2,0.00004
106.008,2,105961.000,94153,192000,3999.479,120.0,8,27,2,0.00004
106.109,0,106062.000,99022,192000,3999.042,120.0,8,27,2,0.00003
106.109,1,106062.000,99022,192000,3999.042,120.0,8,27,2,0.00003
106.109,2,106062.000,99022,192000,3999.042,120.0,8,27,2,0.00003
106.209,0,106162.000,103822,192000,3999.042,120.0,8,27,2,0.00002
106.209,1,106162.000,103822,192000,3999.042,120.0,8,27,2,0.00002
106.209,2,106162.000,103822,192000,3999.042,120.0,8,27,2,0.00002
106.314,0,106267.000,108847,192000,3999.354,120.0,8,27,2,0.00001
106.314,1,106267.000,108847,192000,3999.354,120.0,8,27,2,0.00001
106.314,2,106267.000,108847,192000,3999.354,120.0,8,27,2,0.00001
106.419,0,106373.000,113910,192000,3999.875,120.0,8,27,2,0.00001
106.419,1,106373.000,113910,192000,3999.875,120.0,8,27,2,0.00001
106.419,2,106373.000,113910,192000,3999.875,120.0,8,27,2,0.00001
106.524,0,106477.000,118930,192000,3999.292,120.0,8,27,2,0.00000
106.524,1,106477.000,118930,192000,3999.292,120.0,8,27,2,0.00000
106.524,2,106477.000,118930,192000,3999.292,120.0,8,27,2,0.00000
106.633,0,106586.000,124173,192000,3999.062,120.0,8,27,2,0.00000
106.633,1,106586.000,124173,192000,3999.062,120.0,8,27,2,0.00000
106.633,2,106586.000,124173,192000,3999.062,120.0,8,27,2,0.00000
106.742,0,106695.000,129387,192000,3999.438,120.0,8,27,2,0.00000
106.742,1,106695.000,129387,192000,3999.438,120.0,8,27,2,0.00000
106.742,2,106695.000,129387,192000,3999.438,120.0,8,27,2,0.00000
106.842,0,106796.000,134223,192000,3999.688,120.0,8,27,2,0.00000
106.842,1,106796.000,134223,192000,3999.688,120.0,8,27,2,0.00000
106.842,2,106796.000,134223,192000,3999.688,120.0,8,27,2,0.00000
106.945,0,106898.000,139139,192000,3999.271,120.0,8,27,2,0.00000
106.945,1,106898.000,139139,192000,3999.271,120.0,8,27,2,0.00000
106.945,2,106898.000,139139,192000,3999.271,120.0,8,27,2,0.00000
107.049,0,107003.000,144155,192000,3999.771,120.0,8,27,2,0.00000
107.049,1,107003.000,144155,192000,3999.771,120.0,8,27,2,0.00000
107.049,2,107003.000,144155,192000,3999.771,120.0,8,27,2,0.00000
107.158,0,107112.000,149387,192000,3999.771,120.0,8,27,2,0.00000
107.158,1,107112.000,149387,192000,3999.771,120.0,8,27,2,0.00000
107.158,2,107112.000,149387,192000,3999.771,120.0,8,27,2,0.00000
107.261,0,107214.000,154296,192000,3999.500,120.0,8,27,2,0.00000
107.261,1,107214.000,154296,192000,3999.500,120.0,8,27,2,0.00000
107.261,2,107214.000,154296,192000,3999.500,120.0,8,27,2,0.00000
107.364,0,107318.000,159270,192000,3999.875,120.0,8,27,2,0.00000
107.364,1,107318.000,159270,192000,3999.875,120.0,8,27,2,0.00000
107.364,2,107318.000,159270,192000,3999.875,120.0,8,27,2,0.00000
107.474,0,107427.000,164522,192000,3999.458,120.0,8,27,2,0.00000
107.474,1,107427.000,164522,192000,3999.458,120.0,8,27,2,0.00000
107.474,2,107427.000,164522,192000,3999.458,120.0,8,27,2,0.00000
107.579,0,107532.000,169579,192000,3999.104,120.0,8,27,2,0.00000
107.579,1,107532.000,169579,192000,3999.104,120.0,8,27,2,0.00000
107.579,2,107532.000,169579,192000,3999.104,120.0,8,27,2,0.00000
107.683,0,107636.000,174559,192000,3999.354,120.0,8,27,2,0.00000
107.683,1,107636.000,174559,192000,3999.354,120.0,8,27,2,0.00000
107.683,2,107636.000,174559,192000,3999.354,120.0,8,27,2,0.00000
107.788,0,107742.000,179626,192000,3999.792,120.0,8,27,2,0.00000
107.788,1,107742.000,179626,192000,3999.792,120.0,8,27,2,0.00000
107.788,2,107742.000,179626,192000,3999.792,120.0,8,27,2,0.00000
107.894,0,107847.000,184679,192000,3999.521,120.0,8,27,2,0.00000
107.894,1,107847.000,184679,192000,3999.521,120.0,8,27,2,0.00000
107.894,2,107847.000,184679,192000,3999.521,120.0,8,27,2,0.00000
107.994,0,107947.000,189499,192000,3999.104,120.0,8,27,2,0.00000
107.994,1,107947.000,189499,192000,3999.104,120.0,8,27,2,0.00000
107.994,2,107947.000,189499,192000,3999.104,120.0,8,27,2,0.00000
108.095,0,108048.000,2332,192000,3999.417,120.0,8,28,2,0.00000
108.095,1,108048.000,2332,192000,3999.417,120.0,8,28,2,0.00000
108.095,2,108048.000,2332,192000,3999.417,120.0,8,28,2,0.00000
108.200,0,108154.000,7410,192000,3999.625,120.0,8,28,2,0.00000
108.200,1,108154.000,7410,192000,3999.625,120.0,8,28,2,0.00000
108.200,2,108154.000,7410,192000,3999.625,120.0,8,28,2,0.00000
108.303,0,108257.000,12347,192000,3999.771,120.0,8,28,2,0.00000
108.303,1,108257.000,12347,192000,3999.771,120.0,8,28,2,0.00000
108.303,2,108257.000,12347,192000,3999.771,120.0,8,28,2,0.00000
108.404,0,108357.000,17157,192000,3999.562,120.0,8,28,2,0.00000
108.404,1,108357.000,17157,192000,3999.562,120.0,8,28,2,0.00000
108.404,2,108357.000,17157,192000,3999.562,120.0,8,28,2,0.00000
108.504,0,108457.000,21972,192000,3999.250,120.0,8,28,2,0.00000
108.504,1,108457.000,21972,192000,3999.250,120.0,8,28,2,0.00000
108.504,2,108457.000,21972,192000,3999.250,120.0,8,28,2,0.00000
108.608,0,108562.000,26995,192000,3999.604,120.0,8,28,2,0.00000
108.608,1,108562.000,26995,192000,3999.604,120.0,8,28,2,0.00000
108.608,2,108562.000,26995,192000,3999.604,120.0,8,28,2,0.00000
108.710,0,108664.000,31877,192000,3999.896,120.0,8,28,2,0.00000
108.710,1,108664.000,31877,192000,3999.896,120.0,8,28,2,0.00000
108.710,2,108664.000,31877,192000,3999.896,120.0,8,28,2,0.00000
108.813,0,108767.000,36822,192000,3999.875,120.0,8,28,2,0.00000
108.813,1,108767.000,36822,192000,3999.875,120.0,8,28,2,0.00000
108.813,2,108767.000,36822,192000,3999.875,120.0,8,28,2,0.00000
108.914,0,108867.000,41656,192000,3999.167,120.0,8,28,2,0.00000
108.914,1,108867.000,41656,192000,3999.167,120.0,8,28,2,0.00000
108.914,2,108867.000,41656,192000,3999.167,120.0,8,28,2,0.00000
109.018,0,108972.000,46666,192000,3999.792,120.0,8,28,2,0.00000
109.018,1,108972.000,46666,192000,3999.792,120.0,8,28,2,0.00000
109.018,2,108972.000,46666,192000,3999.792,120.0,8,28,2,0.00000
109.122,0,109075.000,51638,192000,3999.208,120.0,8,28,2,0.00000
109.122,1,109075.000,51638,192000,3999.208,120.0,8,28,2,0.00000
109.122,2,109075.000,51638,192000,3999.208,120.0,8,28,2,0.00000
109.227,0,109180.000,56664,192000,3999.500,120.0,8,28,2,0.00000
109.227,1,109180.000,56664,192000,3999.500,120.0,8,28,2,0.00000
109.227,2,109180.000,56664,192000,3999.500,120.0,8,28,2,0.00000
109.327,0,109280.000,61466,192000,3999.458,120.0,8,28,2,0.00000
109.327,1,109280.000,61466,192000,3999.458,120.0,8,28,2,0.00000
109.327,2,109280.000,61466,192000,3999.458,120.0,8,28,2,0.00000
109.431,0,109384.000,66479,192000,3999.021,120.0,8,28,2,0.00000
109.431,1,109384.000,66479,192000,3999.021,120.0,8,28,2,0.00000
109.431,2,109384.000,66479,192000,3999.021,120.0,8,28,2,0.00000
109.534,0,109487.000,71422,192000,3999.042,120.0,8,28,2,0.00000
109.534,1,109487.000,71422,192000,3999.042,120.0,8,28,2,0.00000
109.534,2,109487.000,71422,192000,3999.042,120.0,8,28,2,0.00000
109.636,0,109589.000,76307,192000,3999.271,120.0,8,28,2,0.00000
109.636,1,109589.000,76307,192000,3999.271,120.0,8,28,2,0.00000
109.636,2,109589.000,76307,192000,3999.271,120.0,8,28,2,0.00000
109.740,0,109694.000,81325,192000,3999.729,120.0,8,28,2,0.00000
109.740,1,109694.000,81325,192000,3999.729,120.0,8,28,2,0.00000
109.740,2,109694.000,81325,192000,3999.729,120.0,8,28,2,0.00000
109.844,0,109798.000,86316,192000,3999.750,120.0,8,28,2,0.00000
109.844,1,109798.000,86316,192000,3999.750,120.0,8,28,2,0.00000
109.844,2,109798.000,86316,192000,3999.750,120.0,8,28,2,0.00000
109.947,0,109901.000,91264,192000,3999.667,120.0,8,28,2,0.00000
109.947,1,109901.000,91264,192000,3999.667,120.0,8,28,2,0.00000
109.947,2,109901.000,91264,192000,3999.667,120.0,8,28,2,0.00000
110.049,0,110002.000,96139,192000,3999.104,120.0,8,28,2,0.00000
110.049,1,110002.000,96139,192000,3999.104,120.0,8,28,2,0.00000
110.049,2,110002.000,96139,192000,3999.104,120.0,8,28,2,0.00000
110.157,0,110111.000,101329,192000,3999.979,120.0,8,28,2,0.00000
110.157,1,110111.000,101329,192000,3999.979,120.0,8,28,2,0.00000
110.157,2,110111.000,101329,192000,3999.979,120.0,8,28,2,0.00000
110.258,0,110211.000,106154,192000,3999.458,120.0,8,28,2,0.00000
110.258,1,110211.000,106154,192000,3999.458,120.0,8,28,2,0.00000
110.258,2,110211.000,106154,192000,3999.458,120.0,8,28,2,0.00000
110.360,0,110313.000,111067,192000,3999.104,120.0,8,28,2,0.00000
110.360,1,110313.000,111067,192000,3999.104,120.0,8,28,2,0.00000
110.360,2,110313.000,111067,192000,3999.104,120.0,8,28,2,0.00000
110.460,0,110413.000,115871,192000,3999.021,120.0,8,28,2,0.00000
110.460,1,110413.000,115871,192000,3999.021,120.0,8,28,2,0.00000
110.460,2,110413.000,115871,192000,3999.021,120.0,8,28,2,0.00000
110.567,0,110520.000,120990,192000,3999.375,120.0,8,28,2,0.00000
110.567,1,110520.000,120990,192000,3999.375,120.0,8,28,2,0.00000
110.567,2,110520.000,120990,192000,3999.375,120.0,8,28,2,0.00000
110.676,0,110630.000,126240,192000,0.000,120.0,8,28,2,0.00000
110.676,1,110630.000,126240,192000,0.000,120.0,8,28,2,0.00000
110.676,2,110630.000,126240,192000,0.000,120.0,8,28,2,0.00000
110.776,0,110730.000,131044,192000,3999.917,120.0,8,28,2,0.00000
110.776,1,110730.000,131044,192000,3999.917,120.0,8,28,2,0.00000
110.776,2,110730.000,131044,192000,3999.917,120.0,8,28,2,0.00000
110.878,0,110831.000,135935,192000,3999.021,120.0,8,28,2,0.00000
110.878,1,110831.000,135935,192000,3999.021,120.0,8,28,2,0.00000
110.878,2,110831.000,135935,192000,3999.021,120.0,8,28,2,0.00000
110.985,0,110939.000,141088,192000,3999.667,120.0,8,28,2,0.00000
110.985,1,110939.000,141088,192000,3999.667,120.0,8,28,2,0.00000
110.985,2,110939.000,141088,192000,3999.667,120.0,8,28,2,0.00000
111.090,0,111043.000,146101,192000,3999.229,120.0,8,28,2,0.00000
111.090,1,111043.000,146101,192000,3999.229,120.0,8,28,2,0.00000
111.090,2,111043.000,146101,192000,3999.229,120.0,8,28,2,0.00000
111.201,0,111154.000,151422,192000,3999.375,120.0,8,28,2,0.00000
111.201,1,111154.000,151422,192000,3999.375,120.0,8,28,2,0.00000
111.201,2,111154.000,151422,192000,3999.375,120.0,8,28,2,0.00000
111.309,0,111262.000,156622,192000,3999.042,120.0,8,28,2,0.00000
111.309,1,111262.000,156622,192000,3999.042,120.0,8,28,2,0.00000
111.309,2,111262.000,156622,192000,3999.042,120.0,8,28,2,0.00000
111.413,0,111366.000,161593,192000,3999.479,120.0,8,28,2,0.00000
111.413,1,111366.000,161593,192000,3999.479,120.0,8,28,2,0.00000
111.413,2,111366.000,161593,192000,3999.479,120.0,8,28,2,0.00000
111.516,0,111470.000,166563,192000,3999.938,120.0,8,28,2,0.00000
111.516,1,111470.000,166563,192000,3999.938,120.0,8,28,2,0.00000
111.516,2,111470.000,166563,192000,3999.938,120.0,8,28,2,0.00000
111.617,0,111570.000,171392,192000,3999.333,120.0,8,28,2,0.00000
111.617,1,111570.000,171392,192000,3999.333,120.0,8,28,2,0.00000
111.617,2,111570.000,171392,192000,3999.333,120.0,8,28,2,0.00000
111.721,0,111674.000,176391,192000,3999.188,120.0,8,28,2,0.00000
111.721,1,111674.000,176391,192000,3999.188,120.0,8,28,2,0.00000
111.721,2,111674.000,176391,192000,3999.188,120.0,8,28,2,0.00000
111.824,0,111777.000,181328,192000,3999.333,120.0,8,28,2,0.00000
111.824,1,111777.000,181328,192000,3999.333,120.0,8,28,2,0.00000
111.824,2,111777.000,181328,192000,3999.333,120.0,8,28,2,0.00000
111.929,0,111882.000,186370,192000,3999.292,120.0,8,28,2,0.00000
111.929,1,111882.000,186370,192000,3999.292,120.0,8,28,2,0.00000
111.929,2,111882.000,186370,192000,3999.292,120.0,8,28,2,0.00000
112.032,0,111986.000,191331,192000,3999.938,120.0,8,28,2,0.00000
112.032,1,111986.000,191331,192000,3999.938,120.0,8,28,2,0.00000
112.032,2,111986.000,191331,192000,3999.938,120.0,8,28,2,0.00000
112.139,0,112092.000,4447,192000,3999.354,120.0,8,29,2,0.00000
112.139,1,112092.000,4447,192000,3999.354,120.0,8,29,2,0.00000
112.139,2,112092.000,4447,192000,3999.354,120.0,8,29,2,0.00000
112.242,0,112195.000,9384,192000,3999.500,120.0,8,29,2,0.00000
112.242,1,112195.000,9384,192000,3999.500,120.0,8,29,2,0.00000
112.242,2,112195.000,9384,192000,3999.500,120.0,8,29,2,0.00000
112.348,0,112301.000,14490,192000,3999.125,120.0,8,29,2,0.00000
112.348,1,112301.000,14490,192000,3999.125,120.0,8,29,2,0.00000
112.348,2,112301.000,14490,192000,3999.125,120.0,8,29,2,0.00000
112.451,0,112405.000,19440,192000,0.000,120.0,8,29,2,0.00000
112.451,1,112405.000,19440,192000,0.000,120.0,8,29,2,0.00000
112.451,2,112405.000,19440,192000,0.000,120.0,8,29,2,0.00000
112.562,0,112516.000,24771,192000,3999.938,120.0,8,29,2,0.00000
112.562,1,112516.000,24771,192000,3999.938,120.0,8,29,2,0.00000
112.562,2,112516.000,24771,192000,3999.938,120.0,8,29,2,0.00000
112.662,0,112616.000,29581,192000,3999.729,120.0,8,29,2,0.00000
112.662,1,112616.000,29581,192000,3999.729,120.0,8,29,2,0.00000
112.662,2,112616.000,29581,192000,3999.729,120.0,8,29,2,0.00000
112.765,0,112719.000,34524,192000,3999.750,120.0,8,29,2,0.00000
112.765,1,112719.000,34524,192000,3999.750,120.0,8,29,2,0.00000
112.765,2,112719.000,34524,192000,3999.750,120.0,8,29,2,0.00000
112.872,0,112825.000,39644,192000,3999.083,120.0,8,29,2,0.00000
112.872,1,112825.000,39644,192000,3999.083,120.0,8,29,2,0.00000
112.872,2,112825.000,39644,192000,3999.083,120.0,8,29,2,0.00000
112.977,0,112930.000,44664,192000,3999.500,120.0,8,29,2,0.00000
112.977,1,112930.000,44664,192000,3999.500,120.0,8,29,2,0.00000
112.977,2,112930.000,44664,192000,3999.500,120.0,8,29,2,0.00000
113.079,0,113032.000,49568,192000,3999.333,120.0,8,29,2,0.00000
113.079,1,113032.000,49568,192000,3999.333,120.0,8,29,2,0.00000
113.079,2,113032.000,49568,192000,3999.333,120.0,8,29,2,0.00000
113.185,0,113139.000,54672,192000,0.000,120.0,8,29,2,0.00000
113.185,1,113139.000,54672,192000,0.000,120.0,8,29,2,0.00000
113.185,2,113139.000,54672,192000,0.000,120.0,8,29,2,0.00000
113.291,0,113244.000,59750,192000,3999.208,120.0,8,29,2,0.00000
113.291,1,113244.000,59750,192000,3999.208,120.0,8,29,2,0.00000
113.291,2,113244.000,59750,192000,3999.208,120.0,8,29,2,0.00000
113.397,0,113350.000,64844,192000,3999.083,120.0,8,29,2,0.00000
113.397,1,113350.000,64844,192000,3999.083,120.0,8,29,2,0.00000
113.397,2,113350.000,64844,192000,3999.083,120.0,8,29,2,0.00000
113.503,0,113457.000,69936,192000,0.000,120.0,8,29,2,0.00000
113.503,1,113457.000,69936,192000,0.000,120.0,8,29,2,0.00000
113.503,2,113457.000,69936,192000,0.000,120.0,8,29,2,0.00000
113.607,0,113560.000,74924,192000,3999.083,120.0,8,29,2,0.00000
113.607,1,113560.000,74924,192000,3999.083,120.0,8,29,2,0.00000
113.607,2,113560.000,74924,192000,3999.083,120.0,8,29,2,0.00000
113.714,0,113668.000,80068,192000,3999.917,120.0,8,29,2,0.00000
113.714,1,113668.000,80068,192000,3999.917,120.0,8,29,2,0.00000
113.714,2,113668.000,80068,192000,3999.917,120.0,8,29,2,0.00000
113.818,0,113771.000,85047,192000,3999.188,120.0,8,29,2,0.00000
113.818,1,113771.000,85047,192000,3999.188,120.0,8,29,2,0.00000
113.818,2,113771.000,85047,192000,3999.188,120.0,8,29,2,0.00000
113.918,0,113872.000,89865,192000,3999.812,120.0,8,29,2,0.00000
113.918,1,113872.000,89865,192000,3999.812,120.0,8,29,2,0.00000
113.918,2,113872.000,89865,192000,3999.812,120.0,8,29,2,0.00000
114.027,0,113980.000,95084,192000,3999.083,120.0,8,29,2,0.00000
114.027,1,113980.000,95084,192000,3999.083,120.0,8,29,2,0.00000
114.027,2,113980.000,95084,192000,3999.083,120.0,8,29,2,0.00000
114.128,0,114081.000,99925,192000,3999.229,120.0,8,29,2,0.00000
114.128,1,114081.000,99925,192000,3999.229,120.0,8,29,2,0.00000
114.128,2,114081.000,99925,192000,3999.229,120.0,8,29,2,0.00000
114.231,0,114184.000,104859,192000,3999.438,120.0,8,29,2,0.00000
114.231,1,114184.000,104859,192000,3999.438,120.0,8,29,2,0.00000
114.231,2,114184.000,104859,192000,3999.438,120.0,8,29,2,0.00000
114.339,0,114293.000,110072,192000,3999.833,120.0,8,29,2,0.00000
114.339,1,114293.000,110072,192000,3999.833,120.0,8,29,2,0.00000
114.339,2,114293.000,110072,192000,3999.833,120.0,8,29,2,0.00000
114.442,0,114396.000,115018,192000,3999.792,120.0,8,29,2,0.00000
114.442,1,114396.000,115018,192000,3999.792,120.0,8,29,2,0.00000
114.442,2,114396.000,115018,192000,3999.792,120.0,8,29,2,0.00000
114.551,0,114504.000,120223,192000,3999.354,120.0,8,29,2,0.00000
114.551,1,114504.000,120223,192000,3999.354,120.0,8,29,2,0.00000
114.551,2,114504.000,120223,192000,3999.354,120.0,8,29,2,0.00000
114.653,0,114606.000,125120,192000,3999.333,120.0,8,29,2,0.00000
114.653,1,114606.000,125120,192000,3999.333,120.0,8,29,2,0.00000
114.653,2,114606.000,125120,192000,3999.333,120.0,8,29,2,0.00000
114.760,0,114713.000,130264,192000,3999.167,120.0,8,29,2,0.00000
114.760,1,114713.000,130264,192000,3999.167,120.0,8,29,2,0.00000
114.760,2,114713.000,130264,192000,3999.167,120.0,8,29,2,0.00000
114.869,0,114822.000,135495,192000,3999.188,120.0,8,29,2,0.00000
114.869,1,114822.000,135495,192000,3999.188,120.0,8,29,2,0.00000
114.869,2,114822.000,135495,192000,3999.188,120.0,8,29,2,0.00000
114.970,0,114923.000,140341,192000,3999.229,120.0,8,29,2,0.00000
114.970,1,114923.000,140341,192000,3999.229,120.0,8,29,2,0.00000
114.970,2,114923.000,140341,192000,3999.229,120.0,8,29,2,0.00000
115.075,0,115028.000,145376,192000,3999.333,120.0,8,29,2,0.00000
115.075,1,115028.000,145376,192000,3999.333,120.0,8,29,2,0.00000
115.075,2,115028.000,145376,192000,3999.333,120.0,8,29,2,0.00000
115.178,0,115132.000,150339,192000,3999.938,120.0,8,29,2,0.00000
115.178,1,115132.000,150339,192000,3999.938,120.0,8,29,2,0.00000
115.178,2,115132.000,150339,192000,3999.938,120.0,8,29,2,0.00000
115.287,0,115241.000,155576,192000,3999.833,120.0,8,29,2,0.00000
115.287,1,115241.000,155576,192000,3999.833,120.0,8,29,2,0.00000
115.287,2,115241.000,155576,192000,3999.833,120.0,8,29,2,0.00000
115.388,0,115342.000,160437,192000,3999.562,120.0,8,29,2,0.00000
115.388,1,115342.000,160437,192000,3999.562,120.0,8,29,2,0.00000
115.388,2,115342.000,160437,192000,3999.562,120.0,8,29,2,0.00000
115.491,0,115444.000,165342,192000,3999.375,120.0,8,29,2,0.00000
115.491,1,115444.000,165342,192000,3999.375,120.0,8,29,2,0.00000
115.491,2,115444.000,165342,192000,3999.375,120.0,8,29,2,0.00000
115.596,0,115549.000,170396,192000,3999.083,120.0,8,29,2,0.00000
115.596,1,115549.000,170396,192000,3999.083,120.0,8,29,2,0.00000
115.596,2,115549.000,170396,192000,3999.083,120.0,8,29,2,0.00000
115.706,0,115660.000,175694,192000,3999.708,120.0,8,29,2,0.00000
115.706,1,115660.000,175694,192000,3999.708,120.0,8,29,2,0.00000
115.706,2,115660.000,175694,192000,3999.708,120.0,8,29,2,0.00000
115.812,0,115765.000,180751,192000,3999.354,120.0,8,29,2,0.00000
115.812,1,115765.000,180751,192000,3999.354,120.0,8,29,2,0.00000
115.812,2,115765.000,180751,192000,3999.354,120.0,8,29,2,0.00000
115.918,0,115872.000,185863,192000,3999.854,120.0,8,29,2,0.00000
115.918,1,115872.000,185863,192000,3999.854,120.0,8,29,2,0.00000
115.918,2,115872.000,185863,192000,3999.854,120.0,8,29,2,0.00000
116.019,0,115972.000,190698,192000,3999.125,120.0,8,29,2,0.00000
116.019,1,115972.000,190698,192000,3999.125,120.0,8,29,2,0.00000
116.019,2,115972.000,190698,192000,3999.125,120.0,8,29,2,0.00000
116.121,0,116074.000,3598,192000,3999.042,120.0,8,30,2,0.10524
116.121,1,116074.000,3598,192000,3999.042,120.0,8,30,2,0.10524
116.121,2,116074.000,3598,192000,3999.042,120.0,8,30,2,0.10518
116.227,0,116180.000,8664,192000,3999.500,120.0,8,30,2,0.06785
116.227,1,116180.000,8664,192000,3999.500,120.0,8,30,2,0.06785
116.227,2,116180.000,8664,192000,3999.500,120.0,8,30,2,0.06781
116.332,0,116285.000,13725,192000,3999.062,120.0,8,30,2,0.04376
116.332,1,116285.000,13725,192000,3999.062,120.0,8,30,2,0.04376
116.332,2,116285.000,13725,192000,3999.062,120.0,8,30,2,0.04374
116.435,0,116388.000,18664,192000,3999.167,120.0,8,30,2,0.02853
116.435,1,116388.000,18664,192000,3999.167,120.0,8,30,2,0.02853
116.435,2,116388.000,18664,192000,3999.167,120.0,8,30,2,0.02851
116.549,0,116502.000,24127,192000,3999.354,120.0,8,30,2,0.01777
116.549,1,116502.000,24127,192000,3999.354,120.0,8,30,2,0.01777
116.549,2,116502.000,24127,192000,3999.354,120.0,8,30,2,0.01776
116.655,0,116609.000,29253,192000,3999.562,120.0,8,30,2,0.01140
116.655,1,116609.000,29253,192000,3999.562,120.0,8,30,2,0.01140
116.655,2,116609.000,29253,192000,3999.562,120.0,8,30,2,0.01139
116.757,0,116711.000,34135,192000,3999.854,120.0,8,30,2,0.00747
116.757,1,116711.000,34135,192000,3999.854,120.0,8,30,2,0.00747
116.757,2,116711.000,34135,192000,3999.854,120.0,8,30,2,0.00746
116.859,0,116812.000,39019,192000,3999.104,120.0,8,30,2,0.00489
116.859,1,116812.000,39019,192000,3999.104,120.0,8,30,2,0.00489
116.859,2,116812.000,39019,192000,3999.104,120.0,8,30,2,0.00489
116.964,0,116918.000,44067,192000,3999.938,120.0,8,30,2,0.00316
116.964,1,116918.000,44067,192000,3999.938,120.0,8,30,2,0.00316
116.964,2,116918.000,44067,192000,3999.938,120.0,8,30,2,0.00316
117.070,0,117023.000,49133,192000,3999.396,120.0,8,30,2,0.00204
117.070,1,117023.000,49133,192000,3999.396,120.0,8,30,2,0.00204
117.070,2,117023.000,49133,192000,3999.396,120.0,8,30,2,0.00203
117.175,0,117128.000,54168,192000,3999.500,120.0,8,30,2,0.00132
117.175,1,117128.000,54168,192000,3999.500,120.0,8,30,2,0.00132
117.175,2,117128.000,54168,192000,3999.500,120.0,8,30,2,0.00132
117.276,0,117230.000,59052,192000,3999.750,120.0,8,30,2,0.00086
117.276,1,117230.000,59052,192000,3999.750,120.0,8,30,2,0.00086
117.276,2,117230.000,59052,192000,3999.750,120.0,8,30,2,0.00086
117.381,0,117335.000,64082,192000,3999.958,120.0,8,30,2,0.00056
117.381,1,117335.000,64082,192000,3999.958,120.0,8,30,2,0.00056
117.381,2,117335.000,64082,192000,3999.958,120.0,8,30,2,0.00056
117.486,0,117439.000,69095,192000,3999.521,120.0,8,30,2,0.00036
117.486,1,117439.000,69095,192000,3999.521,120.0,8,30,2,0.00036
117.486,2,117439.000,69095,192000,3999.521,120.0,8,30,2,0.00036
117.596,0,117550.000,74421,192000,3999.562,120.0,8,30,2,0.00023
117.596,1,117550.000,74421,192000,3999.562,120.0,8,30,2,0.00023
117.596,2,117550.000,74421,192000,3999.562,120.0,8,30,2,0.00023
117.701,0,117655.000,79449,192000,3999.812,120.0,8,30,2,0.00015
117.701,1,117655.000,79449,192000,3999.812,120.0,8,30,2,0.00015
117.701,2,117655.000,79449,192000,3999.812,120.0,8,30,2,0.00015
117.804,0,117757.000,84361,192000,3999.479,120.0,8,30,2,0.00010
117.804,1,117757.000,84361,192000,3999.479,120.0,8,30,2,0.00010
117.804,2,117757.000,84361,192000,3999.479,120.0,8,30,2,0.00010
117.910,0,117864.000,89483,192000,3999.771,120.0,8,30,2,0.00006
117.910,1,117864.000,89483,192000,3999.771,120.0,8,30,2,0.00006
117.910,2,117864.000,89483,192000,3999.771,120.0,8,30,2,0.00006
118.021,0,117974.000,94795,192000,3999.104,120.0,8,30,2,0.00004
118.021,1,117974.000,94795,192000,3999.104,120.0,8,30,2,0.00004
118.021,2,117974.000,94795,192000,3999.104,120.0,8,30,2,0.00004
118.121,0,118075.000,99619,192000,3999.604,120.0,8,30,2,0.00003
118.121,1,118075.000,99619,192000,3999.604,120.0,8,30,2,0.00003
118.121,2,118075.000,99619,192000,3999.604,120.0,8,30,2,0.00003
118.223,0,118176.000,104477,192000,3999.396,120.0,8,30,2,0.00002
118.223,1,118176.000,104477,192000,3999.396,120.0,8,30,2,0.00002
118.223,2,118176.000,104477,192000,3999.396,120.0,8,30,2,0.00002
118.333,0,118287.000,109781,192000,3999.896,120.0,8,30,2,0.00001
118.333,1,118287.000,109781,192000,3999.896,120.0,8,30,2,0.00001
118.333,2,118287.000,109781,192000,3999.896,120.0,8,30,2,0.00001
118.443,0,118397.000,115069,192000,3999.729,120.0,8,30,2,0.00001
118.443,1,118397.000,115069,192000,3999.729,120.0,8,30,2,0.00001
118.443,2,118397.000,115069,192000,3999.729,120.0,8,30,2,0.00001
118.544,0,118497.000,119900,192000,3999.083,120.0,8,30,2,0.00000
118.544,1,118497.000,119900,192000,3999.083,120.0,8,30,2,0.00000
118.544,2,118497.000,119900,192000,3999.083,120.0,8,30,2,0.00000
118.647,0,118600.000,124843,192000,3999.104,120.0,8,30,2,0.00000
118.647,1,118600.000,124843,192000,3999.104,120.0,8,30,2,0.00000
118.647,2,118600.000,124843,192000,3999.104,120.0,8,30,2,0.00000
118.749,0,118702.000,129725,192000,3999.396,120.0,8,30,2,0.00000
118.749,1,118702.000,129725,192000,3999.396,120.0,8,30,2,0.00000
118.749,2,118702.000,129725,192000,3999.396,120.0,8,30,2,0.00000
118.852,0,118805.000,134673,192000,3999.312,120.0,8,30,2,0.00000
118.852,1,118805.000,134673,192000,3999.312,120.0,8,30,2,0.00000
118.852,2,118805.000,134673,192000,3999.312,120.0,8,30,2,0.00000
118.952,0,118906.000,139502,192000,3999.708,120.0,8,30,2,0.00000
118.952,1,118906.000,139502,192000,3999.708,120.0,8,30,2,0.00000
118.952,2,118906.000,139502,192000,3999.708,120.0,8,30,2,0.00000
119.054,0,119008.000,144395,192000,3999.771,120.0,8,30,2,0.00000
119.054,1,119008.000,144395,192000,3999.771,120.0,8,30,2,0.00000
119.054,2,119008.000,144395,192000,3999.771,120.0,8,30,2,0.00000
119.159,0,119113.000,149426,192000,3999.958,120.0,8,30,2,0.00000
119.159,1,119113.000,149426,192000,3999.958,120.0,8,30,2,0.00000
119.159,2,119113.000,149426,192000,3999.958,120.0,8,30,2,0.00000
119.267,0,119221.000,154620,192000,3999.750,120.0,8,30,2,0.00000
119.267,1,119221.000,154620,192000,3999.750,120.0,8,30,2,0.00000
119.267,2,119221.000,154620,192000,3999.750,120.0,8,30,2,0.00000
119.368,0,119322.000,159470,192000,3999.708,120.0,8,30,2,0.00000
119.368,1,119322.000,159470,192000,3999.708,120.0,8,30,2,0.00000
119.368,2,119322.000,159470,192000,3999.708,120.0,8,30,2,0.00000
119.474,0,119427.000,164540,192000,3999.083,120.0,8,30,2,0.00000
119.474,1,119427.000,164540,192000,3999.083,120.0,8,30,2,0.00000
119.474,2,119427.000,164540,192000,3999.083,120.0,8,30,2,0.00000
119.578,0,119532.000,169536,192000,0.000,120.0,8,30,2,0.00000
119.578,1,119532.000,169536,192000,0.000,120.0,8,30,2,0.00000
119.578,2,119532.000,169536,192000,0.000,120.0,8,30,2,0.00000
119.681,0,119634.000,174457,192000,3999.479,120.0,8,30,2,0.00000
119.681,1,119634.000,174457,192000,3999.479,120.0,8,30,2,0.00000
119.681,2,119634.000,174457,192000,3999.479,120.0,8,30,2,0.00000
119.783,0,119736.000,179352,192000,3999.500,120.0,8,30,2,0.00000
119.783,1,119736.000,179352,192000,3999.500,120.0,8,30,2,0.00000
119.783,2,119736.000,179352,192000,3999.500,120.0,8,30,2,0.00000
119.885,0,119838.000,184267,192000,3999.104,120.0,8,30,2,0.00000
119.885,1,119838.000,184267,192000,3999.104,120.0,8,30,2,0.00000
119.885,2,119838.000,184267,192000,3999.104,120.0,8,30,2,0.00000
119.989,0,119943.000,189275,192000,3999.771,120.0,8,30,2,0.00000
119.989,1,119943.000,189275,192000,3999.771,120.0,8,30,2,0.00000
119.989,2,119943.000,189275,192000,3999.771,120.0,8,30,2,0.00000
120.106,0,120059.000,2861,192000,3999.396,120.0,8,31,2,0.00000
120.106,1,120059.000,2861,192000,3999.396,120.0,8,31,2,0.00000
120.106,2,120059.000,2861,192000,3999.396,120.0,8,31,2,0.00000
120.209,0,120163.000,7840,192000,3999.667,120.0,8,31,2,0.00000
120.209,1,120163.000,7840,192000,3999.667,120.0,8,31,2,0.00000
120.209,2,120163.000,7840,192000,3999.667,120.0,8,31,2,0.00000
120.319,0,120272.000,13091,192000,3999.271,120.0,8,31,2,0.00000
120.319,1,120272.000,13091,192000,3999.271,120.0,8,31,2,0.00000
120.319,2,120272.000,13091,192000,3999.271,120.0,8,31,2,0.00000
120.425,0,120378.000,18184,192000,3999.167,120.0,8,31,2,0.00000
120.425,1,120378.000,18184,192000,3999.167,120.0,8,31,2,0.00000
120.425,2,120378.000,18184,192000,3999.167,120.0,8,31,2,0.00000
120.526,0,120479.000,23019,192000,3999.438,120.0,8,31,2,0.00000
120.526,1,120479.000,23019,192000,3999.438,120.0,8,31,2,0.00000
120.526,2,120479.000,23019,192000,3999.438,120.0,8,31,2,0.00000
120.627,0,120581.000,27909,192000,3999.562,120.0,8,31,2,0.00000
120.627,1,120581.000,27909,192000,3999.562,120.0,8,31,2,0.00000
120.627,2,120581.000,27909,192000,3999.562,120.0,8,31,2,0.00000
120.730,0,120684.000,32847,192000,3999.688,120.0,8,31,2,0.00000
120.730,1,120684.000,32847,192000,3999.688,120.0,8,31,2,0.00000
120.730,2,120684.000,32847,192000,3999.688,120.0,8,31,2,0.00000
120.841,0,120794.000,38138,192000,3999.458,120.0,8,31,2,0.00000
120.841,1,120794.000,38138,192000,3999.458,120.0,8,31,2,0.00000
120.841,2,120794.000,38138,192000,3999.458,120.0,8,31,2,0.00000
120.948,0,120901.000,43285,192000,3999.229,120.0,8,31,2,0.00000
120.948,1,120901.000,43285,192000,3999.229,120.0,8,31,2,0.00000
120.948,2,120901.000,43285,192000,3999.229,120.0,8,31,2,0.00000
121.052,0,121005.000,48270,192000,3999.375,120.0,8,31,2,0.00000
121.052,1,121005.000,48270,192000,3999.375,120.0,8,31,2,0.00000
121.052,2,121005.000,48270,192000,3999.375,120.0,8,31,2,0.00000
121.160,0,121113.000,53467,192000,3999.104,120.0,8,31,2,0.00000
121.160,1,121113.000,53467,192000,3999.104,120.0,8,31,2,0.00000
121.160,2,121113.000,53467,192000,3999.104,120.0,8,31,2,0.00000
121.263,0,121216.000,58415,192000,3999.021,120.0,8,31,2,0.00000
121.263,1,121216.000,58415,192000,3999.021,120.0,8,31,2,0.00000
121.263,2,121216.000,58415,192000,3999.021,120.0,8,31,2,0.00000
121.369,0,121323.000,63525,192000,3999.562,120.0,8,31,2,0.00000
121.369,1,121323.000,63525,192000,3999.562,120.0,8,31,2,0.00000
121.369,2,121323.000,63525,192000,3999.562,120.0,8,31,2,0.00000
121.476,0,121429.000,68630,192000,3999.208,120.0,8,31,2,0.00000
121.476,1,121429.000,68630,192000,3999.208,120.0,8,31,2,0.00000
121.476,2,121429.000,68630,192000,3999.208,120.0,8,31,2,0.00000
121.579,0,121532.000,73568,192000,3999.333,120.0,8,31,2,0.00000
121.579,1,121532.000,73568,192000,3999.333,120.0,8,31,2,0.00000
121.579,2,121532.000,73568,192000,3999.333,120.0,8,31,2,0.00000
121.689,0,121642.000,78843,192000,3999.438,120.0,8,31,2,0.00000
121.689,1,121642.000,78843,192000,3999.438,120.0,8,31,2,0.00000
121.689,2,121642.000,78843,192000,3999.438,120.0,8,31,2,0.00000
121.793,0,121747.000,83866,192000,3999.792,120.0,8,31,2,0.00000
121.793,1,121747.000,83866,192000,3999.792,120.0,8,31,2,0.00000
121.793,2,121747.000,83866,192000,3999.792,120.0,8,31,2,0.00000
121.895,0,121849.000,88757,192000,3999.896,120.0,8,31,2,0.00000
121.895,1,121849.000,88757,192000,3999.896,120.0,8,31,2,0.00000
121.895,2,121849.000,88757,192000,3999.896,120.0,8,31,2,0.00000
121.995,0,121949.000,93572,192000,3999.583,120.0,8,31,2,0.00000
121.995,1,121949.000,93572,192000,3999.583,120.0,8,31,2,0.00000
121.995,2,121949.000,93572,192000,3999.583,120.0,8,31,2,0.00000
122.101,0,122054.000,98620,192000,3999.417,120.0,8,31,2,0.00000
122.101,1,122054.000,98620,192000,3999.417,120.0,8,31,2,0.00000
122.101,2,122054.000,98620,192000,3999.417,120.0,8,31,2,0.00000
122.209,0,122162.000,103820,192000,3999.083,120.0,8,31,2,0.00000
122.209,1,122162.000,103820,192000,3999.083,120.0,8,31,2,0.00000
122.209,2,122162.000,103820,192000,3999.083,120.0,8,31,2,0.00000
122.314,0,122267.000,108843,192000,3999.438,120.0,8,31,2,0.00000
122.314,1,122267.000,108843,192000,3999.438,120.0,8,31,2,0.00000
122.314,2,122267.000,108843,192000,3999.438,120.0,8,31,2,0.00000
122.421,0,122374.000,113978,192000,3999.458,120.0,8,31,2,0.00000
122.421,1,122374.000,113978,192000,3999.458,120.0,8,31,2,0.00000
122.421,2,122374.000,113978,192000,3999.458,120.0,8,31,2,0.00000
122.528,0,122481.000,119123,192000,3999.271,120.0,8,31,2,0.00000
122.528,1,122481.000,119123,192000,3999.271,120.0,8,31,2,0.00000
122.528,2,122481.000,119123,192000,3999.271,120.0,8,31,2,0.00000
122.633,0,122587.000,124197,192000,3999.562,120.0,8,31,2,0.00000
122.633,1,122587.000,124197,192000,3999.562,120.0,8,31,2,0.00000
122.633,2,122587.000,124197,192000,3999.562,120.0,8,31,2,0.00000
122.735,0,122688.000,129064,192000,3999.167,120.0,8,31,2,0.00000
122.735,1,122688.000,129064,192000,3999.167,120.0,8,31,2,0.00000
122.735,2,122688.000,129064,192000,3999.167,120.0,8,31,2,0.00000
122.840,0,122794.000,134126,192000,3999.708,120.0,8,31,2,0.00000
122.840,1,122794.000,134126,192000,3999.708,120.0,8,31,2,0.00000
122.840,2,122794.000,134126,192000,3999.708,120.0,8,31,2,0.00000
122.947,0,122900.000,139229,192000,3999.396,120.0,8,31,2,0.00000
122.947,1,122900.000,139229,192000,3999.396,120.0,8,31,2,0.00000
122.947,2,122900.000,139229,192000,3999.396,120.0,8,31,2,0.00000
123.056,0,123009.000,144464,192000,3999.333,120.0,8,31,2,0.00000
123.056,1,123009.000,144464,192000,3999.333,120.0,8,31,2,0.00000
123.056,2,123009.000,144464,192000,3999.333,120.0,8,31,2,0.00000
123.162,0,123115.000,149564,192000,3999.083,120.0,8,31,2,0.00000
123.162,1,123115.000,149564,192000,3999.083,120.0,8,31,2,0.00000
123.162,2,123115.000,149564,192000,3999.083,120.0,8,31,2,0.00000
123.266,0,123219.000,154548,192000,3999.250,120.0,8,31,2,0.00000
123.266,1,123219.000,154548,192000,3999.250,120.0,8,31,2,0.00000
123.266,2,123219.000,154548,192000,3999.250,120.0,8,31,2,0.00000
123.373,0,123327.000,159711,192000,3999.688,120.0,8,31,2,0.00000
123.373,1,123327.000,159711,192000,3999.688,120.0,8,31,2,0.00000
123.373,2,123327.000,159711,192000,3999.688,120.0,8,31,2,0.00000
123.480,0,123433.000,164819,192000,3999.271,120.0,8,31,2,0.00000
123.480,1,123433.000,164819,192000,3999.271,120.0,8,31,2,0.00000
123.480,2,123433.000,164819,192000,3999.271,120.0,8,31,2,0.00000
123.583,0,123536.000,169759,192000,3999.354,120.0,8,31,2,0.00000
123.583,1,123536.000,169759,192000,3999.354,120.0,8,31,2,0.00000
123.583,2,123536.000,169759,192000,3999.354,120.0,8,31,2,0.00000
123.687,0,123640.000,174749,192000,3999.396,120.0,8,31,2,0.00000
123.687,1,123640.000,174749,192000,3999.396,120.0,8,31,2,0.00000
123.687,2,123640.000,174749,192000,3999.396,120.0,8,31,2,0.00000
123.794,0,123748.000,179920,192000,3999.667,120.0,8,31,2,0.00000
123.794,1,123748.000,179920,192000,3999.667,120.0,8,31,2,0.00000
123.794,2,123748.000,179920,192000,3999.667,120.0,8,31,2,0.00000
123.899,0,123853.000,184956,192000,3999.750,120.0,8,31,2,0.00000
123.899,1,123853.000,184956,192000,3999.750,120.0,8,31,2,0.00000
123.899,2,123853.000,184956,192000,3999.750,120.0,8,31,2,0.00000
124.003,0,123957.000,189937,192000,3999.979,120.0,8,31,2,0.00000
124.003,1,123957.000,189937,192000,3999.979,120.0,8,31,2,0.00000
124.003,2,123957.000,189937,192000,3999.979,120.0,8,31,2,0.00000
124.105,0,124059.000,2845,192000,3999.729,120.0,8,32,2,0.00000
124.105,1,124059.000,2845,192000,3999.729,120.0,8,32,2,0.00000
124.105,2,124059.000,2845,192000,3999.729,120.0,8,32,2,0.00000
124.215,0,124169.000,8122,192000,3999.792,120.0,8,32,2,0.00000
124.215,1,124169.000,8122,192000,3999.792,120.0,8,32,2,0.00000
124.215,2,124169.000,8122,192000,3999.792,120.0,8,32,2,0.00000
124.322,0,124275.000,13230,192000,3999.375,120.0,8,32,2,0.00000
124.322,1,124275.000,13230,192000,3999.375,120.0,8,32,2,0.00000
124.322,2,124275.000,13230,192000,3999.375,120.0,8,32,2,0.00000
124.422,0,124376.000,18055,192000,3999.854,120.0,8,32,2,0.00000
124.422,1,124376.000,18055,192000,3999.854,120.0,8,32,2,0.00000
124.422,2,124376.000,18055,192000,3999.854,120.0,8,32,2,0.00000
124.527,0,124480.000,23077,192000,3999.229,120.0,8,32,2,0.00000
124.527,1,124480.000,23077,192000,3999.229,120.0,8,32,2,0.00000
124.527,2,124480.000,23077,192000,3999.229,120.0,8,32,2,0.00000
124.633,0,124586.000,28174,192000,3999.042,120.0,8,32,2,0.00000
124.633,1,124586.000,28174,192000,3999.042,120.0,8,32,2,0.00000
124.633,2,124586.000,28174,192000,3999.042,120.0,8,32,2,0.00000
124.740,0,124693.000,33296,192000,3999.333,120.0,8,32,2,0.00000
124.740,1,124693.000,33296,192000,3999.333,120.0,8,32,2,0.00000
124.740,2,124693.000,33296,192000,3999.333,120.0,8,32,2,0.00000
124.846,0,124799.000,38380,192000,3999.417,120.0,8,32,2,0.00000
124.846,1,124799.000,38380,192000,3999.417,120.0,8,32,2,0.00000
124.846,2,124799.000,38380,192000,3999.417,120.0,8,32,2,0.00000
124.954,0,124908.000,43600,192000,3999.667,120.0,8,32,2,0.00000
124.954,1,124908.000,43600,192000,3999.667,120.0,8,32,2,0.00000
124.954,2,124908.000,43600,192000,3999.667,120.0,8,32,2,0.00000
125.060,0,125013.000,48666,192000,3999.125,120.0,8,32,2,0.00000
125.060,1,125013.000,48666,192000,3999.125,120.0,8,32,2,0.00000
125.060,2,125013.000,48666,192000,3999.125,120.0,8,32,2,0.00000
125.163,0,125117.000,53616,192000,0.000,120.0,8,32,2,0.00000
125.163,1,125117.000,53616,192000,0.000,120.0,8,32,2,0.00000
125.163,2,125117.000,53616,192000,0.000,120.0,8,32,2,0.00000
125.267,0,125221.000,58618,192000,3999.792,120.0,8,32,2,0.00000
125.267,1,125221.000,58618,192000,3999.792,120.0,8,32,2,0.00000
125.267,2,125221.000,58618,192000,3999.792,120.0,8,32,2,0.00000
125.372,0,125326.000,63669,192000,3999.562,120.0,8,32,2,0.00000
125.372,1,125326.000,63669,192000,3999.562,120.0,8,32,2,0.00000
125.372,2,125326.000,63669,192000,3999.562,120.0,8,32,2,0.00000
125.475,0,125428.000,68582,192000,3999.208,120.0,8,32,2,0.00000
125.475,1,125428.000,68582,192000,3999.208,120.0,8,32,2,0.00000
125.475,2,125428.000,68582,192000,3999.208,120.0,8,32,2,0.00000
125.578,0,125532.000,73546,192000,3999.792,120.0,8,32,2,0.00000
125.578,1,125532.000,73546,192000,3999.792,120.0,8,32,2,0.00000
125.578,2,125532.000,73546,192000,3999.792,120.0,8,32,2,0.00000
125.684,0,125637.000,78617,192000,3999.146,120.0,8,32,2,0.00000
125.684,1,125637.000,78617,192000,3999.146,120.0,8,32,2,0.00000
125.684,2,125637.000,78617,192000,3999.146,120.0,8,32,2,0.00000
125.792,0,125746.000,83818,192000,3999.792,120.0,8,32,2,0.00000
125.792,1,125746.000,83818,192000,3999.792,120.0,8,32,2,0.00000
125.792,2,125746.000,83818,192000,3999.792,120.0,8,32,2,0.00000
125.893,0,125847.000,88672,192000,3999.667,120.0,8,32,2,0.00000
125.893,1,125847.000,88672,192000,3999.667,120.0,8,32,2,0.00000
125.893,2,125847.000,88672,192000,3999.667,120.0,8,32,2,0.00000
125.999,0,125952.000,93742,192000,3999.042,120.0,8,32,2,0.00000
125.999,1,125952.000,93742,192000,3999.042,120.0,8,32,2,0.00000
125.999,2,125952.000,93742,192000,3999.042,120.0,8,32,2,0.00000
126.110,0,126063.000,99050,192000,3999.458,120.0,8,32,2,0.00000
126.110,1,126063.000,99050,192000,3999.458,120.0,8,32,2,0.00000
126.110,2,126063.000,99050,192000,3999.458,120.0,8,32,2,0.00000
126.214,0,126167.000,104039,192000,3999.521,120.0,8,32,2,0.00000
126.214,1,126167.000,104039,192000,3999.521,120.0,8,32,2,0.00000
126.214,2,126167.000,104039,192000,3999.521,120.0,8,32,2,0.00000
126.314,0,126268.000,108866,192000,3999.958,120.0,8,32,2,0.00000
126.314,1,126268.000,108866,192000,3999.958,120.0,8,32,2,0.00000
126.314,2,126268.000,108866,192000,3999.958,120.0,8,32,2,0.00000
126.415,0,126369.000,113712,192000,0.000,120.0,8,32,2,0.00000
126.415,1,126369.000,113712,192000,0.000,120.0,8,32,2,0.00000
126.415,2,126369.000,113712,192000,0.000,120.0,8,32,2,0.00000
126.518,0,126472.000,118664,192000,3999.833,120.0,8,32,2,0.00000
126.518,1,126472.000,118664,192000,3999.833,120.0,8,32,2,0.00000
126.518,2,126472.000,118664,192000,3999.833,120.0,8,32,2,0.00000
126.625,0,126578.000,123771,192000,3999.438,120.0,8,32,2,0.00000
126.625,1,126578.000,123771,192000,3999.438,120.0,8,32,2,0.00000
126.625,2,126578.000,123771,192000,3999.438,120.0,8,32,2,0.00000
126.725,0,126678.000,128586,192000,3999.125,120.0,8,32,2,0.00000
126.725,1,126678.000,128586,192000,3999.125,120.0,8,32,2,0.00000
126.725,2,126678.000,128586,192000,3999.125,120.0,8,32,2,0.00000
126.828,0,126781.000,133513,192000,3999.479,120.0,8,32,2,0.00000
126.828,1,126781.000,133513,192000,3999.479,120.0,8,32,2,0.00000
126.828,2,126781.000,133513,192000,3999.479,120.0,8,32,2,0.00000
126.938,0,126891.000,138790,192000,3999.542,120.0,8,32,2,0.00000
126.938,1,126891.000,138790,192000,3999.542,120.0,8,32,2,0.00000
126.938,2,126891.000,138790,192000,3999.542,120.0,8,32,2,0.00000
127.040,0,126994.000,143730,192000,3999.625,120.0,8,32,2,0.00000
127.040,1,126994.000,143730,192000,3999.625,120.0,8,32,2,0.00000
127.040,2,126994.000,143730,192000,3999.625,120.0,8,32,2,0.00000
127.142,0,127095.000,148585,192000,3999.479,120.0,8,32,2,0.00000
127.142,1,127095.000,148585,192000,3999.479,120.0,8,32,2,0.00000
127.142,2,127095.000,148585,192000,3999.479,120.0,8,32,2,0.00000
127.242,0,127195.000,153392,192000,3999.333,120.0,8,32,2,0.00000
127.242,1,127195.000,153392,192000,3999.333,120.0,8,32,2,0.00000
127.242,2,127195.000,153392,192000,3999.333,120.0,8,32,2,0.00000
127.344,0,127298.000,158321,192000,3999.646,120.0,8,32,2,0.00000
127.344,1,127298.000,158321,192000,3999.646,120.0,8,32,2,0.00000
127.344,2,127298.000,158321,192000,3999.646,120.0,8,32,2,0.00000
127.448,0,127402.000,163311,192000,3999.688,120.0,8,32,2,0.00000
127.448,1,127402.000,163311,192000,3999.688,120.0,8,32,2,0.00000
127.448,2,127402.000,163311,192000,3999.688,120.0,8,32,2,0.00000
127.552,0,127506.000,168289,192000,3999.979,120.0,8,32,2,0.00000
127.552,1,127506.000,168289,192000,3999.979,120.0,8,32,2,0.00000
127.552,2,127506.000,168289,192000,3999.979,120.0,8,32,2,0.00000
127.656,0,127609.000,173257,192000,3999.479,120.0,8,32,2,0.00000
127.656,1,127609.000,173257,192000,3999.479,120.0,8,32,2,0.00000
127.656,2,127609.000,173257,192000,3999.479,120.0,8,32,2,0.00000
127.764,0,127717.000,178445,192000,3999.396,120.0,8,32,2,0.00000
127.764,1,127717.000,178445,192000,3999.396,120.0,8,32,2,0.00000
127.764,2,127717.000,178445,192000,3999.396,120.0,8,32,2,0.00000
127.872,0,127826.000,183665,192000,3999.646,120.0,8,32,2,0.00000
127.872,1,127826.000,183665,192000,3999.646,120.0,8,32,2,0.00000
127.872,2,127826.000,183665,192000,3999.646,120.0,8,32,2,0.00000
127.976,0,127929.000,188616,192000,3999.500,120.0,8,32,2,0.00000
127.976,1,127929.000,188616,192000,3999.500,120.0,8,32,2,0.00000
127.976,2,127929.000,188616,192000,3999.500,120.0,8,32,2,0.00000
128.086,0,128039.000,1894,192000,3999.542,120.0,8,33,2,0.12595
128.086,1,128039.000,1894,192000,3999.542,120.0,8,33,2,0.12583
128.086,2,128039.000,1894,192000,3999.542,120.0,8,33,2,0.12595
128.196,0,128149.000,7189,192000,3999.229,120.0,8,33,2,0.07961
128.196,1,128149.000,7189,192000,3999.229,120.0,8,33,2,0.07953
128.196,2,128149.000,7189,192000,3999.229,120.0,8,33,2,0.07961
128.300,0,128253.000,12172,192000,3999.417,120.0,8,33,2,0.05169
128.300,1,128253.000,12172,192000,3999.417,120.0,8,33,2,0.05165
128.300,2,128253.000,12172,192000,3999.417,120.0,8,33,2,0.05169
128.401,0,128354.000,17031,192000,3999.188,120.0,8,33,2,0.03393
128.401,1,128354.000,17031,192000,3999.188,120.0,8,33,2,0.03390
128.401,2,128354.000,17031,192000,3999.188,120.0,8,33,2,0.03393
128.509,0,128462.000,22205,192000,3999.396,120.0,8,33,2,0.02167
128.509,1,128462.000,22205,192000,3999.396,120.0,8,33,2,0.02165
128.509,2,128462.000,22205,192000,3999.396,120.0,8,33,2,0.02167
128.611,0,128564.000,27109,192000,3999.229,120.0,8,33,2,0.01417
128.611,1,128564.000,27109,192000,3999.229,120.0,8,33,2,0.01416
128.611,2,128564.000,27109,192000,3999.229,120.0,8,33,2,0.01417
128.714,0,128668.000,32065,192000,3999.979,120.0,8,33,2,0.00922
128.714,1,128668.000,32065,192000,3999.979,120.0,8,33,2,0.00921
128.714,2,128668.000,32065,192000,3999.979,120.0,8,33,2,0.00922
128.816,0,128769.000,36937,192000,3999.479,120.0,8,33,2,0.00605
128.816,1,128769.000,36937,192000,3999.479,120.0,8,33,2,0.00604
128.816,2,128769.000,36937,192000,3999.479,120.0,8,33,2,0.00605
128.918,0,128872.000,41861,192000,3999.896,120.0,8,33,2,0.00395
128.918,1,128872.000,41861,192000,3999.896,120.0,8,33,2,0.00394
128.918,2,128872.000,41861,192000,3999.896,120.0,8,33,2,0.00395
129.026,0,128980.000,47061,192000,3999.562,120.0,8,33,2,0.00252
129.026,1,128980.000,47061,192000,3999.562,120.0,8,33,2,0.00251
129.026,2,128980.000,47061,192000,3999.562,120.0,8,33,2,0.00252
129.137,0,129090.000,52365,192000,3999.062,120.0,8,33,2,0.00159
129.137,1,129090.000,52365,192000,3999.062,120.0,8,33,2,0.00159
129.137,2,129090.000,52365,192000,3999.062,120.0,8,33,2,0.00159
129.244,0,129198.000,57510,192000,3999.875,120.0,8,33,2,0.00102
129.244,1,129198.000,57510,192000,3999.875,120.0,8,33,2,0.00102
129.244,2,129198.000,57510,192000,3999.875,120.0,8,33,2,0.00102
129.346,0,129299.000,62375,192000,3999.521,120.0,8,33,2,0.00067
129.346,1,129299.000,62375,192000,3999.521,120.0,8,33,2,0.00067
129.346,2,129299.000,62375,192000,3999.521,120.0,8,33,2,0.00067
129.452,0,129405.000,67471,192000,3999.354,120.0,8,33,2,0.00043
129.452,1,129405.000,67471,192000,3999.354,120.0,8,33,2,0.00043
129.452,2,129405.000,67471,192000,3999.354,120.0,8,33,2,0.00043
129.561,0,129514.000,72716,192000,3999.083,120.0,8,33,2,0.00027
129.561,1,129514.000,72716,192000,3999.083,120.0,8,33,2,0.00027
129.561,2,129514.000,72716,192000,3999.083,120.0,8,33,2,0.00027
129.665,0,129619.000,77712,192000,0.000,120.0,8,33,2,0.00018
129.665,1,129619.000,77712,192000,0.000,120.0,8,33,2,0.00018
129.665,2,129619.000,77712,192000,0.000,120.0,8,33,2,0.00018
129.769,0,129722.000,82686,192000,3999.375,120.0,8,33,2,0.00011
129.769,1,129722.000,82686,192000,3999.375,120.0,8,33,2,0.00011
129.769,2,129722.000,82686,192000,3999.375,120.0,8,33,2,0.00011
129.871,0,129825.000,87616,192000,3999.667,120.0,8,33,2,0.00007
129.871,1,129825.000,87616,192000,3999.667,120.0,8,33,2,0.00007
129.871,2,129825.000,87616,192000,3999.667,120.0,8,33,2,0.00007
129.977,0,129930.000,92678,192000,3999.208,120.0,8,33,2,0.00005
129.977,1,129930.000,92678,192000,3999.208,120.0,8,33,2,0.00005
129.977,2,129930.000,92678,192000,3999.208,120.0,8,33,2,0.00005
130.081,0,130034.000,97669,192000,3999.229,120.0,8,33,2,0.00003
130.081,1,130034.000,97669,192000,3999.229,120.0,8,33,2,0.00003
130.081,2,130034.000,97669,192000,3999.229,120.0,8,33,2,0.00003
130.181,0,130134.000,102479,192000,3999.021,120.0,8,33,2,0.00002
130.181,1,130134.000,102479,192000,3999.021,120.0,8,33,2,0.00002
130.181,2,130134.000,102479,192000,3999.021,120.0,8,33,2,0.00002
130.284,0,130237.000,107398,192000,3999.542,120.0,8,33,2,0.00001
130.284,1,130237.000,107398,192000,3999.542,120.0,8,33,2,0.00001
130.284,2,130237.000,107398,192000,3999.542,120.0,8,33,2,0.00001
130.392,0,130346.000,112621,192000,3999.729,120.0,8,33,2,0.00001
130.392,1,130346.000,112621,192000,3999.729,120.0,8,33,2,0.00001
130.392,2,130346.000,112621,192000,3999.729,120.0,8,33,2,0.00001
130.497,0,130451.000,117665,192000,3999.646,120.0,8,33,2,0.00001
130.497,1,130451.000,117665,192000,3999.646,120.0,8,33,2,0.00001
130.497,2,130451.000,117665,192000,3999.646,120.0,8,33,2,0.00001
130.601,0,130554.000,122617,192000,3999.479,120.0,8,33,2,0.00000
130.601,1,130554.000,122617,192000,3999.479,120.0,8,33,2,0.00000
130.601,2,130554.000,122617,192000,3999.479,120.0,8,33,2,0.00000
130.711,0,130665.000,127932,192000,3999.750,120.0,8,33,2,0.00000
130.711,1,130665.000,127932,192000,3999.750,120.0,8,33,2,0.00000
130.711,2,130665.000,127932,192000,3999.750,120.0,8,33,2,0.00000
130.816,0,130769.000,132945,192000,3999.312,120.0,8,33,2,0.00000
130.816,1,130769.000,132945,192000,3999.312,120.0,8,33,2,0.00000
130.816,2,130769.000,132945,192000,3999.312,120.0,8,33,2,0.00000
130.920,0,130873.000,137945,192000,3999.146,120.0,8,33,2,0.00000
130.920,1,130873.000,137945,192000,3999.146,120.0,8,33,2,0.00000
130.920,2,130873.000,137945,192000,3999.146,120.0,8,33,2,0.00000
131.028,0,130981.000,143112,192000,3999.500,120.0,8,33,2,0.00000
131.028,1,130981.000,143112,192000,3999.500,120.0,8,33,2,0.00000
131.028,2,130981.000,143112,192000,3999.500,120.0,8,33,2,0.00000
131.128,0,131082.000,147949,192000,3999.729,120.0,8,33,2,0.00000
131.128,1,131082.000,147949,192000,3999.729,120.0,8,33,2,0.00000
131.128,2,131082.000,147949,192000,3999.729,120.0,8,33,2,0.00000
131.230,0,131184.000,152836,192000,3999.917,120.0,8,33,2,0.00000
131.230,1,131184.000,152836,192000,3999.917,120.0,8,33,2,0.00000
131.230,2,131184.000,152836,192000,3999.917,120.0,8,33,2,0.00000
131.339,0,131292.000,158052,192000,3999.250,120.0,8,33,2,0.00000
131.339,1,131292.000,158052,192000,3999.250,120.0,8,33,2,0.00000
131.339,2,131292.000,158052,192000,3999.250,120.0,8,33,2,0.00000
131.439,0,131393.000,162874,192000,3999.792,120.0,8,33,2,0.00000
131.439,1,131393.000,162874,192000,3999.792,120.0,8,33,2,0.00000
131.439,2,131393.000,162874,192000,3999.792,120.0,8,33,2,0.00000
131.542,0,131496.000,167817,192000,3999.812,120.0,8,33,2,0.00000
131.542,1,131496.000,167817,192000,3999.812,120.0,8,33,2,0.00000
131.542,2,131496.000,167817,192000,3999.812,120.0,8,33,2,0.00000
131.645,0,131598.000,172750,192000,3999.042,120.0,8,33,2,0.00000
131.645,1,131598.000,172750,192000,3999.042,120.0,8,33,2,0.00000
131.645,2,131598.000,172750,192000,3999.042,120.0,8,33,2,0.00000
131.750,0,131703.000,177776,192000,3999.333,120.0,8,33,2,0.00000
131.750,1,131703.000,177776,192000,3999.333,120.0,8,33,2,0.00000
131.750,2,131703.000,177776,192000,3999.333,120.0,8,33,2,0.00000
131.851,0,131804.000,182617,192000,3999.479,120.0,8,33,2,0.00000
131.851,1,131804.000,182617,192000,3999.479,120.0,8,33,2,0.00000
131.851,2,131804.000,182617,192000,3999.479,120.0,8,33,2,0.00000
131.953,0,131907.000,187550,192000,3999.708,120.0,8,33,2,0.00000
131.953,1,131907.000,187550,192000,3999.708,120.0,8,33,2,0.00000
131.953,2,131907.000,187550,192000,3999.708,120.0,8,33,2,0.00000
132.056,0,132009.000,470,192000,3999.208,120.0,8,34,2,0.00000
132.056,1,132009.000,470,192000,3999.208,120.0,8,34,2,0.00000
132.056,2,132009.000,470,192000,3999.208,120.0,8,34,2,0.00000
132.160,0,132114.000,5473,192000,3999.979,120.0,8,34,2,0.00000
132.160,1,132114.000,5473,192000,3999.979,120.0,8,34,2,0.00000
132.160,2,132114.000,5473,192000,3999.979,120.0,8,34,2,0.00000
132.260,0,132214.000,10290,192000,3999.625,120.0,8,34,2,0.00000
132.260,1,132214.000,10290,192000,3999.625,120.0,8,34,2,0.00000
132.260,2,132214.000,10290,192000,3999.625,120.0,8,34,2,0.00000
132.367,0,132320.000,15394,192000,3999.292,120.0,8,34,2,0.00000
132.367,1,132320.000,15394,192000,3999.292,120.0,8,34,2,0.00000
132.367,2,132320.000,15394,192000,3999.292,120.0,8,34,2,0.00000
132.467,0,132421.000,20225,192000,3999.646,120.0,8,34,2,0.00000
132.467,1,132421.000,20225,192000,3999.646,120.0,8,34,2,0.00000
132.467,2,132421.000,20225,192000,3999.646,120.0,8,34,2,0.00000
132.569,0,132523.000,25111,192000,3999.854,120.0,8,34,2,0.00000
132.569,1,132523.000,25111,192000,3999.854,120.0,8,34,2,0.00000
132.569,2,132523.000,25111,192000,3999.854,120.0,8,34,2,0.00000
132.679,0,132632.000,30380,192000,3999.083,120.0,8,34,2,0.00000
132.679,1,132632.000,30380,192000,3999.083,120.0,8,34,2,0.00000
132.679,2,132632.000,30380,192000,3999.083,120.0,8,34,2,0.00000
132.784,0,132738.000,35424,192000,0.000,120.0,8,34,2,0.00000
132.784,1,132738.000,35424,192000,0.000,120.0,8,34,2,0.00000
132.784,2,132738.000,35424,192000,0.000,120.0,8,34,2,0.00000
132.895,0,132849.000,40773,192000,3999.562,120.0,8,34,2,0.00000
132.895,1,132849.000,40773,192000,3999.562,120.0,8,34,2,0.00000
132.895,2,132849.000,40773,192000,3999.562,120.0,8,34,2,0.00000
133.000,0,132953.000,45778,192000,3999.292,120.0,8,34,2,0.00000
133.000,1,132953.000,45778,192000,3999.292,120.0,8,34,2,0.00000
133.000,2,132953.000,45778,192000,3999.292,120.0,8,34,2,0.00000
133.110,0,133063.000,51060,192000,3999.250,120.0,8,34,2,0.00000
133.110,1,133063.000,51060,192000,3999.250,120.0,8,34,2,0.00000
133.110,2,133063.000,51060,192000,3999.250,120.0,8,34,2,0.00000
133.215,0,133169.000,56129,192000,3999.646,120.0,8,34,2,0.00000
133.215,1,133169.000,56129,192000,3999.646,120.0,8,34,2,0.00000
133.215,2,133169.000,56129,192000,3999.646,120.0,8,34,2,0.00000
133.316,0,133269.000,60952,192000,3999.167,120.0,8,34,2,0.00000
133.316,1,133269.000,60952,192000,3999.167,120.0,8,34,2,0.00000
133.316,2,133269.000,60952,192000,3999.167,120.0,8,34,2,0.00000
133.426,0,133379.000,66217,192000,3999.479,120.0,8,34,2,0.00000
133.426,1,133379.000,66217,192000,3999.479,120.0,8,34,2,0.00000
133.426,2,133379.000,66217,192000,3999.479,120.0,8,34,2,0.00000
133.533,0,133486.000,71362,192000,3999.292,120.0,8,34,2,0.00000
133.533,1,133486.000,71362,192000,3999.292,120.0,8,34,2,0.00000
133.533,2,133486.000,71362,192000,3999.292,120.0,8,34,2,0.00000
133.633,0,133587.000,76189,192000,3999.729,120.0,8,34,2,0.00000
133.633,1,133587.000,76189,192000,3999.729,120.0,8,34,2,0.00000
133.633,2,133587.000,76189,192000,3999.729,120.0,8,34,2,0.00000
133.743,0,133697.000,81456,192000,0.000,120.0,8,34,2,0.00000
133.743,1,133697.000,81456,192000,0.000,120.0,8,34,2,0.00000
133.743,2,133697.000,81456,192000,0.000,120.0,8,34,2,0.00000
133.849,0,133803.000,86561,192000,3999.646,120.0,8,34,2,0.00000
133.849,1,133803.000,86561,192000,3999.646,120.0,8,34,2,0.00000
133.849,2,133803.000,86561,192000,3999.646,120.0,8,34,2,0.00000
133.951,0,133905.000,91461,192000,3999.562,120.0,8,34,2,0.00000
133.951,1,133905.000,91461,192000,3999.562,120.0,8,34,2,0.00000
133.951,2,133905.000,91461,192000,3999.562,120.0,8,34,2,0.00000
134.062,0,134016.000,96781,192000,3999.729,120.0,8,34,2,0.00000
134.062,1,134016.000,96781,192000,3999.729,120.0,8,34,2,0.00000
134.062,2,134016.000,96781,192000,3999.729,120.0,8,34,2,0.00000
134.166,0,134120.000,101776,192000,3999.667,120.0,8,34,2,0.00000
134.166,1,134120.000,101776,192000,3999.667,120.0,8,34,2,0.00000
134.166,2,134120.000,101776,192000,3999.667,120.0,8,34,2,0.00000
134.267,0,134221.000,106617,192000,3999.812,120.0,8,34,2,0.00000
134.267,1,134221.000,106617,192000,3999.812,120.0,8,34,2,0.00000
134.267,2,134221.000,106617,192000,3999.812,120.0,8,34,2,0.00000
134.375,0,134329.000,111798,192000,3999.875,120.0,8,34,2,0.00000
134.375,1,134329.000,111798,192000,3999.875,120.0,8,34,2,0.00000
134.375,2,134329.000,111798,192000,3999.875,120.0,8,34,2,0.00000
134.483,0,134437.000,116983,192000,3999.854,120.0,8,34,2,0.00000
134.483,1,134437.000,116983,192000,3999.854,120.0,8,34,2,0.00000
134.483,2,134437.000,116983,192000,3999.854,120.0,8,34,2,0.00000
134.587,0,134541.000,121972,192000,3999.917,120.0,8,34,2,0.00000
134.587,1,134541.000,121972,192000,3999.917,120.0,8,34,2,0.00000
134.587,2,134541.000,121972,192000,3999.917,120.0,8,34,2,0.00000
134.694,0,134648.000,127122,192000,3999.625,120.0,8,34,2,0.00000
134.694,1,134648.000,127122,192000,3999.625,120.0,8,34,2,0.00000
134.694,2,134648.000,127122,192000,3999.625,120.0,8,34,2,0.00000
134.801,0,134755.000,132256,192000,3999.667,120.0,8,34,2,0.00000
134.801,1,134755.000,132256,192000,3999.667,120.0,8,34,2,0.00000
134.801,2,134755.000,132256,192000,3999.667,120.0,8,34,2,0.00000
134.907,0,134861.000,137330,192000,3999.958,120.0,8,34,2,0.00000
134.907,1,134861.000,137330,192000,3999.958,120.0,8,34,2,0.00000
134.907,2,134861.000,137330,192000,3999.958,120.0,8,34,2,0.00000
135.016,0,134970.000,142578,192000,3999.625,120.0,8,34,2,0.00000
135.016,1,134970.000,142578,192000,3999.625,120.0,8,34,2,0.00000
135.016,2,134970.000,142578,192000,3999.625,120.0,8,34,2,0.00000
135.127,0,135080.000,147864,192000,3999.500,120.0,8,34,2,0.00000
135.127,1,135080.000,147864,192000,3999.500,120.0,8,34,2,0.00000
135.127,2,135080.000,147864,192000,3999.500,120.0,8,34,2,0.00000
135.232,0,135185.000,152907,192000,3999.438,120.0,8,34,2,0.00000
135.232,1,135185.000,152907,192000,3999.438,120.0,8,34,2,0.00000
135.232,2,135185.000,152907,192000,3999.438,120.0,8,34,2,0.00000
135.337,0,135291.000,157976,192000,3999.833,120.0,8,34,2,0.00000
135.337,1,135291.000,157976,192000,3999.833,120.0,8,34,2,0.00000
135.337,2,135291.000,157976,192000,3999.833,120.0,8,34,2,0.00000
135.449,0,135402.000,163322,192000,3999.458,120.0,8,34,2,0.00000
135.449,1,135402.000,163322,192000,3999.458,120.0,8,34,2,0.00000
135.449,2,135402.000,163322,192000,3999.458,120.0,8,34,2,0.00000
135.549,0,135502.000,168137,192000,3999.146,120.0,8,34,2,0.00000
135.549,1,135502.000,168137,192000,3999.146,120.0,8,34,2,0.00000
135.549,2,135502.000,168137,192000,3999.146,120.0,8,34,2,0.00000
135.652,0,135605.000,173064,192000,3999.500,120.0,8,34,2,0.00000
135.652,1,135605.000,173064,192000,3999.500,120.0,8,34,2,0.00000
135.652,2,135605.000,173064,192000,3999.500,120.0,8,34,2,0.00000
135.752,0,135706.000,177902,192000,3999.708,120.0,8,34,2,0.00000
135.752,1,135706.000,177902,192000,3999.708,120.0,8,34,2,0.00000
135.752,2,135706.000,177902,192000,3999.708,120.0,8,34,2,0.00000
135.860,0,135813.000,183049,192000,3999.479,120.0,8,34,2,0.00000
135.860,1,135813.000,183049,192000,3999.479,120.0,8,34,2,0.00000
135.860,2,135813.000,183049,192000,3999.479,120.0,8,34,2,0.00000
135.961,0,135915.000,187921,192000,3999.979,120.0,8,34,2,0.00000
135.961,1,135915.000,187921,192000,3999.979,120.0,8,34,2,0.00000
135.961,2,135915.000,187921,192000,3999.979,120.0,8,34,2,0.00000
136.067,0,136020.000,1000,192000,3999.167,120.0,8,35,2,0.00000
136.067,1,136020.000,1000,192000,3999.167,120.0,8,35,2,0.00000
136.067,2,136020.000,1000,192000,3999.167,120.0,8,35,2,0.00000
136.171,0,136124.000,5989,192000,3999.229,120.0,8,35,2,0.00000
136.171,1,136124.000,5989,192000,3999.229,120.0,8,35,2,0.00000
136.171,2,136124.000,5989,192000,3999.229,120.0,8,35,2,0.00000
136.276,0,136229.000,11015,192000,3999.521,120.0,8,35,2,0.00000
136.276,1,136229.000,11015,192000,3999.521,120.0,8,35,2,0.00000
136.276,2,136229.000,11015,192000,3999.521,120.0,8,35,2,0.00000
136.383,0,136337.000,16197,192000,3999.562,120.0,8,35,2,0.00000
136.383,1,136337.000,16197,192000,3999.562,120.0,8,35,2,0.00000
136.383,2,136337.000,16197,192000,3999.562,120.0,8,35,2,0.00000
136.489,0,136443.000,21264,192000,0.000,120.0,8,35,2,0.00000
136.489,1,136443.000,21264,192000,0.000,120.0,8,35,2,0.00000
136.489,2,136443.000,21264,192000,0.000,120.0,8,35,2,0.00000
136.592,0,136546.000,26217,192000,3999.812,120.0,8,35,2,0.00000
136.592,1,136546.000,26217,192000,3999.812,120.0,8,35,2,0.00000
136.592,2,136546.000,26217,192000,3999.812,120.0,8,35,2,0.00000
136.701,0,136655.000,31460,192000,3999.583,120.0,8,35,2,0.00000
136.701,1,136655.000,31460,192000,3999.583,120.0,8,35,2,0.00000
136.701,2,136655.000,31460,192000,3999.583,120.0,8,35,2,0.00000
136.809,0,136763.000,36629,192000,3999.896,120.0,8,35,2,0.00000
136.809,1,136763.000,36629,192000,3999.896,120.0,8,35,2,0.00000
136.809,2,136763.000,36629,192000,3999.896,120.0,8,35,2,0.00000
136.916,0,136869.000,41737,192000,3999.479,120.0,8,35,2,0.00000
136.916,1,136869.000,41737,192000,3999.479,120.0,8,35,2,0.00000
136.916,2,136869.000,41737,192000,3999.479,120.0,8,35,2,0.00000
137.016,0,136970.000,46561,192000,3999.979,120.0,8,35,2,0.00000
137.016,1,136970.000,46561,192000,3999.979,120.0,8,35,2,0.00000
137.016,2,136970.000,46561,192000,3999.979,120.0,8,35,2,0.00000
137.122,0,137075.000,51640,192000,3999.167,120.0,8,35,2,0.00000
137.122,1,137075.000,51640,192000,3999.167,120.0,8,35,2,0.00000
137.122,2,137075.000,51640,192000,3999.167,120.0,8,35,2,0.00000
137.225,0,137179.000,56595,192000,3999.938,120.0,8,35,2,0.00000
137.225,1,137179.000,56595,192000,3999.938,120.0,8,35,2,0.00000
137.225,2,137179.000,56595,192000,3999.938,120.0,8,35,2,0.00000
137.331,0,137285.000,61701,192000,3999.562,120.0,8,35,2,0.00000
137.331,1,137285.000,61701,192000,3999.562,120.0,8,35,2,0.00000
137.331,2,137285.000,61701,192000,3999.562,120.0,8,35,2,0.00000
137.432,0,137386.000,66532,192000,3999.917,120.0,8,35,2,0.00000
137.432,1,137386.000,66532,192000,3999.917,120.0,8,35,2,0.00000
137.432,2,137386.000,66532,192000,3999.917,120.0,8,35,2,0.00000
137.533,0,137487.000,71381,192000,3999.896,120.0,8,35,2,0.00000
137.533,1,137487.000,71381,192000,3999.896,120.0,8,35,2,0.00000
137.533,2,137487.000,71381,192000,3999.896,120.0,8,35,2,0.00000
137.636,0,137589.000,76311,192000,3999.188,120.0,8,35,2,0.00000
137.636,1,137589.000,76311,192000,3999.188,120.0,8,35,2,0.00000
137.636,2,137589.000,76311,192000,3999.188,120.0,8,35,2,0.00000
137.737,0,137691.000,81179,192000,3999.771,120.0,8,35,2,0.00000
137.737,1,137691.000,81179,192000,3999.771,120.0,8,35,2,0.00000
137.737,2,137691.000,81179,192000,3999.771,120.0,8,35,2,0.00000
137.842,0,137796.000,86217,192000,3999.812,120.0,8,35,2,0.00000
137.842,1,137796.000,86217,192000,3999.812,120.0,8,35,2,0.00000
137.842,2,137796.000,86217,192000,3999.812,120.0,8,35,2,0.00000
137.945,0,137898.000,91131,192000,3999.438,120.0,8,35,2,0.00000
137.945,1,137898.000,91131,192000,3999.438,120.0,8,35,2,0.00000
137.945,2,137898.000,91131,192000,3999.438,120.0,8,35,2,0.00000
138.051,0,138005.000,96240,192000,0.000,120.0,8,35,2,0.00000
138.051,1,138005.000,96240,192000,0.000,120.0,8,35,2,0.00000
138.051,2,138005.000,96240,192000,0.000,120.0,8,35,2,0.00000
138.158,0,138111.000,101366,192000,3999.208,120.0,8,35,2,0.00000
138.158,1,138111.000,101366,192000,3999.208,120.0,8,35,2,0.00000
138.158,2,138111.000,101366,192000,3999.208,120.0,8,35,2,0.00000
138.260,0,138214.000,106288,192000,3999.667,120.0,8,35,2,0.00000
138.260,1,138214.000,106288,192000,3999.667,120.0,8,35,2,0.00000
138.260,2,138214.000,106288,192000,3999.667,120.0,8,35,2,0.00000
138.371,0,138325.000,111613,192000,3999.729,120.0,8,35,2,0.00000
138.371,1,138325.000,111613,192000,3999.729,120.0,8,35,2,0.00000
138.371,2,138325.000,111613,192000,3999.729,120.0,8,35,2,0.00000
138.476,0,138430.000,116642,192000,3999.958,120.0,8,35,2,0.00000
138.476,1,138430.000,116642,192000,3999.958,120.0,8,35,2,0.00000
138.476,2,138430.000,116642,192000,3999.958,120.0,8,35,2,0.00000
138.581,0,138535.000,121686,192000,3999.875,120.0,8,35,2,0.00000
138.581,1,138535.000,121686,192000,3999.875,120.0,8,35,2,0.00000
138.581,2,138535.000,121686,192000,3999.875,120.0,8,35,2,0.00000
138.684,0,138638.000,126631,192000,3999.854,120.0,8,35,2,0.00000
138.684,1,138638.000,126631,192000,3999.854,120.0,8,35,2,0.00000
138.684,2,138638.000,126631,192000,3999.854,120.0,8,35,2,0.00000
138.794,0,138747.000,131901,192000,3999.062,120.0,8,35,2,0.00000
138.794,1,138747.000,131901,192000,3999.062,120.0,8,35,2,0.00000
138.794,2,138747.000,131901,192000,3999.062,120.0,8,35,2,0.00000
138.900,0,138853.000,136975,192000,3999.354,120.0,8,35,2,0.00000
138.900,1,138853.000,136975,192000,3999.354,120.0,8,35,2,0.00000
138.900,2,138853.000,136975,192000,3999.354,120.0,8,35,2,0.00000
139.001,0,138954.000,141815,192000,3999.521,120.0,8,35,2,0.00000
139.001,1,138954.000,141815,192000,3999.521,120.0,8,35,2,0.00000
139.001,2,138954.000,141815,192000,3999.521,120.0,8,35,2,0.00000
139.112,0,139065.000,147142,192000,3999.542,120.0,8,35,2,0.00000
139.112,1,139065.000,147142,192000,3999.542,120.0,8,35,2,0.00000
139.112,2,139065.000,147142,192000,3999.542,120.0,8,35,2,0.00000
139.216,0,139170.000,152180,192000,3999.583,120.0,8,35,2,0.00000
139.216,1,139170.000,152180,192000,3999.583,120.0,8,35,2,0.00000
139.216,2,139170.000,152180,192000,3999.583,120.0,8,35,2,0.00000
139.321,0,139274.000,157178,192000,3999.458,120.0,8,35,2,0.00000
139.321,1,139274.000,157178,192000,3999.458,120.0,8,35,2,0.00000
139.321,2,139274.000,157178,192000,3999.458,120.0,8,35,2,0.00000
139.428,0,139381.000,162335,192000,3999.021,120.0,8,35,2,0.00000
139.428,1,139381.000,162335,192000,3999.021,120.0,8,35,2,0.00000
139.428,2,139381.000,162335,192000,3999.021,120.0,8,35,2,0.00000
139.530,0,139484.000,167239,192000,3999.854,120.0,8,35,2,0.00000
139.530,1,139484.000,167239,192000,3999.854,120.0,8,35,2,0.00000
139.530,2,139484.000,167239,192000,3999.854,120.0,8,35,2,0.00000
139.635,0,139588.000,172264,192000,3999.167,120.0,8,35,2,0.00000
139.635,1,139588.000,172264,192000,3999.167,120.0,8,35,2,0.00000
139.635,2,139588.000,172264,192000,3999.167,120.0,8,35,2,0.00000
139.741,0,139695.000,177368,192000,3999.833,120.0,8,35,2,0.00000
139.741,1,139695.000,177368,192000,3999.833,120.0,8,35,2,0.00000
139.741,2,139695.000,177368,192000,3999.833,120.0,8,35,2,0.00000
139.842,0,139795.000,182204,192000,3999.083,120.0,8,35,2,0.00000
139.842,1,139795.000,182204,192000,3999.083,120.0,8,35,2,0.00000
139.842,2,139795.000,182204,192000,3999.083,120.0,8,35,2,0.00000
139.945,0,139898.000,187149,192000,3999.062,120.0,8,35,2,0.00000
139.945,1,139898.000,187149,192000,3999.062,120.0,8,35,2,0.00000
139.945,2,139898.000,187149,192000,3999.062,120.0,8,35,2,0.00000
140.053,0,140007.000,336,192000,0.000,120.0,8,36,2,0.03264
140.053,1,140007.000,336,192000,0.000,120.0,8,36,2,0.03355
140.053,2,140007.000,336,192000,0.000,120.0,8,36,2,0.03355
140.154,0,140107.000,5164,192000,3999.417,120.0,8,36,2,0.10014
140.154,1,140107.000,5164,192000,3999.417,120.0,8,36,2,0.10005
140.154,2,140107.000,5164,192000,3999.417,120.0,8,36,2,0.09999
140.258,0,140212.000,10186,192000,3999.792,120.0,8,36,2,0.06481
140.258,1,140212.000,10186,192000,3999.792,120.0,8,36,2,0.06475
140.258,2,140212.000,10186,192000,3999.792,120.0,8,36,2,0.06471
140.361,0,140315.000,15126,192000,3999.875,120.0,8,36,2,0.04224
140.361,1,140315.000,15126,192000,3999.875,120.0,8,36,2,0.04220
140.361,2,140315.000,15126,192000,3999.875,120.0,8,36,2,0.04218
140.464,0,140418.000,20078,192000,3999.708,120.0,8,36,2,0.02751
140.464,1,140418.000,20078,192000,3999.708,120.0,8,36,2,0.02748
140.464,2,140418.000,20078,192000,3999.708,120.0,8,36,2,0.02746
140.567,0,140521.000,25015,192000,3999.854,120.0,8,36,2,0.01793
140.567,1,140521.000,25015,192000,3999.854,120.0,8,36,2,0.01792
140.567,2,140521.000,25015,192000,3999.854,120.0,8,36,2,0.01791
140.668,0,140621.000,29840,192000,3999.333,120.0,8,36,2,0.01181
140.668,1,140621.000,29840,192000,3999.333,120.0,8,36,2,0.01179
140.668,2,140621.000,29840,192000,3999.333,120.0,8,36,2,0.01179
140.770,0,140724.000,34760,192000,3999.833,120.0,8,36,2,0.00771
140.770,1,140724.000,34760,192000,3999.833,120.0,8,36,2,0.00770
140.770,2,140724.000,34760,192000,3999.833,120.0,8,36,2,0.00770
140.871,0,140824.000,39575,192000,3999.521,120.0,8,36,2,0.00508
140.871,1,140824.000,39575,192000,3999.521,120.0,8,36,2,0.00507
140.871,2,140824.000,39575,192000,3999.521,120.0,8,36,2,0.00507
140.973,0,140927.000,44502,192000,3999.875,120.0,8,36,2,0.00331
140.973,1,140927.000,44502,192000,3999.875,120.0,8,36,2,0.00331
140.973,2,140927.000,44502,192000,3999.875,120.0,8,36,2,0.00331
141.078,0,141031.000,49535,192000,3999.021,120.0,8,36,2,0.00214
141.078,1,141031.000,49535,192000,3999.021,120.0,8,36,2,0.00214
141.078,2,141031.000,49535,192000,3999.021,120.0,8,36,2,0.00214
141.184,0,141137.000,54601,192000,3999.479,120.0,8,36,2,0.00138
141.184,1,141137.000,54601,192000,3999.479,120.0,8,36,2,0.00138
141.184,2,141137.000,54601,192000,3999.479,120.0,8,36,2,0.00138
141.292,0,141245.000,59783,192000,3999.521,120.0,8,36,2,0.00088
141.292,1,141245.000,59783,192000,3999.521,120.0,8,36,2,0.00088
141.292,2,141245.000,59783,192000,3999.521,120.0,8,36,2,0.00088
141.400,0,141353.000,64975,192000,3999.354,120.0,8,36,2,0.00056
141.400,1,141353.000,64975,192000,3999.354,120.0,8,36,2,0.00056
141.400,2,141353.000,64975,192000,3999.354,120.0,8,36,2,0.00056
141.503,0,141456.000,69921,192000,3999.312,120.0,8,36,2,0.00037
141.503,1,141456.000,69921,192000,3999.312,120.0,8,36,2,0.00037
141.503,2,141456.000,69921,192000,3999.312,120.0,8,36,2,0.00037
141.608,0,141562.000,74977,192000,3999.979,120.0,8,36,2,0.00024
141.608,1,141562.000,74977,192000,3999.979,120.0,8,36,2,0.00024
141.608,2,141562.000,74977,192000,3999.979,120.0,8,36,2,0.00024
141.716,0,141670.000,80174,192000,3999.708,120.0,8,36,2,0.00015
141.716,1,141670.000,80174,192000,3999.708,120.0,8,36,2,0.00015
141.716,2,141670.000,80174,192000,3999.708,120.0,8,36,2,0.00015
141.823,0,141776.000,85281,192000,3999.312,120.0,8,36,2,0.00010
141.823,1,141776.000,85281,192000,3999.312,120.0,8,36,2,0.00010
141.823,2,141776.000,85281,192000,3999.312,120.0,8,36,2,0.00010
141.929,0,141882.000,90372,192000,3999.250,120.0,8,36,2,0.00006
141.929,1,141882.000,90372,192000,3999.250,120.0,8,36,2,0.00006
141.929,2,141882.000,90372,192000,3999.250,120.0,8,36,2,0.00006
142.036,0,141989.000,95519,192000,3999.021,120.0,8,36,2,0.00004
142.036,1,141989.000,95519,192000,3999.021,120.0,8,36,2,0.00004
142.036,2,141989.000,95519,192000,3999.021,120.0,8,36,2,0.00004
142.145,0,142099.000,100760,192000,3999.833,120.0,8,36,2,0.00003
142.145,1,142099.000,100760,192000,3999.833,120.0,8,36,2,0.00003
142.145,2,142099.000,100760,192000,3999.833,120.0,8,36,2,0.00003
142.253,0,142207.000,105953,192000,3999.646,120.0,8,36,2,0.00002
142.253,1,142207.000,105953,192000,3999.646,120.0,8,36,2,0.00002
142.253,2,142207.000,105953,192000,3999.646,120.0,8,36,2,0.00002
142.354,0,142307.000,110780,192000,3999.083,120.0,8,36,2,0.00001
142.354,1,142307.000,110780,192000,3999.083,120.0,8,36,2,0.00001
142.354,2,142307.000,110780,192000,3999.083,120.0,8,36,2,0.00001
142.455,0,142408.000,115619,192000,3999.271,120.0,8,36,2,0.00001
142.455,1,142408.000,115619,192000,3999.271,120.0,8,36,2,0.00001
142.455,2,142408.000,115619,192000,3999.271,120.0,8,36,2,0.00001
142.563,0,142517.000,120825,192000,3999.812,120.0,8,36,2,0.00000
142.563,1,142517.000,120825,192000,3999.812,120.0,8,36,2,0.00000
142.563,2,142517.000,120825,192000,3999.812,120.0,8,36,2,0.00000
142.674,0,142627.000,126119,192000,3999.521,120.0,8,36,2,0.00000
142.674,1,142627.000,126119,192000,3999.521,120.0,8,36,2,0.00000
142.674,2,142627.000,126119,192000,3999.521,120.0,8,36,2,0.00000
142.781,0,142735.000,131281,192000,3999.979,120.0,8,36,2,0.00000
142.781,1,142735.000,131281,192000,3999.979,120.0,8,36,2,0.00000
142.781,2,142735.000,131281,192000,3999.979,120.0,8,36,2,0.00000
142.885,0,142838.000,136259,192000,3999.271,120.0,8,36,2,0.00000
142.885,1,142838.000,136259,192000,3999.271,120.0,8,36,2,0.00000
142.885,2,142838.000,136259,192000,3999.271,120.0,8,36,2,0.00000
142.994,0,142948.000,141522,192000,3999.625,120.0,8,36,2,0.00000
142.994,1,142948.000,141522,192000,3999.625,120.0,8,36,2,0.00000
142.994,2,142948.000,141522,192000,3999.625,120.0,8,36,2,0.00000
143.101,0,143055.000,146654,192000,3999.708,120.0,8,36,2,0.00000
143.101,1,143055.000,146654,192000,3999.708,120.0,8,36,2,0.00000
143.101,2,143055.000,146654,192000,3999.708,120.0,8,36,2,0.00000
143.209,0,143162.000,151814,192000,3999.208,120.0,8,36,2,0.00000
143.209,1,143162.000,151814,192000,3999.208,120.0,8,36,2,0.00000
143.209,2,143162.000,151814,192000,3999.208,120.0,8,36,2,0.00000
143.311,0,143264.000,156698,192000,3999.458,120.0,8,36,2,0.00000
143.311,1,143264.000,156698,192000,3999.458,120.0,8,36,2,0.00000
143.311,2,143264.000,156698,192000,3999.458,120.0,8,36,2,0.00000
143.412,0,143365.000,161557,192000,3999.229,120.0,8,36,2,0.00000
143.412,1,143365.000,161557,192000,3999.229,120.0,8,36,2,0.00000
143.412,2,143365.000,161557,192000,3999.229,120.0,8,36,2,0.00000
143.519,0,143473.000,166705,192000,3999.979,120.0,8,36,2,0.00000
143.519,1,143473.000,166705,192000,3999.979,120.0,8,36,2,0.00000
143.519,2,143473.000,166705,192000,3999.979,120.0,8,36,2,0.00000
143.624,0,143578.000,171754,192000,3999.792,120.0,8,36,2,0.00000
143.624,1,143578.000,171754,192000,3999.792,120.0,8,36,2,0.00000
143.624,2,143578.000,171754,192000,3999.792,120.0,8,36,2,0.00000
143.731,0,143684.000,176866,192000,3999.292,120.0,8,36,2,0.00000
143.731,1,143684.000,176866,192000,3999.292,120.0,8,36,2,0.00000
143.731,2,143684.000,176866,192000,3999.292,120.0,8,36,2,0.00000
143.836,0,143790.000,181927,192000,3999.854,120.0,8,36,2,0.00000
143.836,1,143790.000,181927,192000,3999.854,120.0,8,36,2,0.00000
143.836,2,143790.000,181927,192000,3999.854,120.0,8,36,2,0.00000
143.941,0,143895.000,186976,192000,3999.667,120.0,8,36,2,0.00000
143.941,1,143895.000,186976,192000,3999.667,120.0,8,36,2,0.00000
143.941,2,143895.000,186976,192000,3999.667,120.0,8,36,2,0.00000
144.050,0,144003.000,181,192000,3999.229,120.0,8,37,2,0.00000
144.050,1,144003.000,181,192000,3999.229,120.0,8,37,2,0.00000
144.050,2,144003.000,181,192000,3999.229,120.0,8,37,2,0.00000
144.159,0,144113.000,5441,192000,3999.646,120.0,8,37,2,0.00000
144.159,1,144113.000,5441,192000,3999.646,120.0,8,37,2,0.00000
144.159,2,144113.000,5441,192000,3999.646,120.0,8,37,2,0.00000
144.261,0,144214.000,10295,192000,3999.521,120.0,8,37,2,0.00000
144.261,1,144214.000,10295,192000,3999.521,120.0,8,37,2,0.00000
144.261,2,144214.000,10295,192000,3999.521,120.0,8,37,2,0.00000
144.362,0,144316.000,15181,192000,3999.729,120.0,8,37,2,0.00000
144.362,1,144316.000,15181,192000,3999.729,120.0,8,37,2,0.00000
144.362,2,144316.000,15181,192000,3999.729,120.0,8,37,2,0.00000
144.469,0,144422.000,20285,192000,3999.396,120.0,8,37,2,0.00000
144.469,1,144422.000,20285,192000,3999.396,120.0,8,37,2,0.00000
144.469,2,144422.000,20285,192000,3999.396,120.0,8,37,2,0.00000
144.577,0,144530.000,25464,192000,3999.500,120.0,8,37,2,0.00000
144.577,1,144530.000,25464,192000,3999.500,120.0,8,37,2,0.00000
144.577,2,144530.000,25464,192000,3999.500,120.0,8,37,2,0.00000
144.678,0,144631.000,30328,192000,3999.167,120.0,8,37,2,0.00000
144.678,1,144631.000,30328,192000,3999.167,120.0,8,37,2,0.00000
144.678,2,144631.000,30328,192000,3999.167,120.0,8,37,2,0.00000
144.785,0,144738.000,35457,192000,3999.312,120.0,8,37,2,0.00000
144.785,1,144738.000,35457,192000,3999.312,120.0,8,37,2,0.00000
144.785,2,144738.000,35457,192000,3999.312,120.0,8,37,2,0.00000
144.893,0,144846.000,40634,192000,3999.458,120.0,8,37,2,0.00000
144.893,1,144846.000,40634,192000,3999.458,120.0,8,37,2,0.00000
144.893,2,144846.000,40634,192000,3999.458,120.0,8,37,2,0.00000
144.993,0,144947.000,45458,192000,3999.958,120.0,8,37,2,0.00000
144.993,1,144947.000,45458,192000,3999.958,120.0,8,37,2,0.00000
144.993,2,144947.000,45458,192000,3999.958,120.0,8,37,2,0.00000
145.097,0,145050.000,50441,192000,3999.146,120.0,8,37,2,0.00000
145.097,1,145050.000,50441,192000,3999.146,120.0,8,37,2,0.00000
145.097,2,145050.000,50441,192000,3999.146,120.0,8,37,2,0.00000
145.204,0,145157.000,55558,192000,3999.542,120.0,8,37,2,0.00000
145.204,1,145157.000,55558,192000,3999.542,120.0,8,37,2,0.00000
145.204,2,145157.000,55558,192000,3999.542,120.0,8,37,2,0.00000
145.312,0,145266.000,60769,192000,3999.979,120.0,8,37,2,0.00000
145.312,1,145266.000,60769,192000,3999.979,120.0,8,37,2,0.00000
145.312,2,145266.000,60769,192000,3999.979,120.0,8,37,2,0.00000
145.418,0,145372.000,65858,192000,3999.958,120.0,8,37,2,0.00000
145.418,1,145372.000,65858,192000,3999.958,120.0,8,37,2,0.00000
145.418,2,145372.000,65858,192000,3999.958,120.0,8,37,2,0.00000
145.520,0,145473.000,70746,192000,3999.125,120.0,8,37,2,0.00000
145.520,1,145473.000,70746,192000,3999.125,120.0,8,37,2,0.00000
145.520,2,145473.000,70746,192000,3999.125,120.0,8,37,2,0.00000
145.627,0,145580.000,75886,192000,3999.042,120.0,8,37,2,0.00000
145.627,1,145580.000,75886,192000,3999.042,120.0,8,37,2,0.00000
145.627,2,145580.000,75886,192000,3999.042,120.0,8,37,2,0.00000
145.738,0,145691.000,81214,192000,3999.042,120.0,8,37,2,0.00000
145.738,1,145691.000,81214,192000,3999.042,120.0,8,37,2,0.00000
145.738,2,145691.000,81214,192000,3999.042,120.0,8,37,2,0.00000
145.839,0,145792.000,86062,192000,3999.042,120.0,8,37,2,0.00000
145.839,1,145792.000,86062,192000,3999.042,120.0,8,37,2,0.00000
145.839,2,145792.000,86062,192000,3999.042,120.0,8,37,2,0.00000
145.939,0,145893.000,90864,192000,0.000,120.0,8,37,2,0.00000
145.939,1,145893.000,90864,192000,0.000,120.0,8,37,2,0.00000
145.939,2,145893.000,90864,192000,0.000,120.0,8,37,2,0.00000
146.050,0,146003.000,96167,192000,3999.521,120.0,8,37,2,0.00000
146.050,1,146003.000,96167,192000,3999.521,120.0,8,37,2,0.00000
146.050,2,146003.000,96167,192000,3999.521,120.0,8,37,2,0.00000
146.151,0,146105.000,101060,192000,3999.583,120.0,8,37,2,0.00000
146.151,1,146105.000,101060,192000,3999.583,120.0,8,37,2,0.00000
146.151,2,146105.000,101060,192000,3999.583,120.0,8,37,2,0.00000
146.252,0,146205.000,105874,192000,3999.292,120.0,8,37,2,0.00000
146.252,1,146205.000,105874,192000,3999.292,120.0,8,37,2,0.00000
146.252,2,146205.000,105874,192000,3999.292,120.0,8,37,2,0.00000
146.354,0,146307.000,110763,192000,3999.438,120.0,8,37,2,0.00000
146.354,1,146307.000,110763,192000,3999.438,120.0,8,37,2,0.00000
146.354,2,146307.000,110763,192000,3999.438,120.0,8,37,2,0.00000
146.458,0,146411.000,115757,192000,3999.396,120.0,8,37,2,0.00000
146.458,1,146411.000,115757,192000,3999.396,120.0,8,37,2,0.00000
146.458,2,146411.000,115757,192000,3999.396,120.0,8,37,2,0.00000
146.558,0,146512.000,120591,192000,3999.688,120.0,8,37,2,0.00000
146.558,1,146512.000,120591,192000,3999.688,120.0,8,37,2,0.00000
146.558,2,146512.000,120591,192000,3999.688,120.0,8,37,2,0.00000
146.666,0,146619.000,125744,192000,3999.333,120.0,8,37,2,0.00000
146.666,1,146619.000,125744,192000,3999.333,120.0,8,37,2,0.00000
146.666,2,146619.000,125744,192000,3999.333,120.0,8,37,2,0.00000
146.768,0,146722.000,130659,192000,3999.938,120.0,8,37,2,0.00000
146.768,1,146722.000,130659,192000,3999.938,120.0,8,37,2,0.00000
146.768,2,146722.000,130659,192000,3999.938,120.0,8,37,2,0.00000
146.879,0,146832.000,135960,192000,3999.500,120.0,8,37,2,0.00000
146.879,1,146832.000,135960,192000,3999.500,120.0,8,37,2,0.00000
146.879,2,146832.000,135960,192000,3999.500,120.0,8,37,2,0.00000
146.985,0,146938.000,141058,192000,3999.292,120.0,8,37,2,0.00000
146.985,1,146938.000,141058,192000,3999.292,120.0,8,37,2,0.00000
146.985,2,146938.000,141058,192000,3999.292,120.0,8,37,2,0.00000
147.088,0,147042.000,146017,192000,3999.979,120.0,8,37,2,0.00000
147.088,1,147042.000,146017,192000,3999.979,120.0,8,37,2,0.00000
147.088,2,147042.000,146017,192000,3999.979,120.0,8,37,2,0.00000
147.188,0,147142.000,150833,192000,3999.646,120.0,8,37,2,0.00000
147.188,1,147142.000,150833,192000,3999.646,120.0,8,37,2,0.00000
147.188,2,147142.000,150833,192000,3999.646,120.0,8,37,2,0.00000
147.291,0,147245.000,155769,192000,3999.812,120.0,8,37,2,0.00000
147.291,1,147245.000,155769,192000,3999.812,120.0,8,37,2,0.00000
147.291,2,147245.000,155769,192000,3999.812,120.0,8,37,2,0.00000
147.392,0,147346.000,160609,192000,3999.979,120.0,8,37,2,0.00000
147.392,1,147346.000,160609,192000,3999.979,120.0,8,37,2,0.00000
147.392,2,147346.000,160609,192000,3999.979,120.0,8,37,2,0.00000
147.495,0,147448.000,165530,192000,3999.458,120.0,8,37,2,0.00000
147.495,1,147448.000,165530,192000,3999.458,120.0,8,37,2,0.00000
147.495,2,147448.000,165530,192000,3999.458,120.0,8,37,2,0.00000
147.600,0,147554.000,170602,192000,3999.792,120.0,8,37,2,0.00000
147.600,1,147554.000,170602,192000,3999.792,120.0,8,37,2,0.00000
147.600,2,147554.000,170602,192000,3999.792,120.0,8,37,2,0.00000
147.700,0,147654.000,175403,192000,3999.771,120.0,8,37,2,0.00000
147.700,1,147654.000,175403,192000,3999.771,120.0,8,37,2,0.00000
147.700,2,147654.000,175403,192000,3999.771,120.0,8,37,2,0.00000
147.804,0,147758.000,180392,192000,3999.833,120.0,8,37,2,0.00000
147.804,1,147758.000,180392,192000,3999.833,120.0,8,37,2,0.00000
147.804,2,147758.000,180392,192000,3999.833,120.0,8,37,2,0.00000
147.910,0,147863.000,185452,192000,3999.417,120.0,8,37,2,0.00000
147.910,1,147863.000,185452,192000,3999.417,120.0,8,37,2,0.00000
147.910,2,147863.000,185452,192000,3999.417,120.0,8,37,2,0.00000
148.010,0,147963.000,190261,192000,3999.229,120.0,8,37,2,0.00000
148.010,1,147963.000,190261,192000,3999.229,120.0,8,37,2,0.00000
148.010,2,147963.000,190261,192000,3999.229,120.0,8,37,2,0.00000
148.112,0,148065.000,3164,192000,3999.083,120.0,8,38,2,0.00000
148.112,1,148065.000,3164,192000,3999.083,120.0,8,38,2,0.00000
148.112,2,148065.000,3164,192000,3999.083,120.0,8,38,2,0.00000
148.217,0,148171.000,8212,192000,3999.917,120.0,8,38,2,0.00000
148.217,1,148171.000,8212,192000,3999.917,120.0,8,38,2,0.00000
148.217,2,148171.000,8212,192000,3999.917,120.0,8,38,2,0.00000
148.326,0,148279.000,13415,192000,3999.521,120.0,8,38,2,0.00000
148.326,1,148279.000,13415,192000,3999.521,120.0,8,38,2,0.00000
148.326,2,148279.000,13415,192000,3999.521,120.0,8,38,2,0.00000
148.427,0,148381.000,18288,192000,0.000,120.0,8,38,2,0.00000
148.427,1,148381.000,18288,192000,0.000,120.0,8,38,2,0.00000
148.427,2,148381.000,18288,192000,0.000,120.0,8,38,2,0.00000
148.528,0,148481.000,23122,192000,3999.292,120.0,8,38,2,0.00000
148.528,1,148481.000,23122,192000,3999.292,120.0,8,38,2,0.00000
148.528,2,148481.000,23122,192000,3999.292,120.0,8,38,2,0.00000
148.630,0,148584.000,28037,192000,3999.896,120.0,8,38,2,0.00000
148.630,1,148584.000,28037,192000,3999.896,120.0,8,38,2,0.00000
148.630,2,148584.000,28037,192000,3999.896,120.0,8,38,2,0.00000
148.740,0,148693.000,33304,192000,3999.167,120.0,8,38,2,0.00000
148.740,1,148693.000,33304,192000,3999.167,120.0,8,38,2,0.00000
148.740,2,148693.000,33304,192000,3999.167,120.0,8,38,2,0.00000
148.842,0,148795.000,38207,192000,3999.021,120.0,8,38,2,0.00000
148.842,1,148795.000,38207,192000,3999.021,120.0,8,38,2,0.00000
148.842,2,148795.000,38207,192000,3999.021,120.0,8,38,2,0.00000
148.946,0,148899.000,43178,192000,3999.458,120.0,8,38,2,0.00000
148.946,1,148899.000,43178,192000,3999.458,120.0,8,38,2,0.00000
148.946,2,148899.000,43178,192000,3999.458,120.0,8,38,2,0.00000
149.051,0,149005.000,48257,192000,3999.646,120.0,8,38,2,0.00000
149.051,1,149005.000,48257,192000,3999.646,120.0,8,38,2,0.00000
149.051,2,149005.000,48257,192000,3999.646,120.0,8,38,2,0.00000
149.160,0,149114.000,53474,192000,3999.958,120.0,8,38,2,0.00000
149.160,1,149114.000,53474,192000,3999.958,120.0,8,38,2,0.00000
149.160,2,149114.000,53474,192000,3999.958,120.0,8,38,2,0.00000
149.268,0,149222.000,58669,192000,3999.729,120.0,8,38,2,0.00000
149.268,1,149222.000,58669,192000,3999.729,120.0,8,38,2,0.00000
149.268,2,149222.000,58669,192000,3999.729,120.0,8,38,2,0.00000
149.379,0,149333.000,63988,192000,3999.917,120.0,8,38,2,0.00000
149.379,1,149333.000,63988,192000,3999.917,120.0,8,38,2,0.00000
149.379,2,149333.000,63988,192000,3999.917,120.0,8,38,2,0.00000
149.482,0,149435.000,68922,192000,3999.125,120.0,8,38,2,0.00000
149.482,1,149435.000,68922,192000,3999.125,120.0,8,38,2,0.00000
149.482,2,149435.000,68922,192000,3999.125,120.0,8,38,2,0.00000
149.592,0,149546.000,74216,192000,3999.833,120.0,8,38,2,0.00000
149.592,1,149546.000,74216,192000,3999.833,120.0,8,38,2,0.00000
149.592,2,149546.000,74216,192000,3999.833,120.0,8,38,2,0.00000
149.693,0,149647.000,79060,192000,3999.917,120.0,8,38,2,0.00000
149.693,1,149647.000,79060,192000,3999.917,120.0,8,38,2,0.00000
149.693,2,149647.000,79060,192000,3999.917,120.0,8,38,2,0.00000
149.800,0,149754.000,84213,192000,3999.562,120.0,8,38,2,0.00000
149.800,1,149754.000,84213,192000,3999.562,120.0,8,38,2,0.00000
149.800,2,149754.000,84213,192000,3999.562,120.0,8,38,2,0.00000
149.909,0,149863.000,89428,192000,3999.917,120.0,8,38,2,0.00000
149.909,1,149863.000,89428,192000,3999.917,120.0,8,38,2,0.00000
149.909,2,149863.000,89428,192000,3999.917,120.0,8,38,2,0.00000
