t_s,idx,spos_ms,interval_pos,interval_len,interval_phase_ms,bpm,bpi,loop,nusers,remote_peak,upk0,upk1,upk2,upk3
0.100,0,85.000,4109,192000,3999.396,120.0,8,1,2,0.00000,0.00000,0.00000,0.00000,0.00000
0.100,1,85.000,4118,192000,3999.208,120.0,8,1,2,0.00000,0.00000,0.00000,0.00000,0.00000
0.100,2,85.000,4100,192000,3999.583,120.0,8,1,2,0.00000,0.00000,0.00000,0.00000,0.00000
0.201,0,186.000,8931,192000,3999.938,120.0,8,1,2,0.00000,0.00000,0.00000,0.00000,0.00000
0.201,1,186.000,8951,192000,3999.521,120.0,8,1,2,0.00000,0.00000,0.00000,0.00000,0.00000
0.201,2,185.000,8911,192000,3999.354,120.0,8,1,2,0.00000,0.00000,0.00000,0.00000,0.00000
0.303,0,288.000,13824,192000,0.000,120.0,8,1,2,0.00000,0.00000,0.00000,0.00000,0.00000
0.303,1,288.000,13855,192000,3999.354,120.0,8,1,2,0.00000,0.00000,0.00000,0.00000,0.00000
0.303,2,287.000,13794,192000,3999.625,120.0,8,1,2,0.00000,0.00000,0.00000,0.00000,0.00000
0.405,0,390.000,18731,192000,3999.771,120.0,8,1,2,0.00000,0.00000,0.00000,0.00000,0.00000
0.405,1,391.000,18773,192000,3999.896,120.0,8,1,2,0.00000,0.00000,0.00000,0.00000,0.00000
0.405,2,389.000,18689,192000,3999.646,120.0,8,1,2,0.00000,0.00000,0.00000,0.00000,0.00000
0.506,0,490.000,23556,192000,3999.250,120.0,8,1,2,0.00000,0.00000,0.00000,0.00000,0.00000
0.506,1,491.000,23609,192000,3999.146,120.0,8,1,2,0.00000,0.00000,0.00000,0.00000,0.00000
0.506,2,489.000,23503,192000,3999.354,120.0,8,1,2,0.00000,0.00000,0.00000,0.00000,0.00000
0.608,0,593.000,28467,192000,3999.938,120.0,8,1,2,0.00000,0.00000,0.00000,0.00000,0.00000
0.608,1,594.000,28531,192000,3999.604,120.0,8,1,2,0.00000,0.00000,0.00000,0.00000,0.00000
0.608,2,591.000,28404,192000,3999.250,120.0,8,1,2,0.00000,0.00000,0.00000,0.00000,0.00000
0.708,0,693.000,33290,192000,3999.458,120.0,8,1,2,0.00000,0.00000,0.00000,0.00000,0.00000
0.708,1,695.000,33365,192000,3999.896,120.0,8,1,2,0.00000,0.00000,0.00000,0.00000,0.00000
0.708,2,692.000,33216,192000,0.000,120.0,8,1,2,0.00000,0.00000,0.00000,0.00000,0.00000
0.811,0,796.000,38226,192000,3999.625,120.0,8,1,2,0.00000,0.00000,0.00000,0.00000,0.00000
0.811,1,798.000,38312,192000,3999.833,120.0,8,1,2,0.00000,0.00000,0.00000,0.00000,0.00000
0.811,2,794.000,38141,192000,3999.396,120.0,8,1,2,0.00000,0.00000,0.00000,0.00000,0.00000
0.911,0,896.000,43028,192000,3999.583,120.0,8,1,2,0.00000,0.00000,0.00000,0.00000,0.00000
0.911,1,898.000,43125,192000,3999.562,120.0,8,1,2,0.00000,0.00000,0.00000,0.00000,0.00000
0.911,2,894.000,42932,192000,3999.583,120.0,8,1,2,0.00000,0.00000,0.00000,0.00000,0.00000
1.012,0,996.000,47852,192000,3999.083,120.0,8,1,2,0.00000,0.00000,0.00000,0.00000,0.00000
1.012,1,999.000,47960,192000,3999.833,120.0,8,1,2,0.00000,0.00000,0.00000,0.00000,0.00000
1.012,2,994.000,47745,192000,3999.312,120.0,8,1,2,0.00000,0.00000,0.00000,0.00000,0.00000
1.113,0,1098.000,52705,192000,3999.979,120.0,8,1,2,0.00000,0.00000,0.00000,0.00000,0.00000
1.113,1,1100.000,52824,192000,3999.500,120.0,8,1,2,0.00000,0.00000,0.00000,0.00000,0.00000
1.113,2,1095.000,52587,192000,3999.438,120.0,8,1,2,0.00000,0.00000,0.00000,0.00000,0.00000
1.214,0,1199.000,57555,192000,3999.938,120.0,8,1,2,0.00000,0.00000,0.00000,0.00000,0.00000
1.214,1,1201.000,57684,192000,3999.250,120.0,8,1,2,0.00000,0.00000,0.00000,0.00000,0.00000
1.214,2,1196.000,57426,192000,3999.625,120.0,8,1,2,0.00000,0.00000,0.00000,0.00000,0.00000
1.315,0,1299.000,62388,192000,3999.250,120.0,8,1,2,0.00000,0.00000,0.00000,0.00000,0.00000
1.315,1,1302.000,62528,192000,3999.333,120.0,8,1,2,0.00000,0.00000,0.00000,0.00000,0.00000
1.315,2,1296.000,62248,192000,3999.167,120.0,8,1,2,0.00000,0.00000,0.00000,0.00000,0.00000
1.416,0,1400.000,67237,192000,3999.229,120.0,8,1,2,0.00000,0.00000,0.00000,0.00000,0.00000
1.416,1,1403.000,67388,192000,3999.083,120.0,8,1,2,0.00000,0.00000,0.00000,0.00000,0.00000
1.416,2,1397.000,67086,192000,3999.375,120.0,8,1,2,0.00000,0.00000,0.00000,0.00000,0.00000
1.517,0,1501.000,72088,192000,3999.167,120.0,8,1,2,0.00000,0.00000,0.00000,0.00000,0.00000
1.517,1,1505.000,72250,192000,3999.792,120.0,8,1,2,0.00000,0.00000,0.00000,0.00000,0.00000
1.517,2,1498.000,71926,192000,3999.542,120.0,8,1,2,0.00000,0.00000,0.00000,0.00000,0.00000
1.619,0,1603.000,76979,192000,3999.271,120.0,8,1,2,0.00000,0.00000,0.00000,0.00000,0.00000
1.619,1,1607.000,77152,192000,3999.667,120.0,8,1,2,0.00000,0.00000,0.00000,0.00000,0.00000
1.619,2,1600.000,76806,192000,3999.875,120.0,8,1,2,0.00000,0.00000,0.00000,0.00000,0.00000
1.720,0,1704.000,81830,192000,3999.208,120.0,8,1,2,0.00000,0.00000,0.00000,0.00000,0.00000
1.720,1,1708.000,82014,192000,3999.375,120.0,8,1,2,0.00000,0.00000,0.00000,0.00000,0.00000
1.720,2,1700.000,81646,192000,3999.042,120.0,8,1,2,0.00000,0.00000,0.00000,0.00000,0.00000
1.820,0,1805.000,86644,192000,3999.917,120.0,8,1,2,0.00000,0.00000,0.00000,0.00000,0.00000
1.820,1,1809.000,86839,192000,3999.854,120.0,8,1,2,0.00000,0.00000,0.00000,0.00000,0.00000
1.820,2,1801.000,86449,192000,3999.979,120.0,8,1,2,0.00000,0.00000,0.00000,0.00000,0.00000
1.920,0,1905.000,91464,192000,3999.500,120.0,8,1,2,0.00000,0.00000,0.00000,0.00000,0.00000
1.920,1,1909.000,91670,192000,3999.208,120.0,8,1,2,0.00000,0.00000,0.00000,0.00000,0.00000
1.920,2,1901.000,91258,192000,3999.792,120.0,8,1,2,0.00000,0.00000,0.00000,0.00000,0.00000
2.022,0,2007.000,96355,192000,3999.604,120.0,8,1,2,0.00000,0.00000,0.00000,0.00000,0.00000
2.022,1,2011.000,96571,192000,3999.104,120.0,8,1,2,0.00000,0.00000,0.00000,0.00000,0.00000
2.022,2,2002.000,96138,192000,3999.125,120.0,8,1,2,0.00000,0.00000,0.00000,0.00000,0.00000
2.124,0,2108.000,101231,192000,3999.021,120.0,8,1,2,0.00000,0.00000,0.00000,0.00000,0.00000
2.124,1,2113.000,101458,192000,3999.292,120.0,8,1,2,0.00000,0.00000,0.00000,0.00000,0.00000
2.124,2,2104.000,101003,192000,3999.771,120.0,8,1,2,0.00000,0.00000,0.00000,0.00000,0.00000
2.227,0,2211.000,106163,192000,3999.271,120.0,8,1,2,0.00000,0.00000,0.00000,0.00000,0.00000
2.227,1,2216.000,106402,192000,3999.292,120.0,8,1,2,0.00000,0.00000,0.00000,0.00000,0.00000
2.227,2,2206.000,105925,192000,3999.229,120.0,8,1,2,0.00000,0.00000,0.00000,0.00000,0.00000
2.327,0,2311.000,110972,192000,3999.083,120.0,8,1,2,0.00000,0.00000,0.00000,0.00000,0.00000
2.327,1,2317.000,111221,192000,3999.896,120.0,8,1,2,0.00000,0.00000,0.00000,0.00000,0.00000
2.327,2,2306.000,110723,192000,3999.271,120.0,8,1,2,0.00000,0.00000,0.00000,0.00000,0.00000
2.429,0,2414.000,115882,192000,3999.792,120.0,8,1,2,0.00000,0.00000,0.00000,0.00000,0.00000
2.429,1,2419.000,116142,192000,3999.375,120.0,8,1,2,0.00000,0.00000,0.00000,0.00000,0.00000
2.429,2,2408.000,115621,192000,3999.229,120.0,8,1,2,0.00000,0.00000,0.00000,0.00000,0.00000
2.531,0,2515.000,120764,192000,3999.083,120.0,8,1,2,0.00000,0.00000,0.00000,0.00000,0.00000
2.531,1,2521.000,121036,192000,3999.417,120.0,8,1,2,0.00000,0.00000,0.00000,0.00000,0.00000
2.531,2,2510.000,120493,192000,3999.729,120.0,8,1,2,0.00000,0.00000,0.00000,0.00000,0.00000
2.632,0,2617.000,125623,192000,3999.854,120.0,8,1,2,0.00000,0.00000,0.00000,0.00000,0.00000
2.632,1,2623.000,125905,192000,3999.979,120.0,8,1,2,0.00000,0.00000,0.00000,0.00000,0.00000
2.632,2,2611.000,125341,192000,3999.729,120.0,8,1,2,0.00000,0.00000,0.00000,0.00000,0.00000
2.734,0,2718.000,130505,192000,3999.146,120.0,8,1,2,0.00000,0.00000,0.00000,0.00000,0.00000
2.734,1,2724.000,130798,192000,3999.042,120.0,8,1,2,0.00000,0.00000,0.00000,0.00000,0.00000
2.734,2,2712.000,130211,192000,3999.271,120.0,8,1,2,0.00000,0.00000,0.00000,0.00000,0.00000
2.834,0,2818.000,135310,192000,3999.042,120.0,8,1,2,0.00000,0.00000,0.00000,0.00000,0.00000
2.834,1,2825.000,135614,192000,3999.708,120.0,8,1,2,0.00000,0.00000,0.00000,0.00000,0.00000
2.834,2,2812.000,135006,192000,3999.375,120.0,8,1,2,0.00000,0.00000,0.00000,0.00000,0.00000
2.936,0,2921.000,140228,192000,3999.583,120.0,8,1,2,0.00000,0.00000,0.00000,0.00000,0.00000
2.936,1,2927.000,140543,192000,3999.021,120.0,8,1,2,0.00000,0.00000,0.00000,0.00000,0.00000
2.936,2,2914.000,139913,192000,3999.146,120.0,8,1,2,0.00000,0.00000,0.00000,0.00000,0.00000
3.037,0,3022.000,145083,192000,3999.438,120.0,8,1,2,0.00000,0.00000,0.00000,0.00000,0.00000
3.037,1,3029.000,145410,192000,3999.625,120.0,8,1,2,0.00000,0.00000,0.00000,0.00000,0.00000
3.037,2,3015.000,144757,192000,3999.229,120.0,8,1,2,0.00000,0.00000,0.00000,0.00000,0.00000
3.139,0,3124.000,149981,192000,3999.396,120.0,8,1,2,0.00000,0.00000,0.00000,0.00000,0.00000
3.139,1,3131.000,150318,192000,3999.375,120.0,8,1,2,0.00000,0.00000,0.00000,0.00000,0.00000
3.139,2,3117.000,149644,192000,3999.417,120.0,8,1,2,0.00000,0.00000,0.00000,0.00000,0.00000
3.240,0,3225.000,154812,192000,3999.750,120.0,8,1,2,0.00000,0.00000,0.00000,0.00000,0.00000
3.240,1,3232.000,155160,192000,3999.500,120.0,8,1,2,0.00000,0.00000,0.00000,0.00000,0.00000
3.240,2,3217.000,154463,192000,3999.021,120.0,8,1,2,0.00000,0.00000,0.00000,0.00000,0.00000
3.343,0,3327.000,159740,192000,3999.083,120.0,8,1,2,0.00000,0.00000,0.00000,0.00000,0.00000
3.343,1,3335.000,160099,192000,3999.604,120.0,8,1,2,0.00000,0.00000,0.00000,0.00000,0.00000
3.343,2,3320.000,159381,192000,3999.562,120.0,8,1,2,0.00000,0.00000,0.00000,0.00000,0.00000
3.444,0,3429.000,164611,192000,3999.604,120.0,8,1,2,0.00000,0.00000,0.00000,0.00000,0.00000
3.444,1,3437.000,164981,192000,3999.896,120.0,8,1,2,0.00000,0.00000,0.00000,0.00000,0.00000
3.444,2,3421.000,164241,192000,3999.312,120.0,8,1,2,0.00000,0.00000,0.00000,0.00000,0.00000
3.545,0,3530.000,169462,192000,3999.542,120.0,8,1,2,0.00000,0.00000,0.00000,0.00000,0.00000
3.545,1,3538.000,169843,192000,3999.604,120.0,8,1,2,0.00000,0.00000,0.00000,0.00000,0.00000
3.545,2,3522.000,169081,192000,3999.479,120.0,8,1,2,0.00000,0.00000,0.00000,0.00000,0.00000
3.648,0,3633.000,174402,192000,3999.625,120.0,8,1,2,0.00000,0.00000,0.00000,0.00000,0.00000
3.648,1,3641.000,174794,192000,3999.458,120.0,8,1,2,0.00000,0.00000,0.00000,0.00000,0.00000
3.648,2,3625.000,174009,192000,3999.812,120.0,8,1,2,0.00000,0.00000,0.00000,0.00000,0.00000
3.751,0,3736.000,179343,192000,3999.688,120.0,8,1,2,0.00000,0.00000,0.00000,0.00000,0.00000
3.751,1,3744.000,179747,192000,3999.271,120.0,8,1,2,0.00000,0.00000,0.00000,0.00000,0.00000
3.751,2,3727.000,178940,192000,3999.083,120.0,8,1,2,0.00000,0.00000,0.00000,0.00000,0.00000
3.853,0,3837.000,184221,192000,3999.062,120.0,8,1,2,0.00000,0.00000,0.00000,0.00000,0.00000
3.853,1,3846.000,184635,192000,3999.438,120.0,8,1,2,0.00000,0.00000,0.00000,0.00000,0.00000
3.853,2,3829.000,183807,192000,3999.688,120.0,8,1,2,0.00000,0.00000,0.00000,0.00000,0.00000
3.953,0,3938.000,189045,192000,3999.562,120.0,8,1,2,0.00000,0.00000,0.00000,0.00000,0.00000
3.953,1,3947.000,189470,192000,3999.708,120.0,8,1,2,0.00000,0.00000,0.00000,0.00000,0.00000
3.953,2,3929.000,188620,192000,3999.417,120.0,8,1,2,0.00000,0.00000,0.00000,0.00000,0.00000
4.056,0,4040.000,1966,192000,3999.042,120.0,8,2,2,0.00000,0.00000,0.00000,0.00000,0.00000
4.056,1,4050.000,2402,192000,3999.958,120.0,8,2,2,0.00000,0.00000,0.00000,0.00000,0.00000
4.056,2,4031.000,1530,192000,3999.125,120.0,8,2,2,0.00000,0.00000,0.00000,0.00000,0.00000
4.156,0,4141.000,6783,192000,3999.688,120.0,8,2,2,0.00000,0.00000,0.00000,0.00000,0.00000
4.156,1,4150.000,7230,192000,3999.375,120.0,8,2,2,0.00000,0.00000,0.00000,0.00000,0.00000
4.156,2,4132.000,6336,192000,0.000,120.0,8,2,2,0.00000,0.00000,0.00000,0.00000,0.00000
4.259,0,4243.000,11701,192000,3999.229,120.0,8,2,2,0.00000,0.00000,0.00000,0.00000,0.00000
4.259,1,4253.000,12159,192000,3999.688,120.0,8,2,2,0.00000,0.00000,0.00000,0.00000,0.00000
4.259,2,4234.000,11243,192000,3999.771,120.0,8,2,2,0.00000,0.00000,0.00000,0.00000,0.00000
4.360,0,4345.000,16578,192000,3999.625,120.0,8,2,2,0.00000,0.00000,0.00000,0.00000,0.00000
4.360,1,4355.000,17047,192000,3999.854,120.0,8,2,2,0.00000,0.00000,0.00000,0.00000,0.00000
4.360,2,4335.000,16109,192000,3999.396,120.0,8,2,2,0.00000,0.00000,0.00000,0.00000,0.00000
4.461,0,4446.000,21426,192000,3999.625,120.0,8,2,2,0.00000,0.00000,0.00000,0.00000,0.00000
4.461,1,4456.000,21906,192000,3999.625,120.0,8,2,2,0.00000,0.00000,0.00000,0.00000,0.00000
4.461,2,4436.000,20946,192000,3999.625,120.0,8,2,2,0.00000,0.00000,0.00000,0.00000,0.00000
4.562,0,4547.000,26288,192000,3999.333,120.0,8,2,2,0.00000,0.00000,0.00000,0.00000,0.00000
4.562,1,4557.000,26779,192000,3999.104,120.0,8,2,2,0.00000,0.00000,0.00000,0.00000,0.00000
4.562,2,4537.000,25797,192000,3999.562,120.0,8,2,2,0.00000,0.00000,0.00000,0.00000,0.00000
4.664,0,4649.000,31180,192000,3999.417,120.0,8,2,2,0.00000,0.00000,0.00000,0.00000,0.00000
4.664,1,4660.000,31682,192000,3999.958,120.0,8,2,2,0.00000,0.00000,0.00000,0.00000,0.00000
4.664,2,4639.000,30679,192000,3999.854,120.0,8,2,2,0.00000,0.00000,0.00000,0.00000,0.00000
4.765,0,4750.000,36005,192000,3999.896,120.0,8,2,2,0.00000,0.00000,0.00000,0.00000,0.00000
4.765,1,4760.000,36518,192000,3999.208,120.0,8,2,2,0.00000,0.00000,0.00000,0.00000,0.00000
4.765,2,4739.000,35493,192000,3999.562,120.0,8,2,2,0.00000,0.00000,0.00000,0.00000,0.00000
4.867,0,4852.000,40920,192000,3999.500,120.0,8,2,2,0.00000,0.00000,0.00000,0.00000,0.00000
4.867,1,4863.000,41444,192000,3999.583,120.0,8,2,2,0.00000,0.00000,0.00000,0.00000,0.00000
4.867,2,4841.000,40396,192000,3999.417,120.0,8,2,2,0.00000,0.00000,0.00000,0.00000,0.00000
4.970,0,4954.000,45839,192000,3999.021,120.0,8,2,2,0.00000,0.00000,0.00000,0.00000,0.00000
4.970,1,4966.000,46374,192000,3999.875,120.0,8,2,2,0.00000,0.00000,0.00000,0.00000,0.00000
4.970,2,4943.000,45304,192000,3999.167,120.0,8,2,2,0.00000,0.00000,0.00000,0.00000,0.00000
5.071,0,5055.000,50684,192000,3999.083,120.0,8,2,2,0.00000,0.00000,0.00000,0.00000,0.00000
5.071,1,5067.000,51230,192000,3999.708,120.0,8,2,2,0.00000,0.00000,0.00000,0.00000,0.00000
5.071,2,5044.000,50139,192000,3999.438,120.0,8,2,2,0.00000,0.00000,0.00000,0.00000,0.00000
5.171,0,5156.000,55498,192000,3999.792,120.0,8,2,2,0.00000,0.00000,0.00000,0.00000,0.00000
5.171,1,5167.000,56055,192000,3999.188,120.0,8,2,2,0.00000,0.00000,0.00000,0.00000,0.00000
5.171,2,5144.000,54942,192000,3999.375,120.0,8,2,2,0.00000,0.00000,0.00000,0.00000,0.00000
5.272,0,5257.000,60365,192000,3999.396,120.0,8,2,2,0.00000,0.00000,0.00000,0.00000,0.00000
5.272,1,5269.000,60932,192000,3999.583,120.0,8,2,2,0.00000,0.00000,0.00000,0.00000,0.00000
5.272,2,5245.000,59797,192000,3999.229,120.0,8,2,2,0.00000,0.00000,0.00000,0.00000,0.00000
5.375,0,5360.000,65297,192000,3999.646,120.0,8,2,2,0.00000,0.00000,0.00000,0.00000,0.00000
5.375,1,5372.000,65876,192000,3999.583,120.0,8,2,2,0.00000,0.00000,0.00000,0.00000,0.00000
5.375,2,5348.000,64719,192000,3999.688,120.0,8,2,2,0.00000,0.00000,0.00000,0.00000,0.00000
5.475,0,5460.000,70109,192000,3999.396,120.0,8,2,2,0.00000,0.00000,0.00000,0.00000,0.00000
5.475,1,5472.000,70698,192000,3999.125,120.0,8,2,2,0.00000,0.00000,0.00000,0.00000,0.00000
5.475,2,5448.000,69519,192000,3999.688,120.0,8,2,2,0.00000,0.00000,0.00000,0.00000,0.00000
5.578,0,5562.000,75011,192000,3999.271,120.0,8,2,2,0.00000,0.00000,0.00000,0.00000,0.00000
5.578,1,5575.000,75612,192000,3999.750,120.0,8,2,2,0.00000,0.00000,0.00000,0.00000,0.00000
5.578,2,5550.000,74411,192000,3999.771,120.0,8,2,2,0.00000,0.00000,0.00000,0.00000,0.00000
5.678,0,5663.000,79850,192000,3999.458,120.0,8,2,2,0.00000,0.00000,0.00000,0.00000,0.00000
5.678,1,5676.000,80461,192000,3999.729,120.0,8,2,2,0.00000,0.00000,0.00000,0.00000,0.00000
5.678,2,5650.000,79238,192000,3999.208,120.0,8,2,2,0.00000,0.00000,0.00000,0.00000,0.00000
5.779,0,5763.000,84660,192000,3999.250,120.0,8,2,2,0.00000,0.00000,0.00000,0.00000,0.00000
5.779,1,5776.000,85282,192000,3999.292,120.0,8,2,2,0.00000,0.00000,0.00000,0.00000,0.00000
5.779,2,5750.000,84038,192000,3999.208,120.0,8,2,2,0.00000,0.00000,0.00000,0.00000,0.00000
5.881,0,5866.000,89570,192000,3999.958,120.0,8,2,2,0.00000,0.00000,0.00000,0.00000,0.00000
5.881,1,5879.000,90203,192000,3999.771,120.0,8,2,2,0.00000,0.00000,0.00000,0.00000,0.00000
5.881,2,5852.000,88937,192000,3999.146,120.0,8,2,2,0.00000,0.00000,0.00000,0.00000,0.00000
5.981,0,5966.000,94375,192000,3999.854,120.0,8,2,2,0.00000,0.00000,0.00000,0.00000,0.00000
5.981,1,5979.000,95019,192000,3999.438,120.0,8,2,2,0.00000,0.00000,0.00000,0.00000,0.00000
5.981,2,5952.000,93731,192000,3999.271,120.0,8,2,2,0.00000,0.00000,0.00000,0.00000,0.00000
6.083,0,6068.000,99278,192000,3999.708,120.0,8,2,2,0.00000,0.00000,0.00000,0.00000,0.00000
6.083,1,6081.000,99933,192000,3999.062,120.0,8,2,2,0.00000,0.00000,0.00000,0.00000,0.00000
6.083,2,6054.000,98622,192000,3999.375,120.0,8,2,2,0.00000,0.00000,0.00000,0.00000,0.00000
6.183,0,6168.000,104092,192000,3999.417,120.0,8,2,2,0.00000,0.00000,0.00000,0.00000,0.00000
6.183,1,6182.000,104758,192000,3999.542,120.0,8,2,2,0.00000,0.00000,0.00000,0.00000,0.00000
6.183,2,6154.000,103426,192000,3999.292,120.0,8,2,2,0.00000,0.00000,0.00000,0.00000,0.00000
6.284,0,6268.000,108908,192000,3999.083,120.0,8,2,2,0.00000,0.00000,0.00000,0.00000,0.00000
6.284,1,6283.000,109585,192000,3999.979,120.0,8,2,2,0.00000,0.00000,0.00000,0.00000,0.00000
6.284,2,6254.000,108231,192000,3999.188,120.0,8,2,2,0.00000,0.00000,0.00000,0.00000,0.00000
6.387,0,6371.000,113845,192000,3999.229,120.0,8,2,2,0.00000,0.00000,0.00000,0.00000,0.00000
6.387,1,6386.000,114533,192000,3999.896,120.0,8,2,2,0.00000,0.00000,0.00000,0.00000,0.00000
6.387,2,6357.000,113157,192000,3999.562,120.0,8,2,2,0.00000,0.00000,0.00000,0.00000,0.00000
6.488,0,6473.000,118729,192000,3999.479,120.0,8,2,2,0.00000,0.00000,0.00000,0.00000,0.00000
6.488,1,6488.000,119428,192000,3999.917,120.0,8,2,2,0.00000,0.00000,0.00000,0.00000,0.00000
6.488,2,6458.000,118030,192000,3999.042,120.0,8,2,2,0.00000,0.00000,0.00000,0.00000,0.00000
6.590,0,6574.000,123596,192000,3999.083,120.0,8,2,2,0.00000,0.00000,0.00000,0.00000,0.00000
6.590,1,6589.000,124306,192000,3999.292,120.0,8,2,2,0.00000,0.00000,0.00000,0.00000,0.00000
6.590,2,6560.000,122886,192000,3999.875,120.0,8,2,2,0.00000,0.00000,0.00000,0.00000,0.00000
6.691,0,6676.000,128475,192000,3999.438,120.0,8,2,2,0.00000,0.00000,0.00000,0.00000,0.00000
6.691,1,6691.000,129196,192000,3999.417,120.0,8,2,2,0.00000,0.00000,0.00000,0.00000,0.00000
6.691,2,6661.000,127754,192000,3999.458,120.0,8,2,2,0.00000,0.00000,0.00000,0.00000,0.00000
6.792,0,6777.000,133305,192000,3999.812,120.0,8,2,2,0.00000,0.00000,0.00000,0.00000,0.00000
6.792,1,6792.000,134036,192000,3999.583,120.0,8,2,2,0.00000,0.00000,0.00000,0.00000,0.00000
6.792,2,6761.000,132573,192000,3999.062,120.0,8,2,2,0.00000,0.00000,0.00000,0.00000,0.00000
6.893,0,6877.000,138134,192000,3999.208,120.0,8,2,2,0.00000,0.00000,0.00000,0.00000,0.00000
6.893,1,6893.000,138877,192000,3999.729,120.0,8,2,2,0.00000,0.00000,0.00000,0.00000,0.00000
6.893,2,6862.000,137392,192000,3999.667,120.0,8,2,2,0.00000,0.00000,0.00000,0.00000,0.00000
6.995,0,6980.000,143064,192000,3999.500,120.0,8,2,2,0.00000,0.00000,0.00000,0.00000,0.00000
6.995,1,6996.000,143818,192000,3999.792,120.0,8,2,2,0.00000,0.00000,0.00000,0.00000,0.00000
6.995,2,6964.000,142311,192000,3999.188,120.0,8,2,2,0.00000,0.00000,0.00000,0.00000,0.00000
7.096,0,7080.000,147876,192000,3999.250,120.0,8,2,2,0.00000,0.00000,0.00000,0.00000,0.00000
7.096,1,7096.000,148641,192000,3999.312,120.0,8,2,2,0.00000,0.00000,0.00000,0.00000,0.00000
7.096,2,7064.000,147112,192000,3999.167,120.0,8,2,2,0.00000,0.00000,0.00000,0.00000,0.00000
7.198,0,7183.000,152790,192000,3999.875,120.0,8,2,2,0.00000,0.00000,0.00000,0.00000,0.00000
7.198,1,7199.000,153566,192000,3999.708,120.0,8,2,2,0.00000,0.00000,0.00000,0.00000,0.00000
7.198,2,7166.000,152015,192000,3999.021,120.0,8,2,2,0.00000,0.00000,0.00000,0.00000,0.00000
7.300,0,7284.000,157669,192000,3999.229,120.0,8,2,2,0.00000,0.00000,0.00000,0.00000,0.00000
7.300,1,7301.000,158456,192000,3999.833,120.0,8,2,2,0.00000,0.00000,0.00000,0.00000,0.00000
7.300,2,7268.000,156883,192000,3999.604,120.0,8,2,2,0.00000,0.00000,0.00000,0.00000,0.00000
7.401,0,7386.000,162551,192000,3999.521,120.0,8,2,2,0.00000,0.00000,0.00000,0.00000,0.00000
7.401,1,7403.000,163348,192000,3999.917,120.0,8,2,2,0.00000,0.00000,0.00000,0.00000,0.00000
7.401,2,7369.000,161753,192000,3999.146,120.0,8,2,2,0.00000,0.00000,0.00000,0.00000,0.00000
7.503,0,7488.000,167456,192000,3999.333,120.0,8,2,2,0.00000,0.00000,0.00000,0.00000,0.00000
7.503,1,7505.000,168264,192000,3999.500,120.0,8,2,2,0.00000,0.00000,0.00000,0.00000,0.00000
7.503,2,7471.000,166647,192000,3999.188,120.0,8,2,2,0.00000,0.00000,0.00000,0.00000,0.00000
7.604,0,7589.000,172284,192000,3999.750,120.0,8,2,2,0.00000,0.00000,0.00000,0.00000,0.00000
7.604,1,7606.000,173103,192000,3999.688,120.0,8,2,2,0.00000,0.00000,0.00000,0.00000,0.00000
7.604,2,7572.000,171464,192000,3999.833,120.0,8,2,2,0.00000,0.00000,0.00000,0.00000,0.00000
7.707,0,7691.000,177208,192000,3999.167,120.0,8,2,2,0.00000,0.00000,0.00000,0.00000,0.00000
7.707,1,7709.000,178038,192000,3999.875,120.0,8,2,2,0.00000,0.00000,0.00000,0.00000,0.00000
7.707,2,7674.000,176378,192000,3999.458,120.0,8,2,2,0.00000,0.00000,0.00000,0.00000,0.00000
7.809,0,7794.000,182142,192000,3999.375,120.0,8,2,2,0.00000,0.00000,0.00000,0.00000,0.00000
7.809,1,7812.000,182984,192000,3999.833,120.0,8,2,2,0.00000,0.00000,0.00000,0.00000,0.00000
7.809,2,7777.000,181301,192000,3999.896,120.0,8,2,2,0.00000,0.00000,0.00000,0.00000,0.00000
7.911,0,7895.000,187005,192000,3999.062,120.0,8,2,2,0.00000,0.00000,0.00000,0.00000,0.00000
7.911,1,7913.000,187858,192000,3999.292,120.0,8,2,2,0.00000,0.00000,0.00000,0.00000,0.00000
7.911,2,7878.000,186153,192000,3999.812,120.0,8,2,2,0.00000,0.00000,0.00000,0.00000,0.00000
8.015,0,7999.000,191992,192000,3999.167,120.0,8,2,2,0.00000,0.00000,0.00000,0.00000,0.00000
8.015,1,8017.000,855,192000,3999.188,120.0,8,3,2,0.00000,0.00000,0.00000,0.00000,0.00000
8.015,2,7981.000,191128,192000,3999.167,120.0,8,2,2,0.00000,0.00000,0.00000,0.00000,0.00000
8.117,0,8101.000,4885,192000,3999.229,120.0,8,3,2,0.00000,0.00000,0.00000,0.00000,0.00000
8.117,1,8120.000,5760,192000,0.000,120.0,8,3,2,0.00000,0.00000,0.00000,0.00000,0.00000
8.117,2,8083.000,4011,192000,3999.438,120.0,8,3,2,0.00000,0.00000,0.00000,0.00000,0.00000
8.217,0,8202.000,9729,192000,3999.312,120.0,8,3,2,0.00000,0.00000,0.00000,0.00000,0.00000
8.217,1,8221.000,10614,192000,3999.875,120.0,8,3,2,0.00000,0.00000,0.00000,0.00000,0.00000
8.217,2,8184.000,8843,192000,3999.771,120.0,8,3,2,0.00000,0.00000,0.00000,0.00000,0.00000
8.320,0,8304.000,14630,192000,3999.208,120.0,8,3,2,0.00000,0.00000,0.00000,0.00000,0.00000
8.320,1,8323.000,15527,192000,3999.521,120.0,8,3,2,0.00000,0.00000,0.00000,0.00000,0.00000
8.320,2,8286.000,13734,192000,3999.875,120.0,8,3,2,0.00000,0.00000,0.00000,0.00000,0.00000
8.421,0,8406.000,19522,192000,3999.292,120.0,8,3,2,0.00000,0.00000,0.00000,0.00000,0.00000
8.421,1,8425.000,20430,192000,3999.375,120.0,8,3,2,0.00000,0.00000,0.00000,0.00000,0.00000
8.421,2,8387.000,18615,192000,3999.188,120.0,8,3,2,0.00000,0.00000,0.00000,0.00000,0.00000
8.524,0,8509.000,24442,192000,3999.792,120.0,8,3,2,0.00000,0.00000,0.00000,0.00000,0.00000
8.524,1,8528.000,25361,192000,3999.646,120.0,8,3,2,0.00000,0.00000,0.00000,0.00000,0.00000
8.524,2,8490.000,23523,192000,3999.938,120.0,8,3,2,0.00000,0.00000,0.00000,0.00000,0.00000
8.625,0,8610.000,29305,192000,3999.479,120.0,8,3,2,0.00000,0.00000,0.00000,0.00000,0.00000
8.625,1,8629.000,30235,192000,3999.104,120.0,8,3,2,0.00000,0.00000,0.00000,0.00000,0.00000
8.625,2,8591.000,28376,192000,3999.833,120.0,8,3,2,0.00000,0.00000,0.00000,0.00000,0.00000
8.726,0,8710.000,34115,192000,3999.271,120.0,8,3,2,0.00000,0.00000,0.00000,0.00000,0.00000
8.726,1,8730.000,35056,192000,3999.667,120.0,8,3,2,0.00000,0.00000,0.00000,0.00000,0.00000
8.726,2,8691.000,33175,192000,3999.854,120.0,8,3,2,0.00000,0.00000,0.00000,0.00000,0.00000
8.828,0,8812.000,39017,192000,3999.146,120.0,8,3,2,0.00000,0.00000,0.00000,0.00000,0.00000
8.828,1,8832.000,39968,192000,3999.333,120.0,8,3,2,0.00000,0.00000,0.00000,0.00000,0.00000
8.828,2,8793.000,38065,192000,3999.979,120.0,8,3,2,0.00000,0.00000,0.00000,0.00000,0.00000
8.929,0,8914.000,43888,192000,3999.667,120.0,8,3,2,0.00000,0.00000,0.00000,0.00000,0.00000
8.929,1,8934.000,44851,192000,3999.604,120.0,8,3,2,0.00000,0.00000,0.00000,0.00000,0.00000
8.929,2,8894.000,42926,192000,3999.708,120.0,8,3,2,0.00000,0.00000,0.00000,0.00000,0.00000
9.031,0,9016.000,48780,192000,3999.750,120.0,8,3,2,0.00000,0.00000,0.00000,0.00000,0.00000
9.031,1,9036.000,49753,192000,3999.479,120.0,8,3,2,0.00000,0.00000,0.00000,0.00000,0.00000
9.031,2,8995.000,47806,192000,3999.042,120.0,8,3,2,0.00000,0.00000,0.00000,0.00000,0.00000
9.132,0,9117.000,53645,192000,3999.396,120.0,8,3,2,0.00000,0.00000,0.00000,0.00000,0.00000
9.132,1,9138.000,54630,192000,3999.875,120.0,8,3,2,0.00000,0.00000,0.00000,0.00000,0.00000
9.132,2,9097.000,52661,192000,3999.896,120.0,8,3,2,0.00000,0.00000,0.00000,0.00000,0.00000
9.232,0,9217.000,58445,192000,3999.396,120.0,8,3,2,0.00000,0.00000,0.00000,0.00000,0.00000
9.232,1,9238.000,59441,192000,3999.646,120.0,8,3,2,0.00000,0.00000,0.00000,0.00000,0.00000
9.232,2,9196.000,57450,192000,3999.125,120.0,8,3,2,0.00000,0.00000,0.00000,0.00000,0.00000
9.333,0,9317.000,63256,192000,3999.167,120.0,8,3,2,0.00000,0.00000,0.00000,0.00000,0.00000
9.333,1,9338.000,64262,192000,3999.208,120.0,8,3,2,0.00000,0.00000,0.00000,0.00000,0.00000
9.333,2,9296.000,62250,192000,3999.125,120.0,8,3,2,0.00000,0.00000,0.00000,0.00000,0.00000
9.433,0,9418.000,68078,192000,3999.708,120.0,8,3,2,0.00000,0.00000,0.00000,0.00000,0.00000
9.433,1,9439.000,69095,192000,3999.521,120.0,8,3,2,0.00000,0.00000,0.00000,0.00000,0.00000
9.433,2,9397.000,67061,192000,3999.896,120.0,8,3,2,0.00000,0.00000,0.00000,0.00000,0.00000
9.534,0,9519.000,72928,192000,3999.667,120.0,8,3,2,0.00000,0.00000,0.00000,0.00000,0.00000
9.534,1,9540.000,73956,192000,3999.250,120.0,8,3,2,0.00000,0.00000,0.00000,0.00000,0.00000
9.534,2,9497.000,71900,192000,3999.083,120.0,8,3,2,0.00000,0.00000,0.00000,0.00000,0.00000
9.636,0,9621.000,77814,192000,3999.875,120.0,8,3,2,0.00000,0.00000,0.00000,0.00000,0.00000
9.636,1,9642.000,78853,192000,3999.229,120.0,8,3,2,0.00000,0.00000,0.00000,0.00000,0.00000
9.636,2,9599.000,76775,192000,3999.521,120.0,8,3,2,0.00000,0.00000,0.00000,0.00000,0.00000
9.737,0,9722.000,82688,192000,3999.333,120.0,8,3,2,0.00000,0.00000,0.00000,0.00000,0.00000
9.737,1,9744.000,83738,192000,3999.458,120.0,8,3,2,0.00000,0.00000,0.00000,0.00000,0.00000
9.737,2,9700.000,81638,192000,3999.208,120.0,8,3,2,0.00000,0.00000,0.00000,0.00000,0.00000
9.840,0,9824.000,87590,192000,3999.208,120.0,8,3,2,0.00000,0.00000,0.00000,0.00000,0.00000
9.840,1,9846.000,88651,192000,3999.104,120.0,8,3,2,0.00000,0.00000,0.00000,0.00000,0.00000
9.840,2,9802.000,86530,192000,3999.292,120.0,8,3,2,0.00000,0.00000,0.00000,0.00000,0.00000
9.940,0,9924.000,92395,192000,3999.104,120.0,8,3,2,0.00000,0.00000,0.00000,0.00000,0.00000
9.940,1,9947.000,93467,192000,3999.771,120.0,8,3,2,0.00000,0.00000,0.00000,0.00000,0.00000
9.940,2,9902.000,91324,192000,3999.417,120.0,8,3,2,0.00000,0.00000,0.00000,0.00000,0.00000
10.041,0,10026.000,97256,192000,3999.833,120.0,8,3,2,0.00000,0.00000,0.00000,0.00000,0.00000
10.041,1,10048.000,98338,192000,3999.292,120.0,8,3,2,0.00000,0.00000,0.00000,0.00000,0.00000
10.041,2,10003.000,96173,192000,3999.396,120.0,8,3,2,0.00000,0.00000,0.00000,0.00000,0.00000
10.143,0,10128.000,102156,192000,3999.750,120.0,8,3,2,0.00000,0.00000,0.00000,0.00000,0.00000
10.143,1,10151.000,103250,192000,3999.958,120.0,8,3,2,0.00000,0.00000,0.00000,0.00000,0.00000
10.143,2,10105.000,101063,192000,3999.521,120.0,8,3,2,0.00000,0.00000,0.00000,0.00000,0.00000
10.245,0,10230.000,107073,192000,3999.312,120.0,8,3,2,0.00000,0.00000,0.00000,0.00000,0.00000
10.245,1,10253.000,108178,192000,3999.292,120.0,8,3,2,0.00000,0.00000,0.00000,0.00000,0.00000
10.245,2,10207.000,105968,192000,3999.333,120.0,8,3,2,0.00000,0.00000,0.00000,0.00000,0.00000
10.347,0,10331.000,111924,192000,3999.250,120.0,8,3,2,0.00000,0.00000,0.00000,0.00000,0.00000
10.347,1,10355.000,113040,192000,0.000,120.0,8,3,2,0.00000,0.00000,0.00000,0.00000,0.00000
10.347,2,10308.000,110808,192000,3999.500,120.0,8,3,2,0.00000,0.00000,0.00000,0.00000,0.00000
10.449,0,10434.000,116839,192000,3999.854,120.0,8,3,2,0.00000,0.00000,0.00000,0.00000,0.00000
10.449,1,10457.000,117965,192000,3999.396,120.0,8,3,2,0.00000,0.00000,0.00000,0.00000,0.00000
10.449,2,10410.000,115712,192000,3999.333,120.0,8,3,2,0.00000,0.00000,0.00000,0.00000,0.00000
10.550,0,10535.000,121702,192000,3999.542,120.0,8,3,2,0.00000,0.00000,0.00000,0.00000,0.00000
10.550,1,10559.000,122839,192000,3999.854,120.0,8,3,2,0.00000,0.00000,0.00000,0.00000,0.00000
10.550,2,10511.000,120564,192000,3999.250,120.0,8,3,2,0.00000,0.00000,0.00000,0.00000,0.00000
10.651,0,10636.000,126532,192000,3999.917,120.0,8,3,2,0.00000,0.00000,0.00000,0.00000,0.00000
10.651,1,10660.000,127681,192000,3999.979,120.0,8,3,2,0.00000,0.00000,0.00000,0.00000,0.00000
10.651,2,10612.000,125384,192000,3999.833,120.0,8,3,2,0.00000,0.00000,0.00000,0.00000,0.00000
10.753,0,10738.000,131444,192000,3999.583,120.0,8,3,2,0.00000,0.00000,0.00000,0.00000,0.00000
10.753,1,10762.000,132604,192000,3999.417,120.0,8,3,2,0.00000,0.00000,0.00000,0.00000,0.00000
10.753,2,10714.000,130285,192000,3999.729,120.0,8,3,2,0.00000,0.00000,0.00000,0.00000,0.00000
10.853,0,10838.000,136255,192000,3999.354,120.0,8,3,2,0.00000,0.00000,0.00000,0.00000,0.00000
10.853,1,10863.000,137426,192000,3999.958,120.0,8,3,2,0.00000,0.00000,0.00000,0.00000,0.00000
10.853,2,10814.000,135085,192000,3999.729,120.0,8,3,2,0.00000,0.00000,0.00000,0.00000,0.00000
10.956,0,10941.000,141171,192000,3999.938,120.0,8,3,2,0.00000,0.00000,0.00000,0.00000,0.00000
10.956,1,10965.000,142352,192000,3999.333,120.0,8,3,2,0.00000,0.00000,0.00000,0.00000,0.00000
10.956,2,10916.000,139989,192000,3999.562,120.0,8,3,2,0.00000,0.00000,0.00000,0.00000,0.00000
11.058,0,11042.000,146057,192000,3999.146,120.0,8,3,2,0.00000,0.00000,0.00000,0.00000,0.00000
11.058,1,11067.000,147249,192000,3999.312,120.0,8,3,2,0.00000,0.00000,0.00000,0.00000,0.00000
11.058,2,11018.000,144865,192000,3999.979,120.0,8,3,2,0.00000,0.00000,0.00000,0.00000,0.00000
11.160,0,11145.000,150972,192000,3999.750,120.0,8,3,2,0.00000,0.00000,0.00000,0.00000,0.00000
11.160,1,11170.000,152176,192000,3999.667,120.0,8,3,2,0.00000,0.00000,0.00000,0.00000,0.00000
11.160,2,11120.000,149769,192000,3999.812,120.0,8,3,2,0.00000,0.00000,0.00000,0.00000,0.00000
11.262,0,11247.000,155864,192000,3999.833,120.0,8,3,2,0.00000,0.00000,0.00000,0.00000,0.00000
11.262,1,11272.000,157078,192000,3999.542,120.0,8,3,2,0.00000,0.00000,0.00000,0.00000,0.00000
11.262,2,11221.000,154649,192000,3999.146,120.0,8,3,2,0.00000,0.00000,0.00000,0.00000,0.00000
11.363,0,11348.000,160717,192000,3999.729,120.0,8,3,2,0.00000,0.00000,0.00000,0.00000,0.00000
11.363,1,11373.000,161943,192000,3999.188,120.0,8,3,2,0.00000,0.00000,0.00000,0.00000,0.00000
11.363,2,11322.000,159492,192000,3999.250,120.0,8,3,2,0.00000,0.00000,0.00000,0.00000,0.00000
11.464,0,11449.000,165584,192000,3999.333,120.0,8,3,2,0.00000,0.00000,0.00000,0.00000,0.00000
11.464,1,11475.000,166820,192000,3999.583,120.0,8,3,2,0.00000,0.00000,0.00000,0.00000,0.00000
11.464,2,11423.000,164348,192000,3999.083,120.0,8,3,2,0.00000,0.00000,0.00000,0.00000,0.00000
11.567,0,11552.000,170517,192000,3999.562,120.0,8,3,2,0.00000,0.00000,0.00000,0.00000,0.00000
11.567,1,11578.000,171764,192000,3999.583,120.0,8,3,2,0.00000,0.00000,0.00000,0.00000,0.00000
11.567,2,11526.000,169269,192000,3999.562,120.0,8,3,2,0.00000,0.00000,0.00000,0.00000,0.00000
11.669,0,11654.000,175413,192000,3999.562,120.0,8,3,2,0.00000,0.00000,0.00000,0.00000,0.00000
11.669,1,11680.000,176672,192000,3999.333,120.0,8,3,2,0.00000,0.00000,0.00000,0.00000,0.00000
11.669,2,11628.000,174155,192000,3999.771,120.0,8,3,2,0.00000,0.00000,0.00000,0.00000,0.00000
11.772,0,11756.000,180325,192000,3999.229,120.0,8,3,2,0.00000,0.00000,0.00000,0.00000,0.00000
11.772,1,11783.000,181595,192000,3999.771,120.0,8,3,2,0.00000,0.00000,0.00000,0.00000,0.00000
11.772,2,11730.000,179056,192000,3999.667,120.0,8,3,2,0.00000,0.00000,0.00000,0.00000,0.00000
11.873,0,11858.000,185208,192000,3999.500,120.0,8,3,2,0.00000,0.00000,0.00000,0.00000,0.00000
11.873,1,11885.000,186489,192000,3999.812,120.0,8,3,2,0.00000,0.00000,0.00000,0.00000,0.00000
11.873,2,11831.000,183928,192000,3999.167,120.0,8,3,2,0.00000,0.00000,0.00000,0.00000,0.00000
11.976,0,11960.000,190117,192000,3999.229,120.0,8,3,2,0.00000,0.00000,0.00000,0.00000,0.00000
11.976,1,11987.000,191408,192000,3999.333,120.0,8,3,2,0.00000,0.00000,0.00000,0.00000,0.00000
11.976,2,11933.000,188825,192000,3999.146,120.0,8,3,2,0.00000,0.00000,0.00000,0.00000,0.00000
12.077,0,12062.000,3005,192000,3999.396,120.0,8,4,2,0.00000,0.00000,0.00000,0.00000,0.00000
12.077,1,12089.000,4308,192000,3999.250,120.0,8,4,2,0.00000,0.00000,0.00000,0.00000,0.00000
12.077,2,12035.000,1702,192000,3999.542,120.0,8,4,2,0.00000,0.00000,0.00000,0.00000,0.00000
12.178,0,12163.000,7842,192000,3999.625,120.0,8,4,2,0.00000,0.00000,0.00000,0.00000,0.00000
12.178,1,12190.000,9156,192000,3999.250,120.0,8,4,2,0.00000,0.00000,0.00000,0.00000,0.00000
12.178,2,12136.000,6529,192000,3999.979,120.0,8,4,2,0.00000,0.00000,0.00000,0.00000,0.00000
12.279,0,12263.000,12671,192000,3999.021,120.0,8,4,2,0.00000,0.00000,0.00000,0.00000,0.00000
12.279,1,12291.000,13995,192000,3999.438,120.0,8,4,2,0.00000,0.00000,0.00000,0.00000,0.00000
12.279,2,12236.000,11346,192000,3999.625,120.0,8,4,2,0.00000,0.00000,0.00000,0.00000,0.00000
12.379,0,12363.000,17471,192000,3999.021,120.0,8,4,2,0.00000,0.00000,0.00000,0.00000,0.00000
12.379,1,12391.000,18806,192000,3999.208,120.0,8,4,2,0.00000,0.00000,0.00000,0.00000,0.00000
12.379,2,12336.000,16136,192000,3999.833,120.0,8,4,2,0.00000,0.00000,0.00000,0.00000,0.00000
12.481,0,12465.000,22360,192000,3999.167,120.0,8,4,2,0.00000,0.00000,0.00000,0.00000,0.00000
12.481,1,12493.000,23706,192000,3999.125,120.0,8,4,2,0.00000,0.00000,0.00000,0.00000,0.00000
12.481,2,12437.000,21014,192000,3999.208,120.0,8,4,2,0.00000,0.00000,0.00000,0.00000,0.00000
12.581,0,12566.000,27186,192000,3999.625,120.0,8,4,2,0.00000,0.00000,0.00000,0.00000,0.00000
12.581,1,12594.000,28543,192000,3999.354,120.0,8,4,2,0.00000,0.00000,0.00000,0.00000,0.00000
12.581,2,12538.000,25830,192000,3999.875,120.0,8,4,2,0.00000,0.00000,0.00000,0.00000,0.00000
12.683,0,12668.000,32081,192000,3999.646,120.0,8,4,2,0.00000,0.00000,0.00000,0.00000,0.00000
12.683,1,12696.000,33449,192000,3999.146,120.0,8,4,2,0.00000,0.00000,0.00000,0.00000,0.00000
12.683,2,12639.000,30713,192000,3999.146,120.0,8,4,2,0.00000,0.00000,0.00000,0.00000,0.00000
12.784,0,12769.000,36946,192000,3999.292,120.0,8,4,2,0.00000,0.00000,0.00000,0.00000,0.00000
12.784,1,12798.000,38325,192000,3999.562,120.0,8,4,2,0.00000,0.00000,0.00000,0.00000,0.00000
12.784,2,12741.000,35568,192000,0.000,120.0,8,4,2,0.00000,0.00000,0.00000,0.00000,0.00000
12.886,0,12871.000,41837,192000,3999.396,120.0,8,4,2,0.00000,0.00000,0.00000,0.00000,0.00000
12.886,1,12900.000,43227,192000,3999.438,120.0,8,4,2,0.00000,0.00000,0.00000,0.00000,0.00000
12.886,2,12842.000,40448,192000,3999.333,120.0,8,4,2,0.00000,0.00000,0.00000,0.00000,0.00000
12.988,0,12973.000,46729,192000,3999.479,120.0,8,4,2,0.00000,0.00000,0.00000,0.00000,0.00000
12.988,1,13002.000,48130,192000,3999.292,120.0,8,4,2,0.00000,0.00000,0.00000,0.00000,0.00000
12.988,2,12944.000,45329,192000,3999.646,120.0,8,4,2,0.00000,0.00000,0.00000,0.00000,0.00000
13.091,0,13076.000,51666,192000,3999.625,120.0,8,4,2,0.00000,0.00000,0.00000,0.00000,0.00000
13.091,1,13105.000,53078,192000,3999.208,120.0,8,4,2,0.00000,0.00000,0.00000,0.00000,0.00000
13.091,2,13046.000,50254,192000,3999.042,120.0,8,4,2,0.00000,0.00000,0.00000,0.00000,0.00000
13.193,0,13178.000,56573,192000,3999.396,120.0,8,4,2,0.00000,0.00000,0.00000,0.00000,0.00000
13.193,1,13208.000,57996,192000,3999.750,120.0,8,4,2,0.00000,0.00000,0.00000,0.00000,0.00000
13.193,2,13148.000,55149,192000,3999.062,120.0,8,4,2,0.00000,0.00000,0.00000,0.00000,0.00000
13.296,0,13281.000,61507,192000,3999.604,120.0,8,4,2,0.00000,0.00000,0.00000,0.00000,0.00000
13.296,1,13311.000,62941,192000,3999.729,120.0,8,4,2,0.00000,0.00000,0.00000,0.00000,0.00000
13.296,2,13251.000,60073,192000,3999.479,120.0,8,4,2,0.00000,0.00000,0.00000,0.00000,0.00000
13.398,0,13382.000,66376,192000,3999.167,120.0,8,4,2,0.00000,0.00000,0.00000,0.00000,0.00000
13.398,1,13412.000,67821,192000,3999.062,120.0,8,4,2,0.00000,0.00000,0.00000,0.00000,0.00000
13.398,2,13352.000,64931,192000,3999.271,120.0,8,4,2,0.00000,0.00000,0.00000,0.00000,0.00000
13.500,0,13485.000,71310,192000,3999.375,120.0,8,4,2,0.00000,0.00000,0.00000,0.00000,0.00000
13.500,1,13515.000,72767,192000,3999.021,120.0,8,4,2,0.00000,0.00000,0.00000,0.00000,0.00000
13.500,2,13455.000,69854,192000,3999.708,120.0,8,4,2,0.00000,0.00000,0.00000,0.00000,0.00000
13.603,0,13588.000,76242,192000,3999.625,120.0,8,4,2,0.00000,0.00000,0.00000,0.00000,0.00000
13.603,1,13618.000,77710,192000,3999.042,120.0,8,4,2,0.00000,0.00000,0.00000,0.00000,0.00000
13.603,2,13557.000,74775,192000,3999.188,120.0,8,4,2,0.00000,0.00000,0.00000,0.00000,0.00000
13.705,0,13690.000,81122,192000,3999.958,120.0,8,4,2,0.00000,0.00000,0.00000,0.00000,0.00000
13.705,1,13720.000,82600,192000,3999.167,120.0,8,4,2,0.00000,0.00000,0.00000,0.00000,0.00000
13.705,2,13659.000,79643,192000,3999.771,120.0,8,4,2,0.00000,0.00000,0.00000,0.00000,0.00000
13.805,0,13790.000,85944,192000,3999.500,120.0,8,4,2,0.00000,0.00000,0.00000,0.00000,0.00000
13.805,1,13821.000,87434,192000,3999.458,120.0,8,4,2,0.00000,0.00000,0.00000,0.00000,0.00000
13.805,2,13759.000,84455,192000,3999.521,120.0,8,4,2,0.00000,0.00000,0.00000,0.00000,0.00000
13.908,0,13893.000,90870,192000,3999.875,120.0,8,4,2,0.00000,0.00000,0.00000,0.00000,0.00000
13.908,1,13924.000,92370,192000,3999.625,120.0,8,4,2,0.00000,0.00000,0.00000,0.00000,0.00000
13.908,2,13861.000,89370,192000,3999.125,120.0,8,4,2,0.00000,0.00000,0.00000,0.00000,0.00000
14.009,0,13993.000,95704,192000,3999.167,120.0,8,4,2,0.00000,0.00000,0.00000,0.00000,0.00000
14.009,1,14025.000,97215,192000,3999.688,120.0,8,4,2,0.00000,0.00000,0.00000,0.00000,0.00000
14.009,2,13962.000,94192,192000,3999.667,120.0,8,4,2,0.00000,0.00000,0.00000,0.00000,0.00000
14.109,0,14094.000,100526,192000,3999.708,120.0,8,4,2,0.00000,0.00000,0.00000,0.00000,0.00000
14.109,1,14126.000,102048,192000,0.000,120.0,8,4,2,0.00000,0.00000,0.00000,0.00000,0.00000
14.109,2,14062.000,99004,192000,3999.417,120.0,8,4,2,0.00000,0.00000,0.00000,0.00000,0.00000
14.211,0,14196.000,105415,192000,3999.854,120.0,8,4,2,0.00000,0.00000,0.00000,0.00000,0.00000
14.211,1,14228.000,106948,192000,3999.917,120.0,8,4,2,0.00000,0.00000,0.00000,0.00000,0.00000
14.211,2,14164.000,103882,192000,3999.792,120.0,8,4,2,0.00000,0.00000,0.00000,0.00000,0.00000
14.311,0,14296.000,110240,192000,3999.333,120.0,8,4,2,0.00000,0.00000,0.00000,0.00000,0.00000
14.311,1,14328.000,111784,192000,3999.167,120.0,8,4,2,0.00000,0.00000,0.00000,0.00000,0.00000
14.311,2,14264.000,108697,192000,3999.479,120.0,8,4,2,0.00000,0.00000,0.00000,0.00000,0.00000
14.414,0,14398.000,115150,192000,3999.042,120.0,8,4,2,0.00000,0.00000,0.00000,0.00000,0.00000
14.414,1,14431.000,116705,192000,3999.646,120.0,8,4,2,0.00000,0.00000,0.00000,0.00000,0.00000
14.414,2,14366.000,113595,192000,3999.438,120.0,8,4,2,0.00000,0.00000,0.00000,0.00000,0.00000
14.516,0,14501.000,120052,192000,3999.917,120.0,8,4,2,0.00000,0.00000,0.00000,0.00000,0.00000
14.516,1,14533.000,121618,192000,3999.292,120.0,8,4,2,0.00000,0.00000,0.00000,0.00000,0.00000
14.516,2,14468.000,118486,192000,3999.542,120.0,8,4,2,0.00000,0.00000,0.00000,0.00000,0.00000
14.617,0,14601.000,124893,192000,3999.062,120.0,8,4,2,0.00000,0.00000,0.00000,0.00000,0.00000
14.617,1,14634.000,126470,192000,3999.208,120.0,8,4,2,0.00000,0.00000,0.00000,0.00000,0.00000
14.617,2,14569.000,123316,192000,3999.917,120.0,8,4,2,0.00000,0.00000,0.00000,0.00000,0.00000
14.718,0,14702.000,129736,192000,3999.167,120.0,8,4,2,0.00000,0.00000,0.00000,0.00000,0.00000
14.718,1,14735.000,131323,192000,3999.104,120.0,8,4,2,0.00000,0.00000,0.00000,0.00000,0.00000
14.718,2,14669.000,128148,192000,3999.250,120.0,8,4,2,0.00000,0.00000,0.00000,0.00000,0.00000
14.818,0,14803.000,134562,192000,3999.625,120.0,8,4,2,0.00000,0.00000,0.00000,0.00000,0.00000
14.818,1,14836.000,136161,192000,3999.312,120.0,8,4,2,0.00000,0.00000,0.00000,0.00000,0.00000
14.818,2,14770.000,132964,192000,3999.917,120.0,8,4,2,0.00000,0.00000,0.00000,0.00000,0.00000
14.920,0,14905.000,139446,192000,3999.875,120.0,8,4,2,0.00000,0.00000,0.00000,0.00000,0.00000
14.920,1,14938.000,141055,192000,3999.354,120.0,8,4,2,0.00000,0.00000,0.00000,0.00000,0.00000
14.920,2,14871.000,137836,192000,3999.417,120.0,8,4,2,0.00000,0.00000,0.00000,0.00000,0.00000
15.022,0,15006.000,144334,192000,3999.042,120.0,8,4,2,0.00000,0.00000,0.00000,0.00000,0.00000
15.022,1,15040.000,145954,192000,3999.292,120.0,8,4,2,0.00000,0.00000,0.00000,0.00000,0.00000
15.022,2,14973.000,142713,192000,3999.812,120.0,8,4,2,0.00000,0.00000,0.00000,0.00000,0.00000
15.122,0,15107.000,149164,192000,3999.417,120.0,8,4,2,0.00000,0.00000,0.00000,0.00000,0.00000
15.122,1,15141.000,150795,192000,3999.438,120.0,8,4,2,0.00000,0.00000,0.00000,0.00000,0.00000
15.122,2,15073.000,147532,192000,3999.417,120.0,8,4,2,0.00000,0.00000,0.00000,0.00000,0.00000
15.223,0,15208.000,153985,192000,3999.979,120.0,8,4,2,0.00000,0.00000,0.00000,0.00000,0.00000
15.223,1,15242.000,155627,192000,3999.771,120.0,8,4,2,0.00000,0.00000,0.00000,0.00000,0.00000
15.223,2,15173.000,152342,192000,3999.208,120.0,8,4,2,0.00000,0.00000,0.00000,0.00000,0.00000
15.325,0,15310.000,158887,192000,3999.854,120.0,8,4,2,0.00000,0.00000,0.00000,0.00000,0.00000
15.325,1,15344.000,160540,192000,3999.417,120.0,8,4,2,0.00000,0.00000,0.00000,0.00000,0.00000
15.325,2,15275.000,157234,192000,3999.292,120.0,8,4,2,0.00000,0.00000,0.00000,0.00000,0.00000
15.425,0,15410.000,163694,192000,3999.708,120.0,8,4,2,0.00000,0.00000,0.00000,0.00000,0.00000
15.425,1,15444.000,165358,192000,3999.042,120.0,8,4,2,0.00000,0.00000,0.00000,0.00000,0.00000
15.425,2,15375.000,162030,192000,3999.375,120.0,8,4,2,0.00000,0.00000,0.00000,0.00000,0.00000
15.526,0,15511.000,168562,192000,3999.292,120.0,8,4,2,0.00000,0.00000,0.00000,0.00000,0.00000
15.526,1,15546.000,170237,192000,3999.396,120.0,8,4,2,0.00000,0.00000,0.00000,0.00000,0.00000
15.526,2,15476.000,166887,192000,3999.188,120.0,8,4,2,0.00000,0.00000,0.00000,0.00000,0.00000
15.627,0,15612.000,173401,192000,3999.479,120.0,8,4,2,0.00000,0.00000,0.00000,0.00000,0.00000
15.627,1,15647.000,175087,192000,3999.354,120.0,8,4,2,0.00000,0.00000,0.00000,0.00000,0.00000
15.627,2,15577.000,171715,192000,3999.604,120.0,8,4,2,0.00000,0.00000,0.00000,0.00000,0.00000
15.730,0,15714.000,178310,192000,3999.208,120.0,8,4,2,0.00000,0.00000,0.00000,0.00000,0.00000
15.730,1,15750.000,180006,192000,3999.875,120.0,8,4,2,0.00000,0.00000,0.00000,0.00000,0.00000
15.730,2,15679.000,176613,192000,3999.562,120.0,8,4,2,0.00000,0.00000,0.00000,0.00000,0.00000
15.830,0,15814.000,183116,192000,3999.083,120.0,8,4,2,0.00000,0.00000,0.00000,0.00000,0.00000
15.830,1,15850.000,184823,192000,3999.521,120.0,8,4,2,0.00000,0.00000,0.00000,0.00000,0.00000
15.830,2,15779.000,181408,192000,3999.667,120.0,8,4,2,0.00000,0.00000,0.00000,0.00000,0.00000
15.933,0,15917.000,188052,192000,3999.250,120.0,8,4,2,0.00000,0.00000,0.00000,0.00000,0.00000
15.933,1,15953.000,189771,192000,3999.438,120.0,8,4,2,0.00000,0.00000,0.00000,0.00000,0.00000
15.933,2,15881.000,186333,192000,3999.062,120.0,8,4,2,0.00000,0.00000,0.00000,0.00000,0.00000
16.035,0,16020.000,973,192000,3999.729,120.0,8,5,2,0.12595,0.00000,0.12595,0.00000,0.00000
16.035,1,16056.000,2703,192000,3999.688,120.0,8,5,2,0.00000,0.00000,0.00000,0.00000,0.00000
16.035,2,15984.000,191243,192000,3999.771,120.0,8,4,2,0.00000,0.00000,0.00000,0.00000,0.00000
16.137,0,16121.000,5855,192000,3999.021,120.0,8,5,2,0.08356,0.00000,0.08356,0.00000,0.00000
16.137,1,16158.000,7596,192000,3999.750,120.0,8,5,2,0.00000,0.00000,0.00000,0.00000,0.00000
16.137,2,16085.000,4114,192000,3999.292,120.0,8,5,2,0.09688,0.00000,0.09688,0.00000,0.00000
16.237,0,16222.000,10663,192000,3999.854,120.0,8,5,2,0.05509,0.00000,0.05509,0.00000,0.00000
16.237,1,16258.000,12415,192000,3999.354,120.0,8,5,2,0.00000,0.00000,0.00000,0.00000,0.00000
16.237,2,16185.000,8911,192000,3999.354,120.0,8,5,2,0.06393,0.00000,0.06393,0.00000,0.00000
16.338,0,16323.000,15513,192000,3999.812,120.0,8,5,2,0.03619,0.00000,0.03619,0.00000,0.00000
16.338,1,16359.000,17276,192000,3999.083,120.0,8,5,2,0.00000,0.00000,0.00000,0.00000,0.00000
16.338,2,16286.000,13750,192000,3999.542,120.0,8,5,2,0.04204,0.00000,0.04204,0.00000,0.00000
16.440,0,16425.000,20418,192000,3999.625,120.0,8,5,2,0.02366,0.00000,0.02366,0.00000,0.00000
16.440,1,16462.000,22191,192000,3999.688,120.0,8,5,2,0.00000,0.00000,0.00000,0.00000,0.00000
16.440,2,16388.000,18644,192000,3999.583,120.0,8,5,2,0.02751,0.00000,0.02751,0.00000,0.00000
16.543,0,16527.000,25334,192000,3999.208,120.0,8,5,2,0.01545,0.00000,0.01545,0.00000,0.00000
16.543,1,16564.000,27118,192000,3999.042,120.0,8,5,2,0.00000,0.00000,0.00000,0.00000,0.00000
16.543,2,16490.000,23549,192000,3999.396,120.0,8,5,2,0.01798,0.00000,0.01798,0.00000,0.00000
16.645,0,16630.000,30255,192000,3999.688,120.0,8,5,2,0.01009,0.00000,0.01009,0.00000,0.00000
16.645,1,16667.000,32051,192000,3999.271,120.0,8,5,2,0.00000,0.00000,0.00000,0.00000,0.00000
16.645,2,16592.000,28459,192000,3999.104,120.0,8,5,2,0.01175,0.00000,0.01175,0.00000,0.00000
16.745,0,16730.000,35071,192000,3999.354,120.0,8,5,2,0.00665,0.00000,0.00665,0.00000,0.00000
16.745,1,16768.000,36878,192000,3999.708,120.0,8,5,2,0.00000,0.00000,0.00000,0.00000,0.00000
16.745,2,16693.000,33265,192000,3999.979,120.0,8,5,2,0.00775,0.00000,0.00775,0.00000,0.00000
16.847,0,16832.000,39957,192000,3999.562,120.0,8,5,2,0.00435,0.00000,0.00435,0.00000,0.00000
16.847,1,16870.000,41774,192000,3999.708,120.0,8,5,2,0.00000,0.00000,0.00000,0.00000,0.00000
16.847,2,16794.000,38139,192000,3999.438,120.0,8,5,2,0.00508,0.00000,0.00508,0.00000,0.00000
16.949,0,16934.000,44859,192000,3999.438,120.0,8,5,2,0.00285,0.00000,0.00285,0.00000,0.00000
16.949,1,16972.000,46687,192000,3999.354,120.0,8,5,2,0.00000,0.00000,0.00000,0.00000,0.00000
16.949,2,16896.000,43030,192000,3999.542,120.0,8,5,2,0.00333,0.00000,0.00333,0.00000,0.00000
17.051,0,17036.000,49754,192000,3999.458,120.0,8,5,2,0.00186,0.00000,0.00186,0.00000,0.00000
17.051,1,17074.000,51594,192000,3999.125,120.0,8,5,2,0.00000,0.00000,0.00000,0.00000,0.00000
17.051,2,16998.000,47914,192000,3999.792,120.0,8,5,2,0.00218,0.00000,0.00218,0.00000,0.00000
17.153,0,17138.000,54651,192000,3999.438,120.0,8,5,2,0.00122,0.00000,0.00122,0.00000,0.00000
17.153,1,17177.000,56502,192000,3999.875,120.0,8,5,2,0.00000,0.00000,0.00000,0.00000,0.00000
17.153,2,17100.000,52800,192000,0.000,120.0,8,5,2,0.00143,0.00000,0.00143,0.00000,0.00000
17.255,0,17240.000,59553,192000,3999.312,120.0,8,5,2,0.00080,0.00000,0.00080,0.00000,0.00000
17.255,1,17279.000,61415,192000,3999.521,120.0,8,5,2,0.00000,0.00000,0.00000,0.00000,0.00000
17.255,2,17201.000,57692,192000,3999.083,120.0,8,5,2,0.00093,0.00000,0.00093,0.00000,0.00000
17.356,0,17341.000,64387,192000,3999.604,120.0,8,5,2,0.00052,0.00000,0.00052,0.00000,0.00000
17.356,1,17380.000,66260,192000,3999.583,120.0,8,5,2,0.00000,0.00000,0.00000,0.00000,0.00000
17.356,2,17302.000,62514,192000,3999.625,120.0,8,5,2,0.00061,0.00000,0.00061,0.00000,0.00000
17.456,0,17441.000,69198,192000,3999.375,120.0,8,5,2,0.00035,0.00000,0.00035,0.00000,0.00000
17.456,1,17480.000,71082,192000,3999.125,120.0,8,5,2,0.00000,0.00000,0.00000,0.00000,0.00000
17.456,2,17402.000,67315,192000,3999.604,120.0,8,5,2,0.00041,0.00000,0.00041,0.00000,0.00000
17.559,0,17543.000,74109,192000,3999.062,120.0,8,5,2,0.00023,0.00000,0.00023,0.00000,0.00000
17.559,1,17583.000,76004,192000,3999.583,120.0,8,5,2,0.00000,0.00000,0.00000,0.00000,0.00000
17.559,2,17504.000,72215,192000,3999.521,120.0,8,5,2,0.00027,0.00000,0.00027,0.00000,0.00000
17.660,0,17644.000,78951,192000,3999.188,120.0,8,5,2,0.00015,0.00000,0.00015,0.00000,0.00000
17.660,1,17684.000,80857,192000,3999.479,120.0,8,5,2,0.00000,0.00000,0.00000,0.00000,0.00000
17.660,2,17605.000,77046,192000,3999.875,120.0,8,5,2,0.00017,0.00000,0.00017,0.00000,0.00000
17.762,0,17747.000,83881,192000,3999.479,120.0,8,5,2,0.00010,0.00000,0.00010,0.00000,0.00000
17.762,1,17787.000,85798,192000,3999.542,120.0,8,5,2,0.00000,0.00000,0.00000,0.00000,0.00000
17.762,2,17707.000,81965,192000,3999.396,120.0,8,5,2,0.00011,0.00000,0.00011,0.00000,0.00000
17.862,0,17847.000,88687,192000,3999.354,120.0,8,5,2,0.00006,0.00000,0.00006,0.00000,0.00000
17.862,1,17887.000,90614,192000,3999.208,120.0,8,5,2,0.00000,0.00000,0.00000,0.00000,0.00000
17.862,2,17807.000,86759,192000,3999.521,120.0,8,5,2,0.00008,0.00000,0.00008,0.00000,0.00000
17.965,0,17950.000,93601,192000,3999.979,120.0,8,5,2,0.00004,0.00000,0.00004,0.00000,0.00000
17.965,1,17990.000,95539,192000,3999.604,120.0,8,5,2,0.00000,0.00000,0.00000,0.00000,0.00000
17.965,2,17909.000,91662,192000,3999.375,120.0,8,5,2,0.00005,0.00000,0.00005,0.00000,0.00000
18.067,0,18052.000,98518,192000,3999.542,120.0,8,5,2,0.00003,0.00000,0.00003,0.00000,0.00000
18.067,1,18093.000,100467,192000,3999.938,120.0,8,5,2,0.00000,0.00000,0.00000,0.00000,0.00000
18.067,2,18011.000,96568,192000,3999.167,120.0,8,5,2,0.00003,0.00000,0.00003,0.00000,0.00000
18.170,0,18155.000,103452,192000,3999.750,120.0,8,5,2,0.00002,0.00000,0.00002,0.00000,0.00000
18.170,1,18196.000,105413,192000,3999.896,120.0,8,5,2,0.00000,0.00000,0.00000,0.00000,0.00000
18.170,2,18114.000,101492,192000,3999.583,120.0,8,5,2,0.00002,0.00000,0.00002,0.00000,0.00000
18.273,0,18258.000,108385,192000,3999.979,120.0,8,5,2,0.00001,0.00000,0.00001,0.00000,0.00000
18.273,1,18299.000,110356,192000,3999.917,120.0,8,5,2,0.00000,0.00000,0.00000,0.00000,0.00000
18.273,2,18216.000,106413,192000,3999.062,120.0,8,5,2,0.00001,0.00000,0.00001,0.00000,0.00000
18.375,0,18360.000,113302,192000,3999.542,120.0,8,5,2,0.00001,0.00000,0.00001,0.00000,0.00000
18.375,1,18401.000,115285,192000,3999.229,120.0,8,5,2,0.00000,0.00000,0.00000,0.00000,0.00000
18.375,2,18319.000,111320,192000,3999.833,120.0,8,5,2,0.00001,0.00000,0.00001,0.00000,0.00000
18.477,0,18461.000,118172,192000,3999.083,120.0,8,5,2,0.00000,0.00000,0.00000,0.00000,0.00000
18.477,1,18503.000,120166,192000,3999.542,120.0,8,5,2,0.00000,0.00000,0.00000,0.00000,0.00000
18.477,2,18420.000,116178,192000,3999.625,120.0,8,5,2,0.00001,0.00000,0.00001,0.00000,0.00000
18.578,0,18563.000,123043,192000,3999.604,120.0,8,5,2,0.00000,0.00000,0.00000,0.00000,0.00000
18.578,1,18605.000,125047,192000,3999.854,120.0,8,5,2,0.00000,0.00000,0.00000,0.00000,0.00000
18.578,2,18521.000,121038,192000,3999.375,120.0,8,5,2,0.00000,0.00000,0.00000,0.00000,0.00000
18.681,0,18666.000,127968,192000,0.000,120.0,8,5,2,0.00000,0.00000,0.00000,0.00000,0.00000
18.681,1,18707.000,129983,192000,3999.021,120.0,8,5,2,0.00000,0.00000,0.00000,0.00000,0.00000
18.681,2,18624.000,125952,192000,0.000,120.0,8,5,2,0.00000,0.00000,0.00000,0.00000,0.00000
18.783,0,18768.000,132881,192000,3999.646,120.0,8,5,2,0.00000,0.00000,0.00000,0.00000,0.00000
18.783,1,18810.000,134907,192000,3999.438,120.0,8,5,2,0.00000,0.00000,0.00000,0.00000,0.00000
18.783,2,18726.000,130854,192000,3999.875,120.0,8,5,2,0.00000,0.00000,0.00000,0.00000,0.00000
18.885,0,18870.000,137764,192000,3999.917,120.0,8,5,2,0.00000,0.00000,0.00000,0.00000,0.00000
18.885,1,18912.000,139802,192000,3999.458,120.0,8,5,2,0.00000,0.00000,0.00000,0.00000,0.00000
18.885,2,18827.000,135726,192000,3999.375,120.0,8,5,2,0.00000,0.00000,0.00000,0.00000,0.00000
18.987,0,18972.000,142685,192000,3999.396,120.0,8,5,2,0.00000,0.00000,0.00000,0.00000,0.00000
18.987,1,19015.000,144734,192000,3999.708,120.0,8,5,2,0.00000,0.00000,0.00000,0.00000,0.00000
18.987,2,18929.000,140636,192000,3999.083,120.0,8,5,2,0.00000,0.00000,0.00000,0.00000,0.00000
19.087,0,19072.000,147485,192000,3999.396,120.0,8,5,2,0.00000,0.00000,0.00000,0.00000,0.00000
19.087,1,19115.000,149545,192000,3999.479,120.0,8,5,2,0.00000,0.00000,0.00000,0.00000,0.00000
19.087,2,19029.000,145425,192000,3999.312,120.0,8,5,2,0.00000,0.00000,0.00000,0.00000,0.00000
19.190,0,19175.000,152415,192000,3999.688,120.0,8,5,2,0.00000,0.00000,0.00000,0.00000,0.00000
19.190,1,19218.000,154486,192000,3999.542,120.0,8,5,2,0.00000,0.00000,0.00000,0.00000,0.00000
19.190,2,19132.000,150344,192000,3999.833,120.0,8,5,2,0.00000,0.00000,0.00000,0.00000,0.00000
19.293,0,19278.000,157350,192000,3999.875,120.0,8,5,2,0.00000,0.00000,0.00000,0.00000,0.00000
19.293,1,19321.000,159432,192000,3999.500,120.0,8,5,2,0.00000,0.00000,0.00000,0.00000,0.00000
19.293,2,19234.000,155268,192000,3999.250,120.0,8,5,2,0.00000,0.00000,0.00000,0.00000,0.00000
19.394,0,19379.000,162221,192000,3999.396,120.0,8,5,2,0.00000,0.00000,0.00000,0.00000,0.00000
19.394,1,19423.000,164313,192000,3999.812,120.0,8,5,2,0.00000,0.00000,0.00000,0.00000,0.00000
19.394,2,19336.000,160128,192000,0.000,120.0,8,5,2,0.00000,0.00000,0.00000,0.00000,0.00000
19.496,0,19481.000,167106,192000,3999.625,120.0,8,5,2,0.00000,0.00000,0.00000,0.00000,0.00000
19.496,1,19525.000,169209,192000,3999.812,120.0,8,5,2,0.00000,0.00000,0.00000,0.00000,0.00000
19.496,2,19437.000,165002,192000,3999.458,120.0,8,5,2,0.00000,0.00000,0.00000,0.00000,0.00000
19.597,0,19582.000,171957,192000,3999.562,120.0,8,5,2,0.00000,0.00000,0.00000,0.00000,0.00000
19.597,1,19626.000,174072,192000,3999.500,120.0,8,5,2,0.00000,0.00000,0.00000,0.00000,0.00000
19.597,2,19538.000,169843,192000,3999.604,120.0,8,5,2,0.00000,0.00000,0.00000,0.00000,0.00000
19.698,0,19683.000,176791,192000,3999.854,120.0,8,5,2,0.00000,0.00000,0.00000,0.00000,0.00000
19.698,1,19727.000,178917,192000,3999.562,120.0,8,5,2,0.00000,0.00000,0.00000,0.00000,0.00000
19.698,2,19638.000,174665,192000,3999.146,120.0,8,5,2,0.00000,0.00000,0.00000,0.00000,0.00000
19.800,0,19784.000,181675,192000,3999.104,120.0,8,5,2,0.00000,0.00000,0.00000,0.00000,0.00000
19.800,1,19829.000,183811,192000,3999.604,120.0,8,5,2,0.00000,0.00000,0.00000,0.00000,0.00000
19.800,2,19740.000,179538,192000,3999.625,120.0,8,5,2,0.00000,0.00000,0.00000,0.00000,0.00000
19.901,0,19885.000,186515,192000,3999.271,120.0,8,5,2,0.00000,0.00000,0.00000,0.00000,0.00000
19.901,1,19930.000,188663,192000,3999.521,120.0,8,5,2,0.00000,0.00000,0.00000,0.00000,0.00000
19.901,2,19841.000,184368,192000,0.000,120.0,8,5,2,0.00000,0.00000,0.00000,0.00000,0.00000
20.003,0,19988.000,191446,192000,3999.542,120.0,8,5,2,0.00000,0.00000,0.00000,0.00000,0.00000
20.003,1,20033.000,1605,192000,3999.562,120.0,8,6,2,0.11994,0.11994,0.11987,0.00000,0.00000
20.003,2,19943.000,189288,192000,3999.500,120.0,8,5,2,0.00000,0.00000,0.00000,0.00000,0.00000
20.105,0,20090.000,4325,192000,3999.896,120.0,8,6,2,0.09489,0.09489,0.00000,0.00000,0.00000
20.105,1,20135.000,6495,192000,3999.688,120.0,8,6,2,0.07852,0.07852,0.07847,0.00000,0.00000
20.105,2,20044.000,2156,192000,3999.083,120.0,8,6,2,0.11405,0.11405,0.00000,0.00000,0.00000
20.208,0,20193.000,9265,192000,3999.979,120.0,8,6,2,0.06185,0.06185,0.00000,0.00000,0.00000
20.208,1,20238.000,11446,192000,3999.542,120.0,8,6,2,0.05113,0.05113,0.05110,0.00000,0.00000
20.208,2,20147.000,7084,192000,3999.417,120.0,8,6,2,0.07441,0.07441,0.00000,0.00000,0.00000
20.309,0,20293.000,14104,192000,3999.167,120.0,8,6,2,0.04067,0.04067,0.00000,0.00000,0.00000
20.309,1,20339.000,16295,192000,3999.521,120.0,8,6,2,0.03359,0.03359,0.03357,0.00000,0.00000
20.309,2,20248.000,11912,192000,3999.833,120.0,8,6,2,0.04898,0.04898,0.00000,0.00000,0.00000
20.410,0,20394.000,18947,192000,3999.271,120.0,8,6,2,0.02673,0.02673,0.00000,0.00000,0.00000
20.410,1,20440.000,21150,192000,3999.375,120.0,8,6,2,0.02206,0.02206,0.02204,0.00000,0.00000
20.410,2,20348.000,16745,192000,3999.146,120.0,8,6,2,0.03222,0.03222,0.00000,0.00000,0.00000
20.512,0,20497.000,23857,192000,3999.979,120.0,8,6,2,0.01747,0.01747,0.00000,0.00000,0.00000
20.512,1,20543.000,26071,192000,3999.854,120.0,8,6,2,0.01440,0.01440,0.01439,0.00000,0.00000
20.512,2,20450.000,21644,192000,3999.083,120.0,8,6,2,0.02108,0.02108,0.00000,0.00000,0.00000
20.614,0,20599.000,28776,192000,3999.500,120.0,8,6,2,0.01141,0.01141,0.00000,0.00000,0.00000
20.614,1,20645.000,31000,192000,3999.167,120.0,8,6,2,0.00939,0.00939,0.00939,0.00000,0.00000
20.614,2,20553.000,26551,192000,3999.854,120.0,8,6,2,0.01378,0.01378,0.00000,0.00000,0.00000
20.716,0,20701.000,33670,192000,3999.542,120.0,8,6,2,0.00746,0.00746,0.00000,0.00000,0.00000
20.716,1,20748.000,35906,192000,3999.958,120.0,8,6,2,0.00614,0.00614,0.00614,0.00000,0.00000
20.716,2,20654.000,31435,192000,3999.104,120.0,8,6,2,0.00902,0.00902,0.00000,0.00000,0.00000
20.817,0,20802.000,38503,192000,3999.854,120.0,8,6,2,0.00491,0.00491,0.00000,0.00000,0.00000
20.817,1,20848.000,40749,192000,3999.062,120.0,8,6,2,0.00404,0.00404,0.00403,0.00000,0.00000
20.817,2,20755.000,36256,192000,3999.667,120.0,8,6,2,0.00594,0.00594,0.00000,0.00000,0.00000
20.917,0,20902.000,43314,192000,3999.625,120.0,8,6,2,0.00324,0.00324,0.00000,0.00000,0.00000
20.917,1,20949.000,45571,192000,3999.604,120.0,8,6,2,0.00266,0.00266,0.00266,0.00000,0.00000
20.917,2,20855.000,41057,192000,3999.646,120.0,8,6,2,0.00392,0.00392,0.00000,0.00000,0.00000
21.019,0,21004.000,48217,192000,3999.479,120.0,8,6,2,0.00212,0.00212,0.00000,0.00000,0.00000
21.019,1,21051.000,50485,192000,3999.229,120.0,8,6,2,0.00174,0.00174,0.00174,0.00000,0.00000
21.019,2,20957.000,45949,192000,3999.729,120.0,8,6,2,0.00257,0.00257,0.00000,0.00000,0.00000
21.120,0,21105.000,53060,192000,3999.583,120.0,8,6,2,0.00139,0.00139,0.00000,0.00000,0.00000
21.120,1,21152.000,55339,192000,3999.104,120.0,8,6,2,0.00114,0.00114,0.00114,0.00000,0.00000
21.120,2,21057.000,50781,192000,3999.062,120.0,8,6,2,0.00169,0.00169,0.00000,0.00000,0.00000
21.223,0,21207.000,57974,192000,3999.208,120.0,8,6,2,0.00091,0.00091,0.00000,0.00000,0.00000
21.223,1,21255.000,60264,192000,3999.500,120.0,8,6,2,0.00074,0.00074,0.00074,0.00000,0.00000
21.223,2,21160.000,55684,192000,3999.917,120.0,8,6,2,0.00110,0.00110,0.00000,0.00000,0.00000
21.325,0,21310.000,62885,192000,3999.896,120.0,8,6,2,0.00059,0.00059,0.00000,0.00000,0.00000
21.325,1,21358.000,65187,192000,3999.938,120.0,8,6,2,0.00049,0.00049,0.00049,0.00000,0.00000
21.325,2,21262.000,60584,192000,3999.833,120.0,8,6,2,0.00072,0.00072,0.00000,0.00000,0.00000
21.425,0,21410.000,67706,192000,3999.458,120.0,8,6,2,0.00039,0.00039,0.00000,0.00000,0.00000
21.425,1,21458.000,70019,192000,3999.271,120.0,8,6,2,0.00032,0.00032,0.00032,0.00000,0.00000
21.425,2,21362.000,65394,192000,3999.625,120.0,8,6,2,0.00048,0.00048,0.00000,0.00000,0.00000
21.528,0,21513.000,72628,192000,3999.917,120.0,8,6,2,0.00026,0.00026,0.00000,0.00000,0.00000
21.528,1,21561.000,74951,192000,3999.521,120.0,8,6,2,0.00021,0.00021,0.00021,0.00000,0.00000
21.528,2,21464.000,70305,192000,3999.312,120.0,8,6,2,0.00031,0.00031,0.00000,0.00000,0.00000
21.628,0,21613.000,77447,192000,3999.521,120.0,8,6,2,0.00017,0.00017,0.00000,0.00000,0.00000
21.628,1,21662.000,79781,192000,3999.896,120.0,8,6,2,0.00014,0.00014,0.00014,0.00000,0.00000
21.628,2,21564.000,75113,192000,3999.146,120.0,8,6,2,0.00021,0.00021,0.00000,0.00000,0.00000
21.728,0,21713.000,82255,192000,3999.354,120.0,8,6,2,0.00011,0.00011,0.00000,0.00000,0.00000
21.728,1,21762.000,84599,192000,3999.521,120.0,8,6,2,0.00009,0.00009,0.00009,0.00000,0.00000
21.728,2,21664.000,79910,192000,3999.208,120.0,8,6,2,0.00014,0.00014,0.00000,0.00000,0.00000
21.830,0,21815.000,87151,192000,3999.354,120.0,8,6,2,0.00007,0.00007,0.00000,0.00000,0.00000
21.830,1,21864.000,89506,192000,3999.292,120.0,8,6,2,0.00006,0.00006,0.00006,0.00000,0.00000
21.830,2,21766.000,84795,192000,3999.438,120.0,8,6,2,0.00009,0.00009,0.00000,0.00000,0.00000
21.932,0,21917.000,92029,192000,3999.729,120.0,8,6,2,0.00005,0.00005,0.00000,0.00000,0.00000
21.932,1,21966.000,94396,192000,3999.417,120.0,8,6,2,0.00004,0.00004,0.00004,0.00000,0.00000
21.932,2,21867.000,89663,192000,3999.021,120.0,8,6,2,0.00006,0.00006,0.00000,0.00000,0.00000
22.034,0,22019.000,96920,192000,3999.833,120.0,8,6,2,0.00003,0.00003,0.00000,0.00000,0.00000
22.034,1,22068.000,99298,192000,3999.292,120.0,8,6,2,0.00003,0.00003,0.00003,0.00000,0.00000
22.034,2,21969.000,94542,192000,3999.375,120.0,8,6,2,0.00004,0.00004,0.00000,0.00000,0.00000
22.134,0,22119.000,101727,192000,3999.688,120.0,8,6,2,0.00002,0.00002,0.00000,0.00000,0.00000
22.134,1,22169.000,104116,192000,3999.917,120.0,8,6,2,0.00002,0.00002,0.00002,0.00000,0.00000
22.134,2,22069.000,99339,192000,3999.438,120.0,8,6,2,0.00003,0.00003,0.00000,0.00000,0.00000
22.236,0,22221.000,106643,192000,3999.271,120.0,8,6,2,0.00001,0.00001,0.00000,0.00000,0.00000
22.236,1,22271.000,109042,192000,3999.292,120.0,8,6,2,0.00001,0.00001,0.00001,0.00000,0.00000
22.236,2,22171.000,104243,192000,3999.271,120.0,8,6,2,0.00002,0.00002,0.00000,0.00000,0.00000
22.339,0,22324.000,111555,192000,3999.938,120.0,8,6,2,0.00001,0.00001,0.00000,0.00000,0.00000
22.339,1,22374.000,113966,192000,3999.708,120.0,8,6,2,0.00001,0.00001,0.00001,0.00000,0.00000
22.339,2,22273.000,109144,192000,3999.167,120.0,8,6,2,0.00001,0.00001,0.00000,0.00000,0.00000
22.441,0,22426.000,116464,192000,3999.667,120.0,8,6,2,0.00001,0.00001,0.00000,0.00000,0.00000
22.441,1,22476.000,118885,192000,3999.229,120.0,8,6,2,0.00000,0.00000,0.00000,0.00000,0.00000
22.441,2,22375.000,114042,192000,3999.125,120.0,8,6,2,0.00001,0.00001,0.00000,0.00000,0.00000
22.542,0,22527.000,121319,192000,3999.521,120.0,8,6,2,0.00000,0.00000,0.00000,0.00000,0.00000
22.542,1,22578.000,123752,192000,3999.833,120.0,8,6,2,0.00000,0.00000,0.00000,0.00000,0.00000
22.542,2,22476.000,118886,192000,3999.208,120.0,8,6,2,0.00000,0.00000,0.00000,0.00000,0.00000
22.644,0,22629.000,126215,192000,3999.521,120.0,8,6,2,0.00000,0.00000,0.00000,0.00000,0.00000
22.644,1,22680.000,128658,192000,3999.625,120.0,8,6,2,0.00000,0.00000,0.00000,0.00000,0.00000
22.644,2,22578.000,123771,192000,3999.438,120.0,8,6,2,0.00000,0.00000,0.00000,0.00000,0.00000
22.744,0,22729.000,131020,192000,3999.417,120.0,8,6,2,0.00000,0.00000,0.00000,0.00000,0.00000
22.744,1,22780.000,133475,192000,3999.271,120.0,8,6,2,0.00000,0.00000,0.00000,0.00000,0.00000
22.744,2,22678.000,128566,192000,3999.542,120.0,8,6,2,0.00000,0.00000,0.00000,0.00000,0.00000
22.845,0,22830.000,135852,192000,3999.750,120.0,8,6,2,0.00000,0.00000,0.00000,0.00000,0.00000
22.845,1,22881.000,138317,192000,3999.396,120.0,8,6,2,0.00000,0.00000,0.00000,0.00000,0.00000
22.845,2,22778.000,133387,192000,3999.104,120.0,8,6,2,0.00000,0.00000,0.00000,0.00000,0.00000
22.946,0,22931.000,140701,192000,3999.729,120.0,8,6,2,0.00000,0.00000,0.00000,0.00000,0.00000
22.946,1,22982.000,143177,192000,3999.146,120.0,8,6,2,0.00000,0.00000,0.00000,0.00000,0.00000
22.946,2,22879.000,138224,192000,3999.333,120.0,8,6,2,0.00000,0.00000,0.00000,0.00000,0.00000
23.046,0,23031.000,145508,192000,3999.583,120.0,8,6,2,0.00000,0.00000,0.00000,0.00000,0.00000
23.046,1,23083.000,147995,192000,3999.771,120.0,8,6,2,0.00000,0.00000,0.00000,0.00000,0.00000
23.046,2,22979.000,143021,192000,3999.396,120.0,8,6,2,0.00000,0.00000,0.00000,0.00000,0.00000
23.148,0,23133.000,150417,192000,3999.312,120.0,8,6,2,0.00000,0.00000,0.00000,0.00000,0.00000
23.148,1,23185.000,152915,192000,3999.271,120.0,8,6,2,0.00000,0.00000,0.00000,0.00000,0.00000
23.148,2,23081.000,147919,192000,3999.354,120.0,8,6,2,0.00000,0.00000,0.00000,0.00000,0.00000
23.250,0,23234.000,155279,192000,3999.021,120.0,8,6,2,0.00000,0.00000,0.00000,0.00000,0.00000
23.250,1,23287.000,157788,192000,3999.750,120.0,8,6,2,0.00000,0.00000,0.00000,0.00000,0.00000
23.250,2,23182.000,152770,192000,3999.292,120.0,8,6,2,0.00000,0.00000,0.00000,0.00000,0.00000
23.352,0,23337.000,160200,192000,3999.500,120.0,8,6,2,0.00000,0.00000,0.00000,0.00000,0.00000
23.352,1,23390.000,162721,192000,3999.979,120.0,8,6,2,0.00000,0.00000,0.00000,0.00000,0.00000
23.352,2,23285.000,157680,192000,0.000,120.0,8,6,2,0.00000,0.00000,0.00000,0.00000,0.00000
23.454,0,23439.000,165100,192000,3999.417,120.0,8,6,2,0.00000,0.00000,0.00000,0.00000,0.00000
23.454,1,23492.000,167631,192000,3999.688,120.0,8,6,2,0.00000,0.00000,0.00000,0.00000,0.00000
23.454,2,23386.000,162568,192000,3999.167,120.0,8,6,2,0.00000,0.00000,0.00000,0.00000,0.00000
23.555,0,23540.000,169949,192000,3999.396,120.0,8,6,2,0.00000,0.00000,0.00000,0.00000,0.00000
23.555,1,23593.000,172491,192000,3999.438,120.0,8,6,2,0.00000,0.00000,0.00000,0.00000,0.00000
23.555,2,23487.000,167407,192000,3999.354,120.0,8,6,2,0.00000,0.00000,0.00000,0.00000,0.00000
23.655,0,23640.000,174752,192000,3999.333,120.0,8,6,2,0.00000,0.00000,0.00000,0.00000,0.00000
23.655,1,23693.000,177305,192000,3999.146,120.0,8,6,2,0.00000,0.00000,0.00000,0.00000,0.00000
23.655,2,23587.000,172199,192000,3999.521,120.0,8,6,2,0.00000,0.00000,0.00000,0.00000,0.00000
23.758,0,23743.000,179684,192000,3999.583,120.0,8,6,2,0.00000,0.00000,0.00000,0.00000,0.00000
23.758,1,23796.000,182248,192000,3999.167,120.0,8,6,2,0.00000,0.00000,0.00000,0.00000,0.00000
23.758,2,23690.000,177120,192000,0.000,120.0,8,6,2,0.00000,0.00000,0.00000,0.00000,0.00000
23.859,0,23844.000,184512,192000,0.000,120.0,8,6,2,0.00000,0.00000,0.00000,0.00000,0.00000
23.859,1,23897.000,187087,192000,3999.354,120.0,8,6,2,0.00000,0.00000,0.00000,0.00000,0.00000
23.859,2,23790.000,181937,192000,3999.646,120.0,8,6,2,0.00000,0.00000,0.00000,0.00000,0.00000
23.960,0,23945.000,189363,192000,3999.938,120.0,8,6,2,0.00000,0.00000,0.00000,0.00000,0.00000
23.960,1,23998.000,191949,192000,3999.062,120.0,8,6,2,0.00000,0.00000,0.00000,0.00000,0.00000
23.960,2,23891.000,186777,192000,3999.812,120.0,8,6,2,0.00000,0.00000,0.00000,0.00000,0.00000
24.061,0,24045.000,2207,192000,3999.021,120.0,8,7,2,0.00000,0.00000,0.00000,0.00000,0.00000
24.061,1,24100.000,4804,192000,3999.917,120.0,8,7,2,0.00000,0.00000,0.00000,0.00000,0.00000
24.061,2,23991.000,191611,192000,3999.104,120.0,8,6,2,0.00000,0.00000,0.00000,0.00000,0.00000
24.161,0,24146.000,7038,192000,3999.375,120.0,8,7,2,0.00000,0.00000,0.00000,0.00000,0.00000
24.161,1,24200.000,9646,192000,3999.042,120.0,8,7,2,0.00000,0.00000,0.00000,0.00000,0.00000
24.161,2,24092.000,4430,192000,3999.708,120.0,8,7,2,0.00000,0.00000,0.00000,0.00000,0.00000
24.263,0,24248.000,11914,192000,3999.792,120.0,8,7,2,0.00000,0.00000,0.00000,0.00000,0.00000
24.263,1,24302.000,14533,192000,3999.229,120.0,8,7,2,0.00000,0.00000,0.00000,0.00000,0.00000
24.263,2,24193.000,9295,192000,3999.354,120.0,8,7,2,0.00000,0.00000,0.00000,0.00000,0.00000
24.363,0,24348.000,16727,192000,3999.521,120.0,8,7,2,0.00000,0.00000,0.00000,0.00000,0.00000
24.363,1,24403.000,19357,192000,3999.729,120.0,8,7,2,0.00000,0.00000,0.00000,0.00000,0.00000
24.363,2,24293.000,14098,192000,3999.292,120.0,8,7,2,0.00000,0.00000,0.00000,0.00000,0.00000
24.466,0,24451.000,21649,192000,3999.979,120.0,8,7,2,0.00000,0.00000,0.00000,0.00000,0.00000
24.466,1,24506.000,24290,192000,3999.958,120.0,8,7,2,0.00000,0.00000,0.00000,0.00000,0.00000
24.466,2,24396.000,19009,192000,3999.979,120.0,8,7,2,0.00000,0.00000,0.00000,0.00000,0.00000
24.568,0,24553.000,26578,192000,3999.292,120.0,8,7,2,0.00000,0.00000,0.00000,0.00000,0.00000
24.568,1,24608.000,29229,192000,3999.062,120.0,8,7,2,0.00000,0.00000,0.00000,0.00000,0.00000
24.568,2,24498.000,23926,192000,3999.542,120.0,8,7,2,0.00000,0.00000,0.00000,0.00000,0.00000
24.671,0,24656.000,31494,192000,3999.875,120.0,8,7,2,0.00000,0.00000,0.00000,0.00000,0.00000
24.671,1,24711.000,34157,192000,3999.396,120.0,8,7,2,0.00000,0.00000,0.00000,0.00000,0.00000
24.671,2,24600.000,28832,192000,3999.333,120.0,8,7,2,0.00000,0.00000,0.00000,0.00000,0.00000
24.773,0,24758.000,36393,192000,3999.812,120.0,8,7,2,0.00000,0.00000,0.00000,0.00000,0.00000
24.773,1,24813.000,39066,192000,3999.125,120.0,8,7,2,0.00000,0.00000,0.00000,0.00000,0.00000
24.773,2,24702.000,33719,192000,3999.521,120.0,8,7,2,0.00000,0.00000,0.00000,0.00000,0.00000
24.875,0,24860.000,41287,192000,3999.854,120.0,8,7,2,0.00000,0.00000,0.00000,0.00000,0.00000
24.875,1,24916.000,43972,192000,3999.917,120.0,8,7,2,0.00000,0.00000,0.00000,0.00000,0.00000
24.875,2,24804.000,38602,192000,3999.792,120.0,8,7,2,0.00000,0.00000,0.00000,0.00000,0.00000
24.975,0,24960.000,46095,192000,3999.688,120.0,8,7,2,0.00000,0.00000,0.00000,0.00000,0.00000
24.975,1,25016.000,48790,192000,3999.542,120.0,8,7,2,0.00000,0.00000,0.00000,0.00000,0.00000
24.975,2,24904.000,43399,192000,3999.854,120.0,8,7,2,0.00000,0.00000,0.00000,0.00000,0.00000
25.077,0,25062.000,51007,192000,3999.354,120.0,8,7,2,0.00000,0.00000,0.00000,0.00000,0.00000
25.077,1,25119.000,53713,192000,3999.979,120.0,8,7,2,0.00000,0.00000,0.00000,0.00000,0.00000
25.077,2,25006.000,48300,192000,3999.750,120.0,8,7,2,0.00000,0.00000,0.00000,0.00000,0.00000
25.179,0,25163.000,55865,192000,3999.146,120.0,8,7,2,0.00000,0.00000,0.00000,0.00000,0.00000
25.179,1,25220.000,58582,192000,3999.542,120.0,8,7,2,0.00000,0.00000,0.00000,0.00000,0.00000
25.179,2,25107.000,53148,192000,3999.750,120.0,8,7,2,0.00000,0.00000,0.00000,0.00000,0.00000
25.279,0,25264.000,60702,192000,3999.375,120.0,8,7,2,0.00000,0.00000,0.00000,0.00000,0.00000
25.279,1,25321.000,63430,192000,3999.542,120.0,8,7,2,0.00000,0.00000,0.00000,0.00000,0.00000
25.279,2,25207.000,57973,192000,3999.229,120.0,8,7,2,0.00000,0.00000,0.00000,0.00000,0.00000
25.381,0,25366.000,65580,192000,3999.750,120.0,8,7,2,0.00000,0.00000,0.00000,0.00000,0.00000
25.381,1,25423.000,68319,192000,3999.688,120.0,8,7,2,0.00000,0.00000,0.00000,0.00000,0.00000
25.381,2,25309.000,62841,192000,3999.812,120.0,8,7,2,0.00000,0.00000,0.00000,0.00000,0.00000
25.483,0,25468.000,70474,192000,3999.792,120.0,8,7,2,0.00000,0.00000,0.00000,0.00000,0.00000
25.483,1,25525.000,73225,192000,3999.479,120.0,8,7,2,0.00000,0.00000,0.00000,0.00000,0.00000
25.483,2,25410.000,67724,192000,3999.083,120.0,8,7,2,0.00000,0.00000,0.00000,0.00000,0.00000
25.584,0,25568.000,75305,192000,3999.146,120.0,8,7,2,0.00000,0.00000,0.00000,0.00000,0.00000
25.584,1,25626.000,78066,192000,3999.625,120.0,8,7,2,0.00000,0.00000,0.00000,0.00000,0.00000
25.584,2,25511.000,72544,192000,3999.667,120.0,8,7,2,0.00000,0.00000,0.00000,0.00000,0.00000
25.685,0,25670.000,80192,192000,3999.333,120.0,8,7,2,0.00000,0.00000,0.00000,0.00000,0.00000
25.685,1,25728.000,82964,192000,3999.583,120.0,8,7,2,0.00000,0.00000,0.00000,0.00000,0.00000
25.685,2,25612.000,77419,192000,3999.104,120.0,8,7,2,0.00000,0.00000,0.00000,0.00000,0.00000
25.786,0,25770.000,85002,192000,3999.125,120.0,8,7,2,0.00000,0.00000,0.00000,0.00000,0.00000
25.786,1,25828.000,87785,192000,3999.146,120.0,8,7,2,0.00000,0.00000,0.00000,0.00000,0.00000
25.786,2,25712.000,82219,192000,3999.104,120.0,8,7,2,0.00000,0.00000,0.00000,0.00000,0.00000
25.889,0,25874.000,89952,192000,0.000,120.0,8,7,2,0.00000,0.00000,0.00000,0.00000,0.00000
25.889,1,25932.000,92746,192000,3999.792,120.0,8,7,2,0.00000,0.00000,0.00000,0.00000,0.00000
25.889,2,25815.000,87157,192000,3999.229,120.0,8,7,2,0.00000,0.00000,0.00000,0.00000,0.00000
25.991,0,25976.000,94876,192000,3999.417,120.0,8,7,2,0.00000,0.00000,0.00000,0.00000,0.00000
25.991,1,26035.000,97681,192000,3999.979,120.0,8,7,2,0.00000,0.00000,0.00000,0.00000,0.00000
25.991,2,25918.000,92071,192000,3999.854,120.0,8,7,2,0.00000,0.00000,0.00000,0.00000,0.00000
26.092,0,26076.000,99693,192000,3999.062,120.0,8,7,2,0.00000,0.00000,0.00000,0.00000,0.00000
26.092,1,26135.000,102510,192000,3999.375,120.0,8,7,2,0.00000,0.00000,0.00000,0.00000,0.00000
26.092,2,26018.000,96877,192000,3999.729,120.0,8,7,2,0.00000,0.00000,0.00000,0.00000,0.00000
26.192,0,26177.000,104528,192000,3999.333,120.0,8,7,2,0.00000,0.00000,0.00000,0.00000,0.00000
26.192,1,26236.000,107355,192000,3999.438,120.0,8,7,2,0.00000,0.00000,0.00000,0.00000,0.00000
26.192,2,26118.000,101701,192000,3999.229,120.0,8,7,2,0.00000,0.00000,0.00000,0.00000,0.00000
26.293,0,26277.000,109331,192000,3999.271,120.0,8,7,2,0.00000,0.00000,0.00000,0.00000,0.00000
26.293,1,26336.000,112168,192000,3999.167,120.0,8,7,2,0.00000,0.00000,0.00000,0.00000,0.00000
26.293,2,26218.000,106493,192000,3999.396,120.0,8,7,2,0.00000,0.00000,0.00000,0.00000,0.00000
26.395,0,26379.000,114238,192000,3999.042,120.0,8,7,2,0.00000,0.00000,0.00000,0.00000,0.00000
26.395,1,26439.000,117086,192000,3999.708,120.0,8,7,2,0.00000,0.00000,0.00000,0.00000,0.00000
26.395,2,26320.000,111389,192000,3999.396,120.0,8,7,2,0.00000,0.00000,0.00000,0.00000,0.00000
26.497,0,26481.000,119123,192000,3999.271,120.0,8,7,2,0.00000,0.00000,0.00000,0.00000,0.00000
26.497,1,26541.000,121983,192000,3999.688,120.0,8,7,2,0.00000,0.00000,0.00000,0.00000,0.00000
26.497,2,26422.000,116263,192000,3999.854,120.0,8,7,2,0.00000,0.00000,0.00000,0.00000,0.00000
26.598,0,26582.000,123983,192000,3999.021,120.0,8,7,2,0.00000,0.00000,0.00000,0.00000,0.00000
26.598,1,26642.000,126853,192000,3999.229,120.0,8,7,2,0.00000,0.00000,0.00000,0.00000,0.00000
26.598,2,26523.000,121112,192000,3999.833,120.0,8,7,2,0.00000,0.00000,0.00000,0.00000,0.00000
26.699,0,26684.000,128853,192000,3999.562,120.0,8,7,2,0.00000,0.00000,0.00000,0.00000,0.00000
26.699,1,26744.000,131735,192000,3999.521,120.0,8,7,2,0.00000,0.00000,0.00000,0.00000,0.00000
26.699,2,26624.000,125971,192000,3999.604,120.0,8,7,2,0.00000,0.00000,0.00000,0.00000,0.00000
26.800,0,26785.000,133695,192000,3999.688,120.0,8,7,2,0.00000,0.00000,0.00000,0.00000,0.00000
26.800,1,26845.000,136588,192000,3999.417,120.0,8,7,2,0.00000,0.00000,0.00000,0.00000,0.00000
26.800,2,26725.000,130803,192000,3999.938,120.0,8,7,2,0.00000,0.00000,0.00000,0.00000,0.00000
26.903,0,26887.000,138622,192000,3999.042,120.0,8,7,2,0.00000,0.00000,0.00000,0.00000,0.00000
26.903,1,26948.000,141526,192000,3999.542,120.0,8,7,2,0.00000,0.00000,0.00000,0.00000,0.00000
26.903,2,26827.000,135718,192000,3999.542,120.0,8,7,2,0.00000,0.00000,0.00000,0.00000,0.00000
27.006,0,26990.000,143559,192000,3999.188,120.0,8,7,2,0.00000,0.00000,0.00000,0.00000,0.00000
27.006,1,27051.000,146474,192000,3999.458,120.0,8,7,2,0.00000,0.00000,0.00000,0.00000,0.00000
27.006,2,26930.000,140644,192000,3999.917,120.0,8,7,2,0.00000,0.00000,0.00000,0.00000,0.00000
27.106,0,27091.000,148373,192000,3999.896,120.0,8,7,2,0.00000,0.00000,0.00000,0.00000,0.00000
27.106,1,27152.000,151299,192000,3999.938,120.0,8,7,2,0.00000,0.00000,0.00000,0.00000,0.00000
27.106,2,27030.000,145447,192000,3999.854,120.0,8,7,2,0.00000,0.00000,0.00000,0.00000,0.00000
27.206,0,27191.000,153179,192000,3999.771,120.0,8,7,2,0.00000,0.00000,0.00000,0.00000,0.00000
27.206,1,27252.000,156115,192000,3999.604,120.0,8,7,2,0.00000,0.00000,0.00000,0.00000,0.00000
27.206,2,27130.000,150242,192000,3999.958,120.0,8,7,2,0.00000,0.00000,0.00000,0.00000,0.00000
27.309,0,27293.000,158104,192000,3999.167,120.0,8,7,2,0.00000,0.00000,0.00000,0.00000,0.00000
27.309,1,27355.000,161051,192000,3999.771,120.0,8,7,2,0.00000,0.00000,0.00000,0.00000,0.00000
27.309,2,27232.000,155156,192000,3999.583,120.0,8,7,2,0.00000,0.00000,0.00000,0.00000,0.00000
27.411,0,27395.000,163005,192000,3999.062,120.0,8,7,2,0.00000,0.00000,0.00000,0.00000,0.00000
27.411,1,27457.000,165964,192000,3999.417,120.0,8,7,2,0.00000,0.00000,0.00000,0.00000,0.00000
27.411,2,27334.000,160047,192000,3999.688,120.0,8,7,2,0.00000,0.00000,0.00000,0.00000,0.00000
27.512,0,27497.000,167878,192000,3999.542,120.0,8,7,2,0.00000,0.00000,0.00000,0.00000,0.00000
27.512,1,27559.000,170848,192000,3999.667,120.0,8,7,2,0.00000,0.00000,0.00000,0.00000,0.00000
27.512,2,27435.000,164909,192000,3999.396,120.0,8,7,2,0.00000,0.00000,0.00000,0.00000,0.00000
27.613,0,27598.000,172726,192000,3999.542,120.0,8,7,2,0.00000,0.00000,0.00000,0.00000,0.00000
27.613,1,27660.000,175707,192000,3999.438,120.0,8,7,2,0.00000,0.00000,0.00000,0.00000,0.00000
27.613,2,27536.000,169746,192000,3999.625,120.0,8,7,2,0.00000,0.00000,0.00000,0.00000,0.00000
27.715,0,27699.000,177597,192000,3999.062,120.0,8,7,2,0.00000,0.00000,0.00000,0.00000,0.00000
27.715,1,27762.000,180588,192000,3999.750,120.0,8,7,2,0.00000,0.00000,0.00000,0.00000,0.00000
27.715,2,27637.000,174606,192000,3999.375,120.0,8,7,2,0.00000,0.00000,0.00000,0.00000,0.00000
27.816,0,27800.000,182435,192000,3999.271,120.0,8,7,2,0.00000,0.00000,0.00000,0.00000,0.00000
27.816,1,27863.000,185437,192000,3999.729,120.0,8,7,2,0.00000,0.00000,0.00000,0.00000,0.00000
27.816,2,27738.000,179433,192000,3999.812,120.0,8,7,2,0.00000,0.00000,0.00000,0.00000,0.00000
27.918,0,27902.000,187333,192000,3999.229,120.0,8,7,2,0.00000,0.00000,0.00000,0.00000,0.00000
27.918,1,27965.000,190346,192000,3999.458,120.0,8,7,2,0.00000,0.00000,0.00000,0.00000,0.00000
27.918,2,27840.000,184320,192000,0.000,120.0,8,7,2,0.00000,0.00000,0.00000,0.00000,0.00000
28.020,0,28005.000,240,192000,0.000,120.0,8,8,2,0.01608,0.00000,0.01608,0.00000,0.00000
28.020,1,28068.000,3264,192000,0.000,120.0,8,8,2,0.00000,0.00000,0.00000,0.00000,0.00000
28.020,2,27942.000,189216,192000,0.000,120.0,8,7,2,0.00000,0.00000,0.00000,0.00000,0.00000
28.122,0,28106.000,5124,192000,3999.250,120.0,8,8,2,0.09008,0.00000,0.09008,0.00000,0.00000
28.122,1,28169.000,8159,192000,3999.021,120.0,8,8,2,0.00000,0.00000,0.00000,0.00000,0.00000
28.122,2,28043.000,2088,192000,3999.500,120.0,8,8,2,0.11552,0.00000,0.11552,0.00000,0.00000
28.222,0,28207.000,9941,192000,3999.896,120.0,8,8,2,0.05935,0.00000,0.05935,0.00000,0.00000
28.222,1,28270.000,12987,192000,3999.438,120.0,8,8,2,0.00000,0.00000,0.00000,0.00000,0.00000
28.222,2,28143.000,6895,192000,3999.354,120.0,8,8,2,0.07617,0.00000,0.07617,0.00000,0.00000
28.324,0,28309.000,14860,192000,3999.417,120.0,8,8,2,0.03875,0.00000,0.03875,0.00000,0.00000
28.324,1,28373.000,17917,192000,3999.729,120.0,8,8,2,0.00000,0.00000,0.00000,0.00000,0.00000
28.324,2,28245.000,11803,192000,3999.104,120.0,8,8,2,0.04978,0.00000,0.04978,0.00000,0.00000
28.427,0,28412.000,19785,192000,3999.812,120.0,8,8,2,0.02529,0.00000,0.02529,0.00000,0.00000
28.427,1,28476.000,22854,192000,3999.875,120.0,8,8,2,0.00000,0.00000,0.00000,0.00000,0.00000
28.427,2,28348.000,16717,192000,3999.729,120.0,8,8,2,0.03252,0.00000,0.03252,0.00000,0.00000
28.528,0,28513.000,24652,192000,3999.417,120.0,8,8,2,0.01659,0.00000,0.01659,0.00000,0.00000
28.528,1,28577.000,27731,192000,3999.271,120.0,8,8,2,0.00000,0.00000,0.00000,0.00000,0.00000
28.528,2,28449.000,21573,192000,3999.562,120.0,8,8,2,0.02135,0.00000,0.02135,0.00000,0.00000
28.630,0,28615.000,29531,192000,3999.771,120.0,8,8,2,0.01087,0.00000,0.01087,0.00000,0.00000
28.630,1,28679.000,32621,192000,3999.396,120.0,8,8,2,0.00000,0.00000,0.00000,0.00000,0.00000
28.630,2,28550.000,26441,192000,3999.146,120.0,8,8,2,0.01400,0.00000,0.01400,0.00000,0.00000
28.732,0,28717.000,34425,192000,3999.812,120.0,8,8,2,0.00711,0.00000,0.00711,0.00000,0.00000
28.732,1,28781.000,37526,192000,3999.208,120.0,8,8,2,0.00000,0.00000,0.00000,0.00000,0.00000
28.732,2,28652.000,31324,192000,3999.417,120.0,8,8,2,0.00917,0.00000,0.00917,0.00000,0.00000
28.834,0,28818.000,39310,192000,3999.042,120.0,8,8,2,0.00466,0.00000,0.00466,0.00000,0.00000
28.834,1,28883.000,42422,192000,3999.208,120.0,8,8,2,0.00000,0.00000,0.00000,0.00000,0.00000
28.834,2,28754.000,36198,192000,3999.875,120.0,8,8,2,0.00601,0.00000,0.00601,0.00000,0.00000
28.937,0,28921.000,44245,192000,3999.229,120.0,8,8,2,0.00304,0.00000,0.00304,0.00000,0.00000
28.937,1,28986.000,47368,192000,3999.167,120.0,8,8,2,0.00000,0.00000,0.00000,0.00000,0.00000
28.937,2,28856.000,41122,192000,3999.292,120.0,8,8,2,0.00392,0.00000,0.00392,0.00000,0.00000
29.038,0,29023.000,49131,192000,3999.438,120.0,8,8,2,0.00199,0.00000,0.00199,0.00000,0.00000
29.038,1,29088.000,52265,192000,3999.146,120.0,8,8,2,0.00000,0.00000,0.00000,0.00000,0.00000
29.038,2,28958.000,45997,192000,3999.729,120.0,8,8,2,0.00257,0.00000,0.00257,0.00000,0.00000
29.139,0,29124.000,53973,192000,3999.562,120.0,8,8,2,0.00131,0.00000,0.00131,0.00000,0.00000
29.139,1,29189.000,57119,192000,3999.021,120.0,8,8,2,0.00000,0.00000,0.00000,0.00000,0.00000
29.139,2,29058.000,50828,192000,3999.083,120.0,8,8,2,0.00169,0.00000,0.00169,0.00000,0.00000
29.242,0,29227.000,58897,192000,3999.979,120.0,8,8,2,0.00085,0.00000,0.00085,0.00000,0.00000
29.242,1,29292.000,62053,192000,3999.229,120.0,8,8,2,0.00000,0.00000,0.00000,0.00000,0.00000
29.242,2,29161.000,55741,192000,3999.729,120.0,8,8,2,0.00111,0.00000,0.00111,0.00000,0.00000
29.342,0,29327.000,63723,192000,3999.438,120.0,8,8,2,0.00056,0.00000,0.00056,0.00000,0.00000
29.342,1,29393.000,66890,192000,3999.458,120.0,8,8,2,0.00000,0.00000,0.00000,0.00000,0.00000
29.342,2,29261.000,60556,192000,3999.417,120.0,8,8,2,0.00073,0.00000,0.00073,0.00000,0.00000
29.445,0,29429.000,68639,192000,3999.021,120.0,8,8,2,0.00037,0.00000,0.00037,0.00000,0.00000
29.445,1,29496.000,71817,192000,3999.812,120.0,8,8,2,0.00000,0.00000,0.00000,0.00000,0.00000
29.445,2,29363.000,65460,192000,3999.250,120.0,8,8,2,0.00048,0.00000,0.00048,0.00000,0.00000
29.546,0,29530.000,73478,192000,3999.208,120.0,8,8,2,0.00024,0.00000,0.00024,0.00000,0.00000
29.546,1,29597.000,76667,192000,3999.771,120.0,8,8,2,0.00000,0.00000,0.00000,0.00000,0.00000
29.546,2,29464.000,70289,192000,3999.646,120.0,8,8,2,0.00031,0.00000,0.00031,0.00000,0.00000
29.648,0,29632.000,78373,192000,3999.229,120.0,8,8,2,0.00016,0.00000,0.00016,0.00000,0.00000
29.648,1,29699.000,81573,192000,3999.562,120.0,8,8,2,0.00000,0.00000,0.00000,0.00000,0.00000
29.648,2,29566.000,75173,192000,3999.896,120.0,8,8,2,0.00021,0.00000,0.00021,0.00000,0.00000
29.750,0,29734.000,83274,192000,3999.125,120.0,8,8,2,0.00010,0.00000,0.00010,0.00000,0.00000
29.750,1,29801.000,86485,192000,3999.229,120.0,8,8,2,0.00000,0.00000,0.00000,0.00000,0.00000
29.750,2,29667.000,80062,192000,3999.042,120.0,8,8,2,0.00013,0.00000,0.00013,0.00000,0.00000
29.852,0,29836.000,88166,192000,3999.208,120.0,8,8,2,0.00007,0.00000,0.00007,0.00000,0.00000
29.852,1,29903.000,91388,192000,3999.083,120.0,8,8,2,0.00000,0.00000,0.00000,0.00000,0.00000
29.852,2,29769.000,84944,192000,3999.333,120.0,8,8,2,0.00009,0.00000,0.00009,0.00000,0.00000
29.954,0,29938.000,93060,192000,3999.250,120.0,8,8,2,0.00004,0.00000,0.00004,0.00000,0.00000
29.954,1,30006.000,96293,192000,3999.896,120.0,8,8,2,0.00000,0.00000,0.00000,0.00000,0.00000
29.954,2,29871.000,89827,192000,3999.604,120.0,8,8,2,0.00006,0.00000,0.00006,0.00000,0.00000
30.056,0,30041.000,97998,192000,3999.375,120.0,8,8,2,0.00003,0.00000,0.00003,0.00000,0.00000
30.056,1,30109.000,101242,192000,3999.792,120.0,8,8,2,0.00000,0.00000,0.00000,0.00000,0.00000
30.056,2,29974.000,94753,192000,3999.979,120.0,8,8,2,0.00004,0.00000,0.00004,0.00000,0.00000
30.158,0,30143.000,102887,192000,3999.521,120.0,8,8,2,0.00002,0.00000,0.00002,0.00000,0.00000
30.158,1,30211.000,106142,192000,3999.708,120.0,8,8,2,0.00000,0.00000,0.00000,0.00000,0.00000
30.158,2,30075.000,99632,192000,3999.333,120.0,8,8,2,0.00002,0.00000,0.00002,0.00000,0.00000
30.261,0,30245.000,107797,192000,3999.229,120.0,8,8,2,0.00001,0.00000,0.00001,0.00000,0.00000
30.261,1,30313.000,111063,192000,3999.188,120.0,8,8,2,0.00000,0.00000,0.00000,0.00000,0.00000
30.261,2,30177.000,104531,192000,3999.271,120.0,8,8,2,0.00002,0.00000,0.00002,0.00000,0.00000
30.361,0,30346.000,112638,192000,3999.375,120.0,8,8,2,0.00001,0.00000,0.00001,0.00000,0.00000
30.361,1,30414.000,115915,192000,3999.104,120.0,8,8,2,0.00000,0.00000,0.00000,0.00000,0.00000
30.361,2,30278.000,109361,192000,3999.646,120.0,8,8,2,0.00001,0.00000,0.00001,0.00000,0.00000
30.463,0,30448.000,117533,192000,3999.396,120.0,8,8,2,0.00001,0.00000,0.00001,0.00000,0.00000
30.463,1,30517.000,120821,192000,3999.896,120.0,8,8,2,0.00000,0.00000,0.00000,0.00000,0.00000
30.463,2,30380.000,114245,192000,3999.896,120.0,8,8,2,0.00001,0.00000,0.00001,0.00000,0.00000
30.564,0,30549.000,122376,192000,3999.500,120.0,8,8,2,0.00000,0.00000,0.00000,0.00000,0.00000
30.564,1,30618.000,125675,192000,3999.771,120.0,8,8,2,0.00000,0.00000,0.00000,0.00000,0.00000
30.564,2,30480.000,119077,192000,3999.229,120.0,8,8,2,0.00000,0.00000,0.00000,0.00000,0.00000
30.666,0,30651.000,127283,192000,3999.271,120.0,8,8,2,0.00000,0.00000,0.00000,0.00000,0.00000
30.666,1,30720.000,130593,192000,3999.312,120.0,8,8,2,0.00000,0.00000,0.00000,0.00000,0.00000
30.666,2,30582.000,123972,192000,3999.250,120.0,8,8,2,0.00000,0.00000,0.00000,0.00000,0.00000
30.767,0,30752.000,132121,192000,3999.479,120.0,8,8,2,0.00000,0.00000,0.00000,0.00000,0.00000
30.767,1,30821.000,135442,192000,3999.292,120.0,8,8,2,0.00000,0.00000,0.00000,0.00000,0.00000
30.767,2,30683.000,128800,192000,3999.667,120.0,8,8,2,0.00000,0.00000,0.00000,0.00000,0.00000
30.869,0,30854.000,136999,192000,3999.854,120.0,8,8,2,0.00000,0.00000,0.00000,0.00000,0.00000
30.869,1,30923.000,140331,192000,3999.438,120.0,8,8,2,0.00000,0.00000,0.00000,0.00000,0.00000
30.869,2,30784.000,133667,192000,3999.271,120.0,8,8,2,0.00000,0.00000,0.00000,0.00000,0.00000
30.971,0,30956.000,141908,192000,3999.583,120.0,8,8,2,0.00000,0.00000,0.00000,0.00000,0.00000
30.971,1,31026.000,145251,192000,3999.938,120.0,8,8,2,0.00000,0.00000,0.00000,0.00000,0.00000
30.971,2,30886.000,138565,192000,3999.229,120.0,8,8,2,0.00000,0.00000,0.00000,0.00000,0.00000
31.072,0,31057.000,146753,192000,3999.646,120.0,8,8,2,0.00000,0.00000,0.00000,0.00000,0.00000
31.072,1,31127.000,150107,192000,3999.771,120.0,8,8,2,0.00000,0.00000,0.00000,0.00000,0.00000
31.072,2,30987.000,143399,192000,3999.521,120.0,8,8,2,0.00000,0.00000,0.00000,0.00000,0.00000
31.172,0,31157.000,151560,192000,3999.500,120.0,8,8,2,0.00000,0.00000,0.00000,0.00000,0.00000
31.172,1,31227.000,154924,192000,3999.417,120.0,8,8,2,0.00000,0.00000,0.00000,0.00000,0.00000
31.172,2,31087.000,148195,192000,3999.604,120.0,8,8,2,0.00000,0.00000,0.00000,0.00000,0.00000
31.274,0,31259.000,156462,192000,3999.375,120.0,8,8,2,0.00000,0.00000,0.00000,0.00000,0.00000
31.274,1,31329.000,159838,192000,3999.042,120.0,8,8,2,0.00000,0.00000,0.00000,0.00000,0.00000
31.274,2,31189.000,153086,192000,3999.708,120.0,8,8,2,0.00000,0.00000,0.00000,0.00000,0.00000
31.375,0,31360.000,161291,192000,3999.771,120.0,8,8,2,0.00000,0.00000,0.00000,0.00000,0.00000
31.375,1,31430.000,164678,192000,3999.208,120.0,8,8,2,0.00000,0.00000,0.00000,0.00000,0.00000
31.375,2,31289.000,157905,192000,3999.312,120.0,8,8,2,0.00000,0.00000,0.00000,0.00000,0.00000
31.476,0,31461.000,166162,192000,3999.292,120.0,8,8,2,0.00000,0.00000,0.00000,0.00000,0.00000
31.476,1,31532.000,169559,192000,3999.521,120.0,8,8,2,0.00000,0.00000,0.00000,0.00000,0.00000
31.476,2,31390.000,162764,192000,3999.083,120.0,8,8,2,0.00000,0.00000,0.00000,0.00000,0.00000
31.577,0,31562.000,170989,192000,3999.729,120.0,8,8,2,0.00000,0.00000,0.00000,0.00000,0.00000
31.577,1,31633.000,174398,192000,3999.708,120.0,8,8,2,0.00000,0.00000,0.00000,0.00000,0.00000
31.577,2,31491.000,167581,192000,3999.729,120.0,8,8,2,0.00000,0.00000,0.00000,0.00000,0.00000
31.678,0,31663.000,175842,192000,3999.625,120.0,8,8,2,0.00000,0.00000,0.00000,0.00000,0.00000
31.678,1,31734.000,179262,192000,3999.375,120.0,8,8,2,0.00000,0.00000,0.00000,0.00000,0.00000
31.678,2,31592.000,172423,192000,3999.854,120.0,8,8,2,0.00000,0.00000,0.00000,0.00000,0.00000
31.779,0,31764.000,180673,192000,3999.979,120.0,8,8,2,0.00000,0.00000,0.00000,0.00000,0.00000
31.779,1,31835.000,184103,192000,3999.521,120.0,8,8,2,0.00000,0.00000,0.00000,0.00000,0.00000
31.779,2,31692.000,177243,192000,3999.438,120.0,8,8,2,0.00000,0.00000,0.00000,0.00000,0.00000
31.879,0,31864.000,185475,192000,3999.938,120.0,8,8,2,0.00000,0.00000,0.00000,0.00000,0.00000
31.879,1,31935.000,188917,192000,3999.229,120.0,8,8,2,0.00000,0.00000,0.00000,0.00000,0.00000
31.879,2,31792.000,182034,192000,3999.625,120.0,8,8,2,0.00000,0.00000,0.00000,0.00000,0.00000
31.981,0,31966.000,190385,192000,3999.646,120.0,8,8,2,0.00000,0.00000,0.00000,0.00000,0.00000
31.981,1,32038.000,1837,192000,3999.729,120.0,8,9,2,0.11742,0.11742,0.11710,0.00000,0.00000
31.981,2,31894.000,186933,192000,3999.562,120.0,8,8,2,0.00000,0.00000,0.00000,0.00000,0.00000
32.084,0,32068.000,3311,192000,3999.021,120.0,8,9,2,0.10510,0.10510,0.00000,0.00000,0.00000
32.084,1,32141.000,6774,192000,3999.875,120.0,8,9,2,0.07655,0.07655,0.07635,0.00000,0.00000
32.084,2,31996.000,191847,192000,3999.188,120.0,8,8,2,0.00000,0.00000,0.00000,0.00000,0.00000
32.185,0,32170.000,8169,192000,3999.812,120.0,8,9,2,0.06899,0.06899,0.00000,0.00000,0.00000
32.185,1,32242.000,11643,192000,3999.438,120.0,8,9,2,0.05020,0.05020,0.05007,0.00000,0.00000
32.185,2,32097.000,4695,192000,3999.188,120.0,8,9,2,0.09172,0.09172,0.00000,0.00000,0.00000
32.286,0,32271.000,13039,192000,3999.354,120.0,8,9,2,0.04524,0.04524,0.00000,0.00000,0.00000
32.286,1,32344.000,16524,192000,3999.750,120.0,8,9,2,0.03289,0.03289,0.03280,0.00000,0.00000
32.286,2,32199.000,9554,192000,3999.958,120.0,8,9,2,0.06020,0.06020,0.00000,0.00000,0.00000
32.389,0,32373.000,17949,192000,3999.062,120.0,8,9,2,0.02957,0.02957,0.00000,0.00000,0.00000
32.389,1,32446.000,21445,192000,3999.229,120.0,8,9,2,0.02147,0.02147,0.02142,0.00000,0.00000
32.389,2,32301.000,14453,192000,3999.896,120.0,8,9,2,0.03938,0.03938,0.00000,0.00000,0.00000
32.490,0,32475.000,22800,192000,0.000,120.0,8,9,2,0.01942,0.01942,0.00000,0.00000,0.00000
32.490,1,32548.000,26308,192000,3999.917,120.0,8,9,2,0.01409,0.01409,0.01405,0.00000,0.00000
32.490,2,32401.000,19293,192000,3999.062,120.0,8,9,2,0.02589,0.02589,0.00000,0.00000,0.00000
32.592,0,32576.000,27689,192000,3999.146,120.0,8,9,2,0.01271,0.01271,0.00000,0.00000,0.00000
32.592,1,32650.000,31207,192000,3999.854,120.0,8,9,2,0.00922,0.00922,0.00919,0.00000,0.00000
32.592,2,32503.000,24171,192000,3999.438,120.0,8,9,2,0.01697,0.01697,0.00000,0.00000,0.00000
32.692,0,32677.000,32517,192000,3999.562,120.0,8,9,2,0.00837,0.00837,0.00000,0.00000,0.00000
32.692,1,32750.000,36046,192000,3999.042,120.0,8,9,2,0.00606,0.00606,0.00604,0.00000,0.00000
32.692,2,32603.000,28988,192000,3999.083,120.0,8,9,2,0.01118,0.01118,0.00000,0.00000,0.00000
32.794,0,32779.000,37405,192000,3999.729,120.0,8,9,2,0.00548,0.00548,0.00000,0.00000,0.00000
32.794,1,32853.000,40945,192000,3999.979,120.0,8,9,2,0.00396,0.00396,0.00395,0.00000,0.00000
32.794,2,32705.000,33865,192000,3999.479,120.0,8,9,2,0.00733,0.00733,0.00000,0.00000,0.00000
32.895,0,32880.000,42250,192000,3999.792,120.0,8,9,2,0.00360,0.00360,0.00000,0.00000,0.00000
32.895,1,32954.000,45800,192000,3999.833,120.0,8,9,2,0.00260,0.00260,0.00260,0.00000,0.00000
32.895,2,32806.000,38699,192000,3999.771,120.0,8,9,2,0.00482,0.00482,0.00000,0.00000,0.00000
32.995,0,32980.000,47056,192000,3999.667,120.0,8,9,2,0.00237,0.00237,0.00000,0.00000,0.00000
32.995,1,33054.000,50618,192000,3999.458,120.0,8,9,2,0.00171,0.00171,0.00171,0.00000,0.00000
32.995,2,32906.000,43494,192000,3999.875,120.0,8,9,2,0.00318,0.00318,0.00000,0.00000,0.00000
33.096,0,33081.000,51905,192000,3999.646,120.0,8,9,2,0.00156,0.00156,0.00000,0.00000,0.00000
33.096,1,33155.000,55477,192000,3999.229,120.0,8,9,2,0.00113,0.00113,0.00112,0.00000,0.00000
33.096,2,33006.000,48332,192000,3999.083,120.0,8,9,2,0.00209,0.00209,0.00000,0.00000,0.00000
33.197,0,33182.000,56748,192000,3999.750,120.0,8,9,2,0.00103,0.00103,0.00000,0.00000,0.00000
33.197,1,33256.000,60331,192000,3999.104,120.0,8,9,2,0.00074,0.00074,0.00074,0.00000,0.00000
33.197,2,33107.000,53164,192000,3999.417,120.0,8,9,2,0.00138,0.00138,0.00000,0.00000,0.00000
33.298,0,33283.000,61615,192000,3999.354,120.0,8,9,2,0.00067,0.00067,0.00000,0.00000,0.00000
33.298,1,33358.000,65209,192000,3999.479,120.0,8,9,2,0.00048,0.00048,0.00048,0.00000,0.00000
33.298,2,33208.000,58020,192000,3999.250,120.0,8,9,2,0.00090,0.00090,0.00000,0.00000,0.00000
33.400,0,33385.000,66502,192000,3999.542,120.0,8,9,2,0.00044,0.00044,0.00000,0.00000,0.00000
33.400,1,33460.000,70107,192000,3999.438,120.0,8,9,2,0.00032,0.00032,0.00032,0.00000,0.00000
33.400,2,33310.000,62896,192000,3999.667,120.0,8,9,2,0.00059,0.00059,0.00000,0.00000,0.00000
33.503,0,33487.000,71418,192000,3999.125,120.0,8,9,2,0.00029,0.00029,0.00000,0.00000,0.00000
33.503,1,33563.000,75035,192000,3999.771,120.0,8,9,2,0.00021,0.00021,0.00021,0.00000,0.00000
33.503,2,33412.000,67802,192000,3999.458,120.0,8,9,2,0.00039,0.00039,0.00000,0.00000,0.00000
33.603,0,33588.000,76251,192000,3999.438,120.0,8,9,2,0.00019,0.00019,0.00000,0.00000,0.00000
33.603,1,33664.000,79878,192000,3999.875,120.0,8,9,2,0.00014,0.00014,0.00014,0.00000,0.00000
33.603,2,33512.000,72623,192000,3999.021,120.0,8,9,2,0.00025,0.00025,0.00000,0.00000,0.00000
33.706,0,33690.000,81163,192000,3999.104,120.0,8,9,2,0.00012,0.00012,0.00000,0.00000,0.00000
33.706,1,33766.000,84802,192000,3999.292,120.0,8,9,2,0.00009,0.00009,0.00009,0.00000,0.00000
33.706,2,33615.000,77525,192000,3999.896,120.0,8,9,2,0.00017,0.00017,0.00000,0.00000,0.00000
33.808,0,33792.000,86060,192000,3999.083,120.0,8,9,2,0.00008,0.00008,0.00000,0.00000,0.00000
33.808,1,33868.000,89710,192000,3999.042,120.0,8,9,2,0.00006,0.00006,0.00006,0.00000,0.00000
33.808,2,33716.000,82411,192000,3999.104,120.0,8,9,2,0.00011,0.00011,0.00000,0.00000,0.00000
33.908,0,33893.000,90873,192000,3999.812,120.0,8,9,2,0.00005,0.00005,0.00000,0.00000,0.00000
33.908,1,33969.000,94534,192000,3999.542,120.0,8,9,2,0.00004,0.00004,0.00004,0.00000,0.00000
33.908,2,33816.000,87213,192000,3999.062,120.0,8,9,2,0.00007,0.00007,0.00000,0.00000,0.00000
34.009,0,33994.000,95718,192000,3999.875,120.0,8,9,2,0.00004,0.00004,0.00000,0.00000,0.00000
34.009,1,34070.000,99389,192000,3999.396,120.0,8,9,2,0.00003,0.00003,0.00002,0.00000,0.00000
34.009,2,33917.000,92047,192000,3999.354,120.0,8,9,2,0.00005,0.00005,0.00000,0.00000,0.00000
34.109,0,34094.000,100533,192000,3999.562,120.0,8,9,2,0.00002,0.00002,0.00000,0.00000,0.00000
34.109,1,34171.000,104215,192000,3999.854,120.0,8,9,2,0.00002,0.00002,0.00002,0.00000,0.00000
34.109,2,34017.000,96851,192000,3999.271,120.0,8,9,2,0.00003,0.00003,0.00000,0.00000,0.00000
34.212,0,34197.000,105462,192000,3999.875,120.0,8,9,2,0.00002,0.00002,0.00000,0.00000,0.00000
34.212,1,34274.000,109155,192000,3999.938,120.0,8,9,2,0.00001,0.00001,0.00001,0.00000,0.00000
34.212,2,34120.000,101769,192000,3999.812,120.0,8,9,2,0.00002,0.00002,0.00000,0.00000,0.00000
34.312,0,34297.000,110266,192000,3999.792,120.0,8,9,2,0.00001,0.00001,0.00000,0.00000,0.00000
34.312,1,34374.000,113970,192000,3999.625,120.0,8,9,2,0.00001,0.00001,0.00001,0.00000,0.00000
34.312,2,34220.000,106562,192000,3999.958,120.0,8,9,2,0.00001,0.00001,0.00000,0.00000,0.00000
34.414,0,34398.000,115146,192000,3999.125,120.0,8,9,2,0.00001,0.00001,0.00000,0.00000,0.00000
34.414,1,34476.000,118861,192000,3999.729,120.0,8,9,2,0.00000,0.00000,0.00000,0.00000,0.00000
34.414,2,34321.000,111431,192000,3999.521,120.0,8,9,2,0.00001,0.00001,0.00000,0.00000,0.00000
34.516,0,34501.000,120060,192000,3999.750,120.0,8,9,2,0.00000,0.00000,0.00000,0.00000,0.00000
34.516,1,34578.000,123786,192000,3999.125,120.0,8,9,2,0.00000,0.00000,0.00000,0.00000,0.00000
34.516,2,34423.000,116335,192000,3999.354,120.0,8,9,2,0.00001,0.00001,0.00000,0.00000,0.00000
34.617,0,34602.000,124904,192000,3999.833,120.0,8,9,2,0.00000,0.00000,0.00000,0.00000,0.00000
34.617,1,34680.000,128641,192000,3999.979,120.0,8,9,2,0.00000,0.00000,0.00000,0.00000,0.00000
34.617,2,34524.000,121167,192000,3999.688,120.0,8,9,2,0.00000,0.00000,0.00000,0.00000,0.00000
34.719,0,34704.000,129805,192000,3999.729,120.0,8,9,2,0.00000,0.00000,0.00000,0.00000,0.00000
34.719,1,34782.000,133553,192000,3999.646,120.0,8,9,2,0.00000,0.00000,0.00000,0.00000,0.00000
34.719,2,34626.000,126057,192000,3999.812,120.0,8,9,2,0.00000,0.00000,0.00000,0.00000,0.00000
34.820,0,34805.000,134642,192000,3999.958,120.0,8,9,2,0.00000,0.00000,0.00000,0.00000,0.00000
34.820,1,34883.000,138401,192000,3999.646,120.0,8,9,2,0.00000,0.00000,0.00000,0.00000,0.00000
34.820,2,34726.000,130883,192000,3999.271,120.0,8,9,2,0.00000,0.00000,0.00000,0.00000,0.00000
34.922,0,34907.000,139565,192000,3999.396,120.0,8,9,2,0.00000,0.00000,0.00000,0.00000,0.00000
34.922,1,34986.000,143335,192000,3999.854,120.0,8,9,2,0.00000,0.00000,0.00000,0.00000,0.00000
34.922,2,34829.000,135796,192000,3999.917,120.0,8,9,2,0.00000,0.00000,0.00000,0.00000,0.00000
35.025,0,35009.000,144468,192000,3999.250,120.0,8,9,2,0.00000,0.00000,0.00000,0.00000,0.00000
35.025,1,35088.000,148249,192000,3999.479,120.0,8,9,2,0.00000,0.00000,0.00000,0.00000,0.00000
35.025,2,34931.000,140688,192000,0.000,120.0,8,9,2,0.00000,0.00000,0.00000,0.00000,0.00000
35.125,0,35110.000,149306,192000,3999.458,120.0,8,9,2,0.00000,0.00000,0.00000,0.00000,0.00000
35.125,1,35189.000,153098,192000,3999.458,120.0,8,9,2,0.00000,0.00000,0.00000,0.00000,0.00000
35.125,2,35031.000,145514,192000,3999.458,120.0,8,9,2,0.00000,0.00000,0.00000,0.00000,0.00000
35.228,0,35213.000,154229,192000,3999.896,120.0,8,9,2,0.00000,0.00000,0.00000,0.00000,0.00000
35.228,1,35292.000,158032,192000,3999.667,120.0,8,9,2,0.00000,0.00000,0.00000,0.00000,0.00000
35.228,2,35133.000,150427,192000,3999.104,120.0,8,9,2,0.00000,0.00000,0.00000,0.00000,0.00000
35.329,0,35314.000,159082,192000,3999.792,120.0,8,9,2,0.00000,0.00000,0.00000,0.00000,0.00000
35.329,1,35393.000,162895,192000,3999.354,120.0,8,9,2,0.00000,0.00000,0.00000,0.00000,0.00000
35.329,2,35234.000,155268,192000,3999.250,120.0,8,9,2,0.00000,0.00000,0.00000,0.00000,0.00000
35.430,0,35415.000,163947,192000,3999.438,120.0,8,9,2,0.00000,0.00000,0.00000,0.00000,0.00000
35.430,1,35495.000,167772,192000,3999.750,120.0,8,9,2,0.00000,0.00000,0.00000,0.00000,0.00000
35.430,2,35335.000,160122,192000,3999.125,120.0,8,9,2,0.00000,0.00000,0.00000,0.00000,0.00000
35.531,0,35516.000,168788,192000,3999.583,120.0,8,9,2,0.00000,0.00000,0.00000,0.00000,0.00000
35.531,1,35596.000,172624,192000,3999.667,120.0,8,9,2,0.00000,0.00000,0.00000,0.00000,0.00000
35.531,2,35436.000,164953,192000,3999.479,120.0,8,9,2,0.00000,0.00000,0.00000,0.00000,0.00000
35.633,0,35618.000,173686,192000,3999.542,120.0,8,9,2,0.00000,0.00000,0.00000,0.00000,0.00000
35.633,1,35698.000,177533,192000,3999.396,120.0,8,9,2,0.00000,0.00000,0.00000,0.00000,0.00000
35.633,2,35538.000,169840,192000,3999.667,120.0,8,9,2,0.00000,0.00000,0.00000,0.00000,0.00000
35.735,0,35720.000,178563,192000,3999.938,120.0,8,9,2,0.00000,0.00000,0.00000,0.00000,0.00000
35.735,1,35800.000,182420,192000,3999.583,120.0,8,9,2,0.00000,0.00000,0.00000,0.00000,0.00000
35.735,2,35639.000,174705,192000,3999.312,120.0,8,9,2,0.00000,0.00000,0.00000,0.00000,0.00000
35.837,0,35822.000,183458,192000,3999.958,120.0,8,9,2,0.00000,0.00000,0.00000,0.00000,0.00000
35.837,1,35902.000,187326,192000,3999.375,120.0,8,9,2,0.00000,0.00000,0.00000,0.00000,0.00000
35.837,2,35741.000,179589,192000,3999.562,120.0,8,9,2,0.00000,0.00000,0.00000,0.00000,0.00000
35.939,0,35924.000,188355,192000,3999.938,120.0,8,9,2,0.00000,0.00000,0.00000,0.00000,0.00000
35.939,1,36004.000,234,192000,3999.125,120.0,8,10,2,0.00000,0.00000,0.00000,0.00000,0.00000
35.939,2,35843.000,184475,192000,3999.771,120.0,8,9,2,0.00000,0.00000,0.00000,0.00000,0.00000
36.041,0,36026.000,1276,192000,3999.417,120.0,8,10,2,0.00000,0.00000,0.00000,0.00000,0.00000
36.041,1,36107.000,5166,192000,3999.375,120.0,8,10,2,0.00000,0.00000,0.00000,0.00000,0.00000
36.041,2,35945.000,189385,192000,3999.479,120.0,8,9,2,0.00000,0.00000,0.00000,0.00000,0.00000
36.143,0,36128.000,6152,192000,3999.833,120.0,8,10,2,0.00000,0.00000,0.00000,0.00000,0.00000
36.143,1,36209.000,10054,192000,3999.542,120.0,8,10,2,0.00000,0.00000,0.00000,0.00000,0.00000
36.143,2,36046.000,2250,192000,3999.125,120.0,8,10,2,0.00000,0.00000,0.00000,0.00000,0.00000
36.243,0,36228.000,10976,192000,3999.333,120.0,8,10,2,0.00000,0.00000,0.00000,0.00000,0.00000
36.243,1,36310.000,14888,192000,3999.833,120.0,8,10,2,0.00000,0.00000,0.00000,0.00000,0.00000
36.243,2,36147.000,7063,192000,3999.854,120.0,8,10,2,0.00000,0.00000,0.00000,0.00000,0.00000
36.344,0,36329.000,15814,192000,3999.542,120.0,8,10,2,0.00000,0.00000,0.00000,0.00000,0.00000
36.344,1,36411.000,19738,192000,3999.792,120.0,8,10,2,0.00000,0.00000,0.00000,0.00000,0.00000
36.344,2,36247.000,11891,192000,3999.271,120.0,8,10,2,0.00000,0.00000,0.00000,0.00000,0.00000
36.444,0,36429.000,20620,192000,3999.417,120.0,8,10,2,0.00000,0.00000,0.00000,0.00000,0.00000
36.444,1,36511.000,24554,192000,3999.458,120.0,8,10,2,0.00000,0.00000,0.00000,0.00000,0.00000
36.444,2,36347.000,16686,192000,3999.375,120.0,8,10,2,0.00000,0.00000,0.00000,0.00000,0.00000
36.545,0,36529.000,25435,192000,3999.104,120.0,8,10,2,0.00000,0.00000,0.00000,0.00000,0.00000
36.545,1,36612.000,29380,192000,3999.917,120.0,8,10,2,0.00000,0.00000,0.00000,0.00000,0.00000
36.545,2,36447.000,21490,192000,3999.292,120.0,8,10,2,0.00000,0.00000,0.00000,0.00000,0.00000
36.646,0,36631.000,30321,192000,3999.312,120.0,8,10,2,0.00000,0.00000,0.00000,0.00000,0.00000
36.646,1,36714.000,34277,192000,3999.896,120.0,8,10,2,0.00000,0.00000,0.00000,0.00000,0.00000
36.646,2,36549.000,26365,192000,3999.729,120.0,8,10,2,0.00000,0.00000,0.00000,0.00000,0.00000
36.747,0,36732.000,35147,192000,3999.771,120.0,8,10,2,0.00000,0.00000,0.00000,0.00000,0.00000
36.747,1,36814.000,39113,192000,3999.146,120.0,8,10,2,0.00000,0.00000,0.00000,0.00000,0.00000
36.747,2,36649.000,31180,192000,3999.417,120.0,8,10,2,0.00000,0.00000,0.00000,0.00000,0.00000
36.850,0,36834.000,40078,192000,3999.042,120.0,8,10,2,0.00000,0.00000,0.00000,0.00000,0.00000
36.850,1,36917.000,44056,192000,3999.167,120.0,8,10,2,0.00000,0.00000,0.00000,0.00000,0.00000
36.850,2,36752.000,36100,192000,3999.917,120.0,8,10,2,0.00000,0.00000,0.00000,0.00000,0.00000
36.952,0,36937.000,44994,192000,3999.625,120.0,8,10,2,0.00000,0.00000,0.00000,0.00000,0.00000
36.952,1,37020.000,48983,192000,3999.521,120.0,8,10,2,0.00000,0.00000,0.00000,0.00000,0.00000
36.952,2,36854.000,41005,192000,3999.729,120.0,8,10,2,0.00000,0.00000,0.00000,0.00000,0.00000
37.052,0,37037.000,49811,192000,3999.271,120.0,8,10,2,0.00000,0.00000,0.00000,0.00000,0.00000
37.052,1,37121.000,53810,192000,3999.958,120.0,8,10,2,0.00000,0.00000,0.00000,0.00000,0.00000
37.052,2,36954.000,45811,192000,3999.604,120.0,8,10,2,0.00000,0.00000,0.00000,0.00000,0.00000
37.153,0,37137.000,54620,192000,3999.083,120.0,8,10,2,0.00000,0.00000,0.00000,0.00000,0.00000
37.153,1,37221.000,58630,192000,3999.542,120.0,8,10,2,0.00000,0.00000,0.00000,0.00000,0.00000
37.153,2,37054.000,50609,192000,3999.646,120.0,8,10,2,0.00000,0.00000,0.00000,0.00000,0.00000
37.254,0,37239.000,59484,192000,3999.750,120.0,8,10,2,0.00000,0.00000,0.00000,0.00000,0.00000
37.254,1,37323.000,63505,192000,3999.979,120.0,8,10,2,0.00000,0.00000,0.00000,0.00000,0.00000
37.254,2,37155.000,55462,192000,3999.542,120.0,8,10,2,0.00000,0.00000,0.00000,0.00000,0.00000
37.356,0,37340.000,64357,192000,3999.229,120.0,8,10,2,0.00000,0.00000,0.00000,0.00000,0.00000
37.356,1,37424.000,68389,192000,3999.229,120.0,8,10,2,0.00000,0.00000,0.00000,0.00000,0.00000
37.356,2,37256.000,60324,192000,3999.250,120.0,8,10,2,0.00000,0.00000,0.00000,0.00000,0.00000
37.457,0,37441.000,69213,192000,3999.062,120.0,8,10,2,0.00000,0.00000,0.00000,0.00000,0.00000
37.457,1,37526.000,73256,192000,3999.833,120.0,8,10,2,0.00000,0.00000,0.00000,0.00000,0.00000
37.457,2,37357.000,65169,192000,3999.312,120.0,8,10,2,0.00000,0.00000,0.00000,0.00000,0.00000
37.558,0,37542.000,74058,192000,3999.125,120.0,8,10,2,0.00000,0.00000,0.00000,0.00000,0.00000
37.558,1,37627.000,78112,192000,3999.667,120.0,8,10,2,0.00000,0.00000,0.00000,0.00000,0.00000
37.558,2,37458.000,70003,192000,3999.604,120.0,8,10,2,0.00000,0.00000,0.00000,0.00000,0.00000
37.658,0,37643.000,78890,192000,3999.458,120.0,8,10,2,0.00000,0.00000,0.00000,0.00000,0.00000
37.658,1,37728.000,82956,192000,3999.750,120.0,8,10,2,0.00000,0.00000,0.00000,0.00000,0.00000
37.658,2,37558.000,74825,192000,3999.146,120.0,8,10,2,0.00000,0.00000,0.00000,0.00000,0.00000
37.761,0,37745.000,83795,192000,3999.271,120.0,8,10,2,0.00000,0.00000,0.00000,0.00000,0.00000
37.761,1,37830.000,87871,192000,3999.354,120.0,8,10,2,0.00000,0.00000,0.00000,0.00000,0.00000
37.761,2,37660.000,79718,192000,3999.208,120.0,8,10,2,0.00000,0.00000,0.00000,0.00000,0.00000
37.861,0,37845.000,88602,192000,3999.125,120.0,8,10,2,0.00000,0.00000,0.00000,0.00000,0.00000
37.861,1,37931.000,92689,192000,3999.979,120.0,8,10,2,0.00000,0.00000,0.00000,0.00000,0.00000
37.861,2,37760.000,84515,192000,3999.271,120.0,8,10,2,0.00000,0.00000,0.00000,0.00000,0.00000
37.961,0,37946.000,93432,192000,3999.500,120.0,8,10,2,0.00000,0.00000,0.00000,0.00000,0.00000
37.961,1,38031.000,97530,192000,3999.125,120.0,8,10,2,0.00000,0.00000,0.00000,0.00000,0.00000
37.961,2,37861.000,89334,192000,3999.875,120.0,8,10,2,0.00000,0.00000,0.00000,0.00000,0.00000
38.064,0,38048.000,98346,192000,3999.125,120.0,8,10,2,0.00000,0.00000,0.00000,0.00000,0.00000
38.064,1,38134.000,102455,192000,3999.521,120.0,8,10,2,0.00000,0.00000,0.00000,0.00000,0.00000
38.064,2,37963.000,94237,192000,3999.729,120.0,8,10,2,0.00000,0.00000,0.00000,0.00000,0.00000
38.166,0,38151.000,103257,192000,3999.812,120.0,8,10,2,0.00000,0.00000,0.00000,0.00000,0.00000
38.166,1,38237.000,107377,192000,3999.979,120.0,8,10,2,0.00000,0.00000,0.00000,0.00000,0.00000
38.166,2,38065.000,99136,192000,3999.667,120.0,8,10,2,0.00000,0.00000,0.00000,0.00000,0.00000
38.267,0,38252.000,108127,192000,3999.354,120.0,8,10,2,0.00000,0.00000,0.00000,0.00000,0.00000
38.267,1,38338.000,112258,192000,3999.292,120.0,8,10,2,0.00000,0.00000,0.00000,0.00000,0.00000
38.267,2,38166.000,103996,192000,3999.417,120.0,8,10,2,0.00000,0.00000,0.00000,0.00000,0.00000
38.368,0,38353.000,112967,192000,3999.521,120.0,8,10,2,0.00000,0.00000,0.00000,0.00000,0.00000
38.368,1,38439.000,117109,192000,3999.229,120.0,8,10,2,0.00000,0.00000,0.00000,0.00000,0.00000
38.368,2,38267.000,108825,192000,3999.812,120.0,8,10,2,0.00000,0.00000,0.00000,0.00000,0.00000
38.469,0,38454.000,117795,192000,3999.938,120.0,8,10,2,0.00000,0.00000,0.00000,0.00000,0.00000
38.469,1,38540.000,121948,192000,3999.417,120.0,8,10,2,0.00000,0.00000,0.00000,0.00000,0.00000
38.469,2,38367.000,113642,192000,3999.458,120.0,8,10,2,0.00000,0.00000,0.00000,0.00000,0.00000
38.569,0,38554.000,122619,192000,3999.438,120.0,8,10,2,0.00000,0.00000,0.00000,0.00000,0.00000
38.569,1,38641.000,126783,192000,3999.688,120.0,8,10,2,0.00000,0.00000,0.00000,0.00000,0.00000
38.569,2,38467.000,118456,192000,3999.167,120.0,8,10,2,0.00000,0.00000,0.00000,0.00000,0.00000
38.671,0,38656.000,127497,192000,3999.812,120.0,8,10,2,0.00000,0.00000,0.00000,0.00000,0.00000
38.671,1,38743.000,131672,192000,3999.833,120.0,8,10,2,0.00000,0.00000,0.00000,0.00000,0.00000
38.671,2,38569.000,123323,192000,3999.771,120.0,8,10,2,0.00000,0.00000,0.00000,0.00000,0.00000
38.773,0,38757.000,132375,192000,3999.188,120.0,8,10,2,0.00000,0.00000,0.00000,0.00000,0.00000
38.773,1,38845.000,136561,192000,3999.979,120.0,8,10,2,0.00000,0.00000,0.00000,0.00000,0.00000
38.773,2,38670.000,128189,192000,3999.396,120.0,8,10,2,0.00000,0.00000,0.00000,0.00000,0.00000
38.873,0,38858.000,137197,192000,3999.729,120.0,8,10,2,0.00000,0.00000,0.00000,0.00000,0.00000
38.873,1,38945.000,141394,192000,3999.292,120.0,8,10,2,0.00000,0.00000,0.00000,0.00000,0.00000
38.873,2,38770.000,133001,192000,3999.146,120.0,8,10,2,0.00000,0.00000,0.00000,0.00000,0.00000
38.976,0,38960.000,142124,192000,3999.083,120.0,8,10,2,0.00000,0.00000,0.00000,0.00000,0.00000
38.976,1,39048.000,146331,192000,3999.438,120.0,8,10,2,0.00000,0.00000,0.00000,0.00000,0.00000
38.976,2,38873.000,137916,192000,3999.750,120.0,8,10,2,0.00000,0.00000,0.00000,0.00000,0.00000
39.077,0,39062.000,147003,192000,3999.438,120.0,8,10,2,0.00000,0.00000,0.00000,0.00000,0.00000
39.077,1,39150.000,151222,192000,3999.542,120.0,8,10,2,0.00000,0.00000,0.00000,0.00000,0.00000
39.077,2,38974.000,142785,192000,3999.312,120.0,8,10,2,0.00000,0.00000,0.00000,0.00000,0.00000
39.179,0,39163.000,151869,192000,3999.062,120.0,8,10,2,0.00000,0.00000,0.00000,0.00000,0.00000
39.179,1,39252.000,156099,192000,3999.938,120.0,8,10,2,0.00000,0.00000,0.00000,0.00000,0.00000
39.179,2,39075.000,147640,192000,3999.167,120.0,8,10,2,0.00000,0.00000,0.00000,0.00000,0.00000
39.281,0,39265.000,156756,192000,3999.250,120.0,8,10,2,0.00000,0.00000,0.00000,0.00000,0.00000
39.281,1,39354.000,160996,192000,3999.917,120.0,8,10,2,0.00000,0.00000,0.00000,0.00000,0.00000
39.281,2,39177.000,152515,192000,3999.604,120.0,8,10,2,0.00000,0.00000,0.00000,0.00000,0.00000
39.381,0,39366.000,161593,192000,3999.479,120.0,8,10,2,0.00000,0.00000,0.00000,0.00000,0.00000
39.381,1,39455.000,165845,192000,3999.896,120.0,8,10,2,0.00000,0.00000,0.00000,0.00000,0.00000
39.381,2,39277.000,157342,192000,3999.042,120.0,8,10,2,0.00000,0.00000,0.00000,0.00000,0.00000
39.484,0,39469.000,166518,192000,3999.875,120.0,8,10,2,0.00000,0.00000,0.00000,0.00000,0.00000
39.484,1,39557.000,170780,192000,3999.083,120.0,8,10,2,0.00000,0.00000,0.00000,0.00000,0.00000
39.484,2,39380.000,162255,192000,3999.688,120.0,8,10,2,0.00000,0.00000,0.00000,0.00000,0.00000
39.586,0,39571.000,171422,192000,3999.708,120.0,8,10,2,0.00000,0.00000,0.00000,0.00000,0.00000
39.586,1,39660.000,175696,192000,3999.667,120.0,8,10,2,0.00000,0.00000,0.00000,0.00000,0.00000
39.586,2,39482.000,167149,192000,3999.729,120.0,8,10,2,0.00000,0.00000,0.00000,0.00000,0.00000
39.688,0,39673.000,176316,192000,3999.750,120.0,8,10,2,0.00000,0.00000,0.00000,0.00000,0.00000
39.688,1,39762.000,180601,192000,3999.479,120.0,8,10,2,0.00000,0.00000,0.00000,0.00000,0.00000
39.688,2,39584.000,172032,192000,0.000,120.0,8,10,2,0.00000,0.00000,0.00000,0.00000,0.00000
39.789,0,39774.000,181152,192000,0.000,120.0,8,10,2,0.00000,0.00000,0.00000,0.00000,0.00000
39.789,1,39863.000,185447,192000,3999.521,120.0,8,10,2,0.00000,0.00000,0.00000,0.00000,0.00000
39.789,2,39684.000,176857,192000,3999.479,120.0,8,10,2,0.00000,0.00000,0.00000,0.00000,0.00000
39.891,0,39876.000,186074,192000,3999.458,120.0,8,10,2,0.00000,0.00000,0.00000,0.00000,0.00000
39.891,1,39966.000,190380,192000,3999.750,120.0,8,10,2,0.00000,0.00000,0.00000,0.00000,0.00000
39.891,2,39786.000,181767,192000,3999.188,120.0,8,10,2,0.00000,0.00000,0.00000,0.00000,0.00000
39.993,0,39978.000,190963,192000,3999.604,120.0,8,10,2,0.00000,0.00000,0.00000,0.00000,0.00000
39.993,1,40068.000,3280,192000,3999.667,120.0,8,11,2,0.00000,0.00000,0.00000,0.00000,0.00000
39.993,2,39888.000,186645,192000,3999.562,120.0,8,10,2,0.00000,0.00000,0.00000,0.00000,0.00000
40.096,0,40081.000,3904,192000,3999.667,120.0,8,11,2,0.09863,0.00000,0.09863,0.00000,0.00000
40.096,1,40171.000,8232,192000,3999.500,120.0,8,11,2,0.00000,0.00000,0.00000,0.00000,0.00000
40.096,2,39991.000,191575,192000,3999.854,120.0,8,10,2,0.00000,0.00000,0.00000,0.00000,0.00000
40.196,0,40181.000,8717,192000,3999.396,120.0,8,11,2,0.06500,0.00000,0.06500,0.00000,0.00000
40.196,1,40272.000,13056,192000,0.000,120.0,8,11,2,0.00000,0.00000,0.00000,0.00000,0.00000
40.196,2,40091.000,4377,192000,3999.812,120.0,8,11,2,0.09478,0.00000,0.09478,0.00000,0.00000
40.297,0,40282.000,13553,192000,3999.646,120.0,8,11,2,0.04275,0.00000,0.04275,0.00000,0.00000
40.297,1,40373.000,17904,192000,0.000,120.0,8,11,2,0.00000,0.00000,0.00000,0.00000,0.00000
40.297,2,40191.000,9203,192000,3999.271,120.0,8,11,2,0.06239,0.00000,0.06239,0.00000,0.00000
40.399,0,40384.000,18447,192000,3999.688,120.0,8,11,2,0.02797,0.00000,0.02797,0.00000,0.00000
40.399,1,40475.000,22808,192000,3999.833,120.0,8,11,2,0.00000,0.00000,0.00000,0.00000,0.00000
40.399,2,40293.000,14086,192000,3999.542,120.0,8,11,2,0.04087,0.00000,0.04087,0.00000,0.00000
40.502,0,40486.000,23366,192000,3999.208,120.0,8,11,2,0.01827,0.00000,0.01827,0.00000,0.00000
40.502,1,40577.000,27738,192000,3999.125,120.0,8,11,2,0.00000,0.00000,0.00000,0.00000,0.00000
40.502,2,40395.000,18994,192000,3999.292,120.0,8,11,2,0.02671,0.00000,0.02671,0.00000,0.00000
40.603,0,40588.000,28242,192000,3999.625,120.0,8,11,2,0.01197,0.00000,0.01197,0.00000,0.00000
40.603,1,40679.000,32626,192000,3999.292,120.0,8,11,2,0.00000,0.00000,0.00000,0.00000,0.00000
40.603,2,40497.000,23859,192000,3999.938,120.0,8,11,2,0.01752,0.00000,0.01752,0.00000,0.00000
40.705,0,40690.000,33141,192000,3999.562,120.0,8,11,2,0.00783,0.00000,0.00783,0.00000,0.00000
40.705,1,40781.000,37535,192000,3999.021,120.0,8,11,2,0.00000,0.00000,0.00000,0.00000,0.00000
40.705,2,40598.000,28746,192000,3999.125,120.0,8,11,2,0.01148,0.00000,0.01148,0.00000,0.00000
40.807,0,40792.000,38031,192000,3999.688,120.0,8,11,2,0.00513,0.00000,0.00513,0.00000,0.00000
40.807,1,40884.000,42436,192000,3999.917,120.0,8,11,2,0.00000,0.00000,0.00000,0.00000,0.00000
40.807,2,40700.000,33625,192000,3999.479,120.0,8,11,2,0.00752,0.00000,0.00752,0.00000,0.00000
40.909,0,40894.000,42916,192000,3999.917,120.0,8,11,2,0.00336,0.00000,0.00336,0.00000,0.00000
40.909,1,40986.000,47332,192000,3999.917,120.0,8,11,2,0.00000,0.00000,0.00000,0.00000,0.00000
40.909,2,40802.000,38499,192000,3999.938,120.0,8,11,2,0.00493,0.00000,0.00493,0.00000,0.00000
41.012,0,40996.000,47848,192000,3999.167,120.0,8,11,2,0.00219,0.00000,0.00219,0.00000,0.00000
41.012,1,41089.000,52276,192000,3999.917,120.0,8,11,2,0.00000,0.00000,0.00000,0.00000,0.00000
41.012,2,40904.000,43421,192000,3999.396,120.0,8,11,2,0.00322,0.00000,0.00322,0.00000,0.00000
41.114,0,41099.000,52754,192000,3999.958,120.0,8,11,2,0.00143,0.00000,0.00143,0.00000,0.00000
41.114,1,41191.000,57193,192000,3999.479,120.0,8,11,2,0.00000,0.00000,0.00000,0.00000,0.00000
41.114,2,41006.000,48316,192000,3999.417,120.0,8,11,2,0.00211,0.00000,0.00211,0.00000,0.00000
41.215,0,41199.000,57587,192000,3999.271,120.0,8,11,2,0.00094,0.00000,0.00094,0.00000,0.00000
41.215,1,41292.000,62037,192000,3999.562,120.0,8,11,2,0.00000,0.00000,0.00000,0.00000,0.00000
41.215,2,41107.000,53138,192000,3999.958,120.0,8,11,2,0.00139,0.00000,0.00139,0.00000,0.00000
41.317,0,41301.000,62493,192000,3999.062,120.0,8,11,2,0.00062,0.00000,0.00062,0.00000,0.00000
41.317,1,41394.000,66953,192000,3999.146,120.0,8,11,2,0.00000,0.00000,0.00000,0.00000,0.00000
41.317,2,41209.000,58033,192000,3999.979,120.0,8,11,2,0.00091,0.00000,0.00091,0.00000,0.00000
41.418,0,41403.000,67350,192000,3999.875,120.0,8,11,2,0.00040,0.00000,0.00040,0.00000,0.00000
41.418,1,41496.000,71821,192000,3999.729,120.0,8,11,2,0.00000,0.00000,0.00000,0.00000,0.00000
41.418,2,41309.000,62878,192000,3999.042,120.0,8,11,2,0.00060,0.00000,0.00060,0.00000,0.00000
41.520,0,41505.000,72269,192000,3999.396,120.0,8,11,2,0.00026,0.00000,0.00026,0.00000,0.00000
41.520,1,41598.000,76751,192000,3999.021,120.0,8,11,2,0.00000,0.00000,0.00000,0.00000,0.00000
41.520,2,41412.000,67786,192000,3999.792,120.0,8,11,2,0.00039,0.00000,0.00039,0.00000,0.00000
41.623,0,41608.000,77184,192000,0.000,120.0,8,11,2,0.00017,0.00000,0.00017,0.00000,0.00000
41.623,1,41701.000,81677,192000,3999.396,120.0,8,11,2,0.00000,0.00000,0.00000,0.00000,0.00000
41.623,2,41514.000,72690,192000,3999.625,120.0,8,11,2,0.00025,0.00000,0.00025,0.00000,0.00000
41.725,0,41710.000,82102,192000,3999.542,120.0,8,11,2,0.00011,0.00000,0.00011,0.00000,0.00000
41.725,1,41804.000,86607,192000,3999.688,120.0,8,11,2,0.00000,0.00000,0.00000,0.00000,0.00000
41.725,2,41616.000,77598,192000,3999.375,120.0,8,11,2,0.00017,0.00000,0.00017,0.00000,0.00000
41.825,0,41810.000,86911,192000,3999.354,120.0,8,11,2,0.00007,0.00000,0.00007,0.00000,0.00000
41.825,1,41904.000,91426,192000,3999.292,120.0,8,11,2,0.00000,0.00000,0.00000,0.00000,0.00000
41.825,2,41716.000,82396,192000,3999.417,120.0,8,11,2,0.00011,0.00000,0.00011,0.00000,0.00000
41.926,0,41911.000,91736,192000,3999.833,120.0,8,11,2,0.00005,0.00000,0.00005,0.00000,0.00000
41.926,1,42005.000,96262,192000,3999.542,120.0,8,11,2,0.00000,0.00000,0.00000,0.00000,0.00000
41.926,2,41816.000,87210,192000,3999.125,120.0,8,11,2,0.00007,0.00000,0.00007,0.00000,0.00000
42.027,0,42011.000,96575,192000,3999.021,120.0,8,11,2,0.00003,0.00000,0.00003,0.00000,0.00000
42.027,1,42106.000,101112,192000,3999.500,120.0,8,11,2,0.00000,0.00000,0.00000,0.00000,0.00000
42.027,2,41917.000,92038,192000,3999.542,120.0,8,11,2,0.00005,0.00000,0.00005,0.00000,0.00000
42.129,0,42114.000,101475,192000,3999.938,120.0,8,11,2,0.00002,0.00000,0.00002,0.00000,0.00000
42.129,1,42208.000,106023,192000,3999.188,120.0,8,11,2,0.00000,0.00000,0.00000,0.00000,0.00000
42.129,2,42019.000,96927,192000,3999.688,120.0,8,11,2,0.00003,0.00000,0.00003,0.00000,0.00000
42.229,0,42214.000,106277,192000,3999.896,120.0,8,11,2,0.00001,0.00000,0.00001,0.00000,0.00000
42.229,1,42309.000,110836,192000,3999.917,120.0,8,11,2,0.00000,0.00000,0.00000,0.00000,0.00000
42.229,2,42119.000,101718,192000,3999.875,120.0,8,11,2,0.00002,0.00000,0.00002,0.00000,0.00000
42.329,0,42314.000,111091,192000,3999.604,120.0,8,11,2,0.00001,0.00000,0.00001,0.00000,0.00000
42.329,1,42409.000,115661,192000,3999.396,120.0,8,11,2,0.00000,0.00000,0.00000,0.00000,0.00000
42.329,2,42219.000,106522,192000,3999.792,120.0,8,11,2,0.00001,0.00000,0.00001,0.00000,0.00000
42.431,0,42416.000,115991,192000,3999.521,120.0,8,11,2,0.00001,0.00000,0.00001,0.00000,0.00000
42.431,1,42511.000,120572,192000,3999.083,120.0,8,11,2,0.00000,0.00000,0.00000,0.00000,0.00000
42.431,2,42321.000,111410,192000,3999.958,120.0,8,11,2,0.00001,0.00000,0.00001,0.00000,0.00000
42.534,0,42519.000,120914,192000,3999.958,120.0,8,11,2,0.00000,0.00000,0.00000,0.00000,0.00000
42.534,1,42614.000,125506,192000,3999.292,120.0,8,11,2,0.00000,0.00000,0.00000,0.00000,0.00000
42.534,2,42423.000,116323,192000,3999.604,120.0,8,11,2,0.00001,0.00000,0.00001,0.00000,0.00000
42.636,0,42621.000,125823,192000,3999.688,120.0,8,11,2,0.00000,0.00000,0.00000,0.00000,0.00000
42.636,1,42717.000,130426,192000,3999.792,120.0,8,11,2,0.00000,0.00000,0.00000,0.00000,0.00000
42.636,2,42525.000,121220,192000,3999.583,120.0,8,11,2,0.00000,0.00000,0.00000,0.00000,0.00000
42.739,0,42723.000,130751,192000,3999.021,120.0,8,11,2,0.00000,0.00000,0.00000,0.00000,0.00000
42.739,1,42820.000,135365,192000,3999.896,120.0,8,11,2,0.00000,0.00000,0.00000,0.00000,0.00000
42.739,2,42627.000,126137,192000,3999.146,120.0,8,11,2,0.00000,0.00000,0.00000,0.00000,0.00000
42.841,0,42826.000,135667,192000,3999.604,120.0,8,11,2,0.00000,0.00000,0.00000,0.00000,0.00000
42.841,1,42922.000,140292,192000,3999.250,120.0,8,11,2,0.00000,0.00000,0.00000,0.00000,0.00000
42.841,2,42730.000,131042,192000,3999.958,120.0,8,11,2,0.00000,0.00000,0.00000,0.00000,0.00000
42.942,0,42927.000,140515,192000,3999.604,120.0,8,11,2,0.00000,0.00000,0.00000,0.00000,0.00000
42.942,1,43023.000,145151,192000,3999.021,120.0,8,11,2,0.00000,0.00000,0.00000,0.00000,0.00000
42.942,2,42830.000,135880,192000,3999.167,120.0,8,11,2,0.00000,0.00000,0.00000,0.00000,0.00000
43.044,0,43029.000,145416,192000,3999.500,120.0,8,11,2,0.00000,0.00000,0.00000,0.00000,0.00000
43.044,1,43126.000,150063,192000,3999.688,120.0,8,11,2,0.00000,0.00000,0.00000,0.00000,0.00000
43.044,2,42932.000,140769,192000,3999.312,120.0,8,11,2,0.00000,0.00000,0.00000,0.00000,0.00000
43.146,0,43131.000,150292,192000,3999.917,120.0,8,11,2,0.00000,0.00000,0.00000,0.00000,0.00000
43.146,1,43228.000,154950,192000,3999.875,120.0,8,11,2,0.00000,0.00000,0.00000,0.00000,0.00000
43.146,2,43034.000,145634,192000,3999.958,120.0,8,11,2,0.00000,0.00000,0.00000,0.00000,0.00000
43.249,0,43233.000,155221,192000,3999.229,120.0,8,11,2,0.00000,0.00000,0.00000,0.00000,0.00000
43.249,1,43331.000,159890,192000,3999.958,120.0,8,11,2,0.00000,0.00000,0.00000,0.00000,0.00000
43.249,2,43136.000,150552,192000,3999.500,120.0,8,11,2,0.00000,0.00000,0.00000,0.00000,0.00000
43.351,0,43335.000,160118,192000,3999.208,120.0,8,11,2,0.00000,0.00000,0.00000,0.00000,0.00000
43.351,1,43433.000,164798,192000,3999.708,120.0,8,11,2,0.00000,0.00000,0.00000,0.00000,0.00000
43.351,2,43238.000,155438,192000,3999.708,120.0,8,11,2,0.00000,0.00000,0.00000,0.00000,0.00000
43.453,0,43437.000,165020,192000,3999.083,120.0,8,11,2,0.00000,0.00000,0.00000,0.00000,0.00000
43.453,1,43535.000,169711,192000,3999.354,120.0,8,11,2,0.00000,0.00000,0.00000,0.00000,0.00000
43.453,2,43340.000,160329,192000,3999.812,120.0,8,11,2,0.00000,0.00000,0.00000,0.00000,0.00000
43.555,0,43540.000,169949,192000,3999.396,120.0,8,11,2,0.00000,0.00000,0.00000,0.00000,0.00000
43.555,1,43638.000,174651,192000,3999.438,120.0,8,11,2,0.00000,0.00000,0.00000,0.00000,0.00000
43.555,2,43442.000,165246,192000,3999.375,120.0,8,11,2,0.00000,0.00000,0.00000,0.00000,0.00000
43.658,0,43642.000,174858,192000,3999.125,120.0,8,11,2,0.00000,0.00000,0.00000,0.00000,0.00000
43.658,1,43741.000,179572,192000,3999.917,120.0,8,11,2,0.00000,0.00000,0.00000,0.00000,0.00000
43.658,2,43544.000,170145,192000,3999.312,120.0,8,11,2,0.00000,0.00000,0.00000,0.00000,0.00000
43.760,0,43744.000,179759,192000,3999.021,120.0,8,11,2,0.00000,0.00000,0.00000,0.00000,0.00000
43.760,1,43843.000,184483,192000,3999.604,120.0,8,11,2,0.00000,0.00000,0.00000,0.00000,0.00000
43.760,2,43646.000,175035,192000,3999.438,120.0,8,11,2,0.00000,0.00000,0.00000,0.00000,0.00000
43.861,0,43846.000,184627,192000,3999.604,120.0,8,11,2,0.00000,0.00000,0.00000,0.00000,0.00000
43.861,1,43945.000,189362,192000,3999.958,120.0,8,11,2,0.00000,0.00000,0.00000,0.00000,0.00000
43.861,2,43747.000,179892,192000,3999.250,120.0,8,11,2,0.00000,0.00000,0.00000,0.00000,0.00000
43.961,0,43946.000,189436,192000,3999.417,120.0,8,11,2,0.00000,0.00000,0.00000,0.00000,0.00000
43.961,1,44045.000,2182,192000,3999.542,120.0,8,12,2,0.11450,0.11450,0.11417,0.00000,0.00000
43.961,2,43847.000,184690,192000,3999.292,120.0,8,11,2,0.00000,0.00000,0.00000,0.00000,0.00000
44.062,0,44047.000,2266,192000,3999.792,120.0,8,12,2,0.11328,0.11328,0.00000,0.00000,0.00000
44.062,1,44146.000,7023,192000,3999.688,120.0,8,12,2,0.07527,0.07527,0.07506,0.00000,0.00000
44.062,2,43948.000,189509,192000,3999.896,120.0,8,11,2,0.00000,0.00000,0.00000,0.00000,0.00000
44.165,0,44149.000,7189,192000,3999.229,120.0,8,12,2,0.07394,0.07394,0.00000,0.00000,0.00000
44.165,1,44249.000,11957,192000,3999.896,120.0,8,12,2,0.04909,0.04909,0.04895,0.00000,0.00000
44.165,2,44050.000,2421,192000,3999.562,120.0,8,12,2,0.11170,0.11170,0.00000,0.00000,0.00000
44.267,0,44252.000,12121,192000,3999.479,120.0,8,12,2,0.04823,0.04823,0.00000,0.00000,0.00000
44.267,1,44352.000,16900,192000,3999.917,120.0,8,12,2,0.03199,0.03199,0.03190,0.00000,0.00000
44.267,2,44152.000,7342,192000,3999.042,120.0,8,12,2,0.07293,0.07293,0.00000,0.00000,0.00000
44.368,0,44353.000,16967,192000,3999.521,120.0,8,12,2,0.03169,0.03169,0.00000,0.00000,0.00000
44.368,1,44453.000,21756,192000,3999.750,120.0,8,12,2,0.02100,0.02100,0.02094,0.00000,0.00000
44.368,2,44253.000,12177,192000,3999.312,120.0,8,12,2,0.04797,0.04797,0.00000,0.00000,0.00000
44.470,0,44455.000,21848,192000,3999.833,120.0,8,12,2,0.02076,0.02076,0.00000,0.00000,0.00000
44.470,1,44555.000,26649,192000,3999.812,120.0,8,12,2,0.01374,0.01374,0.01371,0.00000,0.00000
44.470,2,44355.000,17047,192000,3999.854,120.0,8,12,2,0.03146,0.03146,0.00000,0.00000,0.00000
44.572,0,44557.000,26745,192000,3999.812,120.0,8,12,2,0.01358,0.01358,0.00000,0.00000,0.00000
44.572,1,44657.000,31557,192000,3999.562,120.0,8,12,2,0.00898,0.00898,0.00896,0.00000,0.00000
44.572,2,44456.000,21933,192000,3999.062,120.0,8,12,2,0.02060,0.02060,0.00000,0.00000,0.00000
44.675,0,44659.000,31675,192000,3999.104,120.0,8,12,2,0.00886,0.00886,0.00000,0.00000,0.00000
44.675,1,44760.000,36498,192000,3999.625,120.0,8,12,2,0.00586,0.00586,0.00584,0.00000,0.00000
44.675,2,44559.000,26852,192000,3999.583,120.0,8,12,2,0.01345,0.01345,0.00000,0.00000,0.00000
44.775,0,44760.000,36502,192000,3999.542,120.0,8,12,2,0.00583,0.00583,0.00000,0.00000,0.00000
44.775,1,44861.000,41336,192000,3999.833,120.0,8,12,2,0.00385,0.00385,0.00384,0.00000,0.00000
44.775,2,44659.000,31668,192000,3999.250,120.0,8,12,2,0.00886,0.00886,0.00000,0.00000,0.00000
44.875,0,44860.000,41306,192000,3999.458,120.0,8,12,2,0.00385,0.00385,0.00000,0.00000,0.00000
44.875,1,44961.000,46151,192000,3999.521,120.0,8,12,2,0.00254,0.00254,0.00253,0.00000,0.00000
44.875,2,44759.000,36462,192000,3999.375,120.0,8,12,2,0.00585,0.00585,0.00000,0.00000,0.00000
44.976,0,44960.000,46120,192000,3999.167,120.0,8,12,2,0.00253,0.00253,0.00000,0.00000,0.00000
44.976,1,45061.000,50975,192000,3999.021,120.0,8,12,2,0.00167,0.00167,0.00167,0.00000,0.00000
44.976,2,44859.000,41264,192000,3999.333,120.0,8,12,2,0.00386,0.00386,0.00000,0.00000,0.00000
45.077,0,45061.000,50966,192000,3999.208,120.0,8,12,2,0.00167,0.00167,0.00000,0.00000,0.00000
45.077,1,45163.000,55832,192000,3999.833,120.0,8,12,2,0.00110,0.00110,0.00109,0.00000,0.00000
45.077,2,44960.000,46099,192000,3999.604,120.0,8,12,2,0.00254,0.00254,0.00000,0.00000,0.00000
45.177,0,45161.000,55775,192000,3999.021,120.0,8,12,2,0.00110,0.00110,0.00000,0.00000,0.00000
45.177,1,45263.000,60653,192000,3999.396,120.0,8,12,2,0.00072,0.00072,0.00072,0.00000,0.00000
45.177,2,45060.000,50898,192000,3999.625,120.0,8,12,2,0.00167,0.00167,0.00000,0.00000,0.00000
45.279,0,45264.000,60699,192000,3999.438,120.0,8,12,2,0.00072,0.00072,0.00000,0.00000,0.00000
45.279,1,45366.000,65588,192000,3999.583,120.0,8,12,2,0.00047,0.00047,0.00047,0.00000,0.00000
45.279,2,45162.000,55811,192000,3999.271,120.0,8,12,2,0.00109,0.00109,0.00000,0.00000,0.00000
45.381,0,45365.000,65563,192000,3999.104,120.0,8,12,2,0.00047,0.00047,0.00000,0.00000,0.00000
45.381,1,45467.000,70462,192000,3999.042,120.0,8,12,2,0.00031,0.00031,0.00031,0.00000,0.00000
45.381,2,45263.000,60664,192000,3999.167,120.0,8,12,2,0.00072,0.00072,0.00000,0.00000,0.00000
45.481,0,45465.000,70367,192000,3999.021,120.0,8,12,2,0.00031,0.00031,0.00000,0.00000,0.00000
45.481,1,45568.000,75277,192000,3999.729,120.0,8,12,2,0.00020,0.00020,0.00020,0.00000,0.00000
45.481,2,45363.000,65457,192000,3999.312,120.0,8,12,2,0.00047,0.00047,0.00000,0.00000,0.00000
45.583,0,45568.000,75295,192000,3999.354,120.0,8,12,2,0.00020,0.00020,0.00000,0.00000,0.00000
45.583,1,45671.000,80216,192000,3999.833,120.0,8,12,2,0.00013,0.00013,0.00013,0.00000,0.00000
45.583,2,45466.000,70373,192000,3999.896,120.0,8,12,2,0.00031,0.00031,0.00000,0.00000,0.00000
45.685,0,45670.000,80191,192000,3999.354,120.0,8,12,2,0.00013,0.00013,0.00000,0.00000,0.00000
45.685,1,45773.000,85123,192000,3999.604,120.0,8,12,2,0.00009,0.00009,0.00009,0.00000,0.00000
45.685,2,45567.000,75259,192000,3999.104,120.0,8,12,2,0.00020,0.00020,0.00000,0.00000,0.00000
45.787,0,45772.000,85065,192000,3999.812,120.0,8,12,2,0.00009,0.00009,0.00000,0.00000,0.00000
45.787,1,45875.000,90009,192000,3999.812,120.0,8,12,2,0.00006,0.00006,0.00006,0.00000,0.00000
45.787,2,45669.000,80122,192000,3999.792,120.0,8,12,2,0.00013,0.00013,0.00000,0.00000,0.00000
45.889,0,45874.000,89986,192000,3999.292,120.0,8,12,2,0.00006,0.00006,0.00000,0.00000,0.00000
45.889,1,45977.000,94940,192000,3999.083,120.0,8,12,2,0.00004,0.00004,0.00004,0.00000,0.00000
45.889,2,45771.000,85032,192000,3999.500,120.0,8,12,2,0.00009,0.00009,0.00000,0.00000,0.00000
45.990,0,45974.000,94792,192000,3999.167,120.0,8,12,2,0.00004,0.00004,0.00000,0.00000,0.00000
45.990,1,46078.000,99757,192000,3999.729,120.0,8,12,2,0.00002,0.00002,0.00002,0.00000,0.00000
45.990,2,45871.000,89827,192000,3999.604,120.0,8,12,2,0.00006,0.00006,0.00000,0.00000,0.00000
46.091,0,46076.000,99681,192000,3999.312,120.0,8,12,2,0.00002,0.00002,0.00000,0.00000,0.00000
46.091,1,46180.000,104657,192000,3999.646,120.0,8,12,2,0.00002,0.00002,0.00002,0.00000,0.00000
46.091,2,45973.000,94705,192000,3999.979,120.0,8,12,2,0.00004,0.00004,0.00000,0.00000,0.00000
46.193,0,46177.000,104539,192000,3999.104,120.0,8,12,2,0.00002,0.00002,0.00000,0.00000,0.00000
46.193,1,46281.000,109526,192000,3999.208,120.0,8,12,2,0.00001,0.00001,0.00001,0.00000,0.00000
46.193,2,46074.000,99552,192000,0.000,120.0,8,12,2,0.00002,0.00002,0.00000,0.00000,0.00000
46.293,0,46278.000,109368,192000,3999.500,120.0,8,12,2,0.00001,0.00001,0.00000,0.00000,0.00000
46.293,1,46382.000,114366,192000,3999.375,120.0,8,12,2,0.00001,0.00001,0.00001,0.00000,0.00000
46.293,2,46174.000,104370,192000,3999.625,120.0,8,12,2,0.00002,0.00002,0.00000,0.00000,0.00000
46.396,0,46381.000,114288,192000,0.000,120.0,8,12,2,0.00001,0.00001,0.00000,0.00000,0.00000
46.396,1,46485.000,119297,192000,3999.646,120.0,8,12,2,0.00000,0.00000,0.00000,0.00000,0.00000
46.396,2,46276.000,109279,192000,3999.354,120.0,8,12,2,0.00001,0.00001,0.00000,0.00000,0.00000
46.496,0,46481.000,119104,192000,3999.667,120.0,8,12,2,0.00000,0.00000,0.00000,0.00000,0.00000
46.496,1,46585.000,124123,192000,3999.104,120.0,8,12,2,0.00000,0.00000,0.00000,0.00000,0.00000
46.496,2,46376.000,114084,192000,3999.250,120.0,8,12,2,0.00001,0.00001,0.00000,0.00000,0.00000
46.598,0,46583.000,124015,192000,3999.354,120.0,8,12,2,0.00000,0.00000,0.00000,0.00000,0.00000
46.598,1,46688.000,129046,192000,3999.542,120.0,8,12,2,0.00000,0.00000,0.00000,0.00000,0.00000
46.598,2,46478.000,118984,192000,3999.167,120.0,8,12,2,0.00000,0.00000,0.00000,0.00000,0.00000
46.702,0,46686.000,128965,192000,3999.229,120.0,8,12,2,0.00000,0.00000,0.00000,0.00000,0.00000
46.702,1,46791.000,134007,192000,3999.188,120.0,8,12,2,0.00000,0.00000,0.00000,0.00000,0.00000
46.702,2,46581.000,123923,192000,3999.271,120.0,8,12,2,0.00000,0.00000,0.00000,0.00000,0.00000
46.803,0,46788.000,133855,192000,3999.354,120.0,8,12,2,0.00000,0.00000,0.00000,0.00000,0.00000
46.803,1,46893.000,138907,192000,3999.104,120.0,8,12,2,0.00000,0.00000,0.00000,0.00000,0.00000
46.803,2,46683.000,128802,192000,3999.625,120.0,8,12,2,0.00000,0.00000,0.00000,0.00000,0.00000
46.905,0,46889.000,138719,192000,3999.021,120.0,8,12,2,0.00000,0.00000,0.00000,0.00000,0.00000
46.905,1,46995.000,143783,192000,3999.521,120.0,8,12,2,0.00000,0.00000,0.00000,0.00000,0.00000
46.905,2,46784.000,133655,192000,3999.521,120.0,8,12,2,0.00000,0.00000,0.00000,0.00000,0.00000
47.006,0,46991.000,143599,192000,3999.354,120.0,8,12,2,0.00000,0.00000,0.00000,0.00000,0.00000
47.006,1,47097.000,148673,192000,3999.646,120.0,8,12,2,0.00000,0.00000,0.00000,0.00000,0.00000
47.006,2,46885.000,138524,192000,3999.083,120.0,8,12,2,0.00000,0.00000,0.00000,0.00000,0.00000
47.108,0,47093.000,148493,192000,3999.396,120.0,8,12,2,0.00000,0.00000,0.00000,0.00000,0.00000
47.108,1,47199.000,153579,192000,3999.438,120.0,8,12,2,0.00000,0.00000,0.00000,0.00000,0.00000
47.108,2,46987.000,143407,192000,3999.354,120.0,8,12,2,0.00000,0.00000,0.00000,0.00000,0.00000
47.208,0,47193.000,153295,192000,3999.354,120.0,8,12,2,0.00000,0.00000,0.00000,0.00000,0.00000
47.208,1,47299.000,158392,192000,3999.167,120.0,8,12,2,0.00000,0.00000,0.00000,0.00000,0.00000
47.208,2,47087.000,148199,192000,3999.521,120.0,8,12,2,0.00000,0.00000,0.00000,0.00000,0.00000
47.309,0,47294.000,158124,192000,3999.750,120.0,8,12,2,0.00000,0.00000,0.00000,0.00000,0.00000
47.309,1,47400.000,163232,192000,3999.333,120.0,8,12,2,0.00000,0.00000,0.00000,0.00000,0.00000
47.309,2,47187.000,153017,192000,3999.146,120.0,8,12,2,0.00000,0.00000,0.00000,0.00000,0.00000
47.409,0,47394.000,162926,192000,3999.708,120.0,8,12,2,0.00000,0.00000,0.00000,0.00000,0.00000
47.409,1,47500.000,168044,192000,3999.083,120.0,8,12,2,0.00000,0.00000,0.00000,0.00000,0.00000
47.409,2,47287.000,157807,192000,3999.354,120.0,8,12,2,0.00000,0.00000,0.00000,0.00000,0.00000
47.509,0,47494.000,167729,192000,3999.646,120.0,8,12,2,0.00000,0.00000,0.00000,0.00000,0.00000
47.509,1,47601.000,172859,192000,3999.771,120.0,8,12,2,0.00000,0.00000,0.00000,0.00000,0.00000
47.509,2,47387.000,162600,192000,3999.500,120.0,8,12,2,0.00000,0.00000,0.00000,0.00000,0.00000
47.611,0,47595.000,172606,192000,3999.042,120.0,8,12,2,0.00000,0.00000,0.00000,0.00000,0.00000
47.611,1,47703.000,177746,192000,3999.958,120.0,8,12,2,0.00000,0.00000,0.00000,0.00000,0.00000
47.611,2,47488.000,167466,192000,3999.125,120.0,8,12,2,0.00000,0.00000,0.00000,0.00000,0.00000
47.712,0,47697.000,177469,192000,3999.729,120.0,8,12,2,0.00000,0.00000,0.00000,0.00000,0.00000
47.712,1,47804.000,182620,192000,3999.417,120.0,8,12,2,0.00000,0.00000,0.00000,0.00000,0.00000
47.712,2,47589.000,172318,192000,3999.042,120.0,8,12,2,0.00000,0.00000,0.00000,0.00000,0.00000
47.815,0,47799.000,182397,192000,3999.062,120.0,8,12,2,0.00000,0.00000,0.00000,0.00000,0.00000
47.815,1,47907.000,187560,192000,3999.500,120.0,8,12,2,0.00000,0.00000,0.00000,0.00000,0.00000
47.815,2,47692.000,177235,192000,3999.604,120.0,8,12,2,0.00000,0.00000,0.00000,0.00000,0.00000
47.917,0,47902.000,187299,192000,3999.938,120.0,8,12,2,0.00000,0.00000,0.00000,0.00000,0.00000
47.917,1,48009.000,473,192000,3999.146,120.0,8,13,2,0.00000,0.00000,0.00000,0.00000,0.00000
47.917,2,47794.000,182126,192000,3999.708,120.0,8,12,2,0.00000,0.00000,0.00000,0.00000,0.00000
48.019,0,48003.000,183,192000,3999.188,120.0,8,13,2,0.00000,0.00000,0.00000,0.00000,0.00000
48.019,1,48111.000,5367,192000,3999.188,120.0,8,13,2,0.00000,0.00000,0.00000,0.00000,0.00000
48.019,2,47895.000,186999,192000,3999.188,120.0,8,12,2,0.00000,0.00000,0.00000,0.00000,0.00000
48.119,0,48103.000,4986,192000,3999.125,120.0,8,13,2,0.00000,0.00000,0.00000,0.00000,0.00000
48.119,1,48212.000,10181,192000,3999.896,120.0,8,13,2,0.00000,0.00000,0.00000,0.00000,0.00000
48.119,2,47995.000,191791,192000,3999.354,120.0,8,12,2,0.00000,0.00000,0.00000,0.00000,0.00000
48.220,0,48204.000,9835,192000,3999.104,120.0,8,13,2,0.00000,0.00000,0.00000,0.00000,0.00000
48.220,1,48313.000,15040,192000,3999.667,120.0,8,13,2,0.00000,0.00000,0.00000,0.00000,0.00000
48.220,2,48096.000,4629,192000,3999.562,120.0,8,13,2,0.00000,0.00000,0.00000,0.00000,0.00000
48.320,0,48305.000,14645,192000,3999.896,120.0,8,13,2,0.00000,0.00000,0.00000,0.00000,0.00000
48.320,1,48413.000,19861,192000,3999.229,120.0,8,13,2,0.00000,0.00000,0.00000,0.00000,0.00000
48.320,2,48196.000,9428,192000,3999.583,120.0,8,13,2,0.00000,0.00000,0.00000,0.00000,0.00000
48.422,0,48407.000,19554,192000,3999.625,120.0,8,13,2,0.00000,0.00000,0.00000,0.00000,0.00000
48.422,1,48516.000,24781,192000,3999.729,120.0,8,13,2,0.00000,0.00000,0.00000,0.00000,0.00000
48.422,2,48298.000,14326,192000,3999.542,120.0,8,13,2,0.00000,0.00000,0.00000,0.00000,0.00000
48.525,0,48510.000,24485,192000,3999.896,120.0,8,13,2,0.00000,0.00000,0.00000,0.00000,0.00000
48.525,1,48619.000,29724,192000,3999.750,120.0,8,13,2,0.00000,0.00000,0.00000,0.00000,0.00000
48.525,2,48400.000,19246,192000,3999.042,120.0,8,13,2,0.00000,0.00000,0.00000,0.00000,0.00000
48.626,0,48611.000,29328,192000,0.000,120.0,8,13,2,0.00000,0.00000,0.00000,0.00000,0.00000
48.626,1,48720.000,34577,192000,3999.646,120.0,8,13,2,0.00000,0.00000,0.00000,0.00000,0.00000
48.626,2,48501.000,24078,192000,3999.375,120.0,8,13,2,0.00000,0.00000,0.00000,0.00000,0.00000
48.726,0,48711.000,34153,192000,3999.479,120.0,8,13,2,0.00000,0.00000,0.00000,0.00000,0.00000
48.726,1,48821.000,39414,192000,3999.875,120.0,8,13,2,0.00000,0.00000,0.00000,0.00000,0.00000
48.726,2,48601.000,28893,192000,3999.062,120.0,8,13,2,0.00000,0.00000,0.00000,0.00000,0.00000
48.828,0,48813.000,39044,192000,3999.583,120.0,8,13,2,0.00000,0.00000,0.00000,0.00000,0.00000
48.828,1,48923.000,44316,192000,3999.750,120.0,8,13,2,0.00000,0.00000,0.00000,0.00000,0.00000
48.828,2,48703.000,33773,192000,3999.396,120.0,8,13,2,0.00000,0.00000,0.00000,0.00000,0.00000
48.929,0,48914.000,43889,192000,3999.646,120.0,8,13,2,0.00000,0.00000,0.00000,0.00000,0.00000
48.929,1,49024.000,49172,192000,3999.583,120.0,8,13,2,0.00000,0.00000,0.00000,0.00000,0.00000
48.929,2,48804.000,38607,192000,3999.688,120.0,8,13,2,0.00000,0.00000,0.00000,0.00000,0.00000
49.031,0,49016.000,48794,192000,3999.458,120.0,8,13,2,0.00000,0.00000,0.00000,0.00000,0.00000
49.031,1,49126.000,54088,192000,3999.167,120.0,8,13,2,0.00000,0.00000,0.00000,0.00000,0.00000
49.031,2,48906.000,43500,192000,3999.750,120.0,8,13,2,0.00000,0.00000,0.00000,0.00000,0.00000
49.134,0,49118.000,53711,192000,3999.021,120.0,8,13,2,0.00000,0.00000,0.00000,0.00000,0.00000
49.134,1,49229.000,59016,192000,3999.500,120.0,8,13,2,0.00000,0.00000,0.00000,0.00000,0.00000
49.134,2,49008.000,48407,192000,3999.521,120.0,8,13,2,0.00000,0.00000,0.00000,0.00000,0.00000
49.234,0,49219.000,58546,192000,3999.292,120.0,8,13,2,0.00000,0.00000,0.00000,0.00000,0.00000
49.234,1,49330.000,63862,192000,3999.542,120.0,8,13,2,0.00000,0.00000,0.00000,0.00000,0.00000
49.234,2,49108.000,53231,192000,3999.021,120.0,8,13,2,0.00000,0.00000,0.00000,0.00000,0.00000
49.336,0,49321.000,63436,192000,3999.417,120.0,8,13,2,0.00000,0.00000,0.00000,0.00000,0.00000
49.336,1,49432.000,68762,192000,3999.458,120.0,8,13,2,0.00000,0.00000,0.00000,0.00000,0.00000
49.336,2,49210.000,58109,192000,3999.396,120.0,8,13,2,0.00000,0.00000,0.00000,0.00000,0.00000
49.439,0,49424.000,68353,192000,3999.979,120.0,8,13,2,0.00000,0.00000,0.00000,0.00000,0.00000
49.439,1,49535.000,73691,192000,3999.771,120.0,8,13,2,0.00000,0.00000,0.00000,0.00000,0.00000
49.439,2,49312.000,63015,192000,3999.188,120.0,8,13,2,0.00000,0.00000,0.00000,0.00000,0.00000
49.540,0,49525.000,73205,192000,3999.896,120.0,8,13,2,0.00000,0.00000,0.00000,0.00000,0.00000
49.540,1,49636.000,78554,192000,3999.458,120.0,8,13,2,0.00000,0.00000,0.00000,0.00000,0.00000
49.540,2,49413.000,67857,192000,3999.312,120.0,8,13,2,0.00000,0.00000,0.00000,0.00000,0.00000
49.640,0,49625.000,78033,192000,3999.312,120.0,8,13,2,0.00000,0.00000,0.00000,0.00000,0.00000
49.640,1,49737.000,83393,192000,3999.646,120.0,8,13,2,0.00000,0.00000,0.00000,0.00000,0.00000
49.640,2,49514.000,72674,192000,3999.958,120.0,8,13,2,0.00000,0.00000,0.00000,0.00000,0.00000
49.742,0,49727.000,82922,192000,3999.458,120.0,8,13,2,0.00000,0.00000,0.00000,0.00000,0.00000
49.742,1,49839.000,88292,192000,3999.583,120.0,8,13,2,0.00000,0.00000,0.00000,0.00000,0.00000
49.742,2,49615.000,77551,192000,3999.354,120.0,8,13,2,0.00000,0.00000,0.00000,0.00000,0.00000
49.845,0,49830.000,87854,192000,3999.708,120.0,8,13,2,0.00000,0.00000,0.00000,0.00000,0.00000
49.845,1,49942.000,93236,192000,3999.583,120.0,8,13,2,0.00000,0.00000,0.00000,0.00000,0.00000
49.845,2,49718.000,82473,192000,3999.812,120.0,8,13,2,0.00000,0.00000,0.00000,0.00000,0.00000
49.948,0,49932.000,92775,192000,3999.188,120.0,8,13,2,0.00000,0.00000,0.00000,0.00000,0.00000
49.948,1,50045.000,98168,192000,3999.833,120.0,8,13,2,0.00000,0.00000,0.00000,0.00000,0.00000
49.948,2,49820.000,87383,192000,3999.521,120.0,8,13,2,0.00000,0.00000,0.00000,0.00000,0.00000
50.050,0,50035.000,97703,192000,3999.521,120.0,8,13,2,0.00000,0.00000,0.00000,0.00000,0.00000
50.050,1,50148.000,103107,192000,3999.938,120.0,8,13,2,0.00000,0.00000,0.00000,0.00000,0.00000
50.050,2,49922.000,92300,192000,3999.083,120.0,8,13,2,0.00000,0.00000,0.00000,0.00000,0.00000
50.151,0,50136.000,102549,192000,3999.562,120.0,8,13,2,0.00000,0.00000,0.00000,0.00000,0.00000
50.151,1,50249.000,107964,192000,3999.750,120.0,8,13,2,0.00000,0.00000,0.00000,0.00000,0.00000
50.151,2,50023.000,97135,192000,3999.354,120.0,8,13,2,0.00000,0.00000,0.00000,0.00000,0.00000
50.252,0,50237.000,107387,192000,3999.771,120.0,8,13,2,0.00000,0.00000,0.00000,0.00000,0.00000
50.252,1,50350.000,112812,192000,3999.750,120.0,8,13,2,0.00000,0.00000,0.00000,0.00000,0.00000
50.252,2,50124.000,101962,192000,3999.792,120.0,8,13,2,0.00000,0.00000,0.00000,0.00000,0.00000
50.355,0,50340.000,112326,192000,3999.875,120.0,8,13,2,0.00000,0.00000,0.00000,0.00000,0.00000
50.355,1,50453.000,117762,192000,3999.625,120.0,8,13,2,0.00000,0.00000,0.00000,0.00000,0.00000
50.355,2,50226.000,106889,192000,3999.146,120.0,8,13,2,0.00000,0.00000,0.00000,0.00000,0.00000
50.455,0,50440.000,117138,192000,3999.625,120.0,8,13,2,0.00000,0.00000,0.00000,0.00000,0.00000
50.455,1,50553.000,122585,192000,3999.146,120.0,8,13,2,0.00000,0.00000,0.00000,0.00000,0.00000
50.455,2,50326.000,111691,192000,3999.104,120.0,8,13,2,0.00000,0.00000,0.00000,0.00000,0.00000
50.555,0,50540.000,121942,192000,3999.542,120.0,8,13,2,0.00000,0.00000,0.00000,0.00000,0.00000
50.555,1,50654.000,127400,192000,3999.833,120.0,8,13,2,0.00000,0.00000,0.00000,0.00000,0.00000
50.555,2,50426.000,116484,192000,3999.250,120.0,8,13,2,0.00000,0.00000,0.00000,0.00000,0.00000
50.658,0,50642.000,126854,192000,3999.208,120.0,8,13,2,0.00000,0.00000,0.00000,0.00000,0.00000
50.658,1,50756.000,132323,192000,3999.271,120.0,8,13,2,0.00000,0.00000,0.00000,0.00000,0.00000
50.658,2,50528.000,121385,192000,3999.146,120.0,8,13,2,0.00000,0.00000,0.00000,0.00000,0.00000
50.760,0,50745.000,131764,192000,3999.917,120.0,8,13,2,0.00000,0.00000,0.00000,0.00000,0.00000
50.760,1,50859.000,137244,192000,3999.750,120.0,8,13,2,0.00000,0.00000,0.00000,0.00000,0.00000
50.760,2,50630.000,126284,192000,3999.083,120.0,8,13,2,0.00000,0.00000,0.00000,0.00000,0.00000
50.861,0,50846.000,136635,192000,3999.438,120.0,8,13,2,0.00000,0.00000,0.00000,0.00000,0.00000
50.861,1,50960.000,142127,192000,3999.021,120.0,8,13,2,0.00000,0.00000,0.00000,0.00000,0.00000
50.861,2,50732.000,131144,192000,3999.833,120.0,8,13,2,0.00000,0.00000,0.00000,0.00000,0.00000
50.964,0,50949.000,141559,192000,3999.854,120.0,8,13,2,0.00000,0.00000,0.00000,0.00000,0.00000
50.964,1,51063.000,147061,192000,3999.229,120.0,8,13,2,0.00000,0.00000,0.00000,0.00000,0.00000
50.964,2,50834.000,136057,192000,3999.479,120.0,8,13,2,0.00000,0.00000,0.00000,0.00000,0.00000
51.064,0,51049.000,146375,192000,3999.521,120.0,8,13,2,0.00000,0.00000,0.00000,0.00000,0.00000
51.064,1,51164.000,151888,192000,3999.667,120.0,8,13,2,0.00000,0.00000,0.00000,0.00000,0.00000
51.064,2,50934.000,140862,192000,3999.375,120.0,8,13,2,0.00000,0.00000,0.00000,0.00000,0.00000
51.167,0,51152.000,151298,192000,3999.958,120.0,8,13,2,0.00000,0.00000,0.00000,0.00000,0.00000
51.167,1,51267.000,156823,192000,3999.854,120.0,8,13,2,0.00000,0.00000,0.00000,0.00000,0.00000
51.167,2,51036.000,145774,192000,3999.042,120.0,8,13,2,0.00000,0.00000,0.00000,0.00000,0.00000
51.268,0,51253.000,156165,192000,3999.562,120.0,8,13,2,0.00000,0.00000,0.00000,0.00000,0.00000
51.268,1,51368.000,161700,192000,3999.250,120.0,8,13,2,0.00000,0.00000,0.00000,0.00000,0.00000
51.268,2,51138.000,150629,192000,3999.896,120.0,8,13,2,0.00000,0.00000,0.00000,0.00000,0.00000
51.370,0,51355.000,161050,192000,3999.792,120.0,8,13,2,0.00000,0.00000,0.00000,0.00000,0.00000
51.370,1,51470.000,166596,192000,3999.250,120.0,8,13,2,0.00000,0.00000,0.00000,0.00000,0.00000
51.370,2,51239.000,155504,192000,3999.333,120.0,8,13,2,0.00000,0.00000,0.00000,0.00000,0.00000
51.471,0,51456.000,165919,192000,3999.354,120.0,8,13,2,0.00000,0.00000,0.00000,0.00000,0.00000
51.471,1,51572.000,171476,192000,3999.583,120.0,8,13,2,0.00000,0.00000,0.00000,0.00000,0.00000
51.471,2,51340.000,160362,192000,3999.125,120.0,8,13,2,0.00000,0.00000,0.00000,0.00000,0.00000
51.573,0,51557.000,170783,192000,3999.021,120.0,8,13,2,0.00000,0.00000,0.00000,0.00000,0.00000
51.573,1,51673.000,176351,192000,3999.021,120.0,8,13,2,0.00000,0.00000,0.00000,0.00000,0.00000
51.573,2,51441.000,165215,192000,3999.021,120.0,8,13,2,0.00000,0.00000,0.00000,0.00000,0.00000
51.674,0,51659.000,175649,192000,3999.646,120.0,8,13,2,0.00000,0.00000,0.00000,0.00000,0.00000
51.674,1,51775.000,181228,192000,3999.417,120.0,8,13,2,0.00000,0.00000,0.00000,0.00000,0.00000
51.674,2,51543.000,170070,192000,3999.875,120.0,8,13,2,0.00000,0.00000,0.00000,0.00000,0.00000
51.775,0,51760.000,180504,192000,3999.500,120.0,8,13,2,0.00000,0.00000,0.00000,0.00000,0.00000
51.775,1,51876.000,186094,192000,3999.042,120.0,8,13,2,0.00000,0.00000,0.00000,0.00000,0.00000
51.775,2,51644.000,174914,192000,3999.958,120.0,8,13,2,0.00000,0.00000,0.00000,0.00000,0.00000
51.877,0,51862.000,185389,192000,3999.729,120.0,8,13,2,0.00000,0.00000,0.00000,0.00000,0.00000
51.877,1,51978.000,190990,192000,3999.042,120.0,8,13,2,0.00000,0.00000,0.00000,0.00000,0.00000
51.877,2,51745.000,179788,192000,3999.417,120.0,8,13,2,0.00000,0.00000,0.00000,0.00000,0.00000
51.978,0,51963.000,190244,192000,3999.583,120.0,8,13,2,0.00000,0.00000,0.00000,0.00000,0.00000
51.978,1,52080.000,3855,192000,3999.688,120.0,8,14,2,0.00000,0.00000,0.00000,0.00000,0.00000
51.978,2,51846.000,184632,192000,3999.500,120.0,8,13,2,0.00000,0.00000,0.00000,0.00000,0.00000
52.080,0,52065.000,3154,192000,3999.292,120.0,8,14,2,0.10551,0.00000,0.10551,0.00000,0.00000
52.080,1,52182.000,8777,192000,3999.146,120.0,8,14,2,0.00000,0.00000,0.00000,0.00000,0.00000
52.080,2,51948.000,189531,192000,3999.438,120.0,8,13,2,0.00000,0.00000,0.00000,0.00000,0.00000
52.181,0,52166.000,7969,192000,3999.979,120.0,8,14,2,0.06952,0.00000,0.06952,0.00000,0.00000
52.181,1,52283.000,13603,192000,3999.604,120.0,8,14,2,0.00000,0.00000,0.00000,0.00000,0.00000
52.181,2,52048.000,2336,192000,3999.333,120.0,8,14,2,0.11307,0.00000,0.11307,0.00000,0.00000
52.282,0,52266.000,12812,192000,3999.083,120.0,8,14,2,0.04569,0.00000,0.04569,0.00000,0.00000
52.282,1,52384.000,18456,192000,3999.500,120.0,8,14,2,0.00000,0.00000,0.00000,0.00000,0.00000
52.282,2,52149.000,7167,192000,3999.688,120.0,8,14,2,0.07440,0.00000,0.07440,0.00000,0.00000
52.383,0,52368.000,17695,192000,3999.354,120.0,8,14,2,0.02993,0.00000,0.02993,0.00000,0.00000
52.383,1,52486.000,23351,192000,3999.521,120.0,8,14,2,0.00000,0.00000,0.00000,0.00000,0.00000
52.383,2,52250.000,12040,192000,3999.167,120.0,8,14,2,0.04877,0.00000,0.04877,0.00000,0.00000
52.485,0,52470.000,22566,192000,3999.875,120.0,8,14,2,0.01963,0.00000,0.01963,0.00000,0.00000
52.485,1,52588.000,28233,192000,3999.812,120.0,8,14,2,0.00000,0.00000,0.00000,0.00000,0.00000
52.485,2,52352.000,16899,192000,3999.938,120.0,8,14,2,0.03202,0.00000,0.03202,0.00000,0.00000
52.586,0,52571.000,27434,192000,3999.458,120.0,8,14,2,0.01287,0.00000,0.01287,0.00000,0.00000
52.586,1,52689.000,33111,192000,3999.188,120.0,8,14,2,0.00000,0.00000,0.00000,0.00000,0.00000
52.586,2,52453.000,21756,192000,3999.750,120.0,8,14,2,0.02102,0.00000,0.02102,0.00000,0.00000
52.687,0,52672.000,32288,192000,3999.333,120.0,8,14,2,0.00845,0.00000,0.00845,0.00000,0.00000
52.687,1,52791.000,37977,192000,3999.812,120.0,8,14,2,0.00000,0.00000,0.00000,0.00000,0.00000
52.687,2,52554.000,26600,192000,3999.833,120.0,8,14,2,0.01381,0.00000,0.01381,0.00000,0.00000
52.789,0,52774.000,37180,192000,3999.417,120.0,8,14,2,0.00553,0.00000,0.00553,0.00000,0.00000
52.789,1,52893.000,42880,192000,3999.667,120.0,8,14,2,0.00000,0.00000,0.00000,0.00000,0.00000
52.789,2,52655.000,31481,192000,3999.146,120.0,8,14,2,0.00905,0.00000,0.00905,0.00000,0.00000
52.889,0,52874.000,41983,192000,3999.354,120.0,8,14,2,0.00365,0.00000,0.00365,0.00000,0.00000
52.889,1,52993.000,47693,192000,3999.396,120.0,8,14,2,0.00000,0.00000,0.00000,0.00000,0.00000
52.889,2,52755.000,36273,192000,3999.312,120.0,8,14,2,0.00597,0.00000,0.00597,0.00000,0.00000
52.992,0,52976.000,46892,192000,3999.083,120.0,8,14,2,0.00238,0.00000,0.00238,0.00000,0.00000
52.992,1,53096.000,52613,192000,3999.896,120.0,8,14,2,0.00000,0.00000,0.00000,0.00000,0.00000
52.992,2,52857.000,41170,192000,3999.292,120.0,8,14,2,0.00391,0.00000,0.00391,0.00000,0.00000
53.092,0,53077.000,51703,192000,3999.854,120.0,8,14,2,0.00157,0.00000,0.00157,0.00000,0.00000
53.092,1,53196.000,57435,192000,3999.438,120.0,8,14,2,0.00000,0.00000,0.00000,0.00000,0.00000
53.092,2,52957.000,45971,192000,3999.271,120.0,8,14,2,0.00258,0.00000,0.00258,0.00000,0.00000
53.192,0,53177.000,56516,192000,3999.583,120.0,8,14,2,0.00104,0.00000,0.00104,0.00000,0.00000
53.192,1,53297.000,62259,192000,3999.938,120.0,8,14,2,0.00000,0.00000,0.00000,0.00000,0.00000
53.192,2,53057.000,50773,192000,3999.229,120.0,8,14,2,0.00170,0.00000,0.00170,0.00000,0.00000
53.295,0,53279.000,61437,192000,3999.062,120.0,8,14,2,0.00068,0.00000,0.00068,0.00000,0.00000
53.295,1,53399.000,67191,192000,3999.188,120.0,8,14,2,0.00000,0.00000,0.00000,0.00000,0.00000
53.295,2,53160.000,55683,192000,3999.938,120.0,8,14,2,0.00111,0.00000,0.00111,0.00000,0.00000
53.396,0,53381.000,66305,192000,3999.646,120.0,8,14,2,0.00044,0.00000,0.00044,0.00000,0.00000
53.396,1,53501.000,72070,192000,3999.542,120.0,8,14,2,0.00000,0.00000,0.00000,0.00000,0.00000
53.396,2,53261.000,60540,192000,3999.750,120.0,8,14,2,0.00073,0.00000,0.00073,0.00000,0.00000
53.498,0,53483.000,71190,192000,3999.875,120.0,8,14,2,0.00029,0.00000,0.00029,0.00000,0.00000
53.498,1,53603.000,76966,192000,3999.542,120.0,8,14,2,0.00000,0.00000,0.00000,0.00000,0.00000
53.498,2,53362.000,65414,192000,3999.208,120.0,8,14,2,0.00048,0.00000,0.00048,0.00000,0.00000
53.599,0,53584.000,76052,192000,3999.583,120.0,8,14,2,0.00019,0.00000,0.00019,0.00000,0.00000
53.599,1,53704.000,81839,192000,3999.021,120.0,8,14,2,0.00000,0.00000,0.00000,0.00000,0.00000
53.599,2,53463.000,70265,192000,3999.146,120.0,8,14,2,0.00031,0.00000,0.00031,0.00000,0.00000
53.699,0,53684.000,80853,192000,3999.562,120.0,8,14,2,0.00013,0.00000,0.00013,0.00000,0.00000
53.699,1,53805.000,86651,192000,3999.771,120.0,8,14,2,0.00000,0.00000,0.00000,0.00000,0.00000
53.699,2,53563.000,75055,192000,3999.354,120.0,8,14,2,0.00021,0.00000,0.00021,0.00000,0.00000
53.799,0,53784.000,85666,192000,3999.292,120.0,8,14,2,0.00008,0.00000,0.00008,0.00000,0.00000
53.799,1,53905.000,91474,192000,3999.292,120.0,8,14,2,0.00000,0.00000,0.00000,0.00000,0.00000
53.799,2,53663.000,79857,192000,3999.312,120.0,8,14,2,0.00014,0.00000,0.00014,0.00000,0.00000
53.900,0,53885.000,90510,192000,3999.375,120.0,8,14,2,0.00005,0.00000,0.00005,0.00000,0.00000
53.900,1,54006.000,96330,192000,3999.125,120.0,8,14,2,0.00000,0.00000,0.00000,0.00000,0.00000
53.900,2,53764.000,84691,192000,3999.604,120.0,8,14,2,0.00009,0.00000,0.00009,0.00000,0.00000
54.000,0,53985.000,95312,192000,3999.333,120.0,8,14,2,0.00004,0.00000,0.00004,0.00000,0.00000
54.000,1,54107.000,101142,192000,3999.875,120.0,8,14,2,0.00000,0.00000,0.00000,0.00000,0.00000
54.000,2,53864.000,89482,192000,3999.792,120.0,8,14,2,0.00006,0.00000,0.00006,0.00000,0.00000
54.101,0,54085.000,100121,192000,3999.146,120.0,8,14,2,0.00002,0.00000,0.00002,0.00000,0.00000
54.101,1,54207.000,105962,192000,3999.458,120.0,8,14,2,0.00000,0.00000,0.00000,0.00000,0.00000
54.101,2,53964.000,94280,192000,3999.833,120.0,8,14,2,0.00004,0.00000,0.00004,0.00000,0.00000
54.202,0,54186.000,104963,192000,3999.271,120.0,8,14,2,0.00002,0.00000,0.00002,0.00000,0.00000
54.202,1,54308.000,110815,192000,3999.354,120.0,8,14,2,0.00000,0.00000,0.00000,0.00000,0.00000
54.202,2,54064.000,99111,192000,3999.188,120.0,8,14,2,0.00003,0.00000,0.00003,0.00000,0.00000
54.302,0,54287.000,109808,192000,3999.333,120.0,8,14,2,0.00001,0.00000,0.00001,0.00000,0.00000
54.302,1,54409.000,115671,192000,3999.188,120.0,8,14,2,0.00000,0.00000,0.00000,0.00000,0.00000
54.302,2,54165.000,103945,192000,3999.479,120.0,8,14,2,0.00002,0.00000,0.00002,0.00000,0.00000
54.405,0,54390.000,114738,192000,3999.625,120.0,8,14,2,0.00001,0.00000,0.00001,0.00000,0.00000
54.405,1,54512.000,120611,192000,3999.271,120.0,8,14,2,0.00000,0.00000,0.00000,0.00000,0.00000
54.405,2,54268.000,108864,192000,0.000,120.0,8,14,2,0.00001,0.00000,0.00001,0.00000,0.00000
54.508,0,54493.000,119665,192000,3999.979,120.0,8,14,2,0.00000,0.00000,0.00000,0.00000,0.00000
54.508,1,54615.000,125550,192000,3999.375,120.0,8,14,2,0.00000,0.00000,0.00000,0.00000,0.00000
54.508,2,54370.000,113780,192000,3999.583,120.0,8,14,2,0.00001,0.00000,0.00001,0.00000,0.00000
54.609,0,54594.000,124517,192000,3999.896,120.0,8,14,2,0.00000,0.00000,0.00000,0.00000,0.00000
54.609,1,54716.000,130413,192000,3999.062,120.0,8,14,2,0.00000,0.00000,0.00000,0.00000,0.00000
54.609,2,54471.000,118621,192000,3999.729,120.0,8,14,2,0.00000,0.00000,0.00000,0.00000,0.00000
54.712,0,54696.000,129449,192000,3999.146,120.0,8,14,2,0.00000,0.00000,0.00000,0.00000,0.00000
54.712,1,54819.000,135356,192000,3999.083,120.0,8,14,2,0.00000,0.00000,0.00000,0.00000,0.00000
54.712,2,54573.000,123542,192000,3999.208,120.0,8,14,2,0.00000,0.00000,0.00000,0.00000,0.00000
54.815,0,54799.000,134389,192000,3999.229,120.0,8,14,2,0.00000,0.00000,0.00000,0.00000,0.00000
54.815,1,54923.000,140307,192000,3999.938,120.0,8,14,2,0.00000,0.00000,0.00000,0.00000,0.00000
54.815,2,54676.000,128470,192000,3999.542,120.0,8,14,2,0.00000,0.00000,0.00000,0.00000,0.00000
54.915,0,54899.000,139196,192000,3999.083,120.0,8,14,2,0.00000,0.00000,0.00000,0.00000,0.00000
54.915,1,55023.000,145125,192000,3999.562,120.0,8,14,2,0.00000,0.00000,0.00000,0.00000,0.00000
54.915,2,54776.000,133267,192000,3999.604,120.0,8,14,2,0.00000,0.00000,0.00000,0.00000,0.00000
55.016,0,55001.000,144077,192000,3999.396,120.0,8,14,2,0.00000,0.00000,0.00000,0.00000,0.00000
55.016,1,55125.000,150017,192000,3999.646,120.0,8,14,2,0.00000,0.00000,0.00000,0.00000,0.00000
55.016,2,54877.000,138137,192000,3999.146,120.0,8,14,2,0.00000,0.00000,0.00000,0.00000,0.00000
55.116,0,55101.000,148883,192000,3999.271,120.0,8,14,2,0.00000,0.00000,0.00000,0.00000,0.00000
55.116,1,55225.000,154833,192000,3999.312,120.0,8,14,2,0.00000,0.00000,0.00000,0.00000,0.00000
55.116,2,54977.000,142932,192000,3999.250,120.0,8,14,2,0.00000,0.00000,0.00000,0.00000,0.00000
55.218,0,55202.000,153737,192000,3999.146,120.0,8,14,2,0.00000,0.00000,0.00000,0.00000,0.00000
55.218,1,55327.000,159699,192000,3999.938,120.0,8,14,2,0.00000,0.00000,0.00000,0.00000,0.00000
55.218,2,55078.000,147775,192000,3999.354,120.0,8,14,2,0.00000,0.00000,0.00000,0.00000,0.00000
55.318,0,55303.000,158549,192000,3999.896,120.0,8,14,2,0.00000,0.00000,0.00000,0.00000,0.00000
55.318,1,55427.000,164522,192000,3999.458,120.0,8,14,2,0.00000,0.00000,0.00000,0.00000,0.00000
55.318,2,55178.000,152577,192000,3999.312,120.0,8,14,2,0.00000,0.00000,0.00000,0.00000,0.00000
55.418,0,55403.000,163376,192000,3999.333,120.0,8,14,2,0.00000,0.00000,0.00000,0.00000,0.00000
55.418,1,55528.000,169359,192000,3999.688,120.0,8,14,2,0.00000,0.00000,0.00000,0.00000,0.00000
55.418,2,55279.000,157392,192000,0.000,120.0,8,14,2,0.00000,0.00000,0.00000,0.00000,0.00000
55.521,0,55506.000,168305,192000,3999.646,120.0,8,14,2,0.00000,0.00000,0.00000,0.00000,0.00000
55.521,1,55631.000,174300,192000,3999.750,120.0,8,14,2,0.00000,0.00000,0.00000,0.00000,0.00000
55.521,2,55381.000,162311,192000,3999.521,120.0,8,14,2,0.00000,0.00000,0.00000,0.00000,0.00000
55.623,0,55608.000,173195,192000,3999.771,120.0,8,14,2,0.00000,0.00000,0.00000,0.00000,0.00000
55.623,1,55733.000,179200,192000,3999.667,120.0,8,14,2,0.00000,0.00000,0.00000,0.00000,0.00000
55.623,2,55483.000,167189,192000,3999.896,120.0,8,14,2,0.00000,0.00000,0.00000,0.00000,0.00000
55.726,0,55710.000,178117,192000,3999.229,120.0,8,14,2,0.00000,0.00000,0.00000,0.00000,0.00000
55.726,1,55836.000,184133,192000,3999.896,120.0,8,14,2,0.00000,0.00000,0.00000,0.00000,0.00000
55.726,2,55585.000,172100,192000,3999.583,120.0,8,14,2,0.00000,0.00000,0.00000,0.00000,0.00000
55.827,0,55812.000,183006,192000,3999.375,120.0,8,14,2,0.00000,0.00000,0.00000,0.00000,0.00000
55.827,1,55938.000,189034,192000,3999.792,120.0,8,14,2,0.00000,0.00000,0.00000,0.00000,0.00000
55.827,2,55687.000,176979,192000,3999.938,120.0,8,14,2,0.00000,0.00000,0.00000,0.00000,0.00000
55.930,0,55915.000,187938,192000,3999.625,120.0,8,14,2,0.00000,0.00000,0.00000,0.00000,0.00000
55.930,1,56041.000,1977,192000,3999.812,120.0,8,15,2,0.11664,0.11654,0.11664,0.00000,0.00000
55.930,2,55789.000,181899,192000,3999.438,120.0,8,14,2,0.00000,0.00000,0.00000,0.00000,0.00000
56.032,0,56016.000,803,192000,3999.271,120.0,8,15,2,0.11546,0.11546,0.00000,0.00000,0.00000
56.032,1,56142.000,6853,192000,3999.229,120.0,8,15,2,0.07645,0.07638,0.07645,0.00000,0.00000
56.032,2,55890.000,186754,192000,3999.292,120.0,8,14,2,0.00000,0.00000,0.00000,0.00000,0.00000
56.133,0,56118.000,5673,192000,3999.812,120.0,8,15,2,0.08453,0.08453,0.00000,0.00000,0.00000
56.133,1,56244.000,11734,192000,3999.542,120.0,8,15,2,0.05009,0.05004,0.05009,0.00000,0.00000
56.133,2,55991.000,191613,192000,3999.062,120.0,8,14,2,0.00000,0.00000,0.00000,0.00000,0.00000
56.236,0,56220.000,10601,192000,3999.146,120.0,8,15,2,0.05516,0.05516,0.00000,0.00000,0.00000
56.236,1,56347.000,16673,192000,3999.646,120.0,8,15,2,0.03265,0.03262,0.03265,0.00000,0.00000
56.236,2,56094.000,4529,192000,3999.646,120.0,8,15,2,0.09327,0.09327,0.00000,0.00000,0.00000
56.337,0,56321.000,15446,192000,3999.208,120.0,8,15,2,0.03625,0.03625,0.00000,0.00000,0.00000
56.337,1,56448.000,21529,192000,3999.479,120.0,8,15,2,0.02144,0.02142,0.02144,0.00000,0.00000
56.337,2,56195.000,9364,192000,3999.917,120.0,8,15,2,0.06135,0.06135,0.00000,0.00000,0.00000
56.439,0,56424.000,20353,192000,3999.979,120.0,8,15,2,0.02369,0.02369,0.00000,0.00000,0.00000
56.439,1,56550.000,26447,192000,3999.021,120.0,8,15,2,0.01400,0.01399,0.01400,0.00000,0.00000
56.439,2,56297.000,14260,192000,3999.917,120.0,8,15,2,0.04014,0.04014,0.00000,0.00000,0.00000
56.539,0,56524.000,25170,192000,3999.625,120.0,8,15,2,0.01561,0.01561,0.00000,0.00000,0.00000
56.539,1,56651.000,31275,192000,3999.438,120.0,8,15,2,0.00921,0.00921,0.00921,0.00000,0.00000
56.539,2,56397.000,19066,192000,3999.792,120.0,8,15,2,0.02647,0.02647,0.00000,0.00000,0.00000
56.639,0,56624.000,29985,192000,3999.312,120.0,8,15,2,0.01028,0.01028,0.00000,0.00000,0.00000
56.639,1,56752.000,36100,192000,3999.917,120.0,8,15,2,0.00607,0.00606,0.00607,0.00000,0.00000
56.639,2,56497.000,23870,192000,3999.708,120.0,8,15,2,0.01746,0.01746,0.00000,0.00000,0.00000
56.742,0,56727.000,34914,192000,3999.625,120.0,8,15,2,0.00671,0.00671,0.00000,0.00000,0.00000
56.742,1,56855.000,41040,192000,0.000,120.0,8,15,2,0.00395,0.00395,0.00395,0.00000,0.00000
56.742,2,56599.000,28787,192000,3999.271,120.0,8,15,2,0.01140,0.01140,0.00000,0.00000,0.00000
56.843,0,56828.000,39763,192000,3999.604,120.0,8,15,2,0.00441,0.00441,0.00000,0.00000,0.00000
56.843,1,56956.000,45900,192000,3999.750,120.0,8,15,2,0.00259,0.00259,0.00259,0.00000,0.00000
56.843,2,56700.000,33626,192000,3999.458,120.0,8,15,2,0.00750,0.00750,0.00000,0.00000,0.00000
56.945,0,56930.000,44670,192000,3999.375,120.0,8,15,2,0.00288,0.00288,0.00000,0.00000,0.00000
56.945,1,57058.000,50818,192000,3999.292,120.0,8,15,2,0.00169,0.00169,0.00169,0.00000,0.00000
56.945,2,56802.000,38521,192000,3999.479,120.0,8,15,2,0.00491,0.00491,0.00000,0.00000,0.00000
57.048,0,57032.000,49575,192000,3999.188,120.0,8,15,2,0.00188,0.00188,0.00000,0.00000,0.00000
57.048,1,57161.000,55734,192000,3999.875,120.0,8,15,2,0.00111,0.00111,0.00111,0.00000,0.00000
57.048,2,56904.000,43415,192000,3999.521,120.0,8,15,2,0.00321,0.00321,0.00000,0.00000,0.00000
57.149,0,57134.000,54450,192000,3999.625,120.0,8,15,2,0.00123,0.00123,0.00000,0.00000,0.00000
57.149,1,57262.000,60620,192000,3999.083,120.0,8,15,2,0.00072,0.00072,0.00072,0.00000,0.00000
57.149,2,57005.000,48280,192000,3999.167,120.0,8,15,2,0.00211,0.00211,0.00000,0.00000,0.00000
57.251,0,57235.000,59317,192000,3999.229,120.0,8,15,2,0.00081,0.00081,0.00000,0.00000,0.00000
57.251,1,57364.000,65498,192000,3999.458,120.0,8,15,2,0.00047,0.00047,0.00047,0.00000,0.00000
57.251,2,57106.000,53135,192000,3999.021,120.0,8,15,2,0.00138,0.00138,0.00000,0.00000,0.00000
57.351,0,57336.000,64156,192000,3999.417,120.0,8,15,2,0.00053,0.00053,0.00000,0.00000,0.00000
57.351,1,57465.000,70348,192000,3999.417,120.0,8,15,2,0.00031,0.00031,0.00031,0.00000,0.00000
57.351,2,57207.000,57963,192000,3999.438,120.0,8,15,2,0.00091,0.00091,0.00000,0.00000,0.00000
57.451,0,57436.000,68963,192000,3999.271,120.0,8,15,2,0.00035,0.00035,0.00000,0.00000,0.00000
57.451,1,57565.000,75166,192000,3999.042,120.0,8,15,2,0.00021,0.00021,0.00021,0.00000,0.00000
57.451,2,57307.000,62760,192000,3999.500,120.0,8,15,2,0.00060,0.00060,0.00000,0.00000,0.00000
57.555,0,57539.000,73910,192000,3999.208,120.0,8,15,2,0.00023,0.00023,0.00000,0.00000,0.00000
57.555,1,57669.000,80124,192000,3999.750,120.0,8,15,2,0.00013,0.00013,0.00013,0.00000,0.00000
57.555,2,57410.000,67696,192000,3999.667,120.0,8,15,2,0.00039,0.00039,0.00000,0.00000,0.00000
57.656,0,57641.000,78781,192000,3999.729,120.0,8,15,2,0.00015,0.00015,0.00000,0.00000,0.00000
57.656,1,57770.000,85006,192000,3999.042,120.0,8,15,2,0.00009,0.00009,0.00009,0.00000,0.00000
57.656,2,57511.000,72556,192000,3999.417,120.0,8,15,2,0.00026,0.00026,0.00000,0.00000,0.00000
57.756,0,57741.000,83589,192000,3999.562,120.0,8,15,2,0.00010,0.00010,0.00000,0.00000,0.00000
57.756,1,57871.000,89825,192000,3999.646,120.0,8,15,2,0.00006,0.00006,0.00006,0.00000,0.00000
57.756,2,57611.000,77353,192000,3999.479,120.0,8,15,2,0.00017,0.00017,0.00000,0.00000,0.00000
57.857,0,57842.000,88437,192000,3999.562,120.0,8,15,2,0.00006,0.00006,0.00000,0.00000,0.00000
57.857,1,57972.000,94683,192000,3999.438,120.0,8,15,2,0.00004,0.00004,0.00004,0.00000,0.00000
57.857,2,57712.000,82190,192000,3999.708,120.0,8,15,2,0.00011,0.00011,0.00000,0.00000,0.00000
57.957,0,57942.000,93238,192000,3999.542,120.0,8,15,2,0.00004,0.00004,0.00000,0.00000,0.00000
57.957,1,58072.000,99496,192000,3999.167,120.0,8,15,2,0.00002,0.00002,0.00002,0.00000,0.00000
57.957,2,57812.000,86981,192000,3999.896,120.0,8,15,2,0.00007,0.00007,0.00000,0.00000,0.00000
58.059,0,58044.000,98120,192000,3999.833,120.0,8,15,2,0.00003,0.00003,0.00000,0.00000,0.00000
58.059,1,58174.000,104388,192000,3999.250,120.0,8,15,2,0.00002,0.00002,0.00002,0.00000,0.00000
58.059,2,57913.000,91851,192000,3999.438,120.0,8,15,2,0.00005,0.00005,0.00000,0.00000,0.00000
58.160,0,58145.000,102962,192000,3999.958,120.0,8,15,2,0.00002,0.00002,0.00000,0.00000,0.00000
58.160,1,58275.000,109241,192000,3999.146,120.0,8,15,2,0.00001,0.00001,0.00001,0.00000,0.00000
58.160,2,58014.000,96682,192000,3999.792,120.0,8,15,2,0.00003,0.00003,0.00000,0.00000,0.00000
58.261,0,58245.000,107795,192000,3999.271,120.0,8,15,2,0.00001,0.00001,0.00000,0.00000,0.00000
58.261,1,58376.000,114085,192000,3999.229,120.0,8,15,2,0.00001,0.00001,0.00001,0.00000,0.00000
58.261,2,58114.000,101504,192000,3999.333,120.0,8,15,2,0.00002,0.00002,0.00000,0.00000,0.00000
58.361,0,58346.000,112628,192000,3999.583,120.0,8,15,2,0.00001,0.00001,0.00000,0.00000,0.00000
58.361,1,58477.000,118930,192000,3999.292,120.0,8,15,2,0.00000,0.00000,0.00000,0.00000,0.00000
58.361,2,58215.000,106327,192000,3999.854,120.0,8,15,2,0.00001,0.00001,0.00000,0.00000,0.00000
58.463,0,58448.000,117518,192000,3999.708,120.0,8,15,2,0.00001,0.00001,0.00000,0.00000,0.00000
58.463,1,58579.000,123830,192000,3999.208,120.0,8,15,2,0.00000,0.00000,0.00000,0.00000,0.00000
58.463,2,58316.000,111206,192000,3999.208,120.0,8,15,2,0.00001,0.00001,0.00000,0.00000,0.00000
58.564,0,58549.000,122359,192000,3999.854,120.0,8,15,2,0.00000,0.00000,0.00000,0.00000,0.00000
58.564,1,58680.000,128682,192000,3999.125,120.0,8,15,2,0.00000,0.00000,0.00000,0.00000,0.00000
58.564,2,58417.000,116036,192000,3999.583,120.0,8,15,2,0.00001,0.00001,0.00000,0.00000,0.00000
58.666,0,58651.000,127252,192000,3999.917,120.0,8,15,2,0.00000,0.00000,0.00000,0.00000,0.00000
58.666,1,58783.000,133586,192000,3999.958,120.0,8,15,2,0.00000,0.00000,0.00000,0.00000,0.00000
58.666,2,58519.000,120918,192000,3999.875,120.0,8,15,2,0.00000,0.00000,0.00000,0.00000,0.00000
58.768,0,58753.000,132174,192000,3999.375,120.0,8,15,2,0.00000,0.00000,0.00000,0.00000,0.00000
58.768,1,58885.000,138519,192000,3999.188,120.0,8,15,2,0.00000,0.00000,0.00000,0.00000,0.00000
58.768,2,58621.000,125829,192000,3999.562,120.0,8,15,2,0.00000,0.00000,0.00000,0.00000,0.00000
58.869,0,58854.000,137011,192000,3999.604,120.0,8,15,2,0.00000,0.00000,0.00000,0.00000,0.00000
58.869,1,58986.000,143367,192000,3999.188,120.0,8,15,2,0.00000,0.00000,0.00000,0.00000,0.00000
58.869,2,58721.000,130655,192000,3999.021,120.0,8,15,2,0.00000,0.00000,0.00000,0.00000,0.00000
58.971,0,58956.000,141903,192000,3999.688,120.0,8,15,2,0.00000,0.00000,0.00000,0.00000,0.00000
58.971,1,59088.000,148270,192000,3999.042,120.0,8,15,2,0.00000,0.00000,0.00000,0.00000,0.00000
58.971,2,58823.000,135536,192000,3999.333,120.0,8,15,2,0.00000,0.00000,0.00000,0.00000,0.00000
59.074,0,59058.000,146826,192000,3999.125,120.0,8,15,2,0.00000,0.00000,0.00000,0.00000,0.00000
59.074,1,59191.000,153204,192000,3999.250,120.0,8,15,2,0.00000,0.00000,0.00000,0.00000,0.00000
59.074,2,58926.000,140448,192000,0.000,120.0,8,15,2,0.00000,0.00000,0.00000,0.00000,0.00000
59.176,0,59161.000,151751,192000,3999.521,120.0,8,15,2,0.00000,0.00000,0.00000,0.00000,0.00000
59.176,1,59294.000,158140,192000,3999.417,120.0,8,15,2,0.00000,0.00000,0.00000,0.00000,0.00000
59.176,2,59028.000,145362,192000,3999.625,120.0,8,15,2,0.00000,0.00000,0.00000,0.00000,0.00000
59.277,0,59262.000,156596,192000,3999.583,120.0,8,15,2,0.00000,0.00000,0.00000,0.00000,0.00000
59.277,1,59395.000,162996,192000,3999.250,120.0,8,15,2,0.00000,0.00000,0.00000,0.00000,0.00000
59.277,2,59129.000,150196,192000,3999.917,120.0,8,15,2,0.00000,0.00000,0.00000,0.00000,0.00000
59.379,0,59364.000,161497,192000,3999.479,120.0,8,15,2,0.00000,0.00000,0.00000,0.00000,0.00000
59.379,1,59498.000,167908,192000,3999.917,120.0,8,15,2,0.00000,0.00000,0.00000,0.00000,0.00000
59.379,2,59230.000,155086,192000,3999.042,120.0,8,15,2,0.00000,0.00000,0.00000,0.00000,0.00000
59.481,0,59466.000,166401,192000,3999.312,120.0,8,15,2,0.00000,0.00000,0.00000,0.00000,0.00000
59.481,1,59600.000,172823,192000,3999.521,120.0,8,15,2,0.00000,0.00000,0.00000,0.00000,0.00000
59.481,2,59332.000,159979,192000,3999.104,120.0,8,15,2,0.00000,0.00000,0.00000,0.00000,0.00000
59.583,0,59568.000,171267,192000,3999.938,120.0,8,15,2,0.00000,0.00000,0.00000,0.00000,0.00000
59.583,1,59702.000,177700,192000,3999.917,120.0,8,15,2,0.00000,0.00000,0.00000,0.00000,0.00000
59.583,2,59434.000,164834,192000,3999.958,120.0,8,15,2,0.00000,0.00000,0.00000,0.00000,0.00000
59.684,0,59669.000,176119,192000,3999.854,120.0,8,15,2,0.00000,0.00000,0.00000,0.00000,0.00000
59.684,1,59803.000,182563,192000,3999.604,120.0,8,15,2,0.00000,0.00000,0.00000,0.00000,0.00000
59.684,2,59534.000,169675,192000,3999.104,120.0,8,15,2,0.00000,0.00000,0.00000,0.00000,0.00000
59.786,0,59771.000,181035,192000,3999.438,120.0,8,15,2,0.00000,0.00000,0.00000,0.00000,0.00000
59.786,1,59906.000,187491,192000,3999.938,120.0,8,15,2,0.00000,0.00000,0.00000,0.00000,0.00000
59.786,2,59637.000,174580,192000,3999.917,120.0,8,15,2,0.00000,0.00000,0.00000,0.00000,0.00000
59.888,0,59872.000,185891,192000,3999.271,120.0,8,15,2,0.00000,0.00000,0.00000,0.00000,0.00000
59.888,1,60007.000,357,192000,3999.562,120.0,8,16,2,0.00000,0.00000,0.00000,0.00000,0.00000
59.888,2,59738.000,179425,192000,3999.979,120.0,8,15,2,0.00000,0.00000,0.00000,0.00000,0.00000
59.988,0,59973.000,190712,192000,3999.833,120.0,8,15,2,0.00000,0.00000,0.00000,0.00000,0.00000
59.988,1,60108.000,5189,192000,3999.896,120.0,8,16,2,0.00000,0.00000,0.00000,0.00000,0.00000
59.988,2,59838.000,184235,192000,3999.771,120.0,8,15,2,0.00000,0.00000,0.00000,0.00000,0.00000
60.089,0,60074.000,3584,192000,3999.333,120.0,8,16,2,0.00000,0.00000,0.00000,0.00000,0.00000
60.089,1,60209.000,10072,192000,3999.167,120.0,8,16,2,0.00000,0.00000,0.00000,0.00000,0.00000
60.089,2,59939.000,189096,192000,3999.500,120.0,8,15,2,0.00000,0.00000,0.00000,0.00000,0.00000
60.192,0,60177.000,8506,192000,3999.792,120.0,8,16,2,0.00000,0.00000,0.00000,0.00000,0.00000
60.192,1,60312.000,15005,192000,3999.396,120.0,8,16,2,0.00000,0.00000,0.00000,0.00000,0.00000
60.192,2,60041.000,2007,192000,3999.188,120.0,8,16,2,0.00000,0.00000,0.00000,0.00000,0.00000
60.294,0,60279.000,13421,192000,3999.396,120.0,8,16,2,0.00000,0.00000,0.00000,0.00000,0.00000
60.294,1,60415.000,19931,192000,3999.771,120.0,8,16,2,0.00000,0.00000,0.00000,0.00000,0.00000
60.294,2,60143.000,6911,192000,3999.021,120.0,8,16,2,0.00000,0.00000,0.00000,0.00000,0.00000
60.397,0,60382.000,18351,192000,3999.688,120.0,8,16,2,0.00000,0.00000,0.00000,0.00000,0.00000
60.397,1,60518.000,24872,192000,3999.833,120.0,8,16,2,0.00000,0.00000,0.00000,0.00000,0.00000
60.397,2,60246.000,11830,192000,3999.542,120.0,8,16,2,0.00000,0.00000,0.00000,0.00000,0.00000
60.500,0,60484.000,23276,192000,3999.083,120.0,8,16,2,0.00000,0.00000,0.00000,0.00000,0.00000
60.500,1,60621.000,29808,192000,0.000,120.0,8,16,2,0.00000,0.00000,0.00000,0.00000,0.00000
60.500,2,60348.000,16743,192000,3999.188,120.0,8,16,2,0.00000,0.00000,0.00000,0.00000,0.00000
60.601,0,60586.000,28131,192000,3999.938,120.0,8,16,2,0.00000,0.00000,0.00000,0.00000,0.00000
60.601,1,60722.000,34675,192000,3999.604,120.0,8,16,2,0.00000,0.00000,0.00000,0.00000,0.00000
60.601,2,60449.000,21588,192000,3999.250,120.0,8,16,2,0.00000,0.00000,0.00000,0.00000,0.00000
60.702,0,60686.000,32972,192000,3999.083,120.0,8,16,2,0.00000,0.00000,0.00000,0.00000,0.00000
60.702,1,60823.000,39526,192000,3999.542,120.0,8,16,2,0.00000,0.00000,0.00000,0.00000,0.00000
60.702,2,60550.000,26418,192000,3999.625,120.0,8,16,2,0.00000,0.00000,0.00000,0.00000,0.00000
60.802,0,60787.000,37790,192000,3999.708,120.0,8,16,2,0.00000,0.00000,0.00000,0.00000,0.00000
60.802,1,60924.000,44355,192000,3999.938,120.0,8,16,2,0.00000,0.00000,0.00000,0.00000,0.00000
60.802,2,60650.000,31225,192000,3999.479,120.0,8,16,2,0.00000,0.00000,0.00000,0.00000,0.00000
60.903,0,60887.000,42620,192000,3999.083,120.0,8,16,2,0.00000,0.00000,0.00000,0.00000,0.00000
60.903,1,61024.000,49196,192000,3999.083,120.0,8,16,2,0.00000,0.00000,0.00000,0.00000,0.00000
60.903,2,60750.000,36044,192000,3999.083,120.0,8,16,2,0.00000,0.00000,0.00000,0.00000,0.00000
61.005,0,60989.000,47512,192000,3999.167,120.0,8,16,2,0.00000,0.00000,0.00000,0.00000,0.00000
61.005,1,61127.000,54098,192000,3999.958,120.0,8,16,2,0.00000,0.00000,0.00000,0.00000,0.00000
61.005,2,60852.000,40925,192000,3999.396,120.0,8,16,2,0.00000,0.00000,0.00000,0.00000,0.00000
61.106,0,61091.000,52369,192000,3999.979,120.0,8,16,2,0.00000,0.00000,0.00000,0.00000,0.00000
61.106,1,61228.000,58966,192000,3999.542,120.0,8,16,2,0.00000,0.00000,0.00000,0.00000,0.00000
61.106,2,60953.000,45771,192000,3999.438,120.0,8,16,2,0.00000,0.00000,0.00000,0.00000,0.00000
61.209,0,61193.000,57305,192000,3999.146,120.0,8,16,2,0.00000,0.00000,0.00000,0.00000,0.00000
61.209,1,61331.000,63914,192000,3999.458,120.0,8,16,2,0.00000,0.00000,0.00000,0.00000,0.00000
61.209,2,61056.000,50696,192000,3999.833,120.0,8,16,2,0.00000,0.00000,0.00000,0.00000,0.00000
61.310,0,61295.000,62188,192000,3999.417,120.0,8,16,2,0.00000,0.00000,0.00000,0.00000,0.00000
61.310,1,61433.000,68808,192000,3999.500,120.0,8,16,2,0.00000,0.00000,0.00000,0.00000,0.00000
61.310,2,61157.000,55568,192000,3999.333,120.0,8,16,2,0.00000,0.00000,0.00000,0.00000,0.00000
61.413,0,61398.000,67134,192000,3999.375,120.0,8,16,2,0.00000,0.00000,0.00000,0.00000,0.00000
61.413,1,61536.000,73765,192000,3999.229,120.0,8,16,2,0.00000,0.00000,0.00000,0.00000,0.00000
61.413,2,61260.000,60503,192000,3999.521,120.0,8,16,2,0.00000,0.00000,0.00000,0.00000,0.00000
61.515,0,61500.000,72024,192000,3999.500,120.0,8,16,2,0.00000,0.00000,0.00000,0.00000,0.00000
61.515,1,61638.000,78666,192000,3999.125,120.0,8,16,2,0.00000,0.00000,0.00000,0.00000,0.00000
61.515,2,61362.000,65382,192000,3999.875,120.0,8,16,2,0.00000,0.00000,0.00000,0.00000,0.00000
61.616,0,61601.000,76871,192000,3999.521,120.0,8,16,2,0.00000,0.00000,0.00000,0.00000,0.00000
61.616,1,61740.000,83524,192000,3999.917,120.0,8,16,2,0.00000,0.00000,0.00000,0.00000,0.00000
61.616,2,61462.000,70219,192000,3999.104,120.0,8,16,2,0.00000,0.00000,0.00000,0.00000,0.00000
61.717,0,61702.000,81700,192000,3999.917,120.0,8,16,2,0.00000,0.00000,0.00000,0.00000,0.00000
61.717,1,61840.000,88364,192000,3999.083,120.0,8,16,2,0.00000,0.00000,0.00000,0.00000,0.00000
61.717,2,61563.000,75037,192000,3999.729,120.0,8,16,2,0.00000,0.00000,0.00000,0.00000,0.00000
61.819,0,61804.000,86608,192000,3999.667,120.0,8,16,2,0.00000,0.00000,0.00000,0.00000,0.00000
61.819,1,61943.000,93282,192000,3999.625,120.0,8,16,2,0.00000,0.00000,0.00000,0.00000,0.00000
61.819,2,61665.000,79933,192000,3999.729,120.0,8,16,2,0.00000,0.00000,0.00000,0.00000,0.00000
61.920,0,61905.000,91446,192000,3999.875,120.0,8,16,2,0.00000,0.00000,0.00000,0.00000,0.00000
61.920,1,62044.000,98131,192000,3999.604,120.0,8,16,2,0.00000,0.00000,0.00000,0.00000,0.00000
61.920,2,61765.000,84760,192000,3999.167,120.0,8,16,2,0.00000,0.00000,0.00000,0.00000,0.00000
62.022,0,62006.000,96333,192000,3999.062,120.0,8,16,2,0.00000,0.00000,0.00000,0.00000,0.00000
62.022,1,62146.000,103029,192000,3999.562,120.0,8,16,2,0.00000,0.00000,0.00000,0.00000,0.00000
62.022,2,61867.000,89636,192000,3999.583,120.0,8,16,2,0.00000,0.00000,0.00000,0.00000,0.00000
62.123,0,62108.000,101207,192000,3999.521,120.0,8,16,2,0.00000,0.00000,0.00000,0.00000,0.00000
62.123,1,62248.000,107914,192000,3999.792,120.0,8,16,2,0.00000,0.00000,0.00000,0.00000,0.00000
62.123,2,61968.000,94499,192000,3999.271,120.0,8,16,2,0.00000,0.00000,0.00000,0.00000,0.00000
62.224,0,62209.000,106052,192000,3999.583,120.0,8,16,2,0.00000,0.00000,0.00000,0.00000,0.00000
62.224,1,62349.000,112770,192000,3999.625,120.0,8,16,2,0.00000,0.00000,0.00000,0.00000,0.00000
62.224,2,62069.000,99333,192000,3999.562,120.0,8,16,2,0.00000,0.00000,0.00000,0.00000,0.00000
62.326,0,62311.000,110952,192000,3999.500,120.0,8,16,2,0.00000,0.00000,0.00000,0.00000,0.00000
62.326,1,62451.000,117682,192000,3999.292,120.0,8,16,2,0.00000,0.00000,0.00000,0.00000,0.00000
62.326,2,62171.000,104223,192000,3999.688,120.0,8,16,2,0.00000,0.00000,0.00000,0.00000,0.00000
62.428,0,62413.000,115849,192000,3999.479,120.0,8,16,2,0.00000,0.00000,0.00000,0.00000,0.00000
62.428,1,62553.000,122590,192000,3999.042,120.0,8,16,2,0.00000,0.00000,0.00000,0.00000,0.00000
62.428,2,62273.000,109109,192000,3999.896,120.0,8,16,2,0.00000,0.00000,0.00000,0.00000,0.00000
62.530,0,62514.000,120715,192000,3999.104,120.0,8,16,2,0.00000,0.00000,0.00000,0.00000,0.00000
62.530,1,62655.000,127466,192000,3999.458,120.0,8,16,2,0.00000,0.00000,0.00000,0.00000,0.00000
62.530,2,62374.000,113963,192000,3999.771,120.0,8,16,2,0.00000,0.00000,0.00000,0.00000,0.00000
62.631,0,62616.000,125602,192000,3999.292,120.0,8,16,2,0.00000,0.00000,0.00000,0.00000,0.00000
62.631,1,62757.000,132365,192000,3999.396,120.0,8,16,2,0.00000,0.00000,0.00000,0.00000,0.00000
62.631,2,62475.000,118840,192000,3999.167,120.0,8,16,2,0.00000,0.00000,0.00000,0.00000,0.00000
62.732,0,62717.000,130418,192000,3999.958,120.0,8,16,2,0.00000,0.00000,0.00000,0.00000,0.00000
62.732,1,62858.000,137191,192000,3999.854,120.0,8,16,2,0.00000,0.00000,0.00000,0.00000,0.00000
62.732,2,62575.000,123645,192000,3999.062,120.0,8,16,2,0.00000,0.00000,0.00000,0.00000,0.00000
62.833,0,62818.000,135274,192000,3999.792,120.0,8,16,2,0.00000,0.00000,0.00000,0.00000,0.00000
62.833,1,62959.000,142058,192000,3999.458,120.0,8,16,2,0.00000,0.00000,0.00000,0.00000,0.00000
62.833,2,62676.000,128490,192000,3999.125,120.0,8,16,2,0.00000,0.00000,0.00000,0.00000,0.00000
62.935,0,62919.000,140156,192000,3999.083,120.0,8,16,2,0.00000,0.00000,0.00000,0.00000,0.00000
62.935,1,63061.000,146951,192000,3999.521,120.0,8,16,2,0.00000,0.00000,0.00000,0.00000,0.00000
62.935,2,62778.000,133360,192000,3999.667,120.0,8,16,2,0.00000,0.00000,0.00000,0.00000,0.00000
63.037,0,63022.000,145080,192000,3999.500,120.0,8,16,2,0.00000,0.00000,0.00000,0.00000,0.00000
63.037,1,63164.000,151887,192000,3999.688,120.0,8,16,2,0.00000,0.00000,0.00000,0.00000,0.00000
63.037,2,62880.000,138274,192000,3999.292,120.0,8,16,2,0.00000,0.00000,0.00000,0.00000,0.00000
63.140,0,63124.000,149994,192000,3999.125,120.0,8,16,2,0.00000,0.00000,0.00000,0.00000,0.00000
63.140,1,63266.000,156811,192000,3999.104,120.0,8,16,2,0.00000,0.00000,0.00000,0.00000,0.00000
63.140,2,62982.000,143176,192000,3999.167,120.0,8,16,2,0.00000,0.00000,0.00000,0.00000,0.00000
63.240,0,63225.000,154806,192000,3999.875,120.0,8,16,2,0.00000,0.00000,0.00000,0.00000,0.00000
63.240,1,63367.000,161634,192000,3999.625,120.0,8,16,2,0.00000,0.00000,0.00000,0.00000,0.00000
63.240,2,63082.000,147978,192000,3999.125,120.0,8,16,2,0.00000,0.00000,0.00000,0.00000,0.00000
63.342,0,63326.000,159685,192000,3999.229,120.0,8,16,2,0.00000,0.00000,0.00000,0.00000,0.00000
63.342,1,63469.000,166524,192000,3999.750,120.0,8,16,2,0.00000,0.00000,0.00000,0.00000,0.00000
63.342,2,63184.000,152846,192000,3999.708,120.0,8,16,2,0.00000,0.00000,0.00000,0.00000,0.00000
63.443,0,63428.000,164568,192000,3999.500,120.0,8,16,2,0.00000,0.00000,0.00000,0.00000,0.00000
63.443,1,63571.000,171418,192000,3999.792,120.0,8,16,2,0.00000,0.00000,0.00000,0.00000,0.00000
63.443,2,63285.000,157718,192000,3999.208,120.0,8,16,2,0.00000,0.00000,0.00000,0.00000,0.00000
63.544,0,63529.000,169399,192000,3999.854,120.0,8,16,2,0.00000,0.00000,0.00000,0.00000,0.00000
63.544,1,63672.000,176260,192000,3999.917,120.0,8,16,2,0.00000,0.00000,0.00000,0.00000,0.00000
63.544,2,63386.000,162538,192000,3999.792,120.0,8,16,2,0.00000,0.00000,0.00000,0.00000,0.00000
63.646,0,63631.000,174292,192000,3999.917,120.0,8,16,2,0.00000,0.00000,0.00000,0.00000,0.00000
63.646,1,63774.000,181164,192000,3999.750,120.0,8,16,2,0.00000,0.00000,0.00000,0.00000,0.00000
63.646,2,63487.000,167421,192000,3999.062,120.0,8,16,2,0.00000,0.00000,0.00000,0.00000,0.00000
63.747,0,63732.000,179154,192000,3999.625,120.0,8,16,2,0.00000,0.00000,0.00000,0.00000,0.00000
63.747,1,63875.000,186036,192000,3999.250,120.0,8,16,2,0.00000,0.00000,0.00000,0.00000,0.00000
63.747,2,63588.000,172271,192000,3999.021,120.0,8,16,2,0.00000,0.00000,0.00000,0.00000,0.00000
63.848,0,63833.000,184007,192000,3999.521,120.0,8,16,2,0.00000,0.00000,0.00000,0.00000,0.00000
63.848,1,63977.000,190901,192000,3999.896,120.0,8,16,2,0.00000,0.00000,0.00000,0.00000,0.00000
63.848,2,63689.000,177113,192000,3999.146,120.0,8,16,2,0.00000,0.00000,0.00000,0.00000,0.00000
63.949,0,63934.000,188852,192000,3999.583,120.0,8,16,2,0.00000,0.00000,0.00000,0.00000,0.00000
63.949,1,64078.000,3757,192000,3999.729,120.0,8,17,2,0.00000,0.00000,0.00000,0.00000,0.00000
63.949,2,63790.000,181948,192000,3999.417,120.0,8,16,2,0.00000,0.00000,0.00000,0.00000,0.00000
64.051,0,64036.000,1732,192000,3999.917,120.0,8,17,2,0.11893,0.00000,0.11893,0.00000,0.00000
64.051,1,64180.000,8648,192000,3999.833,120.0,8,17,2,0.00000,0.00000,0.00000,0.00000,0.00000
64.051,2,63892.000,186817,192000,3999.979,120.0,8,16,2,0.00000,0.00000,0.00000,0.00000,0.00000
64.152,0,64137.000,6610,192000,3999.292,120.0,8,17,2,0.07793,0.00000,0.07793,0.00000,0.00000
64.152,1,64282.000,13537,192000,3999.979,120.0,8,17,2,0.00000,0.00000,0.00000,0.00000,0.00000
64.152,2,63993.000,191684,192000,3999.583,120.0,8,16,2,0.00000,0.00000,0.00000,0.00000,0.00000
64.254,0,64239.000,11485,192000,3999.729,120.0,8,17,2,0.05108,0.00000,0.05108,0.00000,0.00000
64.254,1,64383.000,18423,192000,3999.188,120.0,8,17,2,0.00000,0.00000,0.00000,0.00000,0.00000
64.254,2,64094.000,4548,192000,3999.250,120.0,8,17,2,0.09322,0.00000,0.09322,0.00000,0.00000
64.356,0,64340.000,16358,192000,3999.208,120.0,8,17,2,0.03349,0.00000,0.03349,0.00000,0.00000
64.356,1,64485.000,23306,192000,3999.458,120.0,8,17,2,0.00000,0.00000,0.00000,0.00000,0.00000
64.356,2,64196.000,9409,192000,3999.979,120.0,8,17,2,0.06118,0.00000,0.06118,0.00000,0.00000
64.457,0,64441.000,21214,192000,3999.042,120.0,8,17,2,0.02199,0.00000,0.02199,0.00000,0.00000
64.457,1,64586.000,28174,192000,3999.042,120.0,8,17,2,0.00000,0.00000,0.00000,0.00000,0.00000
64.457,2,64296.000,14255,192000,3999.021,120.0,8,17,2,0.04020,0.00000,0.04020,0.00000,0.00000
64.557,0,64542.000,26038,192000,3999.542,120.0,8,17,2,0.01448,0.00000,0.01448,0.00000,0.00000
64.557,1,64687.000,33008,192000,3999.333,120.0,8,17,2,0.00000,0.00000,0.00000,0.00000,0.00000
64.557,2,64397.000,19067,192000,3999.771,120.0,8,17,2,0.02650,0.00000,0.02650,0.00000,0.00000
64.658,0,64643.000,30872,192000,3999.833,120.0,8,17,2,0.00952,0.00000,0.00952,0.00000,0.00000
64.658,1,64788.000,37853,192000,3999.396,120.0,8,17,2,0.00000,0.00000,0.00000,0.00000,0.00000
64.658,2,64497.000,23890,192000,3999.292,120.0,8,17,2,0.01745,0.00000,0.01745,0.00000,0.00000
64.760,0,64745.000,35762,192000,3999.958,120.0,8,17,2,0.00623,0.00000,0.00623,0.00000,0.00000
64.760,1,64890.000,42754,192000,3999.292,120.0,8,17,2,0.00000,0.00000,0.00000,0.00000,0.00000
64.760,2,64599.000,28769,192000,3999.646,120.0,8,17,2,0.01143,0.00000,0.01143,0.00000,0.00000
64.862,0,64847.000,40676,192000,3999.583,120.0,8,17,2,0.00407,0.00000,0.00407,0.00000,0.00000
64.862,1,64993.000,47680,192000,3999.667,120.0,8,17,2,0.00000,0.00000,0.00000,0.00000,0.00000
64.862,2,64701.000,33673,192000,3999.479,120.0,8,17,2,0.00747,0.00000,0.00747,0.00000,0.00000
64.964,0,64949.000,45561,192000,3999.812,120.0,8,17,2,0.00267,0.00000,0.00267,0.00000,0.00000
64.964,1,65095.000,52575,192000,3999.688,120.0,8,17,2,0.00000,0.00000,0.00000,0.00000,0.00000
64.964,2,64803.000,38547,192000,3999.938,120.0,8,17,2,0.00490,0.00000,0.00490,0.00000,0.00000
65.066,0,65051.000,50453,192000,3999.896,120.0,8,17,2,0.00175,0.00000,0.00175,0.00000,0.00000
65.066,1,65197.000,57478,192000,3999.542,120.0,8,17,2,0.00000,0.00000,0.00000,0.00000,0.00000
65.066,2,64904.000,43428,192000,3999.250,120.0,8,17,2,0.00321,0.00000,0.00321,0.00000,0.00000
65.166,0,65151.000,55272,192000,3999.500,120.0,8,17,2,0.00115,0.00000,0.00115,0.00000,0.00000
65.166,1,65298.000,62308,192000,3999.917,120.0,8,17,2,0.00000,0.00000,0.00000,0.00000,0.00000
65.166,2,65004.000,48235,192000,3999.104,120.0,8,17,2,0.00212,0.00000,0.00212,0.00000,0.00000
65.267,0,65251.000,60084,192000,3999.250,120.0,8,17,2,0.00076,0.00000,0.00076,0.00000,0.00000
65.267,1,65398.000,67131,192000,3999.438,120.0,8,17,2,0.00000,0.00000,0.00000,0.00000,0.00000
65.267,2,65104.000,53037,192000,3999.062,120.0,8,17,2,0.00140,0.00000,0.00140,0.00000,0.00000
65.368,0,65353.000,64959,192000,3999.688,120.0,8,17,2,0.00050,0.00000,0.00050,0.00000,0.00000
65.368,1,65500.000,72017,192000,3999.646,120.0,8,17,2,0.00000,0.00000,0.00000,0.00000,0.00000
65.368,2,65206.000,57902,192000,3999.708,120.0,8,17,2,0.00092,0.00000,0.00092,0.00000,0.00000
65.470,0,65455.000,69861,192000,3999.562,120.0,8,17,2,0.00032,0.00000,0.00032,0.00000,0.00000
65.470,1,65602.000,76930,192000,3999.292,120.0,8,17,2,0.00000,0.00000,0.00000,0.00000,0.00000
65.470,2,65308.000,62792,192000,3999.833,120.0,8,17,2,0.00060,0.00000,0.00060,0.00000,0.00000
65.573,0,65557.000,74775,192000,3999.188,120.0,8,17,2,0.00021,0.00000,0.00021,0.00000,0.00000
65.573,1,65705.000,81855,192000,3999.688,120.0,8,17,2,0.00000,0.00000,0.00000,0.00000,0.00000
65.573,2,65410.000,67695,192000,3999.688,120.0,8,17,2,0.00039,0.00000,0.00039,0.00000,0.00000
65.673,0,65658.000,79606,192000,3999.542,120.0,8,17,2,0.00014,0.00000,0.00014,0.00000,0.00000
65.673,1,65806.000,86697,192000,3999.812,120.0,8,17,2,0.00000,0.00000,0.00000,0.00000,0.00000
65.673,2,65510.000,72515,192000,3999.271,120.0,8,17,2,0.00026,0.00000,0.00026,0.00000,0.00000
65.774,0,65759.000,84454,192000,3999.542,120.0,8,17,2,0.00009,0.00000,0.00009,0.00000,0.00000
65.774,1,65907.000,91556,192000,3999.583,120.0,8,17,2,0.00000,0.00000,0.00000,0.00000,0.00000
65.774,2,65611.000,77352,192000,3999.500,120.0,8,17,2,0.00017,0.00000,0.00017,0.00000,0.00000
65.875,0,65860.000,89297,192000,3999.646,120.0,8,17,2,0.00006,0.00000,0.00006,0.00000,0.00000
65.875,1,66008.000,96410,192000,3999.458,120.0,8,17,2,0.00000,0.00000,0.00000,0.00000,0.00000
65.875,2,65712.000,82184,192000,3999.833,120.0,8,17,2,0.00011,0.00000,0.00011,0.00000,0.00000
65.977,0,65962.000,94178,192000,3999.958,120.0,8,17,2,0.00004,0.00000,0.00004,0.00000,0.00000
65.977,1,66110.000,101302,192000,3999.542,120.0,8,17,2,0.00000,0.00000,0.00000,0.00000,0.00000
65.977,2,65813.000,87054,192000,3999.375,120.0,8,17,2,0.00007,0.00000,0.00007,0.00000,0.00000
66.079,0,66064.000,99098,192000,3999.458,120.0,8,17,2,0.00003,0.00000,0.00003,0.00000,0.00000
66.079,1,66213.000,106233,192000,3999.812,120.0,8,17,2,0.00000,0.00000,0.00000,0.00000,0.00000
66.079,2,65915.000,91963,192000,3999.104,120.0,8,17,2,0.00005,0.00000,0.00005,0.00000,0.00000
66.180,0,66165.000,103925,192000,3999.896,120.0,8,17,2,0.00002,0.00000,0.00002,0.00000,0.00000
66.180,1,66313.000,111070,192000,3999.042,120.0,8,17,2,0.00000,0.00000,0.00000,0.00000,0.00000
66.180,2,66016.000,96779,192000,3999.771,120.0,8,17,2,0.00003,0.00000,0.00003,0.00000,0.00000
66.283,0,66267.000,108851,192000,3999.271,120.0,8,17,2,0.00001,0.00000,0.00001,0.00000,0.00000
66.283,1,66416.000,116007,192000,3999.188,120.0,8,17,2,0.00000,0.00000,0.00000,0.00000,0.00000
66.283,2,66118.000,101694,192000,3999.375,120.0,8,17,2,0.00002,0.00000,0.00002,0.00000,0.00000
66.384,0,66368.000,113705,192000,3999.146,120.0,8,17,2,0.00001,0.00000,0.00001,0.00000,0.00000
66.384,1,66518.000,120873,192000,3999.812,120.0,8,17,2,0.00000,0.00000,0.00000,0.00000,0.00000
66.384,2,66219.000,106538,192000,3999.458,120.0,8,17,2,0.00001,0.00000,0.00001,0.00000,0.00000
66.484,0,66469.000,118516,192000,3999.917,120.0,8,17,2,0.00000,0.00000,0.00000,0.00000,0.00000
66.484,1,66618.000,125694,192000,3999.375,120.0,8,17,2,0.00000,0.00000,0.00000,0.00000,0.00000
66.484,2,66319.000,111337,192000,3999.479,120.0,8,17,2,0.00001,0.00000,0.00001,0.00000,0.00000
66.587,0,66571.000,123446,192000,3999.208,120.0,8,17,2,0.00000,0.00000,0.00000,0.00000,0.00000
66.587,1,66721.000,130636,192000,3999.417,120.0,8,17,2,0.00000,0.00000,0.00000,0.00000,0.00000
66.587,2,66422.000,116257,192000,3999.979,120.0,8,17,2,0.00001,0.00000,0.00001,0.00000,0.00000
66.689,0,66674.000,128357,192000,3999.896,120.0,8,17,2,0.00000,0.00000,0.00000,0.00000,0.00000
66.689,1,66824.000,135558,192000,3999.875,120.0,8,17,2,0.00000,0.00000,0.00000,0.00000,0.00000
66.689,2,66524.000,121157,192000,3999.896,120.0,8,17,2,0.00000,0.00000,0.00000,0.00000,0.00000
66.789,0,66774.000,133177,192000,3999.479,120.0,8,17,2,0.00000,0.00000,0.00000,0.00000,0.00000
66.789,1,66924.000,140388,192000,3999.250,120.0,8,17,2,0.00000,0.00000,0.00000,0.00000,0.00000
66.789,2,66624.000,125965,192000,3999.729,120.0,8,17,2,0.00000,0.00000,0.00000,0.00000,0.00000
66.890,0,66874.000,137991,192000,3999.188,120.0,8,17,2,0.00000,0.00000,0.00000,0.00000,0.00000
66.890,1,67025.000,145214,192000,3999.708,120.0,8,17,2,0.00000,0.00000,0.00000,0.00000,0.00000
66.890,2,66724.000,130769,192000,3999.646,120.0,8,17,2,0.00000,0.00000,0.00000,0.00000,0.00000
66.990,0,66975.000,142802,192000,3999.958,120.0,8,17,2,0.00000,0.00000,0.00000,0.00000,0.00000
66.990,1,67125.000,150036,192000,3999.250,120.0,8,17,2,0.00000,0.00000,0.00000,0.00000,0.00000
66.990,2,66824.000,135569,192000,3999.646,120.0,8,17,2,0.00000,0.00000,0.00000,0.00000,0.00000
67.091,0,67075.000,147644,192000,3999.083,120.0,8,17,2,0.00000,0.00000,0.00000,0.00000,0.00000
67.091,1,67226.000,154888,192000,3999.167,120.0,8,17,2,0.00000,0.00000,0.00000,0.00000,0.00000
67.091,2,66925.000,140400,192000,0.000,120.0,8,17,2,0.00000,0.00000,0.00000,0.00000,0.00000
67.191,0,67176.000,152482,192000,3999.292,120.0,8,17,2,0.00000,0.00000,0.00000,0.00000,0.00000
67.191,1,67327.000,159737,192000,3999.146,120.0,8,17,2,0.00000,0.00000,0.00000,0.00000,0.00000
67.191,2,67025.000,145227,192000,3999.438,120.0,8,17,2,0.00000,0.00000,0.00000,0.00000,0.00000
67.293,0,67278.000,157364,192000,3999.583,120.0,8,17,2,0.00000,0.00000,0.00000,0.00000,0.00000
67.293,1,67429.000,164630,192000,3999.208,120.0,8,17,2,0.00000,0.00000,0.00000,0.00000,0.00000
67.293,2,67127.000,150098,192000,3999.958,120.0,8,17,2,0.00000,0.00000,0.00000,0.00000,0.00000
67.394,0,67379.000,162208,192000,3999.667,120.0,8,17,2,0.00000,0.00000,0.00000,0.00000,0.00000
67.394,1,67530.000,169485,192000,3999.062,120.0,8,17,2,0.00000,0.00000,0.00000,0.00000,0.00000
67.394,2,67227.000,154931,192000,3999.271,120.0,8,17,2,0.00000,0.00000,0.00000,0.00000,0.00000
67.495,0,67479.000,167038,192000,3999.042,120.0,8,17,2,0.00000,0.00000,0.00000,0.00000,0.00000
67.495,1,67631.000,174326,192000,3999.208,120.0,8,17,2,0.00000,0.00000,0.00000,0.00000,0.00000
67.495,2,67328.000,159750,192000,3999.875,120.0,8,17,2,0.00000,0.00000,0.00000,0.00000,0.00000
67.597,0,67582.000,171936,192000,0.000,120.0,8,17,2,0.00000,0.00000,0.00000,0.00000,0.00000
67.597,1,67734.000,179234,192000,3999.958,120.0,8,17,2,0.00000,0.00000,0.00000,0.00000,0.00000
67.597,2,67429.000,164637,192000,3999.062,120.0,8,17,2,0.00000,0.00000,0.00000,0.00000,0.00000
67.698,0,67683.000,176798,192000,3999.708,120.0,8,17,2,0.00000,0.00000,0.00000,0.00000,0.00000
67.698,1,67835.000,184107,192000,3999.438,120.0,8,17,2,0.00000,0.00000,0.00000,0.00000,0.00000
67.698,2,67531.000,169488,192000,0.000,120.0,8,17,2,0.00000,0.00000,0.00000,0.00000,0.00000
67.800,0,67785.000,181709,192000,3999.396,120.0,8,17,2,0.00000,0.00000,0.00000,0.00000,0.00000
67.800,1,67938.000,189029,192000,3999.896,120.0,8,17,2,0.00000,0.00000,0.00000,0.00000,0.00000
67.800,2,67633.000,174388,192000,3999.917,120.0,8,17,2,0.00000,0.00000,0.00000,0.00000,0.00000
67.901,0,67886.000,186552,192000,3999.500,120.0,8,17,2,0.00000,0.00000,0.00000,0.00000,0.00000
67.901,1,68039.000,1883,192000,3999.771,120.0,8,18,2,0.11696,0.11696,0.11689,0.00000,0.00000
67.901,2,67733.000,179220,192000,3999.250,120.0,8,17,2,0.00000,0.00000,0.00000,0.00000,0.00000
68.004,0,67989.000,191484,192000,3999.750,120.0,8,17,2,0.00000,0.00000,0.00000,0.00000,0.00000
68.004,1,68142.000,6826,192000,3999.792,120.0,8,18,2,0.07621,0.07621,0.07617,0.00000,0.00000
68.004,2,67836.000,184141,192000,3999.729,120.0,8,17,2,0.00000,0.00000,0.00000,0.00000,0.00000
68.104,0,68089.000,4290,192000,3999.625,120.0,8,18,2,0.09483,0.09483,0.00000,0.00000,0.00000
68.104,1,68242.000,11644,192000,3999.417,120.0,8,18,2,0.05020,0.05020,0.05017,0.00000,0.00000
68.104,2,67936.000,188937,192000,3999.812,120.0,8,17,2,0.00000,0.00000,0.00000,0.00000,0.00000
68.204,0,68189.000,9098,192000,3999.458,120.0,8,18,2,0.06252,0.06252,0.00000,0.00000,0.00000
68.204,1,68342.000,16462,192000,3999.042,120.0,8,18,2,0.03307,0.03307,0.03305,0.00000,0.00000
68.204,2,68036.000,1734,192000,3999.875,120.0,8,18,2,0.11846,0.11846,0.00000,0.00000,0.00000
68.310,0,68295.000,14170,192000,3999.792,120.0,8,18,2,0.04029,0.04029,0.00000,0.00000,0.00000
68.310,1,68448.000,21546,192000,3999.125,120.0,8,18,2,0.02129,0.02129,0.02128,0.00000,0.00000
68.310,2,68141.000,6795,192000,3999.438,120.0,8,18,2,0.07641,0.07641,0.00000,0.00000,0.00000
68.411,0,68396.000,19034,192000,3999.458,120.0,8,18,2,0.02643,0.02643,0.00000,0.00000,0.00000
68.411,1,68550.000,26421,192000,3999.562,120.0,8,18,2,0.01395,0.01395,0.01395,0.00000,0.00000
68.411,2,68242.000,11648,192000,3999.333,120.0,8,18,2,0.05018,0.05018,0.00000,0.00000,0.00000
68.513,0,68498.000,23922,192000,3999.625,120.0,8,18,2,0.01731,0.01731,0.00000,0.00000,0.00000
68.513,1,68652.000,31320,192000,3999.500,120.0,8,18,2,0.00913,0.00913,0.00912,0.00000,0.00000
68.513,2,68344.000,16524,192000,3999.750,120.0,8,18,2,0.03289,0.03289,0.00000,0.00000,0.00000
68.614,0,68599.000,28773,192000,3999.562,120.0,8,18,2,0.01137,0.01137,0.00000,0.00000,0.00000
68.614,1,68753.000,36181,192000,3999.229,120.0,8,18,2,0.00599,0.00599,0.00599,0.00000,0.00000
68.614,2,68445.000,21364,192000,3999.917,120.0,8,18,2,0.02162,0.02162,0.00000,0.00000,0.00000
68.715,0,68700.000,33619,192000,3999.604,120.0,8,18,2,0.00747,0.00747,0.00000,0.00000,0.00000
68.715,1,68854.000,41038,192000,3999.042,120.0,8,18,2,0.00393,0.00393,0.00393,0.00000,0.00000
68.715,2,68545.000,26199,192000,3999.188,120.0,8,18,2,0.01422,0.01422,0.00000,0.00000,0.00000
68.817,0,68802.000,38528,192000,3999.333,120.0,8,18,2,0.00488,0.00488,0.00000,0.00000,0.00000
68.817,1,68957.000,45958,192000,3999.542,120.0,8,18,2,0.00257,0.00257,0.00257,0.00000,0.00000
68.817,2,68647.000,31098,192000,3999.125,120.0,8,18,2,0.00930,0.00930,0.00000,0.00000,0.00000
68.919,0,68904.000,43392,192000,0.000,120.0,8,18,2,0.00320,0.00320,0.00000,0.00000,0.00000
68.919,1,69059.000,50833,192000,3999.979,120.0,8,18,2,0.00168,0.00168,0.00168,0.00000,0.00000
68.919,2,68748.000,35951,192000,3999.021,120.0,8,18,2,0.00611,0.00611,0.00000,0.00000,0.00000
69.022,0,69007.000,48340,192000,3999.917,120.0,8,18,2,0.00209,0.00209,0.00000,0.00000,0.00000
69.022,1,69162.000,55793,192000,3999.646,120.0,8,18,2,0.00110,0.00110,0.00109,0.00000,0.00000
69.022,2,68851.000,40888,192000,3999.167,120.0,8,18,2,0.00398,0.00398,0.00000,0.00000,0.00000
69.124,0,69109.000,53244,192000,3999.750,120.0,8,18,2,0.00136,0.00136,0.00000,0.00000,0.00000
69.124,1,69264.000,60708,192000,3999.250,120.0,8,18,2,0.00072,0.00072,0.00071,0.00000,0.00000
69.124,2,68953.000,45780,192000,3999.250,120.0,8,18,2,0.00261,0.00261,0.00000,0.00000,0.00000
69.226,0,69211.000,58135,192000,3999.854,120.0,8,18,2,0.00089,0.00089,0.00000,0.00000,0.00000
69.226,1,69366.000,65609,192000,3999.146,120.0,8,18,2,0.00047,0.00047,0.00047,0.00000,0.00000
69.226,2,69055.000,50660,192000,3999.583,120.0,8,18,2,0.00171,0.00171,0.00000,0.00000,0.00000
69.327,0,69311.000,62974,192000,3999.042,120.0,8,18,2,0.00059,0.00059,0.00000,0.00000,0.00000
69.327,1,69467.000,70459,192000,3999.104,120.0,8,18,2,0.00031,0.00031,0.00031,0.00000,0.00000
69.327,2,69156.000,55488,192000,0.000,120.0,8,18,2,0.00112,0.00112,0.00000,0.00000,0.00000
69.430,0,69415.000,67925,192000,3999.896,120.0,8,18,2,0.00038,0.00038,0.00000,0.00000,0.00000
69.430,1,69571.000,75422,192000,3999.708,120.0,8,18,2,0.00020,0.00020,0.00020,0.00000,0.00000
69.430,2,69258.000,60429,192000,3999.062,120.0,8,18,2,0.00073,0.00073,0.00000,0.00000,0.00000
69.533,0,69517.000,72860,192000,3999.083,120.0,8,18,2,0.00025,0.00025,0.00000,0.00000,0.00000
69.533,1,69674.000,80368,192000,3999.667,120.0,8,18,2,0.00013,0.00013,0.00013,0.00000,0.00000
69.533,2,69361.000,65353,192000,3999.479,120.0,8,18,2,0.00048,0.00048,0.00000,0.00000,0.00000
69.634,0,69619.000,77728,192000,3999.667,120.0,8,18,2,0.00016,0.00016,0.00000,0.00000,0.00000
69.634,1,69775.000,85246,192000,3999.042,120.0,8,18,2,0.00009,0.00009,0.00009,0.00000,0.00000
69.634,2,69462.000,70209,192000,3999.312,120.0,8,18,2,0.00031,0.00031,0.00000,0.00000,0.00000
69.734,0,69719.000,82541,192000,3999.396,120.0,8,18,2,0.00011,0.00011,0.00000,0.00000,0.00000
69.734,1,69876.000,90071,192000,3999.521,120.0,8,18,2,0.00006,0.00006,0.00006,0.00000,0.00000
69.734,2,69562.000,75012,192000,3999.250,120.0,8,18,2,0.00021,0.00021,0.00000,0.00000,0.00000
69.837,0,69821.000,87452,192000,3999.083,120.0,8,18,2,0.00007,0.00007,0.00000,0.00000,0.00000
69.837,1,69979.000,94992,192000,0.000,120.0,8,18,2,0.00004,0.00004,0.00004,0.00000,0.00000
69.837,2,69664.000,79911,192000,3999.188,120.0,8,18,2,0.00014,0.00014,0.00000,0.00000,0.00000
69.939,0,69924.000,92365,192000,3999.729,120.0,8,18,2,0.00005,0.00005,0.00000,0.00000,0.00000
69.939,1,70081.000,99917,192000,3999.396,120.0,8,18,2,0.00002,0.00002,0.00002,0.00000,0.00000
69.939,2,69766.000,84814,192000,3999.042,120.0,8,18,2,0.00009,0.00009,0.00000,0.00000,0.00000
70.039,0,70024.000,97186,192000,3999.292,120.0,8,18,2,0.00003,0.00003,0.00000,0.00000,0.00000
70.039,1,70182.000,104748,192000,3999.750,120.0,8,18,2,0.00002,0.00002,0.00002,0.00000,0.00000
70.039,2,69867.000,89623,192000,3999.854,120.0,8,18,2,0.00006,0.00006,0.00000,0.00000,0.00000
70.142,0,70127.000,102128,192000,3999.333,120.0,8,18,2,0.00002,0.00002,0.00000,0.00000,0.00000
70.142,1,70285.000,109702,192000,3999.542,120.0,8,18,2,0.00001,0.00001,0.00001,0.00000,0.00000
70.142,2,69969.000,94555,192000,3999.104,120.0,8,18,2,0.00004,0.00004,0.00000,0.00000,0.00000
70.244,0,70229.000,107011,192000,3999.604,120.0,8,18,2,0.00001,0.00001,0.00000,0.00000,0.00000
70.244,1,70387.000,114595,192000,3999.604,120.0,8,18,2,0.00001,0.00001,0.00001,0.00000,0.00000
70.244,2,70071.000,99426,192000,3999.625,120.0,8,18,2,0.00002,0.00002,0.00000,0.00000,0.00000
70.345,0,70330.000,111848,192000,3999.833,120.0,8,18,2,0.00001,0.00001,0.00000,0.00000,0.00000
70.345,1,70488.000,119443,192000,3999.604,120.0,8,18,2,0.00000,0.00000,0.00000,0.00000,0.00000
70.345,2,70171.000,104252,192000,3999.083,120.0,8,18,2,0.00002,0.00002,0.00000,0.00000,0.00000
70.448,0,70433.000,116789,192000,3999.896,120.0,8,18,2,0.00001,0.00001,0.00000,0.00000,0.00000
70.448,1,70591.000,124395,192000,3999.438,120.0,8,18,2,0.00000,0.00000,0.00000,0.00000,0.00000
70.448,2,70274.000,109182,192000,3999.375,120.0,8,18,2,0.00001,0.00001,0.00000,0.00000,0.00000
70.550,0,70535.000,121692,192000,3999.750,120.0,8,18,2,0.00000,0.00000,0.00000,0.00000,0.00000
70.550,1,70693.000,129310,192000,3999.042,120.0,8,18,2,0.00000,0.00000,0.00000,0.00000,0.00000
70.550,2,70376.000,114074,192000,3999.458,120.0,8,18,2,0.00001,0.00001,0.00000,0.00000,0.00000
70.650,0,70635.000,126503,192000,3999.521,120.0,8,18,2,0.00000,0.00000,0.00000,0.00000,0.00000
70.650,1,70794.000,134132,192000,3999.583,120.0,8,18,2,0.00000,0.00000,0.00000,0.00000,0.00000
70.650,2,70476.000,118875,192000,3999.438,120.0,8,18,2,0.00000,0.00000,0.00000,0.00000,0.00000
70.751,0,70736.000,131359,192000,3999.354,120.0,8,18,2,0.00000,0.00000,0.00000,0.00000,0.00000
70.751,1,70895.000,138998,192000,3999.208,120.0,8,18,2,0.00000,0.00000,0.00000,0.00000,0.00000
70.751,2,70577.000,123720,192000,3999.500,120.0,8,18,2,0.00000,0.00000,0.00000,0.00000,0.00000
70.852,0,70837.000,136193,192000,3999.646,120.0,8,18,2,0.00000,0.00000,0.00000,0.00000,0.00000
70.852,1,70996.000,143843,192000,3999.271,120.0,8,18,2,0.00000,0.00000,0.00000,0.00000,0.00000
70.852,2,70677.000,128543,192000,3999.021,120.0,8,18,2,0.00000,0.00000,0.00000,0.00000,0.00000
70.954,0,70939.000,141103,192000,3999.354,120.0,8,18,2,0.00000,0.00000,0.00000,0.00000,0.00000
70.954,1,71099.000,148764,192000,3999.750,120.0,8,18,2,0.00000,0.00000,0.00000,0.00000,0.00000
70.954,2,70780.000,133441,192000,3999.979,120.0,8,18,2,0.00000,0.00000,0.00000,0.00000,0.00000
71.055,0,71040.000,145954,192000,3999.292,120.0,8,18,2,0.00000,0.00000,0.00000,0.00000,0.00000
71.055,1,71200.000,153626,192000,3999.458,120.0,8,18,2,0.00000,0.00000,0.00000,0.00000,0.00000
71.055,2,70880.000,138281,192000,3999.146,120.0,8,18,2,0.00000,0.00000,0.00000,0.00000,0.00000
71.158,0,71143.000,150867,192000,3999.938,120.0,8,18,2,0.00000,0.00000,0.00000,0.00000,0.00000
71.158,1,71303.000,158550,192000,3999.875,120.0,8,18,2,0.00000,0.00000,0.00000,0.00000,0.00000
71.158,2,70983.000,143184,192000,0.000,120.0,8,18,2,0.00000,0.00000,0.00000,0.00000,0.00000
71.259,0,71244.000,155741,192000,3999.396,120.0,8,18,2,0.00000,0.00000,0.00000,0.00000,0.00000
71.259,1,71404.000,163435,192000,3999.104,120.0,8,18,2,0.00000,0.00000,0.00000,0.00000,0.00000
71.259,2,71084.000,148047,192000,3999.688,120.0,8,18,2,0.00000,0.00000,0.00000,0.00000,0.00000
71.362,0,71347.000,160658,192000,3999.958,120.0,8,18,2,0.00000,0.00000,0.00000,0.00000,0.00000
71.362,1,71507.000,168364,192000,3999.417,120.0,8,18,2,0.00000,0.00000,0.00000,0.00000,0.00000
71.362,2,71186.000,152953,192000,3999.479,120.0,8,18,2,0.00000,0.00000,0.00000,0.00000,0.00000
71.464,0,71448.000,165544,192000,3999.167,120.0,8,18,2,0.00000,0.00000,0.00000,0.00000,0.00000
71.464,1,71609.000,173260,192000,3999.417,120.0,8,18,2,0.00000,0.00000,0.00000,0.00000,0.00000
71.464,2,71288.000,157828,192000,3999.917,120.0,8,18,2,0.00000,0.00000,0.00000,0.00000,0.00000
71.564,0,71549.000,170361,192000,3999.812,120.0,8,18,2,0.00000,0.00000,0.00000,0.00000,0.00000
71.564,1,71710.000,178088,192000,3999.833,120.0,8,18,2,0.00000,0.00000,0.00000,0.00000,0.00000
71.564,2,71388.000,162634,192000,3999.792,120.0,8,18,2,0.00000,0.00000,0.00000,0.00000,0.00000
71.666,0,71651.000,175270,192000,3999.542,120.0,8,18,2,0.00000,0.00000,0.00000,0.00000,0.00000
71.666,1,71812.000,183008,192000,3999.333,120.0,8,18,2,0.00000,0.00000,0.00000,0.00000,0.00000
71.666,2,71490.000,167532,192000,3999.750,120.0,8,18,2,0.00000,0.00000,0.00000,0.00000,0.00000
71.768,0,71753.000,180150,192000,3999.875,120.0,8,18,2,0.00000,0.00000,0.00000,0.00000,0.00000
71.768,1,71914.000,187899,192000,3999.438,120.0,8,18,2,0.00000,0.00000,0.00000,0.00000,0.00000
71.768,2,71591.000,172401,192000,3999.312,120.0,8,18,2,0.00000,0.00000,0.00000,0.00000,0.00000
71.869,0,71854.000,185012,192000,3999.583,120.0,8,18,2,0.00000,0.00000,0.00000,0.00000,0.00000
71.869,1,72016.000,772,192000,3999.917,120.0,8,19,2,0.00000,0.00000,0.00000,0.00000,0.00000
71.869,2,71692.000,177252,192000,3999.250,120.0,8,18,2,0.00000,0.00000,0.00000,0.00000,0.00000
71.971,0,71955.000,189886,192000,3999.042,120.0,8,18,2,0.00000,0.00000,0.00000,0.00000,0.00000
71.971,1,72117.000,5657,192000,3999.146,120.0,8,19,2,0.00000,0.00000,0.00000,0.00000,0.00000
71.971,2,71794.000,182115,192000,3999.938,120.0,8,18,2,0.00000,0.00000,0.00000,0.00000,0.00000
72.072,0,72057.000,2763,192000,3999.438,120.0,8,19,2,0.00000,0.00000,0.00000,0.00000,0.00000
72.072,1,72219.000,10545,192000,3999.312,120.0,8,19,2,0.00000,0.00000,0.00000,0.00000,0.00000
72.072,2,71895.000,186981,192000,3999.562,120.0,8,18,2,0.00000,0.00000,0.00000,0.00000,0.00000
72.175,0,72160.000,7683,192000,3999.938,120.0,8,19,2,0.00000,0.00000,0.00000,0.00000,0.00000
72.175,1,72322.000,15476,192000,3999.583,120.0,8,19,2,0.00000,0.00000,0.00000,0.00000,0.00000
72.175,2,71997.000,191890,192000,3999.292,120.0,8,18,2,0.00000,0.00000,0.00000,0.00000,0.00000
72.275,0,72260.000,12498,192000,3999.625,120.0,8,19,2,0.00000,0.00000,0.00000,0.00000,0.00000
72.275,1,72422.000,20302,192000,3999.042,120.0,8,19,2,0.00000,0.00000,0.00000,0.00000,0.00000
72.275,2,72097.000,4695,192000,3999.188,120.0,8,19,2,0.00000,0.00000,0.00000,0.00000,0.00000
72.376,0,72360.000,17316,192000,3999.250,120.0,8,19,2,0.00000,0.00000,0.00000,0.00000,0.00000
72.376,1,72523.000,25131,192000,3999.438,120.0,8,19,2,0.00000,0.00000,0.00000,0.00000,0.00000
72.376,2,72197.000,9501,192000,3999.062,120.0,8,19,2,0.00000,0.00000,0.00000,0.00000,0.00000
72.476,0,72461.000,22146,192000,3999.625,120.0,8,19,2,0.00000,0.00000,0.00000,0.00000,0.00000
72.476,1,72624.000,29972,192000,3999.583,120.0,8,19,2,0.00000,0.00000,0.00000,0.00000,0.00000
72.476,2,72298.000,14320,192000,3999.667,120.0,8,19,2,0.00000,0.00000,0.00000,0.00000,0.00000
72.578,0,72563.000,27030,192000,3999.875,120.0,8,19,2,0.00000,0.00000,0.00000,0.00000,0.00000
72.578,1,72726.000,34866,192000,3999.625,120.0,8,19,2,0.00000,0.00000,0.00000,0.00000,0.00000
72.578,2,72399.000,19193,192000,3999.146,120.0,8,19,2,0.00000,0.00000,0.00000,0.00000,0.00000
72.679,0,72663.000,31865,192000,3999.146,120.0,8,19,2,0.00000,0.00000,0.00000,0.00000,0.00000
72.679,1,72827.000,39712,192000,3999.667,120.0,8,19,2,0.00000,0.00000,0.00000,0.00000,0.00000
72.679,2,72500.000,24017,192000,3999.646,120.0,8,19,2,0.00000,0.00000,0.00000,0.00000,0.00000
72.781,0,72766.000,36781,192000,3999.729,120.0,8,19,2,0.00000,0.00000,0.00000,0.00000,0.00000
72.781,1,72929.000,44639,192000,3999.021,120.0,8,19,2,0.00000,0.00000,0.00000,0.00000,0.00000
72.781,2,72602.000,28922,192000,3999.458,120.0,8,19,2,0.00000,0.00000,0.00000,0.00000,0.00000
72.884,0,72868.000,41707,192000,3999.104,120.0,8,19,2,0.00000,0.00000,0.00000,0.00000,0.00000
72.884,1,73032.000,49576,192000,3999.167,120.0,8,19,2,0.00000,0.00000,0.00000,0.00000,0.00000
72.884,2,72704.000,33837,192000,3999.062,120.0,8,19,2,0.00000,0.00000,0.00000,0.00000,0.00000
72.986,0,72971.000,46622,192000,3999.708,120.0,8,19,2,0.00000,0.00000,0.00000,0.00000,0.00000
72.986,1,73135.000,54503,192000,3999.521,120.0,8,19,2,0.00000,0.00000,0.00000,0.00000,0.00000
72.986,2,72807.000,38742,192000,3999.875,120.0,8,19,2,0.00000,0.00000,0.00000,0.00000,0.00000
73.090,0,73074.000,51593,192000,3999.146,120.0,8,19,2,0.00000,0.00000,0.00000,0.00000,0.00000
73.090,1,73239.000,59485,192000,3999.729,120.0,8,19,2,0.00000,0.00000,0.00000,0.00000,0.00000
73.090,2,72910.000,43701,192000,3999.562,120.0,8,19,2,0.00000,0.00000,0.00000,0.00000,0.00000
73.190,0,73174.000,56398,192000,3999.042,120.0,8,19,2,0.00000,0.00000,0.00000,0.00000,0.00000
73.190,1,73339.000,64301,192000,3999.396,120.0,8,19,2,0.00000,0.00000,0.00000,0.00000,0.00000
73.190,2,73010.000,48495,192000,3999.688,120.0,8,19,2,0.00000,0.00000,0.00000,0.00000,0.00000
73.291,0,73276.000,61265,192000,3999.646,120.0,8,19,2,0.00000,0.00000,0.00000,0.00000,0.00000
73.291,1,73441.000,69178,192000,3999.792,120.0,8,19,2,0.00000,0.00000,0.00000,0.00000,0.00000
73.291,2,73111.000,53351,192000,3999.521,120.0,8,19,2,0.00000,0.00000,0.00000,0.00000,0.00000
73.393,0,73378.000,66158,192000,3999.708,120.0,8,19,2,0.00000,0.00000,0.00000,0.00000,0.00000
73.393,1,73543.000,74083,192000,3999.604,120.0,8,19,2,0.00000,0.00000,0.00000,0.00000,0.00000
73.393,2,73213.000,58234,192000,3999.792,120.0,8,19,2,0.00000,0.00000,0.00000,0.00000,0.00000
73.494,0,73479.000,71027,192000,3999.271,120.0,8,19,2,0.00000,0.00000,0.00000,0.00000,0.00000
73.494,1,73645.000,78962,192000,3999.958,120.0,8,19,2,0.00000,0.00000,0.00000,0.00000,0.00000
73.494,2,73314.000,63091,192000,3999.604,120.0,8,19,2,0.00000,0.00000,0.00000,0.00000,0.00000
73.595,0,73579.000,75835,192000,3999.104,120.0,8,19,2,0.00000,0.00000,0.00000,0.00000,0.00000
73.595,1,73745.000,83782,192000,3999.542,120.0,8,19,2,0.00000,0.00000,0.00000,0.00000,0.00000
73.595,2,73414.000,67889,192000,3999.646,120.0,8,19,2,0.00000,0.00000,0.00000,0.00000,0.00000
73.696,0,73681.000,80691,192000,3999.938,120.0,8,19,2,0.00000,0.00000,0.00000,0.00000,0.00000
73.696,1,73846.000,88649,192000,3999.146,120.0,8,19,2,0.00000,0.00000,0.00000,0.00000,0.00000
73.696,2,73515.000,72734,192000,3999.708,120.0,8,19,2,0.00000,0.00000,0.00000,0.00000,0.00000
73.796,0,73781.000,85508,192000,3999.583,120.0,8,19,2,0.00000,0.00000,0.00000,0.00000,0.00000
73.796,1,73947.000,93476,192000,3999.583,120.0,8,19,2,0.00000,0.00000,0.00000,0.00000,0.00000
73.796,2,73615.000,77539,192000,3999.604,120.0,8,19,2,0.00000,0.00000,0.00000,0.00000,0.00000
73.896,0,73881.000,90310,192000,3999.542,120.0,8,19,2,0.00000,0.00000,0.00000,0.00000,0.00000
73.896,1,74047.000,98289,192000,3999.312,120.0,8,19,2,0.00000,0.00000,0.00000,0.00000,0.00000
73.896,2,73715.000,82331,192000,3999.771,120.0,8,19,2,0.00000,0.00000,0.00000,0.00000,0.00000
73.997,0,73982.000,95137,192000,3999.979,120.0,8,19,2,0.00000,0.00000,0.00000,0.00000,0.00000
73.997,1,74148.000,103127,192000,3999.521,120.0,8,19,2,0.00000,0.00000,0.00000,0.00000,0.00000
73.997,2,73815.000,87148,192000,3999.417,120.0,8,19,2,0.00000,0.00000,0.00000,0.00000,0.00000
74.099,0,74084.000,100064,192000,3999.333,120.0,8,19,2,0.00000,0.00000,0.00000,0.00000,0.00000
74.099,1,74251.000,108065,192000,3999.646,120.0,8,19,2,0.00000,0.00000,0.00000,0.00000,0.00000
74.099,2,73917.000,92063,192000,3999.021,120.0,8,19,2,0.00000,0.00000,0.00000,0.00000,0.00000
74.200,0,74185.000,104880,192000,0.000,120.0,8,19,2,0.00000,0.00000,0.00000,0.00000,0.00000
74.200,1,74351.000,112892,192000,3999.083,120.0,8,19,2,0.00000,0.00000,0.00000,0.00000,0.00000
74.200,2,74018.000,96868,192000,3999.917,120.0,8,19,2,0.00000,0.00000,0.00000,0.00000,0.00000
74.300,0,74285.000,109709,192000,3999.396,120.0,8,19,2,0.00000,0.00000,0.00000,0.00000,0.00000
74.300,1,74452.000,117732,192000,3999.250,120.0,8,19,2,0.00000,0.00000,0.00000,0.00000,0.00000
74.300,2,74118.000,101686,192000,3999.542,120.0,8,19,2,0.00000,0.00000,0.00000,0.00000,0.00000
74.401,0,74385.000,114522,192000,3999.125,120.0,8,19,2,0.00000,0.00000,0.00000,0.00000,0.00000
74.401,1,74553.000,122555,192000,3999.771,120.0,8,19,2,0.00000,0.00000,0.00000,0.00000,0.00000
74.401,2,74218.000,106488,192000,3999.500,120.0,8,19,2,0.00000,0.00000,0.00000,0.00000,0.00000
74.501,0,74486.000,119358,192000,3999.375,120.0,8,19,2,0.00000,0.00000,0.00000,0.00000,0.00000
74.501,1,74654.000,127403,192000,3999.771,120.0,8,19,2,0.00000,0.00000,0.00000,0.00000,0.00000
74.501,2,74319.000,111314,192000,3999.958,120.0,8,19,2,0.00000,0.00000,0.00000,0.00000,0.00000
74.603,0,74588.000,124237,192000,3999.729,120.0,8,19,2,0.00000,0.00000,0.00000,0.00000,0.00000
74.603,1,74756.000,132292,192000,3999.917,120.0,8,19,2,0.00000,0.00000,0.00000,0.00000,0.00000
74.603,2,74420.000,116182,192000,3999.542,120.0,8,19,2,0.00000,0.00000,0.00000,0.00000,0.00000
74.704,0,74689.000,129073,192000,3999.979,120.0,8,19,2,0.00000,0.00000,0.00000,0.00000,0.00000
74.704,1,74857.000,137139,192000,3999.938,120.0,8,19,2,0.00000,0.00000,0.00000,0.00000,0.00000
74.704,2,74520.000,121006,192000,3999.042,120.0,8,19,2,0.00000,0.00000,0.00000,0.00000,0.00000
74.804,0,74789.000,133887,192000,3999.688,120.0,8,19,2,0.00000,0.00000,0.00000,0.00000,0.00000
74.804,1,74957.000,141964,192000,3999.417,120.0,8,19,2,0.00000,0.00000,0.00000,0.00000,0.00000
74.804,2,74621.000,125810,192000,3999.958,120.0,8,19,2,0.00000,0.00000,0.00000,0.00000,0.00000
74.906,0,74891.000,138797,192000,3999.396,120.0,8,19,2,0.00000,0.00000,0.00000,0.00000,0.00000
74.906,1,75060.000,146885,192000,3999.896,120.0,8,19,2,0.00000,0.00000,0.00000,0.00000,0.00000
74.906,2,74723.000,130709,192000,3999.896,120.0,8,19,2,0.00000,0.00000,0.00000,0.00000,0.00000
75.007,0,74992.000,143624,192000,3999.833,120.0,8,19,2,0.00000,0.00000,0.00000,0.00000,0.00000
75.007,1,75160.000,151722,192000,3999.125,120.0,8,19,2,0.00000,0.00000,0.00000,0.00000,0.00000
75.007,2,74823.000,135525,192000,3999.562,120.0,8,19,2,0.00000,0.00000,0.00000,0.00000,0.00000
75.108,0,75093.000,148481,192000,3999.646,120.0,8,19,2,0.00000,0.00000,0.00000,0.00000,0.00000
75.108,1,75262.000,156591,192000,3999.688,120.0,8,19,2,0.00000,0.00000,0.00000,0.00000,0.00000
75.108,2,74924.000,140371,192000,3999.604,120.0,8,19,2,0.00000,0.00000,0.00000,0.00000,0.00000
75.209,0,75194.000,153337,192000,3999.479,120.0,8,19,2,0.00000,0.00000,0.00000,0.00000,0.00000
75.209,1,75363.000,161458,192000,3999.292,120.0,8,19,2,0.00000,0.00000,0.00000,0.00000,0.00000
75.209,2,75025.000,145216,192000,3999.667,120.0,8,19,2,0.00000,0.00000,0.00000,0.00000,0.00000
75.312,0,75297.000,158263,192000,3999.854,120.0,8,19,2,0.00000,0.00000,0.00000,0.00000,0.00000
75.312,1,75466.000,166394,192000,3999.458,120.0,8,19,2,0.00000,0.00000,0.00000,0.00000,0.00000
75.312,2,75127.000,150131,192000,3999.271,120.0,8,19,2,0.00000,0.00000,0.00000,0.00000,0.00000
75.412,0,75397.000,163066,192000,3999.792,120.0,8,19,2,0.00000,0.00000,0.00000,0.00000,0.00000
75.412,1,75566.000,171209,192000,3999.146,120.0,8,19,2,0.00000,0.00000,0.00000,0.00000,0.00000
75.412,2,75227.000,154924,192000,3999.417,120.0,8,19,2,0.00000,0.00000,0.00000,0.00000,0.00000
75.515,0,75499.000,167991,192000,3999.188,120.0,8,19,2,0.00000,0.00000,0.00000,0.00000,0.00000
75.515,1,75669.000,176145,192000,3999.312,120.0,8,19,2,0.00000,0.00000,0.00000,0.00000,0.00000
75.515,2,75329.000,159837,192000,3999.062,120.0,8,19,2,0.00000,0.00000,0.00000,0.00000,0.00000
75.617,0,75602.000,172904,192000,3999.833,120.0,8,19,2,0.00000,0.00000,0.00000,0.00000,0.00000
75.617,1,75772.000,181068,192000,3999.750,120.0,8,19,2,0.00000,0.00000,0.00000,0.00000,0.00000
75.617,2,75432.000,164739,192000,3999.938,120.0,8,19,2,0.00000,0.00000,0.00000,0.00000,0.00000
75.717,0,75702.000,177718,192000,3999.542,120.0,8,19,2,0.00000,0.00000,0.00000,0.00000,0.00000
75.717,1,75872.000,185893,192000,3999.229,120.0,8,19,2,0.00000,0.00000,0.00000,0.00000,0.00000
75.717,2,75532.000,169542,192000,3999.875,120.0,8,19,2,0.00000,0.00000,0.00000,0.00000,0.00000
75.820,0,75805.000,182651,192000,3999.771,120.0,8,19,2,0.00000,0.00000,0.00000,0.00000,0.00000
75.820,1,75975.000,190837,192000,3999.229,120.0,8,19,2,0.00000,0.00000,0.00000,0.00000,0.00000
75.820,2,75634.000,174464,192000,3999.333,120.0,8,19,2,0.00000,0.00000,0.00000,0.00000,0.00000
75.923,0,75907.000,187582,192000,3999.042,120.0,8,19,2,0.00000,0.00000,0.00000,0.00000,0.00000
75.923,1,76078.000,3780,192000,3999.250,120.0,8,20,2,0.00000,0.00000,0.00000,0.00000,0.00000
75.923,2,75737.000,179384,192000,3999.833,120.0,8,19,2,0.00000,0.00000,0.00000,0.00000,0.00000
76.025,0,76010.000,511,192000,3999.354,120.0,8,20,2,0.06680,0.00000,0.06680,0.00000,0.00000
76.025,1,76181.000,8720,192000,3999.333,120.0,8,20,2,0.00000,0.00000,0.00000,0.00000,0.00000
76.025,2,75839.000,184302,192000,3999.375,120.0,8,19,2,0.00000,0.00000,0.00000,0.00000,0.00000
76.126,0,76111.000,5358,192000,3999.375,120.0,8,20,2,0.08668,0.00000,0.08668,0.00000,0.00000
76.126,1,76282.000,13578,192000,3999.125,120.0,8,20,2,0.00000,0.00000,0.00000,0.00000,0.00000
76.126,2,75940.000,189138,192000,3999.625,120.0,8,19,2,0.00000,0.00000,0.00000,0.00000,0.00000
76.229,0,76214.000,10278,192000,3999.875,120.0,8,20,2,0.05660,0.00000,0.05660,0.00000,0.00000
76.229,1,76385.000,18509,192000,3999.396,120.0,8,20,2,0.00000,0.00000,0.00000,0.00000,0.00000
76.229,2,76042.000,2047,192000,3999.354,120.0,8,20,2,0.11607,0.00000,0.11607,0.00000,0.00000
76.332,0,76316.000,15210,192000,3999.125,120.0,8,20,2,0.03692,0.00000,0.03692,0.00000,0.00000
76.332,1,76488.000,23452,192000,3999.417,120.0,8,20,2,0.00000,0.00000,0.00000,0.00000,0.00000
76.332,2,76145.000,6968,192000,3999.833,120.0,8,20,2,0.07578,0.00000,0.07578,0.00000,0.00000
76.433,0,76418.000,20071,192000,3999.854,120.0,8,20,2,0.02423,0.00000,0.02423,0.00000,0.00000
76.433,1,76590.000,28324,192000,3999.917,120.0,8,20,2,0.00000,0.00000,0.00000,0.00000,0.00000
76.433,2,76246.000,11818,192000,3999.792,120.0,8,20,2,0.04978,0.00000,0.04978,0.00000,0.00000
76.536,0,76520.000,25004,192000,3999.083,120.0,8,20,2,0.01580,0.00000,0.01580,0.00000,0.00000
76.536,1,76693.000,33268,192000,3999.917,120.0,8,20,2,0.00000,0.00000,0.00000,0.00000,0.00000
76.536,2,76348.000,16740,192000,3999.250,120.0,8,20,2,0.03250,0.00000,0.03250,0.00000,0.00000
76.639,0,76623.000,29943,192000,3999.188,120.0,8,20,2,0.01030,0.00000,0.01030,0.00000,0.00000
76.639,1,76796.000,38219,192000,3999.771,120.0,8,20,2,0.00000,0.00000,0.00000,0.00000,0.00000
76.639,2,76451.000,21668,192000,3999.583,120.0,8,20,2,0.02120,0.00000,0.02120,0.00000,0.00000
76.740,0,76725.000,34800,192000,0.000,120.0,8,20,2,0.00676,0.00000,0.00676,0.00000,0.00000
76.740,1,76897.000,43086,192000,3999.375,120.0,8,20,2,0.00000,0.00000,0.00000,0.00000,0.00000
76.740,2,76552.000,26514,192000,3999.625,120.0,8,20,2,0.01393,0.00000,0.01393,0.00000,0.00000
76.841,0,76826.000,39681,192000,3999.312,120.0,8,20,2,0.00443,0.00000,0.00443,0.00000,0.00000
76.841,1,76999.000,47978,192000,3999.458,120.0,8,20,2,0.00000,0.00000,0.00000,0.00000,0.00000
76.841,2,76653.000,31384,192000,3999.167,120.0,8,20,2,0.00914,0.00000,0.00914,0.00000,0.00000
76.942,0,76926.000,44485,192000,3999.229,120.0,8,20,2,0.00292,0.00000,0.00292,0.00000,0.00000
76.942,1,77099.000,52793,192000,3999.146,120.0,8,20,2,0.00000,0.00000,0.00000,0.00000,0.00000
76.942,2,76753.000,36177,192000,3999.312,120.0,8,20,2,0.00603,0.00000,0.00603,0.00000,0.00000
77.042,0,77027.000,49322,192000,3999.458,120.0,8,20,2,0.00192,0.00000,0.00192,0.00000,0.00000
77.042,1,77200.000,57641,192000,3999.146,120.0,8,20,2,0.00000,0.00000,0.00000,0.00000,0.00000
77.042,2,76854.000,41003,192000,3999.771,120.0,8,20,2,0.00397,0.00000,0.00397,0.00000,0.00000
77.145,0,77130.000,54246,192000,3999.875,120.0,8,20,2,0.00125,0.00000,0.00125,0.00000,0.00000
77.145,1,77303.000,62576,192000,3999.333,120.0,8,20,2,0.00000,0.00000,0.00000,0.00000,0.00000
77.145,2,76956.000,45916,192000,3999.417,120.0,8,20,2,0.00259,0.00000,0.00259,0.00000,0.00000
77.247,0,77232.000,59164,192000,3999.417,120.0,8,20,2,0.00082,0.00000,0.00082,0.00000,0.00000
77.247,1,77406.000,67505,192000,3999.646,120.0,8,20,2,0.00000,0.00000,0.00000,0.00000,0.00000
77.247,2,77058.000,50823,192000,3999.188,120.0,8,20,2,0.00170,0.00000,0.00170,0.00000,0.00000
77.350,0,77334.000,64070,192000,3999.208,120.0,8,20,2,0.00054,0.00000,0.00054,0.00000,0.00000
77.350,1,77508.000,72422,192000,3999.208,120.0,8,20,2,0.00000,0.00000,0.00000,0.00000,0.00000
77.350,2,77160.000,55718,192000,3999.208,120.0,8,20,2,0.00111,0.00000,0.00111,0.00000,0.00000
77.450,0,77435.000,68883,192000,3999.938,120.0,8,20,2,0.00035,0.00000,0.00035,0.00000,0.00000
77.450,1,77609.000,77246,192000,3999.708,120.0,8,20,2,0.00000,0.00000,0.00000,0.00000,0.00000
77.450,2,77260.000,60520,192000,3999.167,120.0,8,20,2,0.00073,0.00000,0.00073,0.00000,0.00000
77.551,0,77536.000,73737,192000,3999.812,120.0,8,20,2,0.00023,0.00000,0.00023,0.00000,0.00000
77.551,1,77710.000,82111,192000,3999.354,120.0,8,20,2,0.00000,0.00000,0.00000,0.00000,0.00000
77.551,2,77361.000,65363,192000,3999.271,120.0,8,20,2,0.00048,0.00000,0.00048,0.00000,0.00000
77.653,0,77638.000,78635,192000,3999.771,120.0,8,20,2,0.00015,0.00000,0.00015,0.00000,0.00000
77.653,1,77812.000,87019,192000,3999.104,120.0,8,20,2,0.00000,0.00000,0.00000,0.00000,0.00000
77.653,2,77463.000,70250,192000,3999.458,120.0,8,20,2,0.00032,0.00000,0.00032,0.00000,0.00000
77.754,0,77739.000,83499,192000,3999.438,120.0,8,20,2,0.00010,0.00000,0.00010,0.00000,0.00000
77.754,1,77914.000,91894,192000,3999.542,120.0,8,20,2,0.00000,0.00000,0.00000,0.00000,0.00000
77.754,2,77564.000,75103,192000,3999.354,120.0,8,20,2,0.00021,0.00000,0.00021,0.00000,0.00000
77.855,0,77840.000,88341,192000,3999.562,120.0,8,20,2,0.00007,0.00000,0.00007,0.00000,0.00000
77.855,1,78015.000,96748,192000,3999.417,120.0,8,20,2,0.00000,0.00000,0.00000,0.00000,0.00000
77.855,2,77665.000,79935,192000,3999.688,120.0,8,20,2,0.00014,0.00000,0.00014,0.00000,0.00000
77.957,0,77941.000,93205,192000,3999.229,120.0,8,20,2,0.00004,0.00000,0.00004,0.00000,0.00000
77.957,1,78117.000,101623,192000,3999.854,120.0,8,20,2,0.00000,0.00000,0.00000,0.00000,0.00000
77.957,2,77766.000,84788,192000,3999.583,120.0,8,20,2,0.00009,0.00000,0.00009,0.00000,0.00000
78.057,0,78042.000,98048,192000,3999.333,120.0,8,20,2,0.00003,0.00000,0.00003,0.00000,0.00000
78.057,1,78218.000,106477,192000,3999.729,120.0,8,20,2,0.00000,0.00000,0.00000,0.00000,0.00000
78.057,2,77867.000,89620,192000,3999.917,120.0,8,20,2,0.00006,0.00000,0.00006,0.00000,0.00000
78.158,0,78143.000,102876,192000,3999.750,120.0,8,20,2,0.00002,0.00000,0.00002,0.00000,0.00000
78.158,1,78319.000,111315,192000,3999.938,120.0,8,20,2,0.00000,0.00000,0.00000,0.00000,0.00000
78.158,2,77967.000,94437,192000,3999.562,120.0,8,20,2,0.00004,0.00000,0.00004,0.00000,0.00000
78.260,0,78245.000,107783,192000,3999.521,120.0,8,20,2,0.00001,0.00000,0.00001,0.00000,0.00000
78.260,1,78421.000,116233,192000,3999.479,120.0,8,20,2,0.00000,0.00000,0.00000,0.00000,0.00000
78.260,2,78069.000,99333,192000,3999.562,120.0,8,20,2,0.00003,0.00000,0.00003,0.00000,0.00000
78.362,0,78347.000,112671,192000,3999.688,120.0,8,20,2,0.00001,0.00000,0.00001,0.00000,0.00000
78.362,1,78523.000,121133,192000,3999.396,120.0,8,20,2,0.00000,0.00000,0.00000,0.00000,0.00000
78.362,2,78171.000,104210,192000,3999.958,120.0,8,20,2,0.00002,0.00000,0.00002,0.00000,0.00000
78.463,0,78448.000,117519,192000,3999.688,120.0,8,20,2,0.00001,0.00000,0.00001,0.00000,0.00000
78.463,1,78624.000,125991,192000,3999.188,120.0,8,20,2,0.00000,0.00000,0.00000,0.00000,0.00000
78.463,2,78271.000,109047,192000,3999.188,120.0,8,20,2,0.00001,0.00000,0.00001,0.00000,0.00000
78.564,0,78549.000,122360,192000,3999.833,120.0,8,20,2,0.00000,0.00000,0.00000,0.00000,0.00000
78.564,1,78725.000,130843,192000,3999.104,120.0,8,20,2,0.00000,0.00000,0.00000,0.00000,0.00000
78.564,2,78372.000,113877,192000,3999.562,120.0,8,20,2,0.00001,0.00000,0.00001,0.00000,0.00000
78.666,0,78651.000,127256,192000,3999.833,120.0,8,20,2,0.00000,0.00000,0.00000,0.00000,0.00000
78.666,1,78828.000,135750,192000,3999.875,120.0,8,20,2,0.00000,0.00000,0.00000,0.00000,0.00000
78.666,2,78474.000,118762,192000,3999.792,120.0,8,20,2,0.00000,0.00000,0.00000,0.00000,0.00000
78.766,0,78751.000,132059,192000,3999.771,120.0,8,20,2,0.00000,0.00000,0.00000,0.00000,0.00000
78.766,1,78928.000,140564,192000,3999.583,120.0,8,20,2,0.00000,0.00000,0.00000,0.00000,0.00000
78.766,2,78574.000,123554,192000,3999.958,120.0,8,20,2,0.00000,0.00000,0.00000,0.00000,0.00000
78.867,0,78851.000,136891,192000,3999.104,120.0,8,20,2,0.00000,0.00000,0.00000,0.00000,0.00000
78.867,1,79029.000,145407,192000,3999.688,120.0,8,20,2,0.00000,0.00000,0.00000,0.00000,0.00000
78.867,2,78674.000,128375,192000,3999.521,120.0,8,20,2,0.00000,0.00000,0.00000,0.00000,0.00000
78.969,0,78954.000,141807,192000,3999.688,120.0,8,20,2,0.00000,0.00000,0.00000,0.00000,0.00000
78.969,1,79131.000,150334,192000,3999.042,120.0,8,20,2,0.00000,0.00000,0.00000,0.00000,0.00000
78.969,2,78776.000,133280,192000,3999.333,120.0,8,20,2,0.00000,0.00000,0.00000,0.00000,0.00000
79.070,0,79055.000,146656,192000,3999.667,120.0,8,20,2,0.00000,0.00000,0.00000,0.00000,0.00000
79.070,1,79233.000,155194,192000,3999.792,120.0,8,20,2,0.00000,0.00000,0.00000,0.00000,0.00000
79.070,2,78877.000,138119,192000,3999.521,120.0,8,20,2,0.00000,0.00000,0.00000,0.00000,0.00000
79.173,0,79158.000,151587,192000,3999.938,120.0,8,20,2,0.00000,0.00000,0.00000,0.00000,0.00000
79.173,1,79336.000,160135,192000,3999.854,120.0,8,20,2,0.00000,0.00000,0.00000,0.00000,0.00000
79.173,2,78979.000,143038,192000,3999.042,120.0,8,20,2,0.00000,0.00000,0.00000,0.00000,0.00000
79.275,0,79259.000,156472,192000,3999.167,120.0,8,20,2,0.00000,0.00000,0.00000,0.00000,0.00000
79.275,1,79438.000,165032,192000,3999.833,120.0,8,20,2,0.00000,0.00000,0.00000,0.00000,0.00000
79.275,2,79081.000,147912,192000,3999.500,120.0,8,20,2,0.00000,0.00000,0.00000,0.00000,0.00000
79.376,0,79360.000,161316,192000,3999.250,120.0,8,20,2,0.00000,0.00000,0.00000,0.00000,0.00000
79.376,1,79539.000,169886,192000,3999.708,120.0,8,20,2,0.00000,0.00000,0.00000,0.00000,0.00000
79.376,2,79182.000,152745,192000,3999.812,120.0,8,20,2,0.00000,0.00000,0.00000,0.00000,0.00000
79.476,0,79461.000,166149,192000,3999.562,120.0,8,20,2,0.00000,0.00000,0.00000,0.00000,0.00000
79.476,1,79640.000,174731,192000,3999.771,120.0,8,20,2,0.00000,0.00000,0.00000,0.00000,0.00000
79.476,2,79282.000,157567,192000,3999.354,120.0,8,20,2,0.00000,0.00000,0.00000,0.00000,0.00000
79.578,0,79563.000,171039,192000,3999.688,120.0,8,20,2,0.00000,0.00000,0.00000,0.00000,0.00000
79.578,1,79742.000,179632,192000,3999.667,120.0,8,20,2,0.00000,0.00000,0.00000,0.00000,0.00000
79.578,2,79384.000,162447,192000,3999.688,120.0,8,20,2,0.00000,0.00000,0.00000,0.00000,0.00000
79.678,0,79663.000,175841,192000,3999.646,120.0,8,20,2,0.00000,0.00000,0.00000,0.00000,0.00000
79.678,1,79842.000,184444,192000,3999.417,120.0,8,20,2,0.00000,0.00000,0.00000,0.00000,0.00000
79.678,2,79484.000,167237,192000,3999.896,120.0,8,20,2,0.00000,0.00000,0.00000,0.00000,0.00000
79.778,0,79763.000,180647,192000,3999.521,120.0,8,20,2,0.00000,0.00000,0.00000,0.00000,0.00000
79.778,1,79942.000,189262,192000,3999.042,120.0,8,20,2,0.00000,0.00000,0.00000,0.00000,0.00000
79.778,2,79584.000,172033,192000,3999.979,120.0,8,20,2,0.00000,0.00000,0.00000,0.00000,0.00000
79.881,0,79866.000,185580,192000,3999.750,120.0,8,20,2,0.00000,0.00000,0.00000,0.00000,0.00000
79.881,1,80045.000,2205,192000,3999.062,120.0,8,21,2,0.11427,0.11427,0.11398,0.00000,0.00000
79.881,2,79686.000,176955,192000,3999.438,120.0,8,20,2,0.00000,0.00000,0.00000,0.00000,0.00000
79.984,0,79968.000,190504,192000,3999.167,120.0,8,20,2,0.00000,0.00000,0.00000,0.00000,0.00000
79.984,1,80148.000,7140,192000,3999.250,120.0,8,21,2,0.07451,0.07451,0.07433,0.00000,0.00000
79.984,2,79788.000,181867,192000,3999.104,120.0,8,20,2,0.00000,0.00000,0.00000,0.00000,0.00000
80.086,0,80071.000,3432,192000,3999.500,120.0,8,21,2,0.10268,0.10268,0.00000,0.00000,0.00000
80.086,1,80251.000,12080,192000,3999.333,120.0,8,21,2,0.04857,0.04857,0.04845,0.00000,0.00000
80.086,2,79891.000,186785,192000,3999.646,120.0,8,20,2,0.00000,0.00000,0.00000,0.00000,0.00000
80.188,0,80173.000,8338,192000,3999.292,120.0,8,21,2,0.06713,0.06713,0.00000,0.00000,0.00000
80.188,1,80354.000,16997,192000,3999.896,120.0,8,21,2,0.03172,0.03172,0.03164,0.00000,0.00000
80.188,2,79993.000,191680,192000,3999.667,120.0,8,20,2,0.00000,0.00000,0.00000,0.00000,0.00000
80.291,0,80276.000,13269,192000,3999.562,120.0,8,21,2,0.04379,0.04379,0.00000,0.00000,0.00000
80.291,1,80457.000,21938,192000,3999.958,120.0,8,21,2,0.02067,0.02067,0.02062,0.00000,0.00000
80.291,2,80095.000,4599,192000,3999.188,120.0,8,21,2,0.09244,0.09244,0.00000,0.00000,0.00000
80.393,0,80377.000,18140,192000,3999.083,120.0,8,21,2,0.02871,0.02871,0.00000,0.00000,0.00000
80.393,1,80558.000,26820,192000,3999.250,120.0,8,21,2,0.01354,0.01354,0.01351,0.00000,0.00000
80.393,2,80197.000,9459,192000,3999.938,120.0,8,21,2,0.06067,0.06067,0.00000,0.00000,0.00000
80.495,0,80480.000,23058,192000,3999.625,120.0,8,21,2,0.01875,0.01875,0.00000,0.00000,0.00000
80.495,1,80661.000,31749,192000,3999.562,120.0,8,21,2,0.00884,0.00884,0.00881,0.00000,0.00000
80.495,2,80299.000,14366,192000,3999.708,120.0,8,21,2,0.03966,0.03966,0.00000,0.00000,0.00000
80.596,0,80581.000,27901,192000,3999.729,120.0,8,21,2,0.01232,0.01232,0.00000,0.00000,0.00000
80.596,1,80762.000,36603,192000,3999.438,120.0,8,21,2,0.00580,0.00580,0.00579,0.00000,0.00000
80.596,2,80399.000,19198,192000,3999.042,120.0,8,21,2,0.02609,0.02609,0.00000,0.00000,0.00000
80.697,0,80682.000,32767,192000,3999.354,120.0,8,21,2,0.00808,0.00808,0.00000,0.00000,0.00000
80.697,1,80864.000,41480,192000,3999.833,120.0,8,21,2,0.00380,0.00380,0.00379,0.00000,0.00000
80.697,2,80501.000,24053,192000,3999.896,120.0,8,21,2,0.01713,0.01713,0.00000,0.00000,0.00000
80.798,0,80782.000,37580,192000,3999.083,120.0,8,21,2,0.00533,0.00533,0.00000,0.00000,0.00000
80.798,1,80964.000,46304,192000,3999.333,120.0,8,21,2,0.00250,0.00250,0.00250,0.00000,0.00000
80.798,2,80601.000,28856,192000,3999.833,120.0,8,21,2,0.01130,0.01130,0.00000,0.00000,0.00000
80.899,0,80884.000,42438,192000,3999.875,120.0,8,21,2,0.00350,0.00350,0.00000,0.00000,0.00000
80.899,1,81066.000,51173,192000,3999.896,120.0,8,21,2,0.00164,0.00164,0.00164,0.00000,0.00000
80.899,2,80702.000,33703,192000,3999.854,120.0,8,21,2,0.00743,0.00743,0.00000,0.00000,0.00000
80.999,0,80984.000,47251,192000,3999.604,120.0,8,21,2,0.00230,0.00230,0.00000,0.00000,0.00000
80.999,1,81166.000,55997,192000,3999.396,120.0,8,21,2,0.00108,0.00108,0.00108,0.00000,0.00000
80.999,2,80802.000,38505,192000,3999.812,120.0,8,21,2,0.00490,0.00490,0.00000,0.00000,0.00000
81.100,0,81084.000,52071,192000,3999.188,120.0,8,21,2,0.00152,0.00152,0.00000,0.00000,0.00000
81.100,1,81267.000,60828,192000,3999.750,120.0,8,21,2,0.00071,0.00071,0.00071,0.00000,0.00000
81.100,2,80902.000,43314,192000,3999.625,120.0,8,21,2,0.00323,0.00323,0.00000,0.00000,0.00000
81.200,0,81185.000,56914,192000,3999.292,120.0,8,21,2,0.00100,0.00100,0.00000,0.00000,0.00000
81.200,1,81368.000,65681,192000,3999.646,120.0,8,21,2,0.00047,0.00047,0.00047,0.00000,0.00000
81.200,2,81003.000,48146,192000,3999.958,120.0,8,21,2,0.00212,0.00212,0.00000,0.00000,0.00000
81.301,0,81285.000,61724,192000,3999.083,120.0,8,21,2,0.00066,0.00066,0.00000,0.00000,0.00000
81.301,1,81468.000,70502,192000,3999.208,120.0,8,21,2,0.00031,0.00031,0.00031,0.00000,0.00000
81.301,2,81103.000,52945,192000,3999.979,120.0,8,21,2,0.00140,0.00140,0.00000,0.00000,0.00000
81.403,0,81388.000,66657,192000,3999.312,120.0,8,21,2,0.00043,0.00043,0.00000,0.00000,0.00000
81.403,1,81571.000,75447,192000,3999.188,120.0,8,21,2,0.00020,0.00020,0.00020,0.00000,0.00000
81.403,2,81205.000,57867,192000,3999.438,120.0,8,21,2,0.00092,0.00092,0.00000,0.00000,0.00000
81.506,0,81491.000,71584,192000,3999.667,120.0,8,21,2,0.00028,0.00028,0.00000,0.00000,0.00000
81.506,1,81674.000,80385,192000,3999.312,120.0,8,21,2,0.00013,0.00013,0.00013,0.00000,0.00000
81.506,2,81307.000,62783,192000,3999.021,120.0,8,21,2,0.00060,0.00060,0.00000,0.00000,0.00000
81.607,0,81592.000,76439,192000,3999.521,120.0,8,21,2,0.00018,0.00018,0.00000,0.00000,0.00000
81.607,1,81776.000,85251,192000,3999.938,120.0,8,21,2,0.00009,0.00009,0.00009,0.00000,0.00000
81.607,2,81408.000,67627,192000,3999.104,120.0,8,21,2,0.00039,0.00039,0.00000,0.00000,0.00000
81.709,0,81694.000,81323,192000,3999.771,120.0,8,21,2,0.00012,0.00012,0.00000,0.00000,0.00000
81.709,1,81878.000,90146,192000,3999.958,120.0,8,21,2,0.00006,0.00006,0.00006,0.00000,0.00000
81.709,2,81510.000,72500,192000,3999.583,120.0,8,21,2,0.00026,0.00026,0.00000,0.00000,0.00000
81.810,0,81795.000,86180,192000,3999.583,120.0,8,21,2,0.00008,0.00008,0.00000,0.00000,0.00000
81.810,1,81979.000,95013,192000,3999.562,120.0,8,21,2,0.00004,0.00004,0.00004,0.00000,0.00000
81.810,2,81611.000,77346,192000,3999.625,120.0,8,21,2,0.00017,0.00017,0.00000,0.00000,0.00000
81.911,0,81896.000,91029,192000,3999.562,120.0,8,21,2,0.00005,0.00005,0.00000,0.00000,0.00000
81.911,1,82080.000,99873,192000,3999.312,120.0,8,21,2,0.00002,0.00002,0.00002,0.00000,0.00000
81.911,2,81712.000,82184,192000,3999.833,120.0,8,21,2,0.00011,0.00011,0.00000,0.00000,0.00000
82.012,0,81997.000,95868,192000,3999.750,120.0,8,21,2,0.00003,0.00003,0.00000,0.00000,0.00000
82.012,1,82181.000,104723,192000,3999.271,120.0,8,21,2,0.00002,0.00002,0.00002,0.00000,0.00000
82.012,2,81812.000,87012,192000,3999.250,120.0,8,21,2,0.00007,0.00007,0.00000,0.00000,0.00000
82.114,0,82099.000,100783,192000,3999.354,120.0,8,21,2,0.00002,0.00002,0.00000,0.00000,0.00000
82.114,1,82284.000,109650,192000,3999.625,120.0,8,21,2,0.00001,0.00001,0.00001,0.00000,0.00000
82.114,2,81914.000,91917,192000,3999.062,120.0,8,21,2,0.00005,0.00005,0.00000,0.00000,0.00000
82.215,0,82199.000,105589,192000,3999.229,120.0,8,21,2,0.00001,0.00001,0.00000,0.00000,0.00000
82.215,1,82384.000,114466,192000,3999.292,120.0,8,21,2,0.00001,0.00001,0.00001,0.00000,0.00000
82.215,2,82014.000,96711,192000,3999.188,120.0,8,21,2,0.00003,0.00003,0.00000,0.00000,0.00000
82.315,0,82300.000,110401,192000,3999.979,120.0,8,21,2,0.00001,0.00001,0.00000,0.00000,0.00000
82.315,1,82485.000,119289,192000,3999.812,120.0,8,21,2,0.00000,0.00000,0.00000,0.00000,0.00000
82.315,2,82114.000,101513,192000,3999.146,120.0,8,21,2,0.00002,0.00002,0.00000,0.00000,0.00000
82.416,0,82400.000,115244,192000,3999.083,120.0,8,21,2,0.00001,0.00001,0.00000,0.00000,0.00000
82.416,1,82586.000,124143,192000,3999.688,120.0,8,21,2,0.00000,0.00000,0.00000,0.00000,0.00000
82.416,2,82215.000,106345,192000,3999.479,120.0,8,21,2,0.00001,0.00001,0.00000,0.00000,0.00000
82.516,0,82501.000,120051,192000,3999.938,120.0,8,21,2,0.00000,0.00000,0.00000,0.00000,0.00000
82.516,1,82686.000,128961,192000,3999.312,120.0,8,21,2,0.00000,0.00000,0.00000,0.00000,0.00000
82.516,2,82315.000,111141,192000,3999.562,120.0,8,21,2,0.00001,0.00001,0.00000,0.00000,0.00000
82.616,0,82601.000,124877,192000,3999.396,120.0,8,21,2,0.00000,0.00000,0.00000,0.00000,0.00000
82.616,1,82787.000,133798,192000,3999.542,120.0,8,21,2,0.00000,0.00000,0.00000,0.00000,0.00000
82.616,2,82415.000,115957,192000,3999.229,120.0,8,21,2,0.00001,0.00001,0.00000,0.00000,0.00000
82.718,0,82703.000,129759,192000,3999.688,120.0,8,21,2,0.00000,0.00000,0.00000,0.00000,0.00000
82.718,1,82889.000,138691,192000,3999.604,120.0,8,21,2,0.00000,0.00000,0.00000,0.00000,0.00000
82.718,2,82517.000,120827,192000,3999.771,120.0,8,21,2,0.00000,0.00000,0.00000,0.00000,0.00000
82.821,0,82806.000,134698,192000,3999.792,120.0,8,21,2,0.00000,0.00000,0.00000,0.00000,0.00000
82.821,1,82992.000,143641,192000,3999.479,120.0,8,21,2,0.00000,0.00000,0.00000,0.00000,0.00000
82.821,2,82619.000,125755,192000,3999.104,120.0,8,21,2,0.00000,0.00000,0.00000,0.00000,0.00000
82.921,0,82906.000,139502,192000,3999.708,120.0,8,21,2,0.00000,0.00000,0.00000,0.00000,0.00000
82.921,1,83092.000,148456,192000,3999.167,120.0,8,21,2,0.00000,0.00000,0.00000,0.00000,0.00000
82.921,2,82719.000,130549,192000,3999.229,120.0,8,21,2,0.00000,0.00000,0.00000,0.00000,0.00000
83.023,0,83008.000,144408,192000,3999.500,120.0,8,21,2,0.00000,0.00000,0.00000,0.00000,0.00000
83.023,1,83195.000,153372,192000,3999.750,120.0,8,21,2,0.00000,0.00000,0.00000,0.00000,0.00000
83.023,2,82821.000,135443,192000,3999.271,120.0,8,21,2,0.00000,0.00000,0.00000,0.00000,0.00000
83.125,0,83110.000,149286,192000,3999.875,120.0,8,21,2,0.00000,0.00000,0.00000,0.00000,0.00000
83.125,1,83297.000,158261,192000,3999.896,120.0,8,21,2,0.00000,0.00000,0.00000,0.00000,0.00000
83.125,2,82923.000,140310,192000,3999.875,120.0,8,21,2,0.00000,0.00000,0.00000,0.00000,0.00000
83.226,0,83211.000,154153,192000,3999.479,120.0,8,21,2,0.00000,0.00000,0.00000,0.00000,0.00000
83.226,1,83398.000,163140,192000,3999.250,120.0,8,21,2,0.00000,0.00000,0.00000,0.00000,0.00000
83.226,2,83024.000,145167,192000,3999.688,120.0,8,21,2,0.00000,0.00000,0.00000,0.00000,0.00000
83.327,0,83312.000,158981,192000,3999.896,120.0,8,21,2,0.00000,0.00000,0.00000,0.00000,0.00000
83.327,1,83499.000,167978,192000,3999.458,120.0,8,21,2,0.00000,0.00000,0.00000,0.00000,0.00000
83.327,2,83124.000,149984,192000,3999.333,120.0,8,21,2,0.00000,0.00000,0.00000,0.00000,0.00000
83.428,0,83413.000,163842,192000,3999.625,120.0,8,21,2,0.00000,0.00000,0.00000,0.00000,0.00000
83.428,1,83601.000,172850,192000,3999.958,120.0,8,21,2,0.00000,0.00000,0.00000,0.00000,0.00000
83.428,2,83225.000,154833,192000,3999.312,120.0,8,21,2,0.00000,0.00000,0.00000,0.00000,0.00000
83.528,0,83513.000,168651,192000,3999.438,120.0,8,21,2,0.00000,0.00000,0.00000,0.00000,0.00000
83.528,1,83701.000,177671,192000,3999.521,120.0,8,21,2,0.00000,0.00000,0.00000,0.00000,0.00000
83.528,2,83325.000,159632,192000,3999.333,120.0,8,21,2,0.00000,0.00000,0.00000,0.00000,0.00000
83.631,0,83616.000,173570,192000,3999.958,120.0,8,21,2,0.00000,0.00000,0.00000,0.00000,0.00000
83.631,1,83804.000,182600,192000,3999.833,120.0,8,21,2,0.00000,0.00000,0.00000,0.00000,0.00000
83.631,2,83427.000,164540,192000,3999.083,120.0,8,21,2,0.00000,0.00000,0.00000,0.00000,0.00000
83.733,0,83718.000,178467,192000,3999.938,120.0,8,21,2,0.00000,0.00000,0.00000,0.00000,0.00000
83.733,1,83906.000,187509,192000,3999.562,120.0,8,21,2,0.00000,0.00000,0.00000,0.00000,0.00000
83.733,2,83529.000,169426,192000,3999.292,120.0,8,21,2,0.00000,0.00000,0.00000,0.00000,0.00000
83.836,0,83821.000,183409,192000,3999.979,120.0,8,21,2,0.00000,0.00000,0.00000,0.00000,0.00000
83.836,1,84009.000,461,192000,3999.396,120.0,8,22,2,0.00000,0.00000,0.00000,0.00000,0.00000
83.836,2,83632.000,174356,192000,3999.583,120.0,8,21,2,0.00000,0.00000,0.00000,0.00000,0.00000
83.938,0,83923.000,188309,192000,3999.896,120.0,8,21,2,0.00000,0.00000,0.00000,0.00000,0.00000
83.938,1,84111.000,5373,192000,3999.062,120.0,8,22,2,0.00000,0.00000,0.00000,0.00000,0.00000
83.938,2,83734.000,179246,192000,3999.708,120.0,8,21,2,0.00000,0.00000,0.00000,0.00000,0.00000
84.040,0,84025.000,1232,192000,3999.333,120.0,8,22,2,0.00000,0.00000,0.00000,0.00000,0.00000
84.040,1,84214.000,10306,192000,3999.292,120.0,8,22,2,0.00000,0.00000,0.00000,0.00000,0.00000
84.040,2,83836.000,184157,192000,3999.396,120.0,8,21,2,0.00000,0.00000,0.00000,0.00000,0.00000
84.142,0,84127.000,6103,192000,3999.854,120.0,8,22,2,0.00000,0.00000,0.00000,0.00000,0.00000
84.142,1,84316.000,15188,192000,3999.583,120.0,8,22,2,0.00000,0.00000,0.00000,0.00000,0.00000
84.142,2,83937.000,189017,192000,3999.146,120.0,8,21,2,0.00000,0.00000,0.00000,0.00000,0.00000
84.242,0,84227.000,10930,192000,3999.292,120.0,8,22,2,0.00000,0.00000,0.00000,0.00000,0.00000
84.242,1,84417.000,20026,192000,3999.792,120.0,8,22,2,0.00000,0.00000,0.00000,0.00000,0.00000
84.242,2,84038.000,1833,192000,3999.812,120.0,8,22,2,0.00000,0.00000,0.00000,0.00000,0.00000
84.345,0,84329.000,15837,192000,3999.062,120.0,8,22,2,0.00000,0.00000,0.00000,0.00000,0.00000
84.345,1,84519.000,24944,192000,3999.333,120.0,8,22,2,0.00000,0.00000,0.00000,0.00000,0.00000
84.345,2,84140.000,6730,192000,3999.792,120.0,8,22,2,0.00000,0.00000,0.00000,0.00000,0.00000
84.447,0,84432.000,20768,192000,3999.333,120.0,8,22,2,0.00000,0.00000,0.00000,0.00000,0.00000
84.447,1,84622.000,29887,192000,3999.354,120.0,8,22,2,0.00000,0.00000,0.00000,0.00000,0.00000
84.447,2,84242.000,11650,192000,3999.292,120.0,8,22,2,0.00000,0.00000,0.00000,0.00000,0.00000
84.550,0,84534.000,25672,192000,3999.167,120.0,8,22,2,0.00000,0.00000,0.00000,0.00000,0.00000
84.550,1,84725.000,34801,192000,3999.979,120.0,8,22,2,0.00000,0.00000,0.00000,0.00000,0.00000
84.550,2,84344.000,16542,192000,3999.375,120.0,8,22,2,0.00000,0.00000,0.00000,0.00000,0.00000
84.652,0,84637.000,30607,192000,3999.354,120.0,8,22,2,0.00000,0.00000,0.00000,0.00000,0.00000
84.652,1,84828.000,39747,192000,3999.938,120.0,8,22,2,0.00000,0.00000,0.00000,0.00000,0.00000
84.652,2,84447.000,21466,192000,3999.792,120.0,8,22,2,0.00000,0.00000,0.00000,0.00000,0.00000
84.755,0,84740.000,35541,192000,3999.562,120.0,8,22,2,0.00000,0.00000,0.00000,0.00000,0.00000
84.755,1,84931.000,44693,192000,3999.896,120.0,8,22,2,0.00000,0.00000,0.00000,0.00000,0.00000
84.755,2,84549.000,26389,192000,3999.229,120.0,8,22,2,0.00000,0.00000,0.00000,0.00000,0.00000
84.856,0,84841.000,40371,192000,3999.938,120.0,8,22,2,0.00000,0.00000,0.00000,0.00000,0.00000
84.856,1,85031.000,49533,192000,3999.062,120.0,8,22,2,0.00000,0.00000,0.00000,0.00000,0.00000
84.856,2,84650.000,31208,192000,3999.833,120.0,8,22,2,0.00000,0.00000,0.00000,0.00000,0.00000
84.958,0,84943.000,45278,192000,3999.708,120.0,8,22,2,0.00000,0.00000,0.00000,0.00000,0.00000
84.958,1,85134.000,54452,192000,3999.583,120.0,8,22,2,0.00000,0.00000,0.00000,0.00000,0.00000
84.958,2,84752.000,36104,192000,3999.833,120.0,8,22,2,0.00000,0.00000,0.00000,0.00000,0.00000
85.058,0,85043.000,50082,192000,3999.625,120.0,8,22,2,0.00000,0.00000,0.00000,0.00000,0.00000
85.058,1,85234.000,59266,192000,3999.292,120.0,8,22,2,0.00000,0.00000,0.00000,0.00000,0.00000
85.058,2,84852.000,40897,192000,3999.979,120.0,8,22,2,0.00000,0.00000,0.00000,0.00000,0.00000
85.158,0,85143.000,54888,192000,3999.500,120.0,8,22,2,0.00000,0.00000,0.00000,0.00000,0.00000
85.158,1,85335.000,64083,192000,3999.938,120.0,8,22,2,0.00000,0.00000,0.00000,0.00000,0.00000
85.158,2,84951.000,45692,192000,3999.083,120.0,8,22,2,0.00000,0.00000,0.00000,0.00000,0.00000
85.260,0,85244.000,59755,192000,3999.104,120.0,8,22,2,0.00000,0.00000,0.00000,0.00000,0.00000
85.260,1,85436.000,68962,192000,3999.292,120.0,8,22,2,0.00000,0.00000,0.00000,0.00000,0.00000
85.260,2,85053.000,50549,192000,3999.896,120.0,8,22,2,0.00000,0.00000,0.00000,0.00000,0.00000
85.361,0,85346.000,64608,192000,0.000,120.0,8,22,2,0.00000,0.00000,0.00000,0.00000,0.00000
85.361,1,85538.000,73826,192000,3999.958,120.0,8,22,2,0.00000,0.00000,0.00000,0.00000,0.00000
85.361,2,85153.000,55391,192000,3999.021,120.0,8,22,2,0.00000,0.00000,0.00000,0.00000,0.00000
85.462,0,85446.000,69451,192000,3999.104,120.0,8,22,2,0.00000,0.00000,0.00000,0.00000,0.00000
85.462,1,85639.000,78679,192000,3999.854,120.0,8,22,2,0.00000,0.00000,0.00000,0.00000,0.00000
85.462,2,85254.000,60223,192000,3999.354,120.0,8,22,2,0.00000,0.00000,0.00000,0.00000,0.00000
85.563,0,85548.000,74310,192000,3999.875,120.0,8,22,2,0.00000,0.00000,0.00000,0.00000,0.00000
85.563,1,85740.000,83549,192000,3999.396,120.0,8,22,2,0.00000,0.00000,0.00000,0.00000,0.00000
85.563,2,85355.000,65071,192000,3999.354,120.0,8,22,2,0.00000,0.00000,0.00000,0.00000,0.00000
85.665,0,85650.000,79228,192000,3999.417,120.0,8,22,2,0.00000,0.00000,0.00000,0.00000,0.00000
85.665,1,85843.000,88478,192000,3999.708,120.0,8,22,2,0.00000,0.00000,0.00000,0.00000,0.00000
85.665,2,85457.000,69978,192000,3999.125,120.0,8,22,2,0.00000,0.00000,0.00000,0.00000,0.00000
85.767,0,85751.000,84083,192000,3999.271,120.0,8,22,2,0.00000,0.00000,0.00000,0.00000,0.00000
85.767,1,85944.000,93344,192000,3999.333,120.0,8,22,2,0.00000,0.00000,0.00000,0.00000,0.00000
85.767,2,85558.000,74822,192000,3999.208,120.0,8,22,2,0.00000,0.00000,0.00000,0.00000,0.00000
85.868,0,85853.000,88971,192000,3999.438,120.0,8,22,2,0.00000,0.00000,0.00000,0.00000,0.00000
85.868,1,86046.000,98243,192000,3999.271,120.0,8,22,2,0.00000,0.00000,0.00000,0.00000,0.00000
85.868,2,85660.000,79699,192000,3999.604,120.0,8,22,2,0.00000,0.00000,0.00000,0.00000,0.00000
85.969,0,85954.000,93809,192000,3999.646,120.0,8,22,2,0.00000,0.00000,0.00000,0.00000,0.00000
85.969,1,86147.000,103092,192000,3999.250,120.0,8,22,2,0.00000,0.00000,0.00000,0.00000,0.00000
85.969,2,85760.000,84526,192000,3999.042,120.0,8,22,2,0.00000,0.00000,0.00000,0.00000,0.00000
86.070,0,86055.000,98653,192000,3999.729,120.0,8,22,2,0.00000,0.00000,0.00000,0.00000,0.00000
86.070,1,86248.000,107947,192000,3999.104,120.0,8,22,2,0.00000,0.00000,0.00000,0.00000,0.00000
86.070,2,85861.000,89359,192000,3999.354,120.0,8,22,2,0.00000,0.00000,0.00000,0.00000,0.00000
86.171,0,86156.000,103491,192000,3999.938,120.0,8,22,2,0.00000,0.00000,0.00000,0.00000,0.00000
86.171,1,86349.000,112796,192000,3999.083,120.0,8,22,2,0.00000,0.00000,0.00000,0.00000,0.00000
86.171,2,85962.000,94186,192000,3999.792,120.0,8,22,2,0.00000,0.00000,0.00000,0.00000,0.00000
86.272,0,86256.000,108334,192000,3999.042,120.0,8,22,2,0.00000,0.00000,0.00000,0.00000,0.00000
86.272,1,86451.000,117649,192000,3999.979,120.0,8,22,2,0.00000,0.00000,0.00000,0.00000,0.00000
86.272,2,86062.000,99018,192000,3999.125,120.0,8,22,2,0.00000,0.00000,0.00000,0.00000,0.00000
86.373,0,86358.000,113190,192000,3999.875,120.0,8,22,2,0.00000,0.00000,0.00000,0.00000,0.00000
86.373,1,86552.000,122517,192000,3999.562,120.0,8,22,2,0.00000,0.00000,0.00000,0.00000,0.00000
86.373,2,86163.000,103864,192000,3999.167,120.0,8,22,2,0.00000,0.00000,0.00000,0.00000,0.00000
86.475,0,86460.000,118084,192000,3999.917,120.0,8,22,2,0.00000,0.00000,0.00000,0.00000,0.00000
86.475,1,86654.000,127421,192000,3999.396,120.0,8,22,2,0.00000,0.00000,0.00000,0.00000,0.00000
86.475,2,86265.000,108746,192000,3999.458,120.0,8,22,2,0.00000,0.00000,0.00000,0.00000,0.00000
86.576,0,86561.000,122958,192000,3999.375,120.0,8,22,2,0.00000,0.00000,0.00000,0.00000,0.00000
86.576,1,86756.000,132307,192000,3999.604,120.0,8,22,2,0.00000,0.00000,0.00000,0.00000,0.00000
86.576,2,86366.000,113610,192000,3999.125,120.0,8,22,2,0.00000,0.00000,0.00000,0.00000,0.00000
86.677,0,86662.000,127783,192000,3999.854,120.0,8,22,2,0.00000,0.00000,0.00000,0.00000,0.00000
86.677,1,86857.000,137143,192000,3999.854,120.0,8,22,2,0.00000,0.00000,0.00000,0.00000,0.00000
86.677,2,86467.000,118424,192000,3999.833,120.0,8,22,2,0.00000,0.00000,0.00000,0.00000,0.00000
86.780,0,86764.000,132719,192000,3999.021,120.0,8,22,2,0.00000,0.00000,0.00000,0.00000,0.00000
86.780,1,86960.000,142089,192000,3999.812,120.0,8,22,2,0.00000,0.00000,0.00000,0.00000,0.00000
86.780,2,86569.000,123348,192000,3999.250,120.0,8,22,2,0.00000,0.00000,0.00000,0.00000,0.00000
86.880,0,86865.000,137520,192000,0.000,120.0,8,22,2,0.00000,0.00000,0.00000,0.00000,0.00000
86.880,1,87060.000,146901,192000,3999.562,120.0,8,22,2,0.00000,0.00000,0.00000,0.00000,0.00000
86.880,2,86669.000,128139,192000,3999.438,120.0,8,22,2,0.00000,0.00000,0.00000,0.00000,0.00000
86.981,0,86966.000,142371,192000,3999.938,120.0,8,22,2,0.00000,0.00000,0.00000,0.00000,0.00000
86.981,1,87161.000,151763,192000,3999.271,120.0,8,22,2,0.00000,0.00000,0.00000,0.00000,0.00000
86.981,2,86770.000,132979,192000,3999.604,120.0,8,22,2,0.00000,0.00000,0.00000,0.00000,0.00000
87.083,0,87068.000,147268,192000,3999.917,120.0,8,22,2,0.00000,0.00000,0.00000,0.00000,0.00000
87.083,1,87263.000,156671,192000,3999.021,120.0,8,22,2,0.00000,0.00000,0.00000,0.00000,0.00000
87.083,2,86872.000,137865,192000,3999.812,120.0,8,22,2,0.00000,0.00000,0.00000,0.00000,0.00000
87.183,0,87168.000,152085,192000,3999.562,120.0,8,22,2,0.00000,0.00000,0.00000,0.00000,0.00000
87.183,1,87364.000,161499,192000,3999.438,120.0,8,22,2,0.00000,0.00000,0.00000,0.00000,0.00000
87.183,2,86972.000,142671,192000,3999.688,120.0,8,22,2,0.00000,0.00000,0.00000,0.00000,0.00000
87.285,0,87270.000,156972,192000,3999.750,120.0,8,22,2,0.00000,0.00000,0.00000,0.00000,0.00000
87.285,1,87466.000,166397,192000,3999.396,120.0,8,22,2,0.00000,0.00000,0.00000,0.00000,0.00000
87.285,2,87073.000,147547,192000,3999.104,120.0,8,22,2,0.00000,0.00000,0.00000,0.00000,0.00000
87.386,0,87371.000,161837,192000,3999.396,120.0,8,22,2,0.00000,0.00000,0.00000,0.00000,0.00000
87.386,1,87568.000,171273,192000,3999.812,120.0,8,22,2,0.00000,0.00000,0.00000,0.00000,0.00000
87.386,2,87175.000,152401,192000,3999.979,120.0,8,22,2,0.00000,0.00000,0.00000,0.00000,0.00000
87.488,0,87473.000,166727,192000,3999.521,120.0,8,22,2,0.00000,0.00000,0.00000,0.00000,0.00000
87.488,1,87670.000,176174,192000,3999.708,120.0,8,22,2,0.00000,0.00000,0.00000,0.00000,0.00000
87.488,2,87276.000,157280,192000,3999.333,120.0,8,22,2,0.00000,0.00000,0.00000,0.00000,0.00000
87.591,0,87575.000,171647,192000,3999.021,120.0,8,22,2,0.00000,0.00000,0.00000,0.00000,0.00000
87.591,1,87773.000,181105,192000,3999.979,120.0,8,22,2,0.00000,0.00000,0.00000,0.00000,0.00000
87.591,2,87378.000,162189,192000,3999.062,120.0,8,22,2,0.00000,0.00000,0.00000,0.00000,0.00000
87.692,0,87677.000,176507,192000,3999.771,120.0,8,22,2,0.00000,0.00000,0.00000,0.00000,0.00000
87.692,1,87874.000,185976,192000,3999.500,120.0,8,22,2,0.00000,0.00000,0.00000,0.00000,0.00000
87.692,2,87479.000,167038,192000,3999.042,120.0,8,22,2,0.00000,0.00000,0.00000,0.00000,0.00000
87.794,0,87779.000,181399,192000,3999.854,120.0,8,22,2,0.00000,0.00000,0.00000,0.00000,0.00000
87.794,1,87976.000,190879,192000,3999.354,120.0,8,22,2,0.00000,0.00000,0.00000,0.00000,0.00000
87.794,2,87581.000,171920,192000,3999.333,120.0,8,22,2,0.00000,0.00000,0.00000,0.00000,0.00000
87.897,0,87881.000,186335,192000,3999.021,120.0,8,22,2,0.00000,0.00000,0.00000,0.00000,0.00000
87.897,1,88079.000,3826,192000,3999.292,120.0,8,23,2,0.00000,0.00000,0.00000,0.00000,0.00000
87.897,2,87684.000,176844,192000,3999.750,120.0,8,22,2,0.00000,0.00000,0.00000,0.00000,0.00000
87.999,0,87984.000,191266,192000,3999.292,120.0,8,22,2,0.00000,0.00000,0.00000,0.00000,0.00000
87.999,1,88182.000,8768,192000,3999.333,120.0,8,23,2,0.00000,0.00000,0.00000,0.00000,0.00000
87.999,2,87786.000,181764,192000,3999.250,120.0,8,22,2,0.00000,0.00000,0.00000,0.00000,0.00000
88.102,0,88087.000,4187,192000,3999.771,120.0,8,23,2,0.09593,0.00000,0.09593,0.00000,0.00000
88.102,1,88285.000,13700,192000,3999.583,120.0,8,23,2,0.00000,0.00000,0.00000,0.00000,0.00000
88.102,2,87889.000,186674,192000,3999.958,120.0,8,22,2,0.00000,0.00000,0.00000,0.00000,0.00000
88.204,0,88188.000,9070,192000,3999.042,120.0,8,23,2,0.06284,0.00000,0.06284,0.00000,0.00000
88.204,1,88387.000,18594,192000,3999.625,120.0,8,23,2,0.00000,0.00000,0.00000,0.00000,0.00000
88.204,2,87990.000,191546,192000,3999.458,120.0,8,22,2,0.00000,0.00000,0.00000,0.00000,0.00000
88.306,0,88291.000,13971,192000,3999.938,120.0,8,23,2,0.04110,0.00000,0.04110,0.00000,0.00000
88.306,1,88489.000,23506,192000,3999.292,120.0,8,23,2,0.00000,0.00000,0.00000,0.00000,0.00000
88.306,2,88092.000,4436,192000,3999.583,120.0,8,23,2,0.09388,0.00000,0.09388,0.00000,0.00000
88.406,0,88391.000,18801,192000,3999.312,120.0,8,23,2,0.02704,0.00000,0.02704,0.00000,0.00000
88.406,1,88590.000,28347,192000,3999.438,120.0,8,23,2,0.00000,0.00000,0.00000,0.00000,0.00000
88.406,2,88192.000,9255,192000,3999.188,120.0,8,23,2,0.06183,0.00000,0.06183,0.00000,0.00000
88.508,0,88493.000,23673,192000,3999.812,120.0,8,23,2,0.01773,0.00000,0.01773,0.00000,0.00000
88.508,1,88692.000,33230,192000,3999.708,120.0,8,23,2,0.00000,0.00000,0.00000,0.00000,0.00000
88.508,2,88294.000,14116,192000,3999.917,120.0,8,23,2,0.04058,0.00000,0.04058,0.00000,0.00000
88.608,0,88593.000,28479,192000,3999.688,120.0,8,23,2,0.01169,0.00000,0.01169,0.00000,0.00000
88.608,1,88792.000,38047,192000,3999.354,120.0,8,23,2,0.00000,0.00000,0.00000,0.00000,0.00000
88.608,2,88393.000,18911,192000,3999.021,120.0,8,23,2,0.02678,0.00000,0.02678,0.00000,0.00000
88.708,0,88693.000,33297,192000,3999.312,120.0,8,23,2,0.00770,0.00000,0.00770,0.00000,0.00000
88.708,1,88893.000,42875,192000,3999.771,120.0,8,23,2,0.00000,0.00000,0.00000,0.00000,0.00000
88.708,2,88494.000,23718,192000,3999.875,120.0,8,23,2,0.01766,0.00000,0.01766,0.00000,0.00000
88.811,0,88796.000,38214,192000,3999.875,120.0,8,23,2,0.00503,0.00000,0.00503,0.00000,0.00000
88.811,1,88995.000,47804,192000,3999.083,120.0,8,23,2,0.00000,0.00000,0.00000,0.00000,0.00000
88.811,2,88596.000,28624,192000,3999.667,120.0,8,23,2,0.01154,0.00000,0.01154,0.00000,0.00000
88.913,0,88897.000,43101,192000,3999.062,120.0,8,23,2,0.00329,0.00000,0.00329,0.00000,0.00000
88.913,1,89097.000,52701,192000,3999.062,120.0,8,23,2,0.00000,0.00000,0.00000,0.00000,0.00000
88.913,2,88697.000,33500,192000,3999.083,120.0,8,23,2,0.00757,0.00000,0.00757,0.00000,0.00000
89.013,0,88998.000,47911,192000,3999.854,120.0,8,23,2,0.00217,0.00000,0.00217,0.00000,0.00000
89.013,1,89198.000,57522,192000,3999.625,120.0,8,23,2,0.00000,0.00000,0.00000,0.00000,0.00000
89.013,2,88797.000,38299,192000,3999.104,120.0,8,23,2,0.00499,0.00000,0.00499,0.00000,0.00000
89.114,0,89099.000,52772,192000,3999.583,120.0,8,23,2,0.00142,0.00000,0.00142,0.00000,0.00000
89.114,1,89299.000,62395,192000,3999.104,120.0,8,23,2,0.00000,0.00000,0.00000,0.00000,0.00000
89.114,2,88898.000,43150,192000,3999.042,120.0,8,23,2,0.00328,0.00000,0.00328,0.00000,0.00000
89.215,0,89200.000,57634,192000,3999.292,120.0,8,23,2,0.00094,0.00000,0.00094,0.00000,0.00000
89.215,1,89401.000,67267,192000,3999.604,120.0,8,23,2,0.00000,0.00000,0.00000,0.00000,0.00000
89.215,2,89000.000,48000,192000,0.000,120.0,8,23,2,0.00215,0.00000,0.00215,0.00000,0.00000
89.316,0,89301.000,62458,192000,3999.792,120.0,8,23,2,0.00062,0.00000,0.00062,0.00000,0.00000
89.316,1,89502.000,72103,192000,3999.854,120.0,8,23,2,0.00000,0.00000,0.00000,0.00000,0.00000
89.316,2,89100.000,52814,192000,3999.708,120.0,8,23,2,0.00142,0.00000,0.00142,0.00000,0.00000
89.416,0,89401.000,67268,192000,3999.583,120.0,8,23,2,0.00041,0.00000,0.00041,0.00000,0.00000
89.416,1,89602.000,76923,192000,3999.438,120.0,8,23,2,0.00000,0.00000,0.00000,0.00000,0.00000
89.416,2,89200.000,57613,192000,3999.729,120.0,8,23,2,0.00094,0.00000,0.00094,0.00000,0.00000
89.517,0,89502.000,72096,192000,0.000,120.0,8,23,2,0.00027,0.00000,0.00027,0.00000,0.00000
89.517,1,89703.000,81762,192000,3999.625,120.0,8,23,2,0.00000,0.00000,0.00000,0.00000,0.00000
89.517,2,89300.000,62430,192000,3999.375,120.0,8,23,2,0.00062,0.00000,0.00062,0.00000,0.00000
89.618,0,89603.000,76969,192000,3999.479,120.0,8,23,2,0.00018,0.00000,0.00018,0.00000,0.00000
89.618,1,89805.000,86646,192000,3999.875,120.0,8,23,2,0.00000,0.00000,0.00000,0.00000,0.00000
89.618,2,89401.000,67292,192000,3999.083,120.0,8,23,2,0.00040,0.00000,0.00040,0.00000,0.00000
89.719,0,89704.000,81801,192000,3999.812,120.0,8,23,2,0.00012,0.00000,0.00012,0.00000,0.00000
89.719,1,89906.000,91488,192000,0.000,120.0,8,23,2,0.00000,0.00000,0.00000,0.00000,0.00000
89.719,2,89502.000,72113,192000,3999.646,120.0,8,23,2,0.00027,0.00000,0.00027,0.00000,0.00000
89.819,0,89804.000,86614,192000,3999.542,120.0,8,23,2,0.00008,0.00000,0.00008,0.00000,0.00000
89.819,1,90006.000,96313,192000,3999.479,120.0,8,23,2,0.00000,0.00000,0.00000,0.00000,0.00000
89.819,2,89602.000,76915,192000,3999.604,120.0,8,23,2,0.00018,0.00000,0.00018,0.00000,0.00000
89.921,0,89906.000,91510,192000,3999.542,120.0,8,23,2,0.00005,0.00000,0.00005,0.00000,0.00000
89.921,1,90108.000,101220,192000,3999.250,120.0,8,23,2,0.00000,0.00000,0.00000,0.00000,0.00000
89.921,2,89704.000,81801,192000,3999.812,120.0,8,23,2,0.00012,0.00000,0.00012,0.00000,0.00000
90.024,0,90009.000,96445,192000,3999.729,120.0,8,23,2,0.00003,0.00000,0.00003,0.00000,0.00000
90.024,1,90211.000,106166,192000,3999.208,120.0,8,23,2,0.00000,0.00000,0.00000,0.00000,0.00000
90.024,2,89806.000,86724,192000,3999.250,120.0,8,23,2,0.00008,0.00000,0.00008,0.00000,0.00000
90.125,0,90109.000,101269,192000,3999.229,120.0,8,23,2,0.00002,0.00000,0.00002,0.00000,0.00000
90.125,1,90312.000,111000,192000,3999.500,120.0,8,23,2,0.00000,0.00000,0.00000,0.00000,0.00000
90.125,2,89907.000,91537,192000,3999.979,120.0,8,23,2,0.00005,0.00000,0.00005,0.00000,0.00000
90.225,0,90210.000,106102,192000,3999.542,120.0,8,23,2,0.00001,0.00000,0.00001,0.00000,0.00000
90.225,1,90413.000,115844,192000,3999.583,120.0,8,23,2,0.00000,0.00000,0.00000,0.00000,0.00000
90.225,2,90007.000,96359,192000,3999.521,120.0,8,23,2,0.00003,0.00000,0.00003,0.00000,0.00000
90.327,0,90312.000,111006,192000,3999.375,120.0,8,23,2,0.00001,0.00000,0.00001,0.00000,0.00000
90.327,1,90515.000,120759,192000,3999.188,120.0,8,23,2,0.00000,0.00000,0.00000,0.00000,0.00000
90.327,2,90109.000,101252,192000,3999.583,120.0,8,23,2,0.00002,0.00000,0.00002,0.00000,0.00000
90.428,0,90413.000,115838,192000,3999.708,120.0,8,23,2,0.00001,0.00000,0.00001,0.00000,0.00000
90.428,1,90616.000,125603,192000,3999.271,120.0,8,23,2,0.00000,0.00000,0.00000,0.00000,0.00000
90.428,2,90209.000,106074,192000,3999.125,120.0,8,23,2,0.00001,0.00000,0.00001,0.00000,0.00000
90.530,0,90514.000,120710,192000,3999.208,120.0,8,23,2,0.00000,0.00000,0.00000,0.00000,0.00000
90.530,1,90718.000,130485,192000,3999.562,120.0,8,23,2,0.00000,0.00000,0.00000,0.00000,0.00000
90.530,2,90311.000,110935,192000,3999.854,120.0,8,23,2,0.00001,0.00000,0.00001,0.00000,0.00000
90.632,0,90617.000,125644,192000,3999.417,120.0,8,23,2,0.00000,0.00000,0.00000,0.00000,0.00000
90.632,1,90821.000,135430,192000,3999.542,120.0,8,23,2,0.00000,0.00000,0.00000,0.00000,0.00000
90.632,2,90413.000,115857,192000,3999.312,120.0,8,23,2,0.00001,0.00000,0.00001,0.00000,0.00000
90.734,0,90718.000,130500,192000,3999.250,120.0,8,23,2,0.00000,0.00000,0.00000,0.00000,0.00000
90.734,1,90922.000,140297,192000,3999.146,120.0,8,23,2,0.00000,0.00000,0.00000,0.00000,0.00000
90.734,2,90514.000,120703,192000,3999.354,120.0,8,23,2,0.00000,0.00000,0.00000,0.00000,0.00000
90.835,0,90819.000,135354,192000,3999.125,120.0,8,23,2,0.00000,0.00000,0.00000,0.00000,0.00000
90.835,1,91024.000,145163,192000,3999.771,120.0,8,23,2,0.00000,0.00000,0.00000,0.00000,0.00000
90.835,2,90615.000,125546,192000,3999.458,120.0,8,23,2,0.00000,0.00000,0.00000,0.00000,0.00000
90.937,0,90921.000,140248,192000,3999.167,120.0,8,23,2,0.00000,0.00000,0.00000,0.00000,0.00000
90.937,1,91126.000,150068,192000,3999.583,120.0,8,23,2,0.00000,0.00000,0.00000,0.00000,0.00000
90.937,2,90717.000,130429,192000,3999.729,120.0,8,23,2,0.00000,0.00000,0.00000,0.00000,0.00000
91.039,0,91023.000,145146,192000,3999.125,120.0,8,23,2,0.00000,0.00000,0.00000,0.00000,0.00000
91.039,1,91228.000,154977,192000,3999.312,120.0,8,23,2,0.00000,0.00000,0.00000,0.00000,0.00000
91.039,2,90819.000,135316,192000,3999.917,120.0,8,23,2,0.00000,0.00000,0.00000,0.00000,0.00000
91.140,0,91125.000,150004,192000,3999.917,120.0,8,23,2,0.00000,0.00000,0.00000,0.00000,0.00000
91.140,1,91330.000,159845,192000,3999.896,120.0,8,23,2,0.00000,0.00000,0.00000,0.00000,0.00000
91.140,2,90920.000,140163,192000,3999.938,120.0,8,23,2,0.00000,0.00000,0.00000,0.00000,0.00000
91.241,0,91226.000,154881,192000,3999.312,120.0,8,23,2,0.00000,0.00000,0.00000,0.00000,0.00000
91.241,1,91431.000,164733,192000,3999.062,120.0,8,23,2,0.00000,0.00000,0.00000,0.00000,0.00000
91.241,2,91021.000,145029,192000,3999.562,120.0,8,23,2,0.00000,0.00000,0.00000,0.00000,0.00000
91.344,0,91328.000,159785,192000,3999.146,120.0,8,23,2,0.00000,0.00000,0.00000,0.00000,0.00000
91.344,1,91534.000,169648,192000,3999.667,120.0,8,23,2,0.00000,0.00000,0.00000,0.00000,0.00000
91.344,2,91123.000,149922,192000,3999.625,120.0,8,23,2,0.00000,0.00000,0.00000,0.00000,0.00000
91.445,0,91430.000,164643,192000,3999.938,120.0,8,23,2,0.00000,0.00000,0.00000,0.00000,0.00000
91.445,1,91635.000,174517,192000,3999.229,120.0,8,23,2,0.00000,0.00000,0.00000,0.00000,0.00000
91.445,2,91224.000,154769,192000,3999.646,120.0,8,23,2,0.00000,0.00000,0.00000,0.00000,0.00000
91.547,0,91532.000,169563,192000,3999.438,120.0,8,23,2,0.00000,0.00000,0.00000,0.00000,0.00000
91.547,1,91738.000,179448,192000,3999.500,120.0,8,23,2,0.00000,0.00000,0.00000,0.00000,0.00000
91.547,2,91326.000,159677,192000,3999.396,120.0,8,23,2,0.00000,0.00000,0.00000,0.00000,0.00000
91.650,0,91634.000,174477,192000,3999.062,120.0,8,23,2,0.00000,0.00000,0.00000,0.00000,0.00000
91.650,1,91841.000,184373,192000,3999.896,120.0,8,23,2,0.00000,0.00000,0.00000,0.00000,0.00000
91.650,2,91428.000,164581,192000,3999.229,120.0,8,23,2,0.00000,0.00000,0.00000,0.00000,0.00000
91.752,0,91736.000,179375,192000,3999.021,120.0,8,23,2,0.00000,0.00000,0.00000,0.00000,0.00000
91.752,1,91943.000,189282,192000,3999.625,120.0,8,23,2,0.00000,0.00000,0.00000,0.00000,0.00000
91.752,2,91530.000,169467,192000,3999.438,120.0,8,23,2,0.00000,0.00000,0.00000,0.00000,0.00000
91.852,0,91837.000,184208,192000,3999.333,120.0,8,23,2,0.00000,0.00000,0.00000,0.00000,0.00000
91.852,1,92044.000,2126,192000,3999.708,120.0,8,24,2,0.11485,0.11485,0.11452,0.00000,0.00000
91.852,2,91631.000,174290,192000,3999.958,120.0,8,23,2,0.00000,0.00000,0.00000,0.00000,0.00000
91.953,0,91938.000,189057,192000,3999.312,120.0,8,23,2,0.00000,0.00000,0.00000,0.00000,0.00000
91.953,1,92145.000,6986,192000,3999.458,120.0,8,24,2,0.07538,0.07538,0.07516,0.00000,0.00000
91.953,2,91731.000,179128,192000,3999.167,120.0,8,23,2,0.00000,0.00000,0.00000,0.00000,0.00000
92.056,0,92040.000,1965,192000,3999.062,120.0,8,24,2,0.11613,0.11613,0.00000,0.00000,0.00000
92.056,1,92248.000,11905,192000,3999.979,120.0,8,24,2,0.04922,0.04922,0.04908,0.00000,0.00000
92.056,2,91833.000,184024,192000,3999.167,120.0,8,23,2,0.00000,0.00000,0.00000,0.00000,0.00000
92.156,0,92141.000,6779,192000,3999.771,120.0,8,24,2,0.07653,0.07653,0.00000,0.00000,0.00000
92.156,1,92348.000,16730,192000,3999.458,120.0,8,24,2,0.03240,0.03240,0.03231,0.00000,0.00000
92.156,2,91933.000,188828,192000,3999.083,120.0,8,23,2,0.00000,0.00000,0.00000,0.00000,0.00000
92.258,0,92243.000,11693,192000,3999.396,120.0,8,24,2,0.04999,0.04999,0.00000,0.00000,0.00000
92.258,1,92451.000,21655,192000,3999.854,120.0,8,24,2,0.02115,0.02115,0.02109,0.00000,0.00000
92.258,2,92036.000,1731,192000,3999.938,120.0,8,24,2,0.11874,0.11874,0.00000,0.00000,0.00000
92.359,0,92343.000,16508,192000,3999.083,120.0,8,24,2,0.03294,0.03294,0.00000,0.00000,0.00000
92.359,1,92551.000,26480,192000,3999.333,120.0,8,24,2,0.01392,0.01392,0.01388,0.00000,0.00000
92.359,2,92136.000,6535,192000,3999.854,120.0,8,24,2,0.07831,0.07831,0.00000,0.00000,0.00000
92.460,0,92445.000,21379,192000,3999.604,120.0,8,24,2,0.02160,0.02160,0.00000,0.00000,0.00000
92.460,1,92653.000,31362,192000,3999.625,120.0,8,24,2,0.00912,0.00912,0.00909,0.00000,0.00000
92.460,2,92237.000,11395,192000,3999.604,120.0,8,24,2,0.05140,0.05140,0.00000,0.00000,0.00000
92.561,0,92546.000,26226,192000,3999.625,120.0,8,24,2,0.01419,0.01419,0.00000,0.00000,0.00000
92.561,1,92754.000,36221,192000,3999.396,120.0,8,24,2,0.00599,0.00599,0.00597,0.00000,0.00000
92.561,2,92338.000,16231,192000,3999.854,120.0,8,24,2,0.03381,0.03381,0.00000,0.00000,0.00000
92.663,0,92648.000,31117,192000,3999.729,120.0,8,24,2,0.00929,0.00929,0.00000,0.00000,0.00000
92.663,1,92856.000,41122,192000,3999.292,120.0,8,24,2,0.00392,0.00392,0.00390,0.00000,0.00000
92.663,2,92439.000,21111,192000,3999.188,120.0,8,24,2,0.02215,0.02215,0.00000,0.00000,0.00000
92.764,0,92749.000,35969,192000,3999.646,120.0,8,24,2,0.00610,0.00610,0.00000,0.00000,0.00000
92.764,1,92958.000,45985,192000,3999.979,120.0,8,24,2,0.00257,0.00257,0.00256,0.00000,0.00000
92.764,2,92540.000,25952,192000,3999.333,120.0,8,24,2,0.01456,0.01456,0.00000,0.00000,0.00000
92.866,0,92851.000,40857,192000,3999.812,120.0,8,24,2,0.00399,0.00399,0.00000,0.00000,0.00000
92.866,1,93060.000,50885,192000,3999.896,120.0,8,24,2,0.00168,0.00168,0.00168,0.00000,0.00000
92.866,2,92642.000,30830,192000,3999.708,120.0,8,24,2,0.00954,0.00954,0.00000,0.00000,0.00000
92.967,0,92952.000,45707,192000,3999.771,120.0,8,24,2,0.00262,0.00262,0.00000,0.00000,0.00000
92.967,1,93161.000,55746,192000,3999.625,120.0,8,24,2,0.00110,0.00110,0.00110,0.00000,0.00000
92.967,2,92743.000,35669,192000,3999.896,120.0,8,24,2,0.00627,0.00627,0.00000,0.00000,0.00000
93.067,0,93052.000,50518,192000,3999.542,120.0,8,24,2,0.00173,0.00173,0.00000,0.00000,0.00000
93.067,1,93261.000,60567,192000,3999.188,120.0,8,24,2,0.00073,0.00073,0.00072,0.00000,0.00000
93.067,2,92843.000,40469,192000,3999.896,120.0,8,24,2,0.00414,0.00414,0.00000,0.00000,0.00000
93.170,0,93155.000,55458,192000,3999.625,120.0,8,24,2,0.00113,0.00113,0.00000,0.00000,0.00000
93.170,1,93364.000,65518,192000,3999.042,120.0,8,24,2,0.00047,0.00047,0.00047,0.00000,0.00000
93.170,2,92945.000,45397,192000,3999.229,120.0,8,24,2,0.00270,0.00270,0.00000,0.00000,0.00000
93.272,0,93257.000,60348,192000,3999.750,120.0,8,24,2,0.00074,0.00074,0.00000,0.00000,0.00000
93.272,1,93467.000,70420,192000,3999.917,120.0,8,24,2,0.00031,0.00031,0.00031,0.00000,0.00000
93.272,2,93047.000,50277,192000,3999.562,120.0,8,24,2,0.00177,0.00177,0.00000,0.00000,0.00000
93.374,0,93359.000,65250,192000,3999.625,120.0,8,24,2,0.00048,0.00048,0.00000,0.00000,0.00000
93.374,1,93569.000,75333,192000,3999.562,120.0,8,24,2,0.00020,0.00020,0.00020,0.00000,0.00000
93.374,2,93149.000,55167,192000,3999.688,120.0,8,24,2,0.00116,0.00116,0.00000,0.00000,0.00000
93.475,0,93460.000,70112,192000,3999.333,120.0,8,24,2,0.00032,0.00032,0.00000,0.00000,0.00000
93.475,1,93670.000,80206,192000,3999.042,120.0,8,24,2,0.00013,0.00013,0.00013,0.00000,0.00000
93.475,2,93250.000,60019,192000,3999.604,120.0,8,24,2,0.00076,0.00076,0.00000,0.00000,0.00000
93.578,0,93563.000,75032,192000,3999.833,120.0,8,24,2,0.00021,0.00021,0.00000,0.00000,0.00000
93.578,1,93773.000,85137,192000,3999.312,120.0,8,24,2,0.00009,0.00009,0.00009,0.00000,0.00000
93.578,2,93352.000,64928,192000,3999.333,120.0,8,24,2,0.00050,0.00050,0.00000,0.00000,0.00000
93.680,0,93664.000,79907,192000,3999.271,120.0,8,24,2,0.00014,0.00014,0.00000,0.00000,0.00000
93.680,1,93875.000,90023,192000,3999.521,120.0,8,24,2,0.00006,0.00006,0.00006,0.00000,0.00000
93.680,2,93454.000,69792,192000,0.000,120.0,8,24,2,0.00033,0.00033,0.00000,0.00000,0.00000
93.781,0,93766.000,84795,192000,3999.438,120.0,8,24,2,0.00009,0.00009,0.00000,0.00000,0.00000
93.781,1,93977.000,94921,192000,3999.479,120.0,8,24,2,0.00004,0.00004,0.00004,0.00000,0.00000
93.781,2,93555.000,74668,192000,3999.417,120.0,8,24,2,0.00021,0.00021,0.00000,0.00000,0.00000
93.883,0,93867.000,89652,192000,3999.250,120.0,8,24,2,0.00006,0.00006,0.00000,0.00000,0.00000
93.883,1,94078.000,99789,192000,3999.062,120.0,8,24,2,0.00002,0.00002,0.00002,0.00000,0.00000
93.883,2,93656.000,79514,192000,3999.458,120.0,8,24,2,0.00014,0.00014,0.00000,0.00000,0.00000
93.983,0,93968.000,94467,192000,3999.938,120.0,8,24,2,0.00004,0.00004,0.00000,0.00000,0.00000
93.983,1,94179.000,104615,192000,3999.521,120.0,8,24,2,0.00002,0.00002,0.00002,0.00000,0.00000
93.983,2,93756.000,84318,192000,3999.375,120.0,8,24,2,0.00009,0.00009,0.00000,0.00000,0.00000
94.084,0,94068.000,99300,192000,3999.250,120.0,8,24,2,0.00003,0.00003,0.00000,0.00000,0.00000
94.084,1,94280.000,109459,192000,3999.604,120.0,8,24,2,0.00001,0.00001,0.00001,0.00000,0.00000
94.084,2,93857.000,89140,192000,3999.917,120.0,8,24,2,0.00006,0.00006,0.00000,0.00000,0.00000
94.184,0,94169.000,104123,192000,3999.771,120.0,8,24,2,0.00002,0.00002,0.00000,0.00000,0.00000
94.184,1,94381.000,114293,192000,3999.896,120.0,8,24,2,0.00001,0.00001,0.00001,0.00000,0.00000
94.184,2,93957.000,93953,192000,3999.646,120.0,8,24,2,0.00004,0.00004,0.00000,0.00000,0.00000
94.286,0,94271.000,109021,192000,3999.729,120.0,8,24,2,0.00001,0.00001,0.00000,0.00000,0.00000
94.286,1,94483.000,119202,192000,3999.625,120.0,8,24,2,0.00000,0.00000,0.00000,0.00000,0.00000
94.286,2,94059.000,98840,192000,3999.833,120.0,8,24,2,0.00003,0.00003,0.00000,0.00000,0.00000
94.388,0,94373.000,113907,192000,3999.938,120.0,8,24,2,0.00001,0.00001,0.00000,0.00000,0.00000
94.388,1,94585.000,124099,192000,3999.604,120.0,8,24,2,0.00000,0.00000,0.00000,0.00000,0.00000
94.388,2,94160.000,103715,192000,3999.271,120.0,8,24,2,0.00002,0.00002,0.00000,0.00000,0.00000
94.488,0,94473.000,118720,192000,3999.667,120.0,8,24,2,0.00000,0.00000,0.00000,0.00000,0.00000
94.488,1,94685.000,128923,192000,3999.104,120.0,8,24,2,0.00000,0.00000,0.00000,0.00000,0.00000
94.488,2,94260.000,108518,192000,3999.208,120.0,8,24,2,0.00001,0.00001,0.00000,0.00000,0.00000
94.590,0,94575.000,123628,192000,3999.417,120.0,8,24,2,0.00000,0.00000,0.00000,0.00000,0.00000
94.590,1,94788.000,133842,192000,3999.625,120.0,8,24,2,0.00000,0.00000,0.00000,0.00000,0.00000
94.590,2,94362.000,113414,192000,3999.208,120.0,8,24,2,0.00001,0.00001,0.00000,0.00000,0.00000
94.693,0,94677.000,128541,192000,3999.062,120.0,8,24,2,0.00000,0.00000,0.00000,0.00000,0.00000
94.693,1,94890.000,138766,192000,3999.042,120.0,8,24,2,0.00000,0.00000,0.00000,0.00000,0.00000
94.693,2,94464.000,118316,192000,3999.083,120.0,8,24,2,0.00000,0.00000,0.00000,0.00000,0.00000
94.796,0,94780.000,133478,192000,3999.208,120.0,8,24,2,0.00000,0.00000,0.00000,0.00000,0.00000
94.796,1,94994.000,143714,192000,3999.958,120.0,8,24,2,0.00000,0.00000,0.00000,0.00000,0.00000
94.796,2,94567.000,123241,192000,3999.479,120.0,8,24,2,0.00000,0.00000,0.00000,0.00000,0.00000
94.897,0,94882.000,138360,192000,3999.500,120.0,8,24,2,0.00000,0.00000,0.00000,0.00000,0.00000
94.897,1,95095.000,148607,192000,3999.021,120.0,8,24,2,0.00000,0.00000,0.00000,0.00000,0.00000
94.897,2,94669.000,128113,192000,3999.979,120.0,8,24,2,0.00000,0.00000,0.00000,0.00000,0.00000
94.997,0,94982.000,143167,192000,3999.354,120.0,8,24,2,0.00000,0.00000,0.00000,0.00000,0.00000
94.997,1,95196.000,153425,192000,3999.646,120.0,8,24,2,0.00000,0.00000,0.00000,0.00000,0.00000
94.997,2,94768.000,132909,192000,3999.062,120.0,8,24,2,0.00000,0.00000,0.00000,0.00000,0.00000
95.100,0,95085.000,148085,192000,3999.896,120.0,8,24,2,0.00000,0.00000,0.00000,0.00000,0.00000
95.100,1,95299.000,158354,192000,3999.958,120.0,8,24,2,0.00000,0.00000,0.00000,0.00000,0.00000
95.100,2,94871.000,137816,192000,3999.833,120.0,8,24,2,0.00000,0.00000,0.00000,0.00000,0.00000
95.200,0,95185.000,152906,192000,3999.458,120.0,8,24,2,0.00000,0.00000,0.00000,0.00000,0.00000
95.200,1,95399.000,163186,192000,3999.292,120.0,8,24,2,0.00000,0.00000,0.00000,0.00000,0.00000
95.200,2,94971.000,142626,192000,3999.625,120.0,8,24,2,0.00000,0.00000,0.00000,0.00000,0.00000
95.302,0,95287.000,157795,192000,3999.604,120.0,8,24,2,0.00000,0.00000,0.00000,0.00000,0.00000
95.302,1,95501.000,168086,192000,3999.208,120.0,8,24,2,0.00000,0.00000,0.00000,0.00000,0.00000
95.302,2,95073.000,147504,192000,0.000,120.0,8,24,2,0.00000,0.00000,0.00000,0.00000,0.00000
95.405,0,95390.000,162729,192000,3999.812,120.0,8,24,2,0.00000,0.00000,0.00000,0.00000,0.00000
95.405,1,95604.000,173031,192000,3999.188,120.0,8,24,2,0.00000,0.00000,0.00000,0.00000,0.00000
95.405,2,95175.000,152427,192000,3999.438,120.0,8,24,2,0.00000,0.00000,0.00000,0.00000,0.00000
95.508,0,95492.000,167653,192000,3999.229,120.0,8,24,2,0.00000,0.00000,0.00000,0.00000,0.00000
95.508,1,95707.000,177966,192000,3999.375,120.0,8,24,2,0.00000,0.00000,0.00000,0.00000,0.00000
95.508,2,95277.000,157340,192000,3999.083,120.0,8,24,2,0.00000,0.00000,0.00000,0.00000,0.00000
95.610,0,95595.000,172577,192000,3999.646,120.0,8,24,2,0.00000,0.00000,0.00000,0.00000,0.00000
95.610,1,95810.000,182901,192000,3999.562,120.0,8,24,2,0.00000,0.00000,0.00000,0.00000,0.00000
95.610,2,95380.000,162253,192000,3999.729,120.0,8,24,2,0.00000,0.00000,0.00000,0.00000,0.00000
95.711,0,95695.000,177404,192000,3999.083,120.0,8,24,2,0.00000,0.00000,0.00000,0.00000,0.00000
95.711,1,95911.000,187739,192000,3999.771,120.0,8,24,2,0.00000,0.00000,0.00000,0.00000,0.00000
95.711,2,95480.000,167069,192000,3999.396,120.0,8,24,2,0.00000,0.00000,0.00000,0.00000,0.00000
95.813,0,95798.000,182331,192000,3999.438,120.0,8,24,2,0.00000,0.00000,0.00000,0.00000,0.00000
95.813,1,96014.000,677,192000,3999.896,120.0,8,25,2,0.00000,0.00000,0.00000,0.00000,0.00000
95.813,2,95583.000,171985,192000,3999.979,120.0,8,24,2,0.00000,0.00000,0.00000,0.00000,0.00000
95.916,0,95900.000,187239,192000,3999.188,120.0,8,24,2,0.00000,0.00000,0.00000,0.00000,0.00000
95.916,1,96116.000,5597,192000,3999.396,120.0,8,25,2,0.00000,0.00000,0.00000,0.00000,0.00000
95.916,2,95685.000,176882,192000,3999.958,120.0,8,24,2,0.00000,0.00000,0.00000,0.00000,0.00000
96.018,0,96003.000,146,192000,3999.958,120.0,8,25,2,0.00000,0.00000,0.00000,0.00000,0.00000
96.018,1,96219.000,10514,192000,3999.958,120.0,8,25,2,0.00000,0.00000,0.00000,0.00000,0.00000
96.018,2,95787.000,181778,192000,3999.958,120.0,8,24,2,0.00000,0.00000,0.00000,0.00000,0.00000
96.119,0,96104.000,5006,192000,3999.708,120.0,8,25,2,0.00000,0.00000,0.00000,0.00000,0.00000
96.119,1,96320.000,15385,192000,3999.479,120.0,8,25,2,0.00000,0.00000,0.00000,0.00000,0.00000
96.119,2,95888.000,186627,192000,3999.938,120.0,8,24,2,0.00000,0.00000,0.00000,0.00000,0.00000
96.222,0,96207.000,9936,192000,0.000,120.0,8,25,2,0.00000,0.00000,0.00000,0.00000,0.00000
96.222,1,96423.000,20326,192000,3999.542,120.0,8,25,2,0.00000,0.00000,0.00000,0.00000,0.00000
96.222,2,95990.000,191546,192000,3999.458,120.0,8,24,2,0.00000,0.00000,0.00000,0.00000,0.00000
96.323,0,96308.000,14810,192000,3999.458,120.0,8,25,2,0.00000,0.00000,0.00000,0.00000,0.00000
96.323,1,96525.000,25211,192000,3999.771,120.0,8,25,2,0.00000,0.00000,0.00000,0.00000,0.00000
96.323,2,96091.000,4409,192000,3999.146,120.0,8,25,2,0.00000,0.00000,0.00000,0.00000,0.00000
96.426,0,96410.000,19718,192000,3999.208,120.0,8,25,2,0.00000,0.00000,0.00000,0.00000,0.00000
96.426,1,96627.000,30130,192000,3999.292,120.0,8,25,2,0.00000,0.00000,0.00000,0.00000,0.00000
96.426,2,96193.000,9306,192000,3999.125,120.0,8,25,2,0.00000,0.00000,0.00000,0.00000,0.00000
96.526,0,96511.000,24530,192000,3999.958,120.0,8,25,2,0.00000,0.00000,0.00000,0.00000,0.00000
96.526,1,96728.000,34953,192000,3999.812,120.0,8,25,2,0.00000,0.00000,0.00000,0.00000,0.00000
96.526,2,96293.000,14107,192000,3999.104,120.0,8,25,2,0.00000,0.00000,0.00000,0.00000,0.00000
96.627,0,96612.000,29394,192000,3999.625,120.0,8,25,2,0.00000,0.00000,0.00000,0.00000,0.00000
96.627,1,96829.000,39828,192000,3999.250,120.0,8,25,2,0.00000,0.00000,0.00000,0.00000,0.00000
96.627,2,96395.000,18960,192000,0.000,120.0,8,25,2,0.00000,0.00000,0.00000,0.00000,0.00000
96.729,0,96714.000,34306,192000,3999.292,120.0,8,25,2,0.00000,0.00000,0.00000,0.00000,0.00000
96.729,1,96932.000,44751,192000,3999.688,120.0,8,25,2,0.00000,0.00000,0.00000,0.00000,0.00000
96.729,2,96497.000,23861,192000,3999.896,120.0,8,25,2,0.00000,0.00000,0.00000,0.00000,0.00000
96.832,0,96817.000,39232,192000,3999.667,120.0,8,25,2,0.00000,0.00000,0.00000,0.00000,0.00000
96.832,1,97035.000,49688,192000,3999.833,120.0,8,25,2,0.00000,0.00000,0.00000,0.00000,0.00000
96.832,2,96599.000,28776,192000,3999.500,120.0,8,25,2,0.00000,0.00000,0.00000,0.00000,0.00000
96.932,0,96917.000,44036,192000,3999.583,120.0,8,25,2,0.00000,0.00000,0.00000,0.00000,0.00000
96.932,1,97135.000,54502,192000,3999.542,120.0,8,25,2,0.00000,0.00000,0.00000,0.00000,0.00000
96.932,2,96699.000,33569,192000,3999.646,120.0,8,25,2,0.00000,0.00000,0.00000,0.00000,0.00000
97.032,0,97017.000,48841,192000,3999.479,120.0,8,25,2,0.00000,0.00000,0.00000,0.00000,0.00000
97.032,1,97235.000,59318,192000,3999.208,120.0,8,25,2,0.00000,0.00000,0.00000,0.00000,0.00000
97.032,2,96799.000,38363,192000,3999.771,120.0,8,25,2,0.00000,0.00000,0.00000,0.00000,0.00000
97.133,0,97117.000,53655,192000,3999.188,120.0,8,25,2,0.00000,0.00000,0.00000,0.00000,0.00000
97.133,1,97336.000,64143,192000,3999.688,120.0,8,25,2,0.00000,0.00000,0.00000,0.00000,0.00000
97.133,2,96899.000,43167,192000,3999.688,120.0,8,25,2,0.00000,0.00000,0.00000,0.00000,0.00000
97.235,0,97220.000,58588,192000,3999.417,120.0,8,25,2,0.00000,0.00000,0.00000,0.00000,0.00000
97.235,1,97439.000,69088,192000,3999.667,120.0,8,25,2,0.00000,0.00000,0.00000,0.00000,0.00000
97.235,2,97001.000,48088,192000,3999.167,120.0,8,25,2,0.00000,0.00000,0.00000,0.00000,0.00000
97.336,0,97321.000,63441,192000,3999.312,120.0,8,25,2,0.00000,0.00000,0.00000,0.00000,0.00000
97.336,1,97540.000,73952,192000,3999.333,120.0,8,25,2,0.00000,0.00000,0.00000,0.00000,0.00000
97.336,2,97102.000,52930,192000,3999.292,120.0,8,25,2,0.00000,0.00000,0.00000,0.00000,0.00000
97.439,0,97424.000,68361,192000,3999.812,120.0,8,25,2,0.00000,0.00000,0.00000,0.00000,0.00000
97.439,1,97643.000,78882,192000,3999.625,120.0,8,25,2,0.00000,0.00000,0.00000,0.00000,0.00000
97.439,2,97204.000,57839,192000,3999.021,120.0,8,25,2,0.00000,0.00000,0.00000,0.00000,0.00000
97.539,0,97524.000,73165,192000,3999.729,120.0,8,25,2,0.00000,0.00000,0.00000,0.00000,0.00000
97.539,1,97743.000,83698,192000,3999.292,120.0,8,25,2,0.00000,0.00000,0.00000,0.00000,0.00000
97.539,2,97304.000,62633,192000,3999.146,120.0,8,25,2,0.00000,0.00000,0.00000,0.00000,0.00000
97.641,0,97626.000,78067,192000,3999.604,120.0,8,25,2,0.00000,0.00000,0.00000,0.00000,0.00000
97.641,1,97846.000,88611,192000,3999.938,120.0,8,25,2,0.00000,0.00000,0.00000,0.00000,0.00000
97.641,2,97406.000,67524,192000,3999.250,120.0,8,25,2,0.00000,0.00000,0.00000,0.00000,0.00000
97.742,0,97726.000,82889,192000,3999.146,120.0,8,25,2,0.00000,0.00000,0.00000,0.00000,0.00000
97.742,1,97946.000,93444,192000,3999.250,120.0,8,25,2,0.00000,0.00000,0.00000,0.00000,0.00000
97.742,2,97506.000,72335,192000,3999.021,120.0,8,25,2,0.00000,0.00000,0.00000,0.00000,0.00000
97.842,0,97827.000,87725,192000,3999.396,120.0,8,25,2,0.00000,0.00000,0.00000,0.00000,0.00000
97.842,1,98047.000,98291,192000,3999.271,120.0,8,25,2,0.00000,0.00000,0.00000,0.00000,0.00000
97.842,2,97607.000,77160,192000,3999.500,120.0,8,25,2,0.00000,0.00000,0.00000,0.00000,0.00000
97.942,0,97927.000,92530,192000,3999.292,120.0,8,25,2,0.00000,0.00000,0.00000,0.00000,0.00000
97.942,1,98148.000,103106,192000,3999.958,120.0,8,25,2,0.00000,0.00000,0.00000,0.00000,0.00000
97.942,2,97707.000,81954,192000,3999.625,120.0,8,25,2,0.00000,0.00000,0.00000,0.00000,0.00000
98.045,0,98029.000,97429,192000,3999.229,120.0,8,25,2,0.00000,0.00000,0.00000,0.00000,0.00000
98.045,1,98250.000,108016,192000,3999.667,120.0,8,25,2,0.00000,0.00000,0.00000,0.00000,0.00000
98.045,2,97809.000,86842,192000,3999.792,120.0,8,25,2,0.00000,0.00000,0.00000,0.00000,0.00000
98.145,0,98129.000,102238,192000,3999.042,120.0,8,25,2,0.00000,0.00000,0.00000,0.00000,0.00000
98.145,1,98350.000,112836,192000,3999.250,120.0,8,25,2,0.00000,0.00000,0.00000,0.00000,0.00000
98.145,2,97909.000,91640,192000,3999.833,120.0,8,25,2,0.00000,0.00000,0.00000,0.00000,0.00000
98.245,0,98230.000,107060,192000,3999.583,120.0,8,25,2,0.00000,0.00000,0.00000,0.00000,0.00000
98.245,1,98451.000,117669,192000,3999.562,120.0,8,25,2,0.00000,0.00000,0.00000,0.00000,0.00000
98.245,2,98009.000,96451,192000,3999.604,120.0,8,25,2,0.00000,0.00000,0.00000,0.00000,0.00000
98.346,0,98330.000,111878,192000,3999.208,120.0,8,25,2,0.00000,0.00000,0.00000,0.00000,0.00000
98.346,1,98552.000,122497,192000,3999.979,120.0,8,25,2,0.00000,0.00000,0.00000,0.00000,0.00000
98.346,2,98109.000,101258,192000,3999.458,120.0,8,25,2,0.00000,0.00000,0.00000,0.00000,0.00000
98.446,0,98431.000,116718,192000,3999.375,120.0,8,25,2,0.00000,0.00000,0.00000,0.00000,0.00000
98.446,1,98653.000,127349,192000,3999.896,120.0,8,25,2,0.00000,0.00000,0.00000,0.00000,0.00000
98.446,2,98210.000,106088,192000,3999.833,120.0,8,25,2,0.00000,0.00000,0.00000,0.00000,0.00000
98.547,0,98532.000,121539,192000,3999.938,120.0,8,25,2,0.00000,0.00000,0.00000,0.00000,0.00000
98.547,1,98753.000,132180,192000,3999.250,120.0,8,25,2,0.00000,0.00000,0.00000,0.00000,0.00000
98.547,2,98310.000,110898,192000,3999.625,120.0,8,25,2,0.00000,0.00000,0.00000,0.00000,0.00000
98.649,0,98633.000,126425,192000,3999.146,120.0,8,25,2,0.00000,0.00000,0.00000,0.00000,0.00000
98.649,1,98855.000,137078,192000,3999.208,120.0,8,25,2,0.00000,0.00000,0.00000,0.00000,0.00000
98.649,2,98411.000,115773,192000,3999.062,120.0,8,25,2,0.00000,0.00000,0.00000,0.00000,0.00000
98.750,0,98735.000,131296,192000,3999.667,120.0,8,25,2,0.00000,0.00000,0.00000,0.00000,0.00000
98.750,1,98957.000,141959,192000,3999.521,120.0,8,25,2,0.00000,0.00000,0.00000,0.00000,0.00000
98.750,2,98513.000,120633,192000,3999.812,120.0,8,25,2,0.00000,0.00000,0.00000,0.00000,0.00000
98.852,0,98837.000,136206,192000,3999.375,120.0,8,25,2,0.00000,0.00000,0.00000,0.00000,0.00000
98.852,1,99060.000,146880,192000,0.000,120.0,8,25,2,0.00000,0.00000,0.00000,0.00000,0.00000
98.852,2,98615.000,125531,192000,3999.771,120.0,8,25,2,0.00000,0.00000,0.00000,0.00000,0.00000
98.955,0,98940.000,141140,192000,3999.583,120.0,8,25,2,0.00000,0.00000,0.00000,0.00000,0.00000
98.955,1,99163.000,151826,192000,3999.958,120.0,8,25,2,0.00000,0.00000,0.00000,0.00000,0.00000
98.955,2,98717.000,130455,192000,3999.188,120.0,8,25,2,0.00000,0.00000,0.00000,0.00000,0.00000
99.056,0,99041.000,145970,192000,3999.958,120.0,8,25,2,0.00000,0.00000,0.00000,0.00000,0.00000
99.056,1,99263.000,156666,192000,3999.125,120.0,8,25,2,0.00000,0.00000,0.00000,0.00000,0.00000
99.056,2,98818.000,135274,192000,3999.792,120.0,8,25,2,0.00000,0.00000,0.00000,0.00000,0.00000
99.158,0,99143.000,150867,192000,3999.938,120.0,8,25,2,0.00000,0.00000,0.00000,0.00000,0.00000
99.158,1,99366.000,161574,192000,3999.875,120.0,8,25,2,0.00000,0.00000,0.00000,0.00000,0.00000
99.158,2,98919.000,140159,192000,3999.021,120.0,8,25,2,0.00000,0.00000,0.00000,0.00000,0.00000
99.259,0,99243.000,155706,192000,3999.125,120.0,8,25,2,0.00000,0.00000,0.00000,0.00000,0.00000
99.259,1,99467.000,166424,192000,3999.833,120.0,8,25,2,0.00000,0.00000,0.00000,0.00000,0.00000
99.259,2,99020.000,144988,192000,3999.417,120.0,8,25,2,0.00000,0.00000,0.00000,0.00000,0.00000
99.359,0,99344.000,160533,192000,3999.562,120.0,8,25,2,0.00000,0.00000,0.00000,0.00000,0.00000
99.359,1,99567.000,171262,192000,3999.042,120.0,8,25,2,0.00000,0.00000,0.00000,0.00000,0.00000
99.359,2,99120.000,149804,192000,3999.083,120.0,8,25,2,0.00000,0.00000,0.00000,0.00000,0.00000
99.461,0,99446.000,165418,192000,3999.792,120.0,8,25,2,0.00000,0.00000,0.00000,0.00000,0.00000
99.461,1,99669.000,176158,192000,3999.042,120.0,8,25,2,0.00000,0.00000,0.00000,0.00000,0.00000
99.461,2,99222.000,154678,192000,3999.542,120.0,8,25,2,0.00000,0.00000,0.00000,0.00000,0.00000
99.563,0,99548.000,170316,192000,3999.750,120.0,8,25,2,0.00000,0.00000,0.00000,0.00000,0.00000
99.563,1,99772.000,181067,192000,3999.771,120.0,8,25,2,0.00000,0.00000,0.00000,0.00000,0.00000
99.563,2,99324.000,159565,192000,3999.729,120.0,8,25,2,0.00000,0.00000,0.00000,0.00000,0.00000
99.665,0,99649.000,175190,192000,3999.208,120.0,8,25,2,0.00000,0.00000,0.00000,0.00000,0.00000
99.665,1,99874.000,185952,192000,0.000,120.0,8,25,2,0.00000,0.00000,0.00000,0.00000,0.00000
99.665,2,99425.000,164428,192000,3999.417,120.0,8,25,2,0.00000,0.00000,0.00000,0.00000,0.00000
99.767,0,99751.000,180092,192000,3999.083,120.0,8,25,2,0.00000,0.00000,0.00000,0.00000,0.00000
99.767,1,99976.000,190865,192000,3999.646,120.0,8,25,2,0.00000,0.00000,0.00000,0.00000,0.00000
99.767,2,99527.000,169319,192000,3999.521,120.0,8,25,2,0.00000,0.00000,0.00000,0.00000,0.00000
99.869,0,99854.000,185012,192000,3999.583,120.0,8,25,2,0.00000,0.00000,0.00000,0.00000,0.00000
99.869,1,100079.000,3796,192000,3999.917,120.0,8,26,2,0.00000,0.00000,0.00000,0.00000,0.00000
99.869,2,99629.000,174228,192000,3999.250,120.0,8,25,2,0.00000,0.00000,0.00000,0.00000,0.00000
99.972,0,99956.000,189927,192000,3999.188,120.0,8,25,2,0.00000,0.00000,0.00000,0.00000,0.00000
99.972,1,100181.000,8722,192000,3999.292,120.0,8,26,2,0.00000,0.00000,0.00000,0.00000,0.00000
99.972,2,99731.000,179132,192000,3999.083,120.0,8,25,2,0.00000,0.00000,0.00000,0.00000,0.00000
100.074,0,100058.000,2824,192000,3999.167,120.0,8,26,2,0.10800,0.00000,0.10800,0.00000,0.00000
100.074,1,100283.000,13630,192000,3999.042,120.0,8,26,2,0.00000,0.00000,0.00000,0.00000,0.00000
100.074,2,99833.000,184018,192000,3999.292,120.0,8,25,2,0.00000,0.00000,0.00000,0.00000,0.00000
100.175,0,100160.000,7690,192000,3999.792,120.0,8,26,2,0.07085,0.00000,0.07085,0.00000,0.00000
100.175,1,100385.000,18507,192000,3999.438,120.0,8,26,2,0.00000,0.00000,0.00000,0.00000,0.00000
100.175,2,99934.000,188873,192000,3999.146,120.0,8,25,2,0.00000,0.00000,0.00000,0.00000,0.00000
100.277,0,100262.000,12601,192000,3999.479,120.0,8,26,2,0.04630,0.00000,0.04630,0.00000,0.00000
100.277,1,100488.000,23429,192000,3999.896,120.0,8,26,2,0.00000,0.00000,0.00000,0.00000,0.00000
100.277,2,100036.000,1773,192000,3999.062,120.0,8,26,2,0.11835,0.00000,0.11835,0.00000,0.00000
100.378,0,100363.000,17445,192000,3999.562,120.0,8,26,2,0.03043,0.00000,0.03043,0.00000,0.00000
100.378,1,100589.000,28284,192000,3999.750,120.0,8,26,2,0.00000,0.00000,0.00000,0.00000,0.00000
100.378,2,100137.000,6606,192000,3999.375,120.0,8,26,2,0.07786,0.00000,0.07786,0.00000,0.00000
100.480,0,100465.000,22350,192000,3999.375,120.0,8,26,2,0.01989,0.00000,0.01989,0.00000,0.00000
100.480,1,100691.000,33200,192000,3999.333,120.0,8,26,2,0.00000,0.00000,0.00000,0.00000,0.00000
100.480,2,100239.000,11500,192000,3999.417,120.0,8,26,2,0.05095,0.00000,0.05095,0.00000,0.00000
100.583,0,100568.000,27269,192000,3999.896,120.0,8,26,2,0.01299,0.00000,0.01299,0.00000,0.00000
100.583,1,100794.000,38130,192000,3999.625,120.0,8,26,2,0.00000,0.00000,0.00000,0.00000,0.00000
100.583,2,100341.000,16408,192000,3999.167,120.0,8,26,2,0.03330,0.00000,0.03330,0.00000,0.00000
100.683,0,100668.000,32093,192000,3999.396,120.0,8,26,2,0.00855,0.00000,0.00855,0.00000,0.00000
100.683,1,100895.000,42965,192000,3999.896,120.0,8,26,2,0.00000,0.00000,0.00000,0.00000,0.00000
100.683,2,100442.000,21221,192000,3999.896,120.0,8,26,2,0.02195,0.00000,0.02195,0.00000,0.00000
100.784,0,100769.000,36920,192000,3999.833,120.0,8,26,2,0.00563,0.00000,0.00563,0.00000,0.00000
100.784,1,100995.000,47803,192000,3999.104,120.0,8,26,2,0.00000,0.00000,0.00000,0.00000,0.00000
100.784,2,100542.000,26038,192000,3999.542,120.0,8,26,2,0.01446,0.00000,0.01446,0.00000,0.00000
100.886,0,100871.000,41816,192000,3999.833,120.0,8,26,2,0.00368,0.00000,0.00368,0.00000,0.00000
100.886,1,101098.000,52710,192000,3999.875,120.0,8,26,2,0.00000,0.00000,0.00000,0.00000,0.00000
100.886,2,100644.000,30922,192000,3999.792,120.0,8,26,2,0.00947,0.00000,0.00947,0.00000,0.00000
100.988,0,100973.000,46730,192000,3999.458,120.0,8,26,2,0.00241,0.00000,0.00241,0.00000,0.00000
100.988,1,101200.000,57635,192000,3999.271,120.0,8,26,2,0.00000,0.00000,0.00000,0.00000,0.00000
100.988,2,100746.000,35825,192000,3999.646,120.0,8,26,2,0.00619,0.00000,0.00619,0.00000,0.00000
101.089,0,101074.000,51564,192000,3999.750,120.0,8,26,2,0.00158,0.00000,0.00158,0.00000,0.00000
101.089,1,101301.000,62480,192000,3999.333,120.0,8,26,2,0.00000,0.00000,0.00000,0.00000,0.00000
101.089,2,100846.000,40648,192000,3999.167,120.0,8,26,2,0.00408,0.00000,0.00408,0.00000,0.00000
101.192,0,101177.000,56497,192000,3999.979,120.0,8,26,2,0.00103,0.00000,0.00103,0.00000,0.00000
101.192,1,101404.000,67424,192000,3999.333,120.0,8,26,2,0.00000,0.00000,0.00000,0.00000,0.00000
101.192,2,100949.000,45570,192000,3999.625,120.0,8,26,2,0.00266,0.00000,0.00266,0.00000,0.00000
101.294,0,101279.000,61426,192000,3999.292,120.0,8,26,2,0.00067,0.00000,0.00067,0.00000,0.00000
101.294,1,101507.000,72364,192000,3999.417,120.0,8,26,2,0.00000,0.00000,0.00000,0.00000,0.00000
101.294,2,101051.000,50488,192000,3999.167,120.0,8,26,2,0.00174,0.00000,0.00174,0.00000,0.00000
101.395,0,101380.000,66249,192000,3999.812,120.0,8,26,2,0.00044,0.00000,0.00044,0.00000,0.00000
101.395,1,101608.000,77198,192000,3999.708,120.0,8,26,2,0.00000,0.00000,0.00000,0.00000,0.00000
101.395,2,101152.000,55301,192000,3999.896,120.0,8,26,2,0.00115,0.00000,0.00115,0.00000,0.00000
101.495,0,101480.000,71069,192000,3999.396,120.0,8,26,2,0.00029,0.00000,0.00029,0.00000,0.00000
101.495,1,101708.000,82028,192000,3999.083,120.0,8,26,2,0.00000,0.00000,0.00000,0.00000,0.00000
101.495,2,101252.000,60109,192000,3999.729,120.0,8,26,2,0.00076,0.00000,0.00076,0.00000,0.00000
101.597,0,101581.000,75928,192000,3999.167,120.0,8,26,2,0.00019,0.00000,0.00019,0.00000,0.00000
101.597,1,101810.000,86899,192000,3999.604,120.0,8,26,2,0.00000,0.00000,0.00000,0.00000,0.00000
101.597,2,101353.000,64958,192000,3999.708,120.0,8,26,2,0.00050,0.00000,0.00050,0.00000,0.00000
101.699,0,101684.000,80840,192000,3999.833,120.0,8,26,2,0.00013,0.00000,0.00013,0.00000,0.00000
101.699,1,101912.000,91822,192000,3999.042,120.0,8,26,2,0.00000,0.00000,0.00000,0.00000,0.00000
101.699,2,101455.000,69858,192000,3999.625,120.0,8,26,2,0.00032,0.00000,0.00032,0.00000,0.00000
101.799,0,101784.000,85667,192000,3999.271,120.0,8,26,2,0.00008,0.00000,0.00008,0.00000,0.00000
101.799,1,102013.000,96659,192000,3999.271,120.0,8,26,2,0.00000,0.00000,0.00000,0.00000,0.00000
101.799,2,101555.000,74674,192000,3999.292,120.0,8,26,2,0.00021,0.00000,0.00021,0.00000,0.00000
101.901,0,101885.000,90524,192000,3999.083,120.0,8,26,2,0.00005,0.00000,0.00005,0.00000,0.00000
101.901,1,102115.000,101527,192000,3999.854,120.0,8,26,2,0.00000,0.00000,0.00000,0.00000,0.00000
101.901,2,101656.000,79520,192000,3999.333,120.0,8,26,2,0.00014,0.00000,0.00014,0.00000,0.00000
102.002,0,101987.000,95406,192000,3999.375,120.0,8,26,2,0.00004,0.00000,0.00004,0.00000,0.00000
102.002,1,102217.000,106420,192000,3999.917,120.0,8,26,2,0.00000,0.00000,0.00000,0.00000,0.00000
102.002,2,101758.000,84392,192000,3999.833,120.0,8,26,2,0.00009,0.00000,0.00009,0.00000,0.00000
102.104,0,102089.000,100305,192000,3999.312,120.0,8,26,2,0.00002,0.00000,0.00002,0.00000,0.00000
102.104,1,102319.000,111331,192000,3999.604,120.0,8,26,2,0.00000,0.00000,0.00000,0.00000,0.00000
102.104,2,101860.000,89280,192000,0.000,120.0,8,26,2,0.00006,0.00000,0.00006,0.00000,0.00000
102.206,0,102191.000,105196,192000,3999.417,120.0,8,26,2,0.00002,0.00000,0.00002,0.00000,0.00000
102.206,1,102421.000,116232,192000,3999.500,120.0,8,26,2,0.00000,0.00000,0.00000,0.00000,0.00000
102.206,2,101961.000,94159,192000,3999.354,120.0,8,26,2,0.00004,0.00000,0.00004,0.00000,0.00000
102.308,0,102292.000,110056,192000,3999.167,120.0,8,26,2,0.00001,0.00000,0.00001,0.00000,0.00000
102.308,1,102522.000,121103,192000,3999.021,120.0,8,26,2,0.00000,0.00000,0.00000,0.00000,0.00000
102.308,2,102062.000,99008,192000,3999.333,120.0,8,26,2,0.00003,0.00000,0.00003,0.00000,0.00000
102.408,0,102393.000,114879,192000,3999.688,120.0,8,26,2,0.00001,0.00000,0.00001,0.00000,0.00000
102.408,1,102623.000,125938,192000,3999.292,120.0,8,26,2,0.00000,0.00000,0.00000,0.00000,0.00000
102.408,2,102162.000,103821,192000,3999.062,120.0,8,26,2,0.00002,0.00000,0.00002,0.00000,0.00000
102.508,0,102493.000,119692,192000,3999.417,120.0,8,26,2,0.00000,0.00000,0.00000,0.00000,0.00000
102.508,1,102724.000,130761,192000,3999.812,120.0,8,26,2,0.00000,0.00000,0.00000,0.00000,0.00000
102.508,2,102262.000,108623,192000,3999.021,120.0,8,26,2,0.00001,0.00000,0.00001,0.00000,0.00000
102.609,0,102594.000,124516,192000,3999.917,120.0,8,26,2,0.00000,0.00000,0.00000,0.00000,0.00000
102.609,1,102824.000,135596,192000,3999.083,120.0,8,26,2,0.00000,0.00000,0.00000,0.00000,0.00000
102.609,2,102363.000,113436,192000,3999.750,120.0,8,26,2,0.00001,0.00000,0.00001,0.00000,0.00000
102.710,0,102695.000,129391,192000,3999.354,120.0,8,26,2,0.00000,0.00000,0.00000,0.00000,0.00000
102.710,1,102926.000,140482,192000,3999.292,120.0,8,26,2,0.00000,0.00000,0.00000,0.00000,0.00000
102.710,2,102464.000,118300,192000,3999.417,120.0,8,26,2,0.00000,0.00000,0.00000,0.00000,0.00000
102.811,0,102796.000,134220,192000,3999.750,120.0,8,26,2,0.00000,0.00000,0.00000,0.00000,0.00000
102.811,1,103027.000,145322,192000,3999.458,120.0,8,26,2,0.00000,0.00000,0.00000,0.00000,0.00000
102.811,2,102564.000,123119,192000,3999.021,120.0,8,26,2,0.00000,0.00000,0.00000,0.00000,0.00000
102.913,0,102897.000,139100,192000,3999.083,120.0,8,26,2,0.00000,0.00000,0.00000,0.00000,0.00000
102.913,1,103129.000,150212,192000,3999.583,120.0,8,26,2,0.00000,0.00000,0.00000,0.00000,0.00000
102.913,2,102666.000,127987,192000,3999.604,120.0,8,26,2,0.00000,0.00000,0.00000,0.00000,0.00000
103.014,0,102998.000,143944,192000,3999.167,120.0,8,26,2,0.00000,0.00000,0.00000,0.00000,0.00000
103.014,1,103230.000,155067,192000,3999.438,120.0,8,26,2,0.00000,0.00000,0.00000,0.00000,0.00000
103.014,2,102767.000,132820,192000,3999.917,120.0,8,26,2,0.00000,0.00000,0.00000,0.00000,0.00000
103.114,0,103098.000,148750,192000,3999.042,120.0,8,26,2,0.00000,0.00000,0.00000,0.00000,0.00000
103.114,1,103330.000,159885,192000,3999.062,120.0,8,26,2,0.00000,0.00000,0.00000,0.00000,0.00000
103.114,2,102867.000,137616,192000,0.000,120.0,8,26,2,0.00000,0.00000,0.00000,0.00000,0.00000
103.217,0,103201.000,153683,192000,3999.271,120.0,8,26,2,0.00000,0.00000,0.00000,0.00000,0.00000
103.217,1,103433.000,164829,192000,3999.062,120.0,8,26,2,0.00000,0.00000,0.00000,0.00000,0.00000
103.217,2,102969.000,142538,192000,3999.458,120.0,8,26,2,0.00000,0.00000,0.00000,0.00000,0.00000
103.317,0,103302.000,158500,192000,3999.917,120.0,8,26,2,0.00000,0.00000,0.00000,0.00000,0.00000
103.317,1,103534.000,169656,192000,3999.500,120.0,8,26,2,0.00000,0.00000,0.00000,0.00000,0.00000
103.317,2,103069.000,147343,192000,3999.354,120.0,8,26,2,0.00000,0.00000,0.00000,0.00000,0.00000
103.417,0,103402.000,163327,192000,3999.354,120.0,8,26,2,0.00000,0.00000,0.00000,0.00000,0.00000
103.417,1,103635.000,174494,192000,3999.708,120.0,8,26,2,0.00000,0.00000,0.00000,0.00000,0.00000
103.417,2,103170.000,152160,192000,0.000,120.0,8,26,2,0.00000,0.00000,0.00000,0.00000,0.00000
103.519,0,103503.000,168187,192000,3999.104,120.0,8,26,2,0.00000,0.00000,0.00000,0.00000,0.00000
103.519,1,103736.000,179365,192000,3999.229,120.0,8,26,2,0.00000,0.00000,0.00000,0.00000,0.00000
103.519,2,103271.000,157008,192000,0.000,120.0,8,26,2,0.00000,0.00000,0.00000,0.00000,0.00000
103.620,0,103605.000,173061,192000,3999.562,120.0,8,26,2,0.00000,0.00000,0.00000,0.00000,0.00000
103.620,1,103838.000,184250,192000,3999.458,120.0,8,26,2,0.00000,0.00000,0.00000,0.00000,0.00000
103.620,2,103372.000,161872,192000,3999.667,120.0,8,26,2,0.00000,0.00000,0.00000,0.00000,0.00000
103.722,0,103706.000,177927,192000,3999.188,120.0,8,26,2,0.00000,0.00000,0.00000,0.00000,0.00000
103.722,1,103940.000,189127,192000,3999.854,120.0,8,26,2,0.00000,0.00000,0.00000,0.00000,0.00000
103.722,2,103473.000,166727,192000,3999.521,120.0,8,26,2,0.00000,0.00000,0.00000,0.00000,0.00000
103.822,0,103807.000,182751,192000,3999.688,120.0,8,26,2,0.00000,0.00000,0.00000,0.00000,0.00000
103.822,1,104040.000,1962,192000,3999.125,120.0,8,27,2,0.11600,0.11600,0.11593,0.00000,0.00000
103.822,2,103573.000,171540,192000,3999.250,120.0,8,26,2,0.00000,0.00000,0.00000,0.00000,0.00000
103.925,0,103910.000,187685,192000,3999.896,120.0,8,26,2,0.00000,0.00000,0.00000,0.00000,0.00000
103.925,1,104143.000,6907,192000,3999.104,120.0,8,27,2,0.07557,0.07557,0.07553,0.00000,0.00000
103.925,2,103676.000,176463,192000,3999.688,120.0,8,26,2,0.00000,0.00000,0.00000,0.00000,0.00000
104.027,0,104012.000,595,192000,3999.604,120.0,8,27,2,0.08492,0.08492,0.00000,0.00000,0.00000
104.027,1,104246.000,11828,192000,3999.583,120.0,8,27,2,0.04934,0.04934,0.04931,0.00000,0.00000
104.027,2,103778.000,181362,192000,3999.625,120.0,8,26,2,0.00000,0.00000,0.00000,0.00000,0.00000
104.128,0,104113.000,5433,192000,3999.812,120.0,8,27,2,0.08639,0.08639,0.00000,0.00000,0.00000
104.128,1,104347.000,16677,192000,3999.562,120.0,8,27,2,0.03241,0.03241,0.03240,0.00000,0.00000
104.128,2,103878.000,186189,192000,3999.062,120.0,8,26,2,0.00000,0.00000,0.00000,0.00000,0.00000
104.230,0,104215.000,10344,192000,3999.500,120.0,8,27,2,0.05645,0.05645,0.00000,0.00000,0.00000
104.230,1,104449.000,21599,192000,3999.021,120.0,8,27,2,0.02116,0.02116,0.02115,0.00000,0.00000
104.230,2,103981.000,191089,192000,3999.979,120.0,8,26,2,0.00000,0.00000,0.00000,0.00000,0.00000
104.333,0,104317.000,15251,192000,3999.271,120.0,8,27,2,0.03690,0.03690,0.00000,0.00000,0.00000
104.333,1,104552.000,26517,192000,3999.562,120.0,8,27,2,0.01382,0.01382,0.01381,0.00000,0.00000
104.333,2,104083.000,3985,192000,3999.979,120.0,8,27,2,0.09746,0.09746,0.00000,0.00000,0.00000
104.433,0,104418.000,20077,192000,3999.729,120.0,8,27,2,0.02429,0.02429,0.00000,0.00000,0.00000
104.433,1,104653.000,31354,192000,3999.792,120.0,8,27,2,0.00909,0.00909,0.00908,0.00000,0.00000
104.433,2,104183.000,8800,192000,3999.667,120.0,8,27,2,0.06422,0.06422,0.00000,0.00000,0.00000
104.534,0,104519.000,24932,192000,3999.583,120.0,8,27,2,0.01595,0.01595,0.00000,0.00000,0.00000
104.534,1,104754.000,36220,192000,3999.417,120.0,8,27,2,0.00596,0.00596,0.00596,0.00000,0.00000
104.534,2,104284.000,13644,192000,3999.750,120.0,8,27,2,0.04221,0.04221,0.00000,0.00000,0.00000
104.636,0,104620.000,29803,192000,3999.104,120.0,8,27,2,0.01046,0.01046,0.00000,0.00000,0.00000
104.636,1,104856.000,41102,192000,3999.708,120.0,8,27,2,0.00391,0.00391,0.00390,0.00000,0.00000
104.636,2,104385.000,18504,192000,3999.500,120.0,8,27,2,0.02770,0.02770,0.00000,0.00000,0.00000
104.738,0,104723.000,34720,192000,3999.667,120.0,8,27,2,0.00683,0.00683,0.00000,0.00000,0.00000
104.738,1,104958.000,46030,192000,3999.042,120.0,8,27,2,0.00255,0.00255,0.00255,0.00000,0.00000
104.738,2,104487.000,23410,192000,3999.292,120.0,8,27,2,0.01811,0.01811,0.00000,0.00000,0.00000
104.841,0,104825.000,39637,192000,3999.229,120.0,8,27,2,0.00446,0.00446,0.00000,0.00000,0.00000
104.841,1,105061.000,50958,192000,3999.375,120.0,8,27,2,0.00166,0.00166,0.00166,0.00000,0.00000
104.841,2,104589.000,28316,192000,3999.083,120.0,8,27,2,0.01184,0.01184,0.00000,0.00000,0.00000
104.943,0,104928.000,44547,192000,3999.938,120.0,8,27,2,0.00292,0.00292,0.00000,0.00000,0.00000
104.943,1,105164.000,55879,192000,3999.854,120.0,8,27,2,0.00109,0.00109,0.00108,0.00000,0.00000
104.943,2,104691.000,33215,192000,3999.021,120.0,8,27,2,0.00774,0.00774,0.00000,0.00000,0.00000
105.044,0,105028.000,49385,192000,3999.146,120.0,8,27,2,0.00192,0.00192,0.00000,0.00000,0.00000
105.044,1,105265.000,60728,192000,3999.833,120.0,8,27,2,0.00071,0.00071,0.00071,0.00000,0.00000
105.044,2,104792.000,38042,192000,3999.458,120.0,8,27,2,0.00510,0.00510,0.00000,0.00000,0.00000
105.145,0,105130.000,54247,192000,3999.854,120.0,8,27,2,0.00126,0.00126,0.00000,0.00000,0.00000
105.145,1,105366.000,65600,192000,3999.333,120.0,8,27,2,0.00047,0.00047,0.00047,0.00000,0.00000
105.145,2,104893.000,42893,192000,3999.396,120.0,8,27,2,0.00335,0.00335,0.00000,0.00000,0.00000
105.245,0,105230.000,59070,192000,3999.375,120.0,8,27,2,0.00083,0.00083,0.00000,0.00000,0.00000
105.245,1,105467.000,70435,192000,3999.604,120.0,8,27,2,0.00031,0.00031,0.00031,0.00000,0.00000
105.245,2,104993.000,47706,192000,3999.125,120.0,8,27,2,0.00221,0.00221,0.00000,0.00000,0.00000
105.346,0,105330.000,63886,192000,3999.042,120.0,8,27,2,0.00055,0.00055,0.00000,0.00000,0.00000
105.346,1,105567.000,75262,192000,3999.042,120.0,8,27,2,0.00020,0.00020,0.00020,0.00000,0.00000
105.346,2,105093.000,52511,192000,3999.021,120.0,8,27,2,0.00145,0.00145,0.00000,0.00000,0.00000
105.447,0,105432.000,68763,192000,3999.438,120.0,8,27,2,0.00036,0.00036,0.00000,0.00000,0.00000
105.447,1,105669.000,80150,192000,3999.208,120.0,8,27,2,0.00013,0.00013,0.00013,0.00000,0.00000
105.447,2,105195.000,57377,192000,3999.646,120.0,8,27,2,0.00095,0.00095,0.00000,0.00000,0.00000
105.549,0,105533.000,73627,192000,3999.104,120.0,8,27,2,0.00023,0.00023,0.00000,0.00000,0.00000
105.549,1,105771.000,85025,192000,3999.646,120.0,8,27,2,0.00009,0.00009,0.00009,0.00000,0.00000
105.549,2,105296.000,62230,192000,3999.542,120.0,8,27,2,0.00063,0.00063,0.00000,0.00000,0.00000
105.649,0,105634.000,78462,192000,3999.375,120.0,8,27,2,0.00015,0.00015,0.00000,0.00000,0.00000
105.649,1,105872.000,89870,192000,3999.708,120.0,8,27,2,0.00006,0.00006,0.00006,0.00000,0.00000
105.649,2,105396.000,67054,192000,3999.042,120.0,8,27,2,0.00041,0.00041,0.00000,0.00000,0.00000
105.751,0,105736.000,83344,192000,3999.667,120.0,8,27,2,0.00010,0.00010,0.00000,0.00000,0.00000
105.751,1,105974.000,94764,192000,3999.750,120.0,8,27,2,0.00004,0.00004,0.00004,0.00000,0.00000
105.751,2,105498.000,71925,192000,3999.562,120.0,8,27,2,0.00027,0.00027,0.00000,0.00000,0.00000
105.852,0,105837.000,88186,192000,3999.792,120.0,8,27,2,0.00007,0.00007,0.00000,0.00000,0.00000
105.852,1,106075.000,99616,192000,3999.667,120.0,8,27,2,0.00002,0.00002,0.00002,0.00000,0.00000
105.852,2,105599.000,76756,192000,3999.917,120.0,8,27,2,0.00018,0.00018,0.00000,0.00000,0.00000
105.953,0,105937.000,93018,192000,3999.125,120.0,8,27,2,0.00004,0.00004,0.00000,0.00000,0.00000
105.953,1,106176.000,104459,192000,3999.771,120.0,8,27,2,0.00002,0.00002,0.00002,0.00000,0.00000
105.953,2,105699.000,81577,192000,3999.479,120.0,8,27,2,0.00012,0.00012,0.00000,0.00000,0.00000
106.055,0,106040.000,97946,192000,3999.458,120.0,8,27,2,0.00003,0.00003,0.00000,0.00000,0.00000
106.055,1,106279.000,109398,192000,3999.875,120.0,8,27,2,0.00001,0.00001,0.00001,0.00000,0.00000
106.055,2,105801.000,86494,192000,3999.042,120.0,8,27,2,0.00008,0.00008,0.00000,0.00000,0.00000
106.157,0,106142.000,102843,192000,3999.438,120.0,8,27,2,0.00002,0.00002,0.00000,0.00000,0.00000
106.157,1,106381.000,114307,192000,3999.604,120.0,8,27,2,0.00001,0.00001,0.00001,0.00000,0.00000
106.157,2,105903.000,91380,192000,3999.250,120.0,8,27,2,0.00005,0.00005,0.00000,0.00000,0.00000
106.260,0,106245.000,107761,192000,3999.979,120.0,8,27,2,0.00001,0.00001,0.00000,0.00000,0.00000
106.260,1,106484.000,119235,192000,3999.938,120.0,8,27,2,0.00000,0.00000,0.00000,0.00000,0.00000
106.260,2,106005.000,96286,192000,3999.042,120.0,8,27,2,0.00003,0.00003,0.00000,0.00000,0.00000
106.362,0,106347.000,112681,192000,3999.479,120.0,8,27,2,0.00001,0.00001,0.00000,0.00000,0.00000
106.362,1,106586.000,124167,192000,3999.188,120.0,8,27,2,0.00000,0.00000,0.00000,0.00000,0.00000
106.362,2,106108.000,101196,192000,3999.750,120.0,8,27,2,0.00002,0.00002,0.00000,0.00000,0.00000
106.464,0,106449.000,117581,192000,3999.396,120.0,8,27,2,0.00001,0.00001,0.00000,0.00000,0.00000
106.464,1,106689.000,129078,192000,3999.875,120.0,8,27,2,0.00000,0.00000,0.00000,0.00000,0.00000
106.464,2,106210.000,106085,192000,3999.896,120.0,8,27,2,0.00001,0.00001,0.00000,0.00000,0.00000
106.566,0,106551.000,122479,192000,3999.354,120.0,8,27,2,0.00000,0.00000,0.00000,0.00000,0.00000
106.566,1,106791.000,133987,192000,3999.604,120.0,8,27,2,0.00000,0.00000,0.00000,0.00000,0.00000
106.566,2,106311.000,110972,192000,3999.083,120.0,8,27,2,0.00001,0.00001,0.00000,0.00000,0.00000
106.667,0,106652.000,127314,192000,3999.625,120.0,8,27,2,0.00000,0.00000,0.00000,0.00000,0.00000
106.667,1,106892.000,138832,192000,3999.667,120.0,8,27,2,0.00000,0.00000,0.00000,0.00000,0.00000
106.667,2,106412.000,115795,192000,3999.604,120.0,8,27,2,0.00001,0.00001,0.00000,0.00000,0.00000
106.769,0,106754.000,132223,192000,3999.354,120.0,8,27,2,0.00000,0.00000,0.00000,0.00000,0.00000
106.769,1,106994.000,143753,192000,3999.146,120.0,8,27,2,0.00000,0.00000,0.00000,0.00000,0.00000
106.769,2,106514.000,120694,192000,3999.542,120.0,8,27,2,0.00000,0.00000,0.00000,0.00000,0.00000
106.871,0,106856.000,137111,192000,3999.521,120.0,8,27,2,0.00000,0.00000,0.00000,0.00000,0.00000
106.871,1,107096.000,148652,192000,3999.083,120.0,8,27,2,0.00000,0.00000,0.00000,0.00000,0.00000
106.871,2,106616.000,125571,192000,3999.938,120.0,8,27,2,0.00000,0.00000,0.00000,0.00000,0.00000
106.973,0,106958.000,141990,192000,3999.875,120.0,8,27,2,0.00000,0.00000,0.00000,0.00000,0.00000
106.973,1,107198.000,153541,192000,3999.229,120.0,8,27,2,0.00000,0.00000,0.00000,0.00000,0.00000
106.973,2,106717.000,130438,192000,3999.542,120.0,8,27,2,0.00000,0.00000,0.00000,0.00000,0.00000
107.073,0,107058.000,146803,192000,3999.604,120.0,8,27,2,0.00000,0.00000,0.00000,0.00000,0.00000
107.073,1,107299.000,158365,192000,3999.729,120.0,8,27,2,0.00000,0.00000,0.00000,0.00000,0.00000
107.073,2,106817.000,135240,192000,3999.500,120.0,8,27,2,0.00000,0.00000,0.00000,0.00000,0.00000
107.175,0,107160.000,151686,192000,3999.875,120.0,8,27,2,0.00000,0.00000,0.00000,0.00000,0.00000
107.175,1,107401.000,163259,192000,3999.771,120.0,8,27,2,0.00000,0.00000,0.00000,0.00000,0.00000
107.175,2,106919.000,140113,192000,3999.979,120.0,8,27,2,0.00000,0.00000,0.00000,0.00000,0.00000
107.275,0,107260.000,156507,192000,3999.438,120.0,8,27,2,0.00000,0.00000,0.00000,0.00000,0.00000
107.275,1,107501.000,168091,192000,3999.104,120.0,8,27,2,0.00000,0.00000,0.00000,0.00000,0.00000
107.275,2,107019.000,144923,192000,3999.771,120.0,8,27,2,0.00000,0.00000,0.00000,0.00000,0.00000
107.376,0,107361.000,161330,192000,3999.958,120.0,8,27,2,0.00000,0.00000,0.00000,0.00000,0.00000
107.376,1,107602.000,172924,192000,3999.417,120.0,8,27,2,0.00000,0.00000,0.00000,0.00000,0.00000
107.376,2,107119.000,149735,192000,3999.521,120.0,8,27,2,0.00000,0.00000,0.00000,0.00000,0.00000
107.477,0,107462.000,166210,192000,3999.292,120.0,8,27,2,0.00000,0.00000,0.00000,0.00000,0.00000
107.477,1,107704.000,177816,192000,3999.500,120.0,8,27,2,0.00000,0.00000,0.00000,0.00000,0.00000
107.477,2,107220.000,154604,192000,3999.083,120.0,8,27,2,0.00000,0.00000,0.00000,0.00000,0.00000
107.578,0,107562.000,171023,192000,3999.021,120.0,8,27,2,0.00000,0.00000,0.00000,0.00000,0.00000
107.578,1,107805.000,182640,192000,0.000,120.0,8,27,2,0.00000,0.00000,0.00000,0.00000,0.00000
107.578,2,107320.000,159407,192000,3999.021,120.0,8,27,2,0.00000,0.00000,0.00000,0.00000,0.00000
107.678,0,107663.000,175854,192000,3999.375,120.0,8,27,2,0.00000,0.00000,0.00000,0.00000,0.00000
107.678,1,107905.000,187482,192000,3999.125,120.0,8,27,2,0.00000,0.00000,0.00000,0.00000,0.00000
107.678,2,107421.000,164227,192000,3999.604,120.0,8,27,2,0.00000,0.00000,0.00000,0.00000,0.00000
107.781,0,107765.000,180757,192000,3999.229,120.0,8,27,2,0.00000,0.00000,0.00000,0.00000,0.00000
107.781,1,108008.000,395,192000,3999.771,120.0,8,28,2,0.00000,0.00000,0.00000,0.00000,0.00000
107.781,2,107523.000,169118,192000,3999.708,120.0,8,27,2,0.00000,0.00000,0.00000,0.00000,0.00000
107.881,0,107866.000,185571,192000,3999.938,120.0,8,27,2,0.00000,0.00000,0.00000,0.00000,0.00000
107.881,1,108108.000,5221,192000,3999.229,120.0,8,28,2,0.00000,0.00000,0.00000,0.00000,0.00000
107.881,2,107623.000,173922,192000,3999.625,120.0,8,27,2,0.00000,0.00000,0.00000,0.00000,0.00000
107.981,0,107966.000,190397,192000,3999.396,120.0,8,27,2,0.00000,0.00000,0.00000,0.00000,0.00000
107.981,1,108209.000,10057,192000,3999.479,120.0,8,28,2,0.00000,0.00000,0.00000,0.00000,0.00000
107.981,2,107723.000,178737,192000,3999.312,120.0,8,27,2,0.00000,0.00000,0.00000,0.00000,0.00000
108.082,0,108067.000,3216,192000,0.000,120.0,8,28,2,0.00000,0.00000,0.00000,0.00000,0.00000
108.082,1,108310.000,14887,192000,3999.854,120.0,8,28,2,0.00000,0.00000,0.00000,0.00000,0.00000
108.082,2,107823.000,183545,192000,3999.146,120.0,8,27,2,0.00000,0.00000,0.00000,0.00000,0.00000
108.183,0,108168.000,8066,192000,3999.958,120.0,8,28,2,0.00000,0.00000,0.00000,0.00000,0.00000
108.183,1,108411.000,19748,192000,3999.583,120.0,8,28,2,0.00000,0.00000,0.00000,0.00000,0.00000
108.183,2,107924.000,188384,192000,3999.333,120.0,8,27,2,0.00000,0.00000,0.00000,0.00000,0.00000
108.284,0,108268.000,12904,192000,3999.167,120.0,8,28,2,0.00000,0.00000,0.00000,0.00000,0.00000
108.284,1,108512.000,24597,192000,3999.562,120.0,8,28,2,0.00000,0.00000,0.00000,0.00000,0.00000
108.284,2,108025.000,1211,192000,3999.771,120.0,8,28,2,0.00000,0.00000,0.00000,0.00000,0.00000
108.385,0,108370.000,17774,192000,3999.708,120.0,8,28,2,0.00000,0.00000,0.00000,0.00000,0.00000
108.385,1,108614.000,29477,192000,3999.896,120.0,8,28,2,0.00000,0.00000,0.00000,0.00000,0.00000
108.385,2,108126.000,6070,192000,3999.542,120.0,8,28,2,0.00000,0.00000,0.00000,0.00000,0.00000
108.486,0,108471.000,22612,192000,3999.917,120.0,8,28,2,0.00000,0.00000,0.00000,0.00000,0.00000
108.486,1,108715.000,34326,192000,3999.875,120.0,8,28,2,0.00000,0.00000,0.00000,0.00000,0.00000
108.486,2,108227.000,10897,192000,3999.979,120.0,8,28,2,0.00000,0.00000,0.00000,0.00000,0.00000
108.587,0,108572.000,27467,192000,3999.771,120.0,8,28,2,0.00000,0.00000,0.00000,0.00000,0.00000
108.587,1,108816.000,39192,192000,3999.500,120.0,8,28,2,0.00000,0.00000,0.00000,0.00000,0.00000
108.587,2,108327.000,15741,192000,3999.062,120.0,8,28,2,0.00000,0.00000,0.00000,0.00000,0.00000
108.689,0,108674.000,32369,192000,3999.646,120.0,8,28,2,0.00000,0.00000,0.00000,0.00000,0.00000
108.689,1,108918.000,44106,192000,3999.125,120.0,8,28,2,0.00000,0.00000,0.00000,0.00000,0.00000
108.689,2,108429.000,20633,192000,3999.146,120.0,8,28,2,0.00000,0.00000,0.00000,0.00000,0.00000
108.791,0,108775.000,37243,192000,3999.104,120.0,8,28,2,0.00000,0.00000,0.00000,0.00000,0.00000
108.791,1,109020.000,48991,192000,3999.354,120.0,8,28,2,0.00000,0.00000,0.00000,0.00000,0.00000
108.791,2,108531.000,25496,192000,3999.833,120.0,8,28,2,0.00000,0.00000,0.00000,0.00000,0.00000
108.891,0,108876.000,42051,192000,3999.938,120.0,8,28,2,0.00000,0.00000,0.00000,0.00000,0.00000
108.891,1,109121.000,53809,192000,3999.979,120.0,8,28,2,0.00000,0.00000,0.00000,0.00000,0.00000
108.891,2,108631.000,30292,192000,3999.917,120.0,8,28,2,0.00000,0.00000,0.00000,0.00000,0.00000
108.991,0,108976.000,46851,192000,3999.938,120.0,8,28,2,0.00000,0.00000,0.00000,0.00000,0.00000
108.991,1,109221.000,58620,192000,3999.750,120.0,8,28,2,0.00000,0.00000,0.00000,0.00000,0.00000
108.991,2,108730.000,35082,192000,3999.125,120.0,8,28,2,0.00000,0.00000,0.00000,0.00000,0.00000
109.093,0,109078.000,51762,192000,3999.625,120.0,8,28,2,0.00000,0.00000,0.00000,0.00000,0.00000
109.093,1,109323.000,63542,192000,3999.208,120.0,8,28,2,0.00000,0.00000,0.00000,0.00000,0.00000
109.093,2,108832.000,39982,192000,3999.042,120.0,8,28,2,0.00000,0.00000,0.00000,0.00000,0.00000
109.195,0,109179.000,56630,192000,3999.208,120.0,8,28,2,0.00000,0.00000,0.00000,0.00000,0.00000
109.195,1,109425.000,68421,192000,3999.562,120.0,8,28,2,0.00000,0.00000,0.00000,0.00000,0.00000
109.195,2,108934.000,44839,192000,3999.854,120.0,8,28,2,0.00000,0.00000,0.00000,0.00000,0.00000
109.296,0,109280.000,61482,192000,3999.125,120.0,8,28,2,0.00000,0.00000,0.00000,0.00000,0.00000
109.296,1,109526.000,73284,192000,3999.250,120.0,8,28,2,0.00000,0.00000,0.00000,0.00000,0.00000
109.296,2,109035.000,49680,192000,0.000,120.0,8,28,2,0.00000,0.00000,0.00000,0.00000,0.00000
109.397,0,109382.000,66365,192000,3999.396,120.0,8,28,2,0.00000,0.00000,0.00000,0.00000,0.00000
109.397,1,109628.000,78178,192000,3999.292,120.0,8,28,2,0.00000,0.00000,0.00000,0.00000,0.00000
109.397,2,109136.000,54552,192000,3999.500,120.0,8,28,2,0.00000,0.00000,0.00000,0.00000,0.00000
109.498,0,109483.000,71191,192000,3999.854,120.0,8,28,2,0.00000,0.00000,0.00000,0.00000,0.00000
109.498,1,109729.000,83015,192000,3999.521,120.0,8,28,2,0.00000,0.00000,0.00000,0.00000,0.00000
109.498,2,109236.000,59367,192000,3999.188,120.0,8,28,2,0.00000,0.00000,0.00000,0.00000,0.00000
109.598,0,109583.000,76007,192000,3999.521,120.0,8,28,2,0.00000,0.00000,0.00000,0.00000,0.00000
109.598,1,109830.000,87842,192000,3999.958,120.0,8,28,2,0.00000,0.00000,0.00000,0.00000,0.00000
109.598,2,109336.000,64173,192000,3999.062,120.0,8,28,2,0.00000,0.00000,0.00000,0.00000,0.00000
109.701,0,109685.000,80917,192000,3999.229,120.0,8,28,2,0.00000,0.00000,0.00000,0.00000,0.00000
109.701,1,109932.000,92762,192000,3999.458,120.0,8,28,2,0.00000,0.00000,0.00000,0.00000,0.00000
109.701,2,109438.000,69071,192000,3999.021,120.0,8,28,2,0.00000,0.00000,0.00000,0.00000,0.00000
109.803,0,109788.000,85829,192000,3999.896,120.0,8,28,2,0.00000,0.00000,0.00000,0.00000,0.00000
109.803,1,110035.000,97686,192000,3999.875,120.0,8,28,2,0.00000,0.00000,0.00000,0.00000,0.00000
109.803,2,109541.000,73972,192000,3999.917,120.0,8,28,2,0.00000,0.00000,0.00000,0.00000,0.00000
109.903,0,109888.000,90638,192000,3999.708,120.0,8,28,2,0.00000,0.00000,0.00000,0.00000,0.00000
109.903,1,110135.000,102506,192000,3999.458,120.0,8,28,2,0.00000,0.00000,0.00000,0.00000,0.00000
109.903,2,109641.000,78770,192000,3999.958,120.0,8,28,2,0.00000,0.00000,0.00000,0.00000,0.00000
110.003,0,109988.000,95440,192000,3999.667,120.0,8,28,2,0.00000,0.00000,0.00000,0.00000,0.00000
110.003,1,110235.000,107319,192000,3999.188,120.0,8,28,2,0.00000,0.00000,0.00000,0.00000,0.00000
110.003,2,109740.000,83562,192000,3999.125,120.0,8,28,2,0.00000,0.00000,0.00000,0.00000,0.00000
110.105,0,110090.000,100331,192000,3999.771,120.0,8,28,2,0.00000,0.00000,0.00000,0.00000,0.00000
110.105,1,110337.000,112220,192000,3999.083,120.0,8,28,2,0.00000,0.00000,0.00000,0.00000,0.00000
110.105,2,109842.000,88441,192000,3999.479,120.0,8,28,2,0.00000,0.00000,0.00000,0.00000,0.00000
110.205,0,110190.000,105150,192000,3999.375,120.0,8,28,2,0.00000,0.00000,0.00000,0.00000,0.00000
110.205,1,110438.000,117051,192000,3999.438,120.0,8,28,2,0.00000,0.00000,0.00000,0.00000,0.00000
110.205,2,109942.000,93250,192000,3999.292,120.0,8,28,2,0.00000,0.00000,0.00000,0.00000,0.00000
110.306,0,110291.000,109969,192000,3999.979,120.0,8,28,2,0.00000,0.00000,0.00000,0.00000,0.00000
110.306,1,110539.000,121880,192000,3999.833,120.0,8,28,2,0.00000,0.00000,0.00000,0.00000,0.00000
110.306,2,110042.000,98058,192000,3999.125,120.0,8,28,2,0.00000,0.00000,0.00000,0.00000,0.00000
110.408,0,110393.000,114889,192000,3999.479,120.0,8,28,2,0.00000,0.00000,0.00000,0.00000,0.00000
110.408,1,110641.000,126811,192000,3999.104,120.0,8,28,2,0.00000,0.00000,0.00000,0.00000,0.00000
110.408,2,110145.000,102967,192000,3999.854,120.0,8,28,2,0.00000,0.00000,0.00000,0.00000,0.00000
110.511,0,110495.000,119805,192000,3999.062,120.0,8,28,2,0.00000,0.00000,0.00000,0.00000,0.00000
110.511,1,110744.000,131738,192000,3999.458,120.0,8,28,2,0.00000,0.00000,0.00000,0.00000,0.00000
110.511,2,110247.000,107872,192000,3999.667,120.0,8,28,2,0.00000,0.00000,0.00000,0.00000,0.00000
110.611,0,110596.000,124621,192000,3999.729,120.0,8,28,2,0.00000,0.00000,0.00000,0.00000,0.00000
110.611,1,110845.000,136565,192000,3999.896,120.0,8,28,2,0.00000,0.00000,0.00000,0.00000,0.00000
110.611,2,110347.000,112677,192000,3999.562,120.0,8,28,2,0.00000,0.00000,0.00000,0.00000,0.00000
110.712,0,110696.000,129454,192000,3999.042,120.0,8,28,2,0.00000,0.00000,0.00000,0.00000,0.00000
110.712,1,110946.000,141409,192000,3999.979,120.0,8,28,2,0.00000,0.00000,0.00000,0.00000,0.00000
110.712,2,110447.000,117499,192000,3999.104,120.0,8,28,2,0.00000,0.00000,0.00000,0.00000,0.00000
110.813,0,110798.000,134334,192000,3999.375,120.0,8,28,2,0.00000,0.00000,0.00000,0.00000,0.00000
110.813,1,111047.000,146300,192000,3999.083,120.0,8,28,2,0.00000,0.00000,0.00000,0.00000,0.00000
110.813,2,110549.000,122368,192000,3999.667,120.0,8,28,2,0.00000,0.00000,0.00000,0.00000,0.00000
110.914,0,110899.000,139158,192000,3999.875,120.0,8,28,2,0.00000,0.00000,0.00000,0.00000,0.00000
110.914,1,111148.000,151135,192000,3999.354,120.0,8,28,2,0.00000,0.00000,0.00000,0.00000,0.00000
110.914,2,110649.000,127181,192000,3999.396,120.0,8,28,2,0.00000,0.00000,0.00000,0.00000,0.00000
111.015,0,111000.000,144008,192000,3999.833,120.0,8,28,2,0.00000,0.00000,0.00000,0.00000,0.00000
111.015,1,111249.000,155995,192000,3999.104,120.0,8,28,2,0.00000,0.00000,0.00000,0.00000,0.00000
111.015,2,110750.000,132020,192000,3999.583,120.0,8,28,2,0.00000,0.00000,0.00000,0.00000,0.00000
111.117,0,111102.000,148926,192000,3999.375,120.0,8,28,2,0.00000,0.00000,0.00000,0.00000,0.00000
111.117,1,111352.000,160924,192000,3999.417,120.0,8,28,2,0.00000,0.00000,0.00000,0.00000,0.00000
111.117,2,110852.000,136927,192000,3999.354,120.0,8,28,2,0.00000,0.00000,0.00000,0.00000,0.00000
111.219,0,111204.000,153822,192000,3999.375,120.0,8,28,2,0.00000,0.00000,0.00000,0.00000,0.00000
111.219,1,111454.000,165831,192000,3999.188,120.0,8,28,2,0.00000,0.00000,0.00000,0.00000,0.00000
111.219,2,110954.000,141812,192000,3999.583,120.0,8,28,2,0.00000,0.00000,0.00000,0.00000,0.00000
111.322,0,111306.000,158725,192000,3999.229,120.0,8,28,2,0.00000,0.00000,0.00000,0.00000,0.00000
111.322,1,111557.000,170746,192000,3999.792,120.0,8,28,2,0.00000,0.00000,0.00000,0.00000,0.00000
111.322,2,111056.000,146705,192000,3999.646,120.0,8,28,2,0.00000,0.00000,0.00000,0.00000,0.00000
111.422,0,111407.000,163553,192000,3999.646,120.0,8,28,2,0.00000,0.00000,0.00000,0.00000,0.00000
111.422,1,111658.000,175585,192000,3999.979,120.0,8,28,2,0.00000,0.00000,0.00000,0.00000,0.00000
111.422,2,111156.000,151522,192000,3999.292,120.0,8,28,2,0.00000,0.00000,0.00000,0.00000,0.00000
111.524,0,111509.000,168445,192000,3999.729,120.0,8,28,2,0.00000,0.00000,0.00000,0.00000,0.00000
111.524,1,111760.000,180487,192000,3999.854,120.0,8,28,2,0.00000,0.00000,0.00000,0.00000,0.00000
111.524,2,111258.000,156402,192000,3999.625,120.0,8,28,2,0.00000,0.00000,0.00000,0.00000,0.00000
111.625,0,111610.000,173294,192000,3999.708,120.0,8,28,2,0.00000,0.00000,0.00000,0.00000,0.00000
111.625,1,111861.000,185348,192000,3999.583,120.0,8,28,2,0.00000,0.00000,0.00000,0.00000,0.00000
111.625,2,111359.000,161240,192000,3999.833,120.0,8,28,2,0.00000,0.00000,0.00000,0.00000,0.00000
111.727,0,111712.000,178182,192000,3999.875,120.0,8,28,2,0.00000,0.00000,0.00000,0.00000,0.00000
111.727,1,111963.000,190247,192000,3999.521,120.0,8,28,2,0.00000,0.00000,0.00000,0.00000,0.00000
111.727,2,111460.000,166118,192000,3999.208,120.0,8,28,2,0.00000,0.00000,0.00000,0.00000,0.00000
111.829,0,111813.000,183060,192000,3999.250,120.0,8,28,2,0.00000,0.00000,0.00000,0.00000,0.00000
111.829,1,112065.000,3136,192000,3999.667,120.0,8,29,2,0.00000,0.00000,0.00000,0.00000,0.00000
111.829,2,111562.000,170985,192000,3999.812,120.0,8,28,2,0.00000,0.00000,0.00000,0.00000,0.00000
111.931,0,111916.000,187972,192000,3999.917,120.0,8,28,2,0.00000,0.00000,0.00000,0.00000,0.00000
111.931,1,112167.000,8059,192000,3999.104,120.0,8,29,2,0.00000,0.00000,0.00000,0.00000,0.00000
111.931,2,111664.000,175885,192000,3999.729,120.0,8,28,2,0.00000,0.00000,0.00000,0.00000,0.00000
112.033,0,112017.000,851,192000,3999.271,120.0,8,29,2,0.12146,0.00000,0.12146,0.00000,0.00000
112.033,1,112269.000,12949,192000,3999.229,120.0,8,29,2,0.00000,0.00000,0.00000,0.00000,0.00000
112.033,2,111765.000,180754,192000,3999.292,120.0,8,28,2,0.00000,0.00000,0.00000,0.00000,0.00000
112.135,0,112119.000,5748,192000,3999.250,120.0,8,29,2,0.08380,0.00000,0.08380,0.00000,0.00000
112.135,1,112372.000,17856,192000,0.000,120.0,8,29,2,0.00000,0.00000,0.00000,0.00000,0.00000
112.135,2,111867.000,185639,192000,3999.521,120.0,8,28,2,0.00000,0.00000,0.00000,0.00000,0.00000
112.237,0,112221.000,10653,192000,3999.062,120.0,8,29,2,0.05478,0.00000,0.05478,0.00000,0.00000
112.237,1,112474.000,22773,192000,3999.562,120.0,8,29,2,0.00000,0.00000,0.00000,0.00000,0.00000
112.237,2,111969.000,190533,192000,3999.562,120.0,8,28,2,0.00000,0.00000,0.00000,0.00000,0.00000
112.339,0,112324.000,15565,192000,3999.729,120.0,8,29,2,0.03579,0.00000,0.03579,0.00000,0.00000
112.339,1,112577.000,27696,192000,0.000,120.0,8,29,2,0.00000,0.00000,0.00000,0.00000,0.00000
112.339,2,112071.000,3434,192000,3999.458,120.0,8,29,2,0.10240,0.00000,0.10240,0.00000,0.00000
112.439,0,112424.000,20381,192000,3999.396,120.0,8,29,2,0.02358,0.00000,0.02358,0.00000,0.00000
112.439,1,112677.000,32523,192000,3999.438,120.0,8,29,2,0.00000,0.00000,0.00000,0.00000,0.00000
112.439,2,112171.000,8240,192000,3999.333,120.0,8,29,2,0.06752,0.00000,0.06752,0.00000,0.00000
112.541,0,112525.000,25247,192000,3999.021,120.0,8,29,2,0.01547,0.00000,0.01547,0.00000,0.00000
112.541,1,112779.000,37400,192000,3999.833,120.0,8,29,2,0.00000,0.00000,0.00000,0.00000,0.00000
112.541,2,112272.000,13095,192000,3999.188,120.0,8,29,2,0.04434,0.00000,0.04434,0.00000,0.00000
112.641,0,112626.000,30057,192000,3999.812,120.0,8,29,2,0.01020,0.00000,0.01020,0.00000,0.00000
112.641,1,112879.000,42220,192000,3999.417,120.0,8,29,2,0.00000,0.00000,0.00000,0.00000,0.00000
112.641,2,112372.000,17894,192000,3999.208,120.0,8,29,2,0.02925,0.00000,0.02925,0.00000,0.00000
112.742,0,112727.000,34920,192000,3999.500,120.0,8,29,2,0.00669,0.00000,0.00669,0.00000,0.00000
112.742,1,112981.000,47094,192000,3999.875,120.0,8,29,2,0.00000,0.00000,0.00000,0.00000,0.00000
112.742,2,112473.000,22745,192000,3999.146,120.0,8,29,2,0.01922,0.00000,0.01922,0.00000,0.00000
112.845,0,112830.000,39844,192000,3999.917,120.0,8,29,2,0.00437,0.00000,0.00437,0.00000,0.00000
112.845,1,113083.000,52029,192000,3999.062,120.0,8,29,2,0.00000,0.00000,0.00000,0.00000,0.00000
112.845,2,112576.000,27659,192000,3999.771,120.0,8,29,2,0.01255,0.00000,0.01255,0.00000,0.00000
112.945,0,112930.000,44673,192000,3999.312,120.0,8,29,2,0.00287,0.00000,0.00287,0.00000,0.00000
112.945,1,113184.000,56869,192000,3999.229,120.0,8,29,2,0.00000,0.00000,0.00000,0.00000,0.00000
112.945,2,112676.000,32477,192000,3999.396,120.0,8,29,2,0.00827,0.00000,0.00827,0.00000,0.00000
113.047,0,113032.000,49566,192000,3999.375,120.0,8,29,2,0.00188,0.00000,0.00188,0.00000,0.00000
113.047,1,113286.000,61773,192000,3999.062,120.0,8,29,2,0.00000,0.00000,0.00000,0.00000,0.00000
113.047,2,112778.000,37359,192000,3999.688,120.0,8,29,2,0.00542,0.00000,0.00542,0.00000,0.00000
113.149,0,113134.000,54446,192000,3999.708,120.0,8,29,2,0.00123,0.00000,0.00123,0.00000,0.00000
113.149,1,113388.000,66664,192000,3999.167,120.0,8,29,2,0.00000,0.00000,0.00000,0.00000,0.00000
113.149,2,112879.000,42228,192000,3999.250,120.0,8,29,2,0.00355,0.00000,0.00355,0.00000,0.00000
113.252,0,113236.000,59373,192000,3999.062,120.0,8,29,2,0.00080,0.00000,0.00080,0.00000,0.00000
113.252,1,113491.000,71603,192000,3999.271,120.0,8,29,2,0.00000,0.00000,0.00000,0.00000,0.00000
113.252,2,112982.000,47144,192000,3999.833,120.0,8,29,2,0.00232,0.00000,0.00232,0.00000,0.00000
113.353,0,113338.000,64241,192000,3999.646,120.0,8,29,2,0.00053,0.00000,0.00053,0.00000,0.00000
113.353,1,113593.000,76481,192000,3999.646,120.0,8,29,2,0.00000,0.00000,0.00000,0.00000,0.00000
113.353,2,113083.000,52001,192000,3999.646,120.0,8,29,2,0.00152,0.00000,0.00152,0.00000,0.00000
113.456,0,113441.000,69180,192000,3999.750,120.0,8,29,2,0.00034,0.00000,0.00034,0.00000,0.00000
113.456,1,113696.000,81431,192000,3999.521,120.0,8,29,2,0.00000,0.00000,0.00000,0.00000,0.00000
113.456,2,113186.000,56928,192000,0.000,120.0,8,29,2,0.00099,0.00000,0.00099,0.00000,0.00000
113.559,0,113543.000,74099,192000,3999.271,120.0,8,29,2,0.00022,0.00000,0.00022,0.00000,0.00000
113.559,1,113799.000,86362,192000,3999.792,120.0,8,29,2,0.00000,0.00000,0.00000,0.00000,0.00000
113.559,2,113288.000,61837,192000,3999.729,120.0,8,29,2,0.00065,0.00000,0.00065,0.00000,0.00000
113.660,0,113644.000,78951,192000,3999.188,120.0,8,29,2,0.00015,0.00000,0.00015,0.00000,0.00000
113.660,1,113900.000,91225,192000,3999.479,120.0,8,29,2,0.00000,0.00000,0.00000,0.00000,0.00000
113.660,2,113389.000,66678,192000,3999.875,120.0,8,29,2,0.00043,0.00000,0.00043,0.00000,0.00000
113.762,0,113747.000,83874,192000,3999.625,120.0,8,29,2,0.00010,0.00000,0.00010,0.00000,0.00000
113.762,1,114003.000,96159,192000,3999.688,120.0,8,29,2,0.00000,0.00000,0.00000,0.00000,0.00000
113.762,2,113491.000,71590,192000,3999.542,120.0,8,29,2,0.00028,0.00000,0.00028,0.00000,0.00000
113.863,0,113847.000,88701,192000,3999.062,120.0,8,29,2,0.00006,0.00000,0.00006,0.00000,0.00000
113.863,1,114104.000,100997,192000,3999.896,120.0,8,29,2,0.00000,0.00000,0.00000,0.00000,0.00000
113.863,2,113591.000,76406,192000,3999.208,120.0,8,29,2,0.00018,0.00000,0.00018,0.00000,0.00000
113.965,0,113950.000,93603,192000,3999.938,120.0,8,29,2,0.00004,0.00000,0.00004,0.00000,0.00000
113.965,1,114206.000,105910,192000,3999.542,120.0,8,29,2,0.00000,0.00000,0.00000,0.00000,0.00000
113.965,2,113693.000,81297,192000,3999.312,120.0,8,29,2,0.00012,0.00000,0.00012,0.00000,0.00000
114.066,0,114051.000,98454,192000,3999.875,120.0,8,29,2,0.00003,0.00000,0.00003,0.00000,0.00000
114.066,1,114307.000,110771,192000,3999.271,120.0,8,29,2,0.00000,0.00000,0.00000,0.00000,0.00000
114.066,2,113794.000,86136,192000,3999.500,120.0,8,29,2,0.00008,0.00000,0.00008,0.00000,0.00000
114.167,0,114151.000,103294,192000,3999.042,120.0,8,29,2,0.00002,0.00000,0.00002,0.00000,0.00000
114.167,1,114408.000,115623,192000,3999.188,120.0,8,29,2,0.00000,0.00000,0.00000,0.00000,0.00000
114.167,2,113895.000,90966,192000,3999.875,120.0,8,29,2,0.00005,0.00000,0.00005,0.00000,0.00000
114.268,0,114252.000,108142,192000,3999.042,120.0,8,29,2,0.00001,0.00000,0.00001,0.00000,0.00000
114.268,1,114510.000,120481,192000,3999.979,120.0,8,29,2,0.00000,0.00000,0.00000,0.00000,0.00000
114.268,2,113995.000,95803,192000,3999.104,120.0,8,29,2,0.00003,0.00000,0.00003,0.00000,0.00000
114.369,0,114354.000,112999,192000,3999.854,120.0,8,29,2,0.00001,0.00000,0.00001,0.00000,0.00000
114.369,1,114611.000,125349,192000,3999.562,120.0,8,29,2,0.00000,0.00000,0.00000,0.00000,0.00000
114.369,2,114096.000,100649,192000,3999.146,120.0,8,29,2,0.00002,0.00000,0.00002,0.00000,0.00000
114.470,0,114454.000,117831,192000,3999.188,120.0,8,29,2,0.00001,0.00000,0.00001,0.00000,0.00000
114.470,1,114712.000,130192,192000,3999.667,120.0,8,29,2,0.00000,0.00000,0.00000,0.00000,0.00000
114.470,2,114197.000,105470,192000,3999.708,120.0,8,29,2,0.00001,0.00000,0.00001,0.00000,0.00000
114.571,0,114556.000,122702,192000,3999.708,120.0,8,29,2,0.00000,0.00000,0.00000,0.00000,0.00000
114.571,1,114814.000,135074,192000,3999.958,120.0,8,29,2,0.00000,0.00000,0.00000,0.00000,0.00000
114.571,2,114298.000,110330,192000,3999.458,120.0,8,29,2,0.00001,0.00000,0.00001,0.00000,0.00000
114.673,0,114658.000,127613,192000,3999.396,120.0,8,29,2,0.00000,0.00000,0.00000,0.00000,0.00000
114.673,1,114916.000,139995,192000,3999.438,120.0,8,29,2,0.00000,0.00000,0.00000,0.00000,0.00000
114.673,2,114400.000,115230,192000,3999.375,120.0,8,29,2,0.00001,0.00000,0.00001,0.00000,0.00000
114.774,0,114759.000,132445,192000,3999.729,120.0,8,29,2,0.00000,0.00000,0.00000,0.00000,0.00000
114.774,1,115017.000,144839,192000,3999.521,120.0,8,29,2,0.00000,0.00000,0.00000,0.00000,0.00000
114.774,2,114501.000,120051,192000,3999.938,120.0,8,29,2,0.00000,0.00000,0.00000,0.00000,0.00000
114.877,0,114862.000,137385,192000,3999.812,120.0,8,29,2,0.00000,0.00000,0.00000,0.00000,0.00000
114.877,1,115120.000,149790,192000,3999.375,120.0,8,29,2,0.00000,0.00000,0.00000,0.00000,0.00000
114.877,2,114603.000,124980,192000,3999.250,120.0,8,29,2,0.00000,0.00000,0.00000,0.00000,0.00000
114.977,0,114962.000,142193,192000,3999.646,120.0,8,29,2,0.00000,0.00000,0.00000,0.00000,0.00000
114.977,1,115221.000,154608,192000,0.000,120.0,8,29,2,0.00000,0.00000,0.00000,0.00000,0.00000
114.977,2,114703.000,129777,192000,3999.312,120.0,8,29,2,0.00000,0.00000,0.00000,0.00000,0.00000
115.078,0,115063.000,147040,192000,3999.667,120.0,8,29,2,0.00000,0.00000,0.00000,0.00000,0.00000
115.078,1,115322.000,159466,192000,3999.792,120.0,8,29,2,0.00000,0.00000,0.00000,0.00000,0.00000
115.078,2,114804.000,134613,192000,3999.562,120.0,8,29,2,0.00000,0.00000,0.00000,0.00000,0.00000
115.180,0,115165.000,151926,192000,3999.875,120.0,8,29,2,0.00000,0.00000,0.00000,0.00000,0.00000
115.180,1,115424.000,164364,192000,3999.750,120.0,8,29,2,0.00000,0.00000,0.00000,0.00000,0.00000
115.180,2,114906.000,139489,192000,3999.979,120.0,8,29,2,0.00000,0.00000,0.00000,0.00000,0.00000
115.282,0,115266.000,156814,192000,3999.042,120.0,8,29,2,0.00000,0.00000,0.00000,0.00000,0.00000
115.282,1,115526.000,169263,192000,3999.688,120.0,8,29,2,0.00000,0.00000,0.00000,0.00000,0.00000
115.282,2,115007.000,144366,192000,3999.375,120.0,8,29,2,0.00000,0.00000,0.00000,0.00000,0.00000
115.384,0,115369.000,161719,192000,3999.854,120.0,8,29,2,0.00000,0.00000,0.00000,0.00000,0.00000
115.384,1,115628.000,174179,192000,3999.271,120.0,8,29,2,0.00000,0.00000,0.00000,0.00000,0.00000
115.384,2,115109.000,149260,192000,3999.417,120.0,8,29,2,0.00000,0.00000,0.00000,0.00000,0.00000
115.485,0,115470.000,166586,192000,3999.458,120.0,8,29,2,0.00000,0.00000,0.00000,0.00000,0.00000
115.485,1,115730.000,179057,192000,3999.646,120.0,8,29,2,0.00000,0.00000,0.00000,0.00000,0.00000
115.485,2,115210.000,154116,192000,3999.250,120.0,8,29,2,0.00000,0.00000,0.00000,0.00000,0.00000
115.587,0,115572.000,171460,192000,3999.917,120.0,8,29,2,0.00000,0.00000,0.00000,0.00000,0.00000
115.587,1,115832.000,183942,192000,3999.875,120.0,8,29,2,0.00000,0.00000,0.00000,0.00000,0.00000
115.587,2,115312.000,158979,192000,3999.938,120.0,8,29,2,0.00000,0.00000,0.00000,0.00000,0.00000
115.688,0,115673.000,176326,192000,3999.542,120.0,8,29,2,0.00000,0.00000,0.00000,0.00000,0.00000
115.688,1,115933.000,188818,192000,3999.292,120.0,8,29,2,0.00000,0.00000,0.00000,0.00000,0.00000
115.688,2,115413.000,163833,192000,3999.812,120.0,8,29,2,0.00000,0.00000,0.00000,0.00000,0.00000
115.790,0,115775.000,181218,192000,3999.625,120.0,8,29,2,0.00000,0.00000,0.00000,0.00000,0.00000
115.790,1,116035.000,1721,192000,3999.146,120.0,8,30,2,0.11871,0.11871,0.11837,0.00000,0.00000
115.790,2,115514.000,168714,192000,3999.125,120.0,8,29,2,0.00000,0.00000,0.00000,0.00000,0.00000
115.892,0,115876.000,186090,192000,3999.125,120.0,8,29,2,0.00000,0.00000,0.00000,0.00000,0.00000
115.892,1,116137.000,6604,192000,3999.417,120.0,8,30,2,0.07776,0.07776,0.07754,0.00000,0.00000
115.892,2,115616.000,173575,192000,3999.854,120.0,8,29,2,0.00000,0.00000,0.00000,0.00000,0.00000
115.994,0,115979.000,191016,192000,3999.500,120.0,8,29,2,0.00000,0.00000,0.00000,0.00000,0.00000
115.994,1,116240.000,11541,192000,3999.562,120.0,8,30,2,0.05070,0.05070,0.05055,0.00000,0.00000
115.994,2,115718.000,178490,192000,3999.458,120.0,8,29,2,0.00000,0.00000,0.00000,0.00000,0.00000
116.097,0,116082.000,3944,192000,3999.833,120.0,8,30,2,0.09768,0.09768,0.00000,0.00000,0.00000
116.097,1,116343.000,16481,192000,3999.646,120.0,8,30,2,0.03304,0.03304,0.03295,0.00000,0.00000
116.097,2,115820.000,183407,192000,3999.021,120.0,8,29,2,0.00000,0.00000,0.00000,0.00000,0.00000
116.198,0,116182.000,8773,192000,3999.229,120.0,8,30,2,0.06428,0.06428,0.00000,0.00000,0.00000
116.198,1,116444.000,21320,192000,3999.833,120.0,8,30,2,0.02173,0.02173,0.02167,0.00000,0.00000
116.198,2,115921.000,188225,192000,3999.646,120.0,8,29,2,0.00000,0.00000,0.00000,0.00000,0.00000
116.298,0,116283.000,13595,192000,3999.771,120.0,8,30,2,0.04233,0.04233,0.00000,0.00000,0.00000
116.298,1,116544.000,26154,192000,3999.125,120.0,8,30,2,0.01429,0.01429,0.01425,0.00000,0.00000
116.298,2,116021.000,1037,192000,3999.396,120.0,8,30,2,0.12576,0.12576,0.00000,0.00000,0.00000
116.400,0,116385.000,18485,192000,3999.896,120.0,8,30,2,0.02771,0.02771,0.00000,0.00000,0.00000
116.400,1,116646.000,31054,192000,3999.042,120.0,8,30,2,0.00935,0.00935,0.00932,0.00000,0.00000
116.400,2,116123.000,5916,192000,3999.750,120.0,8,30,2,0.08240,0.08240,0.00000,0.00000,0.00000
116.501,0,116486.000,23351,192000,3999.521,120.0,8,30,2,0.01818,0.01818,0.00000,0.00000,0.00000
116.501,1,116748.000,35931,192000,3999.438,120.0,8,30,2,0.00613,0.00613,0.00611,0.00000,0.00000
116.501,2,116224.000,10770,192000,3999.625,120.0,8,30,2,0.05411,0.05411,0.00000,0.00000,0.00000
116.601,0,116586.000,28158,192000,3999.375,120.0,8,30,2,0.01199,0.01199,0.00000,0.00000,0.00000
116.601,1,116848.000,40749,192000,3999.062,120.0,8,30,2,0.00404,0.00404,0.00402,0.00000,0.00000
116.601,2,116324.000,15566,192000,3999.708,120.0,8,30,2,0.03571,0.03571,0.00000,0.00000,0.00000
116.702,0,116687.000,33001,192000,3999.479,120.0,8,30,2,0.00788,0.00788,0.00000,0.00000,0.00000
116.702,1,116950.000,45603,192000,3999.938,120.0,8,30,2,0.00265,0.00265,0.00264,0.00000,0.00000
116.702,2,116424.000,20399,192000,3999.021,120.0,8,30,2,0.02349,0.02349,0.00000,0.00000,0.00000
116.803,0,116788.000,37833,192000,3999.812,120.0,8,30,2,0.00518,0.00518,0.00000,0.00000,0.00000
116.803,1,117050.000,50446,192000,3999.042,120.0,8,30,2,0.00174,0.00174,0.00174,0.00000,0.00000
116.803,2,116525.000,25220,192000,3999.583,120.0,8,30,2,0.01547,0.01547,0.00000,0.00000,0.00000
116.905,0,116889.000,42716,192000,3999.083,120.0,8,30,2,0.00340,0.00340,0.00000,0.00000,0.00000
116.905,1,117152.000,55340,192000,3999.083,120.0,8,30,2,0.00114,0.00114,0.00114,0.00000,0.00000
116.905,2,116626.000,30093,192000,3999.062,120.0,8,30,2,0.01014,0.01014,0.00000,0.00000,0.00000
117.007,0,116991.000,47613,192000,3999.062,120.0,8,30,2,0.00222,0.00222,0.00000,0.00000,0.00000
117.007,1,117255.000,60247,192000,3999.854,120.0,8,30,2,0.00075,0.00075,0.00074,0.00000,0.00000
117.007,2,116728.000,34978,192000,3999.292,120.0,8,30,2,0.00664,0.00664,0.00000,0.00000,0.00000
117.108,0,117093.000,52469,192000,3999.896,120.0,8,30,2,0.00146,0.00146,0.00000,0.00000,0.00000
117.108,1,117356.000,65115,192000,3999.438,120.0,8,30,2,0.00049,0.00049,0.00049,0.00000,0.00000
117.108,2,116829.000,39823,192000,3999.354,120.0,8,30,2,0.00437,0.00437,0.00000,0.00000,0.00000
117.208,0,117193.000,57282,192000,3999.625,120.0,8,30,2,0.00096,0.00096,0.00000,0.00000,0.00000
117.208,1,117457.000,69939,192000,3999.938,120.0,8,30,2,0.00032,0.00032,0.00032,0.00000,0.00000
117.208,2,116929.000,44625,192000,3999.312,120.0,8,30,2,0.00288,0.00288,0.00000,0.00000,0.00000
117.308,0,117293.000,62084,192000,3999.583,120.0,8,30,2,0.00063,0.00063,0.00000,0.00000,0.00000
117.308,1,117557.000,74751,192000,3999.688,120.0,8,30,2,0.00021,0.00021,0.00021,0.00000,0.00000
117.308,2,117029.000,49416,192000,3999.500,120.0,8,30,2,0.00190,0.00190,0.00000,0.00000,0.00000
117.410,0,117394.000,66959,192000,3999.021,120.0,8,30,2,0.00042,0.00042,0.00000,0.00000,0.00000
117.410,1,117659.000,79637,192000,3999.896,120.0,8,30,2,0.00014,0.00014,0.00014,0.00000,0.00000
117.410,2,117130.000,54280,192000,3999.167,120.0,8,30,2,0.00125,0.00125,0.00000,0.00000,0.00000
117.511,0,117495.000,71798,192000,3999.208,120.0,8,30,2,0.00027,0.00027,0.00000,0.00000,0.00000
117.511,1,117760.000,84488,192000,3999.833,120.0,8,30,2,0.00009,0.00009,0.00009,0.00000,0.00000
117.511,2,117231.000,59109,192000,3999.562,120.0,8,30,2,0.00082,0.00082,0.00000,0.00000,0.00000
117.612,0,117597.000,76667,192000,3999.771,120.0,8,30,2,0.00018,0.00018,0.00000,0.00000,0.00000
117.612,1,117861.000,89367,192000,3999.188,120.0,8,30,2,0.00006,0.00006,0.00006,0.00000,0.00000
117.612,2,117332.000,63966,192000,3999.375,120.0,8,30,2,0.00054,0.00054,0.00000,0.00000,0.00000
117.714,0,117698.000,81542,192000,3999.208,120.0,8,30,2,0.00012,0.00012,0.00000,0.00000,0.00000
117.714,1,117963.000,94253,192000,3999.396,120.0,8,30,2,0.00004,0.00004,0.00004,0.00000,0.00000
117.714,2,117433.000,68831,192000,3999.021,120.0,8,30,2,0.00035,0.00035,0.00000,0.00000,0.00000
117.814,0,117798.000,86347,192000,3999.104,120.0,8,30,2,0.00008,0.00008,0.00000,0.00000,0.00000
117.814,1,118063.000,99069,192000,3999.062,120.0,8,30,2,0.00003,0.00003,0.00003,0.00000,0.00000
117.814,2,117533.000,73625,192000,3999.146,120.0,8,30,2,0.00023,0.00023,0.00000,0.00000,0.00000
117.914,0,117899.000,91168,192000,3999.667,120.0,8,30,2,0.00005,0.00005,0.00000,0.00000,0.00000
117.914,1,118164.000,103900,192000,3999.417,120.0,8,30,2,0.00002,0.00002,0.00002,0.00000,0.00000
117.914,2,117634.000,78435,192000,3999.938,120.0,8,30,2,0.00015,0.00015,0.00000,0.00000,0.00000
118.014,0,117999.000,95975,192000,3999.521,120.0,8,30,2,0.00003,0.00003,0.00000,0.00000,0.00000
118.014,1,118264.000,108719,192000,3999.021,120.0,8,30,2,0.00001,0.00001,0.00001,0.00000,0.00000
118.014,2,117733.000,83231,192000,3999.021,120.0,8,30,2,0.00010,0.00010,0.00000,0.00000,0.00000
118.116,0,118101.000,100859,192000,3999.771,120.0,8,30,2,0.00002,0.00002,0.00000,0.00000,0.00000
118.116,1,118366.000,113613,192000,3999.062,120.0,8,30,2,0.00001,0.00001,0.00001,0.00000,0.00000
118.116,2,117835.000,88104,192000,3999.500,120.0,8,30,2,0.00007,0.00007,0.00000,0.00000,0.00000
118.219,0,118203.000,105781,192000,3999.229,120.0,8,30,2,0.00001,0.00001,0.00000,0.00000,0.00000
118.219,1,118469.000,118547,192000,3999.271,120.0,8,30,2,0.00000,0.00000,0.00000,0.00000,0.00000
118.219,2,117937.000,93015,192000,3999.188,120.0,8,30,2,0.00004,0.00004,0.00000,0.00000,0.00000
118.320,0,118305.000,110641,192000,3999.979,120.0,8,30,2,0.00001,0.00001,0.00000,0.00000,0.00000
118.320,1,118571.000,123418,192000,3999.792,120.0,8,30,2,0.00000,0.00000,0.00000,0.00000,0.00000
118.320,2,118038.000,97865,192000,3999.146,120.0,8,30,2,0.00003,0.00003,0.00000,0.00000,0.00000
118.420,0,118405.000,115460,192000,3999.583,120.0,8,30,2,0.00001,0.00001,0.00000,0.00000,0.00000
118.420,1,118671.000,128248,192000,3999.167,120.0,8,30,2,0.00000,0.00000,0.00000,0.00000,0.00000
118.420,2,118139.000,102673,192000,3999.979,120.0,8,30,2,0.00002,0.00002,0.00000,0.00000,0.00000
118.523,0,118508.000,120385,192000,3999.979,120.0,8,30,2,0.00000,0.00000,0.00000,0.00000,0.00000
118.523,1,118774.000,133183,192000,3999.354,120.0,8,30,2,0.00000,0.00000,0.00000,0.00000,0.00000
118.523,2,118241.000,107586,192000,3999.625,120.0,8,30,2,0.00001,0.00001,0.00000,0.00000,0.00000
118.624,0,118609.000,125258,192000,3999.458,120.0,8,30,2,0.00000,0.00000,0.00000,0.00000,0.00000
118.624,1,118876.000,138068,192000,3999.583,120.0,8,30,2,0.00000,0.00000,0.00000,0.00000,0.00000
118.624,2,118342.000,112449,192000,3999.312,120.0,8,30,2,0.00001,0.00001,0.00000,0.00000,0.00000
118.725,0,118709.000,130067,192000,3999.271,120.0,8,30,2,0.00000,0.00000,0.00000,0.00000,0.00000
118.725,1,118976.000,142888,192000,3999.167,120.0,8,30,2,0.00000,0.00000,0.00000,0.00000,0.00000
118.725,2,118442.000,117247,192000,3999.354,120.0,8,30,2,0.00001,0.00001,0.00000,0.00000,0.00000
118.826,0,118811.000,134931,192000,3999.938,120.0,8,30,2,0.00000,0.00000,0.00000,0.00000,0.00000
118.826,1,119078.000,147762,192000,3999.625,120.0,8,30,2,0.00000,0.00000,0.00000,0.00000,0.00000
118.826,2,118543.000,122099,192000,3999.271,120.0,8,30,2,0.00000,0.00000,0.00000,0.00000,0.00000
118.928,0,118912.000,139818,192000,3999.125,120.0,8,30,2,0.00000,0.00000,0.00000,0.00000,0.00000
118.928,1,119180.000,152661,192000,3999.562,120.0,8,30,2,0.00000,0.00000,0.00000,0.00000,0.00000
118.928,2,118645.000,126976,192000,3999.667,120.0,8,30,2,0.00000,0.00000,0.00000,0.00000,0.00000
119.028,0,119013.000,144627,192000,3999.938,120.0,8,30,2,0.00000,0.00000,0.00000,0.00000,0.00000
119.028,1,119280.000,157480,192000,3999.167,120.0,8,30,2,0.00000,0.00000,0.00000,0.00000,0.00000
119.028,2,118745.000,131774,192000,3999.708,120.0,8,30,2,0.00000,0.00000,0.00000,0.00000,0.00000
119.129,0,119114.000,149495,192000,3999.521,120.0,8,30,2,0.00000,0.00000,0.00000,0.00000,0.00000
119.129,1,119382.000,162359,192000,3999.521,120.0,8,30,2,0.00000,0.00000,0.00000,0.00000,0.00000
119.129,2,118846.000,136631,192000,3999.521,120.0,8,30,2,0.00000,0.00000,0.00000,0.00000,0.00000
119.231,0,119216.000,154393,192000,3999.479,120.0,8,30,2,0.00000,0.00000,0.00000,0.00000,0.00000
119.231,1,119484.000,167268,192000,3999.250,120.0,8,30,2,0.00000,0.00000,0.00000,0.00000,0.00000
119.231,2,118948.000,141517,192000,3999.729,120.0,8,30,2,0.00000,0.00000,0.00000,0.00000,0.00000
119.332,0,119317.000,159245,192000,3999.396,120.0,8,30,2,0.00000,0.00000,0.00000,0.00000,0.00000
119.332,1,119586.000,172131,192000,3999.938,120.0,8,30,2,0.00000,0.00000,0.00000,0.00000,0.00000
119.332,2,119049.000,146359,192000,3999.854,120.0,8,30,2,0.00000,0.00000,0.00000,0.00000,0.00000
119.434,0,119419.000,164120,192000,3999.833,120.0,8,30,2,0.00000,0.00000,0.00000,0.00000,0.00000
119.434,1,119687.000,177017,192000,3999.146,120.0,8,30,2,0.00000,0.00000,0.00000,0.00000,0.00000
119.434,2,119150.000,151223,192000,3999.521,120.0,8,30,2,0.00000,0.00000,0.00000,0.00000,0.00000
119.534,0,119519.000,168934,192000,3999.542,120.0,8,30,2,0.00000,0.00000,0.00000,0.00000,0.00000
119.534,1,119788.000,181842,192000,3999.625,120.0,8,30,2,0.00000,0.00000,0.00000,0.00000,0.00000
119.534,2,119250.000,156026,192000,3999.458,120.0,8,30,2,0.00000,0.00000,0.00000,0.00000,0.00000
119.634,0,119619.000,173739,192000,3999.438,120.0,8,30,2,0.00000,0.00000,0.00000,0.00000,0.00000
119.634,1,119888.000,186658,192000,3999.292,120.0,8,30,2,0.00000,0.00000,0.00000,0.00000,0.00000
119.634,2,119350.000,160820,192000,3999.583,120.0,8,30,2,0.00000,0.00000,0.00000,0.00000,0.00000
119.736,0,119720.000,178602,192000,3999.125,120.0,8,30,2,0.00000,0.00000,0.00000,0.00000,0.00000
119.736,1,119990.000,191532,192000,3999.750,120.0,8,30,2,0.00000,0.00000,0.00000,0.00000,0.00000
119.736,2,119451.000,165673,192000,3999.479,120.0,8,30,2,0.00000,0.00000,0.00000,0.00000,0.00000
119.838,0,119823.000,183521,192000,3999.646,120.0,8,30,2,0.00000,0.00000,0.00000,0.00000,0.00000
119.838,1,120092.000,4461,192000,3999.062,120.0,8,31,2,0.00000,0.00000,0.00000,0.00000,0.00000
119.838,2,119553.000,170580,192000,3999.250,120.0,8,30,2,0.00000,0.00000,0.00000,0.00000,0.00000
119.939,0,119924.000,188373,192000,3999.562,120.0,8,30,2,0.00000,0.00000,0.00000,0.00000,0.00000
119.939,1,120194.000,9324,192000,3999.750,120.0,8,31,2,0.00000,0.00000,0.00000,0.00000,0.00000
119.939,2,119654.000,175421,192000,3999.396,120.0,8,30,2,0.00000,0.00000,0.00000,0.00000,0.00000
